Item,Category,Supplier,Chain OH,Wk Velocity,WOS,Cost,Retail,Club Price,Margin %,Deal,30D Units,90D Units,By Store OH
Coors Light 24pk 12oz can,Premium,"Breakthru Beverage Minnesota Beer, LLC",1514,499.1,3.0,19.43,23.99,20.96,19,,2222,6042,Minnetonka:5;Roseville:40;Rosemount:60;Bloomington:63;Stillwater:72;Plymouth:89;St. Louis Park:110;Woodbury:111;Chanhassen:111;Cottage Grove:119;Osseo:135;Andover:193;Ramsey:194;Minneapolis:217
Coors Light 24pk 16oz can,Premium,"Breakthru Beverage Minnesota Beer, LLC",971,488.1,2.0,21.49,23.99,20.96,10,,2139,6065,Minnetonka:3;Rosemount:21;Stillwater:42;Vadnais Heights:51;Minneapolis:58;Roseville:68;St. Louis Park:70;Ramsey:72;Plymouth:76;Blaine:99;Woodbury:100;Bloomington:102;Andover:122;Cottage Grove:151
Busch Light 24pk 12oz can,Below Premium,,1227,380.1,3.2,18.61,22.99,19.96,19,,1689,4616,Minnetonka:4;Plymouth:49;Roseville:53;Chanhassen:53;Stillwater:64;Vadnais Heights:66;Cottage Grove:74;St. Louis Park:81;Woodbury:88;Blaine:92;Rosemount:112;Osseo:114;Ramsey:116;Minneapolis:117;Andover:145
Michelob Golden Light 24pk 12oz can,Premium,,1261,379.4,3.3,19.71,23.99,20.96,18,,1681,4630,Minnetonka:3;Minneapolis:21;Chanhassen:34;Blaine:51;Bloomington:56;Plymouth:57;Andover:67;Rosemount:71;Roseville:80;Woodbury:80;Ramsey:95;Stillwater:96;Osseo:120;Cottage Grove:122;Vadnais Heights:142;St. Louis Park:166
Michelob Ultra 24pk 12oz can,Super Premium,,1319,356.4,3.7,21.47,26.99,22.96,20,,1550,4482,Minnetonka:6;St. Louis Park:16;Stillwater:25;Vadnais Heights:25;Osseo:26;Plymouth:52;Ramsey:53;Chanhassen:67;Minneapolis:69;Cottage Grove:76;Rosemount:82;Roseville:101;Blaine:103;Bloomington:108;Woodbury:254;Andover:256
Surfside Variety #2 8pk 12oz can,RTD,"College City Beverage, Inc.",786,315.2,2.5,14.29,21.99,18.96,35,,1462,3553,Minnetonka:7;Osseo:14;Blaine:17;Cottage Grove:19;Stillwater:24;Ramsey:27;Bloomington:30;Vadnais Heights:32;Woodbury:34;Chanhassen:38;Plymouth:45;Rosemount:46;Andover:61;St. Louis Park:105;Roseville:105;Minneapolis:182
Coors Light 12pk 12oz can,Premium,,490,224.7,2.2,11.26,14.99,12.96,25,,983,2799,Osseo:22;Minnetonka:6;Bloomington:11;Rosemount:15;Roseville:16;Vadnais Heights:20;Stillwater:20;Ramsey:22;Chanhassen:26;Andover:31;St. Louis Park:34;Plymouth:37;Woodbury:44;Cottage Grove:58;Minneapolis:62;Blaine:66
Miller Lite 24pk 12oz can,Premium,"Breakthru Beverage Minnesota Beer, LLC",1230,211.4,5.8,19.48,23.99,19.96,19,,936,2582,Minnetonka:5;Rosemount:12;Vadnais Heights:20;Plymouth:25;Roseville:34;St. Louis Park:48;Chanhassen:69;Ramsey:84;Stillwater:85;Osseo:89;Blaine:90;Woodbury:94;Bloomington:106;Andover:112;Cottage Grove:159;Minneapolis:198
White Claw Black Cherry 12pk 12oz can,Seltzer,"Breakthru Beverage Minnesota Beer, LLC",614,204.3,3.0,14.08,18.99,15.96,26,,875,2628,Plymouth:10;Roseville:13;Stillwater:15;Cottage Grove:16;Bloomington:24;Rosemount:24;Chanhassen:28;St. Louis Park:30;Osseo:33;Woodbury:41;Vadnais Heights:56;Minneapolis:70;Ramsey:71;Andover:87;Blaine:99
Michelob Golden Light 24pk 16oz can,Premium,,637,202.6,3.1,21.6,26.99,22.96,20,,887,2520,Bloomington:9;Osseo:11;Plymouth:16;Chanhassen:27;Vadnais Heights:29;Roseville:34;Stillwater:36;Ramsey:50;Andover:54;Cottage Grove:58;Rosemount:62;Woodbury:81;Minneapolis:90;Blaine:92
Cutwater Lemon Drop 4pk 12oz can,RTD,"Capitol Beverage Sales, L.P.",367,196.7,1.9,6.2,9.24,6.46,33,,904,2254,Plymouth:2;Stillwater:3;Minnetonka:8;Roseville:9;St. Louis Park:11;Blaine:14;Woodbury:16;Vadnais Heights:17;Rosemount:21;Osseo:25;Cottage Grove:26;Chanhassen:30;Ramsey:33;Andover:34;Bloomington:48;Minneapolis:65
Coors Light 6pk 16oz can,Premium,,414,192.7,2.1,5.41,8.99,7.96,40,,829,2465,Plymouth:40;Chanhassen:3;Minnetonka:11;Cottage Grove:15;Osseo:17;Roseville:20;Bloomington:27;Rosemount:31;Blaine:32;Andover:37;Ramsey:41;St. Louis Park:47;Minneapolis:98
White Claw Variety Pack #1 12pk 12oz can,Seltzer,,530,175.1,3.0,14.05,18.99,15.96,26,,742,2289,Rosemount:34;Minnetonka:2;Plymouth:6;Osseo:12;Chanhassen:14;Roseville:17;Bloomington:18;Stillwater:18;Cottage Grove:34;St. Louis Park:41;Ramsey:55;Andover:61;Blaine:84;Minneapolis:136
White Claw Variety Pack #3 12pk 12oz can,Seltzer,,492,162.8,3.0,13.91,18.99,15.96,27,,682,2165,Osseo:4;Plymouth:13;Rosemount:27;St. Louis Park:37;Ramsey:50;Andover:50;Blaine:70;Minnetonka:2;Chanhassen:3;Stillwater:11;Roseville:14;Woodbury:28;Bloomington:29;Vadnais Heights:31;Cottage Grove:37;Minneapolis:86
Sun Cruiser Vodka Lemonade Variety 8pk 12oz can,RTD,,362,162.8,2.2,14.74,21.99,16.96,33,,669,2222,Bloomington:4;Rosemount:4;Roseville:6;Minnetonka:7;Osseo:8;Ramsey:10;Chanhassen:11;St. Louis Park:17;Plymouth:18;Stillwater:20;Vadnais Heights:23;Blaine:31;Andover:34;Woodbury:35;Cottage Grove:40;Minneapolis:94
Miller Lite 24pk 16oz can,Premium,Bernicks,674,162.0,4.2,21.43,23.99,20.96,11,,727,1935,Minnetonka:3;Plymouth:11;Bloomington:12;Rosemount:17;Osseo:19;Vadnais Heights:28;Roseville:29;Ramsey:30;Stillwater:33;Minneapolis:41;St. Louis Park:49;Woodbury:50;Andover:87;Blaine:94;Cottage Grove:172
Michelob Ultra 12pk 12oz can,Super Premium,,396,157.2,2.5,12.16,14.99,12.96,19,,680,1992,Minnetonka:7;Minneapolis:12;Plymouth:16;St. Louis Park:21;Ramsey:27;Chanhassen:29;Vadnais Heights:29;Andover:29;Blaine:29;Bloomington:34;Roseville:38;Osseo:40;Cottage Grove:7;Rosemount:19;Woodbury:21;Stillwater:38
Keystone Apple 15pk 12oz can,Value,"Breakthru Beverage Minnesota Beer, LLC",717,156.4,4.6,9.27,12.99,,29,,858,1165,Ramsey:1;Blaine:8;Roseville:11;Bloomington:23;Cottage Grove:24;Woodbury:26;Andover:27;Minneapolis:597
Corona Extra 12pk 12oz btl,Import,"Breakthru Beverage Minnesota Beer, LLC",676,155.4,4.3,13.34,18.99,15.96,30,,657,2040,Minnetonka:4;Stillwater:12;Plymouth:25;Vadnais Heights:26;Andover:35;Osseo:36;Bloomington:39;Cottage Grove:43;St. Louis Park:44;Roseville:45;Rosemount:55;Woodbury:60;Blaine:85;Minneapolis:85;Ramsey:100
Cutwater Lime Margarita 4pk 12oz can,RTD,,625,145.0,4.3,9.05,13.99,11.96,35,,640,1780,Stillwater:8;Cottage Grove:17;Chanhassen:23;Woodbury:27;Rosemount:51;Minneapolis:82;Minnetonka:5;Plymouth:9;Osseo:17;Bloomington:24;Vadnais Heights:25;Blaine:29;Roseville:40;St. Louis Park:40;Andover:90;Ramsey:132
Carbliss Variety Pack 8pk 12oz can,RTD,"Capitol Beverage Sales, L.P.",578,142.4,4.1,14.67,22.49,18.96,35,,619,1793,Vadnais Heights:1;Minnetonka:6;Stillwater:13;Osseo:13;St. Louis Park:18;Chanhassen:19;Bloomington:25;Ramsey:46;Roseville:54;Rosemount:64;Cottage Grove:70;Plymouth:75;Andover:90;Blaine:101;Woodbury:171
Modelo Especial 12pk 12oz can,Import,,603,140.4,4.3,13.32,16.99,15.96,22,,593,1844,Minneapolis:134;Minnetonka:2;Bloomington:8;Stillwater:11;Chanhassen:13;Vadnais Heights:20;Rosemount:25;Plymouth:30;Woodbury:32;Ramsey:35;Blaine:42;Cottage Grove:42;Osseo:45;St. Louis Park:52;Andover:53;Roseville:59
Modelo Especial 24pk 12oz can,Import,"Breakthru Beverage Minnesota Beer, LLC",370,137.5,2.7,22.68,28.99,21.96,22,,602,1710,Minnetonka:1;St. Louis Park:6;Stillwater:12;Roseville:13;Cottage Grove:14;Chanhassen:18;Blaine:18;Rosemount:20;Plymouth:31;Woodbury:32;Minneapolis:35;Osseo:37;Andover:38;Ramsey:47;Bloomington:62
Hamm's 30pk 12oz can,Below Premium,"Hohensteins, Inc.",310,133.3,2.3,15.98,20.99,17.96,24,,611,1536,Minnetonka:1;Plymouth:2;Woodbury:9;Roseville:11;Andover:15;Blaine:15;Stillwater:16;Minneapolis:19;Vadnais Heights:20;Ramsey:21;Rosemount:22;Chanhassen:22;Osseo:27;Bloomington:32;Cottage Grove:32;St. Louis Park:46
Modelo Especial 12pk 12oz btl,Import,"Breakthru Beverage Minnesota Beer, LLC",534,124.4,4.3,13.35,16.99,15.96,21,,524,1639,Minnetonka:5;Vadnais Heights:6;Stillwater:15;Woodbury:17;Plymouth:21;Rosemount:23;Osseo:25;Andover:30;Bloomington:43;St. Louis Park:44;Cottage Grove:44;Blaine:49;Roseville:52;Ramsey:58;Minneapolis:105
Mystery Beer 24pk,Economy,"Breakthru Beverage Minnesota Beer, LLC",-415,118.3,-3.5,9.0,14.99,12.96,40,,537,1386,Rosemount:1;Cottage Grove:6;Bloomington:10;Vadnais Heights:12
Michelob Golden Light 12pk 12oz can,Premium,,283,116.8,2.4,11.3,15.99,12.96,29,,509,1465,Minnetonka:3;Osseo:5;Vadnais Heights:12;Ramsey:15;Bloomington:16;St. Louis Park:16;Chanhassen:19;Roseville:19;Plymouth:25;Minneapolis:27;Blaine:44;Cottage Grove:16;Stillwater:21;Rosemount:26;Woodbury:28
Busch Light 24pk 16oz can,Below Premium,,414,111.2,3.7,20.39,26.99,22.96,24,,494,1350,Minnetonka:1;Chanhassen:5;Bloomington:7;Osseo:10;Roseville:11;Stillwater:13;Ramsey:26;Andover:26;Cottage Grove:26;Minneapolis:31;Vadnais Heights:46;Woodbury:58;Rosemount:62;Blaine:92
Surfside Strawberry Lemonade 24oz can,RTD,"Capitol Beverage Sales, L.P.",192,109.2,1.8,1.94,3.49,2.96,44,,242,2422,Plymouth:1;Ramsey:1;Roseville:1;Chanhassen:5;Woodbury:21;Blaine:25;Minneapolis:174
White Claw Variety Pack  #2 12pk 12oz can,Seltzer,,550,108.3,5.1,13.88,18.99,15.96,27,,458,1420,Rosemount:17;St. Louis Park:42;Andover:57;Blaine:94;Minnetonka:3;Plymouth:7;Stillwater:10;Vadnais Heights:17;Cottage Grove:18;Chanhassen:20;Osseo:22;Roseville:26;Bloomington:37;Ramsey:39;Woodbury:64;Minneapolis:77
Surfside Variety #1 8pk 12oz can,RTD,"College City Beverage, Inc.",414,104.7,4.0,15.0,21.99,18.96,32,,461,1292,Minnetonka:6;Woodbury:8;Cottage Grove:9;Osseo:13;Bloomington:14;Rosemount:14;Chanhassen:22;Blaine:22;Minneapolis:25;Ramsey:27;Plymouth:34;Vadnais Heights:36;Stillwater:36;St. Louis Park:43;Roseville:48;Andover:57
White Claw Variety Pack 24pk 12oz can,Seltzer,,569,104.1,5.5,25.87,34.99,29.96,26,,458,1284,Roseville:12;Bloomington:14;Plymouth:19;Osseo:20;Rosemount:30;Blaine:32;Cottage Grove:44;Woodbury:55;Ramsey:68;Andover:108;Minneapolis:167
Sun Cruiser Vodka Variety 8pk 12oz can,RTD,,493,100.5,4.9,14.68,21.99,16.96,33,,401,1427,Plymouth:11;Osseo:14;Stillwater:14;Bloomington:16;Vadnais Heights:17;Chanhassen:18;Roseville:24;Blaine:28;Andover:87;Minneapolis:139;Minnetonka:2;St. Louis Park:10;Ramsey:16;Woodbury:23;Rosemount:25;Cottage Grove:49
Busch Light 12pk 12oz can,Below Premium,,234,97.4,2.4,10.61,14.99,12.96,29,,427,1208,Minnetonka:1;Osseo:3;St. Louis Park:7;Blaine:7;Bloomington:10;Chanhassen:10;Andover:13;Ramsey:17;Plymouth:20;Minneapolis:25;Vadnais Heights:27;Roseville:33;Cottage Grove:6;Rosemount:15;Woodbury:20;Stillwater:20
Busch Light Lime 24pk 12oz can,Premium,"College City Beverage, Inc.",179,95.8,1.9,11.78,23.99,,51,,458,1018,Roseville:1;Chanhassen:1;Woodbury:2;Plymouth:13;Andover:52;Ramsey:113
Surly Furious 12pk 12oz can,Craft,,416,95.5,4.4,15.37,23.99,16.96,36,,405,1247,Minnetonka:6;Vadnais Heights:7;Stillwater:13;Bloomington:28;Rosemount:30;Chanhassen:32;Roseville:32;Cottage Grove:33;Woodbury:38;St. Louis Park:68;Osseo:3;Plymouth:17;Minneapolis:30;Andover:30;Blaine:51
Coors Light 15pk 16oz can,Premium,Dahlheimer Beverage Monticello,195,94.1,2.1,18.03,23.99,20.96,25,,391,1265,Minnetonka:2;Bloomington:5;Chanhassen:5;Ramsey:6;Cottage Grove:7;Osseo:7;Stillwater:8;Plymouth:9;Roseville:10;Rosemount:11;St. Louis Park:13;Blaine:14;Minneapolis:22;Woodbury:22;Andover:58
White Claw Surge Variety Pack 12pk 12oz can,Seltzer,,290,88.8,3.3,13.94,18.99,15.96,27,,387,1112,Plymouth:8;Osseo:10;Blaine:17;Rosemount:22;Ramsey:27;Andover:39;Minnetonka:1;Bloomington:11;Roseville:13;St. Louis Park:13;Stillwater:15;Woodbury:16;Chanhassen:16;Vadnais Heights:22;Minneapolis:28;Cottage Grove:32
Cutwater White Russian 4pk 12oz can,RTD,"Capitol Beverage Sales, L.P.",402,85.5,4.7,9.9,13.99,11.96,29,,401,944,Minnetonka:3;Stillwater:3;Osseo:5;Bloomington:13;Vadnais Heights:18;Rosemount:19;St. Louis Park:20;Woodbury:21;Blaine:22;Cottage Grove:23;Ramsey:26;Roseville:35;Plymouth:35;Minneapolis:45;Andover:112
Kona Big Wave Golden Ale 12pk 12oz can,Craft,,431,85.5,5.0,12.87,19.99,16.96,36,,355,1150,Minneapolis:3;Minnetonka:4;Plymouth:10;Bloomington:13;Osseo:14;Roseville:17;Chanhassen:17;Vadnais Heights:23;Ramsey:23;St. Louis Park:36;Blaine:47;Andover:52;Stillwater:12;Rosemount:27;Cottage Grove:27;Woodbury:106
Michelob Golden Light 12pk 12oz btl,Premium,,267,84.6,3.2,11.28,15.99,13.96,29,,368,1063,Minnetonka:3;St. Louis Park:10;Andover:13;Bloomington:14;Chanhassen:15;Plymouth:16;Vadnais Heights:17;Minneapolis:25;Roseville:27;Osseo:27;Blaine:32;Cottage Grove:13;Stillwater:14;Rosemount:19;Woodbury:22
War Pigs Foggy Geezer 12pk 12oz can,Craft,"College City Beverage, Inc.",373,83.2,4.5,15.8,23.99,19.96,34,,358,1064,Minnetonka:4;St. Louis Park:5;Ramsey:8;Stillwater:10;Vadnais Heights:13;Chanhassen:13;Bloomington:19;Osseo:20;Cottage Grove:21;Minneapolis:23;Plymouth:24;Rosemount:26;Andover:53;Roseville:60;Blaine:74
Miller Lite 12pk 12oz can,Premium,Bernicks,192,83.0,2.3,11.3,14.99,13.46,25,,355,1069,Minnetonka:1;Rosemount:1;Osseo:4;Chanhassen:7;Blaine:7;Plymouth:9;Roseville:12;St. Louis Park:16;Vadnais Heights:18;Ramsey:19;Stillwater:21;Woodbury:24;Bloomington:25;Minneapolis:40
Bud Light 24pk 12oz can,Premium,,455,82.1,5.5,19.67,22.99,20.96,14,,343,1096,Minnetonka:2;Ramsey:4;Bloomington:14;Stillwater:14;Rosemount:14;Vadnais Heights:21;Chanhassen:23;Osseo:29;Cottage Grove:30;Plymouth:37;Roseville:38;Blaine:39;St. Louis Park:46;Andover:65;Woodbury:82
Coors Light 9pk 16oz can,Premium,Dahlheimer Beverage Monticello,155,80.5,1.9,11.21,14.99,13.96,25,,358,975,Minnetonka:3;St. Louis Park:5;Woodbury:7;Plymouth:8;Stillwater:8;Roseville:9;Vadnais Heights:12;Rosemount:14;Andover:14;Osseo:16;Minneapolis:20;Cottage Grove:20;Blaine:37
Michelob Golden Light 6pk 16oz can,Premium,,454,79.6,5.7,5.47,8.99,8.46,39,,344,1009,Minnetonka:7;Rosemount:7;Plymouth:11;Osseo:11;Andover:21;Chanhassen:23;Vadnais Heights:28;Ramsey:32;Blaine:33;Roseville:47;Bloomington:60;St. Louis Park:253
Carbliss Black Raspberry 4pk 12oz can,RTD,"Capitol Beverage Sales, L.P.",413,78.4,5.3,8.83,13.79,11.96,36,,345,966,Minnetonka:4;Chanhassen:7;Stillwater:7;Roseville:8;Osseo:10;Blaine:17;Bloomington:19;Woodbury:22;Ramsey:25;Rosemount:38;Minneapolis:38;Cottage Grove:42;Plymouth:54;Vadnais Heights:62;Andover:78
Corona Extra 6pk 12oz btl,Import,"Breakthru Beverage Minnesota Beer, LLC",192,76.1,2.5,7.06,11.49,9.96,39,,315,1030,Minnetonka:2;Chanhassen:4;Vadnais Heights:6;Stillwater:7;Rosemount:9;Woodbury:11;Plymouth:13;Bloomington:14;Andover:14;Ramsey:17;St. Louis Park:25;Minneapolis:25;Blaine:26;Cottage Grove:28
Miller Lite 6pk 16oz can,Premium,Bernicks,174,75.1,2.3,5.46,8.99,7.96,39,,328,937,Chanhassen:3;St. Louis Park:4;Andover:6;Minnetonka:7;Woodbury:9;Rosemount:10;Vadnais Heights:11;Roseville:12;Ramsey:16;Blaine:16;Osseo:18;Stillwater:22;Plymouth:28;Bloomington:29;Minneapolis:55
Corona Extra 24pk 12oz btl,Import,"Breakthru Beverage Minnesota Beer, LLC",287,73.9,3.9,25.17,31.99,27.96,21,,309,984,Stillwater:8;Plymouth:9;Vadnais Heights:11;Woodbury:12;Rosemount:15;Osseo:16;Bloomington:18;Roseville:19;Cottage Grove:27;Ramsey:31;Minneapolis:32;Blaine:40;Andover:49
Modelo 24oz can,Single Serve,"Breakthru Beverage Minnesota Beer, LLC",177,73.2,2.4,2.39,3.49,,31,,320,913,Stillwater:6;Blaine:8;Cottage Grove:9;Minnetonka:12;Bloomington:13;Roseville:15;St. Louis Park:15;Woodbury:16;Plymouth:20;Andover:24;Rosemount:29;Minneapolis:79
Angry Orchard Crisp Apple 12pk 12oz can,Cider,,435,72.5,6.0,14.27,21.99,17.96,35,,350,756,Vadnais Heights:1;Osseo:8;Rosemount:12;Cottage Grove:12;Woodbury:15;Bloomington:23;Roseville:30;Minneapolis:218;Chanhassen:2;Plymouth:6;Stillwater:8;St. Louis Park:17;Ramsey:26;Andover:27;Blaine:30
Cutwater Long Island Iced Tea 4pk 12oz can,RTD,"Capitol Beverage Sales, L.P.",335,72.3,4.6,9.85,13.99,11.96,30,,321,880,St. Louis Park:0;Minnetonka:6;Stillwater:8;Chanhassen:8;Plymouth:8;Vadnais Heights:11;Bloomington:12;Blaine:19;Roseville:19;Cottage Grove:22;Ramsey:32;Rosemount:33;Minneapolis:46;Andover:53;Woodbury:54
Cutwater Mango Margarita 4pk 12oz can,RTD,"Capitol Beverage Sales, L.P.",329,72.2,4.6,9.82,13.99,11.96,30,,332,827,Minnetonka:3;Roseville:10;Stillwater:12;St. Louis Park:13;Plymouth:13;Osseo:13;Blaine:19;Vadnais Heights:20;Cottage Grove:21;Bloomington:22;Woodbury:25;Rosemount:26;Minneapolis:32;Andover:47;Ramsey:48
Sierra Nevada Hazy Little Thing IPA 12pk 12oz can,Craft,,278,69.8,4.0,14.15,20.99,17.96,33,,304,874,Bloomington:16;Roseville:29;Minnetonka:3;Vadnais Heights:3;Plymouth:4;Stillwater:5;St. Louis Park:12;Rosemount:13;Chanhassen:13;Woodbury:17;Cottage Grove:20;Ramsey:21;Minneapolis:23;Osseo:28;Blaine:29;Andover:42
Coors Light 24oz can,Single Serve,,207,69.0,3.0,2.28,3.99,,43,,303,854,Vadnais Heights:3;Osseo:5;Plymouth:8;Cottage Grove:4;Woodbury:4;St. Louis Park:6;Rosemount:11;Blaine:14;Roseville:14;Ramsey:17;Chanhassen:17;Andover:21;Bloomington:22;Stillwater:26;Minneapolis:35
Coors Banquet 24pk 12oz can,Premium,Dahlheimer Beverage Monticello,328,68.7,4.8,19.52,23.99,21.96,19,,303,845,Minnetonka:2;Vadnais Heights:2;Rosemount:4;St. Louis Park:7;Stillwater:9;Woodbury:10;Chanhassen:12;Roseville:13;Bloomington:15;Blaine:19;Cottage Grove:19;Osseo:21;Ramsey:26;Andover:38;Plymouth:45;Minneapolis:86
Leinenkugel's Sum Shandy 12pk 12oz can,Craft,Bernicks,392,68.4,5.7,12.88,17.99,15.96,28,,246,1092,Woodbury:2;Minnetonka:5;Osseo:5;Minneapolis:6;Plymouth:9;Andover:9;Bloomington:12;Stillwater:12;Rosemount:17;Blaine:24;Ramsey:27;St. Louis Park:34;Chanhassen:50;Roseville:51;Vadnais Heights:57;Cottage Grove:72
Carbliss Backyard Bliss Variety Pack 8pk 12oz can,RTD,"College City Beverage, Inc.",297,68.3,4.3,18.0,22.49,18.96,20,,249,1076,Vadnais Heights:3;Ramsey:18;Osseo:23;Rosemount:26;Andover:30;Blaine:39;Plymouth:41;Woodbury:147
Lone River Ranch 24oz can,Seltzer,"Breakthru Beverage Minnesota Beer, LLC",12,68.1,0.2,0.5,1.49,0.96,66,,396,408,Minneapolis:12
Summit Extra Pale Ale 12pk 12oz can,Craft,,360,67.8,5.3,13.28,19.99,16.96,34,,296,848,Minnetonka:2;Stillwater:3;Osseo:4;Minneapolis:5;St. Louis Park:12;Roseville:25;Chanhassen:27;Rosemount:33;Woodbury:33;Bloomington:34;Blaine:35;Vadnais Heights:36;Ramsey:41;Plymouth:10;Cottage Grove:29;Andover:31
White Claw Natural Lime 6pk 12oz can,Seltzer,,154,66.6,2.3,7.7,12.99,10.96,41,,270,925,Blaine:15;Ramsey:16;Osseo:1;Rosemount:2;Vadnais Heights:3;Woodbury:4;Minnetonka:4;Plymouth:5;Stillwater:6;Roseville:9;St. Louis Park:10;Andover:14;Cottage Grove:18;Bloomington:19;Minneapolis:28
Coors Light 12pk 12oz btl,Premium,"Breakthru Beverage Minnesota Beer, LLC",274,64.3,4.3,11.28,14.99,12.96,25,,281,803,Plymouth:5;Minnetonka:6;Chanhassen:8;Osseo:9;Vadnais Heights:10;Roseville:11;Ramsey:12;St. Louis Park:12;Rosemount:16;Stillwater:19;Blaine:20;Woodbury:21;Cottage Grove:22;Bloomington:27;Minneapolis:29;Andover:47
White Claw Grape 6pk 12oz can,Seltzer,"Breakthru Beverage Minnesota Beer, LLC",182,62.5,2.9,7.69,12.99,10.96,41,,255,861,Osseo:1;Minnetonka:2;Vadnais Heights:4;Plymouth:5;Chanhassen:5;Stillwater:5;St. Louis Park:8;Bloomington:10;Roseville:10;Blaine:13;Rosemount:14;Woodbury:15;Cottage Grove:15;Ramsey:18;Minneapolis:25;Andover:32
Pacifico 12pk 12oz btl,Import,,325,62.4,5.2,13.29,17.99,15.96,26,,269,794,Ramsey:16;Minnetonka:2;Plymouth:5;Stillwater:5;Osseo:8;Andover:14;Cottage Grove:15;Rosemount:17;St. Louis Park:18;Vadnais Heights:19;Chanhassen:19;Woodbury:21;Roseville:25;Blaine:30;Bloomington:32;Minneapolis:79
Steel Toe Size 7 6pk 12oz can,Craft,,195,62.3,3.1,9.5,13.99,12.96,32,,258,840,Osseo:7;Bloomington:10;Minnetonka:10;Rosemount:10;Chanhassen:11;Cottage Grove:12;Ramsey:12;Plymouth:15;Roseville:15;Vadnais Heights:18;Andover:20;St. Louis Park:25;Blaine:32
Surfside Half & Half Variety Pack 8pk 12oz can,RTD,"Capitol Beverage Sales, L.P.",275,62.3,4.4,15.0,21.99,18.96,32,,286,717,Woodbury:3;Osseo:7;Chanhassen:10;Rosemount:13;Vadnais Heights:14;Ramsey:15;Blaine:22;Andover:32;St. Louis Park:37;Minneapolis:59;Roseville:63
Budweiser 24pk 12oz can,Premium,,382,61.5,6.2,19.62,23.99,20.96,18,,261,801,Minnetonka:1;Andover:3;Minneapolis:6;Stillwater:9;Plymouth:13;Cottage Grove:16;Woodbury:18;Blaine:24;Rosemount:25;Ramsey:27;Roseville:29;Vadnais Heights:31;Osseo:34;St. Louis Park:36;Bloomington:50;Chanhassen:60
Stella Artois 12pk 11oz btl,Import,,576,60.6,9.5,11.18,18.99,15.96,41,,258,788,Blaine:47;Minneapolis:87;Andover:165;Bloomington:1;Stillwater:15;Osseo:16;Chanhassen:20;Vadnais Heights:21;St. Louis Park:23;Roseville:23;Rosemount:25;Woodbury:33;Plymouth:44;Ramsey:92
Carbliss Tropical Variety 8pk 12oz can,RTD,Dahlheimer Beverage Monticello,459,59.8,7.7,18.1,22.49,18.96,20,,255,774,Vadnais Heights:4;Stillwater:14;Chanhassen:15;Osseo:17;St. Louis Park:18;Ramsey:19;Rosemount:23;Bloomington:25;Blaine:36;Woodbury:46;Andover:47;Plymouth:60;Cottage Grove:61;Minneapolis:90
Modelo Especial 6pk 12oz btl,Import,,263,59.5,4.4,7.13,11.99,10.96,41,,239,837,Minneapolis:51;Chanhassen:2;Osseo:2;Minnetonka:5;Roseville:6;Rosemount:10;Plymouth:11;Woodbury:13;Bloomington:15;Andover:16;St. Louis Park:17;Blaine:19;Vadnais Heights:20;Cottage Grove:22;Ramsey:23;Stillwater:31
White Claw Black Cherry 6pk 12oz can,Seltzer,"Breakthru Beverage Minnesota Beer, LLC",153,59.3,2.6,7.7,12.99,10.96,41,,246,798,Plymouth:3;Osseo:2;Minnetonka:3;Stillwater:3;Andover:3;Woodbury:6;Rosemount:7;Roseville:8;St. Louis Park:12;Blaine:14;Ramsey:15;Bloomington:16;Cottage Grove:21;Minneapolis:42
Beatbox Blue Razzberry  500ml,Single Serve,"Capitol Beverage Sales, L.P.",304,59.1,5.1,2.47,4.49,3.96,45,,274,667,Minneapolis:1;Roseville:2;Woodbury:3;St. Louis Park:6;Minnetonka:7;Andover:9;Chanhassen:9;Cottage Grove:10;Plymouth:11;Ramsey:12;Stillwater:17;Vadnais Heights:21;Rosemount:31;Bloomington:39;Blaine:126
Michelob Ultra 12pk 12oz btl,Super Premium,,276,58.6,4.7,12.18,14.99,12.96,19,,245,782,St. Louis Park:6;Andover:9;Ramsey:11;Roseville:14;Osseo:17;Plymouth:20;Minneapolis:25;Chanhassen:31;Vadnais Heights:32;Blaine:34;Rosemount:4;Stillwater:23;Woodbury:26;Cottage Grove:29
Twisted Tea Light Variety Pack 12pk 12oz can,FMB,,261,58.5,4.5,13.4,19.99,15.96,33,,259,715,Plymouth:3;Ramsey:9;Cottage Grove:15;Osseo:18;Andover:19;Blaine:30;Vadnais Heights:3;St. Louis Park:6;Roseville:6;Woodbury:6;Bloomington:6;Stillwater:9;Chanhassen:14;Rosemount:23;Minneapolis:94
Rolling Rock 30pk 12oz can,Below Premium,,32,58.5,0.5,15.44,20.99,17.96,26,,303,518,Rosemount:2;Cottage Grove:2;Stillwater:5;Vadnais Heights:10;Bloomington:13;Andover:13
Coors Banquet Heritage 12pk 12oz btl,Premium,"Breakthru Beverage Minnesota Beer, LLC",182,58.3,3.1,11.32,15.99,12.96,29,,254,730,Minnetonka:2;Vadnais Heights:4;Roseville:4;Chanhassen:5;Woodbury:5;Rosemount:6;Bloomington:7;Osseo:7;Ramsey:8;Stillwater:8;Cottage Grove:12;St. Louis Park:17;Minneapolis:22;Andover:32;Blaine:43
Twisted Tea Mix Pack 12pk 12oz can,FMB,,322,57.8,5.6,13.37,19.99,15.96,33,,252,723,St. Louis Park:20;Minnetonka:2;Plymouth:5;Osseo:7;Stillwater:8;Roseville:14;Chanhassen:15;Ramsey:19;Woodbury:20;Bloomington:21;Blaine:24;Rosemount:27;Andover:32;Cottage Grove:42;Minneapolis:68
Angry Orchard Variety Pack 12pk 12oz can,Cider,"Breakthru Beverage Minnesota Beer, LLC",310,56.9,5.4,14.13,21.99,17.96,36,,302,470,Stillwater:1;Plymouth:1;Minnetonka:2;Ramsey:2;Chanhassen:11;Cottage Grove:12;Vadnais Heights:13;St. Louis Park:17;Roseville:24;Blaine:25;Rosemount:30;Minneapolis:31;Bloomington:35;Andover:37;Woodbury:69
Mike's Harder Lemonade 23oz can,Single Serve,,225,56.9,4.0,2.35,3.49,,33,,250,705,Osseo:2;Blaine:2;Rosemount:4;Vadnais Heights:5;Andover:7;Cottage Grove:7;Bloomington:15;Plymouth:16;Woodbury:16;Ramsey:22;St. Louis Park:23;Minneapolis:33;Minnetonka:34;Roseville:40
Coors Banquet 6pk 16oz can,Premium,"Breakthru Beverage Minnesota Beer, LLC",269,56.5,4.8,5.43,8.99,7.96,40,,243,721,Chanhassen:4;Ramsey:4;Vadnais Heights:5;Osseo:6;Minnetonka:8;Plymouth:9;Stillwater:19;Woodbury:20;Roseville:20;Bloomington:21;Andover:21;St. Louis Park:21;Cottage Grove:24;Minneapolis:33;Blaine:54
Cutwater Espresso Martini 4pk 12oz can,RTD,"Capitol Beverage Sales, L.P.",251,56.5,4.4,9.95,13.99,11.96,29,,263,634,Chanhassen:3;Osseo:3;Stillwater:4;Minnetonka:9;Vadnais Heights:10;Cottage Grove:10;Roseville:11;Rosemount:13;Bloomington:16;St. Louis Park:18;Woodbury:18;Blaine:18;Minneapolis:19;Plymouth:28;Ramsey:33;Andover:34
Surfside Super Lyte Variety Pack 8pk 12oz can,FMB,"Capitol Beverage Sales, L.P.",183,55.8,3.3,15.06,21.99,18.96,32,,323,339,Minnetonka:2;Vadnais Heights:7;Bloomington:8;Chanhassen:8;Osseo:11;Roseville:14;St. Louis Park:17;Woodbury:20;Rosemount:22;Plymouth:24;Minneapolis:50
Sun Cruiser Vodka Pink Lemonade 8pk 12oz can,RTD,"Breakthru Beverage Minnesota Beer, LLC",286,55.8,5.1,14.75,21.99,16.96,33,,238,723,Roseville:6;St. Louis Park:9;Chanhassen:11;Woodbury:12;Rosemount:12;Stillwater:12;Vadnais Heights:14;Ramsey:15;Cottage Grove:25;Blaine:32;Andover:53;Minneapolis:85
Beatbox Fruit Punch  500ml,Single Serve,"Capitol Beverage Sales, L.P.",238,55.6,4.3,2.44,4.49,3.96,46,,250,661,Osseo:1;Stillwater:2;Bloomington:4;Plymouth:5;Minnetonka:9;Woodbury:10;St. Louis Park:11;Andover:19;Vadnais Heights:20;Rosemount:29;Minneapolis:39;Cottage Grove:41;Blaine:55
New Belgium Juice Force 12pk 12oz can,Craft,Bernicks,154,54.0,2.9,13.54,19.99,16.96,32,,238,665,Minnetonka:2;Plymouth:2;Roseville:4;Blaine:5;St. Louis Park:7;Rosemount:11;Stillwater:12;Chanhassen:13;Cottage Grove:14;Bloomington:18;Minneapolis:18;Woodbury:26;Vadnais Heights:32
Summit Lake Crusher/Winter 12pk 12oz can,Craft,,-495,52.3,-9.5,12.01,19.99,16.96,40,,271,462,Andover:7;Blaine:36;Osseo:1
Miller High Life 40oz btl,Single Serve,,72,51.3,1.4,2.14,3.29,,35,,300,300,Minneapolis:192
Lagunitas IPA 12pk 12oz can,Craft,"Hohensteins, Inc.",167,51.2,3.3,12.0,17.49,14.96,31,,212,693,Minnetonka:2;Rosemount:5;Ramsey:5;Woodbury:5;Andover:5;Minneapolis:7;Blaine:9;Chanhassen:10;Plymouth:10;Stillwater:11;Bloomington:12;Cottage Grove:13;Roseville:14;Vadnais Heights:26;St. Louis Park:35
Truly Spiked Berry Variety 12pk 12oz can,Seltzer,,281,51.0,5.5,14.08,19.99,16.96,30,,220,650,St. Louis Park:8;Osseo:8;Roseville:9;Plymouth:10;Vadnais Heights:10;Ramsey:13;Chanhassen:14;Stillwater:17;Cottage Grove:27;Andover:30;Bloomington:32;Minneapolis:34;Blaine:38;Rosemount:47
Guinness Draught 8pk 15oz can,Import,Bernicks,213,51.0,4.2,12.12,17.49,14.96,31,,239,564,Minnetonka:2;Bloomington:4;Blaine:5;Stillwater:6;Osseo:6;Andover:6;Chanhassen:6;Cottage Grove:8;Ramsey:10;Plymouth:11;St. Louis Park:14;Roseville:26;Minneapolis:34;Rosemount:35;Vadnais Heights:43
White Claw Blackberry 6pk 12oz can,Seltzer,,130,50.3,2.6,7.69,12.99,10.96,41,,225,604,Plymouth:4;Ramsey:6;Blaine:13;Andover:16;Rosemount:2;Roseville:2;Vadnais Heights:4;Bloomington:19;St. Louis Park:22;Minneapolis:23;Cottage Grove:27
White Claw Black Cherry 19.2oz can,Single Serve,Dahlheimer Beverage Monticello,241,50.3,4.8,2.34,3.79,,38,,225,603,Stillwater:2;Rosemount:5;Woodbury:6;Chanhassen:7;Minnetonka:7;Plymouth:7;Osseo:8;Vadnais Heights:12;Blaine:17;St. Louis Park:17;Andover:19;Bloomington:20;Roseville:23;Ramsey:27;Cottage Grove:30;Minneapolis:34
Coors Banquet 12pk 12oz can,Premium,"Breakthru Beverage Minnesota Beer, LLC",196,50.2,3.9,11.27,15.99,12.96,30,,218,632,Chanhassen:1;Minnetonka:4;Ramsey:5;Stillwater:6;Bloomington:7;Roseville:7;Plymouth:11;Cottage Grove:12;Vadnais Heights:14;Andover:15;Blaine:17;Rosemount:19;Woodbury:19;St. Louis Park:29;Minneapolis:30
Steel Reserve 24oz can,Single Serve,,160,50.0,3.2,1.48,2.49,,41,,209,667,Plymouth:10;Blaine:14;Andover:17;Ramsey:17;Osseo:23;Bloomington:5;St. Louis Park:11;Vadnais Heights:12;Roseville:13;Minneapolis:38
Beatbox Pink Lemonade  500ml,Single Serve,"Capitol Beverage Sales, L.P.",249,50.0,5.0,2.39,4.49,3.96,47,,240,526,Andover:1;Stillwater:2;Chanhassen:3;Ramsey:4;Roseville:11;Vadnais Heights:12;Rosemount:12;St. Louis Park:13;Osseo:16;Woodbury:17;Plymouth:18;Cottage Grove:18;Blaine:24;Minneapolis:98
Falling Knife Verbal Tip 4pk 16oz can,Craft,,116,49.8,2.3,12.08,17.99,14.96,33,,221,607,Chanhassen:1;Osseo:5;St. Louis Park:5;Minnetonka:8;Roseville:9;Vadnais Heights:12;Blaine:12;Plymouth:13;Andover:13;Cottage Grove:15;Woodbury:16;Rosemount:20
Bell's Two Hearted Ale 19.2oz can,Single Serve,,185,49.4,3.7,1.89,3.49,,46,,217,612,Plymouth:16;Andover:1;Chanhassen:7;Roseville:10;Rosemount:11;Woodbury:11;Blaine:11;Bloomington:13;Ramsey:14;Vadnais Heights:17;Cottage Grove:19;St. Louis Park:20;Minneapolis:35
Modelo Especial Chelada 24oz can,Single Serve,"Breakthru Beverage Minnesota Beer, LLC",237,48.6,4.9,2.39,3.49,,32,,207,632,Roseville:5;Rosemount:6;St. Louis Park:8;Cottage Grove:8;Plymouth:9;Blaine:10;Minnetonka:12;Vadnais Heights:12;Stillwater:14;Osseo:17;Ramsey:18;Andover:31;Woodbury:35;Minneapolis:52
Bell's Two Hearted Ale 12pk 12oz can,Craft,,184,48.4,3.8,15.29,23.99,19.96,36,,210,611,Ramsey:1;Plymouth:3;Stillwater:3;Minneapolis:9;Osseo:12;Blaine:14;Andover:20;Woodbury:32;St. Louis Park:1;Roseville:4;Vadnais Heights:5;Minnetonka:10;Cottage Grove:10;Bloomington:16;Rosemount:21;Chanhassen:23
Lagunitas Variety Pack 12pk 12oz can,Craft,Bernicks,118,48.1,2.5,11.99,17.49,14.96,31,,206,620,Plymouth:1;Ramsey:4;Blaine:5;Vadnais Heights:6;Andover:8;Woodbury:9;Roseville:9;Cottage Grove:9;Stillwater:10;Rosemount:12;Minneapolis:15;Bloomington:18;St. Louis Park:20
Cutwater Tequila Lime Margarita 12oz can,Single Serve,Single Can,0,48.1,0.0,2.26,4.49,3.96,50,,211,595,
Cutwater Strawberry Margarita 4pk 12oz can,RTD,"Capitol Beverage Sales, L.P.",367,48.1,7.6,9.89,13.99,11.96,29,,215,580,Plymouth:3;Minnetonka:5;Rosemount:9;Stillwater:10;Chanhassen:15;Osseo:15;Vadnais Heights:19;Woodbury:23;Cottage Grove:26;Blaine:27;Ramsey:31;Minneapolis:37;Bloomington:37;St. Louis Park:40;Andover:65
Modelo Especial 24pk 12oz btl,Import,"Breakthru Beverage Minnesota Beer, LLC",220,48.0,4.6,25.19,35.49,29.96,29,,202,633,St. Louis Park:1;Stillwater:1;Minnetonka:3;Roseville:3;Plymouth:6;Osseo:6;Vadnais Heights:7;Rosemount:8;Ramsey:12;Chanhassen:16;Woodbury:16;Cottage Grove:17;Bloomington:22;Andover:26;Blaine:32;Minneapolis:44
New Belgium Juice Force Hazy IPA 19.2oz can,Single Serve,Bernicks,142,47.8,3.0,1.97,3.49,,44,,212,582,Woodbury:6;Roseville:8;Stillwater:10;Plymouth:12;St. Louis Park:13;Andover:13;Minnetonka:15;Cottage Grove:18;Rosemount:18;Bloomington:22;Minneapolis:38
Miller High Life 24pk 12oz can,Below Premium,"Breakthru Beverage Minnesota Beer, LLC",226,47.7,4.7,17.33,22.99,19.96,25,,208,598,St. Louis Park:3;Rosemount:4;Plymouth:7;Ramsey:10;Stillwater:12;Chanhassen:12;Andover:13;Roseville:13;Cottage Grove:14;Bloomington:19;Minneapolis:19;Osseo:24;Woodbury:36;Blaine:41
Budweiser 6pk 16oz can,Premium,,244,47.5,5.1,5.51,7.99,,31,,217,549,Woodbury:3;Chanhassen:7;Stillwater:8;Minnetonka:9;Ramsey:11;Blaine:13;Andover:16;Osseo:24;Vadnais Heights:31;Bloomington:32;St. Louis Park:38;Roseville:63;Rosemount:4
Carbliss Margarita Variety 8pk 12oz can,RTD,"Capitol Beverage Sales, L.P.",394,47.3,8.3,18.07,22.49,18.96,20,,197,635,St. Louis Park:3;Rosemount:3;Ramsey:5;Osseo:8;Chanhassen:8;Plymouth:9;Roseville:14;Bloomington:17;Stillwater:18;Blaine:22;Vadnais Heights:27;Woodbury:47;Andover:48;Cottage Grove:75;Minneapolis:90
Budweiser 12pk 12oz can,Premium,,176,47.3,3.7,11.26,15.99,12.96,30,,208,585,Cottage Grove:4;Ramsey:8;Chanhassen:9;Rosemount:11;Vadnais Heights:11;Plymouth:13;Blaine:13;Osseo:14;Andover:14;Minneapolis:15;Bloomington:16;St. Louis Park:16;Roseville:17;Stillwater:4;Woodbury:11
Modelo Especial 4pk 16oz can,Import,"Breakthru Beverage Minnesota Beer, LLC",211,47.3,4.5,5.18,7.99,,35,,198,629,Minnetonka:2;St. Louis Park:2;Rosemount:6;Vadnais Heights:12;Bloomington:14;Woodbury:18;Cottage Grove:18;Plymouth:19;Roseville:24;Blaine:26;Andover:28;Minneapolis:42
Schell's Rotator 12pk 12oz can,Craft,,294,46.8,6.3,13.39,20.99,17.96,36,,243,412,Ramsey:2;Osseo:4;Plymouth:6;Minnetonka:7;Chanhassen:9;Bloomington:17;Vadnais Heights:17;Andover:18;Minneapolis:23;Woodbury:26;Rosemount:26;Roseville:28;St. Louis Park:33;Blaine:51;Stillwater:13;Cottage Grove:14
Cutwater Vodka Mule 4pk 12oz can,RTD,"Capitol Beverage Sales, L.P.",221,46.8,4.7,9.86,13.99,11.96,30,,204,587,Stillwater:2;Osseo:4;Plymouth:5;Minnetonka:5;Bloomington:7;Chanhassen:8;Vadnais Heights:13;Rosemount:14;Blaine:14;St. Louis Park:14;Ramsey:15;Woodbury:15;Cottage Grove:17;Minneapolis:23;Roseville:25;Andover:36
New Belgium HC Tiger Blood Hard Tea 24oz can,RTD,"Breakthru Beverage Minnesota Beer, LLC",293,46.7,6.3,0.5,1.29,0.96,61,,271,283,Minneapolis:293
Surly Furious 4pk 16oz can,Craft,Dahlheimer Beverage Monticello,58,46.4,1.2,9.02,13.79,11.96,35,,205,569,Bloomington:1;Blaine:2;Plymouth:3;Cottage Grove:3;Osseo:4;Stillwater:10;St. Louis Park:10;Rosemount:11;Andover:11;Minneapolis:19
White Claw Mango 12pk 12oz can,Seltzer,,238,45.9,5.2,13.86,18.99,15.96,27,,202,566,Minnetonka:2;Blaine:26;Stillwater:7;St. Louis Park:8;Rosemount:9;Osseo:11;Ramsey:15;Vadnais Heights:16;Woodbury:18;Bloomington:23;Cottage Grove:28;Minneapolis:40;Andover:41
Sierra Nevada Hazy Little Thing IPA 19.2oz can,Single Serve,,246,45.3,5.4,2.04,3.49,,42,,201,550,Chanhassen:15;Plymouth:8;Roseville:12;Rosemount:13;Osseo:14;Stillwater:15;St. Louis Park:16;Cottage Grove:17;Bloomington:19;Blaine:19;Andover:29;Ramsey:33;Minneapolis:36
Leinenkugel's Summer Shandy 12pk 12oz btl,Craft,Dahlheimer Beverage Monticello,184,45.1,4.1,13.22,19.99,15.96,34,,189,600,Minnetonka:2;Vadnais Heights:4;Cottage Grove:4;Osseo:5;Stillwater:7;Woodbury:8;Plymouth:9;Roseville:9;St. Louis Park:10;Blaine:10;Bloomington:11;Chanhassen:11;Rosemount:13;Andover:16;Minneapolis:17;Ramsey:48
Samuel Adams Seasonal 12pk 12oz btl,Craft,"Breakthru Beverage Minnesota Beer, LLC",226,44.6,5.1,13.12,22.49,18.96,42,,243,339,Minnetonka:1;Vadnais Heights:1;Chanhassen:8;Plymouth:11;Cottage Grove:11;St. Louis Park:13;Roseville:13;Stillwater:14;Andover:14;Rosemount:15;Bloomington:16;Woodbury:23;Ramsey:26;Blaine:60
Lift Bridge Grape Ape 12pk 12oz can,FMB,,234,44.2,5.3,13.02,18.99,15.96,31,,183,596,Minnetonka:2;Roseville:2;Plymouth:3;Osseo:5;Ramsey:7;Bloomington:13;St. Louis Park:14;Vadnais Heights:15;Rosemount:16;Blaine:17;Chanhassen:19;Stillwater:27;Andover:34;Minneapolis:37;Cottage Grove:30
Michelob Golden Light 24pk 12oz btl,Premium,,201,44.1,4.6,19.8,27.99,23.96,29,,192,554,Woodbury:4;Rosemount:5;Andover:8;Stillwater:10;Vadnais Heights:10;Ramsey:13;Cottage Grove:18;Bloomington:23;Blaine:30;Roseville:32;Osseo:53
Monaco Tequila Lime Crush 12oz can,Single Serve,"Breakthru Beverage Minnesota Beer, LLC",116,43.8,2.7,1.99,3.49,2.96,43,net down pricing,186,570,Chanhassen:2;Vadnais Heights:8;Andover:12;Bloomington:17;Minneapolis:21;Rosemount:23;St. Louis Park:23;Cottage Grove:26;Minnetonka:28;Blaine:41
Heineken 12pk 12oz btl,Import,Bernicks,269,43.7,6.2,13.07,19.99,16.96,35,,181,589,Blaine:1;Minnetonka:2;Ramsey:2;Osseo:3;Stillwater:3;Vadnais Heights:5;Woodbury:7;Rosemount:10;Andover:13;Plymouth:16;St. Louis Park:17;Roseville:22;Bloomington:37;Minneapolis:66;Cottage Grove:67
Cutwater Mai Tai 4pk 12oz can,RTD,"Capitol Beverage Sales, L.P.",351,43.6,8.1,6.82,13.99,11.96,51,,190,547,Minnetonka:5;Chanhassen:9;Osseo:11;Stillwater:12;Woodbury:16;Blaine:16;Vadnais Heights:17;Cottage Grove:17;Roseville:21;Plymouth:22;Ramsey:25;St. Louis Park:27;Bloomington:29;Rosemount:31;Minneapolis:32;Andover:55
Summit Extra Pale Ale 12pk 12oz btl,Craft,,251,43.5,5.8,13.35,19.99,16.96,33,,189,547,Minnetonka:3;Osseo:7;St. Louis Park:11;Bloomington:12;Chanhassen:12;Rosemount:12;Roseville:14;Andover:22;Stillwater:25;Vadnais Heights:35;Plymouth:14;Ramsey:18;Woodbury:22;Cottage Grove:22;Blaine:22
Twisted Tea 12pk 12oz can,FMB,,227,43.2,5.3,13.43,17.49,15.96,23,,177,592,Vadnais Heights:2;Osseo:3;Minnetonka:4;Plymouth:4;Stillwater:4;Roseville:6;Woodbury:11;Blaine:13;St. Louis Park:16;Bloomington:18;Ramsey:21;Andover:23;Cottage Grove:29;Rosemount:37;Minneapolis:49
New Belgium Voodoo Ranger Hoppy Pack 12pk 12oz can,Craft,Bernicks,195,42.8,4.6,13.42,19.99,16.96,33,,187,535,Rosemount:8;Roseville:9;Cottage Grove:11;Vadnais Heights:14;Minneapolis:15;Stillwater:19;Chanhassen:30;St. Louis Park:35;Bloomington:67
Corona Extra 12pk 12oz can,Import,,235,42.7,5.5,13.66,17.49,14.96,22,,184,543,Cottage Grove:3;Bloomington:5;Minnetonka:9;Plymouth:10;St. Louis Park:11;Roseville:13;Woodbury:13;Rosemount:14;Chanhassen:15;Ramsey:16;Andover:16;Vadnais Heights:17;Stillwater:27;Blaine:29;Minneapolis:37
Vodkade Zero Sugar Variety Pack 8pk 12oz can,RTD,"Capitol Beverage Sales, L.P.",142,42.5,3.3,15.72,25.99,21.96,40,,227,346,Bloomington:2;St. Louis Park:4;Woodbury:9;Vadnais Heights:9;Roseville:12;Minneapolis:19;Ramsey:24;Blaine:31;Andover:32
Pacifico Clara Lager 12pk 12oz can,Import,,216,42.3,5.1,13.36,17.99,15.96,26,,185,528,Ramsey:10;Rosemount:1;Minnetonka:3;Stillwater:4;Bloomington:4;Chanhassen:6;Plymouth:7;Blaine:13;Andover:14;Woodbury:17;St. Louis Park:20;Cottage Grove:21;Osseo:25;Roseville:26;Minneapolis:45
Summit Saga IPA 12pk 12oz can,Craft,,297,41.8,7.1,13.25,19.99,16.96,34,,182,523,Plymouth:12;Vadnais Heights:15;Blaine:17;Stillwater:18;St. Louis Park:22;Bloomington:23;Chanhassen:26;Roseville:27;Rosemount:39;Ramsey:9;Osseo:16;Andover:16;Woodbury:23;Cottage Grove:35
Angry Orchard Crisp Apple 6pk 12oz btl,Cider,,96,41.6,2.3,8.07,11.99,,33,,194,464,Minnetonka:1;Osseo:2;Bloomington:7;Woodbury:7;Roseville:13;Minneapolis:31;Rosemount:1;Stillwater:1;Chanhassen:2;Andover:5;Ramsey:5;Blaine:5;St. Louis Park:6;Plymouth:10
Carbliss Black Raspberry 12pk 12oz can,RTD,,174,41.2,4.2,26.3,35.49,29.96,26,,184,497,Vadnais Heights:3;Rosemount:6;Roseville:8;Bloomington:11;Woodbury:25;Cottage Grove:26;Minneapolis:26;Ramsey:3;Plymouth:4;Blaine:27;Andover:35
Lagunitas Little Sumpin' Ale 12pk 12oz can,Craft,,148,40.9,3.6,12.06,17.49,14.96,31,,176,522,Ramsey:8;Roseville:2;Plymouth:3;Cottage Grove:4;Vadnais Heights:5;Rosemount:7;Stillwater:8;Woodbury:10;Minneapolis:13;Blaine:13;Chanhassen:20;St. Louis Park:24;Bloomington:31
Craft Mystery Beer 12pk,Craft,Artisan Beer,48,40.4,1.2,5.0,9.99,8.96,50,,210,353,Andover:1;Roseville:2;Blaine:11;St. Louis Park:14;Woodbury:20
Hamm's 12pk 12oz can,Below Premium,,146,40.3,3.6,8.64,12.49,10.96,31,,180,485,Plymouth:4;Andover:5;Ramsey:6;Osseo:8;Roseville:8;Blaine:11;Bloomington:16;Vadnais Heights:3;Stillwater:3;Minnetonka:4;Chanhassen:11;Woodbury:14;St. Louis Park:25;Minneapolis:28
"Real American Beer 4pk 16oz can
",Below Premium,"Breakthru Beverage Minnesota Beer, LLC",-7,40.2,-0.2,4.12,6.24,0.98,34,,178,492,
Bud Light 12pk 12oz can,Premium,,196,40.2,4.9,11.28,14.99,13.46,25,,171,522,Osseo:2;Minnetonka:3;Woodbury:4;Vadnais Heights:5;Ramsey:6;St. Louis Park:11;Bloomington:14;Chanhassen:17;Andover:17;Plymouth:18;Blaine:18;Roseville:25;Minneapolis:26;Rosemount:15;Cottage Grove:15
Beatbox Tropical Punch  500ml,Single Serve,"Capitol Beverage Sales, L.P.",140,39.7,3.5,2.49,4.49,3.96,45,,177,478,Woodbury:1;Chanhassen:4;St. Louis Park:6;Roseville:8;Ramsey:9;Osseo:11;Minnetonka:12;Vadnais Heights:13;Andover:15;Plymouth:16;Rosemount:17;Cottage Grove:19;Blaine:19;Stillwater:21
Blue Moon 12pk 12oz can,Craft,Dahlheimer Beverage Monticello,232,39.6,5.9,13.39,19.99,15.96,33,,166,526,Ramsey:1;Vadnais Heights:4;Plymouth:5;Minnetonka:6;Osseo:7;Rosemount:8;Stillwater:11;Blaine:13;Roseville:14;St. Louis Park:21;Chanhassen:21;Cottage Grove:23;Woodbury:23;Andover:35;Minneapolis:40
Fresca Vodka Variety  8pk 12oz can,RTD,,244,39.6,6.2,14.06,23.99,21.96,41,,151,592,Roseville:1;Minnetonka:2;Woodbury:3;St. Louis Park:9;Stillwater:9;Rosemount:10;Plymouth:11;Vadnais Heights:14;Bloomington:15;Chanhassen:15;Cottage Grove:27;Blaine:38;Minneapolis:42;Andover:49
Castle Danger Cooler by the Lake 12pk 12oz can,Craft,Bernicks,354,39.5,9.0,5.07,23.99,19.96,79,,217,293,Blaine:1;Woodbury:1;Bloomington:2;Osseo:4;Stillwater:4;Rosemount:4;St. Louis Park:4;Andover:6;Roseville:17;Vadnais Heights:20;Cottage Grove:123;Minneapolis:178
Sun Cruiser Lemonade Iced Tea 8pk 12oz can,RTD,,296,39.2,7.6,14.55,21.99,16.96,34,,159,544,Roseville:2;Woodbury:5;Ramsey:6;St. Louis Park:6;Rosemount:8;Chanhassen:24;Bloomington:29;Blaine:31;Cottage Grove:32;Andover:50;Minneapolis:104
Grain Belt Premium 12pk 12oz btl,Premium,,195,39.1,5.0,11.76,15.99,13.96,26,,163,523,Rosemount:7;Bloomington:10;Roseville:11;Vadnais Heights:12;Stillwater:12;St. Louis Park:13;Andover:13;Minneapolis:13;Plymouth:15;Woodbury:18;Blaine:25;Ramsey:9;Chanhassen:10;Cottage Grove:13;Osseo:14
Truly Unruly 12pk 12oz can,Seltzer,,231,39.1,5.9,13.77,20.99,17.96,34,,162,528,Osseo:5;Plymouth:10;Ramsey:10;Andover:17;Blaine:23;St. Louis Park:2;Stillwater:9;Bloomington:10;Roseville:18;Rosemount:19;Chanhassen:25;Vadnais Heights:29;Cottage Grove:29;Minneapolis:33
New Belgium Voodoo Ranger G Force�19.2oz can,Single Serve,"Breakthru Beverage Minnesota Beer, LLC",156,39.0,4.0,1.95,3.49,,44,,163,520,Stillwater:1;Plymouth:6;Woodbury:7;Vadnais Heights:9;Rosemount:9;Chanhassen:13;Roseville:13;St. Louis Park:13;Bloomington:24;Cottage Grove:30;Minneapolis:31
Steel Reserve 40oz btl,Single Serve,,99,38.7,2.6,2.2,3.49,,37,,199,348,Ramsey:8;Bloomington:19;Minneapolis:74
Miller High Life 12pk 12oz btl,Below Premium,Bernicks,134,38.7,3.5,10.19,14.99,13.46,32,,176,451,Plymouth:1;Bloomington:3;Osseo:3;Woodbury:5;Roseville:7;Blaine:11;St. Louis Park:11;Rosemount:12;Vadnais Heights:13;Cottage Grove:13;Minneapolis:13;Stillwater:14;Andover:14;Ramsey:14
Michelob Golden Light 6pk 12oz btl,Premium,,126,38.5,3.3,6.67,10.99,9.46,39,,170,472,Plymouth:2;Bloomington:3;Chanhassen:5;Minnetonka:6;Andover:6;Roseville:7;Minneapolis:7;Ramsey:9;Osseo:9;St. Louis Park:10;Blaine:13;Vadnais Heights:31;Woodbury:3;Stillwater:4;Cottage Grove:5;Rosemount:6
Smirnoff Ice Red White & Berry 12pk 12oz can,FMB,,215,38.4,5.6,12.92,20.99,17.96,38,,171,465,Ramsey:6;Stillwater:1;Plymouth:4;Bloomington:5;St. Louis Park:5;Rosemount:5;Blaine:6;Chanhassen:9;Cottage Grove:10;Andover:11;Vadnais Heights:39;Minneapolis:49;Roseville:73
White Claw Surge Variety #2 12pk 12oz can,Seltzer,,276,38.3,7.2,13.85,18.99,15.96,27,,170,467,Ramsey:16;Blaine:30;Andover:34;Minnetonka:1;Chanhassen:1;Stillwater:9;Roseville:13;Woodbury:15;Rosemount:19;St. Louis Park:20;Cottage Grove:28;Bloomington:30;Minneapolis:60
Coronita Extra 24pk 8oz btl,Import,,60,38.0,1.6,19.2,24.99,,23,,158,509,Minnetonka:1;Rosemount:2;Vadnais Heights:2;Plymouth:3;Ramsey:4;Cottage Grove:4;Roseville:6;Bloomington:14;Andover:15;Blaine:15
Corona Light 12pk 12oz btl,Import,"Breakthru Beverage Minnesota Beer, LLC",240,37.9,6.3,13.38,18.99,15.96,30,,166,470,Minnetonka:2;Rosemount:4;Plymouth:5;Bloomington:7;Chanhassen:7;Stillwater:7;Osseo:9;Cottage Grove:10;Ramsey:16;Roseville:18;St. Louis Park:18;Andover:18;Blaine:19;Vadnais Heights:20;Woodbury:22;Minneapolis:58
Strongbow Original Dry Hard Cider 4pk 17oz can,Import,Bernicks,84,37.8,2.2,5.6,7.99,,30,,169,455,Vadnais Heights:1;Rosemount:1;Blaine:1;Roseville:2;Osseo:5;Minnetonka:6;Andover:6;Plymouth:12;St. Louis Park:12;Minneapolis:40
Carbliss Blonde Orange 4pk 12oz can,RTD,"Capitol Beverage Sales, L.P.",225,37.5,6.0,8.8,13.79,11.96,36,,167,454,St. Louis Park:3;Osseo:3;Plymouth:7;Ramsey:7;Blaine:11;Rosemount:18;Woodbury:18;Cottage Grove:19;Andover:60;Minneapolis:79
Kona Big Wave Golden Ale 12pk 12oz btl,Craft,,274,37.4,7.3,12.94,19.99,16.96,35,,160,482,Minnetonka:3;Osseo:4;Plymouth:7;Roseville:12;Bloomington:13;Minneapolis:18;Ramsey:25;Vadnais Heights:26;Andover:26;St. Louis Park:32;Blaine:50;Stillwater:3;Cottage Grove:4;Rosemount:16;Woodbury:35
Bell's Big Hearted 19.2oz can,Single Serve,,132,37.2,3.5,1.9,3.49,,45,,168,440,Blaine:4;Ramsey:12;Andover:13;Woodbury:1;Roseville:6;Cottage Grove:9;Chanhassen:12;Rosemount:24;St. Louis Park:25;Minneapolis:26
White Claw Ruby Grapefruit 6pk 12oz can,Seltzer,,117,37.1,3.2,7.7,12.99,10.96,41,,160,471,St. Louis Park:2;Roseville:9;Bloomington:12;Vadnais Heights:2;Stillwater:2;Blaine:2;Plymouth:4;Rosemount:9;Osseo:9;Andover:11;Ramsey:13;Cottage Grove:20;Minneapolis:33
Truly Lemonade Seltzer Mixed Pack 12pk 12oz can,Seltzer,,228,36.9,6.2,13.78,19.99,16.96,31,,144,537,Osseo:6;Andover:14;Ramsey:18;Blaine:19;Minnetonka:2;Stillwater:8;Woodbury:9;Plymouth:13;Chanhassen:14;Roseville:16;Vadnais Heights:18;Bloomington:22;Cottage Grove:22;Rosemount:23;Minneapolis:24
Sociable Cider Werks Freewheeler 4pk 12oz can,Cider,"Breakthru Beverage Minnesota Beer, LLC",125,36.6,3.4,7.2,12.49,9.96,42,,161,451,Roseville:3;Rosemount:4;Minneapolis:6;Plymouth:7;Blaine:8;Osseo:8;Vadnais Heights:10;Minnetonka:11;Cottage Grove:11;St. Louis Park:11;Andover:13;Woodbury:14;Bloomington:16;Stillwater:17
Corona Familiar 32oz btl,Single Serve,,187,36.6,5.1,3.06,4.99,,39,,146,521,Stillwater:6;Vadnais Heights:8;Bloomington:11;Roseville:12;Cottage Grove:24;Rosemount:27;Minneapolis:52;Andover:13;Blaine:17;Osseo:20
New Belgium Voodoo Ranger Imperial IPA 12pk 12oz can,Craft,,89,36.6,2.4,13.75,19.99,16.96,31,,161,452,Roseville:7;Andover:8;Plymouth:11;Bloomington:18;Rosemount:9;Vadnais Heights:9;St. Louis Park:12;Stillwater:13;Minneapolis:14;Cottage Grove:16
Hamm's 6pk 16oz can,Below Premium,,216,36.5,5.9,5.13,7.99,,36,,151,495,Blaine:6;Andover:8;Roseville:4;Rosemount:6;Minnetonka:14;Stillwater:14;Woodbury:15;Chanhassen:16;Cottage Grove:26;St. Louis Park:33;Minneapolis:36;Bloomington:38
Busch Light 6pk 16oz can,Below Premium,,389,36.3,10.7,5.25,7.99,,34,,152,483,Cottage Grove:4;Woodbury:16;Andover:20;Blaine:28;Minneapolis:45;Rosemount:208;Plymouth:5;Minnetonka:10;Vadnais Heights:10;Osseo:11;Roseville:13;Bloomington:21
Good Boy Vodka John Daly Variety Pack 8pk 12oz can,RTD,,356,35.9,9.9,16.32,25.99,21.96,37,,135,545,Minnetonka:2;St. Louis Park:4;Vadnais Heights:5;Roseville:5;Minneapolis:8;Bloomington:9;Chanhassen:11;Ramsey:12;Andover:21;Osseo:47;Blaine:144;Cottage Grove:8;Stillwater:18;Woodbury:25;Rosemount:37
Cutwater Pina Colada 4pk 12oz can,RTD,"Capitol Beverage Sales, L.P.",173,35.7,4.8,9.92,13.99,11.96,29,,160,427,Woodbury:0;Minnetonka:7;St. Louis Park:9;Osseo:11;Bloomington:11;Plymouth:14;Blaine:14;Minneapolis:18;Andover:19;Roseville:20;Vadnais Heights:23;Rosemount:24
Twisted Tea 24oz can,Single Serve,,171,35.5,4.8,2.35,3.99,,41,,152,457,Cottage Grove:4;Ramsey:10;Vadnais Heights:12;Chanhassen:7;Roseville:8;Stillwater:10;St. Louis Park:11;Rosemount:13;Bloomington:14;Osseo:14;Plymouth:17;Blaine:26;Minneapolis:30
Blue Moon 12pk 12oz btl,Craft,,217,35.3,6.1,13.35,19.99,15.96,33,,150,460,Stillwater:9;Minneapolis:13;St. Louis Park:15;Ramsey:16;Woodbury:17;Minnetonka:1;Plymouth:3;Bloomington:5;Vadnais Heights:9;Osseo:10;Blaine:10;Cottage Grove:15;Roseville:16;Rosemount:23;Chanhassen:24;Andover:31
Castle Danger Cream Ale 12pk 12oz can,Craft,Bernicks,133,35.2,3.8,15.36,23.99,19.96,36,,150,457,Blaine:1;Plymouth:3;Bloomington:4;Vadnais Heights:7;Stillwater:7;Roseville:8;Chanhassen:9;St. Louis Park:19;Rosemount:20;Cottage Grove:24;Minneapolis:24;Andover:28
Sun Cruiser Classic Iced Tea  8pk 12oz can,RTD,,314,35.2,8.9,14.83,21.99,16.96,33,,142,491,Bloomington:3;Ramsey:5;Minnetonka:6;Roseville:7;St. Louis Park:9;Stillwater:10;Woodbury:13;Cottage Grove:24;Blaine:44;Andover:72;Minneapolis:121
Blue Moon 6pk 12oz btl,Craft,,140,34.9,4.0,7.81,10.99,,29,,157,415,Stillwater:2;St. Louis Park:2;Minneapolis:14;Chanhassen:1;Minnetonka:2;Osseo:4;Rosemount:4;Plymouth:6;Ramsey:6;Vadnais Heights:8;Bloomington:9;Roseville:12;Woodbury:13;Cottage Grove:17;Andover:17;Blaine:23
Twisted Tea Light 12pk 12oz can,FMB,,163,34.9,4.7,13.3,19.99,15.96,33,,159,407,Roseville:1;Plymouth:2;Osseo:4;Woodbury:7;Bloomington:12;Andover:15;Blaine:17;St. Louis Park:18;Cottage Grove:27;Rosemount:28;Minneapolis:33
Modelo Chelada Mango & Chile 24oz can,Single Serve,,166,34.5,4.8,2.4,3.49,,31,,142,469,Blaine:13;Plymouth:15;Vadnais Heights:2;Chanhassen:7;Rosemount:8;St. Louis Park:8;Stillwater:15;Cottage Grove:15;Bloomington:19;Roseville:20;Minneapolis:51
White Claw Ruby Grapefruit 19.2oz can,Single Serve,,199,34.2,5.8,2.34,3.79,,38,,139,474,Ramsey:4;Osseo:6;Plymouth:16;Andover:22;Blaine:36;Minnetonka:4;Vadnais Heights:12;Roseville:12;Chanhassen:14;Cottage Grove:18;St. Louis Park:21;Minneapolis:34
Twisted Tea Extreme Variety Pack 12pk 12oz can,FMB,"Breakthru Beverage Minnesota Beer, LLC",227,34.0,6.7,13.32,17.49,15.96,24,,144,445,Minnetonka:2;Ramsey:3;Chanhassen:5;Plymouth:5;Vadnais Heights:6;Woodbury:6;Roseville:11;St. Louis Park:11;Rosemount:12;Bloomington:13;Blaine:21;Cottage Grove:22;Andover:24;Minneapolis:86
Modelo Chelada Limon y Sal 24oz can,Single Serve,"Breakthru Beverage Minnesota Beer, LLC",139,33.9,4.1,2.39,3.49,,32,,137,474,Cottage Grove:4;Stillwater:6;Ramsey:8;Andover:8;Blaine:8;Plymouth:10;Vadnais Heights:11;St. Louis Park:12;Bloomington:15;Minneapolis:17;Roseville:18;Woodbury:24
Founders All Day IPA 15pk 12oz can,Craft,,103,33.8,3.0,14.8,22.49,18.96,34,,139,461,Osseo:3;Plymouth:4;Stillwater:6;Blaine:8;Andover:23;Minnetonka:3;Chanhassen:3;Roseville:4;Woodbury:4;Vadnais Heights:5;St. Louis Park:5;Cottage Grove:6;Ramsey:7;Rosemount:8;Bloomington:14
Monaco Watermelon Crush 12oz can,Single Serve,"Breakthru Beverage Minnesota Beer, LLC",328,33.4,9.8,1.93,3.49,2.96,45,,144,426,Chanhassen:5;Woodbury:9;Andover:10;Plymouth:14;St. Louis Park:15;Osseo:16;Bloomington:20;Ramsey:20;Cottage Grove:29;Stillwater:30;Blaine:39;Vadnais Heights:58;Minneapolis:64
Cutwater White Russian 12oz can,Single Serve,Single Can,0,33.3,0.0,2.47,4.49,3.96,45,,157,365,
Coors Light 6pk 12oz btl,Premium,"Breakthru Beverage Minnesota Beer, LLC",124,33.3,3.7,6.69,8.99,,26,,137,453,Rosemount:2;Chanhassen:2;Minnetonka:3;Plymouth:5;Ramsey:6;St. Louis Park:6;Woodbury:6;Blaine:7;Osseo:8;Andover:9;Roseville:9;Stillwater:11;Bloomington:12;Cottage Grove:16;Minneapolis:22
Good Boy Golf The Golf Pack 8pk 12oz can,Craft,"College City Beverage, Inc.",80,33.2,2.4,16.12,25.99,21.96,38,,128,490,Vadnais Heights:1;Minnetonka:3;St. Louis Park:4;Minneapolis:4;Cottage Grove:6;Ramsey:9;Woodbury:15;Rosemount:19;Blaine:19
Stella Artois 6pk 12oz btl,Import,,244,33.1,7.4,7.7,12.49,10.96,38,,136,452,Bloomington:1;Minnetonka:4;Roseville:7;Woodbury:10;Stillwater:10;Cottage Grove:12;Blaine:18;Andover:19;Minneapolis:27;Rosemount:4;St. Louis Park:6;Vadnais Heights:17;Osseo:19;Chanhassen:23;Plymouth:26;Ramsey:41
BlackStack Local 755 IPA 4pk 16oz can,Craft,,151,32.9,4.6,11.53,16.99,15.96,32,,148,390,Minnetonka:4;Rosemount:4;Minneapolis:5;Osseo:7;Plymouth:8;Andover:10;Blaine:10;Roseville:10;Vadnais Heights:11;Woodbury:17;Chanhassen:18;St. Louis Park:42;Stillwater:8
White Claw Raspberry 6pk 12oz can,Seltzer,,168,32.8,5.1,7.66,12.99,10.96,41,,140,424,Blaine:17;St. Louis Park:1;Chanhassen:2;Rosemount:3;Plymouth:6;Osseo:6;Woodbury:10;Bloomington:10;Andover:15;Ramsey:21;Minneapolis:28;Cottage Grove:53
Monaco Blue Crush 12oz can,Single Serve,"Breakthru Beverage Minnesota Wine & Spirits, LLC",173,32.7,5.3,1.99,3.49,2.96,43,net down pricing,146,393,Andover:1;Woodbury:1;Bloomington:12;Minnetonka:12;Rosemount:12;Vadnais Heights:13;Stillwater:21;Blaine:24;Ramsey:25;Minneapolis:26;Cottage Grove:39
Four Loko Electric Lemonade 24oz can,Single Serve,,50,32.5,1.5,2.15,3.49,,38,,171,275,Ramsey:9;Andover:11;Minneapolis:30
Vodkade Variety Pack 8pk 12oz can,RTD,"Capitol Beverage Sales, L.P.",222,32.3,6.9,15.71,25.99,21.96,40,,152,355,Cottage Grove:1;Bloomington:4;Plymouth:5;Blaine:6;Vadnais Heights:7;St. Louis Park:9;Roseville:10;Osseo:14;Woodbury:23;Ramsey:40;Minneapolis:47;Andover:56
Stella Artois 12pk 11oz can,Import,,281,32.1,8.7,13.44,19.99,16.96,33,,142,394,Minnetonka:2;St. Louis Park:4;Blaine:5;Roseville:11;Chanhassen:13;Osseo:15;Cottage Grove:19;Woodbury:19;Plymouth:22;Rosemount:23;Ramsey:28;Bloomington:30;Andover:34;Minneapolis:56
Surly Oktoberfest 12pk 12oz can,Craft,,145,32.0,4.5,13.05,18.99,15.96,31,,172,253,Minnetonka:1;Stillwater:3;Blaine:4;Cottage Grove:5;Plymouth:5;Woodbury:8;Chanhassen:8;Vadnais Heights:13;Andover:15;Minneapolis:19;Rosemount:19;St. Louis Park:22;Bloomington:23
Coors Heritage 6pk 12oz btl,Premium,"Breakthru Beverage Minnesota Beer, LLC",121,32.0,3.8,6.69,8.99,,26,,139,404,Vadnais Heights:1;Osseo:2;Rosemount:2;Stillwater:5;Plymouth:11;St. Louis Park:13;Cottage Grove:14;Minneapolis:23;Woodbury:3;Andover:6;Bloomington:6;Minnetonka:9;Ramsey:10;Roseville:16
Leinenkugel's Sum Shandy 6pk 12oz btl,Craft,Bernicks,103,31.7,3.2,7.71,11.49,9.96,33,,95,592,Minnetonka:4;Plymouth:5;Woodbury:5;Minneapolis:7;Bloomington:8;Rosemount:10;Stillwater:10;St. Louis Park:11;Blaine:12;Ramsey:21;Cottage Grove:21
Beatbox Juicy Mango 500ml,Single Serve,McDonald Distributing Co dba Clear River Beverage,166,31.7,5.2,2.42,4.49,3.96,46,,141,386,Roseville:3;Plymouth:4;Chanhassen:6;Woodbury:6;Andover:7;Stillwater:7;St. Louis Park:10;Osseo:10;Cottage Grove:13;Vadnais Heights:13;Blaine:19;Minneapolis:20;Bloomington:23;Rosemount:25
Samuel Adams Variety Pack 12pk 12oz can,Craft,"Breakthru Beverage Minnesota Beer, LLC",103,31.7,3.3,13.02,18.99,16.96,31,,169,257,Bloomington:1;Vadnais Heights:1;Stillwater:2;Chanhassen:4;Plymouth:7;Cottage Grove:14;St. Louis Park:17;Woodbury:21;Blaine:22;Andover:23
Heineken 6pk 12oz btl,Import,Bernicks,107,31.7,3.4,7.35,10.99,,33,,137,401,Stillwater:2;Chanhassen:2;Plymouth:3;Minnetonka:4;Rosemount:4;St. Louis Park:4;Vadnais Heights:4;Blaine:6;Cottage Grove:6;Andover:8;Bloomington:9;Ramsey:10;Woodbury:10;Roseville:11;Minneapolis:28
Cutwater Grape Transfusion 4pk 12oz can,RTD,"Capitol Beverage Sales, L.P.",195,31.6,6.2,9.9,13.99,11.96,29,,145,362,Minnetonka:3;Blaine:7;Vadnais Heights:9;Chanhassen:9;Stillwater:12;Plymouth:12;St. Louis Park:15;Woodbury:15;Bloomington:17;Rosemount:23;Cottage Grove:26;Minneapolis:45
Bud Light 24pk 16oz can,Premium,,203,31.4,6.5,21.87,29.99,24.96,27,,145,357,Stillwater:2;Vadnais Heights:7;Rosemount:7;Andover:7;Blaine:7;Chanhassen:8;Bloomington:11;Osseo:12;Ramsey:13;Minneapolis:15;Roseville:19;St. Louis Park:20;Woodbury:20;Cottage Grove:24;Plymouth:31
White Claw Surge Blackberry 19.2oz can,Single Serve,,126,31.3,4.0,2.35,3.79,,38,,135,399,Ramsey:5;Chanhassen:6;Blaine:6;Andover:9;Plymouth:10;Cottage Grove:14;Minneapolis:20;Roseville:12;Stillwater:14;Rosemount:16;Woodbury:17
Carbliss Peach 4pk 12oz can,RTD,,213,31.3,6.8,8.8,13.79,11.96,36,,135,400,Minnetonka:4;Vadnais Heights:5;Rosemount:12;Bloomington:12;Roseville:12;Cottage Grove:27;Woodbury:31;Minneapolis:44;Plymouth:15;Blaine:26;Andover:32
Summit Extra Pale Ale 4pk 16oz can,Craft,,136,31.0,4.4,6.0,9.99,7.96,40,,132,403,Minneapolis:6;Blaine:6;Minnetonka:7;Vadnais Heights:7;Cottage Grove:9;Rosemount:9;St. Louis Park:9;Bloomington:10;Chanhassen:11;Stillwater:13;Woodbury:13;Roseville:26;Ramsey:3;Plymouth:3;Osseo:4
Smirnoff Ice Smash Red White and Berry  23oz can,Single Serve,Bernicks,141,30.5,4.6,2.32,3.99,,42,,138,359,Plymouth:2;Cottage Grove:3;Andover:5;Blaine:5;Woodbury:5;Rosemount:7;Roseville:7;Stillwater:9;St. Louis Park:11;Vadnais Heights:14;Bloomington:17;Minneapolis:56
Twisted Tea Half & Half 12pk 12oz can,FMB,,265,30.4,8.7,13.37,19.99,15.96,33,,128,401,St. Louis Park:19;Cottage Grove:21;Ramsey:21;Woodbury:4;Plymouth:5;Osseo:5;Bloomington:8;Stillwater:9;Roseville:10;Chanhassen:20;Blaine:25;Rosemount:33;Andover:34;Minneapolis:51
Bud Light 6pk 16oz can,Premium,"College City Beverage, Inc.",197,30.2,6.5,5.42,7.99,,32,,127,398,Minnetonka:3;Cottage Grove:4;Stillwater:7;Chanhassen:9;Rosemount:9;Blaine:10;Andover:12;Vadnais Heights:15;Roseville:18;St. Louis Park:34;Osseo:36;Bloomington:50
War Pigs Foggy Geezer 6pk 12oz can,Craft,,73,30.2,2.4,9.0,12.99,,31,,141,336,Bloomington:2;Minnetonka:3;Minneapolis:3;St. Louis Park:3;Vadnais Heights:4;Blaine:6;Plymouth:7;Ramsey:9;Roseville:9;Osseo:12;Rosemount:6;Woodbury:10
Miller Lite 15pk 16oz can,Premium,Bernicks,139,30.1,4.6,17.88,21.99,,19,,136,356,Stillwater:2;Bloomington:6;Ramsey:7;Osseo:7;Plymouth:10;Andover:10;St. Louis Park:10;Roseville:11;Woodbury:11;Vadnais Heights:11;Blaine:17;Cottage Grove:22;Rosemount:24
Samuel Adams Seasonal 12pk 12oz can,Craft,,200,29.9,6.7,13.21,22.49,18.96,41,,163,226,Ramsey:7;Plymouth:15;Osseo:1;Vadnais Heights:2;Chanhassen:10;Roseville:12;Cottage Grove:15;St. Louis Park:16;Woodbury:19;Minneapolis:24;Andover:24;Rosemount:27;Blaine:28
Carbliss Black Cherry 4pk 12oz can,RTD,"Capitol Beverage Sales, L.P.",235,29.8,7.9,8.95,13.79,11.96,35,,119,422,Stillwater:2;Roseville:3;St. Louis Park:5;Minnetonka:6;Woodbury:10;Osseo:11;Bloomington:12;Chanhassen:14;Rosemount:16;Blaine:16;Andover:19;Cottage Grove:22;Plymouth:48;Vadnais Heights:51
Lupulin Hooey IPA 4pk 16oz can,Craft,,148,29.7,5.0,10.97,18.99,15.96,42,,131,364,Chanhassen:2;Bloomington:4;Minneapolis:4;Minnetonka:6;Blaine:9;Ramsey:10;Plymouth:15;Andover:16;Osseo:20;Woodbury:31;Rosemount:8;Stillwater:31
Cutwater Pineapple Margarita 4pk 12oz can,RTD,"Capitol Beverage Sales, L.P.",177,29.7,6.0,9.88,13.99,11.96,29,,137,339,Minnetonka:6;Bloomington:6;Vadnais Heights:6;Chanhassen:9;Roseville:9;Stillwater:11;Rosemount:12;Blaine:23;St. Louis Park:28;Woodbury:32;Minneapolis:33
Sierra Nevada Atomic Torpedo 19.2oz can,Single Serve,"Breakthru Beverage Minnesota Beer, LLC",163,29.6,5.5,2.01,3.49,,42,,133,352,Chanhassen:2;Vadnais Heights:5;Stillwater:7;Osseo:8;Minneapolis:11;Andover:12;Woodbury:12;Roseville:14;Bloomington:14;Ramsey:15;St. Louis Park:15;Rosemount:25;Cottage Grove:27
Carbliss Lemon Lime 4pk 12oz can,RTD,"Capitol Beverage Sales, L.P.",293,29.5,9.9,8.89,13.79,11.96,36,,123,394,Roseville:1;Minnetonka:2;Stillwater:11;Ramsey:11;Chanhassen:11;Bloomington:12;Woodbury:12;Vadnais Heights:13;Cottage Grove:15;Rosemount:30;Plymouth:36;Blaine:38;Andover:49;Minneapolis:52
New Belgium Voodoo Ranger Imperial IPA 19.2oz can,Single Serve,Bernicks,82,29.4,2.8,1.98,3.49,,43,,130,359,Blaine:5;St. Louis Park:9;Minneapolis:11;Chanhassen:12;Woodbury:13;Cottage Grove:17;Bloomington:23
Negra Modelo 12pk 12oz btl,Import,"Breakthru Beverage Minnesota Beer, LLC",204,29.4,6.9,13.32,18.99,15.96,30,,124,388,Minnetonka:1;Vadnais Heights:2;Plymouth:4;Ramsey:5;Andover:5;Bloomington:7;Stillwater:8;Osseo:10;Chanhassen:11;Blaine:16;Roseville:16;Cottage Grove:18;Woodbury:18;Rosemount:25;St. Louis Park:29;Minneapolis:29
Modelo Especial 32oz btl,Single Serve,,102,29.3,3.5,3.06,4.99,,39,,106,465,Ramsey:2;Minneapolis:3;Cottage Grove:3;Stillwater:9;Vadnais Heights:10;Blaine:10;Osseo:10;Woodbury:12;Rosemount:16;Andover:19;Bloomington:20
Natural Ice 15pk 12oz can,Economy,,95,29.3,3.2,9.65,12.99,,26,,128,365,St. Louis Park:1;Ramsey:5;Roseville:7;Bloomington:9;Vadnais Heights:14;Minneapolis:15;Andover:24;Osseo:24;Woodbury:4;Cottage Grove:4
Corona Extra 24oz can,Single Serve,,165,29.2,5.7,2.4,3.99,,40,,126,370,Vadnais Heights:2;Andover:8;Blaine:8;Ramsey:10;Rosemount:12;Roseville:12;Woodbury:12;Stillwater:13;Cottage Grove:13;Bloomington:13;Minneapolis:30;St. Louis Park:32
Happy Thursday Variety 12pk 12oz can,FMB,"Breakthru Beverage Minnesota Beer, LLC",131,29.1,4.5,13.27,20.99,17.96,37,,147,273,Rosemount:1;St. Louis Park:3;Bloomington:5;Plymouth:5;Roseville:6;Ramsey:9;Cottage Grove:11;Andover:14;Woodbury:22;Blaine:25;Minneapolis:30
Corona Premier 12pk 12oz btl,Import,,148,29.1,5.1,13.44,18.99,15.96,29,,126,369,Minnetonka:3;Chanhassen:5;St. Louis Park:6;Roseville:7;Stillwater:7;Bloomington:8;Cottage Grove:9;Vadnais Heights:10;Woodbury:14;Rosemount:15;Plymouth:6;Ramsey:11;Blaine:19;Andover:28
White Claw Mango 19.2oz can,Single Serve,Dahlheimer Beverage Monticello,173,29.1,6.0,2.3,3.79,,39,,128,358,Andover:3;St. Louis Park:6;Blaine:11;Chanhassen:11;Ramsey:11;Cottage Grove:12;Roseville:12;Rosemount:13;Stillwater:14;Plymouth:15;Bloomington:19;Minneapolis:46
Mike's Harder Variety 12pk 12oz can,FMB,,146,29.0,5.0,14.1,20.99,17.96,33,,128,356,Stillwater:5;Ramsey:6;Rosemount:9;Cottage Grove:11;Andover:22;Blaine:25;Minneapolis:41;Vadnais Heights:3;Woodbury:7;St. Louis Park:8;Bloomington:9
Castle Danger Castle Cream Ale 6pk 12oz can,Craft,Bernicks,72,28.5,2.5,8.46,13.99,11.96,40,,112,413,Plymouth:3;Osseo:4;Bloomington:4;Minnetonka:5;Rosemount:5;Vadnais Heights:6;Cottage Grove:7;Chanhassen:8;Blaine:10;Stillwater:11;Andover:13;Minneapolis:13
Lagunitas Maximus 12pk 12oz can,Craft,,129,28.2,4.6,11.92,17.49,14.96,32,,123,353,Ramsey:5;Woodbury:8;Chanhassen:4;Plymouth:5;Vadnais Heights:5;Cottage Grove:5;Osseo:6;Stillwater:6;Minneapolis:9;St. Louis Park:11;Rosemount:13;Blaine:14;Roseville:14;Bloomington:30
Miller Lite 12pk 12oz btl,Premium,Bernicks,173,28.2,6.1,11.32,14.99,,24,,126,340,Minnetonka:4;Chanhassen:4;Plymouth:5;Roseville:7;Stillwater:7;Woodbury:7;Vadnais Heights:8;Andover:8;Osseo:9;St. Louis Park:10;Rosemount:13;Minneapolis:14;Bloomington:15;Ramsey:19;Blaine:19;Cottage Grove:24
Michelob Ultra 4pk 16oz can,Super Premium,,98,28.2,3.5,4.54,6.99,,35,,123,353,Minnetonka:4;Vadnais Heights:4;Woodbury:4;Chanhassen:5;Roseville:6;Bloomington:8;Ramsey:9;Minneapolis:9;Andover:11;Blaine:14;Stillwater:7;Cottage Grove:17
Monaco Black Raspberry 12oz can,Single Serve,"Breakthru Beverage Minnesota Wine & Spirits, LLC",99,28.1,3.5,1.99,3.49,2.96,43,net down pricing,114,390,St. Louis Park:2;Roseville:6;Chanhassen:8;Rosemount:10;Vadnais Heights:10;Stillwater:11;Ramsey:16;Woodbury:16;Minneapolis:20
Bud Light 12pk 12oz btl,Premium,,189,28.0,6.8,11.28,15.99,11.96,29,,116,378,St. Louis Park:1;Minnetonka:4;Chanhassen:7;Ramsey:8;Andover:9;Vadnais Heights:12;Osseo:12;Bloomington:13;Roseville:14;Plymouth:16;Minneapolis:21;Blaine:22;Stillwater:6;Cottage Grove:8;Rosemount:17;Woodbury:19
Grain Belt Nordeast 12pk 16oz can,Premium,Bernicks,184,27.9,6.6,12.31,17.99,15.96,32,,119,362,Stillwater:1;Bloomington:2;Andover:5;Osseo:7;Ramsey:12;Chanhassen:13;St. Louis Park:13;Roseville:14;Minneapolis:18;Plymouth:18;Cottage Grove:19;Rosemount:19;Woodbury:20;Blaine:23
Cutwater Tiki Rum Mai Tai 12oz can,Single Serve,Single Can,0,27.8,0.0,1.7,4.49,3.96,62,,119,359,
Truly Unruly Lemonade Variety 12pk 12oz can,Seltzer,,122,27.4,4.5,13.63,19.99,16.96,32,,123,327,Vadnais Heights:3;Woodbury:5;Osseo:8;Plymouth:8;Rosemount:10;Ramsey:11;Andover:15;Roseville:18;Minneapolis:20;Blaine:24
Grain Belt Premium 12pk 16oz can,Premium,Bernicks,127,27.2,4.7,12.38,15.99,14.96,23,,119,338,Plymouth:1;Vadnais Heights:2;Chanhassen:2;Rosemount:2;Osseo:3;Minneapolis:5;Roseville:5;Stillwater:8;Bloomington:9;Andover:10;Woodbury:11;Cottage Grove:12;St. Louis Park:13;Blaine:19;Ramsey:25
Four Loko USA 23oz can,Single Serve,,96,27.1,3.5,2.15,3.49,,38,,124,312,Blaine:8;Ramsey:9;Andover:9;Cottage Grove:6;Roseville:7;Vadnais Heights:11;Minneapolis:46
Pacifico 6pk 12oz btl,Import,"Breakthru Beverage Minnesota Beer, LLC",129,27.0,4.8,7.23,10.99,,34,,112,363,Osseo:1;Roseville:3;Blaine:4;Minnetonka:4;Rosemount:5;Stillwater:5;Ramsey:6;Plymouth:7;St. Louis Park:7;Andover:9;Chanhassen:9;Vadnais Heights:10;Woodbury:10;Minneapolis:13;Bloomington:16;Cottage Grove:20
Chelada Bud Light & Clamato 25oz can,Single Serve,,193,26.9,7.2,2.28,3.99,,43,,109,374,Roseville:3;Bloomington:7;St. Louis Park:9;Ramsey:9;Plymouth:10;Andover:10;Osseo:17;Vadnais Heights:20;Blaine:24;Minneapolis:26;Rosemount:8;Cottage Grove:18;Woodbury:32
Surfside Strawberry Lemonade 4pk 12oz can,Seltzer,"Capitol Beverage Sales, L.P.",62,26.8,2.3,7.67,11.99,9.96,36,,145,210,Chanhassen:4;Minnetonka:4;Cottage Grove:6;Woodbury:20;Minneapolis:28
Cayman Jack Margarita Variety 12pk 12oz can,FMB,,167,26.8,6.2,13.92,20.99,18.96,34,,108,375,Woodbury:4;Bloomington:5;Roseville:6;Ramsey:6;Rosemount:6;Osseo:9;Vadnais Heights:10;Cottage Grove:12;St. Louis Park:15;Plymouth:3;Andover:14;Blaine:15;Minneapolis:62
Michelob Ultra 6pk 12oz btl,Super Premium,,127,26.7,4.8,7.17,10.99,,35,,116,337,Ramsey:1;Minnetonka:3;Osseo:5;Plymouth:6;Vadnais Heights:6;Roseville:8;Andover:10;Chanhassen:14;Minneapolis:15;Blaine:23;St. Louis Park:27;Cottage Grove:2;Woodbury:4;Rosemount:5
Miller Lite 9pk 16oz can,Premium,Bernicks,117,26.6,4.4,11.22,14.99,,25,,113,345,Minnetonka:3;Andover:4;Roseville:7;Bloomington:8;Vadnais Heights:8;Woodbury:8;Rosemount:11;Osseo:11;Cottage Grove:13;Ramsey:16;Blaine:30
Carbliss Cranberry 4pk 12oz can,RTD,"Capitol Beverage Sales, L.P.",325,26.6,12.2,8.86,13.79,11.96,36,,106,377,Minnetonka:2;Vadnais Heights:4;Osseo:5;Stillwater:8;Roseville:10;Chanhassen:11;Woodbury:17;Bloomington:20;Rosemount:22;Ramsey:27;Blaine:41;Plymouth:42;Andover:55;Cottage Grove:65
Monaco Citrus Rush 12oz can,Single Serve,"Breakthru Beverage Minnesota Beer, LLC",252,26.6,9.5,1.99,3.49,2.96,43,net down pricing,113,345,Osseo:1;Minnetonka:8;Rosemount:9;Chanhassen:9;Woodbury:10;Andover:12;Stillwater:14;St. Louis Park:15;Bloomington:16;Vadnais Heights:20;Ramsey:27;Blaine:39;Minneapolis:42;Cottage Grove:43
Fulton Lonely Blonde 12pk 12oz can,Craft,,135,26.6,5.1,13.59,20.99,17.96,35,,107,374,Andover:10;Blaine:11;Bloomington:22;Vadnais Heights:2;Osseo:5;Stillwater:5;Woodbury:11;Rosemount:11;Plymouth:12;Minneapolis:15;Cottage Grove:18;Chanhassen:29;St. Louis Park:31
Modelo Chelada Pina Picante 24oz can,Single Serve,,179,26.6,6.7,2.34,3.49,,33,,114,341,Andover:5;Plymouth:9;Ramsey:18;Vadnais Heights:6;Rosemount:10;Stillwater:13;Cottage Grove:14;St. Louis Park:15;Bloomington:18;Roseville:19;Woodbury:27;Minneapolis:33
Miller High Life 6pk 16oz can,Below Premium,,731,26.6,27.5,5.14,7.99,,36,,115,336,Andover:6;Blaine:9;Osseo:11;Ramsey:13;Chanhassen:4;Stillwater:9;Vadnais Heights:9;Woodbury:10;Bloomington:10;Minneapolis:32;Cottage Grove:618
White Claw Clawtails Variety 12pk 12oz can,Seltzer,,201,26.5,7.6,13.86,18.99,15.96,27,,111,352,Cottage Grove:21;Blaine:39;Minnetonka:1;Rosemount:1;Plymouth:5;Roseville:5;St. Louis Park:5;Vadnais Heights:8;Osseo:10;Bloomington:12;Woodbury:19;Andover:21;Minneapolis:54
Beatbox Cranberry Dreams 500ml,Single Serve,"Capitol Beverage Sales, L.P.",167,26.4,6.3,2.44,4.49,3.96,46,,124,292,Osseo:4;Vadnais Heights:5;Woodbury:5;Stillwater:6;St. Louis Park:6;Chanhassen:6;Cottage Grove:7;Andover:11;Plymouth:12;Roseville:17;Rosemount:19;Minneapolis:24;Blaine:45
White Claw Surge Blood Orange 19.2oz can,Single Serve,,142,26.1,5.4,2.33,3.79,,38,,109,349,Blaine:2;Ramsey:10;Minneapolis:10;Andover:14;Chanhassen:1;Roseville:7;Cottage Grove:8;Vadnais Heights:9;St. Louis Park:9;Bloomington:13;Rosemount:14;Stillwater:17;Woodbury:33
Budweiser 25oz can,Single Serve,,231,26.0,8.9,2.03,3.99,,49,,106,360,Plymouth:2;St. Louis Park:3;Vadnais Heights:4;Roseville:11;Ramsey:14;Cottage Grove:15;Bloomington:21;Osseo:21;Andover:24;Blaine:29;Minneapolis:79;Rosemount:8
Twisted Tea Half & Half 24oz can,Single Serve,,183,25.8,7.1,2.35,3.99,,41,,102,369,Ramsey:14;Blaine:3;Chanhassen:9;Minneapolis:9;Andover:10;Rosemount:16;Plymouth:16;Stillwater:17;Bloomington:17;Roseville:22;Woodbury:22;St. Louis Park:28
Sierra Nevada Hazy IPA Pack 12pk 12oz can,Craft,,129,25.8,5.0,14.29,20.99,17.96,32,,110,335,Osseo:2;Plymouth:4;Ramsey:4;Stillwater:7;Andover:9;Blaine:13;Minnetonka:2;Vadnais Heights:2;Bloomington:7;Woodbury:9;Roseville:14;Cottage Grove:16;Chanhassen:16;Minneapolis:19;Rosemount:29
Heineken 4pk 16oz can,Import,,156,25.8,6.1,5.01,7.99,,37,,101,372,Osseo:5;Stillwater:6;Ramsey:14;Woodbury:33;Minneapolis:3;Minnetonka:5;Rosemount:8;Vadnais Heights:8;St. Louis Park:9;Chanhassen:19;Roseville:28;Bloomington:31
Beatbox Green Apple 500ml,Single Serve,McDonald Distributing Co dba Clear River Beverage,207,25.8,8.0,2.45,4.49,3.96,45,,120,290,Stillwater:6;Osseo:8;Cottage Grove:12;Roseville:13;Andover:15;Woodbury:15;Bloomington:18;Ramsey:28;Minneapolis:38;Blaine:54
Sierra Nevada Pale Ale 12pk 12oz can,Craft,"Breakthru Beverage Minnesota Beer, LLC",175,25.7,6.8,13.92,20.99,17.96,34,,106,349,Osseo:3;Stillwater:3;Vadnais Heights:4;Plymouth:4;Blaine:9;Andover:10;Rosemount:11;St. Louis Park:13;Woodbury:15;Bloomington:15;Roseville:18;Cottage Grove:21;Minneapolis:21;Chanhassen:28
Budweiser 24pk 16oz can,Premium,"College City Beverage, Inc.",218,25.6,8.5,21.88,29.99,24.96,27,,107,340,Rosemount:4;Vadnais Heights:4;Stillwater:6;Chanhassen:7;Woodbury:7;Minneapolis:11;Ramsey:11;Roseville:15;Andover:17;Bloomington:18;Blaine:18;Plymouth:19;Osseo:23;St. Louis Park:27;Cottage Grove:31
Fresca Variety #2 8pk 12oz can,RTD,,194,25.6,7.6,13.66,23.99,21.96,43,,104,354,Roseville:1;Minnetonka:2;St. Louis Park:5;Osseo:7;Cottage Grove:7;Plymouth:10;Woodbury:10;Bloomington:12;Andover:37;Minneapolis:39;Blaine:59;Rosemount:11
Cutwater Grapefruit Paloma 4pk 12oz can,RTD,"Capitol Beverage Sales, L.P.",313,25.5,12.3,9.88,13.99,11.96,29,,107,339,Vadnais Heights:1;Minnetonka:7;Cottage Grove:8;Roseville:16;Blaine:16;Bloomington:18;Plymouth:20;Rosemount:25;Ramsey:26;St. Louis Park:27;Woodbury:29;Andover:36;Minneapolis:84
Beatbox Blueberry Lemonade 500ml,Single Serve,"College City Beverage, Inc.",100,25.5,3.9,2.4,4.49,3.96,47,,121,274,Andover:4;Minnetonka:5;Rosemount:8;Vadnais Heights:10;Woodbury:13;Stillwater:15;Cottage Grove:20;Bloomington:35
White Claw Blackberry 19.2oz can,Single Serve,"Breakthru Beverage Minnesota Beer, LLC",155,25.3,6.1,2.34,3.79,,38,,106,335,Cottage Grove:5;Vadnais Heights:6;Bloomington:10;Blaine:12;Roseville:13;St. Louis Park:19;Andover:20;Ramsey:33;Woodbury:37
Angry Orchard Crisp Apple 12pk 12oz btl,Cider,Dahlheimer Beverage Monticello,150,25.3,5.9,14.04,21.99,17.96,36,,114,301,Rosemount:1;Chanhassen:2;Bloomington:4;St. Louis Park:5;Cottage Grove:9;Roseville:13;Blaine:14;Ramsey:23;Andover:34;Woodbury:45
Cayman Jack Margarita 12pk 12oz can,FMB,,190,25.1,7.6,13.91,22.49,18.96,38,,107,324,Plymouth:2;Minneapolis:48;Roseville:3;Bloomington:4;St. Louis Park:8;Cottage Grove:8;Chanhassen:10;Rosemount:12;Vadnais Heights:13;Stillwater:17;Ramsey:19;Andover:19;Blaine:35
Lagunitas Daytime IPA 12pk 12oz can,Craft,Bernicks,35,25.1,1.4,12.0,17.49,14.96,31,,106,329,Minneapolis:1;St. Louis Park:3;Vadnais Heights:4;Woodbury:4;Cottage Grove:4;Ramsey:6;Rosemount:6;Roseville:7;Blaine:8
Mike's Harder Cranberry 23oz can,Single Serve,,148,25.1,5.9,2.35,3.99,,41,,109,316,Blaine:5;Cottage Grove:8;Andover:9;Ramsey:3;Rosemount:8;Plymouth:9;St. Louis Park:10;Stillwater:10;Roseville:12;Minneapolis:17;Bloomington:21;Minnetonka:36
Fosters Lager 25oz can,Single Serve,,220,25.1,8.8,2.26,3.99,,43,,101,351,Plymouth:2;Andover:8;Osseo:22;Ramsey:34;Blaine:38;Roseville:1;Stillwater:6;Vadnais Heights:9;Bloomington:11;Rosemount:13;Minneapolis:13;Cottage Grove:13;Woodbury:18;St. Louis Park:32
Pabst Blue Ribbon 6pk 16oz can,Below Premium,,213,24.8,8.6,4.91,7.99,,39,,107,316,Blaine:8;Andover:11;Osseo:21;Stillwater:3;Roseville:3;St. Louis Park:7;Bloomington:9;Minnetonka:11;Cottage Grove:21;Woodbury:30;Rosemount:35;Minneapolis:55
Carbliss Pineapple 4pk 12oz can,RTD,"Capitol Beverage Sales, L.P.",162,24.6,6.6,9.05,13.79,11.96,34,,101,335,Minnetonka:2;Bloomington:4;St. Louis Park:5;Stillwater:8;Osseo:11;Rosemount:12;Roseville:12;Cottage Grove:12;Woodbury:28;Blaine:34;Andover:58
Samuel Adams Seasonal 2 6pk 12oz btl,Craft,Dahlheimer Beverage Monticello,41,24.5,1.7,7.7,10.99,,30,,124,229,Vadnais Heights:2;Ramsey:2;Cottage Grove:3;Minnetonka:4;Rosemount:4;Andover:5;Blaine:6;Woodbury:7;Stillwater:12
Miller High Life 12pk 12oz can,Below Premium,Bernicks,150,24.3,6.2,10.17,14.99,13.46,32,,100,331,Plymouth:1;Osseo:1;Blaine:4;Bloomington:7;Woodbury:8;Andover:8;Rosemount:9;Chanhassen:10;Ramsey:10;Roseville:11;Vadnais Heights:13;St. Louis Park:14;Cottage Grove:17;Stillwater:17;Minneapolis:20
Cutwater Strawberry Margarita 12oz can,Single Serve,Single Can,0,24.3,0.0,2.47,4.49,3.96,45,,106,303,
Negra Modelo 6pk 12oz btl,Import,,109,24.3,4.5,7.23,10.99,,34,,103,317,Minnetonka:1;Andover:12;Minneapolis:14;St. Louis Park:18;Osseo:2;Ramsey:3;Plymouth:5;Vadnais Heights:5;Woodbury:5;Cottage Grove:8;Rosemount:10;Bloomington:12;Stillwater:12;Blaine:13
Michelob Ultra Zero 12pk 12oz can,Super Premium,,100,24.2,4.1,11.84,18.99,15.96,38,,97,340,Stillwater:1;Cottage Grove:3;Vadnais Heights:4;Bloomington:5;Osseo:5;Chanhassen:6;Woodbury:8;Roseville:10;Rosemount:10;Blaine:11;Andover:14;Ramsey:24
NUTRL Fruit Variety Pack 8pk 12oz can,RTD,,107,24.2,4.4,15.01,23.99,19.96,37,,100,328,Osseo:1;Roseville:1;Minnetonka:2;Bloomington:2;Blaine:3;Chanhassen:4;Plymouth:5;St. Louis Park:5;Minneapolis:6;Andover:25;Stillwater:6;Cottage Grove:8;Rosemount:14;Woodbury:25
Cutwater Espresso Martini 12oz Can,Single Serve,Single Can,0,24.0,0.0,2.49,4.49,3.96,45,,111,273,
Leinenkugel's Lodge Pack 12pk 12oz can,Craft,"Breakthru Beverage Minnesota Beer, LLC",83,23.8,3.5,13.05,19.99,15.96,35,,76,422,Plymouth:1;Rosemount:1;Minnetonka:3;Woodbury:5;Ramsey:5;Osseo:7;Vadnais Heights:7;Roseville:8;Andover:17;Blaine:17;Chanhassen:18
White Claw Green Apple 6pk 12oz can,Seltzer,,100,23.8,4.2,7.7,12.99,10.96,41,,104,296,Blaine:9;Stillwater:11;Andover:16;Woodbury:2;Chanhassen:5;Rosemount:7;St. Louis Park:9;Bloomington:10;Cottage Grove:14;Minneapolis:17
Fresca Mixed Vodka Spritz 4pk 12oz can,RTD,,124,23.4,5.3,7.55,12.99,,42,,90,348,Andover:4;Blaine:22;Rosemount:4;Minnetonka:4;Bloomington:5;Roseville:5;Cottage Grove:7;Woodbury:8;Minneapolis:65
Sun Cruiser Pink Lemonade 4pk 12oz can,RTD,"Breakthru Beverage Minnesota Beer, LLC",110,23.3,4.7,7.14,11.99,,40,,103,286,Blaine:1;Bloomington:8;Vadnais Heights:9;St. Louis Park:9;Roseville:11;Andover:12;Minneapolis:60
Four Loko Blue Razz 23oz can,Single Serve,,101,23.1,4.4,2.14,3.49,,39,,104,274,Ramsey:5;Osseo:15;Andover:17;Cottage Grove:5;Minneapolis:61
Surfside Half and Half 24oz can,RTD,"Capitol Beverage Sales, L.P.",125,23.1,5.4,1.94,3.49,2.96,44,,48,527,Minnetonka:1;Stillwater:1;Bloomington:1;Andover:2;Woodbury:7;Roseville:9;Blaine:25;Chanhassen:28;Cottage Grove:51
Crook & Marker Tea Pack 8pk 12oz can,FMB,"Breakthru Beverage Minnesota Beer, LLC",2,23.0,0.1,5.06,11.99,,58,,122,189,Minneapolis:2
Kona Big Wave Golden Ale 4pk 16oz can,Craft,,46,23.0,2.0,4.95,6.99,,29,,105,266,Ramsey:6;Andover:6;Bloomington:10;Blaine:20;Cottage Grove:3;Woodbury:5
Surfside Blueberry Lemonade 4pk 12oz can,RTD,"Capitol Beverage Sales, L.P.",56,22.9,2.4,7.68,11.99,9.96,36,,121,193,Minnetonka:7;Bloomington:11;Woodbury:18;Minneapolis:20
Mike's Black Cherry Lemonade 23oz can,Single Serve,"Breakthru Beverage Minnesota Beer, LLC",269,22.8,11.8,2.34,3.99,,41,,97,296,Ramsey:8;Roseville:9;Rosemount:12;Vadnais Heights:12;Cottage Grove:13;Stillwater:14;Woodbury:17;Blaine:19;Andover:33;Plymouth:34;Minneapolis:44;Bloomington:54
Pryes Royal Raspberry Sour Ale 4pk 16oz can,Craft,,148,22.8,6.5,10.17,17.49,14.96,42,,102,275,Minneapolis:1;Vadnais Heights:1;Andover:3;Roseville:5;Minnetonka:7;Chanhassen:10;Bloomington:11;Plymouth:12;Cottage Grove:13;St. Louis Park:14;Stillwater:15;Blaine:15;Woodbury:18;Rosemount:23
Heineken 12pk 12oz can,Import,,226,22.7,10.0,13.06,19.99,16.96,35,,92,315,Blaine:2;Minnetonka:3;Plymouth:5;Ramsey:7;Woodbury:10;Chanhassen:14;Roseville:18;Bloomington:20;Rosemount:20;Andover:23;St. Louis Park:24;Cottage Grove:30;Minneapolis:39;Vadnais Heights:11
Grain Belt Nordeast 12pk 12oz btl,Premium,Bernicks,190,22.6,8.4,11.77,14.99,13.96,22,,101,271,Minneapolis:1;Vadnais Heights:2;Stillwater:3;Andover:3;Rosemount:5;Plymouth:8;Ramsey:8;Bloomington:11;Cottage Grove:11;Roseville:15;Woodbury:17;Blaine:33;Chanhassen:36;St. Louis Park:37
Surly Todd The Axe Man 4pk 16oz can,Craft,Dahlheimer Beverage Monticello,91,22.4,4.1,12.24,18.99,,36,,99,276,Stillwater:6;Ramsey:2;Bloomington:3;Woodbury:3;Minnetonka:5;Minneapolis:5;Plymouth:5;Rosemount:6;Cottage Grove:7;Vadnais Heights:8;Roseville:9;Blaine:9;Andover:10;St. Louis Park:13
Indeed Mexican Honey 4pk 16oz can,Craft,,115,22.3,5.2,9.75,15.99,13.96,39,,94,294,Andover:6;Ramsey:7;Blaine:7;Osseo:7;Cottage Grove:2;Rosemount:3;Roseville:3;Minnetonka:4;Chanhassen:4;Woodbury:5;Plymouth:7;Minneapolis:11;St. Louis Park:21;Bloomington:28
Arnold Palmer Spiked 12pk 12oz can,FMB,Dahlheimer Beverage Monticello,142,22.3,6.4,13.33,18.99,,30,,88,320,Plymouth:2;Vadnais Heights:6;St. Louis Park:7;Stillwater:7;Bloomington:8;Andover:8;Blaine:11;Rosemount:15;Woodbury:15;Minneapolis:25;Cottage Grove:43
Twisted Tea Raspberry 24oz can,Single Serve,"Breakthru Beverage Minnesota Beer, LLC",112,22.2,5.0,2.35,3.99,,41,,100,265,Ramsey:5;Rosemount:6;Blaine:8;Stillwater:10;Bloomington:11;Roseville:12;Cottage Grove:12;St. Louis Park:15;Minneapolis:34
Four Loko Sour Grape 23oz can,Single Serve,,49,22.2,2.2,2.19,3.49,,37,,95,287,Andover:13;Blaine:14;Bloomington:17;Minneapolis:26
Third Street MN Gold Lager 12pk 16oz can,Premium,,40,22.1,1.8,10.78,15.99,13.96,33,,95,283,Ramsey:1;Osseo:4;Blaine:5;Andover:7;Woodbury:2;Bloomington:3;Minneapolis:4;Rosemount:6;Vadnais Heights:9;St. Louis Park:16
Mike's Variety Pack 12pk 12oz btl,FMB,"Breakthru Beverage Minnesota Beer, LLC",168,22.1,7.6,13.98,20.99,17.96,33,,96,279,Minnetonka:1;Woodbury:2;Chanhassen:3;Vadnais Heights:5;Plymouth:6;Cottage Grove:6;Bloomington:8;Rosemount:8;Stillwater:11;Roseville:12;Ramsey:17;Blaine:22;Andover:23;Minneapolis:44
Modelo Chelada Variety Pack 12pk 12oz can,Import,,155,22.0,7.0,13.45,18.99,15.96,29,,80,347,Plymouth:11;Andover:13;Ramsey:14;Minneapolis:17;Osseo:18;Blaine:18;Minnetonka:2;Chanhassen:6;Vadnais Heights:6;Roseville:6;Cottage Grove:8;Woodbury:9;Rosemount:10;Bloomington:17
Modist Brewing Dreamyard 4pk 16oz can,Craft,,151,21.9,6.9,10.03,17.49,14.96,43,,91,296,Minnetonka:5;Vadnais Heights:5;Minneapolis:6;Osseo:6;Blaine:6;Stillwater:7;Plymouth:10;Andover:10;Roseville:10;Woodbury:11;St. Louis Park:11;Cottage Grove:13;Bloomington:17;Rosemount:17;Chanhassen:17
Budweiser 12pk 12oz btl,Premium,,124,21.8,5.7,11.33,15.99,11.96,29,,91,290,Chanhassen:3;Andover:5;Vadnais Heights:7;Minneapolis:7;Cottage Grove:9;St. Louis Park:9;Plymouth:10;Bloomington:12;Osseo:12;Blaine:15;Roseville:17;Stillwater:5;Woodbury:6;Rosemount:7
Carbliss Cranberry 12pk 12oz can,RTD,,129,21.8,5.9,26.3,35.49,29.96,26,,93,282,Minneapolis:4;Vadnais Heights:6;Roseville:8;Bloomington:12;Ramsey:12;Woodbury:14;Cottage Grove:26;Plymouth:3;Blaine:15;Andover:29
Pryes Variety Pack Mix #3 12pk 12oz can,Craft,"Pryes Brewing Company, LLC",189,21.7,8.7,12.57,22.49,16.96,44,,100,249,Minnetonka:1;Blaine:3;Plymouth:4;Chanhassen:4;Vadnais Heights:5;Bloomington:8;Ramsey:9;Woodbury:9;Andover:13;Rosemount:13;St. Louis Park:13;Cottage Grove:17;Stillwater:21;Roseville:26;Minneapolis:43
Coors Banquet 15pk 16oz can,Premium,"Breakthru Beverage Minnesota Beer, LLC",68,21.6,3.2,17.8,21.99,19.96,19,,93,275,Ramsey:2;Plymouth:3;Osseo:3;Bloomington:5;Roseville:5;Andover:6;Cottage Grove:7;Rosemount:8;Vadnais Heights:10;Woodbury:11;Blaine:11
Olde English 800 40oz btl,Single Serve,,67,21.5,3.1,2.63,4.49,,41,,99,247,Andover:7;Minneapolis:14;Bloomington:8;Ramsey:9;Roseville:14;Woodbury:15
Deschutes Fresh Squeezed IPA 12pk 12oz can,Craft,,97,21.4,4.5,14.85,23.99,19.96,38,,93,270,Plymouth:1;Osseo:2;Ramsey:8;Andover:9;St. Louis Park:15;Blaine:15;Minnetonka:2;Bloomington:3;Cottage Grove:6;Roseville:11;Woodbury:13;Rosemount:14
Guinness Draught 4pk 15oz can,Import,,110,21.3,5.2,6.38,8.99,,29,,98,245,Plymouth:8;Woodbury:1;Minnetonka:5;Rosemount:9;Stillwater:10;St. Louis Park:22;Minneapolis:60
Corona N/A 6pk 12oz btl,Import,"Breakthru Beverage Minnesota Beer, LLC",83,21.3,3.9,7.33,10.99,9.96,33,,82,315,Ramsey:2;Stillwater:2;Woodbury:2;Roseville:4;Minnetonka:5;Osseo:5;Plymouth:5;Bloomington:6;Rosemount:6;Chanhassen:6;Minneapolis:6;Andover:7;Cottage Grove:7;Blaine:9;St. Louis Park:13
Cutwater Pineapple Margarita 12oz can,Single Serve,Single Can,0,21.2,0.0,2.47,4.49,3.96,45,,100,232,
White Claw Surge Variety Pack 24pk 12oz can,Seltzer,,113,21.2,5.3,25.91,34.99,29.96,26,,110,185,Rosemount:2;Cottage Grove:16;Bloomington:20;Woodbury:34;Minneapolis:41
Monaco Sun Crush 12oz can,Single Serve,Dahlheimer Beverage Monticello,166,21.1,7.9,1.99,3.49,2.96,43,net down pricing,86,290,Andover:1;Minnetonka:1;Rosemount:5;Cottage Grove:12;Roseville:13;Plymouth:14;Bloomington:16;St. Louis Park:20;Chanhassen:28;Blaine:35;Minneapolis:42
Guinness Draught 6pk 11oz btl,Import,Bernicks,102,21.0,4.8,7.22,9.99,8.96,28,,91,267,Woodbury:2;Minnetonka:3;Rosemount:3;Bloomington:3;Chanhassen:4;Plymouth:4;Stillwater:4;St. Louis Park:5;Blaine:6;Cottage Grove:7;Osseo:7;Vadnais Heights:9;Andover:9;Roseville:14;Minneapolis:22
Press Sparkling Signature 12pk 12oz can,Seltzer,,249,20.9,11.9,14.05,21.99,18.96,36,,85,290,Minnetonka:2;Woodbury:2;Chanhassen:3;Osseo:3;Roseville:4;Plymouth:4;Bloomington:11;Andover:11;Ramsey:19;St. Louis Park:22;Vadnais Heights:32;Minneapolis:33;Cottage Grove:34;Rosemount:34;Blaine:37
White Claw Mango 6pk 12oz can,Seltzer,,117,20.9,5.6,7.7,12.99,10.96,41,,91,262,Blaine:3;Rosemount:3;Stillwater:5;St. Louis Park:7;Andover:9;Ramsey:10;Woodbury:14;Bloomington:15;Cottage Grove:16;Minneapolis:35
Bud Light 25oz can,Single Serve,,175,20.8,8.4,2.33,3.99,,42,,84,291,Blaine:5;Roseville:8;Osseo:8;Ramsey:15;Bloomington:16;Minneapolis:20;Andover:21;Plymouth:23;St. Louis Park:29;Rosemount:9;Cottage Grove:10;Woodbury:23
Mickeys Malt Liquor 6pk 12oz btl,Economy,,93,20.8,4.5,6.03,8.99,,33,,90,265,Plymouth:2;Ramsey:6;Osseo:6;Cottage Grove:13;Andover:13;Blaine:32;Vadnais Heights:2;Minneapolis:4;Bloomington:5;Rosemount:5;St. Louis Park:5
Downeast Cider Berry Variety Pack 12pk 12oz can,Cider,"Breakthru Beverage Minnesota Beer, LLC",128,20.8,6.1,14.87,22.99,19.96,35,,89,269,Bloomington:1;Plymouth:2;St. Louis Park:2;Chanhassen:4;Osseo:6;Woodbury:12;Ramsey:14;Roseville:15;Andover:17;Cottage Grove:22;Blaine:33
Kona Wave Rider Variety Pack 12pk 12oz can,Craft,"College City Beverage, Inc.",148,20.8,7.1,13.45,19.99,16.96,33,,82,300,Minnetonka:4;Stillwater:6;Cottage Grove:7;Andover:7;Minneapolis:9;St. Louis Park:10;Rosemount:15;Osseo:16;Plymouth:18;Vadnais Heights:26;Blaine:32
Modelo Chelada Limon y Sal 12pk 12oz can,Import,,140,20.8,6.7,13.36,18.99,15.96,30,,86,280,Plymouth:3;Ramsey:5;Blaine:12;Andover:16;Chanhassen:6;Stillwater:6;Vadnais Heights:6;Bloomington:9;Roseville:9;Cottage Grove:9;Woodbury:13;Rosemount:23;Minneapolis:23
Topo Chico Hard Seltzer Variety 12pk 12oz can,Seltzer,,100,20.8,4.8,14.08,20.99,17.96,33,,87,278,Plymouth:4;Roseville:7;Bloomington:12;Andover:12;Blaine:15;Minnetonka:1;Rosemount:5;Chanhassen:8;Cottage Grove:12;Minneapolis:14;Vadnais Heights:19
Cayman Jack Variety Pack 12pk 12oz can,FMB,,136,20.7,6.6,13.81,22.49,18.96,39,,93,248,Plymouth:2;Andover:8;Ramsey:15;Blaine:15;St. Louis Park:3;Roseville:5;Rosemount:5;Woodbury:5;Bloomington:8;Vadnais Heights:9;Chanhassen:13;Minneapolis:58
Surly Furious 6pk 12oz can,Craft,,54,20.7,2.6,8.46,12.99,,35,,91,255,Minneapolis:8;Vadnais Heights:8;Blaine:8;St. Louis Park:8;Bloomington:9;Roseville:10;Ramsey:6
Athletic Free Wave N/A 12pk 12oz can,Craft,,87,20.7,4.2,14.13,20.99,17.96,33,,86,278,Plymouth:1;Ramsey:2;St. Louis Park:2;Blaine:3;Minneapolis:6;Cottage Grove:8;Andover:10;Bloomington:11;Roseville:17;Woodbury:18;Stillwater:4;Rosemount:7
Cutwater Mango Margatira 12oz can,Single Serve,Single Can,0,20.7,0.0,2.46,4.49,3.96,45,,76,324,
Mike's Black Cherry 6pk 12oz can,FMB,Dahlheimer Beverage Monticello,124,20.6,6.0,7.49,10.99,,32,,86,276,Osseo:2;Ramsey:4;Blaine:5;Cottage Grove:5;Stillwater:5;Chanhassen:6;Andover:6;St. Louis Park:7;Bloomington:7;Vadnais Heights:7;Roseville:12;Rosemount:13;Woodbury:19;Minneapolis:26
Victoria Lager 12pk 12oz btl,Import,Dahlheimer Beverage Monticello,210,20.6,10.2,13.38,18.99,15.96,30,,86,276,Minnetonka:2;Plymouth:2;Vadnais Heights:4;Roseville:8;Ramsey:8;St. Louis Park:10;Stillwater:13;Rosemount:14;Woodbury:14;Osseo:14;Blaine:14;Bloomington:20;Andover:23;Cottage Grove:29;Minneapolis:36
Wild State Cider Classic Dry 4pk 12oz can,Cider,"Capitol Beverage Sales, L.P.",163,20.5,8.0,8.69,12.99,,33,,86,272,Minnetonka:2;Minneapolis:5;Rosemount:6;Vadnais Heights:6;Cottage Grove:6;Andover:7;Blaine:8;Bloomington:9;Woodbury:10;Roseville:11;Stillwater:12;Plymouth:13;Chanhassen:25;St. Louis Park:43
Bell's Two Hearted Ale 4pk 16oz can,Craft,,79,20.5,3.9,6.75,10.99,,39,,87,268,Woodbury:6;Minneapolis:1;Cottage Grove:3;Roseville:4;Vadnais Heights:5;Rosemount:9;St. Louis Park:14;Bloomington:15;Chanhassen:22
Truly Punch Variety 12pk 12oz can,Seltzer,,179,20.5,8.7,13.63,19.99,16.96,32,,89,258,St. Louis Park:10;Ramsey:13;Andover:27;Blaine:33;Bloomington:11;Roseville:13;Cottage Grove:16;Rosemount:16;Vadnais Heights:18;Minneapolis:22
Happy Dad Variety Pack 12pk 12oz can,Seltzer,,146,20.5,7.1,13.94,22.49,18.96,38,,86,272,Osseo:1;Roseville:1;Rosemount:2;Vadnais Heights:4;Minnetonka:4;Bloomington:8;Plymouth:8;Cottage Grove:13;Ramsey:15;Blaine:16;Woodbury:21;St. Louis Park:22;Andover:3;Minneapolis:28
White Claw Strawberry 19.2oz can,Single Serve,Dahlheimer Beverage Monticello,120,20.4,5.9,2.35,3.79,,38,,96,225,Plymouth:1;Ramsey:8;Blaine:10;St. Louis Park:10;Andover:26;Woodbury:32;Minneapolis:33
Downeast Cider Seasonal 2 4pk 12oz can,Cider,,-300,20.3,-14.8,9.25,13.99,11.96,34,,105,179,Andover:24
Michelob Golden Light 15pk 16oz can,Premium,"College City Beverage, Inc.",43,20.2,2.1,17.58,24.99,20.96,30,,87,257,Woodbury:1;Cottage Grove:3;St. Louis Park:4;Stillwater:5;Andover:5;Ramsey:6;Rosemount:6;Blaine:13
Sun Cruiser Half and Half 19.2oz can,Single Serve,Dahlheimer Beverage Monticello,105,20.1,5.2,3.1,4.99,4.46,38,,97,210,Andover:1;Blaine:8;St. Louis Park:12;Woodbury:16;Minneapolis:17;Cottage Grove:51
Lagunitas Little Sumpin' Sumpin' Ale 19.2oz can,Single Serve,,123,20.1,6.1,1.95,3.49,,44,,85,262,Woodbury:8;Osseo:19;Blaine:7;Roseville:9;Cottage Grove:9;Rosemount:10;Vadnais Heights:11;Bloomington:19;Plymouth:31
Corona Extra 4pk 16oz can,Import,,118,20.0,5.9,5.23,7.99,,35,,82,275,Ramsey:2;Blaine:5;Andover:9;Vadnais Heights:1;Chanhassen:3;Woodbury:4;St. Louis Park:4;Minnetonka:6;Roseville:7;Rosemount:9;Stillwater:9;Bloomington:11;Cottage Grove:11;Minneapolis:37
Cutwater Long Island 12oz can,Single Serve,Single Can,0,19.9,0.0,2.46,4.49,3.96,45,,87,247,
Surfside Raspberry Lemonade 4pk 12oz can,Seltzer,"Capitol Beverage Sales, L.P.",92,19.9,4.6,7.64,11.99,9.96,36,,106,162,Cottage Grove:11;Woodbury:14;Stillwater:17;Minneapolis:50
Beatbox Cherry Limeade 500ml,Single Serve,,110,19.9,5.5,2.4,5.24,3.96,54,,95,211,Stillwater:11;Woodbury:12;Cottage Grove:21;Rosemount:27;Minneapolis:4;Osseo:13;Bloomington:22
Stilly Variety Pack #2 8pk 12oz can,RTD,,133,19.9,6.7,12.66,21.99,17.96,42,,82,271,Osseo:2;Bloomington:3;Rosemount:3;Chanhassen:4;Minnetonka:7;Roseville:7;Andover:8;St. Louis Park:10;Cottage Grove:10;Stillwater:12;Blaine:13;Minneapolis:15;Vadnais Heights:19;Woodbury:20
New Belgium Voodoo Ranger Juicy Haze IPA 12pk 12oz can,Craft,,85,19.9,4.3,13.43,19.99,16.96,33,,89,240,Blaine:11;St. Louis Park:15;Rosemount:4;Woodbury:6;Cottage Grove:8;Roseville:9;Chanhassen:10;Vadnais Heights:11;Bloomington:18
Cayman Jack Margarita 6pk 12oz btl,FMB,,128,19.8,6.4,7.55,11.99,10.96,37,,76,296,Minneapolis:30;Minnetonka:2;Osseo:3;Plymouth:4;Cottage Grove:4;Stillwater:5;Roseville:5;Vadnais Heights:6;St. Louis Park:7;Bloomington:9;Ramsey:9;Blaine:11;Andover:36
Leinenkugel's Rotator 12pk 12oz can,Craft,,-94,19.7,-4.8,12.71,18.99,15.96,33,,95,207,Ramsey:5;Osseo:5;Plymouth:6;Blaine:8;Bloomington:4
Truly Seasonal Variety Pack 12pk 12oz can,Seltzer,"Breakthru Beverage Minnesota Beer, LLC",125,19.7,6.3,13.76,19.99,16.96,31,,79,278,Ramsey:1;St. Louis Park:2;Plymouth:3;Rosemount:6;Osseo:6;Stillwater:7;Andover:12;Cottage Grove:14;Blaine:19;Bloomington:23;Minneapolis:45
Sierra Nevada Big Little Thing IPA 19.2oz can,Single Serve,,-181,19.6,-9.3,2.57,3.49,,26,,83,255,Minneapolis:2;Rosemount:6
Athletic Brew Free Wave Hazy IPA 6pk 12oz can,Craft,,80,19.6,4.1,8.26,11.99,11.96,31,,82,262,Osseo:3;Andover:4;Blaine:5;Chanhassen:5;Plymouth:5;Minnetonka:3;Vadnais Heights:4;Woodbury:5;Rosemount:6;Stillwater:8;Roseville:8;St. Louis Park:8;Cottage Grove:16
Insight Troll Way 4pk 16oz can,Craft,Insight Brewing Company (D),53,19.6,2.8,10.19,13.99,,27,,83,255,Plymouth:3;Ramsey:3;Minnetonka:5;Cottage Grove:5;Chanhassen:5;Blaine:6;Bloomington:8;St. Louis Park:10;Andover:11;Woodbury:13;Rosemount:14
Kona Big Wave Golden Ale 6pk 12oz btl,Craft,,165,19.5,8.5,7.65,10.99,,30,,81,263,Osseo:7;St. Louis Park:7;Roseville:9;Bloomington:12;Ramsey:13;Vadnais Heights:13;Blaine:21;Andover:40;Stillwater:4;Rosemount:9;Cottage Grove:10;Woodbury:20
Leinenkugel Viktor's Voyage Ale 12pk 12oz can,Craft,Dahlheimer Beverage Monticello,195,19.5,10.0,12.82,19.99,15.96,36,,109,136,Chanhassen:1;Rosemount:4;St. Louis Park:7;Stillwater:7;Ramsey:8;Cottage Grove:8;Blaine:8;Vadnais Heights:15;Bloomington:25;Woodbury:26;Roseville:31;Minneapolis:55
Lupulin Oktoberfest 4pk 16oz can,Craft,,79,19.5,4.0,9.35,11.99,10.96,22,,106,151,Bloomington:2;Blaine:2;Roseville:3;Plymouth:3;Minnetonka:5;Woodbury:6;Rosemount:6;Minneapolis:9;Andover:14;Osseo:14;Ramsey:17
Smirnoff Ice 6pk 12oz btl,FMB,,73,19.4,3.8,7.46,10.99,,32,,76,282,Osseo:3;Blaine:6;Rosemount:3;St. Louis Park:3;Minnetonka:4;Stillwater:5;Bloomington:7;Roseville:8;Woodbury:9;Cottage Grove:11;Minneapolis:18
Summit Winter 4pk 16oz can,Craft,,27,19.3,1.4,6.0,9.99,7.96,40,,102,162,Rosemount:2;Minnetonka:3;Cottage Grove:3;Woodbury:3;Vadnais Heights:5;St. Louis Park:5;Osseo:6
Mamitas Pineapple Hard Seltzer,Craft,,-620,19.3,-32.1,7.35,14.99,,51,,0,620,
Ursa Minor Galactic Face Slap 4pk 16oz can,Craft,Ursa Minor Brewing,73,19.3,3.8,10.76,15.99,,33,,83,247,Ramsey:1;Osseo:2;Woodbury:2;Minnetonka:3;Roseville:3;Cottage Grove:3;Blaine:5;Rosemount:6;Bloomington:7;Plymouth:9;Andover:12;St. Louis Park:20
Good Boy Vodka Lemonade Variety Pack 8pk 12oz can,RTD,,140,19.2,7.3,16.28,25.99,21.96,37,,83,244,Chanhassen:3;Roseville:7;Minneapolis:7;Osseo:12;Ramsey:14;Andover:15;Blaine:29;Cottage Grove:8;Stillwater:8;Rosemount:14;Woodbury:23
Summit Saga Hazy IPA 12pk 12oz can,Craft,Dahlheimer Beverage Monticello,15,19.2,0.8,12.22,19.99,16.96,39,,84,240,Stillwater:1;Cottage Grove:3;Bloomington:4;Woodbury:6;Andover:6;Plymouth:6;St. Louis Park:8;Vadnais Heights:10
Smirnoff Spiked Ice Screwdrive 24oz can,Single Serve,,197,19.2,10.3,2.3,3.99,,42,,84,239,Blaine:12;Andover:16;Plymouth:19;Vadnais Heights:28;Rosemount:4;Roseville:7;Stillwater:13;St. Louis Park:13;Woodbury:13;Minneapolis:15;Bloomington:19;Cottage Grove:38
Pabst Blue Ribbon 12pk 12oz can,Below Premium,,76,19.1,4.0,9.38,12.99,11.96,28,,84,236,St. Louis Park:1;Plymouth:4;Blaine:5;Andover:6;Osseo:7;Cottage Grove:1;Rosemount:2;Stillwater:2;Minnetonka:3;Roseville:7;Minneapolis:38
Surly Selects Variety Pack 12pk 12oz can,Craft,Artisan Beer,142,19.0,7.5,15.45,21.99,18.96,30,,71,290,Ramsey:2;Cottage Grove:2;Minnetonka:4;Minneapolis:5;Osseo:5;Plymouth:5;Roseville:5;Stillwater:7;Rosemount:8;Bloomington:11;Woodbury:13;Vadnais Heights:14;Blaine:17;St. Louis Park:21;Andover:24
Athletic Brew Upside Dawn Golden 6pk 12oz can,Craft,,94,19.0,5.0,8.13,11.99,11.96,32,,75,272,Ramsey:2;Blaine:3;Plymouth:5;Osseo:7;Minneapolis:9;Roseville:1;Minnetonka:2;Chanhassen:4;Rosemount:6;Stillwater:8;Woodbury:10;St. Louis Park:10;Bloomington:13;Cottage Grove:18
New Belgium Voodoo Ranger IPA 12pk 12oz can,Craft,Bernicks,117,18.9,6.2,13.54,19.99,16.96,32,,82,237,Blaine:2;Vadnais Heights:5;Cottage Grove:6;Rosemount:10;Andover:11;Bloomington:11;Chanhassen:12;Ramsey:15;St. Louis Park:16;Minneapolis:35
Firestone Walker 805 Blonde Ale 12pk 12oz can,Craft,Artisan Beer,198,18.9,10.5,13.12,17.49,14.96,25,,76,267,Plymouth:3;St. Louis Park:3;Osseo:6;Andover:7;Roseville:8;Ramsey:9;Stillwater:9;Minneapolis:11;Minnetonka:12;Vadnais Heights:13;Bloomington:15;Cottage Grove:16;Chanhassen:17;Blaine:17;Woodbury:20;Rosemount:32
Athletic Brew Run Wild IPA 6pk 12oz can,Craft,,104,18.9,5.5,8.04,11.99,11.96,33,,80,249,Andover:1;Ramsey:1;Osseo:2;Plymouth:2;Blaine:7;Vadnais Heights:3;Minnetonka:3;Stillwater:5;Bloomington:6;Rosemount:8;St. Louis Park:9;Chanhassen:10;Roseville:12;Cottage Grove:14;Woodbury:21
Miller High Life 24pk 12oz btl,Below Premium,,90,18.8,4.8,17.49,24.99,21.96,30,,82,236,Minnetonka:1;Ramsey:5;Chanhassen:5;Cottage Grove:8;Roseville:9;St. Louis Park:11;Woodbury:12;Blaine:15;Osseo:28
Schell's Oktoberfest 12pk 12oz btl,Craft,,94,18.8,5.0,13.46,20.99,17.96,36,,100,153,Bloomington:3;Stillwater:4;Chanhassen:4;Vadnais Heights:7;Rosemount:7;Blaine:8;Ramsey:9;St. Louis Park:9;Woodbury:11;Andover:15;Minneapolis:17
Beatbox Orange Blast 500ml,Single Serve,"Capitol Beverage Sales, L.P.",128,18.7,6.9,2.35,4.49,3.96,48,,85,217,Stillwater:2;Woodbury:11;Andover:13;Cottage Grove:13;St. Louis Park:15;Minneapolis:15;Roseville:16;Bloomington:19;Rosemount:24
Steel Toe Size 4 6pk 12oz can,Craft,,93,18.7,5.0,9.0,12.99,11.96,31,,77,254,Minnetonka:4;Bloomington:4;Blaine:5;Cottage Grove:6;Plymouth:6;Rosemount:7;Roseville:10;Woodbury:12;Chanhassen:18;St. Louis Park:21
Twisted Tea Extreme Lemon 24oz can,Single Serve,,106,18.7,5.7,2.35,3.49,,33,,85,220,Vadnais Heights:2;Woodbury:3;Roseville:5;Minneapolis:10;Cottage Grove:13;St. Louis Park:13;Rosemount:15;Bloomington:18;Ramsey:27
Smirnoff Ice Icy Island 12pk 12oz can,Malternatives,Bernicks,77,18.7,4.1,12.93,15.99,,19,,83,227,Blaine:4;Andover:7;Woodbury:8;Rosemount:9;Minneapolis:23;Vadnais Heights:26
Pryes Miraculum Midwest IPA 12pk 12oz can,Craft,,171,18.6,9.2,13.25,22.49,16.96,41,,78,246,Vadnais Heights:4;Osseo:6;Ramsey:6;Woodbury:6;Bloomington:7;Plymouth:9;Chanhassen:10;Rosemount:13;Cottage Grove:14;Roseville:18;St. Louis Park:25;Stillwater:27;Minneapolis:27
Surfside Lemonade Variety 12pk 12oz can,Seltzer,"College City Beverage, Inc.",29,18.6,1.6,22.6,31.99,26.96,29,,72,274,Andover:8;Woodbury:8;Rosemount:13
Heineken 0.0 NA 12pk 12oz can,Import,,84,18.5,4.5,14.48,19.99,16.96,28,,73,267,Plymouth:1;Minnetonka:3;Minneapolis:4;Osseo:4;Ramsey:4;Vadnais Heights:4;Woodbury:8;St. Louis Park:12;Stillwater:1;Roseville:3;Chanhassen:8;Rosemount:8;Bloomington:13;Cottage Grove:16
Sun Cruiser Blue Lemonade 8pk 12oz can,RTD,"Breakthru Beverage Minnesota Beer, LLC",303,18.3,16.5,14.62,21.99,16.96,33,,80,229,St. Louis Park:8;Roseville:10;Vadnais Heights:14;Ramsey:15;Woodbury:17;Bloomington:19;Andover:43;Blaine:52;Minneapolis:125
Pacifico 24oz can,Single Serve,"Breakthru Beverage Minnesota Beer, LLC",117,18.3,6.4,2.38,3.99,,40,,71,270,Rosemount:2;Roseville:6;Cottage Grove:6;Stillwater:7;Bloomington:7;Vadnais Heights:11;Andover:12;Blaine:12;St. Louis Park:12;Minneapolis:18;Woodbury:24
Toppling Goliath Pseudo Sue 4pk 16oz can,Craft,Artisan Beer,72,18.2,4.0,10.0,13.99,12.96,29,,83,210,Bloomington:1;Chanhassen:2;Vadnais Heights:3;Plymouth:4;Ramsey:5;Andover:6;Minnetonka:7;Minneapolis:7;Rosemount:7;Cottage Grove:8;St. Louis Park:10;Woodbury:11;Roseville:12
Sierra Nevada Oktoberfest/Celebration 12pk 12oz can,Craft,"Breakthru Beverage Minnesota Beer, LLC",52,18.1,2.9,14.46,20.99,17.96,31,,94,159,Rosemount:2;Plymouth:6;Chanhassen:8;Andover:8;Minneapolis:8;Osseo:8;Blaine:8;Bloomington:9;Ramsey:14;Cottage Grove:15
Lift Bridge Grape Ape 19.2oz can,Single Serve,"College City Beverage, Inc.",196,18.0,10.9,2.07,2.99,,31,,74,247,Blaine:12;Cottage Grove:15;Roseville:17;Stillwater:22;St. Louis Park:26;Minnetonka:27;Bloomington:28;Woodbury:49
Bell's Hazy Hearted 19.2oz can,Single Serve,,40,18.0,2.2,1.95,3.49,,44,,79,223,Andover:11;Blaine:11;Bloomington:11;Roseville:11
Indeed Pistachio Cream Ale 6pk 12oz can,Craft,,88,17.7,5.0,8.82,13.99,11.96,37,,73,240,Rosemount:3;Andover:5;Plymouth:5;Ramsey:9;Blaine:12;Minneapolis:14;Woodbury:1;Chanhassen:3;Vadnais Heights:6;Stillwater:8;Bloomington:10;Roseville:12
Mickeys Malt Liquor 40oz btl,Single Serve,,148,17.7,8.3,2.72,4.49,,40,,71,251,Osseo:2;Cottage Grove:9;Andover:10;Blaine:13;Ramsey:22;Woodbury:2;Rosemount:4;Stillwater:7;Vadnais Heights:8;Roseville:11;Bloomington:12;St. Louis Park:24;Minneapolis:24
Heineken 24pk 12oz btl,Import,,62,17.7,3.5,26.23,32.99,,20,,73,240,Rosemount:5;Ramsey:7;Vadnais Heights:7;Woodbury:9;Bloomington:11;Andover:12;Cottage Grove:12
Beatbox Party Punch Grape 500ml,Single Serve,"Capitol Beverage Sales, L.P.",164,17.7,9.3,2.39,4.49,3.96,47,,78,217,Woodbury:2;St. Louis Park:5;Roseville:7;Minnetonka:9;Stillwater:10;Vadnais Heights:10;Bloomington:14;Cottage Grove:29;Rosemount:32;Minneapolis:47
Surly Xtra Citra Pale Ale 12pk 12oz can,Craft,,100,17.6,5.7,13.24,16.99,15.96,22,,69,255,Plymouth:3;Minnetonka:4;Minneapolis:5;Rosemount:5;Cottage Grove:7;Andover:8;Chanhassen:8;Blaine:10;Roseville:10;Bloomington:12;Woodbury:12;St. Louis Park:16
Castle Danger Variety Pack 12pk 12oz can,Craft,Bernicks,70,17.6,4.0,15.57,23.99,19.96,35,,74,232,Minnetonka:2;Plymouth:2;Andover:3;Ramsey:4;Osseo:4;Woodbury:5;St. Louis Park:5;Bloomington:6;Rosemount:7;Roseville:7;Cottage Grove:8;Vadnais Heights:8;Minneapolis:21
Mike's Harder Pink Lemonade 23oz can,Single Serve,Dahlheimer Beverage Monticello,92,17.6,5.2,2.35,3.99,,41,,76,223,Blaine:5;Plymouth:8;Woodbury:11;Ramsey:12;Minnetonka:12;Minneapolis:14;Bloomington:30
Guinness Extra Stout 12pk 11oz btl,Import,,86,17.6,4.9,13.61,22.49,18.96,39,,84,189,Osseo:5;Ramsey:5;Andover:7;Blaine:20;Bloomington:4;Roseville:6;Cottage Grove:6;Vadnais Heights:7;Rosemount:13;Woodbury:13
Natural Light 24pk 12oz can,Economy,"College City Beverage, Inc.",55,17.5,3.2,16.23,23.99,19.96,32,,84,183,Blaine:9;Andover:10;Minneapolis:10;Osseo:11;Ramsey:15
Athletic Brewing Seasonal N/A 6pk 12oz can,Craft,,37,17.5,2.1,8.15,11.99,11.96,32,,90,156,Rosemount:1;Minnetonka:2;Cottage Grove:5;St. Louis Park:5;Roseville:7;Woodbury:10;Plymouth:1;Blaine:1;Vadnais Heights:5
Miller 64 24pk 12oz can,Premium,"Breakthru Beverage Minnesota Beer, LLC",67,17.5,3.8,19.51,25.99,21.96,25,,73,235,Rosemount:4;Cottage Grove:5;Woodbury:7;Bloomington:10;Blaine:11;Ramsey:12;Andover:19
Angry Orchard Imperial 6pk 12oz can,Cider,"Breakthru Beverage Minnesota Beer, LLC",34,17.4,2.0,8.58,11.99,,28,,74,227,Ramsey:2;Rosemount:2;St. Louis Park:4;Blaine:5;Andover:6;Bloomington:9;Minneapolis:10
Southern Tier Rotating 4pk 12oz btl,Craft,"Hohensteins, Inc.",96,17.4,5.5,11.2,15.99,,30,,96,126,Chanhassen:4;Rosemount:5;Vadnais Heights:6;Roseville:7;St. Louis Park:10;Cottage Grove:10;Bloomington:16;Woodbury:16;Blaine:23
Utepils Fernweh Pack 12pk 12oz can,Craft,,90,17.4,5.2,15.47,19.99,16.96,23,,78,208,Osseo:1;Vadnais Heights:2;Plymouth:3;Roseville:3;Chanhassen:4;Andover:5;Rosemount:5;Woodbury:8;Bloomington:9;St. Louis Park:9;Cottage Grove:11;Ramsey:13;Blaine:17
Four Loko Jackpot 23oz can,Single Serve,Dahlheimer Beverage Monticello,42,17.4,2.4,2.16,2.99,,28,,88,162,Blaine:2;Ramsey:11;Cottage Grove:13;Minneapolis:16
Guinness Extra Stout 6pk 11oz btl,Import,Bernicks,56,17.4,3.2,7.14,9.99,,29,,85,178,Vadnais Heights:1;Stillwater:4;Bloomington:5;Osseo:6;Rosemount:6;Blaine:6;Ramsey:7;Cottage Grove:7;St. Louis Park:11;Andover:13;Minneapolis:18;Plymouth:19;Roseville:19
Stilly Variety Pack #1 8pk 12oz can,RTD,,154,17.3,8.9,14.33,21.99,17.96,35,,62,277,Minnetonka:1;Rosemount:2;St. Louis Park:3;Ramsey:4;Bloomington:6;Roseville:7;Blaine:12;Andover:12;Stillwater:18;Cottage Grove:19;Vadnais Heights:20;Chanhassen:24;Woodbury:43
Miller Lite 24oz can,Single Serve,,147,17.3,8.5,2.27,3.99,,43,,66,259,Andover:10;Ramsey:13;Blaine:16;Woodbury:17;Vadnais Heights:5;Roseville:6;Cottage Grove:6;Rosemount:9;St. Louis Park:12;Bloomington:17;Minneapolis:36
Corona Premier 12pk 12oz can,Import,"Breakthru Beverage Minnesota Beer, LLC",129,17.3,7.5,13.33,18.99,14.96,30,,68,250,Minnetonka:2;Plymouth:4;Rosemount:4;St. Louis Park:6;Vadnais Heights:6;Ramsey:7;Roseville:8;Bloomington:11;Cottage Grove:14;Woodbury:14;Chanhassen:16;Blaine:17;Andover:21
Summit Saga Variety 12pk 12oz can,Craft,,-646,17.2,-37.6,13.2,19.99,16.96,34,,71,233,Osseo:1;Blaine:4;Plymouth:4;Andover:12
Indeed Flavorwave IPA 19.2oz can,Single Serve,,93,17.2,5.4,1.92,3.99,,52,,81,188,Ramsey:3;Andover:6;Plymouth:9;Blaine:11;Rosemount:1;Roseville:10;Woodbury:15;St. Louis Park:38
MIke's Variety 12pk 12oz can,FMB,,132,17.2,7.7,14.1,20.99,17.96,33,,72,230,Cottage Grove:1;Osseo:1;Bloomington:2;Woodbury:8;Ramsey:9;Rosemount:10;Blaine:13;Chanhassen:21;Andover:21;Minneapolis:46
Pabst Blue Ribbon 24pk 16oz can,Below Premium,"Hohensteins, Inc.",81,17.2,4.7,19.37,25.99,23.96,25,,73,224,St. Louis Park:2;Stillwater:2;Ramsey:6;Woodbury:8;Blaine:12;Bloomington:13;Minneapolis:17;Andover:22
Miller High Life 6pk 12oz btl,Below Premium,,66,17.2,3.8,5.54,8.99,,38,,81,188,Ramsey:1;Roseville:1;Blaine:3;Osseo:4;Woodbury:4;Chanhassen:5;Rosemount:7;Bloomington:7;Andover:8;Vadnais Heights:10;Minneapolis:19
Busch N/A 12pk 12oz can,Below Premium,,79,17.1,4.6,10.91,15.99,13.96,32,,70,234,Bloomington:3;Chanhassen:4;St. Louis Park:4;Plymouth:4;Vadnais Heights:4;Osseo:6;Blaine:7;Andover:13;Ramsey:19;Woodbury:1;Rosemount:2;Stillwater:3;Cottage Grove:9
Loon Juice Honey Crisp 6pk 12oz can,Cider,,95,17.1,5.6,8.23,14.99,12.96,45,,80,190,Osseo:2;Ramsey:3;Minnetonka:4;Bloomington:5;Chanhassen:5;Vadnais Heights:5;St. Louis Park:5;Blaine:6;Plymouth:7;Minneapolis:13;Roseville:34;Cottage Grove:1;Rosemount:5
Clown Shoes Space Cake 4pk 16oz can,Craft,,50,17.1,2.9,10.67,13.99,,24,,77,204,Ramsey:2;Osseo:3;Vadnais Heights:5;Blaine:8;Andover:14;Rosemount:18
Lagunitas IPA 12pk 12oz btl,Craft,"Hohensteins, Inc.",107,17.1,6.2,11.5,17.49,14.96,34,,73,222,Blaine:4;Rosemount:6;Woodbury:7;Roseville:8;Cottage Grove:9;Andover:10;St. Louis Park:14;Vadnais Heights:14;Chanhassen:15;Ramsey:20
Bell's Two Hearted Ale 6pk 12oz btl,Craft,,63,17.0,3.7,9.0,12.99,,31,,74,212,Osseo:5;Ramsey:5;Plymouth:5;Blaine:8;Andover:8;Vadnais Heights:1;Rosemount:1;Cottage Grove:1;Woodbury:2;Chanhassen:5;Roseville:6;St. Louis Park:7;Bloomington:9
Summit Saga IPA 12pk 12oz btl,Craft,Dahlheimer Beverage Monticello,172,17.0,10.1,13.26,19.99,16.96,34,,76,206,Chanhassen:1;Blaine:2;Plymouth:3;Cottage Grove:10;Vadnais Heights:10;Rosemount:13;Ramsey:14;Roseville:14;St. Louis Park:17;Osseo:19;Bloomington:21;Woodbury:21;Stillwater:27
Mike's Harder Mango 23oz can,Single Serve,,128,16.9,7.6,2.36,3.99,,41,,76,201,Cottage Grove:19;St. Louis Park:8;Blaine:8;Plymouth:10;Ramsey:13;Rosemount:13;Andover:14;Minneapolis:17;Roseville:26
Carbliss Lemon Lime 12pk 12oz can,RTD,,142,16.8,8.5,26.3,35.49,29.96,26,,72,216,Minneapolis:6;Bloomington:9;Vadnais Heights:11;Woodbury:11;Roseville:16;Rosemount:22;Blaine:21;Ramsey:22;Andover:24
Lagunitas IPA 19.2oz can,Single Serve,,139,16.8,8.3,1.91,3.49,,45,,73,211,Rosemount:12;Woodbury:6;Roseville:7;Vadnais Heights:7;Cottage Grove:10;Blaine:11;Bloomington:14;Osseo:16;Chanhassen:17;Minneapolis:20;St. Louis Park:23
Bell's IPA Variety Pack 12pk 12oz can,Craft,,107,16.6,6.5,15.11,23.99,19.96,37,,70,218,Plymouth:2;Blaine:5;Ramsey:7;Andover:12;Stillwater:4;Rosemount:6;Bloomington:7;Minneapolis:7;Cottage Grove:9;St. Louis Park:11;Minnetonka:11;Woodbury:15;Roseville:18
Monaco Purple Crush 12oz can,Single Serve,Dahlheimer Beverage Monticello,203,16.6,12.2,1.99,3.49,2.96,43,net down pricing,69,224,Andover:2;Minnetonka:3;Ramsey:3;St. Louis Park:9;Rosemount:12;Woodbury:12;Chanhassen:12;Bloomington:23;Blaine:24;Cottage Grove:43;Minneapolis:65
Surfside Half & Half 4pk 12oz can,Seltzer,"Capitol Beverage Sales, L.P.",54,16.5,3.3,6.53,11.99,9.96,46,,80,169,Chanhassen:3;Stillwater:6;Andover:7;Minneapolis:38
Coronita Extra 6pk 8oz btl,Import,"Breakthru Beverage Minnesota Beer, LLC",55,16.5,3.3,5.34,6.99,,24,,66,234,Minnetonka:1;Chanhassen:1;Rosemount:1;Bloomington:4;Woodbury:4;St. Louis Park:5;Ramsey:6;Roseville:6;Blaine:6;Andover:10;Cottage Grove:11
Leinenkugel's Seasonal 12pk 12oz btl,Craft,Bernicks,28,16.5,1.7,12.4,18.99,15.96,35,,84,152,Vadnais Heights:1;St. Louis Park:5;Rosemount:6;Andover:7;Chanhassen:13;Cottage Grove:20;Woodbury:29
Heineken 0.0 N/A 6pk 12oz btl,Import,Bernicks,99,16.4,6.0,7.3,12.49,10.96,42,,68,220,Minnetonka:2;Roseville:2;Chanhassen:3;Osseo:4;Blaine:5;St. Louis Park:6;Andover:8;Minneapolis:8;Plymouth:9;Vadnais Heights:9;Bloomington:11;Woodbury:15;Rosemount:19
Lift Bridge Seltzer Cocktail Variety Pack 12pk 12oz can,Seltzer,Dahlheimer Beverage Monticello,86,16.3,5.3,13.16,18.99,15.96,31,,68,218,Roseville:2;St. Louis Park:2;Andover:5;Ramsey:6;Bloomington:9;Blaine:10;Rosemount:10;Minneapolis:10;Stillwater:14;Vadnais Heights:25
Cayman Jack Strawberry Margarita 6pk 12oz btl,FMB,,95,16.3,5.8,7.46,11.99,10.96,38,,68,219,Andover:2;Osseo:2;Stillwater:3;Ramsey:10;Blaine:12;Minnetonka:2;St. Louis Park:4;Rosemount:7;Vadnais Heights:9;Cottage Grove:10;Bloomington:18;Minneapolis:27
Surfside Lemonade 24oz can,RTD,"Capitol Beverage Sales, L.P.",150,16.3,9.2,1.94,3.49,2.96,44,,33,376,Andover:1;Minnetonka:1;Stillwater:1;Plymouth:14;Woodbury:23;Roseville:29;Blaine:36;Cottage Grove:55
Sapporo 12pk 12oz can,Import,,83,16.2,5.1,11.58,15.99,,28,,74,189,Blaine:4;Bloomington:1;Woodbury:5;Chanhassen:6;St. Louis Park:8;Minneapolis:11;Cottage Grove:14;Roseville:14;Rosemount:20
Grain Belt Nordeast 24pk 16oz can,Premium,"College City Beverage, Inc.",56,16.2,3.5,21.69,26.99,,20,,67,218,Cottage Grove:1;St. Louis Park:5;Andover:5;Ramsey:7;Minneapolis:11;Osseo:12;Blaine:15
Leinenkugel's Honey Weiss 12pk 12oz can,Craft,,115,16.2,7.1,12.37,19.99,15.96,38,,70,206,Blaine:7;Andover:16;Bloomington:5;Rosemount:6;Stillwater:7;Cottage Grove:12;Chanhassen:15;Roseville:16;Vadnais Heights:31
Firestone Into The Haze Variety 12pk 12oz can,Craft,,123,16.2,7.6,14.45,17.49,15.96,17,,77,174,Minneapolis:1;Bloomington:1;Rosemount:2;Vadnais Heights:4;Blaine:4;Chanhassen:5;Ramsey:5;Roseville:5;Osseo:6;Andover:6;Stillwater:6;Plymouth:6;Woodbury:9;Cottage Grove:15;St. Louis Park:48
Corona Familiar 12pk 12oz btl,Import,"Breakthru Beverage Minnesota Beer, LLC",168,16.1,10.5,13.04,18.99,15.96,31,,67,215,Minnetonka:2;Ramsey:4;Rosemount:4;Plymouth:7;Woodbury:7;Chanhassen:8;Bloomington:8;Cottage Grove:10;Osseo:11;Vadnais Heights:16;Minneapolis:20;Roseville:21;Blaine:22;Andover:28
Modelo Chelada 12pk 12oz can,FMB,,106,16.0,6.6,13.83,18.99,15.96,27,,64,226,Minnetonka:1;Chanhassen:2;Roseville:4;Bloomington:5;Cottage Grove:5;Woodbury:6;Vadnais Heights:7;Plymouth:12;Andover:15;Rosemount:16;Blaine:19;Stillwater:14
Pipeworks Ninja Vs. Unicorn 4pk 16oz can,Craft,,144,16.0,9.0,9.84,13.99,,30,,70,198,Woodbury:1;Plymouth:4;Roseville:5;Vadnais Heights:7;St. Louis Park:7;Stillwater:7;Ramsey:9;Rosemount:9;Andover:9;Osseo:23;Blaine:24;Cottage Grove:39
Carbliss Cocktail Variety 8pk 12oz can,RTD,"Capitol Beverage Sales, L.P.",155,16.0,9.7,9.82,22.49,18.96,56,,70,199,Minnetonka:1;Chanhassen:2;Ramsey:4;Plymouth:5;Vadnais Heights:9;Bloomington:11;Osseo:11;Roseville:12;St. Louis Park:14;Andover:21;Blaine:22;Minneapolis:51
Two Chicks Pear & Elderflower 4pk 12oz can,RTD,Phillips Wine & Spirits - St. Paul,101,16.0,6.3,7.35,12.99,10.96,43,3 free on 20,70,198,Plymouth:3;Vadnais Heights:4;Bloomington:5;Cottage Grove:5;Minnetonka:6;Roseville:6;Stillwater:6;Ramsey:7;Rosemount:7;Andover:8;Chanhassen:8;Woodbury:9;St. Louis Park:13;Minneapolis:14
Michelob Ultra 25oz can,Single Serve,,175,16.0,10.9,2.09,3.99,,48,,62,235,Bloomington:5;St. Louis Park:8;Vadnais Heights:10;Rosemount:13;Ramsey:14;Woodbury:30;Cottage Grove:30;Minneapolis:65
Deschutes Fresh Squeezed IPA 6pk 12oz btl,Craft,,68,16.0,4.3,7.7,10.99,,30,,68,207,Rosemount:4;Minnetonka:4;Cottage Grove:4;Woodbury:4;Plymouth:5;Blaine:6;Roseville:7;St. Louis Park:7;Bloomington:8;Minneapolis:9;Stillwater:10
Leinenkugel's Honey Weiss 6pk 12oz btl,Craft,Bernicks,81,15.9,5.1,7.69,10.99,,30,,67,208,St. Louis Park:2;Roseville:2;Vadnais Heights:2;Blaine:5;Bloomington:5;Rosemount:5;Ramsey:6;Andover:7;Woodbury:8;Stillwater:8;Minneapolis:9;Plymouth:9;Cottage Grove:13
War Pigs Foggy Geezer 19.2oz can,Single Serve,,73,15.9,4.6,2.79,4.49,,38,,77,165,St. Louis Park:1;Minnetonka:2;Roseville:6;Bloomington:7;Andover:9;Woodbury:10;Chanhassen:13;Vadnais Heights:25
Gray Duck Seltzer Variety 12pk 12oz can,Seltzer,Artisan Beer,141,15.8,8.9,13.59,20.99,17.96,35,,64,219,Rosemount:6;Blaine:7;Stillwater:11;Plymouth:14;St. Louis Park:30;Woodbury:73
Utepils Receptional 12pk 12oz can,Craft,,64,15.7,4.1,15.47,19.99,16.96,23,,85,121,Minnetonka:1;Chanhassen:4;Rosemount:5;Cottage Grove:6;Ramsey:6;Blaine:9;Woodbury:10;Plymouth:2;Roseville:2;Bloomington:6;Vadnais Heights:14
Surfside Green Tea Variety 8pk 12oz can,RTD,,69,15.7,4.4,15.0,21.99,18.96,32,,76,162,Minneapolis:8;Bloomington:9;Andover:10;Woodbury:12;Vadnais Heights:30
Luce Line Foggy Bottom 4pk 16oz can,Craft,,74,15.6,4.7,10.58,14.99,,29,,69,192,Blaine:1;Chanhassen:1;Minnetonka:2;Roseville:2;Andover:7;Plymouth:9;Bloomington:10;St. Louis Park:10;Osseo:11;Woodbury:21
Dangerous Man Peanut Butter Porter 6pk 12oz can,Craft,Dangerous Man Brewing,28,15.6,1.8,8.89,11.99,,26,,78,151,Cottage Grove:4;Rosemount:4;Bloomington:6;Minnetonka:7;Chanhassen:9;Minneapolis:17
Smirnoff Smash Peach Mango 24oz can,Single Serve,,143,15.6,9.1,2.27,3.99,,43,,65,210,Blaine:7;Minneapolis:113;Roseville:7;Cottage Grove:16
Carbliss Grapefruit 4pk 12oz can,RTD,Dahlheimer Beverage Monticello,143,15.5,9.2,8.8,13.79,11.96,36,,69,187,Plymouth:3;Rosemount:4;Stillwater:4;Woodbury:8;Cottage Grove:13;Blaine:17;Andover:25;Ramsey:29;Minneapolis:40
Cayman Jacked Margarita 19.2oz can,Single Serve,,61,15.5,3.9,2.33,3.99,,42,,65,207,Roseville:1;Bloomington:2;Cottage Grove:3;Rosemount:3;Blaine:5;Andover:6;Plymouth:7;Vadnais Heights:7;Minneapolis:7;Woodbury:20
Strongbow Gold Apple Cider 6pk 12oz btl,Import,Bernicks,90,15.5,5.8,7.92,11.99,,34,,68,193,Stillwater:1;Vadnais Heights:2;Woodbury:2;Osseo:4;Bloomington:5;Andover:5;St. Louis Park:8;Roseville:16;Cottage Grove:20;Minneapolis:31
Smirnoff Sunny Days Variety 12pk 12oz can,FMB,"Breakthru Beverage Minnesota Beer, LLC",91,15.4,5.9,13.2,20.99,17.96,37,,63,211,Vadnais Heights:1;Minnetonka:1;Stillwater:2;Plymouth:3;Woodbury:6;Bloomington:7;St. Louis Park:8;Blaine:8;Rosemount:9;Cottage Grove:11;Andover:12;Roseville:23
NUTRL Cranberry Variety Pack 8pk 12oz can,RTD,,80,15.4,5.2,14.98,23.99,19.96,38,,64,207,Woodbury:2;Plymouth:3;St. Louis Park:4;Bloomington:4;Stillwater:4;Cottage Grove:6;Minneapolis:12;Andover:14;Chanhassen:22;Rosemount:9
Sierra Nevada Hazy Little Thing IPA 6pk 12oz can,Craft,Dahlheimer Beverage Monticello,43,15.4,2.8,8.45,11.99,,30,,68,190,Plymouth:3;Roseville:3;Andover:3;Minnetonka:4;Ramsey:4;Rosemount:5;St. Louis Park:6;Bloomington:7;Blaine:8
New Belgium Voodoo Ranger Juice Force 6pk 12oz can,Craft,Bernicks,29,15.3,1.9,8.45,11.99,,30,,67,189,Rosemount:1;Osseo:4;St. Louis Park:4;Blaine:5;Bloomington:7;Cottage Grove:7;Stillwater:7;Minnetonka:9;Vadnais Heights:11
Dos Equis Lager Especial 6pk 12oz btl,Import,"Breakthru Beverage Minnesota Beer, LLC",115,15.3,7.5,7.42,10.99,,33,,68,185,Rosemount:1;Stillwater:3;St. Louis Park:5;Minnetonka:6;Ramsey:8;Roseville:8;Andover:8;Woodbury:12;Cottage Grove:13;Bloomington:14;Vadnais Heights:17;Minneapolis:20
Barrel Theory Raindrops 4pk 16oz can,Craft,Barrel Theory Beer Company,3,15.3,0.2,12.0,17.99,,33,,76,150,Cottage Grove:3;Woodbury:5
Twisted Tea Extreme Blue Razz 24oz can,Single Serve,"Breakthru Beverage Minnesota Beer, LLC",54,15.2,3.5,2.35,3.49,,33,,71,170,Plymouth:2;Woodbury:6;Ramsey:7;Roseville:8;Rosemount:10;St. Louis Park:11;Bloomington:11;Cottage Grove:13
Pryes PryesFest 4pk 16oz can,Craft,"Pryes Brewing Company, LLC",34,15.2,2.2,8.3,13.99,,41,,78,136,St. Louis Park:3;Bloomington:4;Rosemount:4;Woodbury:5;Vadnais Heights:7;Roseville:11
Surfside Lemonade 4pk 12oz can,Seltzer,"Capitol Beverage Sales, L.P.",57,15.1,3.8,7.5,11.99,9.96,37,,73,156,Chanhassen:4;Cottage Grove:5;Stillwater:6;Woodbury:12;Minneapolis:30
Monaco Tequila Lime Crush 4pk 12oz can,RTD,"Breakthru Beverage Minnesota Beer, LLC",152,15.1,10.0,7.77,12.49,10.96,38,net down pricing,61,212,Chanhassen:2;Andover:3;Osseo:3;Rosemount:3;Minnetonka:4;St. Louis Park:6;Blaine:11;Plymouth:11;Woodbury:27;Roseville:37;Minneapolis:48
Miller Lite 6pk 12oz btl,Premium,,71,15.1,4.7,6.69,8.99,,26,,57,228,Andover:2;Plymouth:4;Ramsey:4;Osseo:6;Blaine:7;Chanhassen:2;Woodbury:2;Vadnais Heights:3;Minnetonka:5;St. Louis Park:5;Bloomington:5;Cottage Grove:5;Roseville:6;Stillwater:7;Rosemount:8
MTN Dew Baja Blast 24oz can,Single Serve,,67,15.1,4.4,2.47,3.99,,38,,63,203,Blaine:5;Andover:11;Chanhassen:2;Woodbury:6;Roseville:7;St. Louis Park:10;Cottage Grove:12;Rosemount:14
Lagunitas Trooper IPA 6pk 12oz can,Craft,"Hohensteins, Inc.",60,14.9,4.0,7.5,12.99,10.96,42,,65,187,Roseville:1;Vadnais Heights:3;Cottage Grove:5;Rosemount:15;Ramsey:15;Andover:21
Bud Light Lime 12pk 12oz can,Super Premium,,164,14.9,11.0,12.85,16.99,,24,,62,200,St. Louis Park:6;Blaine:6;Roseville:9;Plymouth:11;Andover:14;Osseo:22;Bloomington:25;Minneapolis:45;Stillwater:12;Cottage Grove:23
Ole Tequila Cocktail Variety Pack 8pk 12oz can,RTD,,82,14.9,5.5,16.36,24.99,20.96,35,,58,217,St. Louis Park:2;Bloomington:3;Rosemount:13;Woodbury:16;Cottage Grove:19;Minneapolis:25;Andover:7
Corona Light 12pk 12oz can,Import,,109,14.9,7.3,13.43,18.99,14.96,29,,52,245,St. Louis Park:7;Minnetonka:1;Vadnais Heights:1;Osseo:4;Roseville:5;Plymouth:6;Stillwater:6;Ramsey:8;Cottage Grove:10;Bloomington:11;Blaine:12;Woodbury:13;Andover:25
White Claw Surge Green Apple 19.2oz can,Single Serve,,178,14.8,12.0,2.33,3.79,,38,,62,198,Blaine:1;Ramsey:6;Andover:16;Roseville:10;Bloomington:13;Vadnais Heights:13;Rosemount:14;Cottage Grove:17;St. Louis Park:24;Minneapolis:31;Woodbury:33
Corona Light 6pk 12oz btl,Import,,100,14.8,6.7,7.23,10.99,,34,,58,216,St. Louis Park:5;Vadnais Heights:7;Osseo:3;Minnetonka:4;Rosemount:4;Chanhassen:4;Ramsey:5;Blaine:7;Plymouth:9;Cottage Grove:10;Andover:10;Stillwater:11;Bloomington:12;Minneapolis:13
Monaco Lemonade 12oz can,Single Serve,"Breakthru Beverage Minnesota Beer, LLC",191,14.8,12.9,1.99,3.49,2.96,43,net down pricing,62,197,Rosemount:5;Plymouth:6;Chanhassen:7;St. Louis Park:7;Andover:12;Osseo:13;Roseville:13;Bloomington:18;Woodbury:19;Vadnais Heights:21;Minneapolis:23;Cottage Grove:48
Paulaner Original Munich Lager 4pk 17oz can,Import,,99,14.8,6.7,5.77,12.99,10.96,56,,67,173,Andover:3;Vadnais Heights:4;Blaine:27;Cottage Grove:5;Chanhassen:5;St. Louis Park:6;Minneapolis:7;Roseville:7;Bloomington:9;Woodbury:27
Deschutes Variety Pack 12pk 12oz can,Craft,"Breakthru Beverage Minnesota Beer, LLC",122,14.8,8.3,14.66,23.99,19.96,39,,63,191,Plymouth:1;Minnetonka:2;Bloomington:3;Vadnais Heights:3;Osseo:4;Stillwater:5;Cottage Grove:5;Andover:8;Woodbury:12;Rosemount:14;Chanhassen:14;St. Louis Park:15;Blaine:18;Roseville:18
Michelob Ultra 8pk 16oz can,Super Premium,,68,14.8,4.6,8.54,10.99,,22,,56,225,Bloomington:1;Ramsey:2;Roseville:6;Chanhassen:7;Cottage Grove:8;Andover:9;Woodbury:35
Bell's Big Hearted 6pk 12oz can,Craft,,44,14.7,3.0,9.0,12.99,11.96,31,,62,194,Blaine:1;Andover:4;Plymouth:7;Vadnais Heights:1;Cottage Grove:1;Rosemount:2;Stillwater:3;Roseville:4;Woodbury:4;Bloomington:8;St. Louis Park:10
Natural Ice 25oz can,Single Serve,,90,14.7,6.1,1.9,2.99,,36,,68,167,Blaine:23;Minneapolis:54;Plymouth:7;Vadnais Heights:15
Monaco Porn Star Crush 12oz can,Single Serve,"Breakthru Beverage Minnesota Beer, LLC",103,14.7,7.0,2.04,3.49,2.96,41,,68,167,Woodbury:13;St. Louis Park:15;Minnetonka:15;Stillwater:16;Cottage Grove:18;Minneapolis:27
Athletic Brewing Upside Dawn N/A 12pk 12oz can,Craft,,78,14.6,5.4,13.8,20.99,17.96,34,,63,185,Rosemount:1;Stillwater:1;Roseville:2;Chanhassen:3;St. Louis Park:3;Plymouth:6;Woodbury:7;Blaine:10;Cottage Grove:13;Andover:33
Miller Genuine Draft 24pk 12oz can,Premium,,157,14.6,10.7,19.49,27.99,23.96,30,,62,191,Plymouth:2;Osseo:2;Roseville:3;Rosemount:4;Vadnais Heights:4;Blaine:4;Ramsey:5;Woodbury:8;Bloomington:10;Cottage Grove:14;Stillwater:17;St. Louis Park:27;Andover:27;Minneapolis:30
White Claw Peach 6pk 12oz can,Seltzer,,85,14.6,5.8,7.72,12.99,10.96,41,,62,191,Cottage Grove:2;Vadnais Heights:3;Rosemount:4;Plymouth:5;Roseville:5;Ramsey:9;Andover:9;Blaine:9;St. Louis Park:12;Bloomington:13;Minneapolis:14
Truly Seltzer Strawberry Lemonade 24oz can,Single Serve,,137,14.5,9.4,2.31,3.99,,42,,63,184,St. Louis Park:1;Plymouth:2;Blaine:3;Rosemount:8;Osseo:10;Minneapolis:33;Chanhassen:88
Mike's Strawberry 6pk 12oz can,FMB,Dahlheimer Beverage Monticello,121,14.5,8.3,7.5,10.99,,32,,58,206,Osseo:1;St. Louis Park:3;Stillwater:3;Chanhassen:5;Minnetonka:5;Plymouth:5;Andover:6;Cottage Grove:6;Bloomington:7;Ramsey:12;Rosemount:14;Woodbury:15;Blaine:17;Minneapolis:22
Dos Equis Lager Especial 12pk 12oz btl,Import,Bernicks,79,14.5,5.5,13.46,20.99,17.96,36,,58,204,Bloomington:1;Minnetonka:2;Osseo:2;Cottage Grove:2;Plymouth:3;Ramsey:3;Chanhassen:4;Roseville:9;St. Louis Park:10;Andover:12;Vadnais Heights:13;Stillwater:14;Rosemount:17
Smirnoff Ice Red White & Berry 6pk 11oz btl,FMB,Bernicks,90,14.5,6.2,7.47,10.99,,32,,63,181,Bloomington:2;Andover:3;St. Louis Park:4;Rosemount:5;Blaine:5;Cottage Grove:5;Woodbury:7;Stillwater:8;Roseville:10;Vadnais Heights:13;Minneapolis:29
Insight IPA Variety 12pk 12oz can,Craft,,51,14.4,3.5,14.04,19.99,,30,,64,176,Blaine:16;Bloomington:4;Cottage Grove:4;Woodbury:7;Roseville:10;Vadnais Heights:17
Four Loko Sour Apple 23oz can,Single Serve,,81,14.3,5.7,2.19,3.49,,37,,60,189,Blaine:10;Osseo:11;Andover:14;Bloomington:18;Minneapolis:28
Four Loko Jungle Juice 23oz can,Single Serve,,82,14.3,5.7,2.13,3.49,,39,,68,154,Andover:9;Bloomington:18;Blaine:25;Minneapolis:30
Bent Paddle Light Lager  12pk 12oz can,Craft,,-564,14.3,-39.4,11.7,15.99,13.96,27,,64,172,
Hard MTN Dew Original 24oz can,Single Serve,,109,14.3,7.6,2.46,3.99,,38,,70,144,Plymouth:3;Blaine:8;Andover:14;Roseville:2;Chanhassen:6;Bloomington:12;Minneapolis:18;St. Louis Park:19;Rosemount:27
Monaco Blue Crush 4pk 12oz can,RTD,,118,14.3,8.3,7.77,12.49,10.96,38,net down pricing,66,162,Stillwater:1;Vadnais Heights:2;Chanhassen:3;Rosemount:3;Minnetonka:5;St. Louis Park:8;Roseville:12;Cottage Grove:13;Woodbury:21;Minneapolis:31;Osseo:1;Plymouth:4;Blaine:5;Ramsey:9
Coors Light 24pk 12oz btl,Premium,"Breakthru Beverage Minnesota Beer, LLC",75,14.3,5.2,20.16,25.99,,22,,61,185,Roseville:1;Rosemount:1;Osseo:2;Chanhassen:4;Bloomington:5;Plymouth:5;Andover:8;Woodbury:9;Blaine:11;Ramsey:12;Cottage Grove:17
Surly Lemon Drop 4pk 12oz can,Craft,"Hohensteins, Inc.",76,14.3,5.3,7.34,10.99,,33,,64,173,Cottage Grove:1;Chanhassen:2;St. Louis Park:2;Roseville:4;Woodbury:7;Andover:8;Minneapolis:16;Blaine:36
Budweiser 6pk 12oz btl,Premium,,89,14.2,6.3,6.65,9.99,,33,,63,173,Bloomington:1;Vadnais Heights:1;Minneapolis:4;Blaine:5;Cottage Grove:5;Minnetonka:6;Osseo:6;Andover:6;Plymouth:6;Chanhassen:7;Roseville:7;St. Louis Park:8;Ramsey:8;Stillwater:4;Rosemount:6;Woodbury:9
Surly One Man Mosh Pit 12pk 12oz can,Craft,,130,14.2,9.1,13.24,21.99,18.96,40,,58,196,Blaine:1;Stillwater:2;Vadnais Heights:3;Cottage Grove:8;Rosemount:9;Minneapolis:11;Roseville:11;Bloomington:18;St. Louis Park:26;Osseo:1;Woodbury:6;Chanhassen:8;Andover:26
Pryes Mass Hazeteria 4pk 16oz can,Craft,,157,14.1,11.1,10.17,17.49,14.96,42,,63,171,Minneapolis:1;Blaine:1;Bloomington:5;Osseo:6;Vadnais Heights:6;Stillwater:7;Minnetonka:9;Roseville:11;Ramsey:11;Woodbury:11;Rosemount:18;St. Louis Park:19;Chanhassen:21;Cottage Grove:31
Pacifico Lager 4pk 16oz can,Import,,105,14.1,7.5,5.21,7.99,,35,,54,209,Blaine:8;Andover:11;Roseville:3;Chanhassen:6;Vadnais Heights:8;Cottage Grove:9;Woodbury:11;Bloomington:13;Rosemount:18;St. Louis Park:18
Monaco Mai Tai 12oz can,Single Serve,"Breakthru Beverage Minnesota Wine & Spirits, LLC",259,14.1,18.4,1.99,3.49,2.96,43,net down pricing,58,192,Chanhassen:1;Ramsey:1;Plymouth:2;Blaine:4;Minnetonka:5;Woodbury:9;Osseo:12;Bloomington:18;St. Louis Park:18;Vadnais Heights:23;Stillwater:25;Roseville:26;Cottage Grove:39;Minneapolis:77
Beatbox Watermelon Lemonade 500ml,Single Serve,"Capitol Beverage Sales, L.P.",153,14.0,10.9,2.32,4.49,3.96,48,,66,154,Osseo:2;Chanhassen:8;Vadnais Heights:8;Woodbury:11;St. Louis Park:18;Andover:24;Cottage Grove:24;Minneapolis:28;Rosemount:30
Surly Hell 12pk 12oz can,Craft,,88,13.9,6.3,13.17,18.99,15.96,31,,58,187,Minnetonka:2;Rosemount:3;Cottage Grove:4;Bloomington:10;Roseville:12;St. Louis Park:16;Ramsey:1;Blaine:2;Plymouth:3;Andover:4;Woodbury:9;Minneapolis:22
Leinenkugel's Honey Weiss 12pk 12oz btl,Craft,,77,13.9,5.5,12.8,19.99,15.96,36,,58,185,Plymouth:1;Osseo:2;Blaine:11;Ramsey:14;St. Louis Park:4;Bloomington:6;Stillwater:6;Roseville:6;Rosemount:8;Chanhassen:10;Vadnais Heights:12;Cottage Grove:13
Coors Banquet 24pk 16oz can,Premium,Dahlheimer Beverage Monticello,50,13.9,3.6,21.5,25.99,22.96,17,,81,83,Ramsey:2;Plymouth:7;Andover:9;Blaine:11;Minneapolis:21
Two Chicks Paloma 4pk 12oz can,RTD,Phillips Wine & Spirits - St. Paul,76,13.8,5.5,7.35,12.99,10.96,43,3 free on 20,54,199,Rosemount:1;Minneapolis:2;Osseo:3;Vadnais Heights:3;Plymouth:4;Cottage Grove:5;Chanhassen:5;Ramsey:5;Minnetonka:6;Woodbury:7;St. Louis Park:7;Bloomington:8;Blaine:10;Roseville:10
Stella Artois 25oz can,Single Serve,,86,13.7,6.3,2.59,3.99,,35,,58,178,Woodbury:1;Minnetonka:3;Rosemount:5;St. Louis Park:6;Cottage Grove:9;Andover:14;Bloomington:15;Minneapolis:28;Vadnais Heights:5
Cutwater Pina Colada 12oz Can,Single Serve,Single Can,0,13.7,0.0,2.48,4.49,3.96,45,,54,198,
White Claw Surge Grape 19.2oz can,Single Serve,Dahlheimer Beverage Monticello,146,13.7,10.6,2.36,3.79,,38,,52,207,Vadnais Heights:6;Ramsey:9;Bloomington:10;Andover:12;Blaine:15;Plymouth:18;Minneapolis:21;Woodbury:55
Athletic Brewing Run Wild N/A 12pk 12oz can,Craft,Dahlheimer Beverage Monticello,131,13.6,9.7,13.88,20.99,17.96,34,,54,193,Chanhassen:2;Minneapolis:2;Ramsey:2;Osseo:2;Rosemount:7;Vadnais Heights:8;St. Louis Park:10;Plymouth:11;Cottage Grove:14;Blaine:14;Woodbury:16;Andover:16;Roseville:28
Smirnoff Twisted Ice Sampler 12pk 12oz btl,FMB,,49,13.6,3.6,12.87,20.49,17.96,37,,61,162,Blaine:1;Cottage Grove:8;Bloomington:11;Woodbury:15;Minneapolis:18
Kona Big Wave 25oz can,Single Serve,"Capitol Beverage Sales, L.P.",190,13.6,14.0,2.07,3.49,,41,,58,176,St. Louis Park:4;Osseo:6;Rosemount:6;Bloomington:9;Cottage Grove:9;Roseville:13;Minnetonka:14;Woodbury:18;Vadnais Heights:22;Minneapolis:89
Four Loko Gold 23oz can,Single Serve,,92,13.5,6.8,2.12,3.49,,39,,57,178,Blaine:9;Ramsey:12;Andover:16;Roseville:16;Minneapolis:41
Carbliss Watermelon 4pk 12oz can,Seltzer,Dahlheimer Beverage Monticello,142,13.5,10.5,8.91,13.79,11.96,35,,57,177,Minnetonka:2;Cottage Grove:8;Stillwater:14;Woodbury:19;Andover:27;Minneapolis:35;Blaine:38
Hamm's 24oz can,Single Serve,,47,13.4,3.5,1.5,2.99,,50,,63,146,Bloomington:18;Rosemount:1;Minneapolis:29
Pryes Royal Raspberry Sour 12pk 12oz can,Craft,"Pryes Brewing Company, LLC",77,13.3,5.8,15.0,25.99,21.96,42,,53,190,Bloomington:1;Roseville:3;Vadnais Heights:5;St. Louis Park:11;Rosemount:14;Woodbury:15;Minneapolis:28
Pryes Miraculum Midwest IPA 4pk 16oz can,Craft,,98,13.3,7.3,7.46,13.79,11.96,46,,60,159,Osseo:2;Vadnais Heights:4;Ramsey:5;Plymouth:5;Roseville:6;Blaine:7;Chanhassen:7;Rosemount:10;Stillwater:12;Bloomington:13;St. Louis Park:13;Cottage Grove:14
Natural Ice 6pk 16oz can,Economy,,112,13.2,8.5,5.05,7.99,,37,,54,181,Roseville:7;Blaine:7;Andover:10;Bloomington:31;Minneapolis:52;Cottage Grove:5
Sun Cruiser Vodka Lemonade 8pk 12oz can,RTD,"Breakthru Beverage Minnesota Beer, LLC",162,13.2,12.3,14.21,21.99,16.96,35,,64,137,Chanhassen:4;Bloomington:6;St. Louis Park:9;Rosemount:12;Roseville:13;Ramsey:14;Minneapolis:104
Loon Juice Variety Pack 12pk 12oz can,Cider,,104,13.2,7.9,17.53,22.99,,24,,58,162,Bloomington:3;Roseville:3;Minnetonka:4;Vadnais Heights:5;Minneapolis:6;Blaine:6;Plymouth:8;Andover:12;St. Louis Park:13;Ramsey:22;Woodbury:2;Cottage Grove:20
Modist Supra Deluxe 4pk 16oz can,Craft,,82,13.1,6.3,7.65,11.99,,36,,54,177,Osseo:1;St. Louis Park:1;Rosemount:3;Cottage Grove:4;Minneapolis:4;Woodbury:4;Minnetonka:5;Blaine:5;Chanhassen:5;Bloomington:5;Plymouth:6;Stillwater:9;Roseville:12;Vadnais Heights:18
Grain Belt Premium 24pk 16oz can,Premium,Dahlheimer Beverage Monticello,78,13.1,5.9,21.76,25.99,,16,,57,165,Stillwater:1;St. Louis Park:2;Cottage Grove:3;Andover:5;Rosemount:6;Ramsey:12;Blaine:12;Bloomington:18;Minneapolis:21
Sierra Nevada Big Little Thing IPA 12pk 12oz can,Craft,,82,13.1,6.3,14.08,20.99,17.96,33,,59,155,Osseo:7;Blaine:15;Andover:19;Chanhassen:4;Roseville:6;Woodbury:7;Vadnais Heights:9;Rosemount:15
Sociable Cider Werks Side by Side Variety Pack 8pk 12oz can,Cider,Sociable Cider Werks,52,13.0,4.0,13.92,19.99,18.96,30,,57,160,Blaine:2;Rosemount:3;Stillwater:4;Plymouth:5;St. Louis Park:5;Minneapolis:5;Minnetonka:6;Andover:6;Cottage Grove:8;Bloomington:11
Beatbox Sour Cherry 500ml,Single Serve,"College City Beverage, Inc.",58,12.9,4.5,2.35,4.49,3.96,48,,73,86,Rosemount:5;Woodbury:7;Cottage Grove:7;Roseville:8;Minneapolis:31
Paulaner Oktoberfest Bier 12pk 11oz btl,Import,,87,12.9,6.7,13.67,18.99,,28,,71,96,Osseo:13;St. Louis Park:3;Chanhassen:6;Stillwater:9;Bloomington:11;Woodbury:12;Rosemount:16;Blaine:22
Surly 20th Anniversary Variety 12pk 12oz can,Craft,Artisan Beer,27,12.9,2.1,15.59,23.99,19.96,35,,55,166,Bloomington:1;Minneapolis:1;Blaine:1;Vadnais Heights:1;Rosemount:2;Andover:2;Cottage Grove:3;Roseville:4;St. Louis Park:5;Chanhassen:7
Leinenkugel's Seasonal 6pk 12oz btl,Craft,"Breakthru Beverage Minnesota Beer, LLC",40,12.9,3.1,7.59,10.99,,31,,71,94,Rosemount:1;Blaine:2;St. Louis Park:4;Cottage Grove:4;Bloomington:5;Woodbury:7;Roseville:8;Ramsey:10
White Claw Peach 19.2oz can,Single Serve,,84,12.8,6.6,2.33,3.79,,38,,54,169,Blaine:5;Rosemount:5;Andover:13;Ramsey:13;Roseville:14;Minneapolis:35
Modist Brewing False Pattern 4pk 16oz can,Craft,,62,12.8,4.8,8.51,12.99,,34,,58,150,Minnetonka:1;Roseville:1;Minneapolis:3;Andover:3;Stillwater:3;Chanhassen:4;St. Louis Park:5;Vadnais Heights:10;Rosemount:13;Cottage Grove:22
Coors Light,Premium,"Breakthru Beverage Minnesota Beer, LLC",27,12.8,2.1,12.0,15.99,,25,,64,124,Minneapolis:37
Press Sparkling Savor 12pk 12oz can,Seltzer,,125,12.8,9.8,13.99,21.99,18.96,36,,50,187,Minnetonka:1;Roseville:2;Blaine:3;Stillwater:5;Chanhassen:6;St. Louis Park:10;Woodbury:13;Rosemount:16;Andover:19;Vadnais Heights:23;Minneapolis:27
Drekker Ectogasm 4pk 16oz can,Craft,,114,12.8,8.9,11.56,17.99,,36,,58,149,Chanhassen:1;Bloomington:4;Stillwater:4;Plymouth:6;Woodbury:7;Roseville:7;Cottage Grove:11;Rosemount:12;St. Louis Park:12;Osseo:13;Blaine:16;Vadnais Heights:21
Fulton Lonely Blonde 6pk 12oz can,Craft,,32,12.8,2.5,7.5,10.99,,32,,54,168,Woodbury:3;Roseville:4;Osseo:1;Plymouth:2;Cottage Grove:2;Rosemount:2;Vadnais Heights:5;Blaine:5;Chanhassen:6;St. Louis Park:6
Grain Belt Nordeast 6pk 16oz can,Premium,Artisan Beer,73,12.7,5.8,6.85,7.99,,14,,55,160,Roseville:2;Bloomington:6;Minnetonka:7;Ramsey:7;Rosemount:10;Andover:12;Blaine:12;Minneapolis:17
Corona Sunbrew Citrus 12pk 12oz btl,Import,,95,12.7,7.5,13.47,18.99,15.96,29,,51,178,Minnetonka:2;Osseo:2;Bloomington:7;Woodbury:9;Ramsey:9;Andover:17;Chanhassen:1;St. Louis Park:2;Rosemount:4;Vadnais Heights:5;Plymouth:6;Stillwater:6;Blaine:12;Cottage Grove:13
Miller Genuine Draft 12pk 12oz btl,Premium,Bernicks,76,12.7,6.0,11.28,14.99,13.96,25,,55,162,Vadnais Heights:4;Andover:5;Roseville:5;Stillwater:7;Woodbury:8;Cottage Grove:9;Ramsey:12;Blaine:12;Osseo:14
Montucky Cold Snacks 12pk 12oz can,Below Premium,,58,12.6,4.6,11.43,15.99,,29,,52,171,Minneapolis:10;Blaine:11;Minnetonka:2;Cottage Grove:2;Rosemount:3;St. Louis Park:3;Roseville:4;Woodbury:5;Vadnais Heights:7;Bloomington:11
Corona N/A 12pk 12oz can,Import,,61,12.6,4.9,13.63,18.99,15.96,28,,53,165,Roseville:2;Bloomington:9;Woodbury:10;Andover:14;Plymouth:3;Cottage Grove:3;St. Louis Park:4;Rosemount:8;Blaine:9
Natural Ice 24pk 12oz can,Economy,,69,12.6,5.5,16.37,23.99,19.96,32,,54,163,Ramsey:9;Andover:10;Osseo:13;Minneapolis:14;Blaine:23
Hacker Pschorr Oktober 12pk 11oz btl,Import,,87,12.6,6.9,13.68,18.99,,28,,68,100,Vadnais Heights:9;Blaine:10;Andover:11;Plymouth:3;Cottage Grove:3;St. Louis Park:8;Bloomington:9;Chanhassen:9;Rosemount:12;Woodbury:13
Bud Light 6pk 12oz btl,Premium,,80,12.5,6.4,6.65,10.99,9.96,39,,51,173,Plymouth:3;Minnetonka:4;Chanhassen:5;Minneapolis:5;St. Louis Park:5;Ramsey:6;Vadnais Heights:6;Andover:6;Roseville:7;Osseo:8;Blaine:8;Woodbury:4;Rosemount:5;Stillwater:6;Cottage Grove:6
Modelo Oro 12pk 12oz can,Import,,104,12.4,8.4,13.32,18.99,15.96,30,,50,172,Minneapolis:1;Minnetonka:2;St. Louis Park:4;Ramsey:6;Roseville:10;Andover:10;Woodbury:12;Blaine:18;Cottage Grove:25;Rosemount:8;Plymouth:8
Mickeys Malt Liquor 12pk 12oz btl,Below Premium,,38,12.4,3.1,10.8,14.99,,28,,58,136,Plymouth:2;Osseo:4;Andover:6;Blaine:8;Rosemount:1;Bloomington:6;Roseville:11
Firestone Walker IPA Variety 12pk 12oz can,Craft,,60,12.4,4.8,14.68,17.49,14.96,16,,58,138,Woodbury:8;Roseville:4;Blaine:4;Plymouth:4;Bloomington:5;St. Louis Park:7;Vadnais Heights:8;Stillwater:10;Rosemount:10
Golden Road Mango Cart 12pk 12oz can,Craft,,72,12.4,5.8,12.83,19.99,16.96,36,,50,172,Rosemount:7;Minneapolis:8;Andover:10;Blaine:15;Cottage Grove:16;Woodbury:16
White Claw Pineapple 6pk 12oz can,Seltzer,,-17,12.4,-1.4,7.66,12.99,10.96,41,,50,172,Blaine:7;Andover:11;Cottage Grove:58
Summit Saga Imperial IPA 12pk 12oz can,Craft,,69,12.3,5.6,13.29,19.99,16.96,34,,57,139,Osseo:2;Rosemount:2;Vadnais Heights:2;Bloomington:6;Roseville:6;Blaine:7;Woodbury:7;Stillwater:8;Andover:12;Plymouth:2;St. Louis Park:3;Cottage Grove:12
Stella Liberte N/A 6pk 12oz btl,Import,,59,12.3,4.8,7.72,12.49,10.96,38,,54,152,Stillwater:1;Ramsey:3;Plymouth:4;St. Louis Park:4;Chanhassen:6;Rosemount:6;Roseville:7;Andover:8;Osseo:11;Blaine:12;Cottage Grove:1
Castle Danger Maple Marzen 6pk 12oz can,Craft,,121,12.2,9.9,5.64,12.99,,57,,66,95,Minnetonka:2;Rosemount:5;Plymouth:10;Vadnais Heights:10;St. Louis Park:11;Cottage Grove:12;Woodbury:13;Osseo:18;Roseville:20;Blaine:20
Chelada Bud & Clamato Picante 25oz can,Single Serve,,117,12.2,9.7,2.21,3.99,,45,,43,198,Plymouth:6;Bloomington:9;Cottage Grove:17;Minneapolis:19;Rosemount:10;Andover:17;Blaine:17;St. Louis Park:22
Paulaner Hefe Weizen 4pk 17oz can,Import,,60,12.2,4.9,8.12,12.99,10.96,37,,53,154,Ramsey:4;Vadnais Heights:5;Andover:5;Blaine:3;St. Louis Park:5;Minneapolis:6;Bloomington:7;Stillwater:7;Cottage Grove:9;Roseville:9
Alcolo Premium 8pk 12oz can,Seltzer,,21,12.1,1.7,5.97,19.99,,70,,44,190,Cottage Grove:6;Minneapolis:15
Bud Light Lime-A-Rita 25oz can,Single Serve,"College City Beverage, Inc.",105,12.1,8.7,2.79,4.49,,38,,53,151,Bloomington:4;Rosemount:7;Woodbury:12;Cottage Grove:14;Andover:15;Plymouth:15;Roseville:20;Blaine:21
White Claw 0.0 Variety 12pk 12oz can,Seltzer,"Breakthru Beverage Minnesota Beer, LLC",33,12.1,2.7,13.94,18.99,15.96,27,,39,215,Minnetonka:1;Rosemount:1;Bloomington:2;Roseville:3;Chanhassen:4;Andover:8;Woodbury:15
Pabst Blue Ribbon 24pk 12oz can,Below Premium,"Hohensteins, Inc.",108,12.1,8.9,16.98,23.99,19.96,29,,51,160,Cottage Grove:1;Vadnais Heights:3;Andover:3;Roseville:5;Woodbury:7;Osseo:8;Stillwater:8;Ramsey:11;Rosemount:11;Minneapolis:11;Bloomington:15;Blaine:25
Urban Growler Hot Blonde Jalapeno Blonde Ale 4pk 16oz can,Craft,Urban Growler Brewing Company,44,12.0,3.7,7.95,10.99,,28,,51,155,Andover:2;Plymouth:3;St. Louis Park:3;Woodbury:3;Rosemount:4;Roseville:4;Blaine:4;Minneapolis:6;Chanhassen:6;Vadnais Heights:9
Sun Cruiser Vodka Iced Tea Lemonade 4pk 12oz can,RTD,"Breakthru Beverage Minnesota Beer, LLC",69,12.0,5.7,7.1,11.99,,41,,54,144,Vadnais Heights:1;Roseville:2;St. Louis Park:2;Cottage Grove:4;Chanhassen:9;Bloomington:10;Minneapolis:41
Bud Light Straw-Ber-Rita 25oz can,Single Serve,"College City Beverage, Inc.",80,12.0,6.7,2.79,4.49,,38,,49,166,Cottage Grove:2;Plymouth:3;Rosemount:5;Bloomington:5;Woodbury:9;Vadnais Heights:11;Andover:18;Blaine:27
Happy Dad Raspberry 12pk 12oz can,Seltzer,"Breakthru Beverage Minnesota Beer, LLC",85,11.9,7.2,13.73,21.99,18.96,38,,54,139,Roseville:1;Ramsey:4;Andover:5;Osseo:7;Cottage Grove:8;St. Louis Park:9;Woodbury:15;Minneapolis:36
Budweiser Zero 12pk 12oz can,Premium,,60,11.9,5.0,10.9,18.99,14.96,43,,48,166,Chanhassen:2;Bloomington:3;St. Louis Park:3;Plymouth:4;Stillwater:4;Roseville:5;Osseo:6;Blaine:6;Andover:8;Vadnais Heights:10;Cottage Grove:2;Rosemount:3;Woodbury:4
Summit Oatmeal Stout 4pk 16oz can,Craft,Dahlheimer Beverage Monticello,56,11.9,4.7,6.0,9.99,7.96,40,,56,131,Cottage Grove:3;St. Louis Park:3;Rosemount:3;Vadnais Heights:6;Woodbury:9;Blaine:9;Andover:12;Roseville:12
Michelob Ultra 24pk 12oz btl,Super Premium,,94,11.9,7.9,23.26,32.24,27.46,28,,54,141,Stillwater:3;Cottage Grove:3;Rosemount:6;Vadnais Heights:9;Andover:12;Woodbury:30;Blaine:37
Summit Lager 4pk 12oz can,Premium,,44,11.9,3.7,3.79,5.49,4.96,31,,50,158,Chanhassen:1;Rosemount:1;St. Louis Park:1;Cottage Grove:3;Woodbury:5;Minneapolis:7;Blaine:8;Vadnais Heights:8;Roseville:10
Blue Moon Light 12pk 12oz can,Craft,,53,11.9,4.5,13.41,17.49,15.96,23,,51,153,Ramsey:1;Minneapolis:5;Andover:7;Stillwater:9;Blaine:10;Plymouth:3;Bloomington:6;Cottage Grove:6;Rosemount:6
Truly Spiked Wild Berry 24oz can,Single Serve,,74,11.9,6.2,2.33,3.99,,42,,50,156,St. Louis Park:18;Blaine:2;Plymouth:6;Minneapolis:7;Ramsey:7;Osseo:7;Andover:11;Bloomington:17
Indeed Flavorwave IPA 6pk 12oz can,Craft,,69,11.8,5.9,8.84,13.99,11.96,37,,51,149,Ramsey:6;Blaine:9;Chanhassen:1;Rosemount:3;Plymouth:4;Vadnais Heights:6;Stillwater:6;Woodbury:7;Roseville:7;Minneapolis:8;Bloomington:12
Sun Cruiser Vodak Pink Lemonade 19.2oz can,Single Serve,Dahlheimer Beverage Monticello,85,11.8,7.2,3.14,4.99,4.46,37,,61,104,Blaine:8;Woodbury:12;St. Louis Park:15;Andover:18;Minneapolis:32
Deschutes Fresh Squeezed IPA 19.2oz can,Single Serve,,73,11.8,6.2,2.11,3.49,,40,,52,146,Chanhassen:1;Plymouth:12;Blaine:12;St. Louis Park:15;Minneapolis:16;Bloomington:17
Smirnoff Ice 12pk 12oz btl,FMB,,52,11.8,4.4,12.73,20.99,17.96,39,,52,144,Blaine:1;Andover:18;Stillwater:2;Roseville:7;Minneapolis:24
Cutwater Vodka Mule 12oz can,Single Serve,Single Can,0,11.8,0.0,2.46,4.49,3.96,45,,51,150,
Happy Thursday Raspberry 12pk 12oz can,FMB,"Breakthru Beverage Minnesota Beer, LLC",59,11.7,5.1,13.16,19.99,,34,,56,123,Plymouth:1;Roseville:1;Rosemount:4;Blaine:8;Andover:11;Minneapolis:34
Smirnoff Ice Screwdriver 6pk 12oz btl,FMB,Bernicks,44,11.7,3.8,7.53,10.99,,31,,44,178,Stillwater:2;Blaine:2;Rosemount:4;Osseo:4;Woodbury:4;St. Louis Park:5;Cottage Grove:6;Bloomington:10;Minneapolis:16
Natural Light 15pk 12oz can,Economy,,69,11.7,5.9,9.62,12.99,,26,,58,115,Blaine:4;Ramsey:5;Andover:7;Bloomington:7;Minneapolis:13;Roseville:24;Cottage Grove:13
Guinness Zero 4pk 15oz can,Import,Bernicks,88,11.7,7.5,6.49,8.99,7.96,28,,54,133,Rosemount:5;Vadnais Heights:5;St. Louis Park:6;Bloomington:9;Andover:10;Minnetonka:10;Blaine:10;Cottage Grove:13;Stillwater:13;Woodbury:17
Corona Sunbrew Citrus 6pk 12oz btl,Import,,60,11.7,5.1,7.23,10.99,,34,,52,142,Roseville:3;Osseo:3;Woodbury:3;Minnetonka:4;Ramsey:4;St. Louis Park:5;Vadnais Heights:5;Cottage Grove:5;Blaine:8;Andover:9;Bloomington:11
Downeast Cider Out of Office Variety Pack 12pk 12oz can,Cider,Dahlheimer Beverage Monticello,102,11.6,8.8,14.8,22.99,19.96,36,,55,124,Plymouth:1;Bloomington:2;St. Louis Park:5;Osseo:5;Andover:7;Minneapolis:9;Woodbury:13;Roseville:16;Ramsey:16;Blaine:29
Mike's Harder Straw Pineapple 23oz can,Single Serve,"Breakthru Beverage Minnesota Beer, LLC",139,11.6,12.0,2.34,3.99,,41,,48,157,St. Louis Park:2;Ramsey:6;Vadnais Heights:11;Plymouth:12;Bloomington:12;Roseville:13;Woodbury:14;Andover:17;Blaine:19;Minneapolis:33
Twisted Tea Peach 24oz can,Single Serve,,76,11.6,6.5,2.35,3.99,,41,,52,139,St. Louis Park:1;Blaine:1;Ramsey:8;Rosemount:14;Roseville:15;Bloomington:17;Minneapolis:22
Angry Orchard Imperial 19.2oz can,Single Serve,"Breakthru Beverage Minnesota Beer, LLC",38,11.6,3.3,2.21,3.49,,37,,61,99,Minneapolis:7;Bloomington:13;Woodbury:18
Busch Light Lime 12pk 12oz can,Premium,"College City Beverage, Inc.",11,11.5,1.0,5.56,16.24,7.48,66,,53,130,Woodbury:1;Minneapolis:10
New Belgium Voodoo Ranger Imperial IPA 6pk 12oz btl,Craft,,44,11.5,3.8,8.45,11.99,,30,,53,131,Blaine:3;St. Louis Park:4;Andover:7;Vadnais Heights:4;Cottage Grove:6;Bloomington:9;Roseville:11
Cayman Jacked Strawberry Margarita 19.2oz can,Single Serve,"Breakthru Beverage Minnesota Beer, LLC",45,11.5,3.9,2.33,3.99,,42,,50,146,Rosemount:1;Roseville:2;Cottage Grove:3;Blaine:4;St. Louis Park:8;Bloomington:8;Plymouth:9;Andover:10
NUTRL Blueberry 4pk 12oz can,RTD,"College City Beverage, Inc.",-81,11.3,-7.1,7.51,11.99,,37,,49,144,Cottage Grove:1;Stillwater:7;Woodbury:9;Rosemount:22
Grain Belt Premium 6pk 16oz can,Premium,,26,11.2,2.3,6.86,7.99,,14,,49,138,Minneapolis:4;Roseville:5;Blaine:6;Vadnais Heights:6;Andover:8
Bud Light Lime 12pk 12oz btl,Super Premium,,100,11.1,9.0,12.92,16.99,,24,,41,172,Roseville:5;Chanhassen:6;Andover:11;Plymouth:13;Bloomington:18;Blaine:20;Rosemount:6;Stillwater:8;Cottage Grove:13
Happy Dad Grape 12pk 12oz can,Seltzer,,67,11.0,6.1,13.98,22.49,18.96,38,,49,134,Minnetonka:2;Cottage Grove:4;St. Louis Park:6;Blaine:7;Woodbury:8;Minneapolis:13;Osseo:1;Chanhassen:1;Ramsey:4;Roseville:9;Bloomington:12
Back Channel District 5 New England IPA 4pk 16oz can,Craft,Back Channel Brewing Co.,75,11.0,6.8,11.9,16.99,,30,,50,129,St. Louis Park:5;Bloomington:6;Blaine:7;Minneapolis:8;Andover:9;Woodbury:12;Minnetonka:13;Roseville:15
Urban Growler Oktoberfest 4pk 16oz can,Craft,Urban Growler Brewing Company,13,11.0,1.2,10.16,12.99,,22,,61,79,Rosemount:2;Blaine:2;Minneapolis:5;Woodbury:9
Chelada Bud Light & Clamato 4pk 16oz can,Premium,,36,11.0,3.3,6.82,9.99,,32,,46,146,Cottage Grove:1;Blaine:4;Osseo:4;Plymouth:5;Woodbury:6;Roseville:12;Rosemount:11
Lupulin Blissful Ignorance 4pk 16oz can,Craft,,66,11.0,6.0,10.93,16.99,,36,,49,132,Osseo:5;Blaine:8;Andover:12;Ramsey:14;Chanhassen:1;Roseville:1;Minnetonka:3;Woodbury:5;St. Louis Park:17
Blue Moon Belgian White N/A 6pk 12oz can,Craft,,47,10.9,4.3,7.86,13.79,11.96,43,,46,144,Andover:1;Blaine:4;Ramsey:6;Plymouth:7;St. Louis Park:1;Stillwater:2;Cottage Grove:3;Roseville:4;Chanhassen:4;Bloomington:6;Vadnais Heights:6;Rosemount:6
Coors N/A 12pk 12oz can,Premium,,38,10.9,3.5,11.2,17.49,14.96,36,,47,140,Cottage Grove:1;Bloomington:2;Osseo:2;Rosemount:3;Stillwater:4;Plymouth:5;Andover:8;Blaine:9;Ramsey:13
Chelada Bud Light & Clamato 12pk 12oz can,Craft,"College City Beverage, Inc.",84,10.9,7.7,13.2,18.99,,31,,46,144,Stillwater:2;Minneapolis:4;Woodbury:4;St. Louis Park:4;Ramsey:5;Rosemount:6;Plymouth:11;Andover:12;Blaine:17;Bloomington:19
New Belgium Fat Tire 12pk 12oz can,Craft,,52,10.8,4.8,12.89,19.99,16.96,35,,43,155,Ramsey:3;St. Louis Park:6;Plymouth:7;Blaine:8;Vadnais Heights:1;Cottage Grove:2;Minnetonka:3;Roseville:8;Bloomington:15;Minneapolis:15
Fulton Hard Seltzer Mixed Pack Citrus 12pk 12oz can,Seltzer,,61,10.8,5.7,13.86,20.99,,34,,50,121,Andover:1;Roseville:1;Bloomington:9;Chanhassen:1;Plymouth:2;Rosemount:2;St. Louis Park:4;Blaine:6;Woodbury:6;Cottage Grove:11;Minneapolis:18
Indeed Pistachio Cream Ale 12pk 12oz can,Craft,,71,10.8,6.6,14.81,22.99,19.96,36,,44,149,Osseo:2;Rosemount:3;Andover:5;Blaine:18;Cottage Grove:10;St. Louis Park:10;Woodbury:11;Bloomington:15
Mike's Hard Mango 6pk 12oz can,FMB,"Breakthru Beverage Minnesota Beer, LLC",89,10.8,8.2,7.42,10.99,,32,,46,140,Bloomington:3;Ramsey:4;Stillwater:4;Vadnais Heights:4;Andover:5;Blaine:6;St. Louis Park:8;Rosemount:9;Cottage Grove:9;Roseville:14;Minneapolis:23
Truly Citrus Variety 12pk 12oz can,Seltzer,"Breakthru Beverage Minnesota Beer, LLC",158,10.8,14.6,13.46,19.99,16.96,33,,41,163,St. Louis Park:6;Stillwater:8;Vadnais Heights:10;Rosemount:13;Roseville:17;Cottage Grove:18;Blaine:21;Ramsey:29;Andover:37
Indeed Mexican Honey Light 6pk 12oz can,Craft,,18,10.8,1.7,9.0,13.99,11.96,36,,48,131,Rosemount:3;Plymouth:4;Cottage Grove:1;Woodbury:2;Stillwater:8;Roseville:10;Bloomington:11
Monaco Tropic Rush 12oz can,Single Serve,"Breakthru Beverage Minnesota Beer, LLC",102,10.8,9.4,1.99,3.49,2.96,43,net down pricing,47,137,Ramsey:3;Woodbury:7;St. Louis Park:12;Bloomington:14;Roseville:14;Stillwater:22;Minneapolis:32
Beatbox Hard Tea 500ml,Single Serve,McDonald Distributing Co dba Clear River Beverage,110,10.7,10.3,2.32,4.49,3.96,48,,47,132,Ramsey:2;Vadnais Heights:3;Andover:4;Chanhassen:11;Roseville:12;Minneapolis:12;Woodbury:13;Osseo:14;Bloomington:14;Rosemount:25
Vodkade Zero Sugar Grape 8pk 12oz can,RTD,"Capitol Beverage Sales, L.P.",75,10.7,7.0,15.85,24.99,,37,,61,69,Cottage Grove:3;Woodbury:7;Blaine:11;Osseo:13;Minneapolis:41
Miller Lite,Premium,,42,10.7,3.9,12.05,15.99,,25,,53,105,Andover:5;Osseo:6;Minneapolis:31
Utepils Helles 12pk 12oz can,Craft,,49,10.7,4.6,15.42,19.99,16.96,23,,47,133,Plymouth:1;Minnetonka:2;Roseville:3;Bloomington:4;Andover:5;Rosemount:5;Cottage Grove:7;Vadnais Heights:8;Woodbury:9;Chanhassen:6
Indeed Variety Pack 12pk 12oz can,Craft,,55,10.7,5.2,15.0,22.99,19.96,35,,43,149,Osseo:2;Plymouth:4;Andover:6;Blaine:13;Woodbury:1;Roseville:2;Vadnais Heights:3;Rosemount:4;St. Louis Park:9;Cottage Grove:11
Coors Banquet 12pk 16oz can,Premium,"Breakthru Beverage Minnesota Beer, LLC",43,10.7,4.0,12.02,15.99,,25,,51,114,Osseo:5;Minneapolis:38
Monaco Citrus Rush 4pk 12oz can,RTD,"Breakthru Beverage Minnesota Beer, LLC",108,10.6,10.2,7.77,12.49,10.96,38,net down pricing,50,117,Rosemount:2;Blaine:2;Woodbury:4;Osseo:5;Plymouth:5;Andover:6;St. Louis Park:10;Cottage Grove:14;Ramsey:17;Minneapolis:21;Roseville:22
Summit Saga IPA 4pk 16oz can,Craft,,47,10.6,4.4,6.0,9.99,7.96,40,,45,139,Ramsey:3;Minneapolis:3;Vadnais Heights:5;Bloomington:6;Rosemount:9;St. Louis Park:11;Woodbury:4;Cottage Grove:6
Lagunitas Little Sumpin' Ale 12pk 12oz btl,Craft,,67,10.5,6.4,11.55,17.49,14.96,34,,46,132,Woodbury:5;Andover:7;Osseo:1;Cottage Grove:2;Blaine:3;Vadnais Heights:6;St. Louis Park:7;Roseville:10;Chanhassen:11;Rosemount:15
Hard Mtn Dew Code Red 24oz can,Single Serve,"Breakthru Beverage Minnesota Beer, LLC",108,10.5,10.3,2.49,3.99,,38,,48,122,Plymouth:4;Rosemount:8;Roseville:10;Woodbury:11;Andover:12;Bloomington:14;Blaine:19;Minneapolis:30
Keystone Light 30pk 12oz can,Below Premium,Dahlheimer Beverage Monticello,42,10.5,4.0,18.25,24.99,21.96,27,,52,104,Osseo:2;Ramsey:2;Blaine:4;Bloomington:8;Andover:13;Minneapolis:13
Four Loko Strawberry Lemonade 24oz can,Single Serve,,29,10.5,2.8,2.15,3.49,,38,,50,112,Blaine:3;Ramsey:6;Andover:15;Minneapolis:5
Bud Light Lime 6pk 12oz btl,Super Premium,,66,10.4,6.3,7.39,10.99,,33,,43,142,St. Louis Park:2;Bloomington:4;Blaine:4;Vadnais Heights:6;Plymouth:7;Minneapolis:8;Andover:17;Rosemount:5;Cottage Grove:6;Woodbury:7
New Belgium Voodoo Tropic Force 19.2oz can,Single Serve,,167,10.4,16.0,1.96,3.49,,44,,38,164,Plymouth:20;Roseville:5;Vadnais Heights:7;Rosemount:8;Cottage Grove:11;Woodbury:16;Chanhassen:18;Minneapolis:22;Bloomington:24;Stillwater:36
Cayman Jack Paloma 6pk 12oz btl,FMB,,85,10.4,8.2,7.49,11.99,,38,,41,149,Ramsey:4;Andover:4;Blaine:4;Stillwater:5;St. Louis Park:3;Rosemount:3;Cottage Grove:5;Vadnais Heights:10;Roseville:12;Bloomington:16;Minneapolis:27
Mike's Lemonade 6pk 12oz btl,FMB,,47,10.4,4.5,7.71,10.99,,30,,45,133,Ramsey:1;Woodbury:1;Chanhassen:2;Minnetonka:4;Stillwater:4;Blaine:5;Bloomington:8;Vadnais Heights:12;Roseville:14
Corona Extra 24oz btl,Single Serve,,83,10.3,8.1,2.4,3.99,,40,,41,146,St. Louis Park:15;Minneapolis:20;Ramsey:4;Andover:19;Blaine:25
Four Loko Galactic Punch 24oz can,Single Serve,,89,10.3,8.7,2.1,3.49,,40,,47,119,Andover:12;Ramsey:15;Blaine:16;Minneapolis:46
Summit Sampler Pack 12pk 12oz can,Craft,Dahlheimer Beverage Monticello,-356,10.3,-34.6,13.2,19.99,16.96,34,,42,142,Roseville:3;Minneapolis:5;Vadnais Heights:15
Loon Juice Honeycrisp 12pk 12oz can,Cider,,56,10.2,5.5,17.31,22.99,,25,,42,139,Bloomington:5;Minneapolis:9;Andover:9;St. Louis Park:12;Blaine:14;Stillwater:1;Woodbury:6
Corona Extra 24pk 12oz can,Import,"Breakthru Beverage Minnesota Beer, LLC",67,10.2,6.5,22.6,29.24,25.96,23,,50,104,Rosemount:2;Minneapolis:65
Hard MTN Dew Variety Pack 12pk 12oz can,FMB,,124,10.2,12.1,13.83,20.99,17.96,34,,42,140,Bloomington:7;Ramsey:7;Blaine:17;Andover:29;Minneapolis:38;St. Louis Park:1;Cottage Grove:8;Rosemount:18
Pryes Pragmatic Classic Pils 12pk 12oz can,Craft,,109,10.1,10.8,11.68,22.49,18.96,48,,41,140,Bloomington:5;Woodbury:5;Minneapolis:5;Vadnais Heights:6;Rosemount:7;Chanhassen:7;Osseo:9;Blaine:10;St. Louis Park:11;Roseville:17;Cottage Grove:27
Sierra Nevada Torpedo IPA Variety Pack 12pk 12oz can,Craft,,58,10.1,5.8,14.47,20.99,17.96,31,,43,130,Vadnais Heights:1;Plymouth:3;Andover:4;Cottage Grove:6;Bloomington:7;St. Louis Park:7;Stillwater:8;Chanhassen:12;Roseville:12
Castle Danger Aurora Haze NE IPA 6pk 12oz can,Craft,Bernicks,36,10.1,3.6,8.46,12.99,11.96,35,,45,121,Roseville:1;Chanhassen:2;Blaine:2;Plymouth:3;Vadnais Heights:5;Rosemount:6;St. Louis Park:6;Stillwater:11
Busch Light 25oz can,Single Serve,,169,10.1,16.8,2.08,3.99,,48,,39,148,Ramsey:9;Bloomington:11;Osseo:12;Plymouth:14;Blaine:17;Vadnais Heights:19;Cottage Grove:19;Rosemount:20;Woodbury:38;Minneapolis:10
Hard MTN Dew Baja Blast Variety 12pk 12oz can,FMB,,51,10.1,5.0,14.33,18.99,,25,,42,136,St. Louis Park:1;Ramsey:2;Osseo:3;Bloomington:4;Andover:9;Cottage Grove:9;Blaine:12;Rosemount:13
Smirnoff Smash Pink Lemonade 23oz can,Single Serve,,27,10.1,2.7,2.29,3.99,,43,,44,126,Stillwater:5;Minneapolis:33
Bud Light Platinum 12pk 12oz btl,Super Premium,,54,10.0,5.4,12.92,16.99,15.96,24,,44,122,Bloomington:3;Andover:4;St. Louis Park:7;Blaine:8;Plymouth:12;Rosemount:2;Cottage Grove:7;Stillwater:11
Bell's Seasonal 2 6pk 12oz btl,Craft,"Hohensteins, Inc.",8,9.9,0.8,9.1,12.99,,30,,55,72,St. Louis Park:1;Woodbury:2;Cottage Grove:2;Minneapolis:3
Miller Genuine Draft 6pk 16oz can,Premium,,92,9.9,9.3,5.42,7.99,,32,,41,135,Blaine:6;Osseo:7;Woodbury:4;Stillwater:7;Cottage Grove:9;Bloomington:14;Roseville:19;Minneapolis:26
Cutwater Spicy Mango Margarita 4pk 12oz can,RTD,"Capitol Beverage Sales, L.P.",91,9.9,9.2,9.84,13.99,11.96,30,,45,117,Minnetonka:1;Minneapolis:3;Osseo:4;St. Louis Park:5;Rosemount:6;Stillwater:12;Blaine:12;Woodbury:46
Carbliss Lemon Iced Tea 4pk 12oz can,RTD,Dahlheimer Beverage Monticello,104,9.9,10.5,8.84,13.79,11.96,36,,39,144,Osseo:8;Vadnais Heights:9;Plymouth:10;Andover:21;Blaine:24;Roseville:32
Deschutes N/A Fresh Squeezed 6pk 12oz cans,Craft,McDonald Distributing Co dba Clear River Beverage,42,9.8,4.3,7.72,12.49,10.96,38,,38,145,Bloomington:1;Blaine:2;Rosemount:2;Stillwater:3;Andover:3;Minnetonka:4;Plymouth:4;Vadnais Heights:6;Roseville:7;Cottage Grove:7;St. Louis Park:7
Modist The Time Is Nigh Marzen 4pk 16oz can,Craft,,55,9.8,5.6,8.29,12.99,,36,,53,78,Plymouth:2;Minnetonka:3;Roseville:4;Vadnais Heights:4;Stillwater:7;Bloomington:7;Rosemount:8;Chanhassen:8;Woodbury:15
Smirnoff Smash Strawberry Passion 23oz can,Single Serve,Bernicks,71,9.8,7.3,2.29,3.99,,43,,40,134,Rosemount:11;Woodbury:11;St. Louis Park:12;Minneapolis:37
Castle Danger Hazy Sunday 6pk 12oz can,Craft,"Breakthru Beverage Minnesota Beer, LLC",30,9.8,3.1,8.46,12.49,10.96,32,,46,108,Osseo:1;Rosemount:1;Bloomington:2;St. Louis Park:2;Plymouth:4;Vadnais Heights:4;Roseville:5;Woodbury:5;Andover:6
The Finnish Long Drink Traditional 6pk 12oz can,RTD,Southern Glazer's Wine & Spirits of MN,11,9.7,1.1,10.42,19.99,15.96,48,,32,168,Blaine:1;Cottage Grove:2;Osseo:2;Bloomington:2;Minnetonka:2;Rosemount:4
Sinless Vodka Cocktail Variety Pack 8pk 12oz can,RTD,,327,9.7,33.8,14.29,22.99,19.96,38,,34,158,Bloomington:7;Rosemount:11;Cottage Grove:13;St. Louis Park:16;Blaine:18;Woodbury:45;Minneapolis:217
Grain Belt Premium 24pk 12oz btl,Premium,Bernicks,29,9.7,3.0,20.55,23.99,,14,,42,122,Ramsey:2;Cottage Grove:6;Andover:7;Osseo:7;Blaine:7
Carbliss Strawberry Margarita 4pk 12oz can,RTD,,152,9.7,15.7,8.89,13.79,11.96,36,,37,145,Rosemount:2;St. Louis Park:3;Roseville:4;Cottage Grove:19;Bloomington:20;Stillwater:7;Ramsey:26;Blaine:34;Andover:37
Insight Hop Wheels DDH Hazy IPA 4pk 16oz can,Craft,Insight Brewing Company (D),62,9.7,6.4,11.41,16.99,,33,,51,83,Andover:1;Rosemount:2;Vadnais Heights:4;Blaine:6;Woodbury:7;St. Louis Park:8;Chanhassen:35
Coronita Extra 12pk 7oz btl,Import,"Breakthru Beverage Minnesota Beer, LLC",40,9.6,4.1,9.6,12.99,,26,,42,121,Rosemount:4;Bloomington:14;Minneapolis:22
White Claw Surge Cranberry 19.2oz can,Single Serve,,78,9.6,8.1,2.35,3.79,,38,,40,129,Andover:16;Plymouth:17;Ramsey:22;Blaine:23
Fresca Hard Variety 12pk 12oz can,Malternatives,Dahlheimer Beverage Monticello,107,9.5,11.3,12.0,18.99,15.96,37,,52,71,Blaine:17;St. Louis Park:17;Minneapolis:19;Andover:20;Woodbury:34
2 Towns Outcider 19.2oz can,Single Serve,McDonald Distributing Co dba Clear River Beverage,45,9.5,4.7,2.96,4.99,,41,,44,108,Roseville:9;Rosemount:11;Blaine:11;Vadnais Heights:14
Vizzy Hard Seltzer Variety Pack #2 12pk 12oz can,Seltzer,,93,9.5,9.8,13.93,19.99,,30,,38,134,Plymouth:2;Ramsey:2;Andover:10;Blaine:12;Rosemount:4;Woodbury:5;Bloomington:10;Roseville:10;Vadnais Heights:18;Minneapolis:24
Smirnoff Ice Red White and Berry Zero Sugar 12pk 12oz can,FMB,,46,9.5,4.8,13.46,20.99,17.96,36,,39,131,Blaine:3;Andover:10;Woodbury:13;Rosemount:3;Cottage Grove:7;St. Louis Park:10
Truly Party Pack 12pk 12oz can,Seltzer,,96,9.4,10.3,13.95,19.99,16.96,30,,40,121,Roseville:1;Plymouth:4;St. Louis Park:4;Ramsey:7;Bloomington:11;Vadnais Heights:12;Rosemount:13;Minneapolis:14;Blaine:15;Chanhassen:1;Stillwater:25
Milwaukee's Best Light 15pk 12oz can,Economy,Bernicks,53,9.4,5.6,9.2,12.99,,29,,38,131,Roseville:5;Andover:6;Woodbury:11;Cottage Grove:15;Blaine:16
Cutwater Peach Margerita 4pk 12oz can,RTD,"Capitol Beverage Sales, L.P.",-155,9.4,-16.4,9.88,13.99,11.96,29,,41,119,
Beatbox Lemonade Hard Tea 500ml,Single Serve,"Capitol Beverage Sales, L.P.",114,9.4,12.1,2.36,5.24,3.96,55,,44,105,Roseville:10;Woodbury:14;Andover:15;Minneapolis:36;Bloomington:39
Samuel Adams Boston Lager 12pk 12oz btl,Craft,,95,9.4,10.1,13.63,22.49,18.96,39,,43,108,Plymouth:2;Blaine:9;Cottage Grove:12;St. Louis Park:2;Osseo:2;Ramsey:4;Rosemount:5;Chanhassen:7;Andover:11;Bloomington:12;Roseville:14;Woodbury:15
New Belgium Rotator 6pk 12oz can,Craft,"Breakthru Beverage Minnesota Beer, LLC",40,9.4,4.3,8.45,10.99,,23,,50,76,Plymouth:3;St. Louis Park:4;Vadnais Heights:4;Woodbury:6;Bloomington:7;Andover:7;Cottage Grove:10
Truly Spiked Paradise Variety Pack 12pk 12oz can,Seltzer,"Breakthru Beverage Minnesota Beer, LLC",95,9.4,10.1,13.69,19.99,16.96,32,,42,113,St. Louis Park:4;Osseo:6;Ramsey:13;Woodbury:13;Blaine:13;Roseville:16;Minneapolis:16;Vadnais Heights:17
Corona Premier 6pk 12oz btl,Import,"Breakthru Beverage Minnesota Beer, LLC",105,9.4,11.2,7.19,10.99,,35,,39,127,Rosemount:2;Plymouth:2;Minnetonka:3;Osseo:3;Stillwater:3;Vadnais Heights:4;Cottage Grove:5;Ramsey:6;Chanhassen:7;Blaine:9;Andover:10;Woodbury:10;Bloomington:11;Roseville:30
Dangerous Man House IPA 6pk 12oz can,Craft,Dangerous Man Brewing,38,9.4,4.0,9.4,12.99,,28,,46,96,Roseville:1;Vadnais Heights:1;St. Louis Park:2;Bloomington:3;Woodbury:4;Minnetonka:5;Rosemount:6;Chanhassen:17
White Claw Surge Blueberry 19.2oz can,Single Serve,,110,9.3,11.8,2.35,3.79,,38,,37,132,Andover:6;Ramsey:12;Roseville:13;Vadnais Heights:17;Bloomington:17;Woodbury:22;Blaine:23
Miller Lite 24pk 12oz btl,Premium,Bernicks,70,9.3,7.5,19.78,25.99,,24,,41,114,Osseo:1;Ramsey:2;Roseville:2;Cottage Grove:3;St. Louis Park:5;Woodbury:8;Rosemount:14;Blaine:15;Andover:20
Heineken 24oz can,Single Serve,,54,9.3,5.8,2.37,3.99,,41,,37,132,Bloomington:14;Minneapolis:32;St. Louis Park:8
New Belgium Voodoo Tropic Force 6pk 12oz can,Craft,Bernicks,32,9.3,3.4,8.45,11.99,,30,,41,116,Minnetonka:1;Chanhassen:1;Vadnais Heights:3;Blaine:3;Osseo:4;St. Louis Park:4;Plymouth:5;Rosemount:5;Cottage Grove:9
Utepils Ewald the Golden 12pk 12oz can,Craft,,61,9.2,6.6,15.11,19.99,16.96,24,,39,120,Minnetonka:1;Osseo:3;Andover:5;Rosemount:5;St. Louis Park:6;Woodbury:10;Plymouth:3;Vadnais Heights:3;Bloomington:4;Roseville:5;Blaine:18
Truly Spiked Pineapple 24oz can,Single Serve,,50,9.2,5.4,2.33,3.99,,42,,38,126,St. Louis Park:8;Ramsey:10;Blaine:14;Plymouth:19
Fair State Mirror Universe 4pk 16oz can,Craft,,80,9.2,8.7,10.54,15.99,,34,,36,134,St. Louis Park:2;Minnetonka:3;Roseville:5;Osseo:5;Blaine:8;Woodbury:9;Chanhassen:11;Andover:12;Stillwater:7;Cottage Grove:9;Rosemount:9
Twisted Tea Black Cherry 24oz can,Single Serve,,32,9.2,3.5,2.35,3.49,,33,,40,115,Minneapolis:8;Woodbury:24
Coors Banquet 9pk 16oz can,Premium,"Breakthru Beverage Minnesota Beer, LLC",74,9.2,8.0,11.2,14.99,,25,,41,112,St. Louis Park:3;Osseo:3;Vadnais Heights:5;Woodbury:6;Bloomington:8;Cottage Grove:12;Roseville:16;Minneapolis:21
Indeed Imperial Pistachio 19.2oz can,Single Serve,,43,9.2,4.7,2.02,3.49,,42,,42,108,Andover:2;Woodbury:7;Roseville:16;Blaine:18
Mike's Hard Lemonade 6pk 12oz can,FMB,Dahlheimer Beverage Monticello,78,9.1,8.5,7.51,10.99,,32,,33,145,Minnetonka:1;Andover:4;Osseo:4;Blaine:5;Plymouth:6;Minneapolis:7;Rosemount:8;Woodbury:9;Cottage Grove:10;St. Louis Park:11;Ramsey:13
Sun Cruiser Vodka Lemonade 4pk 12oz can,RTD,"Breakthru Beverage Minnesota Beer, LLC",110,9.1,12.2,7.06,11.99,10.96,41,,40,111,St. Louis Park:4;Roseville:5;Andover:6;Vadnais Heights:12;Bloomington:14;Minneapolis:69
NUTRL Fruit Variety Pack #2 8pk 12oz can,RTD,"College City Beverage, Inc.",72,9.1,7.9,14.59,23.99,19.96,39,,34,141,Cottage Grove:1;Andover:2;Blaine:2;Rosemount:9;Woodbury:58
Smirnoff Ice Zero Sugar Variety Pack 12pk 11oz can,FMB,Bernicks,128,9.1,14.1,12.7,18.99,,33,,28,165,Plymouth:1;Bloomington:4;Rosemount:6;Blaine:7;St. Louis Park:8;Cottage Grove:8;Woodbury:9;Andover:10;Roseville:34;Vadnais Heights:41
Monaco Mango Peach 12oz can,Single Serve,"Breakthru Beverage Minnesota Beer, LLC",155,9.0,17.3,1.99,3.49,2.96,43,net down pricing,42,99,St. Louis Park:2;Bloomington:16;Woodbury:26;Minneapolis:85;Andover:26
Seagrams Black Cherry Fizz 4pk 12oz btl,FMB,,18,9.0,2.0,3.9,5.99,,35,,2,280,Andover:14;Rosemount:4
Nutrl Orange 4pk 12oz can,RTD,,49,9.0,5.4,7.56,11.99,,37,,39,115,Osseo:2;Cottage Grove:4;Blaine:4;Bloomington:6;Andover:8;Rosemount:6;Stillwater:6;Woodbury:13
Mike's Hard Pink Lemonade 6pk 12oz can,FMB,Dahlheimer Beverage Monticello,59,8.9,6.6,7.54,10.99,,31,,35,130,Osseo:5;Blaine:5;Ramsey:5;Woodbury:6;St. Louis Park:8;Andover:9;Bloomington:10;Minneapolis:11
Truly Spiked Mixed Pack 24pk 12oz can,Seltzer,,36,8.9,4.1,25.6,35.49,29.96,28,,36,123,Blaine:16;Andover:20
Good Boy Vodka Cocktail Variety Pack 8pk 12oz can,RTD,,50,8.9,5.6,16.07,25.99,21.96,38,,39,112,St. Louis Park:3;Minneapolis:6;Blaine:17;Woodbury:26
New Holland Dragons Milk 4pk 12oz btl,Craft,,26,8.9,2.9,12.76,17.99,,29,,41,101,Blaine:1;Osseo:2;Woodbury:8;Rosemount:4;Roseville:4;Andover:7
Not Your Father's Root Beer 6pk 12oz btl,FMB,,37,8.9,4.2,7.76,12.99,,40,,39,109,St. Louis Park:2;Andover:5;Blaine:9;Rosemount:1;Woodbury:2;Bloomington:7;Cottage Grove:11
"Pryes Glamorama 12pk 12oz can
",Craft,"Pryes Brewing Company, LLC",49,8.9,5.5,13.65,25.99,21.96,47,,39,109,Rosemount:4;Roseville:4;Osseo:7;Ramsey:8;Minneapolis:26
Press Sparkling Synergy Variety 12pk 12oz can,Seltzer,,133,8.9,14.9,13.46,21.99,18.96,39,,29,157,Bloomington:11;Minnetonka:1;Vadnais Heights:2;Plymouth:5;Stillwater:5;Ramsey:7;Andover:8;Chanhassen:10;Blaine:15;Cottage Grove:17;Rosemount:21;Minneapolis:32
HeadFlyer It Was All A Dream 4pk 16oz can,Craft,,79,8.8,9.0,10.34,14.99,,31,,39,108,Ramsey:1;Plymouth:2;Bloomington:5;Chanhassen:5;Rosemount:7;Blaine:7;St. Louis Park:11;Roseville:11;Woodbury:12;Vadnais Heights:18
Blackstack Just Circling Back IPA 4pk 16oz can,Micro Brews,Artisan Beer,2,8.8,0.2,12.3,17.99,,32,,47,70,Osseo:2
Four Loko Melon 23oz can,Single Serve,Dahlheimer Beverage Monticello,28,8.8,3.2,2.07,3.49,1.48,41,,43,89,Blaine:6;Minneapolis:22
Firestone Walker 805 Cerveza 12pk 12oz can,Craft,Artisan Beer,124,8.8,14.0,13.29,17.49,14.96,24,,32,140,Minnetonka:2;Andover:2;Bloomington:5;Cottage Grove:5;Plymouth:5;St. Louis Park:6;Osseo:7;Ramsey:7;Minneapolis:9;Chanhassen:10;Roseville:10;Woodbury:10;Stillwater:10;Vadnais Heights:10;Blaine:11;Rosemount:15
Busch Light 8pk 16oz can,Below Premium,"Capitol Beverage Sales, L.P.",36,8.8,4.1,6.98,9.99,,30,,41,97,Cottage Grove:6;Woodbury:9;Chanhassen:9;Ramsey:12
Carbliss Margarita 4pk 12oz can,RTD,"Capitol Beverage Sales, L.P.",56,8.7,6.4,8.91,13.79,11.96,35,,38,110,Rosemount:2;St. Louis Park:5;Woodbury:8;Blaine:21;Andover:23
Samuel Adams Boston Lager 6pk 12oz btl,Craft,,30,8.6,3.5,7.7,10.99,9.96,30,,32,133,Blaine:3;Cottage Grove:7;Stillwater:1;Rosemount:3;Minneapolis:3;St. Louis Park:3;Ramsey:4;Vadnais Heights:4;Bloomington:5
New Belgium Voodoo Ranger Juicy Haze IPA 19.2oz can,Single Serve,Bernicks,100,8.5,11.8,1.93,3.49,,45,,37,106,Roseville:8;St. Louis Park:8;Stillwater:8;Andover:8;Woodbury:13;Rosemount:13;Cottage Grove:21;Minneapolis:21
Falling Knife Tomm's American Lager 4pk 16oz can,Craft,,100,8.5,11.8,8.16,12.99,,37,,34,119,Andover:7;Blaine:7;Rosemount:2;Woodbury:7;St. Louis Park:8;Cottage Grove:9;Roseville:9;Vadnais Heights:12;Chanhassen:14;Ramsey:25
Urban Growler Cowbell Cream 4pk 16oz can,Craft,,84,8.5,9.9,7.93,12.99,,39,,33,125,Minneapolis:3;Rosemount:5;Cottage Grove:6;St. Louis Park:6;Chanhassen:6;Plymouth:7;Bloomington:8;Blaine:8;Roseville:9;Vadnais Heights:10;Woodbury:16
Milwaukee's Best Ice 15pk 12oz can,Economy,Bernicks,68,8.5,8.0,9.26,12.99,,29,,37,106,Osseo:4;Blaine:5;Plymouth:6;Roseville:6;Minneapolis:7;Bloomington:8;Cottage Grove:8;Woodbury:12;Stillwater:13
Cutwater Vodka Transfusion 12oz can,Single Serve,Single Can,0,8.5,0.0,2.47,4.49,3.96,45,,38,102,
56 Brewing Lake Hopper 4pk 16oz can,Craft,,65,8.5,7.6,9.52,13.99,,32,,35,117,Cottage Grove:1;Andover:1;Roseville:1;Woodbury:3;Bloomington:4;Ramsey:4;St. Louis Park:4;Rosemount:5;Vadnais Heights:8;Minneapolis:16;Osseo:18
Beatbox Peach Tea 500ml,Single Serve,"Capitol Beverage Sales, L.P.",44,8.4,5.3,2.3,5.99,3.96,62,,39,93,Woodbury:1;Andover:1;Minneapolis:7;Osseo:8;Roseville:10;Rosemount:17
Montucky Cold Snack Lager 6pk 16oz can,Below Premium,,60,8.4,7.1,5.75,8.99,,36,,37,104,Andover:5;Chanhassen:3;Woodbury:5;Roseville:5;Blaine:5;St. Louis Park:5;Stillwater:8;Minneapolis:10;Vadnais Heights:14
The Finnish Long Drink Zero 6pk 12oz can,RTD,Southern Glazer's Wine & Spirits of MN,22,8.4,2.6,10.42,19.99,15.96,48,,30,135,Bloomington:1;Chanhassen:1;Andover:2;Minnetonka:2;Rosemount:2;Blaine:4;Ramsey:5;Cottage Grove:5
Fosters Premium Ale 25oz can,Single Serve,,84,8.4,10.0,2.24,3.99,,44,,35,113,Andover:1;Blaine:7;Ramsey:8;Osseo:28;St. Louis Park:2;Roseville:4;Woodbury:7;Rosemount:8;Bloomington:19
Utepils Summer Weekender 12pk 12oz can,Craft,Dahlheimer Beverage Monticello,15,8.4,1.8,14.83,19.99,16.96,26,,31,132,Bloomington:4;Cottage Grove:5;Woodbury:8;St. Louis Park:10;Roseville:11;Vadnais Heights:31
Sierra Nevada Pale Ale 19.2oz can,Single Serve,"Breakthru Beverage Minnesota Beer, LLC",-102,8.3,-12.3,2.45,3.49,,30,,37,101,
Guinness Zero N/A 8pk 15oz can,Import,Bernicks,44,8.3,5.3,12.79,17.49,14.96,27,,38,97,Osseo:4;Cottage Grove:5;Plymouth:5;Andover:6;St. Louis Park:6;Blaine:9;Woodbury:15
Paulaner Oktoberfest  4pk 17oz can,Import,"Hohensteins, Inc.",25,8.3,3.0,8.25,12.99,10.96,36,,45,65,Rosemount:5;Roseville:5;Woodbury:7;Minneapolis:9
Indeed Oktoberfest 6pk 12oz can,Craft,,25,8.2,3.1,9.1,12.99,,30,,46,55,Chanhassen:1;Cottage Grove:1;Rosemount:2;Woodbury:4;Roseville:5;Minneapolis:12
New Belgium Voodoo Ranger Imperial IPA 12pk 12oz btl,Craft,,16,8.2,1.9,13.48,19.99,16.96,33,,37,98,Ramsey:7;Andover:9;Vadnais Heights:7
Coors Banquet 24oz can,Single Serve,,66,8.2,8.0,2.29,3.99,,42,,38,93,Roseville:3;Ramsey:11;Cottage Grove:12;Rosemount:12;Bloomington:14;Minneapolis:14
Fulton Lonely Blonde Mixed Pack 12pk 12oz can,Craft,,50,8.2,6.1,13.5,20.99,17.96,36,,33,114,Roseville:3;Rosemount:4;Chanhassen:7;Woodbury:8;Cottage Grove:10;St. Louis Park:11;Blaine:7
Modelo Negra 12pk 12oz can,Import,"Breakthru Beverage Minnesota Beer, LLC",84,8.2,10.3,13.4,18.99,15.96,29,,33,114,St. Louis Park:6;Stillwater:6;Chanhassen:7;Bloomington:9;Woodbury:10;Roseville:10;Vadnais Heights:12;Cottage Grove:12;Rosemount:13
Blackstack Security Blanket IIPA,Micro Brews,Artisan Beer,0,8.2,0.0,15.38,21.99,,30,,48,48,St. Louis Park:1;Rosemount:3
Modist Brewing Dreamyard 19.2oz can,Single Serve,Modist Brewing Company,83,8.2,10.1,2.19,3.96,,45,,42,75,Minneapolis:8;Roseville:10;Rosemount:14;St. Louis Park:14;Woodbury:16;Vadnais Heights:21
Monaco Cranberry 12oz can,RTD,"Breakthru Beverage Minnesota Beer, LLC",65,8.2,7.9,1.99,3.49,2.96,43,net down pricing,34,111,Stillwater:1;St. Louis Park:2;Blaine:3;Woodbury:6;Ramsey:17;Minneapolis:36
Sierra Nevada Torpedo 12pk 12oz can,Craft,"Breakthru Beverage Minnesota Beer, LLC",108,8.2,13.2,14.09,20.99,17.96,33,,37,97,Osseo:1;Rosemount:6;Stillwater:7;Vadnais Heights:9;Minneapolis:10;Andover:11;Blaine:11;Roseville:13;St. Louis Park:17;Cottage Grove:23
Sun Cruiser Vodka Iced Tea 19.2oz can,Single Serve,"Breakthru Beverage Minnesota Beer, LLC",85,8.2,10.4,3.12,4.99,4.46,38,,37,97,Vadnais Heights:4;Roseville:7;Blaine:10;Andover:10;Woodbury:17;Cottage Grove:37
Lagunitas IPA 6pk 12oz btl,Craft,,38,8.1,4.7,7.5,10.99,,32,,35,103,Rosemount:3;Woodbury:5;Andover:8;Cottage Grove:1;Osseo:1;Blaine:4;Plymouth:5;Roseville:5;Vadnais Heights:6
Summit NA IPA 6pk 12oz can,Craft,,19,8.1,2.3,7.71,11.99,,36,,40,81,St. Louis Park:1;Blaine:3;Bloomington:3;Vadnais Heights:4;Plymouth:5;Andover:5;Roseville:7
Castle Danger Sea Salt Lime 12pk 12oz can,Craft,,32,8.1,4.0,15.4,21.99,19.96,30,,30,125,Woodbury:1;Vadnais Heights:2;Osseo:2;Roseville:5;Bloomington:7;Minneapolis:7;Andover:8
Paulaner Oktoberfest Marzen 12pk 11oz btl,Import,,90,8.1,11.1,13.71,18.99,,28,,41,77,Andover:3;Vadnais Heights:9;Rosemount:1;St. Louis Park:3;Stillwater:5;Chanhassen:7;Woodbury:14;Bloomington:15;Cottage Grove:16;Blaine:17
Hard Mtn Dew Livewire 24oz can,Single Serve,,92,8.1,11.4,2.47,3.99,,38,,35,103,Plymouth:8;Rosemount:12;Andover:13;Chanhassen:8;Roseville:8;Minneapolis:18;Cottage Grove:25
Pryes Royal Peach Sour 4pk 16oz can,Craft,,67,8.1,8.3,10.33,17.49,14.96,41,,44,63,Rosemount:1;Vadnais Heights:5;Minneapolis:9;St. Louis Park:9;Cottage Grove:10;Roseville:10;Plymouth:11;Woodbury:12
Sierra Nevada Heavy Hitters IPA 24pk 12oz can,Craft,"Breakthru Beverage Minnesota Beer, LLC",50,8.0,6.3,4.0,9.99,7.96,60,,46,50,Minneapolis:50
Fulton Lonely Blonde Shandy 12pk 12oz can,Craft,"Hohensteins, Inc.",28,8.0,3.5,13.5,20.99,17.96,36,,27,137,Osseo:1;Rosemount:1;Woodbury:6;Bloomington:9;St. Louis Park:12
Cutwater Spicy Bloody Mary 4pk 12oz can,RTD,"Capitol Beverage Sales, L.P.",153,7.9,19.3,9.93,13.99,11.96,29,,39,80,Roseville:3;Rosemount:6;Blaine:8;Vadnais Heights:9;Minneapolis:20;St. Louis Park:20;Woodbury:23;Ramsey:28;Andover:35
Sun Cruiser Vodka Iced Tea Classic 4pk 12oz can,RTD,"Breakthru Beverage Minnesota Beer, LLC",114,7.9,14.5,7.16,11.99,,40,,28,127,Blaine:2;St. Louis Park:5;Bloomington:6;Chanhassen:6;Cottage Grove:6;Roseville:6;Andover:8;Vadnais Heights:12;Minneapolis:63
Blackstack I Think It Might Be Broken 4pk 16oz can,Craft,Artisan Beer,0,7.9,0.0,15.38,21.99,,30,,46,48,
The Finnish Long Drink Cranberry 6pk 12oz can,RTD,Southern Glazer's Wine & Spirits of MN,37,7.9,4.7,10.42,19.99,15.96,48,,33,105,Ramsey:1;Osseo:1;Roseville:2;Stillwater:2;Rosemount:3;St. Louis Park:3;Blaine:3;Andover:4;Vadnais Heights:4;Bloomington:4;Plymouth:11
Topo Chico Hard Margarita Variety 12pk 12oz can,Seltzer,"Breakthru Beverage Minnesota Beer, LLC",70,7.9,8.9,13.55,20.99,17.96,35,,35,96,St. Louis Park:2;Rosemount:6;Cottage Grove:8;Minneapolis:9;Blaine:11;Bloomington:13;Andover:22
Peroni 6pk 12oz btl,Import,"Breakthru Beverage Minnesota Beer, LLC",42,7.9,5.3,7.96,12.99,,39,,32,110,Roseville:2;Rosemount:3;Minnetonka:4;Stillwater:4;St. Louis Park:4;Bloomington:9;Minneapolis:9;Woodbury:12
Indeed Flavorwave IPA 12pk 12oz can,Craft,,68,7.9,8.6,14.97,22.99,19.96,35,,33,107,Osseo:3;Andover:5;Blaine:8;Minnetonka:1;Roseville:1;Woodbury:8;Cottage Grove:11;St. Louis Park:15;Bloomington:16
Wild State Variety Pack 9pk 12oz can,Cider,"Capitol Beverage Sales, L.P.",114,7.8,14.6,16.33,22.99,,29,,34,98,Vadnais Heights:1;Minnetonka:2;Ramsey:2;Chanhassen:3;Roseville:4;Stillwater:7;Plymouth:8;St. Louis Park:9;Woodbury:9;Rosemount:11;Bloomington:15;Minneapolis:15;Blaine:28
Ursa Minor Brewing Bear Hop 4pk 16oz can,Craft,,69,7.8,8.8,10.0,14.99,,33,,32,108,Rosemount:2;Bloomington:3;Roseville:4;Blaine:8;Minnetonka:8;St. Louis Park:8;Andover:8;Ramsey:9;Plymouth:9;Woodbury:13
Samuel Adams N/A Just the Haze IPA 6pk 12oz can,Craft,,47,7.8,6.0,7.7,11.49,9.96,33,,33,103,Minneapolis:1;Rosemount:1;Stillwater:1;Osseo:2;Andover:2;Plymouth:4;Blaine:4;Bloomington:7;Roseville:8;Minnetonka:1;Woodbury:1;Cottage Grove:1;Vadnais Heights:4;St. Louis Park:10
Lift Bridge Orange Drink 12pk 12oz can,Craft,"College City Beverage, Inc.",78,7.8,10.0,12.96,18.99,15.96,32,,30,115,Ramsey:3;Rosemount:4;Bloomington:5;Minneapolis:5;St. Louis Park:6;Blaine:6;Woodbury:14;Andover:16;Stillwater:19
Cutwater Grapefruit Tequila Paloma 12oz can,Single Serve,Single Can,-382,7.8,-49.0,,4.49,3.96,,,29,120,
Two Chicks New Fashioned 4pk 12oz can,RTD,Phillips Wine & Spirits - St. Paul,61,7.8,7.8,7.35,12.99,10.96,43,3 free on 20,36,90,Andover:1;Cottage Grove:3;Stillwater:3;St. Louis Park:4;Blaine:5;Chanhassen:6;Osseo:6;Ramsey:6;Woodbury:6;Vadnais Heights:6;Plymouth:7;Rosemount:8
Mike's Harder Punch 24oz can,Single Serve,,33,7.8,4.2,2.37,3.99,,41,,35,93,Ramsey:1;Plymouth:7;Blaine:12;Andover:13
Keystone Light 15pk 12oz can,Below Premium,,51,7.8,6.5,10.07,13.99,,28,,33,102,Blaine:16;Stillwater:1;Woodbury:7;Andover:9;Osseo:10;Ramsey:10;Plymouth:17
Steel Reserve 6pk 16oz can,Economy,,45,7.8,5.8,5.8,8.99,,35,,26,133,Blaine:5;St. Louis Park:2;Bloomington:11;Minneapolis:27
Downeast Cider Imperial Mix 12pk 12oz can,Cider,"Breakthru Beverage Minnesota Beer, LLC",62,7.7,8.1,14.87,22.99,19.96,35,,32,103,Chanhassen:1;Cottage Grove:3;Bloomington:4;Plymouth:5;St. Louis Park:5;Ramsey:8;Woodbury:9;Andover:10;Blaine:17
Vizzy Hard Seltzer Variety Pack #1 12pk 12oz can,Seltzer,,50,7.7,6.5,14.2,19.99,,29,,33,100,Plymouth:2;Ramsey:4;Blaine:8;Andover:10;Rosemount:2;Roseville:2;Woodbury:4;Minneapolis:11;Bloomington:20
White Claw Surge Pineapple 19.2oz can,Single Serve,"Breakthru Beverage Minnesota Beer, LLC",69,7.7,8.9,2.33,3.79,,39,,33,100,Woodbury:10;St. Louis Park:23;Minneapolis:37
Paulaner Pils 4pk 17oz can,Import,,43,7.7,5.6,8.01,12.99,10.96,38,,36,84,Vadnais Heights:6;Minneapolis:4;Chanhassen:4;Rosemount:5;St. Louis Park:6;Roseville:8;Bloomington:10
Cayman Jack Margarita 24oz can,Single Serve,,69,7.7,8.9,2.34,3.99,,41,,30,113,Blaine:2;Plymouth:5;Andover:10;Ramsey:18;Minneapolis:28;St. Louis Park:6
Toppling Goliath Pseudo Sue 12pk 12oz can,Craft,Artisan Beer,25,7.7,3.2,20.0,24.99,,20,,36,86,Stillwater:2;Rosemount:2;Cottage Grove:5;St. Louis Park:7;Blaine:9
Pryes Pragmatic Pils 4pk 16oz can,Craft,,18,7.7,2.4,7.33,12.74,10.96,42,,36,84,Minnetonka:1;Chanhassen:3;Rosemount:5;Roseville:5;St. Louis Park:9
Beatbox Coco Breeze 500ml,Single Serve,"College City Beverage, Inc.",57,7.7,7.4,2.33,4.49,3.96,48,,38,75,Rosemount:5;St. Louis Park:8;Woodbury:20;Minneapolis:24
Cutwater Peach Margerita 12oz can,RTD,"Capitol Beverage Sales, L.P.",-119,7.7,-15.4,2.47,4.49,3.96,45,,36,86,
Happy Dad Fruit Punch 12pk 12oz can,Seltzer,,64,7.7,8.4,13.83,22.49,18.96,38,,34,93,Plymouth:1;Ramsey:4;Osseo:6;Woodbury:7;Blaine:9;St. Louis Park:10;Chanhassen:1;Roseville:10;Minneapolis:16
Drekker Brains Rotator 4pk 16oz can,Craft,,72,7.6,9.5,16.88,23.99,,30,,33,96,Cottage Grove:1;St. Louis Park:1;Woodbury:4;Chanhassen:5;Rosemount:5;Roseville:6;Andover:7;Bloomington:7;Blaine:37
Surly Cherry Limeade 4pk 12oz can,Craft,"Hohensteins, Inc.",103,7.6,13.5,7.3,10.99,,34,,30,110,St. Louis Park:2;Roseville:3;Osseo:6;Chanhassen:7;Andover:7;Minneapolis:7;Woodbury:7;Cottage Grove:12;Blaine:52
Elm Creek Hybrid Minds Variety Pack 4pk 16oz can,Craft,Elm Creek Brewing Company,20,7.6,2.6,13.83,19.99,,31,,34,91,Osseo:1;St. Louis Park:1;Blaine:1;Minneapolis:4;Rosemount:5;Roseville:8
Captain Morgan Sliced Long Island 24oz can,Single Serve,Bernicks,31,7.5,4.1,2.21,3.49,,37,,33,92,Bloomington:1;Blaine:3;Rosemount:4;Cottage Grove:4;Minneapolis:21
Four Loko Fruit Punch 23oz can,Single Serve,"Breakthru Beverage Minnesota Beer, LLC",45,7.4,6.1,2.15,3.49,1.48,38,,38,68,Bloomington:22;Minneapolis:23
Bud Light 24pk 12oz btl,Premium,,102,7.4,13.9,20.08,24.99,,20,,31,97,Andover:2;Bloomington:4;Rosemount:6;Roseville:9;Osseo:11;Vadnais Heights:13;Cottage Grove:14;Blaine:21;Woodbury:23
Bud Light 40oz btl,Single Serve,,223,7.4,30.0,2.85,4.99,,43,,34,86,Roseville:9;Vadnais Heights:13;Rosemount:18;Minneapolis:35;Woodbury:60;Cottage Grove:88
Gray Duck Bomba Juice Seltzer 12pk 12oz can,Seltzer,Artisan Beer,90,7.4,12.1,13.66,20.99,17.96,35,,35,81,Rosemount:1;Stillwater:7;Plymouth:9;Blaine:16;St. Louis Park:22;Woodbury:35
Sierra Nevada Atomic Torpedo 12pk 12oz can,Craft,,63,7.4,8.6,13.98,20.99,17.96,33,,29,106,Blaine:2;Osseo:3;St. Louis Park:6;Roseville:8;Minneapolis:12;Vadnais Heights:14;Andover:18
Pabst Blue Ribbon Light,Value,,0,7.4,0.0,14.6,16.99,,14,,36,77,
Blackstack Harvest Moon 4pk 16oz can,Craft,Artisan Beer,11,7.4,1.5,10.0,14.99,,33,,43,43,Osseo:5;Cottage Grove:6
Sociable Cider Werks Training Wheel 4pk 12oz can,Cider,,73,7.3,9.9,7.19,11.49,9.96,37,,26,119,Minneapolis:1;Blaine:4;Vadnais Heights:4;Minnetonka:5;Roseville:5;Andover:7;Bloomington:7;Rosemount:9;St. Louis Park:9;Cottage Grove:10;Woodbury:12
Labatt Blue 15pk 12oz can,Import,,70,7.3,9.6,11.45,16.99,,33,,33,87,Andover:1;Blaine:6;Minneapolis:13;St. Louis Park:3;Vadnais Heights:5;Bloomington:7;Woodbury:10;Roseville:11;Rosemount:14
Sapporo Draft 6pk 12oz btl,Import,,39,7.3,5.4,8.26,11.99,,31,,31,94,Plymouth:3;Blaine:7;St. Louis Park:2;Cottage Grove:3;Rosemount:4;Andover:4;Bloomington:4;Woodbury:5;Vadnais Heights:7
Lagunitas Beast of Both Worlds IPA 12pk 12oz can,Craft,"Hohensteins, Inc.",32,7.3,4.4,11.91,17.49,14.96,32,,28,108,Rosemount:6;St. Louis Park:6;Roseville:8;Blaine:12
Simply Spiked Lemonade 12pk 12oz can,FMB,,141,7.3,19.2,13.11,19.99,,34,,26,119,Plymouth:3;Blaine:13;Andover:17;Ramsey:19;Bloomington:2;Woodbury:6;Rosemount:9;St. Louis Park:10;Roseville:10;Stillwater:11;Minneapolis:20;Cottage Grove:21
Blue Moon Extra 19.2oz can,Single Serve,,63,7.3,8.6,2.26,3.49,,35,,36,74,Andover:8;Plymouth:10;Ramsey:14;Woodbury:15;Blaine:16
Coors N/A 6pk 12oz btl,Premium,,38,7.3,5.2,6.69,9.99,8.96,33,,30,99,Roseville:2;Blaine:4;Andover:5;Plymouth:13;Vadnais Heights:8;Cottage Grove:8
1911 Cider Seasonal 4pk 16oz can,Cider,,41,7.2,5.7,9.66,14.99,,36,,39,55,Roseville:2;Minnetonka:3;Woodbury:4;Minneapolis:8;Rosemount:13;Andover:11
Lagunitas Hoppy Refresher Variety 12pk 12oz can,Craft,,70,7.2,9.8,12.07,17.49,14.96,31,,28,104,Ramsey:3;Minnetonka:1;Roseville:1;Cottage Grove:3;Bloomington:4;Chanhassen:5;Vadnais Heights:5;Osseo:5;Rosemount:5;St. Louis Park:6;Woodbury:8;Plymouth:9;Blaine:15
Paulaner Grapefruit Radler 4pk 17oz can,Import,,77,7.2,10.7,8.17,12.99,10.96,37,,28,106,Andover:5;Vadnais Heights:9;Plymouth:3;Minneapolis:5;Cottage Grove:6;Rosemount:7;Roseville:7;Woodbury:8;Bloomington:9;Blaine:18
Unmapped No Trace IPA 4pk 16oz can,Craft,,17,7.2,2.4,10.33,11.99,,14,,30,97,Chanhassen:1;St. Louis Park:6;Roseville:10
Two Chicks Citrus Margarita 4pk 12oz can,RTD,Phillips Wine & Spirits - St. Paul,51,7.2,7.1,7.35,12.99,10.96,43,3 free on 20,30,96,Minnetonka:1;Roseville:1;Rosemount:3;Minneapolis:3;Andover:4;Woodbury:4;Vadnais Heights:5;Blaine:6;St. Louis Park:6;Plymouth:7;Stillwater:11
1911 Cider Honeycrisp 4pk 16oz can,Cider,Artisan Beer,42,7.1,5.9,9.29,14.99,,38,,33,80,Chanhassen:3;Roseville:5;Minneapolis:8;Blaine:8;Cottage Grove:9;Woodbury:9
Lift Bridge Mango Blonde 6pk 12oz can,Craft,,17,7.1,2.4,8.46,12.99,,35,,30,93,Minnetonka:4;Plymouth:4;Stillwater:4;Woodbury:10
Downeast Cider Original Blend 6pk 12oz can,Cider,"Breakthru Beverage Minnesota Beer, LLC",19,7.1,2.7,8.98,13.99,11.96,36,,34,74,Roseville:2;Stillwater:2;St. Louis Park:3;Vadnais Heights:5;Rosemount:7
Vizzy Cream Pop Variety 12pk 12oz can,Seltzer,"Breakthru Beverage Minnesota Beer, LLC",73,7.1,10.3,13.93,19.99,,30,,28,101,Ramsey:8;St. Louis Park:13;Andover:25;Blaine:27
Lagunitas Hazy IPA 12pk 12oz can,Craft,Bernicks,-273,7.1,-38.5,12.0,17.49,,31,,28,102,
Chelada Bud & Clamato 25oz can,Single Serve,,66,7.0,9.4,2.38,3.99,,40,,33,77,Minneapolis:15;Andover:16;Blaine:8;Vadnais Heights:12;Plymouth:15
Topo Chico Ranch Water Hard Seltzer 12pk 12oz can,Seltzer,,42,7.0,6.0,13.85,20.99,17.96,34,,29,93,Blaine:4;Rosemount:7;Cottage Grove:10;Andover:17;St. Louis Park:4
Truly Wild Berry 12pk 12oz can,Seltzer,,45,7.0,6.4,13.08,22.49,18.96,42,,28,99,Blaine:10;Andover:29;Woodbury:8
Grain Belt Nordeast 24pk 12oz btl,Premium,,30,7.0,4.3,20.77,23.99,,13,,29,93,Andover:3;Blaine:4;Ramsey:5;Cottage Grove:7;Osseo:11
56 Brewing Ssippi Squeeze Mosaic IPA 4pk 16oz can,Craft,,53,7.0,7.6,9.48,13.99,,32,,31,85,Blaine:1;Stillwater:1;Bloomington:3;Ramsey:6;Rosemount:6;Vadnais Heights:6;Minneapolis:7;Woodbury:7;Plymouth:8;St. Louis Park:13;Osseo:24
Lift Bridge Mango Blonde 12pk 12oz can,Craft,,74,7.0,10.5,14.1,22.99,18.96,39,,23,122,Osseo:3;Bloomington:6;Chanhassen:10;Woodbury:11;Stillwater:16;Cottage Grove:2;Andover:13;Blaine:13
NUTRL Peach 4pk 12oz can,RTD,"College City Beverage, Inc.",611,6.9,88.7,2.74,11.99,,77,,35,64,Cottage Grove:3;Stillwater:6;Blaine:611
Sun Cruiser Lemonade Variety 12pk 12oz can,RTD,Dahlheimer Beverage Monticello,25,6.9,3.6,21.0,30.99,24.96,32,,31,81,Blaine:7;Andover:19
War Pigs Variety Pack 12pk 12oz can,Craft,,164,6.9,23.9,15.8,23.99,19.96,34,,27,99,Plymouth:6;Ramsey:6;Chanhassen:6;Osseo:7;Minneapolis:10;Vadnais Heights:11;Bloomington:15;Andover:18;Roseville:22;Blaine:24;Minnetonka:3;Cottage Grove:4;Woodbury:8;Rosemount:10;St. Louis Park:15
Lagunitas Maximus IPA 19.2oz can,Single Serve,,79,6.9,11.5,1.91,3.49,,45,,26,104,Osseo:16;Plymouth:1;Stillwater:1;Chanhassen:3;Vadnais Heights:9;Cottage Grove:11;Woodbury:15;St. Louis Park:24
Leinenkugel's Summer Shandy  24pk 12oz can,Craft,,5,6.9,0.7,22.34,27.99,,20,,16,149,Rosemount:1;Blaine:5
Sierra Nevada Trail Pass IPA N/A 6pk 12oz can,Craft,Dahlheimer Beverage Monticello,10,6.9,1.4,8.42,12.49,10.96,33,,31,83,Andover:1;Bloomington:1;St. Louis Park:2;Minnetonka:3;Chanhassen:3;Plymouth:3;Rosemount:4;Woodbury:4;Vadnais Heights:6;Blaine:6;Cottage Grove:12
Sierra Nevada N/A Variety 12pk 12oz can,Craft,,43,6.8,6.3,14.2,20.99,17.96,32,,27,98,Ramsey:3;Andover:3;Osseo:3;Blaine:13;Minnetonka:1;Woodbury:1;Chanhassen:2;St. Louis Park:4;Bloomington:6;Roseville:7
Urban Growler Vanilla Latte 4pk 16oz can,Craft,,41,6.8,6.0,9.56,14.99,,36,,32,74,Rosemount:3;Woodbury:3;Roseville:5;Vadnais Heights:6;St. Louis Park:7;Chanhassen:11;Cottage Grove:12
Busch Light ALUM BTL 15pk 16oz can,Below Premium,,15,6.8,2.2,16.61,24.99,20.96,34,,29,87,Cottage Grove:1;Woodbury:2;Andover:6;Blaine:6
Summit NA Variery Pack 12pk 12oz can,Craft,,-7,6.8,-1.0,13.14,22.99,,43,,34,65,St. Louis Park:2;Bloomington:3;Minneapolis:4;Vadnais Heights:4;Roseville:4
Busch 24pk 12oz can,Below Premium,,0,6.8,0.0,18.63,23.99,,22,,33,71,Blaine:1;Ramsey:1;Osseo:7;Roseville:7
Corona Familiar 6pk 12oz btl,Import,,73,6.8,10.7,7.22,10.99,,34,,29,89,Ramsey:4;Osseo:4;Plymouth:5;Vadnais Heights:5;Andover:6;Blaine:7;Cottage Grove:3;Woodbury:4;Chanhassen:5;Roseville:5;Rosemount:6;St. Louis Park:6;Bloomington:13
Leinenkugel's Original 24pk 12oz can,Craft,Bernicks,40,6.8,5.9,17.37,21.99,,21,,27,96,Rosemount:1;Cottage Grove:6;Stillwater:7;Andover:8;Blaine:8;Roseville:10
Carbliss Mango 4pk 12oz can,RTD,,161,6.8,23.6,8.83,13.79,11.96,36,,24,111,Stillwater:9;Roseville:7;Cottage Grove:15;Ramsey:17;Rosemount:17;Bloomington:21;Blaine:22;Andover:53
Schell's Firebrick 12pk 12oz can,Craft,Bernicks,71,6.7,10.6,13.58,18.99,17.96,28,,27,93,Plymouth:1;Woodbury:2;Osseo:2;Vadnais Heights:2;Minnetonka:3;Cottage Grove:3;Roseville:4;Chanhassen:9;Andover:10;Minneapolis:10;Blaine:10;St. Louis Park:15
White Claw Peach 12pk 12oz can,Seltzer,"Breakthru Beverage Minnesota Beer, LLC",92,6.7,13.8,13.77,18.99,15.96,27,,26,98,St. Louis Park:8;Vadnais Heights:12;Bloomington:16;Blaine:16;Woodbury:19;Andover:21
Modist Teal Label West Coast IPA 4pk 16oz can,Craft,,64,6.7,9.6,7.94,11.99,,34,,25,102,Blaine:4;Rosemount:5;Plymouth:6;St. Louis Park:6;Minnetonka:7;Chanhassen:7;Roseville:13;Cottage Grove:19
Fulton Sweet Child of Vine 12pk 12oz can,Craft,,79,6.7,11.8,13.68,20.99,17.96,35,,30,80,Blaine:1;Ramsey:2;Plymouth:3;Andover:5;Osseo:6;Vadnais Heights:7;Roseville:2;Minneapolis:5;Woodbury:7;Cottage Grove:8;St. Louis Park:14;Bloomington:19
Sun Cruiser Classic Iced Tea 700ml can,Single Serve,,38,6.6,5.7,3.82,4.99,,24,,36,51,St. Louis Park:6;Rosemount:14;Minneapolis:18
Kona Big Wave 24pk 12oz can,Craft,,76,6.6,11.6,21.91,29.99,,27,,27,90,Andover:6;Woodbury:16;Blaine:54
Lift Bridge Tropic Punch Seltzer 12pk 12oz can,Micro Brews,"Capitol Beverage Sales, L.P.",65,6.6,9.9,13.04,18.99,15.96,31,,27,90,Roseville:2;Bloomington:4;Cottage Grove:4;St. Louis Park:5;Woodbury:6;Andover:9;Blaine:9;Osseo:10;Stillwater:16
Miller Lite 6pk 8oz btl,Premium,Bernicks,42,6.6,6.4,5.11,7.99,,36,,30,77,Rosemount:1;Blaine:5;Cottage Grove:6;Stillwater:6;Andover:7;Ramsey:8;Bloomington:9
Dangerous Man Hazy IPA 6pk 12oz can,Craft,Dangerous Man Brewing,4,6.6,0.6,9.92,14.99,,34,,32,68,Bloomington:1;St. Louis Park:4;Rosemount:6;Cottage Grove:8
Angry Orchard Crisp Apple 19.2oz can,Single Serve,"Breakthru Beverage Minnesota Beer, LLC",93,6.6,14.0,2.26,3.49,,35,,32,69,Andover:9;Woodbury:19;Minneapolis:20;Bloomington:21;St. Louis Park:24
Jack Daniels CC Variety 12pk 12oz can,FMB,Dahlheimer Beverage Monticello,39,6.6,5.9,12.65,17.99,17.96,30,,27,92,Stillwater:3;Blaine:8;Woodbury:11;Andover:17
Athletic Lite Lime & Salt 6pk 12oz can,Craft,Dahlheimer Beverage Monticello,48,6.5,7.4,7.98,11.99,11.96,33,,23,106,Chanhassen:3;Rosemount:3;Minneapolis:4;Roseville:5;Cottage Grove:10;St. Louis Park:10;Woodbury:13
Michelob Ultra Lime Zero 6pk 12oz btl,Super Premium,"College City Beverage, Inc.",21,6.5,3.3,6.9,10.99,,37,,27,86,Cottage Grove:2;Minnetonka:3;Rosemount:5;Stillwater:5;Andover:6
Unmapped Low Vizibility 4pk 16oz can,Craft,"Unmapped Brewing Company, LLC",25,6.4,3.9,10.33,13.99,,26,,29,76,Chanhassen:2;Roseville:5;St. Louis Park:7;Woodbury:11
Sociable Cider Werks HopAWheel,Cider,"Breakthru Beverage Minnesota Beer, LLC",29,6.4,4.5,7.17,12.49,9.96,43,,28,79,Blaine:1;Vadnais Heights:3;St. Louis Park:3;Roseville:8;Bloomington:20
Budweiser 40oz btl,Single Serve,,-109,6.4,-17.0,2.88,4.99,,42,,30,71,Blaine:3;Vadnais Heights:6;Roseville:6;Bloomington:10
Mike's Hard Freeze Variety 12pk 12oz can,FMB,,23,6.4,3.6,13.8,20.99,17.96,34,,29,75,Blaine:7;Woodbury:1;Minneapolis:15
Budweiser 24pk 12oz btl,Premium,,62,6.4,9.7,19.67,24.99,,21,,29,74,Vadnais Heights:1;Rosemount:3;Bloomington:4;Cottage Grove:5;Woodbury:9;Roseville:10;Blaine:11;Osseo:20
Lagunitas Hazicus Maximus Hazy IPA 12pk 12oz can,Craft,Bernicks,51,6.4,8.0,11.87,17.49,14.96,32,,28,80,Chanhassen:1;Vadnais Heights:1;Woodbury:2;Plymouth:2;Osseo:3;Blaine:3;Roseville:7;Rosemount:7;Andover:9;Bloomington:21
Downeast seasonal 6pk 12oz can,Cider,"Breakthru Beverage Minnesota Beer, LLC",21,6.4,3.3,8.86,13.99,11.96,37,,34,54,Woodbury:3;Bloomington:3;Rosemount:4;Vadnais Heights:4;St. Louis Park:7
Dangerous Man Watermelon Sour 6pk 12oz can,Craft,Dangerous Man Brewing,19,6.4,3.0,9.76,12.99,,25,,26,90,Bloomington:1;St. Louis Park:1;Rosemount:4;Roseville:5;Ramsey:9
Mike's Lemonade 12pk 12oz can,FMB,,89,6.3,14.2,13.77,20.99,17.96,34,,25,89,Minnetonka:6;Blaine:7;St. Louis Park:8;Andover:11;Rosemount:12;Cottage Grove:19;Minneapolis:26
Miller High Life 6pk 8oz btl,Below Premium,Bernicks,10,6.3,1.6,4.65,6.99,,33,,29,72,St. Louis Park:4;Vadnais Heights:6
Michelob Ultra Pure Gold 12pk 12oz btl,Super Premium,,-2,6.3,-0.3,13.86,18.99,,27,,24,96,Blaine:6;Roseville:8;Rosemount:3
"Firestone Walker Cosmic Crusher Juicy Imperial 

19.2oz can",Single Serve,Artisan Beer,102,6.3,16.2,2.19,3.49,,37,,24,95,Woodbury:1;Ramsey:4;Roseville:5;Rosemount:6;Andover:6;Vadnais Heights:11;Osseo:12;St. Louis Park:13;Cottage Grove:14;Chanhassen:15;Minneapolis:15
Carbliss Pineapple 12pk 12oz can,RTD,,122,6.3,19.3,26.3,35.49,29.96,26,,26,86,Bloomington:3;Vadnais Heights:9;Blaine:19;Woodbury:43;Ramsey:17;Andover:31
Sam Adam's NA Octoberfest 6pk 12oz can,Craft,Dahlheimer Beverage Monticello,11,6.3,1.7,7.7,10.99,,30,,35,45,Andover:1;Blaine:4;Woodbury:6
Grain Belt Premium 24pk 12oz can,Premium,Artisan Beer,34,6.2,5.5,20.55,22.99,,11,,26,82,Stillwater:1;Ramsey:2;Roseville:5;Andover:9;Blaine:17
Lift Bridge Orange Drink 19.2oz can,Single Serve,"College City Beverage, Inc.",112,6.2,18.0,2.05,2.99,,32,,27,78,Cottage Grove:6;Bloomington:7;Woodbury:13;Roseville:15;Stillwater:22;Blaine:49
Cutwater Gingerbread White Russian 4pk 12oz can,RTD,"College City Beverage, Inc.",86,6.2,13.8,9.94,13.99,11.96,29,,36,36,St. Louis Park:10;Stillwater:11;Bloomington:11;Rosemount:16;Woodbury:18;Minneapolis:24
Stone Fear Movie Lions 6pk 16oz can,Craft,,26,6.2,4.2,10.44,14.99,,30,,29,70,St. Louis Park:1;Plymouth:3;Andover:7;Vadnais Heights:8;Woodbury:3;Blaine:4
Leinenkugel's Tropical 12pk 12oz can,Craft,Dahlheimer Beverage Monticello,30,6.2,4.9,12.9,13.99,,8,,25,86,Chanhassen:2;Plymouth:2;Andover:3;Ramsey:7;Blaine:7;Cottage Grove:9
Beatbox Variety Pack 6pk 500ml,RTD,"Capitol Beverage Sales, L.P.",857,6.2,138.4,6.86,18.99,,64,,28,73,Roseville:1;St. Louis Park:11;Ramsey:25;Woodbury:25;Andover:74;Blaine:100;Cottage Grove:100;Rosemount:105;Minneapolis:416
Lift Bridge Variety Pack 12pk 12oz can,Craft,,38,6.1,6.3,13.81,18.99,18.96,27,,25,82,Rosemount:7;Bloomington:8;Stillwater:8;Woodbury:11;Blaine:5
Cutwater Margarita Variety 12pk 8oz can,RTD,"Capitol Beverage Sales, L.P.",45,6.1,7.3,19.12,29.99,,36,,29,67,Minnetonka:1;Stillwater:3;St. Louis Park:3;Minneapolis:6;Vadnais Heights:7;Rosemount:8;Woodbury:17
NUTRL Lemonade Variety Pack 8pk 12oz can,RTD,,68,6.1,11.1,14.95,23.99,19.96,38,,21,102,Bloomington:3;Chanhassen:4;Plymouth:4;Blaine:6;Minneapolis:11;Andover:17;Woodbury:3;Rosemount:9;Cottage Grove:15
Milwaukee's Best Ice 30pk 12oz can,Economy,,36,6.1,5.9,16.2,22.99,,30,,26,80,Blaine:3;Ramsey:7;Minneapolis:28
Firestone Cali Squeeze Variety 12pk 12oz can,Craft,Artisan Beer,51,6.1,8.3,14.62,17.49,15.96,16,,20,107,Andover:1;Plymouth:2;Rosemount:5;Vadnais Heights:5;Roseville:6;Cottage Grove:7;Blaine:7;Stillwater:10;St. Louis Park:16
Luce Line Ecstatic Static 4pk 16oz can,Craft,Luce Line Brewing,49,6.0,8.2,10.52,15.99,,34,,25,79,Chanhassen:5;Bloomington:6;St. Louis Park:7;Osseo:9;Plymouth:9;Woodbury:16
Miller High Life Light 24pk 12oz can,Below Premium,,26,6.0,4.3,17.38,19.99,,13,,27,72,Chanhassen:1;Rosemount:1;Roseville:2;Cottage Grove:2;Osseo:3;Andover:6;Blaine:11
Coronado Weekend Vibes IPA 6pk 16oz can,Craft,,24,6.0,4.0,12.0,15.99,,25,,28,66,St. Louis Park:2;Vadnais Heights:3;Osseo:5;Roseville:6;Blaine:8
Unmapped Quadruplication 4pk 16oz can,Craft,"Unmapped Brewing Company, LLC",33,6.0,5.5,8.45,14.99,,44,,29,62,Roseville:6;Chanhassen:27
Athletic Brewing Cerveza N/A 6pk 12oz can,Craft,,21,6.0,3.5,8.09,11.99,11.96,33,,23,88,Plymouth:2;Andover:5;St. Louis Park:6;Woodbury:4;Stillwater:6
Busch Light 12pk 12oz btl,Below Premium,,61,6.0,10.1,10.29,14.99,,31,,22,95,Osseo:7;Blaine:10;Andover:10;Plymouth:29;Stillwater:8
Guinness Draught 12pk 11oz btl,Import,,104,6.0,17.2,13.16,22.49,18.96,41,,24,86,Osseo:5;Ramsey:6;Blaine:9;Andover:21;St. Louis Park:2;Stillwater:3;Vadnais Heights:3;Woodbury:5;Cottage Grove:6;Rosemount:8;Bloomington:12;Minnetonka:12;Roseville:12
Unmapped Paddle North Wild Rice Cream Ale 4pk 16oz can,Craft,,39,5.9,6.7,9.18,12.99,,29,,25,76,Roseville:2;Woodbury:6;St. Louis Park:6;Chanhassen:25
Red Stripe 6pk 12oz btl,Import,,46,5.9,7.8,7.29,10.99,,34,,25,78,Andover:2;Minnetonka:4;Woodbury:6;Blaine:13;Chanhassen:2;Bloomington:4;Cottage Grove:6;Minneapolis:9
Victoria Vicky Chamoy 24oz can,Single Serve,Dahlheimer Beverage Monticello,89,5.8,15.3,2.37,3.99,,41,,20,97,St. Louis Park:12;Bloomington:14;Plymouth:14;Minneapolis:49
2 Towns Berry Cosmic Variety Pack 12pk 12oz can,Craft,McDonald Distributing Co dba Clear River Beverage,56,5.8,9.7,18.11,24.99,,28,,25,73,Chanhassen:1;Cottage Grove:3;Minnetonka:3;Rosemount:3;St. Louis Park:4;Bloomington:6;Vadnais Heights:7;Woodbury:9;Andover:10;Plymouth:10
Simply Spiked Bold Cherry 24oz can,Single Serve,"Breakthru Beverage Minnesota Beer, LLC",54,5.8,9.3,2.47,3.99,,38,,24,79,Ramsey:1;Blaine:3;Woodbury:4;Plymouth:6;Andover:7;Bloomington:10;St. Louis Park:11;Cottage Grove:12
Summit Light Lager 4pk 12oz can,Premium,,63,5.8,10.8,3.49,5.49,4.96,36,,27,66,Blaine:7;Osseo:3;Rosemount:4;Woodbury:7;Chanhassen:9;Vadnais Heights:10;Roseville:10;Plymouth:13;Ramsey:13
Mike's Hard Zero Variety 12pk 12oz can,FMB,Dahlheimer Beverage Monticello,24,5.8,4.1,14.14,18.99,,26,,24,80,Andover:3;Blaine:12;Cottage Grove:3;Bloomington:6
Belching Beaver Phantom Bride IPA 6pk 16oz can,Craft,,32,5.8,5.5,11.28,12.99,,13,,28,61,Roseville:2;Osseo:6;Rosemount:10;Andover:14
Wild State Rotating 4pk 12oz can,Cider,Artisan Beer,38,5.7,6.7,9.57,14.99,,36,,28,57,Blaine:1;Vadnais Heights:3;Chanhassen:4;Minneapolis:5;Andover:10;St. Louis Park:16
High Gravity Earthquake 24oz can,Single Serve,,9,5.7,1.6,1.25,1.99,,37,,31,45,St. Louis Park:9
Castle Danger West Coast IPA 6pk 12oz can,Craft,"Breakthru Beverage Minnesota Beer, LLC",47,5.7,8.3,8.46,11.99,,29,,24,74,Chanhassen:2;Roseville:2;Vadnais Heights:3;Cottage Grove:5;Rosemount:5;Stillwater:6;St. Louis Park:11;Minneapolis:13
Arnold Palmer Spiked 24oz can,Single Serve,,35,5.7,6.2,2.44,4.49,,46,,23,79,Andover:6;Blaine:6;Minneapolis:6;Woodbury:7;Bloomington:10
Southern Tier PumQueen 4pk 16oz can,Craft,"Hohensteins, Inc.",27,5.7,4.7,11.2,15.99,,30,,31,45,Roseville:3;Blaine:5;Rosemount:5;Vadnais Heights:7;Woodbury:7
Toppling Goliath King Sue Double IPA 4pk 16oz can,Craft,Artisan Beer,23,5.7,4.1,13.85,19.99,,31,,28,56,Blaine:1;Roseville:1;Minnetonka:4;St. Louis Park:11;Plymouth:12
Surfside Strawberry Lemonade 19.2oz can,Single Serve,"Capitol Beverage Sales, L.P.",26,5.7,4.5,3.14,3.49,,10,,26,67,Vadnais Heights:1;Minnetonka:5;Andover:5;St. Louis Park:15
Michelob Ultra 12pk 16oz can,Super Premium,,48,5.7,8.4,13.63,21.99,,38,,25,71,Minnetonka:7;Chanhassen:8;Ramsey:14;Cottage Grove:7;Woodbury:12
Victoria Lager 12pk 12oz can,Import,Dahlheimer Beverage Monticello,79,5.6,14.2,13.43,18.99,15.96,29,,19,93,Minnetonka:2;Plymouth:3;Blaine:4;Roseville:5;St. Louis Park:5;Woodbury:6;Rosemount:7;Cottage Grove:8;Bloomington:17;Andover:22
Castle Danger George Hunter 6pk 12oz can,Craft,,48,5.6,8.6,8.46,11.99,,29,,23,75,Plymouth:5;Osseo:5;Blaine:5;Andover:9;Bloomington:2;Vadnais Heights:6;St. Louis Park:6;Roseville:10
Modelo Aguas Frescas Variety 12pk 12oz can,Import,,60,5.6,10.7,13.57,18.99,15.96,29,,26,64,Minnetonka:1;Blaine:3;Ramsey:5;Bloomington:6;Andover:17;Minneapolis:28
Spiral Brewing Mississippi Fog 4pk 16oz can,Craft,,39,5.6,6.9,10.99,14.99,,27,,25,68,Stillwater:1;Woodbury:9;Vadnais Heights:10;Plymouth:10;Cottage Grove:10;Rosemount:11
Clubtails Sunny Margarita 24oz can,Single Serve,"Breakthru Beverage Minnesota Beer, LLC",11,5.6,2.0,2.15,2.99,,28,,21,85,Minneapolis:11
Tucher Nurnberger Pils 4pk 16oz can,Craft,Old World Beers,28,5.6,5.0,10.0,12.99,,23,,24,71,Woodbury:1;Roseville:3;St. Louis Park:3;Vadnais Heights:4;Blaine:7;Plymouth:10
Schilling Excelsior 6pk 12oz can,Cider,,25,5.6,4.5,10.22,13.99,,27,,26,62,Vadnais Heights:2;Andover:2;Roseville:2;Woodbury:5;Chanhassen:6;Bloomington:8
Bud Light Platinum 12pk 12oz can,Super Premium,,75,5.6,13.5,12.9,16.99,,24,,21,84,Rosemount:6;St. Louis Park:7;Blaine:8;Stillwater:10;Andover:11;Bloomington:12;Minneapolis:21
Lagunitas IPNA 6pk 12oz can,Craft,,59,5.6,10.6,6.79,12.99,10.96,48,,25,66,Plymouth:1;Cottage Grove:1;Rosemount:3;St. Louis Park:3;Chanhassen:4;Vadnais Heights:4;Roseville:4;Andover:5;Minneapolis:5;Osseo:5;Woodbury:5;Stillwater:6;Minnetonka:3;Blaine:10
Good Boy Splash Variety 8pk 12oz can,RTD,"Capitol Beverage Sales, L.P.",46,5.5,8.4,15.1,25.99,21.96,42,,17,100,Ramsey:3;Cottage Grove:9;Rosemount:11;Woodbury:23
Two Chicks Vodka Variety Pack 8pk 12oz can,RTD,Phillips Wine & Spirits - St. Paul,67,5.5,12.2,13.41,22.99,18.96,42,3 free on 20,22,77,Minnetonka:2;Plymouth:3;Ramsey:3;St. Louis Park:3;Vadnais Heights:4;Roseville:4;Andover:5;Woodbury:5;Cottage Grove:6;Chanhassen:6;Rosemount:7;Blaine:8;Minneapolis:11
Athletic Lite N/A 12pk 12oz can,Craft,Dahlheimer Beverage Monticello,75,5.5,13.6,11.84,20.99,17.96,44,,22,78,Vadnais Heights:2;Woodbury:2;Plymouth:4;Blaine:5;Rosemount:10;Andover:25;Roseville:27
Pabst Blue Ribbon 12pk 16oz can,Below Premium,,14,5.5,2.5,10.85,13.99,,22,,25,65,Blaine:4;Andover:10
Two Chicks Cranberry Tartini 4pk 12oz can,RTD,Phillips Wine & Spirits - St. Paul,71,5.5,12.9,7.35,12.99,10.96,43,3 free on 20,23,73,Minnetonka:1;Osseo:1;Bloomington:2;Chanhassen:3;St. Louis Park:4;Andover:5;Blaine:5;Plymouth:5;Roseville:6;Ramsey:6;Vadnais Heights:7;Stillwater:7;Rosemount:8;Minneapolis:11
Four Loko Camo 24oz can,Single Serve,,28,5.4,5.1,1.98,3.49,1.48,43,,26,58,Minneapolis:20;Ramsey:8
2 Towns Ciderhouse Cosmic Crisp 6pk 12oz can,Cider,2 Towns,40,5.4,7.4,10.16,13.99,,27,,26,56,St. Louis Park:2;Woodbury:3;Roseville:3;Andover:5;Rosemount:5;Bloomington:9;Vadnais Heights:13
Blackstack Late To The Party Fest Bier 4pk 16oz can,Craft,"Black Stack Brewing, Inc",26,5.4,4.9,9.23,12.99,,29,,28,46,Rosemount:2;Andover:3;Osseo:8;Woodbury:13
Bell's Light Hearted Ale 12pk 12oz can,Craft,,28,5.4,5.2,11.41,15.99,,29,,24,64,Ramsey:5;Blaine:7;Rosemount:1;Cottage Grove:2;Woodbury:4;Andover:9
Allagash White Ale 4pk 16oz can,Craft,McDonald Distributing Co dba Clear River Beverage,25,5.4,4.6,9.77,13.99,,30,,24,67,St. Louis Park:1;Minnetonka:3;Plymouth:3;Andover:3;Blaine:4;Rosemount:4;Vadnais Heights:7
Monaco Vodka Cocktails Sour Apple Crush 12oz can,Single Serve,"Breakthru Beverage Minnesota Beer, LLC",58,5.4,10.7,2.09,3.49,2.96,40,,20,84,Woodbury:7;Chanhassen:9;Cottage Grove:18;Bloomington:24
Lagunitas Hoppy Refresher 6pk 12oz can,Craft,,40,5.3,7.6,6.9,12.99,10.96,47,,20,79,Minneapolis:3;Plymouth:5;Cottage Grove:2;Roseville:2;Vadnais Heights:3;Chanhassen:4;Rosemount:4;St. Louis Park:8;Blaine:10
Utepils Helles Lager 4pk 16oz can,Craft,,26,5.3,4.9,9.76,14.99,,35,,20,80,Blaine:10;Roseville:2;Osseo:7;St. Louis Park:7
Twisted Tea Raspberry 12pk 12oz can,FMB,,48,5.3,9.0,13.28,19.99,15.96,34,,23,67,St. Louis Park:6;Vadnais Heights:1;Stillwater:5;Andover:5;Blaine:6;Minneapolis:25
Toppling Goliath Hazy Day Sue 6pk 12oz can,Craft,Artisan Beer,-192,5.3,-36.5,10.0,14.99,,33,,22,70,
Surfside Iced Tea Variety Pack 12pk 12oz can,Seltzer,"Capitol Beverage Sales, L.P.",25,5.3,4.7,22.54,31.99,26.96,30,,24,62,Cottage Grove:3;Rosemount:8;Woodbury:15
Tucher Dunkles Hefeweizen 4pk 17oz can,Import,,98,5.3,18.6,9.97,12.99,,23,,24,61,Cottage Grove:1;Bloomington:2;Vadnais Heights:5;Andover:7;Chanhassen:7;St. Louis Park:8;Blaine:10;Woodbury:12;Plymouth:12;Roseville:34
Heineken 18pk 12oz btl,Import,,22,5.3,4.1,19.4,24.99,,22,,25,58,Ramsey:3;Roseville:5;Cottage Grove:6;Bloomington:8
Venn Northodox IPA 4pk 16oz can,Craft,Venn Brewing Co.,44,5.3,8.2,9.59,14.99,,36,,23,68,St. Louis Park:1;Rosemount:4;Bloomington:5;Woodbury:5;Plymouth:6;Roseville:11;Vadnais Heights:12
Guinness Foreign Stout 4pk 11oz btl,Import,"Breakthru Beverage Minnesota Beer, LLC",22,5.3,4.2,8.07,11.99,,33,,26,52,Woodbury:2;St. Louis Park:3;Cottage Grove:17
Mike's Dirty Lemonade Variety Pack 12pk 12oz can,FMB,"Breakthru Beverage Minnesota Beer, LLC",99,5.2,19.1,13.48,20.99,17.96,36,,16,95,Roseville:2;St. Louis Park:3;Woodbury:5;Cottage Grove:5;Stillwater:6;Blaine:6;Vadnais Heights:9;Andover:13;Bloomington:20;Minneapolis:30
Amstel Light 12pk 12oz btl,Import,,8,5.2,1.5,13.42,19.99,,33,,23,63,Stillwater:1;Ramsey:4;Bloomington:6
Victoria Lager 6pk 12oz btl,Import,,61,5.2,11.7,7.21,10.99,,34,,20,77,St. Louis Park:2;Woodbury:3;Stillwater:3;Osseo:4;Ramsey:4;Roseville:5;Blaine:6;Andover:7;Cottage Grove:7;Vadnais Heights:7;Bloomington:17
Lagunitas Uncensored Punch 19.2oz can,Single Serve,,5,5.2,1.0,1.75,3.49,,50,,25,56,St. Louis Park:17
Toppling Goliath Cyber Sue 6pk 12oz can,Craft,,34,5.2,6.6,10.0,13.99,,29,,26,49,Cottage Grove:2;Chanhassen:2;Rosemount:3;Vadnais Heights:3;Blaine:3;Plymouth:7;St. Louis Park:11;Woodbury:3
Twisted Tea Peach Tea 12pk 12oz can,FMB,,70,5.2,13.4,13.17,19.99,15.96,34,,19,83,Blaine:3;Bloomington:5;Andover:17;Minneapolis:37;St. Louis Park:2;Woodbury:6
Sociable Cider Werks Rusty Chain 4pk 12oz can,Cider,"Breakthru Beverage Minnesota Beer, LLC",20,5.2,3.8,6.67,12.24,9.96,45,,30,33,Minnetonka:6;St. Louis Park:17
Elm Creek Marzen 4pk 16oz can,Craft,Dahlheimer Beverage Monticello,13,5.2,2.5,7.83,10.99,,29,,27,47,Woodbury:3;Andover:11
Indeed Mexican Honey Variety 12pk 12oz can,Craft,"Hohensteins, Inc.",27,5.2,5.2,14.72,22.99,19.96,36,,19,81,Andover:1;Vadnais Heights:2;St. Louis Park:3;Woodbury:3;Roseville:5;Blaine:13
Monaco Crush Variety 6pk 12oz can ,Malternatives,"Breakthru Beverage Minnesota Beer, LLC",31,5.1,6.1,11.65,15.99,14.96,27,net down pricing,25,50,Cottage Grove:4;St. Louis Park:5;Woodbury:7;Minneapolis:15
Oliphant IPA Variety Pack 12pk 12oz can,Craft,Mega Beer LLC,37,5.1,7.3,15.41,21.99,,30,,22,64,Andover:1;Blaine:1;Rosemount:2;Osseo:3;Woodbury:7;St. Louis Park:8;Vadnais Heights:15
Pabst Blue Ribbon 24oz can,Single Serve,,4,5.1,0.8,1.7,2.99,,43,,28,38,Roseville:12
Pryes Variety Pack 12pk 12oz can,Craft,,20,5.1,4.0,14.25,22.49,16.96,37,,9,122,Bloomington:1;Blaine:2;St. Louis Park:2;Vadnais Heights:2;Ramsey:4;Osseo:6;Cottage Grove:7
Toppling Goliath Rotating 4pk 16oz can,Craft,Artisan Beer,-1,5.1,-0.2,14.78,20.99,,30,,25,53,Woodbury:3
Peroni 12pk 12oz btl,Import,,47,5.1,9.2,13.95,20.99,,34,,23,60,Andover:2;Plymouth:2;Osseo:3;Blaine:5;Stillwater:8;Vadnais Heights:13;Woodbury:14
Evil Twin Even More Jesus 4pk 16oz can,Craft,,20,5.1,3.9,14.39,17.99,,20,,24,57,Ramsey:2;Blaine:5;Andover:5;Chanhassen:8
Smirnoff Ice Smash Lemon Lime 23oz can,Single Serve,"Breakthru Beverage Minnesota Beer, LLC",36,5.1,7.1,2.23,3.99,,44,,25,51,Vadnais Heights:8;Minneapolis:28
Lupulin Fashion Mullet 4pk 16oz can,Craft,,102,5.0,20.4,9.45,14.99,,37,,18,80,Ramsey:9;Blaine:11;Plymouth:35;Minnetonka:1;Rosemount:4;Chanhassen:6;Roseville:13;St. Louis Park:23
Steel Reserve Hard Pineapple 24oz can,Single Serve,"Breakthru Beverage Minnesota Beer, LLC",29,5.0,5.8,1.77,2.99,,41,,26,45,Roseville:13;Minneapolis:16
Dos Equis Lager Especial 12pk 12oz can,Import,,43,5.0,8.6,13.75,20.99,17.96,34,,21,66,Bloomington:2;Stillwater:4;Woodbury:4;Chanhassen:5;Vadnais Heights:5;Rosemount:8;Minneapolis:8;St. Louis Park:8
Boulevard Bourbon Barrel Quad 4pk 12oz btl,Craft,"Breakthru Beverage Minnesota Beer, LLC",10,5.0,2.0,12.1,16.99,,29,,23,58,Osseo:1;St. Louis Park:9
Back Channel Minne Matsui Rice Lager 4pk 16oz can,Craft,Back Channel Brewing Co.,40,5.0,7.9,7.53,9.99,,25,,22,63,St. Louis Park:2;Blaine:3;Roseville:3;Chanhassen:6;Minneapolis:11;Minnetonka:15
Bell's Two Hearted 6pk 12oz can,Craft,,8,5.0,1.6,9.0,12.99,,31,,20,70,Stillwater:1;Bloomington:12
Third Street MN Gold Light 12pk 16oz can,Premium,,43,5.0,8.6,10.61,15.99,13.96,34,,21,67,Ramsey:3;Andover:10;Blaine:10;Rosemount:6;Woodbury:15
Sunny D Vodka Seltzer 4pk 12oz can,RTD,Phillips Wine & Spirits - St. Paul,2,5.0,0.4,6.95,12.49,10.96,44,1 on 5 solid 4pk,23,57,Andover:1;Bloomington:1;Chanhassen:1;Stillwater:1;Blaine:5
Luce Line Schnapsidee Oktoberfest 4pk 16oz can,Craft,Luce Line Brewing,25,5.0,5.0,7.97,11.99,,34,,25,47,Blaine:7;Roseville:8;Woodbury:10
Carbliss Artic Blue Raspberry 19.2oz can,FMB,"Capitol Beverage Sales, L.P.",54,5.0,10.8,2.45,3.99,3.46,38,,29,30,Blaine:8;Ramsey:10;Andover:11;Osseo:11;Minneapolis:14
Pryes Cartographer This Side Down 4pk 16oz can,Craft,,41,4.9,8.4,13.33,18.99,,30,,28,31,Blaine:2;Roseville:5;St. Louis Park:7;Rosemount:10;Woodbury:17
Clausthaler N/A 6pk 11oz btl,Import,,27,4.9,5.5,8.69,14.99,12.96,42,,23,54,Woodbury:1;Roseville:7;Blaine:3;Plymouth:4;St. Louis Park:7;Rosemount:9
Steel Toe Provider 6pk 12oz can,Craft,,50,4.9,10.1,7.5,11.99,10.96,37,,21,64,Bloomington:3;Roseville:4;Chanhassen:9;Blaine:10;St. Louis Park:24
Seagrams Escapes Variety Pack 12pk 12oz can,FMB,,16,4.9,3.3,11.47,16.99,,32,,24,48,Andover:2;Blaine:3;Minneapolis:4;Cottage Grove:7
Schilling Rotator 6pk 12oz can,Cider,Do Not Use - Clear River Beverage,6,4.9,1.2,9.55,13.99,,32,,22,60,Chanhassen:1;Woodbury:2;Vadnais Heights:3
Modist Ghost Vision Citra Dolcita DDH Hazy IPA 4pk 16oz can,Craft,Modist Brewing Company,30,4.9,6.1,9.74,15.99,,39,,26,42,Woodbury:4;Vadnais Heights:4;Osseo:7;Chanhassen:8;Rosemount:10
Surly Nice 12pk 16oz can,Craft,,119,4.9,24.2,10.91,15.99,,32,,16,86,Vadnais Heights:5;Minneapolis:2;Blaine:3;Ramsey:3;Cottage Grove:3;Plymouth:3;Rosemount:5;Roseville:8;Stillwater:10;Bloomington:25;Woodbury:25;St. Louis Park:27
Crook & Marker Raspberry Tea Pack 8pk 12oz can,FMB,"Breakthru Beverage Minnesota Beer, LLC",-1,4.9,-0.2,2.0,11.99,,83,,10,114,
Michelob Ultra Pure Gold 6pk 12oz btl,Super Premium,,48,4.8,10.0,7.95,11.99,,34,,18,74,Blaine:4;Chanhassen:5;Roseville:6;Minneapolis:8;Bloomington:9;Rosemount:5;Stillwater:5;Cottage Grove:6
Sun Cruiser Vodka Lemonade 19.2oz can,Single Serve,"Breakthru Beverage Minnesota Beer, LLC",59,4.8,12.4,3.12,4.99,4.46,37,,14,90,Roseville:3;Blaine:9;Andover:10;Woodbury:11;Minneapolis:26
NUTRL Pineapple 4pk 12oz can,RTD,,38,4.8,8.0,7.55,11.99,,37,,21,59,Minnetonka:6;Andover:6;Chanhassen:8;Blaine:3;Cottage Grove:4;Woodbury:6;Rosemount:6
Wild State Cider Semi Dry 4pk 12oz can,Cider,"College City Beverage, Inc.",92,4.8,19.1,8.65,12.99,,33,,16,83,Woodbury:4;Roseville:5;Bloomington:6;Vadnais Heights:8;Plymouth:8;Chanhassen:14;Blaine:18;St. Louis Park:30
Venn Chronicopia West Coast IPA 4pk 16oz can,Craft,Venn Brewing Co.,38,4.8,7.9,11.59,16.99,,32,,22,56,Osseo:1;Vadnais Heights:3;Bloomington:4;Roseville:5;Cottage Grove:6;St. Louis Park:11;Woodbury:11
Loon Juice Grow a Pear 6pk 12oz can,Cider,,37,4.8,7.7,9.48,14.99,12.96,37,,22,56,Osseo:3;Vadnais Heights:4;St. Louis Park:4;Blaine:6;Roseville:8;Plymouth:9;Woodbury:3
Barrel Theory Legend In My Spare Time 4pk 16oz can,Craft,Barrel Theory Beer Company,2,4.8,0.4,16.33,23.99,,32,,28,28,St. Louis Park:1;Roseville:1
Carbliss Apple 4pk 12oz can,RTD,Dahlheimer Beverage Monticello,44,4.8,9.2,8.98,13.79,,35,,28,28,Cottage Grove:3;Ramsey:3;Blaine:13;Andover:25
Carbliss Cherry Limeade 19.2oz can,FMB,"Capitol Beverage Sales, L.P.",55,4.8,11.4,2.45,3.99,3.46,39,,28,29,Andover:4;Osseo:10;Ramsey:11;Blaine:12;Minneapolis:18
Nutrl Cranberry 4pk 12oz can,RTD,,31,4.8,6.5,7.59,11.99,,37,,20,64,Andover:2;St. Louis Park:3;Bloomington:9;Woodbury:2;Stillwater:4;Cottage Grove:5;Rosemount:6
Weldwerks Juicy Bits IPA 4pk 16oz can,Craft,,39,4.7,8.3,12.65,17.99,,30,,23,47,Minnetonka:1;St. Louis Park:4;Blaine:7;Andover:8;Vadnais Heights:20
Cayman Jack Mango Margarita 6pk 12oz can,FMB,Dahlheimer Beverage Monticello,52,4.7,11.2,7.45,11.99,10.96,38,,21,55,St. Louis Park:3;Andover:5;Woodbury:6;Bloomington:12;Minneapolis:26
Blackstack Participation Trophy 4pk 16oz can,Micro Brews,Artisan Beer,-11,4.7,-2.3,12.3,17.99,,32,,18,71,Roseville:1
Founders Centennial IPA 15pk 12oz can,Craft,,50,4.7,10.6,14.73,19.99,,26,,18,70,Blaine:1;Minnetonka:4;Stillwater:4;Plymouth:5;Ramsey:5;Woodbury:3;Vadnais Heights:4;Cottage Grove:5;Rosemount:6;Bloomington:13
Wild State Hazy Pink Pineapple Cider 4pk 12oz can,Cider,"College City Beverage, Inc.",74,4.7,15.6,8.9,12.99,,32,,19,67,Stillwater:2;Vadnais Heights:4;Woodbury:5;Andover:5;Minnetonka:6;Minneapolis:7;Chanhassen:8;Bloomington:9;Roseville:9;Blaine:9;Plymouth:10
Deschutes Fresh Haze IPA 12pk 12oz can,Craft,,79,4.7,16.9,14.42,23.99,19.96,40,,19,65,St. Louis Park:11;Blaine:14;Stillwater:2;Cottage Grove:3;Woodbury:6;Bloomington:7;Vadnais Heights:9;Roseville:9;Chanhassen:18
Sierra Nevada Pale Ale 6pk 12oz can,Craft,,25,4.7,5.3,8.45,11.99,,30,,20,62,Blaine:7;St. Louis Park:5;Roseville:5;Bloomington:8
Modist Supra Sea Salt Lime Deluxe 6pk 12oz can,Craft,Modist Brewing Company,1,4.7,0.2,8.46,10.99,,23,,14,89,Minneapolis:1
Golden Road Tart Mango Cart 6pk 12oz can,Craft,"College City Beverage, Inc.",29,4.7,6.2,7.62,10.99,,31,,20,61,Roseville:2;Minneapolis:3;Chanhassen:5;Bloomington:7;Vadnais Heights:12
Michelob Ultra Zero 6pk 12oz btl,Super Premium,,39,4.7,8.2,6.91,9.99,,31,,18,71,Chanhassen:2;Vadnais Heights:3;Andover:4;Bloomington:4;Roseville:4;St. Louis Park:3;Plymouth:3;Woodbury:6;Cottage Grove:11
Athletic Lite N/A 6pk 12oz can,Craft,,40,4.7,8.5,8.28,11.99,11.96,31,,19,65,Cottage Grove:1;Osseo:1;Ramsey:2;Andover:3;Chanhassen:4;Roseville:4;Bloomington:10;Vadnais Heights:1;Rosemount:2;Plymouth:4;Woodbury:4;Blaine:4
Summit Saga Hazy IPA 4pk 16oz can,Craft,"College City Beverage, Inc.",17,4.7,3.6,6.0,9.99,7.96,40,,18,70,Woodbury:4;Blaine:6;Cottage Grove:7;St. Louis Park:9
Downeast Cider Imperial Wild Berry 6pk 12oz can,Cider,"Breakthru Beverage Minnesota Beer, LLC",20,4.7,4.3,8.53,13.99,11.96,39,,18,69,Minneapolis:4;Roseville:5;Woodbury:5;Stillwater:6
Sierra Nevada Little Thing Rotator 6pk 12oz can,Craft,"Breakthru Beverage Minnesota Beer, LLC",26,4.7,5.6,8.45,11.99,,30,,22,51,Vadnais Heights:1;Minnetonka:2;Cottage Grove:3;Andover:4;St. Louis Park:4;Blaine:12
Castle Danger Hazy IPA Mix Pack 12pk 12oz can,Craft,Bernicks,40,4.7,8.4,15.38,21.99,,30,,19,67,Cottage Grove:3;Rosemount:6;Woodbury:6;Blaine:7;Roseville:8;Andover:10
Kona Big Wave 6pk 12oz can,Craft,"College City Beverage, Inc.",29,4.6,6.3,7.84,11.99,,35,,25,35,Vadnais Heights:3;Woodbury:5;Blaine:6;Andover:7;Cottage Grove:8
Utepils Czech Pils 4pk 16oz can,Craft,,26,4.6,5.7,9.39,14.99,,37,,20,57,Blaine:7;Roseville:5;St. Louis Park:14
Haggard Barrel Degenerade 4pk 16oz can,Craft,Haggard Barrel Brewing Company LLC,-15,4.6,-3.2,12.5,17.99,,31,,27,27,St. Louis Park:6
Summit NA Dark 6pk 12oz can,Craft,,12,4.6,2.6,7.75,11.99,,35,,21,52,Chanhassen:1;Plymouth:1;Vadnais Heights:2;Andover:2;Roseville:4;Blaine:5;St. Louis Park:5
Smithwicks 4pk 15oz can,Import,,64,4.6,13.9,6.53,9.99,,35,,17,72,Andover:11;Rosemount:1;Blaine:14;Cottage Grove:39
Milk & Honey Heirloom Cider 4pk 12oz btl,Cider,,34,4.6,7.3,10.53,14.99,,30,,22,50,Minnetonka:5;Roseville:5;Blaine:24
Two Chicks Craft Cocktail Variety Pack 8pk 12oz can,RTD,Phillips Wine & Spirits - St. Paul,57,4.6,12.5,13.41,22.99,18.96,42,3 free on 20,20,57,Roseville:2;Chanhassen:3;St. Louis Park:3;Vadnais Heights:4;Plymouth:6;Cottage Grove:6;Andover:6;Rosemount:6;Woodbury:10;Minneapolis:11
Founders Dirty Bastard 6pk 12oz btl,Craft,,39,4.6,8.5,8.05,11.99,,33,,18,66,Andover:5;Blaine:16;Chanhassen:2;Rosemount:4;Roseville:5;Cottage Grove:7
Captain Morgan Sliced Tropical Hurricane 24oz can,Single Serve,Bernicks,22,4.6,4.8,2.21,3.49,,37,,16,76,Woodbury:1;Blaine:1;Minneapolis:4;Rosemount:7;Bloomington:10
Venn Golf Beer American Wheat 4pk 16oz can,Craft,Venn Brewing Co.,0,4.6,0.0,7.5,11.99,,37,,17,72,Chanhassen:1
Redd's Wicked Apple Ale 24oz can,Single Serve,,61,4.6,13.3,2.42,3.99,,39,,23,44,Osseo:9;Woodbury:20;Bloomington:32
Inbound Laser Loon 4pk 16oz can,Craft,,5,4.5,1.1,6.43,9.99,,36,,15,78,Blaine:6;Bloomington:10;Woodbury:11;St. Louis Park:13
Jumex Hard Nectar 12pk 12oz can,Import,"Capitol Beverage Sales, L.P.",61,4.5,13.5,15.04,21.99,20.96,32,,22,46,Cottage Grove:1;Osseo:1;Rosemount:3;Stillwater:3;Minnetonka:4;Woodbury:6;Roseville:6;Minneapolis:10;Ramsey:13;Bloomington:14
Back Channel The Telestrator 4pk 16oz can,Micro Brews,Back Channel Brewing Co.,14,4.5,3.1,11.77,17.99,,35,,26,28,Woodbury:1;St. Louis Park:3;Andover:11
Kirin Ichiban 12pk 12oz can,Import,"Breakthru Beverage Minnesota Beer, LLC",45,4.5,10.0,11.92,16.99,,30,,18,64,Woodbury:1;Cottage Grove:1;St. Louis Park:1;Roseville:2;Stillwater:4;Bloomington:5;Chanhassen:6;Rosemount:10;Minneapolis:15
Insight Banshee Cutter 4pk 16oz can,Craft,,43,4.5,9.5,9.6,11.99,,20,,20,55,Cottage Grove:1;Roseville:2;Bloomington:3;Osseo:5;Andover:6;Rosemount:6;Vadnais Heights:10;Woodbury:10
Michelob Ultra Lime Cactus 12pk 12oz can,Super Premium,,22,4.5,4.9,13.95,18.99,,27,,18,63,Rosemount:11;Blaine:4;Woodbury:7
Insight Schickenmode Festbier 4pk 16oz can,Craft,Insight Brewing Company (D),13,4.5,2.9,9.73,11.99,,19,,23,41,Rosemount:1;Roseville:1;Woodbury:4;Blaine:7
Blackstack We Already Ate 4pk 16oz can,Craft,Artisan Beer,2,4.5,0.4,15.38,21.99,,30,,14,82,Ramsey:3
Cutwater Banana Mudslide 12oz can,RTD,,0,4.5,0.0,2.52,4.49,3.96,44,,20,55,
Lupulin Performance Jorts 4pk 16oz can,Craft,Lupulin Brewing Company,15,4.5,3.3,9.59,14.99,,36,,26,27,Blaine:1;St. Louis Park:2;Osseo:5;Andover:7
Captain Morgan Sliced Variety 12pk 12oz can,FMB,,46,4.5,10.3,13.47,22.49,18.96,40,,15,76,Bloomington:3;Blaine:3;Ramsey:4;Plymouth:5;Andover:10;Chanhassen:1;Woodbury:2;Rosemount:5;Cottage Grove:15
Sinless Black Cherry 4pk 12oz can,RTD,,68,4.5,15.2,7.52,12.99,10.96,42,,19,58,Bloomington:15;Rosemount:5;Cottage Grove:5;Minneapolis:13;Blaine:14;Woodbury:16
Moosehead 12pk 12oz can,Import,,31,4.5,6.9,13.11,15.99,,18,,19,58,Andover:2;Ramsey:2;Osseo:2;Blaine:3;Minneapolis:19;Cottage Grove:2;Bloomington:2
Corona Sunbrew 12pk 12oz can,Import,,62,4.4,14.2,13.48,17.49,15.96,23,,16,68,Bloomington:10;Chanhassen:2;Vadnais Heights:6;Roseville:8;Woodbury:8;Cottage Grove:9;Stillwater:9;Rosemount:10
Tucher Brau Helles Hefe Weizen 4pk 16oz can,Import,Old World Beers,125,4.4,28.3,9.83,12.99,,24,,16,70,Woodbury:1;Cottage Grove:4;Chanhassen:6;Plymouth:6;Roseville:9;Andover:12;St. Louis Park:12;Vadnais Heights:28;Blaine:51
New Belgium Fruit Force IPA 19.2oz can,Single Serve,"Breakthru Beverage Minnesota Beer, LLC",152,4.4,34.5,1.95,3.49,,44,,19,56,Rosemount:9;Bloomington:15;Vadnais Heights:18;Roseville:18;St. Louis Park:18;Woodbury:21;Minneapolis:64
Smirnoff Ice Blue Rasp Lemonade 6pk 12oz btl,FMB,,28,4.4,6.4,7.31,9.99,,27,,16,68,Osseo:5;Woodbury:8;Blaine:9;Bloomington:6
Clubtails Bahama Mama 24oz can,Single Serve,"Breakthru Beverage Minnesota Beer, LLC",5,4.4,1.1,2.15,2.99,,28,,21,46,Minneapolis:5
Blake's Kinder Series,Cider,Blake's,-6,4.4,-1.4,8.35,12.99,,36,,24,34,Andover:19
Crystal Light Vodka Refresher Variety Pack 8pk 12oz can,RTD,McDonald Distributing Co dba Clear River Beverage,36,4.4,8.1,14.93,21.99,,32,,17,66,Woodbury:16;Andover:20
Mckenzies Rotator 6pk 12oz btl,Craft,,28,4.4,6.3,9.04,12.99,,30,,24,34,Andover:4;Blaine:5;Woodbury:19
Clubtails Screwdriver 24oz can,Single Serve,Dahlheimer Beverage Monticello,17,4.4,3.8,2.16,2.99,,28,,21,48,Ramsey:1;Minneapolis:16
Mom Squad Vaca Mode Variety Pack 8pk 12oz can,RTD,"College City Beverage, Inc.",4,4.4,0.9,16.0,24.99,21.96,36,,23,38,Minneapolis:4
Hinterland Saving Gracie Juicy IPA 4pk 12oz can,Craft,,20,4.4,4.6,10.67,15.99,,33,,20,51,Vadnais Heights:3;Plymouth:4;Roseville:1;Minneapolis:5;Woodbury:6;Andover:9
Indeed MN Honey Light 6pk 16oz can,Craft,,52,4.4,11.9,7.7,10.99,,30,,24,32,Minneapolis:52
Sierra Nevada Torpedo 12pk 12oz btl,Craft,"Breakthru Beverage Minnesota Beer, LLC",2,4.4,0.5,14.5,20.99,17.96,31,,20,51,St. Louis Park:2;Cottage Grove:3;Roseville:3
Bell's Hazy Hearted 6pk 12oz can,Craft,,30,4.4,6.7,9.0,12.99,,31,,18,62,Blaine:4;Stillwater:5;Vadnais Heights:2;Chanhassen:3;Roseville:3;Bloomington:14
Luce Line Symbology 4pk 16oz can,Craft,Luce Line Brewing,13,4.4,3.0,11.67,16.99,,31,,25,29,Blaine:6;Plymouth:7
Garage Beer Lime 12pk 12oz can,Premium,"College City Beverage, Inc.",12,4.3,2.8,12.25,17.49,14.96,30,,20,49,Andover:5;Cottage Grove:10
Pryes Peace Offering Cold Press Stout 4pk 16oz can,Craft,,51,4.3,11.8,8.25,13.79,11.96,40,,18,58,Ramsey:2;Vadnais Heights:2;Roseville:4;Stillwater:5;Minneapolis:8;Andover:9;St. Louis Park:9;Rosemount:12
Oliphant Lumberjack Baes 4pk 16oz can,Craft,Mega Beer LLC,34,4.3,7.9,9.17,13.99,,34,,20,49,Plymouth:2;Woodbury:3;Rosemount:5;St. Louis Park:6;Cottage Grove:9;Stillwater:9
Venn Fest 4pk 16oz can,Craft,Venn Brewing Co.,6,4.3,1.4,7.5,11.99,,37,,23,36,Rosemount:2;Woodbury:4
Downeast Cider Apple Pie 6pk 12oz can,Cider,"Breakthru Beverage Minnesota Beer, LLC",16,4.3,3.7,8.79,13.99,11.96,37,,21,45,Roseville:1;Stillwater:2;Woodbury:6;Minneapolis:7
Rolling Rock 12pk 12oz btl,Below Premium,,27,4.3,6.3,8.43,11.99,,30,,19,52,Blaine:3;Plymouth:6;Chanhassen:11;Woodbury:3;Rosemount:4
War Pigs Lil' Geezer 12pk 12oz can,Craft,"Capitol Beverage Sales, L.P.",23,4.3,5.3,15.12,23.99,19.96,37,,16,67,Ramsey:1;Rosemount:2;Andover:7;Blaine:14
Leinenkugel's Lodge Lime 12pk 12oz can,Craft,,29,4.3,6.8,12.95,19.99,15.96,35,,18,57,Minneapolis:1;Stillwater:2;Rosemount:4;Bloomington:6;Cottage Grove:8;Osseo:8
Michelob Amber Bock 12pk 12oz btl,Super Premium,,14,4.3,3.3,12.8,16.99,,25,,18,56,Andover:12;Stillwater:3
Duluth Cider Gitch 4pk 12oz can,Cider,,15,4.2,3.6,9.14,12.99,,30,,19,49,Minneapolis:6;Andover:8;Roseville:1
Lift Bridge Mocktail Variety 12pk 12oz can,Craft,Dahlheimer Beverage Monticello,46,4.2,10.8,13.84,19.99,15.96,31,,13,78,Cottage Grove:1;Andover:1;Chanhassen:2;Roseville:4;Rosemount:5;Bloomington:6;Minnetonka:9;Osseo:12;Minneapolis:15
Leinenkugel's Berry Weiss 12pk 12oz btl,Craft,,27,4.2,6.4,12.59,19.99,15.96,37,,17,60,Blaine:9;Rosemount:7;Cottage Grove:11
Bent Paddle Bent Hop 6pk 12oz cans,Craft,,30,4.2,7.2,9.24,12.99,,29,,16,62,St. Louis Park:6;Bloomington:1;Minnetonka:3;Chanhassen:3;Rosemount:8;Blaine:9
Schilling Mango Excelsior 6pk 12oz can,Cider,,34,4.2,8.1,10.4,13.99,,26,,19,49,Woodbury:4;Roseville:4;Chanhassen:5;Rosemount:5;Blaine:5;Minneapolis:5;Bloomington:6
Monaco Purple Crush 4pk 12oz can,RTD,"Breakthru Beverage Minnesota Wine & Spirits, LLC",103,4.2,24.3,7.77,12.49,10.96,38,net down pricing,20,46,Minnetonka:2;Andover:4;Blaine:4;Plymouth:7;St. Louis Park:7;Stillwater:9;Rosemount:9;Woodbury:10;Minneapolis:11;Ramsey:12;Roseville:12;Cottage Grove:16
Hinterland Saving Gracie Vienna Lager 4pk 12oz can,Craft,Mega Beer LLC,48,4.2,11.4,10.67,15.99,,33,,19,50,Stillwater:1;Roseville:2;Minneapolis:4;Andover:10;Woodbury:15;St. Louis Park:16
Schmidt's 30pk 12oz can,Economy,,5,4.2,1.2,18.08,22.99,,21,,17,57,Blaine:2;Minneapolis:3
Corona Familiar 24oz can,Single Serve,,56,4.2,13.4,2.39,3.99,,40,,17,58,St. Louis Park:12;Bloomington:14;Minneapolis:30
Ice house 24oz can,Single Serve,,108,4.2,25.9,1.26,2.99,,58,,16,62,Minneapolis:71;Blaine:5;Andover:32
Deschutes Fresh Squeezed IPA 6pk 12oz can,Craft,,-5,4.1,-1.2,7.22,10.99,,34,,19,46,
Modelo Chelada Sandia Picante 24oz can,Single Serve,"Breakthru Beverage Minnesota Beer, LLC",77,4.1,18.7,2.39,3.49,,32,,16,60,Ramsey:2;St. Louis Park:10;Bloomington:13;Blaine:13;Plymouth:14;Andover:27
Headflyer What What Hazy IPA 4pk 16oz can,Craft,HeadFlyer Brewing,-37,4.1,-9.0,11.39,16.99,,33,,21,37,
Insight Vibe New England IPA 4pk 16oz can,Craft,,36,4.1,8.7,9.89,13.99,,29,,16,61,Minneapolis:1;Vadnais Heights:2;Woodbury:2;Bloomington:3;St. Louis Park:7;Roseville:8;Chanhassen:13
Shiner Bock 12pk 12oz btl,Craft,,45,4.1,11.0,12.93,17.99,,28,,17,55,Osseo:4;Andover:9;Blaine:18;Woodbury:2;Cottage Grove:12
Harp 4pk 15oz can,Import,,19,4.1,4.6,6.5,9.99,,35,,19,46,Andover:5;Plymouth:2;Rosemount:4;Woodbury:5;Cottage Grove:8
Bud Ice  30pk 12oz can,Below Premium,,17,4.1,4.1,15.3,17.99,,15,,20,43,Blaine:17
Lupulin Tropical Fun Pants 4pk 16oz can,Craft,Lupulin Brewing Company,236,4.1,57.3,9.56,13.99,,32,,15,65,Rosemount:6;St. Louis Park:7;Minneapolis:8;Woodbury:9;Plymouth:20;Osseo:25;Andover:45;Ramsey:54;Blaine:62
Southern Tier Pumpking 19.2oz can,Craft,"Hohensteins, Inc.",16,4.1,3.9,2.92,3.99,,27,,22,32,Blaine:16
Skimmers Pink Lemonade 4pk 12oz can,RTD,"Capitol Beverage Sales, L.P.",7,4.1,1.7,4.93,11.99,10.96,59,,1,128,Cottage Grove:1;Rosemount:7
Corona Sunbrew Citrus 24oz can,Single Serve,,17,4.0,4.3,2.42,3.99,,39,,18,46,Bloomington:2;Blaine:5;St. Louis Park:10
Summit Lager 12pk 16oz can,Craft,,39,4.0,9.9,13.2,19.99,16.96,34,,18,46,Ramsey:4;Woodbury:7;Blaine:4;St. Louis Park:5;Vadnais Heights:19
Dangerous Man Oktoberfest 6pk 12oz can,Craft,Dangerous Man Brewing,1,4.0,0.2,9.0,12.99,,31,,20,39,St. Louis Park:1
Indeed Apple Crisp Ale 4pk 16oz can,Craft,"Hohensteins, Inc.",12,4.0,3.0,9.1,12.99,,30,,23,24,Woodbury:6;Roseville:7
Angry Orchard Green Apple 6pk 12oz btl,Cider,"Breakthru Beverage Minnesota Beer, LLC",27,4.0,6.8,8.13,11.99,,32,,19,42,Bloomington:7;St. Louis Park:8;Roseville:12
Old Milwaukee 30pk 12oz can,Economy,,12,4.0,3.0,16.84,20.99,,20,,19,43,Roseville:1;Woodbury:2;Andover:3;Blaine:6
Sierra Nevada Pale Ale 12pk 12oz btl,Craft,,30,4.0,7.4,14.69,20.99,17.96,30,,16,58,Chanhassen:3;Ramsey:1;Roseville:1;Minnetonka:2;Rosemount:2;Blaine:3;St. Louis Park:4;Vadnais Heights:5;Cottage Grove:9
Goose Island Big Mango Beer Hug 19.2oz can,Single Serve,"Capitol Beverage Sales, L.P.",46,4.0,11.6,2.19,3.49,,37,,16,56,St. Louis Park:7;Minneapolis:16;Ramsey:23
Simply Spiked Limeade Variety 12pk 12oz can,FMB,,26,4.0,6.5,13.38,19.99,,33,,16,57,Plymouth:4;Blaine:7;Ramsey:9;Minneapolis:11
Surly Grapefruit Supreme 12pk 12oz can,Craft,,39,4.0,9.8,13.07,17.99,15.96,27,,17,52,Chanhassen:4;Rosemount:5;Bloomington:10;St. Louis Park:10;Woodbury:10
Bent Paddle Venture Pils 6pk 12oz can,Craft,Artisan Beer,28,4.0,7.0,9.22,13.99,,34,,19,43,Rosemount:4;Plymouth:5;Roseville:8;St. Louis Park:11
Pryes Main Squeeze 4pk 16oz can,Craft,,16,4.0,4.0,8.24,12.49,10.96,34,,14,66,Blaine:1;Ramsey:2;Stillwater:2;Rosemount:5;Roseville:7
Michelob Ultra Lime Cactus 6pk 12oz btl,Super Premium,"College City Beverage, Inc.",41,4.0,10.1,7.9,11.99,,34,,14,67,Blaine:1;Osseo:4;Stillwater:7;Cottage Grove:8;Andover:9;Woodbury:12
"Luce Line Broom wagon 4pk 16oz can
",Craft,Luce Line Brewing,12,3.9,3.0,9.78,14.99,,35,,15,59,Blaine:2;Chanhassen:2;Andover:8
Monster Beast Unleashed Variety 12pk 12oz can,Seltzer,,140,3.9,35.7,12.85,18.99,15.96,32,,16,54,Osseo:8;Andover:8;Rosemount:9;Plymouth:29;St. Louis Park:116;Cottage Grove:5
Carbliss Passion Fruit 4pk 12oz can,RTD,"Capitol Beverage Sales, L.P.",25,3.9,6.4,8.77,13.79,11.96,36,,12,71,Rosemount:1;Vadnais Heights:1;Roseville:2;Cottage Grove:8;Bloomington:13
Downeast Cider Black Cherry 6pk 12oz can,Cider,"Breakthru Beverage Minnesota Beer, LLC",8,3.9,2.1,9.03,13.99,11.96,35,,18,44,Minneapolis:1;Vadnais Heights:2;Cottage Grove:5
Leinenkugel's High Shore Shandy 19.2oz can,Single Serve,"Breakthru Beverage Minnesota Beer, LLC",19,3.9,4.9,2.23,3.49,,36,,16,53,Minnetonka:3;Minneapolis:31
Carlsberg 6pk 12oz btl,Import,,16,3.9,4.1,10.52,14.99,,30,,15,57,Stillwater:2;Blaine:14
Natural Light 16 Gallon,Economy,"Capitol Beverage Sales, L.P.",7,3.9,1.8,70.0,95.99,79.96,27,,22,25,Minneapolis:7
New Belgium Fat Tire 12pk 12oz btl,Craft,,30,3.9,7.7,12.73,19.99,16.96,36,,18,45,Andover:1;Blaine:5;Chanhassen:3;Cottage Grove:7;Rosemount:7;Vadnais Heights:7
Dual Citizen Wave Racer West Coast IPA 4pk 16oz can,Craft,Dual Citizen Brewing Company,22,3.9,5.6,10.82,15.99,,32,,17,49,Chanhassen:2;Plymouth:10;St. Louis Park:10
Mike's Hard Strawberry 12pk 12oz can,FMB,Dahlheimer Beverage Monticello,-49,3.9,-12.5,13.85,20.99,17.96,34,,17,50,Blaine:10;Andover:13
Budweiser Zero 6pk 12oz btl,Premium,,31,3.9,8.0,6.84,9.99,8.96,32,,17,48,Blaine:2;Cottage Grove:3;Vadnais Heights:4;Bloomington:5;Plymouth:5;St. Louis Park:12
Bad Weather Hopcromancer IPA 6pk 12oz can,Craft,"Hohensteins, Inc.",20,3.9,5.2,9.0,12.99,,31,,17,48,Cottage Grove:1;Roseville:2;Blaine:3;Woodbury:4;St. Louis Park:10
BlackStack Pull Tabs Pale Ale 4pk 16oz can,Craft,,59,3.9,15.0,10.0,14.99,,33,,17,50,Plymouth:1;Minnetonka:4;Bloomington:5;Blaine:5;Woodbury:6;Roseville:6;Vadnais Heights:10;Osseo:11;St. Louis Park:11
Smirnoff Ice Wild Grape 6pk 12oz btl,FMB,Bernicks,39,3.9,10.0,7.52,10.99,,32,,17,49,Blaine:2;St. Louis Park:5;Cottage Grove:7;Rosemount:8;Minneapolis:19
Dangerous Man Cream Ale 6pk 12oz can,Craft,Dangerous Man Brewing,19,3.9,4.9,7.9,10.99,,28,,17,49,Bloomington:3;St. Louis Park:6;Chanhassen:13
Pryes Royal Pineapple Sour 4pk 16oz can,Craft,,42,3.9,10.8,10.18,17.49,14.96,42,,11,75,St. Louis Park:1;Vadnais Heights:1;Woodbury:4;Ramsey:5;Roseville:5;Minneapolis:6;Rosemount:8;Cottage Grove:12
New Belgium Variety Pack 12pk 12oz can,Craft,"Breakthru Beverage Minnesota Beer, LLC",52,3.8,13.5,13.57,19.99,16.96,32,,15,56,Roseville:1;Woodbury:3;Cottage Grove:5;Bloomington:6;Blaine:11;Vadnais Heights:28
Spiral Brewing Downward Spiral IPA 4pk 16oz can,Craft,,32,3.8,8.4,10.24,13.99,,27,,19,37,Chanhassen:1;Rosemount:3;Plymouth:4;Cottage Grove:5;St. Louis Park:8;Woodbury:11
New Belgium Voodoo Ranger IPA 6pk 12oz can,Craft,,-7,3.8,-1.8,8.45,10.99,,23,,18,42,St. Louis Park:4
Two Chicks Watermelon Breeze 4pk 12oz can,RTD,Phillips Wine & Spirits - St. Paul,42,3.8,11.1,7.35,12.99,10.96,43,3 free on 20,16,50,Rosemount:2;Chanhassen:3;Roseville:3;Minnetonka:4;Stillwater:4;Vadnais Heights:4;Ramsey:6;Woodbury:7;Plymouth:9
Blackstack Slopes 4pk 16oz can,Craft,Artisan Beer,16,3.8,4.2,9.23,16.99,,46,,17,47,Woodbury:1;Blaine:2;Minnetonka:3;Roseville:7;Cottage Grove:8
Summit NA Amber 6pk 12oz can,Craft,,-38,3.8,-9.9,8.46,11.99,,29,,18,42,Blaine:2
Belching Beaver PB Milk Stout 6pk 16oz can,Craft,McDonald Distributing Co dba Clear River Beverage,19,3.8,4.9,11.39,15.99,,29,,19,38,Rosemount:3;Roseville:3;Blaine:3;Woodbury:4;Andover:6
Blue Moon White 19.2oz can,Single Serve,,78,3.8,20.6,2.26,3.49,,35,,18,41,St. Louis Park:24;Andover:25;Blaine:29
Schell's Sampler 2024 12pk 12oz can,Craft,,30,3.8,7.8,14.25,18.99,,25,,17,47,Chanhassen:2;Vadnais Heights:5;Plymouth:6;Cottage Grove:6;St. Louis Park:11
Athletic Paloma NA 4pk 12oz can,Craft,Dahlheimer Beverage Monticello,25,3.8,6.6,8.51,12.99,10.96,35,,15,54,Rosemount:1;Blaine:2;St. Louis Park:2;Bloomington:5;Roseville:5;Andover:10
Minneapolis Cider Trail Magic Half & Half 8.0% 4pk 12oz can,RTD,"Hohensteins, Inc.",38,3.8,10.1,10.13,13.99,12.96,28,,22,22,Minneapolis:38
Fulton Sweet Child of Vine 6pk 12oz can,Craft,,18,3.8,4.7,7.5,10.99,,32,,16,51,Osseo:1;Vadnais Heights:2;Roseville:2;St. Louis Park:2;Rosemount:3;Blaine:3;Plymouth:5
Bikini Island Nuclear Pineapple 12pk 12oz can,RTD,"Breakthru Beverage Minnesota Beer, LLC",-5,3.8,-1.3,4.0,7.99,6.96,50,,6,95,
Wild State Imperial Hazy Honeycrisp 19.2oz can,Single Serve,"Capitol Beverage Sales, L.P.",40,3.7,10.8,2.7,3.99,,32,,17,42,Woodbury:3;Plymouth:10;Minnetonka:11;St. Louis Park:18
Pilsner Urquell 6pk 12oz btl,Import,,36,3.7,9.6,8.1,12.99,,38,,17,44,Blaine:1;Roseville:1;Minnetonka:2;St. Louis Park:2;Bloomington:10;Minneapolis:20
Portage Coffeecake Blonde Ale  4pk 16oz can,Craft,Portage Brewing Company,21,3.7,5.6,10.5,16.99,,38,,16,48,Andover:3;Ramsey:6;Blaine:12
Doogie McShanks Lemonade Tea 4pk 12oz can,RTD,Small Lot MN,153,3.7,41.2,8.67,14.99,13.96,42,,17,41,Roseville:1;Andover:1;Minnetonka:2;Chanhassen:7;Stillwater:9;Ramsey:10;Rosemount:11;St. Louis Park:11;Woodbury:16;Plymouth:17;Minneapolis:17;Cottage Grove:19;Blaine:32
Arnold Palmer Spiked 6pk 12oz can,FMB,,26,3.7,7.0,7.12,11.99,,41,,16,48,St. Louis Park:1;Rosemount:5;Woodbury:5;Minneapolis:5;Bloomington:10
Venn Pilsner 4pk 16oz can,Craft,Venn Brewing Co.,12,3.7,3.3,8.04,11.99,,33,,12,64,Roseville:5;Plymouth:8
Miller High Life Light 12pk 12oz btl,Below Premium,Bernicks,22,3.7,5.9,10.13,13.99,,28,,15,52,Ramsey:1;Osseo:2;Andover:3;Blaine:4;Cottage Grove:12
Four Loko - Watermelon 23oz can,Single Serve,,31,3.7,8.4,1.95,3.49,,44,,16,46,Andover:2;Minneapolis:37
Elm Creek Sustained Illusion 4pk 16oz can,Craft,,55,3.7,14.7,10.63,15.99,,34,,16,48,Roseville:1;Rosemount:2;Blaine:2;Andover:7;Cottage Grove:9;Chanhassen:11;Woodbury:11;Ramsey:12
Bud Light Rita Strawberry 12pk 8oz can,FMB,,30,3.7,8.2,8.18,11.99,,32,,15,50,Osseo:5;Andover:8;Blaine:17
Leinenkugel's Sum Shandy 6pk 12oz can,Craft,,9,3.7,2.4,7.28,10.99,,34,,17,43,Ramsey:1;Minneapolis:8
Sun Cruiser Vodka Variety 12pk 12oz can,RTD,"Breakthru Beverage Minnesota Beer, LLC",9,3.6,2.5,21.0,30.99,,32,,19,31,Andover:3;Blaine:6
Coors Banquet 24pk 12oz btl,Premium,,36,3.6,10.0,20.23,25.99,,22,,14,53,Osseo:1;Rosemount:1;Plymouth:6;Woodbury:6;Bloomington:7;Cottage Grove:7;Ramsey:8
Deschutes N/A Black Butte Porter 6pk 12oz can,Craft,Dahlheimer Beverage Monticello,15,3.6,4.1,7.73,10.99,,30,,15,49,Stillwater:1;Vadnais Heights:1;Andover:2;Rosemount:2;Chanhassen:4;Blaine:6
Inbound Hazy Shades IPA 4pk 16oz can,Craft,,56,3.6,15.4,8.11,11.99,,32,,14,54,Woodbury:2;Bloomington:7;Rosemount:8;Roseville:9;St. Louis Park:34
Lagunitas Hazy IPNA 6pk 12oz can,Craft,,37,3.6,10.4,6.75,12.99,10.96,48,,15,47,Minneapolis:2;Chanhassen:3;St. Louis Park:4;Roseville:5;Woodbury:6;Rosemount:7;Bloomington:10
Peroni 0.0 N/A 6pk 12oz btl,Import,,19,3.6,5.3,8.5,11.99,,29,,14,53,Minnetonka:1;St. Louis Park:4;Plymouth:5;Blaine:7;Cottage Grove:2
Steel Reserve 12pk 12oz can,Economy,,17,3.6,4.7,8.4,11.99,,30,,16,45,Osseo:4;Blaine:6;Roseville:3;Bloomington:4
Carbliss Kiwi Strawberry 19.2oz can,FMB,"Capitol Beverage Sales, L.P.",50,3.6,13.8,2.45,3.99,3.46,39,,21,22,Andover:7;Ramsey:8;Blaine:13;Minneapolis:22
Left Hand PB Milk Stout Nitro 6 Pack 6pk 12oz btl,Craft,"Hohensteins, Inc.",6,3.6,1.7,10.0,14.99,,33,,17,40,Roseville:1;Blaine:1;Cottage Grove:2;Woodbury:2
Sinless Cranberry 4pk 12oz can,RTD,,66,3.6,18.4,7.56,12.99,10.96,42,,13,57,Bloomington:14;Rosemount:3;Minneapolis:10;Woodbury:19;Blaine:20
Sierra Nevada Seasonal 6pk 12oz can,Craft,,29,3.6,8.0,8.33,11.99,,31,,19,31,Blaine:1;Minnetonka:5;Vadnais Heights:10;Rosemount:20
Monaco Peach Lemonade 12oz can,Single Serve,"Breakthru Beverage Minnesota Wine & Spirits, LLC",20,3.6,5.6,1.99,3.49,2.96,43,net down pricing,17,38,Roseville:1;St. Louis Park:2;Ramsey:3;Plymouth:14
The Finnish Long Drink Strong 6pk 12oz can,RTD,Southern Glazer's Wine & Spirits of MN,15,3.6,4.2,11.92,23.99,19.96,50,,17,39,Chanhassen:1;Woodbury:1;Ramsey:2;Plymouth:3;Vadnais Heights:3;Andover:4;Cottage Grove:5
3 Floyds Zombie Dust  19.2oz can,Single Serve,,43,3.6,12.0,2.79,3.99,,30,,15,48,Andover:2;St. Louis Park:10;Vadnais Heights:15;Cottage Grove:16
Miller High Life 24oz can,Single Serve,,32,3.5,9.2,1.54,3.39,,55,,14,49,Cottage Grove:15;Woodbury:17
Blackstack Double Local Drops 4pk 16oz can,Craft,Artisan Beer,-12,3.5,-3.4,15.38,21.99,,30,,4,96,
Doogie McShanks Bootleg 4pk 12oz can,RTD,Small Lot MN,165,3.5,46.5,8.67,14.99,13.96,42,,16,42,Minnetonka:5;Stillwater:5;Plymouth:6;Roseville:7;Chanhassen:8;Osseo:9;Ramsey:10;St. Louis Park:11;Cottage Grove:12;Minneapolis:17;Vadnais Heights:21;Woodbury:21;Blaine:33
Coronado Hazy Weekend IPA 6pk 16oz can,Craft,McDonald Distributing Co dba Clear River Beverage,20,3.5,5.8,11.78,16.99,,31,,15,44,Roseville:3;Blaine:3;St. Louis Park:5;Andover:9
Elm Creek Rare Candy - BRS 4pk 16oz can,Craft,Elm Creek Brewing Company,13,3.5,3.7,13.69,19.99,,31,,15,44,Roseville:1;Woodbury:1;Ramsey:3;Blaine:3;Bloomington:4;Andover:4;Chanhassen:5;Cottage Grove:9
Pabst Light 6pk 16oz can,Craft,,12,3.5,3.4,4.65,6.99,,33,,14,49,Minneapolis:12
Modist Supra Delux Sea Salt Lime 19.2oz can,Single Serve,Modist Brewing Company,51,3.5,14.5,1.79,3.49,,49,,16,41,St. Louis Park:2;Roseville:7;Woodbury:13;Minneapolis:14;Rosemount:15
Paulaner Salvator 6pk 11oz btl,Import,,22,3.5,6.3,10.53,13.99,,25,,17,36,Vadnais Heights:5;Andover:6;Woodbury:3;Plymouth:4;Rosemount:4
Tucher Festbier 4pk 16oz can,Import,,-73,3.5,-20.6,9.3,12.99,,28,,20,24,
Miller Genuine Draft 12pk 12oz can,Premium,Bernicks,58,3.5,16.6,11.24,14.99,,25,,15,45,St. Louis Park:4;Blaine:4;Bloomington:6;Andover:7;Stillwater:8;Roseville:14;Ramsey:15
Deschutes Fresh Haze 6pk 12oz can,Craft,,13,3.4,3.8,7.7,10.99,,30,,15,43,St. Louis Park:4;Minneapolis:9
Leffe Blonde Belgian 6pk 12oz btl,Import,,19,3.4,5.6,7.86,11.99,,34,,15,42,Osseo:7;St. Louis Park:1;Minnetonka:5;Rosemount:6
Dos Equis Ambar 6pk 12oz btl,Import,"Breakthru Beverage Minnesota Beer, LLC",39,3.4,11.4,7.39,10.99,,33,,13,51,Andover:1;Ramsey:2;Stillwater:2;Blaine:3;Cottage Grove:4;Bloomington:6;Vadnais Heights:10;Woodbury:11
BlackStack Shipping Delays 4pk 16oz can,Micro Brews,Artisan Beer,0,3.4,0.0,12.18,17.99,,32,,7,78,
Surly Outlook Good N/A 6pk 12oz can,Craft,,26,3.4,7.7,8.46,14.99,12.96,44,,12,54,Roseville:1;St. Louis Park:1;Minnetonka:1;Vadnais Heights:2;Rosemount:3;Woodbury:6;Ramsey:3;Andover:4;Plymouth:5
Nutrl Black Cherry 4pk 12oz can,RTD,,27,3.4,8.0,7.48,11.99,,38,,14,45,Bloomington:8;Andover:10;Rosemount:5;Cottage Grove:6
2 Towns Brightcider 6pk 12oz can,Cider,2 Towns,16,3.4,4.7,9.09,13.99,,35,,17,32,Roseville:5;Blaine:5;Vadnais Heights:6
Ursa Minor Harbor Kolsch 4pk 16oz can,Craft,,34,3.4,10.0,9.22,12.99,,29,,12,55,Blaine:2;Plymouth:3;Andover:8;Bloomington:2;Rosemount:4;Minnetonka:7;St. Louis Park:8
Nutrl Strawberry 4pk 12oz can,RTD,,34,3.4,10.0,7.56,11.99,,37,,13,51,Andover:5;Bloomington:7;Woodbury:11;St. Louis Park:2;Rosemount:5;Stillwater:6
Back Channel Brewing Dunzo 4pk 16oz can,Craft,,14,3.3,4.3,11.87,17.99,,34,,15,37,Blaine:7;Woodbury:9
Surfside Lemonade 19.2oz can,Single Serve,"Capitol Beverage Sales, L.P.",20,3.3,6.0,3.14,3.49,,10,,11,58,Minnetonka:6;Andover:6;St. Louis Park:7;Vadnais Heights:13
Moose Lake Oktoberfest,Craft,,36,3.3,11.0,12.0,17.99,,33,,19,20,Woodbury:6;Roseville:13;Chanhassen:1;Rosemount:16
3 Floyds Zombie Dust 6pk 12oz can,Craft,,36,3.3,10.9,9.97,12.99,,23,,13,48,Minnetonka:3;Roseville:4;Vadnais Heights:5;St. Louis Park:6;Blaine:14;Rosemount:4
Guinness Extra Stout 22oz btl,Single Serve,,36,3.3,10.9,2.32,3.99,,42,,12,52,Andover:1;Bloomington:7;St. Louis Park:13;Minneapolis:15
Goose Island Big Juicy Beer Hug 19.2oz can,Single Serve,,51,3.3,15.5,2.19,3.99,,45,,13,47,Cottage Grove:1;Roseville:9;St. Louis Park:9;Bloomington:16;Ramsey:16
Left Hand Milk Stout Nitro 6pk 12oz btl,Craft,,23,3.3,7.0,10.5,14.99,,30,,16,34,Osseo:5;Roseville:2;Chanhassen:2;Rosemount:3;Blaine:3;Cottage Grove:3;Plymouth:5
Grain Belt Premium Light 24pk 12oz can,Premium,,5,3.3,1.5,20.0,22.99,,13,,12,53,Andover:1;Blaine:4
Schilling London Dry 6pk 12oz can,Cider,,7,3.3,2.1,9.75,13.99,,30,,17,30,Roseville:1;St. Louis Park:1;Blaine:5
AleSmith Nut Brown 6pk 12oz can,Craft,,43,3.3,13.2,9.0,12.99,,31,,14,42,Ramsey:2;Cottage Grove:4;Andover:4;St. Louis Park:5;Vadnais Heights:6;Roseville:10;Rosemount:12
Toppling Goliath Pseudo Sue N/A 6pk 12oz can,Craft,Artisan Beer,5,3.3,1.5,10.0,14.99,,33,,17,31,Vadnais Heights:1;Roseville:2;Woodbury:2
Modelo Chelada Suprema Mangonada 24oz can,Import,"Breakthru Beverage Minnesota Beer, LLC",45,3.3,13.6,2.35,3.49,,33,,13,48,Minneapolis:17;Woodbury:28
Unmapped Adrift Hazy IPA 4pk 16oz can,Craft,"Unmapped Brewing Company, LLC",2,3.3,0.6,10.33,14.99,,31,,12,51,St. Louis Park:2
Twisted Tea 4pk 16oz can,RTD,Dahlheimer Beverage Monticello,15,3.3,4.5,5.92,7.99,,26,,15,39,Cottage Grove:2;Blaine:5;Minneapolis:8
Pryes Glamorama IPA 4pk 16oz can,Craft,"Pryes Brewing Company, LLC",40,3.3,12.0,10.44,17.49,14.96,40,,13,49,Rosemount:2;Roseville:4;Vadnais Heights:5;Stillwater:7;St. Louis Park:7;Woodbury:15
Spiral Brewing Townie 4pk 16oz can,Craft,,9,3.3,2.7,9.56,11.99,,20,,16,34,Woodbury:1;Cottage Grove:4;Plymouth:6;Rosemount:10
Lift Bridge Farm Day 6pk 12oz can,Craft,Dahlheimer Beverage Monticello,16,3.3,4.8,8.47,12.99,,35,,13,49,Vadnais Heights:1;Plymouth:3;Woodbury:6;Stillwater:6
Stone IPA 6pk 12oz can,Craft,,10,3.3,3.0,8.64,12.49,,31,,17,29,St. Louis Park:4;Woodbury:6
Modelo 24oz btl,Single Serve,,-24,3.3,-7.3,2.27,3.49,,35,,18,24,
"Elm Creek Brewing Rare Candy Raspberry, Mango, Passionfruit 4pk 16oz can",Craft,Dahlheimer Beverage Monticello,16,3.2,5.0,13.83,18.99,,27,,17,26,St. Louis Park:1;Roseville:2;Woodbury:6;Vadnais Heights:7
Headflyer Gold Medal Lager 4pk 16oz can,Craft,,-24,3.2,-7.6,8.39,12.99,,35,,17,25,
Cutwater Spicy Mango Margatira 12oz can,Single Serve,Single Can,0,3.2,0.0,2.46,4.49,3.96,45,,11,54,
Monaco Grapefruit Crush Vodka Cocktail 12 oz can / D 750ml,Single Serve,,39,3.2,12.1,1.85,3.49,2.96,47,,15,36,Chanhassen:4;St. Louis Park:9;Woodbury:26
Heineken 24pk 12oz can,Import,"Breakthru Beverage Minnesota Beer, LLC",2,3.2,0.6,23.8,35.49,29.96,33,,13,43,Blaine:2
Athletic Fruited Radler N/A 12pk 12oz can,Craft,"Breakthru Beverage Minnesota Beer, LLC",51,3.2,16.2,13.55,18.99,,29,,13,43,Plymouth:1;Andover:2;St. Louis Park:5;Cottage Grove:12;Woodbury:15;Blaine:16
Downeast Cider Seasonal 12pk 12oz can,Cider,Dahlheimer Beverage Monticello,25,3.2,7.8,14.78,22.99,19.96,36,,13,45,Plymouth:2;Blaine:8;Andover:15
Schilling Hard Cider Variety Pack 12pk 12oz can,Cider,,33,3.2,10.3,17.83,24.99,,29,,14,40,Minnetonka:1;Andover:4;Chanhassen:5;St. Louis Park:5;Rosemount:8;Blaine:10
Fulton 300 IPA 12pk 12oz can,Craft,"Hohensteins, Inc.",47,3.1,15.3,13.68,18.99,,28,,11,49,Roseville:1;Blaine:2;Vadnais Heights:3;Plymouth:5;St. Louis Park:5;Andover:10;Woodbury:10;Osseo:11
Great Lakes Seasonal 6pk 12oz can,Craft,"Hohensteins, Inc.",42,3.1,13.7,7.52,10.99,,32,,17,22,Chanhassen:1;Cottage Grove:2;Woodbury:3;Blaine:5;Andover:11;Rosemount:20
Urban Growler Urban Haze Hazy IPA Vol 7 4pk 16oz can,Craft,Urban Growler Brewing Company,20,3.1,6.4,10.99,15.99,,31,,13,42,Rosemount:2;Roseville:3;Vadnais Heights:4;Plymouth:8;Chanhassen:9
Leinenkugel's Berry Weiss 6pk 12oz btl,Craft,Bernicks,14,3.1,4.5,7.71,10.99,,30,,12,45,Andover:1;Stillwater:1;Cottage Grove:4;Bloomington:8
Junkyard Country Toad 4pk 16oz can,Craft,Junkyard Brewing Company,0,3.1,0.0,12.0,16.99,,29,,18,18,
Headflyer Wicked Fast Ball 4pk 16oz can,Craft,,43,3.1,13.8,9.31,12.99,,28,,11,51,Rosemount:1;Blaine:3;St. Louis Park:3;Plymouth:5;Vadnais Heights:16;Roseville:5;Bloomington:10
Bell's Hazy Hearted IPA 12pk 12oz can,Craft,Dahlheimer Beverage Monticello,42,3.1,13.7,15.2,22.49,18.96,32,,13,40,Bloomington:2;St. Louis Park:3;Stillwater:3;Plymouth:7;Rosemount:9;Chanhassen:18
Labatt Blue Light 15pk 12oz can,Import,,34,3.1,10.9,11.82,16.99,,30,,14,37,Blaine:5;Rosemount:1;St. Louis Park:2;Vadnais Heights:6;Woodbury:9;Bloomington:11
Dos Equis Lager Especial 4pk 16oz can,Import,"Breakthru Beverage Minnesota Beer, LLC",26,3.1,8.4,5.27,7.99,,34,,14,37,Bloomington:6;Cottage Grove:6;Minnetonka:7;Roseville:7
Fulton Oktoberfest 12pk 12oz can,Craft,,22,3.1,7.1,13.6,20.99,17.96,35,,18,18,Andover:12;Blaine:4;Woodbury:6
Venn Brewing Tropicopia Hazy DIPA 4pk 16oz can,Craft,Venn Brewing Co.,23,3.1,7.4,11.43,16.99,,33,,11,50,Osseo:3;Roseville:6;Rosemount:7;Woodbury:7
Cayman Jack Sweet Heat Variety 12pk 12oz can,FMB,,65,3.1,20.8,13.26,22.49,18.96,41,,13,42,Osseo:3;Stillwater:4;Andover:6;Blaine:15;St. Louis Park:4;Minneapolis:33
MOM WATER SQUAD VARIETY PACK 8pk 12oz can,RTD,,33,3.1,10.5,16.0,24.99,,36,,12,47,Bloomington:3;Minnetonka:3;Plymouth:4;Minneapolis:10;Andover:13
Clubtails Long Island Iced Tea 24oz can,Single Serve,"Breakthru Beverage Minnesota Beer, LLC",22,3.1,7.1,2.15,2.99,,28,,14,37,Minneapolis:22
Downeast Cider Original 12pk 12oz can,Cider,Dahlheimer Beverage Monticello,42,3.1,13.6,14.6,22.99,19.96,36,,12,45,Ramsey:10;Andover:13;Blaine:19
White Claw Surge Lime 19.2oz can,Single Serve,,46,3.1,15.0,2.33,3.79,,38,,9,58,Blaine:6;Ramsey:14;Andover:26
Zing Zang RTD Bloody Mary 4pk 12oz can,RTD,Phillips Wine & Spirits - St. Paul,30,3.1,9.6,9.33,14.99,12.96,38,1 BMM 1.75 free on 10 mix & match,16,28,Cottage Grove:1;Bloomington:3;Chanhassen:3;Andover:3;Blaine:3;Woodbury:4;Minnetonka:5;Minneapolis:6;St. Louis Park:6
Pryes Course Correct Hazy 12pk 12oz can,Craft,"Pryes Brewing Company, LLC",14,3.1,4.5,10.71,22.49,16.96,52,,14,38,Woodbury:1;Vadnais Heights:1;Roseville:3;Minneapolis:9
Corona Extra 18pk 12oz btl,Import,"Breakthru Beverage Minnesota Beer, LLC",9,3.1,2.9,19.2,24.99,,23,,13,42,Cottage Grove:9
New Belgium VooDoo Ranger Sweet Ride 6pk 12oz can,Craft,"Breakthru Beverage Minnesota Beer, LLC",38,3.1,12.3,8.45,11.99,,30,,9,59,Cottage Grove:2;Rosemount:3;Chanhassen:4;Plymouth:4;Roseville:4;Blaine:4;St. Louis Park:4;Vadnais Heights:5;Andover:8
Michelob Amber Bock 6pk 12oz btl,Super Premium,,28,3.1,8.9,7.4,10.99,,33,,14,38,Blaine:5;Andover:7;Vadnais Heights:7;Rosemount:9
Newcastle Brown Ale 6pk 12oz btl,Import,,19,3.1,6.1,7.37,10.99,,33,,12,46,Ramsey:2;Bloomington:5;Woodbury:6;Cottage Grove:7
Lagunitas Hoppy Refresher 4pk 12oz btl,Craft,"Hohensteins, Inc.",37,3.1,12.0,4.34,6.49,5.96,33,,13,41,Andover:1;Roseville:1;Woodbury:2;Rosemount:4;Stillwater:4;Blaine:9;Osseo:16
White Claw 0.0 Black Cherry 6pk 12oz can,Seltzer,Dahlheimer Beverage Monticello,-1,3.0,-0.3,7.83,12.49,10.96,37,,12,44,
Sierra Nevada Trail Pass Golden N/A 6pk 12oz can,Craft,,11,3.0,3.7,8.45,12.49,10.96,32,,11,46,Roseville:1;Rosemount:3;Minnetonka:4;St. Louis Park:5;Woodbury:5
Smirnoff Ice Strawberry 6pk 12oz btl,Malternatives,Bernicks,28,3.0,9.2,7.32,10.99,,33,,14,35,Stillwater:1;Rosemount:3;Minneapolis:24
Smirnoff Ice Smash Strawberry 24oz can,Single Serve,"Breakthru Beverage Minnesota Beer, LLC",54,3.0,17.7,2.27,3.99,,43,,14,35,Bloomington:19;Minneapolis:35
Two Chicks Lemon Strawberry Kiss 4pk 12oz can,RTD,Phillips Wine & Spirits - St. Paul,57,3.0,19.1,7.35,12.99,10.96,43,3 free on 20,12,42,Rosemount:2;Woodbury:2;Minnetonka:3;Stillwater:5;Andover:6;Osseo:6;Roseville:6;Vadnais Heights:6;Plymouth:6;Minneapolis:15
Pizza Port Swami's IPA 6pk 16oz can,Craft,McDonald Distributing Co dba Clear River Beverage,25,3.0,8.4,11.83,15.99,,26,,13,37,Roseville:1;Blaine:3;Plymouth:4;St. Louis Park:4;Andover:6;Ramsey:7
Twisted Tea Extreme Tropical Peach 24oz can,Single Serve,"Breakthru Beverage Minnesota Beer, LLC",61,3.0,20.0,2.35,3.99,,41,,12,44,Woodbury:29;Minneapolis:32
Dos Equis Ambar 12pk 12oz btl,Import,"Breakthru Beverage Minnesota Beer, LLC",61,3.0,20.2,13.0,20.99,17.96,38,,12,43,Minnetonka:2;Ramsey:2;Bloomington:3;Blaine:4;St. Louis Park:4;Cottage Grove:5;Vadnais Heights:9;Rosemount:14;Andover:19
New Belgium Fat Tire 6pk 12oz can,Craft,"Breakthru Beverage Minnesota Beer, LLC",15,3.0,4.9,7.7,10.99,,30,,12,44,Cottage Grove:1;St. Louis Park:1;Rosemount:2;Minnetonka:5;Stillwater:6
Tucher Helles Lager 4pk 17oz can,Import,,39,3.0,13.0,9.98,12.99,,23,,13,38,Chanhassen:2;Cottage Grove:4;St. Louis Park:6;Woodbury:8;Blaine:8;Vadnais Heights:11
Keystone ice 30pk 12oz can,Craft,Dahlheimer Beverage Monticello,20,3.0,6.7,18.21,25.99,,30,,17,20,Minneapolis:20
Athletic Moscow Mule NA 4pk 12oz can,Craft,Dahlheimer Beverage Monticello,30,3.0,9.9,8.51,12.99,10.96,35,,12,43,Rosemount:1;Plymouth:1;St. Louis Park:3;Bloomington:4;Woodbury:4;Blaine:4;Roseville:4;Andover:9
Bikini Island Blue Razz 12pk 12oz can,RTD,"Breakthru Beverage Minnesota Beer, LLC",4,3.0,1.4,4.0,7.99,6.96,50,,2,86,Minneapolis:4
Kiran Ichiban 19.2oz can,Single Serve,"Breakthru Beverage Minnesota Beer, LLC",3,3.0,1.0,1.92,2.99,,36,,15,30,St. Louis Park:3
Utepils Ewald the Golden Hefe 4pk 16oz can,Craft,,38,3.0,12.7,9.72,14.99,,35,,13,38,Blaine:5;Roseville:8;Ramsey:11;St. Louis Park:14
Clubtails Grape 24oz can,Single Serve,Dahlheimer Beverage Monticello,40,3.0,13.3,2.18,2.99,,27,,14,34,Ramsey:9;Minneapolis:31
Blue Moon Mango Wheat 6pk 12oz can,Craft,,23,3.0,7.5,7.68,10.99,,30,,10,53,St. Louis Park:6;Blaine:7;Bloomington:4;Stillwater:6
Cayman Jacks Zero Sugar Margarita Variety Pack 12pk 12oz can,FMB,,44,3.0,14.5,13.85,21.99,18.96,37,,7,66,Bloomington:1;Cottage Grove:1;Rosemount:6;Blaine:10;Andover:26
Land Shark Lager 12pk 12oz btl,Super Premium,,34,3.0,11.2,13.55,18.99,,29,,11,48,Andover:2;Plymouth:8;Ramsey:16;Cottage Grove:3;Rosemount:5
1911 Cider Black Cherry 4pk 16oz can,Cider,Artisan Beer,22,2.9,7.7,9.83,14.99,,34,,12,38,Chanhassen:1;Rosemount:3;St. Louis Park:3;Woodbury:4;Blaine:5;Cottage Grove:6
Moose Lake Red Axe Irish Ale 4pk 16oz can,Craft,Moose Lake Brewing Co.,40,2.9,13.8,8.67,13.99,,38,,11,44,Roseville:10;Rosemount:12;Woodbury:18
Odell Sippin' Pretty Fruited Sour 6pk 12oz can,Craft,,12,2.9,4.2,9.0,12.99,,31,,11,43,Osseo:1;St. Louis Park:3;Andover:4;Blaine:4
Warsteiner Oktoberfest 12pk 11oz Can,Import,,46,2.9,15.7,16.26,19.99,,19,,16,22,Rosemount:6;Roseville:16;St. Louis Park:6;Woodbury:18
Pryes Golden Ale 4pk 16oz can,Craft,"Pryes Brewing Company, LLC",33,2.9,11.2,7.33,12.49,10.96,41,,11,45,Roseville:3;Stillwater:6;Woodbury:7;Blaine:8;Vadnais Heights:9
1911 Cider Variety Pack 8pk 12oz can,Cider,Artisan Beer,23,2.9,8.0,14.4,20.99,,31,,13,34,St. Louis Park:1;Vadnais Heights:1;Chanhassen:3;Andover:4;Cottage Grove:4;Rosemount:4;Roseville:6
Barrel Theory Full Send 4pk 16oz can,Craft,Barrel Theory Beer Company,1,2.9,0.3,12.0,16.99,,29,,17,17,Woodbury:1
Surly Grapefruit Supreme 6pk 12oz can,Craft,,17,2.9,5.9,8.46,12.99,,35,,10,47,Stillwater:1;St. Louis Park:6;Minneapolis:7;Chanhassen:4
Hacker Pschorr Oktober 6pk 11oz btl,Import,,8,2.9,2.8,9.75,12.99,,25,,16,20,Rosemount:2;Woodbury:6
Unmapped Flannel Roots 4pk 12oz can,Craft,"Unmapped Brewing Company, LLC",17,2.9,5.9,9.27,13.99,,34,,16,20,Chanhassen:1;Roseville:2;St. Louis Park:7;Woodbury:7
Shiner Raspberry Shandy 12pk 12oz can,Craft,Dahlheimer Beverage Monticello,10,2.9,3.5,12.8,19.99,,36,,14,30,Blaine:10
Summit Twins PILS 12pk 12oz can,Craft,,12,2.9,4.1,13.2,19.99,16.96,34,,4,75,Vadnais Heights:1;Minneapolis:3;Roseville:4;Plymouth:2;Ramsey:6
Loon Juice Pineapple Haze 6pk 12oz can,Cider,,11,2.9,3.8,9.73,14.99,12.96,35,,14,31,Osseo:3;Woodbury:2;Rosemount:6
Keepsake Farmhouse Organic Semi-Sweet Cider 750ml,Cider,"New France Wine Co, Inc",27,2.9,9.3,11.54,18.99,15.96,39,Case 1,16,21,Blaine:3;Roseville:7;St. Louis Park:7;Bloomington:10
Monaco Sun Crush 4pk 12oz can,RTD,"Breakthru Beverage Minnesota Wine & Spirits, LLC",46,2.9,15.8,7.77,12.49,10.96,38,net down pricing,11,44,Chanhassen:5;St. Louis Park:5;Vadnais Heights:6;Ramsey:15;Roseville:15
Fair State Pils 6pk 12oz can,Craft,"Capitol Beverage Sales, L.P.",-19,2.8,-6.7,9.0,12.99,,31,,11,41,Roseville:2
Cayman Jack Zero Margarita 6pk 11oz btl,FMB,"Breakthru Beverage Minnesota Beer, LLC",25,2.8,9.0,7.55,11.99,,37,,10,44,Cottage Grove:1;Blaine:3;Vadnais Heights:4;Andover:7;Bloomington:10
Blacklist Tropic Haze NEIPA 6pk 12oz can,Craft,Bernicks,26,2.8,9.2,9.0,12.99,,31,,12,37,Woodbury:1;Rosemount:3;Roseville:3;Minnetonka:4;Vadnais Heights:4;St. Louis Park:5;Andover:6
Shiner Bock 6pk 12oz btl,Craft,,25,2.8,9.0,7.75,11.99,,35,,13,31,Plymouth:2;Blaine:10;Minnetonka:4;Rosemount:4;Vadnais Heights:5
Bent Paddle Black Ale 6pk 12oz can,Craft,Artisan Beer,17,2.8,6.1,9.22,13.99,,34,,12,35,Rosemount:3;Andover:4;Blaine:4;Roseville:6
Blue Moon White NA 12pk 12oz can,Craft,Dahlheimer Beverage Monticello,18,2.8,6.4,13.47,18.99,15.96,29,,11,41,Plymouth:1;Andover:1;Osseo:2;Blaine:14
Stone Delicious IPA 6pk 12oz can,Craft,,15,2.8,5.4,9.0,12.99,,31,,11,40,Chanhassen:2;St. Louis Park:3;Roseville:5;Vadnais Heights:7
Modelito 24pk 7oz btl,Import,,37,2.8,13.1,19.16,24.99,,23,,12,37,Ramsey:3;Roseville:4;Bloomington:7;Blaine:8;Andover:15
Sapporo 22oz can,Single Serve,"Breakthru Beverage Minnesota Beer, LLC",-16,2.8,-5.8,2.83,4.49,,37,,11,39,Plymouth:11
Keepsake Farmhouse Organic Dry Cider 750ml,Cider,"New France Wine Co, Inc",20,2.8,7.1,11.54,18.99,15.96,39,Case 1,14,28,Blaine:2;St. Louis Park:6;Roseville:12
Steel Toe Carbide IPA 6pk 12oz can,Craft,Steel Toe Brewing,16,2.8,5.8,10.0,14.99,,33,,13,30,Ramsey:1;Minnetonka:3;St. Louis Park:12
Modelo Chelada Fresa Picante 24oz can,Single Serve,,15,2.7,5.6,2.35,3.49,,33,,13,27,Minneapolis:7;St. Louis Park:9
Excelsior Big Island Blonde Ale  6pk 12oz can,Craft,,16,2.7,5.9,8.38,10.99,,24,,11,37,Roseville:3;St. Louis Park:3;Minnetonka:4;Chanhassen:6
Fair State Party Forward 6pk 12oz can,Craft,"Capitol Beverage Sales, L.P.",59,2.7,22.2,8.83,12.99,,32,,13,28,Minnetonka:2;Rosemount:4;St. Louis Park:4;Woodbury:9;Roseville:12;Osseo:12;Chanhassen:16
Miller Genuine Draft 24pk 12oz btl,Premium,Bernicks,14,2.7,5.1,20.09,25.99,,23,,12,34,Osseo:2;Andover:5;Blaine:8
Special Export 30pk 12oz can,Economy,,14,2.7,5.1,18.0,26.99,22.96,33,,11,38,Blaine:3;Andover:11
Sam Adams Just the Haze N/A 12pk 12oz can,Craft,,20,2.7,7.4,14.08,22.49,18.96,37,,11,37,Ramsey:1;Roseville:1;Cottage Grove:6;Blaine:11;Stillwater:5
Labatt Blue 24pk 12oz can,Import,"Breakthru Beverage Minnesota Beer, LLC",23,2.7,8.6,21.3,25.99,,18,,11,36,Roseville:1;Blaine:3;Stillwater:3;Osseo:4;Ramsey:4;Chanhassen:8
Leinenkugel's Viktor's Voyage Ale 19oz can,Craft,"Breakthru Beverage Minnesota Beer, LLC",16,2.7,5.9,2.23,3.46,,35,,15,20,Woodbury:6;Cottage Grove:10
2 Towns Blueberry Cosmic Crisp 6pk 12oz can,Cider,2 Towns,29,2.7,10.7,10.13,13.99,,28,,11,38,Andover:3;Roseville:5;Rosemount:7;Woodbury:7;Blaine:8
Bud Light 8pk 16oz can,Premium,,10,2.7,3.8,7.2,10.99,,34,,11,36,Blaine:10
Junkyard Junktoberfest 4pk 16oz can,Craft,Junkyard Brewing Company,7,2.7,2.6,9.83,13.99,,30,,15,20,St. Louis Park:3;Rosemount:4
Abomination Juice Monster Hazy IPA 4pk 16oz can,Craft,McDonald Distributing Co dba Clear River Beverage,8,2.7,3.0,9.17,12.99,,29,,13,28,Andover:3;Osseo:5
Killians Irish Red 12pk 12oz btl,Premium,"Breakthru Beverage Minnesota Beer, LLC",31,2.7,11.7,12.54,17.99,,30,,9,45,Blaine:2;Rosemount:4;Andover:4;Woodbury:9;Cottage Grove:12
Odell Myrcenary 6pk 12oz can,Craft,"Capitol Beverage Sales, L.P.",1,2.7,0.4,12.0,17.99,,33,,12,32,Blaine:2
Bell's Oktoberfest 12pk 12oz can,Micro Brews,Dahlheimer Beverage Monticello,0,2.7,0.0,15.15,17.99,,16,,14,24,
Garage Beer Light 12pk 12oz can,Premium,"College City Beverage, Inc.",28,2.7,10.5,12.41,17.49,14.96,29,,9,45,Chanhassen:2;Bloomington:2;Rosemount:3;Cottage Grove:10;Andover:11
Elm Creek Bottom Dollar 4pk 16oz can,Craft,,54,2.7,20.1,10.72,15.99,,33,,13,28,Blaine:3;Roseville:5;Vadnais Heights:7;Cottage Grove:8;Woodbury:8;St. Louis Park:8;Rosemount:15
Pryes Barrel Carving 4pk 16oz can,Craft,"Pryes Brewing Company, LLC",21,2.7,7.7,22.17,32.99,,33,,16,16,Roseville:1;Blaine:2;Rosemount:3;St. Louis Park:5;Woodbury:10
Excelsior Oktoberfest,Micro Brews,,-42,2.7,-15.8,8.38,11.99,,30,,15,18,
Luce Line Money Trees 4pk 16oz can,Craft,Luce Line Brewing,10,2.7,3.7,14.17,19.99,,29,,8,52,Minnetonka:2;Chanhassen:8
Venn Basic Decency APA with Citra 4pk 16oz can,Craft,Venn Brewing Co.,24,2.7,8.8,7.99,11.99,,33,,11,38,Vadnais Heights:1;Cottage Grove:5;Roseville:5;St. Louis Park:6;Woodbury:7
Milwaukee's Best Light 30pk 12oz can,Economy,,-1,2.7,-0.4,17.92,22.99,,22,,12,33,Blaine:3
Belching Beaver Phantom Bride 19.2oz can,Single Serve,,40,2.7,15.0,2.9,3.49,,17,,12,32,Ramsey:1;Roseville:11;Vadnais Heights:13;Andover:15
Modist Supra Light 12pk 12oz can,Craft,,17,2.7,6.3,10.75,15.99,14.96,33,,12,33,Roseville:4;Woodbury:13
Modist Pineapple Dreamyard Fruited Hazy IPA 4pk 16oz can,Craft,Modist Brewing Company,4,2.6,1.5,11.01,15.99,,31,,6,58,Blaine:1;Rosemount:3
Good Boy Citrus Circus Vodka seltzer 4pk 12oz can,FMB,,5,2.6,2.0,8.62,12.49,10.96,31,,12,28,Blaine:5
Steel Reserve Spiked Blue Razz 24oz can,Single Serve,,37,2.6,14.4,1.62,2.99,,46,,13,24,Ramsey:3;Andover:10;Minneapolis:24
Bud Ice 25oz can,Single Serve,"Capitol Beverage Sales, L.P.",68,2.6,26.2,1.46,2.49,,41,,13,25,Vadnais Heights:19;Andover:49
Sun Cruiser Vodka Iced Tea Variety 12pk 12oz can,RTD,"Breakthru Beverage Minnesota Beer, LLC",24,2.6,9.1,19.8,30.99,,36,,13,26,Andover:4;Blaine:6;St. Louis Park:14
"Monaco Vodka Knockout Punch 12oz can

",Single Serve,"Breakthru Beverage Minnesota Wine & Spirits, LLC",16,2.6,6.2,2.02,3.49,2.96,42,,10,38,St. Louis Park:1;Woodbury:7;Minnetonka:10
NOCA Too Turnt Tea 12pk 12oz can,Seltzer,,37,2.6,14.5,13.67,19.99,,32,,12,28,Bloomington:7;Minneapolis:8;Blaine:11;Andover:11
Schell's Harvest Sampler 12pk 12oz can,Craft,,33,2.6,12.9,13.28,18.99,,30,,15,15,Woodbury:7;Andover:8;Minneapolis:9;Roseville:9
Carbliss Black Cherry 19.2oz can,FMB,"Capitol Beverage Sales, L.P.",56,2.6,21.6,2.45,3.99,3.46,38,,15,16,Andover:11;Ramsey:11;Blaine:14;Minneapolis:20
Drekker Prrrt Series 4pk 16oz can,Craft,,-44,2.6,-17.2,16.87,23.99,,30,,8,46,Roseville:2;Bloomington:3
White Claw Peach NA 6pk 12oz can,Craft,Dahlheimer Beverage Monticello,15,2.6,5.8,7.76,12.99,10.96,40,,13,24,Andover:1;Woodbury:7;Blaine:7
Inbound Fruit of the Loop 4pk 16oz can,Craft,,12,2.6,4.6,8.12,12.99,,37,,11,35,Andover:2;Cottage Grove:6;St. Louis Park:7;Rosemount:7
Alaskan Amber 6pk 12oz can,Craft,,24,2.6,9.2,7.32,9.99,,27,,7,52,Rosemount:4;Bloomington:6;Cottage Grove:14
Insight True Nord 4pk 16oz can,Craft,Insight Brewing Company (D),10,2.6,3.8,9.44,12.99,,27,,8,48,St. Louis Park:2;Roseville:3;Woodbury:5
Lagunitas Hazicus Maximus Hazy IPA 19.2oz can,Single Serve,"Hohensteins, Inc.",20,2.6,7.8,1.92,3.49,,45,,11,33,Woodbury:3;Rosemount:4;Roseville:4;Cottage Grove:9
Urban Growler Beaver Fever 4pk 16oz can,Craft,Urban Growler Brewing Company,30,2.6,11.5,8.04,11.99,,33,,12,30,Blaine:1;Roseville:4;Minneapolis:7;Chanhassen:8;Woodbury:10
New Belgium Voodoo Hard Tea Peach 24oz can,Single Serve,,32,2.6,12.5,2.35,3.99,,41,,7,51,St. Louis Park:1;Vadnais Heights:2;Minneapolis:5;Roseville:7;Cottage Grove:8;Rosemount:9
Insight Audio Visual 4pk 16oz can,Craft,Insight Brewing Company (D),-3,2.6,-1.2,11.41,16.99,,33,,15,15,St. Louis Park:2
Metronome Can-Can Kolsch 4pk 16oz can,Craft,MetroNOME Brewery,23,2.6,8.9,8.19,12.99,10.96,37,,11,34,Rosemount:1;St. Louis Park:1;Andover:2;Plymouth:9;Woodbury:12
Milk & Honey Alchemy Ice Cider 375ml,Single Serve,,55,2.6,21.3,16.0,22.99,,30,,12,29,Minnetonka:7;Roseville:8;Andover:18;Blaine:22
Michelob Ultra Pure Gold 12pk 12oz can,Super Premium,,23,2.6,8.9,13.91,18.99,,27,,11,34,Bloomington:5;Roseville:5;Blaine:5;Rosemount:8
21st Amendment Blood Orange 6pk 12oz can,Craft,"Hohensteins, Inc.",8,2.5,3.2,7.68,9.99,,23,,13,21,Roseville:1;Cottage Grove:3;Woodbury:4
Southern Tier Maple Warlock 4pk 12oz btl,Craft,"Hohensteins, Inc.",-17,2.5,-6.8,11.2,15.99,,30,,14,17,
Firestone Walker 805 Blonde Ale 24oz can,Single Serve,Artisan Beer,24,2.5,9.6,2.25,3.99,3.46,44,,13,22,Bloomington:3;Woodbury:5;Rosemount:16
Simply Spiked Bold Lemonade 24oz can,Single Serve,,58,2.5,23.2,2.49,3.99,,38,,9,40,Andover:3;Ramsey:8;Plymouth:10;Bloomington:15;Blaine:22
Modelo Chelada Suprema Tropical 24oz can,Import,"Breakthru Beverage Minnesota Beer, LLC",40,2.5,16.3,2.35,3.49,,33,,10,34,St. Louis Park:9;Minneapolis:13;Woodbury:18
Cutwater Banana Mudslide 4pk 12oz can,RTD,"College City Beverage, Inc.",3,2.5,1.3,10.07,13.99,11.96,28,,5,59,Bloomington:0;Plymouth:0;Minneapolis:1;St. Louis Park:1;Blaine:3;Ramsey:9
Dual Citizen Brewing Good Good Hazy IPA 4pk 16oz can,Craft,,14,2.5,5.6,10.54,15.99,,34,,12,26,Blaine:1;Plymouth:5;Chanhassen:6;St. Louis Park:7
Elm Creek Captain's Patch Rasp. Lemon Shandy 4pk 16oz can,Craft,Elm Creek Brewing Company,26,2.5,10.4,7.83,11.99,,35,,11,31,Cottage Grove:1;Minnetonka:4;Blaine:5;Vadnais Heights:8;Woodbury:9
Miller Genuine Draft 6pk 12oz btl,Premium,Bernicks,39,2.5,15.4,6.66,8.99,,26,,11,32,Stillwater:3;Cottage Grove:4;Blaine:4;Andover:5;Woodbury:6;Ramsey:8;Bloomington:9
Vodkade Fruit Punch 4pk 12oz can,RTD,"Capitol Beverage Sales, L.P.",21,2.5,8.5,8.37,13.99,11.96,40,,11,30,Vadnais Heights:4;St. Louis Park:7;Cottage Grove:11
Michelob Ultra 18pk 12oz can,Super Premium,"College City Beverage, Inc.",13,2.5,5.2,17.27,21.99,,21,,11,31,Roseville:3;Woodbury:10
Beatbox Watermelon  500ml,Single Serve,"Capitol Beverage Sales, L.P.",74,2.5,29.7,2.42,4.49,3.96,46,,6,53,Plymouth:2;Minneapolis:3;Bloomington:5;Osseo:6;Vadnais Heights:6;Minnetonka:17;Rosemount:18;Woodbury:23
Stone IPA,Single Serve,"College City Beverage, Inc.",5,2.5,2.0,2.0,3.99,,50,,12,25,Woodbury:5
Schell's Sangria 12pk 12oz can,Craft,Bernicks,3,2.4,1.3,14.64,18.99,,23,,8,41,Blaine:1;Cottage Grove:4
NOCA Weekend Water 12pk 12oz can,RTD,,15,2.4,6.2,13.52,18.99,,29,,11,28,Blaine:3;Minneapolis:5;Andover:7
Inbound Zum Wohl Oktoberfestbier 4pk 16oz can,Craft,Lucid Brewing LLC Dba Inbound Brewco,0,2.4,0.0,7.67,10.99,,30,,13,18,
Surfside Iced Tea 4pk 12oz can,Seltzer,"Capitol Beverage Sales, L.P.",15,2.4,6.3,7.5,11.99,9.96,37,,10,31,Chanhassen:2;Woodbury:4;Stillwater:9
Surfside Ice Tea 24oz can,RTD,"Capitol Beverage Sales, L.P.",35,2.4,14.8,1.94,3.49,2.96,44,,10,31,Woodbury:7;Cottage Grove:8;Blaine:20
Heineken 22oz btl,Single Serve,,52,2.4,21.8,2.4,3.99,,40,,9,36,Andover:6;Minneapolis:22;Rosemount:9;Bloomington:15
Keepsake Jewel Semi-Sweet Cider 750ml,Cider,"New France Wine Co, Inc",40,2.4,16.7,13.54,21.99,18.96,38,Case 1,10,32,Bloomington:10;Roseville:14;St. Louis Park:16
Headflyer Hawaiian Sophie 4pk 16oz can,Craft,,12,2.4,4.9,9.2,14.99,,39,,12,24,Rosemount:2;St. Louis Park:3;Vadnais Heights:4;Blaine:8
Surfside Half and Half  19.2oz can,Single Serve,"Capitol Beverage Sales, L.P.",26,2.4,11.0,3.14,3.49,,10,,12,22,Minnetonka:4;Vadnais Heights:7;Andover:15
Grain Belt Premium Light 24pk 16oz can,Premium,,9,2.4,3.7,21.82,25.99,,16,,11,28,Blaine:4;St. Louis Park:5
Samuel Adams Jack-O 12pk 12oz can,Micro Brews,Dahlheimer Beverage Monticello,9,2.4,3.7,12.8,15.99,,20,,14,15,Roseville:2;Woodbury:16
Wild State Imperial Rotator 4pk 12oz can,Cider,"Capitol Beverage Sales, L.P.",32,2.4,13.4,9.48,13.99,,32,,11,27,Vadnais Heights:8;Woodbury:10;St. Louis Park:14
56 Brewing Razzy Lil Pucker Raspberry So 4pk 16oz can,Craft,,55,2.4,22.7,9.3,13.99,,33,,8,42,Blaine:1;Stillwater:2;Plymouth:2;Osseo:4;St. Louis Park:4;Vadnais Heights:5;Minneapolis:11;Bloomington:12;Roseville:14
Warsteiner Oktoberfest 4pk 17oz can,Import,,9,2.4,3.7,8.0,7.99,,0,,14,15,Rosemount:4;Vadnais Heights:8
New Belgium Juicy Haze IPA 6pk 12oz can,Craft,,-5,2.4,-2.1,7.43,10.99,,32,,11,28,Rosemount:4
Blackstack Keeping It Casual 4pk 16oz can,Craft,,10,2.4,4.2,12.3,17.99,,32,,14,14,Woodbury:3;Roseville:10
Haggard Barrel Pay Homage 4pk 16oz can,Craft,Haggard Barrel Brewing Company LLC,2,2.4,0.8,10.83,15.99,,32,,12,24,Roseville:6
Dansk Mjod Odin's Skull 750ml,Single Serve,,121,2.4,49.9,22.39,36.99,,39,,12,24,Bloomington:2;Plymouth:2;Woodbury:6;Roseville:7;Chanhassen:11;Vadnais Heights:11;Andover:18;Cottage Grove:18;St. Louis Park:22;Blaine:24
Metronome Squeeze Play East Coast IPA 4pk 16oz can,Craft,MetroNOME Brewery,10,2.4,4.2,10.22,15.99,13.96,36,,8,40,Rosemount:2;Plymouth:10
Cayman Jack Strawberry Margarita 24oz can,Single Serve,,29,2.4,11.9,2.34,3.99,,41,,11,29,Andover:4;Blaine:9;Minneapolis:16
Seagrams Variety Pack 12pk 12oz btl,FMB,,14,2.4,5.8,10.62,16.99,,37,,10,32,Ramsey:3;Blaine:11
Pabst Light 12pk 12oz can,Craft,,11,2.4,4.5,9.38,11.99,,22,,11,29,Andover:4;Minneapolis:7
Mike's Hard Peach 6pk 12oz can,FMB,Dahlheimer Beverage Monticello,33,2.4,13.7,7.7,10.99,,30,,11,28,Blaine:7;Andover:11;Ramsey:15
Carlsberg Elephant 4pk 16oz can,Craft,"Breakthru Beverage Minnesota Beer, LLC",3,2.3,1.3,6.73,8.99,,25,,8,37,Minneapolis:3
2 Towns Ciderhouse Variety Pack 12pk 12oz can,Cider,2 Towns,29,2.3,12.6,17.14,22.99,,25,,10,29,Plymouth:2;Minnetonka:3;St. Louis Park:3;Andover:3;Cottage Grove:4;Blaine:7;Rosemount:7
Sierra Nevada West Ghost West Coast IPA 4pk 16oz can,Craft,Dahlheimer Beverage Monticello,3,2.3,1.3,13.83,19.99,,31,,12,21,Blaine:1;Chanhassen:2
Deschutes Symphonic IPA 19.2oz can,Single Serve,,18,2.3,7.8,2.49,3.99,,38,,9,34,Blaine:5;Minneapolis:13
Pacifico Clara�32oz btl,Single Serve,"Breakthru Beverage Minnesota Beer, LLC",27,2.3,11.6,3.05,4.99,,39,,10,30,Bloomington:27
Bell's Light Hearted Ale 6pk 12oz can,Craft,"Hohensteins, Inc.",12,2.3,5.2,7.1,12.99,,45,,8,38,Rosemount:2;Stillwater:2;Vadnais Heights:4;Roseville:4
Drastic Measures Stupid Good 4pk 16oz can,Craft,,32,2.3,13.7,11.77,17.99,,35,,8,39,Vadnais Heights:5;St. Louis Park:5;Andover:6;Ramsey:6;Rosemount:10
Great Lakes Edmund Fitz Porter 6pk 12oz can,Craft,,13,2.3,5.7,7.5,10.99,,32,,9,33,Vadnais Heights:6;St. Louis Park:3;Rosemount:4
Fulton Lonely Blonde Apple 12pk 12oz can,Craft,"Hohensteins, Inc.",37,2.3,16.2,13.5,18.99,,29,,13,15,St. Louis Park:5;Rosemount:6;Woodbury:13;Cottage Grove:13
Modelo Oro 24oz can,Single Serve,,10,2.3,4.3,2.5,3.49,,28,,11,25,Blaine:4;Andover:6
Clown Shoes Rainbows Are Real 4pk 16oz can,Craft,,24,2.3,10.3,10.5,12.99,,19,,10,30,Vadnais Heights:3;Andover:3;Woodbury:5;Rosemount:13
Paulaner Hefe Weizen 12pk 11oz btl,Import,,8,2.3,3.4,13.5,18.99,,29,,10,30,Blaine:8
Millstream Oktoberfest 4pk 16oz can,Craft,Do Not Use - Clear River Beverage,24,2.3,10.6,9.0,11.99,,25,,11,23,Rosemount:2;Ramsey:3;Andover:3;Blaine:4;Vadnais Heights:12
McKenzie's Black Cherry Cider 6pk 12oz btl,Cider,,32,2.3,13.7,9.5,12.99,,27,,8,39,Andover:5;Blaine:6;Cottage Grove:6;Woodbury:15
Pipeworks Lizard King 4pk 16oz can,Craft,,27,2.3,11.6,8.9,10.99,,19,,11,25,St. Louis Park:2;Osseo:3;Roseville:6;Rosemount:8;Vadnais Heights:8
Truly Citrus Squeeze 24oz can,Single Serve,"Breakthru Beverage Minnesota Beer, LLC",1,2.3,0.4,2.33,3.99,,42,,11,25,Minneapolis:1
Stella Artois 18pk 12oz btl,Import,,12,2.3,5.2,18.82,23.99,,22,,8,38,Minnetonka:2;Blaine:10
Blackstack Microdosing Krush 4pk 16oz can,Craft,Artisan Beer,4,2.3,1.7,12.3,17.99,,32,,3,62,Chanhassen:1;Roseville:1;Woodbury:2
New Belgium Voodoo Ranger IPA 12pk 12oz btl,Craft,Bernicks,16,2.3,6.9,13.51,19.99,16.96,32,,8,38,Blaine:5;Andover:11
Miller 64 12pk 12oz btl,Premium,,7,2.3,3.0,11.25,14.99,,25,,10,30,Cottage Grove:5;Woodbury:2
Twisted Tea 5L Bag,FMB,,19,2.2,8.5,13.25,20.99,17.96,37,,10,27,Minneapolis:19
Pryes Blood Orange Miraculum 4pk 16oz can,Craft,,30,2.2,13.5,10.62,17.49,14.96,39,,13,13,Roseville:5;Minneapolis:6;Plymouth:6;Ramsey:13
Busch Light 24pk 12oz btl,Below Premium,"College City Beverage, Inc.",-3,2.2,-1.4,19.0,23.99,,21,,9,30,Blaine:8
Minneapolis Cider Co Blueberry Borealis 4pk 16oz can,Cider,"Hohensteins, Inc.",3,2.2,1.4,10.5,14.99,,30,,11,20,Blaine:3
Crispin Original 4pk 16oz can,Craft,"Hohensteins, Inc.",10,2.2,4.6,9.8,13.99,,30,,9,30,Woodbury:1;Rosemount:2;Bloomington:6;Blaine:7
Back Channel Rotator 4pk 16oz can,Craft,Back Channel Brewing Co.,31,2.2,14.2,12.92,18.99,,32,,8,34,Roseville:5;Andover:7;Woodbury:8;Minnetonka:11
Stone IPA 12pk 12oz can,Craft,,13,2.2,5.9,14.5,19.99,,27,,9,30,Blaine:5;Woodbury:8
Pabst Blue Ribbon NA 12pk 12oz can,Below Premium,,3,2.2,1.4,9.47,14.99,12.96,37,,10,25,Minneapolis:1;Blaine:2
Malibu Pina Colada 4pk 12oz can,RTD,Southern Glazer's Wine & Spirits of MN,12,2.2,5.4,7.31,12.49,10.96,41,,10,27,St. Louis Park:1;Cottage Grove:5;Blaine:7
Twisted Tea Light 4pk 16oz can,RTD,Dahlheimer Beverage Monticello,15,2.2,6.8,5.92,7.99,,26,,10,26,Cottage Grove:3;Blaine:4;Minneapolis:8
Two Chicks Melon Drop 4pk 12oz can,RTD,Phillips Wine & Spirits - St. Paul,32,2.2,14.5,7.35,12.99,10.96,43,3 free on 20,8,35,Stillwater:2;Roseville:2;Blaine:3;Minnetonka:4;Ramsey:4;Minneapolis:5;Vadnais Heights:6;Woodbury:6
Modelo Oro 12pk 12oz btl,Import,"Breakthru Beverage Minnesota Beer, LLC",19,2.2,8.7,13.2,18.99,,30,,9,30,Cottage Grove:4;Bloomington:8;Rosemount:8
Heineken Light 12pk 12oz btl,Import,,27,2.2,12.1,12.95,18.99,,32,,10,27,Blaine:2;Roseville:3;Bloomington:8;Rosemount:14
2 Towns Bad Apple 19.2oz can,Single Serve,McDonald Distributing Co dba Clear River Beverage,27,2.2,12.5,3.0,4.49,,33,,11,20,St. Louis Park:4;Woodbury:8;Bloomington:15
Bent Paddle Summer Sampler Pack 12pk 12oz can,Craft,Artisan Beer,6,2.2,2.7,14.1,20.99,,33,,9,31,Woodbury:2;Vadnais Heights:4
Steel Toe Marzen Lager 6pk 12oz can,Craft,Steel Toe Brewing,19,2.2,8.5,9.5,11.99,,21,,13,13,Osseo:3;St. Louis Park:16
Indeed Day Tripper Pale Ale 6pk 12oz can,Craft,,13,2.2,5.8,9.0,13.99,11.96,36,,8,36,Ramsey:1;Blaine:8;Stillwater:2;Rosemount:3
Schilling Excelsior Space Variety Pack 12pk 12oz can,Cider,McDonald Distributing Co dba Clear River Beverage,28,2.2,12.5,18.73,25.99,,28,,10,27,Chanhassen:2;Andover:3;St. Louis Park:3;Woodbury:3;Bloomington:7;Rosemount:10
Sun Cruiser Vodka Lemonade 700ml can,Single Serve,,10,2.2,4.5,3.74,4.99,,25,,12,18,St. Louis Park:1;Minneapolis:3;Rosemount:6
Smirnoff Ice Smash Blue Raz Blackberry 24oz can,Single Serve,"Breakthru Beverage Minnesota Beer, LLC",25,2.2,11.5,2.29,3.99,,43,,8,34,Minneapolis:12;Bloomington:13
Goose Island Beer Hug  19.2oz can,Single Serve,"College City Beverage, Inc.",50,2.2,22.6,2.19,3.99,,45,,6,44,St. Louis Park:4;Vadnais Heights:13;Ramsey:13;Minneapolis:20
Cutwater Gingerbread White Russian 12oz can,Single Serve,Single Can,0,2.2,0.0,2.49,4.49,3.96,45,,13,13,
Modist Skull Seltzer Blueberry Lemon 4pk 16oz can,Craft,Modist Brewing Company,70,2.2,31.5,8.6,15.99,12.96,46,,9,31,Osseo:1;Rosemount:10;Woodbury:22;Roseville:37
Schilling Hard Seasonal 6pk 12oz can,Cider,,23,2.2,10.4,10.12,13.99,,28,,8,35,Stillwater:1;Andover:3;St. Louis Park:4;Woodbury:4;Roseville:15
Back Channel Hammy 4pk 16oz can,Craft,Back Channel Brewing Co.,9,2.2,4.0,8.33,12.99,,36,,13,13,Roseville:2;Chanhassen:9
Sierra Nevada Hop Splash 6pk 12oz can,Craft,,22,2.1,10.6,8.19,11.99,,32,,10,22,Bloomington:2;Andover:3;Blaine:3;Plymouth:4;Roseville:4;Stillwater:1;Rosemount:2;Vadnais Heights:3;Cottage Grove:4
Venn Old School West Coast IPA 4pk 16oz can,Craft,Venn Brewing Co.,6,2.1,2.9,9.17,13.99,,34,,10,22,Roseville:6
Newcastle Brown Ale 12pk 12oz btl,Import,,23,2.1,11.0,13.8,19.99,,31,,10,22,Blaine:11;Rosemount:12
Dangerous Man Pecan Brown 6pk 12oz can,Craft,Dangerous Man Brewing,-3,2.1,-1.5,9.5,14.99,,37,,12,12,
Founders Porter 6pk 12oz btl,Craft,,15,2.1,7.1,7.89,11.99,,34,,10,23,Andover:7;Blaine:8
CIderboys Strawberry Magic 6pk 12oz can,Cider,"College City Beverage, Inc.",7,2.1,3.3,8.25,10.99,,25,,11,18,Blaine:7
Bell's Oberon Rotating 12pk 12oz can,Craft,Dahlheimer Beverage Monticello,17,2.1,8.3,21.36,23.99,19.96,11,,4,48,Bloomington:1;Minneapolis:2;Blaine:18
Bacardi Mojito 4pk 12oz can,RTD,Southern Glazer's Wine & Spirits of MN,12,2.1,5.6,8.25,13.79,11.96,40,,8,33,Andover:6;Minneapolis:6
Junkyard Quarter Pounder 4pk 16oz can,Craft,Junkyard Brewing Company,0,2.1,0.0,11.84,15.99,,26,,12,12,Woodbury:1
Junkyard Purple Pain 4pk 16oz can,Craft,Junkyard Brewing Company,0,2.1,0.0,12.0,16.99,,29,,12,12,
Vodkade Berry Cherry 4pk 12oz can,RTD,"Capitol Beverage Sales, L.P.",13,2.1,6.1,8.5,13.99,11.96,39,,8,33,St. Louis Park:4;Cottage Grove:9
Downeast Blackberry 6pk 12oz can,Cider,"Breakthru Beverage Minnesota Beer, LLC",-40,2.1,-19.3,9.23,13.99,11.96,34,,11,17,
NUTRL Fruit Punch 12pk 12oz can,RTD,"Capitol Beverage Sales, L.P.",36,2.1,17.0,17.27,29.99,,42,,8,32,Plymouth:4;Woodbury:32
Sierra Nevada Torpedo IPA Variety 12pk 12oz btl,Craft,Dahlheimer Beverage Monticello,31,2.1,14.4,14.11,20.99,17.96,33,,8,33,Ramsey:1;Vadnais Heights:2;Plymouth:3;Andover:9;Blaine:16
Modist First Call Pumpkin Spiced Latte 4pk 16oz can,Craft,Modist Brewing Company,24,2.1,11.7,9.55,14.99,,36,,12,12,Chanhassen:1;Osseo:4;Rosemount:4;Bloomington:5;Woodbury:10
Modist SKRRT! MK1 Rabbit DDH West Coast DIPA 4pk 16oz can,Craft,Modist Brewing Company,8,2.1,3.8,13.85,19.99,,31,,9,28,Rosemount:2;Woodbury:3;Osseo:3
Redd's Wicked Apple Bites 12pk 7.5oz can,Craft,Dahlheimer Beverage Monticello,11,2.1,5.2,10.62,16.99,,38,,10,23,Plymouth:1;Blaine:10
Dansk Mjod Viking Blod 750ml,Single Serve,,104,2.1,48.8,25.05,35.99,,30,,9,28,Bloomington:2;Vadnais Heights:3;Chanhassen:4;Woodbury:4;Rosemount:5;St. Louis Park:6;Andover:7;Roseville:9;Plymouth:13;Cottage Grove:14;Blaine:37
Grain Belt Nordeast 24pk 12oz can,Premium,Bernicks,12,2.1,5.8,19.83,23.99,,17,,10,21,Stillwater:1;Andover:12
Seagrams Jamaican Me Happiness 12pk 12oz can,FMB,Bernicks,9,2.1,4.3,11.09,16.99,,35,,10,22,Blaine:1;Minneapolis:8
Lagunitas Little Sumpin' Ale 6pk 12oz btl,Craft,,5,2.1,2.4,7.5,10.99,,32,,10,23,Woodbury:7
Hoegaarden 6pk 12oz btl,Import,"Breakthru Beverage Minnesota Beer, LLC",17,2.1,8.3,7.91,11.99,,34,,10,21,St. Louis Park:2;Andover:4;Minnetonka:4;Rosemount:7
Steel Toe Split Point Pilsner 6pk 12oz can,Craft,,0,2.1,0.0,8.93,10.99,,19,,8,31,
Sociable Cider Werks Pinch Flat,Cider,"Breakthru Beverage Minnesota Beer, LLC",-10,2.1,-4.8,7.17,12.49,9.96,43,,8,31,Roseville:3
Barrel Theory Bus Station Slot Machine 4pk 16oz can,Craft,Barrel Theory Beer Company,0,2.1,0.0,12.0,16.99,,29,,12,12,
Coors Light Mini 12pk 8oz can,Premium,,20,2.1,9.6,9.0,12.99,,31,,8,31,Minneapolis:2;Andover:3;Blaine:15
Lagunitas IPA 6pk 12oz can,Craft,,13,2.1,6.3,7.5,12.99,10.96,42,,8,30,Roseville:1;Bloomington:12
Happy Dad Fruit Punch 24oz can,Single Serve,"Breakthru Beverage Minnesota Beer, LLC",3,2.1,1.4,2.18,3.49,,37,,10,23,Minneapolis:3
Budweiser ALUM BTL 15pk 16oz can,Premium,,8,2.1,3.7,17.32,24.99,20.96,31,,10,24,Blaine:1;Cottage Grove:2;Woodbury:5
Arnold Palmer Variety 12pk 12oz can,FMB,,24,2.1,11.3,13.47,18.99,,29,,9,28,Rosemount:1;Woodbury:4;Andover:4;Ramsey:15
Sunny D Variety Pack 8pk 12oz can,RTD,Phillips Wine & Spirits - St. Paul,-4,2.1,-1.9,13.33,23.99,19.96,44,1 on 5 solid Variety 8pk,8,32,Chanhassen:2;Minneapolis:3;Blaine:4
Toppling Goliath Dino Break 4pk 16oz can,Craft,Artisan Beer,15,2.1,7.3,13.85,19.99,,31,,12,12,Rosemount:2;Chanhassen:3;Blaine:3;Cottage Grove:7
Good Boy Par-Tee Variety Pack 12pk 12oz can,RTD,"College City Beverage, Inc.",6,2.1,2.8,23.25,33.99,,32,,8,32,Woodbury:6
Barrel Theory TDH Shooter McGavin 4pk 16oz can,Craft,Barrel Theory Beer Company,-12,2.1,-5.8,15.33,21.99,,30,,12,12,
Lifbridge Oktoberfest 6pk 12oz can,Craft,"College City Beverage, Inc.",0,2.1,0.0,8.44,11.99,,30,,12,12,
Urban Growler Peach Beaver Fever 4pk 16oz can,Craft,Urban Growler Brewing Company,4,2.1,1.9,9.0,12.99,,31,,8,33,Woodbury:4
Moose Lake Bumper Knot Mango 4pk 16oz can,Craft,Moose Lake Brewing Co.,20,2.0,9.8,9.0,13.99,,36,,9,25,Rosemount:2;Cottage Grove:6;Woodbury:8;Roseville:9
Michelob Ultra Seltzer Essential 12pk 12oz can,Seltzer,,8,2.0,4.0,14.47,19.99,,28,,8,28,Andover:4;Ramsey:4
Blue Moon Light Sky 6pk 12oz can,Craft,,9,2.0,4.6,7.43,10.99,,32,,7,32,St. Louis Park:5;Blaine:4
Elysian Pumpkin Pack 12pk 12oz btl,Craft,,0,2.0,0.0,17.24,22.99,,25,,11,16,
Elysian Space Dust IPA 4pk 16oz can,Craft,,0,2.0,0.0,7.75,10.99,,29,,9,23,
Metronome Jam Session Sour Lingonberry 4pk 16oz can,Craft,MetroNOME Brewery,2,2.0,1.0,10.17,15.99,13.96,36,,7,33,Roseville:2
Fulton Hop Kingdom IPA Variety 12pk 12oz can,Craft,Bernicks,15,2.0,7.4,13.5,20.99,17.96,36,,8,29,Blaine:2;Bloomington:4;Osseo:9
Elysian Space Dust IPA 19.2oz can,Single Serve,"Capitol Beverage Sales, L.P.",36,2.0,17.9,2.21,4.99,,56,,9,24,Woodbury:3;Ramsey:8;Roseville:25
Fruh Kolsch 4pk 16oz can,Import,,10,2.0,5.0,10.63,12.99,,18,,9,24,Blaine:1;Chanhassen:3;St. Louis Park:4;Roseville:4;Woodbury:4
Best Day Brewing N/A Hazy IPA  6pk 12oz can,Craft,,9,2.0,4.6,7.88,13.79,11.96,43,,8,27,Minnetonka:2;Roseville:2;Woodbury:5
Schell's  Seasonal 6pk 12oz can,Craft,,6,2.0,3.0,8.25,10.99,,25,,11,14,Rosemount:6
2 Towns POG Cosmic Crisp 6pk 12oz can,Craft,McDonald Distributing Co dba Clear River Beverage,-1,2.0,-0.5,36.31,14.99,,-142,,10,18,
Corona N/A 12pk 12oz btl,Import,"Breakthru Beverage Minnesota Beer, LLC",23,2.0,11.5,13.32,18.99,15.96,30,,9,24,St. Louis Park:2;Cottage Grove:3;Chanhassen:7;Blaine:11
Bud Light 15pk 16oz can,Premium,,7,2.0,3.4,17.66,24.99,20.96,29,,9,25,Cottage Grove:4;Blaine:6
NUTRL Lime 4pk 12oz can,RTD,,7,2.0,3.5,7.59,11.99,,37,,9,23,Woodbury:1;Rosemount:2;Andover:4
Ursa Minor Side Quest 4pk 16oz can,Micro Brews,Dahlheimer Beverage Monticello,8,2.0,4.0,10.75,15.99,,33,,8,29,Blaine:3;Rosemount:5
Bent Paddle Munchin' Pretzels 6pk 12oz can,Craft,Artisan Beer,1,2.0,0.5,9.81,14.99,,35,,10,19,Woodbury:1
Monaco Moscow Mule 4pk 12oz can,RTD,"Breakthru Beverage Minnesota Beer, LLC",3,2.0,1.5,7.77,12.49,10.96,38,net down pricing,7,32,Woodbury:3
Modist Dreamyard 12pk 12oz can,Craft,Modist Brewing Company,5,2.0,2.6,16.15,23.99,,33,,10,18,Rosemount:5
Captain Morgan Sliced Colada Variety Pack 12pk 12oz can,RTD,"Breakthru Beverage Minnesota Beer, LLC",8,2.0,3.9,13.66,22.49,18.96,39,,7,34,Rosemount:1;St. Louis Park:2;Blaine:5
Best Day Electrolime N/A 6pk 12oz can,Craft,,17,2.0,8.5,7.84,11.99,11.96,35,,7,33,Chanhassen:3;Minnetonka:3;Vadnais Heights:3;St. Louis Park:5;Cottage Grove:3
Leinenkugel's Honey Lemon Light 12pk 12oz can,Craft,,19,2.0,9.3,13.28,19.99,15.96,34,,7,34,Blaine:5;Rosemount:4;Woodbury:10
Grain Belt Blu 12pk 12oz can,Premium,Bernicks,0,2.0,0.0,13.07,15.99,,18,,0,65,
Downeast Cider Apple Variety 12pk 12oz can,Cider,Dahlheimer Beverage Monticello,39,2.0,19.4,14.91,22.99,19.96,35,,7,33,Plymouth:4;Chanhassen:6;Blaine:6;Andover:8;Roseville:15
Athletic Winter Wonder N/A 6pk 12oz can,Craft,Dahlheimer Beverage Monticello,15,2.0,7.6,8.09,11.99,11.96,33,,11,14,Blaine:1;Rosemount:1;St. Louis Park:4;Roseville:4;Plymouth:5
Beatbox Tea Variety Pack 6pk 500ml,RTD,"Capitol Beverage Sales, L.P.",14,2.0,7.1,13.83,18.99,,27,,10,18,Ramsey:1;Minneapolis:6;Woodbury:7
Milk & Honey Fauna 4pk 12oz btl,Cider,,32,2.0,16.3,11.67,16.99,,31,,10,18,Roseville:3;St. Louis Park:5;Blaine:24
Angry Orchard Crisp Light 6pk 12oz can,Cider,"Breakthru Beverage Minnesota Beer, LLC",1,1.9,0.5,8.45,11.99,,30,,7,29,Stillwater:1
Headflyer Things Done Changed 4pk 16oz can,Craft,HeadFlyer Brewing,38,1.9,20.0,10.74,16.99,,37,,6,34,Roseville:12;Woodbury:12;Vadnais Heights:14
Toppling Goliath Pompeii IPA 4pk 16oz can,Craft,Artisan Beer,27,1.9,14.3,10.0,13.99,,29,,9,20,Blaine:1;Andover:2;Plymouth:5;Rosemount:5;Minnetonka:7;Roseville:7
New Holland Seasonal,Micro Brews,"Hohensteins, Inc.",1,1.9,0.5,8.4,11.99,,30,,11,12,Blaine:1
Moose Lake New England Morning Haze 4pk 16oz can,Craft,Moose Lake Brewing Co.,18,1.9,9.3,12.0,16.99,,29,,9,22,Rosemount:5;Cottage Grove:6;Roseville:7
Lift bridge Green Light Seltzer 12pk 12oz can,Micro Brews,"Capitol Beverage Sales, L.P.",46,1.9,24.8,13.3,18.99,15.96,30,,7,28,Andover:1;Blaine:4;Stillwater:11;St. Louis Park:12;Woodbury:18
Sinless Pineapple 4pk 12oz can,RTD,"Breakthru Beverage Minnesota Beer, LLC",65,1.9,34.3,7.43,12.99,10.96,43,,8,25,Cottage Grove:2;Rosemount:6;Blaine:14;Woodbury:20;Minneapolis:23
Good Boy Vodka John Daly Blackberry 4pk 12oz can,RTD,,30,1.9,15.9,8.55,12.99,10.96,34,,9,20,Osseo:2;Stillwater:12;Woodbury:16
Alaskan Amber 12pk 12oz can,Craft,,18,1.9,9.5,13.43,17.99,,25,,8,25,Plymouth:8;Blaine:10
Kona Big Wave Liquid Aloha 18pk 12oz 750ml,Single Serve,,10,1.9,5.3,6.76,24.99,,73,,10,16,Andover:4;Woodbury:6
Toppling Goliath Oktoberfest 6pk 12oz can,Craft,Artisan Beer,-29,1.9,-15.2,,12.99,,,,9,21,
Sierra Nevada Premium Pils 8pk 8oz can,Craft,"Breakthru Beverage Minnesota Beer, LLC",4,1.9,2.1,8.47,11.99,,29,,7,29,Chanhassen:2;Roseville:3
Summit NA Gold 6pk 12oz can,Craft,,6,1.9,3.1,8.09,11.99,,33,,9,22,Blaine:2;Vadnais Heights:2;Minneapolis:2;Chanhassen:3;Roseville:6
Paulaner Original Munich Lager 12pk 11oz btl,Import,"Hohensteins, Inc.",19,1.9,9.9,13.99,18.99,,26,,7,30,Blaine:8;Rosemount:11
Lift Bridge Tropical Punch 19.2oz can,FMB,"College City Beverage, Inc.",27,1.9,14.1,2.08,2.99,,30,,7,30,Stillwater:12;Woodbury:15
New Belgium Fruit Force IPA 6pk 12oz can,Craft,,28,1.9,14.5,8.45,11.99,,30,,8,26,St. Louis Park:15;Stillwater:5;Cottage Grove:8
Surly Xtra Citra Pale Ale 6pk 12oz can,Craft,,13,1.9,7.0,8.46,12.99,,35,,9,19,Bloomington:3;Stillwater:4;Vadnais Heights:6
Elysian Space Dust 6pk 12oz btl,Craft,,15,1.9,7.7,9.38,13.99,,33,,9,22,St. Louis Park:2;Osseo:4;Vadnais Heights:6;Cottage Grove:1;Woodbury:2
2 Towns Cosmic Crisp 19.2oz can,Single Serve,McDonald Distributing Co dba Clear River Beverage,20,1.9,10.4,3.0,4.99,,40,,10,17,St. Louis Park:1;Roseville:4;Bloomington:7;Rosemount:8
2 Towns Mango Cosmic Crisp 6pk 12oz can,Craft,McDonald Distributing Co dba Clear River Beverage,9,1.9,4.8,10.05,14.99,,33,,9,20,Andover:1;Roseville:3;Rosemount:6
Prairie Artisan Ales Tiny Esses 4pk 12oz can,Craft,,3,1.9,1.6,12.05,17.99,,33,,9,19,Blaine:3
Blue Moon Light 19.2oz can,Single Serve,,3,1.9,1.6,2.27,3.49,,35,,8,24,Andover:8;Blaine:22
Bad Weather Haze Oasis 6pk 12oz can,Craft,"Hohensteins, Inc.",13,1.9,6.7,9.0,12.99,,31,,8,26,Rosemount:2;Roseville:2;Woodbury:3;Blaine:6
Arnold Palmer Spiked Lite 12pk 12oz can,FMB,,30,1.9,15.4,13.19,18.99,,31,,5,40,Andover:3;Bloomington:5;St. Louis Park:5;Woodbury:17
Seagrams Jamaican Me Happy 4pk 12oz btl,FMB,,21,1.9,11.0,3.85,5.99,,36,,7,30,Blaine:9;Andover:12
Warpigs Imperial Geezer 6pk 12oz can,Craft,,6,1.9,3.2,9.0,12.99,,31,,8,25,Andover:6
Founders Oktoberfest 12pk 12oz cans,Craft,,18,1.8,10.2,14.5,19.99,,27,,10,12,Blaine:7;Minnetonka:3;Plymouth:3;Andover:5
Falling Knife Spaced Out 4pk 16oz can,Craft,Falling Knife Brewing Company,-11,1.8,-6.1,11.83,16.99,,30,,8,22,Blaine:1
Bell's Tropical Storm 4pk 16oz can,Craft,Dahlheimer Beverage Monticello,1,1.8,0.6,10.83,15.99,,32,,5,35,Blaine:1
Modelo Negra 24oz can,Single Serve,"Breakthru Beverage Minnesota Beer, LLC",40,1.8,22.0,2.35,3.49,,33,,9,18,Bloomington:1;Minneapolis:40
Southern Tier Nitro Warlock 4pk 12oz can,Craft,"Hohensteins, Inc.",5,1.8,2.8,11.2,15.99,,30,,10,13,Blaine:2;Vadnais Heights:3
Jack Daniel's CC Dwnhome Punch 6pk 12oz btl,FMB,,6,1.8,3.4,7.27,9.99,,27,,7,25,Blaine:5;Roseville:1
Inbound Speacial Treat Scotchroo Cream Ale 4pk 16oz can,Craft,Lucid Brewing LLC Dba Inbound Brewco,0,1.8,0.0,7.67,10.99,,30,,6,30,St. Louis Park:1
Junkyard Festbier 4pk 16oz can,Craft,Junkyard Brewing Company,0,1.8,0.0,9.83,13.99,,30,,9,18,
Monaco Strawberry Hard Lemonade 12oz can,Single Serve,"Breakthru Beverage Minnesota Wine & Spirits, LLC",8,1.8,4.6,1.9,3.49,2.96,46,,7,25,Chanhassen:1;Woodbury:7
Luce Line New Zealand Joyride 4pk 16oz can,Craft,Luce Line Brewing,9,1.8,5.0,10.33,15.99,,35,,10,13,Plymouth:11
Schell's Dark 12pk 12oz can,Craft,,18,1.8,9.8,12.89,18.99,,32,,8,23,Blaine:4;Minneapolis:5;Roseville:9
Modist Supra Deluxe 12pk 12oz can,Craft,Modist Brewing Company,17,1.8,9.4,12.3,19.99,,38,,8,22,Rosemount:6;Woodbury:11
Corona Premier 24oz can,Single Serve,"Breakthru Beverage Minnesota Beer, LLC",34,1.8,19.3,2.37,3.49,,32,,7,25,Blaine:11;St. Louis Park:23
Lakefront New Grist 6pk 12oz can,Craft,"Breakthru Beverage Minnesota Beer, LLC",14,1.8,7.9,8.79,11.99,,27,,6,30,Chanhassen:1;Plymouth:2;Blaine:3;Minnetonka:4;St. Louis Park:4
Press Peach Rosemary 19.2oz can,Seltzer,McDonald Distributing Co dba Clear River Beverage,1,1.8,0.6,1.85,2.49,,26,,9,16,Minneapolis:1
Zing Zang RTD Margarita 4pk 12oz can,RTD,Phillips Wine & Spirits - St. Paul,10,1.8,5.6,9.33,14.99,12.96,38,1 BMM 1.75 free on 10 mix & match,9,17,Minnetonka:2;Roseville:2;Stillwater:3;Rosemount:4;Woodbury:5
Modist Supra Deluxe Lager 19oz can,Craft,Modist Brewing Company,36,1.8,19.6,1.78,3.49,,49,,8,23,Rosemount:9;St. Louis Park:12;Minneapolis:17
NOCA Livin' Lemonade Variety Pack 12pk 12oz can,Seltzer,,36,1.7,20.8,13.5,19.99,,32,,7,24,Minneapolis:8;Rosemount:9;Blaine:9;Cottage Grove:10
NOCA Too Turnt Tea Bayou Berry Blast 12pk 12oz can,RTD,,29,1.7,17.3,13.63,19.99,,32,,6,27,Cottage Grove:3;Minneapolis:6;Andover:8;Blaine:12
Schell's Deer Brand 24pk 16oz can,Premium,,4,1.7,2.3,19.66,1.04,,-1788,,10,10,Minneapolis:4
Heineken N/A 6pk 12oz can,Import,,3,1.7,1.8,7.07,12.49,10.96,43,,6,27,Andover:2;St. Louis Park:4
Lift Bridge Lost Landing 6pk 12oz can,Craft,,6,1.7,3.6,8.44,12.99,,35,,8,18,Stillwater:6
Minneapolis Cider Co Mango Habanero 4pk 16oz can,Cider,"Hohensteins, Inc.",14,1.7,8.2,10.5,14.99,,30,,8,19,Vadnais Heights:3;Plymouth:4;Blaine:7
Modelo Chelada Limon Y Sal 4pk 16oz can,Import,"Breakthru Beverage Minnesota Beer, LLC",34,1.7,19.7,5.27,7.99,,34,,5,33,St. Louis Park:6;Bloomington:14;Woodbury:14
Surly One Man Mosh Pit 6pk 12oz can,Craft,Artisan Beer,9,1.7,5.3,8.47,12.99,,35,,8,19,Bloomington:2;Roseville:7
Stella Artois 4pk 16oz can,Import,,7,1.7,4.2,5.33,7.99,,33,,9,13,Minnetonka:7
Bent Paddle ESB 6pk 12oz can,Craft,Artisan Beer,10,1.7,5.8,9.23,11.99,,23,,7,24,Rosemount:2;Roseville:4;St. Louis Park:5
Bud Ice 6pk 16oz can,Below Premium,,60,1.7,34.7,4.94,7.99,,38,,7,24,Minneapolis:47;Bloomington:13
Junkyard Eighties Rock Label 4pk 16oz can,Micro Brews,Junkyard Brewing Company,14,1.7,8.2,12.0,15.99,,25,,10,10,Woodbury:4;Rosemount:10
Leinenkugel's Original 12pk 12oz can,Craft,"Breakthru Beverage Minnesota Beer, LLC",22,1.7,13.1,10.44,13.99,,25,,8,18,Minneapolis:5;Woodbury:8;Bloomington:9
Gray Duck Bomba Juice Variety 12pk 12oz can,Seltzer,Artisan Beer,38,1.7,22.8,18.65,20.99,,11,,5,31,Rosemount:6;Blaine:14;Woodbury:27
Garage Beer Lime Lager 24pk 12oz can,Premium,,11,1.7,6.3,21.3,25.99,,18,,8,20,Minneapolis:11
Carbliss Lemon 4pk 12oz can,FMB,"Capitol Beverage Sales, L.P.",22,1.7,12.6,8.77,13.79,11.96,36,,4,38,Ramsey:4;Vadnais Heights:8;Andover:13
Dual Citizen Lake State Lager 4pk 16oz can,Craft,,13,1.7,7.8,8.56,10.99,,22,,7,22,Plymouth:1;Roseville:9;Woodbury:10
Lytt Blue Raspberry 200ml can,Single Serve,"Breakthru Beverage Minnesota Beer, LLC",38,1.7,22.2,2.1,4.49,3.96,53,,10,10,Minneapolis:38
Lift Bridge Mango Blonde Mix Paack 12pk 12oz can,Micro Brews,"Capitol Beverage Sales, L.P.",0,1.7,0.0,16.75,22.99,18.96,27,,5,33,
Paulaner Hefe Weizen 6pk 11oz btl,Import,"Hohensteins, Inc.",8,1.7,4.7,9.75,12.99,,25,,8,19,Woodbury:3;Rosemount:5
Grain Belt Premium Light 12pk 12oz btl,Premium,Dahlheimer Beverage Monticello,26,1.7,15.5,11.55,13.99,,17,,6,27,Woodbury:1;Plymouth:3;Andover:3;Chanhassen:7;Blaine:12
Happy Dad Grape 24oz can,Single Serve,"Breakthru Beverage Minnesota Beer, LLC",15,1.7,8.7,2.33,3.49,,33,,7,24,Minneapolis:15
Firestone Walker 8ZERO5 N/A 6pk 12oz can,Craft,Artisan Beer,55,1.7,32.7,7.74,10.99,20.96,30,,4,36,Roseville:2;Chanhassen:2;St. Louis Park:3;Stillwater:3;Ramsey:5;Blaine:6;Vadnais Heights:6;Rosemount:9;Osseo:10;Andover:11
Wild State Straw Peach 4pk 12oz can,Cider,"Capitol Beverage Sales, L.P.",17,1.7,9.9,8.93,15.99,,44,,8,19,Woodbury:3;Blaine:14
Toppling Goliath Uncaged Sue Variety 12pk 12oz can,Craft,Artisan Beer,7,1.7,4.1,7.37,24.99,,71,,8,19,Bloomington:2;Rosemount:5
Simply Spiked Bold Variety Pack 12pk 12oz can,FMB,"Breakthru Beverage Minnesota Beer, LLC",6,1.7,3.6,14.7,20.99,17.96,30,,8,18,Andover:6
Press Sparkling Blackberry Hibiscus 12pk 12oz can,Seltzer,,17,1.7,9.8,13.92,21.99,18.96,37,,6,29,Blaine:2;Rosemount:16
Barrel Theory Endless Riff 4pk 16oz can,Craft,Barrel Theory Beer Company,2,1.7,1.2,12.0,16.99,,29,,10,10,St. Louis Park:3
Pryes Main Squeeze 12pk 12oz can,Craft,"Pryes Brewing Company, LLC",60,1.6,37.4,14.19,22.49,16.96,37,,3,38,Bloomington:2;Roseville:2;Minneapolis:4;St. Louis Park:6;Stillwater:8;Rosemount:9;Blaine:10;Woodbury:19
Mike's Harder Lemonade 4pk 16oz can,FMB,"Breakthru Beverage Minnesota Beer, LLC",18,1.6,11.3,5.76,8.99,,36,,6,24,Minnetonka:18
Summit Twins Pils 4pk 16oz can,Craft,"College City Beverage, Inc.",8,1.6,5.0,6.0,9.99,7.96,40,,3,38,Minnetonka:1;St. Louis Park:7
Fulton Lonely Blonde 4pk 16oz can,Craft,,32,1.6,20.0,7.5,10.99,,32,,5,29,Blaine:32;St. Louis Park:1
War Pigs Lil' Geezer 6pk 12oz can,Craft,"Capitol Beverage Sales, L.P.",-20,1.6,-12.5,9.0,12.49,,28,,7,20,Roseville:4
2 Towns Seasonal Rotator 4pk 16oz can,Cider,McDonald Distributing Co dba Clear River Beverage,13,1.6,8.0,10.33,14.99,,31,,7,21,Minnetonka:4;Chanhassen:5;Woodbury:5;St. Louis Park:7
Utepils Hoppestokk 4pk 16oz can,Craft,,9,1.6,5.5,9.23,14.99,,38,,5,30,Roseville:2;St. Louis Park:7
Utepils Reception 4pk 16oz can,Craft,,9,1.6,5.7,9.83,14.99,,34,,8,15,Blaine:4;Roseville:5
Stella Liberte N/A 12pk 12oz can,Import,,17,1.6,10.6,13.25,19.99,16.96,34,,5,29,Andover:17
Lift Bridge Mega Mango Blonde 6pk 12oz can,Craft,"College City Beverage, Inc.",6,1.6,3.8,8.47,11.99,,29,,5,28,Andover:1;Rosemount:2;Woodbury:3
Surly Niiice Light Lime 12pk 16oz can,Craft,Artisan Beer,30,1.6,18.5,10.93,15.99,,32,,4,34,Rosemount:6;Minneapolis:9;Woodbury:15
Cutwater Peach Margarita 4pk 12oz can,RTD,"Capitol Beverage Sales, L.P.",218,1.6,137.4,9.86,13.99,11.96,30,,6,24,Woodbury:39;St. Louis Park:51;Minneapolis:128
Quirk Whip Seltzer Variety 12pk 12oz can,Seltzer,,11,1.6,6.7,13.58,20.99,,35,,6,26,Osseo:1;Blaine:2;St. Louis Park:8
Leinenkugel's Tropical Hazy IPA 19.2oz can,Single Serve,,4,1.6,2.4,2.23,3.49,,36,,9,12,Woodbury:4
Venn Pineapple Northodox 4pk 16oz can,Craft,Venn Brewing Co.,7,1.6,4.3,11.17,16.99,,34,,5,30,Woodbury:1;Rosemount:6
Junkyard Caesar Corey 4pk 16oz can,Craft,Junkyard Brewing Company,0,1.6,0.0,11.17,15.99,,30,,9,12,
Bud Light Rita Lime 12pk 8oz can,FMB,,25,1.6,16.1,8.15,11.99,,32,,4,32,Osseo:7;Andover:8;Blaine:10
Beatbox Lemonade Variety 6pk 500ml,RTD,"Capitol Beverage Sales, L.P.",7,1.6,4.4,13.97,19.99,17.96,30,,8,15,Woodbury:3;Minneapolis:4
Boulevard Quirk Rocket Pop 12pk 12oz can,Seltzer,,26,1.6,16.2,13.45,20.99,,36,,7,20,Blaine:1;Andover:18;St. Louis Park:7
Modist Watermeloncholy 4pk 16oz can,Craft,Modist Brewing Company,6,1.6,3.6,11.53,16.99,,32,,8,17,Stillwater:2;Osseo:4
Stone IPA Variety Pack 12pk 12oz can,Craft,,5,1.6,3.2,14.51,19.99,,27,,6,23,St. Louis Park:1;Blaine:4
Bent Paddle Cold Press 6pk 12oz can,Craft,Artisan Beer,21,1.6,13.2,10.14,15.99,,37,,8,15,Roseville:2;Andover:4;Chanhassen:4;Blaine:4;Rosemount:7
Elm Creek Geo Space 4pk 16oz can,Craft,Elm Creek Brewing Company,4,1.6,2.5,10.83,15.99,,32,,5,29,St. Louis Park:1;Bloomington:3
Blue Moon 6pk 12oz can,Craft,,26,1.6,15.8,7.67,10.99,,30,,8,17,Andover:6;St. Louis Park:15;Bloomington:5
Junkyard Binford 6100 4pk 16oz can,Craft,Junkyard Brewing Company,7,1.6,4.4,12.0,16.99,,29,,9,11,Rosemount:3;Roseville:4
Indeed Peach Bum 4pk 16oz can,Craft,"Hohensteins, Inc.",5,1.6,3.1,9.78,13.99,,30,,6,25,Blaine:2;Cottage Grove:3
Miller High Life 24pk 16oz can,Below Premium,,-101,1.6,-62.4,15.23,26.99,,44,,6,25,
Good Boy Vodka John Daly Tea 4pk 12oz can,RTD,,18,1.6,10.9,8.04,12.74,10.96,37,,6,26,Blaine:1;Woodbury:17
Deschutes Fresh Squeezed IPA 12pk 12oz btl,Craft,,6,1.6,3.8,14.51,23.99,19.96,40,,7,19,Blaine:5;Chanhassen:1
Oliphant Brewing Co Strawberry Pickle Beer 4pk 16oz can,Craft,Mega Beer LLC,4,1.6,2.5,9.17,12.99,,29,,7,19,Roseville:4
O'Douls N/A 12pk 12oz can,Premium,,13,1.6,8.0,12.3,18.99,15.96,35,,8,16,Osseo:1;Chanhassen:2;Ramsey:3;Blaine:3;Vadnais Heights:4
Steel Toe Piper Pale Ale 6pk 12oz can,Craft,Steel Toe Brewing,4,1.5,2.6,9.5,13.99,,32,,9,9,Chanhassen:1;St. Louis Park:3
Bauhaus Lounge Wizard 6pk 12oz can,Craft,Artisan Beer,3,1.5,2.0,10.0,14.99,,33,,7,16,St. Louis Park:3
Modist Skull Seltzer Pineapple Key Lime Sea Salt 4pk 16oz can,Craft,Modist Brewing Company,55,1.5,37.6,8.58,15.99,12.96,46,,6,20,Rosemount:9;Roseville:23;Woodbury:23
Modist Skoloft Consolation Lager 4pk 16oz can,Craft,Modist Brewing Company,27,1.5,17.5,9.22,12.99,,29,,9,9,Rosemount:8;Woodbury:8;Roseville:11
"Lupulin Dragons, Yes 4pk 16oz can",Craft,McDonald Distributing Co dba Clear River Beverage,2,1.5,1.3,14.63,20.99,,30,,6,21,Osseo:2
Carlsberg Lager 4pk 16oz can,Import,"Breakthru Beverage Minnesota Beer, LLC",12,1.5,7.8,6.73,7.99,,16,,5,27,Minneapolis:12
Samuel Adams Gold Rush N/A 6pk 12oz can,Craft,"Breakthru Beverage Minnesota Beer, LLC",17,1.5,11.3,7.7,12.49,10.96,38,,5,26,Stillwater:2;Osseo:4;Rosemount:15
Best Day Brewing N/A West Coast IPA 6pk 12oz can,Craft,,15,1.5,9.9,7.92,13.79,11.96,43,,5,26,Roseville:4;Minnetonka:5;Woodbury:6
War Pigs Foggy Geezer 4pk 16oz can,Craft,,7,1.5,4.6,8.25,10.99,,25,,8,13,Vadnais Heights:7
Smirnoff Ice Green Apple 6pk 12oz btl,FMB,"Breakthru Beverage Minnesota Beer, LLC",22,1.5,14.9,7.61,10.99,,31,,5,25,Roseville:6;St. Louis Park:7;Bloomington:9
Pizza Port Bacon & Eggs 6pk 16oz can,Craft,McDonald Distributing Co dba Clear River Beverage,3,1.5,2.0,14.58,19.99,,27,,7,17,Plymouth:1;Blaine:2
Firestone Walker 805 Cerveza 6pk 12oz btl,Craft,Artisan Beer,13,1.5,8.7,8.05,10.99,,27,,6,21,St. Louis Park:2;Minneapolis:5;Rosemount:6
Venn Cosmosis Pacific Punch 4pk 16oz can,Craft,Venn Brewing Co.,12,1.5,8.0,13.17,19.99,,34,,6,21,Andover:2;Roseville:2;Woodbury:8
Toppling Goliath Pseudo Sue 19.2oz can,Micro Brews,Artisan Beer,0,1.5,0.0,2.5,3.99,,37,,8,12,
Fair State Party Forward 12pk 12oz can,Craft,Bernicks,7,1.5,4.6,15.3,21.99,,30,,6,22,St. Louis Park:7
Coronado Rotator 4pk 16oz can,Craft,McDonald Distributing Co dba Clear River Beverage,0,1.5,0.0,11.08,12.99,,15,,7,18,
56 Brewing Crispy Business 4pk 16oz can,Craft,56 Brewing,14,1.5,9.3,7.87,9.99,,21,,7,17,Chanhassen:3;Osseo:5;Roseville:6
Good Boy Water Hazard 6pk 12oz can,RTD,"College City Beverage, Inc.",15,1.5,9.7,12.38,12.99,10.96,5,,9,9,Woodbury:15
Elysian Seasonal 6pk 12oz btl,Craft,"College City Beverage, Inc.",5,1.5,3.4,8.78,12.99,,32,,8,11,Cottage Grove:5
Summit Lager Light 12pk 16oz can,Craft,,15,1.5,10.0,13.2,19.99,16.96,34,,6,21,Woodbury:4;Blaine:3;Vadnais Heights:8
2 Towns Ciderhouse Cosmic Exlporer 6pk 12oz can,Cider,2 Towns,10,1.4,7.2,10.25,13.99,,27,,5,22,Stillwater:1;St. Louis Park:2;Woodbury:3;Roseville:4
Insight Bold Italic West Coast IPA 4pk 16oz can,Craft,Insight Brewing Company (D),-1,1.4,-0.7,11.16,16.99,,34,,3,33,Blaine:1;Minnetonka:3
"Firestone Walker Cali Squeeze Blood Orange
12pk 12oz can

",Craft,,12,1.4,8.4,15.15,17.49,14.96,13,,6,19,Woodbury:1;Stillwater:6;Vadnais Heights:6
Surfside Peach Tea 4pk 12oz can,Seltzer,"Capitol Beverage Sales, L.P.",8,1.4,5.6,7.5,11.99,9.96,37,,6,19,Bloomington:8
Prairie Artisan Rainbow Sherbet 4pk 12oz can,Craft,,13,1.4,9.2,8.64,10.99,,21,,5,23,Andover:1;Roseville:5;Blaine:7
Two Chicks Vodka CuTea 4pk 12oz can,RTD,Phillips Wine & Spirits - St. Paul,48,1.4,34.7,7.35,12.99,10.96,43,3 free on 20,5,22,Minnetonka:2;Rosemount:2;Woodbury:4;St. Louis Park:4;Cottage Grove:5;Stillwater:5;Andover:6;Blaine:6;Roseville:6;Vadnais Heights:8
Stone Delicious Variety 12pk 12oz can,Craft,,10,1.4,6.9,14.14,19.99,,29,,7,15,Rosemount:2;Andover:4;St. Louis Park:4
Fulton Hard Seltzer Blood Orange 12pk 12oz can,Seltzer,"Hohensteins, Inc.",8,1.4,5.9,14.3,20.99,,32,,5,21,Cottage Grove:1;Rosemount:1;Plymouth:2;Blaine:6
Pilsner Urquell 12pk 12oz btl,Import,,18,1.4,13.0,14.99,20.99,,29,,5,22,Blaine:7;Woodbury:11
Tsingtao 6pk 12oz btl,Import,,9,1.4,6.6,9.75,14.99,,35,,8,8,Minneapolis:8;Rosemount:1
Founders All Day IPA 19.2oz can,Single Serve,"Hohensteins, Inc.",18,1.4,12.7,1.89,3.49,,46,,7,14,Woodbury:1;Rosemount:4;Roseville:13
New Belgium Voodoo Hard Tea Lemon 24oz can,Single Serve,"Breakthru Beverage Minnesota Beer, LLC",46,1.4,33.2,2.35,3.99,,41,,3,31,Chanhassen:1;Stillwater:1;Roseville:7;Vadnais Heights:9;Rosemount:11;St. Louis Park:11;Bloomington:20
Lagunitas Spritz Refresher 6pk 12oz can,Craft,"Hohensteins, Inc.",10,1.4,7.2,7.0,12.99,10.96,46,,7,13,Plymouth:2;Blaine:4;Vadnais Heights:4
Stone Arrogant Bastard 6pk 16oz can,Craft,,12,1.4,8.3,10.5,14.99,,30,,7,15,Andover:3;St. Louis Park:4;Blaine:5
Labatt Blue N/A 6pk 12oz btl,Import,,9,1.4,6.5,6.44,11.49,9.96,44,,7,13,Blaine:4;St. Louis Park:5
Busch Light 6pk 12oz btl,Below Premium,,18,1.4,12.6,6.65,9.99,,33,,6,19,Osseo:3;Andover:5;Plymouth:6;Woodbury:4
Pryes Cartographer Beach Party 4pk 16oz can,Craft,"Pryes Brewing Company, LLC",0,1.4,0.0,13.33,18.99,,30,,6,18,St. Louis Park:1
Pryes Course Correct 4pk 16oz can,Craft,,17,1.4,12.1,8.4,13.79,11.96,39,,6,18,Ramsey:3;St. Louis Park:5;Roseville:9
MXD Blue Hawaiian 4pk 12oz can,Seltzer,"Breakthru Beverage Minnesota Beer, LLC",26,1.4,18.2,6.08,9.49,7.96,36,,8,10,Minneapolis:26
RetroNOME West Coast IPA 4pk 16oz can,Craft,MetroNOME Brewery,1,1.4,0.7,9.33,12.99,,28,,6,17,Roseville:1
Paulaner Oktoberfest Marzen 6pk 11oz btl,Import,"Hohensteins, Inc.",7,1.4,5.0,9.75,12.99,,25,,6,18,Woodbury:3;Rosemount:4
Leinenkugel's Original 12pk 12oz btl,Craft,,12,1.4,8.3,10.53,13.99,,25,,5,24,Blaine:3;Plymouth:3;Andover:5;Vadnais Heights:1
Urban Growler Minnow Bite 4pk 16oz can,Craft,Urban Growler Brewing Company,16,1.4,11.2,8.03,12.99,,38,,6,19,St. Louis Park:1;Roseville:3;Rosemount:4;Woodbury:8
Samuel Smith Nut Brown Ale 4pk 15oz can,Import,"Breakthru Beverage Minnesota Beer, LLC",24,1.4,17.0,10.79,14.99,,28,,7,14,Rosemount:4;St. Louis Park:8;Blaine:12
Big Wood Amigo Grande 4pk 16oz can,Craft,"Breakthru Beverage Minnesota Beer, LLC",13,1.4,9.6,8.99,12.99,,31,,5,21,Roseville:5;Vadnais Heights:8
Grain Belt Nordeast 12pk 12oz can,Premium,,11,1.4,7.9,11.63,14.99,,22,,6,18,Andover:11
Duvel Belgian Golden Ale 4pk 12oz btl,Import,,13,1.4,9.0,13.55,18.99,,29,,7,15,Chanhassen:1;Rosemount:2;Minnetonka:3;St. Louis Park:3;Cottage Grove:4
Steel Reserve Spiked Cherry Slushie 24oz can,Single Serve,Bernicks,16,1.4,11.3,1.37,2.99,,54,,7,14,Andover:16
Ursa Minor Glamping,Micro Brews,,-12,1.4,-8.5,10.0,11.99,,17,,5,23,St. Louis Park:3
Kona Longboard Island Lager 6pk 12oz btl,Craft,,22,1.4,15.9,7.82,10.99,,29,,3,31,Vadnais Heights:3;Osseo:4;St. Louis Park:6;Blaine:9
Schofferhofer Grapefruit 4pk 16oz can,Import,,22,1.4,15.7,8.0,12.99,,38,,4,27,Rosemount:9;Bloomington:13
Ursa Minor Oktoberfest 4pk 16oz can,Craft,,-13,1.4,-9.4,9.43,13.99,,33,,7,13,
Urban Growler Pumpkin Spice Scotch ale 4pk 16oz can,Craft,Urban Growler Brewing Company,-8,1.4,-5.8,10.67,15.99,,33,,8,8,
Falling Knife Convivio - Italian Pilsner 4pk 16oz can,Craft,,4,1.4,3.0,9.17,11.99,,24,,5,21,Roseville:4
Falling Knife Day Dreaming 4pk 16oz can,Craft,Falling Knife Brewing Company,326,1.4,235.5,9.38,14.99,,37,,5,22,Plymouth:6;Ramsey:13;Cottage Grove:17;Rosemount:19;Andover:24;Blaine:31;Vadnais Heights:36;Roseville:55;St. Louis Park:58;Woodbury:67
Bell's Best Brown Ale 6pk 12oz can,Craft,"Hohensteins, Inc.",8,1.4,5.8,9.1,12.99,,30,,8,8,Rosemount:2;Cottage Grove:6
Jameson Orange Spritz 4pk 12oz can,RTD,Southern Glazer's Wine & Spirits of MN,8,1.4,5.7,8.17,14.99,12.96,45,,7,14,Woodbury:1;Vadnais Heights:2;Rosemount:5
Weldwerks Extra Extra Juicy Bits 4pk 16oz can,Craft,,4,1.3,3.1,15.0,18.99,,21,,7,10,Andover:4
56 Brewing Rotating 6pk 12oz can,Craft,,4,1.3,3.1,13.1,18.99,,31,,6,14,Ramsey:1;Woodbury:3
Junkyard Coin Operated 4pk 16oz can,Craft,Junkyard Brewing Company,1,1.3,0.8,12.0,16.99,,29,,7,11,Roseville:1
Welch's Vodka Transfusion 4pk 12oz can,Craft,"Capitol Beverage Sales, L.P.",16,1.3,12.2,7.92,10.99,,28,,4,24,Blaine:16
Alesmith Speedway Stout 4pk 16oz can,Craft,,43,1.3,33.7,10.78,14.99,,28,,6,14,Plymouth:4;Osseo:4;St. Louis Park:5;Vadnais Heights:6;Andover:7;Ramsey:7;Rosemount:10
Klockow Supply Line 4pk 16oz can,Craft,,6,1.3,4.5,11.5,13.99,,18,,6,16,Woodbury:2;St. Louis Park:5
Big Wood Cabin Daze 4pk 16oz can,Craft,"Breakthru Beverage Minnesota Beer, LLC",12,1.3,9.1,9.03,12.99,,30,,5,20,Roseville:6;Woodbury:6
Sapporo 6pk 12oz can,Import,,-16,1.3,-12.7,6.66,10.99,,39,,5,18,Minnetonka:4
Big Wood Fine IPA 4pk 16oz can,Craft,"Breakthru Beverage Minnesota Beer, LLC",16,1.3,12.0,8.89,12.99,,32,,6,16,Roseville:2;Vadnais Heights:4;Woodbury:10
Red Stripe 12pk 12oz btl,Import,Bernicks,13,1.3,9.8,12.37,17.99,,31,,5,20,Blaine:4;Bloomington:9
GhostFish Meteor Shower Pale Lager 4pk 12oz can,Craft,McDonald Distributing Co dba Clear River Beverage,20,1.3,15.0,10.46,14.99,,30,,6,16,Roseville:6;Rosemount:6;Andover:8
Gluek Cream Ale 4pk 16oz can,Premium,,10,1.3,7.5,8.33,8.99,,7,,6,16,Roseville:6;Andover:4
Drekker Chonk Sour 4pk 16oz can,Craft,,0,1.3,0.0,17.44,23.99,,27,,4,23,Cottage Grove:3;Stillwater:3
Big Wood Jack Savage 4pk 16oz can,Craft,"Breakthru Beverage Minnesota Beer, LLC",9,1.3,7.0,8.84,12.99,,32,,5,19,Woodbury:9
Indeed Day Tripper 12pk 12oz can,Craft,"Hohensteins, Inc.",5,1.3,3.7,15.38,22.99,19.96,33,,4,25,Woodbury:1;Roseville:4
Moose Lake Lazy Days Juicy Hazy IPA 4pk 16oz can,Craft,Moose Lake Brewing Co.,12,1.3,9.3,12.0,16.99,,29,,7,10,Rosemount:4;Woodbury:8
Drekker SMOL Blue Razz�4pk 12oz can,Craft,,11,1.3,8.2,10.12,13.99,,28,,6,16,St. Louis Park:2;Roseville:5;Osseo:6
Modist Supra Light 6pk 12oz can,Craft,Modist,12,1.3,9.0,6.21,9.99,8.96,38,,6,16,Vadnais Heights:5;Woodbury:7
Indeed Brightside 12pk 12oz can,Craft,"Hohensteins, Inc.",4,1.3,3.0,15.0,22.99,19.96,35,,4,25,St. Louis Park:1;Roseville:3
Surly Hell 4pk 16oz can,Craft,,4,1.3,3.0,7.69,10.99,,30,,4,25,Blaine:4
Portage Sauna Water 6pk 12oz can,Craft,,11,1.3,8.2,13.57,18.99,,29,,6,16,Roseville:1;Rosemount:2;Andover:2;Blaine:3;Vadnais Heights:3
Elm Creek Light Lime 4pk 16oz can,Craft,Elm Creek Brewing Company,9,1.3,7.0,6.0,8.99,,33,,7,10,Minnetonka:2;Roseville:3;Cottage Grove:4
Twisted Shotz B-52,RTD,"Breakthru Beverage Minnesota Wine & Spirits, LLC",20,1.3,15.3,3.96,6.99,4.96,43,5cs mix and match of 4pks in a month,4,24,Blaine:1;Minneapolis:5;Bloomington:15
Sociable Cider Werks Punchy 4pk 12oz can,Cider,Sociable Cider Werks,37,1.3,28.3,7.17,12.49,9.96,43,,4,24,St. Louis Park:2;Woodbury:6;Rosemount:12;Bloomington:17
Clausthaler IPA N/A 6pk 11oz btl,Import,,22,1.3,16.6,8.76,14.99,12.96,42,,5,20,Chanhassen:3;Roseville:3;Rosemount:5;St. Louis Park:6;Plymouth:1;Blaine:4
New Belgium Hard Charging Tea Variety Pack #2 12pk 12oz can,FMB,,1,1.3,0.8,13.08,19.99,16.96,35,,7,10,Minneapolis:7
Dirty Shirley Cherry Vanilla 4pk 12oz can,RTD,Southern Glazer's Wine & Spirits of MN,20,1.3,15.9,7.63,12.49,10.96,39,,5,18,Stillwater:3;Plymouth:5;Minnetonka:6;Blaine:6
Toppling Goliath Pseudo Alien DIPA 4pk 16oz can,Craft,Artisan Beer,1,1.3,0.8,13.85,19.99,,31,,5,19,St. Louis Park:1
Simply Spiked Strawberry Lemonade 24oz can,Single Serve,,7,1.3,5.4,2.4,4.49,,47,,6,15,Andover:7
Sierra Nevada Mellow Little Thing Hazy IPA 6pk 12oz can,Craft,"Breakthru Beverage Minnesota Beer, LLC",6,1.3,4.5,8.45,11.99,,30,,5,20,Blaine:6
Seattle Cider Dry 6pk 12oz can,Cider,"Breakthru Beverage Minnesota Beer, LLC",6,1.3,4.8,10.0,14.99,,33,,5,18,St. Louis Park:6
Wild State Rotating Variety Pack 9pk 12oz can,Cider,"College City Beverage, Inc.",12,1.3,9.2,18.13,22.99,,21,,6,15,Ramsey:3;Andover:5;Woodbury:6
Warsteiner Dunkel 4pk 16oz can,Import,Old World Beers,7,1.3,5.3,8.0,11.99,,33,,7,11,St. Louis Park:7
1911 Original Cider 4pk 16oz can,Cider,Artisan Beer,41,1.3,31.4,9.44,14.99,,37,,6,15,St. Louis Park:4;Cottage Grove:8;Minneapolis:8;Woodbury:9;Roseville:12
3 Floyds Gumball Head 6pk 12oz can,Craft,,4,1.3,3.1,9.0,12.99,,31,,5,19,Roseville:2;St. Louis Park:2
Blackstack Nopes NA Pilsner 4pk 16oz can,Craft,"Black Stack Brewing, Inc",3,1.3,2.3,10.0,14.99,,33,,5,19,Plymouth:3
Back Channel Thought Lock 4pk 16oz can,Micro Brews,Back Channel Brewing Co.,1,1.3,0.8,12.17,17.99,,32,,1,36,Roseville:1
Smirnoff Ice Raspberry 6pk 12oz btl,FMB,,49,1.3,38.9,4.88,10.99,,56,,5,18,Blaine:49
Duluth Cider Raspberry Splash 4pk 12oz can,Cider,Dahlheimer Beverage Monticello,0,1.3,0.0,11.5,16.99,,32,,6,14,
Founders Mortal Bloom Imperial Thorn IPA 6pk 12oz can,Craft,"Hohensteins, Inc.",0,1.3,0.0,7.31,11.99,,39,,0,41,
Leinenkugel's Summer Shandy 19.2oz can,Single Serve,"Breakthru Beverage Minnesota Beer, LLC",493,1.2,406.3,0.49,3.49,,86,,4,21,Cottage Grove:10;Minneapolis:483
Lift Bridge Good Company IPA 6pk 12oz can,Micro Brews,"Capitol Beverage Sales, L.P.",16,1.2,13.2,8.5,12.99,,35,,4,21,Rosemount:2;Plymouth:5;Woodbury:9
Steel Toe Festbier�6pk 12oz can,Craft,Steel Toe Brewing,1,1.2,0.8,9.5,13.99,,32,,7,7,Andover:1
Bell's Amber Ale 6pk 12oz btl,Craft,"Hohensteins, Inc.",4,1.2,3.5,9.0,12.99,,31,,4,19,Roseville:4
Oliphant Brewing Co Blizzard of 91 Brown Ale 4pk 16oz can,Craft,Mega Beer LLC,6,1.2,5.0,11.58,15.99,,28,,7,7,St. Louis Park:1;Vadnais Heights:3;Woodbury:4
Ole Smoky Blackberry Lemonade 4pk 12oz can,RTD,Southern Glazer's Wine & Spirits of MN,7,1.2,5.6,9.85,14.99,12.96,34,,4,22,Plymouth:1;Chanhassen:3;Blaine:3
Oliphant Brewing Dracula Weed IPA 4pk 16oz can,Craft,,37,1.2,30.9,9.17,13.99,,34,,5,16,Ramsey:1;Blaine:3;Rosemount:4;Roseville:4;Plymouth:10;St. Louis Park:15
Luce Line Greens Fee 4pk 16oz can,Craft,Luce Line Brewing,13,1.2,10.6,10.33,15.99,,35,,5,17,St. Louis Park:2;Andover:5;Blaine:6
Beatbox Strawberry Kiwi 500ml,Single Serve,"College City Beverage, Inc.",22,1.2,17.9,2.23,4.49,3.96,50,,5,17,Rosemount:23
Moose Lake Rotator 4pk 16oz can,Craft,Moose Lake Brewing Co.,5,1.2,4.2,9.0,12.99,,31,,5,16,Rosemount:6
Back Channel Good Fun 4pk 16oz can,Craft,Back Channel Brewing Co.,0,1.2,0.0,7.5,9.99,,25,,3,24,
Bent Paddle Smash Pumpkin 6pk 12oz can,Craft,Artisan Beer,9,1.2,7.5,10.0,14.99,,33,,7,7,Blaine:1;Andover:2;Rosemount:6
Insight Avant Dry-Hopped Pilsner 4pk 16oz can,Craft,,4,1.2,3.3,7.66,10.99,,30,,7,8,Roseville:1;Bloomington:3
Insight Stratarama DDH Hazy IPA 4pk 16oz can,Craft,Insight,12,1.2,10.4,11.35,16.99,,33,,0,37,Osseo:1;Vadnais Heights:3;Blaine:5;Minnetonka:5
Arnold Palmer Spiked Lite Half & Half 24oz can,Single Serve,,14,1.2,12.2,2.5,4.49,,44,,4,19,Blaine:14
Dillons Gin Cocktail Variety Pack 8pk 12oz can,RTD,"Breakthru Beverage Minnesota Beer, LLC",7,1.2,5.9,16.42,19.99,,18,,4,20,St. Louis Park:4;Woodbury:6
Ciderboys First Press 6pk 12oz can,Cider,"College City Beverage, Inc.",7,1.2,5.6,8.25,10.99,,25,,6,13,Blaine:7
Elm Creek Muligans 4pk 16oz can,Craft,,24,1.2,20.6,11.78,15.99,,26,,5,15,Andover:1;Woodbury:5;Minnetonka:8;Cottage Grove:10
BlackStack Spaghetti Western 4pk 16oz can,Micro Brews,Artisan Beer,0,1.2,0.0,9.83,14.99,,34,,0,37,
Paulaner Variety Pack 12pk 11oz btl,Import,,23,1.2,19.2,10.0,18.99,,47,,1,34,Osseo:1;Plymouth:1;Vadnais Heights:1;Blaine:4;Rosemount:16
Ciderboys Variety Pack 12pk 12oz can,Cider,,10,1.2,8.2,14.75,21.99,,33,,6,12,Blaine:10
Back Channel Schlager 4pk 16oz can,Craft,Back Channel Brewing Co.,5,1.2,4.2,8.33,12.99,,36,,7,7,St. Louis Park:5
Best Day Brewing N/A Kolsch 6pk 12oz can,Craft,,21,1.2,17.3,7.9,11.99,11.96,34,,6,12,Cottage Grove:1;St. Louis Park:2;Vadnais Heights:4;Woodbury:6;Blaine:8
Redd's Apple Ale 12pk 12oz btl,FMB,,12,1.2,10.2,12.92,20.99,,38,,6,11,Blaine:12
Modist Ghost Vision Mosaic Cashmere DDH Hazy IPA 4pk 16oz can,Craft,Modist Brewing Company,7,1.2,5.9,10.44,15.99,,35,,0,38,Chanhassen:1;Minnetonka:3;Woodbury:3
Surly Outlook Good N/A Oatmeal Ale 6pk 12oz can,Craft,Artisan Beer,6,1.2,5.2,8.46,10.99,,23,,4,19,Rosemount:3;Roseville:3
Modelo Especial,Import,,-33,1.2,-26.5,0.18,2.29,,92,,6,13,
Earth Rider Caribou Lake IPA 6pk 12oz can,Micro Brews,"Earth Rider Brewing, LLC",24,1.2,20.3,8.75,12.99,,33,,6,11,Roseville:24
Bud Select 55 24pk 12oz can,Premium,"College City Beverage, Inc.",6,1.2,5.0,19.78,24.99,,21,,5,16,Rosemount:2;Blaine:4
Drekker Sticky Digits 4pk 16oz can,Micro Brews,Mega Beer LLC,5,1.2,4.2,12.38,17.99,,31,,7,7,Andover:2;Roseville:3
3 Floyds Otters 6pk 12oz btl,Craft,"College City Beverage, Inc.",-11,1.2,-9.2,8.65,12.99,,33,,7,7,
Keystone Light 6pk 16oz can,Below Premium,,11,1.2,9.0,5.8,7.99,,27,,5,17,Andover:4;Blaine:7
2 Towns Cider Pacific Pineapple 6pk 12oz can,Cider,2 Towns,32,1.2,26.4,8.77,12.99,,33,,4,21,Woodbury:2;Roseville:2;Blaine:3;Vadnais Heights:4;Andover:5;Bloomington:7;Rosemount:10
Barrel Theory DDH Educated Wish 4pk 16oz can,Craft,Barrel Theory Beer Company,1,1.2,0.8,14.83,20.99,,29,,1,35,Roseville:1
Venn Gold 4pk 16oz can,Micro Brews,,10,1.2,8.5,6.17,8.99,,31,,4,20,St. Louis Park:4;Woodbury:6
Bent Paddle Bent Hop IPA 12pk 12oz can,Craft,Artisan Beer,13,1.2,11.1,14.02,21.99,,36,,5,15,Blaine:6;Vadnais Heights:7
Michelob Ultra Organic Seltzer Signature 12pk 12oz can,Seltzer,,15,1.2,12.5,14.51,19.99,,27,,3,25,Ramsey:6;Andover:6;Woodbury:3
Shipyard Pumpkinhead 6pk 12oz can,Micro Brews,"Hohensteins, Inc.",0,1.2,0.0,9.0,14.99,,40,,6,12,
2 Towns Bad Apple 4pk 12oz can,Craft,McDonald Distributing Co dba Clear River Beverage,7,1.1,6.4,10.0,13.99,,29,,6,8,Andover:7
Bud Light Lime-A-Rita 4pk 16oz can,FMB,,11,1.1,9.8,6.51,9.99,,35,,4,18,Blaine:5;Cottage Grove:6
Toppling Goliath Cyber Sue 19.2oz can,Single Serve,Artisan Beer,-7,1.1,-6.6,2.5,3.46,,28,,6,7,
Deschutes Black Butte Porter 6pk 12oz can,Craft,"Breakthru Beverage Minnesota Beer, LLC",16,1.1,14.7,7.7,10.99,,30,,4,17,Roseville:4;Vadnais Heights:5;St. Louis Park:7
1911 Cider Orange Creamsicle 4pk 16oz can,Cider,Artisan Beer,4,1.1,3.6,10.0,14.99,,33,,3,22,St. Louis Park:2;Woodbury:2
Schell's No Frills German Pilsner 12pk 12oz can,Craft,,-1,1.1,-0.9,13.2,18.99,,30,,5,12,
GhostFish Shrouded Summit Belgian White Ale 4pk 12oz can,Craft,McDonald Distributing Co dba Clear River Beverage,22,1.1,19.6,10.32,14.99,,31,,4,18,Andover:4;Roseville:7;Rosemount:11
Great Lakes Eliot Ness 6pk 12oz can,Craft,,10,1.1,9.1,7.5,10.99,,32,,5,13,Vadnais Heights:8;Roseville:2
Leinenkugel's Northwoods 6pk 12oz btl,Craft,,0,1.1,0.0,4.09,10.99,,63,,5,12,
Molson Canadian 24pk 12oz can,Import,"Breakthru Beverage Minnesota Beer, LLC",9,1.1,7.9,19.6,24.99,,22,,3,23,Blaine:4;Osseo:5
Samuel Adams Boston/Winter 12pk 12oz can,Craft,"Breakthru Beverage Minnesota Beer, LLC",22,1.1,19.4,13.6,21.74,18.96,37,,5,14,Blaine:23
Sierra Nevada N/A Hazy IPA 6pk 12oz can,Craft,,8,1.1,7.5,8.45,11.99,10.96,30,,5,12,Blaine:1;Andover:3;Chanhassen:4
Arbeiter Oktoberfest 4pk 16oz can,Craft,"Arbeiter Brewing Company, LLC",3,1.1,2.7,10.0,14.99,,33,,6,9,St. Louis Park:3
NUTRL Pineapple 24oz can,Single Serve,,32,1.1,29.0,3.35,4.99,,33,,3,22,Vadnais Heights:1;Ramsey:4;Plymouth:20;Rosemount:7
Absolut Mango Mule 4pk 12oz can,RTD,Southern Glazer's Wine & Spirits of MN,-4,1.1,-4.4,6.59,12.49,10.96,47,,5,14,St. Louis Park:4
Alaskan Amber 12pk 12oz btl,Craft,,5,1.1,4.7,13.43,17.99,,25,,4,16,Andover:1;Blaine:4
Modelo Chelada Negra Con Chile 24oz can,Import,"Breakthru Beverage Minnesota Beer, LLC",40,1.1,36.7,2.35,3.49,,33,,4,17,St. Louis Park:18;Minneapolis:22
Earth Rider Superior Pale Ale 6pk 12oz can,Micro Brews,"Earth Rider Brewing, LLC",7,1.1,6.3,8.75,12.99,,33,,5,13,Roseville:7
Modist Teal Label 12pk 12oz can,Craft,Modist Brewing Company,1,1.1,0.9,12.3,16.99,,28,,5,13,Rosemount:1
Castle Danger Lager Royale 12pk 12oz can,Craft,Bernicks,11,1.1,10.2,14.81,21.99,,33,,1,30,Plymouth:3;Andover:8
Founders Seasonal 4pk 12oz btl,Craft,,13,1.1,11.9,7.47,10.99,,32,,6,8,Roseville:2;Minnetonka:4;Ramsey:7
Fulton Hop Kingdom 300 IPA 6pk 12oz can,Craft,,6,1.1,5.7,7.5,10.99,,32,,4,16,Roseville:1;Cottage Grove:5
Back Channel Jagr 4pk 16oz can,Craft,Back Channel Brewing Co.,25,1.1,23.0,8.21,10.99,,25,,4,17,Blaine:6;Minnetonka:8;Bloomington:11
Venn Creamium 4pk 16oz can,Craft,Venn Brewing Co.,0,1.1,0.0,9.3,13.99,,33,,5,13,
Pabst Blue Ribbon 12pk 12oz btl,Below Premium,,13,1.1,12.1,10.19,13.99,,27,,3,21,Vadnais Heights:8;St. Louis Park:5
Elm Creek Lil Snit 6pk 8oz can,Craft,Dahlheimer Beverage Monticello,23,1.1,21.7,6.0,8.99,,33,,4,16,Woodbury:2;St. Louis Park:8;Roseville:13
Mckenzie's Original Hard Cider 6pk 12oz btl,Cider,Do Not Use - Clear River Beverage,2,1.1,1.8,8.75,12.99,,33,,6,8,Woodbury:2
Portage Lakefellow IPA 4pk 16oz can,Craft,,15,1.1,13.2,11.1,17.99,,38,,5,14,Blaine:3;Chanhassen:6;Ramsey:6
Steel Toe Size 7 22oz btl,Single Serve,,3,1.1,2.8,5.0,5.99,,17,,5,12,Roseville:3
Blackstack Dolcita But Make It Pop 4pk 16oz can,Craft,Artisan Beer,1,1.1,0.9,12.3,17.99,,32,,4,16,Osseo:1
Coronado Aloha Warrior 4pk 16oz can,Craft,McDonald Distributing Co dba Clear River Beverage,1,1.1,0.9,12.0,11.99,,0,,4,18,Blaine:1
Coors Light 16 Gallon,Premium,,24,1.1,22.0,121.79,149.99,,19,,4,17,Andover:1;Stillwater:1;Minneapolis:4;Blaine:21
Falling Knife Sommersend Marzen Lager 4pk 16oz can,Craft,Falling Knife Brewing Company,0,1.1,0.0,9.33,14.99,,38,,5,12,
Busch 12pk 12oz can,Below Premium,,36,1.1,34.0,10.67,14.99,,29,,4,16,Osseo:4;Blaine:5;Minnetonka:5;Roseville:5;Plymouth:8;Rosemount:3;Cottage Grove:6
Lagunitas Maximus 6pk 12oz can,Craft,,-4,1.1,-3.7,7.5,12.99,10.96,42,,4,17,Osseo:2
Insight Trollway 12pk 12oz can,Craft,,3,1.1,2.6,13.47,18.99,8.98,29,,5,14,Roseville:4
Oliphant Summer Squishy 4pk 16oz can,Craft,,15,1.1,13.8,11.0,15.99,,31,,4,17,Stillwater:3;Ramsey:4;Woodbury:8
Oliphant Honees Honees 4pk 16oz can,Craft,,25,1.1,22.6,11.0,15.99,,31,,1,31,Stillwater:1;Blaine:4;Woodbury:4;Cottage Grove:5;Plymouth:11
Wooden Hill Mojito Seltzer 4pk 16oz can,Seltzer,,15,1.0,14.6,10.95,14.99,,27,,4,15,St. Louis Park:1;Rosemount:14
New Belgium Trippel 6pk 12oz btl,Craft,"Breakthru Beverage Minnesota Beer, LLC",3,1.0,3.1,8.45,11.99,,30,,3,18,Vadnais Heights:1;Cottage Grove:2
Sociable Cider Werks Skinny Tire 10pk 12oz can,Cider,,16,1.0,15.6,13.92,20.99,18.96,34,,4,15,St. Louis Park:10;Woodbury:6
Stiegl Grapefruit Radler 4pk 16oz can,Import,Bernicks,28,1.0,27.3,9.38,14.99,,37,,4,15,Bloomington:2;Minnetonka:2;Andover:5;Chanhassen:6;Minneapolis:13
Surly Hop Water 6pk 12oz can,Craft,,17,1.0,17.1,6.23,11.49,9.96,46,,4,14,Rosemount:2;Andover:4;Blaine:4;Ramsey:7
Bent Paddle Grapefruit Light Lager 12pk 12oz can,Craft,Artisan Beer,11,1.0,10.9,9.23,15.99,13.96,42,,3,19,Andover:2;St. Louis Park:9
Barrel Theory Watching in Slow Motion 4pk 16oz can,Craft,Barrel Theory Beer Company,0,1.0,0.0,12.0,16.99,,29,,2,24,
Surly Niiice Light Lime 4pk 16oz can,Craft,Artisan Beer,12,1.0,12.4,6.15,7.99,,23,,2,22,Bloomington:5;Vadnais Heights:7
Firestone Walker 805 Cerveza 24oz can,Single Serve,Artisan Beer,30,1.0,31.1,2.26,3.99,3.46,43,,4,13,Bloomington:8;Cottage Grove:11;Rosemount:11
Mike's Hard Zero Lemonade 6pk 12oz can,FMB,Dahlheimer Beverage Monticello,15,1.0,15.6,7.53,10.99,,32,,2,22,Andover:5;Blaine:10
Lvivske 1715 Classic Lager 4pk 16oz,Import,,14,1.0,14.1,10.0,11.99,,17,,4,14,Chanhassen:3;St. Louis Park:4;Plymouth:7
Allagash Ski House 12pk 12oz can,Craft,McDonald Distributing Co dba Clear River Beverage,0,1.0,0.0,13.5,24.99,,46,,3,20,
Vodkade Lemon Lime 4pk 12oz can,RTD,"Capitol Beverage Sales, L.P.",10,1.0,10.0,8.26,13.99,11.96,41,,4,14,Woodbury:3;St. Louis Park:7
Loon Juice Honey Crisp Haze 6pk 12oz can,Cider,,12,1.0,11.9,9.48,14.99,12.96,37,,5,10,Vadnais Heights:4;Roseville:8
Loon Juice Orange Agave 6pk 12oz can,Cider,,9,1.0,8.8,9.72,14.99,12.96,35,,4,15,Cottage Grove:3;Woodbury:6
Lytt Peach Mango 200ml can,Single Serve,"Breakthru Beverage Minnesota Beer, LLC",42,1.0,40.9,2.1,4.49,3.96,53,,6,6,Minneapolis:42
Lift Bridge Farm Day 12pk 12oz can,Craft,"Capitol Beverage Sales, L.P.",31,1.0,31.6,14.48,23.99,18.96,40,,3,18,Blaine:1;Roseville:1;Vadnais Heights:4;Bloomington:6;Stillwater:19
Barrel Theory Jagged Little Pils 4pk 16oz can,Craft,Barrel Theory Beer Company,0,1.0,0.0,10.83,15.99,,32,,6,6,
Bad Weather Festbier 6pk 12oz can,Craft,"Hohensteins, Inc.",7,1.0,7.1,8.4,11.99,,30,,5,9,Rosemount:3;Woodbury:4
Luce Line Ok Hazy IPA 4pk 16oz can,Craft,Luce Line Brewing,5,1.0,5.1,12.08,17.99,,33,,5,9,St. Louis Park:1;Woodbury:2;Bloomington:3
Luce Line Piedmont Czech Saaz 4pk 16oz can,Craft,Luce Line Brewing,-1,1.0,-1.0,7.45,10.99,,32,,3,18,
Venn Choconut Stout 4pk 16oz can,Craft,Venn Brewing Co.,4,1.0,4.1,12.0,16.99,,29,,4,13,St. Louis Park:2;Vadnais Heights:2
Urban Growler De-Lovely Porter 4pk 16oz can,Craft,,8,1.0,7.8,7.95,12.99,,39,,6,6,Roseville:1;St. Louis Park:8;Cottage Grove:11
Utepils Skolsch 4pk 16oz can,Craft,,20,1.0,20.4,9.76,14.99,,35,,5,9,Woodbury:2;Blaine:5;Roseville:6;Ramsey:7
Junkyard Secret Tiger 4pk 16oz can,Craft,Junkyard Brewing Company,3,1.0,2.9,12.0,16.99,,29,,4,15,Rosemount:3
Moose Lake Whiskey Chip Bourbon Stout 4pk 16oz can,Craft,Moose Lake Brewing Co.,9,1.0,8.9,16.0,22.99,,30,,5,10,Rosemount:9
Drekker Hauster Hosen Marzen 4pk 16oz can,Craft,Mega Beer LLC,0,1.0,0.0,10.88,15.99,,32,,6,6,
Dos Equis Lime & Salt N/A 6pk 12oz can,Import,"Breakthru Beverage Minnesota Beer, LLC",5,1.0,5.0,7.3,12.49,10.96,42,,4,14,St. Louis Park:1;Vadnais Heights:4
Monaco Classic Watermelon Margarita 12oz can,Single Serve,"Breakthru Beverage Minnesota Beer, LLC",8,1.0,8.2,2.89,3.49,2.96,17,,5,9,Rosemount:9;Woodbury:9;St. Louis Park:14
Blake's Hard Cider American Apple 6pk 12oz can,Cider,Blake's,5,1.0,5.0,9.03,12.99,,30,,4,14,Blaine:5
Oliphant Rusket Red 4pk 16oz can,Craft,,9,1.0,8.6,8.0,11.99,,33,,5,11,Roseville:1;Stillwater:4;Woodbury:4
Blacklist Peach Hazy IPA 4pk 12oz can,Craft,,11,1.0,11.4,7.97,10.99,,27,,4,13,Woodbury:4;Rosemount:7
Steel Toe Sommer Vice 6pk 12oz can,Craft,,9,1.0,8.6,9.28,9.99,,7,,3,20,Ramsey:9
Straffe Hendrik Triple 4pk 11oz btl,Import,Old World Beers,3,1.0,2.9,18.97,26.99,,30,,5,11,Plymouth:1;St. Louis Park:2
Spiral Brewing Foxtoberfest 4pk 16oz can,Craft,Spiral Brewery,5,1.0,4.9,10.33,13.99,,26,,6,6,Rosemount:6
Coronado Orange Ave 6pk 16oz can,Craft,McDonald Distributing Co dba Clear River Beverage,2,1.0,1.9,11.0,15.99,,31,,6,6,Blaine:2
Revolution Brewing League Of Heroes 12pk 12oz can,Craft,Artisan Beer,8,1.0,7.9,16.29,22.99,,29,,3,19,Vadnais Heights:2;Blaine:2;St. Louis Park:5
Sol Chelada 12pk 12oz can,Import,,8,1.0,7.9,14.6,14.99,,3,,5,10,Blaine:4;Bloomington:4
Crispin Imperial Apple Cider 4pk 16oz can,Cider,"Hohensteins, Inc.",5,1.0,5.2,10.5,14.99,,30,,4,13,Rosemount:5
Cutwater Chocolate Espresso Martini 4pk 12oz can,RTD,"Capitol Beverage Sales, L.P.",1,1.0,1.5,10.09,13.99,11.96,28,,5,9,Minneapolis:0;Andover:0;Woodbury:0;Stillwater:1;Chanhassen:2;St. Louis Park:2
Oliphant Super Squishy 4pk 16oz can,Craft,,22,1.0,21.4,11.0,15.99,,31,,4,15,Roseville:1;St. Louis Park:2;Woodbury:19
Coors Light 6pk 8oz btl,Premium,"Breakthru Beverage Minnesota Beer, LLC",6,1.0,5.9,5.11,7.99,,36,,5,10,Rosemount:1;Cottage Grove:5
Brooklyn Special Effects NA Variety 12pk 12oz can,Craft,"Hohensteins, Inc.",1,1.0,1.0,13.5,18.99,15.96,29,,4,13,Roseville:1
Simply Spiked Tropical Variety 12pk 12oz can,FMB,"Breakthru Beverage Minnesota Beer, LLC",16,1.0,16.6,13.18,19.99,,34,,2,22,Cottage Grove:1;Rosemount:2;Blaine:13
Absolut Ocean Spray Variety Pack 8pk 12oz can,RTD,Southern Glazer's Wine & Spirits of MN,10,0.9,11.1,13.18,23.99,19.96,45,,4,11,Chanhassen:2;Minnetonka:3;Blaine:5
Indeed Oktoberfest 12pk 12oz can,Craft,,-9,0.9,-10.2,15.0,22.99,19.96,35,,5,6,St. Louis Park:1
Topo Chico Margarita Max Strawberry 24oz can,Single Serve,Dahlheimer Beverage Monticello,6,0.9,6.9,2.43,4.49,,46,,4,10,St. Louis Park:6
Good Boy Vodka John Daly Raspberry Tea 4pk 12oz can,RTD,,23,0.9,25.1,8.54,12.99,10.96,34,,3,16,St. Louis Park:2;Woodbury:9;Stillwater:12
Toppling Goliath KrushMo Pseudo Sue 4pk 16oz can,Craft,Artisan Beer,1,0.9,1.2,13.85,19.99,,31,,5,5,Roseville:2
Luce Line Happily Hazy IPA 4pk 16oz can,Craft,Luce Line Brewing,-2,0.9,-2.3,12.81,18.99,,33,,5,5,St. Louis Park:3
GhostFish Grapefruit IPA 4pk 12oz can,Craft,McDonald Distributing Co dba Clear River Beverage,16,0.9,17.1,10.46,14.99,,30,,4,12,Roseville:4;Andover:5;Rosemount:7
56 Brewing Oktoberfest 4pk 16oz can,Craft,56 Brewing,1,0.9,1.2,10.0,12.99,,23,,5,5,St. Louis Park:1
Warsteiner Pilsner 4pk 16oz can,Import,Old World Beers,4,0.9,4.6,8.0,11.99,,33,,4,10,Rosemount:2;St. Louis Park:2
White Claw Surge Black Berry 16oz can,Single Serve,,-5,0.9,-5.8,6.54,2.29,,-185,,5,5,
Icehouse 30pk 12oz can,Economy,Bernicks,6,0.9,6.4,16.67,21.99,,24,,4,12,Blaine:1;Osseo:5
Inbound Contains Bees 4pk 16oz can,Craft,,9,0.9,10.3,6.83,10.99,,38,,4,10,Woodbury:4;Rosemount:6
Bent Paddle Adventure Pack 12pk 12oz can,Craft,Artisan Beer,28,0.9,30.0,12.89,21.99,,41,,4,12,Vadnais Heights:1;Roseville:2;Blaine:4;St. Louis Park:6;Bloomington:15
Elm Creek Light 4pk 16oz can,Craft,Dahlheimer Beverage Monticello,9,0.9,9.5,6.0,8.99,,33,,5,8,Roseville:3;Woodbury:6
Drekker CHONK Mixed Pack 6pk 12oz can,Craft,Mega Beer LLC,7,0.9,8.2,16.75,23.99,,30,,5,5,Andover:2;St. Louis Park:5
Monaco Vanilla Cream Crush 12oz/ D 750ml,Single Serve,,16,0.9,16.9,0.95,3.49,2.96,73,,5,8,Woodbury:6;St. Louis Park:10
Modist Solvista Blood Orange Calamansi Wheat 4pk 16oz can,Craft,Modist Brewing Company,0,0.9,0.0,9.23,12.99,,29,,5,6,
Bero Variety Pack 12pk 12oz can,Craft,,8,0.9,9.0,15.83,26.99,22.96,41,,3,15,Blaine:2;Roseville:1;Rosemount:2;St. Louis Park:3;Cottage Grove:4
Blackstack Head for the Hills 4pk 16oz can,Craft,Artisan Beer,0,0.9,0.0,10.0,14.99,,33,,4,12,
Steel Reserve Spiked Strawberry Burst 24oz can,Single Serve,Bernicks,10,0.9,10.9,1.37,3.49,,61,,5,7,Andover:10
Stone Hazy IPA 6pk 12oz can,Craft,"College City Beverage, Inc.",7,0.9,7.8,8.57,11.99,,29,,4,11,St. Louis Park:3;Woodbury:4
Monaco Moscow Mule 12oz can,Single Serve,"Breakthru Beverage Minnesota Wine & Spirits, LLC",45,0.9,49.9,2.03,3.49,,42,,4,11,St. Louis Park:13;Woodbury:32
Stilly The Fuzz (Peach) 6pk 12oz can,RTD,,45,0.9,49.9,12.05,17.49,14.96,31,,4,11,Ramsey:1;Vadnais Heights:1;Minnetonka:4;Plymouth:4;Minneapolis:5;Osseo:6;St. Louis Park:7;Blaine:15;Rosemount:2
Elm Creek Casual Loop 4pk 16oz can,Micro Brews,Mega Beer LLC,1,0.9,1.2,13.83,19.99,,31,,5,5,Woodbury:1
Belching Beaver Viva La Beaver 4pk 16oz can,Craft,,7,0.9,7.4,8.55,10.99,,22,,5,8,Andover:7
Lagunitas Beast of Both Worlds IPA 6pk 12oz can,Craft,,6,0.9,6.9,7.5,12.99,10.96,42,,4,10,Roseville:6
Hofbrau Oktoberfestbier 6pk 12oz btl,Import,Artisan Beer,7,0.9,8.2,9.22,13.99,,34,,5,5,Rosemount:7
Hop Butcher Riwakamania 4pk 16oz can,Craft,McDonald Distributing Co dba Clear River Beverage,2,0.9,2.3,13.0,18.99,,32,,4,10,St. Louis Park:2
Belching Beaver Strawberry Blonde 4pk 16oz can,Craft,McDonald Distributing Co dba Clear River Beverage,7,0.9,8.0,8.5,12.99,,35,,4,10,Andover:7
Left Hand Nitro Seasonal 4pk 12oz can,Craft,,0,0.9,0.0,10.16,14.99,,32,,5,6,
Firestone Walker 805 Blonde Ale 6pk 12oz btl,Craft,Artisan Beer,10,0.9,10.5,8.15,10.99,,26,,3,17,Minneapolis:2;St. Louis Park:2;Rosemount:6
Happy Dad Hard Iced Tea Variety 12pk 12oz can,Seltzer,,23,0.9,25.5,13.68,21.99,18.96,38,,2,20,Andover:3;Osseo:3;Plymouth:4;Ramsey:5;Blaine:8
Vodkade Orange 4pk 12oz can,RTD,"Capitol Beverage Sales, L.P.",5,0.9,5.4,8.3,13.99,11.96,41,,4,12,Woodbury:2;St. Louis Park:3
Samuel Smith Pure Brewed Organic Lager 4pk 15oz can,Import,"Breakthru Beverage Minnesota Beer, LLC",-3,0.9,-3.5,9.25,14.99,,38,,3,14,
Hinterland Saving Gracie Gluten Free Oatmeal Stout 4pk 12oz can,Craft,Mega Beer LLC,4,0.9,4.7,10.67,15.99,,33,,5,5,St. Louis Park:4
Prairie Rotating Sour 4pk 12oz can,Craft,,0,0.9,0.0,8.06,10.99,,27,,5,6,
Dangerous Man Strawbery Belma IPA 6pk 12oz can,Craft,Dangerous Man Brewing,21,0.9,23.3,6.42,14.99,,57,,4,11,Bloomington:4;Ramsey:8;Minneapolis:11
Bud Light x Posty Co. 12pk 8oz can,Premium,"College City Beverage, Inc.",4,0.9,4.6,8.5,12.99,10.96,35,,4,10,Woodbury:2;Cottage Grove:2
Liftbridge Oktoberfest 12pk 12oz can,Craft,,19,0.9,22.2,15.58,23.99,19.96,35,,5,5,Woodbury:15;Stillwater:4
MORE Brewing Co Double Strawberry Marbles 4pk 16oz can,Craft,Pequod Distribution,1,0.9,1.2,15.75,22.99,,31,,5,5,Woodbury:1
Lytt Strawberry Rita 200ml can,Single Serve,"Breakthru Beverage Minnesota Beer, LLC",43,0.9,50.3,2.1,4.49,3.96,53,,5,5,Minneapolis:43
Unmapped Purgatory Pils 4pk 16oz can,Craft,"Unmapped Brewing Company, LLC",9,0.9,10.0,9.33,11.99,,22,,4,11,Roseville:6;St. Louis Park:6
Ursa Minor Child of Chaos DIPA 4pk 16oz can,Craft,Dahlheimer Beverage Monticello,1,0.9,1.2,12.3,17.99,,32,,5,5,Woodbury:1
Urban Growler Crossroads IPA 4pk 16oz can,Craft,Urban Growler Brewing Company,2,0.9,2.2,9.0,12.99,,31,,4,11,Roseville:2
Arbeiter Brewing Haha Pils 4pk 16oz can,Craft,,6,0.9,6.8,9.33,12.99,,28,,5,6,St. Louis Park:6
Wooden Hill Pink Lemonade Seltzer 4pk 16oz can,Seltzer,,12,0.9,12.6,10.95,15.99,,32,,3,17,Blaine:1;Chanhassen:6;Rosemount:6
Goose Island Hazy Bear Hug 19.2oz can,Single Serve,,59,0.9,69.0,2.19,2.99,,27,,3,14,Bloomington:10;Ramsey:12;St. Louis Park:15;Vadnais Heights:22
Samuel Adams American Light 12pk 12oz can,Craft,,68,0.9,76.7,9.98,22.49,18.96,56,,5,6,Andover:34;Blaine:34
Redd's Variety Pack 15pk 12oz can,FMB,,13,0.9,14.4,12.8,20.99,,39,,4,11,Blaine:13
Portage Brewing Pine Line 4pk 16oz can,Craft,,17,0.9,18.8,10.68,17.99,,41,,4,11,Andover:1;Chanhassen:6;Blaine:10
Junkyard Dream Burst 4pk 16oz can,Craft,Junkyard Brewing Company,4,0.9,4.2,9.83,13.99,,30,,5,8,Roseville:4
Heineken Silver 12pk 12oz btl,Import,,17,0.9,19.5,13.01,19.99,16.96,35,,4,10,Cottage Grove:5;Osseo:1;Blaine:5;Ramsey:6
Cutwater Chocolate Espresso Martini 12oz can,Single Serve,"Capitol Beverage Sales, L.P.",0,0.9,0.0,2.52,4.49,3.96,44,,3,16,
Junkyard Pulpasaurus 4pk 16oz can,Craft,Junkyard Brewing Company,6,0.9,6.4,12.0,16.99,,29,,4,12,Rosemount:6
3 Floyds Turbo Reaper 6pk 12oz can,Craft,"Capitol Beverage Sales, L.P.",16,0.8,19.8,9.0,12.99,,31,,4,8,Blaine:7;St. Louis Park:9
3 Floyd's Deluxe 12pk 12oz can,Craft,"Capitol Beverage Sales, L.P.",10,0.8,13.1,11.25,15.99,,30,,3,11,Blaine:10
Alaskan Mixed Can Pack 12pk 12oz can,Craft,,16,0.8,20.2,13.43,17.99,,25,,3,12,Blaine:4;Plymouth:12
Zarpado Tequila & Soda 4pk 12oz can,RTD,Bellboy Corporation,15,0.8,19.7,9.5,19.99,,52,Buyer's Select – 1 Month Lead Time,3,11,Minnetonka:3;Osseo:13
Wandering Leaf Propagation Pils 6pk 12oz can,Craft,Wandering Leaf,3,0.8,3.6,9.0,12.99,,31,,3,13,Woodbury:3
Inbound You Look Nice Today 4pk 12oz can,Craft,Lucid Brewing LLC Dba Inbound Brewco,5,0.8,6.4,8.5,11.99,,29,,4,7,Roseville:2;St. Louis Park:3
"Firestone Walker Cali Squeeze Blood Orange 

19.2oz can",Single Serve,Artisan Beer,15,0.8,17.9,2.13,3.49,,39,,4,9,Woodbury:15
Labatt Blue 12pk 12oz btl,Import,,6,0.8,7.1,12.03,16.99,,29,,4,9,Blaine:1;Roseville:1;Minnetonka:2;Stillwater:2
Milk & Honey Blood Orange 4pk 12oz btl,Cider,,6,0.8,7.7,11.33,14.99,,24,,2,16,St. Louis Park:2;Minnetonka:4
Michelob Ultra 18pk 12oz btl,Super Premium,,0,0.8,0.0,17.31,21.96,,21,,3,11,
Alesmith West Coast IPA,Micro Brews,,9,0.8,11.3,8.67,11.49,,25,,3,12,St. Louis Park:1;Vadnais Heights:8
Odell Montage Seasonal Sampler 12pk 12oz can,Craft,"College City Beverage, Inc.",3,0.8,3.9,15.75,22.99,,31,,3,11,Blaine:3
Bero Kingston Golden Pils 6pk 12oz can,Craft,,16,0.8,21.0,8.12,13.99,11.96,42,,3,11,Ramsey:2;Blaine:3;Stillwater:2;Rosemount:4;Cottage Grove:5
Stone Delicious 12pk 12oz can,Craft,,7,0.8,9.0,12.8,19.99,,36,,4,7,St. Louis Park:7
Bitburger 4pk 17oz can,Import,,12,0.8,15.7,8.1,9.99,,19,,3,11,St. Louis Park:1;Rosemount:1;Osseo:4;Minnetonka:6
Kul Mocks Blackberry Mock-Jito 4pk 12oz can,Craft,,5,0.8,6.4,8.07,9.99,,19,,4,7,Vadnais Heights:5
Kirin Ichiban,Import,,3,0.8,3.6,8.45,13.99,,40,,4,9,Bloomington:1;Minnetonka:1;Woodbury:1
New Belgium Voodoo Ranger American Haze 19.2oz can,Single Serve,,26,0.8,31.5,1.93,3.49,,45,,3,13,St. Louis Park:26
Drekker Broken Rudder Irish Red Ale 4pk 16oz can,Craft,Mega Beer LLC,-2,0.8,-2.6,8.63,12.99,,34,,4,7,
Monaco Vodka Cocktails Lemonade Variety Pack 6pk 12oz can,RTD,"Breakthru Beverage Minnesota Beer, LLC",12,0.8,15.4,11.41,17.49,14.96,35,,2,16,Cottage Grove:5;Woodbury:7
NUTRL Watermelon 4pk 12oz can,RTD,,41,0.8,53.8,7.3,11.99,,39,,1,20,Ramsey:2;Andover:6;Chanhassen:6;Minnetonka:6;Bloomington:11;Woodbury:1;Rosemount:3;Cottage Grove:6
Founders KBS Iced Mocha 4pk 12oz btl,Craft,Dahlheimer Beverage Monticello,5,0.8,6.4,17.0,24.99,,32,,4,7,Andover:5
Founders KBS 4pk 12oz btl,Craft,,22,0.8,28.3,13.72,18.99,,28,,4,7,Andover:15;Woodbury:7
Big Sky Moose Drool Brown Ale 6pk 12oz can,Craft,,7,0.8,8.5,7.12,10.99,,35,,3,13,Blaine:7
Surly BA Darkness 2026 750ml,Single Serve,Artisan Beer,6,0.8,7.9,15.39,21.99,,30,,3,11,St. Louis Park:6
Drekker Super Mega Lager 4pk 16oz can,Craft,,7,0.8,9.2,8.63,11.99,,28,,3,11,Rosemount:2;Stillwater:2;Cottage Grove:3
Drekker Swirlee Peach Creamsicle Sour 4pk 16oz can,Craft,Mega Beer LLC,6,0.8,7.4,16.88,23.99,,30,,4,8,St. Louis Park:3;Andover:3
Carlsberg Elephant 6pk 12oz btl,Import,"Breakthru Beverage Minnesota Beer, LLC",4,0.8,4.9,10.75,14.99,,28,,4,8,Blaine:4
Sierra Nevada Hop Water Variety 12pk 12oz can,Craft,"Breakthru Beverage Minnesota Beer, LLC",13,0.8,16.1,14.88,20.99,17.96,29,,2,17,Woodbury:1;Roseville:2;Rosemount:5;St. Louis Park:5
Blackstack the Land Before Time 4pk 16oz can,Craft,Artisan Beer,0,0.8,0.0,12.3,17.99,,32,,0,25,
Ole Margarita 4pk 12oz can,RTD,,1,0.8,1.2,8.58,13.99,11.96,39,,0,26,Bloomington:2
Seagrams Strawberry Daiquiri 4pk 12oz btl,FMB,,2,0.8,2.5,4.13,5.99,,31,,3,12,Blaine:2
Dangerous Man Kolsch 6pk 12oz can,Craft,Dangerous Man Brewing,0,0.8,0.0,7.42,10.99,,33,,3,13,
Broken Clock Lil Haze Hazy IPA 4pk 16oz can,Craft,Broken Clock Brewing Cooperative,9,0.8,11.6,10.33,14.99,,31,,4,7,Chanhassen:2;Rosemount:7
Old Style Lager 30pk 12oz can,Craft,"Breakthru Beverage Minnesota Beer, LLC",7,0.8,8.8,18.4,23.99,,23,,3,12,Stillwater:7
Pizza Port Mongo DIPA 6pk 16oz can,Craft,McDonald Distributing Co dba Clear River Beverage,16,0.8,21.0,11.88,15.99,,26,,3,11,St. Louis Park:4;Roseville:5;Blaine:7
Oliphant Brewing Pickle Beer 4pk 12oz can,Craft,Mega Beer LLC,15,0.8,18.2,9.17,12.99,,29,,3,13,St. Louis Park:3;Osseo:6;Vadnais Heights:6
Deschutes N/A Fresh Haze 6pk 12oz can,Craft,Dahlheimer Beverage Monticello,3,0.8,3.6,7.7,9.99,,23,,3,13,Chanhassen:3
Brooklyn Special Effects Hoppy Amber 6pk 12oz can,Craft,"Hohensteins, Inc.",7,0.8,9.0,6.75,12.49,10.96,46,,2,16,Roseville:3;Woodbury:4
Leinenkugel's Northwoods 12pk 12oz btl,Craft,Bernicks,7,0.8,8.7,13.2,19.99,15.96,34,,4,8,Blaine:7
Grain Belt Premium 12pk 12oz can,Premium,,6,0.8,7.6,11.25,14.99,,25,,3,12,Andover:7
Central Waters Mud Puppy Porter 6pk 12oz can,Craft,Artisan Beer,3,0.8,3.6,8.46,10.99,,23,,4,9,Andover:3
Wooden Hill Code 3 Juicy IPA 4pk 16oz can,Craft,Wooden Hill Brewing Company,4,0.8,5.2,9.95,13.99,,29,,3,11,Blaine:1;St. Louis Park:1;Rosemount:2
Arizona Hard Lemonade Variety 12pk 12oz can,FMB,,19,0.7,25.4,5.26,19.99,,74,,4,6,Andover:19
Back Channel Dinkytown Don Hefeweizen 4pk 16oz can,Craft,Back Channel Brewing Co.,2,0.7,3.0,8.0,11.99,,33,,1,17,Minneapolis:2
Arnold Palmer Strawberry Lemonade 24oz can,Single Serve,,3,0.7,4.3,2.43,4.49,,46,,3,9,Minneapolis:3
Ursa Minor Baby Agates 4pk 16oz can,Micro Brews,Dahlheimer Beverage Monticello,3,0.7,4.0,12.3,18.99,,35,,2,15,Blaine:3
Truly Unruly Lemonade Bumpin Blue Razz 24oz can,Seltzer,"Breakthru Beverage Minnesota Beer, LLC",6,0.7,8.0,2.33,3.49,,33,,4,6,Woodbury:6
Barrel Theory Put Your Hand in My Hand 4pk 16oz can,Craft,Barrel Theory Beer Company,3,0.7,4.6,12.0,16.99,,29,,0,21,Roseville:3
Barrel Theory High Top Straps with The Gum Bottoms 4pk 16oz can,Craft,Barrel Theory Beer Company,1,0.7,1.4,12.0,16.99,,29,,0,23,Roseville:1
Hinterland Cherry Wheat 6pk 12oz can,Craft,Mega Beer LLC,13,0.7,18.6,8.56,12.99,,34,,3,9,Minneapolis:1;Osseo:6;Andover:8
Press Blood Orange Chili 12pk 12oz can,Seltzer,McDonald Distributing Co dba Clear River Beverage,6,0.7,8.2,14.0,21.99,18.96,36,,3,10,Chanhassen:1;Minnetonka:1;St. Louis Park:4
Grain Belt Premium Light Lime 24pk 12oz can,Premium,"College City Beverage, Inc.",-19,0.7,-28.4,23.2,22.99,,-1,,1,17,Minnetonka:1
Lone River Ranch Water 12pk 12oz can,Seltzer,"Breakthru Beverage Minnesota Beer, LLC",6,0.7,8.8,14.62,19.99,,27,,4,4,Rosemount:6
Luce Line Animal Style 4pk 16oz can,Craft,Luce Line Brewing,12,0.7,16.1,9.5,14.99,,37,,2,15,Woodbury:5;Blaine:7
Gluek Pilsener Pale Lager 4pk 16oz can,Premium,,13,0.7,18.6,8.33,8.99,,7,,1,18,Andover:5;Roseville:8
Leinenkugel's Rotator 6pk 12oz can,Craft,"Breakthru Beverage Minnesota Beer, LLC",15,0.7,20.1,7.8,10.99,,29,,2,15,Minnetonka:2;Osseo:5;Blaine:8
Third Street MN Gold Lager 24pk 12oz can,Premium,,5,0.7,7.3,17.63,24.99,,29,,2,13,Blaine:2;Andover:3
Bud Light Seasonal-Rita 25oz can,Malternatives,,14,0.7,19.1,2.79,4.49,,38,,3,10,Cottage Grove:14
Dangerous Man Bru-Tang Sour 6pk 12oz can,Craft,Dangerous Man Brewing,8,0.7,11.7,9.75,13.99,,30,,4,4,St. Louis Park:11
Dangerous Man Imperial Pumpkin Ale 4pk 12oz can,Craft,Dangerous Man Brewing,-3,0.7,-4.4,6.66,10.99,,39,,4,4,
Captain Sliced Sweet vs Heat 12pk 12oz can,FMB,,28,0.7,42.9,14.26,18.99,15.96,25,,2,12,Minnetonka:2;Plymouth:2;St. Louis Park:2;Roseville:3;Chanhassen:8;Andover:11
On The Rocks Blue Hawaiian LTO 375ml,Single Serve,Southern Glazer's Wine & Spirits of MN,13,0.7,18.2,8.67,13.79,11.96,37,,4,5,Chanhassen:3;St. Louis Park:4;Minnetonka:7
Shiner Raspberry Shandy 6pk 12oz can,Craft,Dahlheimer Beverage Monticello,3,0.7,4.3,7.45,10.99,,32,,1,18,Blaine:3
Paulaner Original Munich Lager 6pk 11oz btl,Import,"Hohensteins, Inc.",0,0.7,0.0,7.96,12.99,,39,,3,8,
Barrel Theory That's Concerning 4pk 16oz can,Craft,Barrel Theory Beer Company,-4,0.7,-5.8,12.0,16.99,,29,,4,4,
Bent Paddle Lime Light 12pk 12oz can,Craft,Artisan Beer,13,0.7,19.9,9.23,15.99,13.96,42,,0,21,Ramsey:6;Andover:7
Bemble with Care Gold (Quince) Apfelwein 17oz can,Single Serve,,34,0.7,50.8,3.07,3.99,,23,,3,8,Roseville:36
Becks Haake Non Alcoholic 6pk 11oz btl,Import,,4,0.7,6.0,9.28,13.79,11.96,33,,3,8,Rosemount:1;Woodbury:3
Hoplark Citra 6pk 12oz can,Craft,,5,0.7,7.1,8.5,11.74,10.96,28,,3,9,Andover:2;Rosemount:3
Belching Beaver Hop Maxxing 4pk 16oz can,Craft,McDonald Distributing Co dba Clear River Beverage,8,0.7,11.7,9.67,13.99,,31,,4,4,Andover:8
Dual Citizen Festbier 4pk 16oz can,Craft,Dual Citizen Brewing Company,1,0.7,1.4,5.0,6.99,,28,,4,5,St. Louis Park:1
Modist Supra Sea Salt Lime 12pk 12oz can,Craft,Modist Brewing Company,0,0.7,0.0,26.74,18.99,17.96,-41,,4,6,
Minneapolis Cider Co Orchard Blend 4pk 16oz can,Cider,"Hohensteins, Inc.",6,0.7,8.4,9.8,13.99,,30,,4,5,Plymouth:3;Blaine:3
Odell 90 Shillings 6pk 12oz can,Craft,"Capitol Beverage Sales, L.P.",3,0.7,4.1,9.0,12.99,,31,,3,10,Blaine:3
New Belgium Voodoo Hard Charging Tea Variety pack #1 12pk 12oz can,FMB,,11,0.7,15.4,14.07,19.99,16.96,30,,4,5,Chanhassen:2;St. Louis Park:10
Moose Lake Lakeside Sipper Kolsh 4pk 16oz can,Craft,Moose Lake Brewing Co.,7,0.7,9.8,9.0,12.99,,31,,4,5,Rosemount:7
New Belgium Classic Recipe Fat Tire 6pk 12oz btl,Craft,Bernicks,0,0.7,0.0,8.45,11.99,,30,,0,22,
Klockow Downwind 4pk 16oz can,Craft,Klockow Brewing Company,2,0.7,2.9,12.0,16.99,,29,,4,4,Roseville:2
Monaco Tropic Rush 4pk 12oz can,RTD,"Breakthru Beverage Minnesota Wine & Spirits, LLC",10,0.7,14.3,7.77,12.49,10.96,38,net down pricing,3,9,Woodbury:5;St. Louis Park:6
Lytt Long Island Iced Tea 200ml can,Single Serve,"Breakthru Beverage Minnesota Beer, LLC",44,0.7,64.3,2.1,4.49,3.96,53,,4,4,Minneapolis:44
56 Brewing Helles Yeah 4pk 16oz can,Craft,56 Brewing,2,0.7,3.0,8.33,11.99,,31,,3,8,Rosemount:2
GRUVI JULICY IPA 6pk 12oz can,Craft,,14,0.7,19.1,10.9,14.99,12.96,27,,3,10,Vadnais Heights:2;Woodbury:2;Andover:3;Chanhassen:3;Rosemount:5
Metronome Tangerine Queen blonde ale 4pk 16oz can,Craft,MetroNOME Brewery,5,0.7,6.7,8.33,11.99,,31,,0,24,St. Louis Park:1;Rosemount:4;Woodbury:9
Guinness Zero 15oz can,Single Serve,,-12,0.7,-17.5,,2.99,,,,2,13,Plymouth:7;Roseville:21
Griffo Tomales Collins 4pk 12oz can,RTD,Bellboy Corporation,86,0.7,120.2,13.02,23.99,19.96,46,,2,14,Blaine:1;Ramsey:3;Andover:6;Vadnais Heights:6;Minnetonka:11;Rosemount:12;Osseo:14;Cottage Grove:15;Chanhassen:21
Left Hand Seasonal 2 6pk 12oz can,Craft,"Hohensteins, Inc.",0,0.7,0.0,9.82,14.99,,35,,4,4,
Founders Backwoods Bastard 4pk 12oz btl,Craft,,3,0.7,4.0,11.17,15.99,,30,,4,6,Andover:3
Mike's Dirty Lemonade Black Cherry 23oz can,Single Serve,"Breakthru Beverage Minnesota Beer, LLC",31,0.7,42.4,2.35,3.99,,41,,3,10,Bloomington:15;Woodbury:16
Bent Paddle Retro Haze 6pk 12oz can,Craft,,24,0.7,35.9,8.97,10.99,,18,,3,8,Roseville:5;Blaine:8;St. Louis Park:11
Elm Creek Amore Italian Pilsner 4pk 16oz can,Craft,,3,0.7,4.6,7.67,10.99,,30,,2,12,Woodbury:1;Bloomington:2
Labatt Blue N/A 12pk 12oz can,Import,,10,0.7,13.7,10.0,22.49,18.96,56,,3,10,Chanhassen:2;Blaine:5;Cottage Grove:3
Half Acre Way Bird 6pk 12oz can,Craft,Artisan Beer,0,0.7,0.0,9.22,12.99,,29,,3,8,
Haggard Barrel Sammy Paradise TIPA 4pk 12oz can,Craft,Haggard Barrel Brewing Company LLC,0,0.7,0.0,15.83,22.99,,31,,2,12,
Milk & Honey Tart Cherry 4pk 12oz btl,Craft,Milk & Honey Ciders,6,0.7,8.0,11.33,15.99,,29,,4,6,Roseville:6
Excelsior Hop Waves 6pk 12oz can,Craft,"Capitol Beverage Sales, L.P.",4,0.7,5.8,8.38,11.99,,30,,4,4,Minnetonka:2;Roseville:2
Barrel Theory Window Of Illusions 4pk 16oz can,Craft,Barrel Theory Beer Company,-3,0.7,-4.4,12.0,16.99,,29,,4,4,Chanhassen:1;Roseville:1
"Drekker Kickin' Tires, Lightin' Fires 4pk 16oz can",Craft,Mega Beer LLC,14,0.7,20.5,16.88,23.99,,30,,4,4,Woodbury:5;Chanhassen:9
Big Sipz Lime Margarita 200ml,Single Serve,"Capitol Beverage Sales, L.P.",18,0.7,25.7,2.25,3.49,,36,,3,9,Woodbury:19
Stone Buenaveza 12pk 12oz CN 12pk 12oz can,Craft,,9,0.7,13.1,12.0,16.99,,29,,2,13,Blaine:9
Spiral Sour Billie 4pk 16oz can,Craft,Spiral Brewery,15,0.7,21.4,11.33,15.99,,29,,3,9,Cottage Grove:4;Woodbury:11
Jack & Coke 4pk 12oz can,RTD,Johnson Brothers - St. Paul,19,0.7,28.4,8.68,13.79,11.96,37,,3,8,Minnetonka:2;Chanhassen:17
Blake's Rotator 6pk 12oz can,Cider,"College City Beverage, Inc.",-1,0.7,-1.5,8.95,12.99,,31,,4,4,
Blue Moon Seasonal Variety 12pk 12oz can,Craft,,16,0.7,23.4,13.2,17.99,,27,,4,4,Minneapolis:3;Woodbury:13
Summit Goddess Variety 12pk 12oz can,Craft,"College City Beverage, Inc.",123,0.7,175.7,13.42,19.99,16.96,33,,3,9,St. Louis Park:25;Rosemount:98
Junlyard Citra Zaic 4pk 16oz can,Craft,Junkyard Brewing Company,0,0.7,0.0,12.67,17.99,,30,,2,12,
Murphy's Stout 4pk 12oz can,Import,"Hohensteins, Inc.",10,0.7,15.0,6.0,9.99,,40,,3,8,Rosemount:10
Headflyer Vanilla Bean Porter 4pk 16oz can,Craft,HeadFlyer Brewing,-2,0.6,-3.5,9.33,12.99,,28,,1,14,Bloomington:1;Vadnais Heights:1;Rosemount:2
Junkyard King of The Grill 4pk 16oz can,Craft,Junkyard Brewing Company,0,0.6,0.0,12.0,16.99,,29,,0,18,
Goose Island IPA 15pk 12oz can,Craft,"College City Beverage, Inc.",-12,0.6,-19.3,14.72,21.99,,33,,2,11,Blaine:2
Heineken Silver 12pk 12oz can,Import,,7,0.6,11.2,13.07,19.99,16.96,35,,2,11,Woodbury:2;Vadnais Heights:5
Brooklyn Special Effects IPA 6pk 12oz can,Craft,"Hohensteins, Inc.",7,0.6,12.5,6.75,12.49,10.96,46,,0,18,Roseville:3;Woodbury:4
Coors Light 16oz can,Single Serve,,-19,0.6,-31.3,0.87,2.99,,71,,3,6,
Twisted Tea Hard Tea 12pk 12oz btl,FMB,,3,0.6,4.7,13.25,16.99,,22,,3,7,Blaine:3
Outlaw Light 24pk 12oz can,Below Premium,,40,0.6,71.4,11.9,22.49,18.96,47,,2,9,Andover:14;Minneapolis:26
Prairie Blueberry boyfriend 4pk 12oz can,Craft,McDonald Distributing Co dba Clear River Beverage,13,0.6,20.9,8.62,10.99,,22,,2,11,Andover:2;Roseville:4;Blaine:7
Smirnoff Ice Neon lemonade variety pack 12pk 12oz can,FMB,,11,0.6,17.7,13.07,18.99,,31,,2,11,Blaine:11
Social Pop Strawberry Lemon 6pk 12oz can,RTD,"Breakthru Beverage Minnesota Beer, LLC",7,0.6,12.2,7.95,12.99,10.96,39,,3,5,St. Louis Park:2;Minneapolis:5
Sierra Nevada Torpedo 19.2oz can,Single Serve,Dahlheimer Beverage Monticello,2,0.6,3.6,2.09,3.49,,40,,2,9,Ramsey:2
Boulevard Whiskey BBL Stout 4pk 12oz btl,Craft,"Breakthru Beverage Minnesota Beer, LLC",13,0.6,22.6,12.1,17.99,,33,,3,5,Roseville:3;Rosemount:4;Chanhassen:6
Shock Top 6pk 12oz btl,Craft,"Capitol Beverage Sales, L.P.",4,0.6,7.1,7.27,10.99,,34,,2,9,Vadnais Heights:4
Topo Chico Strawberry-Guava 12pk 12oz can,Seltzer,"Breakthru Beverage Minnesota Beer, LLC",11,0.6,19.1,13.85,20.99,17.96,34,,3,5,Cottage Grove:11
1911 Cider Pineapple Mango 4pk 16oz can,Cider,Artisan Beer,14,0.6,24.3,9.34,14.99,,38,,1,14,Chanhassen:3;Andover:5;Woodbury:6
Gruvi Golden 6pk 12oz can,Craft,,6,0.6,9.4,10.25,14.99,12.96,32,,3,7,St. Louis Park:1;Rosemount:2;Chanhassen:3
Fat Orange Cat Baby Kittens 4pk 16oz can,Craft,Do Not Use - Clear River Beverage,0,0.6,0.0,7.17,10.99,,35,,3,6,
Fat Orange Cat Cautionary Tail 4pk 16oz can,Craft,McDonald Distributing Co dba Clear River Beverage,0,0.6,0.0,11.0,15.99,,31,,3,6,
Wandering Leaf Super Lao Key 4pk 16oz can,Craft,Wandering Leaf,5,0.6,7.8,9.17,12.99,,29,,3,7,Rosemount:5
Surly BA Darkness 2025 16oz can,Single Serve,Dahlheimer Beverage Monticello,-1,0.6,-1.7,7.88,15.99,,51,,3,5,
Falling Knife Mr. Larson DDH 4pk 16oz can,Micro Brews,Falling Knife Brewing Company,0,0.6,0.0,9.17,18.99,,52,,0,18,
Evil Twin NYC Popular Pumpkin 4pk 16oz can,Craft,McDonald Distributing Co dba Clear River Beverage,0,0.6,0.0,11.0,15.99,,31,,3,6,
Left Hand Milk Stout 6pk 12oz btl,Craft,"Hohensteins, Inc.",7,0.6,11.5,10.5,14.99,,30,,3,6,Blaine:3;Rosemount:4
Samuel Smith Oatmeal Stout 4pk 12oz btl,Import,,10,0.6,16.1,10.37,12.99,,20,,2,11,Blaine:9;Roseville:1
Wooden Hill Kold Shoulder,Micro Brews,,-48,0.6,-83.4,7.5,10.99,,32,,1,14,
Moose Lake Log Roll IPA 4pk 16oz can,Craft,,18,0.6,31.3,10.39,16.99,,39,,3,5,Cottage Grove:7;Roseville:7;Rosemount:11
New Belgium 1554 6pk 12oz btl,Craft,,5,0.6,8.9,8.45,11.99,,30,,2,9,Blaine:5
Surfside Green Tea Variety 12pk 12oz can,Seltzer,"College City Beverage, Inc.",4,0.6,6.3,15.0,31.99,26.96,53,,1,16,Rosemount:4
Bell's Kalamazoo Stout 6pk 12oz btl,Craft,"Hohensteins, Inc.",3,0.6,5.2,9.0,12.99,,31,,3,5,Chanhassen:1;Roseville:2
Hop Butcher First Futures 4pk 16oz can,Craft,McDonald Distributing Co dba Clear River Beverage,0,0.6,0.0,13.0,18.99,,32,,2,10,
Mom Water Nancy Pineapple Orange 4pk 12oz can,RTD,,23,0.6,38.9,4.35,11.99,,64,,2,10,Bloomington:5;Blaine:18
Duluth Cider Superior Dry 4pk 12oz can,Cider,"Breakthru Beverage Minnesota Beer, LLC",1,0.6,1.6,9.23,12.99,,29,,2,11,Minneapolis:1
Duluth Cider Skyline Sweet 4pk 12oz can,Cider,"Breakthru Beverage Minnesota Beer, LLC",5,0.6,8.2,9.23,13.99,,34,,3,6,Minneapolis:5
Big Sipz Purple Punch 200ml,Single Serve,"Capitol Beverage Sales, L.P.",11,0.6,17.2,2.25,3.49,,36,,3,7,Woodbury:11
Earth Rider 6pk 12oz can,Micro Brews,"Earth Rider Brewing, LLC",-14,0.6,-25.0,,14.99,,,,2,9,
Stilly Partymaker (Cranberry/Lime) 6pk 12oz can,RTD,,5,0.6,8.5,12.04,17.49,14.96,31,,2,10,Blaine:1;Plymouth:1;Minnetonka:1;St. Louis Park:2;Bloomington:7;Cottage Grove:1;Woodbury:1
NUTRL Strawberry 24oz can,Single Serve,"College City Beverage, Inc.",12,0.6,20.8,3.34,4.99,,33,,3,5,Rosemount:12
Monaco Watermelon Crush 4pk 12oz can,RTD,"Breakthru Beverage Minnesota Beer, LLC",19,0.6,30.5,7.77,11.99,10.96,35,net down pricing,2,11,Blaine:1;St. Louis Park:9;Ramsey:9
Big Sipz Warhead Apple 200ml,Single Serve,"College City Beverage, Inc.",6,0.6,9.4,2.67,3.49,,23,,3,7,Woodbury:6
Best Day Brewing N/A Variety 12pk 12oz can,Craft,"Capitol Beverage Sales, L.P.",20,0.6,33.0,14.5,23.99,,40,,3,6,Chanhassen:2;Woodbury:2;Blaine:16
Ketel One Spritz Cucumber & Mint 4pk 12oz can,RTD,,1,0.6,1.6,4.69,14.99,12.96,69,,1,16,Minnetonka:2
Kasteel Rubus Raspberry 4pk 500ml,Import,Old World Beers,6,0.6,9.4,13.83,19.99,,31,,3,7,St. Louis Park:3;Chanhassen:3
Dansk Mjod Viking Runes Kirsche 750ml,Single Serve,Old World Beers,23,0.6,40.0,25.5,36.99,,31,,3,5,Rosemount:3;Roseville:4;Bloomington:5;Blaine:11
Dogfish Head 60 Minute IPA 12pk 12oz can,Micro Brews,Dahlheimer Beverage Monticello,12,0.6,18.8,13.85,18.99,,27,,3,7,Blaine:12
Steel Reserve Blk Berry 24oz can,Single Serve,,7,0.6,12.2,1.37,2.99,,54,,3,5,Andover:7
Smirnoff SMASH Lemon Tea 24oz can,Single Serve,,24,0.6,39.6,2.21,3.99,,45,,3,6,Minneapolis:24
Toppling Goliath DDH King Sue 4pk 16oz can,Craft,Artisan Beer,-23,0.6,-37.0,16.15,22.99,,30,,2,11,
Michelob Golden Light 16 Gallon,Kegs,,4,0.6,6.3,120.0,144.99,,17,,3,7,Woodbury:2;Roseville:2
Wild State Wild Apple 9pk 12oz can,Cider,"College City Beverage, Inc.",1,0.6,1.7,16.15,22.99,,30,,3,5,Woodbury:1
Happy Dad Hard Lemonade 12pk 12oz can,Seltzer,"Breakthru Beverage Minnesota Beer, LLC",11,0.6,17.2,13.91,19.99,,30,,3,7,Woodbury:5;Bloomington:6
Lupulin Nilla Porter 4pk 16oz can,Craft,Lupulin Brewing Company,2,0.6,3.5,9.22,14.99,,38,,1,14,St. Louis Park:2
Loyal 9 Mixed Berry Lemonade 4pk 12oz can,RTD,Johnson Brothers - St. Paul,-6,0.6,-10.2,8.48,13.79,11.96,39,Case 1,2,10,Vadnais Heights:2
GhostFish Vanishing Point Pale Ale 4pk 12oz can,Craft,McDonald Distributing Co dba Clear River Beverage,11,0.6,17.7,10.48,14.99,,30,,2,11,Roseville:1;Rosemount:10
Good Boy Huckleberry Lemonade 4pk 12oz Cans,,"College City Beverage, Inc.",12,0.6,20.3,8.44,12.99,10.96,35,,2,10,Woodbury:12
Bud Light Seltzer Variety Pack 24pk 12oz can,Seltzer,"College City Beverage, Inc.",13,0.6,20.9,23.76,35.49,29.96,33,,2,11,Rosemount:13
Brau Brothers Hopfenweizen 4pk 16oz can,Craft,"Brau Brothers Brewing Company, LLC",3,0.5,5.7,5.33,7.99,,33,,2,8,Rosemount:3
Spaten Lager 6pk 12oz btl,Import,,4,0.5,7.3,8.1,11.99,,32,,3,4,Rosemount:4
Crispin Imperial 6pk 12oz can,Cider,"Hohensteins, Inc.",1,0.5,2.2,9.75,13.99,,30,,1,10,Bloomington:1
Heineken Silver 24oz can,Single Serve,,13,0.5,23.9,2.15,3.99,,46,,3,4,St. Louis Park:13
Bud Ice 12pk 12oz can,Below Premium,"College City Beverage, Inc.",6,0.5,12.1,8.05,11.99,,33,,2,7,Andover:6
Real American Beer 12pk 12oz can,Super Premium,"Breakthru Beverage Minnesota Beer, LLC",23,0.5,42.2,10.18,18.99,15.96,46,,3,4,Vadnais Heights:1;Cottage Grove:22
Press Curated Variety Pack 24pk 12oz can,Seltzer,McDonald Distributing Co dba Clear River Beverage,16,0.5,29.4,25.9,33.99,,24,,3,4,Andover:16
Quirk Seltzer Berry Botanical 12pk 12oz can,Seltzer,"Breakthru Beverage Minnesota Beer, LLC",10,0.5,20.1,13.74,20.99,,35,,0,16,Cottage Grove:4;Blaine:6
Saint Spritz Sicily 4pk 355ml,RTD,,6,0.5,11.3,8.78,14.99,12.96,41,1 on 5,2,8,Woodbury:2;Roseville:4
Rolling Rock 6pk 12oz btl,Below Premium,,6,0.5,12.9,6.5,9.99,,35,,2,6,Blaine:6
Revolution Brewing Fistmas 6pk 12oz can,Craft,Artisan Beer,0,0.5,0.0,8.46,11.99,,29,,3,4,
Leinenkugel's Tropical Hazy IPA 6pk 12oz can,Craft,"Breakthru Beverage Minnesota Beer, LLC",-1,0.5,-2.1,7.09,10.99,,35,,0,15,
Third Street Mn Gold Micro 12pk 12oz can,Premium,,-7,0.5,-14.1,12.25,16.99,,28,,2,7,
Fulton Sour Rotator 4pk 16oz can,Craft,,4,0.5,8.9,9.75,13.99,,30,,1,10,Rosemount:1;Woodbury:3
The Brewing Project Dare Mighty Things 4pk 16oz can,Craft,Mega Beer LLC,15,0.5,28.4,10.17,15.99,,36,,2,8,Roseville:4;St. Louis Park:11
Redd's Apple Ale 6pk 12oz btl,FMB,,3,0.5,6.0,8.15,12.99,,37,,2,7,Andover:3
Venn VHS Seltzer Lemon Lime 4pk 12oz can,Craft,Venn Brewing Co.,3,0.5,5.8,12.0,16.99,,29,,3,3,Roseville:3
Arbeiter Westkust West Coast IPA 4pk 16oz can,Craft,"Arbeiter Brewing Company, LLC",9,0.5,17.5,9.33,14.99,,38,,3,3,St. Louis Park:9
Venn Cosmosis Cherry Lime 4pk 16oz can,Craft,Venn Brewing Co.,1,0.5,2.1,14.0,19.99,,30,,2,6,Andover:2
Insight Bloom Juicy Pale Ale 4pk 16oz cans,Craft,Insight Brewing Company (D),2,0.5,4.0,10.77,13.99,,23,,0,16,Plymouth:2
Back Channel Money Bags 4pk 16oz can,Craft,Back Channel Brewing Co.,3,0.5,5.5,13.83,20.99,,34,,3,4,Chanhassen:3
Back Channel House Shot West Coast IPA 4pk 16oz can,Craft,Back Channel Brewing Co.,-1,0.5,-2.2,12.17,17.99,,32,,1,10,
Bacardi Rum Punch 4pk 12oz can,RTD,Southern Glazer's Wine & Spirits of MN,8,0.5,14.7,8.25,13.79,11.96,40,,3,4,Blaine:2;Rosemount:6
Outlaw Light 12pk 12oz can,Below Premium,,14,0.5,28.1,8.46,11.99,,29,,2,7,Roseville:1;St. Louis Park:16
Saving Gracie Sour Berry Ale 4pk 12oz can,Craft,Mega Beer LLC,19,0.5,40.7,12.38,17.99,,31,,2,6,Andover:4;Chanhassen:5;Roseville:5;Woodbury:5
Schell's Deer Brand Beer 24pk 12oz can,Craft,,2,0.5,3.7,23.2,26.99,,14,,3,4,Ramsey:2
Schilling Grapefruit and Chill 6pk 12oz can,Cider,,-21,0.5,-39.7,8.66,13.99,,38,,2,8,
Junkyard Galactic Falconer 4pk 16oz can,Craft,Junkyard Brewing Company,4,0.5,7.6,12.0,16.99,,29,,2,8,Rosemount:4
Brooklyn Post Road Pumpkin Ale 6pk 12oz bottles,Craft,"Hohensteins, Inc.",0,0.5,0.0,6.59,9.99,,34,,3,4,
Breckenridge Vanilla Porter 6pk 12oz btl,Craft,,2,0.5,4.0,7.38,10.99,,33,,2,7,Rosemount:2
"Sierra Nevada Trail Pass Fest
6pk 12oz Cans",Craft,"Breakthru Beverage Minnesota Beer, LLC",5,0.5,9.7,8.45,11.99,,30,,3,3,St. Louis Park:2;Roseville:3
Bravus NA IPA 6pk 12oz can,Craft,Artisan Beer,1,0.5,1.9,9.0,13.79,11.96,35,,3,3,Minnetonka:2
Drekker Braaaaaaaains Mix Pack 6pk 12oz can,Craft,Mega Beer LLC,3,0.5,6.4,16.75,23.99,,30,,2,6,Rosemount:3
Klockow Travelin Jack 4pk 16oz can,Craft,,7,0.5,15.0,10.5,13.99,,25,,2,6,St. Louis Park:2;Roseville:5
Keystone Light 24pk 16oz can,Economy,,34,0.5,72.9,18.49,26.99,22.96,31,,2,6,Ramsey:15;Blaine:19
Modist Monsoon Strike 4pk 16oz can,Craft,,7,0.5,13.2,11.53,14.99,,23,,2,8,Woodbury:7
Drekker Plop Tiki-Colada 4pk 12oz can,Craft,Mega Beer LLC,13,0.5,23.9,12.58,17.99,,30,,3,4,Plymouth:4;Cottage Grove:9
Moon God Sweet Hard Iced Tea 500ml,Single Serve,"Breakthru Beverage Minnesota Beer, LLC",0,0.5,0.0,2.94,4.99,4.46,41,,2,6,
Modist Brewing Dreamyard 16oz can,Single Serve,,-7,0.5,-13.6,0.53,4.59,,89,,3,3,
Ole Chile Mango 4pk 12oz can,RTD,"Breakthru Beverage Minnesota Beer, LLC",4,0.5,8.3,8.58,13.99,11.96,39,,1,11,Cottage Grove:1;Woodbury:3
Odell Sippin Variety Pack 12pk 12oz can,Craft,"College City Beverage, Inc.",8,0.5,16.1,15.75,20.99,,25,,2,7,Andover:3;Blaine:5
Dillons Vodka Lemon Lavender 4pk 12oz can,Craft,"Breakthru Beverage Minnesota Beer, LLC",7,0.5,12.9,8.7,12.99,,33,,3,4,Woodbury:2;St. Louis Park:5
Deschutes Black Butte Porter 6pk 12oz btl,Craft,McDonald Distributing Co dba Clear River Beverage,4,0.5,7.3,8.0,10.99,,27,,3,4,Andover:4
Odell Modern IPA 6pk 12oz can,Craft,"College City Beverage, Inc.",1,0.5,1.9,9.0,12.99,,31,,3,3,Osseo:1
Cutwater Martini Pack 12pk 12oz can,RTD,"College City Beverage, Inc.",15,0.5,29.2,19.5,29.99,,35,,3,3,Woodbury:15
Ole Paloma 4pk 12oz can,RTD,,14,0.5,30.0,8.58,13.99,11.96,39,,0,15,Minnetonka:2;Minneapolis:12
Harp Lager 8pk 15oz can,Craft,"Breakthru Beverage Minnesota Beer, LLC",6,0.5,11.0,11.58,15.99,,28,,3,4,Minneapolis:1;Bloomington:5
Straffe Hendrik Quad 4pk 11oz btl,Import,Old World Beers,6,0.5,11.0,20.67,24.99,,17,,3,4,Woodbury:3;St. Louis Park:3
Off Color Waddle 4pk 16oz can,Craft,McDonald Distributing Co dba Clear River Beverage,3,0.5,5.8,8.0,11.99,,33,,3,3,Andover:3
Delirium Tremens 4pk 17oz can,Import,,26,0.5,47.8,16.16,29.99,,46,,3,4,St. Louis Park:2;Cottage Grove:24
North Coast Old Rasputin 4pk 12oz btl,Craft,Bernicks,10,0.5,21.4,8.42,12.99,,35,,2,6,Rosemount:5;Andover:9
Keystone Light 16 Gallon,Economy,,5,0.5,9.7,99.0,119.99,,17,,3,3,Andover:5
Bero Double Tasty 6pk 12oz can,Craft,"Breakthru Beverage Minnesota Beer, LLC",18,0.5,38.6,8.12,13.99,11.96,42,,2,6,Andover:1;Minnetonka:2;Ramsey:2;Minneapolis:2;Cottage Grove:3;Rosemount:4;Blaine:4
Spiral Brewing Rotator 4pk 16oz can,Craft,Spiral Brewery,6,0.5,11.7,10.0,13.99,,29,,3,3,Vadnais Heights:6
Blake's Bushel of Blake's 12pk 12oz can,Cider,"College City Beverage, Inc.",9,0.5,18.1,14.75,21.99,,33,,2,7,Blaine:9
Elm Creek Rare Candy Sour Mix Pack 4pk 16oz can,Craft,Elm Creek Brewing Company,2,0.5,4.4,13.83,18.99,,27,,1,10,St. Louis Park:1;Woodbury:1
Elm Creek Kanpai 4pk 16oz can,Craft,Dahlheimer Beverage Monticello,2,0.5,4.3,7.83,11.99,,35,,2,6,Osseo:1;Andover:1
Minneapolis Cider Co. Mango Habanero 6pk 12oz can,Cider,"Hohensteins, Inc.",7,0.5,15.0,9.64,13.99,,31,,0,15,Vadnais Heights:2;Blaine:5
Minneapolis Cider Trail Magic Half & Half 2.9% 4pk 12oz can,RTD,"Hohensteins, Inc.",15,0.5,29.2,8.4,12.99,11.96,35,,3,3,Minneapolis:15
Bell's Oberon Raspberry 6pk 12oz can,Craft,Dahlheimer Beverage Monticello,3,0.5,6.0,33.0,11.99,,-175,,0,16,Roseville:3
Super Lyte Blue Chill 12oz can,Single Serve,"College City Beverage, Inc.",21,0.5,40.9,2.25,4.99,3.46,55,,3,3,Woodbury:21
Hop Butcher Grid 4pk 16oz can,Craft,McDonald Distributing Co dba Clear River Beverage,2,0.5,3.8,10.5,16.99,,38,,2,8,Andover:1;Roseville:1
Beatbox Sweet Heat Cinnamon 500ml,Single Serve,"Capitol Beverage Sales, L.P.",-35,0.5,-75.0,,4.49,3.96,,,2,6,
Excelsior Brewing Big Island Citrus Blonde 6pk 12oz can,Craft,,0,0.5,0.0,8.42,11.99,,30,,1,12,
Falling Knife Funky Sheet Milkshake IPA 4pk 16oz can,Craft,Dahlheimer Beverage Monticello,6,0.5,12.9,14.58,21.99,,34,,0,15,Blaine:1;Rosemount:1;Ramsey:4
Haggard Barrel Quick Sesh 4pk 16oz can,Craft,Haggard Barrel Brewing Company LLC,7,0.5,14.1,10.36,17.99,,42,,2,7,Roseville:7
Half Acre Lager Town Oktoberfest 6pk 12oz can,Craft,Artisan Beer,0,0.5,0.0,9.22,12.99,,29,,3,3,
Surly Xtra Citra Pale Ale,Micro Brews,,10,0.5,20.7,7.69,10.99,,30,,1,11,Rosemount:10
Bell's Flyover Light Lager 15pk 12oz can,Craft,"Hohensteins, Inc.",2,0.5,3.8,13.6,19.99,,32,,2,8,Rosemount:2
Surly Lake Bait 4pk 16oz can,Craft,Artisan Beer,21,0.5,40.9,12.3,18.99,,35,,3,3,Rosemount:5;Roseville:5;Woodbury:11
Surly Dry Irish Stout 4pk 16oz can,Craft,Artisan Beer,5,0.5,11.1,9.23,12.99,,29,,1,10,Minnetonka:5;Cottage Grove:6
Hop Butcher Blazed Orange 4pk 16oz can,Craft,McDonald Distributing Co dba Clear River Beverage,3,0.5,5.8,13.0,18.99,,32,,3,3,Andover:3
Falling Knife Time Trap 4pk 12oz can,Craft,Falling Knife Brewing Company,1,0.5,1.9,12.67,17.99,,30,,0,17,Roseville:1
Michelob Ultra 16 Gallon,Super Premium,,2,0.5,4.0,104.0,154.99,,33,,2,7,Andover:2
Michelob Ultra Lime & Pear Cactus 12pk 12oz btl,Super Premium,"College City Beverage, Inc.",11,0.5,22.1,14.12,18.99,,26,,2,7,Woodbury:4;Rosemount:7
Milk & Honey Little Dipper 4pk 12oz btl,Craft,Milk & Honey Ciders,9,0.5,17.0,10.78,15.99,,33,,2,8,Roseville:2;Minnetonka:3;St. Louis Park:4
Excelsior Bayside Brown 6pk 12oz can,Craft,,1,0.5,1.9,8.38,11.99,,30,,3,3,Roseville:1
Founders All Day IPA Variety 12pk 12oz can,Craft,,-63,0.5,-139.7,14.25,19.99,,29,,1,10,Rosemount:2
Gruvi Mocha Rotator 6pk 12oz can,Craft,,0,0.5,0.0,10.72,14.99,12.96,28,,2,6,Chanhassen:3
Amstel Light 6pk 12oz btl,Import,,-3,0.5,-5.8,7.14,10.99,,35,,1,12,
Garage Beer Lager 24pk 12oz can,Premium,,8,0.5,15.1,21.3,25.99,,18,,2,8,Minneapolis:8
AleSmith Oktoberfest,Micro Brews,,4,0.5,7.3,9.0,11.99,,25,,3,4,Ramsey:1;Rosemount:3
Ace Pineapple Cider 6pk 12oz can,Cider,Ace Hard Cider,4,0.5,8.6,9.0,12.99,,31,,2,6,Plymouth:4
Wandering Leaf Marzen 6pk 12oz can,Craft,Wandering Leaf,2,0.5,4.3,10.0,14.99,,33,,2,6,Woodbury:2
Alaskan Amber 6pk 12oz btl,Craft,,-2,0.5,-4.1,7.38,9.99,,26,,1,11,
1911 Cider Raspberry 4pk 16oz can,Cider,Artisan Beer,-3,0.5,-5.8,8.17,14.99,,46,,3,3,
3 Floyds Munster Fest 12pk 12oz can,Craft,"Capitol Beverage Sales, L.P.",11,0.5,21.4,15.0,20.99,,29,,3,3,Woodbury:3;St. Louis Park:8
Grain Belt Elite 12pk 12oz can,Premium,Dahlheimer Beverage Monticello,-38,0.4,-94.0,8.34,14.99,,44,,2,4,
WeldWerks Robo-Dragon DIPA 4pk 16oz can,Craft,McDonald Distributing Co dba Clear River Beverage,1,0.4,2.7,15.83,22.99,,31,,2,3,Andover:1
Inbound Sea Salt & Lime Laser Loon 4pk 16oz can,Craft,Lucid Brewing LLC Dba Inbound Brewco,5,0.4,11.9,6.96,9.99,,30,,1,9,Woodbury:5
White Claw 0.0 Mango 6pk 12oz can,Seltzer,"Breakthru Beverage Minnesota Beer, LLC",-4,0.4,-10.7,7.65,12.49,10.96,39,,2,3,Andover:2
Miller High Life Light 12pk 12oz can,Below Premium,Bernicks,12,0.4,30.9,10.07,13.99,,28,,1,8,Andover:6;Rosemount:6
Weihenstephaner Oktober Fest Bier 6pk 12oz btl,Import,"Hohensteins, Inc.",1,0.4,2.7,12.62,16.99,,26,,2,3,Rosemount:1
Central Waters Honey Blonde Ale 6pk 12oz can,Craft,Artisan Beer,3,0.4,6.9,8.46,11.99,,29,,2,5,Andover:3
Samuel Adams Cherry Wheat 6pk 12oz btl,Craft,"Breakthru Beverage Minnesota Beer, LLC",1,0.4,2.3,7.7,10.99,,30,,2,5,Andover:1
Minneapolis Cider Co. Orchard Blend 6pk 12oz can,Cider,"Hohensteins, Inc.",-7,0.4,-19.6,9.25,13.99,,34,,1,7,
Revolution Brewing Anti-Hero IPA 6pk 12oz can,Craft,Artisan Beer,7,0.4,16.1,8.46,12.99,,35,,2,5,Blaine:1;Minnetonka:1;Roseville:6
Busch Light 16 Gallon,Below Premium,,8,0.4,22.4,123.2,149.99,,18,,1,7,Vadnais Heights:1;Andover:2;Blaine:2;Minneapolis:3
Sam Smith Imperial Stout 4pk 12oz btl,Import,"Breakthru Beverage Minnesota Beer, LLC",2,0.4,5.6,10.73,15.99,,33,,1,7,Rosemount:1;St. Louis Park:1
Tucher Brau Dunkles Hefe Weizen ,Import,,-12,0.4,-32.1,7.93,9.99,,21,,2,3,
Badger Hill Traitor IPA 6pk 12oz can,Craft,,1,0.4,2.7,8.5,12.99,,35,,2,3,Osseo:1
Luce Line Hoptacular 4pk 12oz can,Craft,Luce Line Brewing,0,0.4,0.0,11.64,16.99,,31,,0,12,
Back Channel GM 4pk 16oz can,Craft,Back Channel Brewing Co.,9,0.4,24.1,11.83,20.99,,44,,2,3,Woodbury:9
Leinenkugel's Lodge Lime 6pk 12oz can,Craft,,8,0.4,21.4,7.57,10.99,,31,,0,12,Stillwater:8
Back Channel The Draftsmen Vienna Lager 4pk 16oz can,Craft,Back Channel Brewing Co.,10,0.4,23.0,4.33,11.99,,64,,2,5,Roseville:10
Luce Line Window Shopping 4pk 16oz can,Craft,Luce Line Brewing,0,0.4,0.0,13.25,18.99,,30,,0,12,
Garage Beer Stubbies Lime 6pk 12oz btl,Premium,"Capitol Beverage Sales, L.P.",9,0.4,23.1,7.12,9.99,,29,,1,8,Blaine:9
Lift Bridge Good Company IPA 12pk 12oz can,Craft,"Capitol Beverage Sales, L.P.",11,0.4,27.2,14.82,24.99,,41,,2,4,Roseville:2;Stillwater:4;Bloomington:5
Gray Duck Spiked Nitro Cold Brew 4pk 12oz can,FMB,Artisan Beer,-12,0.4,-31.3,10.77,17.99,,40,,2,4,Andover:0
Leinenkugel's Shandy Summer Variety,Micro Brews,,-12,0.4,-32.1,5.1,16.99,,70,,0,12,
AleSmith Party Tricks,Micro Brews,McDonald Distributing Co dba Clear River Beverage,7,0.4,18.7,11.0,14.99,,27,,2,3,Roseville:3;St. Louis Park:4
Hop Butcher Quarter Stick 4pk 12oz can,Craft,McDonald Distributing Co dba Clear River Beverage,3,0.4,7.1,13.0,18.99,,32,,1,9,Roseville:1;St. Louis Park:2
Arizona Hard Juice Variety 12pk 12oz can,FMB,,6,0.4,16.1,10.0,19.99,,50,,2,3,Andover:6
Funny Water Variety BGJ 6pk 12oz can,Seltzer,Bellboy Corporation,1,0.4,2.3,7.0,9.99,8.96,30,,2,5,Plymouth:2;Rosemount:3;Minnetonka:4
Best Day Oktoberfest 6pk 12oz can,Craft,"College City Beverage, Inc.",0,0.4,0.0,8.47,11.99,,29,,2,4,
Moose Lake Bear Den Vanilla Porter 4pk 16oz can,Craft,Moose Lake Brewing Co.,0,0.4,0.0,9.0,12.99,,31,,2,4,
Prairie Artisan Bomb! 12oz btl,Craft,,8,0.4,19.8,6.0,6.99,,14,,2,4,Andover:8
Barrel Theory Summertime Sadness 4pk 16oz can,Craft,Barrel Theory Beer Company,3,0.4,8.0,12.5,17.99,,31,,2,3,Roseville:3
Tecate 12pk 12oz can,Import,,26,0.4,61.9,11.14,15.99,,30,,1,9,Plymouth:4;Minnetonka:1;Rosemount:4;Cottage Grove:7;Vadnais Heights:10
Belching Beaver Death By Blueberries 6pk 16oz can,Craft,McDonald Distributing Co dba Clear River Beverage,7,0.4,16.7,11.0,16.99,,35,,1,9,Andover:7
Elysian Easy Dust 6pk 12oz can,Craft,"College City Beverage, Inc.",3,0.4,8.4,7.65,11.99,,36,,1,7,Rosemount:3
Beatbox Fruit Punch 4pk 500ml,RTD,"College City Beverage, Inc.",2,0.4,4.9,10.3,16.99,,39,,2,4,Woodbury:2
Sunny D Vodka Seltzer Orange Pineapple,RTD,Phillips Wine & Spirits - St. Paul,7,0.4,16.1,6.95,12.49,10.96,44,1 on 5 solid 4pk,2,5,Stillwater:1;Chanhassen:2;St. Louis Park:6
Junkyard Nectar Beast 4pk 16oz can,Craft,Junkyard Brewing Company,9,0.4,21.4,12.67,17.99,,30,,1,9,Rosemount:3;Woodbury:6
Headflyer Skalden Golden Ale 4pk 16oz can,Craft,HeadFlyer Brewing,-1,0.4,-2.3,8.5,11.99,,29,,2,5,Cottage Grove:1;Woodbury:4
Hop Butcher Broken Nose 4pk 16oz can,Craft,McDonald Distributing Co dba Clear River Beverage,1,0.4,2.5,13.0,18.99,,32,,2,4,Woodbury:1
Modist Last of the Best 4pk 16oz can,Craft,Modist Brewing Company,4,0.4,10.3,9.22,12.99,,29,,1,8,Rosemount:4
Sol 12pk 12oz btl,Import,,3,0.4,7.4,13.8,15.99,,14,,2,4,Andover:3
Junkyard Slaps! 4pk 16oz can,Craft,Junkyard Brewing Company,3,0.4,8.0,14.0,19.99,,30,,2,3,Woodbury:3
Smirnoff SMASH Peach Tea 24oz can,Single Serve,,10,0.4,28.0,2.23,3.99,,44,,1,7,Minneapolis:2;Rosemount:8
Good Boy Pink Lemonade 4pk 12oz can,RTD,"College City Beverage, Inc.",8,0.4,22.4,8.25,12.99,10.96,36,,1,7,Woodbury:8
Bauhaus Guavatron 6pk 12oz can,Craft,Artisan Beer,2,0.4,4.9,9.23,13.99,,34,,2,4,Roseville:2
Milk & Honey Pomme de Vie N/A 4pk 12oz can,Cider,Milk & Honey Ciders,6,0.4,14.8,16.67,23.99,,31,,2,4,Roseville:6
Haggard a Decade Under the Influence IPA 4pk 16oz can,Craft,Haggard Barrel Brewing Company LLC,2,0.4,4.9,10.83,16.99,,36,,2,4,St. Louis Park:2
Boulevard Rye on Rye 4pk 12oz btl,Craft,,8,0.4,20.6,12.1,17.99,,33,,1,8,St. Louis Park:4;Rosemount:1;Roseville:3
Three Floyds Tequila Splash 4pk12oz can,Craft,"Capitol Beverage Sales, L.P.",2,0.4,6.0,8.25,11.99,,31,,2,4,Minneapolis:2
BeatBox Fruit Punch 3L,RTD,"Capitol Beverage Sales, L.P.",6,0.4,13.8,12.58,20.99,17.96,40,,2,5,Minneapolis:6
Deschutes Seasonal 12pk 12oz can,Craft,,3,0.4,8.4,14.2,22.99,,38,,1,7,Roseville:1;Cottage Grove:2
BlackStack Hypnotized Minds 4pk 16oz can,Craft,Artisan Beer,0,0.4,0.0,17.68,25.99,,32,,0,12,
Junkyard For Heaven's Cakes 4pk 16oz can,Craft,Junkyard Brewing Company,8,0.4,20.6,14.67,20.99,,30,,1,8,Ramsey:8
Bud Light Mang-O-Rita 25oz can,Single Serve,"Capitol Beverage Sales, L.P.",35,0.4,80.4,2.23,4.49,,50,,2,5,Roseville:17;Vadnais Heights:18
Blake's Big Jam Imperial 6pk 12oz can,Cider,College City Beverage,3,0.4,6.9,8.35,12.99,,36,,2,5,Blaine:3
Bud Light Rita Mixed Berry 12pk 7.5oz can,FMB,"Capitol Beverage Sales, L.P.",3,0.4,8.4,8.25,11.99,,31,,1,7,Andover:5
Estrella Daura GF 4pk 16oz btl,Craft,"Capitol Beverage Sales, L.P.",21,0.4,54.0,6.0,7.99,,25,,1,8,Plymouth:10;Minnetonka:11
Einstok Icelandic Toasted Porter 6pk 12oz can,Import,,13,0.4,36.3,10.25,14.99,,32,,1,7,St. Louis Park:3;Chanhassen:5;Rosemount:5
Coors Light 8 Gallon,Premium,"Breakthru Beverage Minnesota Beer, LLC",1,0.4,2.7,71.0,89.99,,21,,2,3,Andover:1;St. Louis Park:2
Ciroc Watermelon Kiwi Spritz 4pk 12oz can,RTD,Johnson Brothers - St. Paul,11,0.4,25.3,6.25,18.49,7.98,66,,2,5,Roseville:11
Bent Paddle Venture Pilsner 12pk 12oz can,Craft,Artisan Beer,5,0.4,11.5,14.3,21.99,,35,,2,5,Vadnais Heights:5
Holidaily Favorite Blonde 4pk 12oz can,Craft,"Breakthru Beverage Minnesota Beer, LLC",10,0.4,23.8,10.22,13.99,,27,,1,9,Bloomington:4;Cottage Grove:6
Firestone Walker Mind Haze Galaxy Bender 19.2oz can,Single Serve,Artisan Beer,16,0.4,42.9,2.13,3.99,,47,,2,3,St. Louis Park:16
String Theory Meadow Lark-Sparkling Cider 750ml,Single Serve,"String Theory Cider, Inc.",45,0.4,103.3,14.0,22.49,18.96,38,Case 1,2,5,Andover:8;Blaine:8;Chanhassen:9;Minnetonka:10;St. Louis Park:10
Yellow Belly Juicy Apple 4pk 12oz can,Cider,,2,0.4,4.9,10.0,10.99,,9,,2,4,St. Louis Park:2
56 Brewing Swift Kick! Brown Ale 4pk 16oz can,Craft,56 Brewing,4,0.4,10.7,10.67,15.99,,33,,2,3,Vadnais Heights:1;Rosemount:3
Deschutes Black Butte Porter 12pk 12oz btl,Craft,,5,0.4,12.9,14.25,23.99,19.96,41,,1,8,Blaine:5
Dogfish Head 30 Minute IPA 6pk 12oz can,Craft,"Breakthru Beverage Minnesota Beer, LLC",1,0.4,2.5,7.7,10.99,,30,,2,4,St. Louis Park:1
Klockow Mlinar Delight Raspberry Sour 4pk 16oz can,Craft,Klockow Brewing,3,0.4,6.9,12.0,17.99,,33,,2,5,Roseville:1;Woodbury:2
Off Color Brewing Pistachios 4pk 16oz can,Craft,McDonald Distributing Co dba Clear River Beverage,5,0.4,14.0,9.5,13.99,,32,,1,7,Andover:5
Drekker Goodbye Stranger DIPA 4pk 16oz can,Craft,Mega Beer LLC,2,0.4,5.4,15.38,21.99,,30,,2,3,Roseville:2
Montgomery Brewing Bohemian Club Pilsner 4pk 16oz can,Craft,,7,0.4,16.1,8.17,11.99,,32,,2,5,Bloomington:5;Roseville:2
Destihl Deadhead Variety 12pk 12oz can,Craft,Artisan Beer,6,0.4,14.8,16.93,23.99,,29,,2,4,Andover:6
Ace Perry Craft Cider 6pk 12oz can,Cider,"Hohensteins, Inc.",6,0.4,16.8,9.0,11.99,,25,,1,7,Vadnais Heights:2;Woodbury:4
Dogfish Head 90 Minute,Micro Brews,,0,0.4,0.0,11.1,16.99,,35,,2,5,
Untitled Art NA Juicy IPA/Florida Weisse 6pk 12oz can,Craft,,5,0.3,17.9,9.55,17.49,14.96,45,,0,9,Minnetonka:1;St. Louis Park:1;Andover:3
Back Channel Lake Maker 4pk 16oz can,Craft,Back Channel Brewing Co.,7,0.3,20.5,7.79,9.99,,22,,0,11,Andover:1;Minnetonka:6
Luce Line Off The Deep End 4pk 16oz can,Craft,Luce Line Brewing,7,0.3,21.4,12.5,17.99,,31,,1,6,Andover:1;St. Louis Park:6
The Brewing Projekt Puff Tart XL 4pk 16oz can,Micro Brews,Mega Beer LLC,-2,0.3,-5.8,14.33,23.99,,40,,2,2,
Luce Line Morning Buzz 4pk 16oz can,Craft,Luce Line Brewing,10,0.3,29.2,8.67,12.99,,33,,2,2,Woodbury:10
Back Channel Crushin Dishes Cream ale 4pk 16oz can,Craft,Back Channel Brewing Co.,4,0.3,11.7,7.5,11.99,,37,,2,2,Woodbury:4
Lift Bridge The Bomb 12pk 12oz can,Craft,,2,0.3,6.4,12.08,18.99,18.96,36,,0,10,Stillwater:1;Osseo:11
Modist Fang & Bone Pilsner 4pk 16oz can,Craft,Modist Brewing Company,-1,0.3,-2.9,8.93,12.99,,31,,0,11,
Miller High Life Light 24pk 16oz can,Below Premium,,-17,0.3,-52.0,8.3,25.99,,68,,1,6,
Modist Brewing First Call 4pk 16oz can,Craft,,7,0.3,26.5,7.91,12.99,,39,,1,4,Rosemount:7
Central Waters Rotating 6pk 12oz can,Craft,Artisan Beer,0,0.3,0.0,7.5,10.99,,32,,1,4,
Earth Rider North Tower Stout 6pk 12oz can,Craft,,3,0.3,9.2,8.75,12.99,,33,,1,6,Roseville:3
Busch Light Apple 24pk 12oz can,Below Premium,,7,0.3,20.5,19.7,23.99,,18,,2,2,Osseo:1;Blaine:2;Minneapolis:4
Back Channel Nine's Kolsch 4pk 16oz can,Craft,Back Channel Brewing Co.,4,0.3,11.7,8.0,11.99,,33,,2,2,Chanhassen:4
Barrel Theory DE Pale The Ale 4pk 16oz can,Craft,Barrel Theory Beer Company,1,0.3,2.9,12.0,16.99,,29,,0,11,Roseville:1
Barrel Theory Daydreaming In Color 4pk 16oz can,Craft,Barrel Theory Beer Company,2,0.3,5.8,12.0,16.99,,29,,0,11,Roseville:2
Insight Bandwagon DDH Hazy 4pk 16oz can,Craft,Insight Brewing Company (D),-7,0.3,-23.7,51.18,16.99,,-201,,1,5,
1911 Cider Maple Bourbon 4pk 16oz can,Cider,Artisan Beer,10,0.3,29.2,11.15,16.99,,34,,2,2,Roseville:5;Woodbury:5
Wandering Leaf Ambrosia 6pk 12oz can,Craft,Wandering Leaf,7,0.3,23.7,11.0,15.99,,31,,1,5,Woodbury:7
Schell's Oktoberfest 6 Gallon,Craft,,0,0.3,0.0,65.83,99.99,,34,,2,2,
Wandering Leaf Super Lao Key 6pk 12oz can,Craft,Wandering Leaf,4,0.3,15.1,9.0,12.99,,31,,1,4,Woodbury:4
Modelo Chelada Naranja Picosa 24oz can,Single Serve,,19,0.3,61.1,2.38,3.49,,32,,0,10,Andover:5;Plymouth:5;Minneapolis:9
Untitled Art Florida Seltzer Variety #1 12pk 12oz can,Seltzer,,0,0.3,0.0,20.86,31.99,,35,,1,5,
Barrel Theory Rhine & Shine 4pk 16oz can,Craft,Barrel Theory Beer Company,0,0.3,0.0,10.83,15.99,,32,,0,10,
Lindemans Framboise Lambic 750ml,Single Serve,,26,0.3,79.6,9.91,14.99,,34,,1,6,Blaine:2;Andover:8;St. Louis Park:16
Barrel Theory Key Sublime 4pk 16oz can,Craft,Barrel Theory Beer Company,0,0.3,0.0,12.5,17.99,,31,,1,6,
Good Boy Transfusion 6pk 12oz can,RTD,"College City Beverage, Inc.",6,0.3,17.5,11.25,12.99,10.96,13,,2,2,Woodbury:6
Back Channel Cornelius 4pk 16oz can,Craft,Back Channel Brewing Co.,0,0.3,0.0,7.5,9.99,,25,,1,4,
Utepils Tall Tails IPA 4pk 16oz can,Craft,"Breakthru Beverage Minnesota Beer, LLC",0,0.3,0.0,6.63,14.99,,56,,1,4,
Ursa Minor Brambles 4pk 16oz can,Craft,Dahlheimer Beverage Monticello,-1,0.3,-2.9,12.3,17.99,,32,,2,2,
Ursa Minor Constellation Cream Ale  4pk 16oz can,Craft,Artisan Beer,10,0.3,37.8,9.22,13.99,,34,,1,4,Roseville:1;Minnetonka:4;Plymouth:6
Lift Bridge Fireside Flannel Variety 12pk 12oz can,Craft,,1,0.3,3.4,7.0,23.99,18.96,71,,1,5,Woodbury:1
Truly Spiked Pineapple 6pk 12oz can,Seltzer,,1,0.3,3.8,7.67,11.99,,36,,1,4,St. Louis Park:4
Twisted Tea Blueberry 24oz can,Single Serve,,-3,0.3,-8.8,2.35,3.99,,41,,0,11,
Twisted Tea Pineapple 24oz can,Single Serve,Dahlheimer Beverage Monticello,7,0.3,21.4,2.35,3.99,,41,,1,6,Ramsey:7
Barrel Theory Run From The Light 4pk 16oz can,Craft,Barrel Theory Beer Company,1,0.3,2.9,12.0,16.99,,29,,0,11,Roseville:1
Victory Golden Monkey 6pk 12oz btl,Craft,,6,0.3,21.4,9.75,13.99,,30,,0,9,Cottage Grove:2;Rosemount:4
Deschutes Obsidian Stout 6pk 12oz btl,Craft,,3,0.3,11.3,7.7,10.99,,30,,1,4,St. Louis Park:3
Steel Toe Sissel 22oz btl,Single Serve,,7,0.3,23.7,4.94,6.99,,29,,1,5,St. Louis Park:1;Roseville:6
Seagrams Calypso Colada 4pk 12oz btl,FMB,,10,0.3,33.8,3.96,5.99,,34,,1,5,Blaine:10
Haggard Dad's Pale Ale 4pk 16oz can,Craft,Haggard Barrel Brewing Company LLC,0,0.3,0.0,10.0,18.99,,47,,1,6,
Miller 64 12pk 12oz can,Premium,,22,0.3,67.3,11.27,14.99,,25,,1,6,Osseo:3;Andover:11;Roseville:8
Junkyard Cerveza 4pk 16oz can,Craft,Junkyard Brewing Company,3,0.3,10.7,9.17,11.99,,24,,0,9,Bloomington:3
Spaten Oktoberfest 6pk 12oz btl,Import,,5,0.3,14.6,8.4,11.99,,30,,2,2,Stillwater:3;Rosemount:2
Lupulin Squizzle Raspberry Lemonade 4pk 16oz can,Craft,"Capitol Beverage Sales, L.P.",4,0.3,11.7,14.62,20.99,,30,,2,2,Osseo:4
Boddingtons Pub Ale 4pk 16oz can,Import,,2,0.3,5.8,7.54,12.99,,42,,2,2,Woodbury:2
Boulevard Sixth Glass Quad 6pk 12oz btl,Craft,"Breakthru Beverage Minnesota Beer, LLC",2,0.3,6.8,11.53,16.99,,32,,1,5,Andover:2
Blackstack Wasting Away Mexican Style Lager 4pk 16oz can,Craft,"Black Stack Brewing, Inc",0,0.3,0.0,8.58,10.99,,22,,0,9,
Elm Creek Sunsettier 4pk 16oz can,Craft,Elm Creek Brewing Company,5,0.3,18.9,10.83,15.99,,32,,1,4,Andover:1;Blaine:1;Rosemount:1;Osseo:2
Lagunitas Little Sumpin 6pk 12oz can,Craft,"Hohensteins, Inc.",6,0.3,20.3,7.5,12.99,10.96,42,,1,5,Blaine:3;Cottage Grove:3
Crystal Light Raspberry Lemonade Vodka Refresher 4pk 12oz can,RTD,McDonald Distributing Co dba Clear River Beverage,11,0.3,33.7,7.58,11.99,,37,,1,6,Woodbury:11
Crispin Original 19.2oz can,Single Serve,"Hohensteins, Inc.",3,0.3,11.3,1.95,3.49,,44,,1,4,Rosemount:3
Gruvi Variety Pack NA 12pk 12oz can,Craft,McDonald Distributing Co dba Clear River Beverage,2,0.3,7.6,22.0,28.99,,24,,1,4,Chanhassen:2
Press Blackberry Hibiscus 19.2oz can,Seltzer,McDonald Distributing Co dba Clear River Beverage,-1,0.3,-3.6,1.85,2.49,,26,,0,9,
Social & Co Orange Spritz,RTD,"Capitol Beverage Sales, L.P.",4,0.3,11.7,9.33,14.99,12.96,38,,2,2,Roseville:4
Junkyard Melting Skulls 4pk 16oz can,Craft,Junkyard Brewing Company,0,0.3,0.0,14.0,19.99,,30,,1,6,
Junkyard Retro Swim Suit 4pk 16oz can,Craft,Junkyard Brewing Company,2,0.3,7.6,12.0,16.99,,29,,1,4,Roseville:2
Modist Mega Liquid El Dorado Crystals DDH Hazy DIPA 4pk 16oz can,Craft,Modist Brewing Company,6,0.3,18.4,12.3,19.99,,38,,1,6,Rosemount:6
Good Boy Cranberry & Pineapple Vodka Seltzer 4pk 12oz Cans,,,4,0.3,11.7,9.68,12.99,10.96,25,,2,2,St. Louis Park:4
Superstition Strawberry Sunrise 750ml,Single Serve,,1,0.3,2.9,40.83,56.99,,28,,2,2,Cottage Grove:4
Luce Line Low Beams 4pk 16oz can,Craft,Luce Line Brewing,1,0.3,2.9,10.83,15.99,,32,,0,11,Roseville:1
Beatbox Berry Lemonade 3L,RTD,"Capitol Beverage Sales, L.P.",1,0.3,2.9,12.58,20.99,17.96,40,,2,2,Minneapolis:1
Blake's Triple Jam 6pk 12oz can,Cider,Blake's,5,0.3,17.9,8.35,12.99,,36,,0,9,Blaine:5
Social & Co Lemon Spritz,RTD,"Capitol Beverage Sales, L.P.",10,0.3,29.2,9.33,14.99,12.96,38,,2,2,Bloomington:5;Roseville:5
BlackStack Rotator 4pk 16oz can,Craft,,8,0.3,28.6,9.95,21.99,,55,,0,9,St. Louis Park:5;Plymouth:3
Good Boy Paradise Pack 8pk 12oz can,RTD,"College City Beverage, Inc.",13,0.3,38.0,16.04,25.99,21.96,38,,2,2,Woodbury:13
Spaten Franziskaner Hefe Weiss 6pk 12oz btl,Import,,0,0.3,0.0,7.14,11.99,,40,,1,4,
Bud Light Seltzer Black Cherry 25oz can,Single Serve,,23,0.3,67.2,2.68,3.99,,33,,2,2,Minnetonka:10;Plymouth:13
Fair State Roselle 6pk 12oz can,Craft,,16,0.3,49.0,9.0,13.79,11.96,35,,1,6,Blaine:16
Lift Bridge Pineapple Blonde 6pk 12oz can,Micro Brews,"Capitol Beverage Sales, L.P.",1,0.3,3.6,8.44,12.99,,35,,0,9,Stillwater:1
Badger Hill Badger Snack 6pk 12oz can,Craft,,2,0.3,7.6,8.38,12.99,,36,,1,4,Rosemount:2
Oliphant Brewing Co Double Lumberjack Baes DIPA 4pk 16oz can,Craft,Mega Beer LLC,4,0.3,13.5,14.17,19.99,,29,,1,5,Woodbury:1;Rosemount:3
Pop Sips Variety Pack 8pk 7.5 oz can,FMB,"Breakthru Beverage Minnesota Beer, LLC",7,0.3,20.5,12.3,16.99,,28,,2,2,St. Louis Park:7
Drastic Measures Krispy 4pk 16oz can,Craft,,4,0.3,11.7,11.17,14.99,,26,,2,2,St. Louis Park:4
Stilly Vibe Machine (Grapefruit) 6pk 12oz can,RTD,,-11,0.3,-35.4,11.45,17.49,14.96,35,,0,10,Chanhassen:1;Osseo:1;Ramsey:1;St. Louis Park:1;Vadnais Heights:1
Michelob Ultra Zero 6pk 12oz can,Super Premium,"Capitol Beverage Sales, L.P.",0,0.3,0.0,7.23,10.99,9.96,34,,0,9,
Founders Easy Drinking Beer 12pk 12oz can,Craft,"Hohensteins, Inc.",4,0.3,12.2,12.5,16.99,,26,,1,6,Blaine:4
Klockow Tandy's Shandy Cream Ale 4pk 16oz can,Craft,Klockow Brewing Company,2,0.3,5.8,11.0,15.99,,31,,0,11,Woodbury:2
Klockow Nut Brown Ale 4pk 16oz can,Craft,,7,0.3,23.7,10.5,16.99,,38,,1,5,St. Louis Park:7
Pabst 250 10pk 25oz can,Below Premium,"Hohensteins, Inc.",1,0.3,3.8,17.76,24.99,,29,,1,4,Woodbury:1
Deschutes Seasonal 6pk 12oz btl,Craft,"Breakthru Beverage Minnesota Beer, LLC",0,0.3,0.0,7.68,10.99,,30,,0,9,
Lytt Tropical Punch 200ml can,Single Serve,"Breakthru Beverage Minnesota Beer, LLC",46,0.3,134.4,2.1,4.49,3.96,53,,2,2,Minneapolis:46
Fulton N/A Lonely Blonde 6pk 12oz can,Craft,"Hohensteins, Inc.",6,0.3,17.5,8.4,11.99,,30,,2,2,Minneapolis:3;Vadnais Heights:3
Luxardo Aperitivo Spritz 4pk 8oz can,RTD,Southern Glazer's Wine & Spirits of MN,2,0.3,7.6,13.63,19.99,16.96,32,Case 1,1,4,Minnetonka:2
Bemble with Care Kirsche (Cherry) Apfelwein 17oz can,Single Serve,,16,0.3,60.5,3.13,3.99,,22,,1,4,Roseville:17
Big Sipz Purple Punch Liter,Single Serve,"College City Beverage, Inc.",1,0.3,2.9,10.0,13.99,,29,,2,2,Woodbury:1
Big Sipz Pina Colada 200ml,Single Serve,"Capitol Beverage Sales, L.P.",34,0.3,115.0,2.25,3.49,,36,,1,5,Woodbury:34
Straffe Hendrik Xmas Blend 4pk 16oz can,Import,Old World Beers,0,0.3,0.0,20.08,28.99,,31,,2,2,
Bero Edge Hill Hazy IPA 6pk 12oz can,Craft,,22,0.3,70.7,8.04,13.99,11.96,43,,0,10,Blaine:5;Cottage Grove:2;Minneapolis:3;Rosemount:4;Bloomington:8
Summit Hefe 12pk 12oz can,Craft,Dahlheimer Beverage Monticello,10,0.3,35.7,12.6,19.99,16.96,37,,0,9,St. Louis Park:3;Blaine:7
Summit Fireside Box Variety 12pk 12oz can,Craft,,223,0.3,651.6,13.39,19.99,16.96,33,,2,2,Osseo:20;Rosemount:20;St. Louis Park:28;Woodbury:31;Andover:48;Blaine:76
Michelob Golden Draft 24pk 12oz can,Premium,,-13,0.3,-39.8,19.34,24.99,,23,,1,6,
Firestone Walker 8Zero5 N/A�12pk 12oz can,Craft,Artisan Beer,11,0.3,33.7,12.8,17.49,14.96,27,,1,6,Blaine:2;Woodbury:4;Vadnais Heights:5
Founders IPA Collection Variety Pack 12pk 12oz can,Craft,,-2,0.3,-5.8,15.0,20.99,,29,,2,2,
Mike's Harder Pineapple Mandarin 23oz can,Single Serve,"Breakthru Beverage Minnesota Beer, LLC",10,0.3,29.2,2.33,3.99,,42,,2,2,Minneapolis:10
Spiral Spiralita 4pk 16oz can,Craft,Spiral Brewery,14,0.3,42.9,9.67,13.99,,31,,1,6,Plymouth:3;Cottage Grove:5;Woodbury:6
Blacklist Kind of a Big Dill 6pk 12oz can,Craft,McDonald Distributing Co dba Clear River Beverage,10,0.3,30.6,9.0,12.99,,31,,1,6,Andover:4;Minnetonka:6
White Claw Vodka Soda Pineapple 4pk 12oz can,RTD,,4,0.3,13.5,8.26,14.99,12.96,45,,1,5,Minnetonka:2;Osseo:4
56 Brewing Solar Flare 4pk 16oz can,Craft,56 Brewing,4,0.3,11.7,10.72,15.99,,33,,2,2,Woodbury:4
HeadFlyer Wicked Jump Shot 4pk 16oz can,Craft,,-2,0.3,-5.8,9.11,12.99,,30,,2,2,
Montgomery Brewing Peanut Buster Porter 4pk 16oz can,Craft,,7,0.3,23.7,10.33,14.99,,31,,1,5,St. Louis Park:1;Chanhassen:2;Roseville:4
Allagash Ski House 6pk 12oz can,Craft,McDonald Distributing Co dba Clear River Beverage,7,0.3,22.5,10.5,14.99,,30,,0,10,St. Louis Park:7
Firestone Walker Mind Haze 6pk 12oz can,Craft,Artisan Beer,3,0.3,11.3,8.45,10.99,,23,,1,4,Rosemount:3
Hop Butcher Mild Giardiniera 4pk 16oz can,Craft,McDonald Distributing Co dba Clear River Beverage,-1,0.3,-2.9,13.0,18.99,,32,,2,2,
O'Doul's N/A 6pk 12oz btl,Premium,,6,0.3,22.7,7.19,11.49,9.96,37,,1,4,Blaine:2;Ramsey:4
Kul Mocks Strawberry Mock-Arita 4pk 12oz can,Craft,"Breakthru Beverage Minnesota Beer, LLC",2,0.3,7.6,8.07,9.99,,19,,1,4,Vadnais Heights:2
Lagunitas Hazy IPA 6pk 12oz can,Craft,,12,0.3,36.7,7.5,12.99,10.96,42,,1,6,Cottage Grove:1;Chanhassen:5;Roseville:6
Zarpado Margarita 4pk 12oz can,RTD,Bellboy Corporation,0,0.3,0.0,10.0,19.99,,50,Buyer's Select – 1 Month Lead Time,2,2,
Kentucky Vanilla Barrel Cream 6pk 12oz btl,Craft,"College City Beverage, Inc.",5,0.3,18.9,11.25,16.99,,34,,1,4,Cottage Grove:5
Kentucky Bourbon Barrel Ale 4pk 12oz btl,Craft,,7,0.3,26.5,11.25,16.99,,34,,1,4,Bloomington:5;Cottage Grove:1;Rosemount:1
Odell IPA 12pk 12oz can,Craft,,8,0.3,30.3,16.13,21.99,,27,,1,4,Blaine:4;St. Louis Park:4
Drekker Brewing We're Gonna Need A Montage Kolsch 4pk 16oz can,Craft,Mega Beer LLC,3,0.3,8.8,10.88,15.99,,32,,2,2,Stillwater:3
Drekker Fluff Stuff Blueberry 4pk 16oz can,Craft,Mega Beer LLC,5,0.3,16.9,13.88,19.99,,31,,1,5,Roseville:1;Andover:4
Wandering Leaf Fesbier 6pk 12oz can,Craft,Wandering Leaf,6,0.2,29.7,10.0,14.99,,33,,1,2,Woodbury:6
Drekker Brunch Bubbz Mimosa Sour 4pk 16oz can,Craft,,6,0.2,24.1,10.12,14.99,,32,,0,8,Plymouth:1;Rosemount:5
Down East Original 6 Gallon,Craft,"Breakthru Beverage Minnesota Beer, LLC",-1,0.2,-5.8,,111.99,,,,1,1,
Kasteel Rouge Cherry 4pk 500ml,Import,Old World Beers,-1,0.2,-5.4,13.83,19.99,,31,,0,6,
Odell Lagerado 12pk 12oz can,Craft,,9,0.2,44.5,12.0,15.99,,25,,1,2,Blaine:9
Junkyard Macho Mandalf 4pk 16oz can,Craft,Junkyard Brewing Company,0,0.2,0.0,12.0,16.99,,29,,0,6,
Keystone Ice 15pk 12oz can,Premium,Dahlheimer Beverage Monticello,9,0.2,52.6,10.0,11.99,,17,,1,1,Ramsey:9
Old Milwaukee Light 30pk 12oz can,Economy,,2,0.2,10.7,16.5,20.99,,21,,0,6,Andover:2
Junkyard Werewolves At Luncheon 4pk 16oz can,Craft,Junkyard Brewing Company,0,0.2,0.0,12.0,16.99,,29,,0,5,
Kona Aloha Series 6pk 12oz can,Craft,"College City Beverage, Inc.",-1,0.2,-5.8,7.14,10.99,,35,,1,1,
Kona Big Wave 16 Gallon,Craft,"College City Beverage, Inc.",1,0.2,5.8,157.0,199.99,,21,,1,1,Blaine:1
Montgomery Brewing Tiger King Imperial IPA 4pk 16oz can,Craft,,6,0.2,35.1,11.33,15.99,,29,,1,1,St. Louis Park:1;Bloomington:5
Ketel One Spritz Peach & Orange 4pk 12oz can,RTD,Phillips Wine & Spirits - St. Paul,5,0.2,26.8,9.83,14.99,12.96,34,Case 1,0,6,Minnetonka:6
Kasteel Donker Quad 4pk 500ml,Import,Old World Beers,-7,0.2,-45.0,13.83,19.99,,31,,0,5,
Headflyer Must Be Jelly Fruited IPA 4pk 16oz can,Craft,HeadFlyer Brewing,3,0.2,16.1,10.39,13.99,,26,,0,6,Vadnais Heights:1;St. Louis Park:2
Konig Ludwig Weissbier 4pk 16oz can,Import,Old World Beers,4,0.2,19.8,8.0,11.99,,33,,1,2,St. Louis Park:4
Utepils Ewald the Golden 6 Gallon,Craft,,0,0.2,0.0,85.0,109.99,,23,,1,1,
Lipton Hard Green Tea 24oz can,RTD,"Breakthru Beverage Minnesota Beer, LLC",10,0.2,49.5,2.2,3.49,,37,,1,2,St. Louis Park:10
Lipton Hard Tea Peach 24oz can,Single Serve,Blue Cloud Distribution - MN,10,0.2,42.9,2.2,3.99,,45,,1,3,St. Louis Park:10
Loon Juice Honeycrisp Haze 12pk 12oz can,Cider,,-3,0.2,-12.9,,22.99,,,,1,3,
Loon Juice Lemon Squeezy Main Squeeze 6pk 12oz can,Premium,,-3,0.2,-17.5,7.22,10.99,,34,,1,1,
Loyal 9 Ice Tea Lemonade 4pk 12oz can,RTD,Johnson Brothers - St. Paul,13,0.2,64.3,8.48,13.79,11.96,39,Case 1,1,2,Osseo:3;Woodbury:4;Stillwater:5;Ramsey:6
Loyal 9 Watermelon Lemonade 4pk 12oz can,RTD,Johnson Brothers - St. Paul,11,0.2,47.1,8.48,13.79,11.96,39,Case 1,1,3,Blaine:1;Cottage Grove:1;Stillwater:2;Vadnais Heights:3;Andover:4
Icehouse 40oz btl,Single Serve,,7,0.2,45.0,2.21,4.39,0.49,50,,0,5,Bloomington:7
Ace Guava Hard Cider 6pk 12oz can,Cider,Ace Hard Cider,0,0.2,0.0,8.31,13.99,,41,,1,1,
Dillon's Gin cocktail tangerine & lemon 4pk 12oz can,RTD,"Breakthru Beverage Minnesota Beer, LLC",-1,0.2,-5.8,8.58,11.99,,28,,1,1,
Dillons Gin Cocktail Blackberry Lemon 4pk 12oz can,FMB,"Breakthru Beverage Minnesota Beer, LLC",4,0.2,21.4,8.58,11.99,,28,,0,6,St. Louis Park:4
3 Floyds Zombie Dust 12pk 12oz can,Craft,,8,0.2,34.3,15.75,23.99,,34,,1,3,Blaine:8
Wild State Imperial Hazy Honeycrisp 5 Gallon,Cider,Artisan Beer,0,0.2,0.0,83.12,106.99,,22,,1,1,
Nutrl Watermelon 24oz can,Single Serve,,2,0.2,12.9,3.34,5.49,,39,,0,5,Cottage Grove:2
Downeast Blackberry Cider 6pk 12oz can,Cider,,11,0.2,64.3,8.75,13.99,11.96,37,,1,1,St. Louis Park:11
Deschutes Anytme Hard Lemonade 12pk 12oz can,Craft,,-1,0.2,-5.8,15.4,20.99,,27,,1,1,
Dogfish Head Raison D Extra,Micro Brews,,-5,0.2,-24.7,30.83,69.99,,56,,1,2,
Arcobrau Grafliches Brauhaus Festbier 500ml btl,Import,Old World Beers,6,0.2,35.1,5.12,7.99,,36,,1,1,Stillwater:6
Arizona Hard Lemonade 22oz can,Single Serve,"Capitol Beverage Sales, L.P.",11,0.2,64.3,1.67,4.49,,63,,1,1,St. Louis Park:11
Venn Stone Cold Fox Cold IPA 4pk 16oz can,Craft,Venn Brewing Co.,0,0.2,0.0,10.0,13.99,,29,,1,1,
Inbound Conifer Crush 4pk 16oz can,Micro Brews,Lucid Brewing LLC Dba Inbound Brewco,3,0.2,16.1,7.67,17.99,,57,,0,6,Woodbury:3
MXD Island Iced Tea 4pk 12oz can,Seltzer,"Breakthru Beverage Minnesota Beer, LLC",23,0.2,134.4,5.58,9.49,7.96,41,,1,1,Minneapolis:23
Funk Factory Meerts - Peach 750ml,Single Serve,,4,0.2,19.8,13.55,18.99,,29,,1,2,St. Louis Park:1;Chanhassen:3
Fulton Hop Kingdom Mango Hop Water 4pk 12oz can,Craft,"Hohensteins, Inc.",3,0.2,17.5,7.5,10.99,,32,,1,1,Rosemount:3
Firestone Walker Mind Haze 19.2oz can,Single Serve,,10,0.2,42.9,1.43,3.99,,64,,1,3,Woodbury:6;Plymouth:5
Michelob Golden Draft 12pk 12oz can,Premium,,-1,0.2,-5.8,9.57,,,,,1,1,
Lytt Grape 200ml can,Single Serve,"Breakthru Beverage Minnesota Beer, LLC",47,0.2,274.7,2.1,4.49,3.96,53,,1,1,Minneapolis:47
Best Day IPA Variety Pack 12pk 12oz can,Craft,"Capitol Beverage Sales, L.P.",2,0.2,9.9,14.5,19.99,,27,,1,2,Chanhassen:2
Betty Booze Sparkling Tequila Smoky Pineapple 4pk 12oz can,RTD,Southern Glazer's Wine & Spirits of MN,7,0.2,30.0,9.13,18.99,15.96,52,,1,3,Roseville:1;St. Louis Park:1;Andover:5
Best Day Brewing Galaxy Ripple N/A Imperial IPA 6pk 12oz can,Craft,"Capitol Beverage Sales, L.P.",3,0.2,17.5,7.88,11.99,,34,,1,1,Minnetonka:3
Bent Paddle Cosmic Lounge Hazy IPA 6pk 12oz can,Craft,Artisan Beer,1,0.2,4.6,10.0,14.99,,33,,0,7,Blaine:1
String Theory Pirouette Sparkling Cider 750ml,Single Serve,"String Theory Cider, Inc.",44,0.2,188.6,14.0,22.49,18.96,38,,1,3,Blaine:7;Chanhassen:8;Minnetonka:8;St. Louis Park:10;Andover:11
Strohs 30pk 12oz can,Economy,,4,0.2,23.4,8.0,22.99,,65,,1,1,Blaine:4
Bent Paddle Light 12pk 12oz can,Craft,Artisan Beer,475,0.2,2776.0,10.63,15.99,13.96,34,,1,1,Blaine:51;Roseville:51;Plymouth:52;Vadnais Heights:143;St. Louis Park:178
Betty Booze Sparkling Tequila Variety Pack 6pk,RTD,Southern Glazer's Wine & Spirits of MN,4,0.2,23.4,13.7,26.99,22.96,49,,1,1,Andover:2;Chanhassen:2
Michelob Golden Draft 24pk 12oz btl,Premium,,-10,0.2,-42.9,,23.99,,,,1,3,
Belching Beaver Dam Good Variety 12pk 12oz can,Craft,,9,0.2,41.3,12.31,22.99,,46,,0,7,Blaine:1;Vadnais Heights:8
Fairstate Kold 6pk 12oz can,Craft,,2,0.2,8.6,7.5,10.99,,32,,1,3,Blaine:2
Falling Knife All Sunshine 4pk 16oz can,Craft,Falling Knife Brewing Company,0,0.2,0.0,13.26,19.99,,34,,0,5,
Firestone Brain Melter 19.2oz can,Single Serve,Artisan Beer,0,0.2,0.0,2.13,3.99,,47,,1,1,
Firestone Walker 805 Blonde Ale 6pk 16oz can,Craft,Artisan Beer,4,0.2,18.4,10.0,14.99,,33,,0,7,Woodbury:4
Jack Daniel's Whiskey Seltzer 4pk 12oz can,RTD,"Breakthru Beverage Minnesota Wine & Spirits, LLC",1,0.2,5.8,9.18,14.99,,39,,1,1,Plymouth:1
Jose Cuervo Classic Margarita 4pk 12oz can,RTD,Johnson Brothers - St. Paul,0,0.2,0.0,3.49,14.99,,77,,1,1,
St Bernardus Abt 12 4pk 12oz btl,Import,Artisan Beer,5,0.2,24.7,19.23,25.99,,26,,1,2,Andover:5
Blacklist Blueberry Basil Hard Seltzer 6pk 12oz can,Craft,McDonald Distributing Co dba Clear River Beverage,4,0.2,23.4,9.0,14.99,,40,,1,1,Rosemount:4
Big Sipz 'Merica Liter,Single Serve,"College City Beverage, Inc.",2,0.2,11.7,10.0,13.99,,29,,1,1,Woodbury:2
Blacklist Or De Belgique 6pk 12oz can,Craft,,3,0.2,17.5,9.0,15.99,,44,,1,1,Roseville:3
Stella Artois 6pk 12oz can,Import,"Breakthru Beverage Minnesota Beer, LLC",-1,0.2,-5.8,6.89,10.99,,37,,1,1,
Michelob Ultra Amber 12pk 12oz btl,Super Premium,,-1,0.2,-5.8,11.18,1.42,,-690,,1,1,
Founders Mortal Bloom IPA Variety Pack 12pk 12oz can,Craft,"Hohensteins, Inc.",1,0.2,6.4,15.0,19.99,,25,,0,5,Minnetonka:1
Founders Ultimate Oktoberfest 4pk 12oz btl,Craft,,0,0.2,0.0,11.17,15.99,,30,,0,6,
Crazy Mountain N/A 6pk 12oz can,,"Breakthru Beverage Minnesota Beer, LLC",5,0.2,21.4,7.69,10.99,,30,,1,3,Woodbury:2;Osseo:3
Drastic Measures Super Stupid Good 4pk 16oz can,Craft,Do Not Use - Clear River Beverage,-6,0.2,-32.1,15.67,21.99,,29,,0,6,
Moon God Peach Hard Tea 500ml,Single Serve,"Breakthru Beverage Minnesota Beer, LLC",4,0.2,21.4,2.94,4.99,,41,,0,6,Minneapolis:4
Moon God Raspberry Hard Tea 500ml,Single Serve,"Breakthru Beverage Minnesota Beer, LLC",18,0.2,115.7,2.94,4.99,4.46,41,,0,5,Minneapolis:18
Praga Premium Czech Pilsner 4pk 16oz can,Import,Old World Beers,4,0.2,19.8,9.17,12.99,,29,,1,2,Chanhassen:4
Praga Premium Czech Pilsner 6pk 12oz btl,Import,,7,0.2,34.6,13.16,17.99,,27,,1,2,St. Louis Park:7
Dangerous Man Cherry Vanilla Tart 6pk 12oz can,Craft,Dangerous Man Brewing,-1,0.2,-5.8,7.75,10.99,,29,,1,1,
Cutwater Spicy Bloody Mary 12oz can,Single Serve,Single Can,0,0.2,0.0,2.48,4.49,3.96,45,,1,2,
Pipworks Blood Orange Guppy 4pk 16oz can,Craft,McDonald Distributing Co dba Clear River Beverage,2,0.2,8.6,9.0,11.99,,25,,1,3,Roseville:2
Pizza Port Coastin 6pk 16oz can,Craft,McDonald Distributing Co dba Clear River Beverage,1,0.2,5.8,11.88,16.99,,30,,1,1,Ramsey:1
Popsicle Hard Firecracker 6pk 12oz can,Craft,"College City Beverage, Inc.",0,0.2,0.0,8.25,11.99,,31,,1,3,
Praga Czech Dark Lagar 6pk 12oz btl,Import,,1,0.2,5.8,13.75,17.99,,24,,1,1,St. Louis Park:1
Cutwater America Variety 12pk 12oz can,RTD,"Capitol Beverage Sales, L.P.",3,0.2,13.8,19.5,25.99,,25,,0,7,Rosemount:3
Perla Honey Lager 4pk 16oz can,Import,Old World Beers,11,0.2,54.4,8.52,11.99,,29,,1,2,Chanhassen:2;Woodbury:4;Minnetonka:5
Crystal Light Wild Strawberry Vodka Refresher 4pk 12oz can,RTD,McDonald Distributing Co dba Clear River Beverage,16,0.2,73.5,7.53,11.99,,37,,0,7,Woodbury:16
Summit Winter 16 Gallon,Craft,,-1,0.2,-5.8,160.0,189.99,,16,,1,1,
Greenbar UnRum + Cola 4pk 12oz/ D 750ml,Single Serve,,3,0.2,17.5,9.5,14.25,,33,,1,1,Stillwater:3
Gruvi Sangria 4pk 12oz can,Craft,McDonald Distributing Co dba Clear River Beverage,1,0.2,4.3,14.17,20.99,,33,,1,3,Rosemount:1
Hop Butcher Double Snorkel Squad 4pk 16oz can,Craft,McDonald Distributing Co dba Clear River Beverage,0,0.2,0.0,13.0,18.99,,32,,0,8,
Hop Butcher Dun Dun Dun 4pk 16oz can,Craft,McDonald Distributing Co dba Clear River Beverage,0,0.2,0.0,13.0,18.99,,32,,0,6,
Big Sipz Warhead Watermelon 200ml,Single Serve,"College City Beverage, Inc.",1,0.2,6.4,2.67,3.49,,23,,0,5,Woodbury:1
Summit Nialas IPA 6pk 12oz can,Craft,,1,0.2,5.8,7.69,11.99,,36,,1,1,Minneapolis:1;St. Louis Park:1
Summit Seasonal 12pk 12oz btl,Craft,,0,0.2,0.0,13.22,19.99,16.96,34,,1,1,Cottage Grove:1;St. Louis Park:1;Woodbury:30
MOM WATER JULIE PASSION FRUIT 4pk 12oz can,RTD,,5,0.2,23.0,6.88,13.99,,51,,0,7,Plymouth:2;Blaine:3
Drekker SMOL Party Pack 6pk 12oz can,Craft,,9,0.2,44.5,15.55,21.99,,29,,1,2,Roseville:4;Andover:5
Junkyard Beertopia Raspberry Daydream 4pk 16oz can,Craft,Junkyard Brewing Company,0,0.2,0.0,14.0,19.99,,30,,1,3,
Crystal Light Fruit Punch Vodka Refresher 4pk 12oz can,RTD,McDonald Distributing Co dba Clear River Beverage,16,0.2,64.3,7.62,11.99,,36,,0,8,Woodbury:16
Crafted Artisan Meadery Strawberry Honey 17oz btl,Craft,,0,0.2,0.0,6.75,9.99,,32,,1,1,
Crafted Mead Bananas Foster 17oz btl,Craft,,16,0.2,93.5,6.75,9.99,,32,,1,1,Chanhassen:16
Monaco Classic Lime Margarita 12oz can,Single Serve,"Breakthru Beverage Minnesota Beer, LLC",1,0.2,5.4,1.89,3.49,2.96,46,,0,6,St. Louis Park:1
Heineken Light 6pk 12oz btl,Import,,2,0.2,8.6,7.2,10.99,,34,,1,3,Woodbury:2
Pryes Lost Moon 2024 russian imperial stout 4pk 16oz can,Craft,"Pryes Brewing Company, LLC",2,0.2,9.9,19.96,31.99,,38,,1,2,Rosemount:2
Ciroc Colada Spritz 4pk 12oz can,RTD,Johnson Brothers - St. Paul,13,0.2,76.0,0.17,18.49,7.98,99,,1,1,Roseville:13
Modist Grape Ape 4pk 12oz can,Craft,Modist Brewing Company,4,0.2,17.1,11.53,16.99,,32,,1,3,St. Louis Park:1;Minnetonka:2;Rosemount:2
Modist Supra Deluxe Sea Salt Lime 16oz can,Single Serve,,-8,0.2,-42.9,,3.49,,,,0,6,
Social Pop Cherry Limeade 6pk 12oz can,RTD,"Breakthru Beverage Minnesota Beer, LLC",3,0.2,17.5,7.9,12.99,10.96,39,,1,1,St. Louis Park:3
Social Pop Wildberry Vanilla 6pk 12oz can,RTD,"Breakthru Beverage Minnesota Beer, LLC",3,0.2,17.5,7.9,12.99,10.96,39,,1,1,St. Louis Park:3
Milk & Honey Golden Russet Cider 1.5L,Cider,,4,0.2,23.4,16.67,22.99,,28,,1,1,Roseville:4
Sociable Cider Werks TDF #2 Watermelon Basil 4pk 12oz can,Cider,Sociable Cider Werks,5,0.2,29.2,7.17,10.99,,35,,1,1,Woodbury:5
Sociable Cider Werks TDF Stage 2 Strawberry Patch 4pk 12oz can,Cider,"Breakthru Beverage Minnesota Beer, LLC",1,0.2,5.8,7.49,10.99,9.96,32,,1,1,Chanhassen:3
Blake's Fashioned Zero Proof 6pk 12oz can,Cider,"College City Beverage, Inc.",1,0.2,4.9,7.23,10.99,,34,,1,2,Woodbury:1
Good Boy Peach 4pk 12oz can,RTD,,-7,0.2,-30.0,9.67,12.99,10.96,26,,1,3,
BeatBox Green Apple 3L,RTD,"Capitol Beverage Sales, L.P.",6,0.2,35.1,12.58,20.99,17.96,40,,1,1,Minneapolis:6
Beatbox Pickle Margarita 500ml,Single Serve,"Capitol Beverage Sales, L.P.",6,0.2,29.7,2.23,4.49,3.96,50,,1,2,Vadnais Heights:1;Andover:2;Osseo:3
Hitachino White Ale 4pk 12oz can,Import,Old World Beers,4,0.2,23.4,8.52,23.99,,65,,1,1,Andover:2;Cottage Grove:2
Summit Nialas Irish Dark 6pk 12oz can,Craft,,-3,0.2,-13.8,7.69,11.99,,36,,0,7,Vadnais Heights:1;Andover:1
BauHaus WonderStuff 6pk 12oz can,Craft,Artisan Beer,4,0.2,25.7,9.23,12.99,,29,,0,5,St. Louis Park:4;Stillwater:4
Barrel Theory Superfractor 4pk 16oz can,Craft,Barrel Theory Beer Company,0,0.2,0.0,10.83,15.99,,32,,0,6,
Tattersall Key Lime Gin & Tonic 4pk 12oz can,RTD,Phillips Wine & Spirits - St. Paul,-9,0.2,-38.6,11.43,18.99,15.96,40,Case 1,1,3,
Surly Nitro Coffee 4pk 16oz can,Craft,,8,0.2,46.8,9.23,12.99,,29,,1,1,Chanhassen:8;Andover:1
Surly Darkness 2024 Cola 16oz can,Single Serve,Dahlheimer Beverage Monticello,0,0.2,0.0,4.02,15.99,,75,,1,2,
Tattersall Blueberry Collins 4pk 12oz can,RTD,Phillips Wine & Spirits - St. Paul,47,0.2,232.4,11.43,13.79,11.96,17,Case 1,1,2,Osseo:1;Stillwater:5;Minnetonka:41
Luce Line Riwaka Waka Hazy IPA 4pk 16oz can,Craft,Luce Line Brewing,2,0.2,11.7,12.25,17.99,,32,,1,1,Blaine:1;Rosemount:1
Lucky Buddha 6pk 12oz btl,Import,Artisan Beer,7,0.2,30.0,10.11,12.99,,22,,1,3,Minnetonka:1;Rosemount:6
Oliphant Brewing Co Gorb 4pk 16oz can,Craft,Oliphant Brewing,0,0.2,0.0,9.17,12.99,,29,,0,6,
"Oliphant Brewing Snail Pale Pale Ale 4pk 16oz can
",Craft,,6,0.2,25.7,8.0,12.99,,38,,1,3,Cottage Grove:2;St. Louis Park:4
Steel Toe Provider 5 Gallon,Craft,,4,0.2,23.4,62.5,64.99,,4,,1,1,St. Louis Park:4
Spiral Brewing River Bum 4pk 16oz can,Craft,,1,0.2,6.4,8.0,10.99,,27,,0,5,Cottage Grove:1
Special Export 6pk 16oz can,Economy,,-1,0.2,-4.3,4.74,8.49,,44,,1,3,
Firestone Walker Bretta Tangerine 12oz btl,Craft,,7,0.2,40.9,9.58,12.99,,26,,1,1,Chanhassen:7
Firestone Walker Bretta Weisse 12oz btl,Craft,,0,0.2,0.0,6.85,13.99,,51,,1,1,
Mikes Harder Green Apple 4pk 16oz can,FMB,"Breakthru Beverage Minnesota Beer, LLC",-1,0.2,-5.8,5.6,7.99,,30,,1,1,
Steel Toe Pack the Patio Porter 6pk 12oz can,Craft,Steel Toe Brewing,6,0.2,29.7,9.5,13.99,,32,,1,2,Ramsey:6
Boulevard Dark Truth Imp Stout 6pk 12oz btl,Craft,"Breakthru Beverage Minnesota Beer, LLC",3,0.2,17.5,11.53,16.99,,32,,1,1,Rosemount:3
Labatt Blue Light 24pk 12oz can,Import,"Breakthru Beverage Minnesota Beer, LLC",3,0.2,12.9,20.62,25.99,,21,,1,3,Ramsey:1;Blaine:2
Half Acre Daisy Cutter 6pk 12oz can,Craft,Artisan Beer,3,0.2,12.9,9.23,13.99,,34,,1,3,Roseville:3
Half Acre Rotator 4pk 16oz can,Craft,Artisan Beer,0,0.2,0.0,9.34,13.99,,33,,0,8,
Sierra Nevada Hop Splash Citrus N/A 6pk 12oz can,Craft,Dahlheimer Beverage Monticello,6,0.2,25.7,8.2,11.96,10.96,31,,1,3,Blaine:1;Vadnais Heights:1;Andover:2;Woodbury:2
Sierra Nevada Juicy Little Thing 6pk 12oz can,Craft,,1,0.2,4.9,8.45,11.99,,30,,1,2,Plymouth:3
Sierra Nevada Seasonal 12pk 12oz can,Craft,,7,0.2,40.9,13.9,20.99,17.96,34,,1,1,Rosemount:7
Shiner Oktoberfest 8 gallon Keg,Craft,Dahlheimer Beverage Monticello,1,0.2,5.8,85.0,139.99,,39,,1,1,Blaine:1
Brau Brothers Mrs Whitneys Pail Ale 4pk 16oz can,Craft,"Brau Brothers Brewing Company, LLC",8,0.2,34.3,6.71,7.99,6.96,16,,1,3,Rosemount:2;Minneapolis:6
Blackstack Routine Straight Stout 4pk 16oz can,Craft,Artisan Beer,1,0.2,4.9,10.77,15.99,,33,,1,2,Rosemount:1
Skimmers Variety Pack 8pk 12oz can,Craft,,3,0.2,23.4,15.08,19.99,,25,,1,1,Woodbury:0;Chanhassen:3
Miller 64 6pk 12oz btl,Premium,,6,0.2,38.6,6.69,8.24,2.98,19,,0,5,Andover:6
Fair State Brewing KOLD 12pk 12oz can,Craft,,5,0.2,29.2,13.75,19.99,,31,,1,1,St. Louis Park:5
Fair State Pilsner�12pk 12oz can,Craft,"Capitol Beverage Sales, L.P.",1,0.2,5.8,14.25,19.99,,29,,1,1,Minnetonka:1
Schilling Cider Excelsior 6pk 12oz can,Cider,,0,0.2,0.0,10.25,13.99,,27,,1,2,
Bud Light Straw-Ber-Rita 4pk 16oz can,FMB,,5,0.2,26.8,6.59,8.99,,27,,0,6,Blaine:2;Cottage Grove:3
Schell's Deer Brand 12pk 12 oz can,Craft,,9,0.2,52.6,10.44,18.99,15.96,45,,1,1,Woodbury:9
Schell's Deer Brand 12pk 12oz btl,Premium,,0,0.2,0.0,12.0,15.99,,25,,1,2,
Junkyard 70's Rock Label 4pk 16oz can,Craft,Junkyard Brewing Company,9,0.2,38.6,12.0,16.99,,29,,1,3,Ramsey:9
Junkyard Golferitaville 4pk 16oz can,Craft,Junkyard Brewing Company,6,0.2,32.1,11.17,15.99,,30,,0,6,Woodbury:2;St. Louis Park:5
Junkyard Dude's Dream 4pk 16oz can,Craft,Junkyard Brewing Company,0,0.2,0.0,12.0,16.99,,29,,0,6,
Jose Cuervo Playa Mar Mango 4pk 12oz can,RTD,Johnson Brothers - St. Paul,0,0.2,0.0,6.83,12.99,,47,,1,2,
Elm Creek Sustained Illusion Keg,Kegs,Dahlheimer Beverage Monticello,0,0.2,0.0,189.0,,,,,1,1,
Falling Knife Lucky Cat Army 4pk 16oz can,Craft,Dahlheimer Beverage Monticello,2,0.2,10.7,10.0,14.99,,33,,0,6,Andover:2
Miller Lite 16 Gallon,Premium,,0,0.2,0.0,122.0,149.99,,19,,1,1,
Shiner Taproom Variety Pack 12pk 12oz can,Craft,Dahlheimer Beverage Monticello,6,0.2,25.7,12.8,17.99,,29,,1,3,Blaine:6
Coronado Mermaids Red 4pk 16oz can,Craft,McDonald Distributing Co dba Clear River Beverage,5,0.2,29.2,9.0,12.99,,31,,1,1,St. Louis Park:5
Pryes Fresh Hop Glamorama 4pk 16oz can,Craft,"Pryes Brewing Company, LLC",-1,0.2,-5.8,14.08,19.99,,30,,1,1,
Clown Shoes Luchador Series  4pk 16oz can,Craft,,5,0.2,29.2,10.08,12.99,,22,,1,1,Andover:5
Clown Shoes Snow on the Maple Tree 4pk 12oz can,Craft,McDonald Distributing Co dba Clear River Beverage,1,0.2,4.3,17.25,24.99,,31,,1,3,Andover:1
Pryes Barrel Carving 750ml,Single Serve,,6,0.2,35.1,23.0,32.99,,30,,1,1,Chanhassen:6
Puntagave Seltzer Meyer Lemon Ginger 4pk 12oz can,RTD,"Tradition Wine & Spirits, LLC",2,0.2,8.6,11.5,18.99,15.96,39,,1,3,Stillwater:2
Back Channel Back Draft Helles Lager 4pk 16oz can,Craft,Back Channel Brewing Co.,3,0.2,14.8,8.33,10.99,,24,,1,2,St. Louis Park:3
Urban Growler Lemon-Lime Sourpuss 4pk 16oz can,Craft,Urban Growler Brewing Company,13,0.2,83.6,10.21,14.99,,32,,0,5,Roseville:3;Rosemount:4;Minneapolis:6
Unibroue La Fin Du Monde 4pk 16oz can,Import,Artisan Beer,1,0.2,5.8,9.25,13.99,,34,,1,1,Andover:1
Back Channel The Empress Fruited Sour 4pk 16oz can,Craft,Back Channel Brewing Co.,8,0.2,36.7,13.54,14.99,,10,,0,7,Minnetonka:1;St. Louis Park:1;Blaine:6
Urban Growler Pink Guava Sourpuss Sour Ale 4pk 16oz can,Craft,Urban Growler Brewing Company,3,0.2,12.9,10.0,14.99,,33,,1,3,Roseville:3
Luce Line White Van Superman Hazy DIPA 4pk 16oz can,Craft,Luce Line Brewing,1,0.2,4.9,14.33,20.99,,32,,1,2,Roseville:1
Barrel Theory Long Distance Phone Call 4pk 16oz can,Craft,Barrel Theory Beer Company,5,0.2,29.2,10.83,15.99,,32,,1,1,Woodbury:5
Barrel Theory Rotator 4pk 16oz can,Craft,Barrel Theory Beer Company,1,0.2,5.4,10.83,15.99,,32,,0,6,Roseville:1
Third Street MN Gold Micro Razz 12pk 12oz can,Premium,"Breakthru Beverage Minnesota Beer, LLC",5,0.2,26.8,11.55,16.99,,32,,0,6,Andover:5
Lindemans Gift Set 4pk 8oz btl,Import,Dahlheimer Beverage Monticello,0,0.2,0.0,12.88,16.99,,24,,1,2,
Go Brewing DBL IPA N/A 6pk 12oz can,Craft,Bernicks,2,0.2,10.7,8.13,11.99,,32,,0,6,Andover:2
Luce Line Gold Dust Hazy IPA 4pk 16oz can,Craft,Luce Line Brewing,3,0.2,17.5,12.0,17.99,,33,,1,1,Blaine:4
Luce Line Guac is Extra 12pk 12oz can,Craft,12,1,0.2,4.3,12.5,18.99,,34,,1,3,Woodbury:1
Urban Growler Urban Glow Bonspiel Blue 4pk 16oz can,Craft,Urban Growler Brewing Company,-2,0.2,-11.7,8.33,11.99,,30,,1,1,
Back Channel Bearitone NE IPA 4pk 16oz can,Craft,Back Channel Brewing Co.,-3,0.2,-17.5,55.56,16.99,,-227,,1,1,
Untitled Art Italian Pils 6pk 12oz can,Craft,"Capitol Beverage Sales, L.P.",4,0.2,21.4,9.0,13.99,,36,,0,6,Vadnais Heights:4
Lift Bridge Ginger Ale 12pk 16oz can,,,1,0.2,4.9,13.0,18.99,,32,,1,2,Woodbury:1
Leinenkugel's NA Summer Shandy 6pk 12oz can,Craft,Dahlheimer Beverage Monticello,11,0.2,64.3,7.65,11.99,,36,,1,1,Woodbury:11
Lift Bridge Blackberry Tonic N/A 6pk 12oz can,FMB,"College City Beverage, Inc.",3,0.2,13.8,7.5,10.99,,32,,0,7,Woodbury:1;Rosemount:2
Lift Bridge Fireside Flannel 6pk 12oz can,Craft,,5,0.2,29.2,8.47,12.99,,35,,1,1,Stillwater:1;Blaine:1;St. Louis Park:3
"Twisted Shotz Suck it up, Chocolate Cup 4pk",RTD,"Breakthru Beverage Minnesota Wine & Spirits, LLC",13,0.2,76.0,3.08,5.49,4.96,44,,1,1,Minnetonka:6;Chanhassen:7
Transient Artisan Ales Life for a Puppy 17oz btl,Craft,,-2,0.2,-11.7,15.5,21.99,,30,,1,1,
Toppling Goliath Supa Sue-Mo 4pk 16oz can,Craft,Artisan Beer,0,0.2,0.0,13.85,19.99,,31,,1,3,
Indeed Mexican Honey Light 12oz can,Single Serve,,-1,0.2,-5.8,,2.39,,,,1,1,
Insight April Showers 4pk 16oz can,Craft,Insight Brewing Company (D),2,0.2,12.9,11.53,16.99,,32,,0,5,Ramsey:2
Tucher Helles Hefe Weizen,Import,,-1,0.2,-5.8,,3.89,,,,1,1,
Castle Danger Lager Royale 6pk 12oz can,Craft,"Breakthru Beverage Minnesota Beer, LLC",7,0.2,34.6,8.11,11.99,,32,,1,2,Andover:1;Vadnais Heights:1;Blaine:5
Castle Danger Sea Salt Lime 6pk 12oz can,Craft,"Breakthru Beverage Minnesota Beer, LLC",-1,0.2,-5.8,8.45,11.99,,30,,1,1,
Central Waters Seasonal 4pk 12oz can,Craft,Dahlheimer Beverage Monticello,8,0.2,34.3,14.36,18.99,,24,,1,3,Andover:3;Rosemount:5
Corona Premier 4pk 16oz can,Import,"Breakthru Beverage Minnesota Beer, LLC",11,0.2,64.3,5.27,7.99,,34,,1,1,Bloomington:11
Dulce Vida Watermelon Margarita,RTD,Phillips Wine & Spirits - St. Paul,1,0.2,5.8,12.18,15.99,13.96,24,Case 1,1,1,Osseo:1
Minneapolis Cider Co. Blueberry Borealis 6pk 12oz can,Cider,"Hohensteins, Inc.",4,0.2,21.4,9.75,13.99,,30,,0,6,Blaine:4
Revolution Brewing Hazy-Hero Hazy IPA 6pk 12oz can,Craft,Artisan Beer,6,0.2,35.1,9.56,12.99,,26,,1,1,Roseville:2;Minnetonka:4
Saint Spritz Amalfi 4pk 355ml,RTD,,2,0.2,9.9,8.78,14.99,12.96,41,1 on 5,1,2,Woodbury:3
Budweiser 6 Gallon,Keg,McDonald Distributing Co dba Clear River Beverage,0,0.2,0.0,42.85,53.99,,21,,1,1,
Budweiser Holiday Stein,Premium,McDonald Distributing Co dba Clear River Beverage,0,0.2,0.0,11.0,24.99,,56,,1,1,
Bud Light 16 Gallon,Premium,"College City Beverage, Inc.",4,0.2,17.1,122.0,149.99,,19,,1,3,Ramsey:4
Schloss Eggenberg Maibock 1pt .9oz bottle/ D 750ml,Single Serve,,17,0.2,99.4,3.93,5.99,,34,,1,1,Stillwater:17
Schell's Oktoberfest 16 Gallon,Craft,,0,0.2,0.0,149.0,199.99,,25,,1,1,
Schell's Sampler 12pk 12oz can,Craft,,15,0.2,64.3,13.38,18.99,,30,,1,3,Chanhassen:11;Bloomington:20
Samuel Smith Nut Brown 4pk 12oz btl,Import,"Breakthru Beverage Minnesota Beer, LLC",4,0.2,23.4,10.73,15.99,,33,,1,1,Roseville:4
Einstok Icelandic Wee Heavy Scotch Ale 6pk 12oz can,Craft,McDonald Distributing Co dba Clear River Beverage,5,0.2,24.7,10.25,13.99,,27,,1,2,St. Louis Park:5
Modelo 8 gallon Keg,Import,,0,0.2,0.0,87.86,104.99,,16,,1,3,
Wandering Leaf Convergent Evolution 4pk 16oz can,Craft,Wandering Leaf,9,0.2,38.6,11.33,15.99,,29,,1,3,Rosemount:9
Alesmith NA IPA 6pk 12oz can,Craft,Do Not Use - Clear River Beverage,3,0.2,17.5,9.0,10.99,,18,,1,1,St. Louis Park:3
Wooden Hill The Mule Ginger and Lime Hard Seltzer 4pk 16oz can,Craft,Wooden Hill Brewing Company,5,0.2,29.2,10.95,15.99,,32,,1,1,Rosemount:5
Inbound Yabai 4pk 16oz can,Craft,Lucid Brewing LLC Dba Inbound Brewco,0,0.2,0.0,7.62,10.99,,31,,0,6,
Welch's Vodka Cranberry 4pk 12oz can,Craft,"Capitol Beverage Sales, L.P.",0,0.2,0.0,45.03,10.99,,-310,,0,6,
Inbound Top of The First 4pk 16oz can,Craft,Lucid Brewing LLC Dba Inbound Brewco,0,0.2,0.0,6.95,9.99,,30,,0,6,
903 Brewers Cream Ale 6pk 12oz can,Craft,,7,0.2,40.9,9.29,12.99,,29,,1,1,Andover:7
Wandering Leaf Convergent Evolution 6pk 12oz can,Craft,Wandering Leaf,13,0.2,59.7,11.0,15.99,,31,,0,7,Woodbury:13
56 Brewing Nersheast Nectar Italian Pilsner 4pk 16oz can,Craft,56 Brewing,3,0.2,12.9,9.53,12.99,,27,,1,3,St. Louis Park:3
War Pigs Foggy Geezer 16 Gallon,Craft,"College City Beverage, Inc.",0,0.2,0.0,175.0,214.99,,19,,1,2,
56 Brewing Big 11 4pk 16oz can,Micro Brews,Mega Beer LLC,0,0.2,0.0,9.43,19.99,,53,,1,2,
Gosling's Dark n Stormy 4pk 12oz can,RTD,"Vinocopia, Inc",-3,0.2,-17.5,10.5,15.99,13.96,34,,1,1,Andover:1
Weldwerks Fruit and the Furious 4pk 16oz can,Craft,McDonald Distributing Co dba Clear River Beverage,3,0.2,12.9,14.67,19.99,,27,,1,3,St. Louis Park:3
21st Amendment Blood Orange IPA 12pk 12oz can,Craft,"Hohensteins, Inc.",0,0.2,0.0,13.65,18.99,,28,,0,8,
Gouden Carolus Tripel 750ml,Single Serve,Old World Beers,0,0.1,0.0,10.0,13.99,,29,,0,2,
Woodchuck Amber Hard Cider 6pk 12oz can,Cider,"Hohensteins, Inc.",6,0.1,96.4,8.4,12.99,,35,,0,2,Rosemount:6
Wooden Hill Pixie Catcher,Premium,,-12,0.1,-192.9,9.95,13.99,,29,,0,2,
WeldWerks The Best Citra Hazy DIPA 4pk 16oz can,Craft,McDonald Distributing Co dba Clear River Beverage,0,0.1,0.0,15.67,21.99,,29,,0,2,
Allagash Variety Pack 12pk 12oz can,Craft,McDonald Distributing Co dba Clear River Beverage,8,0.1,128.6,18.19,26.99,,33,,0,2,Chanhassen:1;Rosemount:7
Alter Ego The Guardian Angel 16oz can,Single Serve,"Bourget Imports, LLC",1,0.1,10.7,5.37,6.99,,23,,0,3,Minnetonka:1
Alesmith Pale Ale 394 6pk 12oz can,Micro Brews,McDonald Distributing Co dba Clear River Beverage,9,0.1,144.6,8.67,11.99,,28,,0,2,Roseville:3;Vadnais Heights:6
Arbeiter Tokki Korean Rice Lager 4pk 16oz can,Craft,"Arbeiter Brewing Company, LLC",1,0.1,10.7,9.14,12.99,,30,,0,3,Roseville:1
Venn Cosmosis Triple Berry 4pk 16oz can,Craft,Venn Brewing Co.,0,0.1,0.0,10.65,19.99,,47,,0,2,
Arnold Palmer Spiked Raspberry 24oz can,Single Serve,,0,0.1,0.0,1.87,4.49,,58,,0,3,
Utepils Skolsch 12pk 12oz can,Craft,,22,0.1,353.6,15.16,19.99,16.96,24,,0,2,Vadnais Heights:1;Cottage Grove:15;Stillwater:7
HeadFlyer Escalating Falcon 4pk 16oz can,Craft,HeadFlyer Brewing,4,0.1,42.9,11.17,16.99,,34,,0,3,Vadnais Heights:4
New Holland Dragon's Milk 22oz btl,Single Serve,,0,0.1,0.0,5.85,9.99,,41,,0,2,
Dogfish Head Blood Orange Mango Crush 4pk 12oz can,RTD,,0,0.1,0.0,8.48,13.99,11.96,39,,0,2,
Novo Fogo Mango Caipirinha 4pk 6.7oz can,RTD,Phillips Wine & Spirits - St. Paul,2,0.1,32.1,7.13,17.49,14.96,59,,0,2,Chanhassen:2
Downeast Donut 6 Gallon,Kegs,Dahlheimer Beverage Monticello,2,0.1,32.1,115.0,140.99,,18,,0,2,Blaine:2
Downeast Overboard Mix Pack 9pk 12oz can,Cider,,-10,0.1,-107.1,14.65,19.99,,27,,0,3,
Zing Zang RTD Bourbon Sour 4pk 12oz can,RTD,Phillips Wine & Spirits - St. Paul,15,0.1,160.7,9.75,16.99,,43,,0,3,Ramsey:7;Chanhassen:8
INBOUND CLASSIC AMERICAN PILSNER  4pk 16oz can,Craft,,-2,0.1,-32.1,6.86,9.99,,31,,0,2,
Wooden Hill Zest IV Hazy IPA 4pk 16oz can,Craft,Wooden Hill Brewing Company,0,0.1,0.0,10.95,15.99,,32,,0,2,
Modelo Chelada Limon Y Sal N/A 6pk 12oz can,Craft,"Breakthru Beverage Minnesota Beer, LLC",2,0.1,32.1,7.27,10.99,,34,,0,2,St. Louis Park:2
Schilling Cider Local Legend 6pk 12oz can,Cider,,6,0.1,64.3,9.25,13.99,,34,,0,3,Vadnais Heights:1;Roseville:5
Schilling Keep It Wild 6pk 12oz can,Craft,McDonald Distributing Co dba Clear River Beverage,4,0.1,64.3,10.5,14.99,,30,,0,2,St. Louis Park:4
Schilling Moon Berries 6pk 12oz can,Cider,Do Not Use - Clear River Beverage,2,0.1,21.4,9.65,13.99,,31,,0,3,Woodbury:2
Schilling Rotating Lemonade 19.2oz can,Single Serve,,11,0.1,176.8,2.92,3.99,,27,,0,2,Rosemount:11
Samuel Adams Seasonal 6pk 12oz btl,Craft,"Breakthru Beverage Minnesota Beer, LLC",-17,0.1,-182.1,7.7,10.99,,30,,0,3,Vadnais Heights:4
Samuel Smith Chocolate Stout 4pk 12oz btl,Import,"Breakthru Beverage Minnesota Beer, LLC",0,0.1,0.0,9.44,15.99,,41,,0,2,
Busch 16 Gallon,Below Premium,,-2,0.1,-32.1,40.62,144.99,,72,,0,2,
Saint Spritz Hugo 4pk 355ml,RTD,,0,0.1,0.0,8.78,14.99,12.96,41,1 on 5,0,3,
Revolution Brewing X-Hero Juicy Rush 19.2oz can,Single Serve,Artisan Beer,0,0.1,0.0,2.13,2.99,,29,,0,4,
Samichlaus Schwarz 4pk 11oz btl,Import,Old World Beers,-1,0.1,-16.1,18.83,26.99,,30,,0,2,
Modelo Oro 24pk 12oz can,Import,"Breakthru Beverage Minnesota Beer, LLC",-4,0.1,-42.9,,29.99,25.96,,,0,3,
Modist Breffix 4pk 12oz can,Craft,Modist Brewing Company,10,0.1,80.4,8.67,12.99,,33,,0,4,St. Louis Park:1;Rosemount:2;Stillwater:2;Vadnais Heights:2;Chanhassen:3
Modist Double Dreamyard 4pk 16oz can,Craft,Modist Brewing Company,9,0.1,144.6,13.85,18.99,,27,,0,2,Chanhassen:1;Minnetonka:4;Rosemount:4
Dunkin' Donuts Spiked Iced Coffee 4pk 12oz can,FMB,Do Not Use - Clear River Beverage,2,0.1,21.4,6.75,9.99,,32,,0,3,Roseville:2
Dustin The Elder West Coast IPA 4pk 16oz can,Craft,Junkyard Brewing Company,0,0.1,0.0,11.17,15.99,,30,,0,2,
Earth Rider Rotating Seasonal 6pk 12oz can,Micro Brews,,4,0.1,32.1,10.25,10.99,,7,,0,4,Roseville:4
Cayman Jack Margarita,Malternatives,,-3,0.1,-32.1,,1.69,,,,0,3,
Canteen Pineapple 4pk 12oz can,RTD,,2,0.1,32.1,8.25,12.99,,36,,0,2,Blaine:2
Puntagave Seltzer Grapefruit Peach 4pk 12oz can,RTD,"Tradition Wine & Spirits, LLC",3,0.1,48.2,11.5,18.99,15.96,39,,0,2,Stillwater:3
Coronado Weekend Vibes 12pk 12oz can,Craft,McDonald Distributing Co dba Clear River Beverage,0,0.1,0.0,19.5,26.99,,28,,0,2,
Coronado Momentum Tropical IPA 4pk 16oz can,Craft,McDonald Distributing Co dba Clear River Beverage,0,0.1,0.0,10.33,14.99,,31,,0,4,
Hamm's 16 Gallon,Below Premium,,0,0.1,0.0,97.0,119.99,,19,,0,3,
Sierra Nevada Atomic Torpedo 6pk 12oz can,Craft,,5,0.1,53.6,8.45,11.99,,30,,0,3,Bloomington:5
Broken Clock Brewing That Salty Quaker 4pk 16oz can,Craft,Broken Clock Brewing Cooperative,0,0.1,0.0,10.33,14.99,,31,,0,3,
Broken Clock Minnesota Vixen 4pk 16oz can,Craft,Broken Clock Brewing Cooperative,0,0.1,0.0,10.33,14.99,,31,,0,3,
Junkyard Christian Bale 4pk 16oz can,Craft,Junkyard Brewing Company,2,0.1,21.4,10.5,13.99,,25,,0,3,Rosemount:2
Junkyard Coco Mondo Cream Ale 4pk 16oz can,Craft,Junkyard Brewing Company,6,0.1,64.3,9.83,13.99,,30,,0,3,Rosemount:6
Junkyard Cool Shades 4pk 16oz can,Craft,Junkyard Brewing Company,0,0.1,0.0,13.33,18.99,,30,,0,2,
Junkyard Endless Horizon 4pk 16oz can,Craft,Junkyard Brewing Company,7,0.1,56.2,12.0,16.99,,29,,0,4,Woodbury:7
Junkyard Bonnie Situation 4pk 16oz can,Craft,Junkyard Brewing Company,0,0.1,0.0,11.83,16.99,,30,,0,4,
Junkyard Grandpa Bill's Pils 4pk 16oz can,Micro Brews,Junkyard Brewing Company,0,0.1,0.0,8.67,10.99,,21,,0,2,
Schell's FireBrick 6pk 12oz can,Craft,,0,0.1,0.0,7.64,10.99,,31,,0,3,
Schell's Firebrick 12pk 12oz btl,Craft,,0,0.1,0.0,8.22,18.99,,57,,0,2,
Milk & Honey Pommeau 750ml,Single Serve,,41,0.1,658.9,22.5,32.99,,32,,0,2,Roseville:6;St. Louis Park:35
Estrella Daura IPA 6pk 12oz can,Craft,"Capitol Beverage Sales, L.P.",5,0.1,80.4,9.0,12.99,,31,,0,2,Minnetonka:5
Sierra Nevada Torpedo 6pk 12oz can,Craft,"Breakthru Beverage Minnesota Beer, LLC",-2,0.1,-32.1,7.09,11.99,,41,,0,2,
Bruhaven The Minneapolitan IPA 4pk 16oz can,Craft,Mega Beer LLC,6,0.1,64.3,11.0,15.99,,31,,0,3,Osseo:6
Bruhaven The Original Limelight Factory 4pk 16oz can,Craft,Mega Beer LLC,11,0.1,88.4,11.0,15.99,,31,,0,4,St. Louis Park:11
Haggard Schlapp's American Lager 4pk 16oz can,Craft,Haggard Barrel Brewing Company LLC,-3,0.1,-32.1,6.67,9.99,,33,,0,3,
Mike's Harder Tea 24oz can,Single Serve,,0,0.1,0.0,2.33,3.99,,42,,0,2,Andover:1
Mikerphone Brewing PB & Jam Juice Raspberry 4pk 16oz can,Craft,,3,0.1,48.2,14.54,20.99,,31,,0,2,Chanhassen:3
Steel Toe DODs Hazy IPA 6pk 12oz can,Craft,Steel Toe Brewing,0,0.1,0.0,9.5,13.99,,32,,0,3,
BlackStack Open Bar 4pk 16oz can,Craft,Artisan Beer,0,0.1,0.0,14.95,21.99,,32,,0,2,
Bitburger Drive N/A 6pk 12oz btl,Import,,2,0.1,32.1,11.2,15.99,15.96,30,,0,2,Rosemount:2
Blackstack Dutch Masters 4pk 16oz can,Craft,Artisan Beer,0,0.1,0.0,12.3,17.99,,32,,0,3,
Blackstack Microdosing Cashmere Once A Day IPA 4pk 16oz can,Craft,"Black Stack Brewing, Inc",-2,0.1,-32.1,12.0,16.99,,29,,0,2,
Blackstack DDH 755 Strata 4pk 16oz can,Craft,Artisan Beer,1,0.1,16.1,12.3,17.99,,32,,0,2,Rosemount:1
Smithwicks Irish Ale 8pk 15oz can,Craft,"Breakthru Beverage Minnesota Beer, LLC",2,0.1,16.1,11.92,15.99,,25,,0,4,Bloomington:2
Junkyard Islander 4pk 16oz can,Craft,Junkyard Brewing Company,1,0.1,8.0,9.83,12.99,,24,,0,4,Bloomington:1
Drekker Prince of the Place 4pk 16oz can,Craft,Drekker Brewing Company,1,0.1,10.7,12.38,17.99,,31,,0,3,Rosemount:1
Earth Rider Rotator 4pk 12oz can,Micro Brews,"Earth Rider Brewing, LLC",0,0.1,0.0,9.61,9.99,,4,,0,3,
Modist Last Of The Best: Mosaic DDH Pilsner 4pk 16oz can,Craft,Modist Brewing Company,-6,0.1,-48.2,9.23,12.99,,29,,0,4,
Heineken 0.0% NA 12pk 12oz btl,Craft,Bernicks,7,0.1,56.2,13.09,20.99,,38,,0,4,St. Louis Park:7
Heineken 6pk 8oz btl,Import,"Hohensteins, Inc.",1,0.1,10.7,4.95,6.99,,29,,0,3,Cottage Grove:1
Drekker Mass Shadow 4pk 16oz can,Craft,Mega Beer LLC,0,0.1,0.0,13.87,19.99,,31,,0,2,
Founders Mosaic Promise 12pk 12oz can,Craft,"Hohensteins, Inc.",0,0.1,0.0,14.47,19.99,,28,,0,4,
Green's Gluten Free Lager 4pk 12oz can,Craft,"Breakthru Beverage Minnesota Beer, LLC",-5,0.1,-80.4,10.72,15.99,,33,,0,2,
Stella Artois 16 Gallon,Import,"Breakthru Beverage Minnesota Beer, LLC",9,0.1,144.6,160.8,199.99,,20,,0,2,Woodbury:1;St. Louis Park:8
Jack Daniel's CC Berry Punch 6pk 12oz btl,FMB,,-2,0.1,-32.1,6.5,9.99,,35,,0,2,
Jack Daniel's CC Lynchberg Lem 6pk 12oz btl,FMB,,20,0.1,214.3,7.06,9.99,,29,,0,3,Blaine:20
Jack Daniel's CC Watermelon 6pk 12oz btl,FMB,,-6,0.1,-48.2,6.55,9.99,,34,,0,4,
Jameson & Cola 4pk 12oz can,RTD,Southern Glazer's Wine & Spirits of MN,4,0.1,64.3,8.17,14.99,12.96,45,,0,2,Rosemount:4
Holidaily Fat Randy IPA 4pk 12oz can,Craft,"Breakthru Beverage Minnesota Beer, LLC",1,0.1,16.1,10.77,13.99,,23,,0,2,Cottage Grove:1
Firestone Walker Cali Squeeze Blood Orange 24oz can,Single Serve,,-14,0.1,-150.0,2.13,2.49,,14,,0,3,
Funny Water Variety WCC 6pk 12oz can,Seltzer,Bellboy Corporation,0,0.1,0.0,7.0,9.99,8.96,30,,0,2,Stillwater:1
Founders Nonetheless NA 6pk 12oz can,Craft,"Hohensteins, Inc.",6,0.1,48.2,7.7,9.99,,23,,0,4,Rosemount:6
Fulton Brewing Chill City 6pk 12oz can,Craft,,-15,0.1,-160.7,5.25,7.99,,34,,0,3,
Malibu Strawberry Daiquiri 4pk 12oz can,RTD,Southern Glazer's Wine & Spirits of MN,7,0.1,75.0,7.31,12.49,10.96,41,,0,3,Blaine:1;St. Louis Park:6
Bero Noon Wheat 6pk 12oz can,Craft,,12,0.1,128.6,8.54,13.99,11.96,39,,0,3,Blaine:6;Cottage Grove:2;Rosemount:4
Big Sipz Choc Martini 200ml,Single Serve,"Capitol Beverage Sales, L.P.",5,0.1,53.6,2.67,3.49,,24,,0,3,Woodbury:5
Big Sipz Straw Margarita 200ml,Single Serve,"Capitol Beverage Sales, L.P.",0,0.1,0.0,2.25,3.49,,36,,0,3,
Betty Booze Sparkling Bourbon Oak Smoked 4pk 12oz can  Lemonade 4pk 12oz can,RTD,Southern Glazer's Wine & Spirits of MN,1,0.1,16.1,9.13,18.99,15.96,52,,0,2,Andover:1
Founder's Mortal Bloom Hazy IPA 12pk 12oz can,Craft,,4,0.1,32.1,14.62,17.99,,19,,0,4,Plymouth:2;Rosemount:2
Firestone Walker Double Mind Haze 19.2oz can,Single Serve,Artisan Beer,-2,0.1,-32.1,2.49,3.99,,38,,0,2,
Firestone Walker Cali Squeeze Bloode Orange 6pk 12oz can,Craft,Artisan Beer,4,0.1,42.9,8.45,11.99,,30,,0,3,Minnetonka:5
MXD Margarita 4pk 12oz can,Seltzer,"Breakthru Beverage Minnesota Beer, LLC",34,0.1,546.4,5.58,9.49,7.96,41,,0,2,Minneapolis:34
Hoplark Hazy Style 6pk 12oz can,Craft,McDonald Distributing Co dba Clear River Beverage,5,0.1,80.4,9.4,18.99,,51,,0,2,Andover:5
Hop Butcher Wobby Sobby 4pk 12oz can,Craft,McDonald Distributing Co dba Clear River Beverage,2,0.1,16.1,13.0,18.99,,32,,0,4,Roseville:2
Sun Cruiser Lemonade Iced Tea 700ml can,Single Serve,,2,0.1,32.1,3.74,4.99,,25,,0,2,Minneapolis:1;St. Louis Park:1
Greenbar UN-Gin & Tonic RTD 4pk 12oz can,RTD,"Grape Beginnings, Inc.",10,0.1,160.7,10.54,19.99,16.96,47,,0,2,St. Louis Park:4;Minnetonka:6
Griffo Whole Lotta Sunshine 4pk 12oz can,RTD,Bellboy Corporation,33,0.1,530.4,13.02,23.99,19.96,46,,0,2,Andover:2;Cottage Grove:4;Minnetonka:7;Ramsey:9;Rosemount:11
Drekker Slang Du Jour Sour 4pk 16oz can,Craft,,0,0.1,0.0,16.87,22.99,,27,,0,2,Roseville:6
Drekker Smol Passionfruit Orange Guava 4pk 16oz can,Craft,Mega Beer LLC,0,0.1,0.0,10.13,14.99,,32,,0,3,
Peroni Nastro Azzurro�12pk 12oz can,Import,"Breakthru Beverage Minnesota Beer, LLC",7,0.1,112.5,13.87,20.99,,34,,0,2,St. Louis Park:1;Bloomington:6
Pipeworks Close Encounter 4pk 16oz can,Craft,,0,0.1,0.0,8.23,11.99,,31,,0,3,
Paulaner Oktoberfest,Import,,0,0.1,0.0,21.0,22.99,,9,,0,2,
Pipeworks Blood of the Unicorn 4pk 16oz can,Craft,Do Not Use - Clear River Beverage,5,0.1,53.6,9.0,11.99,,25,,0,3,Vadnais Heights:5
Junkyard Vince Vega 4pk 16oz can,Craft,Junkyard Brewing Company,0,0.1,0.0,13.33,18.99,,30,,0,2,
Odell Seasonal 1 6pk 12oz can,Craft,"College City Beverage, Inc.",0,0.1,0.0,8.42,12.99,,35,,0,3,
Three Floyds Vodka Splash 4pk 12oz can,Craft,"Capitol Beverage Sales, L.P.",7,0.1,112.5,8.25,11.99,,31,,0,2,Minneapolis:7
Bauhaus Play Grande 6pk 12oz can,Craft,Artisan Beer,4,0.1,64.3,8.45,11.99,,30,,0,2,Roseville:4
Topo-Chico Hard Seltzer Strawberry Guava 24oz can,Single Serve,"Breakthru Beverage Minnesota Beer, LLC",181,0.1,1939.3,0.87,4.49,,81,,0,3,Vadnais Heights:10;St. Louis Park:25;Minneapolis:146
Tattersall Easy Street Whiskey Peach Tea 4pk 12oz can,RTD,Phillips Wine & Spirits - St. Paul,9,0.1,144.6,11.25,17.99,,37,,0,2,Minnetonka:9
Beautiful Drinks Lime & Ginger Margarita 4pk 12oz can,RTD,Discontinued,2,0.1,21.4,8.64,14.99,12.96,42,,0,3,Osseo:2
Beautiful Drinks Vodka Collins 4pk 12oz can,RTD,Discontinued,4,0.1,64.3,8.64,14.99,12.96,42,,0,2,Ramsey:1;Rosemount:1;Minnetonka:2
Surly Culture Collab 16oz can,Single Serve,,6,0.1,96.4,8.92,11.99,,26,,0,2,Chanhassen:6
Beatbox Blue Razzberry 4pk 500ml,RTD,"College City Beverage, Inc.",3,0.1,32.1,10.3,16.99,,39,,0,3,Woodbury:3
Summit Nialas Latitude N/A 6pk 12oz can,Craft,,3,0.1,32.1,7.69,11.99,,36,,0,3,Woodbury:1;Plymouth:2
Truly Strawberry Lemonade 6pk 12oz can,Seltzer,,0,0.1,0.0,7.24,11.99,,40,,0,4,
Tecate Light 12pk 12oz can,Import,"Breakthru Beverage Minnesota Beer, LLC",8,0.1,128.6,10.9,15.99,,32,,0,2,Bloomington:8
The Brewing Projeckt Variety Pack 12pk 12oz can,Craft,The Brewing Projekt,2,0.1,32.1,18.0,24.99,,28,,0,2,Ramsey:2
The Brewing Projekt Bomb Pina Colada 6pk 12oz can,Seltzer,Mega Beer LLC,0,0.1,0.0,12.93,19.99,,35,,0,2,
The Brewing Projekt Paczki XL Blackberry Strawberry 4pk 16oz can,Craft,Mega Beer LLC,3,0.1,24.1,16.67,23.99,,31,,0,4,Chanhassen:1;Andover:2
Luce Line Odd Man Rush 4pk 16oz can,Craft,Luce Line Brewing,0,0.1,0.0,12.44,17.99,,31,,0,2,
Leinenkugel's Berry Weiss 12pk 12oz can,Craft,,0,0.1,0.0,12.5,18.99,15.96,34,,0,4,
Urban Growler Basil Limeade Hard Seltzer 4pk 16oz can,Craft,Urban Growler Brewing Company,5,0.1,53.6,10.83,15.99,,32,,0,3,Rosemount:5
Bacardi Lime & Soda 4pk 12oz can,RTD,Southern Glazer's Wine & Spirits of MN,1,0.1,8.0,8.25,14.99,,45,,0,4,Woodbury:3
Unmapped Brewing Aloft Hazy IPA 4pk 16o can,Craft,"Unmapped Brewing Company, LLC",6,0.1,64.3,10.33,14.99,,31,,0,3,Roseville:6
Avery Seasonal 6pk 12oz can,Micro Brews,"Hohensteins, Inc.",1,0.1,10.7,7.7,10.99,,30,,0,3,Rosemount:1
Bad Weather Sun Pillar 6pk 12oz can,Micro Brews,"Hohensteins, Inc.",0,0.1,0.0,7.27,11.99,,39,,0,2,
Tucher Rotbier 4pk 16oz can,Import,Old World Beers,6,0.1,64.3,10.0,12.99,,23,,0,3,St. Louis Park:6
Truly Vodka Soda Classic Variety 8pk 12oz can,RTD,,1,0.1,16.1,15.67,20.99,17.96,25,,0,2,Roseville:1
Leinenkugel's Seasonal & Shandy 6 Gallon,Craft,,0,0.1,0.0,72.1,99.99,,28,,0,2,
Goose Island Beer Hug Variety Pack 12pk 12oz can,Craft,,10,0.1,107.1,14.27,22.24,9.48,36,,0,3,Blaine:5;Osseo:5
Goose Island Bourbon County 25' Cherries Jubilee Stout 16.9oz btl,Single Serve,"Capitol Beverage Sales, L.P.",3,0.1,32.1,17.5,23.99,,27,,0,3,Blaine:1;Cottage Grove:1;Woodbury:1
Ursa Minor Badass Warrior Goddess Hazy IPA 4pk 16oz can,Craft,,0,0.1,0.0,12.3,17.99,,32,,0,3,
Ursa Minor Cadillac Ranch Hand 4pk 16oz can,Craft,,-1,0.1,-10.7,10.8,17.99,,40,,0,3,
Loyal 9 Lemonade 4pk 12oz can,RTD,Johnson Brothers - St. Paul,-1,0.1,-16.1,8.48,13.79,11.96,39,Case 1,0,2,
Headflyer Pink Pony Pils 4pk 16oz can,Craft,HeadFlyer Brewing,5,0.1,80.4,8.17,11.99,,32,,0,2,Rosemount:2;Vadnais Heights:3
Keystone Light 24oz can,Single Serve,,8,0.1,128.6,0.5,2.29,0.99,78,,0,2,Minneapolis:8
Konig Grapefruit Radler 4pk 17oz can,Import,,0,0.1,0.0,4.09,12.99,,69,,0,3,Stillwater:1
Moon God Lemonade Hard Tea 500ml,Single Serve,"Breakthru Beverage Minnesota Beer, LLC",25,0.1,200.9,2.94,4.99,4.46,41,,0,4,Minneapolis:25
Ketel One Spritz Grapefruit & Rose 4pk 12oz can,RTD,Phillips Wine & Spirits - St. Paul,-6,0.1,-96.4,9.83,14.99,12.96,34,Case 1,0,2,Chanhassen:1
Kasteel Wit 4pk 16oz can,Import,Old World Beers,3,0.1,48.2,11.5,16.99,,32,,0,2,Roseville:3
Old Milwaukee N/A 12pk 12oz can,Economy,"Hohensteins, Inc.",0,0.1,0.0,7.58,11.49,9.96,34,,0,3,
NOCA Too Turnt Daddy 24oz can,Single Serve,"Breakthru Beverage Minnesota Beer, LLC",1,0.1,16.1,2.5,3.49,,28,,0,2,Cottage Grove:1
Inbound Sierra Noche 4pk 16oz can,Craft,Lucid Brewing LLC Dba Inbound Brewco,2,0.1,16.1,6.83,9.99,,32,,0,4,Roseville:2
Humble Forager Marionberries on Monroe 4pk 16oz can,Craft,Mega Beer LLC,2,0.1,21.4,13.33,18.99,,30,,0,3,St. Louis Park:2
AleSmith Pace Car 4pk 16oz can,Craft,McDonald Distributing Co dba Clear River Beverage,4,0.1,64.3,8.67,12.99,,33,,0,2,Andover:4
56 Brewing Dad's Basement Beer 4pk 16oz can,Craft,56 Brewing,2,0.1,16.1,40.93,10.99,,-272,,0,4,Andover:1;Osseo:1
Wild State Pear 4pk 12oz can.,Cider,Artisan Beer,0,0.0,,8.68,12.99,,33,,0,0,
3 Floyds Zombie Ice Double Pale Ale 6pk 12oz can,Craft,,0,0.0,,10.0,13.99,,29,,0,0,
3-Floyds Variety Pack 12pk 12oz can,Craft,"Capitol Beverage Sales, L.P.",0,0.0,,16.5,22.99,,28,,0,0,
450 North Slushy Strain XL Variety 4pk 16oz,Craft,Mega Beer LLC,1,0.0,,24.22,23.99,,-1,,0,0,St. Louis Park:1
450 North Slushy XL Variety WOTT RED 4pk 16oz can,Craft,Mega Beer LLC,6,0.0,,16.5,23.99,,31,,0,0,Vadnais Heights:6
Weldwerks Extra Extra Broccoli DIPA  4pk 16oz can,Craft,McDonald Distributing Co dba Clear River Beverage,-1,0.0,,15.35,21.99,,30,,0,0,
Weldwerks Haze Drop 4pk 16oz can,Craft,McDonald Distributing Co dba Clear River Beverage,0,0.0,,13.67,19.99,,32,,0,0,
Weldwerks Juicy Bits 6 Gallon,Craft,,0,0.0,,127.5,159.99,,20,,0,0,
Western Son Lime Vodka Seltzer 4pk 12oz can,RTD,,1,0.0,,7.69,11.99,,36,,0,0,Osseo:1
White Claw 70 Pineapple 6pk 12oz can,Seltzer,,-2,0.0,,5.98,,,,,0,0,
Alaskan Adventure IPA Variety Pack 12pk 12oz can,Craft,"Capitol Beverage Sales, L.P.",0,0.0,,13.43,18.99,,29,,0,0,
Alaskan Amber 6 Gallon,Craft,,0,0.0,0.0,63.33,89.99,,30,,0,1,
Alaskan Winter Ale 12pk 12oz can,Craft,,0,0.0,,12.49,17.99,,31,,0,0,
Alaskan Winter Ale 6pk 12oz can,Craft,,0,0.0,,5.69,10.99,,48,,0,0,
AleSmith Chocolate Hazelnut Speedway 4pk 16oz can,Craft,McDonald Distributing Co dba Clear River Beverage,3,0.0,96.4,12.83,18.99,,32,,0,1,Andover:3
903 Brewing Rotating Slushy Hard Seltzer 4pk 16oz can,Seltzer,,4,0.0,128.6,13.25,18.99,,30,,0,1,Andover:4
Absolut  Lime & Cucumber Vodka Soda 4pk 12oz can,RTD,Southern Glazer's Wine & Spirits of MN,6,0.0,192.9,5.97,11.49,9.96,48,,0,1,Osseo:6
Absolut Vodkarita 4pk 12oz can,RTD,Southern Glazer's Wine & Spirits of MN,-4,0.0,,6.59,12.49,10.96,47,,0,0,St. Louis Park:1
56 Brewing Nosehair Bender 4pk 16oz can,Craft,56 Brewing,0,0.0,,8.83,15.99,,45,,0,0,
Wooden Ship Internet Art Juicy IPA  4pk 16oz can,Craft,"Wooden Ship Brewing Company, LLC",0,0.0,,11.2,15.99,,30,,0,0,
Wooden Ship Pattern Of Pieces 4pk 16oz can,Craft,"Wooden Ship Brewing Company, LLC",1,0.0,,11.2,15.99,,30,,0,0,St. Louis Park:1
Wyder's Dry Pear Cider 6pk 12oz can,Cider,"Hohensteins, Inc.",0,0.0,,7.05,11.99,,41,,0,0,
Wyder's Prickly Pineapple 6pk 12oz btl,Cider,,0,0.0,,7.17,11.99,,40,,0,0,
Wyder's Reposado Barrel Aged 6pk 12oz btl,Cider,,0,0.0,,7.16,11.99,,40,,0,0,
Xingu Brazilian Black Beer 6pk 12oz btl,Import,,0,0.0,,9.39,14.99,,37,,0,0,
Icehouse 24pk 12oz can,Economy,"Breakthru Beverage Minnesota Beer, LLC",1,0.0,,17.6,20.99,,16,,0,0,Cottage Grove:1
Grain Belt Premium Light 12pk 12oz can,Premium,,6,0.0,192.9,12.0,14.99,,20,,0,1,Roseville:6
Gray Duck Duck Duck Beer 12pk 12oz can,Premium,Artisan Beer,0,0.0,,10.53,17.49,14.96,40,,0,0,
Goose Island Tropical Beer Hugs Imperial 12pk 12oz can,Craft,,2,0.0,,15.67,21.99,,29,,0,0,Osseo:2
Grain Belt Blu 8 Gallon,FMB,Dahlheimer Beverage Monticello,0,0.0,,97.67,154.99,,37,,0,0,
Grain Belt Elite 12pk 12oz btl,Premium,,-2,0.0,-64.3,11.22,14.99,,25,,0,1,
Grain Belt Nordeast 16 Gallon,Premium,,0,0.0,,107.2,149.99,,29,,0,0,
Goose Island Bourbon Cty 2024 17oz btl,Craft,"Capitol Beverage Sales, L.P.",0,0.0,,9.96,14.99,,34,,0,0,
Goose Island Bourbon Cty 2024 Macaroon 17oz btl,Craft,,0,0.0,,16.25,26.99,,40,,0,0,
Wild State Seasonal Cider 4pk 12oz can,Cider,Artisan Beer,0,0.0,,9.91,12.99,,24,,0,0,
Wild State Tropical Variety Pack 9pk 12oz can,Cider,Artisan Beer,-2,0.0,,18.26,22.99,,21,,0,0,
Wild State Variety Pack 8pk 12oz can,Cider,Artisan Beer,2,0.0,,14.6,22.49,18.96,35,,0,0,Minneapolis:2
Winter Break 4pk 16oz can,Craft,Insight Brewing Company (D),0,0.0,,10.72,15.99,,33,,0,0,
2 Towns Strawberade Cider 19.2oz can,Single Serve,McDonald Distributing Co dba Clear River Beverage,0,0.0,,2.59,3.99,,35,,0,0,
2 Towns Tropical Cosmic Crisp 6pk 12oz can,Cider,2 Towns,0,0.0,,8.1,13.99,,42,,0,0,
21st Amendment Blood Orange IPA 19.2oz can,Single Serve,"Hohensteins, Inc.",0,0.0,,1.95,3.99,,51,,0,0,St. Louis Park:1
21st Amendment Seasonal 6pk 12oz can,Craft,,0,0.0,,8.36,13.99,,40,,0,0,
903 Brewers Unleash the Beast 4pk 12oz can,Craft,,2,0.0,,14.05,18.99,,26,,0,0,Andover:2
Warsteiner 12pk 12oz btl,Import,,-1,0.0,,12.29,20.99,,41,,0,0,
WeldWerks Peach Juicy Bits 4pk 16oz can,Craft,McDonald Distributing Co dba Clear River Beverage,0,0.0,,15.33,21.99,,30,,0,0,
WeldWerks ScienceWerks Hazy DIPA 4pk 16oz can,Craft,McDonald Distributing Co dba Clear River Beverage,0,0.0,,15.67,21.99,,29,,0,0,
Wooden Hill Gold Top Hefeweizen 4pk 16oz can,Craft,Wooden Hill Brewing Company,0,0.0,,7.5,13.99,,46,,0,0,
Wooden Hill Mango Strut 4pk 16oz can,Craft,Wooden Hill Brewing Company,-26,0.0,,7.59,14.99,,49,,0,0,
Wild State Pink Pineapple 19.2oz can,Single Serve,Artisan Beer,12,0.0,,2.37,3.99,,41,,0,0,St. Louis Park:12
Wild State Pink Pineapple 4pk 16oz can,Cider,"Capitol Beverage Sales, L.P.",0,0.0,,10.0,14.99,,33,,0,0,
Vizzy Pineapple Mango 6pk 16oz can,,,-1091,0.0,,,3.99,2.96,,,0,0,
Vosa High Line Cherry 4pk 12oz can,Seltzer,"Breakthru Beverage Minnesota Beer, LLC",0,0.0,,2.0,4.99,3.0,60,,0,0,
56 Brewing Where's the Beach 4pk 16oz can,Craft,56 Brewing,0,0.0,,9.34,13.99,,33,,0,0,
56 Playmaker Amber Ale 4pk 16oz can,Craft,Mega Beer LLC,0,0.0,,9.53,13.99,,32,,0,0,
903 Brewers Cookies Rotating Stout 4pk 12oz can,Craft,,-7,0.0,,10.72,14.99,,28,,0,0,
903 Brewers Fun Sip Rotator 6pk 12oz can,Craft,Mega Beer LLC,0,0.0,,6.97,14.99,,54,,0,0,
903 Brewers Kilt Switch 4pk 12oz can,Craft,Mega Beer LLC,-2,0.0,,8.17,11.99,,32,,0,0,
903 Brewers Sherman Bock�6pk 12oz can,Craft,Mega Beer LLC,0,0.0,,7.61,10.99,,31,,0,0,
Dog Fish Head World Wide Stout 4pk 12oz btl,Craft,"Breakthru Beverage Minnesota Beer, LLC",0,0.0,0.0,23.12,43.99,,47,,0,1,Chanhassen:2
Dogfish Head 120 Minute IPA 4pk 12oz btl,Craft,"Breakthru Beverage Minnesota Beer, LLC",0,0.0,,30.83,44.99,,31,,0,0,
Dogfish Head 60 Minute IPA 6pk 12oz can,Craft,,0,0.0,,7.21,10.99,,34,,0,0,
Delirium Tremens 750ml,Single Serve,,0,0.0,,9.92,16.99,,42,,0,0,
Deschutes Black Butte 6 Gallon,Craft,"Breakthru Beverage Minnesota Beer, LLC",1,0.0,,70.0,74.99,,7,,0,0,Chanhassen:1
Deschutes Black Butte XXXV 4pk 12oz btl,Craft,,-1,0.0,-32.1,14.21,19.99,,29,,0,1,
Deschutes Kernza Lager 6pk 12oz can,Craft,"Breakthru Beverage Minnesota Beer, LLC",0,0.0,,7.7,10.99,,30,,0,0,
Deschutes King Crispy 6pk 12oz can,Craft,,2,0.0,,7.69,10.99,,30,,0,0,Minneapolis:2
New Holland Dragon's Reserve 4pk 12oz btl,Craft,,0,0.0,,14.07,19.49,,28,,0,0,
Dogfish Head Seasonal 6pk 12oz btl,Craft,"Breakthru Beverage Minnesota Beer, LLC",0,0.0,,10.96,16.99,,36,,0,0,
Dogfish Head Strawberry Vodka Lemonade 4pk 12oz can,RTD,"Breakthru Beverage Minnesota Beer, LLC",0,0.0,,9.31,13.99,11.96,33,,0,0,
Dogfish Head Triple Decadence 4pk 12oz btl,Craft,,-6,0.0,,,39.99,,,,0,0,
Dogfish Head Wake Up World Wide Stout 4pk 12oz btl,Craft,,1,0.0,32.1,30.83,41.99,,27,,0,1,Rosemount:1
Dos Equis Ambar 16 Gallon,Import,,0,0.0,0.0,150.0,168.99,,11,,0,1,
Dirty Shirley Extra Dirty 4pk 12oz can,RTD,Southern Glazer's Wine & Spirits of MN,0,0.0,0.0,9.13,14.99,12.96,39,,0,1,
Dirty Shirley Original 4pk 12oz can,RTD,Southern Glazer's Wine & Spirits of MN,0,0.0,,7.63,12.49,10.96,39,,0,0,
Downeast Cider Winter 4pk 12oz can,Cider,"Breakthru Beverage Minnesota Beer, LLC",11,0.0,,7.69,13.99,11.96,45,,0,0,Roseville:11
Downeast Craft Cider Seasonal Blend 4pk 12oz can,Cider,,-38,0.0,,7.57,13.99,11.96,46,,0,0,
New Holland Tales of Gold BBA 4pk 12oz btl,Craft,,0,0.0,,12.75,17.99,,29,,0,0,
Novo Fogo Lime Caipirinha 4pk 6.7oz can,RTD,Phillips Wine & Spirits - St. Paul,0,0.0,,10.84,17.99,,40,,0,0,
Number Twelve Cider Voyage 4pk 12oz can,Cider,,0,0.0,,9.33,12.99,,28,,0,0,
New Belgium Voodoo Ranger Juice Force 8pk 7.5oz can,Craft,Bernicks,0,0.0,,6.92,9.99,,31,,0,0,
New Belgium Voodoo Ranger Tropic Force 8pk 7.5oz can,Craft,Bernicks,0,0.0,,6.92,9.99,,31,,0,0,
New Holland Dragon's Milk Reserve Coconut Rum 4pk 12oz btl,Craft,"Hohensteins, Inc.",0,0.0,,14.25,20.99,,32,,0,0,
Downeast Peach Mango 4pk 12oz can,Cider,,5,0.0,160.7,7.42,13.99,11.96,47,,0,1,Cottage Grove:5
Downeast Peach Mango Cider 6 Gallon,Cider,Dahlheimer Beverage Monticello,1,0.0,,90.0,109.99,,18,,0,0,Blaine:1
Naked Life Gin & Tonic N/A�4pk 8.4oz can,RTD,"Breakthru Beverage Minnesota Beer, LLC",0,0.0,,36.49,8.99,,-306,,0,0,
Downeast Blackberry 6 Gallon,Cider,Dahlheimer Beverage Monticello,-3,0.0,-96.4,90.0,114.99,,22,,0,1,
Downeast Cider Blackberry� 16 Gallon,Keg,Dahlheimer Beverage Monticello,0,0.0,0.0,190.0,259.99,,27,,0,1,
Downeast Cider Donut 4pk 12oz can,Cider,,105,0.0,,9.24,13.99,11.96,34,,0,0,Rosemount:46;Blaine:59
Downeast Cider Overboard Black Cherry 4pk 12oz can,Cider,"Breakthru Beverage Minnesota Beer, LLC",0,0.0,,7.69,13.99,11.96,45,,0,0,
Downeast Cider Rotator 4pk 12oz can,Cider,,-1,0.0,,,13.99,11.96,,,0,0,
Drekker Brace for the G's 4pk 16oz can,Craft,Drekker Brewing Company,0,0.0,,12.88,18.99,,32,,0,0,
New Belgium Fat Tire 6 Gallon,Craft,,0,0.0,,71.0,89.99,,21,,0,0,
New Belgium Honey Orange Trip 6pk 12oz btl,Craft,"Breakthru Beverage Minnesota Beer, LLC",0,0.0,0.0,10.08,14.99,,33,,0,1,
New Belgium Oakspire Bourbon Barrel Ale 6pk 12oz btl,Craft,,1,0.0,,10.75,14.99,,28,,0,0,Chanhassen:1
Delirium Noel 750ml,Single Serve,"Breakthru Beverage Minnesota Beer, LLC",5,0.0,160.7,12.58,21.99,,43,,0,1,Rosemount:5
Off Color Raspberry Beer for Golf 4pk 16oz can,Craft,McDonald Distributing Co dba Clear River Beverage,0,0.0,,57.35,14.99,4.96,-283,,0,0,
Old Speckled Hen Pub 6pk 12oz btl,Import,"Hohensteins, Inc.",1,0.0,,11.62,18.99,,39,,0,0,St. Louis Park:1
Old Style 24pk 12oz can,Below Premium,,3,0.0,,16.8,21.99,,24,,0,0,Stillwater:3
NUTRL Classic Lemonade 4pk 12oz can,RTD,,0,0.0,,7.47,11.99,,38,,0,0,
Drekker Cuddle Buddy 4pk 16oz can,Craft,Drekker Brewing Company,0,0.0,,15.38,21.99,,30,,0,0,
Drekker Doomsday Device DIPA 4pk 16oz can,Craft,Mega Beer LLC,0,0.0,,14.06,19.99,,30,,0,0,
Drekker Dwellin in the deep 4pk 16oz can,Craft,Mega Beer LLC,0,0.0,,66.52,17.99,,-270,,0,0,
Drekker Fangs Out 4pk 16oz can,Craft,Mega Beer LLC,0,0.0,,12.44,17.99,,31,,0,0,
Drekker Fashion Show at Lunch 4pk 16oz can,Craft,Mega Beer LLC,0,0.0,,18.85,17.99,,-5,,0,0,
Drekker Birds Aren't Real 4pk 16oz can,Craft,Mega Beer LLC,1,0.0,,15.38,21.99,,30,,0,0,Rosemount:1
Drekker Blacklight Syndicate 4pk 16oz can,Craft,,0,0.0,,14.48,19.99,,28,,0,0,
Montgomery Brewing Nectorious BIG 4pk 16oz can,Craft,Montgomery Brewing,1,0.0,,10.33,14.99,,31,,0,0,Chanhassen:1
Montgomery Brewing Shelterbelt Brown Ale 4pk 16oz can,Craft,Montgomery Brewing,6,0.0,,10.0,14.99,,33,,0,0,St. Louis Park:6
NUTRL Orange 24oz can,Single Serve,"Capitol Beverage Sales, L.P.",1,0.0,,3.35,4.99,,33,,0,0,Minneapolis:1
Dos Equis Lime & Salt 12pk 12oz can,Import,,-27,0.0,,13.28,20.99,17.96,37,,0,0,
Double Ghost Vision Citra Riwaka Hazy DIPA 4pk 16oz can,Craft,Modist Brewing Company,0,0.0,,13.85,19.99,,31,,0,0,
Down East Original 9pk 12oz can,Cider,,1,0.0,,14.4,17.99,,20,,0,0,Blaine:1
Moosehead 12pk 12oz btl,Import,,-7,0.0,,12.15,15.99,,24,,0,0,Blaine:1;Minneapolis:1
NOCA Livin' Lemonade Pink Lemonade 24oz can,Single Serve,"Breakthru Beverage Minnesota Beer, LLC",60,0.0,,0.67,3.49,,81,,0,0,Minneapolis:60
Dansk Mojd Odin's Skull 12oz can,Single Serve,Old World Beers,0,0.0,,,14.99,,,,0,0,
Dansk Mojd Viking Blod 12oz can,Single Serve,Old World Beers,5,0.0,,,14.99,,,,0,0,St. Louis Park:5
Dashfire The Long Drink Variety Pack 4pk 12oz can,RTD,Southern Glazer's Wine & Spirits of MN,1,0.0,32.1,16.0,23.99,19.96,33,,0,1,Ramsey:1
De Ranke Cuvee 750ml,Single Serve,,3,0.0,,15.33,20.99,,27,,0,0,Chanhassen:3
Definitive Brewing Definitive IPA 4pk 16oz can,Craft,Mega Beer LLC,0,0.0,,12.34,17.99,,31,,0,0,
Headflyer BA Gose'd Hibiscus 22oz btl,Single Serve,,1,0.0,,15.9,21.99,,28,,0,0,Cottage Grove:1
Headflyer Breakfast of Almost Champions 4pk 16oz can,Craft,HeadFlyer Brewing,1,0.0,,9.5,13.99,,32,,0,0,Vadnais Heights:1
Headflyer California Love West Coast IPA 4pk 16oz can,Craft,HeadFlyer Brewing,0,0.0,,9.33,13.99,,33,,0,0,
Kona Big Wave Golden Ale 6 Gallon,Craft,,0,0.0,,67.0,119.99,,44,,0,0,
Kona Longboard Island Lager 12pk 12oz btl,Craft,,0,0.0,0.0,12.39,19.99,16.96,38,,0,1,
Konig Pilsner 4pk 16oz can,Import,,6,0.0,,7.14,12.99,,45,,0,0,Chanhassen:6
Keystone Light 6pk 12oz can,Below Premium,,-1,0.0,,1.5,,,,,0,0,
Killians Irish Red 6pk 12oz btl,Premium,"Breakthru Beverage Minnesota Beer, LLC",0,0.0,,6.5,10.99,,41,,0,0,
Headflyer Master of the World 4pk 16oz can,Craft,HeadFlyer Brewing,-1,0.0,,61.77,16.99,,-264,,0,0,
Headflyer Prost Malone Festbier 4pk 16oz can,Craft,HeadFlyer Brewing,0,0.0,,40.76,12.99,,-214,,0,0,
Keystone Light 24pk 12oz can,Below Premium,"Breakthru Beverage Minnesota Beer, LLC",4,0.0,,16.8,24.99,20.96,33,,0,0,Blaine:1;Andover:4
Montgomery Brewing The Chief Amber Ale 4pk 16oz can,Craft,,3,0.0,,10.0,14.99,,33,,0,0,St. Louis Park:3
Montgomery Brewing Woo-tang Sour 4pk 16oz can,Craft,Montgomery Brewing,15,0.0,,11.33,15.99,,29,,0,0,Chanhassen:15
Montgomery Brewing Ziggy Hop 4pk 16oz can,Craft,Montgomery Brewing,1,0.0,,10.33,14.99,,31,,0,0,Minneapolis:1
Montgomery Moab 4pk 16oz can,Micro Brews,Montgomery Brewing,0,0.0,,12.33,17.99,,31,,0,0,
Montgomery Pretty Haze Machine 4pk 16oz can,Craft,Montgomery Brewing Company LLC,0,0.0,,10.34,14.99,,31,,0,0,
MooJoo Oatmeal Stout-Nirto 4pk 16oz can,Craft,,4,0.0,,,11.99,,,,0,0,Woodbury:4
Junkyard West is Best West Coast IPA 4pk 16oz can,Craft,Junkyard Brewing Company,0,0.0,,11.17,15.99,,30,,0,0,
Junkyard Wicked Awesome Slurry 4pk 16oz can,Craft,,0,0.0,,13.0,19.99,,35,,0,0,
HeadFlyer Candy Paint,Micro Brews,,0,0.0,,11.26,14.99,,25,,0,0,
Keepsake Woodskeep (Medium) 750ml,Single Serve,,-1,0.0,,10.0,13.99,,29,,0,0,
Kentucky Ale Old Fashion 4pk 12oz btl,Craft,,0,0.0,,10.83,17.99,,40,,0,0,
Kentucky Bourbon Barrel Imperial Milk Stout 4pk 12oz btl,Craft,"College City Beverage, Inc.",0,0.0,0.0,11.55,16.99,,32,,0,1,
Junkyard You're Wizard Larry 4pk 16oz can,Craft,Junkyard Brewing Company,0,0.0,,12.0,16.99,,29,,0,0,
Kahlua Nitro Cold Brew 4pk 12oz can,RTD,Southern Glazer's Wine & Spirits of MN,0,0.0,0.0,8.58,11.49,9.96,25,,0,1,
Downeast Slushie Variety 9pk 12oz can,Cider,,0,0.0,,14.3,19.99,,28,,0,0,
Downeast Unfiltered Blackberry 4pk 12oz can,Cider,,0,0.0,,7.69,13.99,11.96,45,,0,0,
Odell IPA 19.2oz can,Single Serve,,3,0.0,,2.62,3.49,,25,,0,0,Andover:3
Junkyard Little Sticky 4pk 16oz can,Craft,Junkyard Brewing Company,-1,0.0,,14.0,19.99,,30,,0,0,
Junkyard Me And The Boys 4pk 16oz can,Craft,Junkyard Brewing Company,0,0.0,,12.0,16.99,,29,,0,0,
Happy Thursday Raspberry Dragonfruit Case,FMB,,13,0.0,,6.0,11.99,9.96,50,,0,0,Roseville:6;Minneapolis:7
Happy Thursday Spiked Raspberry Dragonfruit 12oz can,Single Serve,"Breakthru Beverage Minnesota Beer, LLC",-85,0.0,,,,,,,0,0,
Happy Thursday Spiked Strawberry 12oz can,Single Serve,"Breakthru Beverage Minnesota Beer, LLC",0,0.0,,,,,,,0,0,
Happy Thursday Strawberry 24oz can,Single Serve,,4,0.0,,2.5,3.99,,37,,0,0,Ramsey:4
Happy Thursday Strawberry Case,FMB,,0,0.0,,6.0,11.99,9.96,50,,0,0,
Deschutes N/A Super Stoked 6pk 12oz can,Craft,,0,0.0,,7.69,10.99,,30,,0,0,
Cutwater Gin Collins 4pk 12oz can,RTD,"Capitol Beverage Sales, L.P.",0,0.0,,9.74,13.99,11.96,30,,0,0,
Cutwater Lime Ranchwater 4pk 12oz can,RTD,"Capitol Beverage Sales, L.P.",0,0.0,,6.75,13.99,11.96,52,,0,0,
Cutwater Peppermint White Russian 12oz can,Single Serve,Single Can,0,0.0,,2.45,4.49,3.96,45,,0,0,
Cutwater Peppermint White Russian 4pk 12oz can,RTD,"Capitol Beverage Sales, L.P.",1,0.0,,9.81,13.99,11.96,30,,0,0,Cottage Grove:1;Rosemount:1
Cutwater Rum Mint Mojito 4pk 12oz can,RTD,"Capitol Beverage Sales, L.P.",0,0.0,,7.64,13.99,11.96,45,,0,0,
Cutwater Rum Mojito 12oz can,Single Serve,Single Can,0,0.0,,1.91,4.49,3.96,57,,0,0,
Outlaw Light 6pk 16oz can,Below Premium,"Chas A. Bernick, Inc.",5,0.0,160.7,5.38,7.99,,33,,0,1,Stillwater:1;St. Louis Park:4
Oliphant Lizardize Mariguanas,Micro Brews,,-5,0.0,,10.83,14.99,,28,,0,0,
Oliphant Mosaic Cryo Hop Water 4pk 16oz can,Craft,,-1,0.0,-32.1,5.44,8.99,7.96,40,,0,1,
Ole Smoky Apple Pie Ginger 4pk 12oz can,RTD,Southern Glazer's Wine & Spirits of MN,0,0.0,,9.85,15.99,,38,,0,0,
Ole Smoky Mountain 'Rita 4pk 12oz can,RTD,Southern Glazer's Wine & Spirits of MN,0,0.0,,9.85,15.99,,38,,0,0,
Ole Smoky Mountain Mule 4pk 12oz can,RTD,Southern Glazer's Wine & Spirits of MN,0,0.0,,9.85,14.99,12.96,34,,0,0,
Oliphant BBA Honees Honees 4pk 16oz can,Craft,,0,0.0,,18.33,24.99,,27,,0,0,
Oliphant Brewing Co Brown Ale 4pk 16oz can,Craft,Mega Beer LLC,1,0.0,,11.0,15.99,,31,,0,0,Rosemount:1
Oliphant Brewing Co GOBIAS Coffee Stout 4pk 16oz can,Craft,Mega Beer LLC,0,0.0,,11.0,15.99,,31,,0,0,
Cutwater Strawberry White Russian 12oz can,Single Serve,Single Can,0,0.0,,2.52,4.49,3.96,44,,0,0,
Cutwater Strawberry White Russian 4pk 12oz can,RTD,"College City Beverage, Inc.",-1,0.0,,10.07,13.99,11.96,28,,0,0,
Cutwater Tiki Rum Punch 4pk 12oz can,RTD,"Capitol Beverage Sales, L.P.",-2,0.0,,7.94,13.99,11.96,43,,0,0,
Cutwater Whiskey Sour 4pk 12oz can,RTD,"Capitol Beverage Sales, L.P.",-46,0.0,,9.79,13.99,11.96,30,,0,0,
Oliphant Brewing Festbier 4pk 16oz can,Craft,Mega Beer LLC,0,0.0,,8.0,11.99,,33,,0,0,
Oliphant Brewing Pilsner 4pk 16oz can,Craft,Mega Beer LLC,1,0.0,,16.0,11.99,,-33,,0,0,Stillwater:1
Oliphant Dopplebock Lager 4pk 16oz can,Micro Brews,Mega Beer LLC,-1,0.0,,11.0,15.99,,31,,0,0,
Oliphant Helles Bock 4pk 16oz can,Craft,,0,0.0,,8.0,11.99,,33,,0,0,
Keepsake Wild Medium Cider 750ml,Single Serve,,1,0.0,,,13.99,,,,0,0,Stillwater:1
Junkyard Snow Scout 4pk 16oz can,Craft,Junkyard Brewing Company,0,0.0,,11.17,15.99,,30,,0,0,
Junkyard Steven Seagull 4pk 16oz can,Craft,Junkyard Brewing Company,0,0.0,,12.0,16.99,,29,,0,0,
Junkyard Stranger In the Apls 4pk 16oz can,Craft,Junkyard Brewing Company,0,0.0,,12.0,16.99,,29,,0,0,
Junkyard Uncle Chuck's Czech 4pk 16oz can,Craft,Junkyard Brewing Company,1,0.0,,9.17,12.99,,29,,0,0,Chanhassen:1
Odell Rotating Variety Pack 12pk 12oz can,Craft,,0,0.0,,15.88,20.99,,24,,0,0,
Ommegang Roating 4pk 12oz btl,Craft,"Breakthru Beverage Minnesota Beer, LLC",-4,0.0,,14.0,19.99,,30,,0,0,
Ommegang Rosetta 4pk 12oz can,Craft,"Breakthru Beverage Minnesota Beer, LLC",-1,0.0,,8.74,13.99,,37,,0,0,
Pipeworks Infinite Citra 4pk 16oz can,Craft,,0,0.0,,8.52,11.99,,29,,0,0,
Paulaner Variety Pack 10pk 16oz can,Craft,"Hohensteins, Inc.",0,0.0,,18.75,25.99,,28,,0,0,
Paulaner Weizen Radler NA 6pk 12oz btl,Import,"Hohensteins, Inc.",-4,0.0,,7.88,13.99,12.96,44,,0,0,
Peroni,Kegs,,0,0.0,,185.0,229.99,,20,,0,0,
"Pipeworks 
Ninja Vs unicorn vs haze 4pk 16oz can",Micro Brews,McDonald Distributing Co dba Clear River Beverage,-23,0.0,,,13.99,,,,0,0,
Crystal Light Lemonade Vodka Refresher 4pk 12oz can,RTD,McDonald Distributing Co dba Clear River Beverage,5,0.0,160.7,7.72,11.99,,36,,0,1,Woodbury:5
Cutwater Fireside Variety 12pk 8oz can,RTD,"Capitol Beverage Sales, L.P.",0,0.0,,16.1,26.99,,40,,0,0,
Corona Light  24pk 12oz can,Import,"Breakthru Beverage Minnesota Beer, LLC",-1,0.0,,22.25,27.99,25.96,21,,0,0,
Prairie Double Rainbow Sherbert 4pk 12oz can,Craft,McDonald Distributing Co dba Clear River Beverage,4,0.0,,12.0,16.99,,29,,0,0,Andover:4
Pipeworks Wongo Mongo 4pk 16oz can,Craft,McDonald Distributing Co dba Clear River Beverage,0,0.0,,9.69,13.99,,31,,0,0,
Popsicle Hard Variety Pack 12pk 12oz can,Seltzer,"College City Beverage, Inc.",18,0.0,578.6,15.17,21.99,,31,,0,1,Woodbury:18
Pipeworks Blizzard King Black Pale Ale 4pk 16oz can,Craft,Bernicks,0,0.0,,9.0,12.99,,31,,0,0,
Pipeworks Bluetooth Squirrel 4pk 16oz can,Craft,McDonald Distributing Co dba Clear River Beverage,0,0.0,,9.33,13.99,,33,,0,0,
Pipeworks Cloud King 4pk 16oz can,Craft,McDonald Distributing Co dba Clear River Beverage,1,0.0,,9.67,13.99,,31,,0,0,Andover:1
Pipeworks Coconut Phantom Unicorn 16oz can,Single Serve,,-3,0.0,,6.08,16.99,,64,,0,0,
"Pipeworks Crimson Snapper Imperial IPA 4pk 16oz can 
",Craft,McDonald Distributing Co dba Clear River Beverage,0,0.0,,13.83,19.99,,31,,0,0,
Ommegang Rotator 4pk 16oz can,Micro Brews,"Breakthru Beverage Minnesota Beer, LLC",11,0.0,,11.48,16.99,,32,,0,0,Chanhassen:11
On the Rocks Taste the Tropics Variety Pack,RTD,Southern Glazer's Wine & Spirits of MN,67,0.0,,15.92,25.99,21.96,39,,0,0,Ramsey:3;Cottage Grove:7;Chanhassen:22;Osseo:35
Cuvee des Jacobins Rouge 4pk 12oz btl,Import,,3,0.0,,,26.99,,,,0,0,Andover:3
DOWNEAST SEASONAL 9pk 12oz can,Cider,Dahlheimer Beverage Monticello,3,0.0,,14.0,19.99,,30,,0,0,Blaine:1;Plymouth:2
Dangerous Man Chocolate Milk Stout 6pk 12oz can,Craft,Dangerous Man Brewing,1,0.0,,9.0,13.99,,36,,0,0,Woodbury:1
Dangerous Man Dry Irish Stout 6pk 12oz can,Craft,Dangerous Man Brewing,0,0.0,,8.91,13.99,,36,,0,0,
Portage Brewing Tiny Approach 750ml,Single Serve,,-2,0.0,,7.58,19.99,,62,,0,0,
Portage Due North 6pk 12oz can,Craft,Dahlheimer Beverage Monticello,2,0.0,,9.98,14.99,,33,,0,0,Ramsey:2
Pabst 99pk 12oz can,,,0,0.0,,,119.99,99.96,,,0,0,
Pabst Pickle Beer 6pk 12oz can,Craft,Dahlheimer Beverage Monticello,2,0.0,,5.43,7.99,,32,,0,0,Blaine:1;Roseville:1
Pacifico 24oz btl,Single Serve,,-5,0.0,,,2.69,,,,0,0,
Pacifico Clara 8 Gallon,Import,,0,0.0,0.0,91.0,113.99,,20,,0,1,
Padraigs Dullahans Nitro Stout 4pk 16oz can,Craft,"Hohensteins, Inc.",0,0.0,,11.17,15.99,,30,,0,0,
Paulaner Grapefruit Radler 17oz can,Single Serve,,-13,0.0,,1.93,11.99,,84,,0,0,
Dangerous Man POG Sour 6pk 12oz can,Craft,Dangerous Man Brewing,4,0.0,,10.0,13.99,,29,,0,0,Roseville:4
Dangerous Man Playmaker Amber 6pk 12oz can,Craft,Dangerous Man Brewing,0,0.0,0.0,8.99,12.99,,31,,0,1,
Drastic Measures Westy 4pk 16oz can,Craft,,0,0.0,,10.84,14.99,,28,,0,0,
Moose Lak Buzzed Beekeper nut brown ale 4pk 16oz can,Craft,Moose Lake Brewing Co.,9,0.0,,12.0,13.99,,14,,0,0,Roseville:1;Chanhassen:9
Downeast Pumpkin 6 Gallon,Keg,Dahlheimer Beverage Monticello,1,0.0,32.1,90.0,108.99,,17,,0,1,Blaine:1
Crown Royal Washington Apple 4pk 12oz can,RTD,Phillips Wine & Spirits - St. Paul,8,0.0,257.1,9.83,14.99,,34,Case 1 Must hit 8 cs within month,0,1,Minnetonka:8
Crown Royal Whisky & Cola 4pk 12oz can,RTD,Phillips Wine & Spirits - St. Paul,13,0.0,,9.83,14.99,,34,Case 1 Must hit 8 cs within month,0,0,Andover:1;Chanhassen:3;Minnetonka:9
Crafted Artisan Meadery Down With CCP 17oz btl,Craft,,7,0.0,225.0,6.75,9.99,,32,,0,1,Chanhassen:7
Crafted Artisan Meadery Upside Down Cake 17oz btl,Craft,,5,0.0,,6.75,9.99,,32,,0,0,Chanhassen:5
Crispin Mango Mimosa 6pk 12oz can,Cider,"Hohensteins, Inc.",0,0.0,,6.5,13.99,,54,,0,0,
Drekker Interplanetary Relations 4pk 16oz can,Craft,Mega Beer LLC,0,0.0,,12.38,17.99,,31,,0,0,
Drekker King of Thing DIPA 4pk 16oz can,Craft,Mega Beer LLC,0,0.0,,13.87,19.99,,31,,0,0,
Drekker Long Haired Freaky People 4pk 16oz can,Craft,Drekker Brewing Company,1,0.0,,15.38,21.99,,30,,0,0,Rosemount:1
Downeast Variety 9pk 12oz can,Cider,,0,0.0,,14.4,19.99,,28,,0,0,Blaine:1
Downeast Variety Pack #3 9pk 12oz can,Cider,,3,0.0,,14.4,19.99,,28,,0,0,Chanhassen:1;Blaine:2
Downeast Variety Pack 2 9pk 12oz can,Cider,,0,0.0,,14.69,19.99,,26,,0,0,
Downeast Winter Blend 6 Gallon,Keg,Dahlheimer Beverage Monticello,1,0.0,,90.0,90.99,,1,,0,0,Blaine:1
Drastic Measures Regulator 4pk 16oz can,Craft,Do Not Use - Clear River Beverage,0,0.0,,13.62,16.99,,20,,0,0,
Drekker Metaphase 4pk 16oz can,Craft,Drekker Brewing Company,0,0.0,,15.38,21.99,,30,,0,0,
Drekker Morning Ritual 4pk 16oz can,Craft,Mega Beer LLC,-1,0.0,,12.38,17.99,,31,,0,0,
Drekker Multiple Ectogasms 4pk 16oz can,Craft,,0,0.0,,15.37,20.99,,27,,0,0,
Drekker Muscle for Rank 4pk 16oz can,Craft,Mega Beer LLC,0,0.0,0.0,12.38,17.99,,31,,0,1,
Drekker Orbital Delusion 4pk 16oz can,Craft,Mega Beer LLC,0,0.0,,12.38,17.99,,31,,0,0,
Drekker Piano Necktie 6 Gallon,Keg,Mega Beer LLC,0,0.0,,115.03,145.99,,21,,0,0,
Drekker Pizza Toots IPA 4pk 16oz can,Craft,Mega Beer LLC,0,0.0,,13.87,19.99,,31,,0,0,
Drekker High Powered Mutant 4pk 16oz can,Craft,Mega Beer LLC,0,0.0,,12.38,17.99,,31,,0,0,
Crispin Original 6pk 12oz can,Cider,"Hohensteins, Inc.",0,0.0,,9.75,12.99,,25,,0,0,
Crispin Zero N/A 6pk 12oz can,Cider,"Hohensteins, Inc.",1,0.0,32.1,9.75,13.99,,30,,0,1,Plymouth:1
Crook & Marker Classic Iced Tea 8pk 12oz can,FMB,"Breakthru Beverage Minnesota Beer, LLC",0,0.0,,13.1,17.99,,27,,0,0,
Crown Royal Peach Tea 4pk 12oz can,RTD,,11,0.0,353.6,3.35,14.99,,78,,0,1,Minnetonka:4;Plymouth:7
Drekker Raingasms 4pk 16oz can,Craft,Mega Beer LLC,0,0.0,,12.38,17.99,,31,,0,0,
Drekker Ride the Spiral to the End 4pk 16oz can,Craft,Mega Beer LLC,-6,0.0,,12.38,17.99,,31,,0,0,
Drekker Rotating 4pk 16oz can,Craft,,0,0.0,,12.38,17.99,,31,,0,0,
Drekker Saved by the Buoyancy of Citrus 4pk 16oz can,Craft,,0,0.0,,9.0,13.99,,36,,0,0,
Modist Mega Liquid Crystals 4pk 16oz can,Craft,Modist Brewing Company,1,0.0,,13.85,19.99,,31,,0,0,Stillwater:1
Eden Ciders Barrel Aged Northern Spy Ice Cider 375ml,Single Serve,"Bourget Imports, LLC",11,0.0,,30.0,53.99,44.96,44,,0,0,St. Louis Park:2;Blaine:9
Eden Ciders Brut Nature 750ml,Single Serve,"Bourget Imports, LLC",16,0.0,,8.15,13.79,11.96,41,,0,0,Roseville:1;St. Louis Park:15
Eden Ciders Deep Cut 12oz can,Single Serve,"Bourget Imports, LLC",7,0.0,225.0,3.41,5.49,4.96,38,,0,1,Roseville:1;St. Louis Park:1;Blaine:5
Eden Ciders Heirloom Blend Ice Cider 375ml,Single Serve,"Bourget Imports, LLC",3,0.0,,22.29,38.99,32.96,43,,0,0,Blaine:1;St. Louis Park:2
Eden Ciders Imperial Rose 750ml,Single Serve,"Bourget Imports, LLC",0,0.0,,7.98,12.49,10.96,36,,0,0,
Eden Ciders Sourciere 375ml,Single Serve,"Bourget Imports, LLC",12,0.0,385.7,12.0,20.99,17.96,43,,0,1,Roseville:2;Plymouth:10
Drekker Sparklers on the Carpet 4pk 16oz can,Craft,Mega Beer LLC,0,0.0,,70.38,17.99,,-291,,0,0,
Modist Peanut Butter Second Breffix 4pk 16oz can,Craft,Modist Brewing Company,3,0.0,96.4,10.26,15.99,,36,,0,1,Plymouth:1;Rosemount:2
Modist Second Breffix 4pk 16oz can,Craft,Modist Brewing Company,-2,0.0,,10.77,15.99,,33,,0,0,
Modist Spring Forge 4pk 16oz can,Craft,Modist Brewing Company,4,0.0,128.6,8.46,12.99,,35,,0,1,Minneapolis:4
Modist Supra Black 4pk 16oz can,Craft,Modist Brewing Company,2,0.0,,7.69,11.99,,36,,0,0,Rosemount:2
Modist TEN TDH Hazy IPA 4pk 16oz can,Craft,Modist Brewing Company,3,0.0,,11.53,16.99,,32,,0,0,Minnetonka:3
Modist Gravity Lens Oak-Aged Pale Lager 4pk 16oz can,Craft,Modist Brewing Company,0,0.0,,9.23,12.99,,29,,0,0,
Modist Heated Rivalry TIPA 4pk 16oz can,Craft,Modist Brewing Company,0,0.0,,16.92,23.99,,29,,0,0,
Modist Liquid Crystals 4pk 16oz can,Craft,Modist Brewing Company,-33,0.0,,11.53,15.99,,28,,0,0,Cottage Grove:7
Headflyer Triple Berry Baby 4pk 16oz can,Craft,HeadFlyer Brewing,-1,0.0,,10.29,14.99,,31,,0,0,
Junkyard Orange Dream Pop sour 4pk 16oz can,Craft,Junkyard Brewing Company,0,0.0,,14.0,19.99,,30,,0,0,
Junkyard Phaser 4pk 16oz can,Craft,Junkyard Brewing Company,0,0.0,,11.17,15.99,,30,,0,0,
Junkyard Real Doom 4pk 16oz can,Craft,Junkyard Brewing Company,0,0.0,,12.0,16.99,,29,,0,0,
Junkyard Sail New England Pilsner 4pk 16oz can,Craft,Junkyard Brewing Company,-24,0.0,,,12.99,,,,0,0,
Mom Water Sandy Coconut Mango 4pk 12oz can,RTD,,0,0.0,,9.21,13.99,,34,,0,0,
Mom Water Susan Strawberry Kiwi 4pk 12oz can,RTD,,0,0.0,,8.75,13.99,,37,,0,0,
Monaco Classic Margarita Variety Pack 6pk 12oz can,RTD,"Breakthru Beverage Minnesota Beer, LLC",-1,0.0,,11.37,17.49,14.96,35,,0,0,
Prairie Essential Pack 8pk 12oz can,Craft,McDonald Distributing Co dba Clear River Beverage,2,0.0,64.3,18.67,23.99,,22,,0,1,Andover:2
Prairie Gift Set 4pk 12oz btl,Craft,,0,0.0,,27.75,37.99,,27,,0,0,
Prairie Pirate Weekend 12oz btl,Craft,,0,0.0,,9.33,12.99,,28,,0,0,
Junkyard Auto Body Experience 4pk 16oz can,Craft,,0,0.0,,12.0,16.99,,29,,0,0,
Junkyard Beer-inator 4pk 16oz can,Craft,Junkyard Brewing Company,0,0.0,,12.0,16.99,,29,,0,0,
Heineken Silver 6pk 12oz btl,Import,,-2,0.0,,7.2,10.99,,34,,0,0,Cottage Grove:2
Headflyer Radiant Baby 4pk 16oz can,Craft,,1,0.0,,10.17,13.99,,27,,0,0,St. Louis Park:1
Headflyer Seasonal Whip 4pk 16oz can,Craft,,0,0.0,,10.25,14.99,,32,,0,0,
Coronado Big Weekend Vibes 6pk 16oz can,Craft,McDonald Distributing Co dba Clear River Beverage,0,0.0,,10.32,14.99,,31,,0,0,
Coronado Rotating Sour Series 22oz btl,Single Serve,,0,0.0,,7.92,10.99,,28,,0,0,
Revel Avila Spritz Mango Chili 4pk 12oz can,RTD,Johnson Brothers - St. Paul,4,0.0,,38.79,25.99,,-49,,0,0,Minnetonka:4
Revolution Anti Hero IPA 12pk 12oz can,Craft,Artisan Beer,-3,0.0,,15.87,22.99,,31,,0,0,
Cartographer Dark Preserves 4pk 16oz can,Craft,"Pryes Brewing Company, LLC",0,0.0,,12.32,18.99,,35,,0,0,
Castle Danger Aurora Haze 12pk 12oz can,Craft,,0,0.0,0.0,14.6,23.99,19.96,39,,0,1,Andover:1
Castle Danger Castle Cream Ale 6 Gallon,Craft,,1,0.0,,80.0,99.99,,20,,0,0,Blaine:1
Castle Danger Cream 16 Gallon,Craft,"Breakthru Beverage Minnesota Beer, LLC",0,0.0,0.0,168.0,199.99,,16,,0,1,
Pryes Cartographer Series 4pk 16oz can,Craft,"Pryes Brewing Company, LLC",1,0.0,,13.33,18.99,,30,,0,0,Rosemount:1
Pryes Cartorgrapher Northern Tropic,Micro Brews,,-1,0.0,,12.13,15.99,,24,,0,0,
Coors Light 24pk Aluminum Bottle,Premium,"Breakthru Beverage Minnesota Beer, LLC",13,0.0,417.9,6.0,26.99,22.96,78,,0,1,Minneapolis:13
Corona Extra,Single Serve,,0,0.0,,0.15,1.99,,92,,0,0,
Press Duo Variety Pack 12pk 12oz can,Seltzer,,41,0.0,,13.18,21.99,18.96,40,,0,0,Vadnais Heights:41
Press Pineapple Basil 12pk 12oz can/ D 750ml,Single Serve,McDonald Distributing Co dba Clear River Beverage,76,0.0,,2.94,21.99,18.96,87,,0,0,St. Louis Park:76
Press Pomegranate Ginger 12pk 12oz can,Seltzer,,-1,0.0,,12.61,17.99,,30,,0,0,
Corona Premier keg,Import,,0,0.0,,154.67,177.49,,13,,0,0,
Crafted Artesian Mead Key Lime Pie 17oz can,Single Serve,,-1,0.0,-32.1,6.75,9.99,,32,,0,1,
Pryes Full Half Hour Irish Red Ale 4pk 16oz can,Craft,,0,0.0,,9.67,13.99,,31,,0,0,Vadnais Heights:1
Clown Shoes Pecan Pie Porter 4pk 16oz can,Craft,,6,0.0,,10.58,13.99,,24,,0,0,Andover:6
Coors Banquet 16 Gallon,Keg,"Breakthru Beverage Minnesota Beer, LLC",-1,0.0,,125.0,149.99,,17,,0,0,
Press Sparkling Watermelon Sea Salt 12oz can,Single Serve,McDonald Distributing Co dba Clear River Beverage,0,0.0,,1.22,2.49,,51,,0,0,
Pryes Barrel Aged Lost Moon 2023 16oz can,Single Serve,"Pryes Brewing Company, LLC",2,0.0,64.3,12.25,21.99,,44,,0,1,Rosemount:2
Pryes Cartographer El Camino 4pk 16oz can,Micro Brews,"Pryes Brewing Company, LLC",0,0.0,,12.88,18.99,,32,,0,0,
Pryes Cartographer Orange Bliss 4pk 16oz can,Craft,"Pryes Brewing Company, LLC",0,0.0,,71.16,18.99,,-275,,0,0,
Drekker Spread It Grape PBJ Sour 4pk 16oz can,Craft,Mega Beer LLC,-1,0.0,,13.88,19.99,,31,,0,0,
Drekker Techno Viking 4pk 16oz can,Craft,,0,0.0,,8.17,12.99,,37,,0,0,
Drekker The Noodle Effect 4pk 16oz can,Craft,Drekker Brewing Company,1,0.0,,15.37,21.99,,30,,0,0,Rosemount:1
Drekker Tiny Bites Petite IPA 4pk 16oz can,Craft,,-1,0.0,,10.88,16.99,,36,,0,0,
Monaco Tequila Variety Pack 6pk 12oz can,RTD,,0,0.0,,11.65,16.74,14.96,30,net down pricing,0,0,
Junkyard Jason Waterfalls,Micro Brews,,0,0.0,,11.93,15.99,,25,,0,0,
Junkyard Little Green Bag 4pk 16oz can,Craft,Junkyard Brewing Company,0,0.0,0.0,9.83,13.99,,30,,0,1,
Junkyard Little Midnight Spider Stout 4pk 16oz can,Craft,Junkyard Brewing Company,0,0.0,,11.17,15.99,,30,,0,0,
Modist Ghost Visions Simcoe & Superdelic DDH IPA 4pk 16oz can,Craft,Modist Brewing Company,0,0.0,,10.72,15.99,,33,,0,0,
"Drekker Truly, Madly, Deeply 4pk 16oz can",Craft,Mega Beer LLC,0,0.0,,95.88,23.99,,-300,,0,0,
Elm Creek Seeing Through Walls Coffee Stout 4pk 16oz can,Craft,Elm Creek Brewing Company,0,0.0,,10.72,15.99,,33,,0,0,
Elm Creek Shadow Caster DDH Hazy IPA 4pk 16oz can,Craft,,0,0.0,,,15.99,,,,0,0,
Modern Times Phantom Twilight 375ml,Single Serve,,6,0.0,,10.83,14.99,,28,,0,0,Chanhassen:6
Modern Times Soft Swerve rocky road 22oz btl,Single Serve,,-1,0.0,,24.17,32.99,,27,,0,0,
Modist Blizzard Blast 4pk 16oz can,Craft,Modist Brewing Company,0,0.0,,11.53,16.99,,32,,0,0,
Modist Tsunami Rush 4pk 16oz can,Craft,Modist Brewing Company,4,0.0,,11.53,16.99,,32,,0,0,Minnetonka:4
Dual Citizen Dreaming with our Heads Cut Off 4pk 16oz can,Craft,,0,0.0,,10.55,12.99,,19,,0,0,
Dual Citizen Elbow Bender 4pk 16oz can,Craft,Dual Citizen Brewing Company,-4,0.0,,8.63,13.99,,38,,0,0,Vadnais Heights:1
Dual Citizen Rivertown Brown Ale 4pk 16oz can,Craft,Dual Citizen Brewing Company,2,0.0,,7.63,10.99,,31,,0,0,Chanhassen:1;Roseville:1
Dual Citizen Solar Shift 4pk 16oz can,Craft,Dual Citizen Brewing Company,1,0.0,,9.5,13.99,,32,,0,0,Roseville:1
Duchesse Chocolate Cherry 4pk 12oz btl,Import,Artisan Beer,2,0.0,,16.66,22.99,,28,,0,0,Cottage Grove:2
Modist Doomed Moon 4pk 16oz can,Craft,Modist Brewing Company,0,0.0,,9.23,12.99,,29,,0,0,
Modist Double Ghost Vision Nectaron 4pk 16oz can,Craft,Modist Brewing Company,3,0.0,,10.77,17.99,,40,,0,0,St. Louis Park:3
Modist Folklor 4pk 16oz can,Craft,Modist Brewing Company,1,0.0,,9.22,13.99,,34,,0,0,Minnetonka:1
Castle Danger Red Hop Risin 4pk 12oz can,Craft,,-1,0.0,,7.74,3.0,,-158,,0,0,
Castle Danger White Pine IPA 6pk 12oz can,Craft,,1,0.0,,8.46,11.99,,29,,0,0,Vadnais Heights:1
Castle Danger Wintry Mix 12pk 12oz can,Craft,,21,0.0,,14.66,23.99,19.96,39,,0,0,Andover:1;Plymouth:2;Woodbury:1;Chanhassen:22
Cayman Jacked Tropical Margarita 19.2oz can,Single Serve,Dahlheimer Beverage Monticello,-1,0.0,,2.33,3.99,,42,,0,0,
Busch Light Apple 12pk 12oz can,Craft,,2,0.0,,11.32,15.99,,29,,0,0,Andover:2
COYABLU Berry Basil 4pk 12oz can,RTD,Bellboy Corporation,0,0.0,,11.05,19.99,,45,,0,0,
Duluth Cider Trailside Strawberry Basil,Craft,,0,0.0,,9.14,14.99,,39,,0,0,
Dunkin Spiked Tea Variety 12pk 12oz can,FMB,Do Not Use - Clear River Beverage,1,0.0,,14.6,19.99,,27,,0,0,Andover:1
Castle Danger Fresh Hop 4pk 12oz can,Craft,"Breakthru Beverage Minnesota Beer, LLC",1,0.0,,10.0,14.99,,33,,0,0,St. Louis Park:1
Queen of the Sienna - Amber/ D 750ml,Single Serve,,3,0.0,,6.67,17.99,,63,,0,0,Stillwater:3
Raff Crafted Absinthe Mule 12oz can,Single Serve,,5,0.0,,,4.29,,,,0,0,Plymouth:5
Redd's Wicked Apple Ale 12pk 10oz can,FMB,,-1,0.0,,11.47,16.99,,33,,0,0,
Restoration Cider Tier 1 4pk 12oz btl,Cider,,-2,0.0,-64.3,12.47,15.99,,22,,0,1,
Pryes PryesBock 4pk 16oz can,Craft,"Pryes Brewing Company, LLC",1,0.0,32.1,8.17,12.99,,37,,0,1,Vadnais Heights:1
Pryes Royal Blueberry Sour Ale 4pk 16oz can,Craft,"Pryes Brewing Company, LLC",2,0.0,,10.33,14.99,,31,,0,0,Roseville:2
Coors Banquet 8 Gallon,Premium,,-1,0.0,,63.5,89.99,,29,,0,0,
Schell's Dark 6 Gallon,Keg,Artisan Beer,0,0.0,0.0,76.0,105.99,,28,,0,1,
Schell's Dark Lager 16 Gallon ,Keg,"College City Beverage, Inc.",0,0.0,,163.0,199.99,,18,,0,0,
Budweiser 6pk 12oz can,Premium,,-1,0.0,,4.0,6.99,,43,,0,0,
Budweiser Select 24pk 12oz can,Premium,,0,0.0,,17.86,24.99,,29,,0,0,
Samuel Smith Organic Chocolate Stout 4pk 15oz can,Import,,0,0.0,,11.47,15.99,,28,,0,0,
Samuel Smith Organic Strawberry Ale 4pk 4pk 12oz btl,Import,"Breakthru Beverage Minnesota Beer, LLC",2,0.0,64.3,11.0,15.99,,31,,0,1,St. Louis Park:2
San Miguel Pils 6pk 12oz btl,Craft,McDonald Distributing Co dba Clear River Beverage,3,0.0,96.4,11.0,15.99,,31,,0,1,Andover:3
Sapsucker Farms Yellow Belly Caramel Apple 4pk 12oz can,Craft,McDonald Distributing Co dba Clear River Beverage,0,0.0,,9.67,13.99,,31,,0,0,
Revolution Hazy Hero 19.2oz can,Single Serve,Artisan Beer,0,0.0,,2.5,3.99,,37,,0,0,
Burning Bros Pyro 4pk 12oz can,Craft,Artisan Beer,0,0.0,0.0,8.46,11.99,,29,,0,1,
Busch 24pk 12oz btl,Below Premium,,-11,0.0,-353.6,,23.99,,,,0,1,
Busch 24pk 16oz can,Below Premium,,-1,0.0,,17.5,25.99,,33,,0,0,
Busch 6pk 12oz can,Below Premium,,-1,0.0,,3.88,6.99,,45,,0,0,
Busch Light,Below Premium,,-2,0.0,,121.0,144.99,,17,,0,0,
Schell's Brewer's Stash 12pk 12oz can,Craft,,0,0.0,,13.08,18.99,,31,,0,0,
Schell's Cave Aged Brl Aged 6pk 12oz btl,Craft,,0,0.0,,11.05,14.99,,26,,0,0,
Samichlaus Classic,Import,,1,0.0,,15.38,20.99,,27,,0,0,Andover:1
Revolution Infinity-Hero IPA 6pk 12oz can,Craft,Artisan Beer,0,0.0,,8.46,11.99,,29,,0,0,
Rochefort 10,Bombers,,-8,0.0,,4.83,6.99,,31,,0,0,
Rule of 5 Cherry Pineapple Orange 24oz can,Single Serve,"Breakthru Beverage Minnesota Beer, LLC",0,0.0,,0.5,0.99,,49,,0,0,
Rule of 5 Strawberry Watermelon Lemon 24oz can,Single Serve,"Breakthru Beverage Minnesota Beer, LLC",0,0.0,,0.5,0.99,,49,,0,0,
Rush River Unforgiven Amber 6pk 12oz btl,Craft,"Hohensteins, Inc.",0,0.0,,7.17,10.99,,35,,0,0,
Revolution Brewing Anti Hero 19.2oz can,Single Serve,Artisan Beer,-3,0.0,,2.41,3.99,,39,,0,0,
Revolution Brewing Freedom of Speach 6pk 12oz can,Craft,Artisan Beer,-24,0.0,,7.05,12.99,,46,,0,0,
Modist Work Krush 4pk 16oz can,Craft,Modist Brewing Company,0,0.0,,9.23,12.99,,29,,0,0,
Mom Water Linda Blueberry Peach 4pk 12oz can,RTD,,-5,0.0,,9.0,13.99,,36,,0,0,Cottage Grove:1
Canteen Spirits Watermelon 6pk 12oz can,RTD,,10,0.0,,12.26,15.99,,23,,0,0,Blaine:10
Canteen Vodka Watermelon 4pk 12oz can,RTD,,1,0.0,,,12.99,,,,0,0,Blaine:1
Capt Morgan Vita Coco Mojito 4pk 12oz can,RTD,Phillips Wine & Spirits - St. Paul,0,0.0,0.0,9.18,14.99,12.96,39,Case 1,0,1,
Captain Morgan Sliced Variety Pack 24pk 12oz can,RTD,"Breakthru Beverage Minnesota Beer, LLC",2,0.0,,30.8,36.99,,17,,0,0,Rosemount:2
Sam Adam's Cherry Wheat 12pk 12oz can,Craft,"Breakthru Beverage Minnesota Beer, LLC",2,0.0,,14.4,19.99,,28,,0,0,Cottage Grove:2
Sam Adams Limited Holiday Release 6pk 12oz btl,Craft,,-4,0.0,,5.78,10.99,,47,,0,0,
Elm Creek Cloud Dweller 4pk 16oz can,Craft,Artisan Beer,3,0.0,,13.83,18.99,,27,,0,0,Rosemount:3
Elm Creek Light 12pk 12oz can,Craft,Dahlheimer Beverage Monticello,0,0.0,,6.87,18.99,,64,,0,0,
Modelo Chelada Picante 24oz can,Single Serve,,-1,0.0,,2.19,3.49,,37,,0,0,
Einstok Doppelbock 6pk 12oz can,Craft,McDonald Distributing Co dba Clear River Beverage,0,0.0,,9.75,13.99,,30,,0,0,
Einstok Icelandic Arctic Lager 6pk 12oz can,Import,,1,0.0,32.1,9.92,13.99,,29,,0,1,Rosemount:1
Einstok Icelandic Pale Ale 6pk 12oz can,Import,,2,0.0,,9.75,13.99,,30,,0,0,Rosemount:2
Fair State 10yr Stout 4pk 8oz can,Craft,"College City Beverage, Inc.",1,0.0,,12.16,17.99,,32,,0,0,Rosemount:1
Fair State All Grey 4pk 16oz can,Craft,,0,0.0,,10.66,14.99,,29,,0,0,
Elm Creek Light 6pk 12oz can,Craft,,0,0.0,,4.75,8.99,,47,,0,0,
Elm Creek Man Made Horse Sounds 4pk 16oz can,Craft,Elm Creek Brewing Company,2,0.0,,10.83,15.99,,32,,0,0,Chanhassen:1;Woodbury:1
Elm Creek Maple Drift 4pk 16oz can,Craft,Dahlheimer Beverage Monticello,0,0.0,,7.71,11.99,,36,,0,0,
Elm Creek Rare Candy,Micro Brews,,-1,0.0,-32.1,13.22,16.99,,22,,0,1,
Elm Creek Rare Candy Blueberry Pie 4pk 16oz can,Craft,Elm Creek Brewing Company,17,0.0,,13.37,18.99,,30,,0,0,St. Louis Park:17
Elm Creek Rare Candy Peach and Watermelon 4pk 16oz can,Craft,Artisan,0,0.0,,59.42,20.99,,-183,,0,0,
Einstok Icelandic White Ale 6pk 12oz can,Import,,4,0.0,,24.37,13.99,,-74,,0,0,Rosemount:4
Einstok Icelandic Winter Ale,Import,McDonald Distributing Co dba Clear River Beverage,0,0.0,,9.75,13.99,,30,,0,0,
Schell's Peanut Butter Porter 12pk 12oz can,Craft,,-13,0.0,,15.2,18.99,,20,,0,0,
Schell's Peanut Butter Porter 6pk 12oz can,Craft,,0,0.0,,8.2,10.99,,25,,0,0,
Lagunitas Hazy 8 Gallon,Kegs,"Breakthru Beverage Minnesota Beer, LLC",0,0.0,,105.0,130.99,,20,,0,0,
Kul Mocks Variety  6pk 12oz can,FMB,Dahlheimer Beverage Monticello,0,0.0,,10.79,19.99,16.96,46,,0,0,
Kul Mocks Variety pack 6pk 12oz can,RTD,Dahlheimer Beverage Monticello,3,0.0,,11.25,19.99,16.96,44,,0,0,Plymouth:4
La Chouffe 4pk 17oz can,Import,"Breakthru Beverage Minnesota Beer, LLC",0,0.0,,13.07,18.99,,31,,0,0,
La Dona Big Mama Blonde Ale 4pk 16oz can,Craft,,0,0.0,,5.86,9.99,,41,,0,0,
Miller High Life 16 Gallon,Below Premium,,-2,0.0,-64.3,92.0,144.99,,37,,0,1,
Sauza Agua FuerteMango 4pk 12oz can,RTD,Southern Glazer's Wine & Spirits of MN,0,0.0,0.0,7.0,12.99,,46,,0,1,
Scaldis Noel 4pk 12oz btl,Import,,5,0.0,160.7,,16.99,,,,0,1,Chanhassen:5
Samuel Adams Utopias 24oz btl,Single Serve,,0,0.0,0.0,209.0,299.99,,30,,0,1,
Samuel Smith Gift Set 3pk 18oz btl,Bombers,Dahlheimer Beverage Monticello,1,0.0,,13.0,16.99,,23,,0,0,Andover:1
Samuel Smith Oatmeal Stout 4pk 14.9oz can,Craft,Dahlheimer Beverage Monticello,3,0.0,,10.83,15.99,,32,,0,0,Ramsey:3
Schilling Hyper Dry Excelsior 6pk 12oz can,Cider,McDonald Distributing Co dba Clear River Beverage,1,0.0,,10.5,14.99,,30,,0,0,Roseville:1
Schloss Eggenberg Samichlaus Helles 4pk 16oz can,Import,Old World Beers,-2,0.0,,5.38,24.99,,78,,0,0,
Schell's Notorious P.I.L.S. 12pk 12oz can,Craft,,-4,0.0,-128.6,13.6,18.99,,28,,0,1,
Broken Clock Red Coats- blood orange NEIPA 4pk 16oz can,Craft,Broken Clock Brewing Cooperative,-6,0.0,,15.5,14.99,,-3,,0,0,
Brooklyn Black Ops 4pk 16oz can,Micro Brews,"Hohensteins, Inc.",0,0.0,,11.21,18.99,,41,,0,0,
Brooklyn Oktoberfest 12pk 12oz can,Craft,"Hohensteins, Inc.",36,0.0,,4.5,12.97,,65,,0,0,Rosemount:36
Broken Clock Brewing Hunny Acre Wood 4pk 16oz can,Craft,Broken Clock Brewing Cooperative,0,0.0,,10.33,14.99,,31,,0,0,
Broken Clock Brewing Milk & Cookies 4pk 16oz can,Craft,Broken Clock Brewing Cooperative,0,0.0,,10.33,14.99,,31,,0,0,
Broken Clock Brewing Pocket Watch 4pk 16oz can,Craft,Broken Clock Brewing Cooperative,4,0.0,,10.33,14.99,,31,,0,0,Rosemount:4
Broken Clock Brewing Rotator 4pk 16oz can,Craft,Broken Clock Brewing Cooperative,-2,0.0,,10.33,14.99,,31,,0,0,
Broken Clock Clocktoberfest 4pk 16oz can,Craft,,0,0.0,,10.33,14.99,,31,,0,0,
Junkyard Garden Grove 4pk 16oz can,Craft,Junkyard Brewing Company,0,0.0,,9.67,13.99,,31,,0,0,
Junkyard Brewing Sketch Artist 4pk 16oz can,Craft,Junkyard Brewing Company,-1,0.0,,11.83,16.99,,30,,0,0,
Junkyard Cashmere Sky 4pk 16oz can,Craft,Junkyard Brewing Company,-2,0.0,,12.67,17.99,,30,,0,0,
Junkyard Cosmic Fruit 4pk 16oz can,Craft,,0,0.0,,12.0,16.99,,29,,0,0,
Junkyard 70s Rock Label 4pk 16oz can,Craft,Junkyard Brewing Company,-1,0.0,,11.83,16.99,,30,,0,0,
Junkyard Arcade Summer 4pk 16oz can,Craft,Junkyard Brewing Company,-1,0.0,-32.1,12.0,16.99,,29,,0,1,
Junkyard Art Critic 4pk 16oz can,Craft,Junkyard Brewing Company,0,0.0,,12.0,16.99,,29,,0,0,
Bud Light Seltzer Variety Pack 12pk 12oz can,Seltzer,,21,0.0,,14.06,20.99,17.96,33,,0,0,Minnetonka:5;Cottage Grove:16
Junkyard Gator Juice 4pk 16oz can,Craft,Junkyard Brewing Company,0,0.0,,14.0,20.99,,33,,0,0,
Junkyard Gone Hollywood 4pk 16oz can,Craft,Junkyard Brewing Company,0,0.0,,11.17,15.99,,30,,0,0,
"Junkyard Honey, I Chipped The Kids 4pk 16oz can",Craft,Junkyard Brewing Company,0,0.0,,12.0,16.99,,29,,0,0,
Junkyard Hoot N Holler Lager 4pk 16oz can,Craft,Junkyard Brewing Company,0,0.0,,8.83,12.99,,32,,0,0,
Junkyard Hyper Mega 4pk 16oz can,Craft,Junkyard Brewing Company,0,0.0,,12.0,16.99,,29,,0,0,
Junkyard Ice Auger Lager 4pk 16oz can,Craft,Junkyard Brewing Company,0,0.0,,,10.99,,,,0,0,
Junkyard Falcon King 4pk 16oz can,Craft,Junkyard Brewing Company,0,0.0,,12.0,15.99,,25,,0,0,
Junkyard Gangsta's Paradise 4pk 16oz can,Craft,Junkyard Brewing Company,0,0.0,,14.0,19.99,,30,,0,0,
Fair State Big Doinks Extra Dank IPA 6pk 12oz can,Craft,,-1,0.0,,9.0,12.99,,31,,0,0,
Schell's Static Transmission 375ml,Single Serve,,0,0.0,,5.71,7.99,,29,,0,0,
Schell's Lake Escape 6 Gallon,Keg,Artisan Beer,0,0.0,0.0,75.0,105.99,,29,,0,1,
Bud Light Chelada Fuego 25oz can,Single Serve,"College City Beverage, Inc.",-5,0.0,,2.48,3.99,,38,,0,0,
Bud Light Next 12pk 12oz can,Premium,,1,0.0,,12.57,16.99,,26,,0,0,Andover:1
Invictus Smoked Pineapple Cream Ale 4pk 16oz can,Craft,Invictus Brewing Company,0,0.0,,9.67,13.99,,31,,0,0,
Invictus Vaughn's fastball Honey Blonde Ale 4pk 16oz can,Craft,Invictus Brewing Company,-2,0.0,,11.9,16.99,,30,,0,0,
J. Wakefield Unity 750ml,Single Serve,,1,0.0,,29.17,40.99,,29,,0,0,Andover:1
Haggard Penny Boards 4pk 16oz can,Craft,Haggard Barrel Brewing Company LLC,0,0.0,,10.84,15.99,,32,,0,0,
Labatt Blue 6pk 12oz btl,Import,"Breakthru Beverage Minnesota Beer, LLC",1,0.0,,6.55,10.99,,40,,0,0,Rosemount:1
Labatt Blue Light 12pk 12oz btl,Import,"Breakthru Beverage Minnesota Beer, LLC",4,0.0,,11.9,16.99,,30,,0,0,Roseville:4
Lagunitas Hazicus Maximus Hazy IPA 6pk 12oz can,Craft,"Hohensteins, Inc.",0,0.0,0.0,7.5,12.99,10.96,42,,0,1,
Seagrams Jamaican Me Happiness 12pk 12oz btl,FMB,Bernicks,0,0.0,,11.07,16.99,,35,,0,0,
Seagrams Peach Fuzzy Navel 4pk 12oz btl,FMB,,0,0.0,,3.53,5.99,,41,,0,0,
Shenanigans 4pk 16oz can,Craft,McDonald Distributing Co dba Clear River Beverage,0,0.0,,9.17,10.99,,17,,0,0,
Boulevard Quirk Citrus Mix Pack 12pk 12oz can,Seltzer,"Breakthru Beverage Minnesota Beer, LLC",4,0.0,,14.78,20.99,,30,,0,0,Minnetonka:4
Headflyer Crunch Time Citrus Wheat 4pk 16oz can,Craft,HeadFlyer Brewing,42,0.0,,8.52,12.99,,34,,0,0,Woodbury:6;Rosemount:12;Roseville:12;St. Louis Park:12
Headflyer Eazy-Duz-It 4pk 16oz can,Craft,HeadFlyer Brewing,0,0.0,,11.17,16.99,,34,,0,0,
Headflyer Gold on the Ceiling 4pk 16oz can,Craft,HeadFlyer Brewing,-3,0.0,,9.19,12.99,,29,,0,0,
Hairless Dog N/A Black Ale 6pk 12oz can,Craft,"Breakthru Beverage Minnesota Beer, LLC",2,0.0,,7.95,13.79,11.96,42,,0,0,Cottage Grove:2
Half Acre Daisy Cutter 16 Gallon,Keg,"Breakthru Beverage Minnesota Beer, LLC",0,0.0,,179.0,214.99,,17,,0,0,
Lagunitas Hazy Wonder IPA 12pk 12oz can,Craft,"Hohensteins, Inc.",44,0.0,,11.94,17.49,14.96,32,,0,0,Blaine:44
Haggard Barrel Photo Op 4pk 16oz can,Craft,Haggard Barrel Brewing Company LLC,0,0.0,,10.83,15.99,,32,,0,0,
Haggard Barrel Striped Sweater 4pk 16oz can,Craft,Haggard Barrel Brewing Company LLC,0,0.0,,12.5,17.99,,31,,0,0,
Erdinger Oktoberfest 4pk 17oz can,Import,Dahlheimer Beverage Monticello,0,0.0,,6.92,9.99,,31,,0,0,
Miller High Life Light 6pk 16oz can,Below Premium,,6,0.0,,5.12,7.99,,36,,0,0,Ramsey:6
Miller Lite 8 Gallon,Premium,,0,0.0,,67.12,89.99,,25,,0,0,
Milwaukee's Best Ice 24pk 12oz can,Economy,,-1,0.0,-32.1,12.4,17.99,,31,,0,1,
Elm Creek Simple Fresh American Lager 4pk 16oz can,Craft,Elm Creek Brewing Company,5,0.0,,5.83,9.99,,42,,0,0,Woodbury:5
Elm Creek Super Cell Hazy IPA 4pk 16oz can,Craft,,-5,0.0,,10.67,15.99,,33,,0,0,
Falling Knife Double Freischutz 4pk 16oz can,Craft,,0,0.0,,9.17,12.99,,29,,0,0,
Falling Knife Hidden Temple 4pk 16oz can,Craft,Falling Knife Brewing Company,0,0.0,,11.17,16.99,,34,,0,0,
Broken Clock Farm Aid Fam Hoppy Pilsner 4pk 16oz can,Craft,Broken Clock Brewing Cooperative,1,0.0,,8.83,12.99,,32,,0,0,Minneapolis:1
Broken Clock High Yield Pale Ale 4pk 16oz can,Craft,Broken Clock Brewing Cooperative,2,0.0,,9.83,13.99,,30,,0,0,Roseville:1;Woodbury:1
Shiner Seasonal 6pk 12oz btl,Craft,,4,0.0,,7.45,11.99,,38,,0,0,Blaine:4
Brewing Projekt Gunpowder IPA 12pk 12oz can,Craft,,4,0.0,128.6,17.74,22.99,,23,,0,1,Rosemount:4
Brewing Projekt Ooey Gooey PB&J Sour 4pk 16oz can,Craft,,-1,0.0,,16.0,22.99,,30,,0,0,
"Brewing Projekt Puff Tart XL Strawberry Rhubarb Guava 4pk 16oz can
",Craft,Mega Beer LLC,0,0.0,,16.67,23.99,,31,,0,0,
Brinley Shipwreck Mango Mojito 4pk 12oz can,RTD,,0,0.0,,3.71,21.99,,83,,0,0,
Seagrams Berry Mimosa 4pk 12oz btl,FMB,,2,0.0,,3.85,5.99,,36,,0,0,Blaine:2
Blackstack Pull Tabs 16 Gallon,Keg,Artisan Beer,0,0.0,,199.0,248.99,,20,,0,0,
Breckenridge Seasonal Ale 6pk 12oz btl,Craft,,1,0.0,,7.36,10.99,,33,,0,0,Rosemount:1
BrewDog Mixed Pack 12pk 12oz can,Craft,,0,0.0,,15.81,20.99,,25,,0,0,
Brewery John Martin Bourgogne des Flandres 4pk 12oz btl,Import,Old World Beers,0,0.0,,17.17,24.99,,31,,0,0,
Brewing Project Smoofee 4pk 16oz can,Craft,Modist Brewing Company,-1,0.0,,14.66,20.99,,30,,0,0,
Brewing Projekt Dare Might Things IPA 12pk 12oz can,Craft,,1,0.0,,22.0,27.99,,21,,0,0,Rosemount:1
Brau Brothers 3 Trees IPA 6pk 12oz can,Craft,"Brau Brothers Brewing Company, LLC",6,0.0,,7.75,10.99,,29,,0,0,Rosemount:6
Brau Brothers Bancreagie Scotch Ale 6pk 12oz can,Craft,"Brau Brothers Brewing Company, LLC",-1,0.0,,6.47,9.99,,35,,0,0,
Sierra Nevada Celebration IPA 12pk 12oz btl,Craft,,-1,0.0,,12.8,20.99,17.96,39,,0,0,
Blackstack Strata NEIPA 4pk 16oz can,Craft,HeadFlyer Brewing,-1,0.0,,12.0,16.99,,29,,0,0,
Blackstack TDH Thread Count 4pk 16oz can,Craft,Artisan Beer,0,0.0,,15.31,21.99,,30,,0,0,
Blackstack Take A Hike 4pk 16oz can,Craft,Artisan Beer,0,0.0,,10.0,14.99,,33,,0,0,
Blackstack Tuxedo T-Shirt 4pk 16oz can,Craft,Artisan Beer,1,0.0,,12.3,17.99,,32,,0,0,Roseville:1
Blackstack Uncut Jams 4pk 16oz can,Craft,Artisan Beer,0,0.0,,12.31,26.99,,54,,0,0,
Smirnoff Ice Fun Pack 12pk 12oz can,FMB,,-2,0.0,,12.06,18.99,,36,,0,0,
Smirnoff Ice Red White & Berry 12oz btl,FMB,,-1,0.0,,6.88,,,,,0,0,
Sierra Nevada Cosmic 19.2oz can,Single Serve,,0,0.0,,2.06,3.49,,41,,0,0,
Sierra Nevada Hazy Little Thing 12oz can,Single Serve,,-6,0.0,,1.02,7.99,,87,,0,0,
Sierra Nevada Hazy Little Thing 6 Gallon,Craft,,0,0.0,0.0,90.0,109.99,,18,,0,1,
Sierra Nevada Narwhal 4pk 16oz can,Micro Brews,Dahlheimer Beverage Monticello,0,0.0,,16.66,27.99,,40,,0,0,
Sierra Nevada Pale Ale,Kegs,,-1,0.0,,64.5,76.99,,16,,0,0,
Bruhaven Brunswick Black Lager 4pk 16oz can,Craft,Mega Beer LLC,0,0.0,0.0,9.34,13.99,,33,,0,1,
Bruhaven Prog Rock Hazy 4pk 16oz can,Craft,Mega Beer LLC,1,0.0,,11.83,16.99,,30,,0,0,St. Louis Park:1
Bruhaven Pups Premium Lager 4pk 16oz can,Craft,Mega Beer LLC,0,0.0,,8.5,11.99,,29,,0,0,
Boulevard Tank 7 Farmhouse Ale 6pk 12oz btl,Craft,"Breakthru Beverage Minnesota Beer, LLC",4,0.0,128.6,11.53,16.99,,32,,0,1,Andover:4
Boxer Lager 36pk 12oz can,Economy,Bernicks,-5,0.0,,17.54,23.99,,27,,0,0,
Brasserie Dubuisson Scaldis Tripel 4pk 12oz btl,Import,Old World Beers,0,0.0,,15.83,22.99,,31,,0,0,
Sierra Nevada Specialty 6pk 12oz btl,Craft,,0,0.0,,11.04,19.99,,45,,0,0,
Bolo Sour Hard Seltzer Mixed Pack 12pk 12oz can,Seltzer,Artisan Beer,-14,0.0,-450.0,12.97,17.99,,28,,0,1,
Boom Island Bell Rock 4pk 16oz can,Craft,,1,0.0,,9.64,14.99,,36,,0,0,Ramsey:1
Boom Island Cooler Space 4pk 16oz can,Craft,Boom Island Brewing Co,1,0.0,,9.4,12.99,,28,,0,0,Plymouth:1
Boom Island Punkin Pie 4pk 16oz can,Craft,Boom Island Brewing Co,0,0.0,,9.79,13.99,,30,,0,0,
Estrella Daura IPA,Import,,-1,0.0,,8.5,11.99,,29,,0,0,
Excelsior Big Island Blonde 16 Gallon,Keg,"Capitol Beverage Sales, L.P.",0,0.0,0.0,155.0,190.99,,19,,0,1,
Fair State + The Get Down Coffee Stout 4pk 16oz can,Craft,,-1,0.0,,10.67,14.99,,29,,0,0,
Equilibrium Astral Projection Into Multiple Galaxies 4pk 16oz can,Craft,Mega Beer LLC,1,0.0,,15.72,22.99,,32,,0,0,Chanhassen:1
Equilibrium Axioms of Probability 4pk 16oz can,Craft,Mega Beer LLC,-1,0.0,,15.75,22.99,,31,,0,0,
Equilibrium Miami Berlinervice 375ml,Single Serve,,3,0.0,,9.42,12.99,,27,,0,0,Chanhassen:3
Equilibrium Photon Pale Ale 4pk 16oz can,Craft,Equilibrium,0,0.0,,11.68,16.99,,31,,0,0,
Equilibrium Rho 17oz btl,Craft,,4,0.0,,15.67,21.99,,29,,0,0,Andover:5
Fair State Spirit Foul 4pk 16oz can,Craft,,0,0.0,,12.19,17.49,,30,,0,0,
Miller Genuine Draft,Premium,,-8,0.0,,5.6,8.99,,38,,0,0,
Miller Genuine Draft 24pk 16oz can,Premium,,-2,0.0,,18.56,26.99,,31,,0,0,
Miller High Life,Below Premium,,-2,0.0,,0.21,1.49,,86,,0,0,
Fair State Big Doinks IPA 4pk 16oz can,Craft,,0,0.0,,7.96,10.99,,28,,0,0,
Fair State Fest Bier 6pk 12oz can,Craft,,1,0.0,,8.12,10.99,,26,,0,0,St. Louis Park:1
Fair State Fonio Krush 4pk 16oz can,FMB,"Capitol Beverage Sales, L.P.",0,0.0,,10.67,15.99,,33,,0,0,
Fair State Hoppy Duo Pack 12pk 12oz can,Craft,"Breakthru Beverage Minnesota Beer, LLC",1,0.0,,16.25,22.99,,29,,0,0,St. Louis Park:1
Southern Tier Seasonal 6pk 12oz btl,Craft,"Hohensteins, Inc.",0,0.0,,9.36,12.99,,28,,0,0,
Sociable Cider Werks Variety Pack 8pk 16oz can,Cider,Dahlheimer Beverage Monticello,9,0.0,,13.68,20.99,18.96,35,,0,0,Chanhassen:1;Plymouth:1;Roseville:1;Stillwater:7
Falling Knife Cumulonimbus 4pk 16oz can,Craft,Dahlheimer Beverage Monticello,0,0.0,,13.48,21.99,,39,,0,0,
Fair State IPA 6pk 12oz can,Craft,"Capitol Beverage Sales, L.P.",1,0.0,,9.19,12.99,,29,,0,0,St. Louis Park:1
Fair State Mr Falcon 4pk 16oz can,Craft,,-3,0.0,,12.12,17.99,,33,,0,0,
Fair State Mr Falcon 6pk 12oz can,Craft,"College City Beverage, Inc.",4,0.0,,12.25,12.99,,6,,0,0,St. Louis Park:4
Fair State Pilsner 4pk 16oz can,Craft,,-3,0.0,-96.4,8.58,13.99,,39,,0,1,St. Louis Park:1
Fair State Raspberry Roselle 4pk 12oz can,Craft,,-1,0.0,,10.37,3.5,,-196,,0,0,
Brau Brothers Dirty Blonde Stout 4pk 16oz can,Craft,"Brau Brothers Brewing Company, LLC",3,0.0,,5.33,7.99,,33,,0,0,Rosemount:3
Brau Brothers Moo Joos 6pk 12oz can,Craft,,1,0.0,,7.12,9.99,,29,,0,0,Rosemount:1
Brau Brothers Old 56 Light Lager 6pk 12oz can,Craft,"Brau Brothers Brewing Company, LLC",9,0.0,,5.25,7.99,,34,,0,0,Minneapolis:9
Brau Brothers Sheep Head,Micro Brews,,-3,0.0,,1.02,1.99,,49,,0,0,
Sol Chelada 24oz can,Single Serve,"Breakthru Beverage Minnesota Beer, LLC",0,0.0,,2.24,3.49,,36,,0,0,
Southern Tier 2X Seasonal,Micro Brews,,0,0.0,,8.75,12.99,,33,,0,0,
Southern Tier Caramel Pumking 4pk 12oz btl,Craft,"Hohensteins, Inc.",0,0.0,,11.25,15.99,,30,,0,0,
Southern Tier Rotator #2 4pk 12oz btl,Craft,"Hohensteins, Inc.",-6,0.0,,11.2,15.99,,30,,0,0,
Spindrift Spiked Sparkling Water 18pk 12oz can,FMB,"Breakthru Beverage Minnesota Beer, LLC",0,0.0,,6.0,11.99,,50,,0,0,
Spiral Brewing Hard Left Stout 4pk 16oz can,Craft,,1,0.0,,10.5,10.99,,4,,0,0,Chanhassen:1
Spiral Brewing Hockey Day Haze Tings 4pk 16oz can,Craft,Spiral Brewery,1,0.0,,11.0,15.99,,31,,0,0,Chanhassen:1
BlackStack Free Lunch 4pk 16oz can,Craft,Artisan Beer,0,0.0,,17.68,25.99,,32,,0,0,
BlackStack My Ride's Here IPA 4pk 16oz can,Craft,Artisan Beer,0,0.0,,66.11,17.99,,-267,,0,0,
"BlackStack One Trick Ponies 4pk 16oz can
",Craft,Artisan Beer,-9,0.0,,9.23,13.99,,34,,0,0,
BlackStack Sharper Image 4pk 16oz can,Craft,Artisan Beer,1,0.0,,15.38,21.99,,30,,0,0,Roseville:1
BlackStack Stack at the Labs 4pk 16oz can,Craft,Artisan Beer,0,0.0,,15.38,21.99,,30,,0,0,
Blacklist Variety Pack 12pk 12oz can,Craft,"Breakthru Beverage Minnesota Beer, LLC",9,0.0,289.3,13.3,19.99,,33,,0,1,Woodbury:9
Blackstack Aptitude Test 4pk 16oz can,Craft,"Black Stack Brewing, Inc",-1,0.0,,15.38,21.99,,30,,0,0,
Blackstack Aptly Named 4pk 16oz can,Craft,"Black Stack Brewing, Inc",-1,0.0,,11.33,15.99,,29,,0,0,
Blackstack Art History 4pk 16oz can,Craft,Artisan Beer,0,0.0,,12.02,16.99,,29,,0,0,
Blackstack Booster Club Idaho 7 4pk 16oz can,Craft,,0,0.0,,15.38,21.99,,30,,0,0,
Blackstack Coastal Elite 4pk 16oz can,Craft,Artisan Beer,0,0.0,,10.0,14.99,,33,,0,0,
Blackstack DDH 755 Cashmere 4pk 16oz can,Craft,Artisan Beer,-1,0.0,,12.3,17.99,,32,,0,0,
Spaten Optimator 6pk 12oz btl,Import,"College City Beverage, Inc.",1,0.0,,7.44,11.99,,38,,0,0,Rosemount:1
Blackstack Local Drops 4pk 16oz can,Craft,Artisan Beer,-1,0.0,,12.4,17.99,,31,,0,0,
Blackstack Microdosing Nelson Sauvin 4pk 16oz can,Craft,"Black Stack Brewing, Inc",0,0.0,,12.3,17.99,,32,,0,0,
Blackstack Now Presenting 4pk 16oz can,Craft,Artisan Beer,-6,0.0,,,25.99,,,,0,0,
Blackstack DDH Local 755 HBC 638 4pk 16oz can,Craft,"Black Stack Brewing, Inc",-1,0.0,,12.91,17.99,,28,,0,0,
Blackstack Double 755 4pk 16oz can,Craft,,0,0.0,,15.0,21.99,,32,,0,0,
Blackstack Focus Group Krush 4pk 16oz can,Craft,Artisan Beer,-1,0.0,-32.1,10.0,14.99,,33,,0,1,
Blackstack Fresh 755 4pk 16oz can,Craft,Artisan Beer,0,0.0,,12.3,17.99,,32,,0,0,
Blackstack Honeymoon Phase 4pk 16oz can,Craft,Artisan Beer,1,0.0,,15.38,21.99,,30,,0,0,Woodbury:1
Sol Chelada  4pk 16oz can,Import,"Breakthru Beverage Minnesota Beer, LLC",0,0.0,,4.51,5.99,,25,,0,0,
Sociable Cider Beach Cruiser 4pk 16oz can,Cider,"Breakthru Beverage Minnesota Beer, LLC",2,0.0,,5.85,12.49,9.96,53,,0,0,Cottage Grove:2
Sociable Cider Werks HopAWheel 4pk 16oz can,Cider,"Breakthru Beverage Minnesota Beer, LLC",0,0.0,,8.04,12.49,9.96,36,,0,0,
Blake's El Chavo Cider 6pk 12oz can,Cider,"College City Beverage, Inc.",3,0.0,96.4,8.95,12.99,,31,,0,1,Cottage Grove:3
Blake's Fully Loaded Variety Pack 12pk 12oz can,Cider,"College City Beverage, Inc.",0,0.0,,16.5,22.99,,28,,0,0,
Blackstack Inner Monologue 4pk 16oz can,Craft,Artisan Beer,0,0.0,,15.38,25.99,,41,,0,0,
Blackstack Local 755 16 Gallon,Craft,Artisan Beer,0,0.0,,229.0,289.99,,21,,0,0,
Blackstack Local 755 6 gallon Keg,Craft,"Black Stack Brewing, Inc",4,0.0,128.6,115.0,135.96,,15,,0,1,Chanhassen:4
"Falling Knife All Killer, No Filler 4pk 16oz can",Craft,Falling Knife Brewing Company,0,0.0,,76.04,20.99,,-262,,0,0,
Falling Knife All Nighter Imperial Golden Ale 4pk 16oz can,Craft,Falling Knife Brewing Company,0,0.0,,11.01,17.99,,39,,0,0,
Falling Knife Cosmic Trailblazer 4pk 16oz can,Craft,Falling Knife Brewing Company,0,0.0,,13.33,20.99,,36,,0,0,
Steel Toe Provider 16 Gallon,Craft,,0,0.0,,130.0,149.99,,13,,0,0,
Squoze Tangerine 4pk 12oz can,Seltzer,,0,0.0,,6.17,8.99,,31,,0,0,
Starry Eyed Wee Jimmy 750ml,Single Serve,,0,0.0,,15.0,20.99,,29,,0,0,
Starry Eyed Wee Knobby 750ml,Single Serve,,0,0.0,,15.0,20.99,,29,,0,0,
Holidaily Noche 6pk 12oz btl,Craft,"Breakthru Beverage Minnesota Beer, LLC",1,0.0,32.1,7.06,11.49,9.96,39,,0,1,Andover:1
Firestone Walker Agrestic 12oz btl,Craft,,0,0.0,,9.58,13.99,,32,,0,0,
Mike's Black Cherry Lemonade 6pk 12oz btl,FMB,,4,0.0,,7.56,10.99,,31,,0,0,Vadnais Heights:1;Woodbury:1;Minneapolis:2;Roseville:2;Blaine:3
Mike's Cranberry 24oz can,Single Serve,,-24,0.0,,0.0,,,,,0,0,
Mike's Cranberry Lemonade 6pk 12oz btl,FMB,"Breakthru Beverage Minnesota Beer, LLC",-4,0.0,,7.22,10.99,,34,,0,0,Andover:1
Fat Orange Cat Chonky 4pk 16oz can,Craft,McDonald Distributing Co dba Clear River Beverage,1,0.0,,10.33,14.99,,31,,0,0,Andover:1
Finnegans Irish Ale 12pk 12oz can,Craft,,2,0.0,,16.9,22.99,,26,,0,0,Blaine:2
Fair State Tropical Roselle 4pk 16oz can,Craft,,-1,0.0,,8.33,11.99,,31,,0,0,
Falling Knife 365 Of Incidents 4pk 16oz can,Craft,Falling Knife Brewing Company,0,0.0,,14.33,19.99,,28,,0,0,
Mike's Zero Lemonade 6pk 11oz btl,FMB,Dahlheimer Beverage Monticello,0,0.0,,7.72,10.99,,30,,0,0,
Mikerphone Smells like Bean Spirit 4pk 12oz can,Craft,,5,0.0,,14.58,19.99,,27,,0,0,Chanhassen:5
Mikes Harder Half and half 23oz can,Single Serve,,0,0.0,,2.33,3.49,,33,,0,0,Ramsey:2
Milk & Cider N/A Pomme de Vie 4pk 12oz btl,Craft,Milk & Honey Ciders,0,0.0,,16.5,23.99,,31,,0,0,
Mike's Hard Fantasy Football Variety Pack 12pk 12oz can,FMB,"Breakthru Beverage Minnesota Beer, LLC",7,0.0,,13.85,18.99,,27,,0,0,Minneapolis:7
Mike's Hard Lemonade Limonada Variety 12pk 12oz can,FMB,,3,0.0,,13.32,20.99,17.96,37,,0,0,Minneapolis:2;Ramsey:1
Mike's Harder Variety Pack 8pk 16oz can,FMB,"Breakthru Beverage Minnesota Beer, LLC",11,0.0,,12.08,18.99,15.96,36,,0,0,Cottage Grove:11
Mike's Mango Lemonade 6pk 12oz btl,FMB,"Breakthru Beverage Minnesota Beer, LLC",6,0.0,,7.6,10.99,,31,,0,0,Blaine:1;Ramsey:1;Rosemount:1;Andover:3
Steel Toe Rainmaker 6pk 12oz can,Craft,,0,0.0,0.0,10.88,16.99,,36,,0,1,
Black Stack 755 Bits 4pk 16oz can,Craft,Artisan Beer,4,0.0,,12.3,17.99,,32,,0,0,Rosemount:2;St. Louis Park:2
Black Stack Estate Sale 4pk 12oz can,Micro Brews,Artisan Beer,0,0.0,,15.03,21.99,,32,,0,0,
BlackStack DDH 755: HBC 586 IPA,Micro Brews,,-1,0.0,,12.67,16.99,,25,,0,0,
Steel Toe Dissent Dark Ale 6pk 12oz can,Craft,Steel Toe Brewing,0,0.0,,8.75,12.99,,33,,0,0,
Steel Toe Dunkel 6pk 12oz can,Craft,Steel Toe Brewing,-1,0.0,,8.75,12.99,,33,,0,0,
Steel Toe Finally Hazy IPA 6pk 12oz can,Craft,,0,0.0,,12.5,16.99,,26,,0,0,
Mike's Strawberry Lemonade 6pk 12oz btl,FMB,,19,0.0,,7.6,10.99,,31,,0,0,Blaine:24
Starry Eyed Wee Woody 750ml,Single Serve,,2,0.0,,15.0,20.99,,29,,0,0,Stillwater:2
Stilly Variety Pack #2 6pk 12oz can,RTD,,4,0.0,128.6,11.32,17.49,14.96,35,,0,1,Vadnais Heights:1;Stillwater:4
Stilly Variety Pack 6pk 12oz can,RTD,,8,0.0,,11.5,17.49,14.96,34,Case 1 pricing,0,0,Blaine:13;Rosemount:1;Stillwater:3
Steel Toe Wee Heavy Scotch Ale 6pk 12oz can,Craft,Steel Toe Brewing,0,0.0,,8.75,12.99,,33,,0,0,
"Steel Toe Zesty Bestie Grapefruit Lime Sour 6pk 12oz can
",Craft,Steel Toe Brewing,0,0.0,,12.0,16.99,,29,,0,0,
Stella Artois,Kegs,,-5,0.0,,150.67,193.99,,22,,0,0,
Stiegl Raspberry Radler 4pk 17oz can,Import,"Breakthru Beverage Minnesota Beer, LLC",0,0.0,,7.92,14.99,,47,,0,0,
Blacklist Spruce 4pk 12oz can,Craft,,0,0.0,,10.17,16.99,,40,,0,0,
Jack Daniel's Honey & Lemonade  4pk 12oz can,RTD,Johnson Brothers - St. Paul,-1,0.0,-32.1,10.52,11.49,9.96,8,,0,1,
Invictus Light 4pk 16oz can,Craft,Invictus Brewing Company,1,0.0,,5.33,7.99,,33,,0,0,Blaine:1
Invictus Listening Through Static 4pk 16oz can,Craft,Invictus Brewing Company,1,0.0,,8.83,12.99,,32,,0,0,Blaine:1
Invictus Maple Pecan Brown Ale 4pk 16oz can,Craft,Invictus Brewing Company,1,0.0,,11.33,16.99,,33,,0,0,Blaine:1
Invictus Pearson's Nut Goodie Milk Stout 4pk 16oz,Craft,,0,0.0,,9.67,13.99,,31,,0,0,
Invictus Salted Nut Roll 4pk 16oz can,Craft,Invictus Brewing Company,1,0.0,,9.66,13.99,,31,,0,0,Roseville:1
Starry Eyed Wee Morgy 750ml,Single Serve,,0,0.0,,15.0,20.99,,29,,0,0,
Starry Eyed Wee Walker Black 750ml,Single Serve,,0,0.0,,15.0,20.99,,29,,0,0,
Jack Pine Vengeance 4pk 12oz can,Craft,,0,0.0,,8.49,11.99,,29,,0,0,
Jester King Blueberry Grisette 28oz btl,Single Serve,,2,0.0,,14.83,20.99,,29,,0,0,Chanhassen:2
Jever 6pk 11oz btl,Import,Old World Beers,7,0.0,,9.37,23.99,,61,,0,0,Andover:7
Jim Beam Cocktails Classic Highball 4pk 12oz can,RTD,Southern Glazer's Wine & Spirits of MN,4,0.0,128.6,6.8,12.49,10.96,46,,0,1,Cottage Grove:1;Stillwater:1;Vadnais Heights:2
Jim Beam Cocktails Ginger Highball 4pk 12oz can,RTD,Southern Glazer's Wine & Spirits of MN,1,0.0,,6.8,12.49,10.96,46,,0,0,Minnetonka:1
Jack & Coke Zero 4pk 12oz can,RTD,Johnson Brothers - St. Paul,1,0.0,32.1,8.68,13.99,11.96,38,,0,1,Osseo:1
Jack Daniel's CC Black Jack 6pk 12oz btl,FMB,,0,0.0,,5.13,9.99,,49,,0,0,
Jack Daniel's Country Club Hard Tea Variety Pack 12pk 12oz can,RTD,"Hohensteins, Inc.",0,0.0,,7.5,11.49,9.96,35,,0,0,
Joia Cosmopolitan 4pk 12oz can,RTD,Johnson Brothers - St. Paul,0,0.0,,7.32,12.49,10.96,41,5 cs free on 25 m&m Joia,0,0,
Joia Greyhound 4pk 12oz can,RTD,Johnson Brothers - St. Paul,2,0.0,64.3,7.32,14.99,,51,5 cs free on 25 m&m Joia,0,1,Osseo:2
Joia Sparkling Margarita 4pk 12oz can,RTD,Johnson Brothers - St. Paul,0,0.0,,7.32,12.49,10.96,41,5 cs free on 25 m&m Joia,0,0,
Joia Sparkling Variety Pack 6pk 12oz can,RTD,Johnson Brothers - St. Paul,0,0.0,,10.97,18.99,15.96,42,5 cs free on 25 m&m Joia,0,0,
Jose Cuervo Playa Mar Black Cherry 4pk 12oz can,RTD,Johnson Brothers - St. Paul,4,0.0,128.6,5.89,12.99,,55,,0,1,Ramsey:2;Rosemount:2
Jose Cuervo Playa Mar Grapefruit 4pk 12oz can,RTD,Johnson Brothers - St. Paul,3,0.0,,4.92,12.99,,62,,0,0,Osseo:3
Jose Cuervo Playa Mar Lime 4pk 12oz can,RTD,Johnson Brothers - St. Paul,11,0.0,,6.87,12.99,,47,,0,0,Minnetonka:11
Jack Pine Dead On Dill 4pk 12oz can,Craft,,0,0.0,,9.75,13.99,,30,,0,0,
Founders CBS 4pk 12oz btl,Craft,,2,0.0,,11.17,15.99,,30,,0,0,Minnetonka:2
Founders KBS Caramel 4pk 12oz btl,Craft,"Hohensteins, Inc.",5,0.0,,17.0,24.99,,32,,0,0,Minnetonka:5
Firestone Walker Nec Bones 375ml,Single Serve,Artisan Beer,0,0.0,,7.0,5.99,,-17,,0,0,
Firestone Walker Rad Pack 12pk 12oz can,Craft,,12,0.0,,11.18,17.49,14.96,36,,0,0,Plymouth:3;St. Louis Park:9
Firestone Walker Vintage Trio Pack 3pk 12oz btl,Craft,Artisan Beer,0,0.0,,18.25,26.99,,32,,0,0,
Firestone Walker Violet Underground 12oz btl,Craft,,-1,0.0,,9.58,13.99,,32,,0,0,
Mike's Peach Lemonade 6pk 12oz btl,FMB,"Breakthru Beverage Minnesota Beer, LLC",2,0.0,,7.6,10.99,,31,,0,0,Blaine:3
Big Drop Galatic Extra Dark 6pk 12oz can,Craft,,0,0.0,,8.21,14.99,12.96,45,,0,0,
Mike's Black Cherry Lemonade 12pk 12oz can,FMB,,1,0.0,32.1,14.43,20.99,17.96,31,,0,1,Blaine:1;St. Louis Park:1
Falling Knife Quiet Ride 4pk 16oz can,Craft,Falling Knife Brewing Company,2,0.0,,15.83,15.99,,1,,0,0,Andover:1;Blaine:1
Falling Knife Verbal Tip,Kegs,,2,0.0,,75.0,104.99,,29,,0,0,Chanhassen:2
Falling Knife Verbal Tip 16 Gallon,Craft,Falling Knife Brewing Company,-1,0.0,,190.0,239.99,,21,,0,0,
Falling Knife Verbal Tip 6 Gallon,Craft,,-2,0.0,,75.0,99.99,,25,,0,0,
Falling Knife Videosynthesis 4pk 16oz can,Craft,Falling Knife Brewing Company,0,0.0,,12.67,17.99,,30,,0,0,
Michelob Ultra 6 Gallon,Super Premium,,0,0.0,,52.24,69.99,,25,,0,0,
Mickeys Ice 40oz btl,Single Serve,,-2,0.0,-64.3,2.4,3.99,,40,,0,1,
Blacklist Dark 6pk 12oz can,Craft,Bernicks,0,0.0,,8.96,15.99,,44,,0,0,
Blacklist Harbor Hop 6pk 12oz can,Craft,,0,0.0,,11.31,15.99,,29,,0,0,
Hamm's 6pk 12oz can,Below Premium,,-14,0.0,,2.4,5.99,,60,,0,0,
HammerHeart Hokans Brown Ale 4pk 16oz can,Craft,HammerHeart Brewing Company,0,0.0,,11.0,15.99,,31,,0,0,
Hammerheart Druid Pines 4pk 16oz can,Craft,HammerHeart Brewing Company,1,0.0,,11.0,15.99,,31,,0,0,Roseville:1
"Hammerheart Dunkelwald 4pk 16oz can
",Craft,HammerHeart Brewing Company,0,0.0,,11.0,15.99,,31,,0,0,
Founders Red Sweater 12pk 12oz can,Craft,Dahlheimer Beverage Monticello,0,0.0,,15.0,20.99,,29,,0,0,
Fresca Mixed Tequila Paloma 4pk 12oz can,RTD,"Breakthru Beverage Minnesota Beer, LLC",1,0.0,,7.83,12.99,,40,,0,0,Stillwater:1
Steel Toe Size 11 4pk 12oz can,Craft,,11,0.0,353.6,11.67,16.99,,31,,0,1,St. Louis Park:5;Rosemount:6
Steel Toe Size 4 6 Gallon,Craft,,1,0.0,,78.0,61.99,,-26,,0,0,St. Louis Park:1
Steel Toe Sticker Fight 6pk 12oz can,Craft,,11,0.0,,10.6,14.99,,29,,0,0,Chanhassen:2;St. Louis Park:4;Woodbury:5
Steel Toe Vernal Haze 6pk 12oz can,Craft,Steel Toe Brewing,0,0.0,,12.5,17.99,,31,,0,0,
BlackStack Staying Current 4pk 16oz can,Micro Brews,Artisan Beer,0,0.0,,15.19,21.99,,31,,0,0,
BlackStack Third Wheel 4pk 16oz can,Craft,Artisan Beer,0,0.0,,12.3,17.99,,32,,0,0,
BlackStack Wavy 4pk 16oz can,Craft,Artisan Beer,0,0.0,,12.21,17.99,,32,,0,0,
BlackStack You're Compensating NEIPA 4pk 16oz can,Craft,"Black Stack Brewing, Inc",0,0.0,,12.2,16.99,,28,,0,0,
Gruvi Dry Red 4pk 12oz can,Craft,McDonald Distributing Co dba Clear River Beverage,5,0.0,160.7,14.17,20.99,,33,,0,1,Rosemount:5
Lagunitas Seasonal 6pk 12oz btl,Craft,,-11,0.0,,7.7,10.99,,30,,0,0,Blaine:1
Lake Monster Empty Rowboat IPA 16 gal,Craft,,0,0.0,,149.0,185.99,169.96,20,,0,0,
Green's Gluten Free IPA 4pk 12oz can,Craft,"Breakthru Beverage Minnesota Beer, LLC",2,0.0,,10.72,15.99,,33,,0,0,Chanhassen:2
Summit Oatmeal Stout 12pk 12oz can,Craft,Dahlheimer Beverage Monticello,0,0.0,,13.25,19.99,16.96,34,,0,0,
Summit Triumphant Session IPA 12pk 12oz can,Craft,,7,0.0,,13.2,19.99,16.96,34,,0,0,St. Louis Park:1;Stillwater:2;Woodbury:2;Plymouth:2
Summit Winter 12pk 12oz can,Craft,,-134,0.0,,13.26,19.99,16.96,34,,0,0,Blaine:1;Cottage Grove:1;Andover:7
Bell's Two Hearted Ale  16 Gallon,Craft,,0,0.0,,160.0,199.99,,20,,0,0,
La Dona Dona Fria 4pk 16oz can,Craft,,0,0.0,,6.51,9.99,,35,,0,0,
La Dona Enmolada Mole Stout 4pk 16oz can,Craft,,0,0.0,,6.95,9.99,,30,,0,0,
Gruvi Pale Ale NA 6pk 12oz can,Craft,,6,0.0,192.9,4.37,12.49,10.96,65,,0,1,Chanhassen:2;Cottage Grove:4
Guinness Draught 16 Gallon,Import,,-1,0.0,,170.0,214.99,,21,,0,0,
Guinness Draught 24pk 15oz can,Import,"Breakthru Beverage Minnesota Beer, LLC",-3,0.0,,24.86,49.99,,50,,0,0,
Greenbar Ginger Spritz RTD 4pk 12oz can,RTD,"Grape Beginnings, Inc.",0,0.0,,12.0,19.99,,40,,0,0,
Greenbar Hibiscus Spritz RTD 4pk 12oz can,RTD,"Grape Beginnings, Inc.",0,0.0,,14.37,19.99,,28,,0,0,
Greenbar Rum & Cola RTD 4pk 12oz can,RTD,"Grape Beginnings, Inc.",5,0.0,,14.37,19.99,,28,,0,0,Andover:1;Roseville:4
Michelob Golden Draft 24pk 16oz can,Premium,,-2,0.0,,8.4,30.99,,73,,0,0,
Fulton Brewing Chill City Lager 24pk 12oz can,Craft,"Hohensteins, Inc.",0,0.0,,21.0,26.99,,22,,0,0,
Fulton Chill City Chugger 12pk 12oz can,Craft,Bernicks,0,0.0,,9.24,12.99,,29,,0,0,
Fulton Greatest Hits Mixed Pack 12pk 12oz can,Craft,"Hohensteins, Inc.",0,0.0,,15.0,20.99,17.96,29,,0,0,
Mamitas Paloma 4pk 12oz can,RTD,"Breakthru Beverage Minnesota Beer, LLC",0,0.0,,8.4,14.99,,44,,0,0,
Mamitas Pineapple Hard Seltzer 4pk 12oz can,RTD,,5,0.0,160.7,1.39,3.89,,64,,0,1,St. Louis Park:5
Mamitas Variety Hard Seltzer 8pk 12oz can,RTD,"Breakthru Beverage Minnesota Beer, LLC",0,0.0,,15.6,27.99,,44,,0,0,
Garage Beer 16 Gallon Keg,Below Premium,"Capitol Beverage Sales, L.P.",0,0.0,,50.0,99.0,,49,,0,0,
Big Drop Paradiso IPA 6pk 12oz can,Craft,,2,0.0,,8.56,13.79,11.96,38,,0,0,Woodbury:2
Strohs Light 30pk 12oz can,Economy,,5,0.0,,17.6,22.99,,23,,0,0,Osseo:5
Summit Extra Pale Ale 6pk 12oz btl,Craft,,0,0.0,,7.69,11.99,10.96,36,,0,0,Blaine:4;Cottage Grove:1
Bent Paddle Retro Haze Variety Pack 12pk 12pz can,Craft,Artisan Beer,-8,0.0,,12.8,17.99,,29,,0,0,
Bentbrewstillery Cali Flow 4pk 16oz can,Craft,"Blume Brauhaus, LLC dba Bent Brewstillery",0,0.0,,11.84,16.99,,30,,0,0,
Bent Brewstillery OMG 4pk 16oz can,Craft,"Blume Brauhaus, LLC dba Bent Brewstillery",-2,0.0,,11.83,16.99,,30,,0,0,
Bent Paddle Bent Hop,Kegs,,0,0.0,,118.75,168.99,,30,,0,0,
Bent Paddle Christmas Cookie 6pk 12oz can,Craft,Artisan Beer,5,0.0,,10.0,13.99,,29,,0,0,Chanhassen:5
Lupulin Squizzle Triple Berry 4pk 16oz can,Craft,Lupulin Brewing Company,0,0.0,,14.62,20.99,,30,,0,0,
Lupulin Sticky Puddles 4pk 16oz can,Craft,,0,0.0,,11.5,19.99,,42,,0,0,
Lupulin West Coast Bliss 4pk 16oz can,Craft,Lupulin Brewing Company,0,0.0,,13.08,18.99,,31,,0,0,
Michelob Golden Light,Premium,,-6,0.0,,0.92,1.49,,38,,0,0,
Firestone Walker Champs de Fraises 375ml,Single Serve,Artisan Beer,20,0.0,,9.58,13.99,,32,,0,0,Chanhassen:20
"Firestone Walker Cosmic Crusher Juicy Imperial 6pk 12oz can

",Craft,Artisan Beer,7,0.0,225.0,8.45,11.99,10.96,30,,0,1,Rosemount:7
Firestone Walker Lemonade Rage 19.2oz can,Single Serve,Artisan Beer,0,0.0,,2.13,3.49,,39,,0,0,
Medvedgrad Gri ka Vje Tica Witch of Gri 17oz btl,Import,,-1,0.0,,3.33,4.99,,33,,0,0,
Funk Factory Meerts - Blackberry 750ml,Single Serve,,1,0.0,32.1,8.17,11.99,,32,,0,1,Chanhassen:1
Magners Pear Cider 6pk 12oz btl,Import,"Hohensteins, Inc.",0,0.0,,8.13,14.99,,46,,0,0,
Fulton Hop Kingdom American IPA 12pk 12oz can,Craft,"Hohensteins, Inc.",0,0.0,,14.03,20.99,,33,,0,0,
Fulton Hop Kingdom Juicy 12pk 12oz can,Craft,,0,0.0,,16.38,20.99,,22,,0,0,
Fulton Lonely Blonde 8 Gallon,Craft,,0,0.0,,106.67,120.99,,12,,0,0,
MN Gold Light 6 Gallon,Premium,,0,0.0,,45.0,49.99,,10,,0,0,
MOM WATER KAREN LEMON BLUEBERRY 4pk 12oz can,RTD,,2,0.0,,6.17,13.99,,56,,0,0,Blaine:1;Minnetonka:1
Lupulin Squizzle Snozzberry 4pk 16oz can,Craft,McDonald Distributing Co dba Clear River Beverage,0,0.0,,14.62,20.99,,30,,0,0,
Invictus Green Apple Shine,Craft,,0,0.0,,7.86,10.99,,29,,0,0,
Invictus Hazy Crazy IPAzy 4pk 16oz can,Craft,Invictus Brewing Company,2,0.0,,11.0,15.99,,31,,0,0,Blaine:1;Roseville:1
Hop Butcher Heartfelt 4pk 16oz can,Craft,,0,0.0,,13.0,18.99,,32,,0,0,
Hop Butcher Presto Changeo 4pk 16oz can,Craft,,0,0.0,,13.0,18.99,,32,,0,0,
Hoop Tea Iced Tea Peach 6pk 12 oz can 750ml,Single Serve,,0,0.0,,2.33,10.99,,79,,0,0,
Hoop Tea Original 12pk 12oz can,Seltzer,,0,0.0,,12.35,19.49,16.96,37,,0,0,
Hoop Tea Variety 12pk 12oz can,FMB,,1,0.0,,12.35,19.99,16.96,38,,0,0,Ramsey:1
Hop & Barrel Rotating 6pk 12oz can,Craft,,-11,0.0,,7.9,12.99,,39,,0,0,
Bells Hazy Hearted 16 gal keg,Craft,,-1,0.0,-32.1,,239.99,,,,0,1,
Big Sky Brewery Ivan the Terrible 19.2oz can,Single Serve,"Hohensteins, Inc.",0,0.0,,7.79,10.99,,29,,0,0,
Summit Nialas Ambler N/A 6pk 12oz can,Craft,,-3,0.0,,7.69,12.99,,41,,0,0,St. Louis Park:1
Indeed Day Tripper 6 Gallon,Craft,,0,0.0,0.0,89.6,114.99,,22,,0,1,
Indeed Honey Bun Dark Ale 4pk 16oz can,Craft,,0,0.0,,1.62,13.99,,88,,0,0,
Indeed LSD Honey Ale 4pk 16oz can,Craft,,24,0.0,,1.63,12.99,,87,,0,0,Roseville:25
Hop and Barrel Cookie Lager 6pk 12oz can,Craft,Mega Beer LLC,0,0.0,,8.94,12.99,,31,,0,0,
Hop and Barrel Rotator 4pk 12oz can,Craft,,0,0.0,,7.6,10.99,,31,,0,0,
Barrel Theory War With Reality 4pk 16oz can,Craft,Barrel Theory Beer Company,0,0.0,,12.0,16.99,,29,,0,0,
Barrel Theory thoughts + Feelings Hazy IPA 4pk 16oz can,Craft,Barrel Theory Beer Company,-1,0.0,-32.1,11.66,16.99,,31,,0,1,
BauHaus Nah 6pk 12oz can,Craft,,1,0.0,32.1,9.22,15.99,13.96,42,,0,1,Minnetonka:1
"Bauhaus ""Nah"" Sour 6pk 12oz can",Craft,,0,0.0,,9.15,13.79,11.96,34,,0,0,
Barrel Theory TDH Raindrops Hazy IPA 4pk 16oz can,Craft,Barrel Theory Beer Company,6,0.0,,13.67,18.99,,28,,0,0,Woodbury:6
Barrel Theory Truck Drops 4pk 16oz can,Craft,Barrel Theory Beer Company,1,0.0,,12.0,16.99,,29,,0,0,Roseville:1
Barrel Theory Two Dozen Roses 4pk 16oz can,Craft,Barrel Theory Beer Company,0,0.0,,12.0,16.99,,29,,0,0,
Barrel Theory Ultra Kaiju 4pk 16oz can,Craft,Barrel Theory Beer Company,0,0.0,,10.83,15.99,,32,,0,0,
Bell's Porter 6pk 12oz btl,Craft,"Hohensteins, Inc.",0,0.0,,8.75,12.99,,33,,0,0,
Bell's Rotator 4pk 16oz can,Craft,,0,0.0,,10.67,15.99,,33,,0,0,
Sun Cruiser Vodka Iced Tea Peach 4pk 12oz can,RTD,"Breakthru Beverage Minnesota Beer, LLC",0,0.0,,7.02,11.99,4.98,41,,0,0,Minneapolis:1
Belching Beaver Hazers 6pk 12oz can,Craft,Do Not Use - Clear River Beverage,-4,0.0,,9.75,11.99,,19,,0,0,
Belching Beaver PB Milk Stout 6pk 12oz can,Craft,McDonald Distributing Co dba Clear River Beverage,1,0.0,,10.12,13.99,,28,,0,0,Ramsey:1
Belching Beaver PB Nitro Milk Stout 6pk 12oz btl,Craft,,0,0.0,,8.55,11.99,,29,,0,0,
Bell's Double Cream Stout 6pk 12oz btl,Craft,,0,0.0,,8.97,12.99,,31,,0,0,
Barrel Theory Very Demure Hazy IPA 4pk 16oz can,Craft,Barrel Theory Beer Company,0,0.0,,12.0,16.99,,29,,0,0,
Beatbox LTO America Variety Pack 6pk 500ml,RTD,"College City Beverage, Inc.",0,0.0,,13.4,20.99,17.96,36,,0,0,
Beatbox Peach Punch  500ml,Single Serve,"Capitol Beverage Sales, L.P.",7,0.0,225.0,2.45,4.49,3.96,45,,0,1,Rosemount:7
Sunny D Vodka Seltzer Summer Variety Pack,RTD,Phillips Wine & Spirits - St. Paul,5,0.0,160.7,13.33,23.99,19.96,44,1 on 5 solid Variety 8pk,0,1,Blaine:1;Chanhassen:1;St. Louis Park:3
Superstition Meadery Kiwiously Pearfect 17oz btl,Craft,,4,0.0,,31.67,29.99,,-6,,0,0,Andover:4
Superstition PB & J Mead 750ml,Single Serve,,1,0.0,,32.92,45.99,,28,,0,0,St. Louis Park:1
Superstition White Series 17oz btl,Craft,,64,0.0,,61.25,89.99,,32,,0,0,Chanhassen:64
Surfside Green Tea 4pk 12oz can,Seltzer,"Capitol Beverage Sales, L.P.",2,0.0,,7.5,11.99,9.96,37,,0,0,Vadnais Heights:2
Bell's Expedition Stout 6pk 12oz btl,Craft,,0,0.0,,12.34,16.99,,27,,0,0,
Metronome Creme Brulee Coal Porter 4pk cans,Craft,MetroNOME Brewery,3,0.0,,9.11,13.99,11.96,35,,0,0,Rosemount:1;Blaine:2
Mich Gold Lt,Kegs,,-1,0.0,-32.1,62.61,72.99,,14,,0,1,
Hop Butcher Bughouse Square 4pk 16oz can,Craft,McDonald Distributing Co dba Clear River Beverage,1,0.0,32.1,13.0,18.99,,32,,0,1,Woodbury:1
Hop Butcher Cosmic Fountain 4pk 16oz can,Craft,,0,0.0,,13.0,18.99,,32,,0,0,
Hitachino Yuzu Lager 4pk 12oz can,Craft,Old World Beers,0,0.0,0.0,9.33,21.99,,58,,0,1,
Hofbrauhaus Freising Dunkel 6pk 330ml btl,Import,Old World Beers,-2,0.0,,12.43,18.99,,35,,0,0,
Hofbrauhaus Freising Hefe Weiss 6pk 330ml btl,Import,,-1,0.0,,5.85,17.99,,67,,0,0,
Summit Nialas Variety 12pk 12oz can,Craft,"Capitol Beverage Sales, L.P.",0,0.0,0.0,13.2,19.49,16.46,32,,0,1,
Bauhaus Graor 4pk 16oz can,Craft,Artisan Beer,0,0.0,,10.0,14.99,,33,,0,0,
Bauhaus Many Pack 12pk 12oz can,Micro Brews,Bauhaus Brew Labs,-10,0.0,,5.75,14.99,,62,,0,0,
Bauhaus Nah N/A Hazy Pale Ale 6pk 12oz can,Craft,,-4,0.0,,8.45,14.99,,44,,0,0,
Bauhaus Ope'n House 4pk 16oz can,Craft,Artisan Beer,0,0.0,,9.23,12.99,,29,,0,0,
Bauhaus Schwandtoberfest 6pk 12oz can,Craft,Artisan Beer,0,0.0,,8.3,11.99,,31,,0,0,
BeatBox Blue Razz 3L,RTD,"Capitol Beverage Sales, L.P.",8,0.0,257.1,12.58,20.99,17.96,40,,0,1,Minneapolis:8
Toppling Goliath Brewing Pseudo Sue Pale Ale 6pk 12oz,Single Serve,Artisan Beer,0,0.0,,15.33,9.99,,-53,,0,0,
Toppling Goliath DDH Pseudo Sue 4pk 16oz can,Craft,,0,0.0,,16.62,19.99,,17,,0,0,
Surly One Man Mosh Pit Juicy 12pk 12oz can,Craft,Dahlheimer Beverage Monticello,7,0.0,,13.8,21.99,18.96,37,,0,0,Osseo:2;St. Louis Park:4;Woodbury:10
Surly Raging Furious 4pk 16oz can,Craft,,0,0.0,,13.08,18.99,,31,,0,0,
Surly Winterize Lager 12pk 12oz can,Craft,,4,0.0,,13.4,18.99,15.96,29,,0,0,St. Louis Park:1;Vadnais Heights:3
Surly Mango Axe Man 4pk 16oz can,Craft,,3,0.0,96.4,13.89,20.99,,34,,0,1,Andover:3
Surly Mosh Pit Juicy IPA 4pk 16oz can,Craft,,3,0.0,,7.69,12.99,,41,,0,0,Rosemount:3
Surly Mr. Surly Orange Whip 12pk 12oz can,Craft,Dahlheimer Beverage Monticello,0,0.0,,13.2,20.99,17.96,37,,0,0,
Surly Mr. Surly Orange Whip 6pk 12oz can,Craft,,0,0.0,,8.46,10.99,17.96,23,,0,0,
Surly Nice 4pk 16oz can,Craft,,1,0.0,,6.15,9.99,,38,,0,0,Woodbury:1
Surly Abrasive 4pk 16oz can,Craft,,0,0.0,,12.91,18.99,,32,,0,0,
Surly Darkness 2024 Chocolate Limoncello 16oz can,Single Serve,Dahlheimer Beverage Monticello,2,0.0,,0.52,15.99,,97,,0,0,St. Louis Park:2
Sweet Water Hazy IPA 12pk 12oz can,Craft,,0,0.0,,12.25,18.99,,35,,0,0,
Sweet Water IPA Variety Pack 12pk 12oz can,Craft,,0,0.0,,12.25,18.99,,35,,0,0,
Tanqueray Sevilla Orange Gin & Soda RTD 4pk 12oz can,RTD,Johnson Brothers - St. Paul,4,0.0,,9.56,14.99,12.96,36,Case 1,0,0,Minnetonka:4
"Tap Shack Caribbean lager 6pk 12oz can
",Craft,"Earth Rider Brewing, LLC",1,0.0,,8.75,12.99,,33,,0,0,Roseville:1
Surly One Man Mosh Pit 4pk 16oz can,Craft,Artisan Beer,0,0.0,,9.23,10.99,,16,,0,0,
Surly One Man Mosh Pit Imperial 6pk 12oz can,Craft,,-1,0.0,-32.1,,13.99,,,,0,1,
Barrel Theory Veil Breaker 4pk 16oz can,Craft,Barrel Theory Beer Company,0,0.0,,14.67,20.99,,30,,0,0,
Barrel Theory Velvet Eclipse 4pk 16oz can,Craft,Barrel Theory Beer Company,0,0.0,,10.83,15.99,,32,,0,0,
Surly Darkness 2025 750ml,Single Serve,Dahlheimer Beverage Monticello,1,0.0,,15.0,20.99,,29,,0,0,Andover:1
Surly Double Bladed Axe Man 4pk 16oz can,Craft,,0,0.0,,14.66,20.99,,30,,0,0,
Barrel Theory Silent Horizon 4pk 16oz can,Craft,Barrel Theory Beer Company,0,0.0,,12.0,16.99,,29,,0,0,
Barrel Theory Spectral Vine 4pk 16oz can,Craft,Barrel Theory Beer Company,0,0.0,,12.5,17.99,,31,,0,0,
Barrel Theory Stratasphere 4pk 16oz can,Craft,Barrel Theory Beer Company,0,0.0,,12.0,16.99,,29,,0,0,
Barrel Theory Super Thanks for Asking 4pk 16oz can,Craft,Barrel Theory Beer Company,6,0.0,,15.33,16.99,,10,,0,0,Woodbury:6
Fulton Tiki Drink Premade,Craft,,-4,0.0,,7.5,11.69,,36,,0,0,
Fulton Tropical Blonde 12pk 12oz can,Craft,,0,0.0,,13.5,20.99,17.96,36,,0,0,
Funk Factory Kersbes 20' 750ml,Single Serve,,7,0.0,225.0,22.92,31.99,,28,,0,1,Chanhassen:7
Funk Factory Levrier 750ml,Single Serve,,-2,0.0,,18.54,25.99,,29,,0,0,
Topo Chico Exotic Pineapple 12oz can,Single Serve,,-2,0.0,,,,,,,0,0,
Topo Chico Margarita Hard Seltzer 12pk 12oz can,Seltzer,"Breakthru Beverage Minnesota Beer, LLC",4,0.0,,13.7,20.99,17.96,35,,0,0,Minneapolis:4
The Brewing Projekt Bomb Strawberry Margarita 6pk 12oz can,Seltzer,Mega Beer LLC,0,0.0,,13.0,19.99,,35,,0,0,
The Brewing Projekt RAWR 4pk 16oz can,Craft,Mega Beer LLC,1,0.0,,11.5,16.99,,32,,0,0,Chanhassen:1
Lupulin Fresh Hops 4pk 16oz can,Craft,Lupulin Brewing Company,6,0.0,,4.0,18.99,,79,,0,0,Osseo:6
Luce Line Pipe Dream 4pk 16oz can,Craft,Luce Line Brewing,-6,0.0,,10.53,15.99,,34,,0,0,
Luce Line Silk Cinder Blocks 4pk 16oz can,Craft,Luce Line Brewing,0,0.0,,55.35,16.99,,-226,,0,0,
Luce Line Winter Solstice 2pk 16oz can,Craft,Luce Line Brewing,0,0.0,,8.25,22.99,,64,,0,0,
Luce Line Maibock 4pk 16oz can,Craft,Luce Line Brewing,0,0.0,,8.17,11.99,,32,,0,0,
Luce Line Mom Its My Birthday Hazy Triple IPA 4pk 16oz can,Craft,Luce Line Brewing,0,0.0,,15.46,24.99,,38,,0,0,
Luce Line Money Green Leather Sofa 4pk 16oz can,Craft,Luce Line Brewing,-2,0.0,,11.67,16.99,,31,,0,0,
Fulton Sweet Child of Vine 4pk 16oz can,Craft,"Hohensteins, Inc.",8,0.0,,7.5,10.99,,32,,0,0,Vadnais Heights:1;St. Louis Park:7
Lupulin Resin Rapture 4pk 16oz can,Craft,,0,0.0,,10.9,17.99,,39,,0,0,
Lupulin Sexy Hops 4pk 16oz can,Craft,Lupulin Brewing Company,0,0.0,,74.41,18.99,,-292,,0,0,
Lupulin 8 Count IPA 4pk 16oz can,Craft,,0,0.0,,7.38,16.99,,57,,0,0,
Lupulin Campfire Munchies 4pk 16oz can,Craft,,-1,0.0,,14.44,21.99,,34,,0,0,
Lupulin Cookie Monstrosity 4pk 16oz can,Craft,Lupulin Brewing Company,0,0.0,,16.67,20.99,,21,,0,0,
Lupulin Dopplebock 4pk 16oz can,Craft,,0,0.0,,11.33,18.99,,40,,0,0,
Lupulin Dortmunder 4pk 16oz can,Craft,,0,0.0,,9.46,14.99,,37,,0,0,
Lupulin Double Stuffed Sandwich Cookie 4pk 16oz can,Craft,Lupulin Brewing Company,0,0.0,,9.21,25.99,,65,,0,0,
Toppling Goliath Dino Park DIPA 4pk 16oz can,Craft,,-3,0.0,,14.62,19.99,,27,,0,0,
Toppling Goliath Krush DDH Pseudo Sue 4pk 16oz can,Craft,Artisan Beer,-6,0.0,,13.85,19.99,,31,,0,0,
Three Floyds Splash Pack 8pk 12oz can,Craft,"Capitol Beverage Sales, L.P.",20,0.0,,14.82,23.99,,38,,0,0,Minneapolis:20
Three Floyds Vodka & Soda Variety Pack 8pk 12oz can,Craft,"Capitol Beverage Sales, L.P.",6,0.0,,14.82,23.99,,38,,0,0,Minneapolis:6
Tona Cerveza 6pk 12oz btl,Import,"Hohensteins, Inc.",10,0.0,,8.61,12.99,11.96,34,,0,0,Andover:10
Lupulin Hooey 6 Gallon,Craft,,0,0.0,,94.5,114.99,,18,,0,0,
Lupulin Night Witch Barrel Aged Imperial Stout 16oz can,Single Serve,Lupulin Brewing Company,0,0.0,,5.58,7.99,,30,,0,0,
Lupulin Nimbus 4pk 16oz can,Craft,McDonald Distributing Co dba Clear River Beverage,0,0.0,,13.08,18.99,,31,,0,0,
Toppling Goliath Li'l Strawberry Sour 4pk 16oz can,Craft,Artisan Beer,0,0.0,,18.46,26.99,,32,,0,0,
Toppling Goliath Mosaic Mamba 4pk 16oz can,Craft,Artisan Beer,-60,0.0,,13.42,19.99,,33,,0,0,
Toppling Goliath Psuedo Sue,Kegs,,-1,0.0,-32.1,,141.99,,,,0,1,
Toppling Goliath Psuedo Sue 16 gallon,Keg,Artisan Beer,0,0.0,,225.0,280.99,,20,,0,0,
Barrel Theory Hijack The Night 4pk 16oz can,Craft,Barrel Theory Beer Company,0,0.0,,12.0,16.99,,29,,0,0,
Barrel Theory Hold Me Now 4pk 16oz can,Craft,Barrel Theory Beer Company,0,0.0,,12.0,16.99,,29,,0,0,
Barrel Theory BT Lite 4pk 16oz can,Craft,Barrel Theory Beer Company,0,0.0,,10.83,15.99,,32,,0,0,
Barrel Theory Book It Club 4pk 16oz can,Craft,Barrel Theory Beer Company,0,0.0,,12.0,16.99,,29,,0,0,
Barrel Theory One And The Same 4pk 16oz can,Craft,Barrel Theory Beer Company,-1,0.0,,12.0,16.99,,29,,0,0,
Barrel Theory One Way 2 M.I.A 4pk 16oz can,Craft,Barrel Theory Beer Company,7,0.0,,12.5,17.99,,31,,0,0,Woodbury:7
Barrel Theory Quick Whitted 4pk 16oz can,Craft,Barrel Theory Beer Company,0,0.0,,10.83,15.99,,32,,0,0,
Barrel Theory In Love With A Memory 4pk 16oz can,Craft,Barrel Theory Beer Company,-1,0.0,,12.31,17.99,,32,,0,0,
Barrel Theory It'll Leave You Breathless 4pk 16oz can,Craft,Barrel Theory Beer Company,0,0.0,,16.33,23.99,,32,,0,0,
Barrel Theory Late Night Confessions 4pk 16oz can,Craft,Barrel Theory Beer Company,0,0.0,,12.0,16.99,,29,,0,0,
Barrel Theory Law of Levers 4pk 16oz can,Craft,Barrel Theory Beer Company,0,0.0,,12.0,16.99,,29,,0,0,
Barrel Theory Midnight Fog 4pk 16oz can,Craft,Barrel Theory Beer Company,0,0.0,,12.0,16.99,,29,,0,0,
Barrel Theory Right on 6th Left on 7th 4pk 16oz can,Craft,Barrel Theory Beer Company,0,0.0,,14.67,20.99,,30,,0,0,
Barrel Theory Rude Awakening 4pk 16oz can,Craft,Barrel Theory Beer Company,1,0.0,,12.0,16.99,,29,,0,0,Chanhassen:1
Barrel Theory Rude Awakening DDH Hazy IPA 4pk 16oz can,Craft,Barrel Theory Beer Company,0,0.0,,12.75,17.99,,29,,0,0,
Barrel Theory Rules are Fake 4pk 16oz can,Craft,Barrel Theory Beer Company,0,0.0,,12.0,16.99,,29,,0,0,
Barrel Theory Morphin Time 4pk 16oz can,Craft,Barrel Theory Beer Company,0,0.0,,14.55,20.99,,31,,0,0,
Barrel Theory No Comment 4pk 16oz can,Craft,Barrel Theory Beer Company,0,0.0,,12.0,16.99,,29,,0,0,
Barrel Theory October Rust 4pk 16oz can,Craft,Barrel Theory Beer Company,0,0.0,,10.84,15.99,,32,,0,0,
Barrel Theory Off The Hop Rope 4pk 16oz can,Craft,Barrel Theory Beer Company,0,0.0,,11.91,16.99,,30,,0,0,
The Brewing Projekt Wiggly Smoothie Sour 4pk 16oz can,Micro Brews,The Brewing Projekt,0,0.0,,14.61,21.99,,34,,0,0,
The Finnish Long Drink Zero Sugar Citrus 19.2oz can,Single Serve,Southern Glazer's Wine & Spirits of MN,-11,0.0,,,4.49,,,,0,0,
The Brewing Project GunPowder 4pk 16oz can,Craft,,10,0.0,,9.17,10.99,,17,,0,0,Andover:2;St. Louis Park:8
The Brewing Projekt Bomb Blackberry Raspberry 6pk 12oz can,Seltzer,Mega Beer LLC,0,0.0,,18.38,19.99,,8,,0,0,
The Brewing Projekt Bomb Boom'n Mix Pack 6pk 12oz can,Seltzer,Mega Beer LLC,0,0.0,,12.25,17.99,,32,,0,0,
The Brewing Projekt Bomb Mango Pineapple Guava 6pk 12oz can,Seltzer,Mega Beer LLC,0,0.0,,12.25,17.99,,32,,0,0,
Barrel Theory Recurring Visions 4pk 16oz can,Craft,Barrel Theory Beer Company,1,0.0,,12.0,16.99,,29,,0,0,Woodbury:1
Barrel Theory Resin Tomb 4pk 16oz can,Craft,Barrel Theory Beer Company,0,0.0,,12.0,16.99,,29,,0,0,
Luce Line Guac is Extra 4pk 16oz can,Craft,,0,0.0,,0.0,11.99,,100,,0,0,
Luce Line King Of Cool 4pk 16oz can,Craft,Luce Line Brewing,0,0.0,,12.92,18.99,,32,,0,0,
Luce Line Acclimator Dopplebock 4pk 16oz can,Craft,Lucid Brewing LLC Dba Inbound Brewco,-2,0.0,,,13.99,,,,0,0,
Luce Line Ain�t No Love In The Jungle 4pk 16oz can,Craft,Luce Line Brewing,0,0.0,,11.61,16.99,,32,,0,0,
Luce Line Buddy System Hazy 4pk 16oz can,Craft,Luce Line Brewing,-1,0.0,,12.14,17.99,,33,,0,0,
Luce Line DDH West River Hazy IPA 4pk 16oz can,Craft,Luce Line Brewing,-1,0.0,,12.5,17.99,,31,,0,0,
Luce Line Digital Twin 4pk 16oz can,Craft,Luce Line Brewing,0,0.0,,14.53,19.99,,27,,0,0,
Luce Line Eagle Mountain 4pk 16oz can,Micro Brews,,-1,0.0,,13.56,17.99,,25,,0,0,
Lil Beaver Rye Barrel Lil Bit Of Wonder 4pk 12oz can,Craft,,2,0.0,,19.17,25.99,,26,,0,0,Chanhassen:2
Glutenberg IPA 4pk 16oz can,Craft,,0,0.0,,6.09,12.99,,53,,0,0,
Golden Road Belgium White 12pk 12oz btl,Craft,,0,0.0,,12.4,15.99,,22,,0,0,
Garage Beer Stubbies 6pk 12oz btl,Premium,"Capitol Beverage Sales, L.P.",15,0.0,482.1,7.12,9.99,,29,,0,1,Blaine:15
Garagiste Strawberry Rhubarb Crisp 375ml,Single Serve,,6,0.0,192.9,33.33,46.99,,29,,0,1,Chanhassen:6
Glutenberg Blonde Ale 4pk 16oz can,Craft,,-6,0.0,,8.82,12.99,,32,,0,0,
Luce Line Euro Step German Pilsner 4pk 16oz can,Craft,Luce Line Brewing,3,0.0,96.4,7.5,10.99,,32,,0,1,Andover:3
Luce Line Foggy Batch 100 DDH Hazy IPA 4pk 16oz can,Craft,Luce Line Brewing,0,0.0,0.0,12.47,17.99,,31,,0,1,
Barrel Theory After School Snacks 4pk 16oz can,Craft,Barrel Theory Beer Company,0,0.0,,12.0,16.99,,29,,0,0,
Barrel Theory Anything Is Possible 4pk 16oz can,Craft,Barrel Theory Beer Company,0,0.0,,12.0,16.99,,29,,0,0,
Barrel Theory Authentic Replica 4pk 16oz can,Craft,Barrel Theory Beer Company,0,0.0,,12.0,16.99,,29,,0,0,
Barrel Theory Automatic Stop 4pk 16oz can,Craft,Barrel Theory Beer Company,-1,0.0,-32.1,12.33,17.99,,31,,0,1,
Truly Fruit Punch 6pk 12oz can,Seltzer,"Breakthru Beverage Minnesota Beer, LLC",0,0.0,0.0,6.37,10.99,,42,,0,1,
Truly Spiked Wild Berry 6pk 12oz can,Seltzer,,-8,0.0,,6.94,11.99,,42,,0,0,
Lightstrike Orange Mango 16.oz btl,Single Serve,,0,0.0,,1.73,8.99,2.46,81,,0,0,
Lightstrike Orange Mango 4pk 16oz btl,RTD,"Breakthru Beverage Minnesota Beer, LLC",2,0.0,,6.92,9.99,,31,,0,0,Blaine:1;Roseville:1
Barrel Theory Both Things Can Be True 4pk 16oz can,Craft,Barrel Theory Beer Company,1,0.0,,16.33,23.99,,32,,0,0,Woodbury:1
Barrel Theory Buried By Time 4pk 16oz can,Craft,Barrel Theory Beer Company,1,0.0,,14.67,20.99,,30,,0,0,Woodbury:1
Barrel Theory Celestial Descent 4pk 16oz can,Craft,Barrel Theory Beer Company,0,0.0,,12.0,16.99,,29,,0,0,
Barrel Theory Cloaked In Gucci 4pk 16oz can,Craft,Barrel Theory Beer Company,0,0.0,,12.0,16.99,,29,,0,0,
Barrel Theory Crypto Currency 4pk 16oz can,Craft,Barrel Theory Beer Company,-1,0.0,,14.67,20.99,,30,,0,0,
Barrel Theory DDH Chazz Michael Michaels Crowler Can,Craft,,-1,0.0,,9.5,14.99,,37,,0,0,
Tucher Brau Festbier,Import,,10,0.0,,9.53,10.99,,13,,0,0,Woodbury:10
Bald Man Juice Box Hero 4pk 16oz can,Craft,,-1,0.0,,6.61,13.99,,53,,0,0,
Barrel Theory Hazy Like Sunday Morning  4pk 16oz can,Craft,Barrel Theory Beer Company,-1,0.0,,12.0,15.99,,25,,0,0,
Barrel Theory Heavy Words 4pk 16oz can,Craft,Barrel Theory Beer Company,0,0.0,,12.0,16.99,,29,,0,0,
Tucher Helles Lager,Import,,-3,0.0,-96.4,,3.89,,,,0,1,
Barrel Theory DDH Fan The Flames 4pk 16oz can,Craft,Barrel Theory Beer Company,0,0.0,,12.83,18.99,,32,,0,0,
Barrel Theory DDH Friends Don’t Lie 4pk 16oz can,Craft,Barrel Theory Beer Company,0,0.0,,12.0,16.99,,29,,0,0,
Barrel Theory DDH Full Send 4pk 16oz can,Craft,Barrel Theory Beer Company,0,0.0,,12.22,16.99,,28,,0,0,
Barrel Theory DDH It'll Leave You Breathless 4pk 16oz can,Craft,Barrel Theory Beer Company,0,0.0,,16.67,22.99,,27,,0,0,
Barrel Theory DDH Raindrops 4pk 16oz can,Craft,Barrel Theory Beer Company,12,0.0,,12.83,18.99,,32,,0,0,Woodbury:12
Twisted Tea 16 Gallon,FMB,Dahlheimer Beverage Monticello,-1,0.0,,160.0,199.99,,20,,0,0,
Twisted Tea 6 Gallon,Keg,Dahlheimer Beverage Monticello,1,0.0,32.1,72.0,89.99,,20,,0,1,Ramsey:1
Twisted Tea Light Half & Half 6pk 12oz can,FMB,,-1,0.0,,,10.99,,,,0,0,
Twisted Tea Light Peach 6pk 12oz can,FMB,,-1,0.0,,,10.99,,,,0,0,
Barrel Theory Dusk Drifter 4pk 16oz can,Craft,Barrel Theory Beer Company,0,0.0,,12.0,16.99,,29,,0,0,
Barrel Theory Ecto Drops 4pk 16oz can,Craft,Barrel Theory Beer Company,0,0.0,,12.0,16.99,,29,,0,0,
Barrel Theory End of The Beginning 4pk 16oz can,Craft,Barrel Theory Beer Company,1,0.0,,12.0,16.99,,29,,0,0,Roseville:1
Barrel Theory Fame Is Subjective 4pk 16oz can,Craft,Barrel Theory Beer Company,0,0.0,,12.0,16.99,,29,,0,0,
Transient Artisan AlesF--- Walnut 17oz btl,Craft,,-7,0.0,,15.83,21.99,,28,,0,0,
Twisted Tea Raspberry,Malternatives,,-6,0.0,,,1.99,,,,0,0,
Twisted Tea Rocket Pop 6pk 12oz btl,FMB,"Breakthru Beverage Minnesota Beer, LLC",0,0.0,,25.8,10.99,,-135,,0,0,
Two Chicks Apple Gimlet 4pk 12oz can,RTD,,4,0.0,128.6,10.09,13.79,11.96,27,,0,1,Chanhassen:4
Tyranena Series 12oz btl,Craft,,-4,0.0,,,,,,,0,0,
UV GO Black Cherry 4pk 12oz can,RTD,Phillips Wine & Spirits - St. Paul,1,0.0,,7.85,11.99,,35,,0,0,St. Louis Park:1
UV Go Ruby Red 4pk 12oz can,RTD,Phillips Wine & Spirits - St. Paul,0,0.0,,,11.99,,,,0,0,
Unfiltered Rice Beer Original Makgeolli 4pk 12oz/ D 750ml,Single Serve,,-19,0.0,,10.0,14.99,,33,,0,0,
Luce Line Electric Owl 4pk 16oz can,Craft,Luce Line Brewing,0,0.0,,10.33,15.99,,35,,0,0,
Lupulin Frost Nectar 4pk 16oz can,Craft,McDonald Distributing Co dba Clear River Beverage,0,0.0,,13.08,18.99,,31,,0,0,
Truly Unruly Tropical 24oz can,Single Serve,,-1,0.0,-32.1,2.33,3.49,,33,,0,1,
Truly Wild Berry 6 Gallon,Seltzer,"Breakthru Beverage Minnesota Beer, LLC",0,0.0,,71.0,89.99,,21,,0,0,
Barrel Theory Scarlet Morning 4pk 16oz can,Craft,Barrel Theory Beer Company,0,0.0,,12.0,16.99,,29,,0,0,
Barrel Theory Shooter McGavin 4pk 16oz can,Craft,Barrel Theory Beer Company,0,0.0,,14.29,19.99,,29,,0,0,
Toppling Goliath Seismic Sue 4pk 16oz can,Craft,Artisan Beer,0,0.0,,17.5,25.99,,33,,0,0,
Transient Artisan Ales F--- Gingerbread 17oz btl,Craft,,9,0.0,,15.83,21.99,,28,,0,0,Chanhassen:10
Indeed Cozy Cream Variety 12pk 12oz can,Craft,Dahlheimer Beverage Monticello,0,0.0,,21.84,22.99,19.96,5,,0,0,
Indeed Cream Ale Social Variety Pack  12pk 12oz can,Craft,,5,0.0,,14.55,22.99,19.96,37,,0,0,Andover:2;Rosemount:1;St. Louis Park:2
Indeed Day Tripper 16 Gallon,Keg,"Hohensteins, Inc.",0,0.0,,160.0,199.99,,20,,0,0,
Barrel Theory DDH Shooter Mcgavin 4pk 16oz can,Craft,Barrel Theory Beer Company,0,0.0,,12.83,18.99,,32,,0,0,
Back Channel Twinning 4pk 16oz can,Craft,Back Channel Brewing Co.,3,0.0,,10.0,14.99,,33,,0,0,St. Louis Park:3
Back Channel Zero Czech Dark Lager 4pk 16oz can,Craft,Back Channel Brewing Co.,0,0.0,,8.67,12.99,,33,,0,0,
Bad Weather Anomaly 4pk 12oz can,Craft,,0,0.0,,0.0,10.99,,100,,0,0,
Bad Weather Ominous 6pk 12oz can,Craft,"Hohensteins, Inc.",3,0.0,96.4,9.0,12.99,,31,,0,1,Plymouth:1;Rosemount:2
Insight Fabulonimbus Clouds 4pk 16oz can,Craft,Insight Brewing Company (D),7,0.0,,10.71,16.99,,37,,0,0,St. Louis Park:1;Woodbury:6
Insight Game Night New Zealand IPA 4pk 16oz can,Craft,Insight Brewing Company (D),0,0.0,,11.4,15.99,,29,,0,0,
Indeed Moon Dance 6pk 12oz can,Craft,Dahlheimer Beverage Monticello,0,0.0,,9.0,12.99,,31,,0,0,
Indeed Peaches and Cream 4pk 16oz can,Craft,,-2,0.0,,12.32,12.99,,5,,0,0,
Indeed Strawberry Fields Sour 4pk 16oz can,Craft,"Hohensteins, Inc.",0,0.0,,9.84,13.99,,30,,0,0,
Indeed Tidalwave DIPA 4pk 16oz can,Craft,,2,0.0,,9.75,13.99,,30,,0,0,Chanhassen:2
Indeed Brightside 6pk 12oz can,Craft,,0,0.0,,9.0,11.99,,25,,0,0,
Indeed Coconut Macaroon Cream Ale 4pk 16oz can,Craft,,-1,0.0,,7.74,12.99,,40,,0,0,
Insight Parts and Labor 4pk 16oz can,Craft,,0,0.0,,11.5,16.99,,32,,0,0,
Insight Schickemode Festbier 12pk 12oz can,Craft,Insight Brewing Company (D),0,0.0,,13.84,18.99,,27,,0,0,
Insight Trollway 16 gallon,Craft,Insight Brewing Company (D),2,0.0,64.3,160.0,199.99,,20,,0,1,Rosemount:2
Insight Control Alt Beer 4pk 16oz can,Craft,Insight Brewing Company (D),0,0.0,,11.53,16.99,,32,,0,0,
Insight Copy Paste Pale Ale 4pk 16oz can,Craft,Insight Brewing Company (D),0,0.0,,44.41,15.99,,-178,,0,0,
Insight Dankbot IPA 4pk 16oz can,Craft,,0,0.0,0.0,7.95,13.99,,43,,0,1,
Insight Dial Tone Hazy IPA 4pk 16oz can,Craft,Insight Brewing Company (D),-2,0.0,,11.53,16.99,,32,,0,0,
Insight Dropping Bangers 4pk 16oz can,Craft,Insight Brewing Company (D),0,0.0,,11.53,16.99,,32,,0,0,Woodbury:1
Hubbard's Cave Fresh IIPA One Hop Citra,Micro Brews,,0,0.0,,10.27,13.99,,27,,0,0,
Hubbards Cave French Toast 2pk 16oz can,Craft,,-12,0.0,,11.67,16.99,,31,,0,0,
Humble Forager Coastal Sunshine Mix Pack 6pk 12oz can,Craft,Mega Beer LLC,0,0.0,,17.86,25.99,,31,,0,0,
Insight House Plants 4pk 16oz can,Micro Brews,Insight Brewing Company (D),1,0.0,,11.03,16.99,,35,,0,0,Blaine:1
Insight Ice Cap 4pk 16oz can,Craft,,-1,0.0,,11.53,13.99,,18,,0,0,
Insight In Case of Emergency 4pk 16oz can,Craft,Insight Brewing Company (D),1,0.0,,10.77,15.99,,33,,0,0,Chanhassen:1
Insight Paint Job DDH Dbl IPA 4pk 16oz can,Craft,Insight Brewing Company (D),5,0.0,160.7,12.17,14.99,,19,,0,1,Woodbury:5
Insight Pale Ale 6pk 12oz can,Craft,Insight Brewing Company (D),0,0.0,,9.57,11.99,,20,,0,0,
Urban Growler Noble Knight Old English Ale 4pk 16oz can,Craft,Urban Growler Brewing Company,0,0.0,,10.0,14.99,,33,,0,0,
Urban Growler Pink Lemonade Seltzer 4pk 16oz can,Craft,Urban Growler Brewing Company,0,0.0,,10.0,14.99,,33,,0,0,
Augustiner Brau Lagerbier Helles 6pk 12oz btl,Craft,Old World Beers,1,0.0,,14.75,20.99,,30,,0,0,Cottage Grove:1
Avery Certatio Equestris 12oz btl,Craft,,4,0.0,,9.64,13.99,,31,,0,0,St. Louis Park:4
Urban Growler Berry Sourpuss 4pk 16oz can,Craft,Urban Growler Brewing Company,5,0.0,160.7,10.67,15.99,,33,,0,1,Roseville:5
Urban Growler Bock 4pk 16oz can,Craft,Urban Growler Brewing Company,0,0.0,,10.75,15.99,,33,,0,0,
Urban Growler Glow Cran Apple Sparkler Mocktail 4pk 16oz can,Seltzer,Urban Growler Brewing Company,2,0.0,,8.33,11.99,,30,,0,0,Andover:2
Urban Growler Hard Lemonade Hard Seltzer 4pk 16oz can,Craft,Urban Growler Brewing Company,-4,0.0,,10.84,15.99,,32,,0,0,
Unmapped Base Camp 4pk 16oz can,Craft,"Unmapped Brewing Company, LLC",-1,0.0,,4.2,11.99,,65,,0,0,
Unmapped Brewing No Trace IPA  6pk 12oz can,Craft,,3,0.0,,14.0,12.99,,-8,,0,0,Chanhassen:5
Ayinger Oktober Fest Marzen 4pk 12oz btl,Import,,0,0.0,,8.94,13.99,,36,,0,0,
B&J Strawberry Margarita,Malternatives,,0,0.0,,,4.99,,,,0,0,
Back Channel Back Channel 4pk 16oz can,Craft,Back Channel Brewing Co.,0,0.0,,12.17,17.99,,32,,0,0,
Back Channel Bamm's Wonderwall 4pk 16oz can,Craft,Back Channel Brewing Co.,3,0.0,,7.83,10.99,,29,,0,0,St. Louis Park:3
Urban Growler Maibock 4pk 16oz can,Craft,Urban Growler Brewing Company,6,0.0,,9.67,13.99,,31,,0,0,Andover:6
Urban Growler Mojito Hard Seltzer 4pk 16oz can,Craft,Urban Growler Brewing Company,0,0.0,,10.83,14.99,,28,,0,0,
Back Channel Iron Ranger 4pk 16oz can,Craft,Back Channel Brewing Co.,6,0.0,,6.45,12.99,,50,,0,0,Chanhassen:2;Roseville:4
Back Channel Jug Brown Ale 4pk 16oz can,Craft,Back Channel Brewing Co.,0,0.0,,8.17,10.99,,26,,0,0,
Back Channel Lake Water 4pk 16oz can,Craft,Back Channel Brewing Co.,3,0.0,96.4,8.33,11.99,,31,,0,1,Roseville:3
Back Channel Layered Approach 4pk 16oz can,Craft,Back Channel Brewing Co.,0,0.0,,12.46,17.99,,31,,0,0,
Unibroue La Fin Du Monde 4pk 12oz btl,Import,Artisan Beer,6,0.0,192.9,10.77,14.99,,28,,0,1,Plymouth:6
Unitlted Art Rocket Popsicle Seltzer BLOWOUT,Malternatives,,0,0.0,,,,,,,0,0,
Unmapped Afloat 4pk 16oz can,Craft,"Unmapped Brewing Company, LLC",5,0.0,,10.33,14.99,,31,,0,0,St. Louis Park:5
Unmapped Ashore Hazy IPA 4pk 16oz can,Craft,"Unmapped Brewing Company, LLC",0,0.0,,10.33,14.99,,31,,0,0,
Bad Weather Orange Cream Ale 6pk 12oz can,Craft,"Hohensteins, Inc.",0,0.0,,8.25,11.99,,31,,0,0,
Bad Weather Sweater Weather 4pk 12oz can,Craft,"Hohensteins, Inc.",0,0.0,,8.25,11.99,,31,,0,0,
Back Channel Ninkasi's Hymm 4pk 16oz can,Craft,Back Channel Brewing Co.,0,0.0,,12.5,17.99,,31,,0,0,
Back Channel Reelist Co 4pk 16oz can,Craft,Back Channel Brewing Co.,5,0.0,,12.17,17.99,,32,,0,0,Minnetonka:5
Back Channel Slalom Factory 4pk 16oz can,Craft,Back Channel Brewing Co.,0,0.0,,12.44,17.99,,31,,0,0,
Back Channel Slappy Beer  4pk 16oz can,Craft,,-3,0.0,,13.22,17.99,,27,,0,0,
Unmapped Brewing No Trace IPA 6 Gallon,Keg,"Unmapped Brewing Company, LLC",0,0.0,0.0,89.0,99.99,99.96,11,,0,1,
Back Channel Hop Water 4pk 16oz can,Craft,Back Channel Brewing Co.,3,0.0,96.4,6.33,8.99,,30,,0,1,Roseville:3
Liqs Tequila Cinnamon Orange,RTD,Johnson Brothers - St. Paul,0,0.0,0.0,6.0,8.99,7.96,33,,0,1,Chanhassen:3
Lightstrike Lemon Lime 16.oz btl,Single Serve,,0,0.0,,1.73,8.99,2.46,81,,0,0,
Lightstrike Lemon Lime 4pk 16oz btl,RTD,"Breakthru Beverage Minnesota Beer, LLC",0,0.0,,6.92,9.99,,31,,0,0,
Ursa Minor Pterodactyl Screams Hazy IPA 4pk 16oz can,Craft,Artisan Beer,0,0.0,,12.3,17.99,,32,,0,0,
Utepils Alt 1848 4pk 16oz can,Craft,,-3,0.0,,6.15,14.99,,59,,0,0,
Utepils Dark Lager 4pk 16oz can,Craft,,-1,0.0,,6.1,14.99,,59,,0,0,
Anxo Cidre Blanc 12oz,Cider,"Tradition Wine & Spirits, LLC",24,0.0,,9.0,14.99,12.96,40,,0,0,Blaine:24
Anxo District Kosher 12oz,Cider,"Tradition Wine & Spirits, LLC",-3,0.0,,9.0,15.99,12.96,44,,0,0,
Liqs Whiskey Fireshot,RTD,,0,0.0,0.0,5.25,8.99,7.96,42,,0,1,
Lone River Ranch Water Variety 12pk 12oz can,Seltzer,,-7,0.0,,15.05,20.99,,28,,0,0,
Loon Juice Lemon Squeezy Blackberry Smash 6pk 12oz can,Premium,"College City Beverage, Inc.",-2,0.0,,7.12,10.99,,35,,0,0,
Lindemans Strawberry Lambic 750ml,Single Serve,"Breakthru Beverage Minnesota Beer, LLC",1,0.0,32.1,8.99,13.99,,36,,0,1,St. Louis Park:3
Line Line Glacial Lakes Rye Pale Ale 4pk 16oz can,Craft,Luce Line Brewing,-27,0.0,,10.0,14.99,,33,,0,0,
Lipton Hard Iced Tea Lemonade 12pk 12oz can,FMB,"Breakthru Beverage Minnesota Beer, LLC",-2,0.0,-64.3,14.62,11.97,,-22,,0,1,
Lipton Hard Iced Tea Variety 12pk 12oz can,FMB,"Breakthru Beverage Minnesota Beer, LLC",7,0.0,225.0,12.78,17.99,,29,,0,1,Cottage Grove:2;Ramsey:5
Lipton Hard Tea Lemon 24oz can,Single Serve,Bernicks,1,0.0,,2.2,3.99,,45,,0,0,St. Louis Park:1
Grain Belt Premium 16 Gallon,Premium,Dahlheimer Beverage Monticello,0,0.0,,103.75,139.99,,26,,0,0,
Grain Belt Premium 8 Gallon,Premium,,0,0.0,,65.5,79.99,,18,,0,0,
Lift Bridge Seltzer The Bomb 12pk 12oz can,Seltzer,,-1,0.0,,12.44,19.99,18.96,38,,0,0,
Goose Island 312 Wheat 15pk 12oz can,Craft,,-1,0.0,,13.81,21.99,,37,,0,0,Andover:2
Loon Juice Lemon Squeezy Watermelon Punch 6pk 12oz can,Premium,"College City Beverage, Inc.",1,0.0,,7.13,10.99,,35,,0,0,Cottage Grove:1
Loon Juice Mango Grapefruit 6pk 12oz can,Cider,,0,0.0,,8.53,14.99,12.96,43,,0,0,
Luce Line 70's Fog Label 4pk 16oz can,Craft,Luce Line Brewing,1,0.0,32.1,12.83,18.99,,32,,0,1,Roseville:1
Liqs Vodka Lemon Drop,RTD,,0,0.0,,6.0,8.99,7.96,33,,0,0,
Unmapped Fool's Hen 4pk 16oz can,Craft,"Unmapped Brewing Company, LLC",3,0.0,,10.33,13.99,,26,,0,0,Chanhassen:3
Unmapped Rendezvous 4pk 16oz can,Craft,"Unmapped Brewing Company, LLC",3,0.0,,9.67,13.99,,31,,0,0,Chanhassen:3
Unmapped Tron 4pk 16oz can,Craft,,-1,0.0,,,13.99,,,,0,0,
Untitled Art Florida Seltzer Variety #2 12pk 12oz can,Seltzer,,0,0.0,,21.39,31.99,,33,,0,0,
Green's Gluten Free Discovery Amber Ale 4pk 12oz can,Craft,"Breakthru Beverage Minnesota Beer, LLC",0,0.0,,10.72,15.99,,33,,0,0,
Leinenkugel's Honey Weiss 16 Gallon,Craft,,0,0.0,0.0,162.4,209.99,,23,,0,1,
Hacker Pschorr Weissbier 6pk 11oz btl,Import,"Hohensteins, Inc.",4,0.0,,9.75,12.99,,25,,0,0,Rosemount:4
Grain Belt Nordeast 8 Gallon,Premium,,0,0.0,0.0,67.38,84.99,,21,,0,1,
Happy Dad Hard Tea Half & Half 24oz can,Single Serve,,0,0.0,,2.23,0.99,,-125,,0,0,
Happy Dad Hard Tea Peach 24oz can,Single Serve,,0,0.0,,2.23,0.99,,-125,,0,0,
Leinenkugel's Seasonal 4pk 16oz can,Craft,,11,0.0,,1.0,2.49,1.96,60,,0,0,Minneapolis:11
Lift Bridge Dirty Shirley 4pk 12oz can,RTD,"Capitol Beverage Sales, L.P.",-1,0.0,,1.67,6.49,5.86,74,,0,0,
Leinenkugel's Honey Weiss 6 Gallon,Craft,Dahlheimer Beverage Monticello,-1,0.0,,72.57,99.99,,27,,0,0,
Leinenkugel's Juicy Peach 12pk 12oz can,Craft,,16,0.0,,13.09,19.99,15.96,34,,0,0,Osseo:4;Cottage Grove:2;Vadnais Heights:4;Roseville:6
Leinenkugel's Lakeside Cherry 12pk 12oz can,Craft,,6,0.0,,13.2,19.99,15.96,34,,0,0,Vadnais Heights:6
Leinenkugel's Orange Shandy 12pk 12oz can,Craft,Bernicks,79,0.0,,12.7,19.99,15.96,36,,0,0,Andover:79
Goose Island Big Hazy Pineapple Beer Hug 19.2oz can,Single Serve,"College City Beverage, Inc.",2,0.0,,2.19,4.99,,56,,0,0,Minneapolis:1;Vadnais Heights:1
Goose Island Big Juicy Beer Hug 6pk 12oz can,Craft,"College City Beverage, Inc.",3,0.0,,8.69,12.99,,33,,0,0,Cottage Grove:3
Goose Island Bourbon County 25' Chocolate Praline Stout 16.9oz btl,Single Serve,"Capitol Beverage Sales, L.P.",-1,0.0,-32.1,17.5,23.99,,27,,0,1,
Goose Island Bourbon County 25' Double Barrel Stout 16.9oz btl,Single Serve,"Capitol Beverage Sales, L.P.",0,0.0,,20.2,37.99,,47,,0,0,
Goose Island Bourbon County 25' Reserve Stout 16.9oz btl,Single Serve,"Capitol Beverage Sales, L.P.",0,0.0,,28.33,37.99,,25,,0,0,
Goose Island Bourbon County Stout 17oz btl,Craft,,2,0.0,,,14.99,,,,0,0,Minneapolis:2
Lift Bridge Hop Dish 6pk 12oz can,Craft,,0,0.0,,8.02,12.99,,38,,0,0,
Lift Bridge Hop Dish IPA 12pk 12oz can,Craft,,0,0.0,,15.82,22.99,18.96,31,,0,0,
Urban Growler Urban Haze Hazey IPA 4pk 16oz can,Craft,Urban Growler Brewing Company,2,0.0,,9.17,15.99,,43,,0,0,Roseville:1;St. Louis Park:2
Urban Growler Urban Haze Vol 5 4pk 16oz can,Craft,,-1,0.0,,11.5,16.99,,32,,0,0,
Back Channel Birdwing ,Micro Brews,,-1,0.0,,10.83,12.99,,17,,0,0,
Back Channel Brew Stache Strong 4pk 16oz can,Craft,,2,0.0,64.3,13.33,17.99,,26,,0,1,Woodbury:3
Back Channel Fog Sipper 4pk 16oz can,Craft,Back Channel Brewing Co.,2,0.0,,12.17,17.99,,32,,0,0,Minnetonka:2
Back Channel From The Soo 4pk 16oz can,Craft,Back Channel Brewing Co.,0,0.0,,12.5,17.99,,31,,0,0,
Venn Cosmosis Tropical Clusterfruit Sour 4pk 16oz can,Craft,Venn Brewing Co.,0,0.0,,13.58,19.99,,32,,0,0,
Venn Cranberry Nectar 4pk 16oz can,Craft,Venn Brewing Co.,8,0.0,,13.17,18.99,,31,,0,0,Woodbury:8
Anxo Transcontinental 12oz,Cider,"Tradition Wine & Spirits, LLC",0,0.0,,9.0,3.49,2.86,-158,,0,0,
Arbeiter Acid Factory Blackberry Lemon Sour 4pk 16oz can,Craft,"Arbeiter Brewing Company, LLC",0,0.0,,10.0,14.99,,33,,0,0,
Ursa Minor Drunk Gandalf 4pk 16oz can,Craft,Dahlheimer Beverage Monticello,-18,0.0,,58.42,17.99,,-225,,0,0,
Ursa Minor Dubbledore's Dilemma 4pk 16oz can,Craft,Artisan Beer,0,0.0,,10.75,15.99,,33,,0,0,
Ursa Minor Galatic Face Slap 6 Gallon,Keg,Dahlheimer Beverage Monticello,0,0.0,,85.0,106.99,,21,,0,0,
Urban Growler Sourpuss Sour Ale 4pk 16oz can,Craft,,14,0.0,,11.17,14.99,,25,,0,0,Plymouth:1;St. Louis Park:1;Rosemount:12
Urban Growler Tornado Drill IPA 4pk 16oz can,Craft,,3,0.0,,10.75,14.99,,28,,0,0,St. Louis Park:3
Urban Growler Urban Glow Autumn Mule 4pk 16oz can,Craft,Urban Growler Brewing Company,0,0.0,,8.33,11.99,,30,,0,0,
Vosa Pink Lemonade 8pk 12oz can,Seltzer,"Breakthru Beverage Minnesota Beer, LLC",0,0.0,,4.0,6.99,5.96,43,,0,0,
Wabasha High Bridge New England IPA 4pk 16oz can,Craft,Realbighuge LLC dba Wabasha Brewing Company,0,0.0,,10.83,15.99,,32,,0,0,
Waconia Brewing Chocolate Peanut Butter Porter 4pk 16oz can,Craft,,3,0.0,,8.79,5.5,,-60,,0,0,Blaine:3
Wandering Leaf Creeping Lotus 4pk 16oz can,Craft,Wandering Leaf,0,0.0,,14.0,19.99,,30,,0,0,
Vikre Frenchie Cocktail 4pk 12oz can,RTD,Phillips Wine & Spirits - St. Paul,3,0.0,,12.68,22.49,18.96,44,Case 1,0,0,St. Louis Park:3
Vikre Velo 4pk 12oz can,RTD,Phillips Wine & Spirits - St. Paul,-2,0.0,-64.3,12.68,18.99,,33,Case 1,0,1,
Vizzy Blueberry Pomegrante 24oz can,Single Serve,"Breakthru Beverage Minnesota Beer, LLC",0,0.0,,1.72,4.49,,62,,0,0,
Vizzy Hard Seltzer Pride Pack 12pk 12oz can,Seltzer,,0,0.0,,6.68,17.99,17.96,63,,0,0,
Alter Ego Dark Royal 16oz can,Single Serve,"Bourget Imports, LLC",4,0.0,,2.38,6.99,,66,,0,0,St. Louis Park:4
Alter Ego The Brute 16oz can,Single Serve,"Bourget Imports, LLC",0,0.0,,2.33,6.99,,67,,0,0,
Amstel Light 12pk 12oz can,Import,"Breakthru Beverage Minnesota Beer, LLC",1,0.0,32.1,12.8,19.99,,36,,0,1,Cottage Grove:1
And My Axe! Hazy IPA 4pk 16oz can,Craft,Junkyard Brewing Company,0,0.0,,12.0,16.99,,29,,0,0,
Angry Chair Bigger Debbrah 750ml,Single Serve,,0,0.0,,15.83,23.99,,34,,0,0,
Angry Inch Brewing Dadd's Honey Pot 4pk 16oz can,Craft,Angry Inch Brewing,0,0.0,,12.0,17.99,,33,,0,0,
Alesmith .394 Pale Ale 6pk 16oz can,Craft,,-1,0.0,,9.57,13.99,,32,,0,0,
Alesmith Speedway Stout Grand Prix VP 4pk 16oz can,Craft,McDonald Distributing Co dba Clear River Beverage,0,0.0,,12.5,17.88,,30,,0,0,
Utepils Springbok Heller Bock 4pk 16oz can,Craft,"Breakthru Beverage Minnesota Beer, LLC",-1,0.0,,6.64,14.99,,56,,0,0,
Utepils Winter Variety 12pk 12oz can,Craft,"Breakthru Beverage Minnesota Beer, LLC",20,0.0,,14.3,19.99,16.96,28,,0,0,Cottage Grove:5;Chanhassen:15
Venn Brewing Fer Fecks Sake Irish Red Lager 4pk 16oz can,Craft,Venn Brewing Co.,2,0.0,,7.5,11.99,,37,,0,0,St. Louis Park:2
Arnold Palmer Spiked,Micro Brews,,-1,0.0,,,2.49,,,,0,0,
Aspall Dry Cider 17oz btl,Cider,Discontinued,5,0.0,160.7,,6.99,,,,0,1,Andover:5
Utepils Keller Pils 4pk 16oz can,Craft,,-1,0.0,,9.36,14.99,,38,,0,0,
Arbeiter Arby Lime 4pk 16oz can,Craft,"Arbeiter Brewing Company, LLC",0,0.0,,10.0,14.99,,33,,0,0,
Arbeiter Your Opacity 4pk 16oz can,Craft,"Arbeiter Brewing Company, LLC",0,0.0,,10.0,14.99,,33,,0,0,
Gray Duck Quack Pack 12pk 12oz can,Seltzer,Artisan Beer,-1,0.0,,13.6,20.99,17.96,35,,0,0,
Great Lakes Christmas Ale 12pk 12oz can,Craft,Bernicks,0,0.0,,18.0,24.99,,28,,0,0,
Great Lakes Dortmunder 6pk 12oz can,Craft,"Hohensteins, Inc.",1,0.0,,7.5,10.99,,32,,0,0,Rosemount:1
Great Lakes Independence Double IPA 6pk 12oz can,Craft,"Hohensteins, Inc.",4,0.0,,9.8,13.99,,30,,0,0,Roseville:4
Venn Double Down 4pk 16oz can,Craft,Venn Brewing Co.,0,0.0,,11.72,16.99,,31,,0,0,
Venn Fresh Hop Northodox 4pk 16oz can,Craft,Venn Brewing Co.,0,0.0,,10.36,16.99,,39,,0,0,
Victory Sour Monkey 6pk 12oz btl,Craft,"Hohensteins, Inc.",2,0.0,,9.75,13.99,,30,,0,0,Rosemount:2
Utepils Skolsch 6 Gallon,Craft,,-1,0.0,,89.0,104.99,,15,,0,0,
Humble Forager Sugar Shack Diaries 4pk 16oz can,Craft,Mega Beer LLC,0,0.0,,15.48,21.99,,30,,0,0,
Humble Forager: Humble Bumble 4pk 16oz can,Craft,Pequod Distribution,-6,0.0,,12.67,18.99,,33,,0,0,
56 Brewing Dual Wielding 4pk 16oz can,Craft,56 Brewing,0,0.0,,10.33,14.99,,31,,0,0,
56 Brewing Fuzzi lil' Pucker Peach 4pk 16oz can,Craft,56 Brewing,0,0.0,,8.83,12.99,,32,,0,0,
56 Brewing Honest to Goodness 4pk 16oz can,Craft,56 Brewing,9,0.0,,8.83,12.99,,32,,0,0,Osseo:9
21st Amendment Variety Pack 12pk 12oz can,Craft,"Hohensteins, Inc.",0,0.0,,13.91,17.99,,23,,0,0,
Zywiec 6pk 12oz btl,Import,,1,0.0,32.1,9.5,13.99,,32,,0,1,Cottage Grove:1
Hoplark Really Really Hoppy 6pk 12oz can,Craft,,2,0.0,64.3,8.0,10.99,10.96,27,,0,1,Andover:2
Inbound The Fuzz 4pk 16oz can,Craft,,0,0.0,0.0,6.61,12.99,,49,,0,1,
Inbound Bubbles are my Side Hustle 4pk 16oz can,Craft,Lucid Brewing LLC Dba Inbound Brewco,0,0.0,,6.88,11.99,,43,,0,0,
Inbound California Burrito 4pk 16oz can,Craft,,3,0.0,,6.83,10.99,,38,,0,0,Woodbury:3
Inbound Contains Nuts 4pk 16oz can,Craft,,13,0.0,417.9,7.28,10.99,,34,,0,1,St. Louis Park:1;Cottage Grove:6;Rosemount:6
Inbound Dorcha Stout 4pk 16oz can,Craft,,-6,0.0,,7.5,10.99,,32,,0,0,
Inbound Handbook for the Recently Deceased 4pk 16oz can,Craft,Lucid Brewing LLC Dba Inbound Brewco,0,0.0,,8.89,12.99,,32,,0,0,
Inbound I Dig on Juice 4pk 16oz can,Craft,Lucid Brewing LLC Dba Inbound Brewco,0,0.0,,9.0,12.99,,31,,0,0,
Humble Forager Forest Wanderer 4pk 16oz can,Craft,Mega Beer LLC,0,0.0,,13.33,18.99,,30,,0,0,
War Pigs Foggy Geezer 6 Gallon Keg,Craft,,1,0.0,32.1,83.0,139.99,,41,,0,1,Rosemount:1
Angry Inch Brewing Never Ending Hazy IPA 4pk 16oz can,Craft,Angry Inch Brewing,0,0.0,,12.0,17.99,,33,,0,0,
Angry Inch Brewing White Rabbit Vanilla Porter 4pk 16oz can,Craft,Angry Inch Brewing,0,0.0,,12.0,17.99,,33,,0,0,
Angry Orchard Crisp Apple 24oz can,Single Serve,,0,0.0,,2.19,3.99,,45,,0,0,
Angry Orchard Crisp Apple 6 Gallon,Cider,"Breakthru Beverage Minnesota Beer, LLC",-1,0.0,,68.2,89.99,,24,,0,0,
Ace High Imperial Apple Cider 6pk 12oz can,Cider,"Hohensteins, Inc.",0,0.0,,9.53,13.99,,32,,0,0,
Inbound Passion of the Kiwi 4pk 16oz can,Craft,Lucid Brewing LLC Dba Inbound Brewco,0,0.0,,8.1,12.99,,38,,0,0,
Inbound Samuin Harvest Pumpkin Ale 4pk 16oz can,Craft,Lucid Brewing LLC Dba Inbound Brewco,0,0.0,,8.33,12.99,,36,,0,0,
Goose Island Bourbon Cty 2024 Vanilla 17oz btl,Craft,"Capitol Beverage Sales, L.P.",0,0.0,,15.83,26.99,,41,,0,0,
Goose Island Neon Beer Hug 6pk 12oz can,Craft,,1,0.0,,8.75,12.99,,33,,0,0,St. Louis Park:1
Goose Island Stout 4pk 10oz btl,Bombers,"Capitol Beverage Sales, L.P.",2,0.0,,20.0,26.99,,26,,0,0,Andover:1;Minnetonka:2
Goose Island Tropical Beer Hug 6pk 12oz can,Craft,,1,0.0,,8.75,12.99,,33,,0,0,St. Louis Park:1
Wandering Leaf Queen of Tubs 4pk 16oz can,Craft,Wandering Leaf,4,0.0,128.6,9.17,12.99,,29,,0,1,Roseville:4
Wandering Leaf Temporary Solution 4pk 16oz can,Craft,Wandering Leaf,0,0.0,0.0,12.0,16.99,,29,,0,1,
Wandering Leaf That's My Jam 4pk 16oz can,Craft,Wandering Leaf,0,0.0,,11.33,15.99,,29,,0,0,
War Pigs Blinding Light Show 6pk 12oz can,Craft,,0,0.0,,9.0,12.99,,31,,0,0,
Natural Light Naturdays 12pk 12oz can,Below Premium,,0,0.0,0.0,9.43,12.99,,27,,0,1,
Natural Light Naturdays 24pk 12oz can,Below Premium,,0,0.0,,17.91,21.99,,19,,0,0,
New Amsterdam Wildcard Hard Lemonade 4pk 12oz can,RTD,Johnson Brothers - St. Paul,6,0.0,,7.64,14.99,,49,,0,0,Andover:6
New Amsterdam Wildcard Hard Punch 4pk 12oz can,RTD,Johnson Brothers - St. Paul,0,0.0,,7.76,14.99,,48,,0,0,
New Amsterdam Wildcard Hard Tea 4pk 12oz can,RTD,Johnson Brothers - St. Paul,0,0.0,,7.69,14.99,,49,,0,0,
Downeast Guava Passionfruit 6 Gallon,Keg,Dahlheimer Beverage Monticello,0,0.0,,90.0,112.99,,20,,0,0,
Downeast Original Blend Cider 4pk 12oz can,Cider,,-4,0.0,,7.44,13.99,11.96,47,,0,0,Rosemount:1;St. Louis Park:1;Vadnais Heights:1
Downeast Overboard 4pk 12oz can,Cider,"Breakthru Beverage Minnesota Beer, LLC",-2,0.0,,8.14,13.99,11.96,42,,0,0,
56 Brewing Pride Is For Session IPA 4pk 16oz can,Craft,,0,0.0,,7.8,12.99,,40,,0,0,
56 Brewing Smoke on The Lager Rauchbier 4pk 16oz can,Craft,56 Brewing,0,0.0,,9.67,13.99,,31,,0,0,
56 Brewing Sultana Drop IPA 4pk 16oz can,Craft,Mega Beer LLC,0,0.0,,10.72,15.99,,33,,0,0,
56 Brewing Summer Haze Hazy IPA 4pk 16oz can,Craft,56 Brewing,-1,0.0,,8.83,12.99,,32,,0,0,
56 Brewing UFO 4pk 16oz can,Craft,,1,0.0,,13.34,19.99,,33,,0,0,Andover:1
Deschutes The Abyss BA Imperial Stout 4pk 12oz btl,Craft,,0,0.0,,14.56,19.99,,27,,0,0,
Destihl Dill Pickle Sour  4pk 12oz can,Craft,Artisan Beer,0,0.0,,7.68,10.99,,30,,0,0,
Naked Life Negroni N/A�4pk 8.4oz can,RTD,"Breakthru Beverage Minnesota Beer, LLC",0,0.0,,36.49,8.99,,-306,,0,0,
2 Towns Prickly Pearadise 6pk 12oz can,Cider,2 Towns,0,0.0,,8.36,12.99,,36,,0,0,
White Claw Vodka Soda Peach 4pk 12oz can,RTD,,8,0.0,257.1,7.62,14.99,12.96,49,,0,1,Osseo:9
White Claw Vodka Soda Variety 8pk 12oz can,RTD,,60,0.0,,15.75,23.99,19.96,34,,0,0,St. Louis Park:61
White Claw Vodka Soda Watermelon 4pk 12oz can,RTD,,6,0.0,192.9,8.26,14.99,12.96,45,,0,1,Ramsey:1;Osseo:5
White Claw Vodka Soda Wild Cherry 4pk 12oz can,RTD,,-1,0.0,,8.25,14.99,12.96,45,,0,0,
White Claw Watermelon 12pk 12oz can,Seltzer,,0,0.0,,12.8,18.99,15.96,33,,0,0,
White Claw Watermelon 6pk 12oz can,Seltzer,,1,0.0,,7.25,12.99,10.96,44,,0,0,Rosemount:1
Wild Mind Ales Swing Oil Pilsner 4PK 16OZ can,Craft,Pequod Distribution,1,0.0,32.1,11.0,15.99,,31,,0,1,Cottage Grove:1
Hoplark Sour 6pk 12oz can,Craft,McDonald Distributing Co dba Clear River Beverage,0,0.0,,5.0,10.99,,55,,0,0,
Hornitos Tequila Seltzer Mango 4pk 12oz can,RTD,Southern Glazer's Wine & Spirits of MN,0,0.0,,7.63,11.49,9.96,34,,0,0,
Wandering Leaf Pils are Good 4pk 16oz can,Craft,Wandering Leaf,0,0.0,0.0,9.17,12.99,,29,,0,1,
Wild State Cherry Bourbon Cider 4pk 12oz can,Cider,Artisan Beer,0,0.0,,12.86,18.99,,32,,0,0,
Wild State Cider Juicy Mango 4pk 12oz can,Cider,"Capitol Beverage Sales, L.P.",0,0.0,,8.46,12.99,,35,,0,0,
Wild State Cider Raspberry Hibiscus 4pk 12oz can,Cider,Artisan Beer,0,0.0,,8.72,12.99,,33,,0,0,
*STELLA ARTOIS,,,-1,0.0,,,25.99,,,,0,0,
*MAGIC HAT IPA PLAYLIST VARIETY,,,-1,0.0,,,18.99,,,,0,0,
