Store,Supplier,Item,Product Code,Store OH,WOS,Order Cases,Order Units,Unit Cost,Order $
Andover,Artisan Beer,Blackstack Security Blanket IIPA,850000317390,-1,-4.3,1,6,15.38,92.0
Andover,Artisan Beer,Bent Paddle Black Ale 6pk 12oz can,858106004039,0,0.0,1,4,9.23,37.0
Andover,Artisan Beer,Blackstack We Already Ate 4pk 16oz can,850000321618,0,0.0,1,6,15.38,92.0
Andover,Artisan Beer,Half Acre Rotator 4pk 16oz can,850438002509,0,0.0,1,6,9.34,56.0
Andover,Artisan Beer,Blackstack Participation Trophy 4pk 16oz can,850000317734,0,0.0,1,6,12.3,74.0
Andover,Artisan Beer,Toppling Goliath Rotating 4pk 16oz can,810070236984,0,0.0,3,18,14.78,266.0
Andover,Artisan Beer,Craft Mystery Beer 12pk,400000025681,1,0.2,22,22,5.0,110.0
Andover,Artisan Beer,Firestone Walker IPA Variety 12pk 12oz can,602755003116,2,0.8,5,10,14.63,146.0
Andover,Artisan Beer,Toppling Goliath Pseudo Sue 4pk 16oz can,852211003321,3,1.6,1,6,10.0,60.0
Andover,Artisan Beer,1911 Cider Seasonal 4pk 16oz can,648558945420,5,1.8,2,12,9.35,112.0
Andover,Artisan Beer,Bent Paddle Grapefruit Light Lager 12pk 12oz can,850024846968,2,2.1,1,2,9.23,18.0
Andover,Artisan Beer,Grain Belt Nordeast 6pk 16oz can,088067088629,6,2.6,1,4,6.85,27.0
Andover,Artisan Beer,Surly 20th Anniversary Variety 12pk 12oz can,810005492553,4,2.9,1,2,15.02,30.0
Andover,Artisan Beer,"Firestone Walker Cosmic Crusher Juicy Imperial 

19.2oz can",060275501038,6,2.9,1,12,2.19,26.0
Andover,Artisan Beer,Central Waters Mud Puppy Porter 6pk 12oz can,672882200832,3,3.2,1,4,8.46,34.0
Andover,Bellboy Corporation,Zarpado Tequila & Soda 4pk 12oz can,810879024027,-1,-2.1,1,6,9.33,56.0
Andover,Bernicks,Lagunitas Daytime IPA 12pk 12oz can,723830106123,-5,-4.3,3,6,11.98,72.0
Andover,Bernicks,Smirnoff Ice Wild Grape 6pk 12oz btl,082000732143,-2,-2.1,1,4,7.58,30.0
Andover,Bernicks,Smirnoff Ice Screwdriver 6pk 12oz btl,082000757481,-2,-2.1,1,4,7.49,30.0
Andover,Bernicks,New Belgium Voodoo Ranger Imperial IPA 19.2oz can,754527010218,-6,-1.7,1,15,1.97,30.0
Andover,Bernicks,New Belgium Juice Force 12pk 12oz can,754527012021,-6,-0.8,15,30,13.48,404.0
Andover,Bernicks,Miller Lite 12pk 12oz can,034100576363,-4,-0.8,10,20,11.3,226.0
Andover,Bernicks,New Belgium Voodoo Ranger Hoppy Pack 12pk 12oz can,754527010706,-1,-0.4,6,12,13.54,162.0
Andover,Bernicks,Fulton 300 IPA 12pk 12oz can,810023140450,0,0.0,1,2,13.75,27.0
Andover,Bernicks,Fulton Lonely Blonde Mixed Pack 12pk 12oz can,810023140764,0,0.0,3,6,13.5,81.0
Andover,Bernicks,Guinness Draught 6pk 11oz btl,083820104011,2,0.9,2,8,7.27,58.0
Andover,Bernicks,New Belgium Juice Force Hazy IPA 19.2oz can,754527011710,5,0.9,2,30,1.99,60.0
Andover,Bernicks,Leinenkugel's Sum Shandy 12pk 12oz can,034100516093,9,1.0,13,26,12.92,336.0
Andover,Bernicks,Miller Lite 15pk 16oz can,034100577070,4,1.2,10,10,17.9,179.0
Andover,Bernicks,Castle Danger Variety Pack 12pk 12oz can,856306005542,4,1.3,5,10,15.6,156.0
Andover,Bernicks,Lagunitas IPA 12pk 12oz can,723830212121,10,1.3,10,20,11.98,240.0
Andover,Bernicks,Miller Lite 6pk 16oz can,03435719,6,1.3,4,16,5.45,87.0
Andover,Bernicks,Grain Belt Nordeast 12pk 12oz btl,088067088254,5,1.4,5,10,11.84,118.0
Andover,Bernicks,Dos Equis Lager Especial 12pk 12oz btl,072311230124,5,1.6,4,8,13.54,108.0
Andover,Bernicks,Miller Lite 24pk 16oz can,034100573232,47,2.1,44,44,21.41,942.0
Andover,Bernicks,Blacklist Tropic Haze NEIPA 6pk 12oz can,742259288432,2,2.1,1,4,9.0,36.0
Andover,Bernicks,Go Brewing DBL IPA N/A 6pk 12oz can,850052392086,2,2.1,1,4,8.13,33.0
Andover,Bernicks,Strongbow Original Dry Hard Cider 4pk 17oz can,088345102207,10,2.4,2,12,5.57,67.0
Andover,Bernicks,Guinness Draught 8pk 15oz can,083820123685,13,2.8,2,6,12.2,73.0
Andover,Bernicks,Leinenkugel's Seasonal 12pk 12oz btl,034100013493,8,3.1,2,4,12.36,49.0
Andover,Bernicks,Grain Belt Nordeast 12pk 16oz can,088067088650,8,3.1,2,4,12.3,49.0
Andover,Bernicks,Castle Danger Hazy IPA Mix Pack 12pk 12oz can,850055833425,3,3.2,1,2,15.38,31.0
Andover,Bernicks,Miller Lite 9pk 16oz can,034100570231,6,3.2,1,2,11.23,22.0
Andover,Bernicks,Smirnoff Ice Red White & Berry 6pk 11oz btl,082000782506,4,3.4,1,4,7.51,30.0
Andover,Bernicks,Miller Lite 12pk 12oz btl,034100575090,9,3.5,1,2,11.31,23.0
Andover,Bernicks,Heineken 6pk 12oz btl,072890000118,10,3.6,1,4,7.33,29.0
Andover,Bernicks,Leinenkugel's Honey Weiss 6pk 12oz btl,034100485054,7,3.8,1,4,7.72,31.0
Andover,Bernicks,Miller High Life 12pk 12oz can,034100016364,9,3.9,1,2,10.13,20.0
Andover,Blake's,Blake's Kinder Series,850544005746,1,0.3,3,12,8.35,100.0
Andover,"Breakthru Beverage Minnesota Beer, LLC",Sapporo 22oz can,087975026501,-24,-102.9,1,12,2.83,34.0
Andover,"Breakthru Beverage Minnesota Beer, LLC",Truly Seltzer Strawberry Lemonade 24oz can,087692011682,-8,-6.9,1,12,2.31,28.0
Andover,"Breakthru Beverage Minnesota Beer, LLC",Samuel Adams Boston Lager 6pk 12oz btl,087692100126,-2,-2.1,1,4,7.7,31.0
Andover,"Breakthru Beverage Minnesota Beer, LLC",Modelo Chelada Limon y Sal 24oz can,033544950609,-1,-0.9,1,12,2.38,29.0
Andover,"Breakthru Beverage Minnesota Beer, LLC",Twisted Tea Raspberry 24oz can,087692852315,-1,-0.9,1,12,2.35,28.0
Andover,"Breakthru Beverage Minnesota Beer, LLC",Twisted Tea Peach 24oz can,087692004905,-1,-0.7,1,12,2.35,28.0
Andover,"Breakthru Beverage Minnesota Beer, LLC",Truly Spiked Pineapple 24oz can,087692009702,0,0.0,1,12,2.33,28.0
Andover,"Breakthru Beverage Minnesota Beer, LLC",Twisted Tea 24oz can,087692832317,0,0.0,1,12,2.35,28.0
Andover,"Breakthru Beverage Minnesota Beer, LLC",Leinenkugel's Seasonal 6pk 12oz btl,034100013479,1,0.3,3,12,7.6,91.0
Andover,"Breakthru Beverage Minnesota Beer, LLC",Deschutes Variety Pack 12pk 12oz can,763176190127,1,0.6,3,6,14.56,87.0
Andover,"Breakthru Beverage Minnesota Beer, LLC",Samuel Adams Seasonal 12pk 12oz btl,087692011033,8,0.8,16,32,12.99,416.0
Andover,"Breakthru Beverage Minnesota Beer, LLC",Coors Light 12pk 12oz can,071990000486,22,0.9,38,76,11.27,856.0
Andover,"Breakthru Beverage Minnesota Beer, LLC",White Claw Black Cherry 6pk 12oz can,635985200253,5,0.9,5,20,7.71,154.0
Andover,"Breakthru Beverage Minnesota Beer, LLC",Coors Light 6pk 12oz btl,071990300050,3,1.0,3,12,6.69,80.0
Andover,"Breakthru Beverage Minnesota Beer, LLC",Samuel Adams Boston Lager 12pk 12oz btl,087692100140,3,1.2,4,8,13.6,109.0
Andover,"Breakthru Beverage Minnesota Beer, LLC",White Claw Raspberry 6pk 12oz can,635985260660,11,1.3,6,24,7.66,184.0
Andover,"Breakthru Beverage Minnesota Beer, LLC",Corona Extra 24pk 12oz btl,080660956084,10,1.4,18,18,25.3,455.0
Andover,"Breakthru Beverage Minnesota Beer, LLC",Happy Dad Variety Pack 12pk 12oz can,084173968084,3,1.4,3,6,13.87,83.0
Andover,"Breakthru Beverage Minnesota Beer, LLC",White Claw Ruby Grapefruit 6pk 12oz can,635985200284,8,1.4,4,16,7.71,123.0
Andover,"Breakthru Beverage Minnesota Beer, LLC",White Claw Natural Lime 6pk 12oz can,635985025986,11,1.4,6,24,7.71,185.0
Andover,"Breakthru Beverage Minnesota Beer, LLC",Sociable Cider Werks Freewheeler 4pk 12oz can,859990007120,3,1.4,1,6,7.12,43.0
Andover,"Breakthru Beverage Minnesota Beer, LLC",Coors Light 6pk 16oz can,071990320003,39,1.5,17,68,5.41,368.0
Andover,"Breakthru Beverage Minnesota Beer, LLC",White Claw Mango 6pk 12oz can,635985260875,6,1.6,3,12,7.71,93.0
Andover,"Breakthru Beverage Minnesota Beer, LLC",Coors Light 12pk 12oz btl,071990300692,14,1.9,8,16,11.28,181.0
Andover,"Breakthru Beverage Minnesota Beer, LLC",Athletic Fruited Radler N/A 12pk 12oz can,810061575474,2,2.1,1,2,13.55,27.0
Andover,"Breakthru Beverage Minnesota Beer, LLC",Samuel Adams Cherry Wheat 6pk 12oz btl,087692271024,1,2.1,1,4,7.7,31.0
Andover,"Breakthru Beverage Minnesota Beer, LLC",Mike's Harder Mango 23oz can,635985258919,2,2.1,1,12,2.34,28.0
Andover,"Breakthru Beverage Minnesota Beer, LLC",Truly Spiked Berry Variety 12pk 12oz can,087692006862,13,2.5,4,8,14.25,114.0
Andover,"Breakthru Beverage Minnesota Beer, LLC",Coors Light 24pk 12oz btl,071990300791,13,2.7,7,7,20.12,141.0
Andover,"Breakthru Beverage Minnesota Beer, LLC",Coors Light 24pk 16oz can,071990301286,182,2.7,93,93,21.49,1998.0
Andover,"Breakthru Beverage Minnesota Beer, LLC",White Claw Grape 6pk 12oz can,635985803645,26,2.9,3,12,7.7,92.0
Andover,"Breakthru Beverage Minnesota Beer, LLC",Mike's Hard Mango 6pk 12oz can,635985804611,7,3.0,1,4,7.44,30.0
Andover,"Breakthru Beverage Minnesota Beer, LLC",Corona Extra 6pk 12oz btl,080660956053,21,3.0,2,8,6.97,56.0
Andover,"Breakthru Beverage Minnesota Beer, LLC",Corona Extra 24oz btl,080660956411,9,3.0,1,12,2.4,29.0
Andover,"Breakthru Beverage Minnesota Beer, LLC",Twisted Tea Mix Pack 12pk 12oz can,087692003786,17,3.2,3,6,13.38,80.0
Andover,"Breakthru Beverage Minnesota Beer, LLC",White Claw Blackberry 19.2oz can,635985801993,11,3.4,1,12,2.33,28.0
Andover,"Breakthru Beverage Minnesota Beer, LLC",Coors Light 24pk 12oz can,071990316006,248,3.5,34,34,19.37,659.0
Andover,"Breakthru Beverage Minnesota Beer, LLC",Twisted Tea Light 12pk 12oz can,087692006701,26,3.5,2,4,13.3,53.0
Andover,"Breakthru Beverage Minnesota Beer, LLC",Modelo Especial 12pk 12oz btl,080660957579,41,3.7,2,4,13.35,53.0
Andover,"Breakthru Beverage Minnesota Beer, LLC",Corona Extra 12pk 12oz btl,080660956152,53,3.7,2,4,13.32,53.0
Andover,"Breakthru Beverage Minnesota Beer, LLC",Modelo Especial 24pk 12oz can,080660957104,49,3.8,4,4,22.69,91.0
Andover,"Breakthru Beverage Minnesota Beer, LLC",White Claw Variety Pack #1 12pk 12oz can,635985548904,93,3.9,2,4,14.05,56.0
Andover,"Breakthru Beverage Minnesota Beer, LLC",White Claw Black Cherry 12pk 12oz can,635985260899,115,3.9,2,4,14.09,56.0
Andover,"Capitol Beverage Sales, L.P.",Lift Bridge Tropic Punch Seltzer 12pk 12oz can,685165387229,1,0.5,4,8,13.03,104.0
Andover,"Capitol Beverage Sales, L.P.",Summit NA IPA 6pk 12oz can,025569142077,1,0.7,2,8,7.74,62.0
Andover,"Capitol Beverage Sales, L.P.",Beatbox Peach Tea 500ml,851133006991,1,1.1,1,12,2.31,28.0
Andover,"Capitol Beverage Sales, L.P.",Lift bridge Green Light Seltzer 12pk 12oz can,685165386925,1,1.4,1,2,13.3,27.0
Andover,"Capitol Beverage Sales, L.P.",Carbliss Black Cherry 4pk 12oz can,860001988826,12,2.4,2,12,8.97,108.0
Andover,"Capitol Beverage Sales, L.P.",Wild State Cider Classic Dry 4pk 12oz can,860001588484,7,3.0,1,6,8.7,52.0
Andover,"Capitol Beverage Sales, L.P.",Carbliss Cherry Limeade 19.2oz can,860012130153,5,3.1,1,12,2.45,29.0
Andover,"Capitol Beverage Sales, L.P.",Surfside Half & Half 4pk 12oz can,850025605540,8,3.4,1,6,6.2,37.0
Andover,"Capitol Beverage Sales, L.P.",Surfside Strawberry Lemonade 19.2oz can,810171361141,8,3.8,1,12,3.14,38.0
Andover,"College City Beverage, Inc.",NUTRL Blueberry 4pk 12oz can,018200204692,-18,-25.7,1,6,7.52,45.0
Andover,"College City Beverage, Inc.",Michelob Ultra Lime Zero 6pk 12oz btl,018200204661,1,0.5,2,8,6.87,55.0
Andover,"College City Beverage, Inc.",Bud Light 6pk 16oz can,01811524,6,1.7,2,8,5.43,43.0
Andover,"College City Beverage, Inc.",Odell Sippin Variety Pack 12pk 12oz can,722160224545,1,2.1,1,2,15.75,32.0
Andover,"College City Beverage, Inc.",Kona Wave Rider Variety Pack 12pk 12oz can,796030614927,8,2.1,4,8,13.48,108.0
Andover,"College City Beverage, Inc.",Lift Bridge Mega Mango Blonde 6pk 12oz can,685165387410,1,2.1,1,4,8.47,34.0
Andover,"College City Beverage, Inc.",Garage Beer Lime 12pk 12oz can,851834008614,7,2.3,3,6,12.25,74.0
Andover,"College City Beverage, Inc.",Beatbox Blueberry Lemonade 500ml,850059195352,5,2.4,1,12,2.39,29.0
Andover,"College City Beverage, Inc.",Michelob Golden Light 15pk 16oz can,018200292514,7,2.5,5,5,17.57,88.0
Andover,"College City Beverage, Inc.",Surfside Lemonade Variety 12pk 12oz can,810171360182,10,2.7,3,6,22.06,132.0
Andover,"College City Beverage, Inc.",Carbliss Backyard Bliss Variety Pack 8pk 12oz can,860013475734,36,3.5,2,6,18.0,108.0
Andover,Dahlheimer Beverage Monticello,Summit Sampler Pack 12pk 12oz can,025569191136,-43,-46.1,2,4,13.2,53.0
Andover,Dahlheimer Beverage Monticello,Ursa Minor Brambles 4pk 16oz can,798304478778,-1,-2.1,1,6,12.3,74.0
Andover,Dahlheimer Beverage Monticello,Bell's Oktoberfest 12pk 12oz can,740522100665,0,0.0,3,6,15.15,91.0
Andover,Dahlheimer Beverage Monticello,Utepils Receptional 12pk 12oz can,852449007269,0,0.0,4,8,15.38,123.0
Andover,Dahlheimer Beverage Monticello,Leinenkugel Viktor's Voyage Ale 12pk 12oz can,034100014292,0,0.0,7,14,12.88,180.0
Andover,Dahlheimer Beverage Monticello,Surly Hop Water 6pk 12oz can,810005491426,0,0.0,1,4,6.24,25.0
Andover,Dahlheimer Beverage Monticello,White Claw 0.0 Black Cherry 6pk 12oz can,635985803034,0,0.0,1,4,7.83,31.0
Andover,Dahlheimer Beverage Monticello,Duluth Cider Raspberry Splash 4pk 12oz can,860013243678,0,0.0,1,6,11.48,69.0
Andover,Dahlheimer Beverage Monticello,Summit Oatmeal Stout 4pk 16oz can,025569013360,0,0.0,1,6,6.0,36.0
Andover,Dahlheimer Beverage Monticello,Sun Cruiser Pink Lemonade 4pk 12oz can,087692024286,0,0.0,1,6,7.06,42.0
Andover,Dahlheimer Beverage Monticello,Bell's Tropical Storm 4pk 16oz can,740522438058,0,0.0,1,6,10.83,65.0
Andover,Dahlheimer Beverage Monticello,Sun Cruiser Half and Half 19.2oz can,087692024002,1,0.1,3,36,3.1,112.0
Andover,Dahlheimer Beverage Monticello,Four Loko Jackpot 23oz can,849806006362,2,0.6,1,12,2.18,26.0
Andover,Dahlheimer Beverage Monticello,Summit Saga IPA 12pk 12oz can,025569193550,7,0.9,12,24,13.26,318.0
Andover,Dahlheimer Beverage Monticello,White Claw Surge Grape 19.2oz can,635985000624,2,1.0,1,12,2.33,28.0
Andover,Dahlheimer Beverage Monticello,Blue Moon White NA 12pk 12oz can,071990001476,1,1.1,2,4,13.48,54.0
Andover,Dahlheimer Beverage Monticello,Elm Creek Kanpai 4pk 16oz can,860012897117,1,1.1,1,6,7.83,47.0
Andover,Dahlheimer Beverage Monticello,Sun Cruiser Vodka Iced Tea 19.2oz can,087692024040,6,1.1,2,24,3.11,75.0
Andover,Dahlheimer Beverage Monticello,Surly Furious 4pk 16oz can,893354001027,9,1.2,4,24,9.03,217.0
Andover,Dahlheimer Beverage Monticello,Indeed Mexican Honey Variety 12pk 12oz can,850034657899,1,1.4,1,2,14.78,30.0
Andover,Dahlheimer Beverage Monticello,Sam Adam's NA Octoberfest 6pk 12oz can,087692024446,2,1.4,1,4,7.7,31.0
Andover,Dahlheimer Beverage Monticello,Leinenkugel's Summer Shandy 12pk 12oz btl,034100516079,9,1.6,7,14,13.05,183.0
Andover,Dahlheimer Beverage Monticello,White Claw Black Cherry 19.2oz can,635985801986,10,1.7,2,24,2.33,56.0
Andover,Dahlheimer Beverage Monticello,Coors Light 9pk 16oz can,071990301040,21,1.8,13,26,11.21,292.0
Andover,Dahlheimer Beverage Monticello,Sierra Nevada Hazy Little Thing IPA 6pk 12oz can,083783110104,5,1.9,2,8,8.45,68.0
Andover,Dahlheimer Beverage Monticello,Samuel Adams Seasonal 2 6pk 12oz btl,087692300502,8,2.1,2,8,7.7,62.0
Andover,Dahlheimer Beverage Monticello,Grain Belt Nordeast 24pk 16oz can,088067088056,8,2.3,6,6,21.66,130.0
Andover,Dahlheimer Beverage Monticello,White Claw Strawberry 19.2oz can,635985802150,20,3.0,1,12,2.33,28.0
Andover,Dahlheimer Beverage Monticello,Surly Lemon Drop 4pk 12oz can,810005492645,10,3.1,1,6,7.35,44.0
Andover,Dahlheimer Beverage Monticello,Surly Todd The Axe Man 4pk 16oz can,893354001201,10,3.6,1,6,12.24,73.0
Andover,Do Not Use - Clear River Beverage,Fat Orange Cat Baby Kittens 4pk 16oz can,689733364421,0,0.0,1,6,7.17,43.0
Andover,Elm Creek Brewing Company,Elm Creek Hybrid Minds Variety Pack 4pk 16oz can,860011473237,0,0.0,2,12,13.83,166.0
Andover,HeadFlyer Brewing,Headflyer Things Done Changed 4pk 16oz can,850009065957,0,0.0,1,6,10.84,65.0
Andover,"Hohensteins, Inc.",Bell's Two Hearted Ale 19.2oz can,740522120861,13,2.3,1,15,1.9,28.0
Andover,Insight Brewing Company (D),Insight Troll Way 4pk 16oz can,854042006014,2,0.6,2,12,10.16,122.0
Andover,Insight Brewing Company (D),Insight Hop Wheels DDH Hazy IPA 4pk 16oz can,850033550764,2,0.9,2,12,11.41,137.0
Andover,Luce Line Brewing,Luce Line Off The Deep End 4pk 16oz can,608870691412,1,2.1,1,6,12.5,75.0
Andover,Lupulin Brewing Company,Lupulin Performance Jorts 4pk 16oz can,850068928767,2,0.9,2,12,9.78,117.0
Andover,McDonald Distributing Co dba Clear River Beverage,2 Towns Seasonal Rotator 4pk 16oz can,850017944671,-7,-10.0,1,6,10.33,62.0
Andover,McDonald Distributing Co dba Clear River Beverage,Allagash Ski House 12pk 12oz can,603675263611,0,0.0,3,6,13.5,81.0
Andover,McDonald Distributing Co dba Clear River Beverage,Deschutes Black Butte Porter 6pk 12oz btl,763176200062,0,0.0,1,4,7.15,29.0
Andover,McDonald Distributing Co dba Clear River Beverage,Pizza Port Bacon & Eggs 6pk 16oz can,689926102014,0,0.0,2,8,14.67,117.0
Andover,McDonald Distributing Co dba Clear River Beverage,2 Towns POG Cosmic Crisp 6pk 12oz can,850017944619,0,0.0,1,4,10.5,42.0
Andover,McDonald Distributing Co dba Clear River Beverage,Deschutes N/A Fresh Squeezed 6pk 12oz cans,763176619062,0,0.0,2,8,7.69,62.0
Andover,McDonald Distributing Co dba Clear River Beverage,WeldWerks The Best Citra Hazy DIPA 4pk 16oz can,810157162311,0,0.0,1,6,15.67,94.0
Andover,McDonald Distributing Co dba Clear River Beverage,Fat Orange Cat Cautionary Tail 4pk 16oz can,066389966876,0,0.0,1,6,11.0,66.0
Andover,McDonald Distributing Co dba Clear River Beverage,Hop Butcher First Futures 4pk 16oz can,694485372891,0,0.0,1,6,13.0,78.0
Andover,McDonald Distributing Co dba Clear River Beverage,Evil Twin NYC Popular Pumpkin 4pk 16oz can,663899868092,0,0.0,1,6,11.0,66.0
Andover,McDonald Distributing Co dba Clear River Beverage,2 Towns Bad Apple 4pk 12oz can,850017944411,1,0.7,1,6,10.0,60.0
Andover,McDonald Distributing Co dba Clear River Beverage,Belching Beaver Strawberry Blonde 4pk 16oz can,810960028675,1,0.9,1,6,8.5,51.0
Andover,McDonald Distributing Co dba Clear River Beverage,2 Towns Mango Cosmic Crisp 6pk 12oz can,850017944718,2,2.1,1,4,10.08,40.0
Andover,McDonald Distributing Co dba Clear River Beverage,WeldWerks Robo-Dragon DIPA 4pk 16oz can,810157162397,1,2.1,1,6,15.83,95.0
Andover,McDonald Distributing Co dba Clear River Beverage,GhostFish Meteor Shower Pale Lager 4pk 12oz can,859609005097,2,2.1,1,6,10.45,63.0
Andover,McDonald Distributing Co dba Clear River Beverage,Allagash White Ale 4pk 16oz can,603675101777,5,3.1,1,6,9.79,59.0
Andover,McDonald Distributing Co dba Clear River Beverage,Abomination Juice Monster Hazy IPA 4pk 16oz can,663899868184,5,3.6,1,6,9.17,55.0
Andover,Mega Beer LLC,The Brewing Projekt Puff Tart XL 4pk 16oz can,810059392120,-1,-4.3,1,6,14.33,86.0
Andover,Mega Beer LLC,Drekker Braaaaaaaains Mix Pack 6pk 12oz can,867530957460,0,0.0,1,4,16.75,67.0
Andover,Phillips Wine & Spirits - St. Paul,Sunny D Variety Pack 8pk 12oz can,050200003486,0,0.0,1,3,15.39,46.0
Andover,Phillips Wine & Spirits - St. Paul,Two Chicks Craft Cocktail Variety Pack 8pk 12oz can,850003574172,0,0.0,2,6,13.99,84.0
Andover,Phillips Wine & Spirits - St. Paul,Zing Zang RTD Margarita 4pk 12oz can,616003648011,1,0.9,1,6,9.75,58.0
Andover,Phillips Wine & Spirits - St. Paul,Two Chicks New Fashioned 4pk 12oz can,850003574103,1,0.9,1,6,7.97,48.0
Andover,Phillips Wine & Spirits - St. Paul,Two Chicks Vodka Variety Pack 8pk 12oz can,850003574233,2,2.1,1,3,11.5,34.0
Andover,Single Can,Cutwater Grapefruit Tequila Paloma 12oz can,816751021184,-20,-28.6,1,24,0.0,0.0
Andover,Single Can,Cutwater Mango Margatira 12oz can,816751022099,0,0.0,1,24,2.45,59.0
Andover,Single Can,Cutwater Espresso Martini 12oz Can,816751023720,0,0.0,1,24,2.48,60.0
Andover,Single Can,Cutwater Vodka Mule 12oz can,816751020774,0,0.0,1,24,2.47,59.0
Andover,Single Can,Cutwater Long Island 12oz can,816751021986,0,0.0,1,24,2.46,59.0
Andover,Single Can,Cutwater White Russian 12oz can,816751022051,0,0.0,1,24,2.47,59.0
Andover,Single Can,Cutwater Pina Colada 12oz Can,816751022471,0,0.0,1,24,2.47,59.0
Andover,Single Can,Cutwater Lemon Drop 4pk 12oz can,816751023782,0,0.0,1,24,2.48,60.0
Andover,Single Can,Cutwater Tiki Rum Mai Tai 12oz can,816751021665,0,0.0,1,24,1.72,41.0
Andover,Single Can,Cutwater Strawberry Margarita 12oz can,816751022440,0,0.0,1,24,2.47,59.0
Andover,Single Can,Cutwater Tequila Lime Margarita 12oz can,816751021214,0,0.0,1,24,2.28,55.0
Andover,Urban Growler Brewing Company,Urban Growler Beaver Fever 4pk 16oz can,850007526740,0,0.0,1,6,8.04,48.0
Andover,,Bent Paddle Light Lager  12pk 12oz can,850024846326,-30,-42.9,3,3,11.7,35.0
Andover,,Leinenkugel's Rotator 12pk 12oz can,034100516192,-42,-36.0,5,5,12.61,63.0
Andover,,Drekker Prrrt Series 4pk 16oz can,867530958320,-12,-12.9,4,4,16.87,67.0
Andover,,Modelo Chelada Pina Picante 24oz can,033544000809,-7,-10.0,3,3,2.34,7.0
Andover,,Third Street Mn Gold Micro 12pk 12oz can,081780702131,-6,-8.6,3,3,12.25,37.0
Andover,,Milwaukee's Best Ice 30pk 12oz can,034100303419,-2,-8.6,1,1,16.3,16.0
Andover,,New Belgium Voodoo Ranger Juicy Haze IPA 12pk 12oz can,754527011376,-5,-7.1,3,3,13.19,40.0
Andover,,Milwaukee's Best Light 30pk 12oz can,034100073411,-3,-6.4,2,2,17.87,36.0
Andover,,Modelo Chelada Mango & Chile 24oz can,033544000267,-5,-5.4,4,4,2.39,10.0
Andover,,Smirnoff Twisted Ice Sampler 12pk 12oz btl,082000729082,-4,-4.3,4,4,12.7,51.0
Andover,,Michelob Ultra Pure Gold 12pk 12oz btl,018200200830,-17,-3.2,22,22,13.86,305.0
Andover,,Leinenkugel's Honey Weiss 12pk 12oz btl,034100485740,-7,-2.7,11,11,12.75,140.0
Andover,,Lagunitas Maximus 12pk 12oz can,723830005891,-5,-1.6,13,13,11.92,155.0
Andover,,Leinenkugel's Summer Shandy  24pk 12oz can,034100516963,-1,-0.3,15,15,22.96,344.0
Andover,,Samuel Smith Oatmeal Stout 4pk 12oz btl,085725315042,0,0.0,1,1,10.37,10.0
Andover,,Indeed Day Tripper 6 Gallon,400000023434,0,0.0,1,1,89.6,90.0
Andover,,Miller Lite 16 Gallon,400000023811,0,0.0,1,1,122.0,122.0
Andover,,Jack Daniel's CC Dwnhome Punch 6pk 12oz btl,082184226018,0,0.0,3,3,7.27,22.0
Andover,,Sam Adams Just the Haze N/A 12pk 12oz can,087692016205,0,0.0,2,2,14.1,28.0
Andover,,Michelob Ultra 16 Gallon,400000023427,0,0.0,2,2,121.33,243.0
Andover,,56 Brewing Razzy Lil Pucker Raspberry So 4pk 16oz can,615867915840,0,0.0,2,2,9.3,19.0
Andover,,AleSmith Nut Brown 6pk 12oz can,812465000972,0,0.0,3,3,9.0,27.0
Andover,,Sierra Nevada Big Little Thing IPA 19.2oz can,083783375558,0,0.0,5,5,2.62,13.0
Andover,,Prairie Rotating Sour 4pk 12oz can,680132989352,0,0.0,5,5,8.06,40.0
Andover,,Back Channel Brewing Dunzo 4pk 16oz can,656382175944,0,0.0,7,7,11.9,83.0
Andover,,Michelob Golden Light 12pk 12oz btl,018200006975,1,0.1,41,41,11.29,463.0
Andover,,Michelob Amber Bock 12pk 12oz btl,018200019913,1,0.2,16,16,12.88,206.0
Andover,,56 Brewing Lake Hopper 4pk 16oz can,615867915857,1,0.2,16,16,9.52,152.0
Andover,,Miller High Life 24pk 12oz btl,034100012434,1,0.4,9,9,17.63,159.0
Andover,,Grain Belt Nordeast 24pk 12oz btl,088067088551,1,0.4,9,9,20.52,185.0
Andover,,Michelob Golden Light 24pk 16oz can,018200283963,13,0.4,106,106,21.6,2290.0
Andover,,NUTRL Cranberry Variety Pack 8pk 12oz can,018200203381,1,0.5,8,8,14.98,120.0
Andover,,Busch Light 24pk 16oz can,018200284663,5,0.5,39,39,20.36,794.0
Andover,,Michelob Golden Light 12pk 12oz can,018200006937,6,0.6,36,36,11.29,406.0
Andover,,White Claw Surge Blackberry 19.2oz can,635985802013,4,0.7,20,20,2.33,47.0
Andover,,Coronado Weekend Vibes IPA 6pk 16oz can,859718005995,3,0.8,12,12,12.0,144.0
Andover,,Surly Furious 6pk 12oz can,893354001904,3,0.8,12,12,8.46,102.0
Andover,,Indeed Imperial Pistachio 19.2oz can,850034657547,4,0.8,17,17,2.01,34.0
Andover,,McKenzie's Black Cherry Cider 6pk 12oz btl,022198004233,1,0.9,4,4,9.47,38.0
Andover,,Arizona Hard Lemonade Variety 12pk 12oz can,613008768539,1,0.9,4,4,10.0,40.0
Andover,,Mike's Harder Punch 24oz can,635985803096,1,0.9,4,4,2.34,9.0
Andover,,New Belgium Fat Tire 12pk 12oz btl,754527000240,1,0.9,4,4,12.72,51.0
Andover,,Belching Beaver Viva La Beaver 4pk 16oz can,810960024691,1,0.9,4,4,8.83,35.0
Andover,,Miller Lite 6pk 12oz btl,034100575052,2,1.0,7,7,6.69,47.0
Andover,,Lagunitas Little Sumpin' Ale 12pk 12oz can,723830914124,2,1.0,7,7,12.05,84.0
Andover,,Schell's Sampler 2024 12pk 12oz can,088067057229,1,1.1,3,3,14.26,43.0
Andover,,Steel Toe Split Point Pilsner 6pk 12oz can,855123003397,1,1.1,3,3,9.5,28.0
Andover,,3 Floyds Zombie Dust  19.2oz can,652682034219,2,1.1,6,6,2.79,17.0
Andover,,Four Loko Sour Apple 23oz can,849806000957,2,1.2,5,5,2.19,11.0
Andover,,Bud Light 24pk 12oz btl,018200533495,3,1.2,8,8,20.08,161.0
Andover,,Grain Belt Premium Light 24pk 12oz can,088067093104,3,1.2,8,8,20.0,160.0
Andover,,Michelob Golden Light 6pk 12oz btl,018200006708,7,1.3,15,15,6.66,100.0
Andover,,NUTRL Pineapple 4pk 12oz can,018200202988,1,1.4,2,2,7.54,15.0
Andover,,Paulaner Hefe Weizen 12pk 11oz btl,080157114409,1,1.4,2,2,13.75,27.0
Andover,,Fulton Hard Seltzer Mixed Pack Citrus 12pk 12oz can,856247003973,1,1.4,2,2,13.92,28.0
Andover,,Budweiser 24pk 12oz btl,018200113499,3,1.4,6,6,19.69,118.0
Andover,,Miller High Life Light 24pk 12oz can,034100033064,3,1.4,6,6,17.28,104.0
Andover,,Mckenzies Rotator 6pk 12oz btl,815907020330,6,1.4,12,12,9.01,108.0
Andover,,Duluth Cider Gitch 4pk 12oz can,860003772614,3,1.6,5,5,9.24,46.0
Andover,,Falling Knife Verbal Tip 4pk 16oz can,860004521402,5,1.6,8,8,12.03,96.0
Andover,,Budweiser 12pk 12oz can,018200110474,7,1.6,11,11,11.26,124.0
Andover,,Lift Bridge Grape Ape 12pk 12oz can,685165386000,9,1.6,14,14,12.88,180.0
Andover,,Bud Light Platinum 12pk 12oz can,018200209949,6,1.7,8,8,12.9,103.0
Andover,,Schell's Rotator 12pk 12oz can,088067041037,9,1.7,13,13,12.98,169.0
Andover,,Budweiser 24pk 12oz can,018200111686,11,1.7,15,15,19.59,294.0
Andover,,White Claw Blackberry 6pk 12oz can,635985801610,13,1.7,17,17,7.68,130.0
Andover,,White Claw Variety Pack 24pk 12oz can,635985100249,31,1.7,40,40,25.91,1036.0
Andover,,56 Brewing Ssippi Squeeze Mosaic IPA 4pk 16oz can,615867915833,3,1.8,4,4,9.47,38.0
Andover,,Belching Beaver Phantom Bride IPA 6pk 16oz can,810960021584,3,1.8,4,4,11.41,46.0
Andover,,Fresca Mixed Vodka Spritz 4pk 12oz can,810078780687,5,1.8,7,7,7.5,53.0
Andover,,Sierra Nevada Hazy IPA Pack 12pk 12oz can,083783675627,9,1.8,11,11,14.21,156.0
Andover,,Stella Liberte N/A 6pk 12oz btl,018200203138,4,1.9,5,5,7.72,39.0
Andover,,Sierra Nevada Torpedo IPA Variety Pack 12pk 12oz can,083783675863,4,1.9,5,5,14.45,72.0
Andover,,Grain Belt Premium 12pk 12oz btl,088067080005,8,1.9,9,9,11.78,106.0
Andover,,Kona Big Wave Golden Ale 4pk 16oz can,796030624964,8,1.9,9,9,4.95,45.0
Andover,,Guinness Extra Stout 22oz btl,083820234800,1,2.1,1,1,2.32,2.0
Andover,,Tucher Dunkles Hefeweizen 4pk 17oz can,608782504190,1,2.1,1,1,9.97,10.0
Andover,,Founders Dirty Bastard 6pk 12oz btl,642860200079,1,2.1,1,1,8.04,8.0
Andover,,Urban Growler Vanilla Latte 4pk 16oz can,867978000384,1,2.1,1,1,9.67,10.0
Andover,,Pabst Blue Ribbon 24pk 12oz can,022100001718,4,2.1,4,4,17.0,68.0
Andover,,Arnold Palmer Variety 12pk 12oz can,613008768355,4,2.1,4,4,13.47,54.0
Andover,,Four Loko Strawberry Lemonade 24oz can,895216001497,4,2.1,4,4,2.11,8.0
Andover,,Not Your Father's Root Beer 6pk 12oz btl,849806000605,5,2.1,5,5,7.8,39.0
Andover,,Michelob Ultra 6pk 12oz btl,018200059896,6,2.1,6,6,7.16,43.0
Andover,,Coronita Extra 24pk 8oz btl,080660954080,11,2.2,9,9,19.2,173.0
Andover,,Bud Light 12pk 12oz btl,018200007699,6,2.3,5,5,11.27,56.0
Andover,,Michelob Golden Light 6pk 16oz can,01844328,19,2.3,15,15,5.46,82.0
Andover,,Busch Light 24pk 12oz can,018200861673,77,2.3,57,57,18.6,1060.0
Andover,,Michelob Ultra 12pk 12oz can,018200069918,36,2.4,23,23,12.12,279.0
Andover,,White Claw Pineapple 6pk 12oz can,635985000440,11,2.5,7,7,7.65,54.0
Andover,,Clown Shoes Space Cake 4pk 16oz can,854763007161,11,2.5,7,7,10.68,75.0
Andover,,Michelob Golden Light 24pk 12oz btl,018200963797,19,2.5,11,11,19.79,218.0
Andover,,Hamm's 30pk 12oz can,034100807412,19,2.5,11,11,15.89,175.0
Andover,,Michelob Golden Light 24pk 12oz can,018200968679,107,2.5,64,64,19.69,1260.0
Andover,,Labatt Blue 15pk 12oz can,070310010129,3,2.6,2,2,11.4,23.0
Andover,,Fosters Premium Ale 25oz can,070897183315,3,2.6,2,2,2.25,4.0
Andover,,Modist Brewing False Pattern 4pk 16oz can,868044000338,3,2.6,2,2,8.46,17.0
Andover,,Firestone Into The Haze Variety 12pk 12oz can,602755011388,6,2.6,4,4,14.45,58.0
Andover,,Belching Beaver Phantom Bride 19.2oz can,810960026718,6,2.6,4,4,2.9,12.0
Andover,,Harp 4pk 15oz can,083820234916,5,2.7,3,3,6.5,19.0
Andover,,Lupulin Hooey IPA 4pk 16oz can,857492006092,13,2.7,7,7,11.0,77.0
Andover,,Samuel Adams N/A Just the Haze IPA 6pk 12oz can,087692011903,2,2.9,1,1,7.7,8.0
Andover,,Simply Spiked Bold Lemonade 24oz can,810078781806,4,2.9,2,2,2.49,5.0
Andover,,Pryes Royal Raspberry Sour Ale 4pk 16oz can,860488001629,4,2.9,2,2,10.2,20.0
Andover,,Bud Light Lime 12pk 12oz btl,018200149900,7,3.0,3,3,12.92,39.0
Andover,,Indeed Flavorwave IPA 19.2oz can,852004004924,7,3.0,3,3,1.92,6.0
Andover,,Natural Light 24pk 12oz can,018200151682,14,3.0,5,5,16.1,80.0
Andover,,Ursa Minor Brewing Bear Hop 4pk 16oz can,051497121716,5,3.1,2,2,10.0,20.0
Andover,,Stone Fear Movie Lions 6pk 16oz can,636251742149,5,3.1,2,2,10.43,21.0
Andover,,Bell's Two Hearted Ale 6pk 12oz btl,740522100832,5,3.1,2,2,9.0,18.0
Andover,,Bell's Big Hearted 6pk 12oz can,740522416889,5,3.1,2,2,9.0,18.0
Andover,,Mike's Harder Lemonade 23oz can,635985245834,10,3.1,4,4,2.35,9.0
Andover,,Bud Light 12pk 12oz can,018200530470,15,3.1,5,5,11.28,56.0
Andover,,Corona Extra 4pk 16oz can,033544002117,3,3.2,1,1,5.24,5.0
Andover,,Founders Backwoods Bastard 4pk 12oz btl,642860200376,3,3.2,1,1,11.17,11.0
Andover,,Cayman Jack Strawberry Margarita 6pk 12oz btl,815829011997,3,3.2,1,1,7.46,7.0
Andover,,Fulton Lonely Blonde 12pk 12oz can,856247003591,3,3.2,1,1,13.62,14.0
Andover,,Third Street MN Gold Lager 12pk 16oz can,081780701356,7,3.3,2,2,10.84,22.0
Andover,,Mike's Harder Cranberry 23oz can,635985249856,10,3.3,3,3,2.35,7.0
Andover,,Deschutes Fresh Squeezed IPA 12pk 12oz can,763176230120,8,3.4,2,2,14.81,30.0
Andover,,Mickeys Malt Liquor 6pk 12oz btl,034100774356,11,3.4,3,3,6.03,18.0
Andover,,Summit Lake Crusher/Winter 12pk 12oz can,025569195554,13,3.5,2,2,12.29,25.0
Andover,,Hard MTN Dew Original 24oz can,840262400015,18,3.5,3,3,2.47,7.0
Andover,,Budweiser 12pk 12oz btl,018200007712,5,3.6,1,1,11.32,11.0
Andover,,Nutrl Cranberry 4pk 12oz can,018200203725,5,3.6,1,1,7.61,8.0
Andover,,Mickeys Malt Liquor 12pk 12oz btl,034100774349,5,3.6,1,1,10.8,11.0
Andover,,Blue Moon Light 12pk 12oz can,071990095925,11,3.6,2,2,13.32,27.0
Andover,,NUTRL Fruit Variety Pack 8pk 12oz can,018200203527,12,3.7,2,2,14.99,30.0
Andover,,Sierra Nevada Big Little Thing IPA 12pk 12oz can,083783575507,13,3.7,1,1,13.9,14.0
Andover,,Grain Belt Premium 6pk 16oz can,088067088001,7,3.8,1,1,6.86,7.0
Andover,,White Claw Peach 6pk 12oz can,635985801573,7,3.8,1,1,7.72,8.0
Andover,,Pabst Blue Ribbon 12pk 12oz can,022100001701,8,3.8,1,1,9.49,9.0
Andover,,Bell's Two Hearted Ale 12pk 12oz can,740522110862,16,3.8,1,1,15.18,15.0
Andover,,Lagunitas IPA 6pk 12oz btl,723830000094,10,3.9,1,1,7.5,7.0
Andover,,Miller Lite 24oz can,03435515,11,3.9,1,1,2.27,2.0
Andover,,White Claw Green Apple 6pk 12oz can,635985802747,18,3.9,1,1,7.7,8.0
Andover,,Michelob Ultra 8pk 16oz can,018200239861,12,4.0,1,1,8.71,9.0
Andover,,Pipeworks Ninja Vs. Unicorn 4pk 16oz can,640901189246,12,4.0,1,1,9.84,10.0
Blaine,2 Towns,2 Towns Brightcider 6pk 12oz can,852892003139,4,2.9,1,4,9.04,36.0
Blaine,Artisan Beer,Toppling Goliath Hazy Day Sue 6pk 12oz can,810070239541,-58,-49.7,2,8,10.0,80.0
Blaine,Artisan Beer,Gray Duck Spiked Nitro Cold Brew 4pk 12oz can,850039498107,-3,-6.4,1,4,10.77,43.0
Blaine,Artisan Beer,Toppling Goliath Oktoberfest 6pk 12oz can,810070236359,-4,-5.7,1,4,0.0,0.0
Blaine,Artisan Beer,Toppling Goliath Pseudo Sue 4pk 16oz can,852211003321,-7,-5.0,1,6,10.0,60.0
Blaine,Artisan Beer,Blackstack Security Blanket IIPA,850000317390,-6,-4.3,1,6,15.38,92.0
Blaine,Artisan Beer,Bent Paddle Lime Light 12pk 12oz can,850024846708,0,0.0,1,2,9.23,18.0
Blaine,Artisan Beer,Surly Dry Irish Stout 4pk 16oz can,810005492447,0,0.0,1,6,9.23,55.0
Blaine,Artisan Beer,Toppling Goliath Rotating 4pk 16oz can,810070236984,0,0.0,1,6,14.78,89.0
Blaine,Artisan Beer,Blackstack Harvest Moon 4pk 16oz can,850000321014,0,0.0,1,6,10.0,60.0
Blaine,Artisan Beer,Blackstack I Think It Might Be Broken 4pk 16oz can,850000321649,0,0.0,1,6,15.38,92.0
Blaine,Artisan Beer,Blackstack Just Circling Back IPA 4pk 16oz can,850000318960,0,0.0,3,18,12.3,221.0
Blaine,Artisan Beer,Surly BA Darkness 2026 750ml,810005492676,0,0.0,1,12,15.39,185.0
Blaine,Artisan Beer,Surly 20th Anniversary Variety 12pk 12oz can,810005492553,1,0.7,3,6,15.02,90.0
Blaine,Artisan Beer,Bent Paddle Munchin' Pretzels 6pk 12oz can,850024846463,1,1.4,1,4,9.56,38.0
Blaine,Artisan Beer,Bent Paddle Venture Pils 6pk 12oz can,858106004022,1,2.1,1,4,9.22,37.0
Blaine,Artisan Beer,Firestone Cali Squeeze Variety 12pk 12oz can,602755011692,7,2.3,3,6,14.62,88.0
Blaine,Artisan Beer,Craft Mystery Beer 12pk,400000025681,38,2.5,22,22,5.0,110.0
Blaine,Artisan Beer,1911 Cider Black Cherry 4pk 16oz can,648558945666,5,3.6,1,6,9.85,59.0
Blaine,Artisan Beer,Firestone Walker 805 Blonde Ale 12pk 12oz can,602755006353,24,3.7,2,4,13.07,52.0
Blaine,Back Channel Brewing Co.,Back Channel Thought Lock 4pk 16oz can,656382155618,0,0.0,1,6,12.17,73.0
Blaine,Back Channel Brewing Co.,Back Channel Dinkytown Don Hefeweizen 4pk 16oz can,656382263214,0,0.0,1,6,8.0,48.0
Blaine,Bernicks,Lagunitas Hazy IPA 12pk 12oz can,723830300033,-34,-20.8,4,8,12.0,96.0
Blaine,Bernicks,Leinenkugel's Seasonal 12pk 12oz btl,034100013493,-42,-10.0,9,18,12.36,223.0
Blaine,Bernicks,Dos Equis Lager Especial 12pk 12oz btl,072311230124,-7,-2.3,7,14,13.54,190.0
Blaine,Bernicks,New Belgium Juice Force Hazy IPA 19.2oz can,754527011710,-8,-1.9,2,30,1.99,60.0
Blaine,Bernicks,Fair State Party Forward 12pk 12oz can,850018968096,-3,-1.8,4,8,15.3,122.0
Blaine,Bernicks,Guinness Extra Stout 6pk 11oz btl,083820123937,-3,-1.3,3,12,7.19,86.0
Blaine,Bernicks,Strongbow Original Dry Hard Cider 4pk 17oz can,088345102207,-6,-1.2,4,24,5.57,134.0
Blaine,Bernicks,Strongbow Gold Apple Cider 6pk 12oz btl,088345101514,-2,-0.6,4,16,7.96,127.0
Blaine,Bernicks,New Belgium Voodoo Tropic Force 6pk 12oz can,754527006525,-1,-0.5,2,8,8.45,68.0
Blaine,Bernicks,Castle Danger Aurora Haze NE IPA 6pk 12oz can,856306005139,0,0.0,3,12,8.46,102.0
Blaine,Bernicks,New Belgium Voodoo Ranger Juice Force 6pk 12oz can,754527011727,1,0.4,3,12,8.45,101.0
Blaine,Bernicks,Heineken 12pk 12oz btl,072890000163,3,0.5,10,20,13.31,266.0
Blaine,Bernicks,Milwaukee's Best Light 15pk 12oz can,034100073442,4,0.6,12,24,9.2,221.0
Blaine,Bernicks,Miller Lite 6pk 8oz btl,034100572389,2,0.6,3,12,5.11,61.0
Blaine,Bernicks,Schell's Sangria 12pk 12oz can,088067058691,1,0.7,3,6,14.64,88.0
Blaine,Bernicks,Grain Belt Nordeast 12pk 16oz can,088067088650,5,1.0,8,16,12.3,197.0
Blaine,Bernicks,Seagrams Jamaican Me Happiness 12pk 12oz can,070310013540,1,1.1,2,4,11.1,44.0
Blaine,Bernicks,Guinness Draught 6pk 11oz btl,083820104011,2,1.1,2,8,7.27,58.0
Blaine,Bernicks,New Belgium Voodoo Ranger IPA 12pk 12oz can,754527003623,7,1.2,9,18,13.56,244.0
Blaine,Bernicks,Lagunitas Hazicus Maximus Hazy IPA 12pk 12oz can,723830200050,3,1.3,4,8,11.85,95.0
Blaine,Bernicks,Castle Danger Cream Ale 12pk 12oz can,856306005559,6,1.3,7,14,15.34,215.0
Blaine,Bernicks,New Belgium Voodoo Ranger Hoppy Pack 12pk 12oz can,754527010706,8,1.3,9,18,13.54,244.0
Blaine,Bernicks,Smirnoff Ice Icy Island 12pk 12oz can,082000813047,5,1.4,5,10,12.79,128.0
Blaine,Bernicks,Smirnoff Ice Screwdriver 6pk 12oz btl,082000757481,3,1.4,2,8,7.49,60.0
Blaine,Bernicks,Smirnoff Ice Smash Red White and Berry  23oz can,082000795223,7,1.4,2,24,2.31,56.0
Blaine,Bernicks,Smirnoff Ice Wild Grape 6pk 12oz btl,082000732143,3,1.6,2,8,7.58,61.0
Blaine,Bernicks,Miller High Life 6pk 8oz btl,034100016418,5,1.6,2,8,4.67,37.0
Blaine,Bernicks,Captain Morgan Sliced Long Island 24oz can,082000806363,4,1.7,1,12,2.21,27.0
Blaine,Bernicks,Miller High Life 12pk 12oz can,034100016364,4,1.9,3,6,10.13,61.0
Blaine,Bernicks,Grain Belt Nordeast 12pk 12oz btl,088067088254,9,1.9,5,10,11.84,118.0
Blaine,Bernicks,New Belgium Juice Force 12pk 12oz can,754527012021,9,1.9,5,10,13.48,135.0
Blaine,Bernicks,Icehouse 30pk 12oz can,034100623418,1,2.1,1,1,16.67,17.0
Blaine,Bernicks,Fulton 300 IPA 12pk 12oz can,810023140450,2,2.1,1,2,13.75,27.0
Blaine,Bernicks,Heineken 6pk 12oz btl,072890000118,7,2.1,2,8,7.33,59.0
Blaine,Bernicks,Captain Morgan Sliced Tropical Hurricane 24oz can,082000805687,1,2.1,1,12,2.21,27.0
Blaine,Bernicks,Guinness Draught 8pk 15oz can,083820123685,12,2.2,4,12,12.2,146.0
Blaine,Bernicks,Miller Lite 6pk 16oz can,03435719,17,2.5,3,12,5.45,65.0
Blaine,Bernicks,Smirnoff Ice Red White & Berry 6pk 11oz btl,082000782506,5,2.7,1,4,7.51,30.0
Blaine,Bernicks,Miller Genuine Draft 12pk 12oz can,034100176365,5,3.1,1,2,11.24,22.0
Blaine,Bernicks,New Belgium Voodoo Ranger IPA 12pk 12oz btl,754527000684,5,3.1,1,2,13.52,27.0
Blaine,Bernicks,Ice house 24oz can,03488012,6,3.2,1,12,1.23,15.0
Blaine,Bernicks,Miller Lite 24pk 16oz can,034100573232,82,3.3,18,18,21.41,385.0
Blaine,Bernicks,Miller Lite 12pk 12oz can,034100576363,17,3.3,2,4,11.3,45.0
Blaine,Bernicks,Grain Belt Premium 24pk 12oz btl,088067082009,12,3.4,2,2,20.29,41.0
Blaine,Bernicks,Castle Danger Variety Pack 12pk 12oz can,856306005542,4,3.4,1,2,15.6,31.0
Blaine,Bernicks,Leinenkugel's Sum Shandy 12pk 12oz can,034100516093,25,3.7,2,4,12.92,52.0
Blaine,Bernicks,Leinenkugel's Sum Shandy 6pk 12oz btl,034100516055,13,3.7,1,4,7.72,31.0
Blaine,Bernicks,Lagunitas Daytime IPA 12pk 12oz can,723830106123,8,3.8,1,2,11.98,24.0
Blaine,"Black Stack Brewing, Inc",Blackstack Late To The Party Fest Bier 4pk 16oz can,850000319776,0,0.0,2,12,9.23,111.0
Blaine,"Breakthru Beverage Minnesota Beer, LLC",Downeast Cider Seasonal 2 4pk 12oz can,858612003557,-52,-7.7,5,30,9.25,278.0
Blaine,"Breakthru Beverage Minnesota Beer, LLC",Coors Light 8 Gallon,400000023323,-1,-4.3,1,1,71.0,71.0
Blaine,"Breakthru Beverage Minnesota Beer, LLC",Samuel Smith Pure Brewed Organic Lager 4pk 15oz can,085725317015,-3,-3.2,1,6,9.25,55.0
Blaine,"Breakthru Beverage Minnesota Beer, LLC",Truly Spiked Wild Berry 24oz can,087692009511,-7,-3.0,1,12,2.33,28.0
Blaine,"Breakthru Beverage Minnesota Beer, LLC",Harp 4pk 15oz can,083820234916,-4,-2.9,1,6,6.5,39.0
Blaine,"Breakthru Beverage Minnesota Beer, LLC",Dos Equis Lager Especial 6pk 12oz btl,072311630122,-6,-2.6,3,12,7.43,89.0
Blaine,"Breakthru Beverage Minnesota Beer, LLC",Sierra Nevada Torpedo 12pk 12oz btl,083783675047,-4,-2.1,4,8,14.25,114.0
Blaine,"Breakthru Beverage Minnesota Beer, LLC",White Claw 0.0 Variety 12pk 12oz can,635985802792,0,0.0,5,10,13.98,140.0
Blaine,"Breakthru Beverage Minnesota Beer, LLC",Dillons Gin Cocktail Variety Pack 8pk 12oz can,635985803164,0,0.0,1,3,16.42,49.0
Blaine,"Breakthru Beverage Minnesota Beer, LLC",Truly Seltzer Strawberry Lemonade 24oz can,087692011682,0,0.0,1,12,2.31,28.0
Blaine,"Breakthru Beverage Minnesota Beer, LLC",New Belgium Rotator 6pk 12oz can,754527011109,1,0.3,4,16,8.45,135.0
Blaine,"Breakthru Beverage Minnesota Beer, LLC",White Claw Ruby Grapefruit 6pk 12oz can,635985200284,2,0.5,4,16,7.71,123.0
Blaine,"Breakthru Beverage Minnesota Beer, LLC",Sierra Nevada Atomic Torpedo 19.2oz can,083783375572,2,0.5,2,30,2.01,60.0
Blaine,"Breakthru Beverage Minnesota Beer, LLC",Coors Light 24pk 12oz can,071990316006,54,0.7,267,267,19.37,5173.0
Blaine,"Breakthru Beverage Minnesota Beer, LLC",Coors Light 24pk 16oz can,071990301286,57,0.7,267,267,21.49,5737.0
Blaine,"Breakthru Beverage Minnesota Beer, LLC",Twisted Tea Raspberry 24oz can,087692852315,3,0.7,2,24,2.35,56.0
Blaine,"Breakthru Beverage Minnesota Beer, LLC",Sierra Nevada Pale Ale 12pk 12oz can,083783222005,5,0.8,11,22,13.99,308.0
Blaine,"Breakthru Beverage Minnesota Beer, LLC",Sun Cruiser Vodka Iced Tea Classic 4pk 12oz can,087692020288,2,0.9,2,12,7.13,86.0
Blaine,"Breakthru Beverage Minnesota Beer, LLC",Corona Extra 24pk 12oz btl,080660956084,17,1.0,51,51,25.3,1290.0
Blaine,"Breakthru Beverage Minnesota Beer, LLC",Corona Light 12pk 12oz btl,080660956756,6,1.0,9,18,13.39,241.0
Blaine,"Breakthru Beverage Minnesota Beer, LLC",Corona Premier 12pk 12oz btl,033544950425,10,1.3,10,20,13.46,269.0
Blaine,"Breakthru Beverage Minnesota Beer, LLC",Happy Dad Raspberry 12pk 12oz can,850046522178,1,1.4,1,2,13.81,28.0
Blaine,"Breakthru Beverage Minnesota Beer, LLC",Twisted Tea Peach 24oz can,087692004905,2,1.4,1,12,2.35,28.0
Blaine,"Breakthru Beverage Minnesota Beer, LLC",Twisted Tea Half & Half 24oz can,087692752318,4,1.4,1,12,2.35,28.0
Blaine,"Breakthru Beverage Minnesota Beer, LLC",Angry Orchard Crisp Apple 12pk 12oz btl,087692000334,11,1.5,9,18,14.08,253.0
Blaine,"Breakthru Beverage Minnesota Beer, LLC",Keystone Apple 15pk 12oz can,071990001568,14,1.6,11,22,9.25,203.0
Blaine,"Breakthru Beverage Minnesota Beer, LLC",Pacifico 12pk 12oz btl,080660953151,21,1.6,16,32,13.31,426.0
Blaine,"Breakthru Beverage Minnesota Beer, LLC",Sierra Nevada Hazy Little Thing IPA 19.2oz can,083783375503,13,1.6,2,30,2.06,62.0
Blaine,"Breakthru Beverage Minnesota Beer, LLC",Cayman Jack Zero Margarita 6pk 11oz btl,815829011751,2,1.7,1,4,7.52,30.0
Blaine,"Breakthru Beverage Minnesota Beer, LLC",Coronita Extra 6pk 8oz btl,080660954011,4,1.7,2,8,5.33,43.0
Blaine,"Breakthru Beverage Minnesota Beer, LLC",White Claw Blackberry 19.2oz can,635985801993,12,1.7,2,24,2.33,56.0
Blaine,"Breakthru Beverage Minnesota Beer, LLC",Blue Moon 6pk 12oz btl,071990095116,9,1.8,3,12,7.84,94.0
Blaine,"Breakthru Beverage Minnesota Beer, LLC",Modelo Chelada Limon y Sal 24oz can,033544950609,10,1.8,2,24,2.38,57.0
Blaine,"Breakthru Beverage Minnesota Beer, LLC",Coors Light 6pk 16oz can,071990320003,31,1.9,9,36,5.41,195.0
Blaine,"Breakthru Beverage Minnesota Beer, LLC",Blue Moon 12pk 12oz btl,071990095161,18,2.0,9,18,13.33,240.0
Blaine,"Breakthru Beverage Minnesota Beer, LLC",Pacifico Clara Lager 12pk 12oz can,033544950319,12,2.1,6,12,13.44,161.0
Blaine,"Breakthru Beverage Minnesota Beer, LLC",Twisted Tea 12pk 12oz can,087692831341,18,2.1,8,16,13.44,215.0
Blaine,"Breakthru Beverage Minnesota Beer, LLC",Modelo Especial 12pk 12oz btl,080660957579,38,2.1,17,34,13.35,454.0
Blaine,"Breakthru Beverage Minnesota Beer, LLC",Corona N/A 6pk 12oz btl,033544001844,3,2.1,1,4,7.33,29.0
Blaine,"Breakthru Beverage Minnesota Beer, LLC",White Claw Variety Pack #1 12pk 12oz can,635985548904,51,2.3,19,38,14.05,534.0
Blaine,"Breakthru Beverage Minnesota Beer, LLC",Sierra Nevada Little Thing Rotator 6pk 12oz can,083783228625,7,2.3,2,8,8.45,68.0
Blaine,"Breakthru Beverage Minnesota Beer, LLC",Coors Light 6pk 12oz btl,071990300050,9,2.3,2,8,6.69,53.0
Blaine,"Breakthru Beverage Minnesota Beer, LLC",White Claw Black Cherry 12pk 12oz can,635985260899,64,2.4,22,44,14.09,620.0
Blaine,"Breakthru Beverage Minnesota Beer, LLC",Corona Familiar 32oz btl,080660956831,7,2.5,1,12,3.06,37.0
Blaine,"Breakthru Beverage Minnesota Beer, LLC",Modelo Especial 24pk 12oz can,080660957104,39,2.6,21,21,22.69,476.0
Blaine,"Breakthru Beverage Minnesota Beer, LLC",New Belgium Variety Pack 12pk 12oz can,754527004705,3,2.6,1,2,13.56,27.0
Blaine,"Breakthru Beverage Minnesota Beer, LLC",Simply Spiked Bold Variety Pack 12pk 12oz can,810078782636,3,2.6,1,2,14.2,28.0
Blaine,"Breakthru Beverage Minnesota Beer, LLC",Angry Orchard Crisp Apple 12pk 12oz can,087692000839,21,2.6,6,12,14.13,170.0
Blaine,"Breakthru Beverage Minnesota Beer, LLC",Cayman Jack Margarita 6pk 12oz btl,815829010068,6,2.6,1,4,7.56,30.0
Blaine,"Breakthru Beverage Minnesota Beer, LLC",Negra Modelo 6pk 12oz btl,080660957852,8,2.6,2,8,7.24,58.0
Blaine,"Breakthru Beverage Minnesota Beer, LLC",Heineken 24pk 12oz can,072890000279,7,2.7,4,4,23.8,95.0
Blaine,"Breakthru Beverage Minnesota Beer, LLC",Smirnoff Ice Red White & Berry 12pk 12oz can,082000791102,10,2.7,3,6,12.83,77.0
Blaine,"Breakthru Beverage Minnesota Beer, LLC",Corona Extra 24oz can,080660956435,10,2.7,1,12,2.39,29.0
Blaine,"Breakthru Beverage Minnesota Beer, LLC",Angry Orchard Variety Pack 12pk 12oz can,087692008217,22,2.8,5,10,13.89,139.0
Blaine,"Breakthru Beverage Minnesota Beer, LLC",Twisted Tea Light 12pk 12oz can,087692006701,21,2.9,4,8,13.3,106.0
Blaine,"Breakthru Beverage Minnesota Beer, LLC",Corona Extra 12pk 12oz btl,080660956152,48,2.9,9,18,13.32,240.0
Blaine,"Breakthru Beverage Minnesota Beer, LLC",New Belgium VooDoo Ranger Sweet Ride 6pk 12oz can,754527012878,2,2.9,1,4,8.45,34.0
Blaine,"Breakthru Beverage Minnesota Beer, LLC",Leinenkugel's Seasonal 6pk 12oz btl,034100013479,6,2.9,1,4,7.6,30.0
Blaine,"Breakthru Beverage Minnesota Beer, LLC",White Claw Grape 6pk 12oz can,635985803645,22,2.9,2,8,7.7,62.0
Blaine,"Breakthru Beverage Minnesota Beer, LLC",Mike's Black Cherry Lemonade 23oz can,635985132158,11,2.9,1,12,2.34,28.0
Blaine,"Breakthru Beverage Minnesota Beer, LLC",MIke's Variety 12pk 12oz can,635985260011,5,3.1,1,2,14.09,28.0
Blaine,"Breakthru Beverage Minnesota Beer, LLC",Sierra Nevada Oktoberfest/Celebration 12pk 12oz can,083783228120,10,3.1,2,4,14.36,57.0
Blaine,"Breakthru Beverage Minnesota Beer, LLC",Angry Orchard Imperial 6pk 12oz can,087692017912,5,3.1,1,4,8.54,34.0
Blaine,"Breakthru Beverage Minnesota Beer, LLC",Carlsberg 6pk 12oz btl,087600100217,15,3.1,2,8,10.53,84.0
Blaine,"Breakthru Beverage Minnesota Beer, LLC",Monaco Citrus Rush 4pk 12oz can,891278002311,5,3.1,1,6,7.56,45.0
Blaine,"Breakthru Beverage Minnesota Beer, LLC",Modelo 24oz can,080660957210,21,3.1,1,12,2.39,29.0
Blaine,"Breakthru Beverage Minnesota Beer, LLC",Coors Light Mini 12pk 8oz can,071990301255,6,3.2,1,2,8.85,18.0
Blaine,"Breakthru Beverage Minnesota Beer, LLC",White Claw Peach 12pk 12oz can,635985803713,10,3.3,2,4,13.77,55.0
Blaine,"Breakthru Beverage Minnesota Beer, LLC",Samuel Adams Variety Pack 12pk 12oz can,087692003588,35,3.3,4,8,12.99,104.0
Blaine,"Breakthru Beverage Minnesota Beer, LLC",Coors Light 12pk 12oz can,071990000486,77,3.3,9,18,11.27,203.0
Blaine,"Breakthru Beverage Minnesota Beer, LLC",Coors Light 12pk 12oz btl,071990300692,22,3.5,2,4,11.28,45.0
Blaine,"Breakthru Beverage Minnesota Beer, LLC",Sierra Nevada Hazy Little Thing IPA 12pk 12oz can,083783531114,44,3.6,3,6,14.04,84.0
Blaine,"Breakthru Beverage Minnesota Beer, LLC",Angry Orchard Crisp Apple 6pk 12oz btl,087692821021,11,3.6,1,4,8.03,32.0
Blaine,"Breakthru Beverage Minnesota Beer, LLC",Twisted Tea Raspberry 12pk 12oz can,087692008194,6,3.7,1,2,13.26,27.0
Blaine,"Breakthru Beverage Minnesota Beer, LLC",Samuel Adams Seasonal 12pk 12oz can,087692001096,35,3.7,2,4,13.13,53.0
Blaine,"Breakthru Beverage Minnesota Beer, LLC",Modelo Especial 12pk 12oz can,080660957159,38,3.7,2,4,13.36,53.0
Blaine,"Breakthru Beverage Minnesota Beer, LLC",Mike's Lemonade 6pk 12oz btl,635985100621,6,3.7,1,4,7.71,31.0
Blaine,"Breakthru Beverage Minnesota Beer, LLC",Mike's Hard Mango 6pk 12oz can,635985804611,6,3.7,1,4,7.44,30.0
Blaine,"Breakthru Beverage Minnesota Beer, LLC",Miller Lite 24pk 12oz can,034100573065,96,3.8,5,5,19.46,97.0
Blaine,"Breakthru Beverage Minnesota Beer, LLC",Topo Chico Hard Margarita Variety 12pk 12oz can,810078782216,11,3.9,1,2,13.57,27.0
Blaine,"Breakthru Beverage Minnesota Beer, LLC",Twisted Tea Mix Pack 12pk 12oz can,087692003786,24,4.0,1,2,13.38,27.0
Blaine,"Breakthru Beverage Minnesota Beer, LLC",Modelo Especial 6pk 12oz btl,080660957654,12,4.0,1,4,7.13,29.0
Blaine,"Breakthru Beverage Minnesota Wine & Spirits, LLC",Monaco Blue Crush 4pk 12oz can,891278002465,8,2.9,1,6,7.56,45.0
Blaine,"Breakthru Beverage Minnesota Wine & Spirits, LLC",Monaco Purple Crush 4pk 12oz can,891278002526,5,3.6,1,6,7.7,46.0
Blaine,"Capitol Beverage Sales, L.P.",Summit Sampler Pack 12pk 12oz can,025569191136,-66,-47.1,3,6,13.2,79.0
Blaine,"Capitol Beverage Sales, L.P.",Summit NA Variery Pack 12pk 12oz can,025569142510,-8,-8.6,2,4,13.32,53.0
Blaine,"Capitol Beverage Sales, L.P.",War Pigs Lil' Geezer 12pk 12oz can,652682156263,0,0.0,2,4,15.65,63.0
Blaine,"Capitol Beverage Sales, L.P.",Odell Myrcenary 6pk 12oz can,722160221841,0,0.0,3,12,11.31,136.0
Blaine,"Capitol Beverage Sales, L.P.",Carbliss Kiwi Strawberry 19.2oz can,860013475765,1,0.4,1,12,2.45,29.0
Blaine,"Capitol Beverage Sales, L.P.",Wild State Rotating 4pk 12oz can,085001894778,1,1.4,1,6,9.75,59.0
Blaine,"Capitol Beverage Sales, L.P.",Carbliss Black Cherry 19.2oz can,860012130139,3,1.4,1,12,2.45,29.0
Blaine,"Capitol Beverage Sales, L.P.",Vodkade Variety Pack 8pk 12oz can,850066495056,13,1.7,6,18,15.72,283.0
Blaine,"Capitol Beverage Sales, L.P.",Cutwater Grape Transfusion 4pk 12oz can,816751022563,13,1.9,3,18,9.88,178.0
Blaine,"Capitol Beverage Sales, L.P.",Cutwater Lemon Drop 4pk 12oz can,816751023799,22,1.9,4,24,9.92,238.0
Blaine,"Capitol Beverage Sales, L.P.",Stone IPA Variety Pack 12pk 12oz can,636251744433,4,2.4,2,4,14.51,58.0
Blaine,"Capitol Beverage Sales, L.P.",Carbliss Artic Blue Raspberry 19.2oz can,860013475758,9,2.6,1,12,2.45,29.0
Blaine,"Capitol Beverage Sales, L.P.",Summit Lager 12pk 16oz can,025569120280,5,2.7,2,4,13.2,53.0
Blaine,"Capitol Beverage Sales, L.P.",Vodkade Zero Sugar Grape 8pk 12oz can,850066495193,12,2.9,2,6,15.72,94.0
Blaine,"Capitol Beverage Sales, L.P.",Cutwater Long Island Iced Tea 4pk 12oz can,816751021993,27,3.1,2,12,9.85,118.0
Blaine,"Capitol Beverage Sales, L.P.",Summit Lager Light 12pk 16oz can,025569121287,3,3.2,1,2,13.2,26.0
Blaine,"Capitol Beverage Sales, L.P.",Odell 90 Shillings 6pk 12oz can,722160222534,3,3.2,1,4,9.0,36.0
Blaine,"Capitol Beverage Sales, L.P.",Surfside Half & Half Variety Pack 8pk 12oz can,810171361868,26,3.4,2,6,15.0,90.0
Blaine,"Capitol Beverage Sales, L.P.",Carbliss Blonde Orange 4pk 12oz can,860013475710,18,3.5,1,6,8.85,53.0
Blaine,"Capitol Beverage Sales, L.P.",Cutwater Mango Margarita 4pk 12oz can,816751022105,24,3.5,1,6,9.81,59.0
Blaine,"Capitol Beverage Sales, L.P.",Cutwater White Russian 4pk 12oz can,816751022068,29,3.6,1,6,9.88,59.0
Blaine,"Capitol Beverage Sales, L.P.",Wild State Cider Classic Dry 4pk 12oz can,860001588484,13,3.7,1,6,8.7,52.0
Blaine,"Capitol Beverage Sales, L.P.",Cutwater Espresso Martini 4pk 12oz can,816751023737,25,3.7,1,6,9.92,60.0
Blaine,"Capitol Beverage Sales, L.P.",Carbliss Black Raspberry 4pk 12oz can,860001338553,24,3.8,1,6,8.87,53.0
Blaine,"College City Beverage, Inc.",NUTRL Blueberry 4pk 12oz can,018200204692,-68,-22.4,3,18,7.52,135.0
Blaine,"College City Beverage, Inc.",3 Floyds Otters 6pk 12oz btl,652682121025,-3,-4.3,1,4,8.65,35.0
Blaine,"College City Beverage, Inc.",Natural Light 24pk 12oz can,018200151682,0,0.0,5,5,16.1,80.0
Blaine,"College City Beverage, Inc.",Kona Big Wave 6pk 12oz can,796030424960,0,0.0,2,8,7.8,62.0
Blaine,"College City Beverage, Inc.",Chelada Bud Light & Clamato 12pk 12oz can,018200219818,2,0.5,7,14,13.22,185.0
Blaine,"College City Beverage, Inc.",Carbliss Backyard Bliss Variety Pack 8pk 12oz can,860013475734,19,1.3,13,39,18.0,702.0
Blaine,"College City Beverage, Inc.",War Pigs Foggy Geezer 12pk 12oz can,865024000470,16,1.4,16,32,15.87,508.0
Blaine,"College City Beverage, Inc.",Surfside Variety #2 8pk 12oz can,850025605199,32,1.7,15,45,14.07,633.0
Blaine,"College City Beverage, Inc.",Chelada Bud & Clamato Picante 25oz can,01817023,5,1.9,1,15,2.21,33.0
Blaine,"College City Beverage, Inc.",Surfside Variety #1 8pk 12oz can,850025605182,24,2.2,7,21,15.0,315.0
Blaine,"College City Beverage, Inc.",Michelob Golden Light 15pk 16oz can,018200292514,10,2.3,8,8,17.57,141.0
Blaine,"College City Beverage, Inc.",Cutwater Lime Margarita 4pk 12oz can,816751021238,41,2.3,5,30,9.11,273.0
Blaine,"College City Beverage, Inc.",Michelob Ultra Lime Cactus 12pk 12oz can,018200169847,5,2.4,2,4,13.95,56.0
Blaine,"College City Beverage, Inc.",Michelob Ultra Lime Cactus 6pk 12oz btl,018200129896,2,2.9,1,4,7.89,32.0
Blaine,"College City Beverage, Inc.",Bud Light 6pk 16oz can,01811524,17,3.3,1,4,5.43,22.0
Blaine,"College City Beverage, Inc.",NUTRL Fruit Variety Pack #2 8pk 12oz can,018200204678,4,3.4,1,3,14.57,44.0
Blaine,"College City Beverage, Inc.",CIderboys Strawberry Magic 6pk 12oz can,088733901504,8,3.4,1,4,8.25,33.0
Blaine,"College City Beverage, Inc.",Lift Bridge Orange Drink 12pk 12oz can,685165386420,6,3.7,1,2,12.88,26.0
Blaine,Dahlheimer Beverage Monticello,Grain Belt Elite 12pk 12oz can,088067094132,-38,-81.4,1,2,8.34,17.0
Blaine,Dahlheimer Beverage Monticello,Summit Saga Hazy IPA 12pk 12oz can,025569192119,-25,-4.9,11,22,12.26,270.0
Blaine,Dahlheimer Beverage Monticello,Elm Creek Sustained Illusion Keg,400000025769,-1,-4.3,1,1,0.0,0.0
Blaine,Dahlheimer Beverage Monticello,Samuel Adams Jack-O 12pk 12oz can,087692001959,-7,-4.3,4,8,12.8,102.0
Blaine,Dahlheimer Beverage Monticello,Bell's Oktoberfest 12pk 12oz can,740522100665,0,0.0,2,4,15.15,61.0
Blaine,Dahlheimer Beverage Monticello,Surly Outlook Good N/A 6pk 12oz can,810005491778,0,0.0,1,4,8.46,34.0
Blaine,Dahlheimer Beverage Monticello,Sun Cruiser Vodka Lemonade 4pk 12oz can,087692024293,0,0.0,2,12,7.06,85.0
Blaine,Dahlheimer Beverage Monticello,Carbliss Lemon Lime 12pk 12oz can,860010894415,4,0.5,13,26,26.3,684.0
Blaine,Dahlheimer Beverage Monticello,Indeed Imperial Pistachio 19.2oz can,850034657547,1,0.5,1,12,2.01,24.0
Blaine,Dahlheimer Beverage Monticello,Bell's Two Hearted Ale 19.2oz can,740522120861,6,0.8,2,30,1.9,57.0
Blaine,Dahlheimer Beverage Monticello,White Claw Surge Grape 19.2oz can,635985000624,3,1.1,1,12,2.33,28.0
Blaine,Dahlheimer Beverage Monticello,Carbliss Black Raspberry 12pk 12oz can,860009819597,16,1.2,19,38,26.3,999.0
Blaine,Dahlheimer Beverage Monticello,Athletic Brewing Seasonal N/A 6pk 12oz can,855352008118,4,1.3,3,12,8.18,98.0
Blaine,Dahlheimer Beverage Monticello,Surly Hell 12pk 12oz can,893354001485,1,1.4,1,2,13.17,26.0
Blaine,Dahlheimer Beverage Monticello,Sam Adam's NA Octoberfest 6pk 12oz can,087692024446,5,1.4,3,12,7.7,92.0
Blaine,Dahlheimer Beverage Monticello,Corona Sunbrew Citrus 24oz can,033544002445,5,1.4,1,12,2.42,29.0
Blaine,Dahlheimer Beverage Monticello,Portage Coffeecake Blonde Ale  4pk 16oz can,591111111120,5,1.5,2,12,10.5,126.0
Blaine,Dahlheimer Beverage Monticello,Mike's Hard Zero Variety 12pk 12oz can,635985802464,4,1.7,6,6,14.37,86.0
Blaine,Dahlheimer Beverage Monticello,Blue Moon 12pk 12oz can,071990095062,20,1.7,14,28,13.33,373.0
Blaine,Dahlheimer Beverage Monticello,Samuel Adams Seasonal 2 6pk 12oz btl,087692300502,10,1.7,4,16,7.7,123.0
Blaine,Dahlheimer Beverage Monticello,Schell's Harvest Sampler 12pk 12oz can,088067057236,3,1.8,2,4,12.94,52.0
Blaine,Dahlheimer Beverage Monticello,White Claw Black Cherry 6pk 12oz can,635985200253,14,1.8,5,20,7.71,154.0
Blaine,Dahlheimer Beverage Monticello,Coors Banquet 24pk 16oz can,5543400014,4,1.9,5,5,21.49,107.0
Blaine,Dahlheimer Beverage Monticello,Coors Light 15pk 16oz can,071990095277,23,1.9,27,27,18.01,486.0
Blaine,Dahlheimer Beverage Monticello,Summit Oatmeal Stout 4pk 16oz can,025569013360,5,1.9,1,6,6.0,36.0
Blaine,Dahlheimer Beverage Monticello,Athletic Lite N/A 12pk 12oz can,810061571520,6,2.0,4,8,11.82,95.0
Blaine,Dahlheimer Beverage Monticello,Sierra Nevada Hazy Little Thing IPA 6pk 12oz can,083783110104,9,2.1,2,8,8.45,68.0
Blaine,Dahlheimer Beverage Monticello,Monaco Blue Crush 12oz can,891278002458,6,2.1,1,12,1.93,23.0
Blaine,Dahlheimer Beverage Monticello,Sun Cruiser Lemonade Variety 12pk 12oz can,087692023630,9,2.3,4,8,19.55,156.0
Blaine,Dahlheimer Beverage Monticello,Mike's Black Cherry 6pk 12oz can,635985804598,7,2.3,2,8,7.51,60.0
Blaine,Dahlheimer Beverage Monticello,Leinenkugel's Summer Shandy 12pk 12oz btl,034100516079,17,2.4,6,12,13.05,157.0
Blaine,Dahlheimer Beverage Monticello,Carbliss Cranberry 12pk 12oz can,860010894408,22,2.6,6,12,26.3,316.0
Blaine,Dahlheimer Beverage Monticello,Four Loko Jackpot 23oz can,849806006362,3,2.6,1,12,2.18,26.0
Blaine,Dahlheimer Beverage Monticello,Keystone Light 30pk 12oz can,071990480196,5,2.7,3,3,18.22,55.0
Blaine,Dahlheimer Beverage Monticello,Coors Banquet 24pk 12oz can,071990116002,23,2.8,10,10,19.47,195.0
Blaine,Dahlheimer Beverage Monticello,Summit Saga Variety 12pk 12oz can,025569191150,6,2.9,2,4,13.2,53.0
Blaine,Dahlheimer Beverage Monticello,Shiner Raspberry Shandy 12pk 12oz can,088573800159,10,2.9,2,4,12.8,51.0
Blaine,Dahlheimer Beverage Monticello,Sierra Nevada West Ghost West Coast IPA 4pk 16oz can,083783662788,2,2.9,1,6,13.83,83.0
Blaine,Dahlheimer Beverage Monticello,Surly Todd The Axe Man 4pk 16oz can,893354001201,5,3.1,1,6,12.24,73.0
Blaine,Dahlheimer Beverage Monticello,Ursa Minor Side Quest 4pk 16oz can,798304468298,3,3.2,1,6,10.75,64.0
Blaine,Dahlheimer Beverage Monticello,Surly Furious 4pk 16oz can,893354001027,9,3.2,1,6,9.03,54.0
Blaine,Dahlheimer Beverage Monticello,Arnold Palmer Spiked 12pk 12oz can,613008752200,15,3.4,2,4,13.33,53.0
Blaine,Dahlheimer Beverage Monticello,Summit Extra Pale Ale 12pk 12oz btl,025569241732,26,3.4,3,6,13.33,80.0
Blaine,Dahlheimer Beverage Monticello,Victoria Lager 12pk 12oz can,033544950067,5,3.6,1,2,13.46,27.0
Blaine,Dahlheimer Beverage Monticello,Mike's Harder Pink Lemonade 23oz can,635985000631,15,3.8,1,12,2.34,28.0
Blaine,Dahlheimer Beverage Monticello,Jack Daniels CC Variety 12pk 12oz can,840245600166,12,4.0,1,2,12.59,25.0
Blaine,Dangerous Man Brewing,Dangerous Man Watermelon Sour 6pk 12oz can,796520922969,-1,-0.6,2,8,9.78,78.0
Blaine,Dangerous Man Brewing,Dangerous Man Peanut Butter Porter 6pk 12oz can,796520922792,-1,-0.4,3,12,8.89,107.0
Blaine,Dangerous Man Brewing,Dangerous Man Oktoberfest 6pk 12oz can,698596454798,0,0.0,2,8,9.0,72.0
Blaine,Dangerous Man Brewing,Dangerous Man House IPA 6pk 12oz can,796520922808,1,0.6,2,8,9.39,75.0
Blaine,Dangerous Man Brewing,Dangerous Man Hazy IPA 6pk 12oz can,646051493738,1,0.9,1,4,9.92,40.0
Blaine,Do Not Use - Clear River Beverage,Millstream Oktoberfest 4pk 16oz can,850032229517,4,2.9,1,6,9.0,54.0
Blaine,Elm Creek Brewing Company,Elm Creek Hybrid Minds Variety Pack 4pk 16oz can,860011473237,1,0.3,3,18,13.83,249.0
Blaine,"Hohensteins, Inc.",Minneapolis Cider Co. Orchard Blend 6pk 12oz can,850016933003,-7,-10.0,1,4,9.25,37.0
Blaine,"Hohensteins, Inc.",Southern Tier Maple Warlock 4pk 12oz btl,853759023658,-3,-4.3,1,6,11.2,67.0
Blaine,"Hohensteins, Inc.",Minneapolis Cider Co Orchard Blend 4pk 16oz can,850016933867,-1,-4.3,1,6,9.8,59.0
Blaine,"Hohensteins, Inc.",Heineken 4pk 16oz can,072890000835,-18,-2.6,5,30,5.0,150.0
Blaine,"Hohensteins, Inc.",Fulton Lonely Blonde Shandy 12pk 12oz can,810023141082,0,0.0,4,8,13.5,108.0
Blaine,"Hohensteins, Inc.",Shipyard Pumpkinhead 6pk 12oz can,780369178106,0,0.0,2,8,9.0,72.0
Blaine,"Hohensteins, Inc.",Lagunitas Trooper IPA 6pk 12oz can,723830411845,0,0.0,4,16,7.5,120.0
Blaine,"Hohensteins, Inc.",Minneapolis Cider Co Blueberry Borealis 4pk 16oz can,850016933256,0,0.0,2,12,10.5,126.0
Blaine,"Hohensteins, Inc.",New Holland Seasonal,614036001032,1,0.5,2,8,8.4,67.0
Blaine,"Hohensteins, Inc.",Left Hand PB Milk Stout Nitro 6 Pack 6pk 12oz btl,793866870022,1,0.5,2,8,10.12,81.0
Blaine,"Hohensteins, Inc.",Fulton Lonely Blonde 6pk 12oz can,810023141631,1,0.5,2,8,7.5,60.0
Blaine,"Hohensteins, Inc.",Old Milwaukee 30pk 12oz can,052300004349,1,0.7,5,5,16.9,84.0
Blaine,"Hohensteins, Inc.",Lagunitas Variety Pack 12pk 12oz can,723830145122,5,1.0,8,16,11.99,192.0
Blaine,"Hohensteins, Inc.",Paulaner Hefe Weizen 12pk 11oz btl,080157114409,2,1.2,3,6,13.75,82.0
Blaine,"Hohensteins, Inc.",Lagunitas IPA 12pk 12oz can,723830212121,7,1.2,9,18,11.98,216.0
Blaine,"Hohensteins, Inc.",Lagunitas IPA 6pk 12oz btl,723830000094,1,1.4,1,4,7.5,30.0
Blaine,"Hohensteins, Inc.",Southern Tier Pumpking 19.2oz can,816014022903,7,1.4,2,24,2.92,70.0
Blaine,"Hohensteins, Inc.",Paulaner Salvator 6pk 11oz btl,080157611878,3,1.8,1,4,10.53,42.0
Blaine,"Hohensteins, Inc.",Lagunitas IPA 12pk 12oz btl,723830100091,5,2.1,3,6,11.49,69.0
Blaine,"Hohensteins, Inc.",Bad Weather Hopcromancer IPA 6pk 12oz can,852111005173,3,2.1,1,4,9.0,36.0
Blaine,"Hohensteins, Inc.",Lagunitas Little Sumpin' Ale 12pk 12oz btl,723830100121,3,2.6,1,2,11.54,23.0
Blaine,"Hohensteins, Inc.",Fulton Hard Seltzer Mixed Pack Citrus 12pk 12oz can,856247003973,6,2.6,2,4,13.92,56.0
Blaine,"Hohensteins, Inc.",Paulaner Oktoberfest Bier 12pk 11oz btl,080157114638,8,2.6,3,6,13.69,82.0
Blaine,"Hohensteins, Inc.",Fulton Hop Kingdom IPA Variety 12pk 12oz can,810023141303,2,2.9,1,2,13.5,27.0
Blaine,"Hohensteins, Inc.",Southern Tier Nitro Warlock 4pk 12oz can,816014023801,2,2.9,1,6,11.2,67.0
Blaine,"Hohensteins, Inc.",Indeed Peach Bum 4pk 16oz can,850034657721,4,3.4,1,6,9.77,59.0
Blaine,Luce Line Brewing,Luce Line Money Trees 4pk 16oz can,691835199856,0,0.0,1,6,14.17,85.0
Blaine,Lucid Brewing LLC Dba Inbound Brewco,Inbound Zum Wohl Oktoberfestbier 4pk 16oz can,854249004936,0,0.0,1,6,7.67,46.0
Blaine,Lupulin Brewing Company,Lupulin Performance Jorts 4pk 16oz can,850068928767,4,2.1,1,6,9.78,59.0
Blaine,McDonald Distributing Co dba Clear River Beverage,Chelada Bud & Clamato 25oz can,018200255090,-6,-2.6,1,15,2.38,36.0
Blaine,McDonald Distributing Co dba Clear River Beverage,Belching Beaver PB Milk Stout 6pk 16oz can,810960025353,0,0.0,1,4,11.39,46.0
Blaine,McDonald Distributing Co dba Clear River Beverage,Hop Butcher First Futures 4pk 16oz can,694485372891,0,0.0,1,6,13.0,78.0
Blaine,McDonald Distributing Co dba Clear River Beverage,Coronado Rotator 4pk 16oz can,850000406780,0,0.0,2,12,11.08,133.0
Blaine,McDonald Distributing Co dba Clear River Beverage,Coronado Aloha Warrior 4pk 16oz can,850000406919,1,1.1,1,6,12.0,72.0
Blaine,McDonald Distributing Co dba Clear River Beverage,Coronado Hazy Weekend IPA 6pk 16oz can,850000406957,4,1.7,2,8,11.74,94.0
Blaine,McDonald Distributing Co dba Clear River Beverage,Beatbox Juicy Mango 500ml,851133006519,28,3.6,1,12,2.43,29.0
Blaine,Mega Beer LLC,Hinterland Saving Gracie Vienna Lager 4pk 12oz can,742832079471,0,0.0,1,6,10.67,64.0
Blaine,Mega Beer LLC,Oliphant Brewing Co Strawberry Pickle Beer 4pk 16oz can,723466977760,1,0.9,1,6,9.17,55.0
Blaine,Mega Beer LLC,Oliphant IPA Variety Pack 12pk 12oz can,723466978217,2,1.1,3,6,15.45,93.0
Blaine,"New France Wine Co, Inc",Keepsake Jewel Semi-Sweet Cider 750ml,745051321963,0,0.0,1,12,13.33,160.0
Blaine,"New France Wine Co, Inc",Keepsake Farmhouse Organic Semi-Sweet Cider 750ml,745051321970,3,1.6,1,12,11.33,136.0
Blaine,"New France Wine Co, Inc",Keepsake Farmhouse Organic Dry Cider 750ml,671839988106,2,2.1,1,12,11.33,136.0
Blaine,Phillips Wine & Spirits - St. Paul,Two Chicks Melon Drop 4pk 12oz can,850003574288,-2,-2.1,1,6,7.42,45.0
Blaine,Phillips Wine & Spirits - St. Paul,Sunny D Variety Pack 8pk 12oz can,050200003486,2,2.1,1,3,15.39,46.0
Blaine,Phillips Wine & Spirits - St. Paul,Two Chicks Vodka Variety Pack 8pk 12oz can,850003574233,4,3.4,1,3,11.5,34.0
Blaine,"Pryes Brewing Company, LLC",Pryes PryesFest 4pk 16oz can,850013268900,0,0.0,2,12,8.29,99.0
Blaine,"Pryes Brewing Company, LLC",Pryes Barrel Carving 4pk 16oz can,850013268917,2,2.1,1,6,22.17,133.0
Blaine,"Pryes Brewing Company, LLC",Pryes Variety Pack Mix #3 12pk 12oz can,850073046012,4,2.9,1,2,13.05,26.0
Blaine,Single Can,Cutwater Vodka Mule 12oz can,816751020774,0,0.0,1,24,2.47,59.0
Blaine,Single Can,Cutwater Tequila Lime Margarita 12oz can,816751021214,0,0.0,1,24,2.28,55.0
Blaine,Single Can,Cutwater White Russian 12oz can,816751022051,0,0.0,1,24,2.47,59.0
Blaine,Single Can,Cutwater Mango Margatira 12oz can,816751022099,0,0.0,1,24,2.45,59.0
Blaine,Single Can,Cutwater Spicy Mango Margatira 12oz can,816751024277,0,0.0,1,24,2.45,59.0
Blaine,Single Can,Cutwater Tiki Rum Mai Tai 12oz can,816751021665,0,0.0,1,24,1.72,41.0
Blaine,Single Can,Cutwater Espresso Martini 12oz Can,816751023720,0,0.0,1,24,2.48,60.0
Blaine,Single Can,Cutwater Lemon Drop 4pk 12oz can,816751023782,0,0.0,1,24,2.48,60.0
Blaine,Single Can,Cutwater Strawberry Margarita 12oz can,816751022440,0,0.0,1,24,2.47,59.0
Blaine,Sociable Cider Werks,Sociable Cider Werks Side by Side Variety Pack 8pk 12oz can,859990007519,3,2.1,1,3,13.92,42.0
Blaine,Southern Glazer's Wine & Spirits of MN,Dirty Shirley Cherry Vanilla 4pk 12oz can,860007263392,0,0.0,1,6,7.5,45.0
Blaine,Southern Glazer's Wine & Spirits of MN,Absolut Mango Mule 4pk 12oz can,089540535289,1,1.4,1,6,6.46,39.0
Blaine,Southern Glazer's Wine & Spirits of MN,Bacardi Mojito 4pk 12oz can,080480986285,2,1.4,1,6,8.12,49.0
Blaine,Southern Glazer's Wine & Spirits of MN,Absolut Ocean Spray Variety Pack 8pk 12oz can,080432001257,2,2.1,1,3,12.87,39.0
Blaine,Southern Glazer's Wine & Spirits of MN,Bacardi Rum Punch 4pk 12oz can,080480985448,2,2.1,1,6,8.12,49.0
Blaine,Southern Glazer's Wine & Spirits of MN,Malibu Pina Colada 4pk 12oz can,089540535661,7,3.3,1,6,7.18,43.0
Blaine,Urban Growler Brewing Company,Urban Growler Peach Beaver Fever 4pk 16oz can,850007526757,0,0.0,1,6,8.71,52.0
Blaine,Urban Growler Brewing Company,Urban Growler Hot Blonde Jalapeno Blonde Ale 4pk 16oz can,850007526689,5,2.7,1,6,7.96,48.0
Blaine,Urban Growler Brewing Company,Urban Growler Oktoberfest 4pk 16oz can,867978000377,7,2.7,1,6,10.17,61.0
Blaine,Ursa Minor Brewing,Ursa Minor Galactic Face Slap 4pk 16oz can,051497121747,8,2.9,1,6,10.76,65.0
Blaine,,Bent Paddle Light Lager  12pk 12oz can,850024846326,-43,-23.0,8,8,11.7,94.0
Blaine,,Ursa Minor Glamping,798304500509,-15,-16.1,4,4,10.0,40.0
Blaine,,Inbound Fruit of the Loop 4pk 16oz can,854249004455,-3,-12.9,1,1,8.1,8.0
Blaine,,Sierra Nevada Big Little Thing IPA 19.2oz can,083783375558,-81,-11.6,28,28,2.62,73.0
Blaine,,Natural Ice 15pk 12oz can,018200284434,-8,-5.7,6,6,9.65,58.0
Blaine,,Sierra Nevada Torpedo IPA Variety Pack 12pk 12oz can,083783675863,-2,-4.3,2,2,14.45,29.0
Blaine,,Amstel Light 6pk 12oz btl,072890100115,-1,-4.3,1,1,7.14,7.0
Blaine,,Modist Brewing False Pattern 4pk 16oz can,868044000338,-8,-3.1,11,11,8.46,93.0
Blaine,,Modelo Chelada Pina Picante 24oz can,033544000809,-7,-3.0,10,10,2.34,23.0
Blaine,,Inbound Hazy Shades IPA 4pk 16oz can,854249004738,-3,-2.1,6,6,8.11,49.0
Blaine,,Pilsner Urquell 6pk 12oz btl,072311630016,-1,-2.1,2,2,8.11,16.0
Blaine,,Four Loko Blue Razz 23oz can,849806002272,-2,-1.7,5,5,2.1,10.0
Blaine,,Smirnoff Smash Pink Lemonade 23oz can,082000798965,-11,-1.3,34,34,2.29,78.0
Blaine,,Amstel Light 12pk 12oz btl,072890100160,-2,-1.0,9,9,13.42,121.0
Blaine,,Labatt Blue N/A 12pk 12oz can,062067009426,-1,-0.9,5,5,10.0,50.0
Blaine,,Pryes Miraculum Midwest IPA 12pk 12oz can,850013268320,-1,-0.7,6,6,13.09,79.0
Blaine,,Guinness Extra Stout 12pk 11oz btl,083820234824,-5,-0.5,42,42,13.72,576.0
Blaine,,Guinness Draught 4pk 15oz can,083820123609,-2,-0.4,21,21,6.36,134.0
Blaine,,Bell's Two Hearted Ale 12pk 12oz can,740522110862,-1,-0.2,23,23,15.18,349.0
Blaine,,Special Export 6pk 16oz can,073360137501,0,0.0,1,1,5.2,5.0
Blaine,,Modelo 8 gallon Keg,400000023342,0,0.0,1,1,87.86,88.0
Blaine,,Untitled Art Florida Seltzer Variety #1 12pk 12oz can,850011756836,0,0.0,1,1,20.86,21.0
Blaine,,Dos Equis Ambar 16 Gallon,DOSEQUISAMBER16,0,0.0,1,1,150.0,150.0
Blaine,,Founders Ultimate Oktoberfest 4pk 12oz btl,642860200949,0,0.0,3,3,11.17,34.0
Blaine,,Schofferhofer Grapefruit 4pk 16oz can,042572044044,0,0.0,4,4,8.0,32.0
Blaine,,Pabst Light 12pk 12oz can,22100112780,0,0.0,5,5,9.37,47.0
Blaine,,Dogfish Head 90 Minute,638489003122,0,0.0,4,4,11.1,44.0
Blaine,,Hinterland Saving Gracie Juicy IPA 4pk 12oz can,742832076500,0,0.0,6,6,10.67,64.0
Blaine,,Weldwerks Extra Extra Juicy Bits 4pk 16oz can,810157160096,0,0.0,5,5,15.1,75.0
Blaine,,Shiner Bock 6pk 12oz btl,088573331011,0,0.0,7,7,7.92,55.0
Blaine,,New Belgium Voodoo Ranger Imperial IPA 6pk 12oz btl,754527004217,0,0.0,7,7,8.45,59.0
Blaine,,Urban Growler Vanilla Latte 4pk 16oz can,867978000384,0,0.0,8,8,9.67,77.0
Blaine,,Modist The Time Is Nigh Marzen 4pk 16oz can,810095560385,0,0.0,10,10,8.4,84.0
Blaine,,Indeed Flavorwave IPA 19.2oz can,852004004924,0,0.0,14,14,1.92,27.0
Blaine,,White Claw Surge Blackberry 19.2oz can,635985802013,0,0.0,21,21,2.33,49.0
Blaine,,Mike's Harder Lemonade 23oz can,635985245834,1,0.2,23,23,2.35,54.0
Blaine,,New Belgium Voodoo Ranger Juicy Haze IPA 12pk 12oz can,754527011376,1,0.3,15,15,13.19,198.0
Blaine,,War Pigs Foggy Geezer 6pk 12oz can,865024000418,2,0.3,24,24,9.0,216.0
Blaine,,Modelo Especial 32oz btl,033544950906,1,0.4,9,9,3.06,28.0
Blaine,,New Belgium Voodoo Ranger IPA 6pk 12oz can,754527000660,1,0.4,10,10,8.45,85.0
Blaine,,Pabst Blue Ribbon 12pk 12oz can,022100001701,1,0.4,11,11,9.49,104.0
Blaine,,Cayman Jack Paloma 6pk 12oz btl,815829011980,1,0.4,11,11,7.51,83.0
Blaine,,White Claw Blackberry 6pk 12oz can,635985801610,6,0.4,51,51,7.68,391.0
Blaine,,Heineken 24pk 12oz btl,072890000316,2,0.5,15,15,26.19,393.0
Blaine,,Michelob Ultra Zero 12pk 12oz can,018200204241,5,0.5,32,32,11.87,380.0
Blaine,,Boulevard Quirk Rocket Pop 12pk 12oz can,726959916536,1,0.7,5,5,13.45,67.0
Blaine,,Grain Belt Premium 24pk 16oz can,088067088100,2,0.7,10,10,21.75,217.0
Blaine,,Mike's Lemonade 12pk 12oz can,635985260172,2,0.7,10,10,13.76,138.0
Blaine,,Deschutes Fresh Squeezed IPA 19.2oz can,763176130192,2,0.7,10,10,2.1,21.0
Blaine,,Falling Knife Verbal Tip 4pk 16oz can,860004521402,6,0.7,27,27,12.03,325.0
Blaine,,Modist Brewing Dreamyard 4pk 16oz can,868044000314,2,0.8,9,9,9.95,90.0
Blaine,,Smirnoff Ice 12pk 12oz btl,082000725183,3,0.8,12,12,12.73,153.0
Blaine,,New Belgium Voodoo Ranger Imperial IPA 12pk 12oz can,754527009915,3,0.8,12,12,13.76,165.0
Blaine,,Schmidt's 30pk 12oz can,073360461422,1,0.9,4,4,18.2,73.0
Blaine,,White Claw Surge Green Apple 19.2oz can,635985802686,1,0.9,4,4,2.33,9.0
Blaine,,Third Street MN Gold Lager 12pk 16oz can,081780701356,2,0.9,8,8,10.84,87.0
Blaine,,Elysian Space Dust IPA 4pk 16oz can,817904006843,2,0.9,8,8,8.0,64.0
Blaine,,Twisted Tea Peach Tea 12pk 12oz can,087692010883,3,0.9,11,11,13.17,145.0
Blaine,,Athletic Brewing Upside Dawn N/A 12pk 12oz can,855352008132,4,0.9,15,15,13.72,206.0
Blaine,,Budweiser 6pk 16oz can,01801828,6,0.9,22,22,5.46,120.0
Blaine,,Newcastle Brown Ale 12pk 12oz btl,088345100531,2,1.0,7,7,13.77,96.0
Blaine,,NUTRL Cranberry Variety Pack 8pk 12oz can,018200203381,1,1.1,3,3,14.98,45.0
Blaine,,Steel Reserve 12pk 12oz can,078250003829,2,1.1,6,6,8.4,50.0
Blaine,,Press Sparkling Blackberry Hibiscus 12pk 12oz can,852313004936,2,1.1,6,6,13.92,84.0
Blaine,,Natural Ice 6pk 16oz can,01807822,3,1.1,9,9,5.05,45.0
Blaine,,Summit Extra Pale Ale 4pk 16oz can,025569243163,4,1.1,10,10,6.0,60.0
Blaine,,Michelob Ultra 24pk 12oz can,018200967153,60,1.1,155,155,21.64,3353.0
Blaine,,Castle Danger George Hunter 6pk 12oz can,856306005047,2,1.2,5,5,8.46,42.0
Blaine,,New Holland Dragons Milk 4pk 12oz btl,614036124113,4,1.2,10,10,12.76,128.0
Blaine,,Smirnoff Ice Red White and Berry Zero Sugar 12pk 12oz can,082000792574,5,1.2,12,12,13.46,162.0
Blaine,,Pryes Mass Hazeteria 4pk 16oz can,860488001674,5,1.2,12,12,10.15,122.0
Blaine,,White Claw Variety Pack #3 12pk 12oz can,635985800262,27,1.2,65,65,13.91,904.0
Blaine,,Bud Ice  30pk 12oz can,018200370304,7,1.3,15,15,15.3,229.0
Blaine,,Clown Shoes Space Cake 4pk 16oz can,854763007161,8,1.3,17,17,10.68,182.0
Blaine,,Budweiser 12pk 12oz can,018200110474,10,1.3,20,20,11.26,225.0
Blaine,,White Claw Mango 12pk 12oz can,635985100331,10,1.3,20,20,13.86,277.0
Blaine,,Sierra Nevada N/A Hazy IPA 6pk 12oz can,083783675856,1,1.4,2,2,8.45,17.0
Blaine,,Athletic Brewing Cerveza N/A 6pk 12oz can,855352008989,1,1.4,2,2,8.1,16.0
Blaine,,Miller 64 24pk 12oz can,034100153069,6,1.4,11,11,19.49,214.0
Blaine,,Michelob Golden Light 6pk 12oz btl,018200006708,7,1.4,13,13,6.66,87.0
Blaine,,Bell's Big Hearted 19.2oz can,740522426864,10,1.4,18,18,1.92,35.0
Blaine,,White Claw Green Apple 6pk 12oz can,635985802747,11,1.4,21,21,7.7,162.0
Blaine,,White Claw Natural Lime 6pk 12oz can,635985025986,17,1.4,31,31,7.71,239.0
Blaine,,Twisted Tea Light Variety Pack 12pk 12oz can,087692015161,17,1.4,32,32,13.41,429.0
Blaine,,Coronita Extra 24pk 8oz btl,080660954080,18,1.4,34,34,19.2,653.0
Blaine,,Michelob Golden Light 12pk 12oz btl,018200006975,21,1.5,36,36,11.29,407.0
Blaine,,Bell's IPA Variety Pack 12pk 12oz can,740522415967,3,1.6,5,5,15.06,75.0
Blaine,,Deschutes Fresh Squeezed IPA 6pk 12oz btl,763176120063,3,1.6,5,5,7.7,38.0
Blaine,,Modelo Oro 24oz can,033544001653,4,1.6,7,7,2.5,17.0
Blaine,,Cayman Jacked Margarita 19.2oz can,815829012130,5,1.6,8,8,2.33,19.0
Blaine,,Loon Juice Honeycrisp 12pk 12oz can,857463006120,5,1.6,8,8,17.29,138.0
Blaine,,Pabst Blue Ribbon 12pk 16oz can,022100001817,6,1.6,9,9,10.85,98.0
Blaine,,Leinenkugel's Honey Weiss 12pk 12oz can,034100486020,10,1.6,15,15,12.4,186.0
Blaine,,Bell's Big Hearted 6pk 12oz can,740522416889,2,1.7,3,3,9.0,27.0
Blaine,,Busch Light 12pk 12oz can,018200008016,13,1.7,18,18,10.61,191.0
Blaine,,Michelob Golden Light 12pk 12oz can,018200006937,31,1.7,44,44,11.29,497.0
Blaine,,NOCA Weekend Water 12pk 12oz can,850024192218,3,1.8,4,4,13.52,54.0
Blaine,,Press Sparkling Savor 12pk 12oz can,852313004929,3,1.8,4,4,14.02,56.0
Blaine,,Surly One Man Mosh Pit 12pk 12oz can,810005491198,5,1.8,7,7,13.27,93.0
Blaine,,Michelob Ultra 12pk 12oz can,018200069918,31,1.8,38,38,12.12,460.0
Blaine,,Milwaukee's Best Light 30pk 12oz can,034100073411,4,1.9,5,5,17.87,89.0
Blaine,,Miller Genuine Draft 24pk 12oz can,034100173067,4,1.9,5,5,19.49,97.0
Blaine,,Hamm's 12pk 12oz can,034100809027,4,1.9,5,5,8.64,43.0
Blaine,,Athletic Free Wave N/A 12pk 12oz can,855352008774,4,1.9,5,5,14.07,70.0
Blaine,,Hamm's 30pk 12oz can,034100807412,24,1.9,28,28,15.89,445.0
Blaine,,Michelob Golden Light 24pk 12oz can,018200968679,117,1.9,136,136,19.69,2678.0
Blaine,,Mike's Harder Variety 12pk 12oz can,635985802419,7,2.0,7,7,14.1,99.0
Blaine,,Surly Oktoberfest 12pk 12oz can,810005490085,8,2.0,8,8,13.26,106.0
Blaine,,White Claw Surge Variety Pack 12pk 12oz can,635985800804,34,2.0,35,35,13.92,487.0
Blaine,,Good Boy Vodka John Daly Tea 4pk 12oz can,850041804026,1,2.1,1,1,7.61,8.0
Blaine,,O'Douls N/A 12pk 12oz can,018200790478,2,2.1,2,2,12.29,25.0
Blaine,,Samuel Adams N/A Just the Haze IPA 6pk 12oz can,087692011903,2,2.1,2,2,7.7,15.0
Blaine,,Belching Beaver Phantom Bride IPA 6pk 16oz can,810960021584,2,2.1,2,2,11.41,23.0
Blaine,,Fulton Sweet Child of Vine 12pk 12oz can,856247003621,2,2.1,2,2,13.63,27.0
Blaine,,Corona Familiar 6pk 12oz btl,033544950517,3,2.1,3,3,7.23,22.0
Blaine,,Redd's Apple Ale 12pk 12oz btl,034100087227,3,2.1,3,3,13.05,39.0
Blaine,,Seagrams Escapes Variety Pack 12pk 12oz can,070310012444,3,2.1,3,3,11.16,33.0
Blaine,,Budweiser Zero 6pk 12oz btl,018200200397,4,2.1,4,4,6.81,27.0
Blaine,,Sapporo Draft 6pk 12oz btl,087975013501,4,2.1,4,4,8.27,33.0
Blaine,,Modist Teal Label West Coast IPA 4pk 16oz can,810095560170,4,2.1,4,4,7.88,32.0
Blaine,,Mckenzies Rotator 6pk 12oz btl,815907020330,4,2.1,4,4,9.01,36.0
Blaine,,MTN Dew Baja Blast 24oz can,840262400077,5,2.1,5,5,2.47,12.0
Blaine,,Sierra Nevada Atomic Torpedo 12pk 12oz can,083783575545,6,2.1,6,6,13.97,84.0
Blaine,,Stella Artois 6pk 12oz btl,786150000014,10,2.1,9,9,7.7,69.0
Blaine,,White Claw Variety Pack 24pk 12oz can,635985100249,59,2.1,53,53,25.91,1373.0
Blaine,,Mickeys Malt Liquor 12pk 12oz btl,034100774349,13,2.2,11,11,10.8,119.0
Blaine,,Bell's Hazy Hearted 19.2oz can,740522426765,15,2.2,13,13,1.95,25.0
Blaine,,NUTRL Fruit Variety Pack 8pk 12oz can,018200203527,6,2.3,5,5,14.99,75.0
Blaine,,Lupulin Oktoberfest 4pk 16oz can,857492006672,7,2.3,6,6,9.35,56.0
Blaine,,Elm Creek Bottom Dollar 4pk 16oz can,860011473268,4,2.4,3,3,10.71,32.0
Blaine,,Leinenkugel's Summer Shandy  24pk 12oz can,034100516963,8,2.4,6,6,22.96,138.0
Blaine,,Busch Light 24pk 16oz can,018200284663,45,2.4,31,31,20.36,631.0
Blaine,,White Claw Peach 6pk 12oz can,635985801573,7,2.5,5,5,7.72,39.0
Blaine,,Pabst Blue Ribbon 6pk 16oz can,02207412,10,2.5,6,6,4.85,29.0
Blaine,,Sierra Nevada Hazy IPA Pack 12pk 12oz can,083783675627,11,2.5,7,7,14.21,99.0
Blaine,,White Claw Raspberry 6pk 12oz can,635985260660,20,2.5,12,12,7.66,92.0
Blaine,,Captain Morgan Sliced Variety 12pk 12oz can,082000802754,3,2.6,2,2,13.47,27.0
Blaine,,Quirk Whip Seltzer Variety 12pk 12oz can,726959917526,3,2.6,2,2,13.55,27.0
Blaine,,Fulton Sweet Child of Vine 6pk 12oz can,810023141648,3,2.6,2,2,7.5,15.0
Blaine,,Sun Cruiser Vodka Lemonade Variety 8pk 12oz can,087692021544,48,2.6,27,27,14.76,398.0
Blaine,,Michelob Amber Bock 6pk 12oz btl,018200009747,5,2.7,3,3,7.39,22.0
Blaine,,Modelito 24pk 7oz btl,033544000212,5,2.7,3,3,19.17,58.0
Blaine,,Busch N/A 12pk 12oz can,018200006142,7,2.7,4,4,10.92,44.0
Blaine,,Bud Light Lime 12pk 12oz can,018200159831,7,2.7,4,4,12.85,51.0
Blaine,,BlackStack Local 755 IPA 4pk 16oz can,869283000400,7,2.7,4,4,11.53,46.0
Blaine,,Coors Banquet 15pk 16oz can,071990386429,13,2.7,7,7,17.88,125.0
Blaine,,Schell's Oktoberfest 12pk 12oz btl,088067056130,20,2.7,10,10,13.18,132.0
Blaine,,Grain Belt Premium 12pk 12oz btl,088067080005,20,2.7,10,10,11.78,118.0
Blaine,,Hamm's 6pk 16oz can,03417315,9,2.8,5,5,5.13,26.0
Blaine,,Truly Spiked Mixed Pack 24pk 12oz can,087692005803,22,2.8,10,10,25.6,256.0
Blaine,,Bud Select 55 24pk 12oz can,018200962264,2,2.9,1,1,19.73,20.0
Blaine,,Corona Sunbrew Citrus 6pk 12oz btl,033544002384,4,2.9,2,2,7.25,15.0
Blaine,,Samuel Adams Boston Lager 6pk 12oz btl,087692100126,4,2.9,2,2,7.7,15.0
Blaine,,Schell's Dark 12pk 12oz can,088067059131,4,2.9,2,2,12.96,26.0
Blaine,,Peroni 0.0 N/A 6pk 12oz btl,181954001074,4,2.9,2,2,8.5,17.0
Blaine,,Mike's Harder Cranberry 23oz can,635985249856,8,2.9,4,4,2.35,9.0
Blaine,,Surly Furious 6pk 12oz can,893354001904,8,2.9,4,4,8.46,34.0
Blaine,,Modelo Chelada Variety Pack 12pk 12oz can,033544001776,10,2.9,4,4,13.47,54.0
Blaine,,Stella Artois 12pk 11oz can,018200202490,11,2.9,4,4,13.47,54.0
Blaine,,Lupulin Hooey IPA 4pk 16oz can,857492006092,11,2.9,4,4,11.0,44.0
Blaine,,Busch Light 24pk 12oz can,018200861673,151,2.9,59,59,18.6,1097.0
Blaine,,Peroni 12pk 12oz btl,181954000046,7,3.0,3,3,14.02,42.0
Blaine,,Michelob Golden Light 24pk 16oz can,018200283963,125,3.0,41,41,21.6,886.0
Blaine,,Pryes Cartographer This Side Down 4pk 16oz can,850013268429,5,3.1,2,2,13.33,27.0
Blaine,,Summit Lager 4pk 12oz can,025569120211,8,3.1,3,3,3.78,11.0
Blaine,,Topo Chico Ranch Water Hard Seltzer 12pk 12oz can,810078780021,8,3.1,3,3,13.85,42.0
Blaine,,Not Your Father's Root Beer 6pk 12oz btl,849806000605,8,3.1,3,3,7.8,23.0
Blaine,,Loon Juice Variety Pack 12pk 12oz can,857463006069,8,3.1,3,3,17.51,53.0
Blaine,,Twisted Tea Hard Tea 12pk 12oz btl,087692831037,3,3.2,1,1,13.25,13.0
Blaine,,Portage Lakefellow IPA 4pk 16oz can,531111111190,3,3.2,1,1,11.1,11.0
Blaine,,Headflyer Wicked Fast Ball 4pk 16oz can,850009065889,3,3.2,1,1,9.29,9.0
Blaine,,Michelob Ultra Pure Gold 12pk 12oz can,018200201448,6,3.2,2,2,13.91,28.0
Blaine,,Prairie Artisan Ales Tiny Esses 4pk 12oz can,810079300464,6,3.2,2,2,12.03,24.0
Blaine,,Busch Light 6pk 16oz can,01842621,15,3.2,4,4,5.26,21.0
Blaine,,Truly Punch Variety 12pk 12oz can,087692012276,17,3.2,5,5,13.69,68.0
Blaine,,Summit Saga Imperial IPA 12pk 12oz can,025569191235,7,3.3,2,2,13.31,27.0
Blaine,,Corona Extra 4pk 16oz can,033544002117,7,3.3,2,2,5.24,10.0
Blaine,,Milwaukee's Best Ice 30pk 12oz can,034100303419,7,3.3,2,2,16.3,33.0
Blaine,,New Belgium Voodoo Ranger Imperial IPA 12pk 12oz btl,754527005672,7,3.3,2,2,13.47,27.0
Blaine,,Stella Liberte N/A 6pk 12oz btl,018200203138,10,3.3,3,3,7.72,23.0
Blaine,,Hacker Pschorr Oktober 12pk 11oz btl,049483030517,10,3.3,3,3,13.6,41.0
Blaine,,Indeed Flavorwave IPA 12pk 12oz can,850034657004,10,3.3,3,3,14.93,45.0
Blaine,,Lupulin Blissful Ignorance 4pk 16oz can,857492006597,10,3.3,3,3,10.98,33.0
Blaine,,Carbliss Pineapple 12pk 12oz can,860010894422,10,3.3,3,3,26.3,79.0
Blaine,,Bud Light 12pk 12oz can,018200530470,16,3.3,4,4,11.28,45.0
Blaine,,Michelob Golden Light 24pk 12oz btl,018200963797,39,3.3,8,8,19.79,158.0
Blaine,,Summit Extra Pale Ale 12pk 12oz can,025569243552,39,3.3,8,8,13.29,106.0
Blaine,,Bud Light 24pk 12oz can,018200531682,59,3.3,12,12,19.66,236.0
Blaine,,Sol Chelada 12pk 12oz can,089826130313,4,3.4,1,1,14.6,15.0
Blaine,,White Claw Mango 6pk 12oz can,635985260875,4,3.4,1,1,7.71,8.0
Blaine,,Big Sky Moose Drool Brown Ale 6pk 12oz can,700283010115,4,3.4,1,1,7.12,7.0
Blaine,,Bell's Hazy Hearted 6pk 12oz can,740522416780,4,3.4,1,1,9.0,9.0
Blaine,,Coronado Weekend Vibes IPA 6pk 16oz can,859718005995,4,3.4,1,1,12.0,12.0
Blaine,,Elm Creek Sustained Illusion 4pk 16oz can,860007140426,4,3.4,1,1,10.65,11.0
Blaine,,Sapporo 12pk 12oz can,087975043508,8,3.4,2,2,11.7,23.0
Blaine,,Leinenkugel's Rotator 12pk 12oz can,034100516192,11,3.4,3,3,12.61,38.0
Blaine,,Hard MTN Dew Baja Blast Variety 12pk 12oz can,840262400251,16,3.4,3,3,14.33,43.0
Blaine,,Truly Wild Berry 12pk 12oz can,087692015451,18,3.4,4,4,13.08,52.0
Blaine,,Sun Cruiser Lemonade Iced Tea 8pk 12oz can,087692021421,23,3.4,5,5,14.4,72.0
Blaine,,Michelob Golden Light 6pk 16oz can,01844328,45,3.4,9,9,5.46,49.0
Blaine,,Modelo Chelada Mango & Chile 24oz can,033544000267,13,3.5,2,2,2.39,5.0
Blaine,,Blue Moon Light 12pk 12oz can,071990095925,13,3.5,2,2,13.32,27.0
Blaine,,Bud Light 24pk 16oz can,5543400002,13,3.5,2,2,21.72,43.0
Blaine,,Deschutes Fresh Squeezed IPA 12pk 12oz can,763176230120,17,3.5,3,3,14.81,44.0
Blaine,,Budweiser 24pk 12oz can,018200111686,37,3.5,5,5,19.59,98.0
Blaine,,Firestone Into The Haze Variety 12pk 12oz can,602755011388,5,3.6,1,1,14.45,14.0
Blaine,,Loon Juice Honey Crisp 6pk 12oz can,866375000027,10,3.6,2,2,8.25,17.0
Blaine,,Modelo Oro 12pk 12oz can,033544001622,11,3.6,2,2,13.32,27.0
Blaine,,Summit Saga IPA 12pk 12oz can,025569193550,20,3.6,3,3,13.26,40.0
Blaine,,Nutrl Orange 4pk 12oz can,018200204012,6,3.7,1,1,7.57,8.0
Blaine,,Blue Moon Belgian White N/A 6pk 12oz can,071990001049,6,3.7,1,1,7.86,8.0
Blaine,,Hard MTN Dew Original 24oz can,840262400015,13,3.7,1,1,2.47,2.0
Blaine,,Modelo Especial 24pk 12oz btl,080660957760,20,3.7,2,2,25.29,51.0
Blaine,,Indeed Mexican Honey 4pk 16oz can,852004004184,8,3.8,1,1,9.75,10.0
Blaine,,Fulton Lonely Blonde 12pk 12oz can,856247003591,15,3.8,1,1,13.62,14.0
Blaine,,Pabst Blue Ribbon 24pk 16oz can,022100001732,16,3.8,1,1,19.32,19.0
Blaine,,Golden Road Mango Cart 12pk 12oz can,810628032426,16,3.8,1,1,12.83,13.0
Blaine,,Lift Bridge Grape Ape 12pk 12oz can,685165386000,21,3.8,2,2,12.88,26.0
Blaine,,Sun Cruiser Vodka Variety 8pk 12oz can,087692020301,36,3.8,3,3,14.65,44.0
Blaine,,Bud Light 25oz can,018200250019,9,3.9,1,1,2.33,2.0
Blaine,,Michelob Ultra 4pk 16oz can,01852424,9,3.9,1,1,4.54,5.0
Blaine,,Leinenkugel's Berry Weiss 12pk 12oz btl,034100255749,9,3.9,1,1,12.59,13.0
Blaine,,Four Loko Gold 23oz can,849806001169,9,3.9,1,1,2.11,2.0
Blaine,,Truly Lemonade Seltzer Mixed Pack 12pk 12oz can,087692009917,11,3.9,1,1,13.8,14.0
Blaine,,Budweiser 12pk 12oz btl,018200007712,13,4.0,1,1,11.32,11.0
Blaine,,Miller High Life 24pk 12oz btl,034100012434,24,4.0,1,1,17.63,18.0
Blaine,,Kona Big Wave Golden Ale 4pk 16oz can,796030624964,27,4.0,1,1,4.95,5.0
Bloomington,Artisan Beer,Craft Mystery Beer 12pk,400000025681,0,0.0,7,7,5.0,35.0
Bloomington,Artisan Beer,Blackstack Microdosing Krush 4pk 16oz can,850000321595,0,0.0,1,6,12.3,74.0
Bloomington,Artisan Beer,Firestone Walker 805 Blonde Ale 24oz can,602755006582,3,3.2,1,12,2.26,27.0
Bloomington,Back Channel Brewing Co.,Back Channel Cornelius 4pk 16oz can,656382307147,0,0.0,1,6,7.5,45.0
Bloomington,Bernicks,Strongbow Original Dry Hard Cider 4pk 17oz can,088345102207,0,0.0,3,18,5.57,100.0
Bloomington,Bernicks,Captain Morgan Sliced Long Island 24oz can,082000806363,4,1.7,1,12,2.21,27.0
Bloomington,Bernicks,Dos Equis Lager Especial 12pk 12oz btl,072311230124,2,2.1,1,2,13.54,27.0
Bloomington,Bernicks,Castle Danger Castle Cream Ale 6pk 12oz can,856306005023,6,2.1,2,8,8.46,68.0
Bloomington,Bernicks,Guinness Draught 8pk 15oz can,083820123685,4,2.4,1,3,12.2,37.0
Bloomington,Bernicks,Miller High Life 12pk 12oz btl,034100015091,5,2.7,2,4,10.21,41.0
Bloomington,Bernicks,Guinness Draught 6pk 11oz btl,083820104011,4,2.9,1,4,7.27,29.0
Bloomington,Bernicks,Castle Danger Variety Pack 12pk 12oz can,856306005542,6,3.7,1,2,15.6,31.0
Bloomington,Bernicks,Miller Lite 24pk 16oz can,034100573232,16,3.8,1,1,21.41,21.0
Bloomington,"Breakthru Beverage Minnesota Beer, LLC",Downeast Cider Seasonal 2 4pk 12oz can,858612003557,-3,-4.3,1,6,9.25,56.0
Bloomington,"Breakthru Beverage Minnesota Beer, LLC",Leinenkugel's Lodge Pack 12pk 12oz can,034100012625,0,0.0,1,2,13.07,26.0
Bloomington,"Breakthru Beverage Minnesota Beer, LLC",Downeast Cider Original Blend 6pk 12oz can,858612003397,0,0.0,1,4,8.82,35.0
Bloomington,"Breakthru Beverage Minnesota Beer, LLC",Stella Artois 12pk 11oz btl,786150000144,1,1.1,2,4,11.09,44.0
Bloomington,"Breakthru Beverage Minnesota Beer, LLC",Cayman Jack Strawberry Margarita 6pk 12oz btl,815829011997,2,1.2,2,8,7.46,60.0
Bloomington,"Breakthru Beverage Minnesota Beer, LLC",Miller High Life 6pk 16oz can,03400713,9,1.3,5,20,5.14,103.0
Bloomington,"Breakthru Beverage Minnesota Beer, LLC",Coors Light 6pk 16oz can,071990320003,12,1.3,7,28,5.41,151.0
Bloomington,"Breakthru Beverage Minnesota Beer, LLC",Samuel Adams Variety Pack 12pk 12oz can,087692003588,1,1.4,1,2,12.99,26.0
Bloomington,"Breakthru Beverage Minnesota Beer, LLC",Sapporo 12pk 12oz can,087975043508,2,1.4,2,4,11.7,47.0
Bloomington,"Breakthru Beverage Minnesota Beer, LLC",Deschutes N/A Fresh Squeezed 6pk 12oz cans,763176619062,2,1.4,1,4,7.69,31.0
Bloomington,"Breakthru Beverage Minnesota Beer, LLC",Coors Heritage 6pk 12oz btl,071990170288,6,1.4,3,12,6.69,80.0
Bloomington,"Breakthru Beverage Minnesota Beer, LLC",Corona Extra 24oz can,080660956435,6,1.5,1,12,2.39,29.0
Bloomington,"Breakthru Beverage Minnesota Beer, LLC",Twisted Tea Extreme Lemon 24oz can,087692017837,13,1.5,2,24,2.35,56.0
Bloomington,"Breakthru Beverage Minnesota Beer, LLC",New Belgium Voodoo Ranger Imperial IPA 6pk 12oz btl,754527004217,3,1.6,2,8,8.45,68.0
Bloomington,"Breakthru Beverage Minnesota Beer, LLC",Modelo Chelada Limon y Sal 24oz can,033544950609,6,1.6,1,12,2.38,29.0
Bloomington,"Breakthru Beverage Minnesota Beer, LLC",MIke's Variety 12pk 12oz can,635985260011,2,1.7,2,4,14.09,56.0
Bloomington,"Breakthru Beverage Minnesota Beer, LLC",Modelo Especial 12pk 12oz can,080660957159,10,1.8,7,14,13.36,187.0
Bloomington,"Breakthru Beverage Minnesota Beer, LLC",Corona Extra 12pk 12oz can,080660956954,5,1.9,3,6,13.69,82.0
Bloomington,"Breakthru Beverage Minnesota Beer, LLC",Modelo Chelada Mango & Chile 24oz can,033544000267,7,1.9,1,12,2.39,29.0
Bloomington,"Breakthru Beverage Minnesota Beer, LLC",Happy Dad Grape 12pk 12oz can,850046522154,2,2.1,1,2,13.79,28.0
Bloomington,"Breakthru Beverage Minnesota Beer, LLC",Miller 64 24pk 12oz can,034100153069,14,2.5,9,9,19.49,175.0
Bloomington,"Breakthru Beverage Minnesota Beer, LLC",Pacifico Clara Lager 12pk 12oz can,033544950319,7,2.7,2,4,13.44,54.0
Bloomington,"Breakthru Beverage Minnesota Beer, LLC",Steel Reserve 24oz can,078250003287,7,2.7,1,12,1.45,17.0
Bloomington,"Breakthru Beverage Minnesota Beer, LLC",Castle Danger Hazy Sunday 6pk 12oz can,856306005955,2,2.9,1,4,8.46,34.0
Bloomington,"Breakthru Beverage Minnesota Beer, LLC",Coronita Extra 6pk 8oz btl,080660954011,6,2.9,1,4,5.33,21.0
Bloomington,"Breakthru Beverage Minnesota Beer, LLC",Coors Light 24oz can,071990300654,32,3.0,1,12,2.28,27.0
Bloomington,"Breakthru Beverage Minnesota Beer, LLC",Deschutes Fresh Squeezed IPA 12pk 12oz can,763176230120,3,3.2,1,2,14.81,30.0
Bloomington,"Breakthru Beverage Minnesota Beer, LLC",Cayman Jack Margarita 12pk 12oz can,815829011119,6,3.2,1,2,13.91,28.0
Bloomington,"Breakthru Beverage Minnesota Beer, LLC",Modelo 24oz can,080660957210,15,3.2,1,12,2.39,29.0
Bloomington,"Breakthru Beverage Minnesota Beer, LLC",Coors Light 12pk 12oz can,071990000486,22,3.3,3,6,11.27,68.0
Bloomington,"Breakthru Beverage Minnesota Beer, LLC",Angry Orchard Green Apple 6pk 12oz btl,087692001492,8,3.4,1,4,8.11,32.0
Bloomington,"Breakthru Beverage Minnesota Beer, LLC",White Claw Surge Variety Pack 12pk 12oz can,635985800804,13,3.5,1,2,13.92,28.0
Bloomington,"Breakthru Beverage Minnesota Beer, LLC",Smirnoff Spiked Ice Screwdrive 24oz can,082000776925,8,3.8,1,12,2.3,28.0
Bloomington,"Capitol Beverage Sales, L.P.",Surfside Super Lyte Variety Pack 8pk 12oz can,810171361967,-1,-4.3,1,3,15.0,45.0
Bloomington,"Capitol Beverage Sales, L.P.",Cutwater Peach Margerita 4pk 12oz can,816751022389,-4,-4.3,1,6,9.88,59.0
Bloomington,"Capitol Beverage Sales, L.P.",Surfside Half and Half 24oz can,850050071167,2,0.7,1,12,1.94,23.0
Bloomington,"Capitol Beverage Sales, L.P.",Vodkade Zero Sugar Variety Pack 8pk 12oz can,850066495186,2,1.1,2,6,15.72,94.0
Bloomington,"Capitol Beverage Sales, L.P.",Cutwater Banana Mudslide 4pk 12oz can,816751024550,0,1.1,1,6,10.09,61.0
Bloomington,"Capitol Beverage Sales, L.P.",Cutwater Vodka Mule 4pk 12oz can,816751020606,8,2.5,1,6,9.87,59.0
Bloomington,"Capitol Beverage Sales, L.P.",Summit NA IPA 6pk 12oz can,025569142077,3,2.6,1,4,7.74,31.0
Bloomington,"Capitol Beverage Sales, L.P.",Vodkade Variety Pack 8pk 12oz can,850066495056,6,2.9,1,3,15.72,47.0
Bloomington,"Capitol Beverage Sales, L.P.",Carbliss Pineapple 4pk 12oz can,860007988875,4,3.4,1,6,8.9,53.0
Bloomington,"Capitol Beverage Sales, L.P.",Cutwater White Russian 4pk 12oz can,816751022068,14,3.4,1,6,9.88,59.0
Bloomington,"Capitol Beverage Sales, L.P.",Cutwater Pineapple Margarita 4pk 12oz can,816751022792,8,3.9,1,6,9.86,59.0
Bloomington,"Capitol Beverage Sales, L.P.",Kona Big Wave 25oz can,796030250965,11,3.9,1,15,2.08,31.0
Bloomington,"College City Beverage, Inc.",Busch Light Lime 24pk 12oz can,018200293016,0,0.0,8,8,11.74,94.0
Bloomington,"College City Beverage, Inc.",Garage Beer Light 12pk 12oz can,851834008607,0,0.0,2,4,12.41,50.0
Bloomington,"College City Beverage, Inc.",War Pigs Foggy Geezer 12pk 12oz can,865024000470,1,0.6,3,6,15.87,95.0
Bloomington,"College City Beverage, Inc.",Lift Bridge Grape Ape 19.2oz can,685165386086,5,1.4,1,24,2.07,50.0
Bloomington,Dahlheimer Beverage Monticello,Summit Saga Variety 12pk 12oz can,025569191150,-14,-30.0,1,2,13.2,26.0
Bloomington,Dahlheimer Beverage Monticello,Coors Light 9pk 16oz can,071990301040,-8,-8.6,2,4,11.21,45.0
Bloomington,Dahlheimer Beverage Monticello,Deschutes N/A Fresh Haze 6pk 12oz can,763176380078,0,0.0,1,4,7.7,31.0
Bloomington,Dahlheimer Beverage Monticello,Surly Furious 4pk 16oz can,893354001027,2,1.2,1,6,9.03,54.0
Bloomington,Dahlheimer Beverage Monticello,Sierra Nevada Hazy Little Thing IPA 6pk 12oz can,083783110104,4,1.9,2,8,8.45,68.0
Bloomington,Dahlheimer Beverage Monticello,Coors Light 15pk 16oz can,071990095277,6,2.1,6,6,18.01,108.0
Bloomington,Dahlheimer Beverage Monticello,Bell's Oberon Rotating 12pk 12oz can,740522110664,2,2.9,1,2,21.06,42.0
Bloomington,Dahlheimer Beverage Monticello,White Claw Black Cherry 19.2oz can,635985801986,10,3.1,1,12,2.33,28.0
Bloomington,Falling Knife Brewing Company,Falling Knife Tomm's American Lager 4pk 16oz can,860004521457,0,0.0,1,6,8.15,49.0
Bloomington,"Hohensteins, Inc.",Pabst Blue Ribbon 12pk 12oz can,022100001701,0,0.0,2,4,9.49,38.0
Bloomington,"Hohensteins, Inc.",Bell's Big Hearted 6pk 12oz can,740522416889,2,0.9,2,8,9.0,72.0
Bloomington,"Hohensteins, Inc.",Bell's Hazy Hearted IPA 12pk 12oz can,740522437860,3,3.2,1,2,15.21,30.0
Bloomington,Phillips Wine & Spirits - St. Paul,Two Chicks Paloma 4pk 12oz can,850003574028,2,1.4,1,6,7.8,47.0
Bloomington,"Pryes Brewing Company, LLC",Pryes PryesFest 4pk 16oz can,850013268900,5,3.6,1,6,8.29,50.0
Bloomington,Single Can,Cutwater Grapefruit Tequila Paloma 12oz can,816751021184,-11,-47.1,1,24,0.0,0.0
Bloomington,Single Can,Cutwater Vodka Mule 12oz can,816751020774,0,0.0,1,24,2.47,59.0
Bloomington,Single Can,Cutwater Tiki Rum Mai Tai 12oz can,816751021665,0,0.0,1,24,1.72,41.0
Bloomington,Single Can,Cutwater Long Island 12oz can,816751021986,0,0.0,1,24,2.46,59.0
Bloomington,Single Can,Cutwater Mango Margatira 12oz can,816751022099,0,0.0,1,24,2.45,59.0
Bloomington,Single Can,Cutwater Pina Colada 12oz Can,816751022471,0,0.0,1,24,2.47,59.0
Bloomington,Single Can,Cutwater Lemon Drop 4pk 12oz can,816751023782,0,0.0,1,24,2.48,60.0
Bloomington,Single Can,Cutwater Strawberry Margarita 12oz can,816751022440,0,0.0,1,24,2.47,59.0
Bloomington,Single Can,Cutwater Pineapple Margarita 12oz can,816751022785,0,0.0,1,24,2.46,59.0
Bloomington,Single Can,Cutwater Espresso Martini 12oz Can,816751023720,0,0.0,1,24,2.48,60.0
Bloomington,Single Can,Cutwater Tequila Lime Margarita 12oz can,816751021214,0,0.0,1,24,2.28,55.0
Bloomington,Single Can,Cutwater White Russian 12oz can,816751022051,0,0.0,1,24,2.47,59.0
Bloomington,Venn Brewing Co.,Venn Pilsner 4pk 16oz can,850013255139,0,0.0,1,6,8.04,48.0
Bloomington,Venn Brewing Co.,Venn Cosmosis Pacific Punch 4pk 16oz can,850013255115,1,2.1,1,6,13.21,79.0
Bloomington,,Michelob Ultra 24pk 12oz btl,018200967283,-6,-25.7,1,1,23.12,23.0
Bloomington,,White Claw Pineapple 6pk 12oz can,635985000440,-10,-21.4,2,2,7.65,15.0
Bloomington,,Bud Light 6pk 12oz btl,018200008337,-4,-17.1,1,1,6.65,7.0
Bloomington,,Bent Paddle Light Lager  12pk 12oz can,850024846326,-8,-11.4,3,3,11.7,35.0
Bloomington,,Summit NA Amber 6pk 12oz can,025569142107,-2,-8.6,1,1,8.46,8.0
Bloomington,,Falling Knife Verbal Tip 4pk 16oz can,860004521402,-12,-5.7,9,9,12.03,108.0
Bloomington,,Michelob Ultra 12pk 12oz btl,018200059902,-5,-5.4,4,4,12.16,49.0
Bloomington,,Summit Lake Crusher/Winter 12pk 12oz can,025569195554,-8,-4.9,7,7,12.29,86.0
Bloomington,,Warsteiner Oktoberfest 4pk 17oz can,082054807590,-2,-4.3,2,2,8.0,16.0
Bloomington,,Guinness Zero 15oz can,083820125306,-1,-4.3,1,1,0.0,0.0
Bloomington,,White Claw Peach 19.2oz can,635985803669,-1,-4.3,1,1,2.33,2.0
Bloomington,,Urban Growler Vanilla Latte 4pk 16oz can,867978000384,0,0.0,1,1,9.67,10.0
Bloomington,,Modist Monsoon Strike 4pk 16oz can,810095561474,0,0.0,3,3,11.53,35.0
Bloomington,,Inbound Contains Bees 4pk 16oz can,854249004745,0,0.0,3,3,6.83,21.0
Bloomington,,Surly Grapefruit Supreme 12pk 12oz can,810005490184,0,0.0,6,6,13.07,78.0
Bloomington,,Warpigs Imperial Geezer 6pk 12oz can,850025840194,0,0.0,4,4,9.0,36.0
Bloomington,,BlackStack Local 755 IPA 4pk 16oz can,869283000400,0,0.0,5,5,11.53,58.0
Bloomington,,Cutwater Banana Mudslide 12oz can,816751024543,0,0.0,9,9,2.52,23.0
Bloomington,,Bud Light 40oz btl,01816024,0,0.0,12,12,2.85,34.0
Bloomington,,Surly Furious 12pk 12oz can,893354001515,0,0.0,15,15,15.41,231.0
Bloomington,,Stella Artois 6pk 12oz btl,786150000014,1,0.7,5,5,7.7,39.0
Bloomington,,Busch Light 24pk 12oz can,018200861673,9,0.7,40,40,18.6,744.0
Bloomington,,Lift Bridge Grape Ape 12pk 12oz can,685165386000,2,1.0,7,7,12.88,90.0
Bloomington,,Rolling Rock 30pk 12oz can,071439340302,1,1.4,2,2,15.47,31.0
Bloomington,,Cayman Jacks Zero Sugar Margarita Variety Pack 12pk 12oz can,815829011881,1,1.4,2,2,13.85,28.0
Bloomington,,Corona Familiar 32oz btl,080660956831,13,2.0,14,14,3.06,43.0
Bloomington,,Kirin Ichiban,040063175468,1,2.1,1,1,8.45,8.0
Bloomington,,Steel Toe Size 4 6pk 12oz can,855123003274,4,2.1,4,4,9.0,36.0
Bloomington,,Sun Cruiser Vodka Lemonade Variety 8pk 12oz can,087692021544,7,2.1,7,7,14.76,103.0
Bloomington,,Michelob Golden Light 12pk 12oz btl,018200006975,17,2.3,13,13,11.29,147.0
Bloomington,,Summit Saga IPA 12pk 12oz can,025569193550,4,2.4,3,3,13.26,40.0
Bloomington,,Summit Saga IPA 4pk 16oz can,025569193161,7,2.5,5,5,6.0,30.0
Bloomington,,Michelob Golden Light 24pk 16oz can,018200283963,19,2.5,11,11,21.6,238.0
Bloomington,,White Claw Variety Pack 24pk 12oz can,635985100249,19,2.7,9,9,25.91,233.0
Bloomington,,Michelob Ultra 6pk 12oz btl,018200059896,2,2.9,1,1,7.16,7.0
Bloomington,,Bud Light 25oz can,018200250019,2,2.9,1,1,2.33,2.0
Bloomington,,Corona Sunbrew Citrus 24oz can,033544002445,2,2.9,1,1,2.42,2.0
Bloomington,,Alaskan Amber 6pk 12oz can,040850130014,2,2.9,1,1,7.32,7.0
Bloomington,,Lupulin Oktoberfest 4pk 16oz can,857492006672,2,2.9,1,1,9.35,9.0
Bloomington,,Cayman Jacked Margarita 19.2oz can,815829012130,8,2.9,4,4,2.33,9.0
Bloomington,,Michelob Ultra 8pk 16oz can,018200239861,3,3.2,1,1,8.71,9.0
Bloomington,,Kona Big Wave Golden Ale 4pk 16oz can,796030624964,12,3.2,3,3,4.95,15.0
Bloomington,,NUTRL Fruit Variety Pack 8pk 12oz can,018200203527,4,3.4,1,1,14.99,15.0
Bloomington,,Michelob Ultra 25oz can,018200250101,5,3.6,1,1,2.08,2.0
Bloomington,,Ole Tequila Cocktail Variety Pack 8pk 12oz can,635985804048,5,3.6,1,1,16.36,16.0
Bloomington,,Chelada Bud Light & Clamato 25oz can,018200255083,8,3.8,1,1,2.28,2.0
Bloomington,,Michelob Golden Light 12pk 12oz can,018200006937,18,3.9,1,1,11.29,11.0
Chanhassen,2 Towns,2 Towns Ciderhouse Variety Pack 12pk 12oz can,852892003467,0,0.0,1,2,17.13,34.0
Chanhassen,Artisan Beer,Toppling Goliath Hazy Day Sue 6pk 12oz can,810070239541,-49,-42.0,2,8,10.0,80.0
Chanhassen,Artisan Beer,Blackstack Security Blanket IIPA,850000317390,-1,-4.3,1,6,15.38,92.0
Chanhassen,Artisan Beer,Surly Selects Variety Pack 12pk 12oz can,810005491266,-1,-0.7,3,6,15.42,92.0
Chanhassen,Artisan Beer,Blackstack We Already Ate 4pk 16oz can,850000321618,0,0.0,1,6,15.38,92.0
Chanhassen,Artisan Beer,Blackstack I Think It Might Be Broken 4pk 16oz can,850000321649,0,0.0,1,6,15.38,92.0
Chanhassen,Artisan Beer,Surly Todd The Axe Man 4pk 16oz can,893354001201,0,0.0,2,12,12.24,147.0
Chanhassen,Artisan Beer,Toppling Goliath Pseudo Sue 4pk 16oz can,852211003321,0,0.0,2,12,10.0,120.0
Chanhassen,Artisan Beer,Toppling Goliath King Sue Double IPA 4pk 16oz can,852211003697,1,0.2,3,18,13.85,249.0
Chanhassen,Artisan Beer,Blackstack Just Circling Back IPA 4pk 16oz can,850000318960,2,0.5,3,18,12.3,221.0
Chanhassen,Artisan Beer,Surly Furious 4pk 16oz can,893354001027,5,0.9,4,24,9.03,217.0
Chanhassen,Artisan Beer,Blackstack Harvest Moon 4pk 16oz can,850000321014,2,2.1,1,6,10.0,60.0
Chanhassen,Artisan Beer,Bent Paddle Bent Hop 6pk 12oz cans,858106004398,3,2.6,1,4,9.24,37.0
Chanhassen,Back Channel Brewing Co.,Back Channel Good Fun 4pk 16oz can,656382224291,0,0.0,1,6,7.5,45.0
Chanhassen,Back Channel Brewing Co.,Back Channel District 5 New England IPA 4pk 16oz can,656382340861,0,0.0,2,12,12.01,144.0
Chanhassen,Bellboy Corporation,Funny Water Variety BGJ 6pk 12oz can,860009016200,-2,-8.6,1,4,6.75,27.0
Chanhassen,Bernicks,Lagunitas Hazy IPA 12pk 12oz can,723830300033,-42,-36.0,3,6,12.0,72.0
Chanhassen,Bernicks,Castle Danger Cooler by the Lake 12pk 12oz can,856306005832,-5,-10.7,1,2,5.93,12.0
Chanhassen,Bernicks,Heineken 12pk 12oz btl,072890000163,-8,-6.9,3,6,13.31,80.0
Chanhassen,Bernicks,New Belgium Juice Force Hazy IPA 19.2oz can,754527011710,-11,-5.9,1,15,1.99,30.0
Chanhassen,Bernicks,Castle Danger Variety Pack 12pk 12oz can,856306005542,-7,-5.0,3,6,15.6,94.0
Chanhassen,Bernicks,Smirnoff Ice Red White & Berry 6pk 11oz btl,082000782506,-1,-4.3,1,4,7.51,30.0
Chanhassen,Bernicks,Miller Lite 15pk 16oz can,034100577070,-6,-3.2,8,8,17.9,143.0
Chanhassen,Bernicks,Miller High Life 12pk 12oz can,034100016364,0,0.0,1,2,10.13,20.0
Chanhassen,Bernicks,Leinenkugel's Sum Shandy 6pk 12oz btl,034100516055,0,0.0,2,8,7.72,62.0
Chanhassen,Bernicks,Heineken 6pk 12oz btl,072890000118,0,0.0,4,16,7.33,117.0
Chanhassen,Bernicks,Guinness Zero 4pk 15oz can,083820125344,0,0.0,1,6,6.52,39.0
Chanhassen,Bernicks,Grain Belt Premium 12pk 16oz can,088067088209,1,0.4,5,10,12.34,123.0
Chanhassen,Bernicks,Miller Lite 24pk 16oz can,034100573232,3,0.6,18,18,21.41,385.0
Chanhassen,Bernicks,Guinness Draught 8pk 15oz can,083820123685,3,0.6,7,21,12.2,256.0
Chanhassen,Bernicks,Miller Lite 12pk 12oz btl,034100575090,3,0.9,6,12,11.31,136.0
Chanhassen,Bernicks,Guinness Draught 6pk 11oz btl,083820104011,1,1.1,1,4,7.27,29.0
Chanhassen,Bernicks,New Belgium Voodoo Tropic Force 6pk 12oz can,754527006525,1,1.1,1,4,8.45,34.0
Chanhassen,Bernicks,Miller Lite 6pk 16oz can,03435719,6,1.2,4,16,5.45,87.0
Chanhassen,Bernicks,New Belgium Voodoo Ranger Juice Force 6pk 12oz can,754527011727,2,1.7,1,4,8.45,34.0
Chanhassen,Bernicks,Castle Danger Aurora Haze NE IPA 6pk 12oz can,856306005139,3,2.1,1,4,8.46,34.0
Chanhassen,Bernicks,Miller Lite 12pk 12oz can,034100576363,9,2.6,3,6,11.3,68.0
Chanhassen,Bernicks,Castle Danger Cream Ale 12pk 12oz can,856306005559,12,3.2,2,4,15.34,61.0
Chanhassen,"Black Stack Brewing, Inc",Blackstack Late To The Party Fest Bier 4pk 16oz can,850000319776,0,0.0,1,6,9.23,55.0
Chanhassen,"Breakthru Beverage Minnesota Beer, LLC",New Belgium Fruit Force IPA 19.2oz can,754527012076,-11,-47.1,1,15,1.95,29.0
Chanhassen,"Breakthru Beverage Minnesota Beer, LLC",Twisted Tea 12pk 12oz can,087692831341,-12,-17.1,2,4,13.44,54.0
Chanhassen,"Breakthru Beverage Minnesota Beer, LLC",Sociable Cider Werks Freewheeler 4pk 12oz can,859990007120,-11,-11.8,1,6,7.12,43.0
Chanhassen,"Breakthru Beverage Minnesota Beer, LLC",New Belgium Voodoo Ranger Imperial IPA 12pk 12oz btl,754527005672,-5,-10.7,1,2,13.47,27.0
Chanhassen,"Breakthru Beverage Minnesota Beer, LLC",Modelo Especial 12pk 12oz btl,080660957579,-27,-6.8,8,16,13.35,214.0
Chanhassen,"Breakthru Beverage Minnesota Beer, LLC",Corona Extra 12pk 12oz btl,080660956152,-56,-6.5,18,36,13.32,480.0
Chanhassen,"Breakthru Beverage Minnesota Beer, LLC",Pacifico Clara Lager 12pk 12oz can,033544950319,-7,-6.0,3,6,13.44,81.0
Chanhassen,"Breakthru Beverage Minnesota Beer, LLC",Modelo 24oz can,080660957210,-45,-5.7,3,36,2.39,86.0
Chanhassen,"Breakthru Beverage Minnesota Beer, LLC",New Belgium Fat Tire 12pk 12oz can,754527001612,-5,-4.3,3,6,13.0,78.0
Chanhassen,"Breakthru Beverage Minnesota Beer, LLC",New Belgium Voodoo Ranger Imperial IPA 12pk 12oz can,754527009915,-23,-3.9,12,24,13.76,330.0
Chanhassen,"Breakthru Beverage Minnesota Beer, LLC",Coors Light 24pk 16oz can,071990301286,-60,-3.7,65,65,21.49,1397.0
Chanhassen,"Breakthru Beverage Minnesota Beer, LLC",Modelo Especial 12pk 12oz can,080660957159,-21,-2.9,15,30,13.36,401.0
Chanhassen,"Breakthru Beverage Minnesota Beer, LLC",Negra Modelo 6pk 12oz btl,080660957852,-6,-2.3,3,12,7.24,87.0
Chanhassen,"Breakthru Beverage Minnesota Beer, LLC",New Belgium Variety Pack 12pk 12oz can,754527004705,-2,-2.1,2,4,13.56,54.0
Chanhassen,"Breakthru Beverage Minnesota Beer, LLC",Corona Light 12pk 12oz btl,080660956756,-3,-1.8,4,8,13.39,107.0
Chanhassen,"Breakthru Beverage Minnesota Beer, LLC",White Claw Blackberry 6pk 12oz can,635985801610,-6,-1.8,4,16,7.68,123.0
Chanhassen,"Breakthru Beverage Minnesota Beer, LLC",White Claw Ruby Grapefruit 6pk 12oz can,635985200284,-3,-1.1,3,12,7.71,92.0
Chanhassen,"Breakthru Beverage Minnesota Beer, LLC",Truly Seasonal Variety Pack 12pk 12oz can,087692012825,-1,-0.9,3,6,13.73,82.0
Chanhassen,"Breakthru Beverage Minnesota Beer, LLC",Coors Banquet 12pk 12oz can,071990000479,-1,-0.5,4,8,11.22,90.0
Chanhassen,"Breakthru Beverage Minnesota Beer, LLC",Angry Orchard Crisp Apple 6pk 12oz btl,087692821021,-1,-0.4,3,12,8.03,96.0
Chanhassen,"Breakthru Beverage Minnesota Beer, LLC",Labatt Blue 15pk 12oz can,070310010129,0,0.0,1,2,11.4,23.0
Chanhassen,"Breakthru Beverage Minnesota Beer, LLC",Happy Dad Raspberry 12pk 12oz can,850046522178,0,0.0,1,2,13.81,28.0
Chanhassen,"Breakthru Beverage Minnesota Beer, LLC",Pilsner Urquell 12pk 12oz btl,072311133128,0,0.0,1,2,15.01,30.0
Chanhassen,"Breakthru Beverage Minnesota Beer, LLC",Newcastle Brown Ale 6pk 12oz btl,088345100050,0,0.0,1,4,7.29,29.0
Chanhassen,"Breakthru Beverage Minnesota Beer, LLC",Sun Cruiser Vodka Lemonade 4pk 12oz can,087692024293,0,0.0,1,6,7.06,42.0
Chanhassen,"Breakthru Beverage Minnesota Beer, LLC",New Belgium Voodoo Hard Tea Peach 24oz can,754527012281,0,0.0,1,12,2.35,28.0
Chanhassen,"Breakthru Beverage Minnesota Beer, LLC",Coors Light 6pk 16oz can,071990320003,4,0.3,11,44,5.41,238.0
Chanhassen,"Breakthru Beverage Minnesota Beer, LLC",Coors Banquet Heritage 12pk 12oz btl,071990170370,1,0.4,5,10,11.33,113.0
Chanhassen,"Breakthru Beverage Minnesota Beer, LLC",Deschutes Fresh Squeezed IPA 12pk 12oz can,763176230120,1,0.4,5,10,14.81,148.0
Chanhassen,"Breakthru Beverage Minnesota Beer, LLC",White Claw Surge Variety #2 12pk 12oz can,635985802525,1,0.4,6,12,13.84,166.0
Chanhassen,"Breakthru Beverage Minnesota Beer, LLC",Coors Light 12pk 12oz can,071990000486,7,0.4,29,58,11.27,654.0
Chanhassen,"Breakthru Beverage Minnesota Beer, LLC",Modelo Especial 4pk 16oz can,080660957609,2,0.4,4,24,5.2,125.0
Chanhassen,"Breakthru Beverage Minnesota Beer, LLC",Monaco Porn Star Crush 12oz can,850064265316,2,0.8,1,12,2.03,24.0
Chanhassen,"Breakthru Beverage Minnesota Beer, LLC",Happy Dad Fruit Punch 12pk 12oz can,084173940042,1,0.9,2,4,13.81,55.0
Chanhassen,"Breakthru Beverage Minnesota Beer, LLC",White Claw Ruby Grapefruit 19.2oz can,635985802143,3,0.9,1,12,2.33,28.0
Chanhassen,"Breakthru Beverage Minnesota Beer, LLC",Angry Orchard Crisp Apple 12pk 12oz can,087692000839,2,1.0,4,8,14.13,113.0
Chanhassen,"Breakthru Beverage Minnesota Beer, LLC",Blue Moon 6pk 12oz btl,071990095116,2,1.0,2,8,7.84,63.0
Chanhassen,"Breakthru Beverage Minnesota Beer, LLC",Modelo Especial 6pk 12oz btl,080660957654,4,1.2,3,12,7.13,86.0
Chanhassen,"Breakthru Beverage Minnesota Beer, LLC",Samuel Adams Seasonal 12pk 12oz can,087692001096,3,1.4,3,6,13.13,79.0
Chanhassen,"Breakthru Beverage Minnesota Beer, LLC",Lakefront New Grist 6pk 12oz can,746546000684,1,1.4,1,4,8.75,35.0
Chanhassen,"Breakthru Beverage Minnesota Beer, LLC",Castle Danger West Coast IPA 6pk 12oz can,856306005931,2,1.4,1,4,8.46,34.0
Chanhassen,"Breakthru Beverage Minnesota Beer, LLC",Modelo Especial Chelada 24oz can,080660957968,5,1.6,1,12,2.39,29.0
Chanhassen,"Breakthru Beverage Minnesota Beer, LLC",Miller Lite 6pk 12oz btl,034100575052,2,1.7,1,4,6.69,27.0
Chanhassen,"Breakthru Beverage Minnesota Beer, LLC",Happy Dad Grape 12pk 12oz can,850046522154,3,1.8,2,4,13.79,55.0
Chanhassen,"Breakthru Beverage Minnesota Beer, LLC",White Claw Variety Pack #3 12pk 12oz can,635985800262,13,1.8,8,16,13.91,223.0
Chanhassen,"Breakthru Beverage Minnesota Beer, LLC",Modelo Chelada Limon y Sal 12pk 12oz can,033544001301,2,2.1,1,2,13.35,27.0
Chanhassen,"Breakthru Beverage Minnesota Beer, LLC",Sierra Nevada Premium Pils 8pk 8oz can,083783676129,2,2.1,1,3,8.47,25.0
Chanhassen,"Breakthru Beverage Minnesota Beer, LLC",Mike's Lemonade 6pk 12oz btl,635985100621,2,2.1,1,4,7.71,31.0
Chanhassen,"Breakthru Beverage Minnesota Beer, LLC",Pacifico 12pk 12oz btl,080660953151,7,2.3,3,6,13.31,80.0
Chanhassen,"Breakthru Beverage Minnesota Beer, LLC",Coors Light 6pk 12oz btl,071990300050,4,2.4,1,4,6.69,27.0
Chanhassen,"Breakthru Beverage Minnesota Beer, LLC",White Claw Raspberry 6pk 12oz can,635985260660,5,2.4,1,4,7.66,31.0
Chanhassen,"Breakthru Beverage Minnesota Beer, LLC",Coors Light 24oz can,071990300654,22,2.5,2,24,2.28,55.0
Chanhassen,"Breakthru Beverage Minnesota Beer, LLC",White Claw Green Apple 6pk 12oz can,635985802747,6,2.6,1,4,7.7,31.0
Chanhassen,"Breakthru Beverage Minnesota Beer, LLC",Coors Banquet 15pk 16oz can,071990386429,2,2.9,1,1,17.88,18.0
Chanhassen,"Breakthru Beverage Minnesota Beer, LLC",Deschutes Fresh Squeezed IPA 12pk 12oz btl,763176140122,2,2.9,1,2,14.64,29.0
Chanhassen,"Breakthru Beverage Minnesota Beer, LLC",Sierra Nevada N/A Variety 12pk 12oz can,083783675672,4,2.9,1,2,14.29,29.0
Chanhassen,"Breakthru Beverage Minnesota Beer, LLC",Coors Light 12pk 12oz btl,071990300692,10,2.9,2,4,11.28,45.0
Chanhassen,"Breakthru Beverage Minnesota Beer, LLC",Coronita Extra 6pk 8oz btl,080660954011,2,2.9,1,4,5.33,21.0
Chanhassen,"Breakthru Beverage Minnesota Beer, LLC",Monaco Tequila Lime Crush 4pk 12oz can,891278002380,2,2.9,1,6,7.52,45.0
Chanhassen,"Breakthru Beverage Minnesota Beer, LLC",White Claw Surge Variety Pack 12pk 12oz can,635985800804,25,3.0,5,10,13.92,139.0
Chanhassen,"Breakthru Beverage Minnesota Beer, LLC",Downeast Cider Berry Variety Pack 12pk 12oz can,850046644566,4,3.4,1,2,14.86,30.0
Chanhassen,"Breakthru Beverage Minnesota Beer, LLC",White Claw Grape 6pk 12oz can,635985803645,8,3.4,1,4,7.7,31.0
Chanhassen,"Breakthru Beverage Minnesota Beer, LLC",Sierra Nevada Atomic Torpedo 19.2oz can,083783375572,4,3.4,1,15,2.01,30.0
Chanhassen,"Breakthru Beverage Minnesota Beer, LLC",Cutwater Lime Margarita 4pk 12oz can,816751021238,25,3.7,2,2,9.11,18.0
Chanhassen,"Breakthru Beverage Minnesota Beer, LLC",Sapporo 12pk 12oz can,087975043508,6,3.7,1,2,11.7,23.0
Chanhassen,"Breakthru Beverage Minnesota Beer, LLC",Samuel Adams Variety Pack 12pk 12oz can,087692003588,7,3.8,1,2,12.99,26.0
Chanhassen,"Breakthru Beverage Minnesota Beer, LLC",Monaco Watermelon Crush 12oz can,891278003530,9,3.9,1,12,1.94,23.0
Chanhassen,"Breakthru Beverage Minnesota Wine & Spirits, LLC","Monaco Vodka Knockout Punch 12oz can

",085005533724,1,0.5,1,12,2.05,25.0
Chanhassen,"Breakthru Beverage Minnesota Wine & Spirits, LLC",Monaco Strawberry Hard Lemonade 12oz can,891278003370,1,0.7,1,12,1.9,23.0
Chanhassen,"Breakthru Beverage Minnesota Wine & Spirits, LLC",Monaco Black Raspberry 12oz can,891278002304,8,2.9,1,12,1.95,23.0
Chanhassen,"Capitol Beverage Sales, L.P.",Cutwater Chocolate Espresso Martini 12oz can,816751024512,0,0.0,1,24,2.51,60.0
Chanhassen,"Capitol Beverage Sales, L.P.",Cutwater White Russian 4pk 12oz can,816751022068,2,0.5,3,18,9.88,178.0
Chanhassen,"Capitol Beverage Sales, L.P.",Summit NA Variery Pack 12pk 12oz can,025569142510,2,0.9,4,8,13.32,107.0
Chanhassen,"Capitol Beverage Sales, L.P.",Surfside Strawberry Lemonade 24oz can,850050071792,8,1.0,2,24,1.94,47.0
Chanhassen,"Capitol Beverage Sales, L.P.",Cutwater Espresso Martini 4pk 12oz can,816751023737,3,3.2,1,6,9.92,60.0
Chanhassen,"Capitol Beverage Sales, L.P.",Busch Light 8pk 16oz can,018200201905,10,3.3,1,3,6.95,21.0
Chanhassen,"Capitol Beverage Sales, L.P.",Surfside Half & Half Variety Pack 8pk 12oz can,810171361868,11,3.6,1,3,15.0,45.0
Chanhassen,"College City Beverage, Inc.",Summit Sampler Pack 12pk 12oz can,025569191136,-21,-45.0,1,2,13.2,26.0
Chanhassen,"College City Beverage, Inc.",NUTRL Peach 4pk 12oz can,018200204685,-9,-38.6,1,6,2.75,16.0
Chanhassen,"College City Beverage, Inc.",Busch Light Lime 24pk 12oz can,018200293016,1,0.5,8,8,11.74,94.0
Chanhassen,Dahlheimer Beverage Monticello,Summit Saga Variety 12pk 12oz can,025569191150,-78,-334.3,1,2,13.2,26.0
Chanhassen,Dahlheimer Beverage Monticello,Lift Bridge Seltzer Cocktail Variety Pack 12pk 12oz can,685165383641,-3,-12.9,1,2,13.33,27.0
Chanhassen,Dahlheimer Beverage Monticello,Bell's Oberon Rotating 12pk 12oz can,740522110664,-4,-5.7,2,4,21.06,84.0
Chanhassen,Dahlheimer Beverage Monticello,Victoria Lager 12pk 12oz btl,080660958835,-1,-4.3,1,2,13.36,27.0
Chanhassen,Dahlheimer Beverage Monticello,Corona Sunbrew Citrus 12pk 12oz btl,033544002421,-3,-2.6,3,6,13.41,80.0
Chanhassen,Dahlheimer Beverage Monticello,Athletic Lite N/A 12pk 12oz can,810061571520,0,0.0,1,2,11.82,24.0
Chanhassen,Dahlheimer Beverage Monticello,Corona N/A 12pk 12oz can,033544002261,0,0.0,2,4,13.64,55.0
Chanhassen,Dahlheimer Beverage Monticello,White Claw Mango 19.2oz can,635985802136,2,0.7,1,12,2.29,27.0
Chanhassen,Dahlheimer Beverage Monticello,Coors Light 15pk 16oz can,071990095277,8,1.3,17,17,18.01,306.0
Chanhassen,Dahlheimer Beverage Monticello,Sierra Nevada West Ghost West Coast IPA 4pk 16oz can,083783662788,4,2.1,1,6,13.83,83.0
Chanhassen,Dangerous Man Brewing,Dangerous Man Watermelon Sour 6pk 12oz can,796520922969,0,0.0,1,4,9.78,39.0
Chanhassen,Dual Citizen Brewing Company,Dual Citizen Wave Racer West Coast IPA 4pk 16oz can,766429623816,-6,-2.3,2,12,10.8,130.0
Chanhassen,Elm Creek Brewing Company,Elm Creek Rare Candy Sour Mix Pack 4pk 16oz can,860010714102,0,0.0,1,6,13.83,83.0
Chanhassen,Elm Creek Brewing Company,Elm Creek Hybrid Minds Variety Pack 4pk 16oz can,860011473237,0,0.0,1,6,13.83,83.0
Chanhassen,"Hohensteins, Inc.",Lagunitas Maximus 12pk 12oz can,723830005891,-3,-2.6,3,6,11.92,72.0
Chanhassen,"Hohensteins, Inc.",Lagunitas Variety Pack 12pk 12oz can,723830145122,-3,-2.6,3,6,11.99,72.0
Chanhassen,"Hohensteins, Inc.",Paulaner Pils 4pk 17oz can,080157344042,-1,-0.5,2,12,7.94,95.0
Chanhassen,"Hohensteins, Inc.",Bell's Big Hearted 6pk 12oz can,740522416889,-1,-0.4,3,12,9.0,108.0
Chanhassen,"Hohensteins, Inc.",Founders Centennial IPA 15pk 12oz can,642860900054,0,0.0,1,2,14.69,29.0
Chanhassen,"Hohensteins, Inc.",Indeed Mexican Honey Variety 12pk 12oz can,850034657899,0,0.0,1,2,14.78,30.0
Chanhassen,"Hohensteins, Inc.",Bell's IPA Variety Pack 12pk 12oz can,740522415967,0,0.0,3,6,15.06,90.0
Chanhassen,"Hohensteins, Inc.",Lagunitas Trooper IPA 6pk 12oz can,723830411845,0,0.0,2,8,7.5,60.0
Chanhassen,"Hohensteins, Inc.",Lagunitas Daytime IPA 12pk 12oz can,723830106123,2,0.5,7,14,11.98,168.0
Chanhassen,"Hohensteins, Inc.",Hamm's 12pk 12oz can,034100809027,1,1.1,2,4,8.64,35.0
Chanhassen,"Hohensteins, Inc.",Paulaner Original Munich Lager 4pk 17oz can,080157311648,2,1.1,1,6,7.25,44.0
Chanhassen,"Hohensteins, Inc.",Indeed Flavorwave IPA 6pk 12oz can,852004004429,2,1.2,2,8,8.77,70.0
Chanhassen,"Hohensteins, Inc.",Indeed Mexican Honey 4pk 16oz can,852004004184,6,1.4,2,12,9.75,117.0
Chanhassen,"Hohensteins, Inc.",Bell's Two Hearted Ale 19.2oz can,740522120861,7,1.4,1,15,1.9,28.0
Chanhassen,"Hohensteins, Inc.",Lagunitas IPA 12pk 12oz can,723830212121,3,1.6,3,6,11.98,72.0
Chanhassen,"Hohensteins, Inc.",Founders All Day IPA 15pk 12oz can,642860900245,4,2.1,2,4,14.76,59.0
Chanhassen,"Hohensteins, Inc.",Southern Tier Rotating 4pk 12oz btl,853759000421,4,2.1,1,6,11.2,67.0
Chanhassen,"Hohensteins, Inc.",Surly Lemon Drop 4pk 12oz can,810005492645,2,2.9,1,6,7.35,44.0
Chanhassen,"Hohensteins, Inc.",Lagunitas Little Sumpin' Ale 12pk 12oz can,723830914124,14,3.3,2,4,12.05,48.0
Chanhassen,"Hohensteins, Inc.",Bell's Big Hearted 19.2oz can,740522426864,18,3.5,1,15,1.92,29.0
Chanhassen,Luce Line Brewing,"Luce Line Broom wagon 4pk 16oz can
",732388479382,0,0.0,2,12,9.72,117.0
Chanhassen,Luce Line Brewing,Luce Line Money Trees 4pk 16oz can,691835199856,2,1.4,1,6,14.17,85.0
Chanhassen,Modist Brewing Company,Modist First Call Pumpkin Spiced Latte 4pk 16oz can,810095562105,2,2.1,1,6,9.48,57.0
Chanhassen,Old World Beers,Straffe Hendrik Xmas Blend 4pk 16oz can,608782502981,0,0.0,1,6,20.08,120.0
Chanhassen,Old World Beers,Kasteel Rubus Raspberry 4pk 500ml,850026259223,3,3.2,1,6,13.83,83.0
Chanhassen,Phillips Wine & Spirits - St. Paul,Two Chicks Citrus Margarita 4pk 12oz can,850003574042,0,0.0,1,6,4.82,29.0
Chanhassen,Single Can,Cutwater Tequila Lime Margarita 12oz can,816751021214,0,0.0,1,24,2.28,55.0
Chanhassen,Single Can,Cutwater Vodka Mule 12oz can,816751020774,0,0.0,1,24,2.47,59.0
Chanhassen,Single Can,Cutwater Strawberry Margarita 12oz can,816751022440,0,0.0,1,24,2.47,59.0
Chanhassen,Single Can,Cutwater Vodka Transfusion 12oz can,816751022556,0,0.0,1,24,2.47,59.0
Chanhassen,Single Can,Cutwater Pineapple Margarita 12oz can,816751022785,0,0.0,1,24,2.46,59.0
Chanhassen,Single Can,Cutwater Lemon Drop 4pk 12oz can,816751023782,0,0.0,1,24,2.48,60.0
Chanhassen,Single Can,Cutwater Tiki Rum Mai Tai 12oz can,816751021665,0,0.0,1,24,1.72,41.0
Chanhassen,Single Can,Cutwater Long Island 12oz can,816751021986,0,0.0,1,24,2.46,59.0
Chanhassen,Single Can,Cutwater White Russian 12oz can,816751022051,0,0.0,1,24,2.47,59.0
Chanhassen,Single Can,Cutwater Espresso Martini 12oz Can,816751023720,0,0.0,1,24,2.48,60.0
Chanhassen,Sociable Cider Werks,Sociable Cider Werks Side by Side Variety Pack 8pk 12oz can,859990007519,-3,-6.4,1,3,13.92,42.0
Chanhassen,"Unmapped Brewing Company, LLC",Unmapped Brewing No Trace IPA 6 Gallon,400000025704,0,0.0,1,1,89.0,89.0
Chanhassen,"Unmapped Brewing Company, LLC",Unmapped Adrift Hazy IPA 4pk 16oz can,064973164855,1,0.6,1,6,10.33,62.0
Chanhassen,Urban Growler Brewing Company,Urban Growler Hot Blonde Jalapeno Blonde Ale 4pk 16oz can,850007526689,6,2.0,2,12,7.96,96.0
Chanhassen,,Tucher Festbier 4pk 16oz can,608782504206,-5,-21.4,1,1,9.3,9.0
Chanhassen,,Excelsior Oktoberfest,719104789314,-33,-15.7,9,9,8.38,75.0
Chanhassen,,Superstition Strawberry Sunrise 750ml,635797791840,-3,-12.9,1,1,40.83,41.0
Chanhassen,,Bent Paddle Light Lager  12pk 12oz can,850024846326,-15,-9.2,7,7,11.7,82.0
Chanhassen,,Summit NA Amber 6pk 12oz can,025569142107,-2,-8.6,1,1,8.46,8.0
Chanhassen,,Summit Lake Crusher/Winter 12pk 12oz can,025569195554,-16,-6.9,10,10,12.29,123.0
Chanhassen,,Sierra Nevada Seasonal 6pk 12oz can,083783228229,-5,-4.3,5,5,8.31,42.0
Chanhassen,,Michelob Golden Draft 24pk 12oz btl,018200923791,-1,-4.3,1,1,0.0,0.0
Chanhassen,,Tucher Helles Hefe Weizen,608782504077,-1,-4.3,1,1,0.0,0.0
Chanhassen,,Headflyer Gold Medal Lager 4pk 16oz can,850009065858,-1,-4.3,1,1,8.39,8.0
Chanhassen,,Corona Premier 12pk 12oz btl,033544950425,-10,-3.6,12,12,13.46,161.0
Chanhassen,,Luce Line Foggy Bottom 4pk 16oz can,793888657472,-4,-1.6,11,11,10.61,117.0
Chanhassen,,Stone Delicious IPA 6pk 12oz can,636251743542,-1,-1.1,4,4,9.0,36.0
Chanhassen,,Bell's Hazy Hearted 19.2oz can,740522426765,-2,-0.2,36,36,1.95,70.0
Chanhassen,,Headflyer Wicked Fast Ball 4pk 16oz can,850009065889,0,0.0,1,1,9.29,9.0
Chanhassen,,Athletic Free Wave N/A 12pk 12oz can,855352008774,0,0.0,1,1,14.07,14.0
Chanhassen,,Crafted Artisan Meadery Strawberry Honey 17oz btl,856718004607,0,0.0,1,1,6.75,7.0
Chanhassen,,Sierra Nevada Hazy Little Thing 6 Gallon,SIERRAHAZYLITTLETHING6GAL,0,0.0,1,1,90.0,90.0
Chanhassen,,"Firestone Walker Cali Squeeze Blood Orange
12pk 12oz can

",602755011630,0,0.0,3,3,15.13,45.0
Chanhassen,,Back Channel Brewing Dunzo 4pk 16oz can,656382175944,0,0.0,3,3,11.9,36.0
Chanhassen,,Utepils Hoppestokk 4pk 16oz can,852449007436,0,0.0,2,2,9.23,18.0
Chanhassen,,Lift Bridge Grape Ape 12pk 12oz can,685165386000,0,0.0,6,6,12.88,77.0
Chanhassen,,Sociable Cider Werks Training Wheel 4pk 12oz can,865137000169,0,0.0,5,5,7.19,36.0
Chanhassen,,Surly Oktoberfest 12pk 12oz can,810005490085,2,0.4,17,17,13.26,225.0
Chanhassen,,Summit Extra Pale Ale 4pk 16oz can,025569243163,2,0.5,16,16,6.0,96.0
Chanhassen,,Schell's Rotator 12pk 12oz can,088067041037,3,0.5,23,23,12.98,299.0
Chanhassen,,Drekker Ectogasm 4pk 16oz can,867530901135,1,0.6,6,6,11.58,69.0
Chanhassen,,Lupulin Oktoberfest 4pk 16oz can,857492006672,3,0.6,16,16,9.35,150.0
Chanhassen,,Rolling Rock 12pk 12oz btl,071439457123,1,0.9,4,4,8.33,33.0
Chanhassen,,Weldwerks Juicy Bits IPA 4pk 16oz can,680168996577,1,0.9,4,4,12.67,51.0
Chanhassen,,Toppling Goliath Cyber Sue 6pk 12oz can,810070238520,2,1.0,7,7,10.0,70.0
Chanhassen,,Nutrl Orange 4pk 12oz can,018200204012,1,1.1,3,3,7.57,23.0
Chanhassen,,Dual Citizen Brewing Good Good Hazy IPA 4pk 16oz can,630128520557,2,1.1,6,6,10.26,62.0
Chanhassen,,Pryes Pragmatic Pils 4pk 16oz can,850013268023,3,1.3,7,7,7.33,51.0
Chanhassen,,Unmapped No Trace IPA 4pk 16oz can,011238257470,9,1.3,19,19,10.33,196.0
Chanhassen,,Miller High Life 6pk 12oz btl,034100015053,1,1.4,2,2,5.59,11.0
Chanhassen,,Tucher Helles Lager 4pk 17oz can,608782504220,2,1.4,4,4,9.98,40.0
Chanhassen,,Indeed Oktoberfest 6pk 12oz can,852004004580,2,1.4,4,4,9.1,36.0
Chanhassen,,Evil Twin Even More Jesus 4pk 16oz can,013964996517,8,1.9,9,9,14.36,129.0
Chanhassen,,War Pigs Foggy Geezer 19.2oz can,865024000494,8,2.0,8,8,2.79,22.0
Chanhassen,,Hinterland Saving Gracie Juicy IPA 4pk 12oz can,742832076500,1,2.1,1,1,10.67,11.0
Chanhassen,,NUTRL Lime 4pk 12oz can,018200204302,2,2.1,2,2,7.48,15.0
Chanhassen,,Modist Brewing False Pattern 4pk 16oz can,868044000338,5,2.1,5,5,8.46,42.0
Chanhassen,,NUTRL Fruit Variety Pack 8pk 12oz can,018200203527,4,2.4,3,3,14.99,45.0
Chanhassen,,BlackStack Local 755 IPA 4pk 16oz can,869283000400,9,2.8,5,5,11.53,58.0
Chanhassen,,Michelob Ultra 12pk 12oz can,018200069918,11,2.8,5,5,12.12,61.0
Chanhassen,,Sun Cruiser Vodka Lemonade Variety 8pk 12oz can,087692021544,15,2.9,6,6,14.76,89.0
Chanhassen,,Michelob Golden Light 12pk 12oz btl,018200006975,16,3.1,5,5,11.29,56.0
Chanhassen,,HeadFlyer It Was All A Dream 4pk 16oz can,850009065001,3,3.2,1,1,10.3,10.0
Chanhassen,,Modist Brewing Dreamyard 4pk 16oz can,868044000314,9,3.2,3,3,9.95,30.0
Chanhassen,,White Claw Surge Blackberry 19.2oz can,635985802013,7,3.3,2,2,2.33,5.0
Chanhassen,,Schell's Oktoberfest 12pk 12oz btl,088067056130,4,3.4,1,1,13.18,13.0
Chanhassen,,Michelob Ultra 24pk 12oz can,018200967153,29,3.5,5,5,21.64,108.0
Chanhassen,,Modist The Time Is Nigh Marzen 4pk 16oz can,810095560385,10,3.6,2,2,8.4,17.0
Chanhassen,,Steel Toe Size 7 6pk 12oz can,855123003168,15,3.6,2,2,9.5,19.0
Chanhassen,,Kona Big Wave Golden Ale 12pk 12oz can,796030824968,20,3.6,3,3,12.75,38.0
Chanhassen,,Lupulin Hooey IPA 4pk 16oz can,857492006092,6,3.7,1,1,11.0,11.0
Chanhassen,,Budweiser 6pk 16oz can,01801828,11,3.9,1,1,5.46,5.0
Cottage Grove,Ace Hard Cider,Ace Guava Hard Cider 6pk 12oz can,798449020047,0,0.0,1,4,8.31,33.0
Cottage Grove,Artisan Beer,Toppling Goliath Hazy Day Sue 6pk 12oz can,810070239541,-6,-12.9,1,4,10.0,40.0
Cottage Grove,Artisan Beer,Firestone Walker 8ZERO5 N/A 6pk 12oz can,602755013429,-1,-2.1,1,4,7.75,31.0
Cottage Grove,Artisan Beer,Blackstack Microdosing Krush 4pk 16oz can,850000321595,0,0.0,1,6,12.3,74.0
Cottage Grove,Artisan Beer,Blackstack Double Local Drops 4pk 16oz can,850000321625,0,0.0,1,6,15.38,92.0
Cottage Grove,Artisan Beer,Toppling Goliath Dino Break 4pk 16oz can,810070239107,1,0.9,1,6,13.85,83.0
Cottage Grove,Artisan Beer,Toppling Goliath Pseudo Sue 12pk 12oz can,810458034737,6,2.9,2,4,20.0,80.0
Cottage Grove,Barrel Theory Beer Company,Barrel Theory Raindrops 4pk 16oz can,739608451180,-8,-4.3,2,12,12.0,144.0
Cottage Grove,Bernicks,Miller Lite 6pk 16oz can,03435719,-59,-5.5,11,44,5.45,240.0
Cottage Grove,Bernicks,Miller Lite 12pk 12oz can,034100576363,-5,-0.7,15,30,11.3,339.0
Cottage Grove,Bernicks,Captain Morgan Sliced Tropical Hurricane 24oz can,082000805687,-1,-0.7,1,12,2.21,27.0
Cottage Grove,Bernicks,Strongbow Original Dry Hard Cider 4pk 17oz can,088345102207,2,0.9,2,12,5.57,67.0
Cottage Grove,Bernicks,Grain Belt Premium 12pk 16oz can,088067088209,3,1.2,4,8,12.34,99.0
Cottage Grove,Bernicks,Smirnoff Ice Screwdriver 6pk 12oz btl,082000757481,3,1.3,2,8,7.49,60.0
Cottage Grove,Bernicks,Miller Lite 9pk 16oz can,034100570231,9,1.6,7,14,11.23,157.0
Cottage Grove,Bernicks,Heineken 12pk 12oz btl,072890000163,11,2.2,5,10,13.31,133.0
Cottage Grove,Bernicks,Heineken 6pk 12oz btl,072890000118,8,2.3,2,8,7.33,59.0
Cottage Grove,Bernicks,New Belgium Juice Force Hazy IPA 19.2oz can,754527011710,8,2.3,1,15,1.99,30.0
Cottage Grove,Bernicks,Smirnoff Ice Red White & Berry 6pk 11oz btl,082000782506,5,2.4,1,4,7.51,30.0
Cottage Grove,Bernicks,New Belgium Juice Force 12pk 12oz can,754527012021,19,2.6,5,10,13.48,135.0
Cottage Grove,Bernicks,Captain Morgan Sliced Long Island 24oz can,082000806363,4,2.9,1,12,2.21,27.0
Cottage Grove,Bernicks,Dos Equis Lager Especial 12pk 12oz btl,072311230124,3,3.2,1,2,13.54,27.0
Cottage Grove,Bernicks,Leinenkugel's Honey Weiss 6pk 12oz btl,034100485054,9,3.2,1,4,7.72,31.0
Cottage Grove,Bernicks,Strongbow Gold Apple Cider 6pk 12oz btl,088345101514,10,3.3,1,4,7.96,32.0
Cottage Grove,Bernicks,Smirnoff Ice Zero Sugar Variety Pack 12pk 11oz can,082000796411,9,3.5,1,2,12.72,25.0
Cottage Grove,Bernicks,New Belgium Voodoo Tropic Force 6pk 12oz can,754527006525,9,3.5,1,4,8.45,34.0
Cottage Grove,Bernicks,New Belgium Voodoo Ranger Hoppy Pack 12pk 12oz can,754527010706,12,3.7,1,2,13.54,27.0
Cottage Grove,Bernicks,Castle Danger Castle Cream Ale 6pk 12oz can,856306005023,6,3.7,1,4,8.46,34.0
Cottage Grove,"Breakthru Beverage Minnesota Beer, LLC",Keystone Light 15pk 12oz can,071990480455,-19,-13.6,3,6,10.05,60.0
Cottage Grove,"Breakthru Beverage Minnesota Beer, LLC",Leinenkugel's Rotator 12pk 12oz can,034100516192,-8,-8.6,2,4,12.61,50.0
Cottage Grove,"Breakthru Beverage Minnesota Beer, LLC",Heineken 4pk 16oz can,072890000835,-5,-4.3,1,6,5.0,30.0
Cottage Grove,"Breakthru Beverage Minnesota Beer, LLC",Four Loko Sour Grape 23oz can,849806002678,-15,-2.9,2,24,2.2,53.0
Cottage Grove,"Breakthru Beverage Minnesota Beer, LLC",Cayman Jack Variety Pack 12pk 12oz can,815829010044,-9,-1.9,10,20,13.81,276.0
Cottage Grove,"Breakthru Beverage Minnesota Beer, LLC",Four Loko USA 23oz can,849806004726,-5,-1.0,2,24,2.12,51.0
Cottage Grove,"Breakthru Beverage Minnesota Beer, LLC",Leinenkugel's Lodge Pack 12pk 12oz can,034100012625,-2,-0.7,6,12,13.07,157.0
Cottage Grove,"Breakthru Beverage Minnesota Beer, LLC",Four Loko Blue Razz 23oz can,849806002272,-1,-0.3,2,24,2.1,50.0
Cottage Grove,"Breakthru Beverage Minnesota Beer, LLC",Leinenkugel's Honey Lemon Light 12pk 12oz can,034100597122,0,0.0,2,4,13.2,53.0
Cottage Grove,"Breakthru Beverage Minnesota Beer, LLC",Seagrams Escapes Variety Pack 12pk 12oz can,070310012444,0,0.0,2,4,11.16,45.0
Cottage Grove,"Breakthru Beverage Minnesota Beer, LLC",White Claw 0.0 Variety 12pk 12oz can,635985802792,0,0.0,2,4,13.98,56.0
Cottage Grove,"Breakthru Beverage Minnesota Beer, LLC",Sinless Cranberry 4pk 12oz can,087692022985,0,0.0,1,6,7.54,45.0
Cottage Grove,"Breakthru Beverage Minnesota Beer, LLC",Lupulin Hooey IPA 4pk 16oz can,857492006092,0,0.0,1,6,11.0,66.0
Cottage Grove,"Breakthru Beverage Minnesota Beer, LLC","Real American Beer 4pk 16oz can
",860013825553,0,0.0,1,6,4.12,25.0
Cottage Grove,"Breakthru Beverage Minnesota Beer, LLC",Monaco Tequila Lime Crush 4pk 12oz can,891278002380,0,0.0,1,6,7.52,45.0
Cottage Grove,"Breakthru Beverage Minnesota Beer, LLC",Simply Spiked Bold Cherry 24oz can,810078781820,0,0.0,1,12,2.48,30.0
Cottage Grove,"Breakthru Beverage Minnesota Beer, LLC",Miller High Life 24pk 12oz btl,034100012434,1,0.3,13,13,17.63,229.0
Cottage Grove,"Breakthru Beverage Minnesota Beer, LLC",Miller 64 24pk 12oz can,034100153069,1,0.4,10,10,19.49,195.0
Cottage Grove,"Breakthru Beverage Minnesota Beer, LLC",Twisted Tea Raspberry 24oz can,087692852315,1,0.4,1,12,2.35,28.0
Cottage Grove,"Breakthru Beverage Minnesota Beer, LLC",Modelo Especial 24pk 12oz can,080660957104,11,0.6,67,67,22.69,1520.0
Cottage Grove,"Breakthru Beverage Minnesota Beer, LLC",Miller High Life 24pk 12oz can,034100013066,6,0.7,28,28,17.36,486.0
Cottage Grove,"Breakthru Beverage Minnesota Beer, LLC",Sierra Nevada Hazy Little Thing IPA 19.2oz can,083783375503,3,0.7,1,15,2.06,31.0
Cottage Grove,"Breakthru Beverage Minnesota Beer, LLC",Modelo Especial 24pk 12oz btl,080660957760,8,0.8,33,33,25.29,835.0
Cottage Grove,"Breakthru Beverage Minnesota Beer, LLC",Sapporo Draft 6pk 12oz btl,087975013501,1,0.9,1,4,8.27,33.0
Cottage Grove,"Breakthru Beverage Minnesota Beer, LLC",Twisted Tea Extreme Blue Razz 24oz can,087692017820,5,0.9,2,24,2.35,56.0
Cottage Grove,"Breakthru Beverage Minnesota Beer, LLC",Modelo 24oz can,080660957210,7,0.9,3,36,2.39,86.0
Cottage Grove,"Breakthru Beverage Minnesota Beer, LLC",Coors Light 24pk 12oz can,071990316006,56,1.0,168,168,19.37,3255.0
Cottage Grove,"Breakthru Beverage Minnesota Beer, LLC",Modelo Chelada Limon y Sal 24oz can,033544950609,5,1.0,2,24,2.38,57.0
Cottage Grove,"Breakthru Beverage Minnesota Beer, LLC",New Belgium Fat Tire 6pk 12oz can,754527000226,1,1.1,1,4,7.7,31.0
Cottage Grove,"Breakthru Beverage Minnesota Beer, LLC",Corona Extra 24oz can,080660956435,3,1.1,1,12,2.39,29.0
Cottage Grove,"Breakthru Beverage Minnesota Beer, LLC",Deschutes Variety Pack 12pk 12oz can,763176190127,2,1.2,3,6,14.56,87.0
Cottage Grove,"Breakthru Beverage Minnesota Beer, LLC",Modelo Chelada Mango & Chile 24oz can,033544000267,5,1.2,1,12,2.39,29.0
Cottage Grove,"Breakthru Beverage Minnesota Beer, LLC",Kirin Ichiban 12pk 12oz can,040063100903,1,1.4,1,2,11.81,24.0
Cottage Grove,"Breakthru Beverage Minnesota Beer, LLC",Smirnoff Ice Red White & Berry 12pk 12oz can,082000791102,7,1.6,6,12,12.83,154.0
Cottage Grove,"Breakthru Beverage Minnesota Beer, LLC",Sierra Nevada Big Little Thing IPA 12pk 12oz can,083783575507,2,1.7,2,4,13.9,56.0
Cottage Grove,"Breakthru Beverage Minnesota Beer, LLC",Pacifico Lager 4pk 16oz can,033544002148,6,1.7,2,12,5.21,63.0
Cottage Grove,"Breakthru Beverage Minnesota Beer, LLC",Guinness Draught 4pk 15oz can,083820123609,6,1.7,2,12,6.36,76.0
Cottage Grove,"Breakthru Beverage Minnesota Beer, LLC",Smirnoff Twisted Ice Sampler 12pk 12oz btl,082000729082,3,1.8,2,4,12.7,51.0
Cottage Grove,"Breakthru Beverage Minnesota Beer, LLC",Sierra Nevada Torpedo 12pk 12oz btl,083783675047,3,1.8,2,4,14.25,57.0
Cottage Grove,"Breakthru Beverage Minnesota Beer, LLC",Mike's Variety Pack 12pk 12oz btl,635985129981,3,1.8,2,4,13.97,56.0
Cottage Grove,"Breakthru Beverage Minnesota Beer, LLC",Blue Moon Belgian White N/A 6pk 12oz can,071990001049,3,1.8,1,4,7.86,31.0
Cottage Grove,"Breakthru Beverage Minnesota Beer, LLC",Guinness Extra Stout 12pk 11oz btl,083820234824,9,2.0,5,10,13.72,137.0
Cottage Grove,"Breakthru Beverage Minnesota Beer, LLC",Coors Light 6pk 16oz can,071990320003,35,2.0,9,36,5.41,195.0
Cottage Grove,"Breakthru Beverage Minnesota Beer, LLC",Pacifico 24oz can,033544950227,8,2.0,1,12,2.38,29.0
Cottage Grove,"Breakthru Beverage Minnesota Beer, LLC",Mike's Dirty Lemonade Variety Pack 12pk 12oz can,635985000891,5,2.1,3,6,13.48,81.0
Cottage Grove,"Breakthru Beverage Minnesota Beer, LLC",Coors Banquet 9pk 16oz can,071990170226,6,2.1,3,6,11.2,67.0
Cottage Grove,"Breakthru Beverage Minnesota Beer, LLC",Samuel Adams N/A Just the Haze IPA 6pk 12oz can,087692011903,3,2.1,1,4,7.7,31.0
Cottage Grove,"Breakthru Beverage Minnesota Beer, LLC",Cayman Jack Margarita 6pk 12oz btl,815829010068,4,2.1,1,4,7.56,30.0
Cottage Grove,"Breakthru Beverage Minnesota Beer, LLC",Simply Spiked Strawberry Lemonade 24oz can,810078780625,3,2.1,1,12,2.41,29.0
Cottage Grove,"Breakthru Beverage Minnesota Beer, LLC",Coors Light 12pk 12oz can,071990000486,44,2.2,19,38,11.27,428.0
Cottage Grove,"Breakthru Beverage Minnesota Beer, LLC",White Claw Grape 6pk 12oz can,635985803645,15,2.3,3,12,7.7,92.0
Cottage Grove,"Breakthru Beverage Minnesota Beer, LLC",Modelo Especial 6pk 12oz btl,080660957654,26,2.3,5,20,7.13,143.0
Cottage Grove,"Breakthru Beverage Minnesota Beer, LLC",Cayman Jack Margarita 12pk 12oz can,815829011119,9,2.4,3,6,13.91,83.0
Cottage Grove,"Breakthru Beverage Minnesota Beer, LLC",Coors Light 24oz can,071990300654,9,2.4,1,12,2.28,27.0
Cottage Grove,"Breakthru Beverage Minnesota Beer, LLC",Corona N/A 6pk 12oz btl,033544001844,7,2.5,2,8,7.33,59.0
Cottage Grove,"Breakthru Beverage Minnesota Beer, LLC",New Belgium Fat Tire 12pk 12oz can,754527001612,3,2.6,1,2,13.0,26.0
Cottage Grove,"Breakthru Beverage Minnesota Beer, LLC",Smirnoff Sunny Days Variety 12pk 12oz can,082000809098,8,2.6,3,6,13.21,79.0
Cottage Grove,"Breakthru Beverage Minnesota Beer, LLC",White Claw Variety Pack  #2 12pk 12oz can,635985800064,34,2.7,8,16,13.88,222.0
Cottage Grove,"Breakthru Beverage Minnesota Beer, LLC",Coors Light 12pk 12oz btl,071990300692,18,2.8,5,10,11.28,113.0
Cottage Grove,"Breakthru Beverage Minnesota Beer, LLC",Leinenkugel's Seasonal 6pk 12oz btl,034100013479,9,2.8,2,8,7.6,61.0
Cottage Grove,"Breakthru Beverage Minnesota Beer, LLC",Modelo Especial 4pk 16oz can,080660957609,20,2.8,2,12,5.2,62.0
Cottage Grove,"Breakthru Beverage Minnesota Beer, LLC",Deschutes Fresh Squeezed IPA 12pk 12oz can,763176230120,4,2.9,1,2,14.81,30.0
Cottage Grove,"Breakthru Beverage Minnesota Beer, LLC",White Claw Variety Pack #1 12pk 12oz can,635985548904,48,2.9,9,18,14.05,253.0
Cottage Grove,"Breakthru Beverage Minnesota Beer, LLC",Stella Liberte N/A 6pk 12oz btl,018200203138,2,2.9,1,4,7.72,31.0
Cottage Grove,"Breakthru Beverage Minnesota Beer, LLC",Guinness Foreign Stout 4pk 11oz btl,083820181166,17,2.9,2,12,8.07,97.0
Cottage Grove,"Breakthru Beverage Minnesota Beer, LLC",Cayman Jacked Strawberry Margarita 19.2oz can,815829012154,6,2.9,1,12,2.33,28.0
Cottage Grove,"Breakthru Beverage Minnesota Beer, LLC",Coors Light 24pk 16oz can,071990301286,149,3.0,50,50,21.49,1074.0
Cottage Grove,"Breakthru Beverage Minnesota Beer, LLC",Mike's Hard Zero Variety 12pk 12oz can,635985802464,8,3.1,2,4,14.37,57.0
Cottage Grove,"Breakthru Beverage Minnesota Beer, LLC",Cutwater Lime Margarita 4pk 12oz can,816751021238,27,3.2,7,7,9.11,64.0
Cottage Grove,"Breakthru Beverage Minnesota Beer, LLC",Modelo Especial Chelada 24oz can,080660957968,14,3.2,1,12,2.39,29.0
Cottage Grove,"Breakthru Beverage Minnesota Beer, LLC",Corona Extra 24pk 12oz btl,080660956084,27,3.3,6,6,25.3,152.0
Cottage Grove,"Breakthru Beverage Minnesota Beer, LLC",Happy Thursday Variety 12pk 12oz can,034100013349,13,3.3,2,4,13.29,53.0
Cottage Grove,"Breakthru Beverage Minnesota Beer, LLC",Corona Light 12pk 12oz can,080660956213,13,3.3,2,4,13.41,54.0
Cottage Grove,"Breakthru Beverage Minnesota Beer, LLC",Monaco Sun Crush 12oz can,891278003219,13,3.3,1,12,1.94,23.0
Cottage Grove,"Breakthru Beverage Minnesota Beer, LLC",Corona Extra 12pk 12oz btl,080660956152,56,3.4,6,12,13.32,160.0
Cottage Grove,"Breakthru Beverage Minnesota Beer, LLC",Modelo Especial 12pk 12oz btl,080660957579,61,3.5,5,10,13.35,133.0
Cottage Grove,"Breakthru Beverage Minnesota Beer, LLC",Corona Extra 18pk 12oz btl,080660956800,11,3.6,2,2,19.2,38.0
Cottage Grove,"Breakthru Beverage Minnesota Beer, LLC",Sun Cruiser Vodka Variety 8pk 12oz can,087692020301,30,3.6,2,6,14.65,88.0
Cottage Grove,"Breakthru Beverage Minnesota Beer, LLC",Coors Banquet Heritage 12pk 12oz btl,071990170370,19,3.7,1,2,11.33,23.0
Cottage Grove,"Breakthru Beverage Minnesota Beer, LLC",White Claw Variety Pack #3 12pk 12oz can,635985800262,50,3.7,3,6,13.91,83.0
Cottage Grove,"Breakthru Beverage Minnesota Beer, LLC",Coors Banquet 24pk 12oz btl,071990170363,7,3.8,1,1,20.23,20.0
Cottage Grove,"Breakthru Beverage Minnesota Beer, LLC",Coronita Extra 6pk 8oz btl,080660954011,8,3.8,1,4,5.33,21.0
Cottage Grove,"Breakthru Beverage Minnesota Beer, LLC",Coors Heritage 6pk 12oz btl,071990170288,10,3.9,1,1,6.69,7.0
Cottage Grove,"Breakthru Beverage Minnesota Beer, LLC",New Belgium Rotator 6pk 12oz can,754527011109,9,3.9,1,4,8.45,34.0
Cottage Grove,"Breakthru Beverage Minnesota Beer, LLC",New Belgium Voodoo Ranger G Force�19.2oz can,754527012779,20,3.9,1,15,1.96,29.0
Cottage Grove,"Breakthru Beverage Minnesota Beer, LLC",Miller Lite 24pk 12oz can,034100573065,131,4.0,2,2,19.46,39.0
Cottage Grove,"Breakthru Beverage Minnesota Beer, LLC",Corona Familiar 12pk 12oz btl,033544950531,13,4.0,1,2,13.34,27.0
Cottage Grove,"Breakthru Beverage Minnesota Beer, LLC",MTN Dew Baja Blast 24oz can,840262400077,12,4.0,1,12,2.47,30.0
Cottage Grove,"Capitol Beverage Sales, L.P.",Surfside Strawberry Lemonade 24oz can,850050071792,-27,-16.5,1,12,1.94,23.0
Cottage Grove,"Capitol Beverage Sales, L.P.",Carbliss Pineapple 4pk 12oz can,860007988875,-2,-0.7,2,12,8.9,107.0
Cottage Grove,"Capitol Beverage Sales, L.P.",Carbliss Margarita 4pk 12oz can,860007988844,-2,-0.5,3,18,8.9,160.0
Cottage Grove,"Capitol Beverage Sales, L.P.",Lift Bridge Tropic Punch Seltzer 12pk 12oz can,685165387229,0,0.0,3,6,13.03,78.0
Cottage Grove,"Capitol Beverage Sales, L.P.",Vodkade Zero Sugar Variety Pack 8pk 12oz can,850066495186,1,0.9,2,6,15.72,94.0
Cottage Grove,"Capitol Beverage Sales, L.P.",Busch Light 8pk 16oz can,018200201905,3,1.1,3,9,6.95,63.0
Cottage Grove,"Capitol Beverage Sales, L.P.",Good Boy Splash Variety 8pk 12oz can,850041804446,10,2.7,2,6,15.12,91.0
Cottage Grove,"Capitol Beverage Sales, L.P.",Cutwater Grapefruit Paloma 4pk 12oz can,816751021207,12,3.0,1,6,9.86,59.0
Cottage Grove,"Capitol Beverage Sales, L.P.",Cutwater Lemon Drop 4pk 12oz can,816751023799,34,3.2,2,12,9.92,119.0
Cottage Grove,"Capitol Beverage Sales, L.P.",Cutwater White Russian 4pk 12oz can,816751022068,32,3.3,2,12,9.88,119.0
Cottage Grove,"Capitol Beverage Sales, L.P.",Cutwater Long Island Iced Tea 4pk 12oz can,816751021993,26,3.4,1,6,9.85,59.0
Cottage Grove,"College City Beverage, Inc.",Summit Sampler Pack 12pk 12oz can,025569191136,-60,-64.3,2,4,13.2,53.0
Cottage Grove,"College City Beverage, Inc.",Busch Light 24pk 12oz btl,018200863493,-9,-9.6,4,4,19.0,76.0
Cottage Grove,"College City Beverage, Inc.",NUTRL Fruit Variety Pack 8pk 12oz can,018200203527,-18,-3.1,8,24,14.99,360.0
Cottage Grove,"College City Beverage, Inc.",Budweiser 6pk 16oz can,01801828,-21,-2.6,9,36,5.46,197.0
Cottage Grove,"College City Beverage, Inc.",Michelob Ultra 12pk 12oz can,018200069918,-13,-1.1,23,46,12.12,557.0
Cottage Grove,"College City Beverage, Inc.",Surfside Variety #1 8pk 12oz can,850025605182,-6,-1.1,8,24,15.0,360.0
Cottage Grove,"College City Beverage, Inc.",Grain Belt Nordeast 24pk 16oz can,088067088056,-1,-0.6,7,7,21.66,152.0
Cottage Grove,"College City Beverage, Inc.",Natural Ice 15pk 12oz can,018200284434,-5,-0.6,16,32,9.65,309.0
Cottage Grove,"College City Beverage, Inc.",Lift Bridge Orange Drink 12pk 12oz can,685165386420,0,0.0,2,4,12.88,52.0
Cottage Grove,"College City Beverage, Inc.",Loon Juice Variety Pack 12pk 12oz can,857463006069,0,0.0,3,6,17.51,105.0
Cottage Grove,"College City Beverage, Inc.",Schell's Rotator 12pk 12oz can,088067041037,0,0.0,6,12,12.98,156.0
Cottage Grove,"College City Beverage, Inc.",Kona Big Wave Golden Ale 6pk 12oz btl,796030114960,0,0.0,2,8,7.56,61.0
Cottage Grove,"College City Beverage, Inc.",Kona Big Wave Golden Ale 12pk 12oz btl,796030614965,1,0.2,8,16,12.94,207.0
Cottage Grove,"College City Beverage, Inc.",Busch Light 12pk 12oz can,018200008016,2,0.2,26,52,10.61,552.0
Cottage Grove,"College City Beverage, Inc.",Busch N/A 12pk 12oz can,018200006142,1,0.3,6,12,10.92,131.0
Cottage Grove,"College City Beverage, Inc.",Carbliss Backyard Bliss Variety Pack 8pk 12oz can,860013475734,4,0.3,20,60,18.0,1080.0
Cottage Grove,"College City Beverage, Inc.",Michelob Ultra 6pk 12oz btl,018200059896,1,0.3,4,16,7.16,115.0
Cottage Grove,"College City Beverage, Inc.",Summit Extra Pale Ale 12pk 12oz btl,025569241732,2,0.4,11,22,13.33,293.0
Cottage Grove,"College City Beverage, Inc.",Lift Bridge Grape Ape 12pk 12oz can,685165386000,4,0.6,13,26,12.88,335.0
Cottage Grove,"College City Beverage, Inc.",Natural Ice 6pk 16oz can,01807822,2,0.7,3,12,5.05,61.0
Cottage Grove,"College City Beverage, Inc.",Bud Light Lime-A-Rita 25oz can,018200250149,3,0.7,2,24,2.79,67.0
Cottage Grove,"College City Beverage, Inc.",War Pigs Foggy Geezer 12pk 12oz can,865024000470,6,0.9,11,22,15.87,349.0
Cottage Grove,"College City Beverage, Inc.",Busch 24pk 12oz can,018200611681,3,1.1,9,9,18.56,167.0
Cottage Grove,"College City Beverage, Inc.",Summit Saga IPA 4pk 16oz can,025569193161,1,1.1,1,6,6.0,36.0
Cottage Grove,"College City Beverage, Inc.",Good Boy Golf The Golf Pack 8pk 12oz can,850041804316,11,1.4,7,21,15.9,334.0
Cottage Grove,"College City Beverage, Inc.",Surfside Variety #2 8pk 12oz can,850025605199,19,1.4,12,36,14.07,507.0
Cottage Grove,"College City Beverage, Inc.",Elysian Space Dust 6pk 12oz btl,817904000834,1,1.4,1,4,9.38,38.0
Cottage Grove,"College City Beverage, Inc.",Bud Light 6pk 12oz btl,018200008337,3,1.4,2,8,6.65,53.0
Cottage Grove,"College City Beverage, Inc.",Beatbox Coco Breeze 500ml,850059195857,1,1.4,1,12,2.32,28.0
Cottage Grove,"College City Beverage, Inc.",Beatbox Juicy Mango 500ml,851133006519,3,1.6,1,12,2.43,29.0
Cottage Grove,"College City Beverage, Inc.",Bud Light 24pk 16oz can,5543400002,14,1.8,18,18,21.72,391.0
Cottage Grove,"College City Beverage, Inc.",Michelob Golden Light 12pk 12oz can,018200006937,26,1.8,16,32,11.29,361.0
Cottage Grove,"College City Beverage, Inc.",Bud Light Straw-Ber-Rita 25oz can,018200255052,3,1.8,1,12,2.79,33.0
Cottage Grove,"College City Beverage, Inc.",Chelada Bud Light & Clamato 25oz can,018200255083,19,1.8,2,30,2.28,68.0
Cottage Grove,"College City Beverage, Inc.",Busch Light 24pk 12oz can,018200861673,135,1.9,152,152,18.6,2827.0
Cottage Grove,"College City Beverage, Inc.",Kentucky Vanilla Barrel Cream 6pk 12oz btl,747301032063,1,2.1,1,4,11.25,45.0
Cottage Grove,"College City Beverage, Inc.",Loon Juice Honey Crisp 6pk 12oz can,866375000027,5,2.1,2,8,8.25,66.0
Cottage Grove,"College City Beverage, Inc.",NUTRL Blueberry 4pk 12oz can,018200204692,4,2.1,1,6,7.52,45.0
Cottage Grove,"College City Beverage, Inc.",Busch Light 24pk 16oz can,018200284663,44,2.2,35,35,20.36,713.0
Cottage Grove,"College City Beverage, Inc.",Michelob Ultra 12pk 12oz btl,018200059902,20,2.2,9,18,12.16,219.0
Cottage Grove,"College City Beverage, Inc.",NUTRL Fruit Variety Pack #2 8pk 12oz can,018200204678,7,2.3,2,6,14.57,87.0
Cottage Grove,"College City Beverage, Inc.",Good Boy Vodka John Daly Variety Pack 8pk 12oz can,850041804163,10,2.4,3,9,16.3,147.0
Cottage Grove,"College City Beverage, Inc.",Michelob Golden Light 12pk 12oz btl,018200006975,17,2.5,6,12,11.29,136.0
Cottage Grove,"College City Beverage, Inc.",Budweiser Zero 12pk 12oz can,018200200380,3,2.6,1,2,10.91,22.0
Cottage Grove,"College City Beverage, Inc.",Rolling Rock 30pk 12oz can,071439340302,2,2.9,1,1,15.47,15.0
Cottage Grove,"College City Beverage, Inc.",Michelob Golden Light 24pk 12oz btl,018200963797,21,2.9,8,8,19.79,158.0
Cottage Grove,"College City Beverage, Inc.",Michelob Ultra Pure Gold 6pk 12oz btl,018200200823,6,2.9,1,4,7.94,32.0
Cottage Grove,"College City Beverage, Inc.",Lift Bridge Grape Ape 19.2oz can,685165386086,18,3.1,1,24,2.07,50.0
Cottage Grove,"College City Beverage, Inc.",Michelob Golden Light 6pk 12oz btl,018200006708,9,3.2,1,4,6.66,27.0
Cottage Grove,"College City Beverage, Inc.",Bud Light 24pk 12oz can,018200531682,39,3.3,9,9,19.66,177.0
Cottage Grove,"College City Beverage, Inc.",Michelob Golden Light 24pk 12oz can,018200968679,145,3.3,32,32,19.69,630.0
Cottage Grove,"College City Beverage, Inc.",Summit Extra Pale Ale 12pk 12oz can,025569243552,14,3.3,2,4,13.29,53.0
Cottage Grove,"College City Beverage, Inc.",Kona Big Wave Golden Ale 4pk 16oz can,796030624964,8,3.4,1,6,4.95,30.0
Cottage Grove,"College City Beverage, Inc.",Bud Light 12pk 12oz btl,018200007699,10,3.6,1,2,11.27,23.0
Cottage Grove,"College City Beverage, Inc.",Michelob Ultra 24pk 12oz can,018200967153,127,3.7,11,11,21.64,238.0
Cottage Grove,Dahlheimer Beverage Monticello,Summit Saga Variety 12pk 12oz can,025569191150,-44,-37.7,3,6,13.2,79.0
Cottage Grove,Dahlheimer Beverage Monticello,Carbliss Apple 4pk 12oz can,850076378066,-1,-4.3,1,6,8.97,54.0
Cottage Grove,Dahlheimer Beverage Monticello,Lift Bridge Seltzer Cocktail Variety Pack 12pk 12oz can,685165383641,-2,-1.1,4,8,13.33,107.0
Cottage Grove,Dahlheimer Beverage Monticello,Ursa Minor Side Quest 4pk 16oz can,798304468298,0,0.0,1,6,10.75,64.0
Cottage Grove,Dahlheimer Beverage Monticello,Corona N/A 12pk 12oz can,033544002261,3,1.0,5,10,13.64,136.0
Cottage Grove,Dahlheimer Beverage Monticello,Samuel Adams Seasonal 2 6pk 12oz btl,087692300502,4,1.2,3,12,7.7,92.0
Cottage Grove,Dahlheimer Beverage Monticello,Leinenkugel's Summer Shandy 12pk 12oz btl,034100516079,5,1.3,6,12,13.05,157.0
Cottage Grove,Dahlheimer Beverage Monticello,Surly Furious 4pk 16oz can,893354001027,7,1.6,2,12,9.03,108.0
Cottage Grove,Dahlheimer Beverage Monticello,Coors Light 9pk 16oz can,071990301040,22,1.8,14,28,11.21,314.0
Cottage Grove,Dahlheimer Beverage Monticello,Mike's Strawberry 6pk 12oz can,635985804635,7,1.8,3,12,7.51,90.0
Cottage Grove,Dahlheimer Beverage Monticello,Coors Light 15pk 16oz can,071990095277,14,1.9,16,16,18.01,288.0
Cottage Grove,Dahlheimer Beverage Monticello,Summit Saga Hazy IPA 12pk 12oz can,025569192119,3,2.1,2,4,12.26,49.0
Cottage Grove,Dahlheimer Beverage Monticello,Mike's Black Cherry 6pk 12oz can,635985804598,9,2.8,2,8,7.51,60.0
Cottage Grove,Dahlheimer Beverage Monticello,Coors Banquet 24pk 12oz can,071990116002,24,3.1,7,7,19.47,136.0
Cottage Grove,Dahlheimer Beverage Monticello,Athletic Lite Lime & Salt 6pk 12oz can,810061571551,6,3.2,1,4,7.97,32.0
Cottage Grove,Dahlheimer Beverage Monticello,Summit Oatmeal Stout 4pk 16oz can,025569013360,3,3.2,1,6,6.0,36.0
Cottage Grove,Dahlheimer Beverage Monticello,Angry Orchard Crisp Apple 12pk 12oz btl,087692000334,12,3.4,1,2,14.08,28.0
Cottage Grove,Dahlheimer Beverage Monticello,Angry Orchard Variety Pack 12pk 12oz can,087692008217,17,3.6,1,2,13.89,28.0
Cottage Grove,Dangerous Man Brewing,Dangerous Man Watermelon Sour 6pk 12oz can,796520922969,0,0.0,1,4,9.78,39.0
Cottage Grove,Dangerous Man Brewing,Dangerous Man Cream Ale 6pk 12oz can,796520922914,0,0.0,1,4,7.9,32.0
Cottage Grove,Dangerous Man Brewing,Dangerous Man House IPA 6pk 12oz can,796520922808,0,0.0,2,8,9.39,75.0
Cottage Grove,HeadFlyer Brewing,Headflyer Skalden Golden Ale 4pk 16oz can,850009065773,1,2.1,1,6,8.5,51.0
Cottage Grove,"Hohensteins, Inc.",Fulton Lonely Blonde Shandy 12pk 12oz can,810023141082,-1,-4.3,1,2,13.5,27.0
Cottage Grove,"Hohensteins, Inc.",Paulaner Oktoberfest Bier 12pk 11oz btl,080157114638,-2,-0.9,5,10,13.69,137.0
Cottage Grove,"Hohensteins, Inc.",Bell's Two Hearted Ale 4pk 16oz can,740522110831,-1,-0.4,2,12,6.75,81.0
Cottage Grove,"Hohensteins, Inc.",Bell's Two Hearted Ale 6pk 12oz btl,740522100832,-1,-0.3,4,16,9.0,144.0
Cottage Grove,"Hohensteins, Inc.",Bell's Big Hearted 19.2oz can,740522426864,-1,-0.1,2,30,1.92,58.0
Cottage Grove,"Hohensteins, Inc.",Lagunitas Little Sumpin' Ale 12pk 12oz can,723830914124,0,0.0,8,16,12.05,193.0
Cottage Grove,"Hohensteins, Inc.",Crispin Imperial 6pk 12oz can,850016933423,0,0.0,1,4,9.75,39.0
Cottage Grove,"Hohensteins, Inc.",Lagunitas Little Sumpin' Sumpin' Ale 19.2oz can,723830014190,0,0.0,3,36,1.95,70.0
Cottage Grove,"Hohensteins, Inc.",Lagunitas Little Sumpin' Ale 12pk 12oz btl,723830100121,1,0.4,5,10,11.54,115.0
Cottage Grove,"Hohensteins, Inc.",Bell's Seasonal 2 6pk 12oz btl,740522104731,1,0.4,3,12,9.1,109.0
Cottage Grove,"Hohensteins, Inc.",Lagunitas IPA 6pk 12oz btl,723830000094,1,0.6,2,8,7.5,60.0
Cottage Grove,"Hohensteins, Inc.",Pabst Blue Ribbon 24pk 16oz can,022100001732,2,0.8,9,9,19.32,174.0
Cottage Grove,"Hohensteins, Inc.",Bell's Big Hearted 6pk 12oz can,740522416889,2,0.9,2,8,9.0,72.0
Cottage Grove,"Hohensteins, Inc.",Lagunitas Variety Pack 12pk 12oz can,723830145122,5,1.0,8,16,11.99,192.0
Cottage Grove,"Hohensteins, Inc.",Lagunitas Maximus 12pk 12oz can,723830005891,11,1.1,16,32,11.92,382.0
Cottage Grove,"Hohensteins, Inc.",Lagunitas IPA 19.2oz can,723830011922,2,1.1,1,12,1.91,23.0
Cottage Grove,"Hohensteins, Inc.",Pabst Blue Ribbon 12pk 12oz can,022100001701,3,1.2,4,8,9.49,76.0
Cottage Grove,"Hohensteins, Inc.",Bell's Two Hearted Ale 19.2oz can,740522120861,6,1.2,1,15,1.9,28.0
Cottage Grove,"Hohensteins, Inc.",21st Amendment Blood Orange 6pk 12oz can,859612001314,3,1.4,2,8,7.68,61.0
Cottage Grove,"Hohensteins, Inc.",Hacker Pschorr Oktober 12pk 11oz btl,049483030517,4,1.7,3,6,13.6,82.0
Cottage Grove,"Hohensteins, Inc.",Indeed Pistachio Cream Ale 6pk 12oz can,852004004917,2,1.7,1,4,8.76,35.0
Cottage Grove,"Hohensteins, Inc.",Surly Lemon Drop 4pk 12oz can,810005492645,2,1.7,1,6,7.35,44.0
Cottage Grove,"Hohensteins, Inc.",Bell's Light Hearted Ale 12pk 12oz can,740522412768,2,2.1,1,2,11.44,23.0
Cottage Grove,"Hohensteins, Inc.",Lagunitas Hoppy Refresher Variety 12pk 12oz can,723830116122,3,2.1,2,4,12.08,48.0
Cottage Grove,"Hohensteins, Inc.",Lagunitas Hoppy Refresher 6pk 12oz can,723830095670,2,2.1,1,4,6.9,28.0
Cottage Grove,"Hohensteins, Inc.",Lagunitas Daytime IPA 12pk 12oz can,723830106123,16,2.4,6,12,11.98,144.0
Cottage Grove,"Hohensteins, Inc.",Fulton Lonely Blonde 6pk 12oz can,810023141631,4,2.4,1,4,7.5,30.0
Cottage Grove,"Hohensteins, Inc.",Pabst Blue Ribbon 24pk 12oz can,022100001718,3,2.6,2,2,17.0,34.0
Cottage Grove,"Hohensteins, Inc.",Bell's Best Brown Ale 6pk 12oz can,740522415295,3,2.6,1,4,9.1,36.0
Cottage Grove,"Hohensteins, Inc.",Bad Weather Hopcromancer IPA 6pk 12oz can,852111005173,3,2.6,1,4,9.0,36.0
Cottage Grove,"Hohensteins, Inc.",Bell's Two Hearted Ale 12pk 12oz can,740522110862,13,2.8,3,6,15.18,91.0
Cottage Grove,"Hohensteins, Inc.",Fulton Lonely Blonde Apple 12pk 12oz can,810023141860,4,2.9,1,2,13.5,27.0
Cottage Grove,"Hohensteins, Inc.",Founders All Day IPA 15pk 12oz can,642860900245,7,3.0,2,4,14.76,59.0
Cottage Grove,"Hohensteins, Inc.",Paulaner Grapefruit Radler 4pk 17oz can,080157132045,6,3.2,1,6,8.22,49.0
Cottage Grove,"Hohensteins, Inc.",Lagunitas IPA 12pk 12oz can,723830212121,12,3.4,1,2,11.98,24.0
Cottage Grove,"Hohensteins, Inc.",Paulaner Original Munich Lager 4pk 17oz can,080157311648,6,3.7,1,6,7.25,44.0
Cottage Grove,Insight Brewing Company (D),Insight Hop Wheels DDH Hazy IPA 4pk 16oz can,850033550764,0,0.0,1,6,11.41,68.0
Cottage Grove,Insight Brewing Company (D),Insight IPA Variety 12pk 12oz can,850033550221,6,2.9,2,4,14.02,56.0
Cottage Grove,McDonald Distributing Co dba Clear River Beverage,Beatbox Green Apple 500ml,851133006731,3,1.8,1,12,2.43,29.0
Cottage Grove,Moose Lake Brewing Co.,Moose Lake Red Axe Irish Ale 4pk 16oz can,804859503497,0,0.0,1,6,8.22,49.0
Cottage Grove,Old World Beers,Perla Honey Lager 4pk 16oz can,5905927000155,0,0.0,1,6,8.52,51.0
Cottage Grove,Phillips Wine & Spirits - St. Paul,Tattersall Key Lime Gin & Tonic 4pk 12oz can,850019260625,-5,-21.4,1,6,11.25,68.0
Cottage Grove,Phillips Wine & Spirits - St. Paul,Two Chicks Pear & Elderflower 4pk 12oz can,850003574066,3,1.4,1,6,8.2,49.0
Cottage Grove,Single Can,Cutwater Vodka Mule 12oz can,816751020774,0,0.0,1,24,2.47,59.0
Cottage Grove,Single Can,Cutwater Tequila Lime Margarita 12oz can,816751021214,0,0.0,1,24,2.28,55.0
Cottage Grove,Single Can,Cutwater Long Island 12oz can,816751021986,0,0.0,1,24,2.46,59.0
Cottage Grove,Single Can,Cutwater White Russian 12oz can,816751022051,0,0.0,1,24,2.47,59.0
Cottage Grove,Single Can,Cutwater Mango Margatira 12oz can,816751022099,0,0.0,1,24,2.45,59.0
Cottage Grove,Single Can,Cutwater Vodka Transfusion 12oz can,816751022556,0,0.0,1,24,2.47,59.0
Cottage Grove,Single Can,Cutwater Espresso Martini 12oz Can,816751023720,0,0.0,1,24,2.48,60.0
Cottage Grove,Single Can,Cutwater Lemon Drop 4pk 12oz can,816751023782,0,0.0,1,24,2.48,60.0
Cottage Grove,Single Can,Cutwater Tiki Rum Mai Tai 12oz can,816751021665,0,0.0,1,24,1.72,41.0
Cottage Grove,Ursa Minor Brewing,Ursa Minor Galactic Face Slap 4pk 16oz can,051497121747,8,2.9,1,6,10.76,65.0
Cottage Grove,Venn Brewing Co.,Venn Stone Cold Fox Cold IPA 4pk 16oz can,850013255382,0,0.0,1,6,10.0,60.0
Cottage Grove,,Budweiser 40oz btl,01812620,-67,-95.7,3,3,2.88,9.0
Cottage Grove,,Miller High Life 24pk 16oz can,5543400008,-100,-47.6,9,9,15.23,137.0
Cottage Grove,,White Claw Pineapple 6pk 12oz can,635985000440,-42,-36.0,5,5,7.65,38.0
Cottage Grove,,Summit Lake Crusher/Winter 12pk 12oz can,025569195554,-88,-14.0,26,26,12.29,320.0
Cottage Grove,,Third Street MN Gold Lager 12pk 16oz can,081780701356,-14,-7.5,8,8,10.84,87.0
Cottage Grove,,Summit NA Variery Pack 12pk 12oz can,025569142510,-3,-6.4,2,2,13.32,27.0
Cottage Grove,,Michelob Golden Light 6pk 16oz can,01844328,-43,-4.5,39,39,5.46,213.0
Cottage Grove,,Stella Artois 12pk 11oz btl,786150000144,-24,-2.3,42,42,11.09,466.0
Cottage Grove,,Chelada Bud Light & Clamato 4pk 16oz can,01886625,-4,-1.7,10,10,6.82,68.0
Cottage Grove,,Dos Equis Lager Especial 12pk 12oz can,072311412131,-1,-1.1,4,4,13.81,55.0
Cottage Grove,,Miller High Life Light 24pk 12oz can,034100033064,-2,-0.7,12,12,17.28,207.0
Cottage Grove,,Carbliss Black Raspberry 12pk 12oz can,860009819597,-1,-0.3,16,16,26.3,421.0
Cottage Grove,,Drekker Prrrt Series 4pk 16oz can,867530958320,0,0.0,1,1,16.87,17.0
Cottage Grove,,Schell's Deer Brand 12pk 12oz btl,088067055331,0,0.0,2,2,12.0,24.0
Cottage Grove,,Falling Knife Verbal Tip 4pk 16oz can,860004521402,0,0.0,2,2,12.03,24.0
Cottage Grove,,BlackStack Local 755 IPA 4pk 16oz can,869283000400,0,0.0,3,3,11.53,35.0
Cottage Grove,,Grain Belt Premium 24pk 16oz can,088067088100,0,0.0,4,4,21.75,87.0
Cottage Grove,,Castle Danger Sea Salt Lime 12pk 12oz can,850055833142,0,0.0,4,4,15.4,62.0
Cottage Grove,,Spiral Brewing Townie 4pk 16oz can,860001121704,0,0.0,8,8,9.52,76.0
Cottage Grove,,Athletic Free Wave N/A 12pk 12oz can,855352008774,0,0.0,10,10,14.07,141.0
Cottage Grove,,Spiral Brewing Mississippi Fog 4pk 16oz can,860001121766,1,0.4,10,10,10.99,110.0
Cottage Grove,,Mickeys Malt Liquor 6pk 12oz btl,034100774356,2,0.5,14,14,6.03,84.0
Cottage Grove,,Indeed Oktoberfest 6pk 12oz can,852004004580,1,0.7,5,5,9.1,46.0
Cottage Grove,,Busch Light 6pk 16oz can,01842621,7,0.9,24,24,5.26,126.0
Cottage Grove,,Twisted Tea Half & Half 24oz can,087692752318,3,1.1,9,9,2.35,21.0
Cottage Grove,,Budweiser 12pk 12oz can,018200110474,6,1.2,15,15,11.26,169.0
Cottage Grove,,Summit Lager 4pk 12oz can,025569120211,3,1.3,7,7,3.78,26.0
Cottage Grove,,Coors N/A 12pk 12oz can,071990770082,4,1.3,9,9,11.19,101.0
Cottage Grove,,Busch Light ALUM BTL 15pk 16oz can,018200289576,3,1.6,5,5,16.66,83.0
Cottage Grove,,Twisted Tea 24oz can,087692832317,6,1.6,9,9,2.35,21.0
Cottage Grove,,Surly Hell 12pk 12oz can,893354001485,4,1.7,6,6,13.17,79.0
Cottage Grove,,Michelob Golden Light 24pk 16oz can,018200283963,34,1.9,37,37,21.6,799.0
Cottage Grove,,Happy Dad Variety Pack 12pk 12oz can,084173968084,7,2.0,7,7,13.87,97.0
Cottage Grove,,Coronita Extra 24pk 8oz btl,080660954080,11,2.0,12,12,19.2,230.0
Cottage Grove,,Bud Light Seasonal-Rita 25oz can,018200255380,2,2.1,2,2,2.79,6.0
Cottage Grove,,Mike's Harder Cranberry 23oz can,635985249856,11,2.1,10,10,2.35,23.0
Cottage Grove,,Fresca Variety #2 8pk 12oz can,810078781455,11,2.4,8,8,13.69,110.0
Cottage Grove,,Corona Familiar 32oz btl,080660956831,16,2.4,12,12,3.06,37.0
Cottage Grove,,Sun Cruiser Classic Iced Tea  8pk 12oz can,087692021414,11,2.5,7,7,14.81,104.0
Cottage Grove,,Miller 64 12pk 12oz btl,034100155094,7,2.7,4,4,11.25,45.0
Cottage Grove,,Mike's Harder Variety 12pk 12oz can,635985802419,10,2.7,5,5,14.1,70.0
Cottage Grove,,Mike's Harder Lemonade 23oz can,635985245834,12,2.7,6,6,2.35,14.0
Cottage Grove,,Hard MTN Dew Baja Blast Variety 12pk 12oz can,840262400251,4,2.9,2,2,14.33,29.0
Cottage Grove,,Angry Orchard Crisp Apple 12pk 12oz can,087692000839,14,2.9,6,6,14.13,85.0
Cottage Grove,,Modelo Especial 32oz btl,033544950906,7,3.0,3,3,3.06,9.0
Cottage Grove,,Sun Cruiser Vodka Lemonade Variety 8pk 12oz can,087692021544,29,3.0,10,10,14.76,148.0
Cottage Grove,,Fulton Lonely Blonde Mixed Pack 12pk 12oz can,810023140764,5,3.1,2,2,13.5,27.0
Cottage Grove,,Corona Premier 12pk 12oz btl,033544950425,10,3.1,4,4,13.46,54.0
Cottage Grove,,White Claw Peach 6pk 12oz can,635985801573,4,3.4,1,1,7.72,8.0
Cottage Grove,,Cayman Jacked Margarita 19.2oz can,815829012130,4,3.4,1,1,2.33,2.0
Cottage Grove,,Surly Furious 12pk 12oz can,893354001515,19,3.4,4,4,15.41,62.0
Cottage Grove,,Stilly Variety Pack #2 8pk 12oz can,850051216253,14,3.5,2,2,12.77,26.0
Cottage Grove,,Pryes Royal Raspberry Sour Ale 4pk 16oz can,860488001629,17,3.5,3,3,10.2,31.0
Cottage Grove,,Twisted Tea Light Variety Pack 12pk 12oz can,087692015161,17,3.6,2,2,13.41,27.0
Cottage Grove,,Cayman Jack Margarita Variety 12pk 12oz can,815829011539,17,3.6,2,2,13.94,28.0
Cottage Grove,,Budweiser 6pk 12oz btl,018200008344,6,3.7,1,1,6.65,7.0
Cottage Grove,,Deschutes Fresh Squeezed IPA 6pk 12oz btl,763176120063,7,3.8,1,1,7.7,8.0
Cottage Grove,,Corona Sunbrew Citrus 6pk 12oz btl,033544002384,8,3.8,1,1,7.25,7.0
Cottage Grove,,Stella Artois 6pk 12oz btl,786150000014,14,3.8,1,1,7.7,8.0
Cottage Grove,,Chelada Bud & Clamato Picante 25oz can,01817023,21,3.8,2,2,2.21,4.0
Cottage Grove,,White Claw Clawtails Variety 12pk 12oz can,635985804437,25,3.8,2,2,13.86,28.0
Cottage Grove,,Michelob Ultra 8pk 16oz can,018200239861,10,3.9,1,1,8.71,9.0
Minneapolis,Artisan Beer,Blackstack Slopes 4pk 16oz can,850000320710,-4,-4.3,1,6,9.23,55.0
Minneapolis,Artisan Beer,1911 Cider Orange Creamsicle 4pk 16oz can,720140163310,0,0.0,1,6,10.0,60.0
Minneapolis,Artisan Beer,Surly 20th Anniversary Variety 12pk 12oz can,810005492553,1,2.1,1,2,15.02,30.0
Minneapolis,Artisan Beer,Grain Belt Nordeast 6pk 16oz can,088067088629,10,2.9,1,4,6.85,27.0
Minneapolis,Bernicks,Lagunitas Hazy IPA 12pk 12oz can,723830300033,-6,-25.7,1,2,12.0,24.0
Minneapolis,Bernicks,Guinness Zero 4pk 15oz can,083820125344,-10,-10.7,1,6,6.52,39.0
Minneapolis,Bernicks,Lagunitas IPA 12pk 12oz can,723830212121,2,0.4,9,18,11.98,216.0
Minneapolis,Bernicks,Miller Lite 24pk 16oz can,034100573232,16,0.7,71,71,21.41,1520.0
Minneapolis,Bernicks,Lagunitas Daytime IPA 12pk 12oz can,723830106123,1,0.7,3,6,11.98,72.0
Minneapolis,Bernicks,Leinenkugel's Sum Shandy 12pk 12oz can,034100516093,6,0.8,13,26,12.92,336.0
Minneapolis,Bernicks,Smirnoff Ice Icy Island 12pk 12oz can,082000813047,13,1.1,18,36,12.79,460.0
Minneapolis,Bernicks,New Belgium Juice Force Hazy IPA 19.2oz can,754527011710,13,1.5,2,30,1.99,60.0
Minneapolis,Bernicks,Grain Belt Nordeast 12pk 12oz btl,088067088254,2,2.1,1,2,11.84,24.0
Minneapolis,Bernicks,Smirnoff Ice Red White & Berry 6pk 11oz btl,082000782506,14,2.2,3,12,7.51,90.0
Minneapolis,Bernicks,Heineken 6pk 12oz btl,072890000118,15,2.4,3,12,7.33,88.0
Minneapolis,Bernicks,Milwaukee's Best Ice 15pk 12oz can,034100303440,7,2.5,3,6,9.25,56.0
Minneapolis,Bernicks,Leinenkugel's Sum Shandy 6pk 12oz btl,034100516055,7,2.5,2,8,7.72,62.0
Minneapolis,Bernicks,New Belgium Voodoo Ranger Imperial IPA 19.2oz can,754527010218,21,2.6,1,15,1.97,30.0
Minneapolis,Bernicks,Castle Danger Cooler by the Lake 12pk 12oz can,856306005832,65,2.9,12,24,5.93,142.0
Minneapolis,Bernicks,Miller High Life 12pk 12oz btl,034100015091,20,3.1,4,8,10.21,82.0
Minneapolis,Bernicks,Smirnoff Ice Smash Red White and Berry  23oz can,082000795223,38,3.8,1,12,2.31,28.0
Minneapolis,"Breakthru Beverage Minnesota Beer, LLC",Sierra Nevada Pale Ale 19.2oz can,083783375534,-22,-5.9,2,24,2.45,59.0
Minneapolis,"Breakthru Beverage Minnesota Beer, LLC",Mikes Harder Green Apple 4pk 16oz can,635985100164,-1,-4.3,1,6,5.6,34.0
Minneapolis,"Breakthru Beverage Minnesota Beer, LLC",Mike's Lemonade 6pk 12oz btl,635985100621,-9,-2.8,4,16,7.71,123.0
Minneapolis,"Breakthru Beverage Minnesota Beer, LLC",Sierra Nevada Big Little Thing IPA 19.2oz can,083783375558,-9,-2.8,2,24,2.62,63.0
Minneapolis,"Breakthru Beverage Minnesota Beer, LLC",Mystery Beer 24pk,400000024067,-433,-2.6,655,655,9.0,5895.0
Minneapolis,"Breakthru Beverage Minnesota Beer, LLC",Bikini Island Nuclear Pineapple 12pk 12oz can,850047591661,-5,-0.5,38,38,4.0,152.0
Minneapolis,"Breakthru Beverage Minnesota Beer, LLC",Crook & Marker Raspberry Tea Pack 8pk 12oz can,850017837157,-1,-0.1,14,42,2.0,84.0
Minneapolis,"Breakthru Beverage Minnesota Beer, LLC","Real American Beer 4pk 16oz can
",860013825553,-7,-0.1,57,342,4.12,1411.0
Minneapolis,"Breakthru Beverage Minnesota Beer, LLC",Downeast Cider Berry Variety Pack 12pk 12oz can,850046644566,0,0.0,6,12,14.86,178.0
Minneapolis,"Breakthru Beverage Minnesota Beer, LLC",Downeast seasonal 6pk 12oz can,858612003427,0,0.0,2,8,8.81,70.0
Minneapolis,"Breakthru Beverage Minnesota Beer, LLC",Miller Lite 6pk 12oz btl,034100575052,0,0.0,3,12,6.69,80.0
Minneapolis,"Breakthru Beverage Minnesota Beer, LLC",Angry Orchard Crisp Light 6pk 12oz can,087692017899,0,0.0,4,16,8.45,135.0
Minneapolis,"Breakthru Beverage Minnesota Beer, LLC",Duluth Cider Skyline Sweet 4pk 12oz can,860009816060,0,0.0,1,6,9.63,58.0
Minneapolis,"Breakthru Beverage Minnesota Beer, LLC",Moon God Sweet Hard Iced Tea 500ml,860012821600,0,0.0,1,12,2.94,35.0
Minneapolis,"Breakthru Beverage Minnesota Beer, LLC",Crook & Marker Tea Pack 8pk 12oz can,855310008716,2,0.1,44,132,5.06,668.0
Minneapolis,"Breakthru Beverage Minnesota Beer, LLC",Lone River Ranch 24oz can,082000802020,33,0.4,28,336,0.5,168.0
Minneapolis,"Breakthru Beverage Minnesota Beer, LLC",Bikini Island Blue Razz 12pk 12oz can,850047591685,4,0.6,23,23,4.0,92.0
Minneapolis,"Breakthru Beverage Minnesota Beer, LLC",Pacifico 6pk 12oz btl,080660953014,4,0.6,6,24,7.23,173.0
Minneapolis,"Breakthru Beverage Minnesota Beer, LLC",Cayman Jacked Strawberry Margarita 19.2oz can,815829012154,3,0.7,2,24,2.33,56.0
Minneapolis,"Breakthru Beverage Minnesota Beer, LLC",Samuel Adams Variety Pack 12pk 12oz can,087692003588,5,0.9,9,18,12.99,234.0
Minneapolis,"Breakthru Beverage Minnesota Beer, LLC",Sun Cruiser Half and Half 19.2oz can,087692024002,12,0.9,4,48,3.1,149.0
Minneapolis,"Breakthru Beverage Minnesota Beer, LLC",Heineken 4pk 16oz can,072890000835,7,1.0,4,24,5.0,120.0
Minneapolis,"Breakthru Beverage Minnesota Beer, LLC",Happy Thursday Variety 12pk 12oz can,034100013349,27,1.2,32,64,13.29,850.0
Minneapolis,"Breakthru Beverage Minnesota Beer, LLC",Twisted Tea Mix Pack 12pk 12oz can,087692003786,34,1.2,38,76,13.38,1017.0
Minneapolis,"Breakthru Beverage Minnesota Beer, LLC",Coors Light 12pk 12oz can,071990000486,47,1.2,58,116,11.27,1307.0
Minneapolis,"Breakthru Beverage Minnesota Beer, LLC",Sierra Nevada Hazy Little Thing IPA 19.2oz can,083783375503,8,1.2,2,30,2.06,62.0
Minneapolis,"Breakthru Beverage Minnesota Beer, LLC",Coors Light 24pk 16oz can,071990301286,79,1.3,173,173,21.49,3717.0
Minneapolis,"Breakthru Beverage Minnesota Beer, LLC",Corona Familiar 12pk 12oz btl,033544950531,3,1.3,4,8,13.34,107.0
Minneapolis,"Breakthru Beverage Minnesota Beer, LLC",Leinenkugel's Sum Shandy 6pk 12oz can,034100015060,4,1.3,3,12,7.18,86.0
Minneapolis,"Breakthru Beverage Minnesota Beer, LLC",New Belgium Voodoo Hard Charging Tea Variety pack #1 12pk 12oz can,754527006518,1,1.4,1,2,14.01,28.0
Minneapolis,"Breakthru Beverage Minnesota Beer, LLC",Truly Citrus Squeeze 24oz can,087692018100,4,1.4,1,12,2.33,28.0
Minneapolis,"Breakthru Beverage Minnesota Beer, LLC",Happy Dad Fruit Punch 24oz can,850046522024,4,1.4,1,12,2.18,26.0
Minneapolis,"Breakthru Beverage Minnesota Beer, LLC",Smirnoff Ice Red White & Berry 12pk 12oz can,082000791102,31,1.5,27,54,12.83,693.0
Minneapolis,"Breakthru Beverage Minnesota Beer, LLC",Four Loko Strawberry Lemonade 24oz can,895216001497,11,1.5,2,24,2.11,51.0
Minneapolis,"Breakthru Beverage Minnesota Beer, LLC",Seagrams Escapes Variety Pack 12pk 12oz can,070310012444,4,1.7,3,6,11.16,67.0
Minneapolis,"Breakthru Beverage Minnesota Beer, LLC",Coors Banquet 12pk 12oz can,071990000479,27,1.7,20,40,11.22,449.0
Minneapolis,"Breakthru Beverage Minnesota Beer, LLC",Clubtails Bahama Mama 24oz can,684746400494,9,1.7,2,24,2.15,52.0
Minneapolis,"Breakthru Beverage Minnesota Beer, LLC",Clubtails Sunny Margarita 24oz can,684746400500,12,1.7,2,24,2.15,52.0
Minneapolis,"Breakthru Beverage Minnesota Beer, LLC",Coors Light 24pk 12oz can,071990316006,170,1.8,204,204,19.37,3952.0
Minneapolis,"Breakthru Beverage Minnesota Beer, LLC",Sun Cruiser Pink Lemonade 4pk 12oz can,087692024286,40,1.8,8,48,7.06,339.0
Minneapolis,"Breakthru Beverage Minnesota Beer, LLC",Happy Dad Raspberry 12pk 12oz can,850046522178,15,1.9,8,16,13.81,221.0
Minneapolis,"Breakthru Beverage Minnesota Beer, LLC",Corona Extra 6pk 12oz btl,080660956053,25,1.9,7,28,6.97,195.0
Minneapolis,"Breakthru Beverage Minnesota Beer, LLC",Coors Banquet 6pk 16oz can,071990100025,28,1.9,8,32,5.43,174.0
Minneapolis,"Breakthru Beverage Minnesota Beer, LLC",Four Loko Fruit Punch 23oz can,895216001046,16,1.9,2,24,2.14,51.0
Minneapolis,"Breakthru Beverage Minnesota Beer, LLC",Four Loko Sour Grape 23oz can,849806002678,28,1.9,3,36,2.2,79.0
Minneapolis,"Breakthru Beverage Minnesota Beer, LLC",Coors Banquet Heritage 12pk 12oz btl,071990170370,22,2.0,12,24,11.33,272.0
Minneapolis,"Breakthru Beverage Minnesota Beer, LLC",Coors Light,071990095284,30,2.0,15,30,12.0,360.0
Minneapolis,"Breakthru Beverage Minnesota Beer, LLC",Mickeys Malt Liquor 6pk 12oz btl,034100774356,9,2.0,3,12,6.03,72.0
Minneapolis,"Breakthru Beverage Minnesota Beer, LLC",Four Loko Electric Lemonade 24oz can,849806003002,60,2.0,6,72,2.16,156.0
Minneapolis,"Breakthru Beverage Minnesota Beer, LLC",New Belgium Voodoo Ranger G Force�19.2oz can,754527012779,19,2.0,2,30,1.96,59.0
Minneapolis,"Breakthru Beverage Minnesota Beer, LLC",Mike's Hard Freeze Variety 12pk 12oz can,635985800996,15,2.1,7,14,13.8,193.0
Minneapolis,"Breakthru Beverage Minnesota Beer, LLC",Harp Lager 8pk 15oz can,083820234930,1,2.1,1,3,11.58,35.0
Minneapolis,"Breakthru Beverage Minnesota Beer, LLC",Four Loko USA 23oz can,849806004726,35,2.1,3,36,2.12,76.0
Minneapolis,"Breakthru Beverage Minnesota Beer, LLC",Steel Reserve 40oz btl,078250003348,91,2.1,7,84,2.2,185.0
Minneapolis,"Breakthru Beverage Minnesota Beer, LLC",White Claw Surge Variety Pack 12pk 12oz can,635985800804,33,2.2,14,28,13.92,390.0
Minneapolis,"Breakthru Beverage Minnesota Beer, LLC",Coors Banquet 24pk 16oz can,5543400014,21,2.3,16,16,21.49,344.0
Minneapolis,"Breakthru Beverage Minnesota Beer, LLC",Corona Extra 24pk 12oz btl,080660956084,27,2.3,21,21,25.3,531.0
Minneapolis,"Breakthru Beverage Minnesota Beer, LLC",Smirnoff Twisted Ice Sampler 12pk 12oz btl,082000729082,30,2.5,10,20,12.7,254.0
Minneapolis,"Breakthru Beverage Minnesota Beer, LLC",Cayman Jack Strawberry Margarita 6pk 12oz btl,815829011997,10,2.5,2,8,7.46,60.0
Minneapolis,"Breakthru Beverage Minnesota Beer, LLC",Happy Thursday Raspberry 12pk 12oz can,034100013608,25,2.6,8,16,13.17,211.0
Minneapolis,"Breakthru Beverage Minnesota Beer, LLC",Downeast Cider Black Cherry 6pk 12oz can,850046644382,3,2.6,1,4,8.87,35.0
Minneapolis,"Breakthru Beverage Minnesota Beer, LLC",Four Loko Blue Razz 23oz can,849806002272,55,2.7,3,36,2.1,76.0
Minneapolis,"Breakthru Beverage Minnesota Beer, LLC",Miller High Life 40oz btl,034100340091,192,2.7,8,96,2.24,215.0
Minneapolis,"Breakthru Beverage Minnesota Beer, LLC",Four Loko Sour Apple 23oz can,849806000957,24,2.8,1,12,2.19,26.0
Minneapolis,"Breakthru Beverage Minnesota Beer, LLC",Miller High Life 24pk 12oz can,034100013066,32,2.9,12,12,17.36,208.0
Minneapolis,"Breakthru Beverage Minnesota Beer, LLC",Corona Extra 12pk 12oz can,080660956954,26,2.9,6,12,13.69,164.0
Minneapolis,"Breakthru Beverage Minnesota Beer, LLC",Smirnoff Ice 6pk 12oz btl,082000723851,17,2.9,2,8,7.47,60.0
Minneapolis,"Breakthru Beverage Minnesota Beer, LLC",Twisted Tea Half & Half 24oz can,087692752318,15,2.9,1,12,2.35,28.0
Minneapolis,"Breakthru Beverage Minnesota Beer, LLC",Happy Dad Variety Pack 12pk 12oz can,084173968084,19,3.0,4,8,13.87,111.0
Minneapolis,"Breakthru Beverage Minnesota Beer, LLC",Coors Banquet 12pk 16oz can,071990170400,34,3.0,6,12,12.03,144.0
Minneapolis,"Breakthru Beverage Minnesota Beer, LLC",Corona Extra 12pk 12oz btl,080660956152,80,3.0,13,26,13.32,346.0
Minneapolis,"Breakthru Beverage Minnesota Beer, LLC",Steel Reserve 24oz can,078250003287,40,3.0,2,24,1.45,35.0
Minneapolis,"Breakthru Beverage Minnesota Beer, LLC",Topo Chico Hard Seltzer Variety 12pk 12oz can,021136180879,19,3.1,3,6,14.11,85.0
Minneapolis,"Breakthru Beverage Minnesota Beer, LLC",Twisted Tea Light 12pk 12oz can,087692006701,31,3.2,5,10,13.3,133.0
Minneapolis,"Breakthru Beverage Minnesota Beer, LLC",Corona N/A 6pk 12oz btl,033544001844,3,3.2,1,4,7.33,29.0
Minneapolis,"Breakthru Beverage Minnesota Beer, LLC",Samuel Adams Boston Lager 6pk 12oz btl,087692100126,3,3.2,1,4,7.7,31.0
Minneapolis,"Breakthru Beverage Minnesota Beer, LLC",Angry Orchard Imperial 6pk 12oz can,087692017912,25,3.2,2,8,8.54,68.0
Minneapolis,"Breakthru Beverage Minnesota Beer, LLC",Downeast Cider Imperial Wild Berry 6pk 12oz can,850046644429,7,3.3,1,4,8.54,34.0
Minneapolis,"Breakthru Beverage Minnesota Beer, LLC",Carlsberg Elephant 4pk 16oz can,087600102068,7,3.3,1,6,6.73,40.0
Minneapolis,"Breakthru Beverage Minnesota Beer, LLC",Keystone Light 30pk 12oz can,071990480196,18,3.4,4,4,18.22,73.0
Minneapolis,"Breakthru Beverage Minnesota Beer, LLC",Corona Light 6pk 12oz btl,080660956251,14,3.5,1,4,7.22,29.0
Minneapolis,"Breakthru Beverage Minnesota Beer, LLC",Pacifico 24oz can,033544950227,19,3.5,1,12,2.38,29.0
Minneapolis,"Breakthru Beverage Minnesota Beer, LLC",Modelo Chelada Limon y Sal 24oz can,033544950609,19,3.7,1,12,2.38,29.0
Minneapolis,"Breakthru Beverage Minnesota Beer, LLC",Twisted Tea Light Variety Pack 12pk 12oz can,087692015161,96,3.8,3,6,13.41,80.0
Minneapolis,"Breakthru Beverage Minnesota Beer, LLC",Keystone Apple 15pk 12oz can,071990001568,761,3.8,25,50,9.25,462.0
Minneapolis,"Breakthru Beverage Minnesota Beer, LLC",Sun Cruiser Vodka Pink Lemonade 8pk 12oz can,087692023074,105,3.8,3,9,14.6,131.0
Minneapolis,"Breakthru Beverage Minnesota Beer, LLC",White Claw Black Cherry 12pk 12oz can,635985260899,41,3.9,1,2,14.09,28.0
Minneapolis,"Breakthru Beverage Minnesota Beer, LLC",White Claw Raspberry 6pk 12oz can,635985260660,19,3.9,1,4,7.66,31.0
Minneapolis,"Breakthru Beverage Minnesota Beer, LLC",Sun Cruiser Vodak Pink Lemonade 19.2oz can,087692023982,23,3.9,1,12,3.14,38.0
Minneapolis,"Breakthru Beverage Minnesota Wine & Spirits, LLC",Monaco Black Raspberry 12oz can,891278002304,7,0.8,3,36,1.95,70.0
Minneapolis,"Capitol Beverage Sales, L.P.",Beatbox Sweet Heat Cinnamon 500ml,85005919552,-34,-36.4,1,12,0.0,0.0
Minneapolis,"Capitol Beverage Sales, L.P.",Cutwater Peach Margerita 12oz can,816751022372,-81,-14.5,1,24,2.47,59.0
Minneapolis,"Capitol Beverage Sales, L.P.",Cutwater Peach Margerita 4pk 12oz can,816751022389,-55,-9.4,4,24,9.88,237.0
Minneapolis,"Capitol Beverage Sales, L.P.",Carbliss Variety Pack 8pk 12oz can,860007988837,-150,-2.7,75,225,14.79,3328.0
Minneapolis,"Capitol Beverage Sales, L.P.",Beatbox Lemonade Variety 6pk 500ml,850059195444,0,0.0,4,8,13.4,107.0
Minneapolis,"Capitol Beverage Sales, L.P.",Carbliss Passion Fruit 4pk 12oz can,860001338584,0,0.0,2,12,8.77,105.0
Minneapolis,"Capitol Beverage Sales, L.P.",Vodkade Zero Sugar Variety Pack 8pk 12oz can,850066495186,2,0.1,37,111,15.72,1745.0
Minneapolis,"Capitol Beverage Sales, L.P.",Surfside Strawberry Lemonade 4pk 12oz can,850050071235,9,0.3,18,108,7.5,810.0
Minneapolis,"Capitol Beverage Sales, L.P.",Surfside Blueberry Lemonade 4pk 12oz can,850050071051,13,0.6,13,78,7.5,585.0
Minneapolis,"Capitol Beverage Sales, L.P.",Cutwater Lemon Drop 4pk 12oz can,816751023799,46,0.7,39,234,9.92,2322.0
Minneapolis,"Capitol Beverage Sales, L.P.",Beatbox Tea Variety Pack 6pk 500ml,860010695821,2,0.8,5,10,13.6,136.0
Minneapolis,"Capitol Beverage Sales, L.P.",Surfside Strawberry Lemonade 24oz can,850050071792,174,0.8,56,672,1.94,1306.0
Minneapolis,"Capitol Beverage Sales, L.P.",Goose Island Big Mango Beer Hug 19.2oz can,736920213939,2,0.8,1,15,2.19,33.0
Minneapolis,"Capitol Beverage Sales, L.P.",Surfside Super Lyte Variety Pack 8pk 12oz can,810171361967,56,1.0,53,159,15.0,2385.0
Minneapolis,"Capitol Beverage Sales, L.P.",Cutwater Espresso Martini 4pk 12oz can,816751023737,19,1.2,8,48,9.92,476.0
Minneapolis,"Capitol Beverage Sales, L.P.",Beatbox Orange Blast 500ml,850059195123,12,1.2,3,36,2.35,85.0
Minneapolis,"Capitol Beverage Sales, L.P.",Vodkade Variety Pack 8pk 12oz can,850066495056,25,1.4,16,48,15.72,755.0
Minneapolis,"Capitol Beverage Sales, L.P.",Cutwater Mango Margarita 4pk 12oz can,816751022105,37,1.4,12,72,9.81,706.0
Minneapolis,"Capitol Beverage Sales, L.P.",Surfside Lemonade 4pk 12oz can,850025605526,22,1.5,7,42,7.5,315.0
Minneapolis,"Capitol Beverage Sales, L.P.",Cutwater Pina Colada 4pk 12oz can,816751022488,22,1.5,6,36,9.9,356.0
Minneapolis,"Capitol Beverage Sales, L.P.",Surfside Raspberry Lemonade 4pk 12oz can,850050071013,37,1.6,10,60,7.5,450.0
Minneapolis,"Capitol Beverage Sales, L.P.",Carbliss Black Raspberry 4pk 12oz can,860001338553,58,1.8,12,72,8.87,639.0
Minneapolis,"Capitol Beverage Sales, L.P.",Cutwater Spicy Mango Margarita 4pk 12oz can,816751024291,5,1.9,1,6,9.8,59.0
Minneapolis,"Capitol Beverage Sales, L.P.",Surfside Half & Half 4pk 12oz can,850025605540,26,2.0,5,30,6.2,186.0
Minneapolis,"Capitol Beverage Sales, L.P.",Cutwater Strawberry Margarita 4pk 12oz can,816751022457,38,2.0,7,42,9.89,416.0
Minneapolis,"Capitol Beverage Sales, L.P.",Beatbox Peach Tea 500ml,851133006991,14,2.0,2,24,2.31,56.0
Minneapolis,"Capitol Beverage Sales, L.P.",Beatbox Berry Lemonade 3L,850059195451,1,2.1,1,6,12.58,76.0
Minneapolis,"Capitol Beverage Sales, L.P.",Cutwater Vodka Mule 4pk 12oz can,816751020606,28,2.5,3,18,9.87,178.0
Minneapolis,"Capitol Beverage Sales, L.P.",Cutwater Pineapple Margarita 4pk 12oz can,816751022792,32,2.5,4,24,9.86,237.0
Minneapolis,"Capitol Beverage Sales, L.P.",Cutwater Long Island Iced Tea 4pk 12oz can,816751021993,56,2.6,6,36,9.85,355.0
Minneapolis,"Capitol Beverage Sales, L.P.",Surfside Half & Half Variety Pack 8pk 12oz can,810171361868,83,2.7,14,42,15.0,630.0
Minneapolis,"Capitol Beverage Sales, L.P.",Jumex Hard Nectar 12pk 12oz can,613008772505,11,2.8,3,6,15.04,90.0
Minneapolis,"Capitol Beverage Sales, L.P.",Cutwater White Russian 4pk 12oz can,816751022068,48,3.0,3,18,9.88,178.0
Minneapolis,"Capitol Beverage Sales, L.P.",Wild State Rotating 4pk 12oz can,085001894778,5,3.1,1,6,9.75,59.0
Minneapolis,"Capitol Beverage Sales, L.P.",Natural Light 16 Gallon,400000023809,14,3.3,3,3,70.0,210.0
Minneapolis,"Capitol Beverage Sales, L.P.",Carbliss Lemon Lime 4pk 12oz can,860001338546,59,3.4,2,12,8.82,106.0
Minneapolis,"Capitol Beverage Sales, L.P.",Beatbox Watermelon Lemonade 500ml,850059195376,38,3.4,1,12,2.33,28.0
Minneapolis,"Capitol Beverage Sales, L.P.",Three Floyds Tequila Splash 4pk12oz can,811000032072,2,3.6,1,6,8.25,50.0
Minneapolis,"Capitol Beverage Sales, L.P.",Cutwater Grape Transfusion 4pk 12oz can,816751022563,53,4.0,1,6,9.88,59.0
Minneapolis,"College City Beverage, Inc.",Beatbox Blueberry Lemonade 500ml,850059195352,-11,-0.7,6,72,2.39,172.0
Minneapolis,"College City Beverage, Inc.",Mom Squad Vaca Mode Variety Pack 8pk 12oz can,860008473462,-1,-0.2,8,24,16.33,392.0
Minneapolis,"College City Beverage, Inc.",Natural Light 24pk 12oz can,018200151682,-1,-0.1,56,56,16.1,902.0
Minneapolis,"College City Beverage, Inc.",Beatbox Cherry Limeade 500ml,860010695852,0,0.0,6,72,2.42,174.0
Minneapolis,"College City Beverage, Inc.",Surfside Variety #2 8pk 12oz can,850025605199,85,0.5,214,642,14.07,9034.0
Minneapolis,"College City Beverage, Inc.",Surfside Variety #1 8pk 12oz can,850025605182,29,0.7,46,138,15.0,2070.0
Minneapolis,"College City Beverage, Inc.",Busch Light Lime 24pk 12oz can,018200293016,67,0.8,280,280,11.74,3288.0
Minneapolis,"College City Beverage, Inc.",Good Boy Golf The Golf Pack 8pk 12oz can,850041804316,7,0.9,9,27,15.9,429.0
Minneapolis,"College City Beverage, Inc.",Busch Light Lime 12pk 12oz can,018200204517,25,2.2,10,20,5.24,105.0
Minneapolis,"College City Beverage, Inc.",Golden Road Tart Mango Cart 6pk 12oz can,856895003844,6,3.7,1,4,7.62,30.0
Minneapolis,"College City Beverage, Inc.",Beatbox Coco Breeze 500ml,850059195857,27,3.9,1,12,2.32,28.0
Minneapolis,Dahlheimer Beverage Monticello,Mike's Hard Strawberry 12pk 12oz can,635985000723,-66,-23.6,6,12,13.85,166.0
Minneapolis,Dahlheimer Beverage Monticello,Four Loko Jackpot 23oz can,849806006362,7,0.5,4,48,2.18,104.0
Minneapolis,Dahlheimer Beverage Monticello,Leinenkugel's Summer Shandy 12pk 12oz btl,034100516079,9,1.6,7,14,13.05,183.0
Minneapolis,Dahlheimer Beverage Monticello,Coors Banquet 24pk 12oz can,071990116002,46,1.8,57,57,19.47,1110.0
Minneapolis,Dahlheimer Beverage Monticello,Angry Orchard Variety Pack 12pk 12oz can,087692008217,53,2.2,23,46,13.89,639.0
Minneapolis,Dahlheimer Beverage Monticello,Fresca Hard Variety 12pk 12oz can,810078781899,27,3.0,5,10,12.0,120.0
Minneapolis,Dahlheimer Beverage Monticello,Four Loko Melon 23oz can,849806003620,21,3.3,1,12,2.02,24.0
Minneapolis,Dahlheimer Beverage Monticello,Lift Bridge Seltzer Cocktail Variety Pack 12pk 12oz can,685165383641,12,3.7,1,2,13.33,27.0
Minneapolis,Dahlheimer Beverage Monticello,Twisted Tea Light 4pk 16oz can,087692023203,8,3.8,1,6,5.92,35.0
Minneapolis,"Hohensteins, Inc.",Indeed Apple Crisp Ale 4pk 16oz can,850034657707,-1,-4.3,1,6,9.1,55.0
Minneapolis,"Hohensteins, Inc.",Old Milwaukee 30pk 12oz can,052300004349,0,0.0,4,4,16.9,68.0
Minneapolis,"Hohensteins, Inc.",Hamm's 30pk 12oz can,034100807412,65,1.1,173,173,15.89,2749.0
Minneapolis,"Hohensteins, Inc.",Pabst Blue Ribbon 12pk 12oz can,022100001701,7,1.2,8,16,9.49,152.0
Minneapolis,"Hohensteins, Inc.",Paulaner Oktoberfest  4pk 17oz can,080157368222,4,1.4,2,12,8.25,99.0
Minneapolis,"Hohensteins, Inc.",Lagunitas Variety Pack 12pk 12oz can,723830145122,7,1.5,6,12,11.99,144.0
Minneapolis,"Hohensteins, Inc.",Hamm's 12pk 12oz can,034100809027,23,1.5,19,38,8.64,328.0
Minneapolis,"Hohensteins, Inc.",Arnold Palmer Spiked 24oz can,613008748296,8,1.7,1,12,2.45,29.0
Minneapolis,"Hohensteins, Inc.",Fulton Hard Seltzer Mixed Pack Citrus 12pk 12oz can,856247003973,3,1.8,2,4,13.92,56.0
Minneapolis,"Hohensteins, Inc.",Bell's Two Hearted Ale 4pk 16oz can,740522110831,6,2.3,1,6,6.75,40.0
Minneapolis,"Hohensteins, Inc.",Bell's IPA Variety Pack 12pk 12oz can,740522415967,7,3.8,1,2,15.06,30.0
Minneapolis,"Hohensteins, Inc.",Indeed Mexican Honey 4pk 16oz can,852004004184,7,3.8,1,6,9.75,59.0
Minneapolis,Insight Brewing Company (D),Insight Troll Way 4pk 16oz can,854042006014,-1,-1.4,1,6,10.16,61.0
Minneapolis,Johnson Brothers - St. Paul,Saint Spritz Amalfi 4pk 355ml,196852401789,-1,-4.3,1,6,10.33,62.0
Minneapolis,Johnson Brothers - St. Paul,Saint Spritz Sicily 4pk 355ml,197644897254,0,0.0,1,6,10.33,62.0
Minneapolis,McDonald Distributing Co dba Clear River Beverage,"Lupulin Dragons, Yes 4pk 16oz can",850068928569,0,0.0,1,6,14.63,88.0
Minneapolis,McDonald Distributing Co dba Clear River Beverage,Press Peach Rosemary 19.2oz can,852313009108,1,0.3,1,15,1.85,28.0
Minneapolis,McDonald Distributing Co dba Clear River Beverage,Beatbox Hard Tea 500ml,851133006755,3,0.5,2,24,2.32,56.0
Minneapolis,McDonald Distributing Co dba Clear River Beverage,Beatbox Juicy Mango 500ml,851133006519,14,1.1,4,48,2.43,116.0
Minneapolis,McDonald Distributing Co dba Clear River Beverage,Beatbox Green Apple 500ml,851133006731,25,1.5,4,48,2.43,117.0
Minneapolis,Mega Beer LLC,Hinterland Cherry Wheat 6pk 12oz can,040232479625,1,1.4,1,4,8.56,34.0
Minneapolis,Phillips Wine & Spirits - St. Paul,Sunny D Vodka Seltzer 4pk 12oz can,050200003295,2,0.9,2,12,8.12,97.0
Minneapolis,Phillips Wine & Spirits - St. Paul,Two Chicks Pear & Elderflower 4pk 12oz can,850003574066,2,0.9,2,12,8.2,98.0
Minneapolis,Phillips Wine & Spirits - St. Paul,Two Chicks Paloma 4pk 12oz can,850003574028,2,2.1,1,6,7.8,47.0
Minneapolis,Phillips Wine & Spirits - St. Paul,Two Chicks Cranberry Tartini 4pk 12oz can,850003574202,5,3.1,1,6,7.01,42.0
Minneapolis,"Pryes Brewing Company, LLC","Pryes Glamorama 12pk 12oz can
",850013268832,14,1.7,10,20,15.7,314.0
Minneapolis,"Pryes Brewing Company, LLC",Pryes Royal Raspberry Sour 12pk 12oz can,850013268559,24,3.5,2,4,15.1,60.0
Minneapolis,Single Can,Cutwater Grapefruit Tequila Paloma 12oz can,816751021184,-214,-57.3,1,24,0.0,0.0
Minneapolis,Single Can,Cutwater Gingerbread White Russian 12oz can,816751024574,0,0.0,1,24,2.46,59.0
Minneapolis,Single Can,Cutwater Spicy Mango Margatira 12oz can,816751024277,0,0.0,1,24,2.45,59.0
Minneapolis,Single Can,Cutwater Vodka Mule 12oz can,816751020774,0,0.0,1,24,2.47,59.0
Minneapolis,Single Can,Cutwater Vodka Transfusion 12oz can,816751022556,0,0.0,1,24,2.47,59.0
Minneapolis,Single Can,Cutwater Long Island 12oz can,816751021986,0,0.0,1,24,2.46,59.0
Minneapolis,Single Can,Cutwater Pina Colada 12oz Can,816751022471,0,0.0,2,48,2.47,119.0
Minneapolis,Single Can,Cutwater Espresso Martini 12oz Can,816751023720,0,0.0,2,48,2.48,119.0
Minneapolis,Single Can,Cutwater Tiki Rum Mai Tai 12oz can,816751021665,0,0.0,2,48,1.72,83.0
Minneapolis,Single Can,Cutwater Mango Margatira 12oz can,816751022099,0,0.0,2,48,2.45,118.0
Minneapolis,Single Can,Cutwater White Russian 12oz can,816751022051,0,0.0,2,48,2.47,119.0
Minneapolis,Single Can,Cutwater Pineapple Margarita 12oz can,816751022785,0,0.0,3,72,2.46,177.0
Minneapolis,Single Can,Cutwater Strawberry Margarita 12oz can,816751022440,0,0.0,3,72,2.47,178.0
Minneapolis,Single Can,Cutwater Lemon Drop 4pk 12oz can,816751023782,0,0.0,4,96,2.48,238.0
Minneapolis,Single Can,Cutwater Tequila Lime Margarita 12oz can,816751021214,0,0.0,4,96,2.28,219.0
Minneapolis,,Mamitas Pineapple Hard Seltzer,849806003354,-618,-10.2,242,242,7.35,1778.0
Minneapolis,,Stilly Variety Pack #1 8pk 12oz can,850051216260,-14,-10.0,6,6,14.33,86.0
Minneapolis,,Modelo Especial,08066446,-13,-9.3,6,6,0.18,1.0
Minneapolis,,Summit Lake Crusher/Winter 12pk 12oz can,025569195554,-11,-7.9,6,6,12.29,74.0
Minneapolis,,White Claw Pineapple 6pk 12oz can,635985000440,-11,-6.7,7,7,7.65,54.0
Minneapolis,,Modelo 24oz btl,080660957777,-22,-4.3,21,21,2.27,48.0
Minneapolis,,Indeed Mexican Honey Light 6pk 12oz can,852004004528,-19,-4.3,18,18,9.0,162.0
Minneapolis,,Busch 24pk 12oz can,018200611681,-14,-4.3,14,14,18.56,260.0
Minneapolis,,Summit NA Amber 6pk 12oz can,025569142107,-2,-4.3,2,2,8.46,17.0
Minneapolis,,Downeast Cider Seasonal 2 4pk 12oz can,858612003557,-2,-4.3,2,2,9.25,18.0
Minneapolis,,Indeed Mexican Honey Light 12oz can,04528,-1,-4.3,1,1,0.0,0.0
Minneapolis,,Kona Big Wave Golden Ale 4pk 16oz can,796030624964,-7,-2.0,14,14,4.95,69.0
Minneapolis,,Rolling Rock 30pk 12oz can,071439340302,-30,-0.6,205,205,15.47,3170.0
Minneapolis,,White Claw Surge Blood Orange 19.2oz can,635985802075,-1,-0.3,14,14,2.33,33.0
Minneapolis,,Mom Water Nancy Pineapple Orange 4pk 12oz can,860008473394,0,0.0,1,1,4.35,4.0
Minneapolis,,Corona N/A 12pk 12oz can,033544002261,0,0.0,3,3,13.64,41.0
Minneapolis,,Schell's Sampler 2024 12pk 12oz can,088067057229,0,0.0,3,3,14.26,43.0
Minneapolis,,Schilling Excelsior 6pk 12oz can,856793004271,0,0.0,8,8,10.26,82.0
Minneapolis,,Carbliss Pineapple 12pk 12oz can,860010894422,0,0.0,8,8,26.3,210.0
Minneapolis,,Good Boy Vodka Cocktail Variety Pack 8pk 12oz can,850041804156,0,0.0,20,20,16.03,321.0
Minneapolis,,Surfside Green Tea Variety 8pk 12oz can,810171360151,4,0.3,48,48,15.0,720.0
Minneapolis,,Michelob Ultra 12pk 12oz can,018200069918,19,0.4,187,187,12.12,2266.0
Minneapolis,,Bud Light 24pk 12oz can,018200531682,3,0.5,23,23,19.66,452.0
Minneapolis,,Pabst Blue Ribbon Light,022100475106,5,0.5,39,39,16.4,640.0
Minneapolis,,Tsingtao 6pk 12oz btl,092000013067,1,0.6,6,6,9.75,58.0
Minneapolis,,Good Boy Vodka Lemonade Variety Pack 8pk 12oz can,850041804309,4,0.6,24,24,16.27,391.0
Minneapolis,,Alcolo Premium 8pk 12oz can,850024192287,15,0.7,66,66,5.97,394.0
Minneapolis,,Michelob Ultra 24pk 12oz can,018200967153,51,0.7,261,261,21.64,5647.0
Minneapolis,,Natural Ice 15pk 12oz can,018200284434,8,1.0,24,24,9.65,232.0
Minneapolis,,Budweiser 12pk 12oz can,018200110474,10,1.0,32,32,11.26,360.0
Minneapolis,,Busch Light 12pk 12oz can,018200008016,28,1.0,88,88,10.61,934.0
Minneapolis,,Sun Cruiser Vodka Lemonade 700ml can,087692022107,3,1.1,9,9,3.74,34.0
Minneapolis,,Busch Light 24pk 16oz can,018200284663,20,1.1,55,55,20.36,1120.0
Minneapolis,,Busch Light 24pk 12oz can,018200861673,91,1.1,243,243,18.6,4520.0
Minneapolis,,Good Boy Vodka John Daly Variety Pack 8pk 12oz can,850041804163,8,1.3,17,17,16.3,277.0
Minneapolis,,Kona Big Wave Golden Ale 12pk 12oz can,796030824968,12,1.3,25,25,12.75,319.0
Minneapolis,,White Claw Surge Variety Pack 24pk 12oz can,635985802532,29,1.3,61,61,25.96,1583.0
Minneapolis,,Michelob Golden Light 24pk 12oz can,018200968679,132,1.3,280,280,19.69,5513.0
Minneapolis,,Heineken 12pk 12oz can,072890000200,4,1.4,8,8,13.14,105.0
Minneapolis,,Michelob Ultra 4pk 16oz can,01852424,8,1.4,16,16,4.54,73.0
Minneapolis,,Carbliss Cranberry 12pk 12oz can,860010894408,8,1.4,16,16,26.3,421.0
Minneapolis,,Corona Extra 24oz btl,080660956411,10,1.4,18,18,2.4,43.0
Minneapolis,,Michelob Golden Light 6pk 12oz btl,018200006708,6,1.6,9,9,6.66,60.0
Minneapolis,,Pryes Mass Hazeteria 4pk 16oz can,860488001674,2,1.7,3,3,10.15,30.0
Minneapolis,,Schell's Deer Brand 24pk 16oz can,088067055065,4,1.7,6,6,19.66,118.0
Minneapolis,,Natural Light 15pk 12oz can,018200200779,16,1.7,22,22,9.62,212.0
Minneapolis,,Carbliss Lemon Lime 12pk 12oz can,860010894415,8,1.9,9,9,26.3,237.0
Minneapolis,,Deschutes Fresh Squeezed IPA 6pk 12oz btl,763176120063,6,2.0,7,7,7.7,54.0
Minneapolis,,MOM WATER SQUAD VARIETY PACK 8pk 12oz can,860005323982,6,2.0,7,7,16.0,112.0
Minneapolis,,Budweiser 12pk 12oz btl,018200007712,11,2.0,11,11,11.32,125.0
Minneapolis,,Michelob Golden Light 12pk 12oz can,018200006937,35,2.0,35,35,11.29,395.0
Minneapolis,,Modelo Especial 24pk 12oz can,080660957104,40,2.0,39,39,22.69,885.0
Minneapolis,,Pryes Royal Peach Sour 4pk 16oz can,850013268368,4,2.1,4,4,10.33,41.0
Minneapolis,,War Pigs Foggy Geezer 6pk 12oz can,865024000418,5,2.1,5,5,9.0,45.0
Minneapolis,,Loon Juice Honey Crisp 6pk 12oz can,866375000027,6,2.1,6,6,8.25,50.0
Minneapolis,,Sun Cruiser Vodka Lemonade Variety 8pk 12oz can,087692021544,146,2.1,134,134,14.76,1978.0
Minneapolis,,Olde English 800 40oz btl,03462218,26,2.2,21,21,2.63,55.0
Minneapolis,,Blue Moon 6pk 12oz btl,071990095116,8,2.3,6,6,7.84,47.0
Minneapolis,,Montucky Cold Snacks 12pk 12oz can,818490010597,10,2.3,8,8,11.43,91.0
Minneapolis,,Michelob Ultra 12pk 12oz btl,018200059902,22,2.3,17,17,12.16,207.0
Minneapolis,,Deschutes Fresh Haze 6pk 12oz can,763176180074,4,2.4,3,3,7.7,23.0
Minneapolis,,Indeed Pistachio Cream Ale 6pk 12oz can,852004004917,5,2.4,4,4,8.76,35.0
Minneapolis,,Modelo Chelada Fresa Picante 24oz can,33544002315,8,2.4,6,6,2.35,14.0
Minneapolis,,Natural Ice 24pk 12oz can,018200271687,10,2.5,6,6,16.26,98.0
Minneapolis,,NOCA Weekend Water 12pk 12oz can,850024192218,5,2.7,3,3,13.52,41.0
Minneapolis,,Budweiser 24pk 12oz can,018200111686,14,2.7,7,7,19.59,137.0
Minneapolis,,Coors Banquet 24oz can,071990100711,9,2.8,5,5,2.29,11.0
Minneapolis,,Angry Orchard Crisp Apple 6pk 12oz btl,087692821021,51,2.9,20,20,8.03,161.0
Minneapolis,,Carbliss Peach 4pk 12oz can,86000981953,52,3.0,18,18,8.83,159.0
Minneapolis,,Michelob Golden Light 24pk 16oz can,018200283963,81,3.0,28,28,21.6,605.0
Minneapolis,,Bud Light 6pk 12oz btl,018200008337,6,3.2,2,2,6.65,13.0
Minneapolis,,Grain Belt Premium 6pk 16oz can,088067088001,6,3.2,2,2,6.86,14.0
Minneapolis,,Michelob Golden Light 12pk 12oz btl,018200006975,20,3.3,5,5,11.29,56.0
Minneapolis,,Cutwater Lime Margarita 4pk 12oz can,816751021238,109,3.3,26,26,9.11,237.0
Minneapolis,,Grain Belt Nordeast 24pk 16oz can,088067088056,4,3.4,1,1,21.66,22.0
Minneapolis,,Bud Light Lime 6pk 12oz btl,018200149917,8,3.4,2,2,7.39,15.0
Minneapolis,,Bud Light 12pk 12oz btl,018200007699,20,3.4,4,4,11.27,45.0
Minneapolis,,Modelo Especial 12pk 12oz can,080660957159,74,3.4,13,13,13.36,174.0
Minneapolis,,Golden Road Mango Cart 12pk 12oz can,810628032426,9,3.5,2,2,12.83,26.0
Minneapolis,,Cayman Jacked Margarita 19.2oz can,815829012130,9,3.5,2,2,2.33,5.0
Minneapolis,,Grain Belt Premium 12pk 12oz btl,088067080005,17,3.5,3,3,11.78,35.0
Minneapolis,,Summit Extra Pale Ale 12pk 12oz can,025569243552,5,3.6,1,1,13.29,13.0
Minneapolis,,Sun Cruiser Classic Iced Tea 700ml can,087692021926,22,3.6,3,3,3.81,11.0
Minneapolis,,Four Loko Jungle Juice 23oz can,849806005464,42,3.8,2,2,2.1,4.0
Minneapolis,,Truly Unruly Lemonade Variety 12pk 12oz can,087692021995,30,3.9,1,1,13.69,14.0
Minnetonka,Artisan Beer,Surly 20th Anniversary Variety 12pk 12oz can,810005492553,0,0.0,1,2,15.02,30.0
Minnetonka,Artisan Beer,Toppling Goliath Pseudo Sue 4pk 16oz can,852211003321,1,2.1,1,6,10.0,60.0
Minnetonka,Bernicks,Lagunitas Hazy IPA 12pk 12oz can,723830300033,-12,-25.7,1,2,12.0,24.0
Minnetonka,Bernicks,New Belgium Voodoo Ranger Hoppy Pack 12pk 12oz can,754527010706,-1,-1.1,2,4,13.54,54.0
Minnetonka,Bernicks,Lagunitas Hazicus Maximus Hazy IPA 12pk 12oz can,723830200050,0,0.0,1,2,11.85,24.0
Minnetonka,Bernicks,New Belgium Juice Force 12pk 12oz can,754527012021,0,0.0,1,2,13.48,27.0
Minnetonka,Bernicks,Heineken 6pk 12oz btl,072890000118,1,1.1,1,4,7.33,29.0
Minnetonka,"Breakthru Beverage Minnesota Beer, LLC",White Claw Black Cherry 12pk 12oz can,635985260899,-3,-4.3,2,4,14.09,56.0
Minnetonka,"Breakthru Beverage Minnesota Beer, LLC",Leinenkugel's Rotator 12pk 12oz can,034100516192,-1,-2.1,1,2,12.61,25.0
Minnetonka,"Breakthru Beverage Minnesota Beer, LLC",Corona Extra 12pk 12oz btl,080660956152,-2,-1.4,3,6,13.32,80.0
Minnetonka,"Breakthru Beverage Minnesota Beer, LLC",White Claw Grape 6pk 12oz can,635985803645,-1,-0.9,2,8,7.7,62.0
Minnetonka,"Breakthru Beverage Minnesota Beer, LLC",Truly Spiked Berry Variety 12pk 12oz can,087692006862,0,0.0,1,2,14.25,28.0
Minnetonka,"Breakthru Beverage Minnesota Beer, LLC",Modelo Chelada Limon y Sal 12pk 12oz can,033544001301,0,0.0,1,2,13.35,27.0
Minnetonka,"Breakthru Beverage Minnesota Beer, LLC",White Claw Surge Variety #2 12pk 12oz can,635985802525,0,0.0,1,2,13.84,28.0
Minnetonka,"Breakthru Beverage Minnesota Beer, LLC",Ole Margarita 4pk 12oz can,635985803997,0,0.0,1,6,8.58,52.0
Minnetonka,"Breakthru Beverage Minnesota Beer, LLC",White Claw Variety Pack #3 12pk 12oz can,635985800262,2,0.7,5,10,13.91,139.0
Minnetonka,"Breakthru Beverage Minnesota Beer, LLC",Modelo Especial 12pk 12oz btl,080660957579,1,0.9,2,4,13.35,53.0
Minnetonka,"Breakthru Beverage Minnesota Beer, LLC",Coors Light 12pk 12oz can,071990000486,4,1.2,5,10,11.27,113.0
Minnetonka,"Breakthru Beverage Minnesota Beer, LLC",Pacifico 6pk 12oz btl,080660953014,1,1.4,1,4,7.23,29.0
Minnetonka,"Breakthru Beverage Minnesota Beer, LLC",Cutwater Lime Margarita 4pk 12oz can,816751021238,2,1.7,1,6,9.11,55.0
Minnetonka,"Breakthru Beverage Minnesota Beer, LLC",Coors Light 24pk 12oz can,071990316006,3,1.8,4,4,19.37,77.0
Minnetonka,"Breakthru Beverage Minnesota Beer, LLC",Modelo Especial 24pk 12oz can,080660957104,3,1.8,4,4,22.69,91.0
Minnetonka,"Breakthru Beverage Minnesota Beer, LLC",Modelo Especial 12pk 12oz can,080660957159,3,1.8,2,4,13.36,53.0
Minnetonka,"Breakthru Beverage Minnesota Beer, LLC",White Claw Variety Pack  #2 12pk 12oz can,635985800064,3,1.8,2,4,13.88,56.0
Minnetonka,"Breakthru Beverage Minnesota Beer, LLC",Sun Cruiser Vodka Variety 8pk 12oz can,087692020301,5,1.8,3,9,14.65,132.0
Minnetonka,"Breakthru Beverage Minnesota Beer, LLC",Coors Light 24pk 16oz can,071990301286,5,1.9,6,6,21.49,129.0
Minnetonka,"Breakthru Beverage Minnesota Beer, LLC",Miller High Life 24pk 12oz btl,034100012434,1,2.1,1,1,17.63,18.0
Minnetonka,"Breakthru Beverage Minnesota Beer, LLC",White Claw Surge Variety Pack 12pk 12oz can,635985800804,1,2.1,1,2,13.92,28.0
Minnetonka,"Breakthru Beverage Minnesota Beer, LLC",Topo Chico Hard Seltzer Variety 12pk 12oz can,021136180879,2,2.1,1,2,14.11,28.0
Minnetonka,"Breakthru Beverage Minnesota Beer, LLC",Downeast Cider Apple Pie 6pk 12oz can,850046644719,1,2.1,1,4,8.82,35.0
Minnetonka,"Breakthru Beverage Minnesota Beer, LLC",White Claw Natural Lime 6pk 12oz can,635985025986,2,2.1,1,4,7.71,31.0
Minnetonka,"Breakthru Beverage Minnesota Beer, LLC",Cayman Jack Margarita 6pk 12oz btl,815829010068,4,2.1,1,4,7.56,30.0
Minnetonka,"Breakthru Beverage Minnesota Beer, LLC",Coors Banquet Heritage 12pk 12oz btl,071990170370,2,2.9,1,2,11.33,23.0
Minnetonka,"Breakthru Beverage Minnesota Beer, LLC",Montucky Cold Snacks 12pk 12oz can,818490010597,2,2.9,1,2,11.43,23.0
Minnetonka,"Breakthru Beverage Minnesota Beer, LLC",Blue Moon 6pk 12oz btl,071990095116,2,2.9,1,4,7.84,31.0
Minnetonka,"Breakthru Beverage Minnesota Beer, LLC",Monaco Sun Crush 12oz can,891278003219,2,2.9,1,12,1.94,23.0
Minnetonka,"Breakthru Beverage Minnesota Beer, LLC",Coors Banquet 12pk 12oz can,071990000479,5,3.1,1,2,11.22,22.0
Minnetonka,"Breakthru Beverage Minnesota Beer, LLC",Sierra Nevada Hazy Little Thing IPA 12pk 12oz can,083783531114,3,3.2,1,2,14.04,28.0
Minnetonka,"Breakthru Beverage Minnesota Beer, LLC",Coors Light 6pk 16oz can,071990320003,12,3.4,1,4,5.41,22.0
Minnetonka,"Breakthru Beverage Minnesota Wine & Spirits, LLC",Monaco Sun Crush 4pk 12oz can,891278003226,0,0.0,1,6,7.46,45.0
Minnetonka,"Capitol Beverage Sales, L.P.",Surfside Strawberry Lemonade 24oz can,850050071792,-1,-2.1,1,12,1.94,23.0
Minnetonka,"Capitol Beverage Sales, L.P.",Surfside Lemonade 24oz can,850050071129,1,1.4,1,12,1.94,23.0
Minnetonka,"Capitol Beverage Sales, L.P.",Cutwater White Russian 4pk 12oz can,816751022068,4,1.6,2,12,9.88,119.0
Minnetonka,"Capitol Beverage Sales, L.P.",Surfside Half and Half  19.2oz can,810171361158,4,2.4,1,12,3.14,38.0
Minnetonka,"Capitol Beverage Sales, L.P.",Cutwater Mai Tai 4pk 12oz can,816751021689,6,2.6,1,6,6.88,41.0
Minnetonka,"College City Beverage, Inc.",Summit Twins Pils 4pk 16oz can,025569202474,1,1.4,1,6,6.0,36.0
Minnetonka,"College City Beverage, Inc.",Surfside Variety #2 8pk 12oz can,850025605199,8,1.8,4,12,14.07,169.0
Minnetonka,"College City Beverage, Inc.",Surfside Variety #1 8pk 12oz can,850025605182,7,3.3,1,3,15.0,45.0
Minnetonka,Dahlheimer Beverage Monticello,Mike's Harder Pink Lemonade 23oz can,635985000631,0,0.0,2,24,2.34,56.0
Minnetonka,Dahlheimer Beverage Monticello,Bell's Two Hearted Ale 12pk 12oz can,740522110862,2,1.1,3,6,15.18,91.0
Minnetonka,Dahlheimer Beverage Monticello,Samuel Adams Seasonal 2 6pk 12oz btl,087692300502,1,1.4,1,4,7.7,31.0
Minnetonka,Dahlheimer Beverage Monticello,Coors Light 9pk 16oz can,071990301040,3,1.8,2,4,11.21,45.0
Minnetonka,Dahlheimer Beverage Monticello,Coors Banquet 24pk 12oz can,071990116002,2,2.9,1,1,19.47,19.0
Minnetonka,Do Not Use - Clear River Beverage,Press Sparkling Synergy Variety 12pk 12oz can,852313004950,1,1.4,1,2,13.47,27.0
Minnetonka,Falling Knife Brewing Company,Falling Knife Day Dreaming 4pk 16oz can,850028434383,0,0.0,1,6,9.38,56.0
Minnetonka,"Hohensteins, Inc.",Indeed Mexican Honey Light 6pk 12oz can,852004004528,-1,-2.1,1,4,9.0,36.0
Minnetonka,"Hohensteins, Inc.",Fulton Lonely Blonde 12pk 12oz can,856247003591,-1,-1.4,2,4,13.62,54.0
Minnetonka,"Hohensteins, Inc.",Lagunitas Variety Pack 12pk 12oz can,723830145122,0,0.0,1,2,11.99,24.0
Minnetonka,"Hohensteins, Inc.",Indeed Variety Pack 12pk 12oz can,852004004047,0,0.0,1,2,15.14,30.0
Minnetonka,"Hohensteins, Inc.",Lagunitas Beast of Both Worlds IPA 12pk 12oz can,723830200098,0,0.0,1,2,11.92,24.0
Minnetonka,"Hohensteins, Inc.",Indeed Pistachio Cream Ale 12pk 12oz can,850034657035,0,0.0,2,4,14.81,59.0
Minnetonka,"Hohensteins, Inc.",Fulton Sweet Child of Vine 12pk 12oz can,856247003621,0,0.0,1,2,13.63,27.0
Minnetonka,"Hohensteins, Inc.",Great Lakes Edmund Fitz Porter 6pk 12oz can,704361200245,0,0.0,1,4,7.5,30.0
Minnetonka,"Hohensteins, Inc.",Lagunitas Trooper IPA 6pk 12oz can,723830411845,0,0.0,1,4,7.5,30.0
Minnetonka,"Hohensteins, Inc.",Paulaner Pils 4pk 17oz can,080157344042,0,0.0,1,6,7.94,48.0
Minnetonka,"Hohensteins, Inc.",Lagunitas IPA 12pk 12oz can,723830212121,2,2.9,1,2,11.98,24.0
Minnetonka,Modist Brewing Company,Modist Ghost Vision Citra Dolcita DDH Hazy IPA 4pk 16oz can,810095561863,-1,-4.3,1,6,9.48,57.0
Minnetonka,Modist Brewing Company,Modist Supra Sea Salt Lime Deluxe 6pk 12oz can,810095560668,0,0.0,1,4,7.95,32.0
Minnetonka,"Pryes Brewing Company, LLC",Pryes Variety Pack Mix #3 12pk 12oz can,850073046012,1,0.9,2,4,13.05,52.0
Minnetonka,"Pryes Brewing Company, LLC",Pryes Cartographer Beach Party 4pk 16oz can,850013268535,1,1.4,1,6,13.33,80.0
Minnetonka,"Pryes Brewing Company, LLC",Pryes PryesFest 4pk 16oz can,850013268900,1,2.1,1,6,8.29,50.0
Minnetonka,Single Can,Cutwater Mango Margatira 12oz can,816751022099,0,0.0,1,24,2.45,59.0
Minnetonka,Single Can,Cutwater Pina Colada 12oz Can,816751022471,0,0.0,1,24,2.47,59.0
Minnetonka,Single Can,Cutwater Pineapple Margarita 12oz can,816751022785,0,0.0,1,24,2.46,59.0
Minnetonka,Single Can,Cutwater Spicy Mango Margatira 12oz can,816751024277,0,0.0,1,24,2.45,59.0
Minnetonka,Single Can,Cutwater Tiki Rum Mai Tai 12oz can,816751021665,0,0.0,1,24,1.72,41.0
Minnetonka,Single Can,Cutwater Strawberry Margarita 12oz can,816751022440,0,0.0,1,24,2.47,59.0
Minnetonka,Single Can,Cutwater Tequila Lime Margarita 12oz can,816751021214,0,0.0,1,24,2.28,55.0
Minnetonka,Steel Toe Brewing,Steel Toe Festbier�6pk 12oz can,855123003670,0,0.0,1,4,9.5,38.0
Minnetonka,,Summit Lake Crusher/Winter 12pk 12oz can,025569195554,-6,-12.9,2,2,12.29,25.0
Minnetonka,,Michelob Golden Light 24pk 16oz can,018200283963,-9,-9.6,4,4,21.6,86.0
Minnetonka,,Excelsior Oktoberfest,719104789314,-2,-4.3,2,2,8.38,17.0
Minnetonka,,Michelob Golden Light 12pk 12oz can,018200006937,-1,-0.9,5,5,11.29,56.0
Minnetonka,,Bud Light 12pk 12oz btl,018200007699,0,0.0,1,1,11.27,11.0
Minnetonka,,Grain Belt Premium 6pk 16oz can,088067088001,0,0.0,1,1,6.86,7.0
Minnetonka,,Founders KBS 4pk 12oz btl,642860200321,0,0.0,1,1,13.67,14.0
Minnetonka,,Budweiser 12pk 12oz can,018200110474,0,0.0,3,3,11.26,34.0
Minnetonka,,NUTRL Fruit Variety Pack 8pk 12oz can,018200203527,0,0.0,3,3,14.99,45.0
Minnetonka,,Corona Sunbrew Citrus 12pk 12oz btl,033544002421,0,0.0,3,3,13.41,40.0
Minnetonka,,Cutwater Banana Mudslide 12oz can,816751024543,0,0.0,2,2,2.52,5.0
Minnetonka,,Steel Toe Sommer Vice 6pk 12oz can,855123003380,0,0.0,2,2,9.28,19.0
Minnetonka,,Pryes Miraculum Midwest IPA 4pk 16oz can,860488001605,0,0.0,3,3,7.35,22.0
Minnetonka,,Happy Dad Variety Pack 12pk 12oz can,084173968084,0,0.0,6,6,13.87,83.0
Minnetonka,,Lagunitas Little Sumpin' Ale 12pk 12oz can,723830914124,0,0.0,4,4,12.05,48.0
Minnetonka,,Surly Furious 12pk 12oz can,893354001515,1,0.5,8,8,15.41,123.0
Minnetonka,,Happy Dad Grape 12pk 12oz can,850046522154,1,0.7,5,5,13.79,69.0
Minnetonka,,Michelob Golden Light 24pk 12oz can,018200968679,1,0.9,4,4,19.69,79.0
Minnetonka,,Truly Party Pack 12pk 12oz can,087692018506,1,1.4,2,2,13.91,28.0
Minnetonka,,Stella Artois 4pk 16oz can,018200203206,3,1.6,5,5,5.33,27.0
Minnetonka,,Modelo Chelada 12pk 12oz can,033544001882,1,2.1,1,1,13.78,14.0
Minnetonka,,Weldwerks Juicy Bits IPA 4pk 16oz can,680168996577,1,2.1,1,1,12.67,13.0
Minnetonka,,Deschutes Fresh Squeezed IPA 6pk 12oz btl,763176120063,1,2.1,1,1,7.7,8.0
Minnetonka,,Schell's Rotator 12pk 12oz can,088067041037,2,2.1,2,2,12.98,26.0
Minnetonka,,Falling Knife Verbal Tip 4pk 16oz can,860004521402,3,2.1,3,3,12.03,36.0
Minnetonka,,Michelob Ultra 24pk 12oz can,018200967153,4,2.1,4,4,21.64,87.0
Minnetonka,,War Pigs Foggy Geezer 6pk 12oz can,865024000418,4,2.4,3,3,9.0,27.0
Minnetonka,,War Pigs Foggy Geezer 19.2oz can,865024000494,4,2.4,3,3,2.79,8.0
Minnetonka,,Surly Oktoberfest 12pk 12oz can,810005490085,3,2.6,2,2,13.26,27.0
Minnetonka,,Busch Light 12pk 12oz can,018200008016,2,2.9,1,1,10.61,11.0
Minnetonka,,Michelob Ultra 12pk 12oz btl,018200059902,2,2.9,1,1,12.16,12.0
Minnetonka,,Luce Line Foggy Bottom 4pk 16oz can,793888657472,2,2.9,1,1,10.61,11.0
Minnetonka,,Kona Big Wave Golden Ale 12pk 12oz can,796030824968,4,2.9,2,2,12.75,26.0
Minnetonka,,Sun Cruiser Vodka Lemonade Variety 8pk 12oz can,087692021544,11,3.1,3,3,14.76,44.0
Osseo,Artisan Beer,Surly One Man Mosh Pit 12pk 12oz can,810005491198,0,0.0,5,10,13.27,133.0
Osseo,Artisan Beer,BlackStack Shipping Delays 4pk 16oz can,850000319448,0,0.0,1,6,12.18,73.0
Osseo,Artisan Beer,Blackstack Participation Trophy 4pk 16oz can,850000317734,0,0.0,1,6,12.3,74.0
Osseo,Artisan Beer,Blackstack I Think It Might Be Broken 4pk 16oz can,850000321649,0,0.0,1,6,15.38,92.0
Osseo,Artisan Beer,Blackstack Dolcita But Make It Pop 4pk 16oz can,850000321441,2,2.9,1,6,12.3,74.0
Osseo,Artisan Beer,Surly Selects Variety Pack 12pk 12oz can,810005491266,5,3.1,1,2,15.42,31.0
Osseo,Bellboy Corporation,Zarpado Margarita 4pk 12oz can,810879024003,0,0.0,1,6,9.83,59.0
Osseo,Bernicks,Lagunitas Hazy IPA 12pk 12oz can,723830300033,-21,-90.0,1,2,12.0,24.0
Osseo,Bernicks,Heineken 6pk 12oz btl,072890000118,-3,-4.3,1,4,7.33,29.0
Osseo,Bernicks,New Belgium Voodoo Ranger IPA 12pk 12oz can,754527003623,-2,-1.4,3,6,13.56,81.0
Osseo,Bernicks,Miller High Life 12pk 12oz can,034100016364,-1,-0.9,3,6,10.13,61.0
Osseo,Bernicks,New Belgium Voodoo Ranger Hoppy Pack 12pk 12oz can,754527010706,-1,-0.4,6,12,13.54,162.0
Osseo,Bernicks,Milwaukee's Best Light 15pk 12oz can,034100073442,0,0.0,1,2,9.2,18.0
Osseo,Bernicks,Fulton Lonely Blonde Mixed Pack 12pk 12oz can,810023140764,0,0.0,1,2,13.5,27.0
Osseo,Bernicks,Leinenkugel's Seasonal 12pk 12oz btl,034100013493,0,0.0,3,6,12.36,74.0
Osseo,Bernicks,Guinness Draught 6pk 11oz btl,083820104011,0,0.0,2,8,7.27,58.0
Osseo,Bernicks,Leinenkugel's Sum Shandy 6pk 12oz btl,034100516055,0,0.0,3,12,7.72,93.0
Osseo,Bernicks,Strongbow Original Dry Hard Cider 4pk 17oz can,088345102207,0,0.0,2,12,5.57,67.0
Osseo,Bernicks,Guinness Draught 8pk 15oz can,083820123685,1,0.6,2,6,12.2,73.0
Osseo,Bernicks,Lagunitas Variety Pack 12pk 12oz can,723830145122,3,1.0,5,10,11.99,120.0
Osseo,Bernicks,Grain Belt Premium 24pk 12oz btl,088067082009,2,1.7,3,3,20.29,61.0
Osseo,Bernicks,Castle Danger Cream Ale 12pk 12oz can,856306005559,3,1.8,2,4,15.34,61.0
Osseo,Bernicks,Miller High Life 12pk 12oz btl,034100015091,5,1.8,4,8,10.21,82.0
Osseo,Bernicks,Castle Danger Aurora Haze NE IPA 6pk 12oz can,856306005139,2,2.1,1,4,8.46,34.0
Osseo,Bernicks,Miller Lite 12pk 12oz can,034100576363,11,2.4,4,8,11.3,90.0
Osseo,Bernicks,Miller Lite 24pk 16oz can,034100573232,39,2.5,24,24,21.41,514.0
Osseo,Bernicks,New Belgium Voodoo Ranger Juice Force 6pk 12oz can,754527011727,3,2.6,1,4,8.45,34.0
Osseo,Bernicks,Schell's Firebrick 12pk 12oz can,088067059100,2,2.9,1,2,13.59,27.0
Osseo,Bernicks,Leinenkugel's Sum Shandy 12pk 12oz can,034100516093,9,3.2,2,4,12.92,52.0
Osseo,Bernicks,Fulton Lonely Blonde 6pk 12oz can,810023141631,3,3.2,1,4,7.5,30.0
Osseo,Bernicks,New Belgium Voodoo Tropic Force 6pk 12oz can,754527006525,4,3.4,1,4,8.45,34.0
Osseo,Bernicks,Grain Belt Premium 12pk 16oz can,088067088209,6,3.7,1,2,12.34,25.0
Osseo,"Black Stack Brewing, Inc",Blackstack Wasting Away Mexican Style Lager 4pk 16oz can,850000320376,0,0.0,1,6,8.58,51.0
Osseo,"Breakthru Beverage Minnesota Beer, LLC",Modelo Especial 24pk 12oz can,080660957104,0,0.0,42,42,22.69,953.0
Osseo,"Breakthru Beverage Minnesota Beer, LLC",White Claw 0.0 Variety 12pk 12oz can,635985802792,0,0.0,2,4,13.98,56.0
Osseo,"Breakthru Beverage Minnesota Beer, LLC",White Claw Clawtails Variety 12pk 12oz can,635985804437,0,0.0,3,6,13.86,83.0
Osseo,"Breakthru Beverage Minnesota Beer, LLC",Coronita Extra 12pk 7oz btl,033544950340,0,0.0,5,10,9.6,96.0
Osseo,"Breakthru Beverage Minnesota Beer, LLC",Sierra Nevada Hazy Little Thing IPA 12pk 12oz can,083783531114,3,0.4,13,26,14.04,365.0
Osseo,"Breakthru Beverage Minnesota Beer, LLC",Corona Extra 6pk 12oz btl,080660956053,3,0.4,7,28,6.97,195.0
Osseo,"Breakthru Beverage Minnesota Beer, LLC",Samuel Adams Boston Lager 12pk 12oz btl,087692100140,1,0.5,4,8,13.6,109.0
Osseo,"Breakthru Beverage Minnesota Beer, LLC",White Claw Variety Pack 24pk 12oz can,635985100249,3,0.6,19,19,25.91,492.0
Osseo,"Breakthru Beverage Minnesota Beer, LLC",Corona Premier 12pk 12oz can,033544950449,1,0.6,3,6,13.33,80.0
Osseo,"Breakthru Beverage Minnesota Beer, LLC",Coors Banquet Heritage 12pk 12oz btl,071990170370,2,0.6,6,12,11.33,136.0
Osseo,"Breakthru Beverage Minnesota Beer, LLC",Modelo Especial 6pk 12oz btl,080660957654,3,0.6,4,16,7.13,114.0
Osseo,"Breakthru Beverage Minnesota Beer, LLC",Coors Light 24pk 16oz can,071990301286,28,0.7,129,129,21.49,2772.0
Osseo,"Breakthru Beverage Minnesota Beer, LLC",Corona N/A 6pk 12oz btl,033544001844,1,0.7,2,8,7.33,59.0
Osseo,"Breakthru Beverage Minnesota Beer, LLC",Truly Spiked Berry Variety 12pk 12oz can,087692006862,5,0.9,9,18,14.25,256.0
Osseo,"Breakthru Beverage Minnesota Beer, LLC",Negra Modelo 6pk 12oz btl,080660957852,2,0.9,2,8,7.24,58.0
Osseo,"Breakthru Beverage Minnesota Beer, LLC",Modelo Especial 4pk 16oz can,080660957609,4,0.9,3,18,5.2,94.0
Osseo,"Breakthru Beverage Minnesota Beer, LLC",Sierra Nevada Hazy Little Thing IPA 19.2oz can,083783375503,3,0.9,1,15,2.06,31.0
Osseo,"Breakthru Beverage Minnesota Beer, LLC",White Claw Natural Lime 6pk 12oz can,635985025986,5,1.0,4,16,7.71,123.0
Osseo,"Breakthru Beverage Minnesota Beer, LLC",MIke's Variety 12pk 12oz can,635985260011,3,1.4,3,6,14.09,85.0
Osseo,"Breakthru Beverage Minnesota Beer, LLC",Modelo Especial Chelada 24oz can,080660957968,10,1.4,2,24,2.39,57.0
Osseo,"Breakthru Beverage Minnesota Beer, LLC",Boulevard Bourbon Barrel Quad 4pk 12oz btl,726959908142,7,1.6,2,12,12.1,145.0
Osseo,"Breakthru Beverage Minnesota Beer, LLC",Castle Danger Hazy Sunday 6pk 12oz can,856306005955,2,1.7,1,4,8.46,34.0
Osseo,"Breakthru Beverage Minnesota Beer, LLC",White Claw Black Cherry 6pk 12oz can,635985200253,7,1.7,3,12,7.71,93.0
Osseo,"Breakthru Beverage Minnesota Beer, LLC",White Claw Grape 6pk 12oz can,635985803645,7,1.7,3,12,7.7,92.0
Osseo,"Breakthru Beverage Minnesota Beer, LLC",Samuel Adams Seasonal 12pk 12oz can,087692001096,3,1.8,2,4,13.13,53.0
Osseo,"Breakthru Beverage Minnesota Beer, LLC",Truly Seasonal Variety Pack 12pk 12oz can,087692012825,3,1.8,2,4,13.73,55.0
Osseo,"Breakthru Beverage Minnesota Beer, LLC",Sociable Cider Werks Freewheeler 4pk 12oz can,859990007120,5,1.8,2,12,7.12,85.0
Osseo,"Breakthru Beverage Minnesota Beer, LLC",Corona Extra 24pk 12oz btl,080660956084,10,2.1,9,9,25.3,228.0
Osseo,"Breakthru Beverage Minnesota Beer, LLC",Coors Banquet 12pk 16oz can,071990170400,5,2.1,3,6,12.03,72.0
Osseo,"Breakthru Beverage Minnesota Beer, LLC",Monaco Tequila Lime Crush 4pk 12oz can,891278002380,3,2.1,1,6,7.52,45.0
Osseo,"Breakthru Beverage Minnesota Beer, LLC",White Claw Variety Pack #1 12pk 12oz can,635985548904,29,2.3,12,24,14.05,337.0
Osseo,"Breakthru Beverage Minnesota Beer, LLC",Truly Spiked Wild Berry 24oz can,087692009511,9,2.3,1,12,2.33,28.0
Osseo,"Breakthru Beverage Minnesota Beer, LLC",Twisted Tea 12pk 12oz can,087692831341,4,2.4,2,4,13.44,54.0
Osseo,"Breakthru Beverage Minnesota Beer, LLC",Pacifico 6pk 12oz btl,080660953014,2,2.9,1,4,7.23,29.0
Osseo,"Breakthru Beverage Minnesota Beer, LLC",Twisted Tea Half & Half 12pk 12oz can,087692751342,5,3.1,1,2,13.4,27.0
Osseo,"Breakthru Beverage Minnesota Beer, LLC",Cayman Jack Margarita 6pk 12oz btl,815829010068,5,3.1,1,4,7.56,30.0
Osseo,"Breakthru Beverage Minnesota Beer, LLC",White Claw Raspberry 6pk 12oz can,635985260660,11,3.1,1,4,7.66,31.0
Osseo,"Breakthru Beverage Minnesota Beer, LLC",Coors Banquet 9pk 16oz can,071990170226,6,3.2,1,2,11.2,22.0
Osseo,"Breakthru Beverage Minnesota Beer, LLC",Coors Light 12pk 12oz btl,071990300692,18,3.4,2,4,11.28,45.0
Osseo,"Breakthru Beverage Minnesota Beer, LLC",Blue Moon 6pk 12oz btl,071990095116,4,3.4,1,4,7.84,31.0
Osseo,"Breakthru Beverage Minnesota Beer, LLC",White Claw Mango 12pk 12oz can,635985100331,17,3.6,1,2,13.86,28.0
Osseo,"Breakthru Beverage Minnesota Beer, LLC",White Claw Black Cherry 12pk 12oz can,635985260899,43,3.7,2,4,14.09,56.0
Osseo,"Breakthru Beverage Minnesota Beer, LLC",White Claw Variety Pack  #2 12pk 12oz can,635985800064,24,3.8,1,2,13.88,28.0
Osseo,"Breakthru Beverage Minnesota Beer, LLC",Pacifico 12pk 12oz btl,080660953151,10,3.9,1,2,13.31,27.0
Osseo,"Breakthru Beverage Minnesota Wine & Spirits, LLC",Monaco Sun Crush 4pk 12oz can,891278003226,0,0.0,1,6,7.46,45.0
Osseo,"Breakthru Beverage Minnesota Wine & Spirits, LLC",Monaco Blue Crush 4pk 12oz can,891278002465,2,2.1,1,6,7.56,45.0
Osseo,"Capitol Beverage Sales, L.P.",Fair State Pils 6pk 12oz can,850070266451,-4,-4.3,1,4,9.0,36.0
Osseo,"Capitol Beverage Sales, L.P.",Carbliss Pineapple 4pk 12oz can,860007988875,5,0.7,4,24,8.9,214.0
Osseo,"Capitol Beverage Sales, L.P.",Cutwater White Russian 4pk 12oz can,816751022068,3,0.9,2,12,9.88,119.0
Osseo,"Capitol Beverage Sales, L.P.",Cutwater Vodka Mule 4pk 12oz can,816751020606,7,1.7,2,12,9.87,118.0
Osseo,"Capitol Beverage Sales, L.P.",Carbliss Blonde Orange 4pk 12oz can,860013475710,9,2.0,2,12,8.85,106.0
Osseo,"Capitol Beverage Sales, L.P.",Cutwater Espresso Martini 4pk 12oz can,816751023737,7,3.0,1,6,9.92,60.0
Osseo,"Capitol Beverage Sales, L.P.",Carbliss Cranberry 4pk 12oz can,860001338560,8,3.1,1,6,8.89,53.0
Osseo,"Capitol Beverage Sales, L.P.",Surfside Half & Half Variety Pack 8pk 12oz can,810171361868,9,3.2,1,3,15.0,45.0
Osseo,"Capitol Beverage Sales, L.P.",Carbliss Black Raspberry 4pk 12oz can,860001338553,23,3.8,1,6,8.87,53.0
Osseo,"College City Beverage, Inc.",Busch Light Lime 24pk 12oz can,018200293016,0,0.0,9,9,11.74,106.0
Osseo,"College City Beverage, Inc.",Beatbox Blueberry Lemonade 500ml,850059195352,0,0.0,1,12,2.39,29.0
Osseo,"College City Beverage, Inc.",War Pigs Foggy Geezer 12pk 12oz can,865024000470,1,0.2,9,18,15.87,286.0
Osseo,"College City Beverage, Inc.",Surfside Variety #2 8pk 12oz can,850025605199,15,2.6,3,9,14.07,127.0
Osseo,"College City Beverage, Inc.",Cutwater Lime Margarita 4pk 12oz can,816751021238,24,3.2,1,6,9.11,55.0
Osseo,Dahlheimer Beverage Monticello,Summit Sampler Pack 12pk 12oz can,025569191136,-18,-25.7,2,4,13.2,53.0
Osseo,Dahlheimer Beverage Monticello,Surly Furious 12pk 12oz can,893354001515,-2,-0.5,9,18,15.41,277.0
Osseo,Dahlheimer Beverage Monticello,Coors Light 6pk 16oz can,071990320003,-5,-0.3,19,76,5.41,411.0
Osseo,Dahlheimer Beverage Monticello,Grain Belt Premium 24pk 16oz can,088067088100,0,0.0,11,11,21.75,239.0
Osseo,Dahlheimer Beverage Monticello,Athletic Brewing Run Wild N/A 12pk 12oz can,855352008125,0,0.0,1,2,13.87,28.0
Osseo,Dahlheimer Beverage Monticello,Bell's Oktoberfest 12pk 12oz can,740522100665,0,0.0,2,4,15.15,61.0
Osseo,Dahlheimer Beverage Monticello,Downeast Cider Out of Office Variety Pack 12pk 12oz can,850046644689,0,0.0,3,6,14.78,89.0
Osseo,Dahlheimer Beverage Monticello,Summit Winter 4pk 16oz can,025569153561,0,0.0,1,6,6.0,36.0
Osseo,Dahlheimer Beverage Monticello,Carbliss Lemon Iced Tea 4pk 12oz can,850076378028,0,0.0,3,18,8.77,158.0
Osseo,Dahlheimer Beverage Monticello,Surly Furious 4pk 16oz can,893354001027,2,0.5,3,18,9.03,163.0
Osseo,Dahlheimer Beverage Monticello,White Claw Black Cherry 19.2oz can,635985801986,4,0.6,2,24,2.33,56.0
Osseo,Dahlheimer Beverage Monticello,Mike's Hard Lemonade 6pk 12oz can,635985804574,1,0.7,2,8,7.5,60.0
Osseo,Dahlheimer Beverage Monticello,Summit Saga Hazy IPA 12pk 12oz can,025569192119,3,1.6,3,6,12.26,74.0
Osseo,Dahlheimer Beverage Monticello,Coors Light 6pk 12oz btl,071990300050,4,1.7,2,8,6.69,53.0
Osseo,Dahlheimer Beverage Monticello,Coors Light 15pk 16oz can,071990095277,13,1.9,15,15,18.01,270.0
Osseo,Dahlheimer Beverage Monticello,Summit Saga Variety 12pk 12oz can,025569191150,1,2.1,1,2,13.2,26.0
Osseo,Dahlheimer Beverage Monticello,Bell's IPA Variety Pack 12pk 12oz can,740522415967,2,2.1,1,2,15.06,30.0
Osseo,Dahlheimer Beverage Monticello,Mike's Black Cherry 6pk 12oz can,635985804598,5,2.4,1,4,7.51,30.0
Osseo,Dahlheimer Beverage Monticello,Summit Lake Crusher/Winter 12pk 12oz can,025569195554,3,2.6,1,2,12.29,25.0
Osseo,Dahlheimer Beverage Monticello,Grain Belt Nordeast 24pk 12oz btl,088067088551,5,2.7,3,3,20.52,62.0
Osseo,Dahlheimer Beverage Monticello,Blue Moon White NA 12pk 12oz can,071990001476,2,2.9,1,2,13.48,27.0
Osseo,Dahlheimer Beverage Monticello,Carbliss Peach 4pk 12oz can,86000981953,5,3.1,1,6,8.83,53.0
Osseo,Dahlheimer Beverage Monticello,Summit Light Lager 4pk 12oz can,025569121256,4,3.4,1,6,3.49,21.0
Osseo,Elm Creek Brewing Company,Elm Creek Hybrid Minds Variety Pack 4pk 16oz can,860011473237,1,0.9,1,6,13.83,83.0
Osseo,"Hohensteins, Inc.",Lagunitas IPA 12pk 12oz can,723830212121,3,0.7,8,16,11.98,192.0
Osseo,"Hohensteins, Inc.",Lagunitas Little Sumpin' Ale 12pk 12oz can,723830914124,3,0.8,7,14,12.05,169.0
Osseo,"Hohensteins, Inc.",Lagunitas Beast of Both Worlds IPA 12pk 12oz can,723830200098,1,0.9,2,4,11.92,48.0
Osseo,"Hohensteins, Inc.",Lagunitas Little Sumpin' Ale 12pk 12oz btl,723830100121,2,1.2,3,6,11.54,69.0
Osseo,"Hohensteins, Inc.",Lagunitas Little Sumpin' Ale 6pk 12oz btl,723830000209,2,2.9,1,4,7.5,30.0
Osseo,"Hohensteins, Inc.",Lagunitas IPA 12pk 12oz btl,723830100091,5,3.1,1,2,11.49,23.0
Osseo,Johnson Brothers - St. Paul,Jose Cuervo Classic Margarita 4pk 12oz can,811538011730,0,0.0,1,6,3.49,21.0
Osseo,McDonald Distributing Co dba Clear River Beverage,Belching Beaver PB Milk Stout 6pk 16oz can,810960025353,-1,-4.3,1,4,11.39,46.0
Osseo,McDonald Distributing Co dba Clear River Beverage,Abomination Juice Monster Hazy IPA 4pk 16oz can,663899868184,1,0.9,1,6,9.17,55.0
Osseo,McDonald Distributing Co dba Clear River Beverage,"Lupulin Dragons, Yes 4pk 16oz can",850068928569,2,2.9,1,6,14.63,88.0
Osseo,Mega Beer LLC,Drekker Broken Rudder Irish Red Ale 4pk 16oz can,867530931583,0,0.0,1,6,8.63,52.0
Osseo,Modist Brewing Company,Modist Watermeloncholy 4pk 16oz can,810095561313,-2,-4.3,1,6,11.53,69.0
Osseo,Modist Brewing Company,Modist Pineapple Dreamyard Fruited Hazy IPA 4pk 16oz can,810095561290,0,0.0,1,6,11.01,66.0
Osseo,Modist Brewing Company,Modist Ghost Vision Citra Dolcita DDH Hazy IPA 4pk 16oz can,810095561863,1,1.1,1,6,9.48,57.0
Osseo,Phillips Wine & Spirits - St. Paul,Two Chicks New Fashioned 4pk 12oz can,850003574103,0,0.0,1,6,7.97,48.0
Osseo,Phillips Wine & Spirits - St. Paul,Two Chicks Lemon Strawberry Kiss 4pk 12oz can,850003574196,0,0.0,1,6,7.87,47.0
Osseo,Single Can,Cutwater Mango Margatira 12oz can,816751022099,0,0.0,1,24,2.45,59.0
Osseo,Single Can,Cutwater Strawberry Margarita 12oz can,816751022440,0,0.0,1,24,2.47,59.0
Osseo,Single Can,Cutwater Pina Colada 12oz Can,816751022471,0,0.0,1,24,2.47,59.0
Osseo,Single Can,Cutwater Vodka Mule 12oz can,816751020774,0,0.0,1,24,2.47,59.0
Osseo,Single Can,Cutwater Tiki Rum Mai Tai 12oz can,816751021665,0,0.0,1,24,1.72,41.0
Osseo,Single Can,Cutwater Tequila Lime Margarita 12oz can,816751021214,0,0.0,1,24,2.28,55.0
Osseo,Single Can,Cutwater Lemon Drop 4pk 12oz can,816751023782,0,0.0,1,24,2.48,60.0
Osseo,Ursa Minor Brewing,Ursa Minor Galactic Face Slap 4pk 16oz can,051497121747,2,2.9,1,6,10.76,65.0
Osseo,Venn Brewing Co.,Venn Chronicopia West Coast IPA 4pk 16oz can,400000004556,2,0.8,2,12,11.59,139.0
Osseo,Venn Brewing Co.,Venn Brewing Tropicopia Hazy DIPA 4pk 16oz can,850013255108,3,2.1,1,6,11.43,69.0
Osseo,,Bent Paddle Light Lager  12pk 12oz can,850024846326,-7,-7.5,4,4,11.7,47.0
Osseo,,Sierra Nevada Big Little Thing IPA 19.2oz can,083783375558,-17,-6.1,12,12,2.62,31.0
Osseo,,Coors Light 16oz can,071990301033,-6,-4.3,6,6,0.87,5.0
Osseo,,Alesmith Speedway Stout 4pk 16oz can,812465001955,-1,-4.3,1,1,10.77,11.0
Osseo,,Stilly Variety Pack #2 8pk 12oz can,850051216253,-1,-1.1,4,4,12.77,51.0
Osseo,,Coors Light 12pk 12oz can,071990000486,-5,-0.5,43,43,11.27,485.0
Osseo,,Busch 24pk 12oz can,018200611681,0,0.0,1,1,18.56,19.0
Osseo,,Untitled Art NA Juicy IPA/Florida Weisse 6pk 12oz can,850011756003,0,0.0,1,1,9.55,10.0
Osseo,,Summit Lager 4pk 12oz can,025569120211,0,0.0,3,3,3.78,11.0
Osseo,,Elysian Space Dust 6pk 12oz btl,817904000834,0,0.0,2,2,9.38,19.0
Osseo,,Insight Vibe New England IPA 4pk 16oz can,854042006960,0,0.0,3,3,9.89,30.0
Osseo,,Loon Juice Variety Pack 12pk 12oz can,857463006069,0,0.0,3,3,17.51,53.0
Osseo,,Leinenkugel's Northwoods 6pk 12oz btl,034100145057,0,0.0,5,5,4.1,20.0
Osseo,,Belching Beaver Phantom Bride IPA 6pk 16oz can,810960021584,0,0.0,4,4,11.41,46.0
Osseo,,Cayman Jack Strawberry Margarita 6pk 12oz btl,815829011997,0,0.0,5,5,7.46,37.0
Osseo,,Utepils Receptional 12pk 12oz can,852449007269,0,0.0,4,4,15.38,62.0
Osseo,,Athletic Free Wave N/A 12pk 12oz can,855352008774,0,0.0,4,4,14.07,56.0
Osseo,,Mickeys Malt Liquor 6pk 12oz btl,034100774356,0,0.0,8,8,6.03,48.0
Osseo,,Corona Extra 12pk 12oz can,080660956954,0,0.0,8,8,13.69,109.0
Osseo,,Lupulin Oktoberfest 4pk 16oz can,857492006672,0,0.0,8,8,9.35,75.0
Osseo,,Sierra Nevada Big Little Thing IPA 12pk 12oz can,083783575507,0,0.0,9,9,13.9,125.0
Osseo,,Schmidt's 30pk 12oz can,073360461422,0,0.0,13,13,18.2,237.0
Osseo,,Miller High Life 24pk 12oz btl,034100012434,0,0.0,14,14,17.63,247.0
Osseo,,New Belgium Fat Tire 12pk 12oz can,754527001612,0,0.0,15,15,13.0,195.0
Osseo,,New Belgium Voodoo Ranger Imperial IPA 12pk 12oz can,754527009915,1,0.3,12,12,13.76,165.0
Osseo,,Heineken 12pk 12oz can,072890000200,1,0.4,9,9,13.14,118.0
Osseo,,Lagunitas Uncensored Punch 19.2oz can,723830200180,2,0.5,14,14,1.77,25.0
Osseo,,Deschutes Fresh Squeezed IPA 12pk 12oz can,763176230120,1,0.6,6,6,14.81,89.0
Osseo,,Angry Orchard Crisp Apple 12pk 12oz can,087692000839,1,0.7,5,5,14.13,71.0
Osseo,,Utepils Helles 12pk 12oz can,852449007146,1,0.9,4,4,15.42,62.0
Osseo,,Indeed Mexican Honey 4pk 16oz can,852004004184,2,0.9,8,8,9.75,78.0
Osseo,,Coors Light 24oz can,071990300654,8,1.3,18,18,2.28,41.0
Osseo,,Sierra Nevada N/A Variety 12pk 12oz can,083783675672,1,1.4,2,2,14.29,29.0
Osseo,,Peroni 12pk 12oz btl,181954000046,1,1.4,2,2,14.02,28.0
Osseo,,Coors Heritage 6pk 12oz btl,071990170288,2,1.4,4,4,6.69,27.0
Osseo,,Corona Sunbrew Citrus 12pk 12oz btl,033544002421,3,1.4,6,6,13.41,80.0
Osseo,,Steel Toe Size 7 6pk 12oz can,855123003168,3,1.4,6,6,9.5,57.0
Osseo,,Bell's Two Hearted Ale 12pk 12oz can,740522110862,3,1.6,5,5,15.18,76.0
Osseo,,Chelada Bud Light & Clamato 25oz can,018200255083,5,1.6,8,8,2.28,18.0
Osseo,,Michelob Golden Light 24pk 16oz can,018200283963,36,1.6,53,53,21.6,1145.0
Osseo,,Modist Brewing Dreamyard 4pk 16oz can,868044000314,2,1.7,3,3,9.95,30.0
Osseo,,Truly Unruly Lemonade Variety 12pk 12oz can,087692021995,4,1.7,6,6,13.69,82.0
Osseo,,Mike's Harder Lemonade 23oz can,635985245834,4,1.7,6,6,2.35,14.0
Osseo,,War Pigs Foggy Geezer 6pk 12oz can,865024000418,6,1.7,8,8,9.0,72.0
Osseo,,Busch Light 12pk 12oz can,018200008016,7,1.7,10,10,10.61,106.0
Osseo,,Summit Extra Pale Ale 12pk 12oz can,025569243552,7,1.7,10,10,13.29,133.0
Osseo,,Pipeworks Lizard King 4pk 16oz can,640901189628,3,1.8,4,4,8.91,36.0
Osseo,,Michelob Golden Light 12pk 12oz can,018200006937,15,1.9,17,17,11.29,192.0
Osseo,,White Claw Variety Pack #3 12pk 12oz can,635985800262,16,1.9,18,18,13.91,250.0
Osseo,,Miller High Life Light 24pk 12oz can,034100033064,1,2.1,1,1,17.28,17.0
Osseo,,Moosehead 12pk 12oz can,776029700817,1,2.1,1,1,13.08,13.0
Osseo,,Utepils Ewald the Golden 12pk 12oz can,852449007139,1,2.1,1,1,15.02,15.0
Osseo,,Badger Hill Traitor IPA 6pk 12oz can,859624003214,1,2.1,1,1,8.5,9.0
Osseo,,Fulton Sweet Child of Vine 6pk 12oz can,810023141648,2,2.1,2,2,7.5,15.0
Osseo,,Fair State Mirror Universe 4pk 16oz can,856471006399,2,2.1,2,2,10.52,21.0
Osseo,,Pryes Miraculum Midwest IPA 4pk 16oz can,860488001605,2,2.1,2,2,7.35,15.0
Osseo,,Utepils Fernweh Pack 12pk 12oz can,852449007061,3,2.1,3,3,15.42,46.0
Osseo,,Miller High Life 6pk 16oz can,03400713,4,2.1,4,4,5.14,21.0
Osseo,,Bud Light 12pk 12oz can,018200530470,7,2.1,7,7,11.28,79.0
Osseo,,Busch Light 24pk 12oz can,018200861673,35,2.1,34,34,18.6,632.0
Osseo,,White Claw Ruby Grapefruit 19.2oz can,635985802143,11,2.2,9,9,2.33,21.0
Osseo,,Modelo Especial 32oz btl,033544950906,10,2.3,8,8,3.06,24.0
Osseo,,Sun Cruiser Vodka Lemonade Variety 8pk 12oz can,087692021544,12,2.4,8,8,14.76,118.0
Osseo,,Miller Lite,034100576530,7,2.5,5,5,12.06,60.0
Osseo,,Lift Bridge Grape Ape 12pk 12oz can,685165386000,7,2.5,5,5,12.88,64.0
Osseo,,Michelob Ultra 24pk 12oz can,018200967153,39,2.5,25,25,21.64,541.0
Osseo,,Michelob Ultra 6pk 12oz btl,018200059896,3,2.6,2,2,7.16,14.0
Osseo,,New Belgium Juicy Haze IPA 6pk 12oz can,754527008857,3,2.6,2,2,7.55,15.0
Osseo,,Third Street MN Gold Lager 12pk 16oz can,081780701356,9,2.6,5,5,10.84,54.0
Osseo,,Truly Unruly 12pk 12oz can,087692019046,5,2.7,3,3,13.8,41.0
Osseo,,Angry Orchard Crisp Apple 6pk 12oz btl,087692821021,5,2.7,3,3,8.03,24.0
Osseo,,Summit Extra Pale Ale 12pk 12oz btl,025569241732,15,2.7,8,8,13.33,107.0
Osseo,,Michelob Golden Light 6pk 12oz btl,018200006708,11,2.8,5,5,6.66,33.0
Osseo,,Leinenkugel's Honey Weiss 12pk 12oz btl,034100485740,2,2.9,1,1,12.75,13.0
Osseo,,Chelada Bud Light & Clamato 4pk 16oz can,01886625,4,2.9,2,2,6.82,14.0
Osseo,,Cayman Jack Sweet Heat Variety 12pk 12oz can,815829011966,4,2.9,2,2,13.28,27.0
Osseo,,Truly Lemonade Seltzer Mixed Pack 12pk 12oz can,087692009917,8,2.9,4,4,13.8,55.0
Osseo,,Schell's Rotator 12pk 12oz can,088067041037,8,2.9,4,4,12.98,52.0
Osseo,,Mickeys Malt Liquor 12pk 12oz btl,034100774349,5,3.1,2,2,10.8,22.0
Osseo,,Modelo Especial 24pk 12oz btl,080660957760,8,3.1,3,3,25.29,76.0
Osseo,,Cayman Jack Margarita Variety 12pk 12oz can,815829011539,11,3.1,3,3,13.94,42.0
Osseo,,Miller High Life 6pk 12oz btl,034100015053,6,3.2,2,2,5.59,11.0
Osseo,,Bud Light 25oz can,018200250019,14,3.2,4,4,2.33,9.0
Osseo,,Miller Genuine Draft 6pk 16oz can,03456110,7,3.3,2,2,5.41,11.0
Osseo,,Budweiser 25oz can,018200250002,10,3.3,3,3,2.01,6.0
Osseo,,Miller High Life 24pk 12oz can,034100013066,9,3.5,2,2,17.36,35.0
Osseo,,Coors Banquet 15pk 16oz can,071990386429,6,3.7,1,1,17.88,18.0
Osseo,,Leinenkugel's Rotator 12pk 12oz can,034100516192,7,3.8,1,1,12.61,13.0
Plymouth,2 Towns,2 Towns Ciderhouse Variety Pack 12pk 12oz can,852892003467,3,3.2,1,2,17.13,34.0
Plymouth,Artisan Beer,Toppling Goliath Pseudo Alien DIPA 4pk 16oz can,810458234805,0,0.0,2,12,13.85,166.0
Plymouth,Artisan Beer,Surly Selects Variety Pack 12pk 12oz can,810005491266,3,1.6,3,6,15.42,92.0
Plymouth,Artisan Beer,Bent Paddle Munchin' Pretzels 6pk 12oz can,850024846463,1,2.1,1,4,9.56,38.0
Plymouth,Artisan Beer,Firestone Walker IPA Variety 12pk 12oz can,602755003116,5,2.7,2,4,14.63,59.0
Plymouth,Bernicks,Lagunitas Hazy IPA 12pk 12oz can,723830300033,-16,-13.7,3,6,12.0,72.0
Plymouth,Bernicks,New Belgium Juice Force 12pk 12oz can,754527012021,-3,-2.1,3,6,13.48,81.0
Plymouth,Bernicks,Fulton Lonely Blonde Shandy 12pk 12oz can,810023141082,0,0.0,1,2,13.5,27.0
Plymouth,Bernicks,Miller High Life 12pk 12oz can,034100016364,0,0.0,3,6,10.13,61.0
Plymouth,Bernicks,Grain Belt Premium 12pk 16oz can,088067088209,1,0.7,3,6,12.34,74.0
Plymouth,Bernicks,Miller High Life 12pk 12oz btl,034100015091,2,1.2,3,6,10.21,61.0
Plymouth,Bernicks,Smirnoff Ice Smash Red White and Berry  23oz can,082000795223,3,1.2,1,12,2.31,28.0
Plymouth,Bernicks,Smirnoff Ice Zero Sugar Variety Pack 12pk 11oz can,082000796411,1,1.4,1,2,12.72,25.0
Plymouth,Bernicks,New Belgium Voodoo Tropic Force 6pk 12oz can,754527006525,1,1.4,1,4,8.45,34.0
Plymouth,Bernicks,Castle Danger Castle Cream Ale 6pk 12oz can,856306005023,3,1.4,2,8,8.46,68.0
Plymouth,Bernicks,Guinness Zero N/A 8pk 15oz can,083820125900,5,2.1,2,6,12.77,77.0
Plymouth,Bernicks,Miller Lite 24pk 16oz can,034100573232,15,3.1,5,5,21.41,107.0
Plymouth,Bernicks,Miller Lite 12pk 12oz btl,034100575090,3,3.2,1,2,11.31,23.0
Plymouth,Bernicks,Dos Equis Lager Especial 12pk 12oz btl,072311230124,3,3.2,1,2,13.54,27.0
Plymouth,Bernicks,Guinness Draught 8pk 15oz can,083820123685,13,3.3,1,3,12.2,37.0
Plymouth,Bernicks,Heineken 6pk 12oz btl,072890000118,4,3.4,1,4,7.33,29.0
Plymouth,Bernicks,Miller Lite 12pk 12oz can,034100576363,12,4.0,1,2,11.3,23.0
Plymouth,Bernicks,Leinenkugel's Sum Shandy 12pk 12oz can,034100516093,13,4.0,1,2,12.92,26.0
Plymouth,"Black Stack Brewing, Inc",Blackstack Late To The Party Fest Bier 4pk 16oz can,850000319776,1,1.1,1,6,9.23,55.0
Plymouth,"Breakthru Beverage Minnesota Beer, LLC",Down East Original 6 Gallon,400000024301,-1,-4.3,1,1,0.0,0.0
Plymouth,"Breakthru Beverage Minnesota Beer, LLC",White Claw 0.0 Variety 12pk 12oz can,635985802792,-1,-4.3,1,2,13.98,28.0
Plymouth,"Breakthru Beverage Minnesota Beer, LLC",Deschutes Variety Pack 12pk 12oz can,763176190127,-1,-0.7,3,6,14.56,87.0
Plymouth,"Breakthru Beverage Minnesota Beer, LLC",Twisted Tea Light 12pk 12oz can,087692006701,0,0.0,4,8,13.3,106.0
Plymouth,"Breakthru Beverage Minnesota Beer, LLC",Castle Danger Hazy Sunday 6pk 12oz can,856306005955,0,0.0,2,8,8.46,68.0
Plymouth,"Breakthru Beverage Minnesota Beer, LLC",Sierra Nevada Hazy Little Thing IPA 12pk 12oz can,083783531114,1,0.3,8,16,14.04,225.0
Plymouth,"Breakthru Beverage Minnesota Beer, LLC",Sociable Cider Werks Freewheeler 4pk 12oz can,859990007120,3,0.8,3,18,7.12,128.0
Plymouth,"Breakthru Beverage Minnesota Beer, LLC",Twisted Tea Extreme Variety Pack 12pk 12oz can,087692023722,1,0.9,2,4,13.3,53.0
Plymouth,"Breakthru Beverage Minnesota Beer, LLC",Coors Banquet 6pk 16oz can,071990100025,2,0.9,2,8,5.43,43.0
Plymouth,"Breakthru Beverage Minnesota Beer, LLC",Twisted Tea Half & Half 24oz can,087692752318,6,1.3,2,24,2.35,56.0
Plymouth,"Breakthru Beverage Minnesota Beer, LLC",Athletic Fruited Radler N/A 12pk 12oz can,810061575474,1,1.4,1,2,13.55,27.0
Plymouth,"Breakthru Beverage Minnesota Beer, LLC",Coors Banquet 12pk 12oz can,071990000479,3,1.4,3,6,11.22,67.0
Plymouth,"Breakthru Beverage Minnesota Beer, LLC",White Claw Variety Pack #1 12pk 12oz can,635985548904,11,1.4,11,22,14.05,309.0
Plymouth,"Breakthru Beverage Minnesota Beer, LLC",Truly Seasonal Variety Pack 12pk 12oz can,087692012825,3,1.6,3,6,13.73,82.0
Plymouth,"Breakthru Beverage Minnesota Beer, LLC",Leinenkugel's Lodge Pack 12pk 12oz can,034100012625,2,1.7,2,4,13.07,52.0
Plymouth,"Breakthru Beverage Minnesota Beer, LLC",Corona Premier 6pk 12oz btl,033544950418,2,1.7,1,4,7.2,29.0
Plymouth,"Breakthru Beverage Minnesota Beer, LLC",White Claw Black Cherry 6pk 12oz can,635985200253,4,1.9,5,5,7.71,39.0
Plymouth,"Breakthru Beverage Minnesota Beer, LLC",Coors Light 12pk 12oz can,071990000486,21,2.0,11,22,11.27,248.0
Plymouth,"Breakthru Beverage Minnesota Beer, LLC",Coors Light 12pk 12oz btl,071990300692,8,2.1,4,8,11.28,90.0
Plymouth,"Breakthru Beverage Minnesota Beer, LLC",Sierra Nevada Hazy Little Thing IPA 19.2oz can,083783375503,8,2.1,1,15,2.06,31.0
Plymouth,"Breakthru Beverage Minnesota Beer, LLC",Modelo Especial 24pk 12oz can,080660957104,22,2.3,17,17,22.69,386.0
Plymouth,"Breakthru Beverage Minnesota Beer, LLC",Truly Spiked Pineapple 24oz can,087692009702,19,2.3,2,24,2.33,56.0
Plymouth,"Breakthru Beverage Minnesota Beer, LLC",Modelo 24oz can,080660957210,10,2.5,1,12,2.39,29.0
Plymouth,"Breakthru Beverage Minnesota Beer, LLC",White Claw Black Cherry 12pk 12oz can,635985260899,16,2.6,5,10,14.09,141.0
Plymouth,"Breakthru Beverage Minnesota Beer, LLC",Modelo Especial 6pk 12oz btl,080660957654,6,2.6,1,4,7.13,29.0
Plymouth,"Breakthru Beverage Minnesota Beer, LLC",White Claw Natural Lime 6pk 12oz can,635985025986,6,2.6,1,4,7.71,31.0
Plymouth,"Breakthru Beverage Minnesota Beer, LLC",Truly Seltzer Strawberry Lemonade 24oz can,087692011682,3,2.6,1,12,2.31,28.0
Plymouth,"Breakthru Beverage Minnesota Beer, LLC",White Claw Ruby Grapefruit 6pk 12oz can,635985200284,5,2.7,1,4,7.71,31.0
Plymouth,"Breakthru Beverage Minnesota Beer, LLC",Blue Moon 12pk 12oz btl,071990095161,4,2.9,1,2,13.33,27.0
Plymouth,"Breakthru Beverage Minnesota Beer, LLC",New Belgium Voodoo Ranger G Force�19.2oz can,754527012779,10,2.9,1,15,1.96,29.0
Plymouth,"Breakthru Beverage Minnesota Beer, LLC",White Claw Grape 6pk 12oz can,635985803645,5,3.1,1,4,7.7,31.0
Plymouth,"Breakthru Beverage Minnesota Beer, LLC",Twisted Tea Extreme Blue Razz 24oz can,087692017820,5,3.1,1,12,2.35,28.0
Plymouth,"Breakthru Beverage Minnesota Beer, LLC",Twisted Tea 12pk 12oz can,087692831341,3,3.2,1,2,13.44,27.0
Plymouth,"Breakthru Beverage Minnesota Beer, LLC",Pacifico 6pk 12oz btl,080660953014,3,3.2,1,4,7.23,29.0
Plymouth,"Breakthru Beverage Minnesota Beer, LLC",Corona Premier 12pk 12oz can,033544950449,4,3.4,1,2,13.33,27.0
Plymouth,"Breakthru Beverage Minnesota Beer, LLC",Negra Modelo 12pk 12oz btl,080660957876,9,3.5,1,2,13.35,27.0
Plymouth,"Breakthru Beverage Minnesota Beer, LLC",Corona Light 12pk 12oz btl,080660956756,8,3.8,1,2,13.39,27.0
Plymouth,"Breakthru Beverage Minnesota Beer, LLC",Truly Spiked Berry Variety 12pk 12oz can,087692006862,16,3.8,1,2,14.25,28.0
Plymouth,"Breakthru Beverage Minnesota Beer, LLC",Truly Lemonade Seltzer Mixed Pack 12pk 12oz can,087692009917,16,3.8,1,2,13.8,28.0
Plymouth,"Breakthru Beverage Minnesota Beer, LLC",White Claw Raspberry 6pk 12oz can,635985260660,7,3.8,1,4,7.66,31.0
Plymouth,"Capitol Beverage Sales, L.P.",Carbliss Blonde Orange 4pk 12oz can,860013475710,1,0.9,1,6,8.85,53.0
Plymouth,"Capitol Beverage Sales, L.P.",Cutwater Vodka Mule 4pk 12oz can,816751020606,5,1.3,2,12,9.87,118.0
Plymouth,"Capitol Beverage Sales, L.P.",Cutwater Lemon Drop 4pk 12oz can,816751023799,11,1.3,4,24,9.92,238.0
Plymouth,"Capitol Beverage Sales, L.P.",Summit NA Dark 6pk 12oz can,025569142084,1,1.4,1,4,7.74,31.0
Plymouth,"Capitol Beverage Sales, L.P.",Cutwater Long Island Iced Tea 4pk 12oz can,816751021993,5,2.9,1,6,9.85,59.0
Plymouth,"Capitol Beverage Sales, L.P.",War Pigs Foggy Geezer 19.2oz can,865024000494,5,3.1,1,12,2.79,33.0
Plymouth,"Capitol Beverage Sales, L.P.",Cutwater Mango Margarita 4pk 12oz can,816751022105,11,3.6,1,6,9.81,59.0
Plymouth,"Capitol Beverage Sales, L.P.",Cutwater White Russian 4pk 12oz can,816751022068,27,3.9,1,6,9.88,59.0
Plymouth,"College City Beverage, Inc.",Michelob Ultra Lime Zero 6pk 12oz btl,018200204661,0,0.0,1,4,6.87,27.0
Plymouth,"College City Beverage, Inc.",Surfside Variety #2 8pk 12oz can,850025605199,10,0.8,14,42,14.07,591.0
Plymouth,"College City Beverage, Inc.",Surfside Variety #1 8pk 12oz can,850025605182,10,1.0,11,33,15.0,495.0
Plymouth,"College City Beverage, Inc.",Bud Light Lime-A-Rita 25oz can,018200250149,3,1.0,1,12,2.79,33.0
Plymouth,"College City Beverage, Inc.",Bud Light Straw-Ber-Rita 25oz can,018200255052,5,1.4,1,12,2.79,33.0
Plymouth,"College City Beverage, Inc.",Cutwater Lime Margarita 4pk 12oz can,816751021238,18,2.2,3,18,9.11,164.0
Plymouth,Dahlheimer Beverage Monticello,Monaco Blue Crush 12oz can,891278002458,-5,-5.4,1,12,1.93,23.0
Plymouth,Dahlheimer Beverage Monticello,Downeast Cider Original 12pk 12oz can,850046644559,0,0.0,1,2,14.6,29.0
Plymouth,Dahlheimer Beverage Monticello,Summit Lake Crusher/Winter 12pk 12oz can,025569195554,0,0.0,7,14,12.29,172.0
Plymouth,Dahlheimer Beverage Monticello,White Claw 0.0 Black Cherry 6pk 12oz can,635985803034,0,0.0,1,4,7.83,31.0
Plymouth,Dahlheimer Beverage Monticello,Monaco Citrus Rush 12oz can,891278002298,0,0.0,1,12,1.9,23.0
Plymouth,Dahlheimer Beverage Monticello,Surly Hell 12pk 12oz can,893354001485,1,0.6,3,6,13.17,79.0
Plymouth,Dahlheimer Beverage Monticello,Summit Saga Hazy IPA 12pk 12oz can,025569192119,4,0.9,7,14,12.26,172.0
Plymouth,Dahlheimer Beverage Monticello,Athletic Brewing Seasonal N/A 6pk 12oz can,855352008118,3,0.9,3,12,8.18,98.0
Plymouth,Dahlheimer Beverage Monticello,Downeast Cider Out of Office Variety Pack 12pk 12oz can,850046644689,2,1.1,3,6,14.78,89.0
Plymouth,Dahlheimer Beverage Monticello,Founders Oktoberfest 12pk 12oz cans,642860080817,1,1.4,1,2,14.43,29.0
Plymouth,Dahlheimer Beverage Monticello,Indeed Flavorwave IPA 6pk 12oz can,852004004429,2,1.4,1,4,8.77,35.0
Plymouth,Dahlheimer Beverage Monticello,Surly Furious 12pk 12oz can,893354001515,13,1.5,11,22,15.41,339.0
Plymouth,Dahlheimer Beverage Monticello,Sierra Nevada Hazy Little Thing IPA 6pk 12oz can,083783110104,2,1.7,1,4,8.45,34.0
Plymouth,Dahlheimer Beverage Monticello,Corona N/A 12pk 12oz can,033544002261,3,1.8,2,4,13.64,55.0
Plymouth,Dahlheimer Beverage Monticello,Monaco Sun Crush 12oz can,891278003219,3,1.8,1,12,1.94,23.0
Plymouth,Dahlheimer Beverage Monticello,Coors Banquet 24pk 16oz can,5543400014,2,2.1,2,2,21.49,43.0
Plymouth,Dahlheimer Beverage Monticello,Arnold Palmer Spiked 12pk 12oz can,613008752200,2,2.1,1,2,13.33,27.0
Plymouth,Dahlheimer Beverage Monticello,Angry Orchard Variety Pack 12pk 12oz can,087692008217,3,2.1,2,4,13.89,56.0
Plymouth,Dahlheimer Beverage Monticello,Athletic Moscow Mule NA 4pk 12oz can,810061577416,1,2.1,1,6,8.51,51.0
Plymouth,Dahlheimer Beverage Monticello,Athletic Paloma NA 4pk 12oz can,810061572244,2,2.1,1,6,8.51,51.0
Plymouth,Dahlheimer Beverage Monticello,Coors Light 9pk 16oz can,071990301040,12,2.2,5,10,11.21,112.0
Plymouth,Dahlheimer Beverage Monticello,Surly Furious 4pk 16oz can,893354001027,7,2.3,1,6,9.03,54.0
Plymouth,Dahlheimer Beverage Monticello,Coors Light 15pk 16oz can,071990095277,12,2.4,8,8,18.01,144.0
Plymouth,Dahlheimer Beverage Monticello,White Claw Strawberry 19.2oz can,635985802150,5,2.4,1,12,2.33,28.0
Plymouth,Dahlheimer Beverage Monticello,Cayman Jack Margarita Variety 12pk 12oz can,815829011539,3,2.6,1,2,13.94,28.0
Plymouth,Dahlheimer Beverage Monticello,Summit Extra Pale Ale 12pk 12oz can,025569243552,5,2.7,2,4,13.29,53.0
Plymouth,Dahlheimer Beverage Monticello,Downeast Cider Berry Variety Pack 12pk 12oz can,850046644566,4,2.9,1,2,14.86,30.0
Plymouth,Dahlheimer Beverage Monticello,Summit Saga Variety 12pk 12oz can,025569191150,6,3.2,1,2,13.2,26.0
Plymouth,Dahlheimer Beverage Monticello,Summit Saga IPA 12pk 12oz btl,025569191839,4,3.4,1,2,13.28,27.0
Plymouth,Dahlheimer Beverage Monticello,Leinenkugel's Summer Shandy 12pk 12oz btl,034100516079,6,3.7,1,2,13.05,26.0
Plymouth,"Hohensteins, Inc.",Lagunitas IPA 19.2oz can,723830011922,-3,-0.7,2,24,1.91,46.0
Plymouth,"Hohensteins, Inc.",Lagunitas Beast of Both Worlds IPA 12pk 12oz can,723830200098,0,0.0,1,2,11.92,24.0
Plymouth,"Hohensteins, Inc.",Paulaner Original Munich Lager 6pk 11oz btl,080157113761,0,0.0,1,4,7.96,32.0
Plymouth,"Hohensteins, Inc.",Paulaner Oktoberfest Marzen 6pk 11oz btl,080157116762,0,0.0,1,4,9.75,39.0
Plymouth,"Hohensteins, Inc.",Lagunitas Variety Pack 12pk 12oz can,723830145122,2,0.7,6,12,11.99,144.0
Plymouth,"Hohensteins, Inc.",Lagunitas Little Sumpin' Ale 12pk 12oz can,723830914124,4,1.2,5,10,12.05,121.0
Plymouth,"Hohensteins, Inc.",Hacker Pschorr Oktober 12pk 11oz btl,049483030517,1,2.1,1,2,13.6,27.0
Plymouth,"Hohensteins, Inc.",Southern Tier Rotating 4pk 12oz btl,853759000421,2,2.9,1,6,11.2,67.0
Plymouth,Insight Brewing Company (D),Insight Hop Wheels DDH Hazy IPA 4pk 16oz can,850033550764,0,0.0,1,6,11.41,68.0
Plymouth,Luce Line Brewing,Luce Line New Zealand Joyride 4pk 16oz can,732388902804,-1,-4.3,1,6,10.33,62.0
Plymouth,Luce Line Brewing,Luce Line Greens Fee 4pk 16oz can,691835274256,0,0.0,1,6,10.33,62.0
Plymouth,Luce Line Brewing,Luce Line Piedmont Czech Saaz 4pk 16oz can,793888657571,0,0.0,1,6,7.45,45.0
Plymouth,Luce Line Brewing,Luce Line Schnapsidee Oktoberfest 4pk 16oz can,691835463551,0,0.0,3,18,7.98,144.0
Plymouth,Luce Line Brewing,Luce Line Ecstatic Static 4pk 16oz can,691835782294,5,1.6,2,12,10.58,127.0
Plymouth,McDonald Distributing Co dba Clear River Beverage,"Lupulin Dragons, Yes 4pk 16oz can",850068928569,0,0.0,1,6,14.63,88.0
Plymouth,McDonald Distributing Co dba Clear River Beverage,Press Sparkling Synergy Variety 12pk 12oz can,852313004950,5,2.4,2,4,13.47,54.0
Plymouth,McDonald Distributing Co dba Clear River Beverage,Natural Ice 25oz can,018200250088,7,3.0,1,15,1.9,28.0
Plymouth,McDonald Distributing Co dba Clear River Beverage,Beatbox Juicy Mango 500ml,851133006519,6,3.7,1,12,2.43,29.0
Plymouth,Mega Beer LLC,Oliphant IPA Variety Pack 12pk 12oz can,723466978217,0,0.0,3,6,15.45,93.0
Plymouth,Modist,Modist Supra Light 6pk 12oz can,810095561566,0,0.0,1,4,6.27,25.0
Plymouth,Old World Beers,Warsteiner Dunkel 4pk 16oz can,082054595718,2,2.9,1,6,8.0,48.0
Plymouth,Phillips Wine & Spirits - St. Paul,Two Chicks Pear & Elderflower 4pk 12oz can,850003574066,-3,-2.6,1,6,8.2,49.0
Plymouth,Phillips Wine & Spirits - St. Paul,Two Chicks Citrus Margarita 4pk 12oz can,850003574042,1,0.9,1,6,4.82,29.0
Plymouth,Phillips Wine & Spirits - St. Paul,Two Chicks Lemon Strawberry Kiss 4pk 12oz can,850003574196,1,1.1,1,6,7.87,47.0
Plymouth,Phillips Wine & Spirits - St. Paul,Two Chicks New Fashioned 4pk 12oz can,850003574103,1,1.4,1,6,7.97,48.0
Plymouth,Phillips Wine & Spirits - St. Paul,Two Chicks Watermelon Breeze 4pk 12oz can,850003574264,3,2.1,1,6,8.01,48.0
Plymouth,"Pryes Brewing Company, LLC",Pryes PryesFest 4pk 16oz can,850013268900,0,0.0,1,6,8.29,50.0
Plymouth,Single Can,Cutwater Grapefruit Tequila Paloma 12oz can,816751021184,-14,-60.0,1,24,0.0,0.0
Plymouth,Single Can,Cutwater Vodka Mule 12oz can,816751020774,0,0.0,1,24,2.47,59.0
Plymouth,Single Can,Cutwater Strawberry Margarita 12oz can,816751022440,0,0.0,1,24,2.47,59.0
Plymouth,Single Can,Cutwater Pina Colada 12oz Can,816751022471,0,0.0,1,24,2.47,59.0
Plymouth,Single Can,Cutwater White Russian 12oz can,816751022051,0,0.0,1,24,2.47,59.0
Plymouth,Single Can,Cutwater Espresso Martini 12oz Can,816751023720,0,0.0,1,24,2.48,60.0
Plymouth,Single Can,Cutwater Lemon Drop 4pk 12oz can,816751023782,0,0.0,1,24,2.48,60.0
Plymouth,Single Can,Cutwater Tequila Lime Margarita 12oz can,816751021214,0,0.0,1,24,2.28,55.0
Plymouth,Single Can,Cutwater Tiki Rum Mai Tai 12oz can,816751021665,0,0.0,1,24,1.72,41.0
Plymouth,Single Can,Cutwater Long Island 12oz can,816751021986,0,0.0,1,24,2.46,59.0
Plymouth,Sociable Cider Werks,Sociable Cider Werks Side by Side Variety Pack 8pk 12oz can,859990007519,5,3.6,1,3,13.92,42.0
Plymouth,Urban Growler Brewing Company,Urban Growler Crossroads IPA 4pk 16oz can,850007526559,0,0.0,1,6,9.0,54.0
Plymouth,Urban Growler Brewing Company,Urban Growler Oktoberfest 4pk 16oz can,867978000377,2,2.1,1,6,10.17,61.0
Plymouth,Venn Brewing Co.,Venn Fest 4pk 16oz can,850013255221,0,0.0,1,6,7.5,45.0
Plymouth,Venn Brewing Co.,Venn Golf Beer American Wheat 4pk 16oz can,850013255450,1,1.1,1,6,7.78,47.0
Plymouth,,Bent Paddle Light Lager  12pk 12oz can,850024846326,-45,-48.2,4,4,11.7,47.0
Plymouth,,Sierra Nevada Big Little Thing IPA 19.2oz can,083783375558,-14,-20.0,3,3,2.62,8.0
Plymouth,,Loon Juice Lemon Squeezy Main Squeeze 6pk 12oz can,857463006632,-2,-8.6,1,1,7.22,7.0
Plymouth,,Michelob Golden Draft 24pk 12oz can,018200928673,-1,-4.3,1,1,19.34,19.0
Plymouth,,Tucher Brau Dunkles Hefe Weizen ,608782504114,-1,-4.3,1,1,7.93,8.0
Plymouth,,Steel Toe Size 7 6pk 12oz can,855123003168,-2,-0.5,18,18,9.5,171.0
Plymouth,,Paulaner Oktoberfest Bier 12pk 11oz btl,080157114638,-1,-0.4,10,10,13.69,137.0
Plymouth,,Schell's Oktoberfest 6 Gallon,400000023333,0,0.0,1,1,65.83,66.0
Plymouth,,Breckenridge Vanilla Porter 6pk 12oz btl,745432181018,0,0.0,1,1,7.38,7.0
Plymouth,,Pryes Main Squeeze 4pk 16oz can,860488001681,0,0.0,1,1,8.21,8.0
Plymouth,,Schell's Oktoberfest 16 Gallon,SCHELLSOKTOBER16,0,0.0,1,1,149.0,149.0
Plymouth,,Stella Liberte N/A 12pk 12oz can,018200204203,0,0.0,3,3,13.25,40.0
Plymouth,,White Claw Surge Blood Orange 19.2oz can,635985802075,0,0.0,3,3,2.33,7.0
Plymouth,,Moosehead 12pk 12oz can,776029700817,0,0.0,2,2,13.08,26.0
Plymouth,,Cayman Jack Paloma 6pk 12oz btl,815829011980,0,0.0,2,2,7.51,15.0
Plymouth,,Elysian Pumpkin Pack 12pk 12oz btl,817904002302,0,0.0,2,2,16.85,34.0
Plymouth,,Drekker Brains Rotator 4pk 16oz can,867530977451,0,0.0,2,2,16.88,34.0
Plymouth,,Hacker Pschorr Oktober 6pk 11oz btl,049483189000,0,0.0,4,4,9.75,39.0
Plymouth,,Deschutes Fresh Squeezed IPA 12pk 12oz can,763176230120,0,0.0,5,5,14.81,74.0
Plymouth,,Insight IPA Variety 12pk 12oz can,850033550221,0,0.0,4,4,14.02,56.0
Plymouth,,Cutwater Banana Mudslide 12oz can,816751024543,0,0.0,9,9,2.52,23.0
Plymouth,,Luce Line Foggy Bottom 4pk 16oz can,793888657472,0,0.0,26,26,10.61,276.0
Plymouth,,Utepils Fernweh Pack 12pk 12oz can,852449007061,1,0.5,7,7,15.42,108.0
Plymouth,,Bell's IPA Variety Pack 12pk 12oz can,740522415967,1,0.6,6,6,15.06,90.0
Plymouth,,Sierra Nevada Torpedo IPA Variety Pack 12pk 12oz can,083783675863,1,0.7,5,5,14.45,72.0
Plymouth,,Clown Shoes Space Cake 4pk 16oz can,854763007161,1,0.7,5,5,10.68,53.0
Plymouth,,Surly Oktoberfest 12pk 12oz can,810005490085,3,0.8,12,12,13.26,159.0
Plymouth,,Indeed Pistachio Cream Ale 6pk 12oz can,852004004917,2,1.0,7,7,8.76,61.0
Plymouth,,Michelob Ultra 12pk 12oz can,018200069918,7,1.1,20,20,12.12,242.0
Plymouth,,Leinenkugel's Rotator 12pk 12oz can,034100516192,3,1.3,7,7,12.61,88.0
Plymouth,,White Claw Blackberry 6pk 12oz can,635985801610,3,1.3,7,7,7.68,54.0
Plymouth,,Athletic Free Wave N/A 12pk 12oz can,855352008774,1,1.4,2,2,14.07,28.0
Plymouth,,Michelob Golden Light 6pk 12oz btl,018200006708,2,1.4,4,4,6.66,27.0
Plymouth,,Twisted Tea Light Variety Pack 12pk 12oz can,087692015161,3,1.6,5,5,13.41,67.0
Plymouth,,Mickeys Malt Liquor 6pk 12oz btl,034100774356,2,1.7,3,3,6.03,18.0
Plymouth,,Fosters Lager 25oz can,070897013315,2,1.7,3,3,2.26,7.0
Plymouth,,Michelob Golden Light 12pk 12oz btl,018200006975,11,1.7,16,16,11.29,181.0
Plymouth,,Hamm's 30pk 12oz can,034100807412,3,1.8,4,4,15.89,64.0
Plymouth,,Steel Reserve 24oz can,078250003287,17,1.8,22,22,1.45,32.0
Plymouth,,Modelo Chelada Mango & Chile 24oz can,033544000267,4,1.9,5,5,2.39,12.0
Plymouth,,Founders All Day IPA 15pk 12oz can,642860900245,4,1.9,5,5,14.76,74.0
Plymouth,,Surly Xtra Citra Pale Ale 12pk 12oz can,893354001461,4,1.9,5,5,13.25,66.0
Plymouth,,Schell's Rotator 12pk 12oz can,088067041037,8,1.9,9,9,12.98,117.0
Plymouth,,Sierra Nevada Hazy IPA Pack 12pk 12oz can,083783675627,2,2.1,2,2,14.21,28.0
Plymouth,,56 Brewing Razzy Lil Pucker Raspberry So 4pk 16oz can,615867915840,2,2.1,2,2,9.3,19.0
Plymouth,,Bell's Two Hearted Ale 12pk 12oz can,740522110862,3,2.1,3,3,15.18,46.0
Plymouth,,Michelob Ultra 12pk 12oz btl,018200059902,10,2.1,9,9,12.16,109.0
Plymouth,,Kona Big Wave Golden Ale 12pk 12oz can,796030824968,13,2.1,13,13,12.75,166.0
Plymouth,,White Claw Variety Pack #3 12pk 12oz can,635985800262,14,2.1,14,14,13.91,195.0
Plymouth,,Indeed Variety Pack 12pk 12oz can,852004004047,4,2.4,3,3,15.14,45.0
Plymouth,,Loon Juice Grow a Pear 6pk 12oz can,857463006205,5,2.4,4,4,9.48,38.0
Plymouth,,Coors Light 24pk 16oz can,071990301286,24,2.4,16,16,21.49,344.0
Plymouth,,Michelob Ultra 6pk 12oz btl,018200059896,3,2.6,2,2,7.16,14.0
Plymouth,,Modelo Chelada Limon y Sal 12pk 12oz can,033544001301,3,2.6,2,2,13.35,27.0
Plymouth,,Miller High Life 24pk 12oz can,034100013066,11,2.6,6,6,17.36,104.0
Plymouth,,Busch N/A 12pk 12oz can,018200006142,5,2.7,3,3,10.92,33.0
Plymouth,,Press Sparkling Signature 12pk 12oz can,852313004837,5,2.7,3,3,14.08,42.0
Plymouth,,Lupulin Oktoberfest 4pk 16oz can,857492006672,7,2.7,4,4,9.35,37.0
Plymouth,,New Belgium Voodoo Ranger Imperial IPA 12pk 12oz can,754527009915,6,2.9,3,3,13.76,41.0
Plymouth,,White Claw Surge Variety Pack 12pk 12oz can,635985800804,11,2.9,4,4,13.92,56.0
Plymouth,,Hard MTN Dew Original 24oz can,840262400015,7,3.0,3,3,2.47,7.0
Plymouth,,Michelob Golden Light 24pk 16oz can,018200283963,21,3.0,7,7,21.6,151.0
Plymouth,,Sun Cruiser Vodka Variety 8pk 12oz can,087692020301,13,3.1,4,4,14.65,59.0
Plymouth,,Ursa Minor Harbor Kolsch 4pk 16oz can,798304542448,3,3.2,1,1,9.22,9.0
Plymouth,,Topo Chico Hard Seltzer Variety 12pk 12oz can,021136180879,6,3.2,2,2,14.11,28.0
Plymouth,,Bud Light Platinum 12pk 12oz btl,018200189920,15,3.2,4,4,12.9,52.0
Plymouth,,Pryes Royal Raspberry Sour Ale 4pk 16oz can,860488001629,14,3.3,3,3,10.2,31.0
Plymouth,,Pabst Blue Ribbon 12pk 12oz can,022100001701,4,3.4,1,1,9.49,9.0
Plymouth,,Samuel Adams Seasonal 12pk 12oz can,087692001096,11,3.4,3,3,13.13,39.0
Plymouth,,Stella Liberte N/A 6pk 12oz btl,018200203138,5,3.6,1,1,7.72,8.0
Plymouth,,Coors Banquet 15pk 16oz can,071990386429,5,3.6,1,1,17.88,18.0
Plymouth,,Pryes Miraculum Midwest IPA 4pk 16oz can,860488001605,5,3.6,1,1,7.35,7.0
Plymouth,,Falling Knife Verbal Tip 4pk 16oz can,860004521402,6,3.7,1,1,12.03,12.0
Plymouth,,Coors Light 6pk 16oz can,071990320003,26,3.7,2,2,5.41,11.0
Plymouth,,Modelo Especial 24pk 12oz btl,080660957760,7,3.8,1,1,25.29,25.0
Plymouth,,Firestone Into The Haze Variety 12pk 12oz can,602755011388,8,3.8,1,1,14.45,14.0
Plymouth,,Michelob Golden Light 12pk 12oz can,018200006937,10,3.9,1,1,11.29,11.0
Plymouth,,Truly Unruly Lemonade Variety 12pk 12oz can,087692021995,12,4.0,1,1,13.69,14.0
Ramsey,Artisan Beer,Blackstack I Think It Might Be Broken 4pk 16oz can,850000321649,0,0.0,1,6,15.38,92.0
Ramsey,Artisan Beer,Grain Belt Premium 24pk 12oz can,088067085000,2,2.9,1,1,20.1,20.0
Ramsey,Bernicks,Castle Danger Cooler by the Lake 12pk 12oz can,856306005832,-2,-4.3,1,2,5.93,12.0
Ramsey,Bernicks,Leinenkugel's Seasonal 12pk 12oz btl,034100013493,-6,-2.9,5,10,12.36,124.0
Ramsey,Bernicks,Lagunitas Variety Pack 12pk 12oz can,723830145122,6,1.2,7,14,11.99,168.0
Ramsey,Bernicks,Miller High Life Light 12pk 12oz btl,034100035099,1,1.4,1,2,10.13,20.0
Ramsey,Bernicks,Castle Danger Cream Ale 12pk 12oz can,856306005559,1,2.1,1,2,15.34,31.0
Ramsey,Bernicks,Miller Lite 12pk 12oz can,034100576363,21,2.7,5,10,11.3,113.0
Ramsey,Bernicks,Miller Lite 24pk 16oz can,034100573232,41,3.0,14,14,21.41,300.0
Ramsey,Bernicks,Heineken 12pk 12oz btl,072890000163,3,3.2,1,2,13.31,27.0
Ramsey,"Breakthru Beverage Minnesota Beer, LLC",White Claw 0.0 Mango 6pk 12oz can,635985803058,-4,-17.1,1,4,7.65,31.0
Ramsey,"Breakthru Beverage Minnesota Beer, LLC",White Claw 0.0 Variety 12pk 12oz can,635985802792,0,0.0,1,2,13.98,28.0
Ramsey,"Breakthru Beverage Minnesota Beer, LLC",Samuel Adams Boston Lager 6pk 12oz btl,087692100126,0,0.0,1,4,7.7,31.0
Ramsey,"Breakthru Beverage Minnesota Beer, LLC",White Claw 0.0 Black Cherry 6pk 12oz can,635985803034,0,0.0,1,4,7.83,31.0
Ramsey,"Breakthru Beverage Minnesota Beer, LLC",Labatt Blue 24pk 12oz can,062067051418,3,1.8,4,4,21.4,86.0
Ramsey,"Breakthru Beverage Minnesota Beer, LLC",Corona Extra 24pk 12oz btl,080660956084,4,1.9,5,5,25.3,126.0
Ramsey,"Breakthru Beverage Minnesota Beer, LLC",Angry Orchard Variety Pack 12pk 12oz can,087692008217,3,2.1,2,4,13.89,56.0
Ramsey,"Breakthru Beverage Minnesota Beer, LLC",Corona Light 12pk 12oz btl,080660956756,6,2.1,3,6,13.39,80.0
Ramsey,"Breakthru Beverage Minnesota Beer, LLC",Coors Banquet 12pk 12oz can,071990000479,7,2.1,4,8,11.22,90.0
Ramsey,"Breakthru Beverage Minnesota Beer, LLC",Corona Familiar 32oz btl,080660956831,1,2.1,1,12,3.06,37.0
Ramsey,"Breakthru Beverage Minnesota Beer, LLC",Pacifico 6pk 12oz btl,080660953014,3,2.6,1,4,7.23,29.0
Ramsey,"Breakthru Beverage Minnesota Beer, LLC",Angry Orchard Imperial 6pk 12oz can,087692017912,3,2.6,1,4,8.54,34.0
Ramsey,"Breakthru Beverage Minnesota Beer, LLC",Mike's Harder Straw Pineapple 23oz can,635985132172,7,2.7,1,12,2.34,28.0
Ramsey,"Breakthru Beverage Minnesota Beer, LLC",Coors Light 24pk 16oz can,071990301286,109,2.8,48,48,21.49,1031.0
Ramsey,"Breakthru Beverage Minnesota Beer, LLC",Dos Equis Ambar 12pk 12oz btl,072311331401,2,2.9,1,2,12.99,26.0
Ramsey,"Breakthru Beverage Minnesota Beer, LLC",Mike's Harder Cranberry 23oz can,635985249856,4,2.9,1,12,2.35,28.0
Ramsey,"Breakthru Beverage Minnesota Beer, LLC",Coors Banquet 6pk 16oz can,071990100025,7,3.0,1,4,5.43,22.0
Ramsey,"Breakthru Beverage Minnesota Beer, LLC",Twisted Tea Raspberry 24oz can,087692852315,5,3.1,1,12,2.35,28.0
Ramsey,"Breakthru Beverage Minnesota Beer, LLC",Twisted Tea Extreme Variety Pack 12pk 12oz can,087692023722,6,3.2,1,2,13.3,27.0
Ramsey,"Breakthru Beverage Minnesota Beer, LLC",Corona Extra 12pk 12oz btl,080660956152,21,3.2,3,6,13.32,80.0
Ramsey,"Breakthru Beverage Minnesota Beer, LLC",Coors Light 12pk 12oz btl,071990300692,13,3.3,2,4,11.28,45.0
Ramsey,"Breakthru Beverage Minnesota Beer, LLC",Corona Familiar 12pk 12oz btl,033544950531,4,3.4,1,2,13.34,27.0
Ramsey,"Breakthru Beverage Minnesota Beer, LLC",White Claw Black Cherry 6pk 12oz can,635985200253,20,3.4,1,4,7.71,31.0
Ramsey,"Capitol Beverage Sales, L.P.",Carbliss Pineapple 4pk 12oz can,860007988875,-23,-14.1,2,12,8.9,107.0
Ramsey,"Capitol Beverage Sales, L.P.",Surfside Lemonade 24oz can,850050071129,0,0.0,1,12,1.94,23.0
Ramsey,"Capitol Beverage Sales, L.P.",Surfside Half and Half 24oz can,850050071167,0,0.0,1,12,1.94,23.0
Ramsey,"Capitol Beverage Sales, L.P.",Surfside Strawberry Lemonade 24oz can,850050071792,1,0.5,1,12,1.94,23.0
Ramsey,"Capitol Beverage Sales, L.P.",Carbliss Margarita Variety 8pk 12oz can,860009819580,7,2.3,2,6,18.07,108.0
Ramsey,"College City Beverage, Inc.",NUTRL Blueberry 4pk 12oz can,018200204692,-6,-25.7,1,6,7.52,45.0
Ramsey,"College City Beverage, Inc.",Grain Belt Premium Light Lime 24pk 12oz can,880670894594,0,0.0,1,1,23.2,23.0
Ramsey,"College City Beverage, Inc.",Chelada Bud & Clamato Picante 25oz can,01817023,0,0.0,1,15,2.21,33.0
Ramsey,"College City Beverage, Inc.",Bud Light 6pk 16oz can,01811524,2,1.1,2,8,5.43,43.0
Ramsey,"College City Beverage, Inc.",War Pigs Foggy Geezer 12pk 12oz can,865024000470,11,2.2,5,10,15.87,159.0
Ramsey,Dahlheimer Beverage Monticello,Summit Saga Variety 12pk 12oz can,025569191150,-5,-21.4,1,2,13.2,26.0
Ramsey,Dahlheimer Beverage Monticello,Arnold Palmer Spiked 12pk 12oz can,613008752200,-5,-4.3,3,6,13.33,80.0
Ramsey,Dahlheimer Beverage Monticello,Samuel Adams Seasonal 2 6pk 12oz btl,087692300502,-2,-4.3,1,4,7.7,31.0
Ramsey,Dahlheimer Beverage Monticello,Modelo Chelada Fresa Picante 24oz can,33544002315,-1,-1.4,1,12,2.35,28.0
Ramsey,Dahlheimer Beverage Monticello,Coors Light 9pk 16oz can,071990301040,-1,-0.4,6,12,11.21,135.0
Ramsey,Dahlheimer Beverage Monticello,Lift Bridge Seltzer Cocktail Variety Pack 12pk 12oz can,685165383641,0,0.0,2,4,13.33,53.0
Ramsey,Dahlheimer Beverage Monticello,Summit Saga IPA 12pk 12oz can,025569193550,0,0.0,3,6,13.26,80.0
Ramsey,Dahlheimer Beverage Monticello,Utepils Helles Lager 4pk 16oz can,852449007726,0,0.0,1,6,9.69,58.0
Ramsey,Dahlheimer Beverage Monticello,Surly Furious 12pk 12oz can,893354001515,1,0.5,4,8,15.41,123.0
Ramsey,Dahlheimer Beverage Monticello,Carbliss Watermelon 4pk 12oz can,860012130191,1,0.6,1,6,8.92,54.0
Ramsey,Dahlheimer Beverage Monticello,Leinenkugel's Tropical 12pk 12oz can,034100014117,1,1.1,2,4,12.33,49.0
Ramsey,Dahlheimer Beverage Monticello,Carbliss Black Raspberry 12pk 12oz can,860009819597,5,1.3,5,10,26.3,263.0
Ramsey,Dahlheimer Beverage Monticello,Utepils Summer Weekender 12pk 12oz can,852449007054,1,1.4,1,2,14.92,30.0
Ramsey,Dahlheimer Beverage Monticello,Blue Moon 12pk 12oz can,071990095062,4,1.7,3,6,13.33,80.0
Ramsey,Dahlheimer Beverage Monticello,Coors Light 15pk 16oz can,071990095277,8,1.9,9,9,18.01,162.0
Ramsey,Dahlheimer Beverage Monticello,Pabst Blue Ribbon 24pk 16oz can,022100001732,9,1.9,10,10,19.32,193.0
Ramsey,Dahlheimer Beverage Monticello,Surly Todd The Axe Man 4pk 16oz can,893354001201,5,1.9,1,6,12.24,73.0
Ramsey,Dahlheimer Beverage Monticello,Keystone Light 30pk 12oz can,071990480196,2,2.1,2,2,18.22,36.0
Ramsey,Dahlheimer Beverage Monticello,Clubtails Screwdriver 24oz can,684746400548,3,2.6,1,12,2.16,26.0
Ramsey,Dahlheimer Beverage Monticello,White Claw Strawberry 19.2oz can,635985802150,8,2.6,1,12,2.33,28.0
Ramsey,Dahlheimer Beverage Monticello,White Claw Mango 19.2oz can,635985802136,13,2.9,1,12,2.29,27.0
Ramsey,Dahlheimer Beverage Monticello,Victoria Lager 12pk 12oz btl,080660958835,6,3.2,1,2,13.36,27.0
Ramsey,Dahlheimer Beverage Monticello,Grain Belt Premium 6pk 16oz can,088067088001,3,3.2,1,4,6.86,27.0
Ramsey,Dahlheimer Beverage Monticello,Founders All Day IPA 15pk 12oz can,642860900245,11,3.6,1,2,14.76,30.0
Ramsey,Dahlheimer Beverage Monticello,Mike's Hard Pink Lemonade 6pk 12oz can,635985000389,5,3.6,1,4,7.53,30.0
Ramsey,Dangerous Man Brewing,Dangerous Man Peanut Butter Porter 6pk 12oz can,796520922792,-4,-17.1,1,4,8.89,36.0
Ramsey,Dangerous Man Brewing,Dangerous Man Hazy IPA 6pk 12oz can,646051493738,-8,-8.6,1,4,9.92,40.0
Ramsey,Dangerous Man Brewing,Dangerous Man House IPA 6pk 12oz can,796520922808,1,0.6,2,8,9.39,75.0
Ramsey,Elm Creek Brewing Company,Elm Creek Geo Space 4pk 16oz can,860014914201,0,0.0,1,6,10.83,65.0
Ramsey,MetroNOME Brewery,Metronome Squeeze Play East Coast IPA 4pk 16oz can,704260420522,0,0.0,1,6,10.22,61.0
Ramsey,Phillips Wine & Spirits - St. Paul,Zing Zang RTD Bloody Mary 4pk 12oz can,616003203135,0,0.0,1,6,9.75,58.0
Ramsey,Phillips Wine & Spirits - St. Paul,Two Chicks Cranberry Tartini 4pk 12oz can,850003574202,0,0.0,1,6,7.01,42.0
Ramsey,Phillips Wine & Spirits - St. Paul,Two Chicks Watermelon Breeze 4pk 12oz can,850003574264,0,0.0,1,6,8.01,48.0
Ramsey,Phillips Wine & Spirits - St. Paul,Two Chicks Pear & Elderflower 4pk 12oz can,850003574066,1,0.9,1,6,8.2,49.0
Ramsey,Single Can,Cutwater Grapefruit Tequila Paloma 12oz can,816751021184,-18,-38.6,1,24,0.0,0.0
Ramsey,Single Can,Cutwater Spicy Bloody Mary 12oz can,816751020729,0,0.0,1,24,2.48,59.0
Ramsey,Single Can,Cutwater Mango Margatira 12oz can,816751022099,0,0.0,1,24,2.45,59.0
Ramsey,Single Can,Cutwater Strawberry Margarita 12oz can,816751022440,0,0.0,1,24,2.47,59.0
Ramsey,Single Can,Cutwater Tequila Lime Margarita 12oz can,816751021214,0,0.0,1,24,2.28,55.0
Ramsey,Single Can,Cutwater White Russian 12oz can,816751022051,0,0.0,1,24,2.47,59.0
Ramsey,Single Can,Cutwater Espresso Martini 12oz Can,816751023720,0,0.0,1,24,2.48,60.0
Ramsey,Steel Toe Brewing,Steel Toe Carbide IPA 6pk 12oz can,855123003571,2,2.9,1,4,10.0,40.0
Ramsey,Ursa Minor Brewing,Ursa Minor Galactic Face Slap 4pk 16oz can,051497121747,3,2.1,1,6,10.76,65.0
Ramsey,,Fulton Lonely Blonde 12pk 12oz can,856247003591,-44,-94.3,2,2,13.62,27.0
Ramsey,,Sierra Nevada Big Little Thing IPA 19.2oz can,083783375558,-36,-14.0,11,11,2.62,29.0
Ramsey,,Alaskan Amber 6pk 12oz btl,040850020018,-2,-8.6,1,1,7.38,7.0
Ramsey,,Bent Paddle Light Lager  12pk 12oz can,850024846326,-2,-8.6,1,1,11.7,12.0
Ramsey,,Bud Light 24pk 12oz btl,018200533495,-1,-4.3,1,1,20.08,20.0
Ramsey,,Coors N/A 6pk 12oz btl,071990770051,-1,-4.3,1,1,6.69,7.0
Ramsey,,Guinness Extra Stout 12pk 11oz btl,083820234824,0,0.0,1,1,13.72,14.0
Ramsey,,MOM WATER JULIE PASSION FRUIT 4pk 12oz can,860005323975,0,0.0,1,1,6.88,7.0
Ramsey,,Elm Creek Bottom Dollar 4pk 16oz can,860011473268,0,0.0,1,1,10.71,11.0
Ramsey,,Nutrl Strawberry 4pk 12oz can,108200204470,0,0.0,2,2,7.59,15.0
Ramsey,,Cutwater Banana Mudslide 12oz can,816751024543,0,0.0,2,2,2.52,5.0
Ramsey,,Corona Sunbrew Citrus 24oz can,033544002445,0,0.0,5,5,2.42,12.0
Ramsey,,Pacifico Clara Lager 12pk 12oz can,033544950319,0,0.0,4,4,13.44,54.0
Ramsey,,BlackStack Local 755 IPA 4pk 16oz can,869283000400,0,0.0,8,8,11.53,92.0
Ramsey,,Falling Knife Verbal Tip 4pk 16oz can,860004521402,1,0.4,9,9,12.03,108.0
Ramsey,,Summit Extra Pale Ale 12pk 12oz can,025569243552,2,0.5,13,13,13.29,173.0
Ramsey,,Modelo Especial 24pk 12oz btl,080660957760,2,0.6,12,12,25.29,303.0
Ramsey,,New Belgium Voodoo Ranger Imperial IPA 12pk 12oz btl,754527005672,1,0.7,5,5,13.47,67.0
Ramsey,,Modelo Especial 32oz btl,033544950906,3,0.9,11,11,3.06,34.0
Ramsey,,White Claw Surge Blackberry 19.2oz can,635985802013,8,0.9,29,29,2.33,68.0
Ramsey,,Mike's Harder Punch 24oz can,635985803096,6,1.0,20,20,2.34,47.0
Ramsey,,Bell's Two Hearted Ale 12pk 12oz can,740522110862,2,1.2,5,5,15.18,76.0
Ramsey,,Michelob Golden Light 12pk 12oz btl,018200006975,5,1.3,11,11,11.29,124.0
Ramsey,,Pacifico 12pk 12oz btl,080660953151,6,1.3,13,13,13.31,173.0
Ramsey,,56 Brewing Rotating 6pk 12oz can,615867915369,1,1.4,2,2,13.1,26.0
Ramsey,,AleSmith Oktoberfest,812465001108,1,1.4,2,2,9.0,18.0
Ramsey,,Evil Twin Even More Jesus 4pk 16oz can,013964996517,2,1.4,4,4,14.36,57.0
Ramsey,,Michelob Ultra 8pk 16oz can,018200239861,2,1.4,4,4,8.71,35.0
Ramsey,,New Belgium Voodoo Ranger Juicy Haze IPA 12pk 12oz can,754527011376,3,1.6,5,5,13.19,66.0
Ramsey,,Heineken 18pk 12oz btl,072890001528,5,1.9,6,6,19.33,116.0
Ramsey,,Smirnoff Ice 12pk 12oz btl,082000725183,1,2.1,1,1,12.73,13.0
Ramsey,,Grain Belt Premium Light 24pk 16oz can,088067093166,1,2.1,1,1,22.07,22.0
Ramsey,,Modelo Aguas Frescas Variety 12pk 12oz can,033544002018,2,2.1,2,2,13.58,27.0
Ramsey,,Third Street MN Gold Lager 12pk 16oz can,081780701356,2,2.1,2,2,10.84,22.0
Ramsey,,Clown Shoes Space Cake 4pk 16oz can,854763007161,2,2.1,2,2,10.68,21.0
Ramsey,,Indeed Flavorwave IPA 19.2oz can,852004004924,3,2.1,3,3,1.92,6.0
Ramsey,,Coronita Extra 24pk 8oz btl,080660954080,6,2.3,5,5,19.2,96.0
Ramsey,,Michelob Ultra 24pk 12oz can,018200967153,65,2.5,40,40,21.64,865.0
Ramsey,,Stella Liberte N/A 6pk 12oz btl,018200203138,3,2.6,2,2,7.72,15.0
Ramsey,,Bud Light 24pk 12oz can,018200531682,8,2.6,5,5,19.66,98.0
Ramsey,,Budweiser 24pk 16oz can,5543450001,16,2.7,8,8,21.88,175.0
Ramsey,,Twisted Tea 24oz can,087692832317,13,2.8,6,6,2.35,14.0
Ramsey,,Corona Extra 4pk 16oz can,033544002117,2,2.9,1,1,5.24,5.0
Ramsey,,Miller High Life 6pk 12oz btl,034100015053,2,2.9,1,1,5.59,6.0
Ramsey,,Modelo Chelada Variety Pack 12pk 12oz can,033544001776,4,2.9,2,2,13.47,27.0
Ramsey,,Coors Banquet 15pk 16oz can,071990386429,4,2.9,2,2,17.88,36.0
Ramsey,,Lupulin Blissful Ignorance 4pk 16oz can,857492006597,4,2.9,2,2,10.98,22.0
Ramsey,,Firestone Into The Haze Variety 12pk 12oz can,602755011388,5,3.1,2,2,14.45,29.0
Ramsey,,Hamm's 12pk 12oz can,034100809027,3,3.2,1,1,8.64,9.0
Ramsey,,Lift Bridge Grape Ape 12pk 12oz can,685165386000,3,3.2,1,1,12.88,13.0
Ramsey,,Truly Unruly Lemonade Variety 12pk 12oz can,087692021995,12,3.2,3,3,13.69,41.0
Ramsey,,Mickeys Malt Liquor 6pk 12oz btl,034100774356,7,3.3,2,2,6.03,12.0
Ramsey,,White Claw Natural Lime 6pk 12oz can,635985025986,17,3.3,4,4,7.71,31.0
Ramsey,,Modelo Chelada Limon y Sal 12pk 12oz can,033544001301,4,3.4,1,1,13.35,13.0
Ramsey,,Seagrams Variety Pack 12pk 12oz btl,080432802908,4,3.4,1,1,10.69,11.0
Ramsey,,Bell's Light Hearted Ale 12pk 12oz can,740522412768,5,3.6,1,1,11.44,11.0
Ramsey,,Michelob Golden Light 24pk 16oz can,018200283963,69,3.8,4,4,21.6,86.0
Ramsey,,White Claw Peach 19.2oz can,635985803669,19,3.9,1,1,2.33,2.0
Rosemount,56 Brewing,56 Brewing Crispy Business 4pk 16oz can,615867916014,0,0.0,1,6,7.87,47.0
Rosemount,Artisan Beer,Toppling Goliath Hazy Day Sue 6pk 12oz can,810070239541,-38,-81.4,1,4,10.0,40.0
Rosemount,Artisan Beer,Toppling Goliath Oktoberfest 6pk 12oz can,810070236359,-8,-17.1,1,4,0.0,0.0
Rosemount,Artisan Beer,Toppling Goliath Rotating 4pk 16oz can,810070236984,-8,-8.6,1,6,14.78,89.0
Rosemount,Artisan Beer,Wild State Imperial Hazy Honeycrisp 5 Gallon,400000024677,0,0.0,1,1,83.12,83.0
Rosemount,Artisan Beer,Central Waters Rotating 6pk 12oz can,672882100866,0,0.0,1,4,7.5,30.0
Rosemount,Artisan Beer,Bent Paddle Munchin' Pretzels 6pk 12oz can,850024846463,0,0.0,1,4,9.56,38.0
Rosemount,Artisan Beer,Toppling Goliath Supa Sue-Mo 4pk 16oz can,810458032856,0,0.0,1,6,13.85,83.0
Rosemount,Artisan Beer,Blackstack Participation Trophy 4pk 16oz can,850000317734,0,0.0,1,6,12.3,74.0
Rosemount,Artisan Beer,BlackStack Shipping Delays 4pk 16oz can,850000319448,0,0.0,1,6,12.18,73.0
Rosemount,Artisan Beer,Wild State Rotating 4pk 12oz can,085001894778,0,0.0,1,6,9.75,59.0
Rosemount,Artisan Beer,Blackstack Just Circling Back IPA 4pk 16oz can,850000318960,0,0.0,2,12,12.3,148.0
Rosemount,Artisan Beer,Toppling Goliath Pseudo Sue 12pk 12oz can,810458034737,2,1.0,4,8,20.0,160.0
Rosemount,Artisan Beer,Surly 20th Anniversary Variety 12pk 12oz can,810005492553,2,1.7,2,4,15.02,60.0
Rosemount,Artisan Beer,Revolution Brewing Fistmas 6pk 12oz can,851464003249,1,2.1,1,4,8.46,34.0
Rosemount,Artisan Beer,Bent Paddle ESB 6pk 12oz can,858106004404,2,2.1,1,4,9.23,37.0
Rosemount,Artisan Beer,Gray Duck Bomba Juice Seltzer 12pk 12oz can,860004851776,7,3.3,1,2,14.01,28.0
Rosemount,Bernicks,Lagunitas Hazy IPA 12pk 12oz can,723830300033,-38,-40.7,2,4,12.0,48.0
Rosemount,Bernicks,Miller Lite 12pk 12oz can,034100576363,-16,-3.4,10,20,11.3,226.0
Rosemount,Bernicks,Miller High Life Light 12pk 12oz btl,034100035099,0,0.0,2,4,10.13,41.0
Rosemount,Bernicks,Castle Danger Cooler by the Lake 12pk 12oz can,856306005832,0,0.0,2,4,5.93,24.0
Rosemount,Bernicks,Leinenkugel's Berry Weiss 6pk 12oz btl,034100255053,0,0.0,1,4,7.71,31.0
Rosemount,Bernicks,Heineken 6pk 12oz btl,072890000118,0,0.0,2,8,7.33,59.0
Rosemount,Bernicks,Strongbow Original Dry Hard Cider 4pk 17oz can,088345102207,1,0.2,4,24,5.57,134.0
Rosemount,Bernicks,Castle Danger Variety Pack 12pk 12oz can,856306005542,2,1.4,2,4,15.6,62.0
Rosemount,Bernicks,New Belgium Juice Force Hazy IPA 19.2oz can,754527011710,9,1.9,1,15,1.99,30.0
Rosemount,Bernicks,Miller Lite 6pk 8oz btl,034100572389,1,2.1,1,4,5.11,20.0
Rosemount,Bernicks,Smirnoff Smash Strawberry Passion 23oz can,082000814368,2,2.1,1,12,2.28,27.0
Rosemount,Bernicks,New Belgium Voodoo Ranger Juicy Haze IPA 19.2oz can,754527011055,3,2.1,1,15,1.93,29.0
Rosemount,Bernicks,Guinness Draught 8pk 15oz can,083820123685,7,2.3,2,6,12.2,73.0
Rosemount,Bernicks,Miller Lite 9pk 16oz can,034100570231,4,2.4,2,4,11.23,45.0
Rosemount,Bernicks,Leinenkugel's Original 24pk 12oz can,034100503062,4,2.9,2,2,17.69,35.0
Rosemount,Bernicks,Grain Belt Premium 12pk 16oz can,088067088209,4,2.9,1,2,12.34,25.0
Rosemount,Bernicks,Miller Lite 24pk 16oz can,034100573232,31,3.3,7,7,21.41,150.0
Rosemount,Bernicks,Miller Lite 15pk 16oz can,034100577070,5,3.6,1,1,17.9,18.0
Rosemount,Bernicks,Miller Lite 12pk 12oz btl,034100575090,6,3.7,1,2,11.31,23.0
Rosemount,Bernicks,New Belgium Voodoo Ranger Hoppy Pack 12pk 12oz can,754527010706,12,3.7,1,2,13.54,27.0
Rosemount,"Black Stack Brewing, Inc",Blackstack Late To The Party Fest Bier 4pk 16oz can,850000319776,2,2.1,1,6,9.23,55.0
Rosemount,Blake's,Blake's Kinder Series,850544005746,-16,-17.1,1,4,8.35,33.0
Rosemount,"Breakthru Beverage Minnesota Beer, LLC",Downeast Cider Seasonal 2 4pk 12oz can,858612003557,-46,-39.4,1,6,9.25,56.0
Rosemount,"Breakthru Beverage Minnesota Beer, LLC",Samuel Adams Variety Pack 12pk 12oz can,087692003588,-11,-23.6,1,2,12.99,26.0
Rosemount,"Breakthru Beverage Minnesota Beer, LLC",Downeast Blackberry 6pk 12oz can,858612003601,-26,-15.9,2,8,9.23,74.0
Rosemount,"Breakthru Beverage Minnesota Beer, LLC",Newcastle Brown Ale 6pk 12oz btl,088345100050,-1,-1.4,1,4,7.29,29.0
Rosemount,"Breakthru Beverage Minnesota Beer, LLC",Cayman Jack Margarita 6pk 12oz btl,815829010068,-1,-0.6,2,8,7.56,60.0
Rosemount,"Breakthru Beverage Minnesota Beer, LLC",Modelo Chelada Limon y Sal 24oz can,033544950609,-1,-0.5,1,12,2.38,29.0
Rosemount,"Breakthru Beverage Minnesota Beer, LLC",Monaco Watermelon Crush 12oz can,891278003530,-1,-0.3,2,24,1.94,47.0
Rosemount,"Breakthru Beverage Minnesota Beer, LLC",Mike's Dirty Lemonade Variety Pack 12pk 12oz can,635985000891,0,0.0,2,4,13.48,54.0
Rosemount,"Breakthru Beverage Minnesota Beer, LLC",Cayman Jack Sweet Heat Variety 12pk 12oz can,815829011966,0,0.0,1,2,13.28,27.0
Rosemount,"Breakthru Beverage Minnesota Beer, LLC",Corona Light 12pk 12oz can,080660956213,0,0.0,5,10,13.41,134.0
Rosemount,"Breakthru Beverage Minnesota Beer, LLC",Miller Lite 6pk 12oz btl,034100575052,0,0.0,2,8,6.69,53.0
Rosemount,"Breakthru Beverage Minnesota Beer, LLC",New Belgium Voodoo Ranger G Force�19.2oz can,754527012779,0,0.0,2,30,1.96,59.0
Rosemount,"Breakthru Beverage Minnesota Beer, LLC",Pacifico Clara Lager 12pk 12oz can,033544950319,1,0.2,8,16,13.44,215.0
Rosemount,"Breakthru Beverage Minnesota Beer, LLC",Not Your Father's Root Beer 6pk 12oz btl,849806000605,1,0.5,2,8,7.8,62.0
Rosemount,"Breakthru Beverage Minnesota Beer, LLC",Coors Banquet 24pk 12oz btl,071990170363,1,0.7,5,5,20.23,101.0
Rosemount,"Breakthru Beverage Minnesota Beer, LLC",Leinenkugel's Lodge Pack 12pk 12oz can,034100012625,2,0.7,5,10,13.07,131.0
Rosemount,"Breakthru Beverage Minnesota Beer, LLC",White Claw Natural Lime 6pk 12oz can,635985025986,5,0.9,5,20,7.71,154.0
Rosemount,"Breakthru Beverage Minnesota Beer, LLC",Coors Light 24pk 12oz btl,071990300791,2,1.1,6,6,20.12,121.0
Rosemount,"Breakthru Beverage Minnesota Beer, LLC",Blue Moon Mango Wheat 6pk 12oz can,087800000713,1,1.1,1,4,7.68,31.0
Rosemount,"Breakthru Beverage Minnesota Beer, LLC",Coors Light 6pk 12oz btl,071990300050,2,1.1,2,8,6.69,53.0
Rosemount,"Breakthru Beverage Minnesota Beer, LLC",Twisted Tea 24oz can,087692832317,1,1.1,1,12,2.35,28.0
Rosemount,"Breakthru Beverage Minnesota Beer, LLC",Corona Light 12pk 12oz btl,080660956756,8,1.3,9,18,13.39,241.0
Rosemount,"Breakthru Beverage Minnesota Beer, LLC",Coors Light 12pk 12oz can,071990000486,14,1.3,14,28,11.27,316.0
Rosemount,"Breakthru Beverage Minnesota Beer, LLC",White Claw Mango 6pk 12oz can,635985260875,3,1.3,2,8,7.71,62.0
Rosemount,"Breakthru Beverage Minnesota Beer, LLC",Coors Heritage 6pk 12oz btl,071990170288,3,1.4,6,6,6.69,40.0
Rosemount,"Breakthru Beverage Minnesota Beer, LLC",Leinenkugel's Honey Lemon Light 12pk 12oz can,034100597122,1,1.4,1,2,13.2,26.0
Rosemount,"Breakthru Beverage Minnesota Beer, LLC",Mickeys Malt Liquor 12pk 12oz btl,034100774349,2,1.4,2,4,10.8,43.0
Rosemount,"Breakthru Beverage Minnesota Beer, LLC",Clausthaler N/A 6pk 11oz btl,042572057150,1,1.4,1,4,8.99,36.0
Rosemount,"Breakthru Beverage Minnesota Beer, LLC",Angry Orchard Crisp Apple 6pk 12oz btl,087692821021,1,1.4,1,4,8.03,32.0
Rosemount,"Breakthru Beverage Minnesota Beer, LLC",Smithwicks 4pk 15oz can,083820199260,1,1.4,1,6,6.53,39.0
Rosemount,"Breakthru Beverage Minnesota Beer, LLC",Coors Light 24pk 16oz can,071990301286,48,1.6,70,70,21.49,1504.0
Rosemount,"Breakthru Beverage Minnesota Beer, LLC",Athletic Free Wave N/A 12pk 12oz can,855352008774,3,1.6,3,6,14.07,84.0
Rosemount,"Breakthru Beverage Minnesota Beer, LLC",Corona Extra 24pk 12oz can,080660956992,2,1.7,3,3,22.79,68.0
Rosemount,"Breakthru Beverage Minnesota Beer, LLC",Sun Cruiser Blue Lemonade 8pk 12oz can,087692024132,2,1.7,1,3,14.59,44.0
Rosemount,"Breakthru Beverage Minnesota Beer, LLC",White Claw Clawtails Variety 12pk 12oz can,635985804437,5,1.9,3,6,13.86,83.0
Rosemount,"Breakthru Beverage Minnesota Beer, LLC",Coronita Extra 6pk 8oz btl,080660954011,5,1.9,2,8,5.33,43.0
Rosemount,"Breakthru Beverage Minnesota Beer, LLC",Coors Light 12pk 12oz btl,071990300692,6,2.0,4,8,11.28,90.0
Rosemount,"Breakthru Beverage Minnesota Beer, LLC",Samuel Adams Seasonal 12pk 12oz btl,087692011033,11,2.0,6,12,12.99,156.0
Rosemount,"Breakthru Beverage Minnesota Beer, LLC",Coors Light 6pk 8oz btl,071990300098,1,2.1,1,4,5.11,20.0
Rosemount,"Breakthru Beverage Minnesota Beer, LLC",Smirnoff Ice 6pk 12oz btl,082000723851,3,2.1,1,4,7.47,30.0
Rosemount,"Breakthru Beverage Minnesota Beer, LLC",Sam Smith Imperial Stout 4pk 12oz btl,085725315059,1,2.1,1,6,10.73,64.0
Rosemount,"Breakthru Beverage Minnesota Beer, LLC",Coronita Extra 12pk 7oz btl,033544950340,7,2.3,3,6,9.6,58.0
Rosemount,"Breakthru Beverage Minnesota Beer, LLC",Leinenkugel's Honey Weiss 12pk 12oz can,034100486020,8,2.4,3,6,12.4,74.0
Rosemount,"Breakthru Beverage Minnesota Beer, LLC",Miller Lite 24pk 12oz can,034100573065,29,2.5,18,18,19.46,350.0
Rosemount,"Breakthru Beverage Minnesota Beer, LLC",Sierra Nevada Oktoberfest/Celebration 12pk 12oz can,083783228120,7,2.5,3,6,14.36,86.0
Rosemount,"Breakthru Beverage Minnesota Beer, LLC",Sapporo 12pk 12oz can,087975043508,3,2.6,1,2,11.7,23.0
Rosemount,"Breakthru Beverage Minnesota Beer, LLC",Peroni 6pk 12oz btl,181954000022,3,2.6,1,4,7.97,32.0
Rosemount,"Breakthru Beverage Minnesota Beer, LLC",Castle Danger Hazy Sunday 6pk 12oz can,856306005955,3,2.6,1,4,8.46,34.0
Rosemount,"Breakthru Beverage Minnesota Beer, LLC",New Belgium Voodoo Ranger Juicy Haze IPA 12pk 12oz can,754527011376,7,2.7,2,4,13.19,53.0
Rosemount,"Breakthru Beverage Minnesota Beer, LLC",White Claw Black Cherry 6pk 12oz can,635985200253,10,2.7,2,8,7.71,62.0
Rosemount,"Breakthru Beverage Minnesota Beer, LLC",White Claw Black Cherry 12pk 12oz can,635985260899,42,2.8,9,18,14.09,254.0
Rosemount,"Breakthru Beverage Minnesota Beer, LLC",Corona Premier 12pk 12oz can,033544950449,4,2.9,1,2,13.33,27.0
Rosemount,"Breakthru Beverage Minnesota Beer, LLC",Corona Familiar 12pk 12oz btl,033544950531,4,2.9,1,2,13.34,27.0
Rosemount,"Breakthru Beverage Minnesota Beer, LLC",Stella Artois 6pk 12oz btl,786150000014,6,2.9,1,4,7.7,31.0
Rosemount,"Breakthru Beverage Minnesota Beer, LLC",Pacifico 24oz can,033544950227,2,2.9,1,12,2.38,29.0
Rosemount,"Breakthru Beverage Minnesota Beer, LLC",Coors Light 24pk 12oz can,071990316006,82,3.1,24,24,19.37,465.0
Rosemount,"Breakthru Beverage Minnesota Beer, LLC",White Claw Mango 12pk 12oz can,635985100331,10,3.1,2,4,13.86,55.0
Rosemount,"Breakthru Beverage Minnesota Beer, LLC",Corona Extra 6pk 12oz btl,080660956053,11,3.1,1,4,6.97,28.0
Rosemount,"Breakthru Beverage Minnesota Beer, LLC",Angry Orchard Imperial 6pk 12oz can,087692017912,3,3.2,1,4,8.54,34.0
Rosemount,"Breakthru Beverage Minnesota Beer, LLC",Cayman Jack Paloma 6pk 12oz btl,815829011980,4,3.4,1,4,7.51,30.0
Rosemount,"Breakthru Beverage Minnesota Beer, LLC",Miller High Life 24pk 12oz can,034100013066,5,3.6,1,1,17.36,17.0
Rosemount,"Breakthru Beverage Minnesota Beer, LLC",Sociable Cider Werks Freewheeler 4pk 12oz can,859990007120,5,3.6,1,6,7.12,43.0
Rosemount,"Breakthru Beverage Minnesota Beer, LLC",Leinenkugel's Seasonal 12pk 12oz btl,034100013493,8,3.8,1,2,12.36,25.0
Rosemount,"Breakthru Beverage Minnesota Beer, LLC",Modelo Especial 24pk 12oz btl,080660957760,10,3.9,1,1,25.29,25.0
Rosemount,"Breakthru Beverage Minnesota Beer, LLC",Modelo Chelada Variety Pack 12pk 12oz can,033544001776,10,3.9,1,2,13.47,27.0
Rosemount,"Breakthru Beverage Minnesota Beer, LLC",Modelo Especial 12pk 12oz btl,080660957579,27,4.0,1,2,13.35,27.0
Rosemount,"Capitol Beverage Sales, L.P.",Lift Bridge Mango Blonde Mix Paack 12pk 12oz can,685165386369,0,0.0,1,2,16.75,34.0
Rosemount,"Capitol Beverage Sales, L.P.",Carbliss Margarita Variety 8pk 12oz can,860009819580,4,1.6,3,9,18.07,163.0
Rosemount,"Capitol Beverage Sales, L.P.",Carbliss Margarita 4pk 12oz can,860007988844,2,2.9,1,6,8.9,53.0
Rosemount,"Capitol Beverage Sales, L.P.",War Pigs Lil' Geezer 12pk 12oz can,652682156263,3,3.2,1,2,15.65,31.0
Rosemount,"Capitol Beverage Sales, L.P.",Surfside Half & Half Variety Pack 8pk 12oz can,810171361868,9,3.5,1,3,15.0,45.0
Rosemount,"Capitol Beverage Sales, L.P.",Surfside Iced Tea Variety Pack 12pk 12oz can,810171360564,5,3.6,1,2,22.75,46.0
Rosemount,"College City Beverage, Inc.",Wild State Rotating Variety Pack 9pk 12oz can,850018947459,-2,-8.6,1,2,18.15,36.0
Rosemount,"College City Beverage, Inc.",Garage Beer Lime 12pk 12oz can,851834008614,-1,-1.1,2,4,12.25,49.0
Rosemount,"College City Beverage, Inc.",Blake's Rotator 6pk 12oz can,810061350316,-1,-1.1,1,4,8.95,36.0
Rosemount,"College City Beverage, Inc.",Good Boy Vodka Cocktail Variety Pack 8pk 12oz can,850041804156,-1,-0.4,4,12,16.03,192.0
Rosemount,"College City Beverage, Inc.",War Pigs Foggy Geezer 16 Gallon,FOGGY16GALL,0,0.0,1,1,175.0,175.0
Rosemount,"College City Beverage, Inc.",Lift Bridge Orange Drink 12pk 12oz can,685165386420,0,0.0,2,4,12.88,52.0
Rosemount,"College City Beverage, Inc.",Surfside Lemonade Variety 12pk 12oz can,810171360182,2,0.6,6,12,22.06,265.0
Rosemount,"College City Beverage, Inc.",Michelob Golden Light 12pk 12oz btl,018200006975,3,0.8,7,14,11.29,158.0
Rosemount,"College City Beverage, Inc.",Busch Light Lime 24pk 12oz can,018200293016,4,1.0,12,12,11.74,141.0
Rosemount,"College City Beverage, Inc.",Bud Select 55 24pk 12oz can,018200962264,1,1.1,3,3,19.73,59.0
Rosemount,"College City Beverage, Inc.",Busch N/A 12pk 12oz can,018200006142,2,1.2,3,6,10.92,66.0
Rosemount,"College City Beverage, Inc.",War Pigs Foggy Geezer 6pk 12oz can,865024000418,3,1.4,2,8,9.0,72.0
Rosemount,"College City Beverage, Inc.",Busch Light 24pk 12oz can,018200861673,47,1.9,51,51,18.6,949.0
Rosemount,"College City Beverage, Inc.",Bud Light 12pk 12oz btl,018200007699,4,1.9,3,6,11.27,68.0
Rosemount,"College City Beverage, Inc.",Bud Light Lime-A-Rita 4pk 16oz can,018200001741,1,2.1,1,6,6.52,39.0
Rosemount,"College City Beverage, Inc.",NUTRL Strawberry 24oz can,018200265075,1,2.1,1,12,3.34,40.0
Rosemount,"College City Beverage, Inc.",Surfside Variety #2 8pk 12oz can,850025605199,19,2.3,5,15,14.07,211.0
Rosemount,"College City Beverage, Inc.",Surfside Variety #1 8pk 12oz can,850025605182,7,2.5,2,6,15.0,90.0
Rosemount,"College City Beverage, Inc.",Beatbox Blueberry Lemonade 500ml,850059195352,16,2.6,1,12,2.39,29.0
Rosemount,"College City Beverage, Inc.",Michelob Ultra 12pk 12oz btl,018200059902,5,2.7,2,4,12.16,49.0
Rosemount,"College City Beverage, Inc.",Rolling Rock 30pk 12oz can,071439340302,2,2.9,1,1,15.47,15.0
Rosemount,"College City Beverage, Inc.",Busch Light 12pk 12oz can,018200008016,19,2.9,4,8,10.61,85.0
Rosemount,"College City Beverage, Inc.",Loon Juice Variety Pack 12pk 12oz can,857463006069,5,3.1,1,2,17.51,35.0
Rosemount,"College City Beverage, Inc.",Loon Juice Honey Crisp 6pk 12oz can,866375000027,6,3.2,1,4,8.25,33.0
Rosemount,"College City Beverage, Inc.",Loon Juice Pineapple Haze 6pk 12oz can,857463006731,8,3.4,1,4,9.72,39.0
Rosemount,"College City Beverage, Inc.",Michelob Golden Light 12pk 12oz can,018200006937,31,3.6,2,4,11.29,45.0
Rosemount,"College City Beverage, Inc.",Michelob Golden Light 24pk 12oz btl,018200963797,8,3.8,1,1,19.79,20.0
Rosemount,"College City Beverage, Inc.",Michelob Golden Light 24pk 12oz can,018200968679,91,3.9,3,3,19.69,59.0
Rosemount,"College City Beverage, Inc.",NUTRL Pineapple 4pk 12oz can,018200202988,9,3.9,1,6,7.54,45.0
Rosemount,Dahlheimer Beverage Monticello,Summit Saga Variety 12pk 12oz can,025569191150,-101,-144.3,2,4,13.2,53.0
Rosemount,Dahlheimer Beverage Monticello,Summit Sampler Pack 12pk 12oz can,025569191136,-81,-115.7,2,4,13.2,53.0
Rosemount,Dahlheimer Beverage Monticello,Summit Saga Hazy IPA 12pk 12oz can,025569192119,-6,-6.4,2,4,12.26,49.0
Rosemount,Dahlheimer Beverage Monticello,Leinenkugel's Tropical 12pk 12oz can,034100014117,0,0.0,2,4,12.33,49.0
Rosemount,Dahlheimer Beverage Monticello,Sierra Nevada Trail Pass IPA N/A 6pk 12oz can,083783228632,0,0.0,1,4,8.41,34.0
Rosemount,Dahlheimer Beverage Monticello,Elm Creek Marzen 4pk 16oz can,860013478063,0,0.0,1,6,7.83,47.0
Rosemount,Dahlheimer Beverage Monticello,Athletic Brewing Run Wild N/A 12pk 12oz can,855352008125,2,0.9,4,8,13.87,111.0
Rosemount,Dahlheimer Beverage Monticello,Leinenkugel's Summer Shandy 12pk 12oz btl,034100516079,8,1.0,13,26,13.05,339.0
Rosemount,Dahlheimer Beverage Monticello,Athletic Winter Wonder N/A 6pk 12oz can,810061577348,1,1.4,1,4,8.09,32.0
Rosemount,Dahlheimer Beverage Monticello,Samuel Adams Seasonal 2 6pk 12oz btl,087692300502,4,1.6,2,8,7.7,62.0
Rosemount,Dahlheimer Beverage Monticello,Utepils Summer Weekender 12pk 12oz can,852449007054,1,2.1,1,2,14.92,30.0
Rosemount,Dahlheimer Beverage Monticello,Athletic Lite Lime & Salt 6pk 12oz can,810061571551,1,2.1,1,4,7.97,32.0
Rosemount,Dahlheimer Beverage Monticello,Leinenkugel Viktor's Voyage Ale 12pk 12oz can,034100014292,7,2.3,3,6,12.88,77.0
Rosemount,Dahlheimer Beverage Monticello,Coors Light 15pk 16oz can,071990095277,17,2.4,11,11,18.01,198.0
Rosemount,Dahlheimer Beverage Monticello,Coors Banquet 24pk 12oz can,071990116002,7,2.5,5,5,19.47,97.0
Rosemount,Dahlheimer Beverage Monticello,Coors Light 9pk 16oz can,071990301040,18,2.8,5,10,11.21,112.0
Rosemount,Dahlheimer Beverage Monticello,Angry Orchard Crisp Apple 12pk 12oz btl,087692000334,6,2.9,2,4,14.08,56.0
Rosemount,Dangerous Man Brewing,Dangerous Man Cream Ale 6pk 12oz can,796520922914,0,0.0,1,4,7.9,32.0
Rosemount,Do Not Use - Clear River Beverage,Millstream Oktoberfest 4pk 16oz can,850032229517,2,2.9,1,6,9.0,54.0
Rosemount,Elm Creek Brewing Company,Elm Creek Geo Space 4pk 16oz can,860014914201,0,0.0,1,6,10.83,65.0
Rosemount,Falling Knife Brewing Company,Falling Knife Tomm's American Lager 4pk 16oz can,860004521457,3,2.6,1,6,8.15,49.0
Rosemount,HeadFlyer Brewing,Headflyer What What Hazy IPA 4pk 16oz can,850009065186,-3,-4.3,1,6,11.39,68.0
Rosemount,"Hohensteins, Inc.",Southern Tier Maple Warlock 4pk 12oz btl,853759023658,-6,-5.1,1,6,11.2,67.0
Rosemount,"Hohensteins, Inc.",Paulaner Original Munich Lager 4pk 17oz can,080157311648,-1,-4.3,1,6,7.25,44.0
Rosemount,"Hohensteins, Inc.",Bell's IPA Variety Pack 12pk 12oz can,740522415967,-1,-0.9,3,6,15.06,90.0
Rosemount,"Hohensteins, Inc.",Fulton Hop Kingdom IPA Variety 12pk 12oz can,810023141303,0,0.0,1,2,13.5,27.0
Rosemount,"Hohensteins, Inc.",Indeed Day Tripper 12pk 12oz can,852004004221,0,0.0,1,2,15.22,30.0
Rosemount,"Hohensteins, Inc.",Brooklyn Special Effects IPA 6pk 12oz can,030613040674,0,0.0,1,4,6.75,27.0
Rosemount,"Hohensteins, Inc.",New Holland Seasonal,614036001032,0,0.0,1,4,8.4,34.0
Rosemount,"Hohensteins, Inc.",Shipyard Pumpkinhead 6pk 12oz can,780369178106,0,0.0,1,4,9.0,36.0
Rosemount,"Hohensteins, Inc.",Paulaner Oktoberfest  4pk 17oz can,080157368222,0,0.0,1,6,8.25,50.0
Rosemount,"Hohensteins, Inc.",Southern Tier Nitro Warlock 4pk 12oz can,816014023801,0,0.0,1,6,11.2,67.0
Rosemount,"Hohensteins, Inc.",Paulaner Pils 4pk 17oz can,080157344042,0,0.0,2,12,7.94,95.0
Rosemount,"Hohensteins, Inc.",Southern Tier PumQueen 4pk 16oz can,816014023825,0,0.0,2,12,11.2,134.0
Rosemount,"Hohensteins, Inc.",Bell's Hazy Hearted 19.2oz can,740522426765,0,0.0,1,15,1.95,29.0
Rosemount,"Hohensteins, Inc.",Hamm's 12pk 12oz can,034100809027,1,1.1,2,4,8.64,35.0
Rosemount,"Hohensteins, Inc.",Bell's Hazy Hearted 6pk 12oz can,740522416780,1,1.1,1,4,9.0,36.0
Rosemount,"Hohensteins, Inc.",Bell's Two Hearted Ale 6pk 12oz btl,740522100832,2,1.1,2,8,9.0,72.0
Rosemount,"Hohensteins, Inc.",Fulton Lonely Blonde 6pk 12oz can,810023141631,3,1.3,2,8,7.5,60.0
Rosemount,"Hohensteins, Inc.",Fulton Hard Seltzer Blood Orange 12pk 12oz can,810023140443,1,1.4,1,2,14.25,28.0
Rosemount,"Hohensteins, Inc.",Avery Seasonal 6pk 12oz can,796363041155,1,1.4,1,4,7.7,31.0
Rosemount,"Hohensteins, Inc.",Paulaner Grapefruit Radler 4pk 17oz can,080157132045,1,1.4,1,6,8.22,49.0
Rosemount,"Hohensteins, Inc.",Fulton Lonely Blonde Shandy 12pk 12oz can,810023141082,3,1.8,2,4,13.5,54.0
Rosemount,"Hohensteins, Inc.",Indeed Mexican Honey 4pk 16oz can,852004004184,3,1.8,1,6,9.75,59.0
Rosemount,"Hohensteins, Inc.",Paulaner Oktoberfest Marzen 12pk 11oz btl,080157030440,1,2.1,1,2,13.74,27.0
Rosemount,"Hohensteins, Inc.",Brooklyn Post Road Pumpkin Ale 6pk 12oz bottles,094254000152,1,2.1,1,4,7.0,28.0
Rosemount,"Hohensteins, Inc.",New Holland Dragons Milk 4pk 12oz btl,614036124113,4,2.1,1,6,12.76,77.0
Rosemount,"Hohensteins, Inc.",Hamm's 24oz can,03459913,1,2.1,1,12,1.5,18.0
Rosemount,"Hohensteins, Inc.",Hacker Pschorr Oktober 6pk 11oz btl,049483189000,3,2.6,1,4,9.75,39.0
Rosemount,"Hohensteins, Inc.",Southern Tier Rotating 4pk 12oz btl,853759000421,6,2.6,1,6,11.2,67.0
Rosemount,"Hohensteins, Inc.",Fulton Hard Seltzer Mixed Pack Citrus 12pk 12oz can,856247003973,2,2.9,1,2,13.92,28.0
Rosemount,"Hohensteins, Inc.",Paulaner Hefe Weizen 4pk 17oz can,080157112641,2,2.9,1,6,8.16,49.0
Rosemount,"Hohensteins, Inc.",Bad Weather Festbier 6pk 12oz can,852111005418,3,3.2,1,4,8.4,34.0
Rosemount,"Hohensteins, Inc.",Fulton Lonely Blonde 12pk 12oz can,856247003591,14,3.5,1,2,13.62,27.0
Rosemount,"Hohensteins, Inc.",Founders All Day IPA 15pk 12oz can,642860900245,10,3.9,1,2,14.76,30.0
Rosemount,Insight Brewing Company (D),Insight Audio Visual 4pk 16oz can,850077712593,-1,-4.3,1,6,11.53,69.0
Rosemount,Insight Brewing Company (D),Insight IPA Variety 12pk 12oz can,850033550221,-1,-1.1,2,4,14.02,56.0
Rosemount,Insight Brewing Company (D),Insight Schickenmode Festbier 4pk 16oz can,850033550108,2,2.1,1,6,9.72,58.0
Rosemount,Junkyard Brewing Company,Junkyard Beertopia Raspberry Daydream 4pk 16oz can,850070143240,0,0.0,1,6,14.0,84.0
Rosemount,Junkyard Brewing Company,Junlyard Citra Zaic 4pk 16oz can,850081808503,0,0.0,1,6,12.67,76.0
Rosemount,Junkyard Brewing Company,Junkyard Junktoberfest 4pk 16oz can,850070143677,0,0.0,1,6,9.83,59.0
Rosemount,Junkyard Brewing Company,Junkyard Festbier 4pk 16oz can,850070143684,2,2.1,1,6,9.83,59.0
Rosemount,Junkyard Brewing Company,Junkyard Binford 6100 4pk 16oz can,850081808275,5,3.6,1,6,12.0,72.0
Rosemount,Luce Line Brewing,Luce Line Ecstatic Static 4pk 16oz can,691835782294,0,0.0,1,6,10.58,64.0
Rosemount,Lucid Brewing LLC Dba Inbound Brewco,Inbound Speacial Treat Scotchroo Cream Ale 4pk 16oz can,854249004912,0,0.0,1,6,7.67,46.0
Rosemount,McDonald Distributing Co dba Clear River Beverage,Deschutes N/A Fresh Squeezed 6pk 12oz cans,763176619062,1,1.1,1,4,7.69,31.0
Rosemount,Mega Beer LLC,The Brewing Projekt Bomb Pina Colada 6pk 12oz can,810059392922,0,0.0,1,4,12.93,52.0
Rosemount,MetroNOME Brewery,Metronome Jam Session Sour Lingonberry 4pk 16oz can,704260012116,0,0.0,1,6,10.17,61.0
Rosemount,MetroNOME Brewery,Metronome Can-Can Kolsch 4pk 16oz can,704260076279,1,2.1,1,6,8.19,49.0
Rosemount,MetroNOME Brewery,Metronome Squeeze Play East Coast IPA 4pk 16oz can,704260420522,2,2.9,1,6,10.22,61.0
Rosemount,Modist Brewing Company,Modist Solvista Blood Orange Calamansi Wheat 4pk 16oz can,810095562051,0,0.0,1,6,9.23,55.0
Rosemount,Modist Brewing Company,Modist Teal Label 12pk 12oz can,810095561771,1,0.7,3,6,12.3,74.0
Rosemount,Modist Brewing Company,Modist Supra Sea Salt Lime 12pk 12oz can,810095560675,1,1.4,1,2,12.3,25.0
Rosemount,Modist Brewing Company,Modist Pineapple Dreamyard Fruited Hazy IPA 4pk 16oz can,810095561290,3,2.6,1,6,11.01,66.0
Rosemount,Modist Brewing Company,Modist SKRRT! MK1 Rabbit DDH West Coast DIPA 4pk 16oz can,810095562082,2,2.9,1,6,13.85,83.0
Rosemount,Moose Lake Brewing Co.,Moose Lake Bear Den Vanilla Porter 4pk 16oz can,702338977312,0,0.0,1,6,9.0,54.0
Rosemount,Moose Lake Brewing Co.,Moose Lake Red Axe Irish Ale 4pk 16oz can,804859503497,0,0.0,2,12,8.22,99.0
Rosemount,Moose Lake Brewing Co.,Moose Lake Lakeside Sipper Kolsh 4pk 16oz can,702338977350,2,2.1,1,6,9.0,54.0
Rosemount,Moose Lake Brewing Co.,Moose Lake Bumper Knot Mango 4pk 16oz can,804859503435,3,2.6,1,6,9.0,54.0
Rosemount,Moose Lake Brewing Co.,Moose Lake Oktoberfest,804859503480,5,3.1,1,6,12.0,72.0
Rosemount,Moose Lake Brewing Co.,Moose Lake Lazy Days Juicy Hazy IPA 4pk 16oz can,702338977336,4,3.4,1,6,12.0,72.0
Rosemount,Phillips Wine & Spirits - St. Paul,Two Chicks Cranberry Tartini 4pk 12oz can,850003574202,2,2.1,1,6,7.01,42.0
Rosemount,"Pryes Brewing Company, LLC",Pryes Barrel Carving 4pk 16oz can,850013268917,-1,-4.3,1,6,22.17,133.0
Rosemount,"Pryes Brewing Company, LLC",Pryes Cartographer Beach Party 4pk 16oz can,850013268535,0,0.0,1,6,13.33,80.0
Rosemount,"Pryes Brewing Company, LLC",Pryes PryesFest 4pk 16oz can,850013268900,4,2.4,1,6,8.29,50.0
Rosemount,Single Can,Cutwater Grapefruit Tequila Paloma 12oz can,816751021184,-18,-12.9,1,24,0.0,0.0
Rosemount,Single Can,Cutwater Vodka Mule 12oz can,816751020774,0,0.0,1,24,2.47,59.0
Rosemount,Single Can,Cutwater Long Island 12oz can,816751021986,0,0.0,1,24,2.46,59.0
Rosemount,Single Can,Cutwater Mango Margatira 12oz can,816751022099,0,0.0,1,24,2.45,59.0
Rosemount,Single Can,Cutwater Vodka Transfusion 12oz can,816751022556,0,0.0,1,24,2.47,59.0
Rosemount,Single Can,Cutwater Strawberry Margarita 12oz can,816751022440,0,0.0,1,24,2.47,59.0
Rosemount,Single Can,Cutwater Pina Colada 12oz Can,816751022471,0,0.0,1,24,2.47,59.0
Rosemount,Single Can,Cutwater Pineapple Margarita 12oz can,816751022785,0,0.0,1,24,2.46,59.0
Rosemount,Single Can,Cutwater Espresso Martini 12oz Can,816751023720,0,0.0,1,24,2.48,60.0
Rosemount,Single Can,Cutwater Tequila Lime Margarita 12oz can,816751021214,0,0.0,1,24,2.28,55.0
Rosemount,Single Can,Cutwater White Russian 12oz can,816751022051,0,0.0,1,24,2.47,59.0
Rosemount,Single Can,Cutwater Lemon Drop 4pk 12oz can,816751023782,0,0.0,1,24,2.48,60.0
Rosemount,Single Can,Cutwater Tiki Rum Mai Tai 12oz can,816751021665,0,0.0,1,24,1.72,41.0
Rosemount,Southern Glazer's Wine & Spirits of MN,Ole Smoky Blackberry Lemonade 4pk 12oz can,853915008728,0,0.0,1,6,9.72,58.0
Rosemount,Urban Growler Brewing Company,Urban Growler Oktoberfest 4pk 16oz can,867978000377,2,1.4,1,6,10.17,61.0
Rosemount,Ursa Minor Brewing,Ursa Minor Galactic Face Slap 4pk 16oz can,051497121747,2,1.2,1,6,10.76,65.0
Rosemount,Venn Brewing Co.,Venn Choconut Stout 4pk 16oz can,850013255429,0,0.0,1,6,12.0,72.0
Rosemount,Venn Brewing Co.,Venn Chronicopia West Coast IPA 4pk 16oz can,400000004556,0,0.0,1,6,11.59,70.0
Rosemount,Venn Brewing Co.,Venn Creamium 4pk 16oz can,850013255368,0,0.0,1,6,9.3,56.0
Rosemount,Venn Brewing Co.,Venn Pilsner 4pk 16oz can,850013255139,1,2.1,1,6,8.04,48.0
Rosemount,Venn Brewing Co.,Venn Pineapple Northodox 4pk 16oz can,850013255610,6,3.2,1,6,11.17,67.0
Rosemount,Wooden Hill Brewing Company,Wooden Hill Zest IV Hazy IPA 4pk 16oz can,850027951560,0,0.0,1,6,10.95,66.0
Rosemount,,Wooden Hill Kold Shoulder,855789008392,-42,-60.0,3,3,7.5,22.0
Rosemount,,Drekker Prrrt Series 4pk 16oz can,867530958320,-17,-36.4,2,2,16.87,34.0
Rosemount,,Inbound Laser Loon 4pk 16oz can,854249004462,-9,-19.3,2,2,6.43,13.0
Rosemount,,Summit Lake Crusher/Winter 12pk 12oz can,025569195554,-98,-18.3,22,22,12.29,270.0
Rosemount,,Budweiser 40oz btl,01812620,-4,-17.1,1,1,2.88,3.0
Rosemount,,Lift Bridge Grape Ape 12pk 12oz can,685165386000,-4,-17.1,1,1,12.88,13.0
Rosemount,,Summit NA Amber 6pk 12oz can,025569142107,-6,-8.6,3,3,8.46,25.0
Rosemount,,Summit NA Variery Pack 12pk 12oz can,025569142510,-4,-8.6,2,2,13.32,27.0
Rosemount,,Summit NA IPA 6pk 12oz can,025569142077,-2,-8.6,1,1,7.74,8.0
Rosemount,,Summit NA Dark 6pk 12oz can,025569142084,-6,-6.4,4,4,7.74,31.0
Rosemount,,Summit NA Gold 6pk 12oz can,025569142091,-3,-6.4,2,2,8.09,16.0
Rosemount,,Headflyer Gold Medal Lager 4pk 16oz can,850009065858,-7,-6.0,5,5,8.39,42.0
Rosemount,,Lift Bridge Mango Blonde 6pk 12oz can,685165385515,-4,-5.7,3,3,8.47,25.0
Rosemount,,Tucher Festbier 4pk 16oz can,608782504206,-2,-4.3,2,2,9.3,19.0
Rosemount,,Insight Trollway 12pk 12oz can,854042006465,-1,-1.1,4,4,13.48,54.0
Rosemount,,Dansk Mjod Viking Blod 750ml,5703162007003,0,0.0,1,1,24.93,25.0
Rosemount,,Gruvi Mocha Rotator 6pk 12oz can,628504959077,0,0.0,1,1,10.72,11.0
Rosemount,,Lagunitas Maximus IPA 19.2oz can,723830051928,0,0.0,1,1,1.91,2.0
Rosemount,,Elysian Pumpkin Pack 12pk 12oz btl,817904002302,0,0.0,1,1,16.85,17.0
Rosemount,,Insight Banshee Cutter 4pk 16oz can,854042006106,0,0.0,3,3,9.34,28.0
Rosemount,,Lift Bridge Variety Pack 12pk 12oz can,685164381853,0,0.0,5,5,13.93,70.0
Rosemount,,Castle Danger Sea Salt Lime 12pk 12oz can,850055833142,0,0.0,6,6,15.4,92.0
Rosemount,,Utepils Fernweh Pack 12pk 12oz can,852449007061,0,0.0,6,6,15.42,93.0
Rosemount,,Spiral Brewing Mississippi Fog 4pk 16oz can,860001121766,0,0.0,5,5,10.99,55.0
Rosemount,,Schell's  Seasonal 6pk 12oz can,088067041020,0,0.0,10,10,7.04,70.0
Rosemount,,Indeed Pistachio Cream Ale 6pk 12oz can,852004004917,0,0.0,9,9,8.76,79.0
Rosemount,,Lupulin Oktoberfest 4pk 16oz can,857492006672,1,0.5,7,7,9.35,65.0
Rosemount,,Firestone Into The Haze Variety 12pk 12oz can,602755011388,2,1.0,7,7,14.45,101.0
Rosemount,,Surly Xtra Citra Pale Ale 12pk 12oz can,893354001461,3,1.0,10,10,13.25,132.0
Rosemount,,Golden Road Mango Cart 12pk 12oz can,810628032426,4,1.1,11,11,12.83,141.0
Rosemount,,Carbliss Strawberry Margarita 4pk 12oz can,86000981951,2,1.2,5,5,8.89,44.0
Rosemount,,Miller High Life Light 24pk 12oz can,034100033064,1,1.4,2,2,17.28,35.0
Rosemount,,Grain Belt Premium 6pk 16oz can,088067088001,1,1.4,2,2,6.86,14.0
Rosemount,,Utepils Ewald the Golden 12pk 12oz can,852449007139,1,1.4,2,2,15.02,30.0
Rosemount,,Utepils Helles 12pk 12oz can,852449007146,1,1.4,2,2,15.42,31.0
Rosemount,,Athletic Brewing Seasonal N/A 6pk 12oz can,855352008118,1,1.4,2,2,8.18,16.0
Rosemount,,Corona Sunbrew Citrus 6pk 12oz btl,033544002384,2,1.4,4,4,7.25,29.0
Rosemount,,Samuel Adams N/A Just the Haze IPA 6pk 12oz can,087692011903,2,1.4,4,4,7.7,31.0
Rosemount,,Indeed Oktoberfest 6pk 12oz can,852004004580,2,1.4,4,4,9.1,36.0
Rosemount,,Pryes Royal Peach Sour 4pk 16oz can,850013268368,3,1.4,6,6,10.33,62.0
Rosemount,,Schell's Oktoberfest 12pk 12oz btl,088067056130,2,1.7,3,3,13.18,40.0
Rosemount,,Summit Winter 4pk 16oz can,025569153561,7,1.9,8,8,6.0,48.0
Rosemount,,Coronita Extra 24pk 8oz btl,080660954080,6,2.0,7,7,19.2,134.0
Rosemount,,Schell's Rotator 12pk 12oz can,088067041037,8,2.0,8,8,12.98,104.0
Rosemount,,Carbliss Black Raspberry 12pk 12oz can,860009819597,8,2.0,8,8,26.3,210.0
Rosemount,,Surly Furious 12pk 12oz can,893354001515,22,2.0,22,22,15.41,339.0
Rosemount,,Summit Saga Imperial IPA 12pk 12oz can,025569191235,2,2.1,2,2,13.31,27.0
Rosemount,,Sun Cruiser Classic Iced Tea  8pk 12oz can,087692021414,3,2.1,3,3,14.81,44.0
Rosemount,,Grain Belt Premium 12pk 12oz btl,088067080005,5,2.1,5,5,11.78,59.0
Rosemount,,Sun Cruiser Vodka Lemonade Variety 8pk 12oz can,087692021544,11,2.1,10,10,14.76,148.0
Rosemount,,Surly Hell 12pk 12oz can,893354001485,4,2.4,3,3,13.17,40.0
Rosemount,,Surly Oktoberfest 12pk 12oz can,810005490085,9,2.8,5,5,13.26,66.0
Rosemount,,Leinenkugel's Lodge Lime 12pk 12oz can,034100013622,2,2.9,1,1,12.78,13.0
Rosemount,,Headflyer Hawaiian Sophie 4pk 16oz can,850009065087,2,2.9,1,1,9.2,9.0
Rosemount,,Indeed Imperial Pistachio 19.2oz can,850034657547,2,2.9,1,1,2.01,2.0
Rosemount,,Drekker Brains Rotator 4pk 16oz can,867530977451,6,2.9,3,3,16.88,51.0
Rosemount,,Sun Cruiser Lemonade Iced Tea 8pk 12oz can,087692021421,11,3.1,3,3,14.4,43.0
Rosemount,,Coors N/A 12pk 12oz can,071990770082,3,3.2,1,1,11.19,11.0
Rosemount,,Indeed Mexican Honey Light 6pk 12oz can,852004004528,3,3.2,1,1,9.0,9.0
Rosemount,,New Belgium Juicy Haze IPA 6pk 12oz can,754527008857,4,3.4,1,1,7.55,8.0
Rosemount,,Stella Artois 12pk 11oz can,018200202490,11,3.4,3,3,13.47,40.0
Rosemount,,BlackStack Local 755 IPA 4pk 16oz can,869283000400,6,3.7,1,1,11.53,12.0
Roseville,2 Towns,2 Towns Ciderhouse Cosmic Exlporer 6pk 12oz can,850017944367,0,0.0,2,8,10.09,81.0
Roseville,2 Towns,2 Towns Ciderhouse Cosmic Crisp 6pk 12oz can,850017944176,0,0.0,4,16,10.15,162.0
Roseville,2 Towns,2 Towns Brightcider 6pk 12oz can,852892003139,1,0.9,1,4,9.04,36.0
Roseville,2 Towns,2 Towns Blueberry Cosmic Crisp 6pk 12oz can,850017944329,5,3.6,1,4,10.16,41.0
Roseville,Artisan Beer,Bent Paddle Bent Hop IPA 12pk 12oz can,858106004343,0,0.0,1,2,14.17,28.0
Roseville,Artisan Beer,Bent Paddle Summer Sampler Pack 12pk 12oz can,850024846999,0,0.0,2,4,14.04,56.0
Roseville,Artisan Beer,Bauhaus Lounge Wizard 6pk 12oz can,854411005402,0,0.0,1,4,10.0,40.0
Roseville,Artisan Beer,Half Acre Way Bird 6pk 12oz can,850438002059,0,0.0,1,4,9.22,37.0
Roseville,Artisan Beer,Blackstack Just Circling Back IPA 4pk 16oz can,850000318960,0,0.0,1,6,12.3,74.0
Roseville,Artisan Beer,Blackstack I Think It Might Be Broken 4pk 16oz can,850000321649,0,0.0,1,6,15.38,92.0
Roseville,Artisan Beer,Blackstack Harvest Moon 4pk 16oz can,850000321014,0,0.0,2,12,10.0,120.0
Roseville,Artisan Beer,Grain Belt Premium 24pk 12oz can,088067085000,1,0.5,7,7,20.1,141.0
Roseville,Artisan Beer,Craft Mystery Beer 12pk,400000025681,6,0.5,48,48,5.0,240.0
Roseville,Artisan Beer,Blackstack Slopes 4pk 16oz can,850000320710,1,0.7,1,6,9.23,55.0
Roseville,Artisan Beer,Surly Outlook Good N/A Oatmeal Ale 6pk 12oz can,081000549219,3,2.1,1,4,8.46,34.0
Roseville,Artisan Beer,Surly 20th Anniversary Variety 12pk 12oz can,810005492553,4,3.4,1,2,15.02,30.0
Roseville,Back Channel Brewing Co.,Back Channel Rotator 4pk 16oz can,656382169707,-1,-4.3,1,6,12.69,76.0
Roseville,Back Channel Brewing Co.,Back Channel District 5 New England IPA 4pk 16oz can,656382340861,-1,-0.5,2,12,12.01,144.0
Roseville,Back Channel Brewing Co.,Back Channel Jagr 4pk 16oz can,656382087452,0,0.0,1,6,8.21,49.0
Roseville,Back Channel Brewing Co.,Back Channel Good Fun 4pk 16oz can,656382224291,0,0.0,1,6,7.5,45.0
Roseville,Back Channel Brewing Co.,Back Channel The Telestrator 4pk 16oz can,656382077545,0,0.0,1,6,11.73,70.0
Roseville,Back Channel Brewing Co.,Back Channel Thought Lock 4pk 16oz can,656382155618,1,1.1,1,6,12.17,73.0
Roseville,Back Channel Brewing Co.,Back Channel Hammy 4pk 16oz can,656382288163,2,2.1,1,6,8.33,50.0
Roseville,Barrel Theory Beer Company,Barrel Theory Legend In My Spare Time 4pk 16oz can,741527975524,-8,-4.3,2,12,16.33,196.0
Roseville,Barrel Theory Beer Company,Barrel Theory Full Send 4pk 16oz can,739608451227,-6,-4.3,1,6,12.0,72.0
Roseville,Barrel Theory Beer Company,Barrel Theory Raindrops 4pk 16oz can,739608451180,-5,-1.8,2,12,12.0,144.0
Roseville,Barrel Theory Beer Company,Barrel Theory Watching in Slow Motion 4pk 16oz can,741527975456,0,0.0,2,12,12.0,144.0
Roseville,Barrel Theory Beer Company,Barrel Theory DDH Educated Wish 4pk 16oz can,741527975449,1,2.1,1,6,14.83,89.0
Roseville,Bernicks,Lagunitas Hazy IPA 12pk 12oz can,723830300033,-21,-90.0,1,2,12.0,24.0
Roseville,Bernicks,Leinenkugel's Sum Shandy 6pk 12oz btl,034100516055,-8,-8.6,1,4,7.72,31.0
Roseville,Bernicks,New Belgium Voodoo Ranger Juice Force 6pk 12oz can,754527011727,-12,-7.3,2,8,8.45,68.0
Roseville,Bernicks,Castle Danger Variety Pack 12pk 12oz can,856306005542,-1,-0.6,4,8,15.6,125.0
Roseville,Bernicks,Castle Danger Castle Cream Ale 6pk 12oz can,856306005023,-1,-0.3,4,16,8.46,135.0
Roseville,Bernicks,New Belgium Voodoo Ranger IPA 12pk 12oz can,754527003623,0,0.0,3,6,13.56,81.0
Roseville,Bernicks,New Belgium Voodoo Ranger Imperial IPA 19.2oz can,754527010218,0,0.0,2,30,1.97,59.0
Roseville,Bernicks,Strongbow Original Dry Hard Cider 4pk 17oz can,088345102207,2,0.7,2,12,5.57,67.0
Roseville,Bernicks,Leinenkugel's Original 24pk 12oz can,034100503062,2,0.9,8,8,17.69,142.0
Roseville,Bernicks,Castle Danger Aurora Haze NE IPA 6pk 12oz can,856306005139,1,0.9,1,4,8.46,34.0
Roseville,Bernicks,Leinenkugel's Honey Weiss 6pk 12oz btl,034100485054,2,1.2,2,8,7.72,62.0
Roseville,Bernicks,Guinness Zero 4pk 15oz can,083820125344,4,1.2,2,12,6.52,78.0
Roseville,Bernicks,Miller Lite 9pk 16oz can,034100570231,2,1.7,2,4,11.23,45.0
Roseville,Bernicks,New Belgium Juice Force 12pk 12oz can,754527012021,6,1.8,4,8,13.48,108.0
Roseville,Bernicks,Leinenkugel's Berry Weiss 6pk 12oz btl,034100255053,2,2.1,1,4,7.71,31.0
Roseville,Bernicks,Miller Lite 12pk 12oz can,034100576363,15,2.4,6,12,11.3,136.0
Roseville,Bernicks,Miller High Life 12pk 12oz btl,034100015091,10,2.7,3,6,10.21,61.0
Roseville,Bernicks,Miller Lite 24pk 12oz btl,034100572433,2,2.9,1,1,19.86,20.0
Roseville,Bernicks,New Belgium Voodoo Ranger Hoppy Pack 12pk 12oz can,754527010706,11,3.1,2,4,13.54,54.0
Roseville,Bernicks,Grain Belt Premium 12pk 16oz can,088067088209,8,3.8,1,2,12.34,25.0
Roseville,Bernicks,Castle Danger Cream Ale 12pk 12oz can,856306005559,8,3.8,1,2,15.34,31.0
Roseville,Bernicks,New Belgium Juice Force Hazy IPA 19.2oz can,754527011710,14,3.8,1,15,1.99,30.0
Roseville,Blake's,Blake's Triple Jam 6pk 12oz can,850544005920,0,0.0,1,4,8.35,33.0
Roseville,"Breakthru Beverage Minnesota Beer, LLC",Mystery Beer 24pk,400000024067,-6,-12.9,2,2,9.0,18.0
Roseville,"Breakthru Beverage Minnesota Beer, LLC",Sierra Nevada Pale Ale 19.2oz can,083783375534,-14,-12.0,1,12,2.45,29.0
Roseville,"Breakthru Beverage Minnesota Beer, LLC",Leinenkugel's Rotator 12pk 12oz can,034100516192,-24,-11.4,5,10,12.61,126.0
Roseville,"Breakthru Beverage Minnesota Beer, LLC",New Belgium Voodoo Ranger IPA 6pk 12oz can,754527000660,-10,-10.7,1,4,8.45,34.0
Roseville,"Breakthru Beverage Minnesota Beer, LLC",White Claw Mango 12pk 12oz can,635985100331,-6,-8.6,2,4,13.86,55.0
Roseville,"Breakthru Beverage Minnesota Beer, LLC",Sierra Nevada Oktoberfest/Celebration 12pk 12oz can,083783228120,-10,-5.4,4,8,14.36,115.0
Roseville,"Breakthru Beverage Minnesota Beer, LLC",Cayman Jack Strawberry Margarita 6pk 12oz btl,815829011997,-3,-4.3,1,4,7.46,30.0
Roseville,"Breakthru Beverage Minnesota Beer, LLC",Castle Danger Sea Salt Lime 6pk 12oz can,856306005856,-1,-4.3,1,4,8.45,34.0
Roseville,"Breakthru Beverage Minnesota Beer, LLC",Monaco Citrus Rush 12oz can,891278002298,-12,-3.4,2,24,1.9,45.0
Roseville,"Breakthru Beverage Minnesota Beer, LLC",White Claw Blackberry 6pk 12oz can,635985801610,-5,-1.6,4,16,7.68,123.0
Roseville,"Breakthru Beverage Minnesota Beer, LLC",Modelo Especial Chelada 24oz can,080660957968,-7,-1.6,2,24,2.39,57.0
Roseville,"Breakthru Beverage Minnesota Beer, LLC",Corona Premier 12pk 12oz can,033544950449,-1,-0.9,3,6,13.33,80.0
Roseville,"Breakthru Beverage Minnesota Beer, LLC",Deschutes Fresh Squeezed IPA 12pk 12oz can,763176230120,-2,-0.4,10,20,14.81,296.0
Roseville,"Breakthru Beverage Minnesota Beer, LLC",Corona Extra 6pk 12oz btl,080660956053,-2,-0.4,5,20,6.97,139.0
Roseville,"Breakthru Beverage Minnesota Beer, LLC",Fresca Mixed Vodka Spritz 4pk 12oz can,810078780687,-1,-0.4,2,12,7.5,90.0
Roseville,"Breakthru Beverage Minnesota Beer, LLC",Miller High Life 24pk 12oz btl,034100012434,0,0.0,6,6,17.63,106.0
Roseville,"Breakthru Beverage Minnesota Beer, LLC",Dos Equis Ambar 12pk 12oz btl,072311331401,0,0.0,1,2,12.99,26.0
Roseville,"Breakthru Beverage Minnesota Beer, LLC",Samuel Adams Variety Pack 12pk 12oz can,087692003588,0,0.0,4,8,12.99,104.0
Roseville,"Breakthru Beverage Minnesota Beer, LLC",Modelo Chelada Limon y Sal 12pk 12oz can,033544001301,0,0.0,6,12,13.35,160.0
Roseville,"Breakthru Beverage Minnesota Beer, LLC",Labatt Blue N/A 6pk 12oz btl,062067009723,0,0.0,1,4,6.46,26.0
Roseville,"Breakthru Beverage Minnesota Beer, LLC",Corona Light 6pk 12oz btl,080660956251,0,0.0,1,4,7.22,29.0
Roseville,"Breakthru Beverage Minnesota Beer, LLC",White Claw Natural Lime 6pk 12oz can,635985025986,0,0.0,4,16,7.71,123.0
Roseville,"Breakthru Beverage Minnesota Beer, LLC",White Claw Grape 6pk 12oz can,635985803645,0,0.0,5,20,7.7,154.0
Roseville,"Breakthru Beverage Minnesota Beer, LLC",Samuel Smith Chocolate Stout 4pk 12oz btl,085725316087,0,0.0,1,6,9.44,57.0
Roseville,"Breakthru Beverage Minnesota Beer, LLC",Utepils Tall Tails IPA 4pk 16oz can,852449007009,0,0.0,1,6,6.63,40.0
Roseville,"Breakthru Beverage Minnesota Beer, LLC",Big Wood Cabin Daze 4pk 16oz can,858639003295,0,0.0,1,6,8.84,53.0
Roseville,"Breakthru Beverage Minnesota Beer, LLC",Utepils Reception 4pk 16oz can,852449007689,0,0.0,1,6,9.83,59.0
Roseville,"Breakthru Beverage Minnesota Beer, LLC",Corona Extra 24oz can,080660956435,0,0.0,1,12,2.39,29.0
Roseville,"Breakthru Beverage Minnesota Beer, LLC",Coors Light 6pk 12oz btl,071990300050,1,0.3,4,16,6.69,107.0
Roseville,"Breakthru Beverage Minnesota Beer, LLC",Blue Moon 12pk 12oz btl,071990095161,1,0.4,5,10,13.33,133.0
Roseville,"Breakthru Beverage Minnesota Beer, LLC",Sierra Nevada Pale Ale 6pk 12oz can,083783535419,1,0.4,3,12,8.45,101.0
Roseville,"Breakthru Beverage Minnesota Beer, LLC",Steel Reserve Hard Pineapple 24oz can,078250006141,1,0.4,1,12,1.76,21.0
Roseville,"Breakthru Beverage Minnesota Beer, LLC",Negra Modelo 6pk 12oz btl,080660957852,1,0.5,2,8,7.24,58.0
Roseville,"Breakthru Beverage Minnesota Beer, LLC",Sierra Nevada Pale Ale 12pk 12oz can,083783222005,3,0.6,10,20,13.99,280.0
Roseville,"Breakthru Beverage Minnesota Beer, LLC",Coors Banquet 6pk 16oz can,071990100025,8,0.8,9,36,5.43,195.0
Roseville,"Breakthru Beverage Minnesota Beer, LLC",Coors Light 6pk 16oz can,071990320003,9,0.8,10,40,5.41,216.0
Roseville,"Breakthru Beverage Minnesota Beer, LLC",Modelo Especial 12pk 12oz can,080660957159,14,0.9,25,50,13.36,668.0
Roseville,"Breakthru Beverage Minnesota Beer, LLC",White Claw Ruby Grapefruit 19.2oz can,635985802143,4,0.9,2,24,2.33,56.0
Roseville,"Breakthru Beverage Minnesota Beer, LLC",Coors Light 24oz can,071990300654,4,1.1,1,12,2.28,27.0
Roseville,"Breakthru Beverage Minnesota Beer, LLC",Miller High Life 24pk 12oz can,034100013066,4,1.2,10,10,17.36,174.0
Roseville,"Breakthru Beverage Minnesota Beer, LLC",White Claw Black Cherry 6pk 12oz can,635985200253,4,1.2,3,12,7.71,93.0
Roseville,"Breakthru Beverage Minnesota Beer, LLC",Happy Dad Raspberry 12pk 12oz can,850046522178,1,1.4,1,2,13.81,28.0
Roseville,"Breakthru Beverage Minnesota Beer, LLC",Modelo 24oz can,080660957210,6,1.4,1,12,2.39,29.0
Roseville,"Breakthru Beverage Minnesota Beer, LLC",White Claw Black Cherry 12pk 12oz can,635985260899,23,1.6,18,36,14.09,507.0
Roseville,"Breakthru Beverage Minnesota Beer, LLC",Four Loko USA 23oz can,849806004726,8,1.6,1,12,2.12,25.0
Roseville,"Breakthru Beverage Minnesota Beer, LLC",Duluth Cider Gitch 4pk 12oz can,860003772614,2,1.7,1,6,9.24,55.0
Roseville,"Breakthru Beverage Minnesota Beer, LLC",Steel Reserve 24oz can,078250003287,4,1.7,1,12,1.45,17.0
Roseville,"Breakthru Beverage Minnesota Beer, LLC",Pacifico 12pk 12oz btl,080660953151,7,1.8,5,10,13.31,133.0
Roseville,"Breakthru Beverage Minnesota Beer, LLC",Deschutes Variety Pack 12pk 12oz can,763176190127,5,1.9,3,6,14.56,87.0
Roseville,"Breakthru Beverage Minnesota Beer, LLC",Modelo Chelada Variety Pack 12pk 12oz can,033544001776,7,1.9,4,8,13.47,108.0
Roseville,"Breakthru Beverage Minnesota Beer, LLC",Modelo Especial 24pk 12oz btl,080660957760,4,2.1,4,4,25.29,101.0
Roseville,"Breakthru Beverage Minnesota Beer, LLC",Pacifico Clara Lager 12pk 12oz can,033544950319,10,2.1,5,10,13.44,134.0
Roseville,"Breakthru Beverage Minnesota Beer, LLC",Castle Danger West Coast IPA 6pk 12oz can,856306005931,3,2.1,1,4,8.46,34.0
Roseville,"Breakthru Beverage Minnesota Beer, LLC",Miller High Life 6pk 16oz can,03400713,9,2.1,2,8,5.14,41.0
Roseville,"Breakthru Beverage Minnesota Beer, LLC",Boulevard Bourbon Barrel Quad 4pk 12oz btl,726959908142,1,2.1,1,6,12.1,73.0
Roseville,"Breakthru Beverage Minnesota Beer, LLC",Utepils Czech Pils 4pk 16oz can,852449007108,2,2.1,1,6,9.3,56.0
Roseville,"Breakthru Beverage Minnesota Beer, LLC",Sociable Cider Werks Freewheeler 4pk 12oz can,859990007120,5,2.1,1,6,7.12,43.0
Roseville,"Breakthru Beverage Minnesota Beer, LLC",Fosters Lager 25oz can,070897013315,1,2.1,1,12,2.26,27.0
Roseville,"Breakthru Beverage Minnesota Beer, LLC",Hard MTN Dew Original 24oz can,840262400015,2,2.1,1,12,2.47,30.0
Roseville,"Breakthru Beverage Minnesota Beer, LLC",Corona Extra 12pk 12oz btl,080660956152,20,2.2,9,18,13.32,240.0
Roseville,"Breakthru Beverage Minnesota Beer, LLC",Coors Light 12pk 12oz can,071990000486,29,2.2,12,24,11.27,270.0
Roseville,"Breakthru Beverage Minnesota Beer, LLC",Mike's Harder Mango 23oz can,635985258919,14,2.3,1,12,2.34,28.0
Roseville,"Breakthru Beverage Minnesota Beer, LLC",Montucky Cold Snacks 12pk 12oz can,818490010597,4,2.4,2,4,11.43,46.0
Roseville,"Breakthru Beverage Minnesota Beer, LLC",Sociable Cider Werks Pinch Flat,859990007168,4,2.4,1,6,7.17,43.0
Roseville,"Breakthru Beverage Minnesota Beer, LLC",Twisted Tea Extreme Lemon 24oz can,087692017837,5,2.4,1,12,2.35,28.0
Roseville,"Breakthru Beverage Minnesota Beer, LLC",MTN Dew Baja Blast 24oz can,840262400077,9,2.4,1,12,2.47,30.0
Roseville,"Breakthru Beverage Minnesota Beer, LLC",White Claw Surge Blood Orange 19.2oz can,635985802075,7,2.5,1,12,2.33,28.0
Roseville,"Breakthru Beverage Minnesota Beer, LLC",White Claw Clawtails Variety 12pk 12oz can,635985804437,5,2.7,2,4,13.86,55.0
Roseville,"Breakthru Beverage Minnesota Beer, LLC",White Claw Variety Pack #1 12pk 12oz can,635985548904,21,2.7,5,10,14.05,140.0
Roseville,"Breakthru Beverage Minnesota Beer, LLC",Happy Thursday Variety 12pk 12oz can,034100013349,6,2.9,2,4,13.29,53.0
Roseville,"Breakthru Beverage Minnesota Beer, LLC",Utepils Receptional 12pk 12oz can,852449007269,6,2.9,2,4,15.38,62.0
Roseville,"Breakthru Beverage Minnesota Beer, LLC",Modelo Especial 6pk 12oz btl,080660957654,10,2.9,1,4,7.13,29.0
Roseville,"Breakthru Beverage Minnesota Beer, LLC",Utepils Ewald the Golden Hefe 4pk 16oz can,852449007405,2,2.9,1,6,9.69,58.0
Roseville,"Breakthru Beverage Minnesota Beer, LLC",White Claw Variety Pack #3 12pk 12oz can,635985800262,22,3.0,4,8,13.91,111.0
Roseville,"Breakthru Beverage Minnesota Beer, LLC",Steel Reserve 12pk 12oz can,078250003829,5,3.1,1,2,8.4,17.0
Roseville,"Breakthru Beverage Minnesota Beer, LLC",Coors Banquet Heritage 12pk 12oz btl,071990170370,8,3.1,2,4,11.33,45.0
Roseville,"Breakthru Beverage Minnesota Beer, LLC",Pacifico 6pk 12oz btl,080660953014,5,3.1,1,4,7.23,29.0
Roseville,"Breakthru Beverage Minnesota Beer, LLC",Modelo Especial 24pk 12oz can,080660957104,21,3.2,6,6,22.69,136.0
Roseville,"Breakthru Beverage Minnesota Beer, LLC",Truly Spiked Berry Variety 12pk 12oz can,087692006862,14,3.2,2,4,14.25,57.0
Roseville,"Breakthru Beverage Minnesota Beer, LLC",Corona N/A 6pk 12oz btl,033544001844,6,3.2,1,4,7.33,29.0
Roseville,"Breakthru Beverage Minnesota Beer, LLC",White Claw Blackberry 19.2oz can,635985801993,6,3.2,1,12,2.33,28.0
Roseville,"Breakthru Beverage Minnesota Beer, LLC",Monaco Sun Crush 12oz can,891278003219,6,3.2,1,12,1.94,23.0
Roseville,"Breakthru Beverage Minnesota Beer, LLC",Cayman Jack Margarita 12pk 12oz can,815829011119,4,3.4,1,2,13.91,28.0
Roseville,"Breakthru Beverage Minnesota Beer, LLC",Coors Light 12pk 12oz btl,071990300692,15,3.4,2,4,11.28,45.0
Roseville,"Breakthru Beverage Minnesota Beer, LLC",Sun Cruiser Vodka Pink Lemonade 8pk 12oz can,087692023074,8,3.4,1,3,14.6,44.0
Roseville,"Breakthru Beverage Minnesota Beer, LLC",Cayman Jack Margarita 6pk 12oz btl,815829010068,8,3.4,1,4,7.56,30.0
Roseville,"Breakthru Beverage Minnesota Beer, LLC",Twisted Tea 24oz can,087692832317,8,3.4,1,12,2.35,28.0
Roseville,"Breakthru Beverage Minnesota Beer, LLC",Coors Light 24pk 12oz can,071990316006,51,3.5,7,7,19.37,136.0
Roseville,"Breakthru Beverage Minnesota Beer, LLC",Coors Banquet 15pk 16oz can,071990386429,5,3.6,1,1,17.88,18.0
Roseville,"Breakthru Beverage Minnesota Beer, LLC",Modelo Especial 12pk 12oz btl,080660957579,26,3.7,1,2,13.35,27.0
Roseville,"Breakthru Beverage Minnesota Beer, LLC",Monaco Lemonade 12oz can,891278003332,15,3.8,1,12,1.92,23.0
Roseville,"Breakthru Beverage Minnesota Beer, LLC",Coors Banquet 12pk 12oz can,071990000479,9,3.9,1,2,11.22,22.0
Roseville,"Breakthru Beverage Minnesota Wine & Spirits, LLC",Monaco Purple Crush 12oz can,891278002519,-13,-11.1,1,12,1.93,23.0
Roseville,"Breakthru Beverage Minnesota Wine & Spirits, LLC",Monaco Blue Crush 12oz can,891278002458,-4,-1.1,2,24,1.93,46.0
Roseville,"Breakthru Beverage Minnesota Wine & Spirits, LLC",Monaco Peach Lemonade 12oz can,891278003585,3,0.9,1,12,1.9,23.0
Roseville,"Breakthru Beverage Minnesota Wine & Spirits, LLC",Monaco Black Raspberry 12oz can,891278002304,8,3.8,1,12,1.95,23.0
Roseville,"Capitol Beverage Sales, L.P.",Cutwater Peach Margerita 4pk 12oz can,816751022389,-29,-9.6,3,18,9.88,178.0
Roseville,"Capitol Beverage Sales, L.P.",Beatbox Sweet Heat Cinnamon 500ml,85005919552,-1,-4.3,1,12,0.0,0.0
Roseville,"Capitol Beverage Sales, L.P.",Fair State Pils 6pk 12oz can,850070266451,-6,-2.6,3,12,9.0,108.0
Roseville,"Capitol Beverage Sales, L.P.",Lift bridge Green Light Seltzer 12pk 12oz can,685165386925,0,0.0,1,2,13.3,27.0
Roseville,"Capitol Beverage Sales, L.P.",Surfside Strawberry Lemonade 24oz can,850050071792,1,0.2,3,36,1.94,70.0
Roseville,"Capitol Beverage Sales, L.P.",Wild State Imperial Hazy Honeycrisp 19.2oz can,850018947701,1,0.7,1,12,2.7,32.0
Roseville,"Capitol Beverage Sales, L.P.",Cutwater Lemon Drop 4pk 12oz can,816751023799,10,1.2,4,24,9.92,238.0
Roseville,"Capitol Beverage Sales, L.P.",Summit NA IPA 6pk 12oz can,025569142077,5,1.3,3,12,7.74,93.0
Roseville,"Capitol Beverage Sales, L.P.",Beatbox Variety Pack 6pk 500ml,851133006502,1,1.4,1,2,6.73,13.0
Roseville,"Capitol Beverage Sales, L.P.",Summit NA Dark 6pk 12oz can,025569142084,4,1.7,2,8,7.74,62.0
Roseville,"Capitol Beverage Sales, L.P.",Carbliss Lemon Lime 4pk 12oz can,860001338546,5,1.9,1,6,8.82,53.0
Roseville,"Capitol Beverage Sales, L.P.",Michelob Golden Light 16 Gallon,400000023340,1,2.1,1,1,120.0,120.0
Roseville,"Capitol Beverage Sales, L.P.",Carbliss Black Cherry 4pk 12oz can,860001988826,5,2.4,1,6,8.97,54.0
Roseville,"Capitol Beverage Sales, L.P.",Carbliss Black Raspberry 4pk 12oz can,860001338553,10,2.7,1,6,8.87,53.0
Roseville,"Capitol Beverage Sales, L.P.",Cutwater Mango Margarita 4pk 12oz can,816751022105,15,2.7,2,12,9.81,118.0
Roseville,"Capitol Beverage Sales, L.P.",Summit NA Variery Pack 12pk 12oz can,025569142510,5,3.1,1,2,13.32,27.0
Roseville,"Capitol Beverage Sales, L.P.",Surfside Half and Half 24oz can,850050071167,10,3.1,1,12,1.94,23.0
Roseville,"College City Beverage, Inc.",Summit Saga Hazy IPA 4pk 16oz can,025569191990,-5,-4.3,1,6,6.0,36.0
Roseville,"College City Beverage, Inc.",NUTRL Fruit Variety Pack #2 8pk 12oz can,018200204678,0,0.0,1,3,14.57,44.0
Roseville,"College City Beverage, Inc.",Michelob Golden Light 15pk 16oz can,018200292514,1,0.4,9,9,17.57,158.0
Roseville,"College City Beverage, Inc.",Golden Road Tart Mango Cart 6pk 12oz can,856895003844,3,2.6,1,4,7.62,30.0
Roseville,Dahlheimer Beverage Monticello,Summit Saga Variety 12pk 12oz can,025569191150,-141,-46.5,7,14,13.2,185.0
Roseville,Dahlheimer Beverage Monticello,Sierra Nevada Trail Pass IPA N/A 6pk 12oz can,083783228632,-35,-37.5,1,4,8.41,34.0
Roseville,Dahlheimer Beverage Monticello,Carbliss Tropical Variety 8pk 12oz can,860012130122,-13,-2.7,7,21,18.09,380.0
Roseville,Dahlheimer Beverage Monticello,Summit Sampler Pack 12pk 12oz can,025569191136,-6,-2.3,6,12,13.2,158.0
Roseville,Dahlheimer Beverage Monticello,Surly Furious 4pk 16oz can,893354001027,-7,-2.0,3,18,9.03,163.0
Roseville,Dahlheimer Beverage Monticello,White Claw Mango 19.2oz can,635985802136,1,0.4,1,12,2.29,27.0
Roseville,Dahlheimer Beverage Monticello,Coors Light 9pk 16oz can,071990301040,2,0.5,8,16,11.21,179.0
Roseville,Dahlheimer Beverage Monticello,Duluth Cider Raspberry Splash 4pk 12oz can,860013243678,1,0.9,1,6,11.48,69.0
Roseville,Dahlheimer Beverage Monticello,Elm Creek Marzen 4pk 16oz can,860013478063,4,1.7,1,6,7.83,47.0
Roseville,Dahlheimer Beverage Monticello,White Claw Black Cherry 19.2oz can,635985801986,11,2.0,1,12,2.33,28.0
Roseville,Dahlheimer Beverage Monticello,Cayman Jacked Strawberry Margarita 19.2oz can,815829012154,2,2.9,1,12,2.33,28.0
Roseville,Dahlheimer Beverage Monticello,Summit Saga IPA 12pk 12oz btl,025569191839,7,3.8,1,2,13.28,27.0
Roseville,Dangerous Man Brewing,Dangerous Man Strawbery Belma IPA 6pk 12oz can,698596454415,-2,-8.6,1,6,6.42,39.0
Roseville,Dangerous Man Brewing,Dangerous Man Hazy IPA 6pk 12oz can,646051493738,0,0.0,2,8,9.92,79.0
Roseville,Dangerous Man Brewing,Dangerous Man Kolsch 6pk 12oz can,646051493783,0,0.0,2,8,7.42,59.0
Roseville,Dangerous Man Brewing,Dangerous Man Peanut Butter Porter 6pk 12oz can,796520922792,3,2.6,1,4,8.89,36.0
Roseville,Do Not Use - Clear River Beverage,Schilling Rotator 6pk 12oz can,856793004707,-1,-0.2,5,20,9.77,195.0
Roseville,Dual Citizen Brewing Company,Dual Citizen Wave Racer West Coast IPA 4pk 16oz can,766429623816,0,0.0,1,6,10.8,65.0
Roseville,Falling Knife Brewing Company,Falling Knife Spaced Out 4pk 16oz can,850028434420,-12,-5.1,2,12,11.89,143.0
Roseville,Falling Knife Brewing Company,Falling Knife Sommersend Marzen Lager 4pk 16oz can,850028434239,0,0.0,2,12,9.33,112.0
Roseville,Haggard Barrel Brewing Company LLC,Haggard Schlapp's American Lager 4pk 16oz can,704674792062,-3,-12.9,1,6,6.67,40.0
Roseville,Haggard Barrel Brewing Company LLC,Haggard Barrel Sammy Paradise TIPA 4pk 12oz can,610655963102,0,0.0,1,6,15.83,95.0
Roseville,HeadFlyer Brewing,Headflyer What What Hazy IPA 4pk 16oz can,850009065186,-7,-10.0,1,6,11.39,68.0
Roseville,HeadFlyer Brewing,Headflyer Wicked Fast Ball 4pk 16oz can,850009065889,-1,-4.3,1,6,9.29,56.0
Roseville,HeadFlyer Brewing,Headflyer Must Be Jelly Fruited IPA 4pk 16oz can,850009065940,0,0.0,1,6,10.39,62.0
Roseville,"Hohensteins, Inc.",Bell's Two Hearted 6pk 12oz can,740522110886,-8,-2.6,4,16,9.0,144.0
Roseville,"Hohensteins, Inc.",Indeed Pistachio Cream Ale 12pk 12oz can,850034657035,-4,-1.6,6,12,14.81,178.0
Roseville,"Hohensteins, Inc.",Indeed Day Tripper Pale Ale 6pk 12oz can,852004004009,-1,-1.4,1,4,9.0,36.0
Roseville,"Hohensteins, Inc.",Bell's Big Hearted 19.2oz can,740522426864,-3,-0.7,2,30,1.92,58.0
Roseville,"Hohensteins, Inc.",Fulton Sweet Child of Vine 12pk 12oz can,856247003621,0,0.0,2,4,13.63,55.0
Roseville,"Hohensteins, Inc.",Indeed Flavorwave IPA 12pk 12oz can,850034657004,0,0.0,4,8,14.93,119.0
Roseville,"Hohensteins, Inc.",Hamm's 6pk 16oz can,03417315,1,0.2,5,20,5.13,103.0
Roseville,"Hohensteins, Inc.",Pabst Blue Ribbon 24pk 12oz can,022100001718,1,0.5,7,7,17.0,119.0
Roseville,"Hohensteins, Inc.",Bell's Seasonal 2 6pk 12oz btl,740522104731,3,0.6,4,16,9.1,146.0
Roseville,"Hohensteins, Inc.",Paulaner Grapefruit Radler 4pk 17oz can,080157132045,1,0.6,1,6,8.22,49.0
Roseville,"Hohensteins, Inc.",Fulton Lonely Blonde Shandy 12pk 12oz can,810023141082,1,1.1,2,4,13.5,54.0
Roseville,"Hohensteins, Inc.",Bell's Two Hearted Ale 4pk 16oz can,740522110831,5,1.1,3,18,6.75,122.0
Roseville,"Hohensteins, Inc.",Founders All Day IPA 15pk 12oz can,642860900245,3,1.2,4,8,14.76,118.0
Roseville,"Hohensteins, Inc.",Lagunitas Hoppy Refresher 6pk 12oz can,723830095670,2,1.2,2,8,6.9,55.0
Roseville,"Hohensteins, Inc.",Lagunitas Trooper IPA 6pk 12oz can,723830411845,3,1.2,2,8,7.5,60.0
Roseville,"Hohensteins, Inc.",Pabst Blue Ribbon 6pk 16oz can,02207412,4,1.2,3,12,4.85,58.0
Roseville,"Hohensteins, Inc.",Surly Cherry Limeade 4pk 12oz can,810005492669,3,1.3,2,12,7.31,88.0
Roseville,"Hohensteins, Inc.",Bell's Two Hearted Ale 19.2oz can,740522120861,5,1.4,1,15,1.9,28.0
Roseville,"Hohensteins, Inc.",Lagunitas Hoppy Refresher Variety 12pk 12oz can,723830116122,2,1.7,2,4,12.08,48.0
Roseville,"Hohensteins, Inc.",Bell's Two Hearted Ale 12pk 12oz can,740522110862,10,1.7,7,14,15.18,213.0
Roseville,"Hohensteins, Inc.",Bell's Hazy Hearted 6pk 12oz can,740522416780,2,1.7,1,4,9.0,36.0
Roseville,"Hohensteins, Inc.",Hamm's 30pk 12oz can,034100807412,14,2.1,14,14,15.89,222.0
Roseville,"Hohensteins, Inc.",Indeed Mexican Honey Variety 12pk 12oz can,850034657899,5,2.1,3,6,14.78,89.0
Roseville,"Hohensteins, Inc.",Great Lakes Edmund Fitz Porter 6pk 12oz can,704361200245,1,2.1,1,4,7.5,30.0
Roseville,"Hohensteins, Inc.",Paulaner Original Munich Lager 4pk 17oz can,080157311648,2,2.1,1,6,7.25,44.0
Roseville,"Hohensteins, Inc.",Lagunitas Little Sumpin' Ale 12pk 12oz can,723830914124,9,2.3,4,8,12.05,96.0
Roseville,"Hohensteins, Inc.",Brooklyn Special Effects NA Variety 12pk 12oz can,030613040995,3,2.6,1,2,13.5,27.0
Roseville,"Hohensteins, Inc.",Pabst Blue Ribbon 12pk 12oz can,022100001701,7,2.7,2,4,9.49,38.0
Roseville,"Hohensteins, Inc.",New Holland Dragons Milk 4pk 12oz btl,614036124113,5,2.7,1,6,12.76,77.0
Roseville,"Hohensteins, Inc.",Surly Lemon Drop 4pk 12oz can,810005492645,5,2.7,1,6,7.35,44.0
Roseville,"Hohensteins, Inc.",Indeed Day Tripper 12pk 12oz can,852004004221,2,2.9,1,2,15.22,30.0
Roseville,"Hohensteins, Inc.",Bell's Amber Ale 6pk 12oz btl,740522100238,2,2.9,1,4,9.0,36.0
Roseville,"Hohensteins, Inc.",Left Hand Nitro Seasonal 4pk 12oz can,793866760026,2,2.9,1,6,10.5,63.0
Roseville,"Hohensteins, Inc.",Lagunitas Beast of Both Worlds IPA 12pk 12oz can,723830200098,11,3.1,2,4,11.92,48.0
Roseville,"Hohensteins, Inc.",Indeed Apple Crisp Ale 4pk 16oz can,850034657707,5,3.1,1,6,9.1,55.0
Roseville,"Hohensteins, Inc.",Indeed Mexican Honey 4pk 16oz can,852004004184,5,3.1,1,6,9.75,59.0
Roseville,"Hohensteins, Inc.",Lagunitas IPA 6pk 12oz btl,723830000094,3,3.2,1,4,7.5,30.0
Roseville,"Hohensteins, Inc.",Paulaner Hefe Weizen 4pk 17oz can,080157112641,6,3.2,1,6,8.16,49.0
Roseville,"Hohensteins, Inc.",Paulaner Oktoberfest  4pk 17oz can,080157368222,9,3.2,1,6,8.25,50.0
Roseville,"Hohensteins, Inc.",Olde English 800 40oz btl,03462218,4,3.4,1,12,2.63,32.0
Roseville,"Hohensteins, Inc.",Indeed Flavorwave IPA 6pk 12oz can,852004004429,5,3.6,1,4,8.77,35.0
Roseville,"Hohensteins, Inc.",Lagunitas Variety Pack 12pk 12oz can,723830145122,14,3.8,1,2,11.99,24.0
Roseville,Insight Brewing Company (D),Insight Troll Way 4pk 16oz can,854042006014,-18,-3.4,4,24,10.16,244.0
Roseville,Insight Brewing Company (D),Insight Hop Wheels DDH Hazy IPA 4pk 16oz can,850033550764,-1,-0.4,2,12,11.41,137.0
Roseville,Insight Brewing Company (D),Insight Schickenmode Festbier 4pk 16oz can,850033550108,2,2.1,1,6,9.72,58.0
Roseville,Insight Brewing Company (D),Insight True Nord 4pk 16oz can,850077712531,4,3.4,1,6,9.44,57.0
Roseville,Insight Brewing Company (D),Insight IPA Variety 12pk 12oz can,850033550221,13,3.7,1,2,14.02,28.0
Roseville,Junkyard Brewing Company,Junkyard Country Toad 4pk 16oz can,850070143943,-6,-4.3,1,6,12.0,72.0
Roseville,Junkyard Brewing Company,Junkyard Quarter Pounder 4pk 16oz can,850070143929,-2,-4.3,1,6,11.84,71.0
Roseville,Junkyard Brewing Company,Junkyard Binford 6100 4pk 16oz can,850081808275,-2,-4.3,1,6,12.0,72.0
Roseville,Junkyard Brewing Company,Junkyard Arcade Summer 4pk 16oz can,850070143400,-1,-4.3,1,6,12.0,72.0
Roseville,Junkyard Brewing Company,Junkyard Secret Tiger 4pk 16oz can,850070143790,0,0.0,1,6,12.0,72.0
Roseville,Junkyard Brewing Company,Junkyard Caesar Corey 4pk 16oz can,850081808572,0,0.0,1,6,11.17,67.0
Roseville,Junkyard Brewing Company,Junkyard Coin Operated 4pk 16oz can,850081808589,1,0.9,1,6,12.0,72.0
Roseville,Luce Line Brewing,Luce Line Gold Dust Hazy IPA 4pk 16oz can,732388220335,-7,-30.0,1,6,12.0,72.0
Roseville,Luce Line Brewing,Luce Line Symbology 4pk 16oz can,608870977288,-6,-2.1,2,12,11.67,140.0
Roseville,Luce Line Brewing,Luce Line Ecstatic Static 4pk 16oz can,691835782294,-2,-1.4,1,6,10.58,64.0
Roseville,Luce Line Brewing,Luce Line Money Trees 4pk 16oz can,691835199856,0,0.0,1,6,14.17,85.0
Roseville,Luce Line Brewing,Luce Line New Zealand Joyride 4pk 16oz can,732388902804,2,2.9,1,6,10.33,62.0
Roseville,Lucid Brewing LLC Dba Inbound Brewco,Inbound Zum Wohl Oktoberfestbier 4pk 16oz can,854249004936,1,0.9,1,6,7.67,46.0
Roseville,Lucid Brewing LLC Dba Inbound Brewco,Inbound You Look Nice Today 4pk 12oz can,854249004950,2,2.1,1,6,8.5,51.0
Roseville,Lupulin Brewing Company,Lupulin Nilla Porter 4pk 16oz can,850068928439,0,0.0,1,6,9.22,55.0
Roseville,Lupulin Brewing Company,Lupulin Blissful Ignorance 4pk 16oz can,857492006597,3,0.6,3,18,10.98,198.0
Roseville,McDonald Distributing Co dba Clear River Beverage,Natural Ice 25oz can,018200250088,-4,-4.3,1,15,1.9,28.0
Roseville,McDonald Distributing Co dba Clear River Beverage,Coronado Hazy Weekend IPA 6pk 16oz can,850000406957,-1,-1.4,1,4,11.74,47.0
Roseville,McDonald Distributing Co dba Clear River Beverage,Elysian Seasonal 6pk 12oz btl,817904000537,0,0.0,1,4,8.87,35.0
Roseville,McDonald Distributing Co dba Clear River Beverage,2 Towns Outcider 19.2oz can,850017944299,6,1.1,2,24,2.96,71.0
Roseville,McDonald Distributing Co dba Clear River Beverage,2 Towns Berry Cosmic Variety Pack 12pk 12oz can,850017944350,1,1.4,1,2,18.12,36.0
Roseville,McDonald Distributing Co dba Clear River Beverage,2 Towns POG Cosmic Crisp 6pk 12oz can,850017944619,2,1.7,1,4,10.5,42.0
Roseville,McDonald Distributing Co dba Clear River Beverage,Pizza Port Mongo DIPA 6pk 16oz can,689926100096,1,2.1,1,4,11.88,48.0
Roseville,McDonald Distributing Co dba Clear River Beverage,Hop Butcher Quarter Stick 4pk 12oz can,694485372945,1,2.1,1,6,13.0,78.0
Roseville,McDonald Distributing Co dba Clear River Beverage,Beatbox Juicy Mango 500ml,851133006519,5,2.1,1,12,2.43,29.0
Roseville,McDonald Distributing Co dba Clear River Beverage,Pizza Port Swami's IPA 6pk 16oz can,689926100027,3,3.2,1,4,11.83,47.0
Roseville,Mega Beer LLC,Oliphant Lumberjack Baes 4pk 16oz can,723466976237,0,0.0,2,12,9.17,110.0
Roseville,Mega Beer LLC,Hinterland Saving Gracie Juicy IPA 4pk 12oz can,742832076500,1,2.1,1,6,10.67,64.0
Roseville,Mega Beer LLC,Hinterland Saving Gracie Vienna Lager 4pk 12oz can,742832079471,2,2.1,1,6,10.67,64.0
Roseville,MetroNOME Brewery,Metronome Squeeze Play East Coast IPA 4pk 16oz can,704260420522,-2,-2.1,1,6,10.22,61.0
Roseville,MetroNOME Brewery,Metronome Can-Can Kolsch 4pk 16oz can,704260076279,-2,-1.2,2,12,8.19,98.0
Roseville,MetroNOME Brewery,RetroNOME West Coast IPA 4pk 16oz can,704260177648,1,0.6,1,6,9.33,56.0
Roseville,Milk & Honey Ciders,Milk & Honey Little Dipper 4pk 12oz btl,787269690929,2,2.9,1,6,10.78,65.0
Roseville,Modist Brewing Company,Modist Dreamyard 12pk 12oz can,810095560439,0,0.0,3,6,16.15,97.0
Roseville,Modist Brewing Company,Modist Supra Deluxe 12pk 12oz can,810095560446,0,0.0,3,6,12.3,74.0
Roseville,Modist Brewing Company,Modist Supra Sea Salt Lime Deluxe 6pk 12oz can,810095560668,0,0.0,2,8,7.95,64.0
Roseville,Modist Brewing Company,Modist Pineapple Dreamyard Fruited Hazy IPA 4pk 16oz can,810095561290,0,0.0,1,6,11.01,66.0
Roseville,Modist Brewing Company,Modist Ghost Vision Citra Dolcita DDH Hazy IPA 4pk 16oz can,810095561863,0,0.0,1,6,9.48,57.0
Roseville,Modist Brewing Company,Modist SKRRT! MK1 Rabbit DDH West Coast DIPA 4pk 16oz can,810095562082,0,0.0,1,6,13.85,83.0
Roseville,Phillips Wine & Spirits - St. Paul,Two Chicks Pear & Elderflower 4pk 12oz can,850003574066,1,0.6,1,6,8.2,49.0
Roseville,"Pryes Brewing Company, LLC",Pryes PryesFest 4pk 16oz can,850013268900,13,3.5,1,6,8.29,50.0
Roseville,Single Can,Cutwater Espresso Martini 12oz Can,816751023720,0,0.0,1,24,2.48,60.0
Roseville,Single Can,Cutwater Vodka Mule 12oz can,816751020774,0,0.0,1,24,2.47,59.0
Roseville,Single Can,Cutwater Lemon Drop 4pk 12oz can,816751023782,0,0.0,1,24,2.48,60.0
Roseville,Single Can,Cutwater Tiki Rum Mai Tai 12oz can,816751021665,0,0.0,1,24,1.72,41.0
Roseville,Single Can,Cutwater White Russian 12oz can,816751022051,0,0.0,1,24,2.47,59.0
Roseville,Single Can,Cutwater Long Island 12oz can,816751021986,0,0.0,1,24,2.46,59.0
Roseville,Single Can,Cutwater Tequila Lime Margarita 12oz can,816751021214,0,0.0,1,24,2.28,55.0
Roseville,Single Can,Cutwater Pineapple Margarita 12oz can,816751022785,0,0.0,1,24,2.46,59.0
Roseville,Sociable Cider Werks,Sociable Cider Werks Side by Side Variety Pack 8pk 12oz can,859990007519,2,0.9,3,9,13.92,125.0
Roseville,"Unmapped Brewing Company, LLC",Unmapped Quadruplication 4pk 16oz can,508478198781,-2,-0.7,3,18,8.27,149.0
Roseville,"Unmapped Brewing Company, LLC",Unmapped Adrift Hazy IPA 4pk 16oz can,064973164855,0,0.0,1,6,10.33,62.0
Roseville,"Unmapped Brewing Company, LLC",Unmapped Low Vizibility 4pk 16oz can,006884575894,1,0.4,2,12,10.33,124.0
Roseville,"Unmapped Brewing Company, LLC",Unmapped Flannel Roots 4pk 12oz can,UBC-FR-12,4,2.4,1,6,9.28,56.0
Roseville,Urban Growler Brewing Company,Urban Growler Oktoberfest 4pk 16oz can,867978000377,2,0.5,3,18,10.17,183.0
Roseville,Urban Growler Brewing Company,Urban Growler Peach Beaver Fever 4pk 16oz can,850007526757,3,3.2,1,6,8.71,52.0
Roseville,Venn Brewing Co.,Venn Golf Beer American Wheat 4pk 16oz can,850013255450,-1,-0.7,1,6,7.78,47.0
Roseville,Venn Brewing Co.,Venn Chronicopia West Coast IPA 4pk 16oz can,400000004556,0,0.0,1,6,11.59,70.0
Roseville,Venn Brewing Co.,Venn Choconut Stout 4pk 16oz can,850013255429,0,0.0,1,6,12.0,72.0
Roseville,Venn Brewing Co.,Venn Fest 4pk 16oz can,850013255221,0,0.0,2,12,7.5,90.0
Roseville,Venn Brewing Co.,Venn Old School West Coast IPA 4pk 16oz can,850013255313,1,0.3,2,12,9.17,110.0
Roseville,Venn Brewing Co.,Venn Northodox IPA 4pk 16oz can,400000003474,1,0.5,2,12,9.66,116.0
Roseville,Venn Brewing Co.,Venn Basic Decency APA with Citra 4pk 16oz can,850013255573,2,1.4,1,6,8.06,48.0
Roseville,,Bent Paddle Light Lager  12pk 12oz can,850024846326,-48,-102.9,2,2,11.7,23.0
Roseville,,Schilling Grapefruit and Chill 6pk 12oz can,856793004240,-13,-55.7,1,1,8.66,9.0
Roseville,,Inbound Laser Loon 4pk 16oz can,854249004462,-25,-17.9,6,6,6.43,39.0
Roseville,,Modelo Especial 32oz btl,033544950906,-23,-14.1,7,7,3.06,21.0
Roseville,,Summit NA Amber 6pk 12oz can,025569142107,-15,-12.9,5,5,8.46,42.0
Roseville,,Tucher Brau Dunkles Hefe Weizen ,608782504114,-3,-12.9,1,1,7.93,8.0
Roseville,,Summit Lake Crusher/Winter 12pk 12oz can,025569195554,-64,-10.2,26,26,12.29,320.0
Roseville,,Inbound Fruit of the Loop 4pk 16oz can,854249004455,-6,-8.6,3,3,8.1,24.0
Roseville,,Sierra Nevada Big Little Thing IPA 19.2oz can,083783375558,-4,-8.6,2,2,2.62,5.0
Roseville,,Headflyer Gold Medal Lager 4pk 16oz can,850009065858,-1,-4.3,1,1,8.39,8.0
Roseville,,Lupulin Hooey IPA 4pk 16oz can,857492006092,-3,-1.0,13,13,11.0,143.0
Roseville,,Klockow Supply Line 4pk 16oz can,703669172926,-1,-0.7,6,6,11.5,69.0
Roseville,,56 Brewing Lake Hopper 4pk 16oz can,615867915857,-2,-0.6,14,14,9.52,133.0
Roseville,,Castle Danger Sea Salt Lime 12pk 12oz can,850055833142,-1,-0.4,12,12,15.4,185.0
Roseville,,Schell's Oktoberfest 6 Gallon,400000023333,0,0.0,1,1,65.83,66.0
Roseville,,Schell's Sampler 2024 12pk 12oz can,088067057229,0,0.0,3,3,14.26,43.0
Roseville,,Lift Bridge Mango Blonde 12pk 12oz can,685165385522,0,0.0,3,3,14.2,43.0
Roseville,,Headflyer Hawaiian Sophie 4pk 16oz can,850009065087,0,0.0,5,5,9.2,46.0
Roseville,,Lupulin Oktoberfest 4pk 16oz can,857492006672,0,0.0,4,4,9.35,37.0
Roseville,,Corona Familiar 32oz btl,080660956831,0,0.0,7,7,3.06,21.0
Roseville,,Firestone Into The Haze Variety 12pk 12oz can,602755011388,0,0.0,7,7,14.45,101.0
Roseville,,Steel Toe Size 7 6pk 12oz can,855123003168,0,0.0,18,18,9.5,171.0
Roseville,,Alaskan Amber 6pk 12oz can,040850130014,1,0.4,9,9,7.32,66.0
Roseville,,Cayman Jacked Margarita 19.2oz can,815829012130,1,0.4,10,10,2.33,23.0
Roseville,,Falling Knife Verbal Tip 4pk 16oz can,860004521402,5,0.4,49,49,12.03,589.0
Roseville,,Good Boy Vodka John Daly Variety Pack 8pk 12oz can,850041804163,1,0.5,7,7,16.3,114.0
Roseville,,NUTRL Fruit Variety Pack 8pk 12oz can,018200203527,1,0.5,8,8,14.99,120.0
Roseville,,Pipeworks Ninja Vs. Unicorn 4pk 16oz can,640901189246,1,0.5,8,8,9.84,79.0
Roseville,,Happy Dad Variety Pack 12pk 12oz can,084173968084,1,0.6,6,6,13.87,83.0
Roseville,,Utepils Helles 12pk 12oz can,852449007146,1,0.6,6,6,15.42,92.0
Roseville,,Moose Lake Oktoberfest,804859503480,1,0.7,5,5,12.0,60.0
Roseville,,Fresca Vodka Variety  8pk 12oz can,810078780861,2,0.7,10,10,14.08,141.0
Roseville,,Lift Bridge Grape Ape 12pk 12oz can,685165386000,1,0.9,4,4,12.88,52.0
Roseville,,Steel Toe Size 4 6pk 12oz can,855123003274,2,0.9,8,8,9.0,72.0
Roseville,,HeadFlyer It Was All A Dream 4pk 16oz can,850009065001,3,0.9,11,11,10.3,113.0
Roseville,,Grain Belt Premium 6pk 16oz can,088067088001,2,1.0,7,7,6.86,48.0
Roseville,,Mike's Harder Lemonade 23oz can,635985245834,18,1.0,53,53,2.35,124.0
Roseville,,1911 Cider Seasonal 4pk 16oz can,648558945420,2,1.1,6,6,9.35,56.0
Roseville,,Drekker Ectogasm 4pk 16oz can,867530901135,2,1.1,6,6,11.58,69.0
Roseville,,White Claw Ruby Grapefruit 6pk 12oz can,635985200284,3,1.1,9,9,7.71,69.0
Roseville,,Summit Extra Pale Ale 12pk 12oz btl,025569241732,4,1.2,10,10,13.33,133.0
Roseville,,Indeed Oktoberfest 6pk 12oz can,852004004580,3,1.3,7,7,9.1,64.0
Roseville,,Excelsior Bayside Brown 6pk 12oz can,719104789239,1,1.4,2,2,8.38,17.0
Roseville,,Indeed MN Honey Light 6pk 16oz can,8500585173031,1,1.4,2,2,7.71,15.0
Roseville,,Fulton Hop Kingdom 300 IPA 6pk 12oz can,810023141624,2,1.4,4,4,7.5,30.0
Roseville,,Luce Line Foggy Bottom 4pk 16oz can,793888657472,3,1.4,6,6,10.61,64.0
Roseville,,Steel Toe Size 7 22oz btl,855123003014,3,1.4,6,6,5.0,30.0
Roseville,,Sun Cruiser Vodka Lemonade Variety 8pk 12oz can,087692021544,6,1.5,10,10,14.76,148.0
Roseville,,Schilling Mango Excelsior 6pk 12oz can,856793004530,4,1.6,7,7,10.38,73.0
Roseville,,Lagunitas IPA 6pk 12oz can,723830046122,2,1.7,3,3,7.5,22.0
Roseville,,Schilling London Dry 6pk 12oz can,856793004233,2,1.7,3,3,9.75,29.0
Roseville,,Carbliss Strawberry Margarita 4pk 12oz can,86000981951,4,1.7,6,6,8.89,53.0
Roseville,,Hamm's 24oz can,03459913,6,1.7,8,8,1.5,12.0
Roseville,,Surly Oktoberfest 12pk 12oz can,810005490085,6,1.7,8,8,13.26,106.0
Roseville,,Schilling Excelsior 6pk 12oz can,856793004271,3,1.8,4,4,10.26,41.0
Roseville,,Michelob Golden Light 12pk 12oz can,018200006937,11,1.8,14,14,11.29,158.0
Roseville,,Sun Cruiser Lemonade Iced Tea 8pk 12oz can,087692021421,4,1.9,5,5,14.4,72.0
Roseville,,Budweiser 12pk 12oz can,018200110474,10,1.9,11,11,11.26,124.0
Roseville,,BlackStack Local 755 IPA 4pk 16oz can,869283000400,10,1.9,12,12,11.53,138.0
Roseville,,Chelada Bud Light & Clamato 25oz can,018200255083,6,2.0,7,7,2.28,16.0
Roseville,,Steel Toe Split Point Pilsner 6pk 12oz can,855123003397,1,2.1,1,1,9.5,10.0
Roseville,,Fulton Lonely Blonde 12pk 12oz can,856247003591,1,2.1,1,1,13.62,14.0
Roseville,,Lagunitas Beast of Both Worlds IPA 6pk 12oz can,723830165618,2,2.1,2,2,7.5,15.0
Roseville,,Fulton Lonely Blonde 6pk 12oz can,810023141631,2,2.1,2,2,7.5,15.0
Roseville,,Indeed Oktoberfest 12pk 12oz can,850034657417,2,2.1,2,2,16.0,32.0
Roseville,,Insight Banshee Cutter 4pk 16oz can,854042006106,2,2.1,2,2,9.34,19.0
Roseville,,Press Sparkling Signature 12pk 12oz can,852313004837,4,2.1,4,4,14.08,56.0
Roseville,,Unmapped Paddle North Wild Rice Cream Ale 4pk 16oz can,750844254106,5,2.1,5,5,9.12,46.0
Roseville,,Hamm's 12pk 12oz can,034100809027,8,2.1,7,7,8.64,60.0
Roseville,,Sierra Nevada Hazy Little Thing IPA 12pk 12oz can,083783531114,15,2.2,13,13,14.04,183.0
Roseville,,Bud Light 6pk 12oz btl,018200008337,4,2.4,3,3,6.65,20.0
Roseville,,Corona N/A 12pk 12oz can,033544002261,3,2.6,2,2,13.64,27.0
Roseville,,Best Day Brewing N/A Hazy IPA  6pk 12oz can,195893339600,3,2.6,2,2,7.88,16.0
Roseville,,Press Sparkling Savor 12pk 12oz can,852313004929,3,2.6,2,2,14.02,28.0
Roseville,,Michelob Golden Light 6pk 12oz btl,018200006708,6,2.6,4,4,6.66,27.0
Roseville,,Pabst Blue Ribbon NA 12pk 12oz can,022100050013,2,2.9,1,1,9.31,9.0
Roseville,,Founders Seasonal 4pk 12oz btl,642860200529,2,2.9,1,1,7.47,7.0
Roseville,,Lagunitas IPNA 6pk 12oz can,723830137004,2,2.9,1,1,6.79,7.0
Roseville,,Elm Creek Sustained Illusion 4pk 16oz can,860007140426,2,2.9,1,1,10.65,11.0
Roseville,,Drekker Prrrt Series 4pk 16oz can,867530958320,2,2.9,1,1,16.87,17.0
Roseville,,New Belgium Voodoo Ranger Imperial IPA 12pk 12oz can,754527009915,8,2.9,4,4,13.76,55.0
Roseville,,Chelada Bud Light & Clamato 4pk 16oz can,01886625,7,3.0,3,3,6.82,20.0
Roseville,,Summit Lager 4pk 12oz can,025569120211,12,3.0,4,4,3.78,15.0
Roseville,,Fulton Lonely Blonde Mixed Pack 12pk 12oz can,810023140764,3,3.2,1,1,13.5,14.0
Roseville,,White Claw Peach 6pk 12oz can,635985801573,6,3.2,2,2,7.72,15.0
Roseville,,Utepils Fernweh Pack 12pk 12oz can,852449007061,6,3.2,2,2,15.42,31.0
Roseville,,Natural Ice 15pk 12oz can,018200284434,12,3.2,3,3,9.65,29.0
Roseville,,Pryes Royal Peach Sour 4pk 16oz can,850013268368,10,3.3,3,3,10.33,31.0
Roseville,,Coors N/A 6pk 12oz btl,071990770051,4,3.4,1,1,6.69,7.0
Roseville,,Athletic Brewing Upside Dawn N/A 12pk 12oz can,855352008132,4,3.4,1,1,13.72,14.0
Roseville,,Kona Big Wave Golden Ale 6pk 12oz btl,796030114960,12,3.4,2,2,7.56,15.0
Roseville,,Budweiser Zero 12pk 12oz can,018200200380,9,3.5,2,2,10.91,22.0
Roseville,,Bud Light 12pk 12oz can,018200530470,17,3.5,3,3,11.28,34.0
Roseville,,Falling Knife Convivio - Italian Pilsner 4pk 16oz can,850028434222,5,3.6,1,1,9.17,9.0
Roseville,,Athletic Brewing Seasonal N/A 6pk 12oz can,855352008118,12,3.7,2,2,8.18,16.0
Roseville,,Summit Saga IPA 12pk 12oz can,025569193550,18,3.7,2,2,13.26,27.0
Roseville,,Pryes Royal Raspberry Sour Ale 4pk 16oz can,860488001629,7,3.8,1,1,10.2,10.0
Roseville,,Budweiser 40oz btl,01812620,8,3.8,1,1,2.88,3.0
Roseville,,Michelob Ultra 4pk 16oz can,01852424,14,3.8,1,1,4.54,5.0
St. Louis Park,56 Brewing,56 Brewing Crispy Business 4pk 16oz can,615867916014,0,0.0,1,6,7.87,47.0
St. Louis Park,Artisan Beer,Toppling Goliath DDH King Sue 4pk 16oz can,810070233082,-16,-34.3,1,6,16.15,97.0
St. Louis Park,Artisan Beer,Blackstack We Already Ate 4pk 16oz can,850000321618,0,0.0,1,6,15.38,92.0
St. Louis Park,Artisan Beer,BlackStack Shipping Delays 4pk 16oz can,850000319448,0,0.0,1,6,12.18,73.0
St. Louis Park,Artisan Beer,Blackstack Head for the Hills 4pk 16oz can,850000321694,0,0.0,1,6,10.0,60.0
St. Louis Park,Artisan Beer,Blackstack Participation Trophy 4pk 16oz can,850000317734,0,0.0,2,12,12.3,148.0
St. Louis Park,Artisan Beer,Firestone Brain Melter 19.2oz can,602755013078,0,0.0,1,12,2.13,26.0
St. Louis Park,Artisan Beer,Craft Mystery Beer 12pk,400000025681,28,1.8,33,33,5.0,165.0
St. Louis Park,Artisan Beer,Firestone Walker 805 Blonde Ale 12pk 12oz can,602755006353,3,1.8,2,4,13.07,52.0
St. Louis Park,Artisan Beer,Toppling Goliath Pseudo Sue 12pk 12oz can,810458034737,3,3.2,1,2,20.0,40.0
St. Louis Park,Back Channel Brewing Co.,Back Channel Minne Matsui Rice Lager 4pk 16oz can,659465008801,5,3.6,1,6,7.53,45.0
St. Louis Park,Barrel Theory Beer Company,Barrel Theory TDH Shooter McGavin 4pk 16oz can,769293333119,-6,-4.3,1,6,15.33,92.0
St. Louis Park,Barrel Theory Beer Company,Barrel Theory Full Send 4pk 16oz can,739608451227,-5,-4.3,1,6,12.0,72.0
St. Louis Park,Barrel Theory Beer Company,Barrel Theory Legend In My Spare Time 4pk 16oz can,741527975524,-3,-4.3,1,6,16.33,98.0
St. Louis Park,Barrel Theory Beer Company,Barrel Theory Endless Riff 4pk 16oz can,741527975500,-1,-4.3,1,6,12.0,72.0
St. Louis Park,Barrel Theory Beer Company,Barrel Theory Bus Station Slot Machine 4pk 16oz can,741527975494,0,0.0,1,6,12.0,72.0
St. Louis Park,Barrel Theory Beer Company,Barrel Theory Raindrops 4pk 16oz can,739608451180,7,3.0,1,6,12.0,72.0
St. Louis Park,Bernicks,Lagunitas Hazy IPA 12pk 12oz can,723830300033,-34,-36.4,2,4,12.0,48.0
St. Louis Park,Bernicks,New Belgium Juice Force 12pk 12oz can,754527012021,-6,-1.7,7,14,13.48,189.0
St. Louis Park,Bernicks,Castle Danger Castle Cream Ale 6pk 12oz can,856306005023,-2,-0.6,4,16,8.46,135.0
St. Louis Park,Bernicks,Miller Lite 6pk 16oz can,03435719,-2,-0.2,9,36,5.45,196.0
St. Louis Park,Bernicks,Dos Equis Lager Especial 12pk 12oz btl,072311230124,1,1.4,1,2,13.54,27.0
St. Louis Park,Bernicks,Miller High Life 6pk 8oz btl,034100016418,3,1.6,2,8,4.67,37.0
St. Louis Park,Bernicks,Miller Lite 24pk 16oz can,034100573232,13,1.9,15,15,21.41,321.0
St. Louis Park,Bernicks,New Belgium Voodoo Ranger Hoppy Pack 12pk 12oz can,754527010706,11,2.0,6,12,13.54,162.0
St. Louis Park,Bernicks,Miller Lite 12pk 12oz btl,034100575090,10,2.1,5,10,11.31,113.0
St. Louis Park,Bernicks,New Belgium Voodoo Tropic Force 6pk 12oz can,754527006525,2,2.1,1,4,8.45,34.0
St. Louis Park,Bernicks,New Belgium Voodoo Ranger IPA 12pk 12oz can,754527003623,9,2.3,4,8,13.56,108.0
St. Louis Park,Bernicks,Miller Lite 15pk 16oz can,034100577070,8,2.6,5,5,17.9,89.0
St. Louis Park,Bernicks,Miller Lite 12pk 12oz can,034100576363,17,2.7,5,10,11.3,113.0
St. Louis Park,Bernicks,Strongbow Gold Apple Cider 6pk 12oz btl,088345101514,5,2.7,1,4,7.96,32.0
St. Louis Park,Bernicks,Miller High Life 12pk 12oz btl,034100015091,13,2.9,3,6,10.21,61.0
St. Louis Park,Bernicks,Guinness Draught 8pk 15oz can,083820123685,13,2.9,2,6,12.2,73.0
St. Louis Park,Bernicks,Leinenkugel's Sum Shandy 6pk 12oz btl,034100516055,12,2.9,2,8,7.72,62.0
St. Louis Park,Bernicks,New Belgium Voodoo Ranger Imperial IPA 19.2oz can,754527010218,13,3.3,1,15,1.97,30.0
St. Louis Park,Bernicks,Castle Danger Cooler by the Lake 12pk 12oz can,856306005832,4,3.4,1,2,5.93,12.0
St. Louis Park,Bernicks,Guinness Zero N/A 8pk 15oz can,083820125900,8,3.4,1,3,12.77,38.0
St. Louis Park,Bernicks,Heineken 6pk 12oz btl,072890000118,5,3.6,1,4,7.33,29.0
St. Louis Park,Bernicks,Castle Danger Variety Pack 12pk 12oz can,856306005542,7,3.8,1,2,15.6,31.0
St. Louis Park,Bernicks,Heineken 12pk 12oz btl,072890000163,21,3.8,1,2,13.31,27.0
St. Louis Park,"Breakthru Beverage Minnesota Beer, LLC",Downeast Cider Seasonal 2 4pk 12oz can,858612003557,-78,-27.9,2,12,9.25,111.0
St. Louis Park,"Breakthru Beverage Minnesota Beer, LLC",Downeast Blackberry 6pk 12oz can,858612003601,-5,-21.4,1,4,9.23,37.0
St. Louis Park,"Breakthru Beverage Minnesota Beer, LLC",Vizzy Hard Seltzer Variety Pack #1 12pk 12oz can,034100012328,-4,-17.1,1,2,14.18,28.0
St. Louis Park,"Breakthru Beverage Minnesota Beer, LLC",Sierra Nevada Hazy IPA Pack 12pk 12oz can,083783675627,-22,-8.6,6,12,14.21,170.0
St. Louis Park,"Breakthru Beverage Minnesota Beer, LLC",Leinenkugel's Rotator 12pk 12oz can,034100516192,-4,-4.3,2,4,12.61,50.0
St. Louis Park,"Breakthru Beverage Minnesota Beer, LLC",Sierra Nevada Premium Pils 8pk 8oz can,083783676129,-1,-4.3,1,3,8.47,25.0
St. Louis Park,"Breakthru Beverage Minnesota Beer, LLC",Sierra Nevada Pale Ale 19.2oz can,083783375534,-9,-3.5,1,12,2.45,29.0
St. Louis Park,"Breakthru Beverage Minnesota Beer, LLC",Mike's Harder Straw Pineapple 23oz can,635985132172,-9,-3.0,2,24,2.34,56.0
St. Louis Park,"Breakthru Beverage Minnesota Beer, LLC",Coors Banquet 15pk 16oz can,071990386429,-2,-2.1,4,4,17.88,72.0
St. Louis Park,"Breakthru Beverage Minnesota Beer, LLC",Third Street MN Gold Light 12pk 16oz can,081780701448,-1,-2.1,1,2,10.61,21.0
St. Louis Park,"Breakthru Beverage Minnesota Beer, LLC",Sierra Nevada Oktoberfest/Celebration 12pk 12oz can,083783228120,-2,-1.0,5,10,14.36,144.0
St. Louis Park,"Breakthru Beverage Minnesota Beer, LLC",Monaco Moscow Mule 4pk 12oz can,891278002717,0,0.0,1,1,7.58,8.0
St. Louis Park,"Breakthru Beverage Minnesota Beer, LLC",Corona Extra 24pk 12oz can,080660956992,0,0.0,2,2,22.79,46.0
St. Louis Park,"Breakthru Beverage Minnesota Beer, LLC",Vizzy Hard Seltzer Variety Pack #2 12pk 12oz can,034100005498,0,0.0,2,4,13.96,56.0
St. Louis Park,"Breakthru Beverage Minnesota Beer, LLC",White Claw 0.0 Variety 12pk 12oz can,635985802792,0,0.0,2,4,13.98,56.0
St. Louis Park,"Breakthru Beverage Minnesota Beer, LLC",New Belgium Rotator 6pk 12oz can,754527011109,0,0.0,2,8,8.45,68.0
St. Louis Park,"Breakthru Beverage Minnesota Beer, LLC",Corona Extra 4pk 16oz can,033544002117,0,0.0,4,24,5.24,126.0
St. Louis Park,"Breakthru Beverage Minnesota Beer, LLC",New Belgium Voodoo Ranger Imperial IPA 12pk 12oz can,754527009915,1,0.2,12,24,13.76,330.0
St. Louis Park,"Breakthru Beverage Minnesota Beer, LLC",Sun Cruiser Vodka Variety 12pk 12oz can,087692024415,1,0.3,6,12,20.84,250.0
St. Louis Park,"Breakthru Beverage Minnesota Beer, LLC",Steel Reserve 24oz can,078250003287,2,0.3,3,36,1.45,52.0
St. Louis Park,"Breakthru Beverage Minnesota Beer, LLC",White Claw Mango 12pk 12oz can,635985100331,2,0.4,11,22,13.86,305.0
St. Louis Park,"Breakthru Beverage Minnesota Beer, LLC",Truly Unruly 12pk 12oz can,087692019046,2,0.5,8,16,13.8,221.0
St. Louis Park,"Breakthru Beverage Minnesota Beer, LLC",Castle Danger Hazy Sunday 6pk 12oz can,856306005955,1,0.5,2,8,8.46,68.0
St. Louis Park,"Breakthru Beverage Minnesota Beer, LLC",White Claw Natural Lime 6pk 12oz can,635985025986,3,0.5,5,20,7.71,154.0
St. Louis Park,"Breakthru Beverage Minnesota Beer, LLC",Fresca Mixed Vodka Spritz 4pk 12oz can,810078780687,1,0.6,1,6,7.5,45.0
St. Louis Park,"Breakthru Beverage Minnesota Beer, LLC",Mike's Harder Variety 12pk 12oz can,635985802419,4,0.7,10,20,14.1,282.0
St. Louis Park,"Breakthru Beverage Minnesota Beer, LLC",Coors Light 24oz can,071990300654,2,0.7,1,12,2.28,27.0
St. Louis Park,"Breakthru Beverage Minnesota Beer, LLC",White Claw Black Cherry 12pk 12oz can,635985260899,17,0.8,34,68,14.09,958.0
St. Louis Park,"Breakthru Beverage Minnesota Beer, LLC",Modelo Especial 4pk 16oz can,080660957609,4,0.9,3,18,5.2,94.0
St. Louis Park,"Breakthru Beverage Minnesota Beer, LLC",Coors Light 24pk 12oz can,071990316006,29,1.1,82,82,19.37,1589.0
St. Louis Park,"Breakthru Beverage Minnesota Beer, LLC",Topo Chico Hard Seltzer Variety 12pk 12oz can,021136180879,1,1.1,2,4,14.11,56.0
St. Louis Park,"Breakthru Beverage Minnesota Beer, LLC",New Belgium Fat Tire 6pk 12oz can,754527000226,1,1.1,1,4,7.7,31.0
St. Louis Park,"Breakthru Beverage Minnesota Beer, LLC",New Belgium Voodoo Hard Tea Peach 24oz can,754527012281,1,1.1,1,12,2.35,28.0
St. Louis Park,"Breakthru Beverage Minnesota Beer, LLC",Miller Lite 24oz can,03435515,4,1.1,1,12,2.27,27.0
St. Louis Park,"Breakthru Beverage Minnesota Beer, LLC",Modelo Especial 24pk 12oz can,080660957104,11,1.3,23,23,22.69,522.0
St. Louis Park,"Breakthru Beverage Minnesota Beer, LLC",Sun Cruiser Vodka Iced Tea Lemonade 4pk 12oz can,087692020295,3,1.3,2,12,7.1,85.0
St. Louis Park,"Breakthru Beverage Minnesota Beer, LLC",Coors Light 24pk 16oz can,071990301286,23,1.4,42,42,21.49,903.0
St. Louis Park,"Breakthru Beverage Minnesota Beer, LLC",New Belgium VooDoo Ranger Sweet Ride 6pk 12oz can,754527012878,1,1.4,1,4,8.45,34.0
St. Louis Park,"Breakthru Beverage Minnesota Beer, LLC",White Claw Mango 6pk 12oz can,635985260875,7,1.4,4,16,7.71,123.0
St. Louis Park,"Breakthru Beverage Minnesota Beer, LLC",Coors Light 6pk 12oz btl,071990300050,5,1.5,3,12,6.69,80.0
St. Louis Park,"Breakthru Beverage Minnesota Beer, LLC",Angry Orchard Imperial 6pk 12oz can,087692017912,3,1.6,2,8,8.54,68.0
St. Louis Park,"Breakthru Beverage Minnesota Beer, LLC",Leinenkugel's Seasonal 6pk 12oz btl,034100013479,5,1.6,2,8,7.6,61.0
St. Louis Park,"Breakthru Beverage Minnesota Beer, LLC",Modelo 24oz can,080660957210,14,1.6,2,24,2.39,57.0
St. Louis Park,"Breakthru Beverage Minnesota Beer, LLC",Miller Lite 24pk 12oz can,034100573065,22,1.7,29,29,19.46,564.0
St. Louis Park,"Breakthru Beverage Minnesota Beer, LLC",White Claw Clawtails Variety 12pk 12oz can,635985804437,4,1.7,3,6,13.86,83.0
St. Louis Park,"Breakthru Beverage Minnesota Beer, LLC",Blue Moon Belgian White N/A 6pk 12oz can,071990001049,2,1.7,1,4,7.86,31.0
St. Louis Park,"Breakthru Beverage Minnesota Beer, LLC",Hoegaarden 6pk 12oz btl,786150000366,2,1.7,1,4,7.9,32.0
St. Louis Park,"Breakthru Beverage Minnesota Beer, LLC",Miller High Life 24pk 12oz can,034100013066,5,1.9,6,6,17.36,104.0
St. Louis Park,"Breakthru Beverage Minnesota Beer, LLC",Downeast Cider Berry Variety Pack 12pk 12oz can,850046644566,4,1.9,3,6,14.86,89.0
St. Louis Park,"Breakthru Beverage Minnesota Beer, LLC",Truly Seasonal Variety Pack 12pk 12oz can,087692012825,5,1.9,3,6,13.73,82.0
St. Louis Park,"Breakthru Beverage Minnesota Beer, LLC",Third Street MN Gold Lager 12pk 16oz can,081780701356,11,1.9,7,14,10.84,152.0
St. Louis Park,"Breakthru Beverage Minnesota Beer, LLC",Coors Banquet Heritage 12pk 12oz btl,071990170370,12,1.9,7,14,11.33,159.0
St. Louis Park,"Breakthru Beverage Minnesota Beer, LLC",Heineken N/A 6pk 12oz can,072890006202,4,1.9,2,8,7.07,57.0
St. Louis Park,"Breakthru Beverage Minnesota Beer, LLC",Sociable Cider Werks HopAWheel,859990007137,8,1.9,2,12,7.17,86.0
St. Louis Park,"Breakthru Beverage Minnesota Beer, LLC",Coors Light 12pk 12oz can,071990000486,28,2.0,15,30,11.27,338.0
St. Louis Park,"Breakthru Beverage Minnesota Beer, LLC",White Claw Variety Pack #1 12pk 12oz can,635985548904,37,2.0,19,38,14.05,534.0
St. Louis Park,"Breakthru Beverage Minnesota Beer, LLC",Samuel Adams Boston Lager 6pk 12oz btl,087692100126,1,2.1,1,4,7.7,31.0
St. Louis Park,"Breakthru Beverage Minnesota Beer, LLC",Dogfish Head 30 Minute IPA 6pk 12oz can,638489008097,1,2.1,1,4,7.7,31.0
St. Louis Park,"Breakthru Beverage Minnesota Beer, LLC",Pilsner Urquell 6pk 12oz btl,072311630016,3,2.1,1,4,8.11,32.0
St. Louis Park,"Breakthru Beverage Minnesota Beer, LLC",Delirium Tremens 4pk 17oz can,815184010178,2,2.1,1,6,16.16,97.0
St. Louis Park,"Breakthru Beverage Minnesota Beer, LLC",Simply Spiked Bold Cherry 24oz can,810078781820,1,2.1,1,12,2.48,30.0
St. Louis Park,"Breakthru Beverage Minnesota Beer, LLC",Monaco Citrus Rush 12oz can,891278002298,4,2.1,1,12,1.9,23.0
St. Louis Park,"Breakthru Beverage Minnesota Beer, LLC",Kiran Ichiban 19.2oz can,040063192694,6,2.1,1,15,1.92,29.0
St. Louis Park,"Breakthru Beverage Minnesota Beer, LLC",Modelo Especial 6pk 12oz btl,080660957654,16,2.2,4,16,7.13,114.0
St. Louis Park,"Breakthru Beverage Minnesota Beer, LLC",Peroni 6pk 12oz btl,181954000022,6,2.3,2,8,7.97,64.0
St. Louis Park,"Breakthru Beverage Minnesota Beer, LLC",White Claw Grape 6pk 12oz can,635985803645,8,2.3,2,8,7.7,62.0
St. Louis Park,"Breakthru Beverage Minnesota Beer, LLC",Sociable Cider Werks Freewheeler 4pk 12oz can,859990007120,18,2.3,3,18,7.12,128.0
St. Louis Park,"Breakthru Beverage Minnesota Beer, LLC",Montucky Cold Snacks 12pk 12oz can,818490010597,5,2.4,2,4,11.43,46.0
St. Louis Park,"Breakthru Beverage Minnesota Beer, LLC",White Claw Surge Variety Pack 12pk 12oz can,635985800804,21,2.4,8,16,13.92,223.0
St. Louis Park,"Breakthru Beverage Minnesota Beer, LLC",Pacifico 6pk 12oz btl,080660953014,8,2.4,2,8,7.23,58.0
St. Louis Park,"Breakthru Beverage Minnesota Beer, LLC",Fosters Premium Ale 25oz can,070897183315,4,2.4,1,12,2.25,27.0
St. Louis Park,"Breakthru Beverage Minnesota Beer, LLC",Sun Cruiser Vodak Pink Lemonade 19.2oz can,087692023982,4,2.4,1,12,3.14,38.0
St. Louis Park,"Breakthru Beverage Minnesota Beer, LLC",Downeast Cider Imperial Mix 12pk 12oz can,850046644542,7,2.5,3,6,14.87,89.0
St. Louis Park,"Breakthru Beverage Minnesota Beer, LLC",Cayman Jack Variety Pack 12pk 12oz can,815829010044,3,2.6,1,2,13.81,28.0
St. Louis Park,"Breakthru Beverage Minnesota Beer, LLC",Sierra Nevada Pale Ale 6pk 12oz can,083783535419,6,2.6,1,4,8.45,34.0
St. Louis Park,"Breakthru Beverage Minnesota Beer, LLC",Montucky Cold Snack Lager 6pk 16oz can,818490010580,6,2.6,1,4,5.7,23.0
St. Louis Park,"Breakthru Beverage Minnesota Beer, LLC",Sun Cruiser Vodka Pink Lemonade 8pk 12oz can,087692023074,10,2.7,2,6,14.6,88.0
St. Louis Park,"Breakthru Beverage Minnesota Beer, LLC",Sun Cruiser Vodka Variety 8pk 12oz can,087692020301,15,2.7,3,9,14.65,132.0
St. Louis Park,"Breakthru Beverage Minnesota Beer, LLC",Smirnoff Ice 6pk 12oz btl,082000723851,5,2.7,1,4,7.47,30.0
St. Louis Park,"Breakthru Beverage Minnesota Beer, LLC",White Claw Surge Blood Orange 19.2oz can,635985802075,14,2.7,1,12,2.33,28.0
St. Louis Park,"Breakthru Beverage Minnesota Beer, LLC",New Belgium Voodoo Ranger G Force�19.2oz can,754527012779,14,2.7,1,15,1.96,29.0
St. Louis Park,"Breakthru Beverage Minnesota Beer, LLC",Stella Artois 6pk 12oz btl,786150000014,9,2.8,2,8,7.7,62.0
St. Louis Park,"Breakthru Beverage Minnesota Beer, LLC",Cayman Jack Sweet Heat Variety 12pk 12oz can,815829011966,4,2.9,1,2,13.28,27.0
St. Louis Park,"Breakthru Beverage Minnesota Beer, LLC",Truly Spiked Paradise Variety Pack 12pk 12oz can,087692023944,6,2.9,2,4,13.68,55.0
St. Louis Park,"Breakthru Beverage Minnesota Beer, LLC",Leffe Blonde Belgian 6pk 12oz btl,786150000304,2,2.9,1,4,7.82,31.0
St. Louis Park,"Breakthru Beverage Minnesota Beer, LLC",Sun Cruiser Vodka Lemonade 4pk 12oz can,087692024293,6,2.9,1,6,7.06,42.0
St. Louis Park,"Breakthru Beverage Minnesota Beer, LLC",Corona Extra 6pk 12oz btl,080660956053,20,3.0,2,8,6.97,56.0
St. Louis Park,"Breakthru Beverage Minnesota Beer, LLC",Modelo Especial 24pk 12oz btl,080660957760,5,3.1,2,2,25.29,51.0
St. Louis Park,"Breakthru Beverage Minnesota Beer, LLC",Labatt Blue 15pk 12oz can,070310010129,3,3.2,1,2,11.4,23.0
St. Louis Park,"Breakthru Beverage Minnesota Beer, LLC",Deschutes Black Butte Porter 6pk 12oz can,763176201205,3,3.2,1,4,7.7,31.0
St. Louis Park,"Breakthru Beverage Minnesota Beer, LLC",Coors Banquet 6pk 16oz can,071990100025,12,3.2,1,4,5.43,22.0
St. Louis Park,"Breakthru Beverage Minnesota Beer, LLC",Smirnoff Ice Smash Lemon Lime 23oz can,082000776918,3,3.2,1,12,2.24,27.0
St. Louis Park,"Breakthru Beverage Minnesota Beer, LLC",Pacifico Clara Lager 12pk 12oz can,033544950319,23,3.3,3,6,13.44,81.0
St. Louis Park,"Breakthru Beverage Minnesota Beer, LLC",White Claw Green Apple 6pk 12oz can,635985802747,13,3.3,1,4,7.7,31.0
St. Louis Park,"Breakthru Beverage Minnesota Beer, LLC",Modelo Especial Chelada 24oz can,080660957968,10,3.3,1,12,2.39,29.0
St. Louis Park,"Breakthru Beverage Minnesota Beer, LLC",Coors Light 12pk 12oz btl,071990300692,11,3.4,2,4,11.28,45.0
St. Louis Park,"Breakthru Beverage Minnesota Beer, LLC",Sierra Nevada Hazy Little Thing IPA 12pk 12oz can,083783531114,16,3.4,2,4,14.04,56.0
St. Louis Park,"Breakthru Beverage Minnesota Beer, LLC",Cayman Jack Margarita 6pk 12oz btl,815829010068,4,3.4,1,4,7.56,30.0
St. Louis Park,"Breakthru Beverage Minnesota Beer, LLC",Modelo Chelada Limon y Sal 24oz can,033544950609,16,3.4,1,12,2.38,29.0
St. Louis Park,"Breakthru Beverage Minnesota Beer, LLC",White Claw Surge Pineapple 19.2oz can,635985802709,23,3.4,1,12,2.33,28.0
St. Louis Park,"Breakthru Beverage Minnesota Beer, LLC",Downeast Cider Original Blend 6pk 12oz can,858612003397,5,3.6,1,4,8.82,35.0
St. Louis Park,"Breakthru Beverage Minnesota Beer, LLC",White Claw Black Cherry 6pk 12oz can,635985200253,15,3.6,1,4,7.71,31.0
St. Louis Park,"Breakthru Beverage Minnesota Beer, LLC",Angry Orchard Crisp Apple 12pk 12oz btl,087692000334,8,3.8,1,2,14.08,28.0
St. Louis Park,"Breakthru Beverage Minnesota Beer, LLC",Angry Orchard Crisp Apple 6pk 12oz btl,087692821021,7,3.8,1,4,8.03,32.0
St. Louis Park,"Breakthru Beverage Minnesota Beer, LLC",Angry Orchard Crisp Apple 12pk 12oz can,087692000839,10,3.9,1,2,14.13,28.0
St. Louis Park,"Breakthru Beverage Minnesota Beer, LLC",White Claw Blackberry 6pk 12oz can,635985801610,21,3.9,1,4,7.68,31.0
St. Louis Park,"Breakthru Beverage Minnesota Beer, LLC",Mike's Harder Cranberry 23oz can,635985249856,10,3.9,1,12,2.35,28.0
St. Louis Park,"Breakthru Beverage Minnesota Wine & Spirits, LLC",Monaco Blue Crush 12oz can,891278002458,-1,-0.2,2,24,1.93,46.0
St. Louis Park,"Breakthru Beverage Minnesota Wine & Spirits, LLC",Monaco Strawberry Hard Lemonade 12oz can,891278003370,0,0.0,1,12,1.9,23.0
St. Louis Park,"Breakthru Beverage Minnesota Wine & Spirits, LLC",Monaco Black Raspberry 12oz can,891278002304,3,1.8,1,12,1.95,23.0
St. Louis Park,"Capitol Beverage Sales, L.P.",Cutwater Peach Margerita 4pk 12oz can,816751022389,-28,-30.0,1,6,9.88,59.0
St. Louis Park,"Capitol Beverage Sales, L.P.",Carbliss Cranberry 4pk 12oz can,860001338560,-4,-8.6,1,6,8.89,53.0
St. Louis Park,"Capitol Beverage Sales, L.P.",Vodkade Zero Sugar Grape 8pk 12oz can,850066495193,0,0.0,2,6,15.72,94.0
St. Louis Park,"Capitol Beverage Sales, L.P.",War Pigs Lil' Geezer 6pk 12oz can,652682156133,0,0.0,1,4,9.0,36.0
St. Louis Park,"Capitol Beverage Sales, L.P.",Warpigs Imperial Geezer 6pk 12oz can,850025840194,0,0.0,1,4,9.0,36.0
St. Louis Park,"Capitol Beverage Sales, L.P.",Carbliss Lemon Lime 4pk 12oz can,860001338546,0,0.0,1,6,8.82,53.0
St. Louis Park,"Capitol Beverage Sales, L.P.",Cutwater Chocolate Espresso Martini 12oz can,816751024512,0,0.0,1,24,2.51,60.0
St. Louis Park,"Capitol Beverage Sales, L.P.",Surfside Iced Tea Variety Pack 12pk 12oz can,810171360564,2,0.8,5,10,22.75,228.0
St. Louis Park,"Capitol Beverage Sales, L.P.",Summit NA IPA 6pk 12oz can,025569142077,1,0.9,1,4,7.74,31.0
St. Louis Park,"Capitol Beverage Sales, L.P.",War Pigs Foggy Geezer 12pk 12oz can,865024000470,13,1.1,17,34,15.87,540.0
St. Louis Park,"Capitol Beverage Sales, L.P.",Cutwater Long Island Iced Tea 4pk 12oz can,816751021993,9,1.5,3,18,9.85,177.0
St. Louis Park,"Capitol Beverage Sales, L.P.",Summit Saga Imperial IPA 12pk 12oz can,025569191235,3,2.1,2,4,13.31,53.0
St. Louis Park,"Capitol Beverage Sales, L.P.",3 Floyds Turbo Reaper 6pk 12oz can,652682144130,2,2.9,1,4,9.0,36.0
St. Louis Park,"Capitol Beverage Sales, L.P.",Cutwater Lemon Drop 4pk 12oz can,816751023799,22,2.9,2,12,9.92,119.0
St. Louis Park,"Capitol Beverage Sales, L.P.",Carbliss Variety Pack 8pk 12oz can,860007988837,23,3.3,2,6,14.79,89.0
St. Louis Park,"Capitol Beverage Sales, L.P.",Kona Big Wave 25oz can,796030250965,5,3.6,1,15,2.08,31.0
St. Louis Park,"College City Beverage, Inc.",Carbliss Backyard Bliss Variety Pack 8pk 12oz can,860013475734,-1,-0.4,4,12,18.0,216.0
St. Louis Park,"College City Beverage, Inc.",Surfside Lemonade Variety 12pk 12oz can,810171360182,0,0.0,3,6,22.06,132.0
St. Louis Park,"College City Beverage, Inc.",Michelob Golden Light 15pk 16oz can,018200292514,1,0.9,4,4,17.57,70.0
St. Louis Park,"College City Beverage, Inc.",Lift Bridge Orange Drink 12pk 12oz can,685165386420,1,1.4,1,2,12.88,26.0
St. Louis Park,"College City Beverage, Inc.",Elysian Seasonal 6pk 12oz btl,817904000537,1,1.4,1,4,8.87,35.0
St. Louis Park,Dahlheimer Beverage Monticello,Summit Saga Variety 12pk 12oz can,025569191150,-54,-28.9,4,8,13.2,106.0
St. Louis Park,Dahlheimer Beverage Monticello,Summit Sampler Pack 12pk 12oz can,025569191136,-18,-25.7,2,4,13.2,53.0
St. Louis Park,Dahlheimer Beverage Monticello,Surly BA Darkness 2025 16oz can,810005492133,-1,-1.4,1,12,7.88,94.0
St. Louis Park,Dahlheimer Beverage Monticello,Samuel Adams Seasonal 2 6pk 12oz btl,087692300502,-3,-0.9,4,16,7.7,123.0
St. Louis Park,Dahlheimer Beverage Monticello,Lift Bridge Farm Day 6pk 12oz can,685165386710,0,0.0,1,4,8.47,34.0
St. Louis Park,Dahlheimer Beverage Monticello,Sam Adam's NA Octoberfest 6pk 12oz can,087692024446,0,0.0,2,8,7.7,62.0
St. Louis Park,Dahlheimer Beverage Monticello,Surly Darkness 2024 Cola 16oz can,810005491983,0,0.0,1,12,4.02,48.0
St. Louis Park,Dahlheimer Beverage Monticello,White Claw Mango 19.2oz can,635985802136,10,1.3,2,24,2.29,55.0
St. Louis Park,Dahlheimer Beverage Monticello,"Elm Creek Brewing Rare Candy Raspberry, Mango, Passionfruit 4pk 16oz can",860014914263,2,1.4,1,6,13.83,83.0
St. Louis Park,Dahlheimer Beverage Monticello,Coors Banquet 24pk 12oz can,071990116002,6,1.5,10,10,19.47,195.0
St. Louis Park,Dahlheimer Beverage Monticello,Coors Light 15pk 16oz can,071990095277,12,1.5,20,20,18.01,360.0
St. Louis Park,Dahlheimer Beverage Monticello,Lift Bridge Seltzer Cocktail Variety Pack 12pk 12oz can,685165383641,3,1.6,3,6,13.33,80.0
St. Louis Park,Dahlheimer Beverage Monticello,Coors Light 9pk 16oz can,071990301040,11,1.6,9,18,11.21,202.0
St. Louis Park,Dahlheimer Beverage Monticello,Sierra Nevada Hazy Little Thing IPA 6pk 12oz can,083783110104,6,2.0,2,8,8.45,68.0
St. Louis Park,Dahlheimer Beverage Monticello,Surly Furious 4pk 16oz can,893354001027,13,2.2,2,12,9.03,108.0
St. Louis Park,Dahlheimer Beverage Monticello,Corona N/A 12pk 12oz can,033544002261,5,3.1,1,2,13.64,27.0
St. Louis Park,Dahlheimer Beverage Monticello,Summit Oatmeal Stout 4pk 16oz can,025569013360,5,3.1,1,6,6.0,36.0
St. Louis Park,Dahlheimer Beverage Monticello,Athletic Paloma NA 4pk 12oz can,810061572244,3,3.2,1,6,8.51,51.0
St. Louis Park,Dahlheimer Beverage Monticello,Athletic Moscow Mule NA 4pk 12oz can,810061577416,3,3.2,1,6,8.51,51.0
St. Louis Park,Dahlheimer Beverage Monticello,Athletic Brewing Run Wild N/A 12pk 12oz can,855352008125,11,3.6,1,2,13.87,28.0
St. Louis Park,Dahlheimer Beverage Monticello,White Claw Black Cherry 19.2oz can,635985801986,26,3.8,1,12,2.33,28.0
St. Louis Park,Dahlheimer Beverage Monticello,Victoria Vicky Chamoy 24oz can,033544001745,12,4.0,1,12,2.37,28.0
St. Louis Park,Dangerous Man Brewing,Dangerous Man Pecan Brown 6pk 12oz can,646051492892,-4,-4.3,1,4,9.5,38.0
St. Louis Park,Dangerous Man Brewing,Dangerous Man Oktoberfest 6pk 12oz can,698596454798,1,0.5,2,8,9.0,72.0
St. Louis Park,Dangerous Man Brewing,Dangerous Man Watermelon Sour 6pk 12oz can,796520922969,1,0.7,2,8,9.78,78.0
St. Louis Park,Dangerous Man Brewing,Dangerous Man House IPA 6pk 12oz can,796520922808,2,1.7,1,4,9.39,38.0
St. Louis Park,Dangerous Man Brewing,Dangerous Man Peanut Butter Porter 6pk 12oz can,796520922792,6,2.0,2,8,8.89,71.0
St. Louis Park,Elm Creek Brewing Company,Elm Creek Hybrid Minds Variety Pack 4pk 16oz can,860011473237,1,0.9,1,6,13.83,83.0
St. Louis Park,Elm Creek Brewing Company,Elm Creek Geo Space 4pk 16oz can,860014914201,1,2.1,1,6,10.83,65.0
St. Louis Park,Falling Knife Brewing Company,Falling Knife Spaced Out 4pk 16oz can,850028434420,0,0.0,1,6,11.89,71.0
St. Louis Park,Falling Knife Brewing Company,Falling Knife Tomm's American Lager 4pk 16oz can,860004521457,9,2.8,1,6,8.15,49.0
St. Louis Park,Haggard Barrel Brewing Company LLC,Haggard Dad's Pale Ale 4pk 16oz can,721755017180,0,0.0,1,6,10.0,60.0
St. Louis Park,HeadFlyer Brewing,Headflyer What What Hazy IPA 4pk 16oz can,850009065186,-4,-5.7,1,6,11.39,68.0
St. Louis Park,"Hohensteins, Inc.",Founders Centennial IPA 15pk 12oz can,642860900054,0,0.0,1,2,14.69,29.0
St. Louis Park,"Hohensteins, Inc.",Bell's Two Hearted Ale 4pk 16oz can,740522110831,4,0.7,4,24,6.75,162.0
St. Louis Park,"Hohensteins, Inc.",Bell's Two Hearted Ale 19.2oz can,740522120861,8,1.0,2,30,1.9,57.0
St. Louis Park,"Hohensteins, Inc.",Bell's Two Hearted Ale 12pk 12oz can,740522110862,7,1.2,9,18,15.18,273.0
St. Louis Park,"Hohensteins, Inc.",Bell's Seasonal 2 6pk 12oz btl,740522104731,2,1.4,1,4,9.1,36.0
St. Louis Park,"Hohensteins, Inc.",Heineken 24oz can,072890001191,8,1.5,2,24,2.37,57.0
St. Louis Park,"Hohensteins, Inc.",Fulton Hard Seltzer Mixed Pack Citrus 12pk 12oz can,856247003973,3,1.6,3,6,13.92,84.0
St. Louis Park,"Hohensteins, Inc.",Paulaner Oktoberfest Marzen 12pk 11oz btl,080157030440,4,2.1,2,4,13.74,55.0
St. Louis Park,"Hohensteins, Inc.",Lagunitas Daytime IPA 12pk 12oz can,723830106123,4,2.1,2,4,11.98,48.0
St. Louis Park,"Hohensteins, Inc.",Fulton Lonely Blonde 6pk 12oz can,810023141631,7,3.0,1,4,7.5,30.0
St. Louis Park,"Hohensteins, Inc.",Bell's Two Hearted Ale 6pk 12oz btl,740522100832,9,3.0,1,4,9.0,36.0
St. Louis Park,"Hohensteins, Inc.",Hamm's 6pk 16oz can,03417315,17,3.3,1,4,5.13,21.0
St. Louis Park,"Hohensteins, Inc.",Warsteiner Oktoberfest 12pk 11oz Can,082054807613,8,3.4,1,2,16.29,33.0
St. Louis Park,"Hohensteins, Inc.",Paulaner Original Munich Lager 4pk 17oz can,080157311648,6,3.7,1,6,7.25,44.0
St. Louis Park,"Hohensteins, Inc.",Indeed Variety Pack 12pk 12oz can,852004004047,11,3.9,1,2,15.14,30.0
St. Louis Park,Insight Brewing Company (D),Insight Bandwagon DDH Hazy 4pk 16oz can,850033550948,-2,-8.6,1,6,51.18,307.0
St. Louis Park,Insight Brewing Company (D),Insight Audio Visual 4pk 16oz can,850077712593,-2,-4.3,1,6,11.53,69.0
St. Louis Park,Insight Brewing Company (D),Insight Schickenmode Festbier 4pk 16oz can,850033550108,2,1.4,1,6,9.72,58.0
St. Louis Park,Insight Brewing Company (D),Insight Hop Wheels DDH Hazy IPA 4pk 16oz can,850033550764,2,2.1,1,6,11.41,68.0
St. Louis Park,Insight Brewing Company (D),Insight Troll Way 4pk 16oz can,854042006014,6,2.6,1,6,10.16,61.0
St. Louis Park,Luce Line Brewing,Luce Line Window Shopping 4pk 16oz can,608870976823,0,0.0,1,6,13.25,79.0
St. Louis Park,Luce Line Brewing,Luce Line Ok Hazy IPA 4pk 16oz can,732388681235,2,2.9,1,6,12.12,73.0
St. Louis Park,Lucid Brewing LLC Dba Inbound Brewco,Inbound Zum Wohl Oktoberfestbier 4pk 16oz can,854249004936,0,0.0,1,6,7.67,46.0
St. Louis Park,Lucid Brewing LLC Dba Inbound Brewco,Inbound Speacial Treat Scotchroo Cream Ale 4pk 16oz can,854249004912,3,3.2,1,6,7.67,46.0
St. Louis Park,Lupulin Brewing Company,Lupulin Performance Jorts 4pk 16oz can,850068928767,2,2.1,1,6,9.78,59.0
St. Louis Park,McDonald Distributing Co dba Clear River Beverage,Deschutes N/A Fresh Squeezed 6pk 12oz cans,763176619062,-11,-5.9,2,8,7.69,62.0
St. Louis Park,McDonald Distributing Co dba Clear River Beverage,Press Sparkling Synergy Variety 12pk 12oz can,852313004950,-1,-4.3,1,2,13.47,27.0
St. Louis Park,McDonald Distributing Co dba Clear River Beverage,Coronado Rotator 4pk 16oz can,850000406780,0,0.0,1,6,11.08,67.0
St. Louis Park,McDonald Distributing Co dba Clear River Beverage,Allagash White Ale 4pk 16oz can,603675101777,2,1.4,1,6,9.79,59.0
St. Louis Park,McDonald Distributing Co dba Clear River Beverage,2 Towns Cosmic Crisp 19.2oz can,850017944558,1,2.1,1,12,3.0,36.0
St. Louis Park,Mega Beer LLC,56 Brewing Big 11 4pk 16oz can,615867915390,0,0.0,1,6,9.43,57.0
St. Louis Park,Mega Beer LLC,Drekker CHONK Mixed Pack 6pk 12oz can,867530966714,1,1.4,1,4,16.75,67.0
St. Louis Park,Mega Beer LLC,Drekker Hauster Hosen Marzen 4pk 16oz can,867530933570,2,2.1,1,6,10.88,65.0
St. Louis Park,MetroNOME Brewery,Metronome Jam Session Sour Lingonberry 4pk 16oz can,704260012116,0,0.0,1,6,10.17,61.0
St. Louis Park,Modist Brewing Company,Modist Supra Sea Salt Lime Deluxe 6pk 12oz can,810095560668,2,1.4,1,4,7.95,32.0
St. Louis Park,Old World Beers,Tucher Nurnberger Pils 4pk 16oz can,608782504275,4,3.4,1,6,10.0,60.0
St. Louis Park,Phillips Wine & Spirits - St. Paul,Sunny D Variety Pack 8pk 12oz can,050200003486,-3,-12.9,1,3,15.39,46.0
St. Louis Park,Phillips Wine & Spirits - St. Paul,Two Chicks Craft Cocktail Variety Pack 8pk 12oz can,850003574172,0,0.0,1,3,13.99,42.0
St. Louis Park,Phillips Wine & Spirits - St. Paul,Two Chicks Paloma 4pk 12oz can,850003574028,9,3.5,1,6,7.8,47.0
St. Louis Park,"Pryes Brewing Company, LLC",Pryes Variety Pack Mix #3 12pk 12oz can,850073046012,8,2.4,3,6,13.05,78.0
St. Louis Park,"Pryes Brewing Company, LLC",Pryes Royal Raspberry Sour 12pk 12oz can,850013268559,11,2.6,3,6,15.1,91.0
St. Louis Park,"Pryes Brewing Company, LLC",Pryes PryesFest 4pk 16oz can,850013268900,10,2.9,1,6,8.29,50.0
St. Louis Park,"Pryes Brewing Company, LLC",Pryes Glamorama IPA 4pk 16oz can,850013268825,7,3.3,1,6,10.45,63.0
St. Louis Park,Single Can,Cutwater Long Island 12oz can,816751021986,0,0.0,1,24,2.46,59.0
St. Louis Park,Single Can,Cutwater Strawberry Margarita 12oz can,816751022440,0,0.0,1,24,2.47,59.0
St. Louis Park,Single Can,Cutwater Pina Colada 12oz Can,816751022471,0,0.0,1,24,2.47,59.0
St. Louis Park,Single Can,Cutwater Pineapple Margarita 12oz can,816751022785,0,0.0,1,24,2.46,59.0
St. Louis Park,Single Can,Cutwater Espresso Martini 12oz Can,816751023720,0,0.0,1,24,2.48,60.0
St. Louis Park,Single Can,Cutwater Tiki Rum Mai Tai 12oz can,816751021665,0,0.0,1,24,1.72,41.0
St. Louis Park,Single Can,Cutwater White Russian 12oz can,816751022051,0,0.0,1,24,2.47,59.0
St. Louis Park,Single Can,Cutwater Tequila Lime Margarita 12oz can,816751021214,0,0.0,1,24,2.28,55.0
St. Louis Park,Single Can,Cutwater Lemon Drop 4pk 12oz can,816751023782,0,0.0,1,24,2.48,60.0
St. Louis Park,"Unmapped Brewing Company, LLC",Unmapped Adrift Hazy IPA 4pk 16oz can,064973164855,2,0.9,2,12,10.33,124.0
St. Louis Park,Urban Growler Brewing Company,Urban Growler Minnow Bite 4pk 16oz can,850007526368,1,1.4,1,6,8.0,48.0
St. Louis Park,Urban Growler Brewing Company,Urban Growler Oktoberfest 4pk 16oz can,867978000377,2,2.1,1,6,10.17,61.0
St. Louis Park,Urban Growler Brewing Company,Urban Growler Hot Blonde Jalapeno Blonde Ale 4pk 16oz can,850007526689,5,2.7,1,6,7.96,48.0
St. Louis Park,Ursa Minor Brewing,Ursa Minor Galactic Face Slap 4pk 16oz can,051497121747,15,3.6,1,6,10.76,65.0
St. Louis Park,Venn Brewing Co.,Venn Fest 4pk 16oz can,850013255221,0,0.0,1,6,7.5,45.0
St. Louis Park,Venn Brewing Co.,Venn Golf Beer American Wheat 4pk 16oz can,850013255450,0,0.0,1,6,7.78,47.0
St. Louis Park,Venn Brewing Co.,Venn Northodox IPA 4pk 16oz can,400000003474,1,0.4,2,12,9.66,116.0
St. Louis Park,,Bent Paddle Light Lager  12pk 12oz can,850024846326,-162,-49.6,14,14,11.7,164.0
St. Louis Park,,White Claw Pineapple 6pk 12oz can,635985000440,-23,-24.6,4,4,7.65,31.0
St. Louis Park,,Spiral Brewing Townie 4pk 16oz can,860001121704,-11,-23.6,2,2,9.52,19.0
St. Louis Park,,Tucher Festbier 4pk 16oz can,608782504206,-25,-21.4,5,5,9.3,46.0
St. Louis Park,,Carbliss Peach 4pk 12oz can,86000981953,-5,-21.4,1,1,8.83,9.0
St. Louis Park,,Spiral Brewing Mississippi Fog 4pk 16oz can,860001121766,-11,-15.7,3,3,10.99,33.0
St. Louis Park,,Hinterland Saving Gracie Juicy IPA 4pk 12oz can,742832076500,-14,-15.0,4,4,10.67,43.0
St. Louis Park,,Drekker Chonk Sour 4pk 16oz can,867530908578,-6,-12.9,2,2,17.44,35.0
St. Louis Park,,Headflyer Gold Medal Lager 4pk 16oz can,850009065858,-12,-8.6,6,6,8.39,50.0
St. Louis Park,,Summit Lake Crusher/Winter 12pk 12oz can,025569195554,-59,-8.4,28,28,12.29,344.0
St. Louis Park,,Simply Spiked Limeade Variety 12pk 12oz can,810078781158,-4,-5.7,3,3,13.36,40.0
St. Louis Park,,Dual Citizen Lake State Lager 4pk 16oz can,630128520960,-5,-4.3,5,5,8.56,43.0
St. Louis Park,,Michelob Ultra Amber 12pk 12oz btl,018200109874,-1,-4.3,1,1,11.18,11.0
St. Louis Park,,Deschutes Fresh Squeezed IPA 6pk 12oz can,763176120070,-5,-1.9,11,11,7.22,79.0
St. Louis Park,,New Belgium Fat Tire 12pk 12oz can,754527001612,-1,-1.1,4,4,13.0,52.0
St. Louis Park,,Luce Line Foggy Bottom 4pk 16oz can,793888657472,-1,-0.4,10,10,10.61,106.0
St. Louis Park,,Hard Mtn Dew Livewire 24oz can,840262400169,0,0.0,1,1,2.47,2.0
St. Louis Park,,Press Sparkling Blackberry Hibiscus 12pk 12oz can,852313004936,0,0.0,1,1,13.92,14.0
St. Louis Park,,Steel Toe Sommer Vice 6pk 12oz can,855123003380,0,0.0,1,1,9.28,9.0
St. Louis Park,,NUTRL Lemonade Variety Pack 8pk 12oz can,018200203398,0,0.0,3,3,14.95,45.0
St. Louis Park,,Sierra Nevada N/A Hazy IPA 6pk 12oz can,083783675856,0,0.0,2,2,8.45,17.0
St. Louis Park,,Spaten Franziskaner Hefe Weiss 6pk 12oz btl,088394000332,0,0.0,3,3,7.14,21.0
St. Louis Park,,Stone IPA 12pk 12oz can,636251740947,0,0.0,3,3,14.48,43.0
St. Louis Park,,Stone Arrogant Bastard 6pk 16oz can,636251745010,0,0.0,3,3,10.5,32.0
St. Louis Park,,Excelsior Brewing Big Island Citrus Blonde 6pk 12oz can,719104789246,0,0.0,2,2,8.42,17.0
St. Louis Park,,Dos Equis Lager Especial 12pk 12oz can,072311412131,0,0.0,5,5,13.81,69.0
St. Louis Park,,Spaten Lager 6pk 12oz btl,088394000028,0,0.0,4,4,8.1,32.0
St. Louis Park,,Milk & Honey Heirloom Cider 4pk 12oz btl,611138732918,0,0.0,5,5,10.56,53.0
St. Louis Park,,Lagunitas Hazy IPNA 6pk 12oz can,723830200081,0,0.0,4,4,6.75,27.0
St. Louis Park,,Steel Toe Split Point Pilsner 6pk 12oz can,855123003397,0,0.0,5,5,9.5,48.0
St. Louis Park,,White Claw Ruby Grapefruit 6pk 12oz can,635985200284,0,0.0,9,9,7.71,69.0
St. Louis Park,,Natural Ice 25oz can,018200250088,0,0.0,13,13,1.9,25.0
St. Louis Park,,Bud Light 24pk 12oz can,018200531682,0,0.0,15,15,19.66,295.0
St. Louis Park,,New Belgium Voodoo Ranger Imperial IPA 6pk 12oz btl,754527004217,0,0.0,16,16,8.45,135.0
St. Louis Park,,Bud Light 12pk 12oz btl,018200007699,1,0.3,15,15,11.27,169.0
St. Louis Park,,Lift Bridge Grape Ape 12pk 12oz can,685165386000,1,0.4,9,9,12.88,116.0
St. Louis Park,,Truly Lemonade Seltzer Mixed Pack 12pk 12oz can,087692009917,1,0.4,11,11,13.8,152.0
St. Louis Park,,Michelob Golden Light 24pk 16oz can,018200283963,2,0.4,21,21,21.6,454.0
St. Louis Park,,Lupulin Oktoberfest 4pk 16oz can,857492006672,1,0.6,6,6,9.35,56.0
St. Louis Park,,Pabst Blue Ribbon 12pk 12oz can,022100001701,1,0.7,5,5,9.49,47.0
St. Louis Park,,Grain Belt Premium 24pk 16oz can,088067088100,1,0.7,5,5,21.75,109.0
St. Louis Park,,Natural Ice 15pk 12oz can,018200284434,1,0.9,4,4,9.65,39.0
St. Louis Park,,Steel Toe Size 7 6pk 12oz can,855123003168,27,1.0,77,77,9.5,732.0
St. Louis Park,,Blue Moon 6pk 12oz btl,071990095116,4,1.1,10,10,7.84,78.0
St. Louis Park,,Athletic Free Wave N/A 12pk 12oz can,855352008774,4,1.1,11,11,14.07,155.0
St. Louis Park,,Pryes Miraculum Midwest IPA 4pk 16oz can,860488001605,5,1.1,14,14,7.35,103.0
St. Louis Park,,War Pigs Foggy Geezer 6pk 12oz can,865024000418,5,1.1,14,14,9.0,126.0
St. Louis Park,,Utepils Receptional 12pk 12oz can,852449007269,2,1.2,5,5,15.38,77.0
St. Louis Park,,High Gravity Earthquake 24oz can,895216001091,7,1.2,18,18,1.25,22.0
St. Louis Park,,Stella Artois 12pk 11oz can,018200202490,9,1.2,22,22,13.47,296.0
St. Louis Park,,Stone IPA Variety Pack 12pk 12oz can,636251744433,1,1.4,2,2,14.51,29.0
St. Louis Park,,Hard MTN Dew Baja Blast Variety 12pk 12oz can,840262400251,1,1.4,2,2,14.33,29.0
St. Louis Park,,Schilling Mango Excelsior 6pk 12oz can,856793004530,1,1.4,2,2,10.38,21.0
St. Louis Park,,Elm Creek Muligans 4pk 16oz can,860009889507,1,1.4,2,2,11.75,23.0
St. Louis Park,,Arnold Palmer Spiked 6pk 12oz can,613008748333,2,1.4,4,4,7.12,28.0
St. Louis Park,,Elm Creek Bottom Dollar 4pk 16oz can,860011473268,2,1.4,4,4,10.71,43.0
St. Louis Park,,Budweiser 25oz can,018200250002,3,1.4,6,6,2.01,12.0
St. Louis Park,,New Belgium Voodoo Ranger Juicy Haze IPA 12pk 12oz can,754527011376,3,1.4,6,6,13.19,79.0
St. Louis Park,,Not Your Father's Root Beer 6pk 12oz btl,849806000605,3,1.6,5,5,7.8,39.0
St. Louis Park,,Stone IPA 6pk 12oz can,636251743351,4,1.6,7,7,8.63,60.0
St. Louis Park,,Grain Belt Nordeast 24pk 16oz can,088067088056,4,1.7,6,6,21.66,130.0
St. Louis Park,,Deschutes Fresh Squeezed IPA 6pk 12oz btl,763176120063,4,1.7,6,6,7.7,46.0
St. Louis Park,,Stone Delicious IPA 6pk 12oz can,636251743542,3,1.8,4,4,9.0,36.0
St. Louis Park,,Utepils Helles 12pk 12oz can,852449007146,3,1.8,4,4,15.42,62.0
St. Louis Park,,Steel Toe Size 4 6pk 12oz can,855123003274,15,1.8,19,19,9.0,171.0
St. Louis Park,,Summit Extra Pale Ale 12pk 12oz can,025569243552,18,1.9,21,21,13.29,279.0
St. Louis Park,,Gruvi Golden 6pk 12oz can,628504959015,1,2.1,1,1,10.25,10.0
St. Louis Park,,Stone Fear Movie Lions 6pk 16oz can,636251742149,1,2.1,1,1,10.43,10.0
St. Louis Park,,Deschutes Fresh Haze 6pk 12oz can,763176180074,4,2.1,4,4,7.7,31.0
St. Louis Park,,Athletic Brewing Upside Dawn N/A 12pk 12oz can,855352008132,5,2.1,5,5,13.72,69.0
St. Louis Park,,Summit Winter 4pk 16oz can,025569153561,12,2.1,12,12,6.0,72.0
St. Louis Park,,Modist Supra Deluxe 4pk 16oz can,858056008262,8,2.3,6,6,7.7,46.0
St. Louis Park,,Bud Light Lime 6pk 12oz btl,018200149917,4,2.4,3,3,7.39,22.0
St. Louis Park,,Loon Juice Honey Crisp 6pk 12oz can,866375000027,5,2.4,4,4,8.25,33.0
St. Louis Park,,Falling Knife Verbal Tip 4pk 16oz can,860004521402,14,2.4,10,10,12.03,120.0
St. Louis Park,,Surly Oktoberfest 12pk 12oz can,810005490085,13,2.5,8,8,13.26,106.0
St. Louis Park,,Summit Extra Pale Ale 12pk 12oz btl,025569241732,16,2.5,10,10,13.33,133.0
St. Louis Park,,Michelob Ultra 24pk 12oz can,018200967153,23,2.5,15,15,21.64,325.0
St. Louis Park,,White Claw Variety Pack #3 12pk 12oz can,635985800262,35,2.5,21,21,13.91,292.0
St. Louis Park,,Miller High Life 6pk 12oz btl,034100015053,3,2.6,2,2,5.59,11.0
St. Louis Park,,Excelsior Big Island Blonde Ale  6pk 12oz can,719104789345,3,2.6,2,2,8.38,17.0
St. Louis Park,,Lagunitas IPNA 6pk 12oz can,723830137004,3,2.6,2,2,6.79,14.0
St. Louis Park,,Fulton Sweet Child of Vine 6pk 12oz can,810023141648,3,2.6,2,2,7.5,15.0
St. Louis Park,,Pryes Pragmatic Pils 4pk 16oz can,850013268023,8,2.6,5,5,7.33,37.0
St. Louis Park,,Stella Artois 25oz can,018200261244,7,2.7,4,4,2.59,10.0
St. Louis Park,,Lupulin Hooey IPA 4pk 16oz can,857492006092,7,2.7,4,4,11.0,44.0
St. Louis Park,,3 Floyds Zombie Dust 6pk 12oz can,652682034134,2,2.9,1,1,9.96,10.0
St. Louis Park,,Oliphant Super Squishy 4pk 16oz can,723466975582,2,2.9,1,1,11.0,11.0
St. Louis Park,,Headflyer Wicked Fast Ball 4pk 16oz can,850009065889,4,2.9,2,2,9.29,19.0
St. Louis Park,,Schilling London Dry 6pk 12oz can,856793004233,4,2.9,2,2,9.75,20.0
St. Louis Park,,Surly Furious 12pk 12oz can,893354001515,38,2.9,15,15,15.41,231.0
St. Louis Park,,Sun Cruiser Lemonade Iced Tea 8pk 12oz can,087692021421,7,3.0,3,3,14.4,43.0
St. Louis Park,,Blue Moon Light Sky 6pk 12oz can,071990095918,5,3.1,2,2,7.46,15.0
St. Louis Park,,Peroni 0.0 N/A 6pk 12oz btl,181954001074,5,3.1,2,2,8.5,17.0
St. Louis Park,,Nutrl Cranberry 4pk 12oz can,018200203725,3,3.2,1,1,7.61,8.0
St. Louis Park,,3 Floyds Gumball Head 6pk 12oz can,652682012132,3,3.2,1,1,9.0,9.0
St. Louis Park,,Good Boy Vodka Cocktail Variety Pack 8pk 12oz can,850041804156,3,3.2,1,1,16.03,16.0
St. Louis Park,,Summit Extra Pale Ale 4pk 16oz can,025569243163,14,3.2,4,4,6.0,24.0
St. Louis Park,,Michelob Golden Light 12pk 12oz can,018200006937,25,3.2,6,6,11.29,68.0
St. Louis Park,,Bent Paddle Bent Hop 6pk 12oz cans,858106004398,7,3.3,2,2,9.24,18.0
St. Louis Park,,Busch Light 12pk 12oz can,018200008016,10,3.3,3,3,10.61,32.0
St. Louis Park,,Truly Party Pack 12pk 12oz can,087692018506,4,3.4,1,1,13.91,14.0
St. Louis Park,,Stone Delicious Variety 12pk 12oz can,636251746680,4,3.4,1,1,14.14,14.0
St. Louis Park,,Pryes Pragmatic Classic Pils 12pk 12oz can,850013268313,11,3.4,3,3,11.61,35.0
St. Louis Park,,Truly Spiked Berry Variety 12pk 12oz can,087692006862,9,3.5,2,2,14.25,28.0
St. Louis Park,,Truly Seltzer Strawberry Lemonade 24oz can,087692011682,13,3.5,2,2,2.31,5.0
St. Louis Park,,Surly Furious 6pk 12oz can,893354001904,13,3.5,2,2,8.46,17.0
St. Louis Park,,Michelob Golden Light 12pk 12oz btl,018200006975,14,3.5,2,2,11.29,23.0
St. Louis Park,,Lagunitas Uncensored Punch 19.2oz can,723830200180,5,3.6,1,1,1.77,2.0
St. Louis Park,,Deschutes Fresh Squeezed IPA 19.2oz can,763176130192,6,3.7,1,1,2.1,2.0
St. Louis Park,,Happy Dad Grape 12pk 12oz can,850046522154,6,3.7,1,1,13.79,14.0
St. Louis Park,,NUTRL Fruit Variety Pack 8pk 12oz can,018200203527,8,3.8,1,1,14.99,15.0
St. Louis Park,,White Claw Variety Pack  #2 12pk 12oz can,635985800064,29,3.9,1,1,13.88,14.0
Stillwater,Artisan Beer,Grain Belt Premium 24pk 12oz can,088067085000,-1,-1.4,3,3,20.1,60.0
Stillwater,Artisan Beer,Toppling Goliath Pseudo Sue 12pk 12oz can,810458034737,3,1.8,2,4,20.0,80.0
Stillwater,Bernicks,Guinness Zero N/A 8pk 15oz can,083820125900,-3,-12.9,1,3,12.77,38.0
Stillwater,Bernicks,Castle Danger Variety Pack 12pk 12oz can,856306005542,-3,-6.4,1,2,15.6,31.0
Stillwater,Bernicks,Miller Lite 9pk 16oz can,034100570231,-7,-4.3,4,8,11.23,90.0
Stillwater,Bernicks,Grain Belt Nordeast 12pk 16oz can,088067088650,-5,-4.3,3,6,12.3,74.0
Stillwater,Bernicks,Grain Belt Nordeast 12pk 12oz btl,088067088254,0,0.0,2,4,11.84,47.0
Stillwater,Bernicks,Strongbow Original Dry Hard Cider 4pk 17oz can,088345102207,0,0.0,2,12,5.57,67.0
Stillwater,Bernicks,Leinenkugel's Sum Shandy 12pk 12oz can,034100516093,3,0.8,7,14,12.92,181.0
Stillwater,Bernicks,New Belgium Juice Force 12pk 12oz can,754527012021,3,0.9,6,12,13.48,162.0
Stillwater,Bernicks,Leinenkugel's Berry Weiss 6pk 12oz btl,034100255053,1,1.4,1,4,7.71,31.0
Stillwater,Bernicks,Grain Belt Nordeast 24pk 12oz can,088067088063,2,2.1,2,2,20.03,40.0
Stillwater,Bernicks,Grain Belt Premium 12pk 16oz can,088067088209,3,2.1,2,4,12.34,49.0
Stillwater,Bernicks,Heineken 12pk 12oz btl,072890000163,7,2.1,4,8,13.31,106.0
Stillwater,Bernicks,Leinenkugel's Honey Weiss 6pk 12oz btl,034100485054,9,2.8,2,8,7.72,62.0
Stillwater,Bernicks,Miller Lite 6pk 16oz can,03435719,13,3.1,1,4,5.45,22.0
Stillwater,Bernicks,Heineken 6pk 12oz btl,072890000118,3,3.2,1,4,7.33,29.0
Stillwater,Bernicks,New Belgium Juice Force Hazy IPA 19.2oz can,754527011710,14,3.2,1,15,1.99,30.0
Stillwater,Bernicks,Castle Danger Cream Ale 12pk 12oz can,856306005559,7,3.3,1,2,15.34,31.0
Stillwater,Bernicks,Miller Lite 15pk 16oz can,034100577070,4,3.4,1,1,17.9,18.0
Stillwater,Bernicks,New Belgium Voodoo Ranger Juice Force 6pk 12oz can,754527011727,4,3.4,1,4,8.45,34.0
Stillwater,Bernicks,Miller Lite 12pk 12oz can,034100576363,19,3.7,1,2,11.3,23.0
Stillwater,"Breakthru Beverage Minnesota Beer, LLC",Sierra Nevada Pale Ale 19.2oz can,083783375534,-34,-72.9,1,12,2.45,29.0
Stillwater,"Breakthru Beverage Minnesota Beer, LLC",Captain Morgan Sliced Variety 12pk 12oz can,082000802754,-2,-8.6,1,2,13.47,27.0
Stillwater,"Breakthru Beverage Minnesota Beer, LLC",Sierra Nevada Oktoberfest/Celebration 12pk 12oz can,083783228120,-7,-5.0,3,6,14.36,86.0
Stillwater,"Breakthru Beverage Minnesota Beer, LLC",Samuel Adams Variety Pack 12pk 12oz can,087692003588,-5,-4.3,3,6,12.99,78.0
Stillwater,"Breakthru Beverage Minnesota Beer, LLC",Dos Equis Ambar 12pk 12oz btl,072311331401,-1,-4.3,1,2,12.99,26.0
Stillwater,"Breakthru Beverage Minnesota Beer, LLC",Samuel Adams Gold Rush N/A 6pk 12oz can,087692016182,-2,-4.3,1,4,7.7,31.0
Stillwater,"Breakthru Beverage Minnesota Beer, LLC",Twisted Tea Peach 24oz can,087692004905,-1,-2.1,1,12,2.35,28.0
Stillwater,"Breakthru Beverage Minnesota Beer, LLC",Hard MTN Dew Variety Pack 12pk 12oz can,840262400138,0,0.0,2,4,13.71,55.0
Stillwater,"Breakthru Beverage Minnesota Beer, LLC",Twisted Tea Mix Pack 12pk 12oz can,087692003786,0,0.0,7,14,13.38,187.0
Stillwater,"Breakthru Beverage Minnesota Beer, LLC",Dos Equis Lager Especial 6pk 12oz btl,072311630122,0,0.0,2,8,7.43,59.0
Stillwater,"Breakthru Beverage Minnesota Beer, LLC",Coors Light 6pk 16oz can,071990320003,0,0.0,9,36,5.41,195.0
Stillwater,"Breakthru Beverage Minnesota Beer, LLC",Fresca Mixed Vodka Spritz 4pk 12oz can,810078780687,0,0.0,3,18,7.5,135.0
Stillwater,"Breakthru Beverage Minnesota Beer, LLC",Coors Banquet 12pk 12oz can,071990000479,2,0.8,5,10,11.22,112.0
Stillwater,"Breakthru Beverage Minnesota Beer, LLC",Kirin Ichiban 12pk 12oz can,040063100903,1,0.9,2,4,11.81,47.0
Stillwater,"Breakthru Beverage Minnesota Beer, LLC",Sierra Nevada Hop Splash 6pk 12oz can,083783675290,1,0.9,1,4,8.22,33.0
Stillwater,"Breakthru Beverage Minnesota Beer, LLC",White Claw Grape 6pk 12oz can,635985803645,5,0.9,5,20,7.7,154.0
Stillwater,"Breakthru Beverage Minnesota Beer, LLC",Coors Light 12pk 12oz can,071990000486,12,1.1,15,30,11.27,338.0
Stillwater,"Breakthru Beverage Minnesota Beer, LLC",White Claw Natural Lime 6pk 12oz can,635985025986,7,1.1,5,20,7.71,154.0
Stillwater,"Breakthru Beverage Minnesota Beer, LLC",Sociable Cider Werks Freewheeler 4pk 12oz can,859990007120,2,1.1,1,6,7.12,43.0
Stillwater,"Breakthru Beverage Minnesota Beer, LLC",White Claw Variety Pack #3 12pk 12oz can,635985800262,13,1.2,16,32,13.91,445.0
Stillwater,"Breakthru Beverage Minnesota Beer, LLC",New Belgium Voodoo Ranger G Force�19.2oz can,754527012779,10,1.2,2,30,1.96,59.0
Stillwater,"Breakthru Beverage Minnesota Beer, LLC",Blue Moon Belgian White N/A 6pk 12oz can,071990001049,3,1.3,2,8,7.86,63.0
Stillwater,"Breakthru Beverage Minnesota Beer, LLC",White Claw Ruby Grapefruit 6pk 12oz can,635985200284,5,1.3,3,12,7.71,92.0
Stillwater,"Breakthru Beverage Minnesota Beer, LLC",Keystone Light 15pk 12oz can,071990480455,2,1.4,2,4,10.05,40.0
Stillwater,"Breakthru Beverage Minnesota Beer, LLC",Downeast Cider Apple Pie 6pk 12oz can,850046644719,2,1.4,1,4,8.82,35.0
Stillwater,"Breakthru Beverage Minnesota Beer, LLC",White Claw Black Cherry 6pk 12oz can,635985200253,7,1.5,3,12,7.71,93.0
Stillwater,"Breakthru Beverage Minnesota Beer, LLC",Modelo Especial 24pk 12oz can,080660957104,4,1.6,7,7,22.69,159.0
Stillwater,"Breakthru Beverage Minnesota Beer, LLC",White Claw Black Cherry 12pk 12oz can,635985260899,21,1.7,14,28,14.09,394.0
Stillwater,"Breakthru Beverage Minnesota Beer, LLC",Twisted Tea 12pk 12oz can,087692831341,5,1.8,4,8,13.44,108.0
Stillwater,"Breakthru Beverage Minnesota Beer, LLC",White Claw Surge Variety Pack 12pk 12oz can,635985800804,8,1.8,5,10,13.92,139.0
Stillwater,"Breakthru Beverage Minnesota Beer, LLC",Pacifico 6pk 12oz btl,080660953014,6,1.8,2,8,7.23,58.0
Stillwater,"Breakthru Beverage Minnesota Beer, LLC",Pacifico 12pk 12oz btl,080660953151,7,1.9,4,8,13.31,106.0
Stillwater,"Breakthru Beverage Minnesota Beer, LLC",White Claw Variety Pack  #2 12pk 12oz can,635985800064,13,1.9,8,16,13.88,222.0
Stillwater,"Breakthru Beverage Minnesota Beer, LLC",Corona Extra 6pk 12oz btl,080660956053,7,2.0,2,8,6.97,56.0
Stillwater,"Breakthru Beverage Minnesota Beer, LLC",White Claw Variety Pack #1 12pk 12oz can,635985548904,17,2.1,8,16,14.05,225.0
Stillwater,"Breakthru Beverage Minnesota Beer, LLC",Angry Orchard Crisp Apple 6pk 12oz btl,087692821021,3,2.1,1,4,8.03,32.0
Stillwater,"Breakthru Beverage Minnesota Beer, LLC",Downeast Cider Original Blend 6pk 12oz can,858612003397,3,2.1,1,4,8.82,35.0
Stillwater,"Breakthru Beverage Minnesota Beer, LLC",Monaco Citrus Rush 12oz can,891278002298,8,2.1,1,12,1.9,23.0
Stillwater,"Breakthru Beverage Minnesota Beer, LLC",Modelo Especial 12pk 12oz btl,080660957579,17,2.2,7,14,13.35,187.0
Stillwater,"Breakthru Beverage Minnesota Beer, LLC",Coors Light 24pk 16oz can,071990301286,36,2.3,26,26,21.49,559.0
Stillwater,"Breakthru Beverage Minnesota Beer, LLC",Coors Light 24oz can,071990300654,9,2.4,1,12,2.28,27.0
Stillwater,"Breakthru Beverage Minnesota Beer, LLC",White Claw Surge Blood Orange 19.2oz can,635985802075,9,2.4,1,12,2.33,28.0
Stillwater,"Breakthru Beverage Minnesota Beer, LLC",Coors Light 12pk 12oz btl,071990300692,7,2.5,3,6,11.28,68.0
Stillwater,"Breakthru Beverage Minnesota Beer, LLC",Stella Artois 12pk 11oz btl,786150000144,3,2.6,1,2,11.09,22.0
Stillwater,"Breakthru Beverage Minnesota Beer, LLC",Coors Banquet Heritage 12pk 12oz btl,071990170370,6,2.6,2,4,11.33,45.0
Stillwater,"Breakthru Beverage Minnesota Beer, LLC",Mike's Harder Cranberry 23oz can,635985249856,16,2.6,1,12,2.35,28.0
Stillwater,"Breakthru Beverage Minnesota Beer, LLC",Samuel Adams Boston Lager 6pk 12oz btl,087692100126,2,2.9,1,4,7.7,31.0
Stillwater,"Breakthru Beverage Minnesota Beer, LLC",New Belgium Fat Tire 6pk 12oz can,754527000226,4,2.9,1,4,7.7,31.0
Stillwater,"Breakthru Beverage Minnesota Beer, LLC",Guinness Draught 4pk 15oz can,083820123609,4,2.9,1,6,6.36,38.0
Stillwater,"Breakthru Beverage Minnesota Beer, LLC",White Claw Mango 12pk 12oz can,635985100331,7,3.0,2,4,13.86,55.0
Stillwater,"Breakthru Beverage Minnesota Beer, LLC",Truly Lemonade Seltzer Mixed Pack 12pk 12oz can,087692009917,8,3.1,2,4,13.8,55.0
Stillwater,"Breakthru Beverage Minnesota Beer, LLC",Corona Extra 24pk 12oz btl,080660956084,12,3.2,3,3,25.3,76.0
Stillwater,"Breakthru Beverage Minnesota Beer, LLC",Modelo Especial 12pk 12oz can,080660957159,14,3.2,2,4,13.36,53.0
Stillwater,"Breakthru Beverage Minnesota Beer, LLC",Corona Extra 12pk 12oz btl,080660956152,15,3.2,2,4,13.32,53.0
Stillwater,"Breakthru Beverage Minnesota Beer, LLC",Corona Light 12pk 12oz btl,080660956756,8,3.4,1,2,13.39,27.0
Stillwater,"Breakthru Beverage Minnesota Beer, LLC",Modelo Especial 24pk 12oz btl,080660957760,6,3.7,1,1,25.29,25.0
Stillwater,"Breakthru Beverage Minnesota Beer, LLC",Corona Light 12pk 12oz can,080660956213,6,3.7,1,2,13.41,27.0
Stillwater,"Breakthru Beverage Minnesota Beer, LLC",White Claw Surge Variety #2 12pk 12oz can,635985802525,8,3.8,1,2,13.84,28.0
Stillwater,"Breakthru Beverage Minnesota Beer, LLC",Athletic Brewing Cerveza N/A 6pk 12oz can,855352008989,8,3.8,1,4,8.1,32.0
Stillwater,"Breakthru Beverage Minnesota Wine & Spirits, LLC",Monaco Black Raspberry 12oz can,891278002304,-1,-0.7,1,12,1.95,23.0
Stillwater,"Capitol Beverage Sales, L.P.",Cutwater Vodka Mule 4pk 12oz can,816751020606,-3,-2.3,1,6,9.87,59.0
Stillwater,"Capitol Beverage Sales, L.P.",War Pigs Lil' Geezer 12pk 12oz can,652682156263,-1,-2.1,1,2,15.65,31.0
Stillwater,"Capitol Beverage Sales, L.P.",Cutwater White Russian 4pk 12oz can,816751022068,-1,-1.2,1,6,9.88,59.0
Stillwater,"Capitol Beverage Sales, L.P.",Carbliss Black Cherry 4pk 12oz can,860001988826,5,1.5,2,12,8.97,108.0
Stillwater,"Capitol Beverage Sales, L.P.",Cutwater Lemon Drop 4pk 12oz can,816751023799,6,2.1,1,6,9.92,60.0
Stillwater,"Capitol Beverage Sales, L.P.",Lift Bridge Lost Landing 6pk 12oz can,685165386512,4,2.9,1,4,8.44,34.0
Stillwater,"Capitol Beverage Sales, L.P.",Carbliss Variety Pack 8pk 12oz can,860007988837,15,3.2,2,6,14.79,89.0
Stillwater,"Capitol Beverage Sales, L.P.",Carbliss Black Raspberry 4pk 12oz can,860001338553,17,3.5,1,6,8.87,53.0
Stillwater,"Capitol Beverage Sales, L.P.",Carbliss Blonde Orange 4pk 12oz can,860013475710,6,3.7,1,6,8.85,53.0
Stillwater,"College City Beverage, Inc.",Summit Saga Variety 12pk 12oz can,025569191150,-60,-257.1,1,2,13.2,26.0
Stillwater,"College City Beverage, Inc.",Chelada Bud Light & Clamato 4pk 16oz can,01886625,-11,-5.7,2,12,6.82,82.0
Stillwater,"College City Beverage, Inc.",Loon Juice Honeycrisp 12pk 12oz can,857463006120,-1,-4.3,1,2,17.29,35.0
Stillwater,"College City Beverage, Inc.",Chelada Bud Light & Clamato 12pk 12oz can,018200219818,-1,-0.3,8,16,13.22,212.0
Stillwater,"College City Beverage, Inc.",Lift Bridge Mega Mango Blonde 6pk 12oz can,685165387410,0,0.0,1,4,8.47,34.0
Stillwater,"College City Beverage, Inc.",Summit Winter 4pk 16oz can,025569153561,0,0.0,2,12,6.0,72.0
Stillwater,"College City Beverage, Inc.",Busch N/A 12pk 12oz can,018200006142,1,0.6,3,6,10.92,66.0
Stillwater,"College City Beverage, Inc.",Michelob Ultra 6pk 12oz btl,018200059896,1,0.6,2,8,7.16,57.0
Stillwater,"College City Beverage, Inc.",Michelob Ultra 4pk 16oz can,01852424,2,0.6,2,12,4.54,54.0
Stillwater,"College City Beverage, Inc.",Michelob Ultra 24pk 12oz can,018200967153,9,0.8,38,38,21.64,822.0
Stillwater,"College City Beverage, Inc.",Busch Light 24pk 16oz can,018200284663,7,0.9,25,25,20.36,509.0
Stillwater,"College City Beverage, Inc.",Busch Light 12pk 12oz can,018200008016,13,1.4,12,24,10.61,255.0
Stillwater,"College City Beverage, Inc.",Michelob Golden Light 15pk 16oz can,018200292514,5,2.1,5,5,17.57,88.0
Stillwater,"College City Beverage, Inc.",Rolling Rock 30pk 12oz can,071439340302,8,2.1,7,7,15.47,108.0
Stillwater,"College City Beverage, Inc.",Surfside Variety #2 8pk 12oz can,850025605199,34,2.5,8,24,14.07,338.0
Stillwater,"College City Beverage, Inc.",Michelob Ultra 12pk 12oz can,018200069918,25,2.9,5,10,12.12,121.0
Stillwater,"College City Beverage, Inc.",Good Boy Vodka Lemonade Variety Pack 8pk 12oz can,850041804309,10,3.3,1,3,16.27,49.0
Stillwater,"College City Beverage, Inc.",Wild State Variety Pack 9pk 12oz can,850018947398,5,3.6,1,2,16.38,33.0
Stillwater,"College City Beverage, Inc.",Kona Big Wave Golden Ale 12pk 12oz can,796030824968,17,3.6,1,2,12.75,26.0
Stillwater,"College City Beverage, Inc.",Michelob Ultra Lime Zero 6pk 12oz btl,018200204661,5,3.6,1,4,6.87,27.0
Stillwater,"College City Beverage, Inc.",Budweiser 24pk 12oz can,018200111686,12,3.7,2,2,19.59,39.0
Stillwater,Dahlheimer Beverage Monticello,Mike's Black Cherry 6pk 12oz can,635985804598,2,0.7,3,12,7.51,90.0
Stillwater,Dahlheimer Beverage Monticello,Summit Saga Hazy IPA 12pk 12oz can,025569192119,2,0.8,5,10,12.26,123.0
Stillwater,Dahlheimer Beverage Monticello,Coors Light 9pk 16oz can,071990301040,5,1.2,6,12,11.21,135.0
Stillwater,Dahlheimer Beverage Monticello,Surly Furious 4pk 16oz can,893354001027,5,1.8,2,12,9.03,108.0
Stillwater,Dahlheimer Beverage Monticello,Mike's Strawberry 6pk 12oz can,635985804635,4,1.9,2,8,7.51,60.0
Stillwater,Dahlheimer Beverage Monticello,Lift Bridge Farm Day 6pk 12oz can,685165386710,3,2.1,1,4,8.47,34.0
Stillwater,Dahlheimer Beverage Monticello,Carbliss Grapefruit 4pk 12oz can,860013475727,6,2.3,1,6,8.81,53.0
Stillwater,Dahlheimer Beverage Monticello,Coors Light 15pk 16oz can,071990095277,12,2.4,8,8,18.01,144.0
Stillwater,Dahlheimer Beverage Monticello,Lift Bridge Seltzer Cocktail Variety Pack 12pk 12oz can,685165383641,5,2.4,2,4,13.33,53.0
Stillwater,Dahlheimer Beverage Monticello,Leinenkugel Viktor's Voyage Ale 12pk 12oz can,034100014292,5,3.1,1,2,12.88,26.0
Stillwater,Dahlheimer Beverage Monticello,Coors Banquet 24pk 12oz can,071990116002,10,3.6,2,2,19.47,39.0
Stillwater,"Hohensteins, Inc.",Crispin Original 4pk 16oz can,850016933959,-6,-8.6,1,6,9.8,59.0
Stillwater,"Hohensteins, Inc.",Founders Mortal Bloom Imperial Thorn IPA 6pk 12oz can,642860151463,0,0.0,1,4,7.31,29.0
Stillwater,"Hohensteins, Inc.",Lagunitas Daytime IPA 12pk 12oz can,723830106123,2,0.7,5,10,11.98,120.0
Stillwater,"Hohensteins, Inc.",Indeed Flavorwave IPA 6pk 12oz can,852004004429,2,0.7,3,12,8.77,105.0
Stillwater,"Hohensteins, Inc.",Bell's Hazy Hearted IPA 12pk 12oz can,740522437860,1,1.1,2,4,15.21,61.0
Stillwater,"Hohensteins, Inc.",Hacker Pschorr Oktober 12pk 11oz btl,049483030517,2,1.1,3,6,13.6,82.0
Stillwater,"Hohensteins, Inc.",Lagunitas Variety Pack 12pk 12oz can,723830145122,3,1.2,4,8,11.99,96.0
Stillwater,"Hohensteins, Inc.",Pabst Blue Ribbon 24pk 16oz can,022100001732,3,1.4,6,6,19.32,116.0
Stillwater,"Hohensteins, Inc.",Paulaner Hefe Weizen 4pk 17oz can,080157112641,2,1.4,1,6,8.16,49.0
Stillwater,"Hohensteins, Inc.",Lagunitas Hoppy Refresher 4pk 12oz btl,723830095045,5,1.6,2,12,4.35,52.0
Stillwater,"Hohensteins, Inc.",Bell's Light Hearted Ale 6pk 12oz can,740522412782,2,1.7,1,4,7.09,28.0
Stillwater,"Hohensteins, Inc.",Lagunitas Little Sumpin' Ale 12pk 12oz can,723830914124,5,2.1,3,6,12.05,72.0
Stillwater,"Hohensteins, Inc.",Indeed Day Tripper Pale Ale 6pk 12oz can,852004004009,3,2.1,1,4,9.0,36.0
Stillwater,"Hohensteins, Inc.",Lagunitas IPA 12pk 12oz can,723830212121,8,2.3,3,6,11.98,72.0
Stillwater,"Hohensteins, Inc.",Jack Daniels CC Variety 12pk 12oz can,840245600166,2,2.9,1,2,12.59,25.0
Stillwater,"Hohensteins, Inc.",Lagunitas Maximus 12pk 12oz can,723830005891,4,2.9,1,2,11.92,24.0
Stillwater,"Hohensteins, Inc.",Hamm's 6pk 16oz can,03417315,12,2.9,2,8,5.13,41.0
Stillwater,"Hohensteins, Inc.",Fulton Lonely Blonde 12pk 12oz can,856247003591,5,3.6,1,2,13.62,27.0
Stillwater,"Hohensteins, Inc.",Hamm's 12pk 12oz can,034100809027,9,3.9,1,2,8.64,17.0
Stillwater,"Hohensteins, Inc.",Indeed Pistachio Cream Ale 6pk 12oz can,852004004917,9,3.9,1,4,8.76,35.0
Stillwater,Insight Brewing Company (D),Insight IPA Variety 12pk 12oz can,850033550221,-3,-1.8,4,8,14.02,112.0
Stillwater,McDonald Distributing Co dba Clear River Beverage,Beatbox Hard Tea 500ml,851133006755,1,0.9,1,12,2.32,28.0
Stillwater,MetroNOME Brewery,Metronome Can-Can Kolsch 4pk 16oz can,704260076279,0,0.0,1,6,8.19,49.0
Stillwater,Phillips Wine & Spirits - St. Paul,Two Chicks Cranberry Tartini 4pk 12oz can,850003574202,1,0.9,1,6,7.01,42.0
Stillwater,Phillips Wine & Spirits - St. Paul,Sunny D Vodka Seltzer 4pk 12oz can,050200003295,1,1.4,1,6,8.12,49.0
Stillwater,Phillips Wine & Spirits - St. Paul,Two Chicks Pear & Elderflower 4pk 12oz can,850003574066,7,2.7,1,6,8.2,49.0
Stillwater,Single Can,Cutwater Vodka Mule 12oz can,816751020774,0,0.0,1,24,2.47,59.0
Stillwater,Single Can,Cutwater White Russian 12oz can,816751022051,0,0.0,1,24,2.47,59.0
Stillwater,Single Can,Cutwater Tequila Lime Margarita 12oz can,816751021214,0,0.0,1,24,2.28,55.0
Stillwater,Single Can,Cutwater Long Island 12oz can,816751021986,0,0.0,1,24,2.46,59.0
Stillwater,Single Can,Cutwater Espresso Martini 12oz Can,816751023720,0,0.0,1,24,2.48,60.0
Stillwater,Single Can,Cutwater Lemon Drop 4pk 12oz can,816751023782,0,0.0,1,24,2.48,60.0
Stillwater,Sociable Cider Werks,Sociable Cider Werks Side by Side Variety Pack 8pk 12oz can,859990007519,5,3.6,1,3,13.92,42.0
Stillwater,,Guinness Zero 15oz can,083820125306,-10,-21.4,2,2,0.0,0.0
Stillwater,,Summit Lake Crusher/Winter 12pk 12oz can,025569195554,-26,-7.0,15,15,12.29,184.0
Stillwater,,Bent Paddle Light Lager  12pk 12oz can,850024846326,-2,-4.3,2,2,11.7,23.0
Stillwater,,Michelob Golden Light 6pk 16oz can,01844328,-2,-1.0,9,9,5.46,49.0
Stillwater,,Sierra Nevada Hazy IPA Pack 12pk 12oz can,083783675627,-1,-0.9,5,5,14.21,71.0
Stillwater,,Press Sparkling Signature 12pk 12oz can,852313004837,-1,-0.7,6,6,14.08,84.0
Stillwater,,Lift Bridge Variety Pack 12pk 12oz can,685164381853,0,0.0,1,1,13.93,14.0
Stillwater,,Busch Light ALUM BTL 15pk 16oz can,018200289576,0,0.0,3,3,16.66,50.0
Stillwater,,Spiral Brewing River Bum 4pk 16oz can,850045870058,0,0.0,2,2,8.0,16.0
Stillwater,,Athletic Brewing Seasonal N/A 6pk 12oz can,855352008118,0,0.0,2,2,8.18,16.0
Stillwater,,Pryes Variety Pack 12pk 12oz can,850013268337,0,0.0,4,4,14.24,57.0
Stillwater,,Pryes Miraculum Midwest IPA 4pk 16oz can,860488001605,0,0.0,6,6,7.35,44.0
Stillwater,,Michelob Ultra Zero 12pk 12oz can,018200204241,0,0.0,8,8,11.87,95.0
Stillwater,,Summit Saga Imperial IPA 12pk 12oz can,025569191235,0,0.0,14,14,13.31,186.0
Stillwater,,Lift Bridge Grape Ape 12pk 12oz can,685165386000,1,0.2,16,16,12.88,206.0
Stillwater,,Surly Furious 12pk 12oz can,893354001515,2,0.3,24,24,15.41,370.0
Stillwater,,Bud Light 12pk 12oz can,018200530470,1,0.4,9,9,11.28,102.0
Stillwater,,Amstel Light 12pk 12oz btl,072890100160,1,0.4,11,11,13.42,148.0
Stillwater,,Surly Xtra Citra Pale Ale 6pk 12oz can,893354001935,1,0.5,7,7,8.46,59.0
Stillwater,,Lift Bridge Mango Blonde 6pk 12oz can,685165385515,2,0.5,14,14,8.47,119.0
Stillwater,,Bell's Two Hearted Ale 12pk 12oz can,740522110862,2,0.7,11,11,15.18,167.0
Stillwater,,Summit Extra Pale Ale 12pk 12oz can,025569243552,5,1.0,15,15,13.29,199.0
Stillwater,,Pryes Royal Peach Sour 4pk 16oz can,850013268368,1,1.1,3,3,10.33,31.0
Stillwater,,Pryes Mass Hazeteria 4pk 16oz can,860488001674,2,1.2,5,5,10.15,51.0
Stillwater,,NUTRL Cranberry Variety Pack 8pk 12oz can,018200203381,1,1.4,2,2,14.98,30.0
Stillwater,,Pryes Royal Raspberry Sour Ale 4pk 16oz can,860488001629,4,1.4,8,8,10.2,82.0
Stillwater,,Coors N/A 12pk 12oz can,071990770082,4,1.7,6,6,11.19,67.0
Stillwater,,Busch Light 6pk 16oz can,01842621,5,1.8,7,7,5.26,37.0
Stillwater,,Bell's Two Hearted 6pk 12oz can,740522110886,4,1.9,5,5,9.0,45.0
Stillwater,,Surly Grapefruit Supreme 6pk 12oz can,893354001911,1,2.1,1,1,8.46,8.0
Stillwater,,Lagunitas IPNA 6pk 12oz can,723830137004,2,2.1,2,2,6.79,14.0
Stillwater,,Corona Familiar 32oz btl,080660956831,8,2.3,6,6,3.06,18.0
Stillwater,,Cutwater Lime Margarita 4pk 12oz can,816751021238,11,2.5,7,7,9.11,64.0
Stillwater,,Coors Heritage 6pk 12oz btl,071990170288,3,2.6,2,2,6.69,13.0
Stillwater,,Bud Light 24pk 16oz can,5543400002,3,2.6,2,2,21.72,43.0
Stillwater,,Blue Moon 6pk 12oz btl,071990095116,6,2.6,4,4,7.84,31.0
Stillwater,,Leinenkugel's Lodge Lime 12pk 12oz can,034100013622,2,2.9,1,1,12.78,13.0
Stillwater,,Samuel Adams N/A Just the Haze IPA 6pk 12oz can,087692011903,2,2.9,1,1,7.7,8.0
Stillwater,,Surly One Man Mosh Pit 12pk 12oz can,810005491198,2,2.9,1,1,13.27,13.0
Stillwater,,Modelo Especial 32oz btl,033544950906,10,3.1,4,4,3.06,12.0
Stillwater,,Sun Cruiser Classic Iced Tea  8pk 12oz can,087692021414,11,3.1,3,3,14.81,44.0
Stillwater,,Budweiser 6pk 16oz can,01801828,5,3.6,1,1,5.46,5.0
Stillwater,,Firestone Into The Haze Variety 12pk 12oz can,602755011388,7,3.8,1,1,14.45,14.0
Stillwater,,Stella Artois 6pk 12oz btl,786150000014,9,3.9,1,1,7.7,8.0
Stillwater,,Fresca Vodka Variety  8pk 12oz can,810078780861,9,3.9,1,1,14.08,14.0
Stillwater,,Sun Cruiser Vodka Lemonade Variety 8pk 12oz can,087692021544,24,4.0,1,1,14.76,15.0
Vadnais Heights,Artisan Beer,Toppling Goliath Hazy Day Sue 6pk 12oz can,810070239541,-20,-42.9,1,4,10.0,40.0
Vadnais Heights,Artisan Beer,Toppling Goliath Pseudo Sue N/A 6pk 12oz can,810070235598,1,0.6,2,8,10.0,80.0
Vadnais Heights,Artisan Beer,Surly 20th Anniversary Variety 12pk 12oz can,810005492553,1,1.1,2,4,15.02,60.0
Vadnais Heights,Artisan Beer,Firestone Walker 805 Blonde Ale 12pk 12oz can,602755006353,7,3.0,2,4,13.07,52.0
Vadnais Heights,Bernicks,Lagunitas Hazy IPA 12pk 12oz can,723830300033,-10,-42.9,1,2,12.0,24.0
Vadnais Heights,Bernicks,Guinness Zero N/A 8pk 15oz can,083820125900,-3,-12.9,1,3,12.77,38.0
Vadnais Heights,Bernicks,Leinenkugel's Sum Shandy 6pk 12oz btl,034100516055,-7,-10.0,1,4,7.72,31.0
Vadnais Heights,Bernicks,New Belgium Juice Force Hazy IPA 19.2oz can,754527011710,-1,-0.4,1,15,1.99,30.0
Vadnais Heights,Bernicks,Schell's Firebrick 12pk 12oz can,088067059100,0,0.0,2,4,13.59,54.0
Vadnais Heights,Bernicks,Heineken 6pk 12oz btl,072890000118,0,0.0,2,8,7.33,59.0
Vadnais Heights,Bernicks,New Belgium Voodoo Ranger Juicy Haze IPA 19.2oz can,754527011055,0,0.0,1,15,1.93,29.0
Vadnais Heights,Bernicks,Strongbow Original Dry Hard Cider 4pk 17oz can,088345102207,1,0.4,2,12,5.57,67.0
Vadnais Heights,Bernicks,Miller High Life 12pk 12oz can,034100016364,1,0.5,4,8,10.13,81.0
Vadnais Heights,Bernicks,Miller Lite 9pk 16oz can,034100570231,2,1.1,3,6,11.23,67.0
Vadnais Heights,Bernicks,Guinness Extra Stout 6pk 11oz btl,083820123937,1,1.1,1,4,7.19,29.0
Vadnais Heights,Bernicks,New Belgium Voodoo Ranger Imperial IPA 19.2oz can,754527010218,3,1.2,1,15,1.97,30.0
Vadnais Heights,Bernicks,Leinenkugel's Honey Weiss 6pk 12oz btl,034100485054,2,1.4,1,4,7.72,31.0
Vadnais Heights,Bernicks,Strongbow Gold Apple Cider 6pk 12oz btl,088345101514,2,1.7,1,4,7.96,32.0
Vadnais Heights,Bernicks,Guinness Draught 8pk 15oz can,083820123685,14,2.4,4,12,12.2,146.0
Vadnais Heights,Bernicks,Heineken 12pk 12oz btl,072890000163,8,3.1,2,4,13.31,53.0
Vadnais Heights,Bernicks,Grain Belt Nordeast 12pk 12oz btl,088067088254,7,3.3,1,2,11.84,24.0
Vadnais Heights,Bernicks,Castle Danger Aurora Haze NE IPA 6pk 12oz can,856306005139,5,3.6,1,4,8.46,34.0
Vadnais Heights,"Breakthru Beverage Minnesota Beer, LLC",Downeast Cider Seasonal 2 4pk 12oz can,858612003557,-65,-46.4,1,6,9.25,56.0
Vadnais Heights,"Breakthru Beverage Minnesota Beer, LLC",New Belgium Voodoo Hard Tea Lemon 24oz can,754527011642,-2,-8.6,1,12,2.35,28.0
Vadnais Heights,"Breakthru Beverage Minnesota Beer, LLC",Leinenkugel's Rotator 12pk 12oz can,034100516192,-12,-5.7,5,10,12.61,126.0
Vadnais Heights,"Breakthru Beverage Minnesota Beer, LLC",Miller High Life 24pk 12oz can,034100013066,-1,-4.3,1,1,17.36,17.0
Vadnais Heights,"Breakthru Beverage Minnesota Beer, LLC",Four Loko Gold 23oz can,849806001169,-2,-4.3,1,12,2.11,25.0
Vadnais Heights,"Breakthru Beverage Minnesota Beer, LLC",Modelo 24oz can,080660957210,-20,-3.7,2,24,2.39,57.0
Vadnais Heights,"Breakthru Beverage Minnesota Beer, LLC",Deschutes Fresh Squeezed IPA 12pk 12oz can,763176230120,-2,-1.7,3,6,14.81,89.0
Vadnais Heights,"Breakthru Beverage Minnesota Beer, LLC",Corona Extra 6pk 12oz btl,080660956053,-8,-1.6,6,24,6.97,167.0
Vadnais Heights,"Breakthru Beverage Minnesota Beer, LLC",Modelo Especial 24pk 12oz can,080660957104,-10,-1.3,30,30,22.69,681.0
Vadnais Heights,"Breakthru Beverage Minnesota Beer, LLC",White Claw Variety Pack #1 12pk 12oz can,635985548904,-5,-1.2,9,18,14.05,253.0
Vadnais Heights,"Breakthru Beverage Minnesota Beer, LLC",Stella Artois 6pk 12oz btl,786150000014,-1,-0.9,2,8,7.7,62.0
Vadnais Heights,"Breakthru Beverage Minnesota Beer, LLC",Truly Seasonal Variety Pack 12pk 12oz can,087692012825,-1,-0.7,3,6,13.73,82.0
Vadnais Heights,"Breakthru Beverage Minnesota Beer, LLC",White Claw Black Cherry 6pk 12oz can,635985200253,-1,-0.4,3,12,7.71,93.0
Vadnais Heights,"Breakthru Beverage Minnesota Beer, LLC",Tecate 12pk 12oz can,089826900336,0,0.0,1,2,11.2,22.0
Vadnais Heights,"Breakthru Beverage Minnesota Beer, LLC",Samuel Adams Boston Lager 12pk 12oz btl,087692100140,0,0.0,1,2,13.6,27.0
Vadnais Heights,"Breakthru Beverage Minnesota Beer, LLC",White Claw 0.0 Variety 12pk 12oz can,635985802792,0,0.0,8,16,13.98,224.0
Vadnais Heights,"Breakthru Beverage Minnesota Beer, LLC",Clausthaler N/A 6pk 11oz btl,042572057150,0,0.0,1,4,8.99,36.0
Vadnais Heights,"Breakthru Beverage Minnesota Beer, LLC",Sierra Nevada Trail Pass Golden N/A 6pk 12oz can,083783228663,0,0.0,1,4,8.45,34.0
Vadnais Heights,"Breakthru Beverage Minnesota Beer, LLC",Leffe Blonde Belgian 6pk 12oz btl,786150000304,0,0.0,1,4,7.82,31.0
Vadnais Heights,"Breakthru Beverage Minnesota Beer, LLC",Dos Equis Lime & Salt N/A 6pk 12oz can,089826300464,0,0.0,1,4,7.69,31.0
Vadnais Heights,"Breakthru Beverage Minnesota Beer, LLC",Dos Equis Lager Especial 4pk 16oz can,072311320160,0,0.0,1,6,5.27,32.0
Vadnais Heights,"Breakthru Beverage Minnesota Beer, LLC",Modelo Especial 4pk 16oz can,080660957609,0,0.0,1,6,5.2,31.0
Vadnais Heights,"Breakthru Beverage Minnesota Beer, LLC",Big Wood Jack Savage 4pk 16oz can,858639003127,0,0.0,1,6,8.84,53.0
Vadnais Heights,"Breakthru Beverage Minnesota Beer, LLC",Twisted Tea Extreme Blue Razz 24oz can,087692017820,0,0.0,2,24,2.35,56.0
Vadnais Heights,"Breakthru Beverage Minnesota Beer, LLC",Sierra Nevada Hazy Little Thing IPA 19.2oz can,083783375503,0,0.0,1,15,2.06,31.0
Vadnais Heights,"Breakthru Beverage Minnesota Beer, LLC",Mike's Black Cherry Lemonade 23oz can,635985132158,1,0.4,1,12,2.34,28.0
Vadnais Heights,"Breakthru Beverage Minnesota Beer, LLC",Monaco Citrus Rush 12oz can,891278002298,2,0.4,2,24,1.9,45.0
Vadnais Heights,"Breakthru Beverage Minnesota Beer, LLC",Coors Light 6pk 16oz can,071990320003,2,0.5,4,16,5.41,86.0
Vadnais Heights,"Breakthru Beverage Minnesota Beer, LLC",White Claw Ruby Grapefruit 6pk 12oz can,635985200284,2,0.5,4,16,7.71,123.0
Vadnais Heights,"Breakthru Beverage Minnesota Beer, LLC",White Claw Surge Green Apple 19.2oz can,635985802686,1,0.5,1,12,2.33,28.0
Vadnais Heights,"Breakthru Beverage Minnesota Beer, LLC",Coors Light 24pk 12oz can,071990316006,15,0.9,54,54,19.37,1046.0
Vadnais Heights,"Breakthru Beverage Minnesota Beer, LLC",Steel Reserve 24oz can,078250003287,4,0.9,2,24,1.45,35.0
Vadnais Heights,"Breakthru Beverage Minnesota Beer, LLC",Modelo Chelada Mango & Chile 24oz can,033544000267,6,0.9,2,24,2.39,57.0
Vadnais Heights,"Breakthru Beverage Minnesota Beer, LLC",Modelo Especial 12pk 12oz btl,080660957579,9,1.1,12,24,13.35,320.0
Vadnais Heights,"Breakthru Beverage Minnesota Beer, LLC",Corona N/A 6pk 12oz btl,033544001844,1,1.1,1,4,7.33,29.0
Vadnais Heights,"Breakthru Beverage Minnesota Beer, LLC",White Claw Black Cherry 12pk 12oz can,635985260899,23,1.2,27,54,14.09,761.0
Vadnais Heights,"Breakthru Beverage Minnesota Beer, LLC",Miller High Life 6pk 16oz can,03400713,2,1.2,2,8,5.14,41.0
Vadnais Heights,"Breakthru Beverage Minnesota Beer, LLC",Mickeys Malt Liquor 6pk 12oz btl,034100774356,2,1.2,2,8,6.03,48.0
Vadnais Heights,"Breakthru Beverage Minnesota Beer, LLC",Corona Light 12pk 12oz can,080660956213,1,1.4,1,2,13.41,27.0
Vadnais Heights,"Breakthru Beverage Minnesota Beer, LLC",Sierra Nevada Oktoberfest/Celebration 12pk 12oz can,083783228120,1,1.4,1,2,14.36,29.0
Vadnais Heights,"Breakthru Beverage Minnesota Beer, LLC",New Belgium Fat Tire 12pk 12oz can,754527001612,1,1.4,1,2,13.0,26.0
Vadnais Heights,"Breakthru Beverage Minnesota Beer, LLC",Pacifico 6pk 12oz btl,080660953014,2,1.4,1,4,7.23,29.0
Vadnais Heights,"Breakthru Beverage Minnesota Beer, LLC",Sun Cruiser Vodka Iced Tea Lemonade 4pk 12oz can,087692020295,1,1.4,1,6,7.1,43.0
Vadnais Heights,"Breakthru Beverage Minnesota Beer, LLC",Negra Modelo 12pk 12oz btl,080660957876,4,1.7,3,6,13.35,80.0
Vadnais Heights,"Breakthru Beverage Minnesota Beer, LLC",Sierra Nevada Hazy Little Thing IPA 12pk 12oz can,083783531114,4,1.7,3,6,14.04,84.0
Vadnais Heights,"Breakthru Beverage Minnesota Beer, LLC",Samuel Adams Seasonal 12pk 12oz btl,087692011033,4,1.7,3,6,12.99,78.0
Vadnais Heights,"Breakthru Beverage Minnesota Beer, LLC",Mike's Harder Variety 12pk 12oz can,635985802419,3,1.8,2,4,14.1,56.0
Vadnais Heights,"Breakthru Beverage Minnesota Beer, LLC",White Claw Variety Pack  #2 12pk 12oz can,635985800064,15,1.8,9,18,13.88,250.0
Vadnais Heights,"Breakthru Beverage Minnesota Beer, LLC",White Claw Grape 6pk 12oz can,635985803645,6,2.0,2,8,7.7,62.0
Vadnais Heights,"Breakthru Beverage Minnesota Beer, LLC",Coors Banquet 15pk 16oz can,071990386429,2,2.1,2,2,17.88,36.0
Vadnais Heights,"Breakthru Beverage Minnesota Beer, LLC",Samuel Adams Variety Pack 12pk 12oz can,087692003588,2,2.1,1,2,12.99,26.0
Vadnais Heights,"Breakthru Beverage Minnesota Beer, LLC",Sierra Nevada Little Thing Rotator 6pk 12oz can,083783228625,1,2.1,1,4,8.45,34.0
Vadnais Heights,"Breakthru Beverage Minnesota Beer, LLC",New Belgium Trippel 6pk 12oz btl,754527000523,2,2.1,1,4,8.45,34.0
Vadnais Heights,"Breakthru Beverage Minnesota Beer, LLC",Modelo Especial 24pk 12oz btl,080660957760,7,2.3,6,6,25.29,152.0
Vadnais Heights,"Breakthru Beverage Minnesota Beer, LLC",Mike's Variety Pack 12pk 12oz btl,635985129981,5,2.4,2,4,13.97,56.0
Vadnais Heights,"Breakthru Beverage Minnesota Beer, LLC",Corona Extra 24pk 12oz btl,080660956084,18,2.6,10,10,25.3,253.0
Vadnais Heights,"Breakthru Beverage Minnesota Beer, LLC",Utepils Ewald the Golden 12pk 12oz can,852449007139,3,2.6,1,2,15.02,30.0
Vadnais Heights,"Breakthru Beverage Minnesota Beer, LLC",Truly Spiked Berry Variety 12pk 12oz can,087692006862,12,2.6,4,8,14.25,114.0
Vadnais Heights,"Breakthru Beverage Minnesota Beer, LLC",Downeast Cider Black Cherry 6pk 12oz can,850046644382,3,2.6,1,4,8.87,35.0
Vadnais Heights,"Breakthru Beverage Minnesota Beer, LLC",Sociable Cider Werks HopAWheel,859990007137,3,2.6,1,6,7.17,43.0
Vadnais Heights,"Breakthru Beverage Minnesota Beer, LLC",White Claw Ruby Grapefruit 19.2oz can,635985802143,3,2.6,1,12,2.33,28.0
Vadnais Heights,"Breakthru Beverage Minnesota Beer, LLC",Samuel Adams Seasonal 12pk 12oz can,087692001096,5,2.7,2,4,13.13,53.0
Vadnais Heights,"Breakthru Beverage Minnesota Beer, LLC",Coors Heritage 6pk 12oz btl,071990170288,2,2.9,1,1,6.69,7.0
Vadnais Heights,"Breakthru Beverage Minnesota Beer, LLC",Miller Lite 24pk 12oz can,034100573065,34,3.1,10,10,19.46,195.0
Vadnais Heights,"Breakthru Beverage Minnesota Beer, LLC",Twisted Tea Light Variety Pack 12pk 12oz can,087692015161,5,3.1,1,2,13.41,27.0
Vadnais Heights,"Breakthru Beverage Minnesota Beer, LLC",Cayman Jack Margarita 12pk 12oz can,815829011119,5,3.1,1,2,13.91,28.0
Vadnais Heights,"Breakthru Beverage Minnesota Beer, LLC",Castle Danger Hazy Sunday 6pk 12oz can,856306005955,5,3.1,1,4,8.46,34.0
Vadnais Heights,"Breakthru Beverage Minnesota Beer, LLC",Downeast seasonal 6pk 12oz can,858612003427,5,3.1,1,4,8.81,35.0
Vadnais Heights,"Breakthru Beverage Minnesota Beer, LLC",Blue Moon 6pk 12oz btl,071990095116,9,3.2,1,4,7.84,31.0
Vadnais Heights,"Breakthru Beverage Minnesota Beer, LLC",Modelo Especial 6pk 12oz btl,080660957654,10,3.3,1,4,7.13,29.0
Vadnais Heights,"Breakthru Beverage Minnesota Beer, LLC",Deschutes Variety Pack 12pk 12oz can,763176190127,4,3.4,1,2,14.56,29.0
Vadnais Heights,"Breakthru Beverage Minnesota Beer, LLC",Samuel Adams N/A Just the Haze IPA 6pk 12oz can,087692011903,4,3.4,1,4,7.7,31.0
Vadnais Heights,"Breakthru Beverage Minnesota Beer, LLC",Modelo Chelada Limon y Sal 24oz can,033544950609,11,3.4,1,12,2.38,29.0
Vadnais Heights,"Breakthru Beverage Minnesota Beer, LLC",Dos Equis Lager Especial 6pk 12oz btl,072311630122,5,3.6,1,4,7.43,30.0
Vadnais Heights,"Breakthru Beverage Minnesota Beer, LLC",Modelo Chelada Pina Picante 24oz can,033544000809,11,3.6,1,12,2.34,28.0
Vadnais Heights,"Breakthru Beverage Minnesota Beer, LLC",Corona Premier 12pk 12oz can,033544950449,6,3.7,1,2,13.33,27.0
Vadnais Heights,"Breakthru Beverage Minnesota Beer, LLC",Coors Banquet Heritage 12pk 12oz btl,071990170370,6,3.7,1,2,11.33,23.0
Vadnais Heights,"Breakthru Beverage Minnesota Beer, LLC",White Claw Blackberry 19.2oz can,635985801993,6,3.7,1,12,2.33,28.0
Vadnais Heights,"Breakthru Beverage Minnesota Beer, LLC",Guinness Extra Stout 12pk 11oz btl,083820234824,7,3.8,1,2,13.72,27.0
Vadnais Heights,"Breakthru Beverage Minnesota Beer, LLC",Leinenkugel's Lodge Pack 12pk 12oz can,034100012625,8,3.8,1,2,13.07,26.0
Vadnais Heights,"Breakthru Beverage Minnesota Beer, LLC",Corona Extra 12pk 12oz btl,080660956152,41,3.9,1,2,13.32,27.0
Vadnais Heights,"Breakthru Beverage Minnesota Wine & Spirits, LLC",Monaco Blue Crush 12oz can,891278002458,5,0.9,2,24,1.93,46.0
Vadnais Heights,"Breakthru Beverage Minnesota Wine & Spirits, LLC",Monaco Black Raspberry 12oz can,891278002304,17,3.5,1,12,1.95,23.0
Vadnais Heights,"Capitol Beverage Sales, L.P.",Best Day Brewing N/A Hazy IPA  6pk 12oz can,195893339600,-4,-5.7,1,4,7.88,32.0
Vadnais Heights,"Capitol Beverage Sales, L.P.",Cutwater Lemon Drop 4pk 12oz can,816751023799,1,0.4,3,18,9.92,179.0
Vadnais Heights,"Capitol Beverage Sales, L.P.",Carbliss Variety Pack 8pk 12oz can,860007988837,7,1.2,6,18,14.79,266.0
Vadnais Heights,"Capitol Beverage Sales, L.P.",Wild State Variety Pack 9pk 12oz can,850018947398,2,1.7,2,4,16.38,66.0
Vadnais Heights,"Capitol Beverage Sales, L.P.",Wild State Cider Classic Dry 4pk 12oz can,860001588484,6,2.1,1,6,8.7,52.0
Vadnais Heights,"Capitol Beverage Sales, L.P.",Surfside Strawberry Lemonade 19.2oz can,810171361141,2,2.1,1,12,3.14,38.0
Vadnais Heights,"Capitol Beverage Sales, L.P.",Cutwater White Russian 4pk 12oz can,816751022068,24,3.1,2,12,9.88,119.0
Vadnais Heights,"Capitol Beverage Sales, L.P.",Wild State Imperial Rotator 4pk 12oz can,850018947558,3,3.2,1,6,9.54,57.0
Vadnais Heights,"Capitol Beverage Sales, L.P.",Carbliss Cranberry 4pk 12oz can,860001338560,4,3.4,1,6,8.89,53.0
Vadnais Heights,"Capitol Beverage Sales, L.P.",Surfside Half & Half Variety Pack 8pk 12oz can,810171361868,16,3.6,1,3,15.0,45.0
Vadnais Heights,"Capitol Beverage Sales, L.P.",Carbliss Cocktail Variety 8pk 12oz can,860007988882,12,4.0,1,3,10.2,31.0
Vadnais Heights,"College City Beverage, Inc.",Bud Light Lime-A-Rita 25oz can,018200250149,-1,-1.4,1,12,2.79,33.0
Vadnais Heights,"College City Beverage, Inc.",Busch Light Lime 24pk 12oz can,018200293016,-1,-0.3,15,15,11.74,176.0
Vadnais Heights,"College City Beverage, Inc.",Summit Twins Pils 4pk 16oz can,025569202474,0,0.0,1,6,6.0,36.0
Vadnais Heights,"College City Beverage, Inc.",Carbliss Backyard Bliss Variety Pack 8pk 12oz can,860013475734,3,1.1,3,9,18.0,162.0
Vadnais Heights,"College City Beverage, Inc.",Surfside Variety #2 8pk 12oz can,850025605199,13,1.1,11,33,14.07,464.0
Vadnais Heights,"College City Beverage, Inc.",Good Boy Golf The Golf Pack 8pk 12oz can,850041804316,1,2.1,1,3,15.9,48.0
Vadnais Heights,Dahlheimer Beverage Monticello,Summit Saga Variety 12pk 12oz can,025569191150,-62,-66.4,2,4,13.2,53.0
Vadnais Heights,Dahlheimer Beverage Monticello,Coors Light 15pk 16oz can,071990095277,-12,-2.7,18,18,18.01,324.0
Vadnais Heights,Dahlheimer Beverage Monticello,Lift Bridge Mocktail Variety 12pk 12oz can,685165386567,0,0.0,1,2,13.9,28.0
Vadnais Heights,Dahlheimer Beverage Monticello,Corona N/A 12pk 12oz can,033544002261,0,0.0,3,6,13.64,82.0
Vadnais Heights,Dahlheimer Beverage Monticello,Angry Orchard Crisp Apple 12pk 12oz btl,087692000334,0,0.0,3,6,14.08,84.0
Vadnais Heights,Dahlheimer Beverage Monticello,Elm Creek Marzen 4pk 16oz can,860013478063,0,0.0,1,6,7.83,47.0
Vadnais Heights,Dahlheimer Beverage Monticello,White Claw Black Cherry 19.2oz can,635985801986,2,0.9,1,12,2.33,28.0
Vadnais Heights,Dahlheimer Beverage Monticello,Coors Banquet 24pk 12oz can,071990116002,7,2.5,5,5,19.47,97.0
Vadnais Heights,Dahlheimer Beverage Monticello,Coors Light 9pk 16oz can,071990301040,11,2.8,3,6,11.21,67.0
Vadnais Heights,Dahlheimer Beverage Monticello,Blue Moon 12pk 12oz can,071990095062,4,2.9,1,2,13.33,27.0
Vadnais Heights,Dahlheimer Beverage Monticello,Leinenkugel's Summer Shandy 12pk 12oz btl,034100516079,5,3.6,1,2,13.05,26.0
Vadnais Heights,Dangerous Man Brewing,Dangerous Man Peanut Butter Porter 6pk 12oz can,796520922792,0,0.0,1,4,8.89,36.0
Vadnais Heights,Dangerous Man Brewing,Dangerous Man Oktoberfest 6pk 12oz can,698596454798,0,0.0,2,8,9.0,72.0
Vadnais Heights,Dangerous Man Brewing,Dangerous Man House IPA 6pk 12oz can,796520922808,1,0.7,2,8,9.39,75.0
Vadnais Heights,Dangerous Man Brewing,Dangerous Man Watermelon Sour 6pk 12oz can,796520922969,2,1.7,1,4,9.78,39.0
Vadnais Heights,HeadFlyer Brewing,Headflyer What What Hazy IPA 4pk 16oz can,850009065186,-12,-6.4,2,12,11.39,137.0
Vadnais Heights,"Hohensteins, Inc.",Bell's IPA Variety Pack 12pk 12oz can,740522415967,-6,-8.6,2,4,15.06,60.0
Vadnais Heights,"Hohensteins, Inc.",Fulton Hop Kingdom IPA Variety 12pk 12oz can,810023141303,0,0.0,1,2,13.5,27.0
Vadnais Heights,"Hohensteins, Inc.",Lagunitas Spritz Refresher 6pk 12oz can,723830200210,0,0.0,1,4,7.0,28.0
Vadnais Heights,"Hohensteins, Inc.",Indeed Mexican Honey 4pk 16oz can,852004004184,0,0.0,1,6,9.75,59.0
Vadnais Heights,"Hohensteins, Inc.",Hamm's 12pk 12oz can,034100809027,2,1.0,4,8,8.64,69.0
Vadnais Heights,"Hohensteins, Inc.",Indeed Flavorwave IPA 6pk 12oz can,852004004429,2,1.2,2,8,8.77,70.0
Vadnais Heights,"Hohensteins, Inc.",Lagunitas IPA 6pk 12oz btl,723830000094,2,1.4,1,4,7.5,30.0
Vadnais Heights,"Hohensteins, Inc.",Founders All Day IPA 15pk 12oz can,642860900245,5,1.6,4,8,14.76,118.0
Vadnais Heights,"Hohensteins, Inc.",Lagunitas Daytime IPA 12pk 12oz can,723830106123,5,2.7,2,4,11.98,48.0
Vadnais Heights,"Hohensteins, Inc.",Lagunitas Trooper IPA 6pk 12oz can,723830411845,3,3.2,1,4,7.5,30.0
Vadnais Heights,Insight Brewing Company (D),Insight Hop Wheels DDH Hazy IPA 4pk 16oz can,850033550764,1,0.7,1,6,11.41,68.0
Vadnais Heights,McDonald Distributing Co dba Clear River Beverage,Belching Beaver PB Milk Stout 6pk 16oz can,810960025353,0,0.0,1,4,11.39,46.0
Vadnais Heights,Modist Brewing Company,Modist Ghost Vision Citra Dolcita DDH Hazy IPA 4pk 16oz can,810095561863,5,3.1,1,6,9.48,57.0
Vadnais Heights,Phillips Wine & Spirits - St. Paul,Two Chicks Pear & Elderflower 4pk 12oz can,850003574066,-2,-2.9,1,6,8.2,49.0
Vadnais Heights,Phillips Wine & Spirits - St. Paul,Two Chicks New Fashioned 4pk 12oz can,850003574103,1,0.6,1,6,7.97,48.0
Vadnais Heights,Phillips Wine & Spirits - St. Paul,Two Chicks Craft Cocktail Variety Pack 8pk 12oz can,850003574172,1,2.1,1,3,13.99,42.0
Vadnais Heights,"Pryes Brewing Company, LLC",Pryes Royal Raspberry Sour 12pk 12oz can,850013268559,0,0.0,3,6,15.1,91.0
Vadnais Heights,Single Can,Cutwater Pina Colada 12oz Can,816751022471,0,0.0,1,24,2.47,59.0
Vadnais Heights,Single Can,Cutwater Vodka Transfusion 12oz can,816751022556,0,0.0,1,24,2.47,59.0
Vadnais Heights,Single Can,Cutwater Lemon Drop 4pk 12oz can,816751023782,0,0.0,1,24,2.48,60.0
Vadnais Heights,Single Can,Cutwater White Russian 12oz can,816751022051,0,0.0,1,24,2.47,59.0
Vadnais Heights,Single Can,Cutwater Strawberry Margarita 12oz can,816751022440,0,0.0,1,24,2.47,59.0
Vadnais Heights,Single Can,Cutwater Espresso Martini 12oz Can,816751023720,0,0.0,1,24,2.48,60.0
Vadnais Heights,Single Can,Cutwater Tiki Rum Mai Tai 12oz can,816751021665,0,0.0,1,24,1.72,41.0
Vadnais Heights,Single Can,Cutwater Pineapple Margarita 12oz can,816751022785,0,0.0,1,24,2.46,59.0
Vadnais Heights,Single Can,Cutwater Tequila Lime Margarita 12oz can,816751021214,0,0.0,1,24,2.28,55.0
Vadnais Heights,Single Can,Cutwater Mango Margatira 12oz can,816751022099,0,0.0,1,24,2.45,59.0
Vadnais Heights,,Bent Paddle Light Lager  12pk 12oz can,850024846326,-127,-54.4,10,10,11.7,117.0
Vadnais Heights,,Bud Light 25oz can,018200250019,-12,-51.4,1,1,2.33,2.0
Vadnais Heights,,Bud Light Lime 12pk 12oz can,018200159831,-4,-8.6,2,2,12.85,26.0
Vadnais Heights,,Summit Lake Crusher/Winter 12pk 12oz can,025569195554,-12,-7.3,7,7,12.29,86.0
Vadnais Heights,,Summit NA Amber 6pk 12oz can,025569142107,-5,-7.1,3,3,8.46,25.0
Vadnais Heights,,Tucher Festbier 4pk 16oz can,608782504206,-16,-6.9,10,10,9.3,93.0
Vadnais Heights,,Busch 24pk 12oz can,018200611681,-1,-4.3,1,1,18.56,19.0
Vadnais Heights,,Hard MTN Dew Baja Blast Variety 12pk 12oz can,840262400251,-2,-2.1,4,4,14.33,57.0
Vadnais Heights,,Michelob Amber Bock 6pk 12oz btl,018200009747,-1,-1.1,4,4,7.39,30.0
Vadnais Heights,,Lift Bridge Fireside Flannel Variety 12pk 12oz can,685165381876,0,0.0,1,1,7.0,7.0
Vadnais Heights,,Headflyer Gold Medal Lager 4pk 16oz can,850009065858,0,0.0,1,1,8.39,8.0
Vadnais Heights,,Coors N/A 12pk 12oz can,071990770082,0,0.0,2,2,11.19,22.0
Vadnais Heights,,Smirnoff SMASH Peach Tea 24oz can,082000805984,0,0.0,3,3,2.23,7.0
Vadnais Heights,,Deschutes Fresh Squeezed IPA 6pk 12oz btl,763176120063,0,0.0,3,3,7.7,23.0
Vadnais Heights,,Rolling Rock 12pk 12oz btl,071439457123,0,0.0,6,6,8.33,50.0
Vadnais Heights,,Coors Banquet 24oz can,071990100711,0,0.0,4,4,2.29,9.0
Vadnais Heights,,Smirnoff Ice 6pk 12oz btl,082000723851,0,0.0,6,6,7.47,45.0
Vadnais Heights,,Kona Big Wave Golden Ale 4pk 16oz can,796030624964,0,0.0,6,6,4.95,30.0
Vadnais Heights,,Hard MTN Dew Variety Pack 12pk 12oz can,840262400138,0,0.0,4,4,13.71,55.0
Vadnais Heights,,Steel Toe Size 4 6pk 12oz can,855123003274,0,0.0,4,4,9.0,36.0
Vadnais Heights,,Athletic Brewing Upside Dawn N/A 12pk 12oz can,855352008132,0,0.0,5,5,13.72,69.0
Vadnais Heights,,Athletic Free Wave N/A 12pk 12oz can,855352008774,0,0.0,6,6,14.07,84.0
Vadnais Heights,,Paulaner Oktoberfest Bier 12pk 11oz btl,080157114638,1,0.5,7,7,13.69,96.0
Vadnais Heights,,Sierra Nevada Torpedo IPA Variety Pack 12pk 12oz can,083783675863,1,0.5,8,8,14.45,116.0
Vadnais Heights,,Twisted Tea Mix Pack 12pk 12oz can,087692003786,2,0.7,11,11,13.38,147.0
Vadnais Heights,,Twisted Tea Black Cherry 24oz can,087692010753,4,0.8,16,16,2.35,38.0
Vadnais Heights,,Cayman Jack Margarita Variety 12pk 12oz can,815829011539,1,0.9,4,4,13.94,56.0
Vadnais Heights,,Twisted Tea Extreme Lemon 24oz can,087692017837,2,1.0,7,7,2.35,16.0
Vadnais Heights,,Stone Fear Movie Lions 6pk 16oz can,636251742149,2,1.1,6,6,10.43,63.0
Vadnais Heights,,Corona Extra 24oz can,080660956435,2,1.2,5,5,2.39,12.0
Vadnais Heights,,Truly Unruly Lemonade Variety 12pk 12oz can,087692021995,3,1.3,7,7,13.69,96.0
Vadnais Heights,,Summit Twins PILS 12pk 12oz can,025569202436,1,1.4,2,2,12.18,24.0
Vadnais Heights,,Schell's No Frills German Pilsner 12pk 12oz can,088067042027,1,1.4,2,2,15.2,30.0
Vadnais Heights,,Pryes Royal Pineapple Sour 4pk 16oz can,850013268177,1,1.4,2,2,10.19,20.0
Vadnais Heights,,Utepils Fernweh Pack 12pk 12oz can,852449007061,2,1.4,4,4,15.42,62.0
Vadnais Heights,,Surly Furious 6pk 12oz can,893354001904,2,1.4,4,4,8.46,34.0
Vadnais Heights,,Coronita Extra 24pk 8oz btl,080660954080,5,1.5,9,9,19.2,173.0
Vadnais Heights,,Twisted Tea 12pk 12oz can,087692831341,3,1.6,5,5,13.44,67.0
Vadnais Heights,,Michelob Ultra Zero 12pk 12oz can,018200204241,4,1.6,7,7,11.87,83.0
Vadnais Heights,,Michelob Ultra 24pk 12oz can,018200967153,53,1.6,76,76,21.64,1644.0
Vadnais Heights,,Angry Orchard Crisp Apple 12pk 12oz can,087692000839,4,1.7,6,6,14.13,85.0
Vadnais Heights,,Best Day Brewing N/A Kolsch 6pk 12oz can,195893605156,1,2.1,1,1,7.91,8.0
Vadnais Heights,,Summit Saga Imperial IPA 12pk 12oz can,025569191235,2,2.1,2,2,13.31,27.0
Vadnais Heights,,Best Day Electrolime N/A 6pk 12oz can,860007671449,3,2.1,3,3,7.84,24.0
Vadnais Heights,,Summit Winter 4pk 16oz can,025569153561,8,2.1,7,7,6.0,42.0
Vadnais Heights,,Budweiser 25oz can,018200250002,10,2.1,9,9,2.01,18.0
Vadnais Heights,,Busch Light 12pk 12oz can,018200008016,11,2.1,10,10,10.61,106.0
Vadnais Heights,,Michelob Ultra 6pk 12oz btl,018200059896,6,2.3,5,5,7.16,36.0
Vadnais Heights,,Mike's Harder Lemonade 23oz can,635985245834,7,2.3,6,6,2.35,14.0
Vadnais Heights,,Paulaner Original Munich Lager 4pk 17oz can,080157311648,4,2.4,3,3,7.25,22.0
Vadnais Heights,,Twisted Tea Half & Half 12pk 12oz can,087692751342,4,2.4,3,3,13.4,40.0
Vadnais Heights,,Michelob Golden Light 12pk 12oz btl,018200006975,19,2.4,13,13,11.29,147.0
Vadnais Heights,,Budweiser 24pk 12oz btl,018200113499,3,2.6,2,2,19.69,39.0
Vadnais Heights,,Surly One Man Mosh Pit 12pk 12oz can,810005491198,3,2.6,2,2,13.27,27.0
Vadnais Heights,,Carbliss Black Raspberry 12pk 12oz can,860009819597,4,2.9,2,2,26.3,53.0
Vadnais Heights,,Grain Belt Premium 6pk 16oz can,088067088001,6,2.9,3,3,6.86,21.0
Vadnais Heights,,War Pigs Foggy Geezer 4pk 16oz can,850025840033,7,3.0,3,3,8.25,25.0
Vadnais Heights,,Utepils Helles 12pk 12oz can,852449007146,7,3.0,3,3,15.42,46.0
Vadnais Heights,,Modist The Time Is Nigh Marzen 4pk 16oz can,810095560385,5,3.1,2,2,8.4,17.0
Vadnais Heights,,Loon Juice Honey Crisp 6pk 12oz can,866375000027,5,3.1,2,2,8.25,17.0
Vadnais Heights,,Modist Brewing Dreamyard 4pk 16oz can,868044000314,9,3.2,3,3,9.95,30.0
Vadnais Heights,,Budweiser 24pk 16oz can,5543450001,4,3.4,1,1,21.88,22.0
Vadnais Heights,,Bud Light 12pk 12oz can,018200530470,8,3.4,2,2,11.28,23.0
Vadnais Heights,,Corona Familiar 32oz btl,080660956831,8,3.4,2,2,3.06,6.0
Vadnais Heights,,Falling Knife Verbal Tip 4pk 16oz can,860004521402,13,3.5,2,2,12.03,24.0
Vadnais Heights,,Michelob Golden Light 12pk 12oz can,018200006937,21,3.6,3,3,11.29,34.0
Vadnais Heights,,War Pigs Foggy Geezer 6pk 12oz can,865024000418,6,3.7,1,1,9.0,9.0
Vadnais Heights,,Budweiser 12pk 12oz can,018200110474,11,3.9,1,1,11.26,11.0
Vadnais Heights,,Summit Extra Pale Ale 4pk 16oz can,025569243163,11,3.9,1,1,6.0,6.0
Woodbury,56 Brewing,56 Brewing Solar Flare 4pk 16oz can,615867915475,-2,-4.3,1,6,6.75,40.0
Woodbury,Artisan Beer,Blackstack Double Local Drops 4pk 16oz can,850000321625,-12,-17.1,1,6,15.38,92.0
Woodbury,Artisan Beer,Toppling Goliath Oktoberfest 6pk 12oz can,810070236359,-10,-14.3,1,4,0.0,0.0
Woodbury,Artisan Beer,Blackstack Participation Trophy 4pk 16oz can,850000317734,-12,-5.7,2,12,12.3,148.0
Woodbury,Artisan Beer,1911 Cider Raspberry 4pk 16oz can,648558945406,-1,-4.3,1,6,8.17,49.0
Woodbury,Artisan Beer,Toppling Goliath Cyber Sue 19.2oz can,810070239428,-7,-4.3,1,12,2.5,30.0
Woodbury,Artisan Beer,Surly 20th Anniversary Variety 12pk 12oz can,810005492553,0,0.0,12,24,15.02,360.0
Woodbury,Artisan Beer,Firestone Walker 805 Cerveza 6pk 12oz btl,602755001800,0,0.0,1,4,8.05,32.0
Woodbury,Artisan Beer,Surly Niiice Light Lime 4pk 16oz can,810005492379,0,0.0,1,6,6.15,37.0
Woodbury,Artisan Beer,Blackstack Head for the Hills 4pk 16oz can,850000321694,0,0.0,1,6,10.0,60.0
Woodbury,Artisan Beer,Blackstack Just Circling Back IPA 4pk 16oz can,850000318960,0,0.0,2,12,12.3,148.0
Woodbury,Artisan Beer,Blackstack We Already Ate 4pk 16oz can,850000321618,0,0.0,3,18,15.38,277.0
Woodbury,Artisan Beer,Firestone Walker 805 Cerveza 24oz can,602755011036,0,0.0,1,12,2.26,27.0
Woodbury,Artisan Beer,Blackstack I Think It Might Be Broken 4pk 16oz can,850000321649,1,0.3,3,18,15.38,277.0
Woodbury,Artisan Beer,Gray Duck Seltzer Variety 12pk 12oz can,860004851769,9,0.8,18,36,14.32,516.0
Woodbury,Artisan Beer,Toppling Goliath Pseudo Sue 19.2oz can,810070234058,2,1.1,1,12,2.5,30.0
Woodbury,Artisan Beer,Toppling Goliath Pseudo Sue N/A 6pk 12oz can,810070235598,2,1.7,1,4,10.0,40.0
Woodbury,Artisan Beer,Bent Paddle Summer Sampler Pack 12pk 12oz can,850024846999,2,2.9,1,2,14.04,28.0
Woodbury,Artisan Beer,Blackstack Harvest Moon 4pk 16oz can,850000321014,5,3.1,1,6,10.0,60.0
Woodbury,Artisan Beer,Craft Mystery Beer 12pk,400000025681,25,3.8,2,2,5.0,10.0
Woodbury,Back Channel Brewing Co.,Back Channel District 5 New England IPA 4pk 16oz can,656382340861,4,1.0,2,12,12.01,144.0
Woodbury,Barrel Theory Beer Company,Barrel Theory Legend In My Spare Time 4pk 16oz can,741527975524,-10,-4.3,2,12,16.33,196.0
Woodbury,Barrel Theory Beer Company,Barrel Theory Endless Riff 4pk 16oz can,741527975500,-7,-4.3,2,12,12.0,144.0
Woodbury,Barrel Theory Beer Company,Barrel Theory TDH Shooter McGavin 4pk 16oz can,769293333119,-6,-4.3,1,6,15.33,92.0
Woodbury,Barrel Theory Beer Company,Barrel Theory Full Send 4pk 16oz can,739608451227,-5,-4.3,1,6,12.0,72.0
Woodbury,Barrel Theory Beer Company,Barrel Theory Long Distance Phone Call 4pk 16oz can,741527975517,-1,-4.3,1,6,10.83,65.0
Woodbury,Barrel Theory Beer Company,Barrel Theory Key Sublime 4pk 16oz can,785034799853,0,0.0,1,6,12.5,75.0
Woodbury,Barrel Theory Beer Company,Barrel Theory Watching in Slow Motion 4pk 16oz can,741527975456,0,0.0,1,6,12.0,72.0
Woodbury,Barrel Theory Beer Company,Barrel Theory Bus Station Slot Machine 4pk 16oz can,741527975494,0,0.0,1,6,12.0,72.0
Woodbury,Barrel Theory Beer Company,Barrel Theory Jagged Little Pils 4pk 16oz can,741527975463,1,0.9,1,6,10.83,65.0
Woodbury,Barrel Theory Beer Company,Barrel Theory Raindrops 4pk 16oz can,739608451180,15,2.2,3,18,12.0,216.0
Woodbury,Bernicks,North Coast Old Rasputin 4pk 12oz btl,727344000236,-3,-12.9,1,6,8.42,51.0
Woodbury,Bernicks,Dos Equis Lager Especial 12pk 12oz btl,072311230124,-5,-7.1,2,4,13.54,54.0
Woodbury,Bernicks,Castle Danger Cream Ale 12pk 12oz can,856306005559,-18,-4.5,8,16,15.34,246.0
Woodbury,Bernicks,New Belgium Voodoo Ranger IPA 12pk 12oz can,754527003623,-3,-4.3,2,4,13.56,54.0
Woodbury,Bernicks,Castle Danger Castle Cream Ale 6pk 12oz can,856306005023,-8,-4.3,2,8,8.46,68.0
Woodbury,Bernicks,New Belgium Voodoo Tropic Force 6pk 12oz can,754527006525,-2,-1.4,2,8,8.45,68.0
Woodbury,Bernicks,New Belgium Voodoo Ranger Hoppy Pack 12pk 12oz can,754527010706,-2,-0.5,9,18,13.54,244.0
Woodbury,Bernicks,Guinness Draught 8pk 15oz can,083820123685,-1,-0.4,4,12,12.2,146.0
Woodbury,Bernicks,Schell's Sangria 12pk 12oz can,088067058691,0,0.0,1,2,14.64,29.0
Woodbury,Bernicks,Grain Belt Blu 12pk 12oz can,088067087394,0,0.0,1,2,13.07,26.0
Woodbury,Bernicks,Strongbow Original Dry Hard Cider 4pk 17oz can,088345102207,0,0.0,4,24,5.57,134.0
Woodbury,Bernicks,Leinenkugel's Sum Shandy 6pk 12oz btl,034100516055,1,0.4,3,12,7.72,93.0
Woodbury,Bernicks,Leinenkugel's Sum Shandy 12pk 12oz can,034100516093,5,0.6,13,26,12.92,336.0
Woodbury,Bernicks,Miller Lite 24pk 16oz can,034100573232,22,2.4,16,16,21.41,343.0
Woodbury,Bernicks,Heineken 12pk 12oz btl,072890000163,13,2.4,5,10,13.31,133.0
Woodbury,Bernicks,Heineken 6pk 12oz btl,072890000118,11,2.6,2,8,7.33,59.0
Woodbury,Bernicks,Guinness Draught 6pk 11oz btl,083820104011,2,2.9,1,4,7.27,29.0
Woodbury,Bernicks,Miller Lite 6pk 16oz can,03435719,18,3.2,2,8,5.45,44.0
Woodbury,Bernicks,Strongbow Gold Apple Cider 6pk 12oz btl,088345101514,4,3.4,1,4,7.96,32.0
Woodbury,Bernicks,Smirnoff Smash Strawberry Passion 23oz can,082000814368,15,3.4,1,12,2.28,27.0
Woodbury,Bernicks,Miller High Life 12pk 12oz btl,034100015091,9,3.5,1,2,10.21,20.0
Woodbury,Bernicks,Castle Danger Variety Pack 12pk 12oz can,856306005542,5,3.6,1,2,15.6,31.0
Woodbury,Bernicks,Miller Lite 9pk 16oz can,034100570231,12,3.7,1,2,11.23,22.0
Woodbury,Bernicks,Lagunitas Variety Pack 12pk 12oz can,723830145122,10,3.9,1,2,11.99,24.0
Woodbury,Blake's,Blake's Kinder Series,850544005746,-3,-4.3,1,4,8.35,33.0
Woodbury,"Breakthru Beverage Minnesota Beer, LLC",Topo Chico Hard Seltzer Variety 12pk 12oz can,021136180879,-8,-11.4,2,4,14.11,56.0
Woodbury,"Breakthru Beverage Minnesota Beer, LLC",Cayman Jack Strawberry Margarita 6pk 12oz btl,815829011997,-5,-10.7,1,4,7.46,30.0
Woodbury,"Breakthru Beverage Minnesota Beer, LLC",Cayman Jack Margarita 12pk 12oz can,815829011119,-4,-8.6,1,2,13.91,28.0
Woodbury,"Breakthru Beverage Minnesota Beer, LLC",Sam Adams Just the Haze N/A 12pk 12oz can,087692016205,-2,-8.6,1,2,14.1,28.0
Woodbury,"Breakthru Beverage Minnesota Beer, LLC",Cayman Jack Paloma 6pk 12oz btl,815829011980,-6,-8.6,1,4,7.51,30.0
Woodbury,"Breakthru Beverage Minnesota Beer, LLC",Truly Spiked Berry Variety 12pk 12oz can,087692006862,-12,-7.3,4,8,14.25,114.0
Woodbury,"Breakthru Beverage Minnesota Beer, LLC",Truly Seasonal Variety Pack 12pk 12oz can,087692012825,-6,-6.4,2,4,13.73,55.0
Woodbury,"Breakthru Beverage Minnesota Beer, LLC",Coors N/A 12pk 12oz can,071990770082,-8,-5.7,3,6,11.19,67.0
Woodbury,"Breakthru Beverage Minnesota Beer, LLC",Leinenkugel's Honey Weiss 12pk 12oz btl,034100485740,-5,-5.4,2,4,12.75,51.0
Woodbury,"Breakthru Beverage Minnesota Beer, LLC",Sierra Nevada Oktoberfest/Celebration 12pk 12oz can,083783228120,-14,-4.6,7,14,14.36,201.0
Woodbury,"Breakthru Beverage Minnesota Beer, LLC",Leinenkugel's Rotator 12pk 12oz can,034100516192,-8,-4.3,4,8,12.61,101.0
Woodbury,"Breakthru Beverage Minnesota Beer, LLC",Corona Light 6pk 12oz btl,080660956251,-4,-4.3,1,4,7.22,29.0
Woodbury,"Breakthru Beverage Minnesota Beer, LLC",Downeast Blackberry 6pk 12oz can,858612003601,-3,-4.3,1,4,9.23,37.0
Woodbury,"Breakthru Beverage Minnesota Beer, LLC",Smirnoff Ice Red White & Berry 12pk 12oz can,082000791102,-6,-3.7,4,8,12.83,103.0
Woodbury,"Breakthru Beverage Minnesota Beer, LLC",Cayman Jack Variety Pack 12pk 12oz can,815829010044,-5,-3.6,3,6,13.81,83.0
Woodbury,"Breakthru Beverage Minnesota Beer, LLC",Truly Unruly 12pk 12oz can,087692019046,-6,-2.6,5,10,13.8,138.0
Woodbury,"Breakthru Beverage Minnesota Beer, LLC",Twisted Tea 24oz can,087692832317,-4,-2.4,1,12,2.35,28.0
Woodbury,"Breakthru Beverage Minnesota Beer, LLC",Downeast Cider Seasonal 2 4pk 12oz can,858612003557,-5,-1.9,2,12,9.25,111.0
Woodbury,"Breakthru Beverage Minnesota Beer, LLC",Modelo Especial 12pk 12oz can,080660957159,-21,-1.5,28,56,13.36,748.0
Woodbury,"Breakthru Beverage Minnesota Beer, LLC",Coors N/A 6pk 12oz btl,071990770051,-1,-1.4,1,4,6.69,27.0
Woodbury,"Breakthru Beverage Minnesota Beer, LLC",Cayman Jack Margarita 6pk 12oz btl,815829010068,-1,-1.4,1,4,7.56,30.0
Woodbury,"Breakthru Beverage Minnesota Beer, LLC",Blue Moon Belgian White N/A 6pk 12oz can,071990001049,-2,-1.2,2,8,7.86,63.0
Woodbury,"Breakthru Beverage Minnesota Beer, LLC",White Claw Black Cherry 6pk 12oz can,635985200253,-1,-0.4,3,12,7.71,93.0
Woodbury,"Breakthru Beverage Minnesota Beer, LLC",White Claw Blackberry 6pk 12oz can,635985801610,-1,-0.3,4,16,7.68,123.0
Woodbury,"Breakthru Beverage Minnesota Beer, LLC",Modelo Especial 12pk 12oz btl,080660957579,-1,-0.1,20,40,13.35,534.0
Woodbury,"Breakthru Beverage Minnesota Beer, LLC",Coors Light 16 Gallon,400000023322,0,0.0,1,1,121.67,122.0
Woodbury,"Breakthru Beverage Minnesota Beer, LLC",Leinenkugel's Berry Weiss 12pk 12oz btl,034100255749,0,0.0,2,4,12.59,50.0
Woodbury,"Breakthru Beverage Minnesota Beer, LLC",Sierra Nevada Pale Ale 12pk 12oz btl,083783375121,0,0.0,1,2,14.64,29.0
Woodbury,"Breakthru Beverage Minnesota Beer, LLC",Sierra Nevada Torpedo 12pk 12oz can,083783381023,0,0.0,2,4,14.77,59.0
Woodbury,"Breakthru Beverage Minnesota Beer, LLC",New Belgium VooDoo Ranger Sweet Ride 6pk 12oz can,754527012878,0,0.0,1,4,8.45,34.0
Woodbury,"Breakthru Beverage Minnesota Beer, LLC",Samuel Adams Boston Lager 6pk 12oz btl,087692100126,0,0.0,1,4,7.7,31.0
Woodbury,"Breakthru Beverage Minnesota Beer, LLC",White Claw 0.0 Black Cherry 6pk 12oz can,635985803034,0,0.0,2,8,7.83,63.0
Woodbury,"Breakthru Beverage Minnesota Beer, LLC",Smithwicks 4pk 15oz can,083820199260,0,0.0,1,6,6.53,39.0
Woodbury,"Breakthru Beverage Minnesota Beer, LLC",Dillons Gin Cocktail Blackberry Lemon 4pk 12oz can,635985802341,0,0.0,1,6,8.58,52.0
Woodbury,"Breakthru Beverage Minnesota Beer, LLC",Sociable Cider Werks Pinch Flat,859990007168,0,0.0,1,6,7.17,43.0
Woodbury,"Breakthru Beverage Minnesota Beer, LLC",Twisted Tea Raspberry 24oz can,087692852315,0,0.0,1,12,2.35,28.0
Woodbury,"Breakthru Beverage Minnesota Beer, LLC",Sierra Nevada Atomic Torpedo 19.2oz can,083783375572,0,0.0,1,15,2.01,30.0
Woodbury,"Breakthru Beverage Minnesota Beer, LLC",Leinenkugel's High Shore Shandy 19.2oz can,034100014148,1,0.4,1,12,2.23,27.0
Woodbury,"Breakthru Beverage Minnesota Beer, LLC",Truly Punch Variety 12pk 12oz can,087692012276,1,0.5,4,8,13.69,110.0
Woodbury,"Breakthru Beverage Minnesota Beer, LLC",New Belgium Voodoo Ranger Imperial IPA 12pk 12oz can,754527009915,1,0.7,3,6,13.76,83.0
Woodbury,"Breakthru Beverage Minnesota Beer, LLC",White Claw Variety Pack #1 12pk 12oz can,635985548904,5,0.8,10,20,14.05,281.0
Woodbury,"Breakthru Beverage Minnesota Beer, LLC",Coors Light 6pk 12oz btl,071990300050,4,1.0,4,16,6.69,107.0
Woodbury,"Breakthru Beverage Minnesota Beer, LLC",Coors Light 6pk 16oz can,071990320003,18,1.1,13,52,5.41,281.0
Woodbury,"Breakthru Beverage Minnesota Beer, LLC",Negra Modelo 12pk 12oz btl,080660957876,4,1.3,5,10,13.35,133.0
Woodbury,"Breakthru Beverage Minnesota Beer, LLC",Guinness Extra Stout 12pk 11oz btl,083820234824,5,1.3,6,12,13.72,165.0
Woodbury,"Breakthru Beverage Minnesota Beer, LLC",White Claw Grape 6pk 12oz can,635985803645,5,1.3,3,12,7.7,92.0
Woodbury,"Breakthru Beverage Minnesota Beer, LLC",Shiner Bock 12pk 12oz btl,088573433333,2,1.4,2,4,12.8,51.0
Woodbury,"Breakthru Beverage Minnesota Beer, LLC",Blue Moon 6pk 12oz btl,071990095116,3,1.4,2,8,7.84,63.0
Woodbury,"Breakthru Beverage Minnesota Beer, LLC",Coors Light 24oz can,071990300654,15,1.7,2,24,2.28,55.0
Woodbury,"Breakthru Beverage Minnesota Beer, LLC",Coors Heritage 6pk 12oz btl,071990170288,9,2.0,3,12,6.69,80.0
Woodbury,"Breakthru Beverage Minnesota Beer, LLC",Angry Orchard Imperial 19.2oz can,087692023043,14,2.0,2,24,2.22,53.0
Woodbury,"Breakthru Beverage Minnesota Beer, LLC",Monaco Moscow Mule 4pk 12oz can,891278002717,3,2.1,3,3,7.58,23.0
Woodbury,"Breakthru Beverage Minnesota Beer, LLC",Third Street MN Gold Lager 12pk 16oz can,081780701356,4,2.1,2,4,10.84,43.0
Woodbury,"Breakthru Beverage Minnesota Beer, LLC",Coors Banquet Heritage 12pk 12oz btl,071990170370,7,2.1,4,8,11.33,91.0
Woodbury,"Breakthru Beverage Minnesota Beer, LLC",White Claw Green Apple 6pk 12oz can,635985802747,3,2.1,1,4,7.7,31.0
Woodbury,"Breakthru Beverage Minnesota Beer, LLC",Coronita Extra 6pk 8oz btl,080660954011,6,2.1,2,8,5.33,43.0
Woodbury,"Breakthru Beverage Minnesota Beer, LLC",Coors Light 24pk 16oz can,071990301286,55,2.3,41,41,21.49,881.0
Woodbury,"Breakthru Beverage Minnesota Beer, LLC",New Belgium Rotator 6pk 12oz can,754527011109,7,2.3,2,8,8.45,68.0
Woodbury,"Breakthru Beverage Minnesota Beer, LLC",Sociable Cider Werks Freewheeler 4pk 12oz can,859990007120,7,2.3,1,6,7.12,43.0
Woodbury,"Breakthru Beverage Minnesota Beer, LLC",Fresca Mixed Vodka Spritz 4pk 12oz can,810078780687,8,2.3,1,6,7.5,45.0
Woodbury,"Breakthru Beverage Minnesota Beer, LLC",Twisted Tea Half & Half 12pk 12oz can,087692751342,5,2.4,2,4,13.4,54.0
Woodbury,"Breakthru Beverage Minnesota Beer, LLC",Guinness Draught 4pk 15oz can,083820123609,4,2.4,1,6,6.36,38.0
Woodbury,"Breakthru Beverage Minnesota Beer, LLC",Miller Lite 6pk 12oz btl,034100575052,3,2.6,1,4,6.69,27.0
Woodbury,"Breakthru Beverage Minnesota Beer, LLC",Mickeys Malt Liquor 40oz btl,03418518,3,2.6,1,12,2.72,33.0
Woodbury,"Breakthru Beverage Minnesota Beer, LLC",Negra Modelo 6pk 12oz btl,080660957852,5,2.7,1,4,7.24,29.0
Woodbury,"Breakthru Beverage Minnesota Beer, LLC",Sierra Nevada N/A Variety 12pk 12oz can,083783675672,2,2.9,1,2,14.29,29.0
Woodbury,"Breakthru Beverage Minnesota Beer, LLC",Pacifico Clara Lager 12pk 12oz can,033544950319,7,3.0,2,4,13.44,54.0
Woodbury,"Breakthru Beverage Minnesota Beer, LLC",Leinenkugel's Viktor's Voyage Ale 19oz can,034100014278,9,3.0,1,12,2.23,27.0
Woodbury,"Breakthru Beverage Minnesota Beer, LLC",Corona Extra 24pk 12oz btl,080660956084,18,3.2,5,5,25.3,126.0
Woodbury,"Breakthru Beverage Minnesota Beer, LLC",Sapporo 12pk 12oz can,087975043508,6,3.2,1,2,11.7,23.0
Woodbury,"Breakthru Beverage Minnesota Beer, LLC",Corona N/A 6pk 12oz btl,033544001844,3,3.2,1,4,7.33,29.0
Woodbury,"Breakthru Beverage Minnesota Beer, LLC",Guinness Foreign Stout 4pk 11oz btl,083820181166,3,3.2,1,6,8.07,48.0
Woodbury,"Breakthru Beverage Minnesota Beer, LLC",Modelo Especial 24pk 12oz can,080660957104,24,3.4,4,4,22.69,91.0
Woodbury,"Breakthru Beverage Minnesota Beer, LLC",Twisted Tea Extreme Variety Pack 12pk 12oz can,087692023722,8,3.4,1,2,13.3,27.0
Woodbury,"Breakthru Beverage Minnesota Beer, LLC",Fosters Premium Ale 25oz can,070897183315,8,3.4,1,12,2.25,27.0
Woodbury,"Breakthru Beverage Minnesota Beer, LLC",Modelo 24oz can,080660957210,24,3.4,1,12,2.39,29.0
Woodbury,"Breakthru Beverage Minnesota Beer, LLC",White Claw Black Cherry 12pk 12oz can,635985260899,52,3.5,4,8,14.09,113.0
Woodbury,"Breakthru Beverage Minnesota Beer, LLC",White Claw Mango 6pk 12oz can,635985260875,10,3.6,1,4,7.71,31.0
Woodbury,"Breakthru Beverage Minnesota Beer, LLC",Angry Orchard Crisp Apple 19.2oz can,087692023777,11,3.6,1,12,2.23,27.0
Woodbury,"Breakthru Beverage Minnesota Beer, LLC",Miller 64 24pk 12oz can,034100153069,8,3.8,1,1,19.49,19.0
Woodbury,"Breakthru Beverage Minnesota Beer, LLC",Twisted Tea Light Variety Pack 12pk 12oz can,087692015161,7,3.8,1,2,13.41,27.0
Woodbury,"Breakthru Beverage Minnesota Beer, LLC",Modelo Especial 6pk 12oz btl,080660957654,15,3.8,1,4,7.13,29.0
Woodbury,"Breakthru Beverage Minnesota Beer, LLC",Corona Extra 24oz can,080660956435,15,3.8,1,12,2.39,29.0
Woodbury,"Breakthru Beverage Minnesota Beer, LLC",Redd's Wicked Apple Ale 24oz can,03432314,11,3.9,1,12,2.42,29.0
Woodbury,"Breakthru Beverage Minnesota Beer, LLC",New Belgium Voodoo Ranger G Force�19.2oz can,754527012779,11,3.9,1,15,1.96,29.0
Woodbury,"Breakthru Beverage Minnesota Wine & Spirits, LLC",Monaco Blue Crush 12oz can,891278002458,4,1.1,1,12,1.93,23.0
Woodbury,"Capitol Beverage Sales, L.P.",War Pigs Lil' Geezer 6pk 12oz can,652682156133,-20,-42.9,1,4,9.0,36.0
Woodbury,"Capitol Beverage Sales, L.P.",Cutwater Peach Margerita 4pk 12oz can,816751022389,-33,-35.4,1,6,9.88,59.0
Woodbury,"Capitol Beverage Sales, L.P.",Cutwater Peach Margerita 12oz can,816751022372,-28,-9.2,1,24,2.47,59.0
Woodbury,"Capitol Beverage Sales, L.P.",Skimmers Pink Lemonade 4pk 12oz can,018200204562,-1,-4.3,1,6,4.86,29.0
Woodbury,"Capitol Beverage Sales, L.P.",Surfside Half & Half 4pk 12oz can,850025605540,-6,-3.2,2,12,6.2,74.0
Woodbury,"Capitol Beverage Sales, L.P.",Vodkade Fruit Punch 4pk 12oz can,850066495070,-1,-0.9,1,6,8.36,50.0
Woodbury,"Capitol Beverage Sales, L.P.",Lift Bridge Mango Blonde Mix Paack 12pk 12oz can,685165386369,0,0.0,2,4,16.75,67.0
Woodbury,"Capitol Beverage Sales, L.P.",Lift Bridge Pineapple Blonde 6pk 12oz can,685165384938,0,0.0,1,4,8.44,34.0
Woodbury,"Capitol Beverage Sales, L.P.",Vodkade Berry Cherry 4pk 12oz can,850066495094,0,0.0,1,6,8.52,51.0
Woodbury,"Capitol Beverage Sales, L.P.",Big Sipz Straw Margarita 200ml,850028324721,0,0.0,1,24,2.25,54.0
Woodbury,"Capitol Beverage Sales, L.P.",Surfside Half & Half Variety Pack 8pk 12oz can,810171361868,3,0.5,8,24,15.0,360.0
Woodbury,"Capitol Beverage Sales, L.P.",Cutwater Pina Colada 4pk 12oz can,816751022488,1,0.5,2,12,9.9,119.0
Woodbury,"Capitol Beverage Sales, L.P.",Beatbox Peach Tea 500ml,851133006991,1,1.4,1,12,2.31,28.0
Woodbury,"Capitol Beverage Sales, L.P.",Cutwater Lemon Drop 4pk 12oz can,816751023799,26,2.2,4,24,9.92,238.0
Woodbury,"Capitol Beverage Sales, L.P.",War Pigs Lil' Geezer 12pk 12oz can,652682156263,4,2.4,2,4,15.65,63.0
Woodbury,"Capitol Beverage Sales, L.P.",Cutwater Vodka Mule 4pk 12oz can,816751020606,27,3.9,1,6,9.87,59.0
Woodbury,"Capitol Beverage Sales, L.P.",Cutwater Espresso Martini 4pk 12oz can,816751023737,20,4.0,1,6,9.92,60.0
Woodbury,"College City Beverage, Inc.",Summit Sampler Pack 12pk 12oz can,025569191136,-59,-126.4,1,2,13.2,26.0
Woodbury,"College City Beverage, Inc.",Busch Light 12pk 12oz btl,018200009891,-3,-12.9,1,2,10.07,20.0
Woodbury,"College City Beverage, Inc.",Bud Light 6pk 16oz can,01811524,-10,-5.4,2,8,5.43,43.0
Woodbury,"College City Beverage, Inc.",Bud Light Lime 12pk 12oz can,018200159831,-5,-4.3,3,6,12.85,77.0
Woodbury,"College City Beverage, Inc.",Beatbox Strawberry Kiwi 500ml,850059195833,-1,-4.3,1,12,2.23,27.0
Woodbury,"College City Beverage, Inc.",Kona Wave Rider Variety Pack 12pk 12oz can,796030614927,-1,-0.7,3,6,13.48,81.0
Woodbury,"College City Beverage, Inc.",Good Boy Vodka John Daly Blackberry 4pk 12oz can,850041804262,-1,-0.7,1,6,8.25,50.0
Woodbury,"College City Beverage, Inc.",Rolling Rock 30pk 12oz can,071439340302,0,0.0,1,1,15.47,15.0
Woodbury,"College City Beverage, Inc.",Wild State Variety Pack 9pk 12oz can,850018947398,0,0.0,3,6,16.38,98.0
Woodbury,"College City Beverage, Inc.",Popsicle Hard Firecracker 6pk 12oz can,810192230266,0,0.0,1,4,8.25,33.0
Woodbury,"College City Beverage, Inc.",Best Day Oktoberfest 6pk 12oz can,860010782743,0,0.0,1,4,8.47,34.0
Woodbury,"College City Beverage, Inc.",Nutrl Black Cherry 4pk 12oz can,018200204227,0,0.0,1,6,7.48,45.0
Woodbury,"College City Beverage, Inc.",Busch Light Lime 24pk 12oz can,018200293016,2,0.7,10,10,11.74,117.0
Woodbury,"College City Beverage, Inc.",Surfside Lemonade Variety 12pk 12oz can,810171360182,6,0.7,16,32,22.06,706.0
Woodbury,"College City Beverage, Inc.",War Pigs Foggy Geezer 12pk 12oz can,865024000470,8,1.0,12,24,15.87,381.0
Woodbury,"College City Beverage, Inc.",Surfside Variety #1 8pk 12oz can,850025605182,7,1.0,7,21,15.0,315.0
Woodbury,"College City Beverage, Inc.",Michelob Ultra 24pk 12oz can,018200967153,24,1.3,51,51,21.64,1103.0
Woodbury,"College City Beverage, Inc.",Budweiser Zero 12pk 12oz can,018200200380,2,1.4,2,4,10.91,44.0
Woodbury,"College City Beverage, Inc.",Busch N/A 12pk 12oz can,018200006142,3,1.8,2,4,10.92,44.0
Woodbury,"College City Beverage, Inc.",Loon Juice Variety Pack 12pk 12oz can,857463006069,3,1.8,2,4,17.51,70.0
Woodbury,"College City Beverage, Inc.",Bud Light Lime-A-Rita 25oz can,018200250149,3,1.8,1,12,2.79,33.0
Woodbury,"College City Beverage, Inc.",Stone IPA,636251742118,6,1.8,1,12,2.0,24.0
Woodbury,"College City Beverage, Inc.",Good Boy Par-Tee Variety Pack 12pk 12oz can,850041804453,4,1.9,3,6,22.5,135.0
Woodbury,"College City Beverage, Inc.",Elysian Space Dust 6pk 12oz btl,817904000834,2,2.1,1,4,9.38,38.0
Woodbury,"College City Beverage, Inc.",Lifbridge Oktoberfest 6pk 12oz can,685165381104,4,2.1,1,4,8.44,34.0
Woodbury,"College City Beverage, Inc.",Michelob Golden Light 6pk 12oz btl,018200006708,5,2.1,2,8,6.66,53.0
Woodbury,"College City Beverage, Inc.",Big Sipz Purple Punch Liter,850066929032,1,2.1,1,6,10.0,60.0
Woodbury,"College City Beverage, Inc.",Kona Big Wave Golden Ale 4pk 16oz can,796030624964,6,2.1,1,6,4.95,30.0
Woodbury,"College City Beverage, Inc.",Beatbox Sour Cherry 500ml,850059195871,7,2.1,1,12,2.33,28.0
Woodbury,"College City Beverage, Inc.",Michelob Ultra 6pk 12oz btl,018200059896,4,2.4,1,4,7.16,29.0
Woodbury,"College City Beverage, Inc.",Good Boy Water Hazard 6pk 12oz can,850041804835,3,2.6,1,4,11.25,45.0
Woodbury,"College City Beverage, Inc.",Summit Saga Hazy IPA 4pk 16oz can,025569191990,5,2.7,1,6,6.0,36.0
Woodbury,"College City Beverage, Inc.",Michelob Ultra 12pk 12oz can,018200069918,29,3.0,6,12,12.12,145.0
Woodbury,"College City Beverage, Inc.",Michelob Golden Light 12pk 12oz can,018200006937,32,3.1,5,10,11.29,113.0
Woodbury,"College City Beverage, Inc.",Michelob Golden Light 15pk 16oz can,018200292514,3,3.2,1,1,17.57,18.0
Woodbury,"College City Beverage, Inc.",Michelob Golden Light 24pk 12oz btl,018200963797,6,3.2,2,2,19.79,40.0
Woodbury,"College City Beverage, Inc.",Stone Fear Movie Lions 6pk 16oz can,636251742149,3,3.2,1,4,10.43,42.0
Woodbury,"College City Beverage, Inc.",Summit Saga IPA 12pk 12oz btl,025569191839,7,3.3,1,2,13.28,27.0
Woodbury,"College City Beverage, Inc.",Michelob Ultra 12pk 16oz can,018200200595,13,3.5,1,2,13.63,27.0
Woodbury,"College City Beverage, Inc.",War Pigs Foggy Geezer 6pk 12oz can,865024000418,13,3.5,1,4,9.0,36.0
Woodbury,"College City Beverage, Inc.",Budweiser 12pk 12oz can,018200110474,11,3.6,1,2,11.26,23.0
Woodbury,"College City Beverage, Inc.",Loon Juice Honeycrisp 12pk 12oz can,857463006120,6,3.7,1,2,17.29,35.0
Woodbury,"College City Beverage, Inc.",Surfside Variety #2 8pk 12oz can,850025605199,45,3.8,1,3,14.07,42.0
Woodbury,"College City Beverage, Inc.",Summit Extra Pale Ale 12pk 12oz btl,025569241732,9,3.9,1,2,13.33,27.0
Woodbury,Dahlheimer Beverage Monticello,Lift Bridge Seltzer Cocktail Variety Pack 12pk 12oz can,685165383641,-12,-17.1,2,4,13.33,53.0
Woodbury,Dahlheimer Beverage Monticello,Surly Furious 4pk 16oz can,893354001027,-6,-1.8,3,18,9.03,163.0
Woodbury,Dahlheimer Beverage Monticello,Deschutes N/A Black Butte Porter 6pk 12oz can,763176000037,0,0.0,1,4,7.73,31.0
Woodbury,Dahlheimer Beverage Monticello,Coors Light 9pk 16oz can,071990301040,2,0.2,19,38,11.21,426.0
Woodbury,Dahlheimer Beverage Monticello,Sierra Nevada Trail Pass IPA N/A 6pk 12oz can,083783228632,1,0.6,2,8,8.41,67.0
Woodbury,Dahlheimer Beverage Monticello,Lift Bridge Mocktail Variety 12pk 12oz can,685165386567,1,1.4,1,2,13.9,28.0
Woodbury,Dahlheimer Beverage Monticello,Mike's Hard Lemonade 6pk 12oz can,635985804574,2,1.4,1,4,7.5,30.0
Woodbury,Dahlheimer Beverage Monticello,White Claw Black Cherry 19.2oz can,635985801986,6,1.4,1,12,2.33,28.0
Woodbury,Dahlheimer Beverage Monticello,Ursa Minor Child of Chaos DIPA 4pk 16oz can,798304542455,2,2.1,1,6,12.3,74.0
Woodbury,Dahlheimer Beverage Monticello,Mike's Hard Pink Lemonade 6pk 12oz can,635985000389,3,2.6,1,4,7.53,30.0
Woodbury,Dahlheimer Beverage Monticello,Summit Oatmeal Stout 4pk 16oz can,025569013360,3,2.6,1,6,6.0,36.0
Woodbury,Dahlheimer Beverage Monticello,Samuel Adams Seasonal 2 6pk 12oz btl,087692300502,10,2.7,2,8,7.7,62.0
Woodbury,Dahlheimer Beverage Monticello,Coors Light 15pk 16oz can,071990095277,33,2.8,15,15,18.01,270.0
Woodbury,Dahlheimer Beverage Monticello,Athletic Lite N/A 12pk 12oz can,810061571520,2,2.9,1,2,11.82,24.0
Woodbury,Dahlheimer Beverage Monticello,Coors Banquet 24pk 12oz can,071990116002,11,3.1,3,3,19.47,58.0
Woodbury,Dahlheimer Beverage Monticello,Summit Saga Hazy IPA 12pk 12oz can,025569192119,3,3.2,1,2,12.26,25.0
Woodbury,Dahlheimer Beverage Monticello,Sam Adam's NA Octoberfest 6pk 12oz can,087692024446,7,3.3,1,4,7.7,31.0
Woodbury,Dahlheimer Beverage Monticello,Leinenkugel's Summer Shandy 12pk 12oz btl,034100516079,9,3.9,1,2,13.05,26.0
Woodbury,Dangerous Man Brewing,Dangerous Man Hazy IPA 6pk 12oz can,646051493738,-2,-1.4,2,8,9.92,79.0
Woodbury,Dangerous Man Brewing,Dangerous Man Oktoberfest 6pk 12oz can,698596454798,0,0.0,2,8,9.0,72.0
Woodbury,Dangerous Man Brewing,Dangerous Man Peanut Butter Porter 6pk 12oz can,796520922792,2,1.1,2,8,8.89,71.0
Woodbury,"Earth Rider Brewing, LLC",Earth Rider 6pk 12oz can,860001472967,-12,-51.4,1,4,0.0,0.0
Woodbury,"Earth Rider Brewing, LLC",Earth Rider Rotator 4pk 12oz can,860001472936,0,0.0,1,6,9.61,58.0
Woodbury,Elm Creek Brewing Company,Elm Creek Hybrid Minds Variety Pack 4pk 16oz can,860011473237,0,0.0,2,12,13.83,166.0
Woodbury,Elm Creek Brewing Company,Elm Creek Captain's Patch Rasp. Lemon Shandy 4pk 16oz can,860011473258,3,1.8,1,6,7.83,47.0
Woodbury,Haggard Barrel Brewing Company LLC,Haggard Barrel Degenerade 4pk 16oz can,610655951062,-19,-4.3,3,18,12.5,225.0
Woodbury,Haggard Barrel Brewing Company LLC,Haggard Barrel Pay Homage 4pk 16oz can,659859360232,-3,-4.3,1,6,10.83,65.0
Woodbury,HeadFlyer Brewing,Headflyer What What Hazy IPA 4pk 16oz can,850009065186,-8,-8.6,1,6,11.39,68.0
Woodbury,"Hohensteins, Inc.",Southern Tier Maple Warlock 4pk 12oz btl,853759023658,-6,-4.3,1,6,11.2,67.0
Woodbury,"Hohensteins, Inc.",Indeed Pistachio Cream Ale 6pk 12oz can,852004004917,-2,-1.7,2,8,8.76,70.0
Woodbury,"Hohensteins, Inc.",Lagunitas Hoppy Refresher 6pk 12oz can,723830095670,-1,-1.4,1,4,6.9,28.0
Woodbury,"Hohensteins, Inc.",Bell's Hazy Hearted 19.2oz can,740522426765,-1,-0.6,1,15,1.95,29.0
Woodbury,"Hohensteins, Inc.",Fulton Hop Kingdom IPA Variety 12pk 12oz can,810023141303,0,0.0,1,2,13.5,27.0
Woodbury,"Hohensteins, Inc.",Lagunitas Maximus 6pk 12oz can,723830054127,0,0.0,1,4,7.5,30.0
Woodbury,"Hohensteins, Inc.",Left Hand Milk Stout Nitro 6pk 12oz btl,793866530025,0,0.0,1,4,10.5,42.0
Woodbury,"Hohensteins, Inc.",Crispin Imperial Apple Cider 4pk 16oz can,850016933942,0,0.0,1,6,10.5,63.0
Woodbury,"Hohensteins, Inc.",Paulaner Oktoberfest  4pk 17oz can,080157368222,0,0.0,3,18,8.25,148.0
Woodbury,"Hohensteins, Inc.",Bell's Two Hearted Ale 6pk 12oz btl,740522100832,1,0.5,2,8,9.0,72.0
Woodbury,"Hohensteins, Inc.",Paulaner Original Munich Lager 4pk 17oz can,080157311648,1,0.7,1,6,7.25,44.0
Woodbury,"Hohensteins, Inc.",Bell's IPA Variety Pack 12pk 12oz can,740522415967,2,1.0,4,8,15.06,121.0
Woodbury,"Hohensteins, Inc.",Indeed Flavorwave IPA 19.2oz can,852004004924,11,1.3,2,24,1.92,46.0
Woodbury,"Hohensteins, Inc.",Left Hand Seasonal 2 6pk 12oz can,793866580037,1,1.4,1,4,10.5,42.0
Woodbury,"Hohensteins, Inc.",Founders All Day IPA 15pk 12oz can,642860900245,6,1.6,5,10,14.76,148.0
Woodbury,"Hohensteins, Inc.",Surly Lemon Drop 4pk 12oz can,810005492645,8,1.8,2,12,7.35,88.0
Woodbury,"Hohensteins, Inc.",Indeed Variety Pack 12pk 12oz can,852004004047,1,2.1,1,2,15.14,30.0
Woodbury,"Hohensteins, Inc.",Lagunitas Daytime IPA 12pk 12oz can,723830106123,5,2.1,3,6,11.98,72.0
Woodbury,"Hohensteins, Inc.",Lagunitas IPA 12pk 12oz can,723830212121,10,2.5,3,6,11.98,72.0
Woodbury,"Hohensteins, Inc.",Founders Centennial IPA 15pk 12oz can,642860900054,3,2.6,1,2,14.69,29.0
Woodbury,"Hohensteins, Inc.",Great Lakes Seasonal 6pk 12oz can,704361990245,3,2.6,1,4,7.5,30.0
Woodbury,"Hohensteins, Inc.",Lagunitas Hazicus Maximus Hazy IPA 19.2oz can,723830200067,3,2.6,1,12,1.92,23.0
Woodbury,"Hohensteins, Inc.",Lagunitas IPA 19.2oz can,723830011922,8,2.6,1,12,1.91,23.0
Woodbury,"Hohensteins, Inc.",Bell's Big Hearted 6pk 12oz can,740522416889,4,2.9,1,4,9.0,36.0
Woodbury,"Hohensteins, Inc.",Indeed Mexican Honey 4pk 16oz can,852004004184,5,3.1,1,6,9.75,59.0
Woodbury,"Hohensteins, Inc.",Bell's Big Hearted 19.2oz can,740522426864,5,3.1,1,15,1.92,29.0
Woodbury,"Hohensteins, Inc.",Paulaner Oktoberfest Marzen 6pk 11oz btl,080157116762,3,3.2,1,4,9.75,39.0
Woodbury,"Hohensteins, Inc.",21st Amendment Blood Orange 6pk 12oz can,859612001314,4,3.4,1,4,7.68,31.0
Woodbury,"Hohensteins, Inc.",Indeed Apple Crisp Ale 4pk 16oz can,850034657707,8,3.4,1,6,9.1,55.0
Woodbury,"Hohensteins, Inc.",Bell's Two Hearted Ale 19.2oz can,740522120861,18,3.5,1,15,1.9,28.0
Woodbury,"Hohensteins, Inc.",Bell's Seasonal 2 6pk 12oz btl,740522104731,5,3.6,1,4,9.1,36.0
Woodbury,Insight Brewing Company (D),Insight Bold Italic West Coast IPA 4pk 16oz can,850077712579,0,0.0,1,6,11.31,68.0
Woodbury,Insight Brewing Company (D),Insight Troll Way 4pk 16oz can,854042006014,3,1.7,1,6,10.16,61.0
Woodbury,Junkyard Brewing Company,Junkyard Eighties Rock Label 4pk 16oz can,850070143820,-2,-4.3,1,6,11.89,71.0
Woodbury,Junkyard Brewing Company,Junkyard Country Toad 4pk 16oz can,850070143943,-5,-1.9,2,12,12.0,144.0
Woodbury,Junkyard Brewing Company,Junkyard Melting Skulls 4pk 16oz can,850070143431,0,0.0,1,6,14.0,84.0
Woodbury,Junkyard Brewing Company,Junkyard Cerveza 4pk 16oz can,850081808329,0,0.0,1,6,9.17,55.0
Woodbury,Junkyard Brewing Company,Junkyard Galactic Falconer 4pk 16oz can,850070143844,0,0.0,1,6,12.0,72.0
Woodbury,Junkyard Brewing Company,Junkyard Dream Burst 4pk 16oz can,850070143974,0,0.0,1,6,9.83,59.0
Woodbury,Junkyard Brewing Company,Junkyard Caesar Corey 4pk 16oz can,850081808572,0,0.0,1,6,11.17,67.0
Woodbury,Junkyard Brewing Company,Junkyard Coin Operated 4pk 16oz can,850081808589,0,0.0,1,6,12.0,72.0
Woodbury,Junkyard Brewing Company,Junkyard Festbier 4pk 16oz can,850070143684,0,0.0,2,12,9.83,118.0
Woodbury,Junkyard Brewing Company,Junkyard Junktoberfest 4pk 16oz can,850070143677,0,0.0,2,12,9.83,118.0
Woodbury,Junkyard Brewing Company,Junkyard Purple Pain 4pk 16oz can,850081808596,0,0.0,2,12,12.0,144.0
Woodbury,Junkyard Brewing Company,Junkyard Quarter Pounder 4pk 16oz can,850070143929,1,0.7,1,6,11.84,71.0
Woodbury,Luce Line Brewing,Luce Line Animal Style 4pk 16oz can,608870633405,-1,-4.3,1,6,9.5,57.0
Woodbury,Luce Line Brewing,Luce Line Low Beams 4pk 16oz can,691835892931,0,0.0,1,6,10.83,65.0
Woodbury,Luce Line Brewing,Luce Line Symbology 4pk 16oz can,608870977288,0,0.0,1,6,11.67,70.0
Woodbury,Luce Line Brewing,Luce Line New Zealand Joyride 4pk 16oz can,732388902804,0,0.0,1,6,10.33,62.0
Woodbury,McDonald Distributing Co dba Clear River Beverage,Hop Butcher Grid 4pk 16oz can,198168446652,0,0.0,1,6,11.0,66.0
Woodbury,McDonald Distributing Co dba Clear River Beverage,Budweiser Holiday Stein,703789513227,0,0.0,1,12,11.0,132.0
Woodbury,McDonald Distributing Co dba Clear River Beverage,2 Towns Outcider 19.2oz can,850017944299,0,0.0,1,12,2.96,35.0
Woodbury,Modist Brewing Company,Modist Supra Sea Salt Lime Deluxe 6pk 12oz can,810095560668,0,0.0,1,4,7.95,32.0
Woodbury,Modist Brewing Company,Modist Watermeloncholy 4pk 16oz can,810095561313,1,1.1,1,6,11.53,69.0
Woodbury,Modist Brewing Company,Modist Brewing Dreamyard 19.2oz can,810095560705,4,1.7,1,12,2.2,26.0
Woodbury,Moose Lake Brewing Co.,Moose Lake Rotator 4pk 16oz can,804859503466,1,2.1,1,6,9.0,54.0
Woodbury,Old World Beers,Tucher Nurnberger Pils 4pk 16oz can,608782504275,1,0.9,1,6,10.0,60.0
Woodbury,Pequod Distribution,MORE Brewing Co Double Strawberry Marbles 4pk 16oz can,850016596512,2,2.1,1,6,15.75,94.0
Woodbury,Phillips Wine & Spirits - St. Paul,Two Chicks Melon Drop 4pk 12oz can,850003574288,0,0.0,1,6,7.42,45.0
Woodbury,Phillips Wine & Spirits - St. Paul,Two Chicks Paloma 4pk 12oz can,850003574028,1,1.1,1,6,7.8,47.0
Woodbury,Phillips Wine & Spirits - St. Paul,Two Chicks Vodka Variety Pack 8pk 12oz can,850003574233,2,1.7,1,3,11.5,34.0
Woodbury,"Pryes Brewing Company, LLC",Pryes Course Correct Hazy 12pk 12oz can,850013268993,1,2.1,1,2,11.18,22.0
Woodbury,Single Can,Cutwater Grapefruit Tequila Paloma 12oz can,816751021184,-36,-19.3,1,24,0.0,0.0
Woodbury,Single Can,Cutwater Spicy Mango Margatira 12oz can,816751024277,0,0.0,1,24,2.45,59.0
Woodbury,Single Can,Cutwater Vodka Mule 12oz can,816751020774,0,0.0,1,24,2.47,59.0
Woodbury,Single Can,Cutwater Tiki Rum Mai Tai 12oz can,816751021665,0,0.0,1,24,1.72,41.0
Woodbury,Single Can,Cutwater Long Island 12oz can,816751021986,0,0.0,1,24,2.46,59.0
Woodbury,Single Can,Cutwater Mango Margatira 12oz can,816751022099,0,0.0,1,24,2.45,59.0
Woodbury,Single Can,Cutwater Pina Colada 12oz Can,816751022471,0,0.0,1,24,2.47,59.0
Woodbury,Single Can,Cutwater Vodka Transfusion 12oz can,816751022556,0,0.0,1,24,2.47,59.0
Woodbury,Single Can,Cutwater Pineapple Margarita 12oz can,816751022785,0,0.0,1,24,2.46,59.0
Woodbury,Single Can,Cutwater Espresso Martini 12oz Can,816751023720,0,0.0,1,24,2.48,60.0
Woodbury,Single Can,Cutwater Strawberry Margarita 12oz can,816751022440,0,0.0,1,24,2.47,59.0
Woodbury,Single Can,Cutwater Lemon Drop 4pk 12oz can,816751023782,0,0.0,1,24,2.48,60.0
Woodbury,Single Can,Cutwater Tequila Lime Margarita 12oz can,816751021214,0,0.0,1,24,2.28,55.0
Woodbury,Single Can,Cutwater White Russian 12oz can,816751022051,0,0.0,1,24,2.47,59.0
Woodbury,Sociable Cider Werks,Sociable Cider Werks Side by Side Variety Pack 8pk 12oz can,859990007519,0,0.0,1,3,13.92,42.0
Woodbury,"Unmapped Brewing Company, LLC",Unmapped Quadruplication 4pk 16oz can,508478198781,0,0.0,1,6,8.27,50.0
Woodbury,"Unmapped Brewing Company, LLC",Unmapped Adrift Hazy IPA 4pk 16oz can,064973164855,0,0.0,1,6,10.33,62.0
Woodbury,"Unmapped Brewing Company, LLC",Unmapped Flannel Roots 4pk 12oz can,UBC-FR-12,2,2.1,1,6,9.28,56.0
Woodbury,"Unmapped Brewing Company, LLC",Unmapped Low Vizibility 4pk 16oz can,006884575894,5,3.1,1,6,10.33,62.0
Woodbury,Urban Growler Brewing Company,Urban Growler Hot Blonde Jalapeno Blonde Ale 4pk 16oz can,850007526689,5,3.1,1,6,7.96,48.0
Woodbury,Ursa Minor Brewing,Ursa Minor Galactic Face Slap 4pk 16oz can,051497121747,4,3.4,1,6,10.76,65.0
Woodbury,Venn Brewing Co.,Venn Golf Beer American Wheat 4pk 16oz can,850013255450,0,0.0,1,6,7.78,47.0
Woodbury,Venn Brewing Co.,Venn Pineapple Northodox 4pk 16oz can,850013255610,1,1.4,1,6,11.17,67.0
Woodbury,Wandering Leaf,Wandering Leaf Marzen 6pk 12oz can,850061134226,2,2.9,1,4,10.0,40.0
Woodbury,,Summit Saga Variety 12pk 12oz can,025569191150,-78,-27.9,12,12,13.2,158.0
Woodbury,,Bent Paddle Light Lager  12pk 12oz can,850024846326,-55,-21.4,11,11,11.7,129.0
Woodbury,,Truly Party Pack 12pk 12oz can,087692018506,-10,-21.4,2,2,13.91,28.0
Woodbury,,Headflyer Hawaiian Sophie 4pk 16oz can,850009065087,-5,-21.4,1,1,9.2,9.0
Woodbury,,Summit Lake Crusher/Winter 12pk 12oz can,025569195554,-110,-19.6,23,23,12.29,283.0
Woodbury,,Ursa Minor Oktoberfest 4pk 16oz can,798304468274,-9,-12.9,3,3,9.43,28.0
Woodbury,,Schilling Grapefruit and Chill 6pk 12oz can,856793004240,-3,-12.9,1,1,8.66,9.0
Woodbury,,Michelob Golden Light 6pk 16oz can,01844328,-41,-8.8,19,19,5.46,104.0
Woodbury,,Summit NA Variery Pack 12pk 12oz can,025569142510,-4,-8.6,2,2,13.32,27.0
Woodbury,,Drekker Prrrt Series 4pk 16oz can,867530958320,-4,-8.6,2,2,16.87,34.0
Woodbury,,Summit NA Amber 6pk 12oz can,025569142107,-5,-7.1,3,3,8.46,25.0
Woodbury,,Summit NA IPA 6pk 12oz can,025569142077,-3,-6.4,2,2,7.74,15.0
Woodbury,,Summit NA Gold 6pk 12oz can,025569142091,-3,-6.4,2,2,8.09,16.0
Woodbury,,Indeed Imperial Pistachio 19.2oz can,850034657547,-5,-5.4,4,4,2.01,8.0
Woodbury,,Pabst Blue Ribbon 24oz can,02200419,-5,-4.3,5,5,1.7,8.0
Woodbury,,Modist Supra Deluxe Sea Salt Lime 16oz can,008811,-3,-4.3,3,3,0.0,0.0
Woodbury,,Oliphant Rusket Red 4pk 16oz can,723466976480,-2,-4.3,2,2,8.0,16.0
Woodbury,,Deschutes Anytme Hard Lemonade 12pk 12oz can,763176802211,-1,-4.3,1,1,15.4,15.0
Woodbury,,Bud Light 15pk 16oz can,018200965388,-1,-2.1,2,2,17.66,35.0
Woodbury,,Lift Bridge Grape Ape 12pk 12oz can,685165386000,-3,-0.9,14,14,12.88,180.0
Woodbury,,Stella Liberte N/A 6pk 12oz btl,018200203138,-1,-0.5,8,8,7.72,62.0
Woodbury,,Peroni 0.0 N/A 6pk 12oz btl,181954001074,0,0.0,1,1,8.5,9.0
Woodbury,,Drekker Chonk Sour 4pk 16oz can,867530908578,0,0.0,1,1,17.44,17.0
Woodbury,,Amstel Light 12pk 12oz btl,072890100160,0,0.0,3,3,13.42,40.0
Woodbury,,Schell's Sampler 2024 12pk 12oz can,088067057229,0,0.0,2,2,14.26,29.0
Woodbury,,Unmapped Paddle North Wild Rice Cream Ale 4pk 16oz can,750844254106,0,0.0,3,3,9.12,27.0
Woodbury,,Schilling Hard Cider Variety Pack 12pk 12oz can,856793004325,0,0.0,3,3,17.82,53.0
Woodbury,,Nutrl Strawberry 4pk 12oz can,108200204470,0,0.0,5,5,7.59,38.0
Woodbury,,Pryes Main Squeeze 4pk 16oz can,860488001681,0,0.0,4,4,8.21,33.0
Woodbury,,Surly Furious 6pk 12oz can,893354001904,0,0.0,5,5,8.46,42.0
Woodbury,,Steel Toe Size 7 6pk 12oz can,855123003168,2,0.3,29,29,9.5,276.0
Woodbury,,Coronita Extra 24pk 8oz btl,080660954080,2,0.5,15,15,19.2,288.0
Woodbury,,Drekker Ectogasm 4pk 16oz can,867530901135,1,0.6,6,6,11.58,69.0
Woodbury,,Falling Knife Verbal Tip 4pk 16oz can,860004521402,3,0.7,14,14,12.03,168.0
Woodbury,,Michelob Ultra 4pk 16oz can,01852424,4,0.8,16,16,4.54,73.0
Woodbury,,56 Brewing Ssippi Squeeze Mosaic IPA 4pk 16oz can,615867915833,2,0.9,8,8,9.47,76.0
Woodbury,,Deschutes Fresh Squeezed IPA 6pk 12oz btl,763176120063,4,0.9,15,15,7.7,115.0
Woodbury,,Stella Artois 25oz can,018200261244,4,1.0,12,12,2.59,31.0
Woodbury,,Elysian Pumpkin Pack 12pk 12oz btl,817904002302,2,1.1,6,6,16.85,101.0
Woodbury,,Miller High Life 6pk 12oz btl,034100015053,4,1.1,11,11,5.59,62.0
Woodbury,,Corona Familiar 32oz btl,080660956831,5,1.1,14,14,3.06,43.0
Woodbury,,Fresca Vodka Variety  8pk 12oz can,810078780861,5,1.2,12,12,14.08,169.0
Woodbury,,Heineken 24pk 12oz btl,072890000316,3,1.3,7,7,26.19,183.0
Woodbury,,Michelob Ultra 18pk 12oz btl,018200966248,1,1.4,2,2,17.25,34.0
Woodbury,,Castle Danger Sea Salt Lime 12pk 12oz can,850055833142,1,1.4,2,2,15.4,31.0
Woodbury,,Clown Shoes Space Cake 4pk 16oz can,854763007161,1,1.4,2,2,10.68,21.0
Woodbury,,Budweiser 6pk 16oz can,01801828,4,1.6,7,7,5.46,38.0
Woodbury,,NUTRL Cranberry Variety Pack 8pk 12oz can,018200203381,2,1.7,3,3,14.98,45.0
Woodbury,,Utepils Receptional 12pk 12oz can,852449007269,4,1.7,6,6,15.38,92.0
Woodbury,,Lift Bridge Variety Pack 12pk 12oz can,685164381853,3,1.8,4,4,13.93,56.0
Woodbury,,Pabst Blue Ribbon 24pk 16oz can,022100001732,4,1.9,5,5,19.32,97.0
Woodbury,,Leinenkugel's Tropical Hazy IPA 19.2oz can,034100014018,4,1.9,5,5,2.23,11.0
Woodbury,,Lift Bridge Mango Blonde 12pk 12oz can,685165385522,4,1.9,5,5,14.2,71.0
Woodbury,,Press Sparkling Signature 12pk 12oz can,852313004837,3,2.1,3,3,14.08,42.0
Woodbury,,Summit Saga Imperial IPA 12pk 12oz can,025569191235,4,2.1,4,4,13.31,53.0
Woodbury,,Truly Unruly Lemonade Variety 12pk 12oz can,087692021995,6,2.1,6,6,13.69,82.0
Woodbury,,Corona Premier 12pk 12oz btl,033544950425,9,2.3,7,7,13.46,94.0
Woodbury,,Summit Winter 4pk 16oz can,025569153561,8,2.4,6,6,6.0,36.0
Woodbury,,Michelob Ultra 8pk 16oz can,018200239861,9,2.4,6,6,8.71,52.0
Woodbury,,Summit Extra Pale Ale 12pk 12oz can,025569243552,16,2.5,10,10,13.29,133.0
Woodbury,,Summit Lager 12pk 16oz can,025569120280,3,2.6,2,2,13.2,26.0
Woodbury,,56 Brewing Rotating 6pk 12oz can,615867915369,3,2.6,2,2,13.1,26.0
Woodbury,,Urban Growler Vanilla Latte 4pk 16oz can,867978000384,3,2.6,2,2,9.67,19.0
Woodbury,,Modist Supra Light 12pk 12oz can,810095561610,5,2.7,3,3,10.75,32.0
Woodbury,,Cayman Jack Margarita Variety 12pk 12oz can,815829011539,4,2.9,2,2,13.94,28.0
Woodbury,,Indeed Oktoberfest 6pk 12oz can,852004004580,5,3.1,2,2,9.1,18.0
Woodbury,,Bud Light 12pk 12oz can,018200530470,6,3.2,2,2,11.28,23.0
Woodbury,,Bell's Two Hearted Ale 4pk 16oz can,740522110831,6,3.2,2,2,6.75,14.0
Woodbury,,Angry Orchard Crisp Apple 12pk 12oz can,087692000839,19,3.3,5,5,14.13,71.0
Woodbury,,Fulton Lonely Blonde 6pk 12oz can,810023141631,4,3.4,1,1,7.5,8.0
Woodbury,,New Holland Dragons Milk 4pk 12oz btl,614036124113,8,3.4,2,2,12.76,26.0
Woodbury,,Stella Artois 6pk 12oz btl,786150000014,11,3.4,3,3,7.7,23.0
Woodbury,,Hamm's 30pk 12oz can,034100807412,19,3.5,3,3,15.89,48.0
Woodbury,,Pryes Miraculum Midwest IPA 12pk 12oz can,850013268320,8,3.8,1,1,13.09,13.0
Woodbury,,Modelo Especial 32oz btl,033544950906,15,3.8,1,1,3.06,3.0
Woodbury,,Mike's Harder Lemonade 23oz can,635985245834,22,3.9,1,1,2.35,2.0
