Item,Category,Supplier,Chain OH,Wk Velocity,WOS,Cost,Retail,Club Price,Margin %,Deal,30D Units,90D Units,By Store OH
MN Ice Small Bag,Ice,,1555,488.8,3.2,1.25,3.49,2.96,64,,1808,7576,Ramsey:26;Stillwater:30;St. Louis Park:37;Cottage Grove:37;Chanhassen:42;Plymouth:51;Osseo:59;Vadnais Heights:68;Woodbury:76;Minneapolis:106;Bloomington:123;Blaine:125;Minnetonka:127;Rosemount:161;Andover:165;Roseville:322
MN Ice Big Bag,Ice,,766,302.3,2.5,3.5,6.49,5.96,46,,1118,4687,Minneapolis:8;Vadnais Heights:17;Cottage Grove:19;Stillwater:25;Chanhassen:34;Plymouth:35;Ramsey:37;Bloomington:39;Woodbury:40;Rosemount:43;Minnetonka:44;Roseville:64;Osseo:85;Andover:109;Blaine:167
Second Harvest Heartland Donation,,,-1543,264.0,-5.8,,,,,,1543,1543,
Schweppes Club Soda Liter,Mixes,Pepsi-Cola,919,128.2,7.2,1.17,2.29,1.96,49,,533,1722,Osseo:8;Chanhassen:8;Roseville:24;Bloomington:36;Cottage Grove:40;Stillwater:44;Vadnais Heights:48;Woodbury:54;St. Louis Park:56;Minnetonka:58;Plymouth:58;Rosemount:100;Blaine:103;Minneapolis:103;Andover:179
Marlboro Gold,Cigarettes,,652,112.8,5.8,12.64,14.99,,16,,462,1548,Ramsey:1;Stillwater:2;Roseville:11;Osseo:12;Woodbury:13;Rosemount:17;Minneapolis:28;Chanhassen:44;St. Louis Park:58;Cottage Grove:58;Plymouth:72;Andover:139;Vadnais Heights:197
Schweppes Diet Tonic Liter,Mixes,Pepsi-Cola,931,107.3,8.7,1.16,2.29,1.96,49,,452,1415,Woodbury:19;Minnetonka:20;Chanhassen:27;Cottage Grove:39;Bloomington:45;Roseville:47;Stillwater:49;Vadnais Heights:50;Rosemount:51;St. Louis Park:70;Plymouth:71;Andover:87;Minneapolis:154;Blaine:206
Bag Fee,,,0,82.7,0.0,,0.05,,,,466,560,
Coke 20oz,Mixes,Great Lakes Coca-Cola Distribution,631,76.0,8.3,2.08,3.49,2.26,40,,322,995,Osseo:2;Ramsey:9;Cottage Grove:15;Vadnais Heights:22;Rosemount:25;Andover:28;Roseville:33;Blaine:36;Woodbury:37;St. Louis Park:41;Bloomington:50;Chanhassen:54;Minnetonka:57;Stillwater:57;Minneapolis:70;Plymouth:95
Polar Club Soda Liter,Mixes,"Capitol Beverage Sales, L.P.",199,69.8,2.8,0.73,2.29,1.74,68,,292,931,Minnetonka:2;Woodbury:4;Rosemount:6;St. Louis Park:8;Vadnais Heights:9;Osseo:21;Minneapolis:23;Blaine:24;Andover:24;Roseville:26;Bloomington:52
Schweppes Tonic Liter,Mixes,Pepsi-Cola,950,69.3,13.7,1.2,2.29,1.96,47,,275,991,Chanhassen:12;Osseo:27;Plymouth:29;Roseville:31;Bloomington:33;Vadnais Heights:45;Woodbury:49;St. Louis Park:56;Minnetonka:62;Rosemount:65;Stillwater:80;Cottage Grove:87;Andover:111;Blaine:123;Minneapolis:140
Sprite 2L,Mixes,Great Lakes Coca-Cola Distribution,142,67.3,2.1,3.21,4.49,3.46,29,,300,814,Chanhassen:3;Stillwater:6;Bloomington:6;St. Louis Park:7;Andover:8;Cottage Grove:8;Roseville:8;Blaine:10;Vadnais Heights:13;Plymouth:15;Rosemount:25;Minneapolis:33
Coke Diet 2L,Mixes,Great Lakes Coca-Cola Distribution,272,65.3,4.2,3.21,4.49,3.46,28,,290,795,Bloomington:4;Plymouth:5;Minnetonka:6;Chanhassen:6;Roseville:7;Vadnais Heights:9;Stillwater:13;Woodbury:13;St. Louis Park:15;Cottage Grove:20;Blaine:21;Andover:25;Rosemount:27;Minneapolis:101
Coke Diet 20oz,Mixes,Great Lakes Coca-Cola Distribution,507,63.0,8.0,2.07,3.49,2.26,41,,280,765,Vadnais Heights:1;Minnetonka:6;Blaine:15;Andover:15;St. Louis Park:28;Rosemount:29;Stillwater:32;Ramsey:35;Bloomington:37;Roseville:37;Plymouth:45;Chanhassen:49;Minneapolis:51;Woodbury:54;Cottage Grove:73
Tip Item,,,0,62.6,0.0,,,,,,270,798,
ReaLime 5oz,Mixes,Bellboy Corporation,271,60.7,4.5,1.03,2.29,1.24,55,,260,780,Andover:3;Plymouth:7;Stillwater:8;Chanhassen:13;Woodbury:14;St. Louis Park:16;Bloomington:17;Vadnais Heights:19;Ramsey:20;Rosemount:20;Roseville:20;Minnetonka:21;Osseo:22;Minneapolis:26;Cottage Grove:45
Sprite 20oz,Mixes,Great Lakes Coca-Cola Distribution,461,57.7,8.0,2.09,3.49,2.26,40,,230,819,Osseo:1;Ramsey:5;Chanhassen:15;Minnetonka:21;Rosemount:21;Bloomington:23;Cottage Grove:23;Stillwater:28;St. Louis Park:32;Woodbury:36;Minneapolis:38;Vadnais Heights:39;Andover:41;Roseville:42;Blaine:45;Plymouth:51
Red Bull Energy Drink 8oz can,Mixes,Red Bull Distribution Company,431,55.6,7.8,1.85,3.49,2.46,47,,231,748,St. Louis Park:3;Stillwater:3;Blaine:8;Minneapolis:15;Bloomington:19;Plymouth:22;Roseville:23;Minnetonka:26;Vadnais Heights:28;Chanhassen:29;Rosemount:32;Osseo:48;Woodbury:55;Andover:59;Cottage Grove:62
Minute Maid Lemonade 2L,Mixes,Great Lakes Coca-Cola Distribution,129,53.6,2.4,3.21,4.49,3.46,29,,230,688,Minnetonka:2;Cottage Grove:2;Roseville:5;Vadnais Heights:6;Rosemount:7;Andover:8;Blaine:8;Plymouth:10;Chanhassen:10;Minneapolis:71
Coke 2L,Mixes,Great Lakes Coca-Cola Distribution,336,46.8,7.2,3.21,4.49,3.46,29,,194,631,Minnetonka:1;Woodbury:1;Ramsey:2;Plymouth:11;Andover:12;Stillwater:16;Blaine:16;Vadnais Heights:17;Roseville:20;Chanhassen:21;Bloomington:24;Cottage Grove:28;Rosemount:30;St. Louis Park:32;Minneapolis:105
Monster Zero Ultra 16oz can,Mixes,Great Lakes Coca-Cola Distribution,451,46.4,9.7,2.05,2.49,,18,,200,593,Minnetonka:1;Stillwater:1;Blaine:11;Woodbury:22;Vadnais Heights:23;Andover:23;Ramsey:35;Chanhassen:36;Rosemount:38;Plymouth:43;Cottage Grove:48;Roseville:52;Bloomington:57;Minneapolis:61
Marlboro,Cigarettes,"M Amundson, LLP",342,44.0,7.8,12.65,14.99,,16,,192,549,Ramsey:3;Stillwater:5;St. Louis Park:9;Plymouth:15;Chanhassen:20;Blaine:20;Osseo:21;Vadnais Heights:23;Roseville:24;Woodbury:37;Andover:51;Cottage Grove:54;Minneapolis:60
Red Bull Energy Drink 12oz can,Mixes,Red Bull Distribution Company,318,43.9,7.2,2.37,4.49,3.46,47,,196,529,Andover:10;Stillwater:10;Minnetonka:10;Plymouth:13;Chanhassen:20;Minneapolis:21;Vadnais Heights:22;Roseville:24;St. Louis Park:26;Bloomington:32;Woodbury:39;Rosemount:44;Cottage Grove:47
Sprite Diet Zero 2L,Mixes,Great Lakes Coca-Cola Distribution,123,43.6,2.8,3.21,4.49,3.46,29,,189,550,Ramsey:1;Bloomington:3;Plymouth:4;St. Louis Park:5;Vadnais Heights:6;Roseville:6;Stillwater:7;Chanhassen:7;Andover:8;Blaine:15;Rosemount:23;Minneapolis:38
Dr Pepper 20oz,Mixes,Pepsi-Cola,272,39.8,6.8,1.72,3.49,2.46,51,,180,468,Minnetonka:6;Cottage Grove:8;Andover:11;Woodbury:11;Osseo:15;Stillwater:18;Bloomington:19;Blaine:24;Rosemount:27;Ramsey:28;Roseville:28;Minneapolis:36;Plymouth:41
Marlboro Gold Pack 100s,Cigarettes,"M Amundson, LLP",459,39.4,11.6,12.62,14.99,,16,,166,521,Rosemount:6;Cottage Grove:13;Plymouth:18;Blaine:18;Roseville:25;Minneapolis:27;St. Louis Park:28;Osseo:30;Chanhassen:41;Woodbury:61;Andover:79;Vadnais Heights:113
MTN Dew 20oz btl,Mixes,Pepsi-Cola,463,35.7,13.0,1.72,3.49,2.46,51,,151,469,Roseville:12;Chanhassen:20;Andover:24;St. Louis Park:24;Osseo:24;Woodbury:24;Bloomington:25;Blaine:25;Minnetonka:27;Rosemount:36;Stillwater:37;Cottage Grove:38;Ramsey:46;Plymouth:50;Minneapolis:51
Red Bull Sugar Free 8oz can,Mixes,Red Bull Distribution Company,408,35.2,11.6,1.83,3.49,2.46,48,,146,473,Stillwater:1;St. Louis Park:1;Roseville:6;Ramsey:8;Rosemount:8;Minneapolis:12;Bloomington:16;Plymouth:20;Minnetonka:25;Vadnais Heights:25;Andover:28;Osseo:30;Blaine:38;Cottage Grove:51;Chanhassen:139
Master of Mixes Simple Syrup 375ml,Mixes,Johnson Brothers - St. Paul,125,35.1,3.6,2.76,4.49,3.96,39,,152,444,Rosemount:5;Chanhassen:6;Plymouth:7;Woodbury:7;Bloomington:8;Roseville:8;St. Louis Park:9;Andover:9;Vadnais Heights:11;Minnetonka:12;Stillwater:14;Minneapolis:14;Blaine:17
Marlboro Silver,Cigarettes,"M Amundson, LLP",292,33.5,8.7,12.63,14.99,,16,,147,414,St. Louis Park:14;Plymouth:15;Roseville:18;Cottage Grove:18;Woodbury:20;Ramsey:21;Blaine:21;Chanhassen:22;Andover:50;Vadnais Heights:93
Newport  100,Cigarettes,,263,32.0,8.2,13.59,15.99,,15,,135,420,Ramsey:12;Osseo:14;Chanhassen:15;Andover:18;Woodbury:21;St. Louis Park:31;Cottage Grove:33;Blaine:41;Minneapolis:78
Minute Maid Lemonade 20oz,Mixes,Great Lakes Coca-Cola Distribution,172,31.9,5.4,2.08,3.49,2.26,41,,132,432,Woodbury:1;Vadnais Heights:4;Rosemount:12;Chanhassen:15;Plymouth:17;Bloomington:21;Andover:30;Stillwater:32;Minneapolis:40
American Spirit Yellow,Cigarettes,,286,31.4,9.1,14.18,16.99,,17,,129,429,Osseo:4;Plymouth:12;Woodbury:15;Roseville:16;Andover:19;Chanhassen:20;St. Louis Park:25;Blaine:28;Minneapolis:38;Cottage Grove:40;Vadnais Heights:69
Bic Colored Lighter,Accessories,"M Amundson, LLP",503,31.0,16.3,1.16,1.79,,35,,134,393,Stillwater:6;Woodbury:9;Andover:14;Chanhassen:22;Osseo:22;Ramsey:25;Cottage Grove:30;Blaine:38;Vadnais Heights:55;Roseville:58;St. Louis Park:60;Minneapolis:66;Plymouth:98
Camel Blue Box,Cigarettes,"M Amundson, LLP",266,31.0,8.6,13.0,14.99,,13,,134,394,Plymouth:1;Rosemount:3;St. Louis Park:10;Roseville:10;Minneapolis:12;Osseo:13;Andover:18;Woodbury:24;Ramsey:30;Cottage Grove:32;Vadnais Heights:47;Blaine:66
Fresca 2L,Mixes,Great Lakes Coca-Cola Distribution,130,30.5,4.3,3.21,4.49,3.46,29,,138,358,Ramsey:1;Woodbury:2;St. Louis Park:3;Blaine:4;Chanhassen:5;Cottage Grove:6;Roseville:6;Andover:7;Stillwater:8;Vadnais Heights:8;Plymouth:9;Rosemount:19;Minneapolis:52
Marlboro 100s,Cigarettes,"M Amundson, LLP",306,29.8,10.3,12.62,14.99,,16,,133,359,Plymouth:1;Woodbury:8;Osseo:11;Roseville:12;Chanhassen:17;Minneapolis:17;Cottage Grove:19;St. Louis Park:22;Blaine:35;Andover:37;Vadnais Heights:127
Filthy Olive Brine 8oz,Mixes,Phillips Wine & Spirits - St. Paul,107,28.6,3.7,3.59,4.49,3.96,20,1 free olive brine on 10 cases,128,343,Osseo:3;Plymouth:3;Andover:4;Rosemount:4;Minnetonka:5;Bloomington:7;Minneapolis:8;Ramsey:8;Stillwater:8;St. Louis Park:10;Woodbury:11;Blaine:12;Roseville:12;Vadnais Heights:12
Marlboro Silver 100s,Cigarettes,"M Amundson, LLP",198,27.4,7.2,12.62,14.99,,16,,128,305,Osseo:2;Ramsey:4;Plymouth:6;Rosemount:6;St. Louis Park:11;Andover:12;Vadnais Heights:13;Roseville:18;Cottage Grove:21;Woodbury:25;Chanhassen:26;Blaine:54
Fre Pouch 15mg Mint,Smokeless,"M Amundson, LLP",153,27.2,5.6,8.13,11.49,9.96,29,,137,259,Minneapolis:153
Coke Diet 12pk 12oz can,Mixes,Great Lakes Coca-Cola Distribution,155,26.9,5.8,9.65,12.49,10.96,23,,121,321,St. Louis Park:2;Rosemount:3;Blaine:4;Plymouth:5;Stillwater:6;Roseville:7;Vadnais Heights:7;Woodbury:7;Cottage Grove:10;Ramsey:11;Chanhassen:21;Andover:21;Bloomington:25;Minneapolis:26
Dasani 20oz,Mixes,Great Lakes Coca-Cola Distribution,844,26.2,32.2,1.31,1.49,,12,,112,338,Minnetonka:7;Woodbury:21;Plymouth:24;Andover:27;Ramsey:35;Bloomington:43;Vadnais Heights:49;Chanhassen:57;Stillwater:59;St. Louis Park:93;Minneapolis:98;Cottage Grove:331
Mr Pure Orange Juice 32oz,Mixes,"Capitol Beverage Sales, L.P.",273,25.8,10.6,2.82,4.99,,44,,119,294,Minnetonka:4;Vadnais Heights:4;Andover:8;Blaine:10;Stillwater:12;Chanhassen:14;Roseville:15;Minneapolis:16;St. Louis Park:20;Plymouth:22;Bloomington:25;Rosemount:32;Osseo:42;Cottage Grove:49
Monster Energy 16oz can,Mixes,Great Lakes Coca-Cola Distribution,539,24.4,22.1,2.05,2.49,,18,,104,315,Chanhassen:6;Osseo:9;Vadnais Heights:17;Woodbury:24;Rosemount:26;Andover:28;Roseville:32;Minnetonka:37;Ramsey:40;Stillwater:41;Plymouth:43;Blaine:66;Minneapolis:76;Bloomington:94
Zing Zang Bloody Mary 1.75L,Mixes,Phillips Wine & Spirits - St. Paul,129,24.2,5.3,6.26,11.99,10.96,48,1 BMM 1.75 free on 10 mix & match,112,273,Bloomington:4;Stillwater:4;Chanhassen:5;Ramsey:5;Plymouth:6;Minneapolis:6;Minnetonka:7;Vadnais Heights:7;Osseo:8;St. Louis Park:9;Cottage Grove:10;Rosemount:11;Roseville:11;Blaine:14;Woodbury:22
Coke 12pk 12oz can,Mixes,Great Lakes Coca-Cola Distribution,202,24.2,8.3,9.65,12.49,10.96,23,,105,306,Woodbury:4;Stillwater:5;Rosemount:7;Vadnais Heights:8;Chanhassen:10;Bloomington:13;Blaine:15;St. Louis Park:16;Plymouth:17;Andover:21;Roseville:26;Minneapolis:26;Cottage Grove:34
Tres Agaves Margarita Mix Liter,Mixes,Phillips Wine & Spirits - St. Paul,110,23.9,4.6,5.96,11.49,9.96,48,Case 1,95,342,St. Louis Park:1;Plymouth:2;Chanhassen:2;Minnetonka:3;Minneapolis:3;Osseo:5;Vadnais Heights:5;Roseville:5;Ramsey:8;Blaine:8;Woodbury:9;Stillwater:10;Bloomington:12;Rosemount:12;Cottage Grove:12;Andover:13
American Spirits Full Flavor Blue,Cigarettes,,283,23.8,11.9,14.14,16.99,,17,,98,325,Osseo:2;Stillwater:4;Chanhassen:9;Plymouth:17;Blaine:18;Woodbury:20;Vadnais Heights:29;Andover:30;Cottage Grove:30;Minneapolis:31;Roseville:44;St. Louis Park:49
20 Red Shot Glasses,Accessories,"True Brands, Inc.",122,23.5,5.2,1.63,3.99,,59,,109,264,Ramsey:3;Andover:3;St. Louis Park:4;Blaine:4;Woodbury:6;Cottage Grove:7;Stillwater:9;Plymouth:11;Bloomington:12;Roseville:17;Vadnais Heights:17;Minneapolis:29
Gatorade Cool Blue 20oz,Mixes,Pepsi-Cola,211,23.1,9.1,1.77,1.99,,11,,93,324,St. Louis Park:1;Vadnais Heights:10;Plymouth:11;Cottage Grove:14;Roseville:19;Minnetonka:20;Woodbury:21;Stillwater:22;Andover:26;Blaine:30;Osseo:37
Coke Zero 2L,Mixes,Great Lakes Coca-Cola Distribution,136,21.7,6.3,3.21,4.49,3.46,29,,95,269,Chanhassen:1;Woodbury:2;Ramsey:6;Stillwater:7;Bloomington:7;Vadnais Heights:7;Andover:7;Plymouth:10;Blaine:14;Cottage Grove:14;Minneapolis:61
Fre Pouch 15mg Wintergreen,Smokeless,"M Amundson, LLP",188,21.7,8.6,8.03,11.49,9.96,30,,108,213,Minneapolis:188
Polar Diet Tonic Water Liter,Mixes,"Capitol Beverage Sales, L.P.",243,21.7,11.2,0.77,2.29,1.74,67,,92,282,Woodbury:1;Ramsey:4;Chanhassen:8;Stillwater:11;Minneapolis:13;Roseville:14;Rosemount:17;Minnetonka:18;Vadnais Heights:25;Bloomington:27;Osseo:28;St. Louis Park:29;Blaine:48
Mr Pure Cranberry Juice 32oz,Mixes,"Capitol Beverage Sales, L.P.",225,21.7,10.4,2.56,4.99,,49,,90,291,Woodbury:4;Bloomington:4;Ramsey:8;Blaine:8;Stillwater:10;Minnetonka:13;Plymouth:13;Roseville:13;Chanhassen:15;Minneapolis:19;Rosemount:26;St. Louis Park:30;Cottage Grove:30;Osseo:32
MTN Dew Diet 20oz btl,Mixes,Pepsi-Cola,325,21.5,15.1,1.71,3.49,2.46,51,,85,309,Roseville:10;Plymouth:12;Rosemount:13;Ramsey:13;Woodbury:13;Chanhassen:14;St. Louis Park:17;Minneapolis:20;Cottage Grove:24;Andover:40;Osseo:45;Blaine:47;Stillwater:57
Polar Lemon Sour Liter,Mixes,"Capitol Beverage Sales, L.P.",165,21.1,7.8,0.72,2.29,1.74,68,,93,259,Roseville:4;Vadnais Heights:5;Cottage Grove:7;Osseo:11;Minnetonka:11;Minneapolis:12;St. Louis Park:14;Chanhassen:15;Bloomington:15;Ramsey:22;Blaine:23;Andover:26
Coke Zero 20oz,Mixes,Great Lakes Coca-Cola Distribution,303,21.1,14.4,2.09,3.49,2.26,40,,83,305,Roseville:1;Chanhassen:11;Minnetonka:12;Vadnais Heights:20;Stillwater:27;Bloomington:32;Woodbury:35;Minneapolis:35;Ramsey:37;St. Louis Park:46;Cottage Grove:47
Pepsi 20oz btl,Mixes,Pepsi-Cola,513,20.8,24.7,1.72,3.49,2.46,51,,89,268,St. Louis Park:16;Woodbury:17;Cottage Grove:18;Minneapolis:19;Plymouth:20;Minnetonka:22;Ramsey:27;Roseville:27;Osseo:28;Chanhassen:32;Rosemount:32;Bloomington:37;Andover:54;Stillwater:70;Blaine:94
ReaLemon 5oz,Mixes,Bellboy Corporation,183,20.7,8.8,1.04,2.29,1.24,55,,95,239,Rosemount:3;Andover:4;Bloomington:11;Cottage Grove:13;St. Louis Park:14;Vadnais Heights:15;Chanhassen:15;Woodbury:18;Blaine:19;Plymouth:23;Minneapolis:23;Minnetonka:25
Velo Pouch 9mg Wintergreen,Smokeless,"M Amundson, LLP",19,20.5,0.9,8.41,11.99,9.96,30,,106,181,Minneapolis:19
Sprite Zero 20oz,Mixes,Great Lakes Coca-Cola Distribution,234,20.4,11.5,2.0,3.49,2.26,43,,89,255,Osseo:1;Stillwater:7;Andover:12;St. Louis Park:12;Bloomington:12;Roseville:15;Vadnais Heights:25;Rosemount:30;Blaine:30;Plymouth:33;Minneapolis:57
Luxardo Maraschino Cherries 12oz,Condiments,Bellboy Corporation,146,20.4,7.1,14.67,23.99,19.96,39,,92,243,Minnetonka:3;Rosemount:3;Plymouth:4;Roseville:5;St. Louis Park:6;Minneapolis:8;Chanhassen:8;Vadnais Heights:10;Woodbury:10;Ramsey:11;Stillwater:11;Blaine:11;Bloomington:12;Osseo:13;Andover:13;Cottage Grove:18
Red Bull Sugar Free 12oz can,Mixes,Red Bull Distribution Company,242,20.4,11.9,2.33,4.49,3.46,48,,86,269,Stillwater:2;Rosemount:6;Chanhassen:10;St. Louis Park:13;Andover:14;Roseville:14;Bloomington:20;Vadnais Heights:21;Minnetonka:22;Minneapolis:28;Plymouth:32;Cottage Grove:60
Zing Zang Bloody Mary Mix 32oz,Mixes,Phillips Wine & Spirits - St. Paul,130,20.4,6.4,3.46,6.99,5.96,51,1 BMM 1.75 free on 10 mix & match,87,263,Stillwater:3;Chanhassen:4;Andover:4;Rosemount:5;St. Louis Park:5;Minnetonka:7;Cottage Grove:8;Bloomington:9;Blaine:10;Ramsey:10;Woodbury:10;Plymouth:10;Roseville:13;Osseo:14;Vadnais Heights:18
Gatorlyte Lemon Lime 20oz,Mixes,Pepsi-Cola,162,20.1,8.1,1.84,3.49,2.96,47,,83,273,Minnetonka:1;Vadnais Heights:1;Chanhassen:5;Plymouth:6;Rosemount:9;Woodbury:10;Cottage Grove:11;Stillwater:11;Minneapolis:16;Andover:17;St. Louis Park:29;Roseville:46
Polar Diet Tonic Water w/Lime Liter,Mixes,"Capitol Beverage Sales, L.P.",184,19.9,9.2,0.7,2.29,1.74,69,,73,312,Chanhassen:5;Blaine:7;Vadnais Heights:8;Ramsey:9;St. Louis Park:9;Minneapolis:14;Roseville:17;Minnetonka:19;Bloomington:30;Osseo:32;Andover:34
Fresca 20oz,Mixes,Great Lakes Coca-Cola Distribution,93,18.4,5.0,2.07,3.49,2.26,41,,84,215,Roseville:2;Chanhassen:2;Cottage Grove:5;Ramsey:9;Andover:37;Minneapolis:38
Camel Crush Blue,Cigarettes,,159,18.3,8.7,13.0,14.99,,13,,77,242,Woodbury:2;St. Louis Park:7;Plymouth:9;Stillwater:10;Rosemount:16;Cottage Grove:19;Osseo:19;Minneapolis:22;Andover:24;Blaine:31
Mr Pure Pineapple Juice 32oz,Mixes,"Capitol Beverage Sales, L.P.",160,17.9,8.9,2.6,4.99,,48,,74,243,Vadnais Heights:4;Plymouth:6;Chanhassen:9;Minneapolis:11;St. Louis Park:14;Rosemount:15;Stillwater:16;Osseo:18;Roseville:20;Bloomington:23;Blaine:24
Fever Tree Ginger Beer 8pk 5oz can,Mixes,Southern Glazer's Wine & Spirits of MN,99,17.6,5.6,5.73,9.99,8.96,43,,72,243,Cottage Grove:1;Minneapolis:1;Minnetonka:3;Woodbury:4;Andover:4;St. Louis Park:4;Osseo:5;Chanhassen:5;Plymouth:6;Bloomington:8;Blaine:10;Ramsey:15;Roseville:16;Vadnais Heights:17
"16 oz Red Party Cups, 24 pack by True",Accessories,"True Brands, Inc.",110,17.4,6.3,2.67,5.99,,55,,77,212,Andover:1;Vadnais Heights:1;St. Louis Park:6;Cottage Grove:7;Stillwater:7;Rosemount:8;Plymouth:9;Bloomington:19;Minneapolis:52
Polar Tonic Water Liter,Mixes,"Capitol Beverage Sales, L.P.",273,17.4,15.7,0.76,2.29,1.74,67,,66,263,Woodbury:2;Ramsey:5;Chanhassen:7;Minnetonka:9;Stillwater:12;Vadnais Heights:12;Andover:13;Rosemount:16;Minneapolis:18;Roseville:25;Blaine:30;St. Louis Park:40;Osseo:42;Bloomington:42
Aquafina Water 20oz,Mixes,Pepsi-Cola,255,16.8,15.2,1.27,2.29,1.79,44,,54,298,Minneapolis:16;Andover:20;Chanhassen:20;Bloomington:23;Minnetonka:23;Stillwater:26;Plymouth:41;St. Louis Park:42;Cottage Grove:44
Fever Tree Tonic Water 8pk 5oz can,Mixes,Southern Glazer's Wine & Spirits of MN,116,16.8,6.9,5.8,9.99,8.96,42,,64,252,Chanhassen:2;Stillwater:4;Osseo:4;Plymouth:5;Minneapolis:6;Andover:6;Cottage Grove:6;Ramsey:7;Minnetonka:7;Woodbury:8;Roseville:9;Blaine:10;Bloomington:11;Rosemount:15;Vadnais Heights:16
Gatorade Gatorlyte Cherry Lime 20oz,Mixes,Pepsi-Cola,155,16.6,9.3,1.84,3.49,2.96,47,,70,218,Woodbury:4;Chanhassen:6;Osseo:9;Minnetonka:11;Cottage Grove:12;Blaine:13;Minneapolis:13;Andover:19;Rosemount:31;Roseville:37
MN Ice Rock,Ice,,75,16.5,4.5,5.49,10.99,9.96,50,,70,215,Woodbury:1;Osseo:2;Chanhassen:2;St. Louis Park:2;Rosemount:5;Bloomington:6;Plymouth:6;Blaine:6;Minnetonka:7;Ramsey:7;Andover:12;Cottage Grove:20
Gatorlyte Glacier Freeze 20oz btl,Mixes,Pepsi-Cola,97,16.5,5.9,1.84,3.49,2.96,47,,81,166,Minneapolis:2;Bloomington:6;Rosemount:7;Cottage Grove:9;Ramsey:10;St. Louis Park:10;Blaine:13;Stillwater:14;Roseville:26
Sprite 12pk 12oz can,Mixes,Great Lakes Coca-Cola Distribution,130,15.8,8.3,9.65,12.49,10.96,23,,67,205,Ramsey:1;Woodbury:1;St. Louis Park:3;Rosemount:5;Bloomington:6;Stillwater:6;Vadnais Heights:7;Chanhassen:8;Plymouth:8;Minneapolis:13;Blaine:17;Cottage Grove:17;Andover:19;Roseville:19
Gosling's Ginger Beer 6pk 12oz can,Mixes,Phillips Wine & Spirits - St. Paul,52,15.4,3.4,5.25,8.99,7.96,42,10cs mix & match -across chain same week,75,157,Vadnais Heights:1;Plymouth:1;Rosemount:1;Osseo:2;Woodbury:2;Stillwater:3;Ramsey:3;Roseville:3;Bloomington:4;Minnetonka:4;St. Louis Park:4;Minneapolis:4;Cottage Grove:20
Fever Tree Club Soda 8pk 5oz can,Mixes,Dahlheimer Beverage Monticello,87,15.3,5.7,5.74,9.99,8.96,43,,58,232,Minnetonka:1;Woodbury:1;Roseville:2;Chanhassen:2;Plymouth:3;Andover:3;St. Louis Park:3;Osseo:4;Minneapolis:4;Stillwater:5;Cottage Grove:6;Blaine:7;Rosemount:11;Bloomington:15;Vadnais Heights:20
Pepsi Diet Original 20oz,Mixes,Pepsi-Cola,401,15.1,26.6,1.71,3.49,2.46,51,,58,223,Chanhassen:5;Roseville:6;Cottage Grove:12;Minneapolis:12;Rosemount:19;Blaine:22;Plymouth:35;St. Louis Park:39;Ramsey:40;Osseo:44;Woodbury:45;Andover:47;Stillwater:76
2 oz plastic shot glasses,Accessories,"True Brands, Inc.",111,14.9,7.5,4.18,7.99,6.96,48,,71,159,Bloomington:5;Roseville:5;Blaine:5;Minnetonka:8;Plymouth:10;Andover:10;Rosemount:12;Stillwater:12;Cottage Grove:12;Chanhassen:13;Minneapolis:19
Starry Caffeine Free Lemon Lime 20oz,Mixes,Pepsi-Cola,172,14.9,11.5,1.34,3.49,2.46,61,,73,151,Rosemount:4;Woodbury:8;Minneapolis:13;Roseville:13;Osseo:14;Bloomington:20;Andover:22;Minnetonka:22;Stillwater:26;Blaine:30
Polar Lime Tonic Water Liter,Mixes,"Capitol Beverage Sales, L.P.",205,14.8,13.8,0.79,2.29,1.74,66,,60,206,Ramsey:9;Woodbury:9;Vadnais Heights:11;Cottage Grove:11;Chanhassen:12;Stillwater:13;Roseville:19;Bloomington:20;St. Louis Park:22;Minneapolis:39;Blaine:40
Gatorade Gatorlyte Strawberry Kiwi 20oz,Mixes,Pepsi-Cola,157,14.7,10.7,1.84,3.49,2.96,47,,63,189,Cottage Grove:9;Chanhassen:9;Stillwater:9;Ramsey:12;Andover:12;Woodbury:17;Blaine:24;Roseville:27;Minneapolis:38
Gatorade Gatorlyte Mixed Berry 20oz btl,Mixes,Pepsi-Cola,93,14.7,6.3,1.84,3.49,2.96,47,,73,145,Blaine:2;Woodbury:5;Minneapolis:6;Chanhassen:8;Cottage Grove:9;Stillwater:31;Roseville:32
Velo Pouch 9mg Spearmint,Smokeless,"M Amundson, LLP",12,14.7,0.8,8.41,11.99,9.96,30,,72,150,Minneapolis:12
Pepsi Diet 2L,Mixes,Pepsi-Cola,136,14.5,9.4,2.46,3.49,2.96,29,,60,197,Rosemount:2;Vadnais Heights:4;Plymouth:5;Osseo:5;Ramsey:7;Bloomington:9;Andover:9;Woodbury:10;Minneapolis:10;Roseville:11;Cottage Grove:11;Stillwater:16;Blaine:17;Minnetonka:20
Twang Lime Beer Salt 1.4oz,Condiments,Bellboy Corporation,149,14.5,10.3,1.64,1.99,,18,,65,172,St. Louis Park:1;Plymouth:4;Woodbury:4;Rosemount:6;Ramsey:8;Stillwater:8;Minnetonka:8;Chanhassen:11;Osseo:13;Cottage Grove:14;Andover:16;Blaine:17;Roseville:18;Minneapolis:21
Pepsi 2L,Mixes,Pepsi-Cola,170,14.3,11.9,2.55,3.49,2.96,27,,64,173,Vadnais Heights:5;Ramsey:6;Roseville:6;Woodbury:7;Minnetonka:8;Bloomington:10;Chanhassen:12;Rosemount:12;Cottage Grove:12;Minneapolis:12;St. Louis Park:14;Plymouth:16;Stillwater:17;Blaine:17;Andover:17
Starry Caffeine Free Lemon Lime 2L,Mixes,Pepsi-Cola,95,14.2,6.7,2.59,3.49,2.96,26,,64,169,Bloomington:2;Roseville:2;St. Louis Park:2;Minneapolis:2;Plymouth:3;Cottage Grove:4;Woodbury:6;Chanhassen:7;Blaine:17;Stillwater:18;Andover:34
Ocean Spray Cranberry Juice,Mixes,Bellboy Corporation,35,14.1,2.5,3.12,5.49,4.96,43,Case 1,63,170,Cottage Grove:1;Woodbury:3;St. Louis Park:4;Bloomington:6;Blaine:9;Osseo:12
Fever Tree Light Tonic Water 8pk 5oz can,Mixes,Dahlheimer Beverage Monticello,100,13.9,7.2,5.81,9.99,8.96,42,,51,216,Osseo:3;Plymouth:3;Ramsey:3;Chanhassen:3;Bloomington:4;Andover:4;Woodbury:4;Stillwater:5;Blaine:6;Minnetonka:7;St. Louis Park:7;Cottage Grove:8;Minneapolis:8;Rosemount:9;Vadnais Heights:12;Roseville:14
Dr. Pepper 2L,Mixes,Pepsi-Cola,66,13.8,4.8,2.53,3.49,2.96,27,,59,179,Minneapolis:1;Stillwater:2;Roseville:2;Rosemount:2;St. Louis Park:2;Plymouth:3;Woodbury:3;Ramsey:5;Cottage Grove:6;Osseo:6;Chanhassen:8;Vadnais Heights:8;Blaine:8;Andover:10
Coke Zero 12pk 12oz can,Mixes,Great Lakes Coca-Cola Distribution,84,13.7,6.2,9.65,12.49,10.96,23,,60,169,Vadnais Heights:4;Roseville:4;Ramsey:5;Rosemount:5;Blaine:8;Stillwater:8;Bloomington:9;Minneapolis:11;Andover:14;St. Louis Park:16
ReaLime Lime Juice 8oz,Mixes,Bellboy Corporation,68,13.7,5.0,2.06,3.49,2.76,41,,62,160,Andover:10;Plymouth:11;Woodbury:11;Minnetonka:12;Minneapolis:24
Monster Ultra Sunrise 12oz can,Mixes,Great Lakes Coca-Cola Distribution,315,13.6,23.1,2.05,2.49,,18,,60,168,Osseo:3;Minnetonka:4;Stillwater:5;Blaine:18;Minneapolis:26;Rosemount:28;Chanhassen:34;Cottage Grove:39;Roseville:41;Plymouth:117
MTN Dew 2L,Mixes,Pepsi-Cola,162,13.6,11.9,2.47,3.49,2.96,29,,63,155,Roseville:2;Vadnais Heights:3;Plymouth:5;St. Louis Park:5;Woodbury:5;Andover:9;Bloomington:10;Cottage Grove:10;Osseo:11;Ramsey:12;Stillwater:16;Rosemount:16;Minneapolis:18;Chanhassen:20;Blaine:20
Velo Pouch 9mg Wild Berry,Smokeless,"M Amundson, LLP",42,13.5,3.1,8.41,11.99,9.96,30,,68,129,Woodbury:19;Minneapolis:23
Ocean Spray Orange Juice 32oz,Mixes,Bellboy Corporation,50,13.1,3.8,3.61,5.49,4.96,34,,61,146,Stillwater:2;Minneapolis:2;Chanhassen:5;St. Louis Park:6;Woodbury:6;Minnetonka:8;Blaine:9;Vadnais Heights:12
Gatorade Gatorlyte Orange 20oz,Mixes,Pepsi-Cola,199,12.9,15.4,1.84,3.49,2.96,47,,49,194,Osseo:4;Blaine:9;Woodbury:9;Rosemount:14;Ramsey:15;Bloomington:17;Minneapolis:38;Stillwater:45;Roseville:48
Mr Pure Pineapple Juice 16oz btl,Mixes,,101,12.9,7.9,1.62,1.99,,19,,61,139,Bloomington:20;Chanhassen:3;Andover:5;St. Louis Park:7;Blaine:7;Vadnais Heights:29;Minneapolis:30
Middletons Black & Mild Single,Cigars,"M Amundson, LLP",40,12.5,3.2,1.85,1.79,,-3,,54,158,Minneapolis:40
Schweppes Club Soda 6pk 8oz,Mixes,Pepsi-Cola,149,12.4,12.0,4.0,5.49,4.96,27,,52,164,Rosemount:1;Woodbury:2;Chanhassen:5;Minneapolis:6;St. Louis Park:7;Osseo:7;Cottage Grove:7;Stillwater:8;Roseville:8;Plymouth:11;Blaine:13;Bloomington:15;Minnetonka:16;Andover:21;Vadnais Heights:22
MN Ice Shard,Ice,,32,12.3,2.6,5.55,11.49,9.96,52,,52,161,Blaine:1;Minnetonka:2;Stillwater:2;Ramsey:2;St. Louis Park:2;Bloomington:4;Cottage Grove:4;Woodbury:5;Roseville:5;Chanhassen:6
Velo Peppermint 9mg,Smokeless,"M Amundson, LLP",28,12.1,2.3,8.41,11.99,9.96,30,,57,132,Minneapolis:28
Roses Grenadine 12oz,Mixes,Bellboy Corporation,55,12.1,4.6,3.9,5.49,4.96,29,5 case deal on one invoice Rose's,51,158,Bloomington:1;Minnetonka:2;Stillwater:2;Cottage Grove:2;Woodbury:3;St. Louis Park:5;Vadnais Heights:5;Andover:6;Plymouth:6;Blaine:7;Minneapolis:16
Cock n Bull Ginger Beer 4pk 12oz btl,Mixes,Phillips Wine & Spirits - St. Paul,54,11.9,4.5,5.06,7.99,6.46,37,Case 1,52,148,Vadnais Heights:1;Minnetonka:2;Plymouth:4;Blaine:4;Andover:5;Minneapolis:5;Osseo:5;Rosemount:6;Bloomington:22
"16 oz Red Party Cups, 50 pack by True",Accessories,"True Brands, Inc.",34,11.9,2.9,4.07,11.74,9.96,65,,56,129,Minneapolis:34
Angostura Aromatic Bitters 4oz,Mixes,Southern Glazer's Wine & Spirits of MN,522,11.9,43.8,11.5,14.99,12.96,23,Case 1,51,154,Cottage Grove:1;Woodbury:1;Blaine:11;Rosemount:14;Stillwater:16;Minnetonka:17;Plymouth:26;Andover:31;Bloomington:36;Chanhassen:36;Minneapolis:37;Roseville:41;Ramsey:47;St. Louis Park:48;Osseo:58;Vadnais Heights:102
Red Bull Energy Drink 16oz can,Mixes,Red Bull Distribution Company,145,11.7,12.3,3.1,4.49,3.96,31,,51,148,Roseville:1;Rosemount:5;Vadnais Heights:7;Cottage Grove:12;Minneapolis:12;Stillwater:14;Andover:20;Chanhassen:21;Plymouth:26;Woodbury:27
Newport,Cigarettes,,221,11.6,19.0,13.46,15.99,,16,,50,149,Ramsey:3;Plymouth:7;Cottage Grove:15;Osseo:18;Andover:19;Woodbury:25;Chanhassen:29;Blaine:33;Minneapolis:72
Fever Tree Tonic Water 4pk 6.7oz btl,Mixes,"Breakthru Beverage Minnesota Beer, LLC",175,11.4,15.3,3.9,6.49,5.96,40,,40,188,Vadnais Heights:4;Chanhassen:5;Blaine:5;Minnetonka:5;Ramsey:5;Minneapolis:8;St. Louis Park:10;Woodbury:10;Andover:10;Rosemount:10;Plymouth:12;Osseo:14;Stillwater:14;Bloomington:15;Roseville:22;Cottage Grove:26
Schweppes Tonic 6pk 8oz can,Mixes,Pepsi-Cola,149,11.3,13.2,3.71,5.49,4.96,33,,49,143,Roseville:1;Osseo:4;Cottage Grove:5;Minneapolis:5;Chanhassen:8;Blaine:8;Rosemount:10;St. Louis Park:11;Minnetonka:12;Bloomington:12;Vadnais Heights:12;Plymouth:14;Stillwater:19;Andover:28
Fever Tree Ginger Beer 4pk 6.7oz btl,Mixes,"Breakthru Beverage Minnesota Beer, LLC",133,11.2,11.9,3.89,6.49,5.96,40,,41,175,Minnetonka:3;Plymouth:5;Ramsey:7;Blaine:8;Chanhassen:10;Vadnais Heights:10;Bloomington:12;Cottage Grove:14;Woodbury:14;Osseo:16;Roseville:17;Andover:19
Mr Pure Orange Juice 16oz,Mixes,,149,11.0,13.6,1.62,1.99,,19,,51,123,Bloomington:20;Blaine:7;Andover:10;Vadnais Heights:14;Chanhassen:19;Minneapolis:79
Coke Cherry 2L,Mixes,Great Lakes Coca-Cola Distribution,119,10.8,11.0,3.19,4.49,3.46,29,,49,128,Vadnais Heights:7;Ramsey:8;Woodbury:9;Stillwater:10;Plymouth:14;Roseville:15;Andover:17;Minneapolis:18;Blaine:21
Mr Pure Cranberry Juice 16oz,Mixes,,84,10.8,7.8,1.12,1.99,,44,,45,144,Bloomington:41;Vadnais Heights:10;Blaine:12;Minneapolis:21
Velo Pouch 9mg Mint,Smokeless,"M Amundson, LLP",37,10.7,3.5,8.41,11.99,9.96,30,,52,110,Minneapolis:37
Schweppes Diet Tonic 6pk 8oz,Mixes,Pepsi-Cola,144,10.6,13.6,3.84,5.49,4.96,30,,37,175,Ramsey:2;Cottage Grove:2;Rosemount:2;Woodbury:2;Plymouth:4;Roseville:5;Minneapolis:6;Osseo:6;St. Louis Park:8;Bloomington:11;Chanhassen:11;Minnetonka:12;Stillwater:12;Andover:20;Vadnais Heights:20;Blaine:21
Gatorade Orange 20oz,Mixes,Pepsi-Cola,151,10.6,14.2,1.81,1.99,,9,,42,153,Stillwater:4;Rosemount:8;Roseville:14;Cottage Grove:19;Vadnais Heights:23;Woodbury:24;Blaine:24;Andover:35
Bootleg Cocktail Mix,Mixes,Joseph Zimmerley,125,10.3,12.2,17.25,26.99,22.96,36,,35,173,Roseville:4;Ramsey:11;Minneapolis:12;Woodbury:12;Blaine:13;Andover:13;Chanhassen:25;Cottage Grove:35
Camel Menthol Crush Silver,Cigarettes,"M Amundson, LLP",72,10.3,7.0,13.07,14.99,,13,,44,132,Osseo:1;St. Louis Park:2;Cottage Grove:15;Andover:54
Coke Cherry 20oz,Mixes,Great Lakes Coca-Cola Distribution,143,10.3,13.8,2.09,3.49,2.26,40,,41,148,Plymouth:1;Roseville:1;Minnetonka:4;Andover:7;Woodbury:22;Blaine:30;Ramsey:32;Minneapolis:46
Grizzly Wintergreen Long Cut,Smokeless,,106,10.1,10.5,9.78,11.99,,18,,34,172,St. Louis Park:1;Stillwater:3;Ramsey:8;Cottage Grove:16;Osseo:19;Blaine:23;Andover:36
Zyn 6mg Wintergreen,Smokeless,"M Amundson, LLP",51,10.0,5.1,8.41,9.99,9.96,16,,46,115,Woodbury:5;Minneapolis:46
Grizzly Wintergreen Pouches,Smokeless,,119,10.0,11.9,9.72,11.99,,19,,47,110,Blaine:7;Cottage Grove:12;Osseo:17;Ramsey:24;Andover:59
Gatorade Fruit Punch 20oz,Mixes,Pepsi-Cola,170,10.0,17.0,1.86,1.99,,7,,40,141,St. Louis Park:4;Vadnais Heights:4;Andover:5;Minnetonka:11;Woodbury:15;Stillwater:17;Osseo:19;Plymouth:22;Roseville:25;Blaine:48
Gatorade Gatorlyte Watermelon 20oz,Mixes,Pepsi-Cola,143,9.9,14.4,1.84,3.49,2.96,47,,44,121,Minnetonka:2;Plymouth:6;Rosemount:7;Andover:12;Chanhassen:12;Blaine:12;Stillwater:17;Minneapolis:27;Roseville:48
Seagrams Ginger Ale 2L,Mixes,Great Lakes Coca-Cola Distribution,94,9.6,9.8,3.2,4.49,3.46,29,,44,110,Minnetonka:3;Blaine:3;Plymouth:4;Chanhassen:5;Rosemount:5;Woodbury:8;Vadnais Heights:11;Roseville:18;Minneapolis:37
Fanta Orange 20oz,Mixes,Great Lakes Coca-Cola Distribution,88,9.5,9.3,2.05,3.49,2.26,41,,34,151,Blaine:15;Plymouth:21;Chanhassen:22;Minneapolis:30
Jose Cuervo Margarita Mix 1.75L,Mixes,Johnson Brothers - St. Paul,58,9.4,6.2,6.35,9.99,8.96,36,Case One,40,121,Blaine:1;Plymouth:2;Andover:2;Rosemount:2;Bloomington:4;Ramsey:4;Stillwater:4;Woodbury:4;Chanhassen:5;Vadnais Heights:5;Osseo:6;Cottage Grove:7;Minneapolis:12
Non-Refundable Transaction,,,-1788,9.4,-190.3,,,,,,8,266,
Fre Pouch 12mg Wintergreen,Smokeless,"M Amundson, LLP",240,9.2,26.0,7.94,11.49,9.96,31,,45,94,Minneapolis:240
"Monster Ultra Red, White & Blue 16oz can",Mixes,Great Lakes Coca-Cola Distribution,166,9.2,18.1,1.88,2.49,,25,,37,129,Minneapolis:15;Woodbury:24;Chanhassen:32;Ramsey:37;Bloomington:58
Jose Cuervo Light Marg. Mix 1.75L,Mixes,Johnson Brothers - St. Paul,75,9.2,8.1,6.35,9.99,8.96,36,Case One,38,126,St. Louis Park:1;Osseo:1;Plymouth:2;Chanhassen:3;Stillwater:4;Bloomington:5;Minneapolis:5;Vadnais Heights:6;Rosemount:6;Woodbury:6;Minnetonka:8;Blaine:13;Cottage Grove:15
Zing Zang Sweet & Sour 32oz,Mixes,Phillips Wine & Spirits - St. Paul,49,8.9,5.5,3.25,6.99,,54,1 BMM 1.75 free on 10 mix & match,41,101,Ramsey:1;Plymouth:2;Rosemount:3;Vadnais Heights:3;Blaine:3;Chanhassen:4;St. Louis Park:4;Minnetonka:5;Minneapolis:5;Roseville:6;Andover:7;Woodbury:11
Dole Pineapple Juice 46oz,Mixes,Bellboy Corporation,84,8.9,9.5,4.73,4.99,,5,,41,100,Ramsey:1;Stillwater:2;Chanhassen:3;Blaine:3;Osseo:4;Bloomington:5;Cottage Grove:5;Minneapolis:6;St. Louis Park:7;Andover:10;Minnetonka:11;Roseville:12;Woodbury:15
Clamato Tomato Cocktail 64oz,Mixes,Bellboy Corporation,55,8.7,6.3,6.12,8.99,7.96,32,net down pricing,41,94,Vadnais Heights:1;Roseville:1;Osseo:2;Blaine:2;Woodbury:3;St. Louis Park:3;Stillwater:3;Minneapolis:4;Bloomington:5;Minnetonka:5;Andover:5;Plymouth:7;Rosemount:7;Cottage Grove:7
Zyn Peppermint 6mg,Smokeless,"M Amundson, LLP",23,8.6,2.7,8.41,9.99,9.96,16,,42,87,Woodbury:10;Minneapolis:13
Fever Tree Light Tonic Water 4pk 6.7oz btl,Mixes,Southern Glazer's Wine & Spirits of MN,124,8.5,14.5,3.93,6.49,5.96,40,,29,144,Andover:3;Osseo:3;Chanhassen:4;Plymouth:5;Ramsey:5;Blaine:6;Minnetonka:6;Minneapolis:7;Bloomington:8;St. Louis Park:9;Roseville:10;Stillwater:11;Cottage Grove:12;Rosemount:13;Woodbury:22
Camel Menthol Crush Green,Cigarettes,"M Amundson, LLP",58,8.5,6.8,12.86,14.99,,14,,37,107,Minneapolis:7;Plymouth:15;Andover:17;Cottage Grove:20
Kodiak Wintergreen Long Cut,Smokeless,,18,8.5,2.1,11.82,13.99,,16,,36,111,Cottage Grove:5;Andover:13
Gatorade Lemon Lime 20oz,Mixes,Pepsi-Cola,135,8.5,15.8,1.71,1.99,,14,,35,117,Stillwater:8;Minnetonka:9;St. Louis Park:12;Rosemount:14;Cottage Grove:16;Woodbury:22;Vadnais Heights:25;Andover:29
MN Ice Sphere,Ice,,61,8.4,7.2,6.21,12.49,10.96,50,,34,118,Osseo:1;Plymouth:1;Blaine:2;Stillwater:3;Roseville:5;Minnetonka:6;Andover:6;Rosemount:7;Ramsey:8;Woodbury:10;Cottage Grove:12
Schweppes Ginger Ale 6pk 8oz,Mixes,Pepsi-Cola,85,8.4,10.1,4.09,5.49,4.96,25,,37,104,St. Louis Park:2;Woodbury:3;Minnetonka:3;Cottage Grove:4;Osseo:4;Minneapolis:4;Andover:8;Plymouth:10;Vadnais Heights:10;Blaine:11;Bloomington:12;Roseville:14
Zyn 6mg Cool Mint,Smokeless,"M Amundson, LLP",27,8.3,3.2,8.41,10.99,9.96,24,,42,79,Woodbury:5;Stillwater:10;Minneapolis:12
Spooky Dill Pickle Bloody Mix 32oz,Mixes,Bellboy Corporation,140,8.3,16.9,4.5,7.99,6.96,44,,38,96,St. Louis Park:2;Blaine:3;Bloomington:3;Andover:3;Cottage Grove:4;Rosemount:7;Osseo:8;Minneapolis:8;Roseville:9;Chanhassen:10;Minnetonka:11;Ramsey:11;Woodbury:12;Vadnais Heights:13;Stillwater:15;Plymouth:21
Gosling's Diet Ginger Beer 6pk 12oz can,Mixes,Phillips Wine & Spirits - St. Paul,30,8.3,3.6,5.25,8.99,7.96,42,10cs mix & match -across chain same week,36,104,Minnetonka:1;Osseo:2;Plymouth:2;Rosemount:2;Woodbury:2;Roseville:3;Stillwater:3;Blaine:4;Minneapolis:4;Ramsey:7
Red Bull Energy Drink 4pk 8oz can,Mixes,Red Bull Distribution Company,83,8.2,10.1,7.3,12.49,10.96,42,,38,94,Woodbury:1;Vadnais Heights:1;Bloomington:2;Ramsey:2;St. Louis Park:6;Osseo:6;Andover:11;Roseville:12;Rosemount:14;Cottage Grove:28
Fever Tree Elderflower Tonic 4pk 6.7oz btl,Mixes,Southern Glazer's Wine & Spirits of MN,112,8.2,13.6,3.96,6.49,5.96,39,,28,139,Chanhassen:2;Cottage Grove:3;Blaine:3;Stillwater:5;Rosemount:5;Osseo:6;Ramsey:6;Minnetonka:6;Plymouth:6;Minneapolis:6;St. Louis Park:6;Roseville:7;Andover:10;Vadnais Heights:11;Bloomington:13;Woodbury:17
Shoot Ping Pong Balls,Accessories,"True Brands, Inc.",22,8.1,2.7,2.23,5.49,4.96,59,,38,88,Minneapolis:22
Roses Sweetened Lime Juice 12oz,Mixes,Bellboy Corporation,35,8.1,4.3,3.9,6.49,5.96,40,,38,89,Minnetonka:3;Cottage Grove:3;Blaine:3;Bloomington:4;Osseo:4;Plymouth:6;Minneapolis:12
Roses Sweetened Lime Liter,Mixes,"Breakthru Beverage Minnesota Wine & Spirits, LLC",138,7.9,17.4,85.0,8.99,7.96,-845,Case 1 pricing,33,106,Chanhassen:2;Stillwater:2;St. Louis Park:3;Minneapolis:3;Andover:5;Woodbury:7;Ramsey:10;Rosemount:10;Vadnais Heights:11;Minnetonka:12;Cottage Grove:13;Roseville:20;Plymouth:40
Master of Mixes Old Fashioned Liter,Mixes,Johnson Brothers - St. Paul,130,7.8,16.7,3.76,5.99,5.46,37,,33,102,Roseville:1;Vadnais Heights:1;Rosemount:2;Andover:5;Plymouth:7;Stillwater:8;Woodbury:9;Blaine:9;St. Louis Park:9;Chanhassen:10;Cottage Grove:12;Minneapolis:12;Ramsey:13;Minnetonka:16;Osseo:16
The Royal Cherry 10oz,Condiments,Bellboy Corporation,43,7.7,5.6,3.69,6.49,5.96,43,,35,90,Chanhassen:1;Osseo:1;Rosemount:2;Vadnais Heights:2;Blaine:2;St. Louis Park:2;Woodbury:2;Minneapolis:3;Plymouth:6;Stillwater:6;Ramsey:7;Minnetonka:9
Fever Tree Club Soda 4pk 6.7oz btl,Mixes,Dahlheimer Beverage Monticello,150,7.7,19.6,3.91,6.49,5.96,40,,28,120,Minnetonka:4;Andover:5;Vadnais Heights:6;Ramsey:6;Plymouth:7;Blaine:8;Chanhassen:10;Rosemount:10;Bloomington:11;Stillwater:12;Minneapolis:12;St. Louis Park:12;Roseville:15;Woodbury:16;Cottage Grove:16
Tres Agaves Strawberry Mix Liter,Mixes,Phillips Wine & Spirits - St. Paul,94,7.7,12.2,5.96,11.49,9.96,48,Case 1,33,100,St. Louis Park:1;Osseo:2;Rosemount:2;Stillwater:3;Andover:5;Minneapolis:5;Minnetonka:6;Vadnais Heights:7;Woodbury:8;Plymouth:9;Ramsey:10;Blaine:11;Chanhassen:12;Bloomington:13
Monster Ultra Punk Punch 16oz can,Mixes,Great Lakes Coca-Cola Distribution,55,7.7,7.1,2.05,2.49,,18,,31,108,Minneapolis:8;Woodbury:12;Ramsey:16;Andover:19
Roses Grenadine 25oz,Mixes,Bellboy Corporation,139,7.6,18.3,5.96,5.99,,1,net down pricing,32,100,Ramsey:1;Vadnais Heights:2;Chanhassen:3;Rosemount:4;Plymouth:5;Blaine:5;Cottage Grove:5;Stillwater:6;Bloomington:7;Roseville:8;Woodbury:11;Andover:11;Minneapolis:12;St. Louis Park:18;Osseo:18;Minnetonka:23
Lake Storm Lemonade Cocktail Mix,Mixes,Summer Lakes Beverage LLC,126,7.6,16.6,17.25,26.99,22.96,36,,23,140,Roseville:10;Andover:10;Blaine:10;Minneapolis:12;Woodbury:12;Ramsey:13;Cottage Grove:29;Chanhassen:30
MTN Dew Diet 2L,Mixes,Pepsi-Cola,183,7.5,24.4,2.57,3.49,2.96,26,,32,97,Osseo:2;Minneapolis:2;Roseville:3;Cottage Grove:3;Ramsey:5;Andover:15;Woodbury:15;Plymouth:18;Blaine:20;Stillwater:21;St. Louis Park:22;Vadnais Heights:27;Chanhassen:30
Red Bull Summer Lime 12oz can,Mixes,Red Bull Distribution Company,171,7.5,22.8,2.14,4.49,3.46,52,,30,106,Chanhassen:4;Minneapolis:8;Stillwater:13;Plymouth:14;Minnetonka:14;Bloomington:20;Vadnais Heights:31;Cottage Grove:67
Celsius Orange 12oz can,Mixes,Pepsi-Cola,146,7.4,19.8,1.78,2.49,,29,,31,98,St. Louis Park:3;Cottage Grove:7;Plymouth:7;Rosemount:8;Andover:9;Ramsey:12;Stillwater:14;Roseville:14;Bloomington:20;Blaine:26;Minneapolis:26
Fever Tree Light Margarita Mix 750ml,Mixes,"Breakthru Beverage Minnesota Beer, LLC",68,7.2,9.5,5.83,9.99,8.96,42,,28,105,Roseville:2;Plymouth:2;Cottage Grove:3;St. Louis Park:3;Woodbury:3;Bloomington:4;Chanhassen:5;Andover:5;Rosemount:6;Ramsey:6;Blaine:7;Minneapolis:10;Vadnais Heights:12
Fever Tree Sparkling Pink Grapefruit 4pk 6.7oz btl,Mixes,,104,7.1,14.7,3.96,6.49,5.96,39,,28,100,Stillwater:3;St. Louis Park:3;Minneapolis:4;Roseville:9;Rosemount:12;Cottage Grove:16;Chanhassen:16;Woodbury:18;Minnetonka:3;Plymouth:4;Andover:9;Blaine:9
Red Bull Yellow Edition 8oz can,Mixes,Red Bull Distribution Company,131,7.1,18.4,1.78,2.49,,29,,31,89,Roseville:6;Woodbury:20;Plymouth:23;St. Louis Park:35;Andover:47
Monster Ultra Violet 16oz can,Mixes,Great Lakes Coca-Cola Distribution,180,7.0,25.7,2.05,2.49,,18,,33,77,Osseo:4;Cottage Grove:7;Stillwater:11;Minnetonka:11;Minneapolis:17;Blaine:33;Roseville:47;Plymouth:50
Zing Zang Margarita Mix 1.75L,Mixes,Phillips Wine & Spirits - St. Paul,107,7.0,15.2,6.26,11.49,10.96,46,1 BMM 1.75 free on 10 mix & match,29,96,Rosemount:2;Ramsey:3;St. Louis Park:3;Osseo:5;Vadnais Heights:5;Chanhassen:6;Plymouth:6;Woodbury:6;Cottage Grove:8;Minnetonka:8;Minneapolis:8;Bloomington:9;Blaine:9;Roseville:9;Stillwater:9;Andover:11
Fre Pouch 12mg Mint,Smokeless,"M Amundson, LLP",252,7.0,36.0,7.77,11.49,9.96,32,,32,81,Minneapolis:252
Red Bull Energy Drink 20oz can,Mixes,Red Bull Distribution Company,113,7.0,16.1,3.66,6.49,,44,,36,64,Minnetonka:1;Andover:15;Blaine:16;Chanhassen:21;Roseville:28;Woodbury:32
Fre Pouch 9mg Mint,Smokeless,"M Amundson, LLP",110,6.9,16.0,7.68,11.49,9.96,33,,34,68,Minneapolis:110
Schweppes Ginger Ale 2L,Mixes,Pepsi-Cola,79,6.8,11.6,2.6,3.49,2.96,25,,29,89,St. Louis Park:2;Cottage Grove:3;Osseo:3;Bloomington:4;Blaine:9;Chanhassen:10;Vadnais Heights:11;Andover:37
American Spirit Organic-Turquoise,Cigarettes,,85,6.8,12.6,14.59,16.99,,14,,26,100,Andover:9;Cottage Grove:11;St. Louis Park:12;Minneapolis:18;Osseo:35
Velo Wintergreen 6mg,Smokeless,"M Amundson, LLP",13,6.7,1.9,8.41,11.49,9.96,27,,31,77,Minneapolis:13
Clamato Tomato Cocktail 32oz,Mixes,Bellboy Corporation,82,6.7,12.3,4.02,6.49,5.96,38,net down pricing,28,88,Ramsey:1;Woodbury:1;Andover:2;Chanhassen:4;Rosemount:4;Osseo:5;St. Louis Park:5;Stillwater:5;Minnetonka:6;Blaine:7;Bloomington:9;Plymouth:10;Minneapolis:11;Roseville:12
Twang Beer Salt 1.4oz,Condiments,Bellboy Corporation,179,6.7,26.9,1.64,1.99,,18,,30,79,Osseo:1;Roseville:3;Plymouth:5;Andover:9;Rosemount:10;Minnetonka:13;Ramsey:14;Chanhassen:17;Stillwater:18;Bloomington:18;St. Louis Park:19;Cottage Grove:22;Vadnais Heights:30
Mr Pure Lime 16oz,Mixes,,79,6.7,11.8,1.62,1.99,,19,,28,90,Andover:8;Vadnais Heights:10;Bloomington:14;Minneapolis:20;Blaine:27
Dr Pepper Diet 20oz,Mixes,Pepsi-Cola,249,6.5,38.2,1.7,3.49,2.46,51,,23,106,Minneapolis:2;Stillwater:4;St. Louis Park:10;Osseo:15;Ramsey:22;Woodbury:27;Rosemount:27;Minnetonka:35;Andover:49;Blaine:58
Traverse City Cherries 21oz,Condiments,Bellboy Corporation,47,6.5,7.3,13.58,20.99,17.96,35,,30,73,Bloomington:1;Plymouth:1;Osseo:2;Andover:2;Cottage Grove:3;St. Louis Park:3;Stillwater:3;Blaine:4;Minneapolis:5;Minnetonka:5;Roseville:5;Vadnais Heights:6;Ramsey:7
Perfect Press Jalapeno Margarita Cocktail Mix,Mixes,Joseph Zimmerley,91,6.5,14.0,17.21,26.99,22.96,36,,20,119,Woodbury:6;Roseville:7;Blaine:8;Minneapolis:9;Ramsey:9;Andover:9;Cottage Grove:19;Chanhassen:24
Mr Pure Apple Cranberry 32oz,Mixes,"Capitol Beverage Sales, L.P.",59,6.5,9.1,2.51,4.99,,50,,31,70,Vadnais Heights:2;Osseo:3;Blaine:4;Plymouth:4;Woodbury:6;Minnetonka:8;Roseville:10;Bloomington:11;Minneapolis:11
Fever Tree Light Ginger Beer 4pk 6.7oz btl,Mixes,Southern Glazer's Wine & Spirits of MN,96,6.5,14.7,3.93,6.49,5.96,40,,29,79,Rosemount:3;Cottage Grove:3;Ramsey:4;Vadnais Heights:5;Blaine:5;Andover:7;Plymouth:10;St. Louis Park:11;Chanhassen:12;Osseo:12;Roseville:12;Woodbury:12
Pink Edition Red Bull Wild Berries 12oz can,Mixes,Red Bull Distribution Company,23,6.4,3.6,2.45,4.49,3.46,46,,24,97,Woodbury:10;Minneapolis:13
Finest Call Sweet & Sour Liter,Mixes,Johnson Brothers - St. Paul,135,6.3,21.3,4.09,6.99,5.96,41,,29,73,Stillwater:4;St. Louis Park:4;Vadnais Heights:8;Bloomington:9;Cottage Grove:10;Andover:12;Plymouth:12;Blaine:12;Minnetonka:15;Minneapolis:15;Chanhassen:16;Rosemount:18
Zing Zang Bloody Mary Dill Pickles 32oz,Mixes,Phillips Wine & Spirits - St. Paul,42,6.3,6.7,3.25,6.99,5.96,54,1 BMM 1.75 free on 10 mix & match,26,85,Vadnais Heights:1;Blaine:3;Rosemount:5;Woodbury:6;Roseville:7;Bloomington:10;Andover:10
Parliament Lights,Cigarettes,,85,6.3,13.4,14.29,16.99,,16,,24,96,Woodbury:7;Minneapolis:8;Roseville:8;Cottage Grove:16;St. Louis Park:18;Blaine:28
Celsius Watermelon 12oz can,Mixes,Pepsi-Cola,71,6.1,11.6,1.77,2.49,,29,,31,57,St. Louis Park:6;Blaine:18;Roseville:23;Minneapolis:24
Fever Tree Mediterranean Tonic 4pk 6.7oz btl,Mixes,Dahlheimer Beverage Monticello,120,6.1,19.7,3.76,6.49,5.96,42,,22,97,St. Louis Park:2;Minnetonka:5;Plymouth:5;Bloomington:5;Vadnais Heights:6;Rosemount:7;Andover:8;Chanhassen:8;Minneapolis:8;Stillwater:8;Roseville:8;Woodbury:12;Blaine:18;Cottage Grove:20
No-Mess Glitter Bow Assorted Wine Bag by Cakewalk,Accessories,"True Brands, Inc.",172,6.1,28.4,1.91,4.49,3.96,57,,26,78,Chanhassen:1;Woodbury:2;Bloomington:4;Rosemount:5;Roseville:5;Minneapolis:9;Plymouth:9;Vadnais Heights:9;Andover:9;St. Louis Park:9;Blaine:19;Osseo:20;Minnetonka:21;Ramsey:21;Cottage Grove:29
SBOC Dirty Martini Mix 375ml,Mixes,Bellboy Corporation,56,6.1,9.2,3.2,6.49,5.96,51,,26,78,Blaine:1;Ramsey:2;Roseville:2;Plymouth:3;Vadnais Heights:3;Minnetonka:5;Andover:6;Chanhassen:9;Bloomington:11;St. Louis Park:14
Glaceau SmartWater 20oz,Mixes,Great Lakes Coca-Cola Distribution,139,6.1,22.7,1.43,2.99,,52,,23,93,Minnetonka:3;Chanhassen:49;Bloomington:87
Bang Purple Haze,Pop1,Great Lakes Coca-Cola Distribution,78,6.0,13.1,1.98,2.99,,34,,17,115,Woodbury:78
Filthy Red Cherry 8oz,Condiments,Phillips Wine & Spirits - St. Paul,130,6.0,21.6,4.98,6.49,5.96,23,1 free black cherry free on 15 cases,27,72,Chanhassen:3;Cottage Grove:3;Stillwater:4;Bloomington:5;Andover:8;Minneapolis:8;Osseo:9;Plymouth:10;St. Louis Park:10;Minnetonka:11;Rosemount:11;Woodbury:11;Blaine:12;Vadnais Heights:12;Roseville:13
Marlboro Menthol,Cigarettes,"M Amundson, LLP",146,6.0,24.5,13.1,15.99,,18,,25,79,Osseo:2;Plymouth:5;Blaine:8;Woodbury:8;Cottage Grove:17;Ramsey:26;Minneapolis:38;Andover:42
Marlboro Menthol Gold,Cigarettes,"M Amundson, LLP",123,6.0,20.5,13.08,15.99,,18,,27,71,Osseo:3;Minneapolis:13;Andover:13;Cottage Grove:16;Ramsey:20;Blaine:58
Red Bull Sugar Free 16oz can,Mixes,Red Bull Distribution Company,102,6.0,16.9,3.09,4.49,3.96,31,,23,90,Blaine:1;Cottage Grove:6;Chanhassen:9;Plymouth:9;Minneapolis:11;Andover:13;Vadnais Heights:14;Ramsey:18;Roseville:21
Pepsi Zero Sugar 20oz,Mixes,Pepsi-Cola,139,5.9,23.6,1.71,1.99,,14,,25,77,Roseville:7;Chanhassen:10;Bloomington:19;Ramsey:22;Stillwater:23;St. Louis Park:25;Blaine:33
Red Bull Yellow Edition 12oz can,Mixes,Red Bull Distribution Company,181,5.9,30.9,2.3,3.49,,34,,19,103,St. Louis Park:1;Bloomington:1;Stillwater:5;Andover:15;Chanhassen:18;Cottage Grove:57;Woodbury:84
Roses Grenadine Liter,Mixes,Bellboy Corporation,170,5.9,28.7,5.88,8.99,7.96,35,,27,69,Woodbury:1;Blaine:2;Cottage Grove:3;Vadnais Heights:3;St. Louis Park:5;Osseo:6;Plymouth:8;Roseville:10;Andover:11;Stillwater:14;Minneapolis:14;Ramsey:26;Chanhassen:31;Minnetonka:36
Charm Social Tonic Lemon Ginger 4pk 12oz can,Functional,Charm LLC,148,5.8,25.8,9.67,16.99,14.96,43,,26,68,Rosemount:0;Bloomington:3;Chanhassen:4;Osseo:6;Plymouth:7;Andover:8;Ramsey:8;Woodbury:8;Blaine:9;Minnetonka:10;Roseville:10;Cottage Grove:11;Vadnais Heights:11;St. Louis Park:13;Stillwater:13;Minneapolis:23
Dr. Pepper 12pk 12oz can,Mixes,Pepsi-Cola,69,5.8,11.8,9.52,12.49,10.96,24,,28,62,Rosemount:1;Woodbury:2;Osseo:2;Plymouth:2;Minneapolis:2;Cottage Grove:3;Andover:3;Vadnais Heights:3;Ramsey:4;Bloomington:5;Roseville:5;St. Louis Park:5;Chanhassen:12;Stillwater:20
Fever Tree Elderflower Tonic 8pk 5oz can,,"Breakthru Beverage Minnesota Beer, LLC",39,5.8,6.7,5.68,9.99,8.96,43,,25,75,St. Louis Park:1;Andover:4;Osseo:4;Bloomington:5;Blaine:5;Ramsey:10;Roseville:10
Soar - Winged Corkscrew,Accessories,"True Brands, Inc.",111,5.8,19.3,2.97,6.99,,57,,26,68,Woodbury:1;Vadnais Heights:3;Rosemount:4;Roseville:4;Andover:6;Blaine:7;Bloomington:8;Osseo:8;Ramsey:8;Cottage Grove:8;St. Louis Park:8;Plymouth:12;Stillwater:17;Minneapolis:17
Mr Pure Punch 32oz,Mixes,"Capitol Beverage Sales, L.P.",172,5.8,29.8,2.65,4.99,,47,,23,82,Rosemount:5;Andover:7;Minneapolis:7;Osseo:10;Chanhassen:14;Minnetonka:14;Roseville:14;Vadnais Heights:14;St. Louis Park:21;Blaine:21;Plymouth:22;Bloomington:23
Mr Pure Ruby Red Grapefruit Juice 32oz,Mixes,"Capitol Beverage Sales, L.P.",85,5.8,14.7,2.58,4.99,,48,,25,73,Minnetonka:2;Chanhassen:6;Woodbury:6;Vadnais Heights:7;Blaine:11;Roseville:12;Andover:13;Minneapolis:13;Cottage Grove:15
Gatorade Gatorlyte Zero Strawberry Kiwi 20oz btl,Mixes,Pepsi-Cola,57,5.7,10.0,1.85,3.49,2.96,47,,26,67,Blaine:2;Chanhassen:2;Andover:12;Woodbury:13;Minneapolis:28
Perfect Press Margarita Cocktail Mix,Mixes,Joseph Zimmerley,71,5.6,12.6,17.25,26.99,22.96,36,,20,91,Andover:4;Ramsey:6;Roseville:7;Blaine:7;Minneapolis:8;Woodbury:11;Chanhassen:12;Cottage Grove:16
Mr Pure Lime 32oz,Mixes,"Capitol Beverage Sales, L.P.",143,5.6,25.6,2.58,4.99,,48,,23,76,Andover:2;Rosemount:6;Woodbury:7;Plymouth:9;Vadnais Heights:9;Minneapolis:10;Minnetonka:11;Cottage Grove:11;Chanhassen:12;Roseville:13;Blaine:16;St. Louis Park:17;Bloomington:20
Celsius Peach Vibe 12oz can,Mixes,Pepsi-Cola,136,5.5,24.6,1.75,2.99,,41,,25,65,Minneapolis:5;Stillwater:9;Cottage Grove:9;Andover:11;Ramsey:13;Rosemount:13;Roseville:15;Blaine:30;Plymouth:32
Tres Agaves Spicy Margarita Mix Liter,Mixes,Phillips Wine & Spirits - St. Paul,142,5.4,26.5,5.96,11.49,9.96,48,Case 1,26,55,Osseo:4;St. Louis Park:5;Cottage Grove:6;Plymouth:6;Ramsey:7;Chanhassen:7;Blaine:8;Rosemount:9;Woodbury:9;Andover:10;Bloomington:11;Minneapolis:11;Roseville:11;Stillwater:11;Vadnais Heights:12;Minnetonka:15
Fever Tree Classic Margarita Mix 750ml,Mixes,Southern Glazer's Wine & Spirits of MN,93,5.4,17.1,5.83,9.99,8.96,42,,20,85,Minnetonka:1;Chanhassen:1;Ramsey:2;Cottage Grove:4;Minneapolis:5;Bloomington:6;Andover:7;Plymouth:7;Rosemount:7;Roseville:7;Blaine:8;St. Louis Park:8;Vadnais Heights:12;Woodbury:18
Mr Pure Island Punch 16oz btl,Mixes,,23,5.3,4.4,1.62,2.99,,46,,24,61,Andover:3;Minneapolis:20
Monster Juice Mango Loco 16oz can,Pop1,,24,5.3,4.5,2.05,2.19,,6,,24,63,Minneapolis:24
Watkins Orange Bitters 4oz,Mixes,Phillips Wine & Spirits - St. Paul,72,5.3,13.7,5.81,10.99,9.96,47,1/10 - 4 oz FG,24,61,Osseo:1;Roseville:3;Minnetonka:4;Vadnais Heights:4;Plymouth:4;Blaine:4;Andover:9;St. Louis Park:10;Chanhassen:11;Bloomington:22
Pepsi Wild Cherry 20oz,Mixes,Pepsi-Cola,175,5.3,32.8,1.71,2.09,,18,,25,59,Cottage Grove:2;Ramsey:5;Stillwater:19;Roseville:21;Minneapolis:37;Blaine:43;Andover:48
MTN Dew Zero 20oz btl,Mixes,Pepsi-Cola,199,5.3,37.7,1.71,3.49,2.46,51,,25,57,St. Louis Park:2;Chanhassen:3;Minnetonka:10;Bloomington:14;Cottage Grove:14;Roseville:16;Woodbury:17;Rosemount:20;Blaine:34;Osseo:69
"Huxley Energy Drink Tangerine 12oz can
",Pop1,Huxley Beverages Inc.,268,5.3,50.2,1.8,3.49,1.95,48,,21,77,Vadnais Heights:5;Stillwater:6;Osseo:7;Ramsey:8;Minnetonka:10;Woodbury:10;Chanhassen:11;Roseville:14;Rosemount:23;St. Louis Park:25;Cottage Grove:27;Plymouth:29;Andover:30;Blaine:63
Red Bull Sugar Free 4pk 8oz can,Mixes,Red Bull Distribution Company,116,5.2,22.3,7.16,12.49,10.96,43,,23,64,Woodbury:3;Andover:3;Chanhassen:4;Bloomington:5;Roseville:7;Osseo:9;Ramsey:10;Vadnais Heights:15;Blaine:19;Rosemount:20;Cottage Grove:21
Codigo Organic Agave Nectar 12oz,Condiments,Southern Glazer's Wine & Spirits of MN,143,5.2,27.3,5.65,8.99,7.96,37,Case 1,21,74,Woodbury:2;Roseville:2;Chanhassen:4;Blaine:6;Bloomington:7;Minneapolis:8;Andover:9;Rosemount:9;Stillwater:9;Vadnais Heights:9;Plymouth:9;Minnetonka:10;Cottage Grove:12;Osseo:22;Ramsey:25
Red Bull Total Zero 8oz can,Mixes,Red Bull Distribution Company,89,5.2,17.2,1.75,3.49,2.46,50,,26,49,Andover:19;Bloomington:30;Bloomington:40
Luna Paloma Cocktail Mix,Mixes,Joseph Zimmerley,74,5.1,14.6,17.17,26.99,22.96,36,,21,68,Ramsey:4;Roseville:7;Woodbury:7;Minneapolis:8;Blaine:8;Andover:8;Chanhassen:12;Cottage Grove:20
Filthy Black Cherries 11oz,Condiments,Phillips Wine & Spirits - St. Paul,104,5.1,20.3,11.22,18.99,15.96,41,1 free black cherry free on 15 cases,22,66,Stillwater:3;Andover:3;Chanhassen:4;St. Louis Park:5;Cottage Grove:6;Vadnais Heights:6;Bloomington:8;Plymouth:8;Minneapolis:11;Roseville:11;Woodbury:11;Minnetonka:13;Blaine:15
Minute Maid Orange Juice 12oz btl,Mixes,Great Lakes Coca-Cola Distribution,173,5.0,34.9,1.67,2.49,,33,,23,56,Osseo:7;Ramsey:22;Woodbury:25;Plymouth:43;St. Louis Park:76
Coke Zero Cherry 20oz,Mixes,Great Lakes Coca-Cola Distribution,95,5.0,18.9,2.04,3.49,2.26,42,,21,67,St. Louis Park:2;Cottage Grove:4;Stillwater:5;Chanhassen:6;Roseville:6;Woodbury:15;Minneapolis:17;Blaine:40
Jose Cuervo  Margarita Salt 6oz,Condiments,Bellboy Corporation,67,5.0,13.4,2.31,4.49,3.96,49,,23,57,Stillwater:1;Minnetonka:3;Blaine:6;Bloomington:7;Cottage Grove:7;Minneapolis:8;Andover:8;Rosemount:8;Woodbury:9;Plymouth:10
Syx Freeze 20mg,Smokeless,"M Amundson, LLP",23,5.0,4.6,7.09,10.99,8.96,35,,26,44,Minneapolis:23
Zyn Pouch 6mg Spearmint,Smokeless,"M Amundson, LLP",13,5.0,2.6,8.41,9.99,9.96,16,,21,67,Woodbury:2;Minneapolis:11
Angostura Orange Bitters 4oz,Mixes,Southern Glazer's Wine & Spirits of MN,146,4.9,29.5,9.07,14.99,12.96,39,,20,69,Roseville:4;Plymouth:4;Chanhassen:6;Bloomington:6;Osseo:8;Vadnais Heights:9;Woodbury:9;Minneapolis:10;Blaine:11;St. Louis Park:11;Cottage Grove:12;Rosemount:12;Stillwater:12;Minnetonka:16;Ramsey:16
Fever Tree Blood Orange Ginger Beer 4pk 6.7oz btl,Mixes,,100,4.9,20.3,3.79,6.49,5.96,42,,20,68,Minneapolis:1;Chanhassen:2;St. Louis Park:3;Vadnais Heights:5;Cottage Grove:7;Rosemount:9;Bloomington:11;Roseville:17;Woodbury:23;Minnetonka:1;Andover:4;Blaine:4;Ramsey:5;Plymouth:8
Kickled Mary Extra Spicy 32oz,Mixes,"Breakthru Beverage Minnesota Wine & Spirits, LLC",65,4.9,13.4,7.49,11.49,9.96,35,5cs,25,44,Andover:1;Stillwater:2;Plymouth:3;Roseville:4;St. Louis Park:4;Osseo:5;Rosemount:5;Vadnais Heights:6;Woodbury:7;Minneapolis:8;Chanhassen:10;Minnetonka:10
Coke Vanilla 20oz,Mixes,Great Lakes Coca-Cola Distribution,172,4.8,35.9,2.01,3.49,2.26,42,,24,46,Roseville:1;Plymouth:6;Cottage Grove:11;Stillwater:12;Osseo:12;Andover:36;Vadnais Heights:39;Ramsey:55
Neon Bomber Cups (20),Accessories,"True Brands, Inc.",187,4.8,39.2,2.34,5.99,,61,,21,59,Cottage Grove:2;Vadnais Heights:4;Plymouth:7;St. Louis Park:10;Bloomington:11;Minneapolis:15;Andover:17;Ramsey:20;Woodbury:21;Blaine:22;Roseville:27;Stillwater:31
Sprite Diet Zero 12pk 12oz can,Mixes,Great Lakes Coca-Cola Distribution,32,4.7,6.8,9.65,12.49,10.96,23,,20,62,Chanhassen:3;Rosemount:5;Bloomington:7;Minneapolis:7;Vadnais Heights:10
MTN Dew Baja Blast 20oz btl,Mixes,Pepsi-Cola,48,4.6,10.5,1.68,2.99,,44,,19,61,Minneapolis:1;Ramsey:9;Andover:10;Roseville:13;Chanhassen:15
Marlboro Red Label,Cigarettes,"M Amundson, LLP",100,4.5,22.2,12.67,15.99,,21,,19,59,Minneapolis:9;Osseo:9;Cottage Grove:12;Andover:12;Ramsey:28;St. Louis Park:30
Fever Tree Ginger Ale 8pk 5oz can,Mixes,"Breakthru Beverage Minnesota Beer, LLC",45,4.5,9.9,5.69,9.99,8.96,43,,19,60,St. Louis Park:1;Blaine:3;Woodbury:4;Chanhassen:4;Roseville:4;Andover:4;Osseo:5;Minneapolis:5;Bloomington:7;Ramsey:8
Velo Wild Berry 6mg,Smokeless,"M Amundson, LLP",50,4.5,11.2,8.41,11.49,9.96,27,,22,45,Minneapolis:50
Powerade Mountain Berry Blast 20oz,Mixes,Great Lakes Coca-Cola Distribution,18,4.5,4.0,1.14,1.99,,43,,23,42,Bloomington:18
Beer Pong Kit,Accessories,"True Brands, Inc.",25,4.4,5.7,4.19,8.99,7.96,53,,20,50,Minneapolis:25
Marlboro Menthol 72s,Cigarettes,"M Amundson, LLP",12,4.4,2.8,13.09,15.99,,18,,20,50,Cottage Grove:12
Fever Tree Sparkling Lime & Yuzu 4pk 6.7oz btl,Mixes,Southern Glazer's Wine & Spirits of MN,106,4.4,24.1,3.9,6.49,5.96,40,,13,83,Cottage Grove:3;Plymouth:5;Minneapolis:5;Blaine:6;St. Louis Park:6;Minnetonka:7;Osseo:7;Roseville:7;Chanhassen:8;Rosemount:8;Bloomington:14;Andover:15;Woodbury:15
Velo Mint 6mg,Smokeless,"M Amundson, LLP",31,4.4,7.0,8.41,11.49,9.96,27,,20,52,Stillwater:15;Minneapolis:16
Mr Pure Fruit Punch  16oz,Mixes,,62,4.4,14.2,1.57,1.99,,21,,17,64,Andover:13;Minneapolis:13;Vadnais Heights:17;Bloomington:19
Fever Tree Sparkling Sicilian Lemonade 4pk 6.7oz btl,Mixes,Southern Glazer's Wine & Spirits of MN,116,4.3,26.7,3.83,6.49,5.96,41,,15,72,Minneapolis:3;Minnetonka:4;Osseo:4;Vadnais Heights:4;Roseville:4;St. Louis Park:6;Andover:7;Plymouth:7;Bloomington:8;Chanhassen:8;Rosemount:8;Blaine:13;Cottage Grove:15;Woodbury:25
Dole Orange Juice 15oz,Mixes,Pepsi-Cola,40,4.3,9.3,1.81,2.99,,40,,21,44,St. Louis Park:10;Osseo:11;Chanhassen:19
"True Party: 2.5 oz Jello Shot Cups with Lids, set of 25",Accessories,"True Brands, Inc.",19,4.3,4.4,2.93,5.49,4.96,47,,22,39,Minneapolis:19
Camel Blue 99s,Cigarettes,,166,4.3,38.4,12.9,14.99,,14,,16,67,Osseo:10;Cottage Grove:25;Vadnais Heights:29;Andover:29;Blaine:30;Roseville:43
Fresca 12pk 12oz can,Mixes,,17,4.3,4.0,9.65,9.99,,3,,17,61,Cottage Grove:2;Bloomington:3;Minneapolis:5;Chanhassen:7
Velo Spearmint 6mg,Smokeless,"M Amundson, LLP",35,4.2,8.3,8.41,11.49,9.96,27,,18,54,Minneapolis:35
Ocean Spray Cranberry Juice 15oz,Mixes,Pepsi-Cola,18,4.2,4.3,1.83,1.99,,8,,19,48,Osseo:6;Chanhassen:12
Red Bull Iced Vanilla Berry 12oz can,Mixes,Red Bull Distribution Company,44,4.2,10.6,2.41,3.49,,31,,19,48,Woodbury:1;Bloomington:1;Stillwater:8;Minneapolis:34
Zing Zang Michelada 32oz,Mixes,Phillips Wine & Spirits - St. Paul,42,4.1,10.2,3.86,6.99,5.96,45,1 BMM 1.75 free on 10 mix & match,18,52,Woodbury:1;Roseville:2;Vadnais Heights:2;Minneapolis:2;Rosemount:2;Andover:3;Osseo:5;Blaine:5;Bloomington:9;Stillwater:11
"Huxley Energy Drink Strawberry 12oz can
",Pop1,Huxley Beverages Inc.,232,4.1,56.5,1.8,3.49,1.95,48,,16,60,Minneapolis:2;Roseville:3;Woodbury:5;Stillwater:6;Minnetonka:7;St. Louis Park:9;Chanhassen:10;Vadnais Heights:11;Osseo:15;Ramsey:16;Cottage Grove:22;Andover:28;Rosemount:29;Plymouth:32;Blaine:37
Wine Gift Set Full Set,Accessories,,1731,4.0,438.1,5.1,17.49,14.96,71,,18,46,Blaine:50;Ramsey:67;Vadnais Heights:83;Stillwater:87;Chanhassen:93;Andover:115;Minnetonka:115;Cottage Grove:122;Rosemount:129;Woodbury:130;Plymouth:134;Minneapolis:138;Roseville:192;St. Louis Park:276
Gatorade Glacier Cherry 28oz,Mixes,Pepsi-Cola,20,3.9,5.1,1.88,2.49,,24,,18,44,Chanhassen:7;Andover:13
Mr & Mrs T Bloody Mary 1.75L,Mixes,"Breakthru Beverage Minnesota Wine & Spirits, LLC",32,3.9,8.3,7.69,9.99,8.96,23,Net down pricing,18,43,Ramsey:3;Andover:3;Blaine:4;Minnetonka:5;Rosemount:5;Vadnais Heights:5;Plymouth:7
Zing Zang Margarita Mix 32oz,Mixes,Phillips Wine & Spirits - St. Paul,80,3.9,20.6,3.25,6.99,5.96,54,1 BMM 1.75 free on 10 mix & match,16,53,Andover:1;Cottage Grove:2;Rosemount:2;Bloomington:3;Roseville:3;Minneapolis:4;Chanhassen:6;Vadnais Heights:6;Minnetonka:11;Woodbury:11;Stillwater:14;Plymouth:17
Starbucks Frappucino Vanilla 14oz,Mixes,Pepsi-Cola,101,3.9,25.7,1.35,3.39,,60,,17,50,Cottage Grove:8;Chanhassen:10;Roseville:16;Bloomington:20;Blaine:47
Monster Energy Juice Bad Apple 16oz can,Mixes,Great Lakes Coca-Cola Distribution,94,3.8,24.6,2.05,2.49,,18,,18,42,Stillwater:13;Woodbury:19;Andover:29;Bloomington:33
"Huxley Energy Drink Mango 12oz can
",Pop1,Huxley Beverages Inc.,289,3.8,75.8,1.8,3.49,1.95,48,,15,55,Minneapolis:2;Stillwater:2;St. Louis Park:5;Minnetonka:10;Ramsey:12;Roseville:13;Andover:15;Osseo:17;Chanhassen:19;Cottage Grove:20;Woodbury:24;Vadnais Heights:25;Plymouth:28;Rosemount:30;Blaine:67
Alani Nu Pink Slush 12oz can,Mixes,Pepsi-Cola,29,3.8,7.5,1.79,3.99,3.46,55,,21,29,Stillwater:4;Minneapolis:25
Velo Peppermint 6mg 20pk,Smokeless,"M Amundson, LLP",35,3.7,9.4,8.41,11.49,9.96,27,,16,48,Minneapolis:35
Roses Sweetened Lime Juice 25oz,Mixes,Bellboy Corporation,109,3.7,29.7,6.08,6.99,,13,,14,55,Blaine:1;St. Louis Park:2;Osseo:3;Stillwater:3;Rosemount:8;Vadnais Heights:9;Minnetonka:13;Cottage Grove:14;Plymouth:56
Cock n Bull Light Ginger Beer 4pk 12oz btl,Mixes,Phillips Wine & Spirits - St. Paul,110,3.7,30.0,5.06,6.99,,28,Case 1,16,46,Plymouth:2;Chanhassen:4;Ramsey:4;Stillwater:5;Minneapolis:6;Roseville:6;St. Louis Park:6;Blaine:6;Woodbury:12;Minnetonka:18;Vadnais Heights:20;Osseo:21
Liquid Ice Blue 4pk 8oz can,Mixes,Dahlheimer Beverage Monticello,98,3.7,26.7,6.05,6.99,,13,,12,64,Ramsey:3;Cottage Grove:4;Blaine:18;Rosemount:25;Andover:48
Marlboro Medium Red Label 100s,Cigarettes,,53,3.7,14.2,12.96,14.99,,14,,18,39,Osseo:11;Ramsey:11;Cottage Grove:14;Andover:17
Coke Cherry 12pk 12oz can,Mixes,,41,3.7,11.3,9.62,12.49,10.96,23,,17,40,Minnetonka:1;Bloomington:2;Plymouth:2;Roseville:2;Stillwater:3;Rosemount:3;Minneapolis:3;Vadnais Heights:8;Blaine:17
Fever Tree Light Ginger Beer 8pk 5oz can,,,48,3.7,13.0,5.67,9.99,8.96,43,,19,33,Chanhassen:1;Andover:4;Blaine:5;Ramsey:10;St. Louis Park:28
Spooky Sriracha 32oz,Mixes,Bellboy Corporation,193,3.7,52.1,4.5,7.99,6.96,44,,18,38,Andover:3;Blaine:8;Chanhassen:9;Woodbury:10;Minneapolis:10;Ramsey:10;St. Louis Park:10;Bloomington:11;Minnetonka:11;Cottage Grove:12;Roseville:16;Rosemount:16;Plymouth:17;Vadnais Heights:23;Osseo:27
Celsius Tropical Vibe 12oz can,Mixes,Pepsi-Cola,91,3.7,24.6,1.74,2.99,,42,,14,56,St. Louis Park:6;Cottage Grove:9;Rosemount:10;Roseville:12;Minneapolis:13;Blaine:15;Stillwater:26
Fever Tree Sparkling Cucumber 4pk 6.7oz btl,Mixes,"Breakthru Beverage Minnesota Beer, LLC",116,3.7,31.1,3.81,6.49,5.96,41,,12,66,Minnetonka:2;Osseo:3;Plymouth:4;Ramsey:5;Chanhassen:6;Vadnais Heights:6;Bloomington:7;Roseville:7;Stillwater:8;Andover:8;Blaine:8;Minneapolis:9;Rosemount:9;Cottage Grove:11;Woodbury:23
Monster Strawberry Lemonade 16oz can,Mixes,Great Lakes Coca-Cola Distribution,102,3.6,28.1,1.91,2.49,,23,,15,49,Minneapolis:13;Ramsey:31;Plymouth:58
Mr & Mrs T Bold & Spicy 1.75L,Mixes,"Breakthru Beverage Minnesota Wine & Spirits, LLC",18,3.6,5.1,7.69,9.99,8.96,23,net down pricing,17,38,Chanhassen:1;Ramsey:1;Vadnais Heights:1;Blaine:2;St. Louis Park:2;Plymouth:3;Minneapolis:3;Rosemount:5
Fee Brothers Orange Bitters 5oz,Mixes,Bellboy Corporation,131,3.6,36.1,8.86,14.99,12.96,41,8.77-btl,15,49,Vadnais Heights:3;Chanhassen:4;Minneapolis:5;Cottage Grove:6;Woodbury:6;St. Louis Park:7;Rosemount:11;Blaine:12;Ramsey:15;Minnetonka:18;Osseo:21;Stillwater:23
Diet Dr Pepper 2L,Mixes,Pepsi-Cola,44,3.5,12.7,2.57,3.49,2.96,26,,15,44,St. Louis Park:1;Andover:2;Osseo:3;Vadnais Heights:5;Stillwater:33
Syx Spearmint 20mg,Smokeless,"M Amundson, LLP",7,3.5,2.0,7.09,10.99,8.96,35,,18,32,Minneapolis:7
Gatorade Glacier Freeze 20oz,Mixes,Pepsi-Cola,29,3.5,8.2,1.42,1.99,,28,,14,50,Roseville:9;Cottage Grove:20
Monster Rehab 16oz can,Mixes,,63,3.4,18.5,2.04,2.19,,7,,13,51,Andover:16;Ramsey:23;Blaine:24
Shotski Classic Shot Glass by True,Accessories,"True Brands, Inc.",137,3.4,40.8,1.37,2.99,,54,,12,54,Minnetonka:2;Chanhassen:4;Woodbury:4;St. Louis Park:6;Blaine:7;Stillwater:7;Plymouth:8;Andover:9;Cottage Grove:9;Roseville:11;Vadnais Heights:13;Minneapolis:15;Bloomington:17;Rosemount:25
Diet Coke w/ Lime 20oz btl,Mixes,Great Lakes Coca-Cola Distribution,47,3.4,14.0,2.09,3.49,2.26,40,,18,27,Minneapolis:47
Winston Gold,Cigarettes,,21,3.4,6.2,12.24,14.99,,18,,15,41,Andover:21
Fever Tree Ginger Ale 4pk 6.7oz btl,Mixes,Southern Glazer's Wine & Spirits of MN,127,3.3,39.1,3.94,6.49,5.96,39,,13,46,Minneapolis:3;Minnetonka:4;Osseo:4;Vadnais Heights:4;Andover:6;Ramsey:6;Chanhassen:6;Rosemount:6;Stillwater:7;St. Louis Park:7;Bloomington:10;Blaine:11;Cottage Grove:11;Woodbury:11;Plymouth:13;Roseville:18
Loon Arctic Grape 7mg,Smokeless,"M Amundson, LLP",0,3.3,0.0,6.0,8.99,7.96,33,,18,25,
Marlboro Menthol 100s,Cigarettes,,80,3.3,24.4,12.9,15.99,,19,,15,38,Osseo:1;Blaine:2;Cottage Grove:9;Minneapolis:20;Ramsey:22;Andover:26
Master of Mixes Bloody Mary Liter,Mixes,Johnson Brothers - St. Paul,57,3.3,17.2,3.76,5.99,,37,,13,48,Blaine:1;Rosemount:1;Minneapolis:1;Roseville:3;Stillwater:4;Chanhassen:5;Cottage Grove:5;St. Louis Park:5;Ramsey:6;Vadnais Heights:7;Plymouth:9;Osseo:10
American Spirit Ultra Light - Orange,Cigarettes,"M Amundson, LLP",88,3.3,26.3,13.96,16.99,,18,,13,49,Osseo:4;Cottage Grove:12;Andover:14;Vadnais Heights:16;Chanhassen:42
Truetap: Double-Hinged Waiters Corkscrew,Accessories,"True Brands, Inc.",32,3.3,9.7,1.83,4.49,3.96,59,,14,43,Roseville:2;Stillwater:7;Minneapolis:8;Cottage Grove:15
Gosling's Ginger Beer 12pk,Mixes,"Vinocopia, Inc",9,3.3,2.8,11.66,17.49,14.96,33,M&M 10 cases Receive 1 case NC,16,33,Osseo:1;Blaine:2;Bloomington:2;St. Louis Park:2;Stillwater:2
Gatorlyte Zero Fruit Punch 20oz,Mixes,Pepsi-Cola,49,3.3,14.9,1.84,1.99,,8,,11,56,St. Louis Park:3;Bloomington:6;Andover:14;Minneapolis:26
Celsius Wild Berry 12oz can,Mixes,Pepsi-Cola,58,3.3,17.6,1.75,2.99,,41,,14,43,Rosemount:2;Cottage Grove:4;Stillwater:23;Minneapolis:29
Gatorlyte Lime Cucumber 20oz,Mixes,Pepsi-Cola,20,3.2,6.2,1.76,3.49,2.96,50,,8,68,Minneapolis:20
Zing Zang Bloody Mary 6pk 8oz can,Mixes,Phillips Wine & Spirits - St. Paul,26,3.2,8.2,5.88,12.99,,55,1 BMM 1.75 free on 10 mix & match,14,39,Blaine:1;Osseo:2;Woodbury:2;Vadnais Heights:2;Bloomington:3;Rosemount:3;Chanhassen:3;Minnetonka:4;St. Louis Park:6
Fever Tree Spkarling Pink Grapefruit 8pk 5oz can,Mixes,,55,3.2,17.2,5.73,9.99,8.96,43,,10,58,Chanhassen:6;Bloomington:9;Rosemount:10;St. Louis Park:10;Andover:6;Blaine:6;Ramsey:8
Red Bull Total Zero 12oz can,Pop1,Red Bull Distribution Company,38,3.2,11.8,2.39,4.49,3.46,47,,17,27,Minneapolis:4;Bloomington:13;Minnetonka:21
Fanta Pinnapple 2 Ltr,Pop1,,14,3.1,4.5,3.12,3.46,,10,,15,32,Minneapolis:14
Dehydrated Orange by Collins 1.3 oz,Misc Other,"True Brands, Inc.",105,3.1,33.9,4.71,8.99,7.96,48,,13,41,Roseville:2;Bloomington:8;Minneapolis:8;Blaine:9;Andover:10;St. Louis Park:11;Woodbury:11;Vadnais Heights:13;Plymouth:13;Cottage Grove:20
Monster Ultra Wild Passion Zero Sugar 16oz can,Mixes,Great Lakes Coca-Cola Distribution,22,3.1,7.1,2.05,2.49,,18,,13,41,Chanhassen:8;Minneapolis:14
Rokz Bloody Mary Salt 4oz,Condiments,Bellboy Corporation,31,3.1,9.9,3.96,6.49,5.96,39,,15,33,Roseville:1;St. Louis Park:1;Bloomington:2;Chanhassen:2;Osseo:2;Ramsey:2;Minnetonka:3;Stillwater:4;Plymouth:4;Minneapolis:5;Blaine:5
Garden Variety Bloody Mary 1.75L,Mixes,Small Lot MN,87,3.1,28.0,10.0,15.99,12.96,37,,16,28,Minneapolis:1;Andover:2;Blaine:2;Minnetonka:4;Stillwater:4;Plymouth:8;Cottage Grove:9;Rosemount:9;Woodbury:10;Vadnais Heights:11;Roseville:11;St. Louis Park:16
SBOC Pimento Stuffed 5oz,Condiments,Bellboy Corporation,24,3.1,7.7,3.77,6.49,5.96,42,,15,33,Ramsey:1;Minneapolis:2;Blaine:5;Bloomington:5;St. Louis Park:5;Roseville:6
Mountain Dew 12pk 12oz can,Mixes,Pepsi-Cola,97,3.0,32.1,9.68,12.49,10.96,23,,12,43,Rosemount:2;Woodbury:3;Cottage Grove:3;Andover:4;Bloomington:4;Osseo:4;Plymouth:5;Ramsey:5;Vadnais Heights:5;Blaine:6;Roseville:6;Minneapolis:6;Stillwater:12;Chanhassen:15;St. Louis Park:17
Spooky Margarita Mix 32oz,Mixes,Bellboy Corporation,55,3.0,18.4,4.5,7.99,6.96,44,,14,33,Rosemount:6;Woodbury:7;Blaine:8;Roseville:9;Bloomington:12;Andover:13
Pepsi Diet Original 12pk 12oz can,Mixes,Pepsi-Cola,55,2.9,19.2,9.55,12.49,10.96,23,,12,38,Vadnais Heights:1;Rosemount:2;Blaine:2;Minneapolis:2;Cottage Grove:3;Osseo:3;Andover:4;Plymouth:4;Ramsey:4;Stillwater:4;Roseville:5;Chanhassen:6;Woodbury:6;Bloomington:9
SBOC Blue Cheese Stuffed 5oz,Condiments,Bellboy Corporation,17,2.9,5.9,4.44,7.99,6.96,44,,14,30,Blaine:1;Ramsey:1;Stillwater:2;St. Louis Park:2;Cottage Grove:5;Rosemount:6
Kickled Mary Bloody Mary Mix 32oz,Mixes,"Breakthru Beverage Minnesota Wine & Spirits, LLC",58,2.9,19.7,7.49,11.49,9.96,35,5cs,11,45,Plymouth:2;Vadnais Heights:4;Chanhassen:5;Minneapolis:5;Woodbury:6;Cottage Grove:6;Osseo:8;Minnetonka:11;St. Louis Park:11
Red Bull Amber 12oz can,Mixes,Red Bull Distribution Company,65,2.9,22.1,2.39,3.49,,31,,7,63,Ramsey:1;Chanhassen:8;St. Louis Park:11;Minneapolis:22;Cottage Grove:23
Spooky Horseradish Bloody Mary 32oz,Mixes,Bellboy Corporation,113,2.9,38.6,4.5,7.99,6.96,44,,12,40,Ramsey:1;Roseville:2;Chanhassen:5;Osseo:6;Vadnais Heights:6;Andover:7;Plymouth:7;Bloomington:9;Cottage Grove:9;Minneapolis:9;Minnetonka:10;Rosemount:10;Woodbury:10;St. Louis Park:11;Stillwater:11
Alani Nu Hawaiian Shaved Ice 12oz can,Mixes,Pepsi-Cola,17,2.9,5.8,1.79,3.49,2.96,49,,13,36,Minneapolis:17
Wine Stain Gift Bag,Accessories,"True Brands, Inc.",99,2.8,35.0,0.83,2.29,1.96,64,,12,37,Vadnais Heights:1;Andover:2;Bloomington:5;Woodbury:8;Minneapolis:9;St. Louis Park:9;Osseo:10;Stillwater:10;Cottage Grove:11;Chanhassen:14;Blaine:20
Celsius Artic Vibe 12oz can,Mixes,Pepsi-Cola,35,2.8,12.7,1.78,2.99,,40,,11,39,Rosemount:9;Bloomington:10;Minneapolis:16
Top Ten Corkscrew,Accessories,,854,2.8,300.0,0.44,4.99,,91,,13,33,Woodbury:19;Bloomington:38;Osseo:40;Minnetonka:43;Blaine:44;Andover:45;St. Louis Park:46;Minneapolis:49;Stillwater:75;Roseville:96;Cottage Grove:359
Fre Pouch 9mg Wintergreen,Smokeless,"M Amundson, LLP",168,2.8,61.0,7.89,11.49,9.96,31,,13,30,Minneapolis:168
Black & Mild Jazz Wood Tip,Cigars,"M Amundson, LLP",38,2.8,13.6,2.05,2.99,,32,,10,45,Minneapolis:38
Tajin clasico seasoning rimmer,Condiments,Bellboy Corporation,119,2.8,41.8,4.97,6.49,5.96,23,,13,33,Chanhassen:2;Minnetonka:6;Woodbury:6;Minneapolis:8;Blaine:10;Andover:10;Cottage Grove:10;Osseo:11;Plymouth:11;Rosemount:11;Vadnais Heights:11;St. Louis Park:11;Roseville:12
Pepsi 12pk 12oz can,Mixes,Pepsi-Cola,123,2.8,43.7,9.07,12.49,10.96,27,,11,41,Ramsey:1;Blaine:1;Woodbury:2;Vadnais Heights:4;Cottage Grove:4;Minnetonka:5;Bloomington:6;Osseo:6;Rosemount:7;Andover:8;Chanhassen:8;Roseville:8;Minneapolis:9;Plymouth:10;Stillwater:16;St. Louis Park:28
Mountain Dew Kickstart Orange 16oz can,Mixes,Pepsi-Cola,39,2.7,14.6,0.53,1.89,,72,,10,41,Osseo:8;Blaine:8;Chanhassen:11;Cottage Grove:12
Coco Lopez Cream of Coconut 15oz,Condiments,Bellboy Corporation,117,2.7,42.7,5.08,5.99,,15,,8,52,Blaine:1;Ramsey:2;Roseville:5;Andover:7;St. Louis Park:7;Rosemount:8;Stillwater:8;Bloomington:9;Cottage Grove:9;Minnetonka:11;Osseo:11;Vadnais Heights:11;Plymouth:12;Chanhassen:16
Red Bull Winter Fuji Apple & Ginger 12oz can,Mixes,Red Bull Distribution Company,80,2.7,29.2,2.41,4.49,3.46,46,,16,16,Minneapolis:17;Chanhassen:20;Plymouth:20;Bloomington:23
MN Ice Cylinder,Ice,,16,2.7,5.9,5.49,9.99,8.96,45,,12,33,Minnetonka:2;Blaine:3;Plymouth:3;Ramsey:4;Andover:4
Mr & Mrs T Bloody Mary Liter,Mixes,Bellboy Corporation,18,2.7,6.7,4.75,6.99,5.96,32,,14,24,Chanhassen:3;Rosemount:3;Blaine:3;St. Louis Park:4;Roseville:5
Gatorade Fruit Punch 28oz,Mixes,Pepsi-Cola,64,2.7,23.4,0.54,2.49,,78,,6,61,Blaine:4;Chanhassen:9;Andover:24;Stillwater:27
Marlboro Menthol Gold 100s,Cigarettes,,127,2.7,46.7,13.09,15.99,,18,,13,29,Osseo:11;Cottage Grove:11;Minneapolis:16;Blaine:18;Andover:24;Ramsey:47
Spooky Green Olive Bloody Mary,Mixes,Bellboy Corporation,79,2.7,29.4,4.5,7.99,6.96,44,,11,37,Stillwater:2;Chanhassen:3;Roseville:3;Ramsey:4;Plymouth:5;Minnetonka:6;Vadnais Heights:6;Woodbury:7;Rosemount:9;Minneapolis:11;Bloomington:11;St. Louis Park:12
Red Bull Coconut Edition 12oz can,Mixes,Red Bull Distribution Company,93,2.6,35.4,2.32,3.49,,34,,11,35,Roseville:5;Minneapolis:21;Bloomington:23;Cottage Grove:44
Garden Variety Bloody Mary Liter�,Mixes,Small Lot MN,170,2.6,66.6,6.0,9.99,7.96,40,,12,28,Blaine:2;Minneapolis:3;Plymouth:4;Ramsey:6;Minnetonka:9;Osseo:11;Stillwater:11;Roseville:13;Woodbury:16;Cottage Grove:17;St. Louis Park:17;Rosemount:18;Chanhassen:21;Vadnais Heights:22
Alani Nu Cherry Slush 12oz can,Mixes,Pepsi-Cola,13,2.6,5.0,1.79,3.99,3.46,55,,12,29,Stillwater:5;Minneapolis:8
Curts Spicy Bloody Mary Mix 1 Quart,Mixes,,17,2.6,6.4,5.42,5.99,,10,,12,31,Blaine:4;Plymouth:13
Lovejoy's Bloody Mary Mix 25oz,Mixes,Johnson Brothers - St. Paul,144,2.6,56.1,9.8,18.99,13.96,48,1 on 10,11,33,Roseville:2;Blaine:3;Stillwater:4;Chanhassen:6;Rosemount:7;Woodbury:9;Ramsey:10;Andover:11;Bloomington:11;Minneapolis:11;Plymouth:11;St. Louis Park:11;Cottage Grove:12;Minnetonka:12;Osseo:12;Vadnais Heights:12
Dr Pepper 16oz can,Mixes,Pepsi-Cola,15,2.6,5.8,1.6,1.99,,19,,13,25,Osseo:15
Cone Silicone Bottle Stoppers,Accessories,"True Brands, Inc.",64,2.6,24.6,3.39,6.99,,51,,13,25,Vadnais Heights:4;Chanhassen:6;Roseville:6;Cottage Grove:7;Rosemount:7;Plymouth:8;Minneapolis:10;Blaine:16
Minute Maid Fruit Punch 2L,Mixes,Great Lakes Coca-Cola Distribution,0,2.6,0.0,2.7,3.29,,18,,8,48,
Fever Tree Bloody Mary Mix 750ml,Mixes,Dahlheimer Beverage Monticello,79,2.6,30.6,5.8,9.99,8.96,42,,10,38,Andover:2;Ramsey:3;Minneapolis:5;Blaine:5;Plymouth:5;Roseville:6;Cottage Grove:7;St. Louis Park:7;Bloomington:10;Chanhassen:11;Woodbury:18
Fever Tree Espresso Martini 500ml,,"Breakthru Beverage Minnesota Beer, LLC",81,2.5,33.0,5.07,5.99,,15,,12,25,St. Louis Park:7;Minneapolis:8;Blaine:10;Woodbury:16;Andover:18;Ramsey:22
Newport (Red Box) Non-Menthol 100's,Cigarettes,"M Amundson, LLP",54,2.5,21.8,12.47,14.99,,17,,9,39,Vadnais Heights:6;Cottage Grove:48
Assorted Key Chain Bottle Openers,Accessories,"True Brands, Inc.",120,2.4,50.4,0.75,1.99,,62,,9,36,Woodbury:5;Blaine:14;Minneapolis:15;Andover:22;Plymouth:22;Chanhassen:42
1919 Root Beer 12pk 16oz can,Mixes,,38,2.4,16.0,14.86,18.99,,22,,11,27,Minnetonka:2;Andover:4;Roseville:5;Blaine:13;Woodbury:15
Aquafina Water Liter,Mixes,Pepsi-Cola,105,2.4,43.5,1.5,1.99,,24,,9,37,Stillwater:9;Woodbury:96
Master of Mixes Margarita Salt 8oz,Condiments,Johnson Brothers - St. Paul,29,2.4,11.9,1.43,1.99,,28,,11,29,Cottage Grove:4;Minnetonka:7;Minneapolis:9;Plymouth:9
Gatorade Cool Blue 28oz,Mixes,Pepsi-Cola,50,2.4,20.5,0.48,2.49,,81,,11,29,Chanhassen:9;Stillwater:20;Blaine:21
SBOC Pimento Martini Olives 10oz,Condiments,Bellboy Corporation,26,2.4,11.0,5.38,8.99,7.96,40,,10,31,St. Louis Park:3;Stillwater:3;Minnetonka:4;Bloomington:5;Roseville:5;Plymouth:6
True Party Colorful Straws (Set of 100),Accessories,"True Brands, Inc.",14,2.4,5.8,1.99,4.49,3.96,56,,12,23,Minneapolis:14
Dinkytown Graphic Tee #1,Clothing2,,70,2.4,29.4,20.0,29.99,24.96,33,,13,18,Minneapolis:70
"Jack Rudy Cherries, Bourbon 14oz",Condiments,Am Craft Spirits,11,2.4,4.6,12.5,16.99,,26,,12,23,St. Louis Park:2;Minnetonka:4;Bloomington:5
Curts Bloody Mary Mix 1 Quart,Mixes,"Capitol Beverage Sales, L.P.",24,2.4,9.9,5.42,5.99,,10,,12,24,Andover:3;Blaine:10;Plymouth:11
Barq's Root Beer 20oz,Mixes,Great Lakes Coca-Cola Distribution,73,2.3,32.4,1.99,2.19,,9,,7,41,Chanhassen:17;Andover:23;Blaine:33
Minute Maid Pink Lemonade,Pop1,Great Lakes Coca-Cola Distribution,33,2.3,14.1,2.09,3.49,2.96,40,,12,21,Plymouth:16;Blaine:17
Starbucks Frappucino Mocha 14oz,Mixes,Pepsi-Cola,52,2.3,22.6,2.59,3.39,,23,,12,20,Cottage Grove:5;Chanhassen:5;Bloomington:9;Blaine:11;Roseville:22
American Spirit Light/Mellow-Gold,Cigarettes,,33,2.3,14.4,14.41,16.99,,15,,11,24,Cottage Grove:16;Andover:17
Monster Ultra Vice Guava 16oz can,Mixes,Great Lakes Coca-Cola Distribution,53,2.3,23.0,2.04,2.49,,18,,10,29,Ramsey:20;Minneapolis:33
Red Bull White Peach 12oz can,Mixes,Red Bull Distribution Company,74,2.3,31.9,2.39,4.49,3.46,47,,3,61,Stillwater:8;Minneapolis:31;Bloomington:35
Tabasco Pepper Sauce 2oz,Condiments,Bellboy Corporation,248,2.3,110.0,1.78,3.49,2.76,49,1.69-btl,11,23,Andover:1;Minnetonka:8;Blaine:9;Osseo:10;St. Louis Park:10;Rosemount:15;Roseville:15;Stillwater:15;Chanhassen:21;Woodbury:22;Cottage Grove:23;Plymouth:31;Ramsey:32;Vadnais Heights:36
Syx Wintergreen 20mg,Smokeless,"M Amundson, LLP",7,2.3,3.0,7.09,10.99,8.96,35,,11,25,Minneapolis:7
Monster Absolutely Zero 16oz can,Mixes,Great Lakes Coca-Cola Distribution,167,2.3,71.6,2.04,2.99,,32,,10,30,Plymouth:15;Roseville:17;Chanhassen:23;Andover:25;Blaine:42;Rosemount:45
Backwood Original,Cigars,,80,2.3,35.2,2.06,2.49,,17,,10,28,Minneapolis:80
Mr Pure Papaya 32oz,Mixes,"Capitol Beverage Sales, L.P.",153,2.3,67.4,2.44,4.99,,51,,10,28,Rosemount:4;Vadnais Heights:5;St. Louis Park:7;Chanhassen:9;Roseville:9;Andover:10;Minnetonka:10;Plymouth:10;Cottage Grove:13;Minneapolis:14;Osseo:22;Blaine:40
Fanta Orange 2 Ltr,Pop1,,11,2.3,4.8,3.21,3.46,,7,,11,24,Minneapolis:4;Minnetonka:7
Schweppes Ginger Ale 20oz,Mixes,Pepsi-Cola,90,2.2,40.2,1.24,2.19,,43,,12,18,Osseo:13;St. Louis Park:22;Stillwater:24;Woodbury:31
Angostura Aromatic Bitters 6.7oz,Mixes,Southern Glazer's Wine & Spirits of MN,57,2.2,26.4,14.23,23.99,19.96,41,Case 1,9,29,Cottage Grove:1;Osseo:1;Minnetonka:3;Blaine:5;Rosemount:6;Plymouth:8;Vadnais Heights:10;Chanhassen:11;Roseville:12
Celsius Kiwi Guava 12oz can,Mixes,Pepsi-Cola,57,2.2,26.2,1.76,2.49,,29,,8,34,St. Louis Park:1;Plymouth:12;Blaine:22;Roseville:22
Loon Pouch Arctic Lemon 7mg,Smokeless,"M Amundson, LLP",0,2.2,0.0,6.0,8.99,7.96,33,,10,25,
Dole Strawberry Lemonade 2L,Mixes,Pepsi-Cola,0,2.2,0.0,2.45,3.99,,39,,8,36,
Dehydrated Blood Orange by Collins 1.3 oz,Misc Other,"True Brands, Inc.",95,2.2,43.6,4.71,8.99,7.96,48,,10,25,Cottage Grove:1;Andover:4;Roseville:4;Blaine:7;Woodbury:8;Plymouth:11;Vadnais Heights:11;Minneapolis:12;St. Louis Park:18;Bloomington:19
Celsius Kiwi Strawberry 12oz can,Mixes,Pepsi-Cola,12,2.2,5.5,1.79,3.49,2.96,49,,10,25,Minneapolis:12
Truetap: Double-Hinged Corkscrew in Red,Accessories,"True Brands, Inc.",63,2.2,28.5,3.26,5.49,4.96,41,,10,26,Plymouth:3;Minneapolis:3;Rosemount:4;Bloomington:6;Roseville:7;Chanhassen:10;St. Louis Park:30
Romeo y Julieta Reserva Real Toro,Cigars,,51,2.2,23.6,5.7,14.99,12.96,62,,11,20,Minneapolis:2;Osseo:3;Roseville:3;St. Louis Park:3;Minnetonka:4;Rosemount:4;Woodbury:4;Chanhassen:5;Vadnais Heights:6;Cottage Grove:7;Stillwater:10
Loon Pouches Artic Mango 14mg 20pk,Smokeless,"M Amundson, LLP",0,2.2,0.0,6.0,8.99,7.96,33,,11,20,
Velo Peppermint 3mg,Smokeless,"M Amundson, LLP",24,2.2,10.9,8.41,11.49,9.96,27,,5,48,Minneapolis:24
Dole Apple Juice 15oz,Mixes,Pepsi-Cola,51,2.1,24.5,1.74,2.99,,42,,8,31,Osseo:14;Chanhassen:17;St. Louis Park:20
Red Bull Red Edition 12oz can,Mixes,Red Bull Distribution Company,61,2.1,29.5,2.27,3.49,,35,,7,35,Andover:27;Cottage Grove:34
Red Bull Sugar Free Summer Lime 12oz can,Mixes,Red Bull Distribution Company,75,2.1,36.5,2.4,4.49,3.46,47,,10,21,Bloomington:20;Cottage Grove:55
SBOC Pitted Green Olives 4oz,Condiments,Bellboy Corporation,22,2.1,10.6,3.34,5.49,4.96,39,,8,31,Blaine:1;Cottage Grove:1;Chanhassen:1;Bloomington:2;Minnetonka:3;Osseo:3;Ramsey:3;Minneapolis:3;St. Louis Park:5
Mtn Dew Baja Cabo Citrus 20oz can,Mixes,Pepsi-Cola,16,2.1,7.8,1.71,3.49,2.46,51,,10,21,Roseville:3;St. Louis Park:13
Fanta Strawberry 2 Ltr,Mixes,Great Lakes Coca-Cola Distribution,10,2.1,4.7,3.21,3.46,,7,,9,28,Minneapolis:10
Tres Agaves Bloody Mary Mix Liter,Mixes,Phillips Wine & Spirits - St. Paul,104,2.1,50.6,5.96,11.49,9.96,48,Case 1,8,30,Rosemount:1;Andover:1;Minneapolis:2;Plymouth:5;Stillwater:5;Cottage Grove:6;Woodbury:6;Chanhassen:7;Roseville:7;Osseo:8;Vadnais Heights:10;Bloomington:11;Minnetonka:11;Blaine:12;St. Louis Park:12
Wine Glass - Ran Out Of Wine,Accessories,,690,2.1,321.4,1.0,4.49,3.96,78,,10,24,Osseo:4;Minnetonka:8;Ramsey:20;Vadnais Heights:42;Rosemount:45;Plymouth:52;Cottage Grove:53;Woodbury:62;Andover:65;Minneapolis:69;Roseville:70;Chanhassen:72;St. Louis Park:128
Alani Nu Cotton Candy 12oz,Mixes,Pepsi-Cola,13,2.0,6.6,1.79,3.49,2.96,49,,10,18,Minneapolis:13
Mr Pure Apple Cranberry  16oz,Mixes,,37,2.0,18.6,1.56,1.99,,22,,10,19,Bloomington:18;Blaine:19
Mountain Dew Kickstart Fruit 16oz can,Mixes,Pepsi-Cola,48,2.0,24.3,1.6,1.69,,5,,7,32,Chanhassen:1;Osseo:12;Cottage Grove:16;Blaine:19
Starry Lemon Lime 10pk 8oz can,Mixes,Pepsi-Cola,17,2.0,8.5,6.17,7.99,6.96,23,,8,28,Cottage Grove:1;Stillwater:2;Minneapolis:3;Vadnais Heights:3;Roseville:4;Plymouth:4
Charm Social Tonic Lemon Ginger 12oz can,Functional,,0,1.9,0.0,2.42,4.49,3.96,46,,7,31,
Pepsi 10pk 8oz can,Mixes,Pepsi-Cola,38,1.9,19.7,5.95,7.49,6.96,21,,8,26,Blaine:1;Andover:2;Ramsey:2;St. Louis Park:3;Stillwater:3;Vadnais Heights:3;Minneapolis:5;Cottage Grove:5;Roseville:6;Plymouth:8
Brisk Pink Lemonade,Pop1,Pepsi-Cola,26,1.9,13.5,1.42,2.49,,43,,8,26,Blaine:26
Fee Brothers Bitters 4oz,Mixes,Bellboy Corporation,38,1.9,20.5,8.86,14.99,12.96,41,8.77-btl,9,19,St. Louis Park:5;Ramsey:6;Minnetonka:7;Minneapolis:10;Rosemount:10
Marlboro Sp. Blend Gold,Cigarettes,,19,1.9,9.8,12.45,14.99,,17,,9,22,Andover:8;Cottage Grove:11
Mr Pure Orange Juice 64oz,Mixes,"Chas A. Bernick, Inc.",15,1.9,8.0,2.86,5.49,,48,,7,29,Ramsey:3;Osseo:6;Roseville:6
Mr Pure Peach Watermelon 16oz can,Mixes,"Capitol Beverage Sales, L.P.",37,1.9,19.7,1.62,2.99,,46,,9,20,Andover:8;Minneapolis:29
Alani Nu Strawberry Sunrise 12oz can,Mixes,Pepsi-Cola,16,1.9,8.3,1.79,3.49,2.96,49,,8,26,Minneapolis:16
Coke Diet Lime 12pk 12oz can,Mixes,Great Lakes Coca-Cola Distribution,4,1.9,2.1,9.65,12.49,10.96,23,,11,12,Minneapolis:4
Monster Ultra Strawberry 16oz can,Mixes,Great Lakes Coca-Cola Distribution,96,1.8,54.6,2.04,2.99,,32,,7,25,Osseo:1;Cottage Grove:2;Minneapolis:3;Andover:6;Minnetonka:6;Stillwater:10;Blaine:31;Rosemount:37
Alani Nu Cherry Twist 12oz can,Mixes,Pepsi-Cola,21,1.8,11.4,1.79,3.49,2.96,49,,10,14,Minneapolis:21
Red Bull Energy Drink 12pk 8oz can,Mixes,Red Bull Distribution Company,31,1.8,17.2,21.25,24.49,,13,,8,22,Minneapolis:1;Woodbury:1;Andover:1;Vadnais Heights:4;Ramsey:4;St. Louis Park:6;Cottage Grove:7;Roseville:7
Mr Pure Apple 1 Quart,Mixes,,97,1.8,54.2,2.62,2.99,,12,,7,26,Minnetonka:1;Ramsey:7;Roseville:7;St. Louis Park:13;Bloomington:15;Plymouth:15;Blaine:17;Osseo:22
Dole Lemonade 2L,Mixes,Pepsi-Cola,17,1.8,9.3,1.8,3.99,,55,,7,27,Minneapolis:17
Big Jig: Double Jigger,Accessories,"True Brands, Inc.",101,1.8,55.5,2.99,6.99,,57,,7,27,Vadnais Heights:3;Minneapolis:3;St. Louis Park:5;Woodbury:5;Cottage Grove:6;Roseville:10;Andover:11;Blaine:11;Bloomington:11;Plymouth:12;Rosemount:12;Stillwater:12
Zyn 3mg Wintergreen,Smokeless,"M Amundson, LLP",5,1.8,2.8,8.41,11.49,9.96,27,,8,22,Minneapolis:5
Cry Baby Craig's Hot Sauce 5oz,Condiments,Am Craft Spirits,119,1.8,65.9,4.5,6.99,6.46,36,,8,22,Ramsey:2;Plymouth:6;Roseville:7;Blaine:9;Bloomington:10;Vadnais Heights:10;Cottage Grove:12;Stillwater:13;St. Louis Park:15;Minnetonka:17;Rosemount:18
Gatorlyte Tropical Coconut 20oz can,Mixes,Pepsi-Cola,43,1.8,24.2,1.84,3.49,2.96,47,,6,30,Minneapolis:43
Rockstar Punched 16oz can,Mixes,Pepsi-Cola,131,1.8,72.0,1.55,2.49,,38,,9,18,Rosemount:9;Osseo:10;Andover:12;Woodbury:12;Roseville:15;Cottage Grove:22;Chanhassen:23;Blaine:28
MTN Dew Baja Blast 2L,Mixes,Pepsi-Cola,1,1.8,0.5,1.8,3.49,2.96,48,,8,23,Minneapolis:1
Virginia Slim 100 Gold,Cigarettes,,27,1.8,15.2,14.41,16.99,,15,,8,21,Andover:27
SBOC Jalapeno Olives 5oz,Condiments,Bellboy Corporation,9,1.8,5.1,3.92,6.49,5.96,40,,8,21,Chanhassen:1;Woodbury:1;Osseo:2;St. Louis Park:2;Cottage Grove:3
Zyn 3mg Cool Mint,Smokeless,"M Amundson, LLP",5,1.7,2.9,8.41,11.49,9.96,27,,9,15,Minneapolis:5
Filthy Black Cherry Syrup 8oz,Mixes,Phillips Wine & Spirits - St. Paul,64,1.7,37.7,6.04,7.99,,24,1 free olive brine on 10 cases,7,23,Rosemount:2;Vadnais Heights:3;Bloomington:8;Roseville:8;Plymouth:9;Blaine:13;Cottage Grove:21
Syx Peppermint 6mg,Smokeless,"M Amundson, LLP",0,1.7,0.0,7.09,10.99,8.96,35,,10,10,
Fre Pouch 12mg Lush,Smokeless,"M Amundson, LLP",2,1.7,1.2,8.0,11.49,9.96,30,,9,14,Minneapolis:2
Dole Pineapple Juice 6pk 6oz can,Mixes,"M Amundson, LLP",13,1.7,7.8,6.0,9.99,,40,,7,22,Woodbury:13
Loon Spearmint 7mg,Smokeless,"M Amundson, LLP",0,1.7,0.0,6.0,8.99,7.96,33,,10,10,
Lipton Brisk Half & Half Liter,Mixes,Pepsi-Cola,60,1.7,35.7,1.67,1.46,,-15,,8,18,Blaine:60
Collins 12.7 Oz Glitter Simple Syrup,Misc Other,"True Brands, Inc.",9,1.7,5.3,3.91,8.99,7.96,57,,8,19,Minneapolis:9
Klarbrunn Club Soda Liter,Mixes,"Chas A. Bernick, Inc.",73,1.7,43.5,0.9,2.14,1.46,58,,8,18,Blaine:28;Rosemount:45
Alani Nu Sherbet Swirl 12oz can,Mixes,Pepsi-Cola,18,1.6,11.5,1.79,3.49,2.96,49,,9,10,Minneapolis:18
"True Party: 5.5 oz Plastic Champagne Flute, set of 12",Accessories,"True Brands, Inc.",17,1.6,10.3,3.83,8.99,7.96,57,,8,17,Minneapolis:1;St. Louis Park:8;Roseville:8
Red Bull Blue Edition 12oz can,Mixes,Red Bull Distribution Company,6,1.6,3.7,2.18,3.49,,38,,8,16,Plymouth:6
Master of Mixes Marg Mix Liter,Mixes,Johnson Brothers - St. Paul,25,1.6,15.8,2.18,6.99,3.96,69,Buy 6cs get 3cs Margarita 1.75l FREE,4,33,Minnetonka:1;Stillwater:1;Bloomington:4;St. Louis Park:4;Plymouth:5;Chanhassen:10
Mr Pure Cranberry Juice 64oz,Mixes,"Chas A. Bernick, Inc.",17,1.6,10.5,2.93,4.99,,41,,6,25,Ramsey:2;Roseville:6;Osseo:9
Alani Nu Lime Slush 12oz can,Mixes,Pepsi-Cola,13,1.6,8.0,1.79,4.49,3.96,60,,0,52,Minneapolis:13
Monster Energy Lo Carb 16oz can,Mixes,Great Lakes Coca-Cola Distribution,107,1.6,65.5,2.05,2.49,,18,,7,21,Blaine:1;Vadnais Heights:1;Andover:15;Plymouth:90
Pall Mall Orange,Cigarettes,,36,1.6,23.1,12.12,14.99,,19,,8,14,Cottage Grove:12;Andover:24
Gatorade Galcier Freeze 28oz,Mixes,Pepsi-Cola,35,1.6,21.6,0.41,2.49,,84,,6,25,Andover:16;Blaine:19
Topo Chico Mineral Water Twist of Grapefruit 15oz btl,Mixes,Great Lakes Coca-Cola Distribution,23,1.6,14.5,,3.99,,,,8,15,Minnetonka:23
Bamboo: Appetizer Picks,Accessories,"True Brands, Inc.",77,1.5,51.6,1.23,1.99,,38,,6,21,Andover:6;St. Louis Park:9;Bloomington:9;Woodbury:10;Rosemount:12;Stillwater:14;Plymouth:17
Spooky Old Fashioned 32oz,Mixes,Bellboy Corporation,39,1.5,26.1,4.5,8.99,,50,,8,12,Woodbury:4;Plymouth:5;Vadnais Heights:8;Bloomington:11;Blaine:11
Red Bull Sugar Free 20oz can,Mixes,Red Bull Distribution Company,57,1.4,42.1,3.65,6.49,,44,,7,12,Blaine:8;Roseville:24;Minnetonka:25
Syx Icy Cola 12mg,Smokeless,"M Amundson, LLP",8,1.4,5.6,7.09,10.99,8.96,35,,8,10,Minneapolis:8
Topo Chico Mineral Water Twist of Lime 15oz btl,Mixes,Great Lakes Coca-Cola Distribution,26,1.4,18.2,1.51,3.99,,62,,8,10,Minnetonka:26
Party Trio Assorted Wine Bags,Accessories,"True Brands, Inc.",61,1.4,43.1,1.91,5.49,4.96,65,,7,14,Blaine:2;Osseo:3;Woodbury:5;Stillwater:6;Vadnais Heights:8;Bloomington:9;Roseville:9;Plymouth:9;Andover:10
Oliva Serie G Churchill,Cigars,,33,1.4,23.6,4.72,12.99,10.96,64,,6,18,Minneapolis:2;Osseo:3;Vadnais Heights:5;Chanhassen:7;Cottage Grove:8;Stillwater:8
Wine Glass - Paris Well Crazy Relatives,Accessories,,219,1.4,161.8,1.0,4.49,3.96,78,,7,12,Ramsey:1;Roseville:5;Vadnais Heights:18;Minnetonka:29;Plymouth:33;Stillwater:33;Rosemount:41;Woodbury:59
Vitamin Water XXX 20oz,Mixes,Great Lakes Coca-Cola Distribution,42,1.4,30.0,1.64,1.79,,9,,6,18,Bloomington:42
Schweppes Ginger Ale 12pk 12oz can,Mixes,Pepsi-Cola,25,1.4,17.5,6.83,12.49,10.96,45,,4,28,Blaine:1;St. Louis Park:2;Andover:3;Cottage Grove:6;Minneapolis:6;Bloomington:7
Macanudo Inspirado White Toro,Cigars,,54,1.4,39.9,6.06,14.99,12.96,60,,7,12,Osseo:2;Roseville:3;Vadnais Heights:3;St. Louis Park:3;Woodbury:3;Minneapolis:4;Minnetonka:4;Chanhassen:7;Cottage Grove:10;Blaine:15
Spooky Sweet & Sour 32oz,Mixes,Bellboy Corporation,74,1.4,54.1,4.5,8.99,,50,,6,17,Bloomington:6;Chanhassen:8;Cottage Grove:9;Blaine:10;Vadnais Heights:10;Woodbury:10;St. Louis Park:10;Roseville:11
Alani Nu Blue Slush 12oz can,Mixes,Pepsi-Cola,13,1.4,9.6,1.79,3.49,2.96,49,,7,12,Minneapolis:13
Fever Tree Club Soda 500ml,Mixes,,69,1.4,49.8,2.06,4.99,,59,,5,22,Woodbury:15;Roseville:17;Bloomington:20;Minnetonka:4;Blaine:6;Andover:7
Smashd Party All Night Variety Pack 8pk 12oz can,Mixes,SMASHD Drinks LLC,27,1.4,19.3,8.79,16.49,13.96,47,,8,9,Rosemount:3;Osseo:4;Minneapolis:5;Plymouth:5;Ramsey:5;Roseville:5
Stream Set of 2 Liquor Pourers by True,Accessories,"True Brands, Inc.",95,1.3,73.6,3.25,5.99,,46,,5,19,Blaine:3;Chanhassen:4;Stillwater:6;Roseville:7;Bloomington:9;Cottage Grove:10;Plymouth:11;Rosemount:12;Minneapolis:14;Vadnais Heights:19
Rokz Lime Margarita Salt 4oz,Condiments,Bellboy Corporation,29,1.3,22.2,3.96,6.49,5.96,39,,4,24,Cottage Grove:3;Minnetonka:3;Vadnais Heights:5;Blaine:6;Minneapolis:6;St. Louis Park:6
Master of Mixes Strawberry Daq/Marg Liter,Mixes,Johnson Brothers - St. Paul,11,1.3,8.2,2.18,4.49,3.96,51,Buy 6cs get 3cs Margarita 1.75l FREE,4,25,Blaine:11
1919 Zero Sugar Root Beer 12pk 16oz can,Mixes,Dahlheimer Beverage Monticello,20,1.3,15.5,15.16,18.99,,20,,5,19,Andover:2;Roseville:4;Blaine:6;Woodbury:8
Mello Yello 20oz,Mixes,Great Lakes Coca-Cola Distribution,69,1.3,54.8,1.95,3.49,2.26,44,,5,18,Plymouth:2;Vadnais Heights:2;Stillwater:14;Minneapolis:15;Woodbury:15;Andover:21
Marlboro Menthol Silver 100s,Cigarettes,,46,1.3,36.1,13.08,15.99,,18,,6,14,Cottage Grove:10;Andover:14;Ramsey:22
Brisk Lemonade Liter,Mixes,Pepsi-Cola,21,1.3,16.7,1.94,2.49,,22,,5,18,Blaine:21
Starry Lemon Lime Zero Sugar 20oz,Mixes,Pepsi-Cola,6,1.3,4.6,1.16,2.09,,45,,5,19,Roseville:2;Minnetonka:4
MTN Dew 10pk 8oz can,Mixes,Pepsi-Cola,57,1.3,42.6,5.22,6.49,5.96,20,,6,16,Cottage Grove:3;Andover:4;Stillwater:4;St. Louis Park:5;Roseville:8;Vadnais Heights:8;Blaine:11;Minneapolis:14
Fizz: Chrome Champagne Stopper,Accessories,"True Brands, Inc.",63,1.3,47.8,2.62,4.99,,47,,6,16,St. Louis Park:2;Woodbury:6;Minneapolis:6;Plymouth:7;Chanhassen:9;Bloomington:10;Cottage Grove:22
Rockstar Energy 16oz can,Mixes,Pepsi-Cola,153,1.3,119.9,1.55,2.49,,38,,6,14,Vadnais Heights:4;Minneapolis:12;Andover:13;Roseville:13;Cottage Grove:15;Woodbury:16;Osseo:19;Rosemount:23;Blaine:38
Liquid Death Cherry Obituary 19.2oz can,Mixes,"College City Beverage, Inc.",24,1.3,19.0,1.42,1.99,,29,,7,9,Woodbury:24
Gatorade Gatorlyte Pineapple Mango 20oz,Mixes,,24,1.3,19.0,1.76,3.49,2.96,49,,3,27,Ramsey:1;Minneapolis:23
Loon Green Apple 14mg,Smokeless,"M Amundson, LLP",0,1.3,0.0,6.0,8.99,7.96,33,,7,10,
SBOC Garlic Olives 5oz,Condiments,Bellboy Corporation,26,1.3,19.7,4.44,7.99,6.96,44,,5,20,Rosemount:2;Vadnais Heights:3;Bloomington:4;St. Louis Park:5;Chanhassen:6;Cottage Grove:6
Syx Peppermint 20mg,Smokeless,"M Amundson, LLP",24,1.2,20.6,7.09,10.99,8.96,35,,5,15,Minneapolis:24
Newport Red Box Non-Menthol,Cigarettes,"M Amundson, LLP",39,1.2,31.7,12.4,14.99,,17,,5,17,Vadnais Heights:8;Roseville:15;Cottage Grove:16
Loon Pouches Bad Bull 28mg 20pk,Smokeless,"M Amundson, LLP",0,1.2,0.0,6.0,8.99,7.96,33,,6,10,
Loon Strawberry 14mg,Smokeless,"M Amundson, LLP",0,1.2,0.0,6.0,8.99,7.96,33,,6,10,
Monster Ultra Ultra Paradise 16oz can,Mixes,Great Lakes Coca-Cola Distribution,16,1.2,13.7,2.05,2.49,,18,,5,15,Minneapolis:7;Woodbury:9
*NEW AMSTERDAM GLASSWARE,,,-5,1.2,-4.2,,0.99,,,,7,7,
Mr Pure Papaya Punch 16oz btl,Mixes,"Capitol Beverage Sales, L.P.",30,1.2,25.0,1.62,2.99,,46,,5,16,Andover:11;Minneapolis:19
Wine Glass - Corks Are For Quitters,Accessories,,580,1.2,472.0,1.0,4.49,3.96,78,,5,17,Ramsey:9;Osseo:17;Minnetonka:25;Vadnais Heights:31;Plymouth:33;Stillwater:34;Rosemount:41;Woodbury:42;Cottage Grove:43;Minneapolis:49;Andover:53;Chanhassen:53;Roseville:58;St. Louis Park:92
Elegant Black and White Wine Bag,Accessories,"True Brands, Inc.",61,1.2,51.6,1.94,4.49,3.96,57,,4,20,Andover:1;Blaine:2;Minnetonka:3;Woodbury:3;Bloomington:6;Plymouth:8;Stillwater:17;St. Louis Park:21
American Spirit Menthol Light,Cigarettes,"M Amundson, LLP",50,1.2,43.4,14.33,16.99,,16,,6,10,Woodbury:12;Andover:14;Blaine:24
Marlboro Sp. Blend Black,Cigarettes,,14,1.2,11.5,12.32,14.99,,18,,6,12,Andover:14
Zoa Tropical Punch 12oz can,Mixes,"Breakthru Beverage Minnesota Beer, LLC",11,1.2,8.8,1.49,2.99,,50,,6,13,Minneapolis:11
Cooler Large Styro 28 Quart,Accessories,"M Amundson, LLP",27,1.2,22.8,5.46,7.99,,32,,4,20,Minnetonka:2;Vadnais Heights:2;Ramsey:5;Stillwater:5;Andover:6;Osseo:7
True Party 16 Oz Blue Party Cups (Set of 50),Accessories,"True Brands, Inc.",26,1.2,20.9,5.69,12.49,10.96,54,,6,13,Minneapolis:26
"Long Bamboo Appetizer Picks 7""",Accessories,"True Brands, Inc.",55,1.1,51.2,1.64,3.49,2.96,53,,5,12,Cottage Grove:2;Blaine:4;Plymouth:5;Andover:8;Roseville:9;Rosemount:27
Fever Tree Ginger Beer 500ml,Mixes,"Breakthru Beverage Minnesota Beer, LLC",45,1.1,40.2,1.88,4.99,,62,,4,18,Minneapolis:3;Woodbury:4;Blaine:4;Andover:15;Bloomington:19
Minute Maid Cranberry Grape 12oz btl,Mixes,Great Lakes Coca-Cola Distribution,44,1.1,39.3,1.64,2.49,,34,,2,27,Andover:1;Minneapolis:1;Plymouth:1;Stillwater:41
Minute Maid Lemonade 12pk 12oz can,Pop1,Great Lakes Coca-Cola Distribution,19,1.1,17.4,9.65,12.49,10.96,23,,5,11,Bloomington:4;Plymouth:4;Minneapolis:4;Cottage Grove:7
For You Botanical Single Bottle Wine Bag by Cakewalk,Accessories,"True Brands, Inc.",110,1.1,102.5,1.47,3.49,2.96,58,,3,21,Andover:2;Minneapolis:2;Vadnais Heights:3;Chanhassen:4;Woodbury:4;Ramsey:5;Osseo:7;Blaine:10;Bloomington:10;Cottage Grove:10;Plymouth:10;Stillwater:11;Roseville:11;Rosemount:21
Virginia Slim Menthol Silver,Cigarettes,,17,1.1,15.4,14.32,16.99,,16,,5,13,Andover:17
Liquid Death Convicted Melon 19.2oz can,Mixes,"College City Beverage, Inc.",1,1.1,0.9,1.41,1.99,,29,,6,9,Woodbury:1
Gatorade Lemon Lime 28oz,Mixes,Pepsi-Cola,67,1.1,59.8,1.98,2.49,,20,,2,27,Chanhassen:7;Andover:22;Stillwater:38
Smuggle 6 Oz Collapsible Flasks True (Set of 2),Accessories,"True Brands, Inc.",27,1.1,24.1,3.59,7.99,6.96,55,,6,9,Minneapolis:27
Monster Juice Pacific Punch 16oz can,Mixes,Great Lakes Coca-Cola Distribution,20,1.1,17.6,2.05,2.49,,18,,5,14,Minneapolis:20
Jose Cuervo Strawberry Margarita Mix 1.75L,Mixes,Johnson Brothers - St. Paul,5,1.1,4.6,6.35,9.99,8.96,36,netted down case price,4,17,Chanhassen:2;St. Louis Park:3
TrueFlask 4 oz Stainless Steel Flask 4oz,Accessories,"True Brands, Inc.",21,1.1,19.3,6.14,14.99,12.96,59,,6,8,Cottage Grove:3;Minneapolis:5;Roseville:6;Blaine:7
Alani Nu Watermelon Wave 12oz can,Mixes,Pepsi-Cola,16,1.1,14.9,1.79,3.49,2.96,49,,5,12,Minneapolis:16
Brez Elevate Functional Beverage 4pk 12oz can,Functional,Bellboy Corporation,47,1.1,44.4,9.98,18.99,15.96,47,,2,25,Bloomington:1;Minnetonka:1;Osseo:2;Plymouth:2;Ramsey:2;Vadnais Heights:2;Minneapolis:4;Woodbury:4;St. Louis Park:6;Chanhassen:7;Cottage Grove:8;Andover:8
Starry Caffeine Free Lemon Lime 12pk 12oz can,Mixes,Pepsi-Cola,43,1.1,38.9,9.38,12.49,10.96,25,,3,22,Chanhassen:1;Osseo:1;St. Louis Park:1;Stillwater:1;Vadnais Heights:1;Minnetonka:2;Plymouth:2;Rosemount:2;Minneapolis:4;Roseville:4;Andover:6;Woodbury:18
Rogue: 10 Oz Plastic Flask,Accessories,"True Brands, Inc.",21,1.0,20.8,2.16,4.99,,57,,5,10,Ramsey:3;Roseville:3;Andover:4;Minneapolis:11
Phorm Watermelon Wrath 16oz can,,"College City Beverage, Inc.",6,1.0,5.8,1.88,2.99,,37,,6,6,Cottage Grove:6
Pop Fizz Clink Liquor Bag by Cakewalk,Accessories,"True Brands, Inc.",71,1.0,73.6,1.88,3.49,2.96,46,,4,13,Andover:4;Vadnais Heights:4;Bloomington:4;Plymouth:6;Stillwater:9;Minnetonka:11;Roseville:14;Blaine:19
Zyn Pouch 3mg Spearmint,Smokeless,"M Amundson, LLP",6,1.0,5.8,8.41,11.49,9.96,27,,5,11,Minneapolis:6
Montecristo White Toro,Cigars,,28,1.0,26.9,8.05,15.99,13.96,50,,5,11,Minneapolis:3;Osseo:3;Blaine:4;Roseville:5;Woodbury:5;Cottage Grove:8
Red Bull Summer Edition 12oz can,Mixes,Red Bull Distribution Company,60,1.0,58.4,2.31,4.49,3.46,49,,4,15,Minneapolis:1;Bloomington:2;Blaine:4;Cottage Grove:24;Andover:29
On Nicotine Pouch 8mg Original,Smokeless,"M Amundson, LLP",0,1.0,0.0,7.42,11.49,9.96,35,,5,10,
Lovejoy's Thai Basil Bloody Mary Mix 25oz,Mixes,Johnson Brothers - St. Paul,86,1.0,85.1,9.8,15.99,13.96,39,1 on 10,5,10,Plymouth:1;St. Louis Park:2;Woodbury:2;Stillwater:6;Minnetonka:10;Vadnais Heights:10;Cottage Grove:11;Andover:13;Chanhassen:31
Sommelier: Waiter's Corkscrew,Accessories,"True Brands, Inc.",57,1.0,54.7,2.64,11.49,9.96,77,,5,11,Woodbury:2;Rosemount:5;St. Louis Park:8;Bloomington:9;Chanhassen:9;Plymouth:12;Roseville:12
Fever Tree Classic Mojito 750ml ,Mixes,"Breakthru Beverage Minnesota Beer, LLC",18,1.0,18.1,5.75,9.99,8.96,42,,2,23,Minneapolis:4;Woodbury:5;Andover:9
Birthday Cake Wine Gift Bag by Cakewalk,Accessories,"True Brands, Inc.",25,1.0,25.5,0.97,2.29,1.96,58,,5,9,Plymouth:1;Blaine:6;Stillwater:9;Woodbury:9
Dr. Pepper Diet 12pk 12oz can,Mixes,Pepsi-Cola,23,1.0,23.5,9.39,12.49,10.96,25,,5,9,Andover:1;Osseo:5;Vadnais Heights:5;Chanhassen:6;St. Louis Park:6
Celsius Grape Rush 12oz can,Mixes,Pepsi-Cola,4,0.9,4.4,1.78,2.99,,40,,1,25,Minneapolis:1;Cottage Grove:3
Red Bull Energy Iced Vanilla Berry 8oz can,Mixes,Red Bull Distribution Company,17,0.9,19.5,1.55,3.49,2.46,56,,4,10,Andover:17
Alani Nu Dream Float 12oz can,Mixes,Pepsi-Cola,19,0.9,20.4,1.79,3.49,2.96,49,,4,12,Minneapolis:19
1919 Root Beer 5L,Mixes,Dahlheimer Beverage Monticello,7,0.9,7.6,19.48,23.99,,19,,5,7,Roseville:2;Woodbury:5
Minute Maid Cran Apple Raspberry 12oz btl,Mixes,Great Lakes Coca-Cola Distribution,15,0.9,16.9,1.65,2.49,,34,,3,15,Woodbury:15
Fever Tree Elderflower Tonic 500ml,Mixes,Southern Glazer's Wine & Spirits of MN,2,0.9,2.1,1.88,4.99,,62,,5,8,Woodbury:2
Filled with Thanks Wine Bag,Accessories,"True Brands, Inc.",76,0.9,85.7,1.39,3.49,2.96,60,,3,15,Minnetonka:2;Rosemount:2;Blaine:3;Vadnais Heights:4;Bloomington:8;Chanhassen:8;Roseville:8;Cottage Grove:9;Woodbury:9;Plymouth:10;Stillwater:13
Propel Kiwi Strawberry 20oz,Mixes,Pepsi-Cola,9,0.9,9.6,1.67,1.99,,16,,4,12,Cottage Grove:9
Fever Tree Distillers Cola 4pk 6.7oz btl,,Dahlheimer Beverage Monticello,47,0.9,52.1,3.9,6.49,5.96,40,,4,11,Osseo:4;Bloomington:5;Roseville:6;Minneapolis:6;St. Louis Park:7;Woodbury:9;Chanhassen:10
Monster Ultra Blue Hawaiian 16oz can,Mixes,Great Lakes Coca-Cola Distribution,41,0.9,43.2,2.05,2.49,,18,,3,17,Blaine:10;Ramsey:13;Woodbury:18
Orange Crush 2L,Mixes,Pepsi-Cola,7,0.9,7.5,2.6,3.49,2.96,25,,4,12,Andover:7
Filthy Foods Paloma Mix 32oz,Mixes,Phillips Wine & Spirits - St. Paul,16,0.9,17.4,6.36,11.49,9.96,45,1 free olive brine on 10 cases,3,16,Woodbury:1;Andover:2;St. Louis Park:3;Bloomington:4;Blaine:6
Maraca Plastic Recipe Shaker In Box,Accessories,"True Brands, Inc.",78,0.9,83.6,3.92,8.99,,56,,4,12,Roseville:3;Cottage Grove:4;Rosemount:5;Blaine:8;Minneapolis:10;Andover:11;Stillwater:12;Woodbury:12;Plymouth:13
Zy Ultra Arctic Mint 11mg,Smokeless,"M Amundson, LLP",5,0.9,5.8,8.63,9.99,9.96,14,,5,5,Minneapolis:5
Owen's Grapefruit & Lime 750ml,Mixes,Phillips Wine & Spirits - St. Paul,5,0.9,5.7,4.76,7.99,6.96,40,Case 1,4,10,Minnetonka:2;Minneapolis:3
MTN Dew Kickstart Blk Chr 16oz can,Mixes,Pepsi-Cola,24,0.9,26.2,1.6,1.69,,5,,5,7,Chanhassen:3;Blaine:21
Fre Pouch 15mg Lush,Smokeless,"M Amundson, LLP",28,0.9,31.6,8.22,11.49,9.96,28,,3,15,Minneapolis:28
SBOC Pickled Asparagus 16oz,Condiments,Bellboy Corporation,26,0.9,30.4,7.97,14.99,12.96,47,,3,14,St. Louis Park:1;Stillwater:2;Blaine:3;Roseville:4;Bloomington:5;Minnetonka:5;Rosemount:6
Liquid Ice Red 4pk 8oz can,Mixes,Dahlheimer Beverage Monticello,23,0.9,25.9,5.18,6.99,,26,,5,6,Andover:23
Mr & Mrs T Sweet & Sour Liter,Mixes,"Breakthru Beverage Minnesota Wine & Spirits, LLC",4,0.9,4.2,4.75,6.99,,32,net down pricing,3,17,Rosemount:1;Blaine:3
Coke Cherry Zero 12pk 12oz can,Mixes,Great Lakes Coca-Cola Distribution,3,0.9,3.5,9.65,12.49,10.96,23,,3,14,Minneapolis:3
1-Bottle Corks Wine Bag,Accessories,"True Brands, Inc.",46,0.8,55.8,0.81,2.29,1.96,65,,3,13,Blaine:3;Andover:4;Vadnais Heights:4;Osseo:5;Bloomington:7;Woodbury:10;Roseville:13
Alani Nu Purple Cotton Candy 12oz,Mixes,Pepsi-Cola,0,0.8,0.0,1.79,3.49,2.96,49,,0,27,
Alani Nu Cosmic Stardust 12oz can,Mixes,Pepsi-Cola,1,0.8,1.2,1.79,3.49,2.96,49,,2,17,Minneapolis:1
Bailey's Liqueur Chocolate Tube,Misc Other,"True Brands, Inc.",4,0.8,4.9,7.42,14.99,,50,,4,8,Minnetonka:4
Monster Ultra Peachy Keen 16oz can,Mixes,Great Lakes Coca-Cola Distribution,16,0.8,19.4,1.92,2.49,,23,,3,13,Minneapolis:16
Birthday Candle Wine Bag,Accessories,"True Brands, Inc.",46,0.8,58.0,1.38,3.49,2.96,60,,3,12,Woodbury:3;Andover:6;Blaine:8;Minneapolis:9;Vadnais Heights:9;St. Louis Park:11
Faux Leather Single-bottle Wine Bag,Accessories,"True Brands, Inc.",32,0.8,40.3,0.99,2.29,1.96,57,,3,12,Blaine:7;Bloomington:8;Roseville:8;Minneapolis:9
Wine Glass - Wine Is The Answer,Accessories,,135,0.8,177.1,1.0,4.49,3.96,78,,3,11,Plymouth:4;Stillwater:8;Minnetonka:9;Vadnais Heights:15;Rosemount:19;Woodbury:31;Roseville:49
Lift Bridge Root Beer 4pk 16oz,Mixes,,206,0.8,254.7,2.02,6.99,,71,,4,8,Cottage Grove:16;Rosemount:28;Woodbury:29;Blaine:133
Celsius Peach Mango Green Tea 12oz,Mixes,Pepsi-Cola,30,0.8,37.1,1.79,2.49,,28,,4,8,Andover:12;Bloomington:18
Velo Smooth 9mg,Smokeless,"M Amundson, LLP",11,0.8,14.4,8.41,11.99,9.96,30,,3,11,Minneapolis:11
Camel Filter 99,Cigarettes,,49,0.8,58.3,12.84,14.99,,14,,4,9,Andover:5;Osseo:11;Cottage Grove:15;Blaine:18
Lift Bridge Root Beer 4pk 16oz can,Mixes,"Capitol Beverage Sales, L.P.",16,0.8,21.0,4.49,6.99,,36,,1,20,Cottage Grove:1;Rosemount:1;Blaine:4;Bloomington:5;Woodbury:5
Camel Filter,Cigarettes,,85,0.8,107.1,12.82,14.99,,14,,3,12,Cottage Grove:13;Osseo:15;Blaine:57
Liber & Co Old Fashioned Syrup 375ml,Mixes,Am Craft Spirits,15,0.8,19.7,13.5,20.99,17.96,36,,3,11,Minnetonka:1;Plymouth:2;St. Louis Park:2;Bloomington:4;Woodbury:6
Lift Bridge Mini Donut Cream Soda 4pk 16oz can,Mixes,,170,0.8,218.6,3.48,6.99,,50,,4,7,Cottage Grove:1;Woodbury:7;Blaine:162
Kick Ass Bloody Mary Mix Classic 32oz,Mixes,"Breakthru Beverage Minnesota Wine & Spirits, LLC",10,0.8,12.1,4.6,7.99,,42,,3,13,Woodbury:10
Mountain Dew Kickstart Pineapple Orange 16oz can,Mixes,Pepsi-Cola,14,0.8,18.4,1.5,1.89,,21,,3,11,Cottage Grove:14
Mountain Dew Voltage 20oz,Mixes,,15,0.7,21.4,1.71,2.09,,18,,3,9,Minneapolis:15
TrueBlade Bottle Opener Matte Black,Accessories,"True Brands, Inc.",35,0.7,51.1,2.57,4.49,3.86,43,,2,13,Chanhassen:2;Stillwater:8;Plymouth:11;Vadnais Heights:14
Phorm Folds of Honor 16oz can,,"College City Beverage, Inc.",7,0.7,10.2,1.88,2.99,,37,,2,13,Cottage Grove:7
Aging Room Quattro Nicaragua Vibrato,Cigars,"Fresh Smoke of Minnesota, LLC",33,0.7,49.3,6.94,15.99,13.96,57,,3,8,Vadnais Heights:4;Minneapolis:5;Rosemount:5;St. Louis Park:5;Woodbury:5;Cottage Grove:9
Monster Juice Viking Berry 16oz can,Mixes,Great Lakes Coca-Cola Distribution,50,0.7,76.5,2.05,2.49,,18,,2,12,Andover:1;Minneapolis:24;Ramsey:25
Celsius Cosmic Vibe Sparkling Fruit Punch 12oz can,Mixes,Pepsi-Cola,2,0.7,2.7,,2.99,,,,4,6,Ramsey:2
Fever Tree Tonic Water 500ml,Mixes,,36,0.7,48.2,2.04,4.99,,59,,2,15,Andover:2;Minnetonka:6;Woodbury:8;Bloomington:9;Roseville:11
Mason Jar Shot Glass Set of 6,Accessories,"True Brands, Inc.",25,0.7,37.4,2.9,6.99,,59,,3,8,Woodbury:3;Vadnais Heights:4;Blaine:5;Roseville:6;Minneapolis:7
Minute Maid Apple Juice 12oz btl,Mixes,Great Lakes Coca-Cola Distribution,52,0.7,72.7,1.65,2.49,,34,,2,14,Osseo:13;Plymouth:39
EVEN N/A Cocktail Variety Pack  4pk 12oz can,Non-Alcoholic Liquor,"	EVENKeel, Inc.",92,0.7,134.4,7.33,13.99,11.96,48,,4,4,Chanhassen:17;Cottage Grove:17;Roseville:29;St. Louis Park:29
Alani Nu Breezeberry 12oz can,Mixes,Pepsi-Cola,10,0.7,13.7,1.79,3.49,2.96,49,,3,10,Minneapolis:10
Assorted Herringbone Wine Bags,Accessories,"True Brands, Inc.",76,0.7,113.6,0.98,2.29,1.96,57,,3,8,Chanhassen:1;Andover:2;Cottage Grove:3;Rosemount:5;Minnetonka:7;Stillwater:9;Woodbury:9;Minneapolis:10;Osseo:14;Plymouth:16
Marlboro Menthol Silver,Cigarettes,,100,0.7,142.9,13.06,15.99,,18,,3,9,Ramsey:10;Cottage Grove:20;Blaine:27;Andover:43
Filthy Margarita Mix 8oz,Mixes,Phillips Wine & Spirits - St. Paul,3,0.7,4.4,2.8,4.49,3.96,38,,4,4,Bloomington:3
Mug Root Beer 20oz,Mixes,Pepsi-Cola,19,0.7,26.6,1.24,1.99,,38,,4,5,Roseville:19
Zyn Ultra Menthol Ice 9mg,Smokeless,"M Amundson, LLP",6,0.7,8.8,8.63,9.99,9.96,14,,4,4,Minneapolis:6
Parliament Light 100's,Cigarettes,,61,0.7,93.4,14.02,16.99,,17,,2,12,Roseville:10;Minneapolis:11;Cottage Grove:18;Blaine:22
Boho Cheers Single Bottle Wine Bag Cakewalk,Accessories,"True Brands, Inc.",6,0.7,8.8,1.71,3.49,2.96,51,,4,4,Minnetonka:6
Wine Gift Set Corkscrew & Drip Ring,Accessories,,1006,0.7,1376.0,2.5,11.49,9.96,78,,3,10,Blaine:24;Chanhassen:26;Plymouth:42;Vadnais Heights:59;Osseo:64;Stillwater:66;Cottage Grove:78;Woodbury:83;Roseville:109;Andover:113;Minneapolis:139;St. Louis Park:203
Velo Spearmint 3mg,Smokeless,"M Amundson, LLP",19,0.7,29.1,8.41,11.49,9.96,27,,2,12,Minneapolis:19
Propel Grape 20oz,Mixes,Pepsi-Cola,21,0.7,32.1,1.67,1.99,,16,,2,12,Cottage Grove:21
Loon Cinnamon OG 14mg,Smokeless,"M Amundson, LLP",0,0.7,0.0,6.0,8.99,7.96,33,,4,4,
Bundaberg Ginger Beer 355ml 4pk,Mixes,,14,0.7,20.0,5.55,6.99,,21,,3,9,Andover:14
UM Gopher Slim Can Holder 12oz,Accessories,Bellboy Corporation,5,0.7,6.7,4.15,7.99,6.96,48,,4,6,Minneapolis:5
Celsius Sparkling Apple Pear 12oz can,Mixes,Pepsi-Cola,19,0.7,26.0,1.7,2.99,,43,,3,10,Plymouth:1;Roseville:18
Red Party Cups 12 count,Accessories,Bellboy Corporation,63,0.7,96.4,2.25,3.99,,44,,2,12,Cottage Grove:14;Roseville:21;Andover:28
Liquid Death Sparkling Water 19.2oz can,Mixes,"College City Beverage, Inc.",0,0.7,0.0,1.33,1.99,,33,,2,12,
1919 Root Beer 10pk 7.5oz can,Mixes,"Breakthru Beverage Minnesota Beer, LLC",44,0.6,70.7,8.41,11.99,,30,,2,11,Bloomington:2;Roseville:2;Woodbury:40
Master of Mixes Pina Colada Liter,Mixes,Johnson Brothers - St. Paul,9,0.6,14.8,3.76,5.99,,37,,1,15,Blaine:9
Fever Tree Light Tonic Water 500ml,Mixes,Southern Glazer's Wine & Spirits of MN,83,0.6,140.4,1.93,4.99,,61,,2,10,Roseville:6;Blaine:15;Woodbury:15;Andover:16;Minneapolis:31
Alani Nu Juicy Peach 12oz can,Mixes,Pepsi-Cola,4,0.6,7.1,1.79,3.49,2.96,49,,2,9,Minneapolis:4
Smashd Party All Day Variety Pack 8pk 12oz can,Mixes,SMASHD Drinks LLC,44,0.6,69.0,8.86,16.49,13.96,46,,3,7,Chanhassen:5;Ramsey:5;Rosemount:5;Roseville:5;St. Louis Park:5;Vadnais Heights:5;Blaine:14
Starbucks Frappuccino Caramel 14oz,Mixes,Pepsi-Cola,67,0.6,113.3,2.6,3.39,,23,,2,10,Cottage Grove:7;Bloomington:23;Blaine:37
NBA Can Cooler,Accessories,Bellboy Corporation,11,0.6,17.7,3.5,6.99,,50,,2,11,Cottage Grove:1;Rosemount:2;Woodbury:3;Minneapolis:5
Smile There's Wine Bag by Cakewalk 750ml,Accessories,"True Brands, Inc.",18,0.6,31.3,1.21,3.99,,70,,3,5,Cottage Grove:1;Blaine:2;Vadnais Heights:2;Osseo:6;Ramsey:7
MTN Dew Baja Blast Zero 20oz btl,Mixes,Pepsi-Cola,15,0.6,24.7,1.61,2.99,,46,,3,6,Roseville:15
Assorted Retro Drinking Icon Wine Bags,Accessories,"True Brands, Inc.",32,0.6,57.1,1.62,4.49,3.96,64,,2,9,Blaine:2;Andover:6;Woodbury:8;Chanhassen:16
Garden Party Assorted Wine Bags Cakewalk,Accessories,"True Brands, Inc.",9,0.6,15.6,1.83,4.49,3.96,59,,3,5,Minnetonka:9
Cigar Cutter,Accessories,"True Brands, Inc.",58,0.6,95.6,1.26,4.49,3.96,72,,3,6,Vadnais Heights:2;Roseville:9;Blaine:21;Cottage Grove:26
Phorm Silver Lightening 16oz can,Mixes,"College City Beverage, Inc.",3,0.6,5.2,1.88,2.99,,37,,3,5,Cottage Grove:3
Vikings Zipper Bottle Cooler,Accessories,Bellboy Corporation,4,0.6,6.3,6.2,10.99,,44,,3,7,Blaine:1;Cottage Grove:1;Roseville:2
Pure Leaf Sweet Tea 18oz btl,Mixes,Pepsi-Cola,24,0.6,40.6,1.55,2.29,,32,,2,10,Plymouth:3;St. Louis Park:8;Roseville:13
Loon Pouches Bad Bull 7mg 20pk,Smokeless,"M Amundson, LLP",11,0.6,18.1,6.0,8.99,7.96,33,,3,6,Minneapolis:11
Rockstar Recovery Lemonade 16oz can,Mixes,Pepsi-Cola,81,0.6,137.0,1.55,2.49,,38,,2,10,Vadnais Heights:1;Minneapolis:15;Chanhassen:19;Blaine:22;Stillwater:24
Propel Watermelon 20oz,Mixes,Pepsi-Cola,5,0.6,8.2,1.67,2.29,,27,,3,6,Cottage Grove:5
Zoa White Peach 12oz can,Mixes,"Breakthru Beverage Minnesota Beer, LLC",18,0.6,31.3,1.49,2.99,,50,,3,5,Minneapolis:18
Mountain Dew 16oz can,Mixes,Pepsi-Cola,27,0.6,48.2,1.45,1.99,,27,,2,9,Osseo:27
SBOC Garlic Stuffed Olives 10oz,Condiments,Bellboy Corporation,25,0.6,42.3,6.5,11.99,,46,,2,10,Woodbury:1;Stillwater:2;Bloomington:5;Cottage Grove:5;Blaine:6;St. Louis Park:6
Loon Pouches Bad Bull 14mg 20pk,Smokeless,"M Amundson, LLP",0,0.6,0.0,6.0,8.99,7.96,33,,2,10,
Velo Wintergreen 3mg ,Smokeless,"M Amundson, LLP",24,0.6,40.6,8.41,11.49,9.96,27,,2,10,Minneapolis:24
Pepsi Cherry 20oz,Mixes,Pepsi-Cola,36,0.6,59.3,1.71,2.09,,18,,3,6,Roseville:14;Minneapolis:22
Crush Orange 20oz,Mixes,Pepsi-Cola,48,0.6,79.1,1.25,1.99,,37,,1,15,Roseville:14;Osseo:34
Bubly Lime 16oz,Mixes,,20,0.6,34.7,1.34,1.69,,21,,3,5,Roseville:20
Starry Zero 10pk 8oz can,Mixes,Pepsi-Cola,10,0.6,16.5,5.41,7.99,6.96,32,,3,6,Roseville:3;Stillwater:3;Plymouth:4
Bubbles Single Bottle Bag,Accessories,"True Brands, Inc.",18,0.6,28.2,1.32,4.49,3.96,71,,3,7,Roseville:1;Plymouth:1;Woodbury:6;Stillwater:10
Topo Chico Mineral Water 15oz btl,Mixes,Great Lakes Coca-Cola Distribution,15,0.6,26.1,1.51,3.99,,62,,1,14,Minnetonka:15
Finest Call Extra Spicy Bloody,Mixes,,2,0.6,3.5,4.09,5.99,,32,,3,5,Andover:2
Fre Pouch Lush 9mg,,"M Amundson, LLP",39,0.6,67.8,8.0,11.49,9.96,30,,3,5,Minneapolis:39
Mr & Mrs T Bold & Spicy Liter,Mixes,Bellboy Corporation,5,0.5,10.0,4.75,5.99,,21,,2,7,Blaine:5
Colorful Cheers Wine Bag by Cakewalk,Accessories,"True Brands, Inc.",49,0.5,98.4,1.37,4.49,3.96,70,,2,7,Andover:2;Blaine:6;Stillwater:10;Plymouth:11;Rosemount:20
Goslings Ginger Beer Liter,Mixes,"Vinocopia, Inc",9,0.5,17.5,2.06,3.49,2.96,41,,3,3,Woodbury:9
Phorm Orange Energy 16oz can,,"College City Beverage, Inc.",10,0.5,18.9,1.88,2.99,,37,,2,8,Cottage Grove:10
Liquid Death Severed Lime 19oz can,Mixes,"Capitol Beverage Sales, L.P.",13,0.5,23.9,1.42,1.99,,29,,3,4,Woodbury:13
Velo Citrus Chill 9mg,Smokeless,"M Amundson, LLP",7,0.5,13.6,8.41,11.49,9.96,27,,3,3,Minneapolis:7
VacuVin 2pc Wine Saver - Black,Accessories,"True Brands, Inc.",22,0.5,40.4,6.45,16.99,,62,,3,4,St. Louis Park:2;Blaine:5;Chanhassen:5;Roseville:5;Vadnais Heights:5
Liquid Death Squeezed to Death 19.2oz can,Mixes,"College City Beverage, Inc.",16,0.5,30.3,1.42,1.99,,29,,2,8,Woodbury:16
Monte Carlo: 6 oz Faux Leather Flask,Accessories,"True Brands, Inc.",24,0.5,44.1,7.99,17.99,,56,,3,4,Rosemount:1;Plymouth:5;Roseville:5;Andover:6;Blaine:7
Mr Pibb 20oz,Mixes,Great Lakes Coca-Cola Distribution,38,0.5,84.2,2.09,2.99,10.96,30,,1,10,Andover:38
Alani Nu Orange Kiss 12oz can,Mixes,Pepsi-Cola,20,0.5,42.9,1.79,3.49,2.96,49,,2,6,Minneapolis:20
TTL Wine Key,Accessories,,64,0.5,117.6,,5.99,,,,3,4,St. Louis Park:27;Plymouth:37
Brez Flow Fuctional Beverage 4pk 12oz can,Functional,Bellboy Corporation,20,0.5,41.5,9.98,18.99,15.96,47,,1,11,St. Louis Park:1;Vadnais Heights:1;Andover:2;Plymouth:2;Ramsey:2;Osseo:3;Minnetonka:4;Cottage Grove:5
Body Armor Flash I.V Zero Lemon Lime 2L,Mixes,Great Lakes Coca-Cola Distribution,17,0.5,37.7,2.17,5.99,,64,,1,10,Minneapolis:17
Fresh Limes,,,1,0.5,1.9,0.21,1.49,,86,,2,8,Plymouth:1
Syx Peppermint 12mg,Smokeless,"M Amundson, LLP",2,0.5,3.9,7.09,10.99,8.96,35,,3,3,Minneapolis:2
Savvi Serve 5oz Tumblers 5oz,Accessories,,13,0.5,23.9,,2.99,,,,3,4,Blaine:13
Seagrams Ginger Ale 12pk 12oz can,Mixes,Great Lakes Coca-Cola Distribution,17,0.5,37.7,9.59,15.49,10.96,38,,1,10,Minneapolis:4;Vadnais Heights:6;Chanhassen:7
Dr. Pepper Zero 12pk 12oz can,Mixes,Pepsi-Cola,1,0.5,1.9,9.88,12.49,10.96,21,,3,3,Stillwater:1
Wine Glass - Wine A Little Laugh A Lot,Accessories,,85,0.5,176.3,1.0,4.49,3.96,78,,1,11,Ramsey:1;Roseville:5;Vadnais Heights:10;Plymouth:12;Chanhassen:18;Woodbury:19;Rosemount:20
Wine Glass - Stole My Sanity,Accessories,,82,0.5,175.7,1.0,4.49,3.96,78,,2,6,Cottage Grove:1;Stillwater:6;Andover:7;Vadnais Heights:7;Minnetonka:13;Plymouth:14;Rosemount:17;Woodbury:17
Wine Glass - I Make Wine Disappear,Accessories,,122,0.5,245.1,1.0,4.49,3.96,78,,2,7,Plymouth:3;Minnetonka:9;Woodbury:9;Stillwater:11;Chanhassen:15;Vadnais Heights:16;Cottage Grove:17;Rosemount:18;Roseville:24
Brez Dream Functional Beverage 4pk 12oz can,Functional,Bellboy Corporation,26,0.5,55.7,9.98,18.99,15.96,47,,2,6,Blaine:1;Rosemount:1;Plymouth:2;Ramsey:2;Osseo:3;Woodbury:3;Bloomington:4;Cottage Grove:4;Andover:6
Beer Cups 16 oz,Accessories,Trio Supply Company,12,0.5,26.6,3.11,4.99,,38,,1,10,Chanhassen:2;Woodbury:10
Aluminum Bottle Opener,Accessories,Bellboy Corporation,135,0.5,299.3,0.27,0.99,,73,,1,10,St. Louis Park:17;Cottage Grove:118
Spooky Lime Juice 32oz,Mixes,Bellboy Corporation,32,0.5,68.6,4.5,8.99,,50,,0,15,Blaine:2;Cottage Grove:6;Andover:7;St. Louis Park:8;Bloomington:9
Floral Chic Wine Bag by Cakewalk,Accessories,"True Brands, Inc.",12,0.5,23.4,1.37,2.29,1.96,40,,1,12,Andover:2;Blaine:4;Woodbury:6
Soft Touch Black Double Hinged Corkscrew,Accessories,"True Brands, Inc.",19,0.5,38.2,3.31,6.49,5.96,49,,2,7,Blaine:2;Woodbury:8;Chanhassen:9
Bash Basic Muddler,Accessories,"True Brands, Inc.",58,0.5,124.3,2.74,6.99,,61,,2,6,Woodbury:1;Vadnais Heights:3;Blaine:10;Plymouth:11;Chanhassen:13;Cottage Grove:20
Master of Mixes Margarita 1.75L,Mixes,Johnson Brothers - St. Paul,6,0.5,11.3,4.41,8.99,7.96,51,Buy 6cs get 3cs Margarita 1.75l FREE,2,8,Blaine:6
Monster Orange Dreamsicle 16oz can,Mixes,Great Lakes Coca-Cola Distribution,55,0.5,117.9,2.03,2.49,,18,,2,6,Woodbury:18;Blaine:37
Ashton Classic Churchill,Cigars,,36,0.5,68.1,9.26,18.99,16.96,51,,2,8,Roseville:1;Blaine:5;Woodbury:9;Cottage Grove:10;Stillwater:11
ZOA Grape 12oz can,Mixes,"Breakthru Beverage Minnesota Beer, LLC",22,0.5,40.4,1.49,2.99,,50,,3,4,Minneapolis:22
Wine Gift Set Foil Cutter & Aerator,Accessories,,1323,0.4,3271.2,2.5,11.49,9.96,78,,2,4,Blaine:24;Roseville:53;Osseo:92;Plymouth:129;Cottage Grove:135;Andover:184;Minneapolis:197;Chanhassen:198;St. Louis Park:311
Mountain Dew Diet 12pk 12oz can,Mixes,Pepsi-Cola,31,0.4,71.2,9.06,12.99,10.96,30,,2,5,Woodbury:4;Chanhassen:5;Bloomington:8;Stillwater:14
Watkins Aromatic Bitters 4oz,Mixes,Phillips Wine & Spirits - St. Paul,27,0.4,72.3,5.81,9.99,8.96,42,1/10 - 4 oz FG,2,3,Osseo:2;Ramsey:6;Chanhassen:19
Watkins Orange Bitters 11oz,Mixes,Phillips Wine & Spirits - St. Paul,4,0.4,9.9,20.04,19.99,,0,1/10 - 4 oz FG,2,4,Ramsey:4
Watkins Aromatic Bitters 11oz,Mixes,Phillips Wine & Spirits - St. Paul,22,0.4,50.5,20.04,19.99,,0,1/10 - 4 oz FG,2,5,Roseville:1;Andover:3;Vadnais Heights:8;Ramsey:10
Velo Wild Berry 3mg,Smokeless,"M Amundson, LLP",8,0.4,18.4,8.41,11.49,9.96,27,,2,5,Minneapolis:8
Pure Leaf Black Tea 18oz btl,Mixes,Pepsi-Cola,26,0.4,59.7,1.49,1.89,,21,,2,5,Roseville:26
ReaLemon 8oz,Mixes,Bellboy Corporation,0,0.4,0.0,1.76,2.99,,41,,0,12,
1919 Zero Sugar Root Beer 10pk 7.5oz can,Mixes,"Breakthru Beverage Minnesota Beer, LLC",3,0.4,7.1,9.25,11.99,,23,,1,9,Roseville:3
Elegant White and Black Wine Bag,Accessories,"True Brands, Inc.",18,0.4,41.3,1.74,4.49,3.96,61,,2,5,St. Louis Park:2;Andover:8;Roseville:8
Fever Tree Pine Ginger Beer 4pk 7oz btl,Mixes,Dahlheimer Beverage Monticello,28,0.4,75.0,3.83,6.49,5.96,41,,2,3,Osseo:5;Andover:5;Blaine:9;Ramsey:9
Spooky Mojito Mix 32oz,Mixes,Bellboy Corporation,42,0.4,112.5,4.5,8.99,,50,,2,3,Roseville:9;Bloomington:10;Cottage Grove:11;Woodbury:12
Smash: Natural Wood Muddler,Accessories,"True Brands, Inc.",17,0.4,42.0,2.94,6.99,,58,,2,4,Chanhassen:3;Blaine:6;Andover:8
Shear: 4-Blade Foil Cutter,Accessories,"True Brands, Inc.",33,0.4,88.4,0.81,2.29,1.46,64,,2,3,Plymouth:2;Minnetonka:3;Woodbury:3;Blaine:4;Vadnais Heights:5;Roseville:6;Rosemount:10
Pepsi 12oz can,Mixes,,5,0.4,11.5,,0.99,,,,0,14,Chanhassen:1;Roseville:4
Swisher Sweets Cigarillo,Cigars,,3,0.4,7.4,,0.79,,,,0,13,Plymouth:3
Dehydrated Lemon by Collins 1.3 oz,Misc Other,"True Brands, Inc.",82,0.4,188.3,4.65,8.99,7.96,48,,2,5,Plymouth:5;Cottage Grove:6;Blaine:7;Vadnais Heights:7;Roseville:9;Andover:12;Minneapolis:12;St. Louis Park:12;Woodbury:12
Diet Coke 10pk 7.5oz can,Mixes,Great Lakes Coca-Cola Distribution,16,0.4,36.7,9.49,13.99,,32,,2,5,Bloomington:16
Syx Cool Mint 12mg,Smokeless,"M Amundson, LLP",2,0.4,5.4,7.09,10.99,8.96,35,,2,3,Minneapolis:2
Dr Pepper 10pk 8oz can,Mixes,Pepsi-Cola,2,0.4,5.6,6.17,6.49,5.96,5,,1,7,Cottage Grove:2
Coke Cherry Diet 12pk 12oz can,Mixes,Great Lakes Coca-Cola Distribution,8,0.4,19.8,9.65,12.49,10.96,23,,0,13,Minneapolis:8
Colossal: Ice Cube Tray - Grey,Accessories,"True Brands, Inc.",25,0.4,67.0,4.6,9.99,,54,,2,3,Cottage Grove:1;Blaine:3;Minneapolis:5;Plymouth:8;Roseville:8
Coca Cola 10pk 7.5oz can,,Great Lakes Coca-Cola Distribution,7,0.4,19.6,9.22,13.99,,34,,1,7,Bloomington:7
NHL Can Cooler,Accessories,Bellboy Corporation,1,0.4,2.7,4.25,6.99,,39,,2,3,Minneapolis:1
Fre Pouch 15mg Sweet,Smokeless,"M Amundson, LLP",68,0.4,156.1,8.0,11.49,9.96,30,,2,5,Minneapolis:68
Fortify Stainless Steel Barware Set,Accessories,"True Brands, Inc.",12,0.4,27.6,16.06,35.49,29.96,55,,2,5,Andover:2;Minnetonka:2;St. Louis Park:2;Blaine:6
Liquid Death Doctor Death 19.2oz can,Mixes,"College City Beverage, Inc.",17,0.4,47.5,1.42,1.99,,29,,1,7,Woodbury:17
Remedy Bloody Mary Mix Liter,Mixes,Dahlheimer Beverage Monticello,9,0.4,22.3,5.5,6.99,,21,,2,4,Andover:9
Klarbrunn Diet Tonic Water Liter,Mixes,"Chas A. Bernick, Inc.",14,0.4,36.0,0.87,1.99,,56,,1,8,Rosemount:14
Mr & Mrs T Sweet & Sour 1.75L,Mixes,"Breakthru Beverage Minnesota Wine & Spirits, LLC",8,0.4,21.4,7.69,9.99,8.96,23,net down pricing,2,3,Rosemount:1;Chanhassen:7
La Croix Lime 8pk 12oz can,Mixes,,9,0.4,20.7,4.78,4.99,,4,,2,5,Blaine:9
Liber & Co Almond Orgeat Syrup 375ml,Mixes,Am Craft Spirits,15,0.4,34.4,13.5,20.99,17.96,36,,2,5,Minnetonka:4;Bloomington:5;St. Louis Park:6
Sprite Tropical Mix 12pk 12oz can,Mixes,Great Lakes Coca-Cola Distribution,3,0.4,6.8,9.65,12.49,10.96,23,,1,6,Minneapolis:3
Sharab Shrubs Blueberry-Poblano 8oz,Mixes,Am Craft Spirits,24,0.3,70.1,10.33,14.99,,31,,2,2,Vadnais Heights:3;Plymouth:5;Roseville:6;Minnetonka:10
Sprite 10pk 7.5oz can,Mixes,Great Lakes Coca-Cola Distribution,10,0.3,37.8,9.73,13.99,,30,,1,4,Bloomington:10
Mr Pure Apple 16oz can,Mixes,,94,0.3,287.8,1.59,1.99,,20,,1,6,Andover:4;Blaine:7;Bloomington:27;Chanhassen:28;Vadnais Heights:28
"Monster Rehab Peach Tea 16oz can
",Mixes,Great Lakes Coca-Cola Distribution,50,0.3,169.2,2.04,2.49,,18,,1,5,Blaine:50
Mountain Dew 16.9oz,Mixes,Walmart,0,0.3,0.0,0.52,2.39,1.46,78,,0,11,
Wedding Return Fee,,,0,0.3,0.0,,50.0,,,,1,5,
Wedding Delivery Fee,,,0,0.3,0.0,,150.0,,,,2,2,
Zyn Ultra Wintergreen Blast 9mg,Smokeless,"M Amundson, LLP",8,0.3,23.4,8.63,9.99,9.96,14,,2,2,Minneapolis:8
Bubbl'r Pitaya Berry 12oz can,Mixes,Pepsi-Cola,25,0.3,84.6,1.19,1.49,,20,,1,5,Stillwater:25
Gatorade Orange 28oz,Mixes,Pepsi-Cola,23,0.3,70.4,0.3,2.49,,88,,1,6,Stillwater:7;Blaine:16
Sip Stix 110pk,Accessories,"True Brands, Inc.",46,0.3,173.9,1.42,3.99,,65,,1,4,Minnetonka:2;Woodbury:4;Cottage Grove:5;Minneapolis:7;Roseville:7;St. Louis Park:10;Blaine:11
Prime Original Energy Drink 12oz can,Mixes,"Capitol Beverage Sales, L.P.",15,0.3,56.7,1.75,3.49,,50,,1,4,Blaine:15
Sommelier Waiter's Corkscrew,Accessories,"True Brands, Inc.",118,0.3,446.2,3.22,14.99,12.96,79,,1,4,Andover:2;Woodbury:6;Minnetonka:18;Stillwater:22;Blaine:25;St. Louis Park:45
Polar Diet Tonic 6pk 355ml,Mixes,,2,0.3,7.6,3.56,6.99,,49,,1,4,Rosemount:2
Prime Blue Raspberry Energy Drink 12oz can,Mixes,"Capitol Beverage Sales, L.P.",28,0.3,81.8,1.75,3.49,,50,,2,2,Blaine:28
Liquid Death Mountain Water 19oz can,Mixes,"Capitol Beverage Sales, L.P.",17,0.3,57.5,1.33,1.99,,33,,1,5,Woodbury:17
Retro: 24 oz Cocktail Shaker,Accessories,"True Brands, Inc.",20,0.3,75.6,11.75,20.99,17.96,44,,1,4,Roseville:2;Ramsey:6;St. Louis Park:12
Black & Mild Wood Tip B1G1,Cigars,,0,0.3,0.0,,1.09,,,,1,4,
Margarita 9 Oz Cups Blush (Set of 12),Accessories,"True Brands, Inc.",5,0.3,16.9,4.79,11.49,9.96,58,,1,5,Minneapolis:5
Master of Mixes Agave Nectar 375ml,Mixes,Johnson Brothers - St. Paul,11,0.3,35.4,5.42,7.99,,32,,0,10,St. Louis Park:11
Copper Aerating Pour Spout by Viski,Accessories,"True Brands, Inc.",16,0.3,46.8,5.71,16.99,,66,,2,2,Roseville:1;Plymouth:2;Ramsey:3;Rosemount:5;Vadnais Heights:5
Pepsi Zero 10pk 8oz can,Mixes,Pepsi-Cola,43,0.3,138.2,5.14,6.49,5.96,21,,0,10,Chanhassen:2;Stillwater:3;Minneapolis:4;Vadnais Heights:4;Blaine:7;St. Louis Park:7;Plymouth:8;Roseville:8
Syx Spearmint 12mg,Smokeless,"M Amundson, LLP",3,0.3,8.8,7.09,10.99,8.96,35,,2,2,Minneapolis:3
Loon Arctic Grape 14mg,Smokeless,"M Amundson, LLP",0,0.3,0.0,6.0,7.99,7.96,25,,0,10,
This Spirit's for You 1.5 L Bottle Bag,Accessories,"True Brands, Inc.",17,0.3,57.5,1.91,5.49,4.96,65,,1,5,Plymouth:2;Woodbury:3;Blaine:12
Swisher Sweets Cigarillos 2pk,Cigars,"M Amundson, LLP",56,0.3,211.8,1.05,1.99,,47,,1,4,Plymouth:56
Pepsi Diet 10pk 8oz can,Mixes,Pepsi-Cola,23,0.3,70.4,5.86,7.99,5.96,27,,1,6,St. Louis Park:3;Ramsey:8;Vadnais Heights:12
POLAR CLUB SODA 6pk 355ml,Mixes,"College City Beverage, Inc.",2,0.3,7.6,3.75,6.99,,46,,1,4,Rosemount:2
Phorm Grape Energy 16oz can,,"Capitol Beverage Sales, L.P.",19,0.3,58.2,1.88,2.99,,37,,1,6,Cottage Grove:19
Red Bull Sugar Free 8oz,Mixes,,31,0.3,90.6,0.34,2.49,,86,,2,2,Cottage Grove:31
Zoa Mango Splash 12oz can,Mixes,"Breakthru Beverage Minnesota Beer, LLC",16,0.3,60.5,1.49,2.99,,50,,1,4,Minneapolis:16
Liquid Death Sweet Reaper 19.2oz can,Mixes,"College City Beverage, Inc.",6,0.3,22.7,1.8,2.49,,28,,1,4,Woodbury:6
Klarbrunn Sour Liter,Mixes,"Chas A. Bernick, Inc.",18,0.3,55.1,0.89,1.99,,55,,1,6,Rosemount:8;Plymouth:10
Rockstar Energy Sugar Free 16oz can,Mixes,Pepsi-Cola,46,0.3,155.6,0.56,2.49,,77,,1,5,Rosemount:9;Cottage Grove:15;Blaine:22
Red Bull Summer Edition 8oz can,Mixes,Red Bull Distribution Company,21,0.3,75.0,1.75,2.29,,24,,0,9,Blaine:21
Glacier Rocks 8-Piece Soapstone Set,Accessories,"True Brands, Inc.",17,0.3,49.7,19.1,36.99,,48,,2,2,Plymouth:1;Blaine:16
Liquid Death Blueberry Buzzsaw 19.2oz can,Mixes,"College City Beverage, Inc.",24,0.3,90.8,1.8,2.49,,28,,1,4,Woodbury:24
La Croix Lemon 8pk 12oz can,Mixes,,4,0.3,13.5,4.79,4.99,,4,,1,5,Blaine:4
Starbucks Doubleshot Vanilla 15oz can,Mixes,Pepsi-Cola,52,0.3,159.2,2.59,3.49,2.96,26,,1,6,Cottage Grove:12;Blaine:40
Nan's Spicy Bloody Mix 32oz,Mixes,,3,0.2,12.9,8.12,10.99,,26,,1,3,Andover:3
Can Cooler,Accessories,"M Amundson, LLP",6,0.2,38.6,1.83,2.99,,39,,0,5,Woodbury:6
Vineyard Bouquet Wine Gift Bag by Cakewa,Accessories,"True Brands, Inc.",7,0.2,40.9,1.35,4.49,3.96,70,,1,1,Woodbury:7
Virginia Slim Gold 120s,Cigarettes,,11,0.2,64.3,13.94,16.99,,18,,1,1,Andover:11
Wall Mounted Bottle Opener by Twine�,Accessories,"True Brands, Inc.",15,0.2,87.7,2.22,10.99,,80,,1,1,Andover:2;Woodbury:6;Vadnais Heights:7
Viski Glacier Sphere,Accessories,"True Brands, Inc.",6,0.2,35.1,8.96,17.99,14.96,50,,1,1,Vadnais Heights:6
Montecristo Brown - Double Corona Toro,Cigars,,3,0.2,17.5,13.02,20.99,18.96,38,,1,1,Vadnais Heights:3
Moose Bottle Holder,Accessories,"True Brands, Inc.",10,0.2,42.9,19.16,41.99,34.96,54,,1,3,Vadnais Heights:1;Andover:4;Blaine:5
Monster Electric Blue 16oz can,Mixes,Great Lakes Coca-Cola Distribution,14,0.2,56.2,2.04,2.49,,18,,0,8,Blaine:7;Woodbury:7
Bubly Grapefruit 16oz can,Mixes,Pepsi-Cola,5,0.2,26.8,1.53,1.69,,9,,0,6,Roseville:5
Bruce: Wine Stopper,Accessories,"True Brands, Inc.",22,0.2,128.6,4.33,8.99,7.96,52,,1,1,Plymouth:1;Roseville:2;Vadnais Heights:3;Andover:4;Blaine:12
Cherry Coke Float 20ozbtl,Mixes,,1,0.2,4.6,2.09,3.49,2.26,40,,0,7,Minneapolis:1
Celsius Sparkling Fantasy Vibe 12oz can,Mixes,Pepsi-Cola,6,0.2,29.7,0.23,2.99,,92,,1,2,Plymouth:6
Buzzed Bee Wine Bag,Accessories,"True Brands, Inc.",38,0.2,152.7,1.4,3.99,3.46,65,,0,8,Andover:1;Blaine:3;Woodbury:5;Ramsey:7;Roseville:7;Bloomington:15
Camel Platinum,Cigarettes,,0,0.2,0.0,14.05,16.99,,17,,0,5,
Nan's Original Bloody Mix 32oz,Mixes,,16,0.2,102.9,8.03,10.99,,27,,0,5,Andover:4;Rosemount:12
Pepsi Zero 12pk 12oz can,Mixes,Pepsi-Cola,8,0.2,46.8,6.65,15.49,10.96,57,,1,1,St. Louis Park:8
Swisher Sweet Cream,Cigars,"M Amundson, LLP",0,0.2,0.0,3.36,2.99,,-12,,1,1,
Stopper Rabbit,Accessories,,7,0.2,40.9,2.0,3.99,,50,,1,1,Chanhassen:7
Starbucks Doubleshot Energy Zero Sugar 15oz can,Mixes,Pepsi-Cola,3,0.2,14.8,,3.49,2.96,,,1,2,Cottage Grove:3
EVEN Mojitno N/A Cocktail 4pk 12oz can,Non-Alcoholic Liquor,"	EVENKeel, Inc.",17,0.2,99.4,7.33,13.99,11.96,48,,1,1,Blaine:17
Duo Bottle Stopper And Pour Spout,Accessories,"True Brands, Inc.",37,0.2,158.6,4.05,8.99,7.96,55,,1,3,Vadnais Heights:5;Blaine:6;Roseville:10;Woodbury:16
Pall Mall Blue,Cigarettes,,7,0.2,30.0,12.12,14.99,,19,,1,3,Ramsey:7
Top Ten Branded Wine Tote Bags,Wine Tote,0,177,0.2,875.3,,19.99,,,,1,2,Ramsey:2;Osseo:3;Vadnais Heights:10;Andover:11;St. Louis Park:12;Woodbury:14;Cottage Grove:15;Minnetonka:16;Chanhassen:17;Minneapolis:17;Stillwater:23;Blaine:37
Dashfire Old Fashioned Bitters 100ml,Mixes,Am Craft Spirits,4,0.2,17.1,9.83,17.49,14.96,44,,1,3,Vadnais Heights:4
Tequila Lime Sunshine 9 Oz Cups Blush (Set of 12),Accessories,"True Brands, Inc.",8,0.2,34.3,4.79,11.49,9.96,58,,1,3,Minneapolis:8
Newport Platinum,Cigarettes,"M Amundson, LLP",7,0.2,30.0,13.25,15.99,,17,,1,3,Minneapolis:7
Dashfire Mole Bitters 50ml,Mixes,Am Craft Spirits,15,0.2,87.7,9.83,17.49,14.96,44,,1,1,Woodbury:3;Bloomington:5;Minnetonka:7
Syx Tropical 6mg,Smokeless,"M Amundson, LLP",9,0.2,52.6,7.09,10.99,8.96,35,,1,1,Minneapolis:9
Syx Wild Cherry 6mg,Smokeless,"M Amundson, LLP",4,0.2,19.8,7.09,10.99,8.96,35,,1,2,Minneapolis:4
Syx Icy Cola 6mg,Smokeless,"M Amundson, LLP",3,0.2,12.9,7.09,10.99,8.96,35,,1,3,Minneapolis:3
Syx Blueberry 6mg,Smokeless,"M Amundson, LLP",8,0.2,46.8,7.09,10.99,8.96,35,,1,1,Minneapolis:8
Marlboro Sp. Blend Red,Cigarettes,,61,0.2,356.5,12.56,14.99,,16,,1,1,Cottage Grove:18;Andover:43
Marlboro Sp. Blend Red 100,Cigarettes,"M Amundson, LLP",29,0.2,169.5,12.56,14.99,,16,,1,1,Cottage Grove:29
Marlboro No.27,Cigarettes,"M Amundson, LLP",24,0.2,154.3,12.56,14.99,,16,,0,5,Rosemount:9;Andover:15
Marlboro Sp. Blend Black 100,Cigarettes,,4,0.2,23.4,12.56,14.99,,16,,1,1,Cottage Grove:4
Truly Tiki Assorted Wine Bag Cakewalk,Accessories,"True Brands, Inc.",11,0.2,58.9,1.07,2.29,1.96,53,,0,6,Minnetonka:11
Coke Diet 6pk 7.5oz can,Mixes,Great Lakes Coca-Cola Distribution,13,0.2,55.7,4.06,8.99,,55,,1,3,Stillwater:13
Copper Stemless Champagne Flutes,Accessories,"True Brands, Inc.",16,0.2,79.1,18.12,41.99,,57,,1,2,Cottage Grove:3;Plymouth:3;St. Louis Park:3;Rosemount:7
Truetap: Double-Hinged Corkscrew Black,Accessories,"True Brands, Inc.",24,0.2,128.6,3.19,5.49,4.96,42,,0,6,Blaine:3;Rosemount:4;St. Louis Park:4;Roseville:13
True Colossal Ice Cube Tray - Red,Accessories,"True Brands, Inc.",17,0.2,99.4,4.42,9.99,,56,,1,1,Plymouth:3;Rosemount:3;Cottage Grove:5;Blaine:6
Tres Agaves Organic Agave Nectar,Mixes,Phillips Wine & Spirits - St. Paul,-1,0.2,-5.8,6.5,9.99,8.96,35,,1,1,
Tres Agaves Mango Chili Margarita Mix Liter,Mixes,Phillips Wine & Spirits - St. Paul,17,0.2,109.3,5.96,11.49,9.96,48,Case 1,0,5,St. Louis Park:6;Rosemount:11
Travel Corkscrew/Bottle opener,Accessories,"M Amundson, LLP",0,0.2,0.0,0.26,1.49,,82,,1,2,
Dashfire Classic Creole Bitters 100ml,Mixes,Am Craft Spirits,6,0.2,29.7,9.83,15.99,,39,,1,2,Woodbury:2;Minnetonka:4
Dasani 16.9oz,Mixes,Walmart,2,0.2,8.0,0.22,1.29,0.96,83,,0,8,St. Louis Park:2
Coves Mocktails Juicy Pineapple & Lime 4pk 12oz can,Mixes,Mindy Gray,35,0.2,187.5,6.01,11.49,9.96,48,,0,6,Chanhassen:4;Osseo:6;Vadnais Heights:7;Ramsey:9;Stillwater:9
Owen's Espresso Martini Mix 4pk 12oz can,Mixes,Phillips Wine & Spirits - St. Paul,8,0.2,46.8,9.52,14.99,12.96,36,Case 1,1,1,Chanhassen:1;Ramsey:7
NFL Can Cooler,Accessories,Bellboy Corporation,6,0.2,38.6,4.25,6.99,,39,,0,5,Minneapolis:2;Rosemount:2;Woodbury:2
NOS Energy Drink 16oz can,Mixes,Great Lakes Coca-Cola Distribution,18,0.2,105.2,2.01,2.99,,33,,1,1,Ramsey:18
Cactus Crystal Stemless Champagne Flutes,Accessories,"True Brands, Inc.",0,0.2,0.0,13.74,33.49,27.96,59,,1,1,
Velo Cappuccino 6mg,Smokeless,"M Amundson, LLP",1,0.2,4.3,8.41,11.49,9.96,27,,1,3,Minneapolis:1
Celsius Retro Vibes 12oz can,Mixes,Pepsi-Cola,13,0.2,83.6,1.78,2.49,,29,,0,5,Andover:1;Ramsey:12
Hip Hooray Gift  Wine Bag by Cakewalk,Accessories,"True Brands, Inc.",21,0.2,103.8,1.38,2.29,1.96,40,,1,2,Blaine:1;Plymouth:1;Andover:8;Stillwater:11
Rokz Jalapeno Salt 4oz,Condiments,Bellboy Corporation,14,0.2,56.2,3.96,6.49,5.96,39,,0,8,Osseo:1;Ramsey:1;Roseville:2;Blaine:5;St. Louis Park:5
Happy Hour Cocktail Napkin by Cakewalk,Accessories,"True Brands, Inc.",0,0.2,0.0,1.59,5.99,,73,,1,1,
Seagrams Ginger Ale 6pk 7.5 oz,,Great Lakes Coca-Cola Distribution,3,0.2,17.5,8.12,8.99,,10,,1,1,Minnetonka:3
Screw It Wine Bag by Cakewalk,Accessories,"True Brands, Inc.",38,0.2,244.3,1.39,3.49,2.96,60,,0,5,Cottage Grove:2;Vadnais Heights:2;Woodbury:2;Blaine:7;Andover:8;Roseville:8;Stillwater:9
Fre Pouch 12mg Sweet,Smokeless,"M Amundson, LLP",106,0.2,619.5,8.0,11.49,9.96,30,,1,1,Minneapolis:106
Shine Bright Cocktail Napkin,Accessories,"True Brands, Inc.",13,0.2,76.0,1.59,5.99,,73,,1,1,Cottage Grove:5;Blaine:8
EVEN N/A Cocktail 4pk 12oz can,Non-Alcoholic Liquor,"	EVENKeel, Inc.",17,0.2,99.4,7.33,13.99,11.96,48,,1,1,Blaine:17
Sprite 6pk 7.5oz can,Mixes,Great Lakes Coca-Cola Distribution,4,0.2,25.7,4.06,8.99,,55,,0,5,Stillwater:4
SBOC Pimento Martini Olives 5oz,Condiments,Bellboy Corporation,4,0.2,17.1,3.54,7.99,,56,,1,3,Bloomington:4
Grand Cru: Stemless Wine Glass,Accessories,"True Brands, Inc.",4,0.2,19.8,15.53,29.99,24.96,48,,1,2,Blaine:2;Minneapolis:2
ReaLime 3oz,Mixes,"Breakthru Beverage Minnesota Wine & Spirits, LLC",33,0.2,163.2,0.22,0.99,,78,,1,2,Woodbury:10;Roseville:11;Minneapolis:12
Rockstar Recovery Orange 16oz can,Mixes,Pepsi-Cola,45,0.2,241.1,1.57,2.49,,37,,0,6,Vadnais Heights:2;Chanhassen:20;Blaine:23
Hammered Moscow Mule Copper Mugs by True,Accessories,"True Brands, Inc.",8,0.2,39.6,16.71,35.49,29.96,53,,1,2,Chanhassen:3;Rosemount:5
"Huxley Energy Drink Variety Pack 12pk 12oz can
",Pop1,Huxley Beverages Inc.,83,0.2,410.4,21.6,32.99,29.96,35,,1,2,St. Louis Park:2;Osseo:3;Vadnais Heights:3;Andover:4;Chanhassen:4;Woodbury:4;Plymouth:5;Stillwater:5;Blaine:53
Liquid Death Killer Cola 19.2oz can,Mixes,"College City Beverage, Inc.",16,0.2,68.6,1.41,1.99,,29,,1,3,Woodbury:16
Liquid Death Dead Billionaire 19.2oz can,Mixes,"College City Beverage, Inc.",6,0.2,35.1,1.8,2.49,,28,,1,1,Woodbury:6
Jack Rudy Elderflower Tonic Syrup 500ml,Mixes,Am Craft Spirits,18,0.2,105.2,13.0,22.49,18.96,42,,1,1,Chanhassen:2;Plymouth:2;Minnetonka:3;Bloomington:11
Rockstar Pure Zero Punch 16oz can,Mixes,Pepsi-Cola,10,0.2,42.9,1.62,2.49,,35,,1,3,Woodbury:10
Red Bull Energy Drink 4pk 12oz can,Mixes,Red Bull Distribution Company,8,0.2,39.6,9.12,2.99,,-205,,1,2,Plymouth:8
La Croix Black Razz 8pk 12oz can,Mixes,"Capitol Beverage Sales, L.P.",2,0.2,11.7,4.67,5.99,,22,,1,1,Vadnais Heights:2
Red Bull Cherry Sakura 12oz can,Mixes,Red Bull Distribution Company,5,0.2,23.0,2.28,4.49,3.46,49,,0,7,Chanhassen:5
LaCroix Razz-Cranberry 8pk 12oz can,Mixes,"Capitol Beverage Sales, L.P.",8,0.2,39.6,4.54,5.99,,24,,1,2,Blaine:8
Klarbrunn Tonic Water Liter,Mixes,"Chas A. Bernick, Inc.",15,0.2,60.3,0.88,1.99,,56,,0,8,Rosemount:15
Zoa Wild Orange 12oz can,Mixes,"Breakthru Beverage Minnesota Beer, LLC",18,0.2,77.1,1.49,2.99,,50,,1,3,Minneapolis:18
Acid Blondie,Cigars,,0,0.2,0.0,4.61,10.99,,58,,0,5,
1919 Root Beer 8 Gallon,Mixes,,2,0.2,12.9,59.0,69.99,,16,,0,5,Andover:1;Blaine:1
Kocktails by Kickles Traditional Marg Mix 32oz,Mixes,Old World Canning Company,22,0.1,235.7,7.49,11.49,9.96,35,5cs,0,3,Blaine:7;St. Louis Park:7;Roseville:8
Sprite Tea 12pk 12oz can,Mixes,Great Lakes Coca-Cola Distribution,1,0.1,10.7,9.65,12.49,10.96,23,,0,3,Minneapolis:1
Kolder Can Cooler,Accessories,,0,0.1,0.0,1.6,3.99,,60,,0,2,
MN Wild Bottle Cooler,Accessories,Bellboy Corporation,25,0.1,401.8,6.2,10.99,,44,,0,2,Blaine:1;Chanhassen:2;Cottage Grove:2;Osseo:4;Minneapolis:16
Fre Pouch 6mg Watermelon,Smokeless,"M Amundson, LLP",2,0.1,21.4,8.0,7.99,7.96,0,,0,3,Minneapolis:2
Red Bull Sugar Free 4pk 12oz can,Mixes,Red Bull Distribution Company,10,0.1,160.7,9.12,12.49,10.96,27,,0,2,Woodbury:3;Plymouth:7
Red Bull Sugar Free 6pk 8oz can,Mixes,Red Bull Distribution Company,12,0.1,128.6,21.0,26.99,,22,,0,3,Minneapolis:1;St. Louis Park:2;Cottage Grove:9
Ever American Tonic 8oz,Mixes,Bellboy Corporation,10,0.1,107.1,3.28,6.49,5.96,49,1 cs free on 2 cs Ever American Tonic across chain - accum monthly,0,3,Cottage Grove:5;Ramsey:5
Coke Diet 16.9oz,Mixes,Walmart,26,0.1,208.9,0.75,2.29,1.96,67,,0,4,Rosemount:8;St. Louis Park:18
Spring Grove Rootbeer 4pk 12oz btl,Mixes,,2,0.1,16.1,4.17,6.49,,36,,0,4,Blaine:2
Natural American Spirit Sky,Cigarettes,,23,0.1,369.6,14.51,16.99,,15,,0,2,Andover:23
Coves Mocktails Sweet Strawberry & Lime 4pk 12oz can,Mixes,Mindy Gray,17,0.1,136.6,6.01,11.49,9.96,48,,0,4,Osseo:3;Ramsey:7;Vadnais Heights:7
Spring Grove Black Cherry 4pk 12oz btl,Mixes,"Capitol Beverage Sales, L.P.",2,0.1,16.1,4.17,6.49,,36,,0,4,Blaine:2
"Monster Rehab Wild Berry Tea 16oz can
",Mixes,Great Lakes Coca-Cola Distribution,20,0.1,321.4,2.03,2.49,,19,,0,2,Woodbury:2;Blaine:18
Jack Rudy Tonic Syrup 500ml,Mixes,Am Craft Spirits,3,0.1,32.1,13.0,22.49,18.96,42,,0,3,Woodbury:3
Owen's Ginger Beer & Lime 750ml,Mixes,Phillips Wine & Spirits - St. Paul,3,0.1,48.2,4.76,7.99,6.96,40,Case 1,0,2,Minnetonka:1;Andover:2
Burgundy Quilted Faux Leather Single Bottle Bag Cakewalk,Accessories,"True Brands, Inc.",6,0.1,96.4,1.71,3.49,2.96,51,,0,2,Minnetonka:6
Pure Leaf Raspberry Tea 18oz btl,Mixes,Pepsi-Cola,13,0.1,104.5,1.56,2.29,,32,,0,4,Plymouth:2;St. Louis Park:11
Syx Wintergreen 6mg,Smokeless,"M Amundson, LLP",3,0.1,32.1,7.09,10.99,8.96,35,,0,3,Minneapolis:3
Celsius Playa Vibes 12oz can,Mixes,Pepsi-Cola,9,0.1,144.6,1.69,2.99,1.48,44,,0,2,Minneapolis:2;Andover:7
Coke 6pk 7.5oz can,Mixes,Great Lakes Coca-Cola Distribution,4,0.1,42.9,4.06,8.99,,55,,0,3,Stillwater:4
Church Key,Accessories,"M Amundson, LLP",6,0.1,64.3,0.31,0.79,,61,,0,3,Cottage Grove:6
Glacier Rocks Ice Sphere Molds by Viski,Accessories,"True Brands, Inc.",20,0.1,160.7,10.05,20.99,17.96,52,,0,4,Andover:4;Roseville:4;Minneapolis:5;Vadnais Heights:7
Rogue: 16 Oz Plastic Flask,Accessories,"True Brands, Inc.",52,0.1,835.7,2.05,5.99,,66,,0,2,Minneapolis:2;Blaine:3;Andover:6;Roseville:11;Woodbury:12;Ramsey:18
Grizzly Mint pouches,Smokeless,,31,0.1,498.2,9.54,11.99,,20,,0,2,Ramsey:14;Cottage Grove:17
Velo Cappuccino 3mg,Smokeless,"M Amundson, LLP",0,0.1,0.0,8.41,11.49,9.96,27,,0,4,
Fever Tree Sparkling Cucumber Tonic 4pk 6.7oz btl,Mixes,Southern Glazer's Wine & Spirits of MN,56,0.1,450.0,3.83,6.99,5.96,45,,0,4,Plymouth:1;St. Louis Park:3;Chanhassen:11;Minneapolis:13;Minnetonka:13;Stillwater:15
Kickled Mary Wasabi 32oz,Mixes,"Breakthru Beverage Minnesota Wine & Spirits, LLC",12,0.1,192.9,7.49,11.49,9.96,35,5cs,0,2,Blaine:1;Plymouth:3;Vadnais Heights:8
Black & Mild Royale B1G1,Cigars,,0,0.1,0.0,,1.49,,,,0,4,
True Party 16 Oz Black Party Cups (Set of 50),Accessories,"True Brands, Inc.",14,0.1,225.0,6.15,13.79,11.96,55,,0,2,Minneapolis:14
Mr & Mrs T Pina Colada 1.75L,Mixes,"Breakthru Beverage Minnesota Wine & Spirits, LLC",0,0.1,0.0,7.69,9.99,8.96,23,net down pricing,0,3,
Dole Tropical Fruit Punch 15oz can,Mixes,Pepsi-Cola,4,0.1,64.3,1.78,2.99,,40,,0,2,St. Louis Park:4
Seagrams Ginger Ale 20oz,Mixes,Great Lakes Coca-Cola Distribution,0,0.1,0.0,,3.49,2.46,,,0,3,
Mr & Mrs T Margarita Liter,Mixes,Bellboy Corporation,0,0.1,0.0,4.75,5.99,,21,,0,3,
Corkscrew Picnic,Accessories,,6,0.1,64.3,,0.99,,,,0,3,Cottage Grove:6
Stay-Chill Standard Can Cooler in Space,Accessories,"True Brands, Inc.",7,0.1,112.5,8.4,22.99,,63,,0,2,Woodbury:2;Blaine:5
Wine FREEZE� Cooling Cup in Marble,Accessories,"True Brands, Inc.",16,0.1,128.6,8.24,19.99,,59,,0,4,St. Louis Park:3;Chanhassen:4;Vadnais Heights:4;Minneapolis:5
Wine Away Stain Remover - Carded,Accessories,"True Brands, Inc.",158,0.1,1692.9,3.57,9.99,7.96,64,,0,3,Chanhassen:1;Blaine:5;Plymouth:10;St. Louis Park:17;Rosemount:18;Cottage Grove:20;Ramsey:20;Vadnais Heights:20;Roseville:47
Sharab Shrubs 18th & Central  8oz,Mixes,Am Craft Spirits,18,0.1,192.9,10.33,14.99,,31,,0,3,Andover:1;Rosemount:7;Minneapolis:10
Swisher Sweet Grape,Cigars,"M Amundson, LLP",31,0.1,498.2,3.92,2.99,,-31,,0,2,Andover:31
Bumble Bee Stir Sticks by Twine,Accessories,"True Brands, Inc.",5,0.1,80.4,7.98,23.99,19.96,67,,0,2,St. Louis Park:5
Shimmer: Metallic Bottle Pens,Accessories,"True Brands, Inc.",12,0.1,192.9,3.05,9.99,,69,,0,2,St. Louis Park:3;Roseville:9
Barritt's Ginger Beer 6pk 12oz can,Mixes,"Breakthru Beverage Minnesota Wine & Spirits, LLC",3,0.1,48.2,6.29,9.99,,37,3 case deal on one invoice,0,2,Minnetonka:3
Beer Cups 12oz,Accessories,"M Amundson, LLP",34,0.1,364.3,2.53,4.49,,44,,0,3,Woodbury:34
Stainless Steel Heavy Champagne Stop,Accessories,"True Brands, Inc.",14,0.1,225.0,9.2,33.99,,73,,0,2,Chanhassen:2;Roseville:3;Minnetonka:4;Woodbury:5
Lovejoy's Burn Yo Face Hot Sauce 5oz,Condiments,Am Craft Spirits,27,0.1,433.9,6.25,9.99,8.96,37,,0,2,Roseville:2;Vadnais Heights:3;Bloomington:11;Woodbury:11
Winston Red,Cigarettes,,7,0.1,75.0,12.45,14.99,,17,,0,3,Andover:7
Aerial: Aerating Wine Pourer,Accessories,"True Brands, Inc.",39,0.1,626.8,3.44,6.49,5.96,47,,0,2,Minnetonka:4;Plymouth:7;Blaine:8;Vadnais Heights:8;Rosemount:12
Sprite Tea Zero Sugar 12pk 12oz can,Mixes,Great Lakes Coca-Cola Distribution,3,0.1,24.1,7.24,12.49,10.96,42,,0,4,Minneapolis:3
Minute Maid Lemonade 10pk 7.5oz can,Mixes,Great Lakes Coca-Cola Distribution,5,0.1,53.6,9.09,13.99,,35,,0,3,Bloomington:5
Assorted Cheers Wine Bags by Cakewalk,Accessories,"True Brands, Inc.",3,0.1,32.1,2.19,5.49,4.96,60,,0,3,Blaine:1;Vadnais Heights:1;Woodbury:1
Marlboro 72s,Cigarettes,,9,0.0,,13.06,15.99,,18,,0,0,Cottage Grove:9
MTN Dew Code Red 20oz btl,Mixes,Pepsi-Cola,29,0.0,,1.71,2.99,,43,,0,0,Cottage Grove:6;Roseville:7;Minneapolis:16
On Nicotine Pouch 8mg Mint,Smokeless,"M Amundson, LLP",4,0.0,,7.01,11.49,9.96,39,,0,0,Minneapolis:4
Marlboro Black Menthol,Cigarettes,"M Amundson, LLP",21,0.0,675.0,12.11,14.99,,19,,0,1,Andover:21
On Nicotine Pouch 8mg Citrus,Smokeless,"M Amundson, LLP",4,0.0,,6.56,11.49,9.96,43,,0,0,Minneapolis:4
Copenhagen Long Cut,Smokeless,,28,0.0,,11.12,13.99,,20,,0,0,Cottage Grove:6;Blaine:22
On Nicotine Pouch 8mg Wintergreen,Smokeless,"M Amundson, LLP",5,0.0,,7.01,11.49,9.96,39,,0,0,Minneapolis:5
Oracle�: Flask Funnel,Accessories,"True Brands, Inc.",33,0.0,1060.7,1.64,3.99,,59,,0,1,Woodbury:3;Andover:6;Plymouth:6;Roseville:8;Blaine:10
Orange Crush 10pk 8oz can,Mixes,Pepsi-Cola,3,0.0,,6.17,6.49,5.96,5,,0,0,St. Louis Park:3
Owen's Mint Cucumber & Lime 750ml,Mixes,Phillips Wine & Spirits - St. Paul,0,0.0,0.0,4.76,7.99,6.96,40,Case 1,0,1,
Owen's Mint Cucumber Lime 250ml,Mixes,Phillips Wine & Spirits - St. Paul,2,0.0,,5.52,9.99,8.96,45,Case 1,0,0,Andover:2
Owen's Tonic & Lime 250ml,Mixes,Phillips Wine & Spirits - St. Paul,2,0.0,,5.52,10.99,,50,Case 1,0,0,Chanhassen:1;Plymouth:1
Travel Corkscrew,Accessories,,27,0.0,,0.04,0.99,,96,,0,0,Osseo:27
Craftman's Bench Double Blade Cigar Cutter,Accessories,"M Amundson, LLP",19,0.0,,4.08,5.99,4.46,32,,0,0,Woodbury:19
Dashfire Grapefruit Bitters 100ml,Mixes,Am Craft Spirits,0,0.0,,9.83,15.99,,39,,0,0,
Crush Grape 20oz,Mixes,Pepsi-Cola,3,0.0,,1.24,1.99,,38,,0,0,Roseville:3
Daily's Strawberry Daq 64oz,Mixes,Phillips Wine & Spirits - St. Paul,0,0.0,,6.76,8.99,,25,Case 1,0,0,
Dasani,Mixes,,10,0.0,,,1.49,,,,0,0,Minneapolis:10
Dashfire Chinese Bitters 50ml,Mixes,Am Craft Spirits,10,0.0,321.4,9.83,15.99,,39,,0,1,Plymouth:2;Woodbury:3;Chanhassen:5
Dashfire Chai Walla Bitters 50ml,Mixes,Am Craft Spirits,0,0.0,,9.83,15.99,,39,,0,0,
On Nicotine Pouch 8mg Coffee,Smokeless,"M Amundson, LLP",4,0.0,,6.56,11.49,9.96,43,,0,0,Minneapolis:4
Starbucks Doubleshot Mocha 15oz can,Mixes,Pepsi-Cola,2,0.0,,2.62,2.69,,3,,0,0,Cottage Grove:2
Stars and Stripes Frosted Cups Blush (Set of 12),Accessories,"True Brands, Inc.",10,0.0,,4.79,11.49,9.96,58,,0,0,Minneapolis:10
Stem Springs: Silicone Wine Charms,Accessories,"True Brands, Inc.",33,0.0,,5.55,16.99,9.96,67,,0,0,Roseville:7;Minnetonka:8;Vadnais Heights:18
Swipe: Card Bottle Opener,Accessories,"True Brands, Inc.",10,0.0,321.4,2.33,7.99,,71,,0,1,Ramsey:2;St. Louis Park:8
Swirl Glass Wine Charms,Accessories,"True Brands, Inc.",5,0.0,160.7,5.59,12.99,,57,,0,1,Woodbury:2;Cottage Grove:3
Double Gift Bag,Accessories,,1,0.0,,,2.99,,,,0,0,Chanhassen:1
Owen's Transfusion Grape & Ginger Ale 250ml,Mixes,Phillips Wine & Spirits - St. Paul,0,0.0,0.0,4.85,8.99,6.96,46,Case 1,0,1,
POLAR TONIC 6pk 355ml,Mixes,,2,0.0,,3.75,6.99,,46,,0,0,Rosemount:2
Pall Mall Red 100,Cigarettes,,3,0.0,,12.12,14.99,,19,,0,0,Cottage Grove:3
MLB Can Cooler,Accessories,Bellboy Corporation,7,0.0,225.0,4.25,6.99,,39,,0,1,Ramsey:3;Minneapolis:4
Parliament Silver,Cigarettes,,24,0.0,,13.94,16.99,,18,,0,0,Cottage Grove:24
Party Essentials 1oz shot glasses,Accessories,"M Amundson, LLP",0,0.0,,1.4,3.99,,65,,0,0,
Party Essentials Brights Margarita Glasses,Accessories,"M Amundson, LLP",1,0.0,,0.5,8.99,,94,,0,0,Minneapolis:1
Pepsi 16.9oz,Mixes,Walmart,1,0.0,,0.51,2.29,1.46,78,,0,0,Rosemount:1
Copenhagen Wintergreen,Smokeless,"M Amundson, LLP",3,0.0,,9.7,11.99,,19,,0,0,Woodbury:3
Pepsi Diet 12oz can,Mixes,Pepsi-Cola,0,0.0,0.0,17.95,,,,,0,1,
Dr Pepper,Pop1,,0,0.0,0.0,,0.75,,,,0,1,
Dr. Pepper 16.9oz,Mixes,Walmart,17,0.0,,0.74,2.29,1.46,68,,0,0,St. Louis Park:4;Blaine:13
Drink of Choice Liquor Bag by Cakewalk,Accessories,"True Brands, Inc.",0,0.0,,1.33,4.99,,73,,0,0,
Swisher Sweets Cigarillos 5pk,Cigars,"M Amundson, LLP",17,0.0,546.4,4.52,7.49,,40,,0,1,Plymouth:17
Syx Blueberry 12mg,Smokeless,"M Amundson, LLP",1,0.0,,7.09,10.99,8.96,35,,0,0,Minneapolis:1
Syx Wild Cherry 12mg,Smokeless,"M Amundson, LLP",0,0.0,,7.09,10.99,8.96,35,,0,0,
Dashfire Lime Bitters 100ml,Mixes,Am Craft Spirits,1,0.0,32.1,9.83,15.99,,39,,0,1,Plymouth:1
Dashfire Spiced Apple Bitters 100ml,Mixes,Am Craft Spirits,0,0.0,,9.83,17.49,14.96,44,,0,0,
Take Life With A Grain of Salt Napkin,Accessories,"True Brands, Inc.",4,0.0,,0.24,5.99,,96,,0,0,Minnetonka:4
Taste of Florida Grenadine Liter,Mixes,"Capitol Beverage Sales, L.P.",6,0.0,192.9,3.6,5.99,,40,,0,1,Plymouth:6
Taste of Florida Lime Juice 32oz,Mixes,"Capitol Beverage Sales, L.P.",3,0.0,,3.85,4.99,,23,,0,0,Plymouth:3
Taste of Florida Margarita Mix Liter,Mixes,"Capitol Beverage Sales, L.P.",16,0.0,,4.14,5.99,,31,,0,0,Plymouth:16
Tattersall Habanero Bitters 5oz,Mixes,Phillips Wine & Spirits - St. Paul,7,0.0,,10.59,17.99,,41,Case 1,0,0,Stillwater:7
Timberwolves Bottle Cooler,Accessories,Bellboy Corporation,4,0.0,128.6,6.2,10.99,,44,,0,1,Minneapolis:4
Pepsi 6pk 8oz can,Mixes,Pepsi-Cola,0,0.0,,3.28,4.99,,34,,0,0,
Monster Zero Sugar Lando Norris 16oz can,Mixes,Great Lakes Coca-Cola Distribution,35,0.0,1125.0,2.05,2.99,,31,,0,1,Woodbury:35
Mr Pibb 12pk 12oz can,Mixes,Great Lakes Coca-Cola Distribution,2,0.0,,9.65,12.49,10.96,23,,0,0,Minneapolis:2
Whiskey FREEZE� Cooling Cup in Smoke,Accessories,"True Brands, Inc.",2,0.0,,12.65,28.99,,56,,0,0,Blaine:2
Viski Stainless Steel Cocktail Pick Set,Accessories,"True Brands, Inc.",1,0.0,,5.09,8.99,,43,,0,0,Blaine:1
Virginia Slim Menthol Silver 120,Cigarettes,,15,0.0,,13.94,16.99,,18,,0,0,Andover:15
Velo Tropical Heat 6mg,Smokeless,"M Amundson, LLP",0,0.0,,8.41,11.49,9.96,27,,0,0,
Boozy Bass Bottle Holder,Accessories,"True Brands, Inc.",0,0.0,,18.92,39.99,34.96,53,,0,0,
Starry 16.9oz,Mixes,Walmart,0,0.0,,0.93,2.29,1.96,59,,0,0,
NFL Zipper Bottle Cooler,Accessories,,5,0.0,,3.5,4.99,,30,,0,0,Woodbury:5
My Glass Tags,Accessories,,4,0.0,,1.75,2.99,,41,,0,0,Cottage Grove:4
Mug Root Beer 2L,Mixes,Pepsi-Cola,0,0.0,0.0,,2.99,,,,0,1,
Muddle & Mint Hibiscus-Sage 32oz,Mixes,Small Lot MN,1,0.0,,6.17,12.99,,53,,0,0,Chanhassen:1
Milk & Cookies 6PK Beer Bag,Accessories,,0,0.0,,,2.99,,,,0,0,
Merry and Bright Stripes Wine Bag,Accessories,"True Brands, Inc.",0,0.0,,1.41,3.49,2.96,60,,0,0,
Merit Gold,Cigarettes,,51,0.0,,15.13,17.99,,16,,0,0,Cottage Grove:51
Measured Liquor Pourers Set of 6,Accessories,"True Brands, Inc.",21,0.0,,5.28,12.99,,59,,0,0,Minneapolis:4;Roseville:5;Blaine:12
NOS Grape 16oz can,Mixes,Great Lakes Coca-Cola Distribution,3,0.0,,1.87,2.49,,25,,0,0,Andover:3
Zing Zang Michelada 6 pk 7.5 oz cn,Mixes,Phillips Wine & Spirits - St. Paul,2,0.0,,5.88,8.99,7.96,35,1 BMM 1.75 free on 10 mix & match,0,0,Rosemount:2
Zing Zang Margarita Mix 6pk 8oz can,Mixes,,4,0.0,128.6,1.81,12.49,10.96,85,,0,1,Stillwater:1;St. Louis Park:3
ZBiotics Pre-Alcohol Probiotic Drink 2pk 14ml btl,Functional,ZBiotics Company,74,0.0,,12.0,23.99,19.96,50,,0,0,Roseville:2;Andover:5;St. Louis Park:8;Woodbury:9;Plymouth:10;Blaine:40
ZBiotics Pre-Alcohol Probiotic Drink 14ml btl,Functional,ZBiotics Company,45,0.0,,6.5,12.99,10.96,50,,0,0,St. Louis Park:5;Andover:9;Woodbury:11;Plymouth:20
Bittercube Cherry Bark Vanilla 1oz,Mixes,"Vinocopia, Inc",6,0.0,,4.53,9.99,8.96,55,,0,0,Osseo:6
Bitter Truth Rose Water 4oz,Mixes,Am Craft Spirits,0,0.0,,9.66,14.99,12.96,36,,0,0,
"Beer Flight, Ardor, by True",Accessories,"True Brands, Inc.",1,0.0,32.1,17.02,39.99,,57,,0,1,Woodbury:1
Wine FREEZE� XL Cooling Cups in Marble,Accessories,"True Brands, Inc.",3,0.0,,13.02,34.99,,63,,0,0,Blaine:3
Mountain Dew Amp Tallboy 4pk 16oz can,Mixes,Pepsi-Cola,13,0.0,,1.54,1.99,,23,,0,0,Roseville:13
Wine FREEZE� Cooling Cups in Asst Colors,Accessories,"True Brands, Inc.",8,0.0,,18.51,53.99,,66,,0,0,Blaine:8
1919 Root Beer 16 Gallon,Mixes,,2,0.0,,94.0,109.99,,15,,0,0,Andover:2
1919 Root Beer 16oz,Mixes,,0,0.0,,5.76,,,,,0,0,
Whiskey FREEZE� Cooling Cups in Clear,Accessories,"True Brands, Inc.",14,0.0,,13.47,29.99,24.96,55,,0,0,Blaine:7;Woodbury:7
Matches- Box,,,0,0.0,,2.0,,,,,0,0,
Monarch: Bottle Stopper,Accessories,"True Brands, Inc.",39,0.0,1253.6,3.19,5.99,,47,,0,1,Plymouth:1;Blaine:2;Vadnais Heights:2;Minnetonka:6;Rosemount:6;Stillwater:22
Mixly Pineapple Basil Lime 16oz,Mixes,Origin Wine & Spirits,22,0.0,,11.5,17.49,14.96,34,Deepest pricing as case 1,0,0,Minnetonka:3;St. Louis Park:19
Mountain Dew Diet 16.9oz,Mixes,Walmart,33,0.0,,0.5,2.29,1.46,78,,0,0,Osseo:9;Chanhassen:24
Wine FREEZE� Cooling Cups in Clear,Accessories,"True Brands, Inc.",5,0.0,,13.19,29.99,24.96,56,,0,0,Rosemount:5
UM Gopher Bottle Suit,Accessories,Bellboy Corporation,8,0.0,257.1,5.45,9.99,8.96,45,,0,1,Minneapolis:8
Twins Zipper bottle Cooler,Accessories,Bellboy Corporation,4,0.0,,6.2,5.99,,-4,,0,0,Rosemount:4
Twine Bottle Opener,Accessories,,0,0.0,,1.79,2.99,,40,,0,0,
Twang Pickle Rimming Salt 4oz,Condiments,Bellboy Corporation,0,0.0,,3.18,5.99,,47,,0,0,
Coke Zero 10pk 7.5oz can,Mixes,Great Lakes Coca-Cola Distribution,14,0.0,450.0,9.42,13.99,,33,,0,1,Bloomington:14
Coke Diet 12oz btl,Mixes,,0,0.0,,,0.99,,,,0,0,
Coke Cherry Float Zero Sugar 12pk 12oz can,Mixes,Great Lakes Coca-Cola Distribution,3,0.0,,9.65,12.49,10.96,23,,0,0,Minneapolis:3
Matte Black Single-Bottle Wine Bag by Cakewalk,Accessories,"True Brands, Inc.",8,0.0,,0.79,2.29,1.96,66,,0,0,Minnetonka:8
Coke Cherry Diet 20oz btl,Mixes,Great Lakes Coca-Cola Distribution,25,0.0,,2.09,3.49,2.26,40,,0,0,Minneapolis:8;Stillwater:17
Turtle Black & Tan Bottle Opener,Accessories,,10,0.0,,,11.99,,,,0,0,Cottage Grove:10
Truetap: Double-Hinged Corkscrew in Ros,Accessories,"True Brands, Inc.",13,0.0,417.9,,6.99,,,,0,1,Minneapolis:13
Truetap Assorted Double Hinged Corkscrews (CDU of 20),Accessories,"True Brands, Inc.",3,0.0,96.4,3.43,7.99,6.96,57,,0,1,Minneapolis:3
TrueFlask�: 8 oz Stainless Steel Flask,Accessories,"True Brands, Inc.",10,0.0,321.4,8.9,17.49,14.96,49,,0,1,Blaine:2;Cottage Grove:2;Plymouth:6
True Party Lil Pinks Shot Cups (Set of 20),Accessories,"True Brands, Inc.",2,0.0,,1.91,4.49,3.96,57,,0,0,Minneapolis:2
Copper Wine Charms by Viski,Accessories,"True Brands, Inc.",0,0.0,,5.43,14.99,,64,,0,0,
Copper Heavyweight Bottle Stopper,Accessories,"True Brands, Inc.",3,0.0,,4.58,11.99,,62,,0,0,Roseville:1;St. Louis Park:2
Coke Cherry Float 12pk 12oz can,Mixes,Great Lakes Coca-Cola Distribution,1,0.0,32.1,9.65,12.49,10.96,23,,0,1,Stillwater:1
Chalkboard Bottle Bag,Accessories,"True Brands, Inc.",7,0.0,,2.07,4.99,,59,,0,0,Andover:1;Vadnais Heights:1;Blaine:5
Cheer Wine gift bag by Cakewalk,Accessories,"True Brands, Inc.",2,0.0,,0.79,2.29,1.96,66,,0,0,Andover:2
Velo Dragon Fruit 6mg,Smokeless,"M Amundson, LLP",10,0.0,,8.41,11.49,9.96,27,,0,0,Minneapolis:10
Newport Gold,Cigarettes,,24,0.0,771.4,13.25,15.99,,17,,0,1,Osseo:3;Andover:21
Marlboro NXT,Cigarettes,,6,0.0,192.9,12.56,14.99,,16,,0,1,Cottage Grove:6
Marlboro Menthol Smooth,Cigarettes,"M Amundson, LLP",13,0.0,,13.06,15.99,,18,,0,0,Chanhassen:13
Marlboro Light,Cigarettes,,0,0.0,0.0,,150.0,,,,0,1,
Master of Mixes Manhattan Liter,Mixes,Johnson Brothers - St. Paul,0,0.0,,3.76,5.99,,37,,0,0,
UM Gopher Can Holder 16oz,Accessories,Bellboy Corporation,0,0.0,,4.6,8.99,7.96,49,,0,0,
Master of Mixes Cosmopolitan Liter,Mixes,Johnson Brothers - St. Paul,6,0.0,192.9,3.76,5.99,,37,,0,1,Chanhassen:6
Mass Kraft BEER Bag,Accessories,"True Brands, Inc.",0,0.0,,1.99,6.99,,72,,0,0,
Marlboro Sp. Blend Gold 100,Cigarettes,"M Amundson, LLP",17,0.0,,12.56,14.99,,16,,0,0,Cottage Grove:17
Marlboro Southern Cut,Cigarettes,,7,0.0,,12.56,14.99,,16,,0,0,Cottage Grove:7
Marlboro Silver 72s,Cigarettes,"M Amundson, LLP",15,0.0,,12.56,14.99,,16,,0,0,Cottage Grove:15
Vacu Vin 2-Piece Set,Accessories,"True Brands, Inc.",6,0.0,,11.0,11.49,9.96,4,,0,0,Andover:1;Cottage Grove:1;Plymouth:4
Umbrella Picks 20 pack,Accessories,"True Brands, Inc.",2,0.0,,1.12,2.99,,63,,0,0,Minnetonka:2
USA Frosted Cups Blush (Set of 12),Accessories,"True Brands, Inc.",9,0.0,289.3,4.51,9.99,8.96,55,,0,1,Minneapolis:9
Master of Mixes Grenadine 375ml,Mixes,,0,0.0,,2.76,4.49,3.96,39,,0,0,
Gunmetal Trident Barspoon by Viski,Accessories,"True Brands, Inc.",11,0.0,,6.3,14.99,,58,,0,0,Plymouth:3;Blaine:8
Gunmetal Heavyweight Cocktail Shaker,Accessories,"True Brands, Inc.",0,0.0,,21.3,47.99,,56,,0,0,
Gunmetal Heavyweight Bottle Stopper,Accessories,"True Brands, Inc.",3,0.0,96.4,4.93,11.99,,59,,0,1,Roseville:3
Gunmetal Hawthorne Strainer by Viski,Accessories,"True Brands, Inc.",13,0.0,,8.27,26.99,,69,,0,0,Blaine:3;Andover:10
Gunmetal Aerating Pour Spout by Viski,Accessories,"True Brands, Inc.",8,0.0,,5.72,17.99,14.96,68,,0,0,Roseville:1;Minnetonka:3;Vadnais Heights:4
Grizzly Mint Long Cut,Smokeless,"M Amundson, LLP",4,0.0,,8.93,10.99,,19,,0,0,Andover:4
Red Bull Blue Edition 8oz can,Mixes,Red Bull Distribution Company,31,0.0,,1.65,2.49,,34,,0,0,Blaine:3;Cottage Grove:4;Plymouth:24
Red Bull Amber Edition 8oz can,Mixes,Red Bull Distribution Company,24,0.0,,1.74,2.49,,30,,0,0,St. Louis Park:24
Zoa Green Apple 12oz can,Mixes,"Breakthru Beverage Minnesota Beer, LLC",12,0.0,385.7,1.49,2.99,,50,,0,1,Minneapolis:12
Rabbit Wine Preserver,Accessories,,5,0.0,,7.5,42.99,,83,,0,0,Andover:5
Q Ginger Beer 4pk 12oz can,Mixes,"Breakthru Beverage Minnesota Wine & Spirits, LLC",1,0.0,32.1,3.67,7.99,,54,,0,1,Ramsey:1
Riedel Single Malt-Set of 2,Accessories,,0,0.0,,,49.99,,,,0,0,
Repour 4pk,Accessories,,66,0.0,2121.4,2.63,9.99,,74,,0,1,Cottage Grove:8;Vadnais Heights:10;Plymouth:12;St. Louis Park:13;Ramsey:23
Redbull Summer Edition 4pk 12oz can,Mixes,Red Bull Distribution Company,0,0.0,,2.0,2.99,,33,,0,0,
Red Bull Yellow Tropical 6pk 8oz can,Mixes,Red Bull Distribution Company,0,0.0,,3.2,,,,,0,0,
Jimmy Luv's Bloody Mary Mix 32oz,Mixes,Bellboy Corporation,0,0.0,,4.96,7.99,,38,,0,0,
Jack Rudy Cocktail Grenadine 16oz,Mixes,Am Craft Spirits,2,0.0,,13.0,18.99,15.96,32,,0,0,Vadnais Heights:2
ReaLemon 3oz,Mixes,"Breakthru Beverage Minnesota Wine & Spirits, LLC",0,0.0,0.0,0.75,0.99,,24,,0,1,
SBOC Maraschino Cherries 10oz,Condiments,Bellboy Corporation,4,0.0,128.6,5.42,8.99,,40,,0,1,Ramsey:4
SBOC Hot Pickled Green Beans 5oz,Condiments,Bellboy Corporation,0,0.0,,7.07,11.99,,41,,0,0,
Frisky Cub Bottle Holder by True,Accessories,"True Brands, Inc.",1,0.0,,18.39,39.99,34.96,54,,0,0,Vadnais Heights:1
Fresh Lemons,,,0,0.0,,0.79,1.49,,47,,0,0,
Gatorade Zero Orange 28oz,Mixes,Pepsi-Cola,0,0.0,,1.85,1.99,,7,,0,0,
Gatorade Zero Glacier Freeze 28oz,Mixes,Pepsi-Cola,15,0.0,,1.91,1.99,,4,,0,0,Blaine:15
Gatorade Glacier Cherry 20oz,Mixes,Pepsi-Cola,2,0.0,,1.5,1.99,,25,,0,0,Stillwater:2
Greenbar Earl Grey Bitters Soda 4pk 12oz can,Mixes,"Grape Beginnings, Inc.",6,0.0,,10.04,15.99,13.96,37,,0,0,St. Louis Park:1;Minnetonka:5
Hello Bubbly Cocktail Napkin by Cakewalk,Accessories,"True Brands, Inc.",21,0.0,,1.59,5.99,,73,,0,0,Blaine:4;Plymouth:8;Roseville:9
Gleaming Cocktail Napkin,Accessories,"True Brands, Inc.",10,0.0,,1.59,5.99,,73,,0,0,Rosemount:1;Andover:2;Blaine:7
Glacier Rocks Set of 4,Accessories,"True Brands, Inc.",0,0.0,,9.47,20.99,,55,,0,0,
Glacier Rocks Hexagonal Basalt Stones,Accessories,"True Brands, Inc.",22,0.0,,11.72,23.99,19.96,51,,0,0,Vadnais Heights:1;Andover:2;Chanhassen:5;Blaine:14
Glacier Rock Cooling Stones,Accessories,"True Brands, Inc.",13,0.0,,6.91,17.99,14.96,62,,0,0,Andover:1;Cottage Grove:1;Rosemount:2;Vadnais Heights:9
Rose Quartz Wine Gems,Accessories,"True Brands, Inc.",7,0.0,225.0,7.04,28.99,,76,,0,1,Blaine:7
Rose All Day Cocktail Napkin by Cakewalk,Accessories,"True Brands, Inc.",7,0.0,,1.59,5.99,,73,,0,0,Blaine:3;Cottage Grove:4
Hoppy Beerthday 6 Pack Bag,Accessories,"True Brands, Inc.",17,0.0,,1.67,6.99,,76,,0,0,Woodbury:17
Henry Weinhard's Orange Cream 6pk 12oz btl,Mixes,"Breakthru Beverage Minnesota Beer, LLC",1,0.0,,4.19,7.99,,48,,0,0,Cottage Grove:1
Glow Stick Cups True (Set of 20),Accessories,"True Brands, Inc.",3,0.0,96.4,6.15,13.79,11.96,55,,0,1,Minneapolis:3
Aquafina 16.9oz,Mixes,Walmart,27,0.0,,0.22,1.29,0.96,83,,0,0,Minneapolis:1;Osseo:2;Roseville:2;Cottage Grove:8;Ramsey:14
American Spirit Menthol,Cigarettes,"M Amundson, LLP",4,0.0,128.6,14.37,16.99,,15,,0,1,Woodbury:4
Barq's Root Beer 2L,Mixes,Great Lakes Coca-Cola Distribution,5,0.0,,2.95,3.49,,15,,0,0,St. Louis Park:5
Bang Energy Cotton Candy 16oz can,Mixes,,0,0.0,,1.53,2.49,,39,,0,0,
7- Piece Bar Essentials Set by Viski,Accessories,"True Brands, Inc.",3,0.0,,39.14,59.99,49.95,35,,0,0,Blaine:3
Brisk Lemon Iced Tea Liter,Mixes,,20,0.0,,1.07,2.49,,57,,0,0,Blaine:20
Kodiak Wintergreen Pouches,Smokeless,"M Amundson, LLP",0,0.0,,11.65,15.99,,27,,0,0,
Camel Turkish Gold,Cigarettes,,0,0.0,,14.05,16.99,,17,,0,0,
Iced Out Diamond Ice Cube Tray,Accessories,"True Brands, Inc.",28,0.0,900.0,5.9,15.99,,63,,0,1,Blaine:1;Plymouth:7;Minneapolis:8;Cottage Grove:12
Black & Mild (1 Extra),Cigars,,0,0.0,0.0,,6.99,,,,0,1,
Bittercube Orange Bitters 1oz,Mixes,"Vinocopia, Inc",4,0.0,,6.29,9.99,8.96,37,,0,0,Ramsey:1;Minnetonka:3
Bittercube Jamaican #2 1oz,Mixes,"Vinocopia, Inc",9,0.0,289.3,6.29,9.99,8.96,37,,0,1,Rosemount:1;Ramsey:3;Minnetonka:5
Mr & Mrs T Margarita 1.75L,Mixes,"Breakthru Beverage Minnesota Wine & Spirits, LLC",0,0.0,0.0,7.69,9.99,8.96,23,net down pricing,0,1,
Zyn 6mg Smooth,Smokeless,"M Amundson, LLP",11,0.0,353.6,8.41,9.99,9.96,16,,0,1,Woodbury:11
Zyn 6mg Chill,Smokeless,"M Amundson, LLP",0,0.0,,8.41,11.49,9.96,27,,0,0,
Zoa Strawberry Watermelon 12oz can,Mixes,"Breakthru Beverage Minnesota Beer, LLC",5,0.0,,1.49,2.99,,50,,0,0,Minneapolis:5
Agalima Organic Marg Mix 750ml,Mixes,Johnson Brothers - St. Paul,0,0.0,,7.51,14.99,,50,,0,0,
Black Stripe Foiled Cheers Napkin,Accessories,"True Brands, Inc.",8,0.0,,2.59,9.99,,74,,0,0,Woodbury:2;Rosemount:3;Vadnais Heights:3
Red Bull Winter Pear Cinnamon 12oz can,Mixes,Red Bull Distribution Company,0,0.0,,4.25,3.49,,-22,,0,0,
Red Bull Red Edition 8oz can,Mixes,Red Bull Distribution Company,11,0.0,,1.67,2.49,,33,,0,0,Blaine:11
Red Bull Peach Edition 8oz can,Mixes,Red Bull Distribution Company,0,0.0,,1.4,2.49,,44,,0,0,
Lift Bridge Black Cherry 12pk 16oz can,Mixes,"College City Beverage, Inc.",4,0.0,128.6,13.5,18.99,,29,,0,1,Woodbury:4
Liber & Co Passionfruit  500ml,Mixes,Am Craft Spirits,0,0.0,0.0,11.5,17.99,14.96,36,,0,1,
Liber & Co Lemon Lavander 375ml,Mixes,Am Craft Spirits,4,0.0,,13.5,20.99,17.96,36,,0,0,Minnetonka:4
Liber & Co Demerara Syrup 500ml,Mixes,Am Craft Spirits,0,0.0,,11.5,15.99,14.96,28,,0,0,
Liber & Co Blood Orange 500ml,Mixes,Am Craft Spirits,4,0.0,128.6,11.5,17.49,14.96,34,,0,1,St. Louis Park:2;Vadnais Heights:2
Army Green Double-Hinged Corkscrew,Accessories,"True Brands, Inc.",5,0.0,,2.5,5.99,,58,,0,0,Rosemount:5
Lemon/Limes,Misc Other,,0,0.0,,,1.99,,,,0,0,
LaCroix Pamplemousse 8pk 12oz cn,Mixes,,0,0.0,,4.17,5.99,,30,,0,0,
L&M Turkish Blend,Cigarettes,,8,0.0,,12.18,14.99,,19,,0,0,Cottage Grove:8
Kool Super Longs 100s,Cigarettes,,19,0.0,610.7,12.52,14.99,,16,,0,1,Cottage Grove:19
Bling Magnetic Wine Charms,Accessories,,0,0.0,,,12.99,,,,0,0,
Kocktails by Kickles Strawberry Marg Mix 32oz,Mixes,Old World Canning Company,0,0.0,,7.49,11.49,9.96,35,5cs,0,0,
Kocktails by Kickles Raspberry Marg Mix 32oz,Mixes,Old World Canning Company,0,0.0,,6.83,11.49,9.96,41,,0,0,
Kocktails by Kickles Passion Fruit Marg Mix 32oz,Mixes,Old World Canning Company,3,0.0,,7.49,11.49,9.96,35,5cs,0,0,Blaine:3
Kocktails by Kickles Cranberry Marg Mix 32oz,Mixes,Old World Canning Company,8,0.0,,6.83,11.49,9.96,41,,0,0,Blaine:8
Liber & Co Almond Orgeat 500ml,Mixes,,0,0.0,,11.25,17.49,14.96,36,,0,0,
Egbert's Brandied Cherries 11oz,Condiments,,0,0.0,,17.15,14.99,,-14,,0,0,
Earl Giles Ginger Beer 4pk 12oz can,,Small Lot MN,0,0.0,,6.25,13.99,11.96,55,TTL Best Pricing,0,0,
Sprite 16.9oz,Mixes,Walmart,2,0.0,,0.43,2.29,1.96,81,,0,0,St. Louis Park:2
Spring Grove Rhu-Berry 4pk 12oz btl,Mixes,"Capitol Beverage Sales, L.P.",8,0.0,,4.17,5.99,,30,,0,0,Blaine:8
Spring Grove Cream Soda 4pk 12oz btl,Mixes,,15,0.0,482.1,4.17,6.49,,36,,0,1,Blaine:15
Fever Tree Distiller's Cola 4pk 6.7oz btl,Mixes,Southern Glazer's Wine & Spirits of MN,3,0.0,,,6.99,5.96,,,0,0,Roseville:3
Fee Brothers Lemon Bitters 5oz,Mixes,Bellboy Corporation,2,0.0,,9.83,14.99,12.96,34,8.77 as of 1st purchase,0,0,Chanhassen:2
Fee Brothers Grapefruit Btrs 5oz,Mixes,Bellboy Corporation,5,0.0,,9.83,14.99,12.96,34,8.77 as of 1st purchase,0,0,Chanhassen:5
Schweppes Ginger Ale 10pk 8oz can,Mixes,Pepsi-Cola,0,0.0,,4.37,6.49,5.96,33,,0,0,
Fever Tree Light Ginger Beer 500ml,Mixes,Southern Glazer's Wine & Spirits of MN,0,0.0,,,4.99,,,,0,0,
Fever Tree Light Ginger Ale 4pk 6.7oz btl,Mixes,Southern Glazer's Wine & Spirits of MN,33,0.0,,4.76,6.99,5.96,32,,0,0,Minneapolis:11;Ramsey:11;St. Louis Park:11
Fever Tree Lemon Tonic 4pk 6.7oz btl,Mixes,,1,0.0,32.1,,6.99,5.96,,,0,1,Minneapolis:1
Spiegelau Craft Beer Tasting Kit (4pk),Accessories,"True Brands, Inc.",0,0.0,,11.3,44.99,39.96,75,,0,0,
Spiegelau 19.1 oz Craft IPA Glass Set,Accessories,"True Brands, Inc.",0,0.0,0.0,12.02,22.99,,48,,0,1,
Sparkling Ice Black Raspberry 17oz btl,Mixes,"Capitol Beverage Sales, L.P.",2,0.0,,0.9,1.99,,55,,0,0,Minnetonka:2
Smashd Peach Bellini 12oz can,Mixes,SMASHD Drinks LLC,11,0.0,353.6,,2.99,2.46,,,0,1,Minneapolis:11
Filthy Bloody Mary Mix 8oz,Mixes,Phillips Wine & Spirits - St. Paul,11,0.0,,2.54,4.99,3.96,49,1 free olive brine on 10 cases,0,0,Bloomington:11
Fee Brothers Cherry Bitters 4oz,Mixes,Bellboy Corporation,11,0.0,,8.86,14.99,12.96,41,8.77-btl,0,0,Woodbury:11
Stainless Steel Trident Barspoon,Accessories,"True Brands, Inc.",0,0.0,,3.99,9.99,,60,,0,0,
Pepsi Diet 6pk 8oz can,Mixes,Pepsi-Cola,4,0.0,,3.65,4.99,,27,,0,0,Stillwater:4
Pepsi Diet 20oz,Mixes,Pepsi-Cola,16,0.0,,0.59,2.09,,72,,0,0,Plymouth:16
Pepsi Diet 16.9oz,Mixes,Walmart,1,0.0,,0.58,2.29,1.46,75,,0,0,St. Louis Park:1
Loon Wintergreen 7mg,Smokeless,"M Amundson, LLP",0,0.0,,6.0,8.99,7.96,33,,0,0,
Loon Wintergreen 14mg,Smokeless,"M Amundson, LLP",0,0.0,,6.0,7.99,7.96,25,,0,0,
Loon Spearmint 14mg,Smokeless,"M Amundson, LLP",2,0.0,,6.0,8.99,7.96,33,,0,0,Minneapolis:2
Loon Pouches Wintergreen 28mg 20pk,Smokeless,"M Amundson, LLP",0,0.0,,6.0,8.99,7.96,33,,0,0,
Empress 1908 N/A Gin 750ml,Non-Alcoholic,Phillips Wine & Spirits - St. Paul,5,0.0,,21.18,33.99,28.96,38,,0,0,Bloomington:5
Loon Pouches Polar Bear Freeze 14mg 20pk,Smokeless,"M Amundson, LLP",0,0.0,,6.0,8.99,7.96,33,,0,0,
Loon Pouches Gum Mint 28mg 20pk,Smokeless,"M Amundson, LLP",0,0.0,,6.0,8.99,7.96,33,,0,0,
Loon Pouches Artic Mango 28mg,Smokeless,"M Amundson, LLP",0,0.0,,6.0,8.99,7.96,33,,0,0,
Loon Orange 7mg,Smokeless,"M Amundson, LLP",1,0.0,,6.0,8.99,7.96,33,,0,0,Minneapolis:1
Sprite Winter Spiced Cranberry 2L,Mixes,Great Lakes Coca-Cola Distribution,0,0.0,,2.68,4.49,3.46,40,,0,0,
Sprite Winter Spiced Cranberry 12pk 12oz can,Mixes,Great Lakes Coca-Cola Distribution,0,0.0,,9.28,12.49,10.96,26,,0,0,
Fee Brother Celery Bitters 5oz,Mixes,Bellboy Corporation,2,0.0,64.3,9.83,14.99,12.96,34,8.77 as of 1st purchase,0,1,Roseville:2
Fanta Fruit Punch 20oz btl,Mixes,Great Lakes Coca-Cola Distribution,6,0.0,,2.01,3.49,2.26,43,,0,0,Minneapolis:6
Loon Pouches Spearmint 28mg 20pk,Smokeless,"M Amundson, LLP",1,0.0,,6.0,8.99,7.96,33,,0,0,Minneapolis:1
Loon Arctic Mint 14mg,Smokeless,"M Amundson, LLP",2,0.0,,6.0,8.99,7.96,33,,0,0,Minneapolis:2
Loon Arctic Lemon 14mg,Smokeless,"M Amundson, LLP",3,0.0,,6.0,8.99,7.96,33,,0,0,Minneapolis:3
Skull Liquor Decanter,Accessories,"True Brands, Inc.",5,0.0,,13.94,34.99,,60,,0,0,Andover:2;Roseville:3
Sip & Go Stemless Wine Tumbler,Accessories,"True Brands, Inc.",1,0.0,,7.3,14.99,11.96,51,,0,0,Rosemount:1
Sideshow Trick Rider Bloody Mary Mix 32oz,Mixes,"Maverick Beverage Co., LLC - MN",0,0.0,,7.58,11.49,9.96,34,1 on 5 one week solid,0,0,
Sideshow Original Mild Bloody Mary Mix 32oz,Mixes,"Maverick Beverage Co., LLC - MN",1,0.0,,7.58,11.49,9.96,34,1 on 5 one week solid,0,0,Plymouth:1
Sideshow Fire Breather Bloody Mary Mix 32oz,Mixes,"Maverick Beverage Co., LLC - MN",6,0.0,192.9,7.58,11.49,9.96,34,1 on 5 one week solid,0,1,Roseville:2;Chanhassen:4
Sharab Shrubs Strawberry 8oz,Mixes,Am Craft Spirits,35,0.0,,10.33,14.99,,31,,0,0,St. Louis Park:5;Plymouth:6;Rosemount:6;Minnetonka:9;Vadnais Heights:9
Fever Tree Sparkling Pink Grapefruit 500ml,Mixes,Southern Glazer's Wine & Spirits of MN,7,0.0,225.0,1.88,4.99,,62,,0,1,Bloomington:7
Seedlip Spice 94 700ml,Mixes,Phillips Wine & Spirits - St. Paul,1,0.0,,20.18,29.99,,33,,0,0,St. Louis Park:1
Seedlip Grove 42 750ml,Mixes,Phillips Wine & Spirits - St. Paul,0,0.0,,20.18,29.99,,33,Case 1,0,0,
Seagrams Tonic Water 6pk 11oz btl,Mixes,Great Lakes Coca-Cola Distribution,0,0.0,,4.77,6.99,,32,,0,0,
Seagrams Club Soda 355ml,Mixes,Great Lakes Coca-Cola Distribution,0,0.0,,5.22,6.99,,25,,0,0,
Schweppes Watermelon Mint Tonic Liter,Mixes,Pepsi-Cola,8,0.0,257.1,1.05,2.29,1.96,54,,0,1,Plymouth:3;Rosemount:5
Fre Pouch 9mg Sweet,Smokeless,"M Amundson, LLP",65,0.0,,8.0,11.49,9.96,30,,0,0,Minneapolis:65
Fre Pouch 6mg Wintergreen,Smokeless,"M Amundson, LLP",15,0.0,,8.41,7.99,7.96,-5,,0,0,Stillwater:15
Fre Pouch 6mg Mint,Smokeless,"M Amundson, LLP",0,0.0,,8.0,7.99,7.96,0,,0,0,
Sharab Shrubs Apple-Rosemary 8oz,Mixes,Am Craft Spirits,22,0.0,707.1,10.33,14.99,11.96,31,,0,1,Andover:2;Chanhassen:7;Plymouth:13
Fever Tree Pink Sparkling Grapefruit 4pk 6.7oz btl,Mixes,Southern Glazer's Wine & Spirits of MN,46,0.0,,3.83,6.49,5.96,41,,0,0,Chanhassen:1;Roseville:1;Ramsey:4;Stillwater:4;Plymouth:8;Minnetonka:9;Vadnais Heights:9;Cottage Grove:10
Franmara Pocket Corkscrew,Accessories,,0,0.0,,1.2,2.99,,60,,0,0,
Football Flask,Accessories,"True Brands, Inc.",9,0.0,289.3,17.96,34.99,,49,,0,1,Vadnais Heights:2;Blaine:3;Rosemount:4
Flaherty's Tom & Jerry Batter 14oz,Mixes,Am Craft Spirits,10,0.0,,9.33,15.99,13.46,42,,0,0,Minneapolis:10
Filthy Pimento Stuffed Olive 8oz,Condiments,Phillips Wine & Spirits - St. Paul,0,0.0,,5.33,8.99,,41,1 free olive brine on 10 cases,0,0,
Filthy Pickle Brine 32oz,Condiments,Phillips Wine & Spirits - St. Paul,2,-0.0,,9.88,12.99,,24,,0,-1,Ramsey:2
Filthy Onion 8oz,Condiments,Phillips Wine & Spirits - St. Paul,0,0.0,,5.33,6.99,,24,1 free olive brine on 10 cases,0,0,
Smashd Cherry Bomb Mimosa 12oz can,Mixes,SMASHD Drinks LLC,11,0.0,353.6,,2.99,2.46,,,0,1,Minneapolis:11
Loon Arctic Mint 7mg,Smokeless,"M Amundson, LLP",0,0.0,,6.0,8.99,7.96,33,,0,0,
Lime Juice 5oz,Mixes,,17,0.0,546.4,,1.49,,,,0,1,Minneapolis:2;Stillwater:15
Lift Bridge Rootbeer keg,Non Beer Kegs,,0,0.0,,74.67,87.99,,15,,0,0,
Plastic Cups 16oz,Accessories,,0,0.0,0.0,3.86,3.99,,3,,0,1,
Loon Orange 14mg,Smokeless,"M Amundson, LLP",0,0.0,,6.0,8.99,7.96,33,,0,0,
Loon Gum Mint 7mg,Smokeless,"M Amundson, LLP",4,0.0,,6.0,8.99,7.96,33,,0,0,Minneapolis:4
Loon Gum Mint 14mg,Smokeless,"M Amundson, LLP",3,0.0,,6.0,8.99,7.96,33,,0,0,Minneapolis:3
Loon Green Apple 7mg,Smokeless,"M Amundson, LLP",0,0.0,,6.0,8.99,7.96,33,,0,0,
Loon Cinnamon OG 7mg,Smokeless,"M Amundson, LLP",18,0.0,,6.0,8.99,7.96,33,,0,0,Minneapolis:18
Loon Arctic Strawberry 7mg,Smokeless,"M Amundson, LLP",7,0.0,,6.0,8.99,7.96,33,,0,0,Minneapolis:7
Liquid Death Berry It Alive 19oz can,Mixes,"Capitol Beverage Sales, L.P.",0,0.0,,1.42,1.99,,29,,0,0,
