Store,Supplier,Item,Product Code,Store OH,WOS,Order Cases,Order Units,Unit Cost,Order $
Andover,Bellboy Corporation,Belvedere Vodka Organic 750ml,081753837822,0,0.0,1,6,23.66,142.0
Andover,Bellboy Corporation,Elijah Craig Toasted Barrel Bourbon 750ml,096749002870,0,0.0,1,6,40.0,240.0
Andover,Bellboy Corporation,North Cross Triple Wood Irish Whiskey 750ml,810879023679,0,0.0,1,6,12.33,74.0
Andover,Bellboy Corporation,Wheel Horse Bourbon Cigar Blend 750ml,810879027134,0,0.0,1,6,22.67,136.0
Andover,Bellboy Corporation,Copper & Cask 9yr Double Oak Bourbon 750ml,810204641172,0,0.0,1,6,39.67,238.0
Andover,Bellboy Corporation,Old Fitzgerald 7 Year Bottled In Bond 750ml,096749005796,0,0.0,1,6,40.0,240.0
Andover,Bellboy Corporation,Jackson Morgan Salted Caramel Cream 750ml,855400005038,0,0.0,2,12,16.48,198.0
Andover,Bellboy Corporation,Tullamore Dew Irish Whiskey 750ml,721059487504,0,0.0,1,12,17.47,210.0
Andover,Bellboy Corporation,Steel 43 Vodka 750ml,810879021378,1,0.5,1,12,8.33,100.0
Andover,Bellboy Corporation,Bacardi Superior Light Rum 50ml,080480016210,24,0.9,1,120,0.55,66.0
Andover,Bellboy Corporation,American Frontier Vodka 750ml,810735016227,2,1.0,1,12,3.5,42.0
Andover,Bellboy Corporation,Morris Australian Single Malt Whisky 700ml,839743003036,1,1.1,1,6,15.0,90.0
Andover,Bellboy Corporation,Patron Silver Tequila 375ml,721733000944,1,1.1,1,12,27.94,335.0
Andover,Bellboy Corporation,Crown Royal Salted Caramel 750ml,082000783978,2,1.1,1,12,20.43,245.0
Andover,Bellboy Corporation,Espolon Blanco Tequila 750ml,721059707503,3,1.2,1,12,20.6,247.0
Andover,Bellboy Corporation,Flyer Vodka Liter,810879027172,3,1.3,1,12,5.89,71.0
Andover,Bellboy Corporation,Disaronno Amaretto 750ml,050037014501,2,1.4,1,12,21.0,252.0
Andover,Bellboy Corporation,Captain Morgan Spiced Rum 375ml,08727707,6,1.5,1,24,7.08,170.0
Andover,Bellboy Corporation,Planteray Original Dark Rum Liter,695521154822,1,2.1,1,6,16.74,100.0
Andover,Bellboy Corporation,Ketel One Vodka 1.75L,085156803682,14,2.7,2,12,26.1,313.0
Andover,Bellboy Corporation,Citadelle Jardin D'Ete Gin 750ml,695521152989,2,2.9,1,6,20.67,124.0
Andover,Bellboy Corporation,Crown Royal Regal Apple 1.75L,082000771593,13,2.9,1,6,37.13,223.0
Andover,Bellboy Corporation,Buffalo Trace Bourbon Cream 750ml,080244003715,4,3.4,1,12,16.5,198.0
Andover,"Breakthru Beverage Minnesota Wine & Spirits, LLC",Bardstown KY Straight Bourbon 750ml,857552008394,0,0.0,1,6,29.76,179.0
Andover,"Breakthru Beverage Minnesota Wine & Spirits, LLC",Fireball Party Bucket,088004029296,0,0.0,1,6,11.84,71.0
Andover,"Breakthru Beverage Minnesota Wine & Spirits, LLC",Taaka Vodka 1.75L,088004010126,0,0.0,3,18,8.78,158.0
Andover,"Breakthru Beverage Minnesota Wine & Spirits, LLC",Platinum Vodka 1.75L,088004012724,0,0.0,3,18,9.72,175.0
Andover,"Breakthru Beverage Minnesota Wine & Spirits, LLC",Tuaca 750ml,088004025984,0,0.0,1,12,9.19,110.0
Andover,"Breakthru Beverage Minnesota Wine & Spirits, LLC",Fireball Birdie Shot 50ml 10pk,088004057657,0,0.0,1,12,0.51,6.0
Andover,"Breakthru Beverage Minnesota Wine & Spirits, LLC",Buffalo Trace Bourbon Cream 50ml,088004034757,17,0.6,1,120,0.68,81.0
Andover,"Breakthru Beverage Minnesota Wine & Spirits, LLC",Milagro Reposado Tequila 750ml,083664868940,1,1.1,1,6,17.81,107.0
Andover,"Breakthru Beverage Minnesota Wine & Spirits, LLC",Fireball Whisky 1.75L,088004009281,14,1.1,7,42,17.67,742.0
Andover,"Breakthru Beverage Minnesota Wine & Spirits, LLC",Goldschlager 50ml,088004035761,7,1.2,1,120,0.62,75.0
Andover,"Breakthru Beverage Minnesota Wine & Spirits, LLC",Sailor Jerry Spiced Rum 1.75L,083664868735,4,1.9,1,6,18.75,112.0
Andover,"Breakthru Beverage Minnesota Wine & Spirits, LLC",Fireball Whisky 750ml,088004144692,22,2.5,2,24,9.0,216.0
Andover,"Breakthru Beverage Minnesota Wine & Spirits, LLC",Milagro Silver Tequila 750ml,083664868919,4,2.9,1,6,17.26,104.0
Andover,DNU - Created from invalid import,Angel's Envy Bottled In Bond Cask Strength 750ml,080480987756,0,0.0,1,6,52.49,315.0
Andover,Johnson Brothers - St. Paul,High Noon Black Cherry 4pk 12oz can,085000429273,0,0.0,1,6,8.87,53.0
Andover,Johnson Brothers - St. Paul,Bib & Tucker 6 Year Bourbon 750ml,031259003542,0,0.0,1,6,18.33,110.0
Andover,Johnson Brothers - St. Paul,Gray Whale Vodka 750ml,031259005904,0,0.0,1,6,5.97,36.0
Andover,Johnson Brothers - St. Paul,Jose Cuervo Golden Margarita 1.75L,082000730361,0,0.0,1,6,13.02,78.0
Andover,Johnson Brothers - St. Paul,High Noon Watermelon 4pk 12oz can,085000429259,0,0.0,1,6,8.65,52.0
Andover,Johnson Brothers - St. Paul,1800 Reposado Tequila 1.75L,811538010252,0,0.0,1,6,35.84,215.0
Andover,Johnson Brothers - St. Paul,Kraken Black Spiced Rum (White Label) Liter,811538013000,0,0.0,1,6,16.32,98.0
Andover,Johnson Brothers - St. Paul,Gray Whale Gin 750ml,861602000412,0,0.0,1,6,10.07,60.0
Andover,Johnson Brothers - St. Paul,Gordons Gin 1.75L,08860032,0,0.0,2,12,15.87,190.0
Andover,Johnson Brothers - St. Paul,Jose Cuervo Authentic Light Margarita 1.75L,811538011006,0,0.0,3,18,5.27,95.0
Andover,Johnson Brothers - St. Paul,1800 Reposado Tequila 750ml,811538010238,0,0.0,1,12,19.27,231.0
Andover,Johnson Brothers - St. Paul,Casamigos Spicy Margarita 750ml,082000812135,0,0.0,1,12,17.0,204.0
Andover,Johnson Brothers - St. Paul,Karkov Vodka 375ml,084279184265,0,0.0,1,24,3.58,86.0
Andover,Johnson Brothers - St. Paul,Rondiaz Spiced Rum 1.75L,084279901671,3,0.7,3,18,4.57,82.0
Andover,Johnson Brothers - St. Paul,Cointreau 750ml,087236565107,1,0.7,1,12,27.73,333.0
Andover,Johnson Brothers - St. Paul,Casamigos Blanco Tequila Liter,083089450102,1,0.9,1,6,41.67,250.0
Andover,Johnson Brothers - St. Paul,Talisker Storm 750ml,088076179028,1,0.9,1,6,30.81,185.0
Andover,Johnson Brothers - St. Paul,Gray Duck 1.75L,860199002618,11,0.9,7,42,16.0,672.0
Andover,Johnson Brothers - St. Paul,E&J Brandy 1.75L,08541509,6,1.2,3,18,17.67,318.0
Andover,Johnson Brothers - St. Paul,Tip Top Bees Knees 100ml,850003799193,2,1.2,1,24,3.5,84.0
Andover,Johnson Brothers - St. Paul,Four Roses Bourbon 1.75L,040063400430,8,1.3,3,18,27.55,496.0
Andover,Johnson Brothers - St. Paul,New Amsterdam Raspberry vodka 50ml,085000006627,8,1.3,1,120,0.67,80.0
Andover,Johnson Brothers - St. Paul,High Noon Grapefruit 4pk 12oz can,085000426272,3,1.4,1,6,8.78,53.0
Andover,Johnson Brothers - St. Paul,Karkov Vodka Traveler,084279912677,8,1.4,2,24,4.16,100.0
Andover,Johnson Brothers - St. Paul,Jose Cuervo Auth Margarita 1.75L,082000190325,8,1.5,3,18,14.75,265.0
Andover,Johnson Brothers - St. Paul,New Amsterdam London Dry Gin 50ml,08567206,9,1.5,1,120,1.0,120.0
Andover,Johnson Brothers - St. Paul,E&J VSOP Brandy 1.75L,085000003930,2,1.7,1,6,19.22,115.0
Andover,Johnson Brothers - St. Paul,New Amsterdam Pink Whitney 1.75L,085000031360,3,1.8,1,6,17.33,104.0
Andover,Johnson Brothers - St. Paul,Hennessy VS Cognac 1.75L,088110150587,5,1.8,2,12,64.3,772.0
Andover,Johnson Brothers - St. Paul,New Amsterdam Vodka 1.75L,085000019511,8,1.8,2,12,14.36,172.0
Andover,Johnson Brothers - St. Paul,Smirnoff Vodka Traveler,08295004,17,1.9,2,24,7.96,191.0
Andover,Johnson Brothers - St. Paul,Karkov Vodka 1.75L,084279184227,31,2.0,5,30,5.05,152.0
Andover,Johnson Brothers - St. Paul,Lucky One Lemonade Variety 8pk 12oz can,085000040768,4,2.1,2,6,14.0,84.0
Andover,Johnson Brothers - St. Paul,High Noon Pineapple 4pk 12oz can,085000429266,2,2.1,1,6,8.79,53.0
Andover,Johnson Brothers - St. Paul,E&J Apple Brandy 750ml,085000024041,1,2.1,1,12,9.0,108.0
Andover,Johnson Brothers - St. Paul,Buchanans 12 Yr Scotch 750ml,088110955328,1,2.1,1,12,26.87,322.0
Andover,Johnson Brothers - St. Paul,Proper Twelve Irish Whiskey 750ml,811538019569,4,2.1,1,12,16.48,198.0
Andover,Johnson Brothers - St. Paul,Four Roses Bourbon 750ml,040063400409,5,2.1,1,12,16.5,198.0
Andover,Johnson Brothers - St. Paul,Pendleton Canadian Whiskey 750ml,084104115914,5,2.1,1,12,13.07,157.0
Andover,Johnson Brothers - St. Paul,Tip Top Cosmo 100ml,850003799865,4,2.1,1,24,3.5,84.0
Andover,Johnson Brothers - St. Paul,Casamigos Blanco 50ml,856724006138,30,2.1,1,60,2.97,178.0
Andover,Johnson Brothers - St. Paul,Smirnoff Vodka 1.75L,082000727606,30,2.5,4,24,14.61,351.0
Andover,Johnson Brothers - St. Paul,Four Roses Small Batch 750ml,040063400317,3,2.6,1,6,23.8,143.0
Andover,Johnson Brothers - St. Paul,Jose Cuervo Silver Tequila 1.75L,082000743750,3,2.6,1,6,15.09,91.0
Andover,Johnson Brothers - St. Paul,Petri Brandy 1.75L,084279908434,6,2.6,1,6,13.83,83.0
Andover,Johnson Brothers - St. Paul,Rondiaz Silver Rum 1.75L,084279902715,5,2.7,1,6,15.28,92.0
Andover,Johnson Brothers - St. Paul,Pendleton Canadian Whiskey 1.75L,084104115921,4,2.9,1,6,30.37,182.0
Andover,Johnson Brothers - St. Paul,High Noon Peach 4pk 12oz can,085000431375,4,2.9,1,6,8.68,52.0
Andover,Johnson Brothers - St. Paul,1800 Silver Tequila 1.75L,811538010153,4,2.9,1,6,31.5,189.0
Andover,Johnson Brothers - St. Paul,Jack Daniels Blackberry 750ml,082184008737,2,2.9,1,12,18.19,218.0
Andover,Johnson Brothers - St. Paul,New Amsterdam Pink Whitney 50ml,08567507,256,3.0,1,120,0.67,80.0
Andover,Johnson Brothers - St. Paul,E&J VSOP Brandy Traveler,085000016084,8,3.1,1,12,10.5,126.0
Andover,Johnson Brothers - St. Paul,Fireball Whisky 375ml,088004144722,22,3.4,1,24,5.1,123.0
Andover,Johnson Brothers - St. Paul,Kinky Red 50ml,084279998343,40,3.4,1,120,0.4,48.0
Andover,Johnson Brothers - St. Paul,Jose Cuervo Silver Tequila Liter,811538010825,9,3.5,1,12,11.74,141.0
Andover,Johnson Brothers - St. Paul,New Amsterdam Vodka 750ml,085000019498,16,3.6,1,12,9.0,108.0
Andover,Johnson Brothers - St. Paul,New Amsterdam Pink Whitney 750ml,085000029626,6,3.7,1,12,9.0,108.0
Andover,Johnson Brothers - St. Paul,Smirnoff Vanilla Vodka 50ml,08240509,17,3.8,1,120,0.66,79.0
Andover,Johnson Brothers - St. Paul,Kinky Pink 50ml,084279985978,52,4.0,1,120,0.62,75.0
Andover,Libation Project,King's County Straight Bourbon 750ml,853396007180,0,0.0,1,6,52.67,316.0
Andover,Libation Project,Dolin Rouge Vermouth 375ml,3274510003906,0,0.0,1,12,8.93,107.0
Andover,"Maverick Beverage Co., LLC - MN",TLC Vodka 1.75L,850332003398,0,0.0,1,6,15.61,94.0
Andover,"Maverick Beverage Co., LLC - MN",La Gritona Reposado 750ml,859026001221,1,1.4,1,12,40.0,480.0
Andover,"New France Wine Co, Inc",Dos Amigos Tequila Blanco 750ml,698450103466,4,3.4,1,12,18.76,225.0
Andover,Phillips Wine & Spirits - St. Paul,Buzzballz Snowglobe 1.75L,00851091006231,0,0.0,1,3,15.0,45.0
Andover,Phillips Wine & Spirits - St. Paul,BuzzBallz Biggie Berry Cherry Limeade 1.75L,851091006347,0,0.0,1,3,15.0,45.0
Andover,Phillips Wine & Spirits - St. Paul,Buzzballz Biggie Pink Lemonsqueezy 1.75L,088004076603,0,0.0,2,6,8.18,49.0
Andover,Phillips Wine & Spirits - St. Paul,Don Julio 1942 Anejo Tequila 1.75L,674545001084,0,0.0,1,4,198.89,796.0
Andover,Phillips Wine & Spirits - St. Paul,Vikre Boreal Spruce Gin 750ml,862367000013,0,0.0,1,6,22.5,135.0
Andover,Phillips Wine & Spirits - St. Paul,Captain Morgan 100 Proof 1.75L,082000742005,0,0.0,1,6,24.0,144.0
Andover,Phillips Wine & Spirits - St. Paul,Phillips Blackberry Brandy 1.75L,087116003507,0,0.0,1,6,16.03,96.0
Andover,Phillips Wine & Spirits - St. Paul,Bulleit Bourbon 1.75L,087000004047,0,0.0,2,12,38.0,456.0
Andover,Phillips Wine & Spirits - St. Paul,2 Gingers 1.75L,080686294016,0,0.0,2,12,25.25,303.0
Andover,Phillips Wine & Spirits - St. Paul,Ketel One Lemon Drop Martini Cocktail 375ml,082000809838,0,0.0,1,12,2.38,29.0
Andover,Phillips Wine & Spirits - St. Paul,Ketel One Vodka 750ml,085156515417,0,0.0,1,12,15.05,181.0
Andover,Phillips Wine & Spirits - St. Paul,2 Gingers 750ml,857566003019,0,0.0,1,12,12.61,151.0
Andover,Phillips Wine & Spirits - St. Paul,Phillips Vodka Traveler,087116011267,1,0.1,4,48,5.53,265.0
Andover,Phillips Wine & Spirits - St. Paul,Crown Royal Canadian 750ml,087000007253,1,0.3,1,12,14.9,179.0
Andover,Phillips Wine & Spirits - St. Paul,Phillips Vodka 1.75L,087116018099,6,0.6,7,42,10.5,441.0
Andover,Phillips Wine & Spirits - St. Paul,Crown Royal Canadian Liter,087000007246,1,0.6,1,12,26.31,316.0
Andover,Phillips Wine & Spirits - St. Paul,Buzzballz Chiller Pink Lemonsqueezy 187ml,088004076573,7,1.1,1,24,1.35,33.0
Andover,Phillips Wine & Spirits - St. Paul,Phillips Vodka 375ml,087116013735,4,1.4,1,24,3.96,95.0
Andover,Phillips Wine & Spirits - St. Paul,Fireball Whisky 100ml,088004009373,31,1.6,1,48,1.19,57.0
Andover,Phillips Wine & Spirits - St. Paul,Campo Bravo Plata 50ml,850008153129,40,1.7,1,72,0.65,47.0
Andover,Phillips Wine & Spirits - St. Paul,Phillips Peach Schnapps Liter,087116018310,3,1.8,1,12,7.38,89.0
Andover,Phillips Wine & Spirits - St. Paul,Windsor Canadian 1.75L,080686500124,32,1.9,6,36,26.58,957.0
Andover,Phillips Wine & Spirits - St. Paul,Bailey's Chocolate 750ml,086767705488,1,2.1,1,12,19.01,228.0
Andover,Phillips Wine & Spirits - St. Paul,Captain Morgan Spiced Rum Traveler,08719300,12,2.3,1,12,10.83,130.0
Andover,Phillips Wine & Spirits - St. Paul,Captain Morgan Spiced Rum 1.75L,082000759102,68,2.4,8,48,19.64,943.0
Andover,Phillips Wine & Spirits - St. Paul,Captain Morgan Spiced Rum Liter,08727008,14,2.6,1,12,14.9,179.0
Andover,Phillips Wine & Spirits - St. Paul,Phillips Peppermint 60pf 1.75L,087116048614,2,2.9,1,6,13.53,81.0
Andover,Phillips Wine & Spirits - St. Paul,Bailey's Irish Cream 1.75L,086767210029,4,2.9,1,6,35.37,212.0
Andover,Phillips Wine & Spirits - St. Paul,Bulleit 95 Rye Whiskey 1.75L,082000766070,3,3.2,1,6,38.0,228.0
Andover,Southern Glazer's Wine & Spirits of MN,Mi Campo Reposado Tequila 1.75L,086003272125,0,0.0,1,3,34.33,103.0
Andover,Southern Glazer's Wine & Spirits of MN,On The Rocks Variety Pack 8pk 12oz can,080686012580,0,0.0,2,6,16.48,99.0
Andover,Southern Glazer's Wine & Spirits of MN,Bacardi Mango Chile Rum 1.75L,080480988425,0,0.0,1,6,17.16,103.0
Andover,Southern Glazer's Wine & Spirits of MN,Grey Goose Classic Martini 750ml,080480988470,0,0.0,1,6,24.24,145.0
Andover,Southern Glazer's Wine & Spirits of MN,On The Rocks Jalapeno Margarita 750ml,080686004950,0,0.0,1,6,15.07,90.0
Andover,Southern Glazer's Wine & Spirits of MN,On The Rocks Lemon Drop Martini 750ml,080686008941,0,0.0,1,6,15.07,90.0
Andover,Southern Glazer's Wine & Spirits of MN,Bakers Bourbon 750ml,080686015406,0,0.0,1,6,45.71,274.0
Andover,Southern Glazer's Wine & Spirits of MN,Teeling Small Batch 750ml,720815280038,0,0.0,1,6,22.36,134.0
Andover,Southern Glazer's Wine & Spirits of MN,WhistlePig PiggyBack Rye 750ml,850001901116,0,0.0,1,6,29.49,177.0
Andover,Southern Glazer's Wine & Spirits of MN,Santa Teresa Solera Rum 1796 750ml,850018114028,0,0.0,1,6,37.49,225.0
Andover,Southern Glazer's Wine & Spirits of MN,Glenlivet Caribbean Reserve 750ml,080432115763,0,0.0,1,6,30.26,182.0
Andover,Southern Glazer's Wine & Spirits of MN,On The Rocks Whiskey Sour 750ml,080686011378,0,0.0,1,6,15.07,90.0
Andover,Southern Glazer's Wine & Spirits of MN,Booker's Bourbon 750ml,080686011408,0,0.0,1,6,63.34,380.0
Andover,Southern Glazer's Wine & Spirits of MN,Suntory Roku Gin 750ml,080686958031,0,0.0,1,6,19.93,120.0
Andover,Southern Glazer's Wine & Spirits of MN,High West Cask Collection Barbados Rum Barrel Finish 750ml,086003267305,0,0.0,1,6,25.0,150.0
Andover,Southern Glazer's Wine & Spirits of MN,Hochstadter's Rock and Rye Slow & Low 750ml,898804009004,0,0.0,1,6,18.11,109.0
Andover,Southern Glazer's Wine & Spirits of MN,Angel's Envy Bourbon 750ml,850047003003,0,0.0,1,6,35.11,211.0
Andover,Southern Glazer's Wine & Spirits of MN,On The Rocks Lime Margarita 4pk 12oz can,080686009498,0,0.0,2,12,8.24,99.0
Andover,Southern Glazer's Wine & Spirits of MN,Elijah Craig BBN Small Batch 94 1.75L,096749000074,0,0.0,2,12,34.88,419.0
Andover,Southern Glazer's Wine & Spirits of MN,Bacardi Gold 1.75L,080480025205,0,0.0,2,12,17.16,206.0
Andover,Southern Glazer's Wine & Spirits of MN,Glenlivet Scotch 12 Yr 750ml,080432400630,0,0.0,1,12,34.21,411.0
Andover,Southern Glazer's Wine & Spirits of MN,Mi Campo Spicy Margarita 375ml,086003272057,0,0.0,1,12,7.63,92.0
Andover,Southern Glazer's Wine & Spirits of MN,Malibu Pineapple Rum Liter,089540463124,0,0.0,1,12,11.65,140.0
Andover,Southern Glazer's Wine & Spirits of MN,Patron Reposado Tequila 375ml,721733000951,0,0.0,1,12,18.86,226.0
Andover,Southern Glazer's Wine & Spirits of MN,Seagrams Extra Dry Gin Liter,080432401255,0,0.0,1,12,9.36,112.0
Andover,Southern Glazer's Wine & Spirits of MN,Bacardi Limon Rum Liter,080480355302,0,0.0,1,12,11.95,143.0
Andover,Southern Glazer's Wine & Spirits of MN,Jim Beam Honey 375ml,080686006084,0,0.0,1,24,8.5,204.0
Andover,Southern Glazer's Wine & Spirits of MN,99 Peanut Butter Whisky 50ml,088004038557,0,0.0,1,120,0.6,72.0
Andover,Southern Glazer's Wine & Spirits of MN,Jagermeister 1.75L,083089660174,1,0.1,5,30,29.84,895.0
Andover,Southern Glazer's Wine & Spirits of MN,Sauza Hornitos Plata 750ml,080686835325,1,0.2,2,24,13.94,335.0
Andover,Southern Glazer's Wine & Spirits of MN,Evan Williams Bourbon 1.75L,096749021147,2,0.3,4,24,17.39,417.0
Andover,Southern Glazer's Wine & Spirits of MN,Black Velvet Canadian 1.75L,088100134511,2,0.4,4,24,13.06,314.0
Andover,Southern Glazer's Wine & Spirits of MN,Burnett's Vodka 1.75L,096749200313,1,0.5,2,12,10.13,122.0
Andover,Southern Glazer's Wine & Spirits of MN,99 Peppermint 50ml,088004024086,15,0.5,1,120,0.6,72.0
Andover,Southern Glazer's Wine & Spirits of MN,High West Old Fashioned 750ml,086003267107,1,0.6,1,6,21.59,130.0
Andover,Southern Glazer's Wine & Spirits of MN,Bacardi Superior Light Rum 375ml,080480015602,3,0.6,1,24,4.58,110.0
Andover,Southern Glazer's Wine & Spirits of MN,Maker's Mark Bourbon 1.75L,085246139417,2,0.7,2,12,40.45,485.0
Andover,Southern Glazer's Wine & Spirits of MN,Christian Brothers Brandy 1.75L,086036815474,4,0.7,4,24,14.78,355.0
Andover,Southern Glazer's Wine & Spirits of MN,Grey Goose Vodka 1.75L,080480280000,4,0.8,3,18,35.99,648.0
Andover,Southern Glazer's Wine & Spirits of MN,Seagrams Extra Dry Gin 1.75L,080432401262,1,0.9,1,6,4.99,30.0
Andover,Southern Glazer's Wine & Spirits of MN,Svedka Vodka 100pf 1.75L,088004071370,3,0.9,2,12,14.62,175.0
Andover,Southern Glazer's Wine & Spirits of MN,Chi-Chi's Margarita 1.75L,089000018758,2,1.0,2,12,9.0,108.0
Andover,Southern Glazer's Wine & Spirits of MN,Lunazul Reposado Tequila Liter,096749908011,4,1.0,1,12,15.31,184.0
Andover,Southern Glazer's Wine & Spirits of MN,99 Apples 50ml,089000118397,28,1.0,1,120,0.6,72.0
Andover,Southern Glazer's Wine & Spirits of MN,Grey Goose Vodka Liter,080480280017,2,1.1,1,6,20.33,122.0
Andover,Southern Glazer's Wine & Spirits of MN,Jameson Irish Whiskey Liter,080432500118,13,1.2,3,36,26.9,968.0
Andover,Southern Glazer's Wine & Spirits of MN,Bacardi Superior Light Rum Traveler,080480015459,5,1.3,1,12,10.45,125.0
Andover,Southern Glazer's Wine & Spirits of MN,99 Watermelons 50ml,089000991044,42,1.3,1,120,0.6,72.0
Andover,Southern Glazer's Wine & Spirits of MN,818 Tequila Blanco 750ml,195893687015,1,1.4,1,6,18.95,114.0
Andover,Southern Glazer's Wine & Spirits of MN,On the Rocks Strawberry Daiquiri 375ml,080686007241,1,1.4,1,12,8.6,103.0
Andover,Southern Glazer's Wine & Spirits of MN,Tequila Rose Strawberry 750ml,085592121043,1,1.4,1,12,19.5,234.0
Andover,Southern Glazer's Wine & Spirits of MN,Svedka Vodka Traveler,617768121757,13,1.5,2,24,7.37,177.0
Andover,Southern Glazer's Wine & Spirits of MN,Canadian Club 1.75L,080686821120,5,1.6,2,12,16.08,193.0
Andover,Southern Glazer's Wine & Spirits of MN,Barton Vodka 750ml,082928114151,3,1.6,1,12,5.08,61.0
Andover,Southern Glazer's Wine & Spirits of MN,Bacardi Limon Rum 50ml,080480356200,52,1.6,1,120,0.83,100.0
Andover,Southern Glazer's Wine & Spirits of MN,Admiral Nelson's Spiced Rum 1.75L,096749086269,4,1.7,1,6,2.15,13.0
Andover,Southern Glazer's Wine & Spirits of MN,Skrewball Peanut Butter Whiskey 750ml,860265002405,2,1.7,1,12,18.77,225.0
Andover,Southern Glazer's Wine & Spirits of MN,Christian Brothers Brandy Liter,086036815559,3,1.8,1,12,8.8,106.0
Andover,Southern Glazer's Wine & Spirits of MN,Dekuyper Triple Sec Liter,080686310143,7,1.9,1,12,5.48,66.0
Andover,Southern Glazer's Wine & Spirits of MN,On The Rocks Espresso Martini 750ml,080686004967,1,2.1,1,6,15.07,90.0
Andover,Southern Glazer's Wine & Spirits of MN,Tequila Ocho Plata Tequila 750ml,898627001308,1,2.1,1,6,0.0,0.0
Andover,Southern Glazer's Wine & Spirits of MN,Tequila Ocho Tequila Reposado 750ml,898627001315,1,2.1,1,6,46.24,277.0
Andover,Southern Glazer's Wine & Spirits of MN,Mi Campo Reposado 750ml,086003272019,1,2.1,1,12,10.06,121.0
Andover,Southern Glazer's Wine & Spirits of MN,Black Velvet Toasted Caramel 750ml,088100134856,1,2.1,1,12,7.19,86.0
Andover,Southern Glazer's Wine & Spirits of MN,Bacardi Limon Rum 1.75L,080480355203,32,2.4,4,24,17.15,412.0
Andover,Southern Glazer's Wine & Spirits of MN,Carolans Irish Cream 750ml,721059517508,4,2.4,1,12,10.68,128.0
Andover,Southern Glazer's Wine & Spirits of MN,Evan Williams 100 Proof 1.75L,096749021178,3,2.6,1,6,21.87,131.0
Andover,Southern Glazer's Wine & Spirits of MN,99 Peaches 50ml,089000990610,137,2.6,1,120,0.6,72.0
Andover,Southern Glazer's Wine & Spirits of MN,Bacardi Superior Light Rum Liter,080480015305,13,2.8,1,12,11.95,143.0
Andover,Southern Glazer's Wine & Spirits of MN,Beefeater Gin 1.75L,089540333472,2,2.9,1,6,22.59,136.0
Andover,Southern Glazer's Wine & Spirits of MN,Redwood Empire Pipe Dream Bourbon 750ml,851718000710,2,2.9,1,6,27.75,166.0
Andover,Southern Glazer's Wine & Spirits of MN,Jim Beam Black 7yr 1.75L,080686007777,4,2.9,1,6,29.41,176.0
Andover,Southern Glazer's Wine & Spirits of MN,Dekuyper Buttershots Liter,080686319207,2,2.9,1,12,6.67,80.0
Andover,Southern Glazer's Wine & Spirits of MN,Dekuyper Peachtree Schnapps Liter,080686365204,2,2.9,1,12,6.67,80.0
Andover,Southern Glazer's Wine & Spirits of MN,Chi-Chi's Mexican Mudslide 750ml,080660018843,4,2.9,1,12,3.75,45.0
Andover,Southern Glazer's Wine & Spirits of MN,99 Lemon Lime Schnapps 50ml,088004039677,193,3.1,1,120,0.6,72.0
Andover,Southern Glazer's Wine & Spirits of MN,99 Strawberries Schnapps 50ml,088004039653,174,3.3,1,120,0.6,72.0
Andover,Southern Glazer's Wine & Spirits of MN,Svedka Vodka 200ml,617768112007,8,3.4,1,48,1.43,68.0
Andover,Southern Glazer's Wine & Spirits of MN,Bombay Sapphire Gin 1.75L,080480301002,5,3.6,1,6,31.25,188.0
Andover,Southern Glazer's Wine & Spirits of MN,Kahlua Liter,089540122700,10,3.6,1,12,23.75,285.0
Andover,Southern Glazer's Wine & Spirits of MN,99 Root Beer 50ml,088004023850,183,3.6,1,120,0.6,72.0
Andover,Southern Glazer's Wine & Spirits of MN,Elijah Craig BBN Small Batch 94 750ml,096749000067,7,3.8,1,12,16.23,195.0
Andover,Southern Glazer's Wine & Spirits of MN,Bacardi Superior Light Rum 1.75L,080480015206,101,3.9,1,6,15.69,94.0
Andover,Southern Glazer's Wine & Spirits of MN,99 Bananas 50ml,080660620992,103,4.0,1,120,0.6,72.0
Andover,"Vinocopia, Inc",Post Meridiem Old Fashioned 100ml RTD,858173008015,0,0.0,1,24,2.32,56.0
Andover,"Vinocopia, Inc",Arrow Creme de Menthe White Schnapps Liter,088352118406,1,2.1,1,12,6.9,83.0
Andover,"Vinocopia, Inc",Post Meridiem Margarita 100ml RTD,858173008114,4,2.9,1,24,3.0,72.0
Blaine,Bellboy Corporation,Captain Morgan White 1.75L,082000766858,0,0.0,1,6,16.1,97.0
Blaine,Bellboy Corporation,Zarpado Blanco 1.75L,810879022061,0,0.0,1,6,30.83,185.0
Blaine,Bellboy Corporation,Reyka Vodka Liter,083664869282,0,0.0,1,6,17.83,107.0
Blaine,Bellboy Corporation,Fuyu Japanese Whisky 750ml,4997738171484,0,0.0,1,6,28.0,168.0
Blaine,Bellboy Corporation,Sazerac Rye 750ml,088004139940,0,0.0,1,6,20.98,126.0
Blaine,Bellboy Corporation,Heaven Hill Bottled-in-Bond 7yr 750ml,096749002429,0,0.0,1,6,31.26,188.0
Blaine,Bellboy Corporation,Belvedere Vodka Organic 750ml,081753837822,0,0.0,2,12,23.66,284.0
Blaine,Bellboy Corporation,Everclear Liter,088352123080,0,0.0,1,12,14.12,169.0
Blaine,Bellboy Corporation,Crown Royal Salted Caramel 750ml,082000783978,0,0.0,1,12,20.43,245.0
Blaine,Bellboy Corporation,Twisted Shotz Strawberry Sundae 4pk,766427003405,0,0.0,1,18,4.24,76.0
Blaine,Bellboy Corporation,Old Fitzgerald 7 Year Bottled In Bond 750ml,096749005796,1,0.4,2,12,40.0,480.0
Blaine,Bellboy Corporation,Steel 43 Vodka 750ml,810879021378,4,0.7,2,24,8.33,200.0
Blaine,Bellboy Corporation,Buddy's American Vodka Liter,810879022351,4,0.9,2,24,7.08,170.0
Blaine,Bellboy Corporation,The Botanist Islay Gin 750ml,087236700362,1,1.1,1,6,26.67,160.0
Blaine,Bellboy Corporation,Tonka Vodka 1.75L,852546003096,2,1.1,1,6,15.0,90.0
Blaine,Bellboy Corporation,Licor 43 750ml,029929115411,1,1.1,1,12,21.25,255.0
Blaine,Bellboy Corporation,Tonka Vodka 50ml,197644697847,10,1.3,1,60,0.67,40.0
Blaine,Bellboy Corporation,Ketel One Vodka 1.75L,085156803682,17,1.7,4,24,26.1,626.0
Blaine,Bellboy Corporation,Jackson Morgan Salted Caramel Cream 750ml,855400005038,3,1.8,1,6,16.48,99.0
Blaine,Bellboy Corporation,Rumple Minze 375ml,086767705433,4,1.9,1,12,7.12,85.0
Blaine,Bellboy Corporation,Green Spot Irish Whiskey 750ml,080432105993,1,2.1,1,6,45.83,275.0
Blaine,Bellboy Corporation,Reyka Vodka 750ml,083664869213,2,2.1,1,6,14.83,89.0
Blaine,Bellboy Corporation,Planteray 5yr Rum 750ml,695521154860,2,2.1,1,6,21.48,129.0
Blaine,Bellboy Corporation,Russell's Reserve 10yr 750ml,721059957502,3,2.1,1,6,32.5,195.0
Blaine,Bellboy Corporation,Hennessy VS Cognac 200ml,088110150525,11,2.6,1,24,9.94,239.0
Blaine,Bellboy Corporation,Don Julio Reposado Tequila 1.75L,674545000636,2,2.9,1,3,80.67,242.0
Blaine,Bellboy Corporation,Copper & Cask Small Batch #13 8yr Cigar 750ml,810879029657,4,2.9,1,6,40.5,243.0
Blaine,Bellboy Corporation,Smirnoff Vodka Liter,08200501,6,2.9,1,12,10.65,128.0
Blaine,Bellboy Corporation,Johnnie Walker Gold Reserve 750ml,088076178243,3,3.2,1,6,44.63,268.0
Blaine,Bellboy Corporation,Disaronno Amaretto 750ml,050037014501,9,3.5,1,12,21.0,252.0
Blaine,Bellboy Corporation,Buffalo Trace Bourbon Cream 750ml,080244003715,5,3.6,1,12,16.5,198.0
Blaine,Bellboy Corporation,Espolon Blanco Tequila 750ml,721059707503,17,3.8,1,12,20.6,247.0
Blaine,"Breakthru Beverage Minnesota Wine & Spirits, LLC",Wiser's Deluxe Canadian Whisky 1.75L,048415000109,0,0.0,1,6,22.49,135.0
Blaine,"Breakthru Beverage Minnesota Wine & Spirits, LLC",Uncle Nearest Whiskey 1884 Small Batch 750ml,040232379123,0,0.0,1,6,31.79,191.0
Blaine,"Breakthru Beverage Minnesota Wine & Spirits, LLC",Carpano Antica Formula Liter,084105341008,0,0.0,1,6,32.26,194.0
Blaine,"Breakthru Beverage Minnesota Wine & Spirits, LLC",Templeton Rye 4yr 750ml,720815920101,0,0.0,1,6,22.5,135.0
Blaine,"Breakthru Beverage Minnesota Wine & Spirits, LLC",Green River Bourbon 90 PRF 750ml,810735017460,0,0.0,1,6,5.06,30.0
Blaine,"Breakthru Beverage Minnesota Wine & Spirits, LLC",Taaka Vodka 1.75L,088004010126,0,0.0,2,12,8.78,105.0
Blaine,"Breakthru Beverage Minnesota Wine & Spirits, LLC",Fireball Party Bucket,088004029296,0,0.0,2,12,11.84,142.0
Blaine,"Breakthru Beverage Minnesota Wine & Spirits, LLC",Hendrick's Gin 750ml,083664990436,1,0.4,2,12,24.59,295.0
Blaine,"Breakthru Beverage Minnesota Wine & Spirits, LLC",Taaka Vodka 750ml,088004011543,5,0.8,2,24,4.5,108.0
Blaine,"Breakthru Beverage Minnesota Wine & Spirits, LLC",Hendrick's Gin 1.75L,083664869756,1,0.9,1,6,44.98,270.0
Blaine,"Breakthru Beverage Minnesota Wine & Spirits, LLC",Seagrams VO Canadian 1.75L,088004036157,2,0.9,2,12,18.99,228.0
Blaine,"Breakthru Beverage Minnesota Wine & Spirits, LLC",Reyka Vodka 1.75L,083664869725,1,1.1,1,6,26.16,157.0
Blaine,"Breakthru Beverage Minnesota Wine & Spirits, LLC",Yukon Jack 50ml,088004035785,43,1.2,1,120,0.52,63.0
Blaine,"Breakthru Beverage Minnesota Wine & Spirits, LLC",Milagro Reposado Tequila 750ml,083664868940,3,1.3,2,12,17.81,214.0
Blaine,"Breakthru Beverage Minnesota Wine & Spirits, LLC",Midnight Moonshake Chocolate Brownie 750ml,850015676482,1,1.4,1,6,17.0,102.0
Blaine,"Breakthru Beverage Minnesota Wine & Spirits, LLC",Goldschlager 50ml,088004035761,31,1.8,1,120,0.62,75.0
Blaine,"Breakthru Beverage Minnesota Wine & Spirits, LLC",Fireball Whisky 750ml,088004144692,14,2.1,2,24,9.0,216.0
Blaine,"Breakthru Beverage Minnesota Wine & Spirits, LLC",Rich & Rare Canadian Whiskey 1.75L,08800400033,7,2.5,1,6,8.63,52.0
Blaine,"Breakthru Beverage Minnesota Wine & Spirits, LLC",Fireball Whisky 1.75L,088004009281,9,2.6,1,6,17.67,106.0
Blaine,"Breakthru Beverage Minnesota Wine & Spirits, LLC",Buffalo Trace Bourbon Cream 50ml,088004034757,53,2.7,1,120,0.68,81.0
Blaine,"Breakthru Beverage Minnesota Wine & Spirits, LLC",Platinum Vodka 1.75L,088004012724,12,2.9,1,6,9.72,58.0
Blaine,"Breakthru Beverage Minnesota Wine & Spirits, LLC",Southern Comfort 1.75L,088544018910,5,3.1,1,6,15.24,91.0
Blaine,"Breakthru Beverage Minnesota Wine & Spirits, LLC",Sailor Jerry Spiced Rum Liter,083664868377,6,3.7,1,12,14.27,171.0
Blaine,"Breakthru Beverage Minnesota Wine & Spirits, LLC",Margaritaville Gold Tequila 50ml,086024007997,40,3.7,1,120,0.34,41.0
Blaine,"Grape Beginnings, Inc.",J. Henry & Sons Four Grain Rye Whiskey,860009203235,1,2.1,1,6,34.97,210.0
Blaine,Johnson Brothers - St. Paul,High Noon Black Cherry 4pk 12oz can,085000429273,-1,-0.3,3,18,8.87,160.0
Blaine,Johnson Brothers - St. Paul,Casamigos Blanco 1.75L,856724006145,0,0.0,1,3,70.78,212.0
Blaine,Johnson Brothers - St. Paul,Don Q Coco Rum 1.75L,082301175908,0,0.0,1,6,16.18,97.0
Blaine,Johnson Brothers - St. Paul,Don Julio Gift Pack 3pk 375ml,088076190856,0,0.0,1,6,40.39,242.0
Blaine,Johnson Brothers - St. Paul,Tippy Cow Shamrock Mint 750ml,890355001162,0,0.0,1,6,14.54,87.0
Blaine,Johnson Brothers - St. Paul,Smirnoff 100 Pf Vodka 1.75L,082000105749,0,0.0,1,6,15.39,92.0
Blaine,Johnson Brothers - St. Paul,High Noon Mango 4pk 12oz can,085000432327,0,0.0,1,6,8.49,51.0
Blaine,Johnson Brothers - St. Paul,Johnnie Walker Red 1.75L,088076163164,0,0.0,1,6,29.73,178.0
Blaine,Johnson Brothers - St. Paul,Hennessy VS Cognac 1.75L,088110150587,0,0.0,1,6,64.3,386.0
Blaine,Johnson Brothers - St. Paul,High Noon Pineapple 4pk 12oz can,085000429266,0,0.0,7,42,8.79,369.0
Blaine,Johnson Brothers - St. Paul,1800 Coconut Tequila 750ml,811538010375,0,0.0,1,12,18.21,218.0
Blaine,Johnson Brothers - St. Paul,Jose Cuervo Tradicional Gold 750ml,811538011372,0,0.0,1,12,15.32,184.0
Blaine,Johnson Brothers - St. Paul,1800 Tequila Reposado 200ml,811538010108,0,0.0,1,24,4.94,119.0
Blaine,Johnson Brothers - St. Paul,New Amsterdam Gin 1.75L,085000014301,1,0.2,4,24,16.61,399.0
Blaine,Johnson Brothers - St. Paul,Hennessy VS Cognac Liter,088110150563,1,0.2,2,24,40.23,966.0
Blaine,Johnson Brothers - St. Paul,Smirnoff Kissed Caramel Vodka Liter,082000759621,1,0.3,2,24,10.13,243.0
Blaine,Johnson Brothers - St. Paul,Four Roses Small Batch 750ml,040063400317,1,0.4,2,12,23.8,286.0
Blaine,Johnson Brothers - St. Paul,Johnnie Walker Black 1.75L,088076163171,1,0.5,2,12,49.0,588.0
Blaine,Johnson Brothers - St. Paul,Smirnoff Vodka 1.75L,082000727606,14,0.5,16,96,14.61,1402.0
Blaine,Johnson Brothers - St. Paul,1800 Silver Tequila 1.75L,811538010153,3,0.6,3,18,31.5,567.0
Blaine,Johnson Brothers - St. Paul,Four Roses Bourbon 1.75L,040063400430,4,0.6,4,24,27.55,661.0
Blaine,Johnson Brothers - St. Paul,E&J Brandy 1.75L,08541509,8,0.6,8,48,17.67,848.0
Blaine,Johnson Brothers - St. Paul,New Amsterdam Vodka 750ml,085000019498,2,0.8,1,12,9.0,108.0
Blaine,Johnson Brothers - St. Paul,Rondiaz Spiced Rum 1.75L,084279901671,2,0.9,2,12,4.57,55.0
Blaine,Johnson Brothers - St. Paul,Rondiaz Silver Rum 1.75L,084279902715,5,1.0,3,18,15.28,275.0
Blaine,Johnson Brothers - St. Paul,Fireball Whisky 200ml,088004144739,8,1.0,1,48,2.91,140.0
Blaine,Johnson Brothers - St. Paul,Gray Duck 1.75L,860199002618,17,1.1,8,48,16.0,768.0
Blaine,Johnson Brothers - St. Paul,E&J VSOP Brandy Traveler,085000016084,2,1.1,1,12,10.5,126.0
Blaine,Johnson Brothers - St. Paul,Smirnoff Vodka Traveler,08295004,11,1.1,3,36,7.96,286.0
Blaine,Johnson Brothers - St. Paul,High Noon Watermelon 4pk 12oz can,085000429259,2,1.2,1,6,8.65,52.0
Blaine,Johnson Brothers - St. Paul,Rum Chata Liter,890355001018,2,1.2,1,6,21.6,130.0
Blaine,Johnson Brothers - St. Paul,Campari Aperitivo 750ml,721059047500,2,1.2,1,12,24.84,298.0
Blaine,Johnson Brothers - St. Paul,E&J Brandy Traveler,085000011126,3,1.2,1,12,9.0,108.0
Blaine,Johnson Brothers - St. Paul,Jose Cuervo Gold Tequila 200ml,082000192954,8,1.2,1,48,4.19,201.0
Blaine,Johnson Brothers - St. Paul,1800 Reposado Tequila 1.75L,811538010252,3,1.3,2,12,35.84,430.0
Blaine,Johnson Brothers - St. Paul,Pendleton Canadian Whiskey 1.75L,084104115921,3,1.4,1,6,30.37,182.0
Blaine,Johnson Brothers - St. Paul,High Noon Peach 4pk 12oz can,085000431375,5,1.4,2,12,8.68,104.0
Blaine,Johnson Brothers - St. Paul,Gran Centenario Reposado Tequila 750ml,721059247511,1,1.4,1,12,22.7,272.0
Blaine,Johnson Brothers - St. Paul,Gray Duck Liter,860199002601,4,1.4,1,12,11.28,135.0
Blaine,Johnson Brothers - St. Paul,New Amsterdam Vodka Liter,085000019504,4,1.6,1,12,7.26,87.0
Blaine,Johnson Brothers - St. Paul,Smirnoff Pink Lemonade 750ml,082000797203,2,1.7,1,12,8.16,98.0
Blaine,Johnson Brothers - St. Paul,New Amsterdam Grapefruit Vodka 50ml,08563802,42,1.7,1,120,0.67,80.0
Blaine,Johnson Brothers - St. Paul,Hennessy VS Cognac 375ml,088110150624,7,1.8,1,12,14.17,170.0
Blaine,Johnson Brothers - St. Paul,Fireball Whisky 375ml,088004144722,22,2.0,1,24,5.1,123.0
Blaine,Johnson Brothers - St. Paul,Casamigos Reposado 1.75L,856724006244,1,2.1,1,3,79.8,239.0
Blaine,Johnson Brothers - St. Paul,Lagavulin 11yr Sweet Peat 750ml,088076190641,1,2.1,1,6,52.5,315.0
Blaine,Johnson Brothers - St. Paul,Gordons Gin 1.75L,08860032,5,2.1,1,6,15.87,95.0
Blaine,Johnson Brothers - St. Paul,Jose Cuervo Gold Tequila 750ml,811538010832,10,2.1,1,12,13.2,158.0
Blaine,Johnson Brothers - St. Paul,New Amsterdam Vodka 50ml,08588005,113,2.1,1,120,0.67,80.0
Blaine,Johnson Brothers - St. Paul,New Amsterdam Vodka 1.75L,085000019511,17,2.3,3,18,14.36,258.0
Blaine,Johnson Brothers - St. Paul,E&J Brandy Liter,08541800,8,2.3,1,12,10.57,127.0
Blaine,Johnson Brothers - St. Paul,Karkov Vodka 375ml,084279184265,12,2.4,1,24,3.58,86.0
Blaine,Johnson Brothers - St. Paul,High Noon Tropical Variety Pack 8pk 12oz can,085000032558,15,2.5,4,12,16.59,199.0
Blaine,Johnson Brothers - St. Paul,Aperol Aperitivo 750ml,721059001311,10,2.5,1,6,15.82,95.0
Blaine,Johnson Brothers - St. Paul,Karkov Vodka 1.75L,084279184227,54,2.5,6,36,5.05,182.0
Blaine,Johnson Brothers - St. Paul,1800 Silver Tequila 750ml,811538010139,7,2.5,1,12,10.18,122.0
Blaine,Johnson Brothers - St. Paul,High Noon Tequila Fiesta Pack 8pk 12oz can,085000037393,9,2.6,2,6,18.15,109.0
Blaine,Johnson Brothers - St. Paul,E&J VSOP Brandy 1.75L,085000003930,3,2.6,1,6,19.22,115.0
Blaine,Johnson Brothers - St. Paul,Casamigos Anejo 750ml,856724006015,3,2.6,1,6,42.06,252.0
Blaine,Johnson Brothers - St. Paul,New Amsterdam Pink Whitney Liter,085000031353,8,2.6,1,12,10.5,126.0
Blaine,Johnson Brothers - St. Paul,Old Forester Barrel Strength Top Ten Liquors Private Barrel 750ml,081128002664,5,2.7,1,6,67.49,405.0
Blaine,Johnson Brothers - St. Paul,Kinky Blue 750ml,084279991535,2,2.9,1,6,12.79,77.0
Blaine,Johnson Brothers - St. Paul,Pendleton Canadian Whiskey 750ml,084104115914,4,2.9,1,12,13.07,157.0
Blaine,Johnson Brothers - St. Paul,E&J Apple Brandy 750ml,085000024041,4,2.9,1,12,9.0,108.0
Blaine,Johnson Brothers - St. Paul,New Amsterdam Pink Whitney 50ml,08567507,217,3.0,1,120,0.67,80.0
Blaine,Johnson Brothers - St. Paul,New Amsterdam Gin Liter,085000016176,8,3.1,1,12,12.0,144.0
Blaine,Johnson Brothers - St. Paul,Kinky Orange Cream 50ml,084279008578,19,3.1,1,120,0.44,52.0
Blaine,Johnson Brothers - St. Paul,New Amsterdam Peach Vodka 1.75L,085000021651,3,3.2,1,6,15.3,92.0
Blaine,Johnson Brothers - St. Paul,Kraken Black Spiced Rum (White Label) 1.75L,811538013017,3,3.2,1,6,14.94,90.0
Blaine,Johnson Brothers - St. Paul,Casamigos Blanco Tequila 375ml,856724006121,3,3.2,1,12,16.77,201.0
Blaine,Johnson Brothers - St. Paul,Jose Cuervo Gold Tequila 375ml,811538010887,13,3.3,1,24,7.25,174.0
Blaine,Johnson Brothers - St. Paul,Casamigos Reposado 750ml,856724006213,4,3.4,1,6,29.95,180.0
Blaine,Johnson Brothers - St. Paul,Smirnoff 100 Pf Vodka 200ml,08201209,17,3.5,1,48,2.65,127.0
Blaine,Johnson Brothers - St. Paul,New Amsterdam Raspberry 1.75L,085000026175,5,3.6,1,6,15.3,92.0
Blaine,Johnson Brothers - St. Paul,Tip Top Cosmo 100ml,850003799865,8,3.8,1,24,3.5,84.0
Blaine,Johnson Brothers - St. Paul,Jose Cuervo Silver Tequila Liter,811538010825,11,3.9,1,12,11.74,141.0
Blaine,Libation Project,Revive Carbon Negative Gin 750ml,761371708437,0,0.0,1,6,30.0,180.0
Blaine,Libation Project,King's County Straight Bourbon 750ml,853396007180,0,0.0,1,6,52.67,316.0
Blaine,Libation Project,Dolin Rouge Vermouth 750ml,3274510003814,0,0.0,1,12,12.58,151.0
Blaine,Libation Project,Dolin Rouge Vermouth 375ml,3274510003906,0,0.0,1,12,8.93,107.0
Blaine,"New France Wine Co, Inc",Springbank 12 Year Cask Strength,610854007102,0,0.0,1,6,112.67,676.0
Blaine,"New France Wine Co, Inc",Springbank 5 Year Single Malt 700ml,610854010959,0,0.0,1,6,62.0,372.0
Blaine,"New France Wine Co, Inc",Hazelburn 7 Year Oloroso Scotch 700ml,610854011116,0,0.0,1,6,135.33,812.0
Blaine,"New France Wine Co, Inc",10000 Drops Dem Apples Rum 750ml,852955008163,0,0.0,1,6,19.5,117.0
Blaine,Phillips Wine & Spirits - St. Paul,Buzzballz Chli Mango 1.75L,851091006187,0,0.0,1,3,15.0,45.0
Blaine,Phillips Wine & Spirits - St. Paul,Prairie Gin 1.75L,087116000384,0,0.0,1,6,25.68,154.0
Blaine,Phillips Wine & Spirits - St. Paul,2 Gingers 1.75L,080686294016,0,0.0,2,12,25.25,303.0
Blaine,Phillips Wine & Spirits - St. Paul,Redemption Rye Whiskey 750ml,031259000695,0,0.0,1,12,18.06,217.0
Blaine,Phillips Wine & Spirits - St. Paul,Redemption Bourbon 750ml,031259004624,0,0.0,1,12,13.44,161.0
Blaine,Phillips Wine & Spirits - St. Paul,Phillips Rootbeer Schnapps Traveler,087116013193,0,0.0,1,12,7.32,88.0
Blaine,Phillips Wine & Spirits - St. Paul,Phillips Amaretto Liter,087116048249,0,0.0,1,12,9.39,113.0
Blaine,Phillips Wine & Spirits - St. Paul,Crown Royal Vanilla 750ml,082000776598,0,0.0,1,12,19.81,238.0
Blaine,Phillips Wine & Spirits - St. Paul,2 Gingers 50ml,080686294030,0,0.0,1,96,0.67,64.0
Blaine,Phillips Wine & Spirits - St. Paul,Bulleit 95 Rye Whiskey 1.75L,082000766070,1,0.9,1,6,38.0,228.0
Blaine,Phillips Wine & Spirits - St. Paul,Bailey's Chocolate 750ml,086767705488,1,0.9,1,12,19.01,228.0
Blaine,Phillips Wine & Spirits - St. Paul,Captain Morgan Spiced Rum Liter,08727008,6,0.9,2,24,14.9,358.0
Blaine,Phillips Wine & Spirits - St. Paul,Phillips Blackberry Brandy 1.75L,087116003507,1,1.1,1,6,16.03,96.0
Blaine,Phillips Wine & Spirits - St. Paul,Phillips Vodka 1.75L,087116018099,13,1.1,6,36,10.5,378.0
Blaine,Phillips Wine & Spirits - St. Paul,Crown Royal Marquis 750ml,082000809616,1,1.1,1,12,30.0,360.0
Blaine,Phillips Wine & Spirits - St. Paul,Crown Royal Canadian Liter,087000007246,5,1.2,1,12,26.31,316.0
Blaine,Phillips Wine & Spirits - St. Paul,Crown Royal Canadian 750ml,087000007253,6,1.4,1,12,14.9,179.0
Blaine,Phillips Wine & Spirits - St. Paul,Crown Royal Blackberry 750ml,082000789550,11,1.5,2,24,17.68,424.0
Blaine,Phillips Wine & Spirits - St. Paul,Windsor Canadian 1.75L,080686500124,53,1.6,13,78,26.58,2073.0
Blaine,Phillips Wine & Spirits - St. Paul,2 Gingers Liter,080686294023,4,1.7,1,12,16.36,196.0
Blaine,Phillips Wine & Spirits - St. Paul,Ketel One Vodka 750ml,085156515417,4,1.9,1,12,15.05,181.0
Blaine,Phillips Wine & Spirits - St. Paul,Cathead Vodka 1.75L,851484003007,1,2.1,1,6,19.84,119.0
Blaine,Phillips Wine & Spirits - St. Paul,Windsor Apple 1.75L,084279007403,3,2.1,1,6,15.36,92.0
Blaine,Phillips Wine & Spirits - St. Paul,Bailey's Irish Cream 1.75L,086767210029,6,2.1,1,6,35.37,212.0
Blaine,Phillips Wine & Spirits - St. Paul,Captain Morgan Spiced Rum 1.75L,082000759102,76,2.1,11,66,19.64,1296.0
Blaine,Phillips Wine & Spirits - St. Paul,Redemption High Rye Bourbon 750ml,031259000701,1,2.1,1,12,15.68,188.0
Blaine,Phillips Wine & Spirits - St. Paul,Revel Stoke Roasted Pecan Liter,087116036116,1,2.1,1,12,13.69,164.0
Blaine,Phillips Wine & Spirits - St. Paul,Bulleit 95 Rye Whiskey Liter,082000752974,3,2.1,1,12,23.74,285.0
Blaine,Phillips Wine & Spirits - St. Paul,Crown Royal Regal Apple Liter,082000771586,9,2.1,1,12,26.55,319.0
Blaine,Phillips Wine & Spirits - St. Paul,Bulleit Bourbon 1.75L,087000004047,8,2.4,1,6,38.0,228.0
Blaine,Phillips Wine & Spirits - St. Paul,Keeper's Heart Old Fashioned  750ml,850030494436,3,2.6,1,6,21.42,129.0
Blaine,Phillips Wine & Spirits - St. Paul,Phillips UV Blue Raspberry Liter,087116014473,3,2.6,1,12,9.58,115.0
Blaine,Phillips Wine & Spirits - St. Paul,Fireball Whisky 100ml,088004009373,57,2.6,1,48,1.19,57.0
Blaine,Phillips Wine & Spirits - St. Paul,Campo Bravo Plata 50ml,850008153129,42,2.8,1,72,0.65,47.0
Blaine,Phillips Wine & Spirits - St. Paul,Vikre Boreal Cedar Gin 750ml,862367000020,2,2.9,1,6,22.5,135.0
Blaine,Phillips Wine & Spirits - St. Paul,Windsor Black Cherry 1.75L,080686500193,10,3.1,1,6,15.32,92.0
Blaine,Phillips Wine & Spirits - St. Paul,Crown Royal Regal Apple 750ml,082000771562,14,3.3,1,12,19.88,239.0
Blaine,Phillips Wine & Spirits - St. Paul,BuzzBallz Biggie Berry Cherry Limeade 1.75L,851091006347,4,3.4,1,3,15.0,45.0
Blaine,Phillips Wine & Spirits - St. Paul,Phillips Peppermint 60pf Liter,087116048621,4,3.4,1,12,5.26,63.0
Blaine,Phillips Wine & Spirits - St. Paul,Crown Royal Peach 750ml,082000782919,11,3.6,1,12,20.12,241.0
Blaine,Southern Glazer's Wine & Spirits of MN,Mi Campo Tequila Reposado 375ml,086003272071,-1,-0.4,1,12,9.93,119.0
Blaine,Southern Glazer's Wine & Spirits of MN,Seagrams Lime Gin 1.75L,080432401644,0,0.0,1,6,15.38,92.0
Blaine,Southern Glazer's Wine & Spirits of MN,Bombay Gin 1.75L,080480300005,0,0.0,1,6,22.22,133.0
Blaine,Southern Glazer's Wine & Spirits of MN,Black Velvet Reserve 8yr 1.75L,088100134634,0,0.0,1,6,16.04,96.0
Blaine,Southern Glazer's Wine & Spirits of MN,De Soi Golden Hour Sparkling Apertif N/A 4pk 8oz can,850034209289,0,0.0,1,6,10.75,64.0
Blaine,Southern Glazer's Wine & Spirits of MN,De Soi Spritz Italian Sparkling Apertif N/A 4pk 8oz can,850042868843,0,0.0,1,6,10.75,64.0
Blaine,Southern Glazer's Wine & Spirits of MN,Pantalones Tequila Reposado 750ml,850054342010,0,0.0,1,6,33.75,202.0
Blaine,Southern Glazer's Wine & Spirits of MN,Sarti Aperitivo Rosa 700ml,887341340138,0,0.0,1,6,17.97,108.0
Blaine,Southern Glazer's Wine & Spirits of MN,Tequila Ocho Plata Tequila 750ml,898627001308,0,0.0,1,6,0.0,0.0
Blaine,Southern Glazer's Wine & Spirits of MN,Tequila Ocho Tequila Reposado 750ml,898627001315,0,0.0,1,6,46.24,277.0
Blaine,Southern Glazer's Wine & Spirits of MN,Grey Goose Le Citron Vodka 750ml,080480282042,0,0.0,1,6,23.32,140.0
Blaine,Southern Glazer's Wine & Spirits of MN,Basil Haydens Bourbon 1.75L,080686012320,0,0.0,1,6,57.48,345.0
Blaine,Southern Glazer's Wine & Spirits of MN,Svedka Blackberry Vodka 1.75L,088004071851,0,0.0,1,6,14.62,88.0
Blaine,Southern Glazer's Wine & Spirits of MN,Teeling Small Batch 750ml,720815280038,0,0.0,1,6,22.36,134.0
Blaine,Southern Glazer's Wine & Spirits of MN,Olmeca Altos Plata Tequila 750ml,080432106846,0,0.0,1,6,19.04,114.0
Blaine,Southern Glazer's Wine & Spirits of MN,Jim Beam Black 7yr 1.75L,080686007777,0,0.0,1,6,29.41,176.0
Blaine,Southern Glazer's Wine & Spirits of MN,Suntory Haku Vodka 750ml,080686958024,0,0.0,1,6,19.81,119.0
Blaine,Southern Glazer's Wine & Spirits of MN,Black Velvet Toasted Caramel 1.75L,088100135037,0,0.0,1,6,13.07,78.0
Blaine,Southern Glazer's Wine & Spirits of MN,Elijah Craig BBN Small Batch 94 1.75L,096749000074,0,0.0,1,6,34.88,209.0
Blaine,Southern Glazer's Wine & Spirits of MN,On the Rocks Cosmopolitan 750ml,080686008101,0,0.0,2,12,15.51,186.0
Blaine,Southern Glazer's Wine & Spirits of MN,Knob Creek Bourbon 750ml,080686016762,0,0.0,2,12,25.26,303.0
Blaine,Southern Glazer's Wine & Spirits of MN,Calypso Spiced Rum 1.75L,085676563868,0,0.0,3,18,9.33,168.0
Blaine,Southern Glazer's Wine & Spirits of MN,Blackheart Spiced Rum 1.75L,096749011650,0,0.0,2,12,14.88,179.0
Blaine,Southern Glazer's Wine & Spirits of MN,Carolans Irish Cream 1.75L,810845030069,0,0.0,3,18,18.77,338.0
Blaine,Southern Glazer's Wine & Spirits of MN,Jim Beam Red Stag Black Cherry 750ml,080686001027,0,0.0,1,12,7.69,92.0
Blaine,Southern Glazer's Wine & Spirits of MN,99 Rootbeer 750ml,088004023812,0,0.0,1,12,2.7,32.0
Blaine,Southern Glazer's Wine & Spirits of MN,Deep Eddy Ruby Red Vodka Liter,856065002097,0,0.0,1,12,14.37,172.0
Blaine,Southern Glazer's Wine & Spirits of MN,Bombay Gin Liter,080480300012,0,0.0,1,12,14.72,177.0
Blaine,Southern Glazer's Wine & Spirits of MN,Bacardi Tropical Rum Liter,080480987176,0,0.0,1,12,11.95,143.0
Blaine,Southern Glazer's Wine & Spirits of MN,Angel's Envy Bourbon 375ml,080480987787,0,0.0,1,12,17.39,209.0
Blaine,Southern Glazer's Wine & Spirits of MN,Bombay Sapphire Gin 750ml,080480301026,0,0.0,1,12,17.58,211.0
Blaine,Southern Glazer's Wine & Spirits of MN,Barton Vodka Liter,080660472638,0,0.0,1,12,7.63,92.0
Blaine,Southern Glazer's Wine & Spirits of MN,Christian Bros Peach Brandy 750ml,096749000692,0,0.0,1,12,7.51,90.0
Blaine,Southern Glazer's Wine & Spirits of MN,Evan Williams Bourbon Liter,096749021246,0,0.0,1,12,11.25,135.0
Blaine,Southern Glazer's Wine & Spirits of MN,Carolans Irish Cream 750ml,721059517508,0,0.0,1,12,10.68,128.0
Blaine,Southern Glazer's Wine & Spirits of MN,Deep Eddy Vodka Liter,856065002042,0,0.0,1,12,7.11,85.0
Blaine,Southern Glazer's Wine & Spirits of MN,Seagrams Extra Dry Gin Traveler,080432401248,0,0.0,1,12,7.8,94.0
Blaine,Southern Glazer's Wine & Spirits of MN,Jagermeister 375ml,083089660358,0,0.0,1,12,7.36,88.0
Blaine,Southern Glazer's Wine & Spirits of MN,Kahlua Liter,089540122700,0,0.0,1,12,23.75,285.0
Blaine,Southern Glazer's Wine & Spirits of MN,Fulton's Harvest Pumpkin Pie 750ml,096749003693,0,0.0,1,12,7.56,91.0
Blaine,Southern Glazer's Wine & Spirits of MN,Dekuyper Triple Sec 750ml,08068636408,0,0.0,2,24,5.62,135.0
Blaine,Southern Glazer's Wine & Spirits of MN,Black Velvet Peach 50ml,096749004010,0,0.0,1,120,0.66,79.0
Blaine,Southern Glazer's Wine & Spirits of MN,Twisted Tea Whiskey 50ml,080686036012,0,0.0,1,120,0.67,80.0
Blaine,Southern Glazer's Wine & Spirits of MN,Sauza Hornitos Plata 750ml,080686835325,1,0.2,2,24,13.94,335.0
Blaine,Southern Glazer's Wine & Spirits of MN,Wild Turkey 101 1.75L,721059891752,1,0.3,2,12,33.58,403.0
Blaine,Southern Glazer's Wine & Spirits of MN,Burnett's Vodka 1.75L,096749200313,1,0.3,3,18,10.13,182.0
Blaine,Southern Glazer's Wine & Spirits of MN,Black Velvet Canadian Liter,088100134535,1,0.4,1,12,7.23,87.0
Blaine,Southern Glazer's Wine & Spirits of MN,St Brendans Irish Cream 750ml,088352107264,1,0.4,1,12,7.86,94.0
Blaine,Southern Glazer's Wine & Spirits of MN,Dewar's White Label Scotch 1.75L,080480230005,1,0.5,2,12,24.56,295.0
Blaine,Southern Glazer's Wine & Spirits of MN,Evan Williams Bourbon 1.75L,096749021147,7,0.5,8,48,17.39,835.0
Blaine,Southern Glazer's Wine & Spirits of MN,Grey Goose Vodka Liter,080480280017,3,0.6,3,18,20.33,366.0
Blaine,Southern Glazer's Wine & Spirits of MN,Grey Goose Vodka 1.75L,080480280000,3,0.7,3,18,35.99,648.0
Blaine,Southern Glazer's Wine & Spirits of MN,Bacardi Limon Rum 50ml,080480356200,14,0.7,1,120,0.83,100.0
Blaine,Southern Glazer's Wine & Spirits of MN,Absolut Vodka 375ml,835229000209,3,0.8,1,24,8.45,203.0
Blaine,Southern Glazer's Wine & Spirits of MN,Jameson Select Res Black Barre Liter,080432107294,1,0.9,1,6,29.69,178.0
Blaine,Southern Glazer's Wine & Spirits of MN,Pinnacle Vodka 1.75L,080686929451,1,0.9,1,6,12.21,73.0
Blaine,Southern Glazer's Wine & Spirits of MN,D'usse Cognac VSOP 375ml,080480002930,2,0.9,1,12,17.39,209.0
Blaine,Southern Glazer's Wine & Spirits of MN,Bacardi Superior Light Rum Liter,080480015305,2,0.9,1,12,11.95,143.0
Blaine,Southern Glazer's Wine & Spirits of MN,Bacardi Gold Rum 375ml,080480025601,1,0.9,1,24,4.58,110.0
Blaine,Southern Glazer's Wine & Spirits of MN,On The Rocks Cosmo 4pk 12oz can,080686012559,1,1.1,1,6,8.24,49.0
Blaine,Southern Glazer's Wine & Spirits of MN,Teremana Tequila Reposado 750ml,850015640032,3,1.1,2,12,26.25,315.0
Blaine,Southern Glazer's Wine & Spirits of MN,Patron Reposado Tequila 750ml,721733000159,1,1.1,1,12,33.26,399.0
Blaine,Southern Glazer's Wine & Spirits of MN,Chi-Chi's Mexican Mudslide 750ml,080660018843,2,1.1,1,12,3.75,45.0
Blaine,Southern Glazer's Wine & Spirits of MN,Elijah Craig BBN Small Batch 94 750ml,096749000067,3,1.1,1,12,16.23,195.0
Blaine,Southern Glazer's Wine & Spirits of MN,Patron Silver 50ml,721733000234,10,1.1,1,60,4.19,252.0
Blaine,Southern Glazer's Wine & Spirits of MN,On The Rocks Lime Margarita 4pk 12oz can,080686009498,2,1.2,1,6,8.24,49.0
Blaine,Southern Glazer's Wine & Spirits of MN,Lunazul Blanco Tequila Liter,096749908028,4,1.2,1,12,15.49,186.0
Blaine,Southern Glazer's Wine & Spirits of MN,Carolans Irish Cream Liter,810845030038,3,1.3,1,12,13.9,167.0
Blaine,Southern Glazer's Wine & Spirits of MN,Bacardi Superior Light Rum Traveler,080480015459,6,1.3,2,24,10.45,251.0
Blaine,Southern Glazer's Wine & Spirits of MN,Bakers Bourbon 750ml,080686015406,1,1.4,1,6,45.71,274.0
Blaine,Southern Glazer's Wine & Spirits of MN,Skrewball Peanut Butter Whiskey 750ml,860265002405,3,1.4,1,12,18.77,225.0
Blaine,Southern Glazer's Wine & Spirits of MN,99 Peppermint 50ml,088004024086,85,1.5,2,240,0.6,144.0
Blaine,Southern Glazer's Wine & Spirits of MN,On the Rocks Old Fashioned 750ml,080686897156,4,1.6,2,12,15.07,181.0
Blaine,Southern Glazer's Wine & Spirits of MN,Burnett's Vodka Liter,096749002023,5,1.6,1,12,6.51,78.0
Blaine,Southern Glazer's Wine & Spirits of MN,Maker's Mark Bourbon Liter,085246139424,6,1.6,1,12,25.47,306.0
Blaine,Southern Glazer's Wine & Spirits of MN,Bacardi Gold 1.75L,080480025205,4,1.7,1,6,17.16,103.0
Blaine,Southern Glazer's Wine & Spirits of MN,Patron Silver Tequila 750ml,721733000029,8,1.7,1,12,119.28,1431.0
Blaine,Southern Glazer's Wine & Spirits of MN,99 Blue Raspberries 50ml,088004039660,55,1.7,1,120,0.6,72.0
Blaine,Southern Glazer's Wine & Spirits of MN,St Germain Elderflower Liqueur 750ml,080480007379,3,1.8,1,6,21.86,131.0
Blaine,Southern Glazer's Wine & Spirits of MN,Skrewball Peanut Butter Whiskey Liter,860265002443,5,1.9,1,6,20.58,123.0
Blaine,Southern Glazer's Wine & Spirits of MN,Christian Brothers Brandy 1.75L,086036815474,11,1.9,3,18,14.78,266.0
Blaine,Southern Glazer's Wine & Spirits of MN,Absolut Vodka Liter,835229000407,6,2.0,1,12,19.58,235.0
Blaine,Southern Glazer's Wine & Spirits of MN,99 Strawberries Schnapps 50ml,088004039653,115,2.0,1,120,0.6,72.0
Blaine,Southern Glazer's Wine & Spirits of MN,On The Rocks Watermelon Margarita 4pk 12oz can,080686012511,1,2.1,1,6,8.24,49.0
Blaine,Southern Glazer's Wine & Spirits of MN,Yellowstone Select 93 750ml,088352130798,1,2.1,1,6,22.5,135.0
Blaine,Southern Glazer's Wine & Spirits of MN,Absolut Citron Vodka 1.75L,835229001602,1,2.1,1,6,30.44,183.0
Blaine,Southern Glazer's Wine & Spirits of MN,Seagrams Extra Dry Gin 1.75L,080432401262,2,2.1,1,6,4.99,30.0
Blaine,Southern Glazer's Wine & Spirits of MN,Redwood Empire Pipe Dream Bourbon 750ml,851718000710,2,2.1,1,6,27.75,166.0
Blaine,Southern Glazer's Wine & Spirits of MN,Jameson Orange 750ml,080432117330,3,2.1,1,6,22.02,132.0
Blaine,Southern Glazer's Wine & Spirits of MN,Chi-Chi's Margarita 1.75L,089000018758,6,2.1,1,6,9.0,54.0
Blaine,Southern Glazer's Wine & Spirits of MN,Christian Brothers Brandy Traveler,086036707045,1,2.1,1,12,7.58,91.0
Blaine,Southern Glazer's Wine & Spirits of MN,Jameson Select Reserve Black Barrel 750ml,080432107263,2,2.1,1,12,31.46,378.0
Blaine,Southern Glazer's Wine & Spirits of MN,Tequila Rose Strawberry 750ml,085592121043,2,2.1,1,12,19.5,234.0
Blaine,Southern Glazer's Wine & Spirits of MN,Jim Beam Bourbon Liter,080686001201,4,2.1,1,12,15.86,190.0
Blaine,Southern Glazer's Wine & Spirits of MN,Jameson Irish Whiskey 1.75L,080432500187,43,2.2,7,42,25.61,1076.0
Blaine,Southern Glazer's Wine & Spirits of MN,99 Pineapples 50ml,080660010700,86,2.3,1,120,0.6,72.0
Blaine,Southern Glazer's Wine & Spirits of MN,99 Root Beer 50ml,088004023850,121,2.3,1,120,0.6,72.0
Blaine,Southern Glazer's Wine & Spirits of MN,Jameson Whiskey Ginger & Lime 4pk 12oz can,080432117538,5,2.4,1,6,8.04,48.0
Blaine,Southern Glazer's Wine & Spirits of MN,Cazadores Reposado 1.75L,080480170004,5,2.4,1,6,29.74,178.0
Blaine,Southern Glazer's Wine & Spirits of MN,Bombay Sapphire Gin 1.75L,080480301002,8,2.4,1,6,31.25,188.0
Blaine,Southern Glazer's Wine & Spirits of MN,Lunazul Reposado Tequila Liter,096749908011,23,2.4,2,24,15.31,368.0
Blaine,Southern Glazer's Wine & Spirits of MN,Christian Brothers Brandy Liter,086036815559,3,2.6,1,12,8.8,106.0
Blaine,Southern Glazer's Wine & Spirits of MN,Bombay Sapphire Gin Liter,080480301019,9,2.6,1,12,20.87,250.0
Blaine,Southern Glazer's Wine & Spirits of MN,99 Lemon Lime Schnapps 50ml,088004039677,84,2.6,1,120,0.6,72.0
Blaine,Southern Glazer's Wine & Spirits of MN,Canadian Club 1.75L,080686821120,18,2.8,2,12,16.08,193.0
Blaine,Southern Glazer's Wine & Spirits of MN,Jameson Irish Whiskey Liter,080432500118,25,2.8,1,12,26.9,323.0
Blaine,Southern Glazer's Wine & Spirits of MN,Bacardi Gold Rum 50ml,080480026219,79,2.8,1,120,0.81,97.0
Blaine,Southern Glazer's Wine & Spirits of MN,99 Apples 50ml,089000118397,89,2.8,1,120,0.6,72.0
Blaine,Southern Glazer's Wine & Spirits of MN,On The Rocks Espresso Martini 750ml,080686004967,2,2.9,1,6,15.07,90.0
Blaine,Southern Glazer's Wine & Spirits of MN,Svedka Strawberry Vodka 1.75L,088004072063,2,2.9,1,6,14.62,88.0
Blaine,Southern Glazer's Wine & Spirits of MN,Rosaluna Mezcal Joven 750ml,860002743608,2,2.9,1,6,22.5,135.0
Blaine,Southern Glazer's Wine & Spirits of MN,Dr McGillicuddys Cherry Traveler,088004148225,2,2.9,1,12,7.84,94.0
Blaine,Southern Glazer's Wine & Spirits of MN,Beefeater Gin Liter,089540333489,4,2.9,1,12,15.35,184.0
Blaine,Southern Glazer's Wine & Spirits of MN,Grand Marnier Liqueur 750ml,649188900476,8,2.9,1,12,24.88,299.0
Blaine,Southern Glazer's Wine & Spirits of MN,99 Watermelons 50ml,089000991044,72,2.9,1,120,0.6,72.0
Blaine,Southern Glazer's Wine & Spirits of MN,Grey Goose Vodka 750ml,080480280024,5,3.1,1,12,14.08,169.0
Blaine,Southern Glazer's Wine & Spirits of MN,99 Peaches 50ml,089000990610,158,3.1,1,120,0.6,72.0
Blaine,Southern Glazer's Wine & Spirits of MN,Suntory -196 Vodka Strawberry 4pk 12oz can,080686009092,3,3.2,1,6,7.5,45.0
Blaine,Southern Glazer's Wine & Spirits of MN,Wild Turkey American Honey 1.75L,721059811750,3,3.2,1,6,26.24,157.0
Blaine,Southern Glazer's Wine & Spirits of MN,Kahlua 1.75L,089540122694,6,3.2,1,6,39.43,237.0
Blaine,Southern Glazer's Wine & Spirits of MN,Barton Vodka 750ml,082928114151,3,3.2,1,12,5.08,61.0
Blaine,Southern Glazer's Wine & Spirits of MN,On the Rocks Pineapple Margarita 375ml,855880008086,3,3.2,1,12,8.6,103.0
Blaine,Southern Glazer's Wine & Spirits of MN,Dekuyper Triple Sec 375ml,080686363620,3,3.2,1,24,3.37,81.0
Blaine,Southern Glazer's Wine & Spirits of MN,Jim Beam Bourbon 1.75L,080686001102,44,3.4,2,12,23.73,285.0
Blaine,Southern Glazer's Wine & Spirits of MN,Sauza Hornitos Reposado 750ml,080686835028,4,3.4,1,12,16.39,197.0
Blaine,Southern Glazer's Wine & Spirits of MN,Chica Chida Peanut Butter Tequila 50ml,791126147327,11,3.4,1,120,0.89,107.0
Blaine,Southern Glazer's Wine & Spirits of MN,Castillo Silver Rum Liter,080480065300,5,3.6,1,12,7.54,91.0
Blaine,Southern Glazer's Wine & Spirits of MN,Svedka Vodka Traveler,617768121757,11,3.6,1,12,7.37,88.0
Blaine,Southern Glazer's Wine & Spirits of MN,Svedka Vodka 375ml,617768113752,22,3.6,1,24,3.23,78.0
Blaine,Southern Glazer's Wine & Spirits of MN,Suntory -196 Variety Pack 3 8pk 12oz can,080686010357,6,3.7,1,3,14.97,45.0
Blaine,Southern Glazer's Wine & Spirits of MN,On the Rocks Old Fashioned 375ml,855880008024,8,3.8,1,12,8.6,103.0
Blaine,Southern Glazer's Wine & Spirits of MN,Absolut Vodka 750ml,835229000308,16,3.8,1,12,15.06,181.0
Blaine,"Tradition Wine & Spirits, LLC",Apaluz Mezcal 750ml,7503005292003,0,0.0,1,12,20.74,249.0
Blaine,"Vinocopia, Inc",El Mayor Anejo 750ml,088352124797,0,0.0,1,6,24.79,149.0
Blaine,"Vinocopia, Inc",Brady's Irish Cream 1.75L,088352136103,0,0.0,1,6,18.43,111.0
Blaine,"Vinocopia, Inc",Post Meridiem White Russian 100ml RTD,858173008572,4,1.1,1,24,2.92,70.0
Blaine,"Vinocopia, Inc",Post Meridiem Old Fashioned 100ml RTD,858173008015,2,2.9,1,24,2.32,56.0
Blaine,,Buzzballz Grape Gone Wild Vikings 24pk 187ml Case,20855200005522,0,0.0,15,15,1.63,24.0
Bloomington,Bellboy Corporation,Loon Liquors Lemondrop 750ml,732388688906,0,0.0,1,6,17.67,106.0
Bloomington,Bellboy Corporation,Old Parr 12yr Scotch 750ml,088076174641,0,0.0,1,12,20.83,250.0
Bloomington,Bellboy Corporation,Captain Morgan Spiced Rum 50ml,08731409,16,0.9,1,120,0.66,79.0
Bloomington,Bellboy Corporation,Loonman Gin 750ml,787790208945,1,1.4,1,6,18.5,111.0
Bloomington,Bellboy Corporation,Jackson Morgan Salted Caramel Cream 750ml,855400005038,4,1.6,2,12,16.48,198.0
Bloomington,Bellboy Corporation,Don Julio 1942 Anejo Tequila 750ml,400000025209,3,2.6,1,6,128.97,774.0
Bloomington,Bellboy Corporation,Espolon Blanco Tequila 750ml,721059707503,10,3.3,1,12,20.6,247.0
Bloomington,"Breakthru Beverage Minnesota Wine & Spirits, LLC",Lyre's N/A Almalfi Spritz 4pk 8oz can,9354596006283,0,0.0,1,6,8.67,52.0
Bloomington,"Breakthru Beverage Minnesota Wine & Spirits, LLC",Taaka Vodka 1.75L,088004010126,1,0.9,1,6,8.78,53.0
Bloomington,"Breakthru Beverage Minnesota Wine & Spirits, LLC",Midnight Moonshake Cookies & Cream 750ml,850015676505,1,1.4,1,6,14.56,87.0
Bloomington,"Breakthru Beverage Minnesota Wine & Spirits, LLC",Milagro Silver Tequila 750ml,083664868919,5,2.4,1,6,17.26,104.0
Bloomington,"Breakthru Beverage Minnesota Wine & Spirits, LLC",Seagrams Extra Smooth Vodka 1.75L,720815988347,3,2.6,1,6,12.82,77.0
Bloomington,"Breakthru Beverage Minnesota Wine & Spirits, LLC",Hendrick's Gin 750ml,083664990436,3,3.2,1,6,24.59,148.0
Bloomington,"Breakthru Beverage Minnesota Wine & Spirits, LLC",Twisted Shotz Party Pack Red,766427005355,3,3.2,1,6,14.02,84.0
Bloomington,Johnson Brothers - St. Paul,High Noon Grapefruit 4pk 12oz can,085000426272,0,0.0,1,6,8.78,53.0
Bloomington,Johnson Brothers - St. Paul,High Noon Watermelon 4pk 12oz can,085000429259,0,0.0,1,6,8.65,52.0
Bloomington,Johnson Brothers - St. Paul,1800 Ultimate Margarita Original 1.75L,811538019156,0,0.0,1,6,12.92,78.0
Bloomington,Johnson Brothers - St. Paul,High Noon Mango 4pk 12oz can,085000432327,0,0.0,1,6,8.49,51.0
Bloomington,Johnson Brothers - St. Paul,Casamigos Reposado 750ml,856724006213,0,0.0,1,6,29.95,180.0
Bloomington,Johnson Brothers - St. Paul,Smirnoff Blue Raspberry Lemonade 50ml,08269504,3,0.4,1,120,0.66,79.0
Bloomington,Johnson Brothers - St. Paul,Jose Cuervo Authentic Margarita Double Strength Strawberry 375ml,818844028650,1,0.5,1,12,3.27,39.0
Bloomington,Johnson Brothers - St. Paul,Smirnoff Raspberry Vodka 50ml,08240004,7,0.9,1,120,0.66,79.0
Bloomington,Johnson Brothers - St. Paul,High Noon Iced Tea Variety Pack 8pk 12oz can,085000038963,3,1.4,2,6,16.59,100.0
Bloomington,Johnson Brothers - St. Paul,High Noon Passionfruit 4pk 12oz can,085000432563,1,1.4,1,6,8.29,50.0
Bloomington,Johnson Brothers - St. Paul,High Noon Black Cherry 4pk 12oz can,085000429273,3,2.1,1,6,8.87,53.0
Bloomington,Johnson Brothers - St. Paul,New Amsterdam Vodka 375ml,085000031810,4,2.1,1,24,4.28,103.0
Bloomington,Johnson Brothers - St. Paul,Hennessy VS Cognac 375ml,088110150624,4,2.4,1,12,14.17,170.0
Bloomington,Johnson Brothers - St. Paul,New Amsterdam Vodka Liter,085000019504,9,2.4,1,12,7.26,87.0
Bloomington,Johnson Brothers - St. Paul,New Amsterdam Passion Fruit 50ml,085000006801,27,2.4,1,120,0.67,80.0
Bloomington,Johnson Brothers - St. Paul,E&J VSOP Brandy Traveler,085000016084,6,2.9,1,12,10.5,126.0
Bloomington,Johnson Brothers - St. Paul,New Amsterdam Pink Whitney 375ml,085000032541,4,3.4,1,24,4.67,112.0
Bloomington,Johnson Brothers - St. Paul,Smirnoff Vodka Traveler,08295004,7,3.8,1,12,7.96,95.0
Bloomington,Johnson Brothers - St. Paul,E&J Brandy 375ml,085000004265,8,3.8,1,24,4.67,112.0
Bloomington,Phillips Wine & Spirits - St. Paul,BuzzBallz Melon Soccerballz Biggie 1.75L,000880040806,0,0.0,1,3,15.0,45.0
Bloomington,Phillips Wine & Spirits - St. Paul,BuzzBallz Tropical Tang Biggie 1.75L,000880040820,0,0.0,1,3,15.0,45.0
Bloomington,Phillips Wine & Spirits - St. Paul,Keeper's Heart Irish/American Whiskey 700ml,850030494009,0,0.0,1,6,17.79,107.0
Bloomington,Phillips Wine & Spirits - St. Paul,Buzzballz Peach 187ml,855200005283,0,0.0,1,24,2.14,51.0
Bloomington,Phillips Wine & Spirits - St. Paul,2 Gingers 50ml,080686294030,8,0.4,1,96,0.67,64.0
Bloomington,Phillips Wine & Spirits - St. Paul,Buzzballz Biggie Pink Lemonsqueezy 1.75L,088004076603,1,0.7,2,6,8.18,49.0
Bloomington,Phillips Wine & Spirits - St. Paul,Captain Morgan RTS Long Island 1.75L,082000743507,1,1.4,1,6,15.0,90.0
Bloomington,Phillips Wine & Spirits - St. Paul,Rumple Minze 750ml,086767520067,1,1.4,1,12,14.82,178.0
Bloomington,Phillips Wine & Spirits - St. Paul,BuzzBallz Biggie Berry Cherry Limeade 1.75L,851091006347,3,1.6,2,6,15.0,90.0
Bloomington,Phillips Wine & Spirits - St. Paul,Buzzballz Chili Watermelon 187ml,855200005542,9,1.8,1,24,2.14,51.0
Bloomington,Phillips Wine & Spirits - St. Paul,Phillips Vodka Traveler,087116011267,4,2.1,1,12,5.53,66.0
Bloomington,Phillips Wine & Spirits - St. Paul,Rumple Minze 50ml,086767520227,89,2.1,1,120,0.74,89.0
Bloomington,Phillips Wine & Spirits - St. Paul,Buzzballz Chiller Pink Lemonsqueezy 187ml,088004076573,11,2.6,1,24,1.35,33.0
Bloomington,Phillips Wine & Spirits - St. Paul,Captain Morgan Spiced Rum 1.75L,082000759102,13,3.3,1,6,19.64,118.0
Bloomington,Phillips Wine & Spirits - St. Paul,Campo Bravo Plata 50ml,850008153129,110,3.3,1,72,0.65,47.0
Bloomington,Southern Glazer's Wine & Spirits of MN,Lunazul Reposado Tequila Liter,096749908011,-1,-0.1,4,48,15.31,735.0
Bloomington,Southern Glazer's Wine & Spirits of MN,Glenlivet 14yr Cognac 750ml,080432114926,0,0.0,1,6,41.91,251.0
Bloomington,Southern Glazer's Wine & Spirits of MN,Booker's Bourbon 750ml,080686011408,0,0.0,1,6,63.34,380.0
Bloomington,Southern Glazer's Wine & Spirits of MN,Codigo 1530 Tequila Blanco 750ml,859061006007,0,0.0,1,6,33.75,202.0
Bloomington,Southern Glazer's Wine & Spirits of MN,High West Old Fashioned 750ml,086003267107,0,0.0,1,6,21.59,130.0
Bloomington,Southern Glazer's Wine & Spirits of MN,Christian Brothers Brandy 1.75L,086036815474,0,0.0,1,6,14.78,89.0
Bloomington,Southern Glazer's Wine & Spirits of MN,Lunazul Anejo 750ml,096749908585,0,0.0,1,6,13.49,81.0
Bloomington,Southern Glazer's Wine & Spirits of MN,De Soi Golden Hour Sparkling Apertif N/A 4pk 8oz can,850034209289,0,0.0,1,6,10.75,64.0
Bloomington,Southern Glazer's Wine & Spirits of MN,Pantalones Tequila Blanco 750ml,850054342003,0,0.0,1,6,30.0,180.0
Bloomington,Southern Glazer's Wine & Spirits of MN,Tequila Ocho Plata Tequila 750ml,898627001308,0,0.0,1,6,0.0,0.0
Bloomington,Southern Glazer's Wine & Spirits of MN,Cazadores Reposado 1.75L,080480170004,0,0.0,2,12,29.74,357.0
Bloomington,Southern Glazer's Wine & Spirits of MN,Evan Williams Bourbon Traveler,096749021772,0,0.0,1,12,9.43,113.0
Bloomington,Southern Glazer's Wine & Spirits of MN,On the Rocks Old Fashioned 100ml,855880008000,0,0.0,1,30,3.56,107.0
Bloomington,Southern Glazer's Wine & Spirits of MN,99 Root Beer 50ml,088004023850,1,0.1,1,120,0.6,72.0
Bloomington,Southern Glazer's Wine & Spirits of MN,Twisted Tea Whiskey 50ml,080686036012,1,0.1,1,120,0.67,80.0
Bloomington,Southern Glazer's Wine & Spirits of MN,Suntory -196 Strawberry Pineapple 24ozcan,080686014430,1,0.6,1,12,2.83,34.0
Bloomington,Southern Glazer's Wine & Spirits of MN,Dewar's White Label Scotch 1.75L,080480230005,2,0.7,2,12,24.56,295.0
Bloomington,Southern Glazer's Wine & Spirits of MN,On the Rocks Pineapple Margarita 375ml,855880008086,1,0.7,1,12,8.6,103.0
Bloomington,Southern Glazer's Wine & Spirits of MN,Lunazul Blanco Tequila Liter,096749908028,2,1.0,1,12,15.49,186.0
Bloomington,Southern Glazer's Wine & Spirits of MN,Bacardi Limon Rum 50ml,080480356200,4,1.0,1,120,0.83,100.0
Bloomington,Southern Glazer's Wine & Spirits of MN,On The Rocks Blue Hawaiian 750ml,080686012610,1,1.4,1,6,15.07,90.0
Bloomington,Southern Glazer's Wine & Spirits of MN,Suntory -196 Strawberry 24ozcan,080686014423,4,1.4,1,12,2.04,24.0
Bloomington,Southern Glazer's Wine & Spirits of MN,99 Grapes 50ml,089000990764,67,1.5,1,120,0.6,72.0
Bloomington,Southern Glazer's Wine & Spirits of MN,Bacardi Spiced Rum 1.75L,080480001506,6,1.6,2,12,17.15,206.0
Bloomington,Southern Glazer's Wine & Spirits of MN,Suntory -196 Vodka Cocktail Variety Pack 8pk 12oz can,080686009269,2,1.7,1,3,14.86,45.0
Bloomington,Southern Glazer's Wine & Spirits of MN,99 Pineapples 50ml,080660010700,146,2.0,2,240,0.6,144.0
Bloomington,Southern Glazer's Wine & Spirits of MN,Dekuyper Triple Sec 750ml,08068636408,2,2.1,1,12,5.62,67.0
Bloomington,Southern Glazer's Wine & Spirits of MN,99 Bananas 50ml,080660620992,10,2.1,1,120,0.6,72.0
Bloomington,Southern Glazer's Wine & Spirits of MN,Bacardi Superior Light Rum 375ml,080480015602,24,2.2,1,24,4.58,110.0
Bloomington,Southern Glazer's Wine & Spirits of MN,99 Blue Raspberries 50ml,088004039660,71,2.2,1,120,0.6,72.0
Bloomington,Southern Glazer's Wine & Spirits of MN,99 Butterscotch 50ml,080660010113,17,2.5,1,120,0.6,72.0
Bloomington,Southern Glazer's Wine & Spirits of MN,Suntory -196 Vodka Strawberry 4pk 12oz can,080686009092,3,2.6,1,6,7.5,45.0
Bloomington,Southern Glazer's Wine & Spirits of MN,Calypso Spiced Rum 1.75L,085676563868,3,2.6,1,6,9.33,56.0
Bloomington,Southern Glazer's Wine & Spirits of MN,99 Coconuts 50ml,089000993154,91,2.7,1,120,0.6,72.0
Bloomington,Southern Glazer's Wine & Spirits of MN,Absolut Vodka 750ml,835229000308,2,2.9,1,12,15.06,181.0
Bloomington,Southern Glazer's Wine & Spirits of MN,Patron Silver Tequila 750ml,721733000029,14,3.8,1,12,119.28,1431.0
Bloomington,Southern Glazer's Wine & Spirits of MN,Svedka Vodka Traveler,617768121757,9,3.9,1,12,7.37,88.0
Bloomington,"Tradition Wine & Spirits, LLC",Apaluz Mezcal 750ml,7503005292003,0,0.0,1,12,20.74,249.0
Bloomington,"Vinocopia, Inc",Brady's Irish Cream 1.75L,088352136103,1,2.1,1,6,18.43,111.0
Bloomington,"Vinocopia, Inc",Post Meridiem Old Fashioned 100ml RTD,858173008015,19,3.7,1,24,2.32,56.0
Chanhassen,Bellboy Corporation,Nikka Miyagikyo 12yr Whisky 750ml,4904230044581,0,0.0,1,6,56.85,341.0
Chanhassen,Bellboy Corporation,Wheel Horse Double Oak Bourbon 750ml,810879028384,0,0.0,1,6,22.64,136.0
Chanhassen,Bellboy Corporation,Steel 43 Vodka 750ml,810879021378,0,0.0,1,12,8.33,100.0
Chanhassen,Bellboy Corporation,Espolon Reposado Tequila 750ml,721059707510,1,0.9,1,12,22.5,270.0
Chanhassen,Bellboy Corporation,Teremana Tequila Anejo 750ml,850015640124,1,1.4,1,6,31.1,187.0
Chanhassen,Bellboy Corporation,Gunner Vodka 1.75L,810879028353,1,2.1,1,6,10.5,63.0
Chanhassen,Bellboy Corporation,Old Fitzgerald 7 Year Bottled In Bond 750ml,096749005796,2,2.1,1,6,40.0,240.0
Chanhassen,Bellboy Corporation,Tonka Vodka 1.75L,852546003096,7,3.0,1,6,15.0,90.0
Chanhassen,Bellboy Corporation,Tonka Vodka 50ml,197644697847,30,3.0,1,60,0.67,40.0
Chanhassen,Bellboy Corporation,Bulleit Bourbon 750ml,087000005525,9,3.2,1,12,20.87,250.0
Chanhassen,Bellboy Corporation,Steel 43 Vodka 1.75L,810879021361,12,4.0,1,6,17.17,103.0
Chanhassen,"Breakthru Beverage Minnesota Wine & Spirits, LLC",Taaka Vodka 1.75L,088004010126,0,0.0,1,6,8.78,53.0
Chanhassen,"Breakthru Beverage Minnesota Wine & Spirits, LLC",Bardstown Bourbon Bonded 750ml,857552008417,0,0.0,1,6,33.58,201.0
Chanhassen,"Breakthru Beverage Minnesota Wine & Spirits, LLC",Hendrick's Gin 1.75L,083664869756,0,0.0,1,6,44.98,270.0
Chanhassen,"Breakthru Beverage Minnesota Wine & Spirits, LLC",Fireball Birdie Shot 50ml 10pk,088004057657,0,0.0,1,12,0.51,6.0
Chanhassen,"Breakthru Beverage Minnesota Wine & Spirits, LLC",Fireball Whisky 750ml,088004144692,7,1.0,2,24,9.0,216.0
Chanhassen,"Breakthru Beverage Minnesota Wine & Spirits, LLC",Fireball Whisky 50ml,088004144708,155,1.1,4,480,0.05,25.0
Chanhassen,"Breakthru Beverage Minnesota Wine & Spirits, LLC",Milagro Silver Tequila 750ml,083664868919,2,1.7,1,6,17.26,104.0
Chanhassen,"Breakthru Beverage Minnesota Wine & Spirits, LLC",Platinum Vodka 1.75L,088004012724,1,2.1,1,6,9.72,58.0
Chanhassen,"Breakthru Beverage Minnesota Wine & Spirits, LLC",Canadian Mist 1.75L,088004048273,1,2.1,1,6,7.95,48.0
Chanhassen,"Breakthru Beverage Minnesota Wine & Spirits, LLC",Traveller Whiskey 750ml,088004060060,7,2.1,1,12,26.25,315.0
Chanhassen,"Breakthru Beverage Minnesota Wine & Spirits, LLC",Fireball Blazin' Apple 50ml,088004069155,34,3.0,1,120,0.55,67.0
Chanhassen,"Breakthru Beverage Minnesota Wine & Spirits, LLC",Southern Comfort 50ml,088544000021,20,3.1,1,120,0.59,71.0
Chanhassen,Johnson Brothers - St. Paul,E&J VSOP Brandy 1.75L,085000003930,0,0.0,1,6,19.22,115.0
Chanhassen,Johnson Brothers - St. Paul,Maestro Dobel Reposado 750ml,811538012911,0,0.0,1,6,22.08,132.0
Chanhassen,Johnson Brothers - St. Paul,Four Roses Small Batch 750ml,040063400317,0,0.0,1,6,23.8,143.0
Chanhassen,Johnson Brothers - St. Paul,Jose Cuervo Silver Tequila 1.75L,082000743750,0,0.0,1,6,15.09,91.0
Chanhassen,Johnson Brothers - St. Paul,Chicken Cock Bourbon 750ml,810020890020,0,0.0,1,6,36.2,217.0
Chanhassen,Johnson Brothers - St. Paul,Lalo Tequila Blanco 750ml,811041030013,0,0.0,1,6,32.25,194.0
Chanhassen,Johnson Brothers - St. Paul,E&J Apple Brandy 750ml,085000024041,0,0.0,1,12,9.0,108.0
Chanhassen,Johnson Brothers - St. Paul,Stolichnaya Vodka Liter,811751020021,0,0.0,1,12,15.14,182.0
Chanhassen,Johnson Brothers - St. Paul,Hennessy VS Cognac 375ml,088110150624,0,0.0,1,12,14.17,170.0
Chanhassen,Johnson Brothers - St. Paul,High Noon Variety Pack 12pk 12oz can,085000029862,3,0.8,7,14,20.98,294.0
Chanhassen,Johnson Brothers - St. Paul,Fireball Whisky 375ml,088004144722,10,1.2,1,24,5.1,123.0
Chanhassen,Johnson Brothers - St. Paul,Smirnoff Vodka 1.75L,082000727606,11,1.3,4,24,14.61,351.0
Chanhassen,Johnson Brothers - St. Paul,Pendleton Canadian Whiskey 1.75L,084104115921,1,1.4,1,6,30.37,182.0
Chanhassen,Johnson Brothers - St. Paul,Casamigos Reposado Tequila Liter,856724006206,1,1.4,1,6,45.76,275.0
Chanhassen,Johnson Brothers - St. Paul,1800 Silver Tequila 1.75L,811538010153,2,1.4,1,6,31.5,189.0
Chanhassen,Johnson Brothers - St. Paul,Proper Twelve Irish Whiskey 750ml,811538019569,3,1.4,1,12,16.48,198.0
Chanhassen,Johnson Brothers - St. Paul,Fireball Whisky 200ml,088004144739,15,1.7,1,48,2.91,140.0
Chanhassen,Johnson Brothers - St. Paul,E&J Brandy 1.75L,08541509,4,1.9,1,6,17.67,106.0
Chanhassen,Johnson Brothers - St. Paul,High Noon Tequila Variety Pack 8pk 12oz can,085000036099,1,2.1,1,3,18.71,56.0
Chanhassen,Johnson Brothers - St. Paul,Four Roses Single Barrel 750ml,040063400027,1,2.1,1,6,36.0,216.0
Chanhassen,Johnson Brothers - St. Paul,High Noon Watermelon 4pk 12oz can,085000429259,2,2.1,1,6,8.65,52.0
Chanhassen,Johnson Brothers - St. Paul,New Amsterdam Vodka 50ml,08588005,143,2.3,1,120,0.67,80.0
Chanhassen,Johnson Brothers - St. Paul,E&J Brandy Traveler,085000011126,4,2.9,1,12,9.0,108.0
Chanhassen,Johnson Brothers - St. Paul,Gray Duck 1.75L,860199002618,11,3.6,1,6,16.0,96.0
Chanhassen,Johnson Brothers - St. Paul,New Amsterdam Vodka 750ml,085000019498,5,3.6,1,12,9.0,108.0
Chanhassen,Johnson Brothers - St. Paul,Smirnoff Vodka Traveler,08295004,12,3.7,1,12,7.96,95.0
Chanhassen,Johnson Brothers - St. Paul,New Amsterdam Vodka 1.75L,085000019511,9,3.9,1,6,14.36,86.0
Chanhassen,Johnson Brothers - St. Paul,Jose Cuervo Silver Tequila 375ml,811538010870,9,3.9,1,24,6.89,165.0
Chanhassen,Libation Project,King's County Straight Bourbon 750ml,853396007180,0,0.0,1,6,52.67,316.0
Chanhassen,"Maverick Beverage Co., LLC - MN",Leopold Bros Bonded Bourbon 750ml,836137000275,0,0.0,1,6,46.0,276.0
Chanhassen,"Maverick Beverage Co., LLC - MN",TLC Vodka 50ml,850332003534,79,1.2,3,216,0.64,137.0
Chanhassen,"Maverick Beverage Co., LLC - MN",TLC Vodka 1.75L,850332003398,9,2.4,1,6,15.61,94.0
Chanhassen,Phillips Wine & Spirits - St. Paul,Cathead Bristow Gin 750ml,851484003724,0,0.0,1,6,22.92,138.0
Chanhassen,Phillips Wine & Spirits - St. Paul,Tattersall Bootlegger Vodka 750ml,852262006845,0,0.0,1,6,20.88,125.0
Chanhassen,Phillips Wine & Spirits - St. Paul,Bulleit 95 Rye Whiskey 1.75L,082000766070,0,0.0,1,6,38.0,228.0
Chanhassen,Phillips Wine & Spirits - St. Paul,2 Gingers Liter,080686294023,0,0.0,1,12,16.36,196.0
Chanhassen,Phillips Wine & Spirits - St. Paul,Phillips Vodka Traveler,087116011267,0,0.0,1,12,5.53,66.0
Chanhassen,Phillips Wine & Spirits - St. Paul,Crown Royal Canadian Liter,087000007246,0,0.0,1,12,26.31,316.0
Chanhassen,Phillips Wine & Spirits - St. Paul,Buzzballz Grape Gone Wild Vikings 187ml,855200005528,0,0.0,1,24,0.07,2.0
Chanhassen,Phillips Wine & Spirits - St. Paul,BuzzBallz Berry Cherry Limeade 187ml,857674007985,1,0.1,2,48,1.31,63.0
Chanhassen,Phillips Wine & Spirits - St. Paul,2 Gingers 50ml,080686294030,18,0.4,2,192,0.67,128.0
Chanhassen,Phillips Wine & Spirits - St. Paul,Crown Royal Regal Apple 750ml,082000771562,2,1.2,1,12,19.88,239.0
Chanhassen,Phillips Wine & Spirits - St. Paul,Buzzballz Biggie Pink Lemonsqueezy 1.75L,088004076603,1,1.4,1,3,8.18,25.0
Chanhassen,Phillips Wine & Spirits - St. Paul,Phillips Vodka 1.75L,087116018099,3,2.1,1,6,10.5,63.0
Chanhassen,Phillips Wine & Spirits - St. Paul,Bulleit Old Fashioned 750ml,082000797319,3,2.1,1,12,17.26,207.0
Chanhassen,Phillips Wine & Spirits - St. Paul,Prairie Organic Gin 50ml,087116001992,27,2.2,1,120,0.67,80.0
Chanhassen,Phillips Wine & Spirits - St. Paul,Captain Morgan Spiced Rum 1.75L,082000759102,16,2.4,2,12,19.64,236.0
Chanhassen,Phillips Wine & Spirits - St. Paul,Captain Morgan 100 Proof 1.75L,082000742005,2,2.9,1,6,24.0,144.0
Chanhassen,Phillips Wine & Spirits - St. Paul,Windsor Canadian 1.75L,080686500124,24,3.4,1,6,26.58,159.0
Chanhassen,Phillips Wine & Spirits - St. Paul,Fireball Whisky 100ml,088004009373,37,3.5,1,48,1.19,57.0
Chanhassen,Southern Glazer's Wine & Spirits of MN,Olmeca Altos Reposado Tequila 750ml,080432106853,0,0.0,1,6,18.61,112.0
Chanhassen,Southern Glazer's Wine & Spirits of MN,Jim Beam Black 7yr 1.75L,080686007777,0,0.0,1,6,29.41,176.0
Chanhassen,Southern Glazer's Wine & Spirits of MN,Sauza Hornitos Reposado Tequila 1.75L,080686835059,0,0.0,1,6,29.06,174.0
Chanhassen,Southern Glazer's Wine & Spirits of MN,Mi Campo Tequila Reposado Liter,086003272002,0,0.0,1,6,22.55,135.0
Chanhassen,Southern Glazer's Wine & Spirits of MN,Luxardo Espresso Coffee Liqueur 750ml,087229127022,0,0.0,1,6,9.65,58.0
Chanhassen,Southern Glazer's Wine & Spirits of MN,Cincoro Tequila Anejo 750ml,850008649059,0,0.0,1,6,96.53,579.0
Chanhassen,Southern Glazer's Wine & Spirits of MN,Cruzan Aged Dark Rum 1.75L,080686982043,0,0.0,1,6,12.43,75.0
Chanhassen,Southern Glazer's Wine & Spirits of MN,Maker's Mark 46 Bourbon 750ml,085246500101,0,0.0,1,6,26.32,158.0
Chanhassen,Southern Glazer's Wine & Spirits of MN,Elijah Craig BBN Small Batch 94 1.75L,096749000074,0,0.0,1,6,34.88,209.0
Chanhassen,Southern Glazer's Wine & Spirits of MN,Svedka Strawberry Lemonade Vod 1.75L,617768141175,0,0.0,1,6,14.62,88.0
Chanhassen,Southern Glazer's Wine & Spirits of MN,WhistlePig 10 Year 750ml,793573797940,0,0.0,1,6,62.96,378.0
Chanhassen,Southern Glazer's Wine & Spirits of MN,Pinnacle Vodka 1.75L,080686929451,0,0.0,2,12,12.21,146.0
Chanhassen,Southern Glazer's Wine & Spirits of MN,Martell VS Cognac 750ml,080432400814,0,0.0,1,12,26.31,316.0
Chanhassen,Southern Glazer's Wine & Spirits of MN,Bacardi Gold Rum Liter,080480025304,0,0.0,1,12,11.95,143.0
Chanhassen,Southern Glazer's Wine & Spirits of MN,Bacardi Tropical Rum Liter,080480987176,0,0.0,1,12,11.95,143.0
Chanhassen,Southern Glazer's Wine & Spirits of MN,Jim Beam Apple 750ml,080686006558,0,0.0,1,12,12.49,150.0
Chanhassen,Southern Glazer's Wine & Spirits of MN,Dekuyper Blue Curacao Liter,080686316015,0,0.0,1,12,8.35,100.0
Chanhassen,Southern Glazer's Wine & Spirits of MN,Jagermeister 375ml,083089660358,0,0.0,1,12,7.36,88.0
Chanhassen,Southern Glazer's Wine & Spirits of MN,Jim Beam Bourbon 200ml,080686001706,0,0.0,1,48,3.97,190.0
Chanhassen,Southern Glazer's Wine & Spirits of MN,Svedka Vodka 375ml,617768113752,3,0.3,2,48,3.23,155.0
Chanhassen,Southern Glazer's Wine & Spirits of MN,99 Peppermint 50ml,088004024086,15,0.6,1,120,0.6,72.0
Chanhassen,Southern Glazer's Wine & Spirits of MN,Fleischmanns Vodka 1.75L,082928214318,1,0.7,1,6,9.11,55.0
Chanhassen,Southern Glazer's Wine & Spirits of MN,Lunazul Reposado Tequila Liter,096749908011,3,0.8,1,12,15.31,184.0
Chanhassen,Southern Glazer's Wine & Spirits of MN,Fleischmanns Blended Whiskey 1.75L,082928200212,1,1.1,1,6,13.5,81.0
Chanhassen,Southern Glazer's Wine & Spirits of MN,Svedka Vodka Traveler,617768121757,4,1.3,1,12,7.37,88.0
Chanhassen,Southern Glazer's Wine & Spirits of MN,99 Strawberries Schnapps 50ml,088004039653,39,1.3,1,120,0.6,72.0
Chanhassen,Southern Glazer's Wine & Spirits of MN,Black Velvet Canadian 1.75L,088100134511,3,1.4,1,6,13.06,78.0
Chanhassen,Southern Glazer's Wine & Spirits of MN,Jagermeister 750ml,083089524001,1,1.4,1,12,14.21,171.0
Chanhassen,Southern Glazer's Wine & Spirits of MN,Grey Goose Vodka 1.75L,080480280000,2,1.7,1,6,35.99,216.0
Chanhassen,Southern Glazer's Wine & Spirits of MN,Sauza Hornitos Plata Tequila 1.75L,080686835349,2,1.7,1,6,28.92,174.0
Chanhassen,Southern Glazer's Wine & Spirits of MN,Knob Creek Rye Whiskey 1.75L,080686004486,1,2.1,1,6,44.7,268.0
Chanhassen,Southern Glazer's Wine & Spirits of MN,Redwood Empire Pipe Dream Bourbon 750ml,851718000710,1,2.1,1,6,27.75,166.0
Chanhassen,Southern Glazer's Wine & Spirits of MN,Angel's Envy Bourbon 750ml,850047003003,2,2.1,1,6,35.11,211.0
Chanhassen,Southern Glazer's Wine & Spirits of MN,Sarti Aperitivo Rosa 700ml,887341340138,2,2.1,1,6,17.97,108.0
Chanhassen,Southern Glazer's Wine & Spirits of MN,Sauza Hornitos Lime 750ml,080686835486,1,2.1,1,12,15.16,182.0
Chanhassen,Southern Glazer's Wine & Spirits of MN,Grand Marnier Liqueur 375ml,088110931049,1,2.1,1,12,13.39,161.0
Chanhassen,Southern Glazer's Wine & Spirits of MN,Grey Goose Vodka 750ml,080480280024,2,2.9,1,12,14.08,169.0
Chanhassen,Southern Glazer's Wine & Spirits of MN,Blackheart Spiced Rum 1.75L,096749011650,3,3.2,1,6,14.88,89.0
Chanhassen,Southern Glazer's Wine & Spirits of MN,High West Old Fashioned 750ml,086003267107,6,3.2,1,6,21.59,130.0
Chanhassen,Southern Glazer's Wine & Spirits of MN,Elijah Craig BBN Small Batch 94 750ml,096749000067,6,3.2,1,12,16.23,195.0
Chanhassen,Southern Glazer's Wine & Spirits of MN,Maker's Mark Bourbon 1.75L,085246139417,13,3.3,1,6,40.45,243.0
Chanhassen,Southern Glazer's Wine & Spirits of MN,Christian Brothers Brandy Liter,086036815559,4,3.4,1,12,8.8,106.0
Chanhassen,Southern Glazer's Wine & Spirits of MN,Jameson Irish Whiskey 50ml,080432500101,4,3.4,1,120,2.35,281.0
Chanhassen,The Wine Company,GE Massenez Creme de Mure 375ml,012086472220,0,0.0,1,12,12.67,152.0
Chanhassen,"Vinocopia, Inc",Post Meridiem White Russian 100ml RTD,858173008572,0,0.0,2,48,2.92,140.0
Chanhassen,,St Agrestis Spritz Can 187ml,400000016689,0,0.0,1,1,0.66,1.0
Cottage Grove,Bellboy Corporation,Teremana Tequila Anejo 750ml,850015640124,0,0.0,1,6,31.1,187.0
Cottage Grove,Bellboy Corporation,Citadelle Jardin D'Ete Gin 750ml,695521152989,0,0.0,1,6,20.67,124.0
Cottage Grove,Bellboy Corporation,Zarpado Blanco 1.75L,810879022061,0,0.0,1,6,30.83,185.0
Cottage Grove,Bellboy Corporation,North Cross Triple Wood Irish Whiskey 750ml,810879023679,0,0.0,1,6,12.33,74.0
Cottage Grove,Bellboy Corporation,Remy Martin XO Cognac 750ml,302448000469,0,0.0,1,12,159.34,1912.0
Cottage Grove,Bellboy Corporation,Hennessy VSOP Cognac 750ml,088110151058,0,0.0,1,12,45.04,540.0
Cottage Grove,Bellboy Corporation,Steel 43 Vodka 750ml,810879021378,0,0.0,1,12,8.33,100.0
Cottage Grove,Bellboy Corporation,American Frontier Vodka 750ml,810735016227,0,0.0,2,24,3.5,84.0
Cottage Grove,Bellboy Corporation,Twisted Shotz Miami Vice 4pk,766427003573,0,0.0,1,18,3.97,71.0
Cottage Grove,Bellboy Corporation,Gunner Bourbon Liter,810879029183,1,1.1,1,12,11.29,135.0
Cottage Grove,Bellboy Corporation,Two State Vodka 750ml,681827905060,6,1.5,2,12,3.5,42.0
Cottage Grove,Bellboy Corporation,Captain Morgan Spiced Rum 50ml,08731409,87,1.6,2,240,0.66,158.0
Cottage Grove,Bellboy Corporation,Espolon Reposado Tequila 750ml,721059707510,6,1.8,1,12,22.5,270.0
Cottage Grove,Bellboy Corporation,Espolon Blanco Tequila 750ml,721059707503,13,1.8,2,24,20.6,494.0
Cottage Grove,Bellboy Corporation,Nikka Yoichi Single Malt Whisky 750ml,4904230044574,1,2.1,1,6,55.8,335.0
Cottage Grove,Bellboy Corporation,Russell's Reserve 10yr 750ml,721059957502,1,2.1,1,6,32.5,195.0
Cottage Grove,Bellboy Corporation,Hirsch Single Barrel White Label 750ml,087229150334,2,2.1,1,6,18.33,110.0
Cottage Grove,Bellboy Corporation,Jackson Morgan Salted Caramel Cream 750ml,855400005038,2,2.1,1,6,16.48,99.0
Cottage Grove,Bellboy Corporation,Buffalo Trace Bourbon Cream 750ml,080244003715,4,2.4,1,12,16.5,198.0
Cottage Grove,Bellboy Corporation,Crown Royal Salted Caramel 750ml,082000783978,6,3.2,1,12,20.43,245.0
Cottage Grove,Bellboy Corporation,Ketel One Vodka 1.75L,085156803682,21,3.3,1,6,26.1,157.0
Cottage Grove,Bellboy Corporation,Bacardi Superior Light Rum 50ml,080480016210,49,3.5,1,120,0.55,66.0
Cottage Grove,"Breakthru Beverage Minnesota Wine & Spirits, LLC",Rich & Rare Canadian Whiskey 1.75L,08800400033,0,0.0,1,6,8.63,52.0
Cottage Grove,"Breakthru Beverage Minnesota Wine & Spirits, LLC",Cedilla Liqueur De Acai 750ml,736040523208,0,0.0,1,6,22.67,136.0
Cottage Grove,"Breakthru Beverage Minnesota Wine & Spirits, LLC",Glenfiddich 12 Year 750ml,083664107360,0,0.0,1,12,35.71,428.0
Cottage Grove,"Breakthru Beverage Minnesota Wine & Spirits, LLC",Fireball Whisky 1.75L,088004009281,1,0.5,2,12,17.67,212.0
Cottage Grove,"Breakthru Beverage Minnesota Wine & Spirits, LLC",Sailor Jerry Spiced Rum 1.75L,083664868735,1,0.9,1,6,18.75,112.0
Cottage Grove,"Breakthru Beverage Minnesota Wine & Spirits, LLC",Taaka Vodka 1.75L,088004010126,2,1.1,1,6,8.78,53.0
Cottage Grove,"Breakthru Beverage Minnesota Wine & Spirits, LLC",Fireball Dragnum 1.75L,088004059484,4,1.1,2,12,11.33,136.0
Cottage Grove,"Breakthru Beverage Minnesota Wine & Spirits, LLC",Dr McGillicuddys Cherry Traveler,088004148225,1,1.1,1,12,7.84,94.0
Cottage Grove,"Breakthru Beverage Minnesota Wine & Spirits, LLC",Fireball Whisky 750ml,088004144692,20,2.0,2,24,9.0,216.0
Cottage Grove,"Breakthru Beverage Minnesota Wine & Spirits, LLC",Bardstown KY Straight Bourbon 750ml,857552008394,1,2.1,1,6,29.76,179.0
Cottage Grove,"Breakthru Beverage Minnesota Wine & Spirits, LLC",Milagro Silver Tequila 750ml,083664868919,2,2.1,1,6,17.26,104.0
Cottage Grove,"Breakthru Beverage Minnesota Wine & Spirits, LLC",Fireball Party Bucket,088004029296,2,2.1,1,6,11.84,71.0
Cottage Grove,"Breakthru Beverage Minnesota Wine & Spirits, LLC",Platinum Vodka 1.75L,088004012724,4,2.1,1,6,9.72,58.0
Cottage Grove,"Breakthru Beverage Minnesota Wine & Spirits, LLC",Southern Comfort 1.75L,088544018910,8,3.1,1,6,15.24,91.0
Cottage Grove,"Breakthru Beverage Minnesota Wine & Spirits, LLC",Fireball Whisky 50ml,088004144708,1364,3.3,3,360,0.05,18.0
Cottage Grove,"Breakthru Beverage Minnesota Wine & Spirits, LLC",Dr.McGillicuddy's Wild Grape 50ml,088004009588,58,3.5,1,120,0.6,72.0
Cottage Grove,"Breakthru Beverage Minnesota Wine & Spirits, LLC",Dr Mcgillicuddy Butterscotch 50ml,088004020323,52,3.8,1,120,0.61,73.0
Cottage Grove,Johnson Brothers - St. Paul,Jose Cuervo Sparkling Cocktails Variety Pack 8pk 12oz can,810178380121,0,0.0,1,3,13.48,40.0
Cottage Grove,Johnson Brothers - St. Paul,High Noon Mango 4pk 12oz can,085000432327,0,0.0,1,6,8.49,51.0
Cottage Grove,Johnson Brothers - St. Paul,Pendleton Canadian Whiskey 1.75L,084104115921,0,0.0,1,6,30.37,182.0
Cottage Grove,Johnson Brothers - St. Paul,1800 Reposado Tequila 1.75L,811538010252,0,0.0,1,6,35.84,215.0
Cottage Grove,Johnson Brothers - St. Paul,Maestro Dobel Diamante 750ml,811538012034,0,0.0,1,6,32.91,197.0
Cottage Grove,Johnson Brothers - St. Paul,New Riff Single Barrel Bourbon Whiskey 750ml,856302005232,0,0.0,1,6,39.83,239.0
Cottage Grove,Johnson Brothers - St. Paul,Casamigos Anejo 750ml,856724006015,0,0.0,1,6,42.06,252.0
Cottage Grove,Johnson Brothers - St. Paul,1800 Silver Tequila 375ml,811538010122,0,0.0,1,12,10.97,132.0
Cottage Grove,Johnson Brothers - St. Paul,E&J VSOP Brandy Liter,085000003824,0,0.0,1,12,12.75,153.0
Cottage Grove,Johnson Brothers - St. Paul,New Amsterdam Pink Whitney 200ml,085000032534,0,0.0,1,24,4.0,96.0
Cottage Grove,Johnson Brothers - St. Paul,E&J Brandy 375ml,085000004265,0,0.0,1,24,4.67,112.0
Cottage Grove,Johnson Brothers - St. Paul,New Amsterdam Gin 1.75L,085000014301,1,0.3,2,12,16.61,199.0
Cottage Grove,Johnson Brothers - St. Paul,Smirnoff Vodka 1.75L,082000727606,7,0.4,12,72,14.61,1052.0
Cottage Grove,Johnson Brothers - St. Paul,High Noon Tropical Variety Pack 8pk 12oz can,085000032558,1,0.5,3,9,16.59,149.0
Cottage Grove,Johnson Brothers - St. Paul,Karkov Vodka Traveler,084279912677,1,0.5,1,12,4.16,50.0
Cottage Grove,Johnson Brothers - St. Paul,High Noon Black Cherry 4pk 12oz can,085000429273,2,0.6,2,12,8.87,106.0
Cottage Grove,Johnson Brothers - St. Paul,Casamigos Reposado Tequila Liter,856724006206,1,0.7,1,6,45.76,275.0
Cottage Grove,Johnson Brothers - St. Paul,Kinky Pink 50ml,084279985978,5,0.8,1,120,0.62,75.0
Cottage Grove,Johnson Brothers - St. Paul,High Noon Pineapple 4pk 12oz can,085000429266,4,0.9,3,18,8.79,158.0
Cottage Grove,Johnson Brothers - St. Paul,Casamigos Blanco 50ml,856724006138,7,0.9,1,60,2.97,178.0
Cottage Grove,Johnson Brothers - St. Paul,Kraken Black Spiced Rum (White Label) Liter,811538013000,1,1.1,1,6,16.32,98.0
Cottage Grove,Johnson Brothers - St. Paul,Karkov Vodka 1.75L,084279184227,22,1.1,10,60,5.05,303.0
Cottage Grove,Johnson Brothers - St. Paul,Jose Cuervo Silver Tequila Liter,811538010825,3,1.1,1,12,11.74,141.0
Cottage Grove,Johnson Brothers - St. Paul,E&J Brandy 1.75L,08541509,3,1.2,2,12,17.67,212.0
Cottage Grove,Johnson Brothers - St. Paul,Four Roses Bourbon 1.75L,040063400430,7,1.2,3,18,27.55,496.0
Cottage Grove,Johnson Brothers - St. Paul,Fireball Whisky 375ml,088004144722,14,1.2,2,48,5.1,245.0
Cottage Grove,Johnson Brothers - St. Paul,New Amsterdam Pink Whitney 1.75L,085000031360,3,1.3,2,12,17.33,208.0
Cottage Grove,Johnson Brothers - St. Paul,Titos Vodka 100ml,619947000518,8,1.3,1,48,2.33,112.0
Cottage Grove,Johnson Brothers - St. Paul,Smirnoff Vodka Traveler,08295004,14,1.5,2,24,7.96,191.0
Cottage Grove,Johnson Brothers - St. Paul,Fireball Whisky 200ml,088004144739,19,1.5,1,48,2.91,140.0
Cottage Grove,Johnson Brothers - St. Paul,High Noon Tequila Fiesta Pack 8pk 12oz can,085000037393,3,1.8,2,6,18.15,109.0
Cottage Grove,Johnson Brothers - St. Paul,Hennessy VS Cognac 1.75L,088110150587,3,1.8,1,6,64.3,386.0
Cottage Grove,Johnson Brothers - St. Paul,Karkov Vodka Liter,084279184241,4,1.9,1,12,5.89,71.0
Cottage Grove,Johnson Brothers - St. Paul,High Noon Lemon 4pk 12oz can,085000434260,1,2.1,1,6,8.45,51.0
Cottage Grove,Johnson Brothers - St. Paul,Il Tramonto Lemoncello 750ml,084279979472,2,2.1,1,6,11.88,71.0
Cottage Grove,Johnson Brothers - St. Paul,Jose Cuervo Authentic Light Margarita 1.75L,811538011006,2,2.1,1,6,5.27,32.0
Cottage Grove,Johnson Brothers - St. Paul,Kraken Black Spiced Rum (White Label) 1.75L,811538013017,4,2.1,1,6,14.94,90.0
Cottage Grove,Johnson Brothers - St. Paul,Casamigos Margarita 375ml,082000812098,2,2.1,1,12,9.0,108.0
Cottage Grove,Johnson Brothers - St. Paul,E&J Brandy Traveler,085000011126,4,2.1,1,12,9.0,108.0
Cottage Grove,Johnson Brothers - St. Paul,1800 Silver Tequila 750ml,811538010139,4,2.1,1,12,10.18,122.0
Cottage Grove,Johnson Brothers - St. Paul,Gray Duck 1.75L,860199002618,11,2.2,2,12,16.0,192.0
Cottage Grove,Johnson Brothers - St. Paul,New Amsterdam Vodka 50ml,08588005,161,2.3,1,120,0.67,80.0
Cottage Grove,Johnson Brothers - St. Paul,Jose Cuervo Auth Strawberry 1.75L,811538011037,3,2.6,1,6,6.12,37.0
Cottage Grove,Johnson Brothers - St. Paul,Rondiaz Silver Rum 1.75L,084279902715,10,2.7,1,6,15.28,92.0
Cottage Grove,Johnson Brothers - St. Paul,Jose Cuervo Gold Tequila 750ml,811538010832,5,3.1,1,12,13.2,158.0
Cottage Grove,Johnson Brothers - St. Paul,High Noon Peach 24oz can,085000034491,11,3.1,1,12,4.5,54.0
Cottage Grove,Johnson Brothers - St. Paul,Four Roses Small Batch 750ml,040063400317,3,3.2,1,6,23.8,143.0
Cottage Grove,Johnson Brothers - St. Paul,Aperol Aperitivo 750ml,721059001311,5,3.6,1,6,15.82,95.0
Cottage Grove,Johnson Brothers - St. Paul,New Amsterdam Pink Whitney 750ml,085000029626,5,3.6,1,12,9.0,108.0
Cottage Grove,Johnson Brothers - St. Paul,New Amsterdam Vodka 100 50ml,08564607,107,3.6,1,120,1.33,160.0
Cottage Grove,Johnson Brothers - St. Paul,New Amsterdam Pink Whitney 50ml,08567507,208,3.7,1,120,0.67,80.0
Cottage Grove,Johnson Brothers - St. Paul,New Amsterdam Vodka 1.75L,085000019511,22,3.9,1,6,14.36,86.0
Cottage Grove,Johnson Brothers - St. Paul,Jose Cuervo Gold Tequila Liter,811538010801,10,3.9,1,12,8.7,104.0
Cottage Grove,Libation Project,Cocchi di Torino 750ml,8007117010108,0,0.0,1,12,17.4,209.0
Cottage Grove,Libation Project,Dolin Dry Vermouth 375ml,3274510003807,1,2.1,1,12,8.72,105.0
Cottage Grove,"Maverick Beverage Co., LLC - MN",Banhez Mezcal 750ml,736040537113,0,0.0,1,6,26.02,156.0
Cottage Grove,Phillips Wine & Spirits - St. Paul,Buzzballz Snowglobe 1.75L,00851091006231,0,0.0,1,3,15.0,45.0
Cottage Grove,Phillips Wine & Spirits - St. Paul,BuzzBallz Biggie Berry Cherry Limeade 1.75L,851091006347,0,0.0,2,6,15.0,90.0
Cottage Grove,Phillips Wine & Spirits - St. Paul,Keeper's Heart Old Fashioned  750ml,850030494436,0,0.0,1,6,21.42,129.0
Cottage Grove,Phillips Wine & Spirits - St. Paul,Kessler Blended Whiskey 1.75L,080686042129,0,0.0,2,12,13.39,161.0
Cottage Grove,Phillips Wine & Spirits - St. Paul,Bulleit Bourbon Bottled in Bond 750ml,082000808633,0,0.0,1,12,37.5,450.0
Cottage Grove,Phillips Wine & Spirits - St. Paul,Ketel One Lemon Drop Martini Cocktail 750ml,082000809845,0,0.0,1,12,16.49,198.0
Cottage Grove,Phillips Wine & Spirits - St. Paul,Bailey's Irish Cream 375ml,086767210098,0,0.0,1,12,12.33,148.0
Cottage Grove,Phillips Wine & Spirits - St. Paul,Ketel One Vodka 750ml,085156515417,0,0.0,1,12,15.05,181.0
Cottage Grove,Phillips Wine & Spirits - St. Paul,Captain Morgan Spiced Rum Liter,08727008,0,0.0,2,24,14.9,358.0
Cottage Grove,Phillips Wine & Spirits - St. Paul,Buzzballz Grape Gone Wild Vikings 187ml,855200005528,34,0.5,10,240,0.07,16.0
Cottage Grove,Phillips Wine & Spirits - St. Paul,2 Gingers 50ml,080686294030,15,0.8,1,96,0.67,64.0
Cottage Grove,Phillips Wine & Spirits - St. Paul,Buzzballz Biggie Pink Lemonsqueezy 1.75L,088004076603,1,0.9,2,6,8.18,49.0
Cottage Grove,Phillips Wine & Spirits - St. Paul,Ketel One Botanical Cucumber and Mint 750ml,085156875009,2,0.9,1,12,14.96,180.0
Cottage Grove,Phillips Wine & Spirits - St. Paul,Remy Martin 1738 Cognac 750ml,087236003432,1,1.1,1,12,41.45,497.0
Cottage Grove,Phillips Wine & Spirits - St. Paul,Buzzballz Chiller Pink Lemonsqueezy 187ml,088004076573,9,1.3,1,24,1.35,33.0
Cottage Grove,Phillips Wine & Spirits - St. Paul,Crown Royal Blackberry 750ml,082000789550,9,1.7,2,24,17.68,424.0
Cottage Grove,Phillips Wine & Spirits - St. Paul,Phillips Vodka 1.75L,087116018099,10,1.8,3,18,10.5,189.0
Cottage Grove,Phillips Wine & Spirits - St. Paul,Windsor Canadian 1.75L,080686500124,29,1.9,6,36,26.58,957.0
Cottage Grove,Phillips Wine & Spirits - St. Paul,2 Gingers 1.75L,080686294016,2,2.1,1,6,25.25,151.0
Cottage Grove,Phillips Wine & Spirits - St. Paul,Captain Morgan 100 Proof 1.75L,082000742005,2,2.1,1,6,24.0,144.0
Cottage Grove,Phillips Wine & Spirits - St. Paul,Captain Morgan RTS Long Island 1.75L,082000743507,3,2.1,1,6,15.0,90.0
Cottage Grove,Phillips Wine & Spirits - St. Paul,Captain Morgan Spiced Rum 1.75L,082000759102,60,2.3,8,48,19.64,943.0
Cottage Grove,Phillips Wine & Spirits - St. Paul,Dirty Monkey Peanut Butter Banana Whiskey 750ml,850008153365,2,2.9,1,12,17.25,207.0
Cottage Grove,Phillips Wine & Spirits - St. Paul,Crown Royal Canadian Liter,087000007246,8,2.9,1,12,26.31,316.0
Cottage Grove,Phillips Wine & Spirits - St. Paul,2 Gingers 750ml,857566003019,10,2.9,1,12,12.61,151.0
Cottage Grove,Phillips Wine & Spirits - St. Paul,Captain Morgan Spiced Rum Traveler,08719300,16,2.9,1,12,10.83,130.0
Cottage Grove,Phillips Wine & Spirits - St. Paul,Phillips Vodka Traveler,087116011267,9,3.0,1,12,5.53,66.0
Cottage Grove,Phillips Wine & Spirits - St. Paul,Fireball Whisky 100ml,088004009373,91,3.1,1,48,1.19,57.0
Cottage Grove,Phillips Wine & Spirits - St. Paul,Revel Stoke S'mores Whisky Liter,087116007291,3,3.2,1,12,13.97,168.0
Cottage Grove,Phillips Wine & Spirits - St. Paul,Bailey's Irish Cream 1.75L,086767210029,7,3.3,1,6,35.37,212.0
Cottage Grove,Phillips Wine & Spirits - St. Paul,BuzzBallz Berry Cherry Limeade 187ml,857674007985,36,3.4,1,24,1.31,31.0
Cottage Grove,Southern Glazer's Wine & Spirits of MN,Suntory -196 Vodka Strawberry 4pk 12oz can,080686009092,0,0.0,1,6,7.5,45.0
Cottage Grove,Southern Glazer's Wine & Spirits of MN,Kahlua 1.75L,089540122694,0,0.0,1,6,39.43,237.0
Cottage Grove,Southern Glazer's Wine & Spirits of MN,Black Velvet Peach 1.75L,096749004034,0,0.0,1,6,12.38,74.0
Cottage Grove,Southern Glazer's Wine & Spirits of MN,Whistlepig Bourbon Snout to Tail 10yr 750ml,810080551756,0,0.0,1,6,20.0,120.0
Cottage Grove,Southern Glazer's Wine & Spirits of MN,Deep Eddy Lemon Vodka 1.75L,856065002431,0,0.0,1,6,17.67,106.0
Cottage Grove,Southern Glazer's Wine & Spirits of MN,Knob Creek Smoked Maple 750ml,080686016793,0,0.0,1,6,25.5,153.0
Cottage Grove,Southern Glazer's Wine & Spirits of MN,Blackheart Spiced Rum 1.75L,096749011650,0,0.0,1,6,14.88,89.0
Cottage Grove,Southern Glazer's Wine & Spirits of MN,Bumbu XO Rum 750ml,813497006147,0,0.0,1,6,28.99,174.0
Cottage Grove,Southern Glazer's Wine & Spirits of MN,Mr Boston Five Star Brandy 1.75L,089000003211,0,0.0,1,6,11.36,68.0
Cottage Grove,Southern Glazer's Wine & Spirits of MN,Chi-Chi's Mexican Mudslide 1.75L,089000547814,0,0.0,1,6,9.0,54.0
Cottage Grove,Southern Glazer's Wine & Spirits of MN,Bumbu Rum 750ml,813497006109,0,0.0,1,6,24.56,147.0
Cottage Grove,Southern Glazer's Wine & Spirits of MN,Canadian Club 1.75L,080686821120,0,0.0,2,12,16.08,193.0
Cottage Grove,Southern Glazer's Wine & Spirits of MN,Maker's Mark Bourbon 1.75L,085246139417,0,0.0,3,18,40.45,728.0
Cottage Grove,Southern Glazer's Wine & Spirits of MN,Bombay Gin Liter,080480300012,0,0.0,1,12,14.72,177.0
Cottage Grove,Southern Glazer's Wine & Spirits of MN,On the Rocks Pineapple Margarita 375ml,855880008086,0,0.0,1,12,8.6,103.0
Cottage Grove,Southern Glazer's Wine & Spirits of MN,Jameson Caskmates IPA 750ml,080432112199,0,0.0,1,12,24.35,292.0
Cottage Grove,Southern Glazer's Wine & Spirits of MN,Bombay Sapphire Gin 750ml,080480301026,0,0.0,1,12,17.58,211.0
Cottage Grove,Southern Glazer's Wine & Spirits of MN,Jim Beam Vanilla 750ml,080686006855,0,0.0,1,12,12.52,150.0
Cottage Grove,Southern Glazer's Wine & Spirits of MN,Suntory -196 Vodka Lemon 24oz can,080686011651,0,0.0,1,12,1.85,22.0
Cottage Grove,Southern Glazer's Wine & Spirits of MN,Fleischmanns Vodka Traveler,082928214356,0,0.0,1,12,4.56,55.0
Cottage Grove,Southern Glazer's Wine & Spirits of MN,Beefeater Gin Liter,089540333489,0,0.0,1,12,15.35,184.0
Cottage Grove,Southern Glazer's Wine & Spirits of MN,Patron Tequila Cristalino Anejo 375ml,721733006670,0,0.0,1,12,20.26,243.0
Cottage Grove,Southern Glazer's Wine & Spirits of MN,Absolut Ruby Red Vodka Liter,835229001244,0,0.0,1,12,19.2,230.0
Cottage Grove,Southern Glazer's Wine & Spirits of MN,Kahlua Liter,089540122700,0,0.0,1,12,23.75,285.0
Cottage Grove,Southern Glazer's Wine & Spirits of MN,Absolut Pears Vodka Liter,835229001343,0,0.0,1,12,19.15,230.0
Cottage Grove,Southern Glazer's Wine & Spirits of MN,Jim Beam Apple 750ml,080686006558,0,0.0,1,12,12.49,150.0
Cottage Grove,Southern Glazer's Wine & Spirits of MN,On the Rocks Margarita 375ml,855880008116,0,0.0,1,12,8.6,103.0
Cottage Grove,Southern Glazer's Wine & Spirits of MN,On the Rocks Old Fashioned 100ml,855880008000,0,0.0,1,30,3.56,107.0
Cottage Grove,Southern Glazer's Wine & Spirits of MN,Svedka Vodka 375ml,617768113752,2,0.2,3,72,3.23,233.0
Cottage Grove,Southern Glazer's Wine & Spirits of MN,Jim Beam Apple 50ml,080686006589,4,0.3,1,120,0.71,85.0
Cottage Grove,Southern Glazer's Wine & Spirits of MN,Sauza Hornitos Reposado 750ml,080686835028,1,0.4,1,12,16.39,197.0
Cottage Grove,Southern Glazer's Wine & Spirits of MN,Twisted Tea Whiskey 50ml,080686036012,9,0.4,1,120,0.67,80.0
Cottage Grove,Southern Glazer's Wine & Spirits of MN,Svedka Vodka 100pf 1.75L,088004071370,1,0.5,2,12,14.62,175.0
Cottage Grove,Southern Glazer's Wine & Spirits of MN,Admiral Nelson's Spiced Rum 1.75L,096749086269,1,0.5,2,12,2.15,26.0
Cottage Grove,Southern Glazer's Wine & Spirits of MN,Bacardi Limon Rum Liter,080480355302,1,0.5,1,12,11.95,143.0
Cottage Grove,Southern Glazer's Wine & Spirits of MN,Slow & Low Rock & Rye 100ml,898804009066,1,0.5,1,24,3.3,79.0
Cottage Grove,Southern Glazer's Wine & Spirits of MN,Bacardi Limon Rum 50ml,080480356200,10,0.5,1,120,0.83,100.0
Cottage Grove,Southern Glazer's Wine & Spirits of MN,Dewar's White Label Scotch 1.75L,080480230005,1,0.6,1,6,24.56,147.0
Cottage Grove,Southern Glazer's Wine & Spirits of MN,High West Old Fashioned 750ml,086003267107,1,0.6,1,6,21.59,130.0
Cottage Grove,Southern Glazer's Wine & Spirits of MN,Cruzan Single Barrel Rum 750ml,080686967026,1,0.7,1,6,22.5,135.0
Cottage Grove,Southern Glazer's Wine & Spirits of MN,Svedka Blue Raspberry Vodka 1.75L,617768201176,1,0.9,1,6,14.63,88.0
Cottage Grove,Southern Glazer's Wine & Spirits of MN,Evan Williams 100 Proof 1.75L,096749021178,4,0.9,3,18,21.87,394.0
Cottage Grove,Southern Glazer's Wine & Spirits of MN,Svedka Vodka Traveler,617768121757,4,1.0,2,24,7.37,177.0
Cottage Grove,Southern Glazer's Wine & Spirits of MN,99 Pineapples 50ml,080660010700,30,1.0,1,120,0.6,72.0
Cottage Grove,Southern Glazer's Wine & Spirits of MN,Jim Beam Black 7yr 1.75L,080686007777,1,1.1,1,6,29.41,176.0
Cottage Grove,Southern Glazer's Wine & Spirits of MN,Svedka Strawberry Lemonade Vod 1.75L,617768141175,1,1.1,1,6,14.62,88.0
Cottage Grove,Southern Glazer's Wine & Spirits of MN,Jameson Irish Whiskey 375ml,080432500149,2,1.1,1,24,11.53,277.0
Cottage Grove,Southern Glazer's Wine & Spirits of MN,Svedka Vodka 200ml,617768112007,2,1.1,1,48,1.43,68.0
Cottage Grove,Southern Glazer's Wine & Spirits of MN,Evan Williams Bourbon 1.75L,096749021147,6,1.2,3,18,17.39,313.0
Cottage Grove,Southern Glazer's Wine & Spirits of MN,Jagermeister Liter,083089660150,3,1.3,1,12,18.03,216.0
Cottage Grove,Southern Glazer's Wine & Spirits of MN,99 Strawberries Schnapps 50ml,088004039653,71,1.3,2,240,0.6,144.0
Cottage Grove,Southern Glazer's Wine & Spirits of MN,99 Root Beer 50ml,088004023850,72,1.3,2,240,0.6,144.0
Cottage Grove,Southern Glazer's Wine & Spirits of MN,On the Rocks Cosmopolitan 375ml,080686008088,1,1.4,1,12,8.6,103.0
Cottage Grove,Southern Glazer's Wine & Spirits of MN,Bombay Sapphire Gin Liter,080480301019,2,1.4,1,12,20.87,250.0
Cottage Grove,Southern Glazer's Wine & Spirits of MN,Patron Silver Tequila 750ml,721733000029,6,1.4,1,12,119.28,1431.0
Cottage Grove,Southern Glazer's Wine & Spirits of MN,Jim Beam Bourbon 200ml,080686001706,5,1.4,1,48,3.97,190.0
Cottage Grove,Southern Glazer's Wine & Spirits of MN,Sauza Hornitos Plata Tequila 1.75L,080686835349,2,1.7,1,6,28.92,174.0
Cottage Grove,Southern Glazer's Wine & Spirits of MN,Grand Marnier Liqueur 750ml,649188900476,2,1.7,1,12,24.88,299.0
Cottage Grove,Southern Glazer's Wine & Spirits of MN,Bacardi Superior Light Rum Traveler,080480015459,4,1.7,1,12,10.45,125.0
Cottage Grove,Southern Glazer's Wine & Spirits of MN,Black Velvet Canadian 1.75L,088100134511,3,1.8,1,6,13.06,78.0
Cottage Grove,Southern Glazer's Wine & Spirits of MN,On The Rocks Variety Pack 8pk 12oz can,080686012580,1,2.1,1,3,16.48,49.0
Cottage Grove,Southern Glazer's Wine & Spirits of MN,Jameson Orange 750ml,080432117330,1,2.1,1,6,22.02,132.0
Cottage Grove,Southern Glazer's Wine & Spirits of MN,Mi Campo Tequila Blanco Liter,086003272026,1,2.1,1,6,18.0,108.0
Cottage Grove,Southern Glazer's Wine & Spirits of MN,High West Campfire Whiskey 750ml,094922381736,1,2.1,1,6,49.61,298.0
Cottage Grove,Southern Glazer's Wine & Spirits of MN,Tequila Ocho Plata Tequila 750ml,898627001308,1,2.1,1,6,0.0,0.0
Cottage Grove,Southern Glazer's Wine & Spirits of MN,Sarti Aperitivo Rosa 700ml,887341340138,2,2.1,1,6,17.97,108.0
Cottage Grove,Southern Glazer's Wine & Spirits of MN,Jagermeister 1.75L,083089660174,3,2.1,1,6,29.84,179.0
Cottage Grove,Southern Glazer's Wine & Spirits of MN,Carolans Irish Cream 1.75L,810845030069,3,2.1,1,6,18.77,113.0
Cottage Grove,Southern Glazer's Wine & Spirits of MN,Absolut Vodka 375ml,835229000209,3,2.1,1,24,8.45,203.0
Cottage Grove,Southern Glazer's Wine & Spirits of MN,Bacardi Superior Light Rum 375ml,080480015602,5,2.1,1,24,4.58,110.0
Cottage Grove,Southern Glazer's Wine & Spirits of MN,Lunazul Reposado Tequila Liter,096749908011,15,2.3,1,12,15.31,184.0
Cottage Grove,Southern Glazer's Wine & Spirits of MN,99 Bananas 50ml,080660620992,76,2.3,1,120,0.6,72.0
Cottage Grove,Southern Glazer's Wine & Spirits of MN,Jameson Irish Whiskey 1.75L,080432500187,28,2.4,3,18,25.61,461.0
Cottage Grove,Southern Glazer's Wine & Spirits of MN,Ole Smoky MS Hunch Punch 50ml,854628006056,17,2.4,1,48,2.0,96.0
Cottage Grove,Southern Glazer's Wine & Spirits of MN,Russells Reserve Bourbon Private Barrel 750ml,721059002974,3,2.6,1,6,52.5,315.0
Cottage Grove,Southern Glazer's Wine & Spirits of MN,Malibu Rum Traveler,089540466446,3,2.6,1,12,13.44,161.0
Cottage Grove,Southern Glazer's Wine & Spirits of MN,Sauza Hornitos Plata 750ml,080686835325,22,2.6,1,12,13.94,167.0
Cottage Grove,Southern Glazer's Wine & Spirits of MN,Jim Beam Bourbon 1.75L,080686001102,20,2.9,2,12,23.73,285.0
Cottage Grove,Southern Glazer's Wine & Spirits of MN,Evan Williams Bourbon Traveler,096749021772,2,2.9,1,12,9.43,113.0
Cottage Grove,Southern Glazer's Wine & Spirits of MN,On the Rocks Mai Tai Cruzan 375ml,855880008147,2,2.9,1,12,8.6,103.0
Cottage Grove,Southern Glazer's Wine & Spirits of MN,Jagermeister 200ml,083089660402,12,3.0,1,48,4.84,232.0
Cottage Grove,Southern Glazer's Wine & Spirits of MN,Christian Brothers Brandy Liter,086036815559,10,3.1,1,12,8.8,106.0
Cottage Grove,Southern Glazer's Wine & Spirits of MN,Bacardi Limon Rum Traveler,080480001094,3,3.2,1,12,10.47,126.0
Cottage Grove,Southern Glazer's Wine & Spirits of MN,Elijah Craig BBN Small Batch 94 750ml,096749000067,11,3.4,1,12,16.23,195.0
Cottage Grove,Southern Glazer's Wine & Spirits of MN,Bacardi Limon Rum 1.75L,080480355203,46,3.5,2,12,17.15,206.0
Cottage Grove,Southern Glazer's Wine & Spirits of MN,Jim Beam Black 7yr 1L,080686007753,5,3.6,1,12,19.16,230.0
Cottage Grove,Southern Glazer's Wine & Spirits of MN,Teremana Tequila Reposado 750ml,850015640032,6,3.7,1,6,26.25,158.0
Cottage Grove,Southern Glazer's Wine & Spirits of MN,Fleischmanns Vodka 1.75L,082928214318,7,3.8,1,6,9.11,55.0
Cottage Grove,Southern Glazer's Wine & Spirits of MN,Chi-Chi's Mexican Mudslide 750ml,080660018843,9,3.9,1,12,3.75,45.0
Cottage Grove,The Wine Company,Dampfwerk London Dry Gin 750ml,852064007019,0,0.0,1,6,26.0,156.0
Cottage Grove,"Vinocopia, Inc",Post Meridiem Old Fashioned 100ml RTD,858173008015,5,0.7,2,48,2.32,111.0
Minneapolis,Bellboy Corporation,Don Julio Blanco Tequila 1.75L,674545000629,0,0.0,1,3,44.17,133.0
Minneapolis,Bellboy Corporation,Loonman Vodka 750ml,787790208747,0,0.0,1,6,18.5,111.0
Minneapolis,Bellboy Corporation,Zarpado Blanco 1.75L,810879022061,0,0.0,1,6,30.83,185.0
Minneapolis,Bellboy Corporation,Flyer Vodka 1.75L,810879027165,1,0.0,23,138,10.83,1495.0
Minneapolis,Bellboy Corporation,Gunner Vodka Liter,810879028360,0,0.0,1,12,5.92,71.0
Minneapolis,Bellboy Corporation,Steel 43 Vodka 750ml,810879021378,0,0.0,1,12,8.33,100.0
Minneapolis,Bellboy Corporation,Smirnoff Vodka Liter,08200501,17,0.7,7,84,10.65,894.0
Minneapolis,Bellboy Corporation,Ketel One Vodka 1.75L,085156803682,6,1.2,3,18,26.1,470.0
Minneapolis,Bellboy Corporation,Morris Australian Single Malt Whisky 700ml,839743003036,1,1.4,1,6,15.0,90.0
Minneapolis,Bellboy Corporation,Don Julio Reposado 375ml,674545000605,6,1.4,1,12,19.64,236.0
Minneapolis,Bellboy Corporation,Don Julio Reposado Tequila 1.75L,674545000636,2,1.7,1,3,80.67,242.0
Minneapolis,Bellboy Corporation,Jackson Morgan Banana Pudding Cream 750ml,855400005267,2,2.1,1,6,17.76,107.0
Minneapolis,Bellboy Corporation,Crown Royal Salted Caramel 750ml,082000783978,5,2.4,1,12,20.43,245.0
Minneapolis,Bellboy Corporation,Bulleit 95 Rye Whiskey 750ml,082000752967,6,2.6,1,12,18.23,219.0
Minneapolis,Bellboy Corporation,Espolon Reposado Tequila 750ml,721059707510,34,2.6,2,24,22.5,540.0
Minneapolis,Bellboy Corporation,Captain Morgan Spiced Rum 50ml,08731409,193,2.7,1,120,0.66,79.0
Minneapolis,Bellboy Corporation,Captain Morgan White Liter,082000766834,5,3.1,1,12,12.83,154.0
Minneapolis,Bellboy Corporation,Crown Royal Regal Apple 1.75L,082000771593,6,3.2,1,6,37.13,223.0
Minneapolis,Bellboy Corporation,Patron Silver Tequila 375ml,721733000944,12,3.7,1,12,27.94,335.0
Minneapolis,Bellboy Corporation,Espolon Blanco Tequila 750ml,721059707503,64,3.7,1,12,20.6,247.0
Minneapolis,Bellboy Corporation,Jim Beam Bourbon 375ml,080686001607,8,3.8,1,24,7.71,185.0
Minneapolis,"Breakthru Beverage Minnesota Wine & Spirits, LLC",Fireball Party Bucket,088004029296,0,0.0,3,18,11.84,213.0
Minneapolis,"Breakthru Beverage Minnesota Wine & Spirits, LLC",Taaka Vodka Liter,088004010133,6,0.6,4,48,6.05,291.0
Minneapolis,"Breakthru Beverage Minnesota Wine & Spirits, LLC",Taaka Vodka 750ml,088004011543,6,0.7,3,36,4.5,162.0
Minneapolis,"Breakthru Beverage Minnesota Wine & Spirits, LLC",Fireball Blazin' Apple 50ml,088004069155,493,1.1,11,1320,0.55,732.0
Minneapolis,"Breakthru Beverage Minnesota Wine & Spirits, LLC",Taaka Vodka 1.75L,088004010126,7,1.6,2,12,8.78,105.0
Minneapolis,"Breakthru Beverage Minnesota Wine & Spirits, LLC",Milagro Reposado Tequila 750ml,083664868940,19,1.8,4,24,17.81,427.0
Minneapolis,"Breakthru Beverage Minnesota Wine & Spirits, LLC",Platinum Vodka 1.75L,088004012724,2,2.1,1,6,9.72,58.0
Minneapolis,"Breakthru Beverage Minnesota Wine & Spirits, LLC",Fireball Whisky 1.75L,088004009281,13,2.4,2,12,17.67,212.0
Minneapolis,"Breakthru Beverage Minnesota Wine & Spirits, LLC",Fireball Whisky 750ml,088004144692,51,2.9,2,24,9.0,216.0
Minneapolis,"Breakthru Beverage Minnesota Wine & Spirits, LLC",Fireball Blazin' Apple Liter,088004074562,10,3.1,1,12,12.57,151.0
Minneapolis,"Breakthru Beverage Minnesota Wine & Spirits, LLC",Macallan Double Cask 12yr 750ml,812066021598,4,3.4,1,12,63.75,765.0
Minneapolis,"Breakthru Beverage Minnesota Wine & Spirits, LLC",Milagro Silver Tequila 750ml,083664868919,8,3.8,1,6,17.26,104.0
Minneapolis,Johnson Brothers - St. Paul,Don Julio Gift Pack 3pk 375ml,088076190856,0,0.0,1,6,40.39,242.0
Minneapolis,Johnson Brothers - St. Paul,New Amsterdam Lemon 1.75L,085000026540,0,0.0,3,18,15.64,282.0
Minneapolis,Johnson Brothers - St. Paul,New Amsterdam Tangerine 750ml,085000034828,0,0.0,2,24,9.0,216.0
Minneapolis,Johnson Brothers - St. Paul,New Amsterdam Raspberry vodka 750ml,085000026151,10,0.4,8,96,9.0,864.0
Minneapolis,Johnson Brothers - St. Paul,New Amsterdam Mango 750ml,085000023181,5,0.5,4,48,9.0,432.0
Minneapolis,Johnson Brothers - St. Paul,New Amsterdam Pink Whitney Liter,085000031353,7,0.6,4,48,10.5,504.0
Minneapolis,Johnson Brothers - St. Paul,New Amsterdam Vodka Liter,085000019504,15,0.7,6,72,7.26,522.0
Minneapolis,Johnson Brothers - St. Paul,Smirnoff Pink Lemonade 750ml,082000797203,4,0.8,2,24,8.16,196.0
Minneapolis,Johnson Brothers - St. Paul,Four Roses Bourbon 1.75L,040063400430,2,0.9,2,12,27.55,331.0
Minneapolis,Johnson Brothers - St. Paul,High Noon Passionfruit 4pk 12oz can,085000432563,2,0.9,2,12,8.29,99.0
Minneapolis,Johnson Brothers - St. Paul,Smirnoff Red White and Berry 1.75L,082000788102,7,0.9,5,30,7.33,220.0
Minneapolis,Johnson Brothers - St. Paul,Smirnoff Vodka Traveler,08295004,20,0.9,6,72,7.96,573.0
Minneapolis,Johnson Brothers - St. Paul,Casamigos Reposado 750ml,856724006213,6,1.0,4,24,29.95,719.0
Minneapolis,Johnson Brothers - St. Paul,New Amsterdam Pink Whitney 1.75L,085000031360,14,1.0,7,42,17.33,728.0
Minneapolis,Johnson Brothers - St. Paul,New Amsterdam Raspberry 1.75L,085000026175,25,1.0,12,72,15.3,1102.0
Minneapolis,Johnson Brothers - St. Paul,New Amsterdam Pink Whitney 750ml,085000029626,15,1.0,4,48,9.0,432.0
Minneapolis,Johnson Brothers - St. Paul,Smirnoff Vanilla Vodka 1.75L,082000724049,6,1.1,3,18,14.73,265.0
Minneapolis,Johnson Brothers - St. Paul,Smirnoff Vodka 1.75L,082000727606,38,1.1,16,96,14.61,1402.0
Minneapolis,Johnson Brothers - St. Paul,Kinky Pink 50ml,084279985978,158,1.1,4,480,0.62,299.0
Minneapolis,Johnson Brothers - St. Paul,New Amsterdam Pink Whitney 50ml,08567507,595,1.2,12,1440,0.67,960.0
Minneapolis,Johnson Brothers - St. Paul,New Amsterdam Pink Whitney Buckets,085000206751,8,1.3,3,18,13.34,240.0
Minneapolis,Johnson Brothers - St. Paul,Smirnoff Strawberry & Rose Zero Sugar 750ml,082000790815,11,1.3,2,24,8.01,192.0
Minneapolis,Johnson Brothers - St. Paul,New Amsterdam Vodka 750ml,085000019498,26,1.3,5,60,9.0,540.0
Minneapolis,Johnson Brothers - St. Paul,Kraken Black Spiced Rum (White Label) 1.75L,811538013017,2,1.4,1,6,14.94,90.0
Minneapolis,Johnson Brothers - St. Paul,New Amsterdam Grapefruit Vodka 1.75L,085000023761,6,1.4,2,12,13.16,158.0
Minneapolis,Johnson Brothers - St. Paul,Jose Cuervo Silver Tequila 1.75L,082000743750,20,1.4,7,42,15.09,634.0
Minneapolis,Johnson Brothers - St. Paul,Casamigos Blanco 750ml,083089450003,10,1.5,3,18,19.22,346.0
Minneapolis,Johnson Brothers - St. Paul,Karkov Vodka 1.75L,084279184227,108,1.5,32,192,5.05,970.0
Minneapolis,Johnson Brothers - St. Paul,New Amsterdam Pink Whitney Traveler,085000036150,9,1.5,2,24,9.0,216.0
Minneapolis,Johnson Brothers - St. Paul,New Amsterdam Peach Vodka 750ml,085000020333,11,1.5,2,24,8.97,215.0
Minneapolis,Johnson Brothers - St. Paul,Hennessy VS Cognac 1.75L,088110150587,3,1.6,1,6,64.3,386.0
Minneapolis,Johnson Brothers - St. Paul,Jose Cuervo Auth Strawberry 1.75L,811538011037,3,1.6,1,6,6.12,37.0
Minneapolis,Johnson Brothers - St. Paul,New Amsterdam Pineapple 750ml,085000022313,11,1.6,2,24,9.0,216.0
Minneapolis,Johnson Brothers - St. Paul,High Noon Tropical Variety Pack 8pk 12oz can,085000032558,17,1.7,8,24,16.59,398.0
Minneapolis,Johnson Brothers - St. Paul,New Amsterdam Raspberry vodka 50ml,085000006627,64,1.7,1,120,0.67,80.0
Minneapolis,Johnson Brothers - St. Paul,Il Tramonto Lemoncello 750ml,084279979472,7,1.8,2,12,11.88,143.0
Minneapolis,Johnson Brothers - St. Paul,New Amsterdam Tangerine 1.75L,085000034835,7,1.8,2,12,15.0,180.0
Minneapolis,Johnson Brothers - St. Paul,Kinky Blue 50ml,084279991528,465,1.8,5,600,0.67,400.0
Minneapolis,Johnson Brothers - St. Paul,New Amsterdam Red Berry 1.75L,085000021675,10,1.9,2,12,5.3,64.0
Minneapolis,Johnson Brothers - St. Paul,New Amsterdam Passionfruit 1.75L,085000034200,9,2.0,2,12,15.0,180.0
Minneapolis,Johnson Brothers - St. Paul,Jose Cuervo Gold Tequila 750ml,811538010832,6,2.0,1,12,13.2,158.0
Minneapolis,Johnson Brothers - St. Paul,Casamigos Anejo 750ml,856724006015,2,2.1,1,6,42.06,252.0
Minneapolis,Johnson Brothers - St. Paul,Kinky Peach Mango 750ml,084279008004,4,2.1,1,6,12.79,77.0
Minneapolis,Johnson Brothers - St. Paul,Kinky Liqueur Party Bucket 50ml 20pk,084279008837,4,2.1,1,6,13.33,80.0
Minneapolis,Johnson Brothers - St. Paul,High Noon Black Cherry 4pk 12oz can,085000429273,7,2.1,2,12,8.87,106.0
Minneapolis,Johnson Brothers - St. Paul,Jose Cuervo Tradicional Silver 750ml,811538011426,2,2.1,1,12,18.6,223.0
Minneapolis,Johnson Brothers - St. Paul,High Noon Peach 8pk 12oz can,085000043073,10,2.3,3,9,14.55,131.0
Minneapolis,Johnson Brothers - St. Paul,New Amsterdam Gin 1.75L,085000014301,6,2.3,1,6,16.61,100.0
Minneapolis,Johnson Brothers - St. Paul,High Noon Pineapple 4pk 12oz can,085000429266,18,2.3,3,18,8.79,158.0
Minneapolis,Johnson Brothers - St. Paul,Smirnoff Green Apple Vodka Liter,082000001027,10,2.3,1,12,10.71,128.0
Minneapolis,Johnson Brothers - St. Paul,Rondiaz Silver Rum 1.75L,084279902715,8,2.4,1,6,15.28,92.0
Minneapolis,Johnson Brothers - St. Paul,Hennessy VS Cognac 375ml,088110150624,21,2.5,2,24,14.17,340.0
Minneapolis,Johnson Brothers - St. Paul,Kinky Red 50ml,084279998343,409,2.5,2,240,0.4,96.0
Minneapolis,Johnson Brothers - St. Paul,Rondiaz Coconut Rum 1.75L,084279978833,3,2.6,1,6,15.36,92.0
Minneapolis,Johnson Brothers - St. Paul,1800 Silver Tequila 1.75L,811538010153,19,2.6,2,12,31.5,378.0
Minneapolis,Johnson Brothers - St. Paul,High Noon Peach 4pk 12oz can,085000431375,27,2.6,3,18,8.68,156.0
Minneapolis,Johnson Brothers - St. Paul,Jose Cuervo Silver Tequila Liter,811538010825,52,2.6,3,36,11.74,423.0
Minneapolis,Johnson Brothers - St. Paul,Jose Cuervo Gold Tequila Liter,811538010801,25,2.7,1,12,8.7,104.0
Minneapolis,Johnson Brothers - St. Paul,Fireball Whisky 375ml,088004144722,22,2.7,1,24,5.1,123.0
Minneapolis,Johnson Brothers - St. Paul,Kinky Blue 750ml,084279991535,13,2.8,1,6,12.79,77.0
Minneapolis,Johnson Brothers - St. Paul,Kinky Peach Mango 50ml,084279008011,124,2.8,1,120,0.64,76.0
Minneapolis,Johnson Brothers - St. Paul,Kinky Grape 50ml,084279008561,316,2.8,2,240,0.49,117.0
Minneapolis,Johnson Brothers - St. Paul,High Noon Tequila Fiesta Pack 8pk 12oz can,085000037393,4,2.9,1,3,18.15,54.0
Minneapolis,Johnson Brothers - St. Paul,New Amsterdam Pineapple 1.75L,085000022337,19,2.9,2,12,15.18,182.0
Minneapolis,Johnson Brothers - St. Paul,1800 Silver Tequila 750ml,811538010139,14,2.9,1,12,10.18,122.0
Minneapolis,Johnson Brothers - St. Paul,High Noon Grapefruit 4pk 12oz can,085000426272,9,3.0,1,6,8.78,53.0
Minneapolis,Johnson Brothers - St. Paul,Jose Cuervo Silver Tequila 50ml,811538010955,33,3.1,1,120,1.16,139.0
Minneapolis,Johnson Brothers - St. Paul,Smirnoff Blue Raspberry Lemonade 50ml,08269504,51,3.1,1,120,0.66,79.0
Minneapolis,Johnson Brothers - St. Paul,High Noon Iced Tea Variety Pack 8pk 12oz can,085000038963,3,3.2,1,3,16.59,50.0
Minneapolis,Johnson Brothers - St. Paul,E&J Apple Brandy 750ml,085000024041,31,3.2,1,12,9.0,108.0
Minneapolis,Johnson Brothers - St. Paul,E&J Brandy 375ml,085000004265,6,3.2,1,24,4.67,112.0
Minneapolis,Johnson Brothers - St. Paul,High Noon Watermelon 4pk 12oz can,085000429259,7,3.3,1,6,8.65,52.0
Minneapolis,Johnson Brothers - St. Paul,New Amsterdam Peach Vodka 1.75L,085000021651,19,3.3,1,6,15.3,92.0
Minneapolis,Johnson Brothers - St. Paul,New Amsterdam Apple Vodka 1.75L,085000024881,31,3.3,2,12,15.17,182.0
Minneapolis,Johnson Brothers - St. Paul,New Amsterdam Vodka 1.75L,085000019511,81,3.3,3,18,14.36,258.0
Minneapolis,Johnson Brothers - St. Paul,1800 Reposado Tequila 750ml,811538010238,10,3.3,1,12,19.27,231.0
Minneapolis,Johnson Brothers - St. Paul,High Noon Tequila Variety Pack 8pk 12oz can,085000036099,9,3.5,1,3,18.71,56.0
Minneapolis,Johnson Brothers - St. Paul,High Noon Peach 24oz can,085000034491,30,3.5,1,12,4.5,54.0
Minneapolis,Johnson Brothers - St. Paul,Smirnoff Kissed Caramel Vodka Liter,082000759621,11,3.6,1,12,10.13,122.0
Minneapolis,Johnson Brothers - St. Paul,Smirnoff Red White & Berry Liter,082000788096,11,3.6,1,12,10.39,125.0
Minneapolis,Johnson Brothers - St. Paul,Jose Cuervo Gold Tequila 375ml,811538010887,30,3.6,1,24,7.25,174.0
Minneapolis,Johnson Brothers - St. Paul,Fireball Whisky 200ml,088004144739,21,3.6,1,48,2.91,140.0
Minneapolis,Johnson Brothers - St. Paul,New Amsterdam Pineapple 50ml,085000006214,125,3.6,1,120,0.67,80.0
Minneapolis,Johnson Brothers - St. Paul,High Noon Lemon 4pk 12oz can,085000434260,6,3.7,1,6,8.45,51.0
Minneapolis,Johnson Brothers - St. Paul,Kraken Black Spiced Rum (White Label) Liter,811538013000,6,3.7,1,6,16.32,98.0
Minneapolis,Johnson Brothers - St. Paul,New Amsterdam Mango Vodka 1.75L,085000023204,38,3.7,1,6,15.14,91.0
Minneapolis,Johnson Brothers - St. Paul,New Amsterdam Red Berry Vodka 750ml,085000020326,20,3.7,1,12,9.0,108.0
Minneapolis,Johnson Brothers - St. Paul,Jose Cuervo Silver Tequila 375ml,811538010870,20,3.7,1,24,6.89,165.0
Minneapolis,Johnson Brothers - St. Paul,Jose Cuervo Auth Margarita 1.75L,082000190325,8,3.8,1,6,14.75,88.0
Minneapolis,Johnson Brothers - St. Paul,Aperol Aperitivo 750ml,721059001311,27,4.0,1,6,15.82,95.0
Minneapolis,Johnson Brothers - St. Paul,High Noon Pineapple 24oz can,085000034484,37,4.0,1,12,4.5,54.0
Minneapolis,"New France Wine Co, Inc","Jeppson's Malort 50ml
",850995005753,2,0.5,1,120,1.5,180.0
Minneapolis,Phillips Wine & Spirits - St. Paul,Ketel One Cosmopolitan 375ml,088076188648,0,0.0,1,12,4.2,50.0
Minneapolis,Phillips Wine & Spirits - St. Paul,BuzzBallz Biggie Berry Cherry Limeade 1.75L,851091006347,16,0.7,24,72,15.0,1080.0
Minneapolis,Phillips Wine & Spirits - St. Paul,Buzzballz Grape Gone Wild Vikings 187ml,855200005528,319,1.1,35,840,0.07,57.0
Minneapolis,Phillips Wine & Spirits - St. Paul,Phillips Vodka 1.75L,087116018099,15,1.5,5,30,10.5,315.0
Minneapolis,Phillips Wine & Spirits - St. Paul,Crown Royal Peach 750ml,082000782919,7,1.8,1,12,20.12,241.0
Minneapolis,Phillips Wine & Spirits - St. Paul,Buzzballz Biggie Pink Lemonsqueezy 1.75L,088004076603,18,2.0,6,18,8.18,147.0
Minneapolis,Phillips Wine & Spirits - St. Paul,Captain Morgan Spiced Rum Traveler,08719300,11,2.0,1,12,10.83,130.0
Minneapolis,Phillips Wine & Spirits - St. Paul,Rumple Minze 750ml,086767520067,21,2.0,2,24,14.82,356.0
Minneapolis,Phillips Wine & Spirits - St. Paul,Phillips Peppermint 60pf 1.75L,087116048614,4,2.4,1,6,13.53,81.0
Minneapolis,Phillips Wine & Spirits - St. Paul,BuzzBallz Berry Cherry Limeade 187ml,857674007985,175,2.4,5,120,1.31,157.0
Minneapolis,Phillips Wine & Spirits - St. Paul,Rumple Minze 50ml,086767520227,127,2.5,1,120,0.74,89.0
Minneapolis,Phillips Wine & Spirits - St. Paul,Crown Royal Blackberry 750ml,082000789550,16,2.7,1,12,17.68,212.0
Minneapolis,Phillips Wine & Spirits - St. Paul,Captain Morgan Spiced Rum Liter,08727008,27,2.8,2,24,14.9,358.0
Minneapolis,Phillips Wine & Spirits - St. Paul,Crown Royal Vanilla 1.75L,082000776611,2,2.9,1,6,37.3,224.0
Minneapolis,Phillips Wine & Spirits - St. Paul,Crown Royal Vanilla 750ml,082000776598,8,3.1,1,12,19.81,238.0
Minneapolis,Phillips Wine & Spirits - St. Paul,Phillips Vodka Traveler,087116011267,10,3.3,1,12,5.53,66.0
Minneapolis,Phillips Wine & Spirits - St. Paul,Buzzballz Chiller Pink Lemonsqueezy 187ml,088004076573,120,3.3,2,48,1.35,65.0
Minneapolis,Phillips Wine & Spirits - St. Paul,Campo Bravo Plata 50ml,850008153129,363,3.3,2,144,0.65,94.0
Minneapolis,Phillips Wine & Spirits - St. Paul,BuzzBallz Tropical Tang Biggie 1.75L,000880040820,11,3.6,1,3,15.0,45.0
Minneapolis,Phillips Wine & Spirits - St. Paul,Crown Royal Regal Apple 750ml,082000771562,28,3.6,1,12,19.88,239.0
Minneapolis,Phillips Wine & Spirits - St. Paul,Crown Royal Canadian 750ml,087000007253,8,3.8,1,12,14.9,179.0
Minneapolis,Phillips Wine & Spirits - St. Paul,Crown Royal Regal Apple Liter,082000771586,14,3.8,1,12,26.55,319.0
Minneapolis,Southern Glazer's Wine & Spirits of MN,De Soi Spritz Italian Sparkling Apertif N/A 4pk 8oz can,850042868843,0,0.0,1,6,10.75,64.0
Minneapolis,Southern Glazer's Wine & Spirits of MN,Seagrams Lime Gin 1.75L,080432401644,0,0.0,1,6,15.38,92.0
Minneapolis,Southern Glazer's Wine & Spirits of MN,Evan Williams Bourbon 1.75L,096749021147,0,0.0,1,6,17.39,104.0
Minneapolis,Southern Glazer's Wine & Spirits of MN,99 Schnapps Party Bucket,088004034221,0,0.0,2,12,13.2,158.0
Minneapolis,Southern Glazer's Wine & Spirits of MN,On the Rocks Mai Tai Cruzan 375ml,855880008147,0,0.0,1,12,8.6,103.0
Minneapolis,Southern Glazer's Wine & Spirits of MN,Malibu Pink Rum 1.75L,089540536538,1,0.2,5,30,17.15,514.0
Minneapolis,Southern Glazer's Wine & Spirits of MN,Lunazul Reposado Tequila Liter,096749908011,35,0.3,42,504,15.31,7718.0
Minneapolis,Southern Glazer's Wine & Spirits of MN,Sauza Hornitos Plata Tequila 1.75L,080686835349,1,0.4,2,12,28.92,347.0
Minneapolis,Southern Glazer's Wine & Spirits of MN,Svedka Cherry Limeade 1.75L,617768291177,8,0.6,8,48,14.62,702.0
Minneapolis,Southern Glazer's Wine & Spirits of MN,D'usse Cognac VSOP 750ml,080480002923,3,0.9,2,12,29.21,351.0
Minneapolis,Southern Glazer's Wine & Spirits of MN,Svedka Blue Raspberry Vodka 1.75L,617768201176,17,0.9,10,60,14.63,878.0
Minneapolis,Southern Glazer's Wine & Spirits of MN,Mi Campo Tequila Reposado 375ml,086003272071,2,0.9,1,12,9.93,119.0
Minneapolis,Southern Glazer's Wine & Spirits of MN,Svedka Vanilla Vodka 1.75L,088004071929,10,1.0,6,36,14.62,526.0
Minneapolis,Southern Glazer's Wine & Spirits of MN,Bacardi Superior Light Rum Liter,080480015305,10,1.0,3,36,11.95,430.0
Minneapolis,Southern Glazer's Wine & Spirits of MN,Malibu Pink Rum 750ml,089540536521,14,1.0,4,48,13.78,662.0
Minneapolis,Southern Glazer's Wine & Spirits of MN,Svedka Vodka Traveler,617768121757,17,1.0,5,60,7.37,442.0
Minneapolis,Southern Glazer's Wine & Spirits of MN,Pinnacle Vodka 1.75L,080686929451,1,1.1,1,6,12.21,73.0
Minneapolis,Southern Glazer's Wine & Spirits of MN,Teremana Tequila Blanco 750ml,850015640025,1,1.1,1,6,23.25,140.0
Minneapolis,Southern Glazer's Wine & Spirits of MN,Burnett's Vodka 1.75L,096749200313,4,1.1,2,12,10.13,122.0
Minneapolis,Southern Glazer's Wine & Spirits of MN,Svedka Strawberry Vodka 1.75L,088004072063,14,1.1,7,42,14.62,614.0
Minneapolis,Southern Glazer's Wine & Spirits of MN,On the Rocks Old Fashioned 375ml,855880008024,5,1.2,1,12,8.6,103.0
Minneapolis,Southern Glazer's Wine & Spirits of MN,On The Rocks Pina Colada 4pk 12oz can,080686012535,2,1.4,1,6,8.24,49.0
Minneapolis,Southern Glazer's Wine & Spirits of MN,Deep Eddy Ruby Red Vodka 1.75L,856065002103,2,1.4,1,6,17.67,106.0
Minneapolis,Southern Glazer's Wine & Spirits of MN,Jim Beam Apple 750ml,080686006558,3,1.4,1,12,12.49,150.0
Minneapolis,Southern Glazer's Wine & Spirits of MN,Bacardi Limon Rum Liter,080480355302,9,1.5,2,24,11.95,287.0
Minneapolis,Southern Glazer's Wine & Spirits of MN,Malibu Rum Traveler,089540466446,19,1.5,3,36,13.44,484.0
Minneapolis,Southern Glazer's Wine & Spirits of MN,Svedka Vodka 100pf 1.75L,088004071370,8,1.6,2,12,14.62,175.0
Minneapolis,Southern Glazer's Wine & Spirits of MN,Bacardi Coconut Rum Liter,080480400620,3,1.6,1,12,11.95,143.0
Minneapolis,Southern Glazer's Wine & Spirits of MN,Black Velvet Canadian Liter,088100134535,3,1.6,1,12,7.23,87.0
Minneapolis,Southern Glazer's Wine & Spirits of MN,Svedka Blue Raspberry Vodka Liter,617768201107,7,1.6,1,12,9.75,117.0
Minneapolis,Southern Glazer's Wine & Spirits of MN,Mi Campo Reposado 750ml,086003272019,10,1.6,2,24,10.06,241.0
Minneapolis,Southern Glazer's Wine & Spirits of MN,Kahlua Liter,089540122700,2,1.7,1,12,23.75,285.0
Minneapolis,Southern Glazer's Wine & Spirits of MN,Lunazul Blanco Tequila Liter,096749908028,33,1.7,4,48,15.49,743.0
Minneapolis,Southern Glazer's Wine & Spirits of MN,Malibu Rum Liter,089540448978,61,1.7,7,84,13.86,1164.0
Minneapolis,Southern Glazer's Wine & Spirits of MN,Beefeater Gin Liter,089540333489,3,1.8,1,12,15.35,184.0
Minneapolis,Southern Glazer's Wine & Spirits of MN,Malibu Pineapple Rum Liter,089540463124,16,1.8,2,24,11.65,280.0
Minneapolis,Southern Glazer's Wine & Spirits of MN,Bombay Sapphire Gin Liter,080480301019,4,1.9,1,12,20.87,250.0
Minneapolis,Southern Glazer's Wine & Spirits of MN,Admiral Nelson's Spiced Rum 1.75L,096749086269,11,2.0,2,12,2.15,26.0
Minneapolis,Southern Glazer's Wine & Spirits of MN,De Soi N/A Sparkling Apertif Variety Pack 6pk 8oz can,850042868959,1,2.1,1,4,16.12,64.0
Minneapolis,Southern Glazer's Wine & Spirits of MN,High West Prisoner's Share 750ml,086003267244,1,2.1,1,6,131.25,788.0
Minneapolis,Southern Glazer's Wine & Spirits of MN,Sauza Hornitos Reposado Tequila 1.75L,080686835059,2,2.1,1,6,29.06,174.0
Minneapolis,Southern Glazer's Wine & Spirits of MN,Angel's Envy Bourbon 750ml,850047003003,2,2.1,1,6,35.11,211.0
Minneapolis,Southern Glazer's Wine & Spirits of MN,On the Rocks Cosmopolitan 750ml,080686008101,3,2.1,1,6,15.51,93.0
Minneapolis,Southern Glazer's Wine & Spirits of MN,On The Rocks Mokito 4pk 12oz can,080686009474,4,2.1,1,6,8.24,49.0
Minneapolis,Southern Glazer's Wine & Spirits of MN,Jagermeister 1.75L,083089660174,4,2.1,1,6,29.84,179.0
Minneapolis,Southern Glazer's Wine & Spirits of MN,Glenlivet Scotch 12 Yr 750ml,080432400630,4,2.1,1,12,34.21,411.0
Minneapolis,Southern Glazer's Wine & Spirits of MN,Dekuyper Amaretto Liter,080686310013,4,2.1,1,12,8.17,98.0
Minneapolis,Southern Glazer's Wine & Spirits of MN,Dekuyper Amaretto 750ml,080686310037,4,2.1,1,12,7.05,85.0
Minneapolis,Southern Glazer's Wine & Spirits of MN,Dekuyper Triple Sec Liter,080686310143,16,2.1,2,24,5.48,132.0
Minneapolis,Southern Glazer's Wine & Spirits of MN,99 Peppermint 50ml,088004024086,111,2.1,1,120,0.6,72.0
Minneapolis,Southern Glazer's Wine & Spirits of MN,99 Peaches 50ml,089000990610,191,2.1,2,240,0.6,144.0
Minneapolis,Southern Glazer's Wine & Spirits of MN,Svedka Vodka 375ml,617768113752,23,2.2,1,24,3.23,78.0
Minneapolis,Southern Glazer's Wine & Spirits of MN,Dekuyper Triple Sec 750ml,08068636408,7,2.3,1,12,5.62,67.0
Minneapolis,Southern Glazer's Wine & Spirits of MN,Bacardi Lime Rum 50ml,080480984281,29,2.3,1,120,0.83,100.0
Minneapolis,Southern Glazer's Wine & Spirits of MN,Lunazul Anejo 750ml,096749908585,4,2.4,1,6,13.49,81.0
Minneapolis,Southern Glazer's Wine & Spirits of MN,Bacardi Superior Light Rum 1.75L,080480015206,32,2.4,4,24,15.69,377.0
Minneapolis,Southern Glazer's Wine & Spirits of MN,Dr McGillicuddys Cherry Traveler,088004148225,4,2.4,1,12,7.84,94.0
Minneapolis,Southern Glazer's Wine & Spirits of MN,Dekuyper Blue Curacao Liter,080686316015,8,2.4,1,12,8.35,100.0
Minneapolis,Southern Glazer's Wine & Spirits of MN,Jagermeister 750ml,083089524001,11,2.4,1,12,14.21,171.0
Minneapolis,Southern Glazer's Wine & Spirits of MN,Deep Eddy Lemon Liter,856065002424,16,2.4,1,12,14.46,173.0
Minneapolis,Southern Glazer's Wine & Spirits of MN,Mi Campo Blanco 750ml,086003272033,16,2.4,1,12,15.5,186.0
Minneapolis,Southern Glazer's Wine & Spirits of MN,99 Peanut Butter Whisky 50ml,088004038557,42,2.4,1,120,0.6,72.0
Minneapolis,Southern Glazer's Wine & Spirits of MN,Svedka Strawberry Lemonade Vod 1.75L,617768141175,76,2.5,8,48,14.62,702.0
Minneapolis,Southern Glazer's Wine & Spirits of MN,Bacardi Superior Light Rum 375ml,080480015602,9,2.6,1,24,4.58,110.0
Minneapolis,Southern Glazer's Wine & Spirits of MN,99 Bananas 50ml,080660620992,256,2.6,2,240,0.6,144.0
Minneapolis,Southern Glazer's Wine & Spirits of MN,99 Watermelons 50ml,089000991044,191,2.7,1,120,0.6,72.0
Minneapolis,Southern Glazer's Wine & Spirits of MN,Grey Goose Vodka 750ml,080480280024,9,2.8,1,12,14.08,169.0
Minneapolis,Southern Glazer's Wine & Spirits of MN,Sauza Hornitos Reposado 750ml,080686835028,9,2.8,1,12,16.39,197.0
Minneapolis,Southern Glazer's Wine & Spirits of MN,Bacardi Limon Rum 50ml,080480356200,90,2.8,1,120,0.83,100.0
Minneapolis,Southern Glazer's Wine & Spirits of MN,Suntory Roku Gin 750ml,080686958031,4,2.9,1,6,19.93,120.0
Minneapolis,Southern Glazer's Wine & Spirits of MN,Suntory -196 Vodka Strawberry 4pk 12oz can,080686009092,14,2.9,1,6,7.5,45.0
Minneapolis,Southern Glazer's Wine & Spirits of MN,Deep Eddy Lime Liter,856065002264,4,2.9,1,12,14.66,176.0
Minneapolis,Southern Glazer's Wine & Spirits of MN,On the Rocks Cosmopolitan 375ml,080686008088,6,2.9,1,12,8.6,103.0
Minneapolis,Southern Glazer's Wine & Spirits of MN,Bacardi Superior Light Rum Traveler,080480015459,16,2.9,1,12,10.45,125.0
Minneapolis,Southern Glazer's Wine & Spirits of MN,99 Root Beer 50ml,088004023850,72,2.9,1,120,0.6,72.0
Minneapolis,Southern Glazer's Wine & Spirits of MN,99 Lemon Lime Schnapps 50ml,088004039677,135,2.9,1,120,0.6,72.0
Minneapolis,Southern Glazer's Wine & Spirits of MN,Svedka Mango Pineapple Vodka 1.75L,617768151174,46,3.0,3,18,14.62,263.0
Minneapolis,Southern Glazer's Wine & Spirits of MN,99 Strawberries Schnapps 50ml,088004039653,504,3.0,2,240,0.6,144.0
Minneapolis,Southern Glazer's Wine & Spirits of MN,Deep Eddy Lemon Vodka 1.75L,856065002431,5,3.1,1,6,17.67,106.0
Minneapolis,Southern Glazer's Wine & Spirits of MN,Bombay Gin Liter,080480300012,5,3.1,1,12,14.72,177.0
Minneapolis,Southern Glazer's Wine & Spirits of MN,Bacardi Mango Chile Rum Liter,080480988258,5,3.1,1,12,11.95,143.0
Minneapolis,Southern Glazer's Wine & Spirits of MN,Jim Beam Vanilla 750ml,080686006855,5,3.1,1,12,12.52,150.0
Minneapolis,Southern Glazer's Wine & Spirits of MN,99 Pineapples 50ml,080660010700,163,3.1,1,120,0.6,72.0
Minneapolis,Southern Glazer's Wine & Spirits of MN,99 Mangoes 50ml,088004030261,206,3.1,1,120,0.6,72.0
Minneapolis,Southern Glazer's Wine & Spirits of MN,Absolut Citron Vodka 1.75L,835229001602,3,3.2,1,6,30.44,183.0
Minneapolis,Southern Glazer's Wine & Spirits of MN,Bacardi Lime Rum 1.75L,080480983666,9,3.2,1,6,14.04,84.0
Minneapolis,Southern Glazer's Wine & Spirits of MN,Suntory -196 Vodka Lemon 4pk 12oz can,080686009290,17,3.2,1,6,7.5,45.0
Minneapolis,Southern Glazer's Wine & Spirits of MN,St Germain Elderflower Liqueur 750ml,080480007379,29,3.2,2,12,21.86,262.0
Minneapolis,Southern Glazer's Wine & Spirits of MN,Absolut Lime Vodka Liter,835229010284,6,3.2,1,12,19.45,233.0
Minneapolis,Southern Glazer's Wine & Spirits of MN,Patron Silver Tequila 750ml,721733000029,18,3.2,1,12,119.28,1431.0
Minneapolis,Southern Glazer's Wine & Spirits of MN,Suntory -196 Vodka Lemon 24oz can,080686011651,24,3.2,1,12,1.85,22.0
Minneapolis,Southern Glazer's Wine & Spirits of MN,Seagrams Extra Dry Gin Liter,080432401255,10,3.3,1,12,9.36,112.0
Minneapolis,Southern Glazer's Wine & Spirits of MN,Bacardi Limon Rum 1.75L,080480355203,37,3.4,2,12,17.15,206.0
Minneapolis,Southern Glazer's Wine & Spirits of MN,Skrewball Peanut Butter Whiskey 750ml,860265002405,4,3.4,1,12,18.77,225.0
Minneapolis,Southern Glazer's Wine & Spirits of MN,Aperol Spritz 4pk 200ml btl,887341340091,9,3.5,1,6,9.6,58.0
Minneapolis,Southern Glazer's Wine & Spirits of MN,Jagermeister Liter,083089660150,30,3.5,1,12,18.03,216.0
Minneapolis,Southern Glazer's Wine & Spirits of MN,Suntory -196 Variety Pack 3 8pk 12oz can,080686010357,28,3.6,1,3,14.97,45.0
Minneapolis,Southern Glazer's Wine & Spirits of MN,Bumbu Rum 750ml,813497006109,5,3.6,1,6,24.56,147.0
Minneapolis,Southern Glazer's Wine & Spirits of MN,Bombay Sapphire Gin 750ml,080480301026,10,3.6,1,12,17.58,211.0
Minneapolis,Southern Glazer's Wine & Spirits of MN,Suntory -196 Vodka Cocktail Variety Pack 8pk 12oz can,080686009269,44,3.8,1,3,14.86,45.0
Minneapolis,Southern Glazer's Wine & Spirits of MN,Suntory -196 Vodka Grapefruit 4pk 12oz can,080686009115,7,3.8,1,6,7.5,45.0
Minneapolis,Southern Glazer's Wine & Spirits of MN,99 Butterscotch 50ml,080660010113,82,3.9,1,120,0.6,72.0
Minnetonka,Bellboy Corporation,Kah Anejo Tequila 750ml,811751023190,0,0.0,1,6,49.0,294.0
Minnetonka,Bellboy Corporation,Teremana Tequila Anejo 750ml,850015640124,0,0.0,1,6,31.1,187.0
Minnetonka,Bellboy Corporation,Reyka Vodka 750ml,083664869213,0,0.0,1,6,14.83,89.0
Minnetonka,Bellboy Corporation,Reyka Vodka Liter,083664869282,0,0.0,1,6,17.83,107.0
Minnetonka,Bellboy Corporation,Morris Australian Single Malt Whisky 700ml,839743003036,0,0.0,2,12,15.0,180.0
Minnetonka,Bellboy Corporation,Tullamore Dew Irish Whiskey 750ml,721059487504,0,0.0,1,12,17.47,210.0
Minnetonka,Bellboy Corporation,Jim Beam Bourbon 375ml,080686001607,2,0.3,1,24,7.71,185.0
Minnetonka,Bellboy Corporation,Flyer Vodka Liter,810879027172,3,3.2,1,12,5.89,71.0
Minnetonka,"Breakthru Beverage Minnesota Wine & Spirits, LLC",Hendrick's Gin 750ml,083664990436,0,0.0,1,6,24.59,148.0
Minnetonka,"Breakthru Beverage Minnesota Wine & Spirits, LLC",Brother Justus Single Malt American Whiskey 750ml,860017000734,0,0.0,1,6,45.0,270.0
Minnetonka,"Breakthru Beverage Minnesota Wine & Spirits, LLC",Twisted Shotz Sex On The Beach 4pk,766427003443,0,0.0,1,18,3.91,70.0
Minnetonka,"Breakthru Beverage Minnesota Wine & Spirits, LLC",Bardstown Bourbon Bonded 750ml,857552008417,2,2.1,1,6,33.58,201.0
Minnetonka,"Breakthru Beverage Minnesota Wine & Spirits, LLC",Fireball Torch'd Vanilla 750ml,088004086879,4,2.1,1,12,8.25,99.0
Minnetonka,"Breakthru Beverage Minnesota Wine & Spirits, LLC",Fireball Whisky 50ml,088004144708,135,2.5,1,120,0.05,6.0
Minnetonka,"Grape Beginnings, Inc.",G4 Tequila Blanco 750ml,7503018079004,2,2.1,1,6,35.0,210.0
Minnetonka,Johnson Brothers - St. Paul,Spiritless Kentucky 74 700ml,850018886024,-12,-2.1,4,24,23.57,566.0
Minnetonka,Johnson Brothers - St. Paul,High Noon Day Variety 8pk 12oz,085000040058,0,0.0,1,3,17.17,51.0
Minnetonka,Johnson Brothers - St. Paul,High Noon Tequila Fiesta Pack 8pk 12oz can,085000037393,0,0.0,2,6,18.15,109.0
Minnetonka,Johnson Brothers - St. Paul,E&J XO Brandy 1.75L,085000018828,0,0.0,1,6,22.5,135.0
Minnetonka,Johnson Brothers - St. Paul,Casamigos Reposado Tequila Liter,856724006206,0,0.0,1,6,45.76,275.0
Minnetonka,Johnson Brothers - St. Paul,Four Roses Single Barrel 750ml,040063400027,0,0.0,1,6,36.0,216.0
Minnetonka,Johnson Brothers - St. Paul,New Amsterdam Pink Whitney 1.75L,085000031360,0,0.0,1,6,17.33,104.0
Minnetonka,Johnson Brothers - St. Paul,George Dickel 8yr Bourbon 750ml,082000797180,0,0.0,1,12,21.29,255.0
Minnetonka,Johnson Brothers - St. Paul,E&J VSOP Brandy Traveler,085000016084,0,0.0,1,12,10.5,126.0
Minnetonka,Johnson Brothers - St. Paul,Fireball Whisky 200ml,088004144739,4,0.8,1,48,2.91,140.0
Minnetonka,Johnson Brothers - St. Paul,Il Tramonto Lemoncello 750ml,084279979472,1,1.4,1,6,11.88,71.0
Minnetonka,Johnson Brothers - St. Paul,Smirnoff Vanilla Vodka 1.75L,082000724049,2,2.1,1,6,14.73,88.0
Minnetonka,Johnson Brothers - St. Paul,New Amsterdam Gin 1.75L,085000014301,3,2.1,1,6,16.61,100.0
Minnetonka,Johnson Brothers - St. Paul,Karkov Vodka 1.75L,084279184227,12,3.2,1,6,5.05,30.0
Minnetonka,Johnson Brothers - St. Paul,Smirnoff Vodka 1.75L,082000727606,4,3.4,1,6,14.61,88.0
Minnetonka,Johnson Brothers - St. Paul,High Noon Variety Pack 12pk 12oz can,085000029862,11,3.9,1,2,20.98,42.0
Minnetonka,"New France Wine Co, Inc",Nodeo Tequilana Reposado Liter,613739980965,0,0.0,1,6,29.0,174.0
Minnetonka,"New France Wine Co, Inc",Paladar Tequila Reposado 750ml,856146006372,0,0.0,1,6,47.0,282.0
Minnetonka,"New France Wine Co, Inc",Paladar Tequila Blanco 750ml,856146006365,1,2.1,1,6,39.0,234.0
Minnetonka,Phillips Wine & Spirits - St. Paul,Buzzballz Biggie Pink Lemonsqueezy 1.75L,088004076603,0,0.0,1,3,8.18,25.0
Minnetonka,Phillips Wine & Spirits - St. Paul,Willett Potstill Reserve 1.75L,680203119350,0,0.0,1,3,72.95,219.0
Minnetonka,Phillips Wine & Spirits - St. Paul,Zing Zang RTD Mango Margarita 4pk 12oz can,616003649018,0,0.0,1,6,9.75,58.0
Minnetonka,Phillips Wine & Spirits - St. Paul,Ketel One Botanical Cucumber and Mint 750ml,085156875009,0,0.0,1,12,14.96,180.0
Minnetonka,Phillips Wine & Spirits - St. Paul,Tattersall Corpse Reviver 100ml,850019260311,0,0.0,1,24,3.7,89.0
Minnetonka,Phillips Wine & Spirits - St. Paul,Buzzballz Chiller Pink Lemonsqueezy 187ml,088004076573,4,1.1,1,24,1.35,33.0
Minnetonka,Phillips Wine & Spirits - St. Paul,Ketel One Vodka 750ml,085156515417,1,1.4,1,12,15.05,181.0
Minnetonka,Phillips Wine & Spirits - St. Paul,2 Gingers 50ml,080686294030,56,1.9,1,96,0.67,64.0
Minnetonka,Phillips Wine & Spirits - St. Paul,Phillips Vodka 1.75L,087116018099,4,3.4,1,6,10.5,63.0
Minnetonka,Southern Glazer's Wine & Spirits of MN,On The Rocks Variety Pack 8pk 12oz can,080686012580,0,0.0,1,3,16.48,49.0
Minnetonka,Southern Glazer's Wine & Spirits of MN,High West Prisoner's Share 750ml,086003267244,0,0.0,1,6,131.25,788.0
Minnetonka,Southern Glazer's Wine & Spirits of MN,Sarti Aperitivo Rosa 700ml,887341340138,0,0.0,1,6,17.97,108.0
Minnetonka,Southern Glazer's Wine & Spirits of MN,Bacardi Limon Rum Liter,080480355302,0,0.0,1,12,11.95,143.0
Minnetonka,Southern Glazer's Wine & Spirits of MN,Deep Eddy Lemon Liter,856065002424,0,0.0,1,12,14.46,173.0
Minnetonka,Southern Glazer's Wine & Spirits of MN,Grey Goose Vodka 375ml,080480280031,1,1.1,1,12,11.54,139.0
Minnetonka,Southern Glazer's Wine & Spirits of MN,Glenlivet Caribbean Reserve 750ml,080432115763,1,1.4,1,6,30.26,182.0
Minnetonka,Southern Glazer's Wine & Spirits of MN,Evan Williams Bourbon 1.75L,096749021147,2,1.7,1,6,17.39,104.0
Minnetonka,Southern Glazer's Wine & Spirits of MN,99 Peaches 50ml,089000990610,6,1.8,1,120,0.6,72.0
Minnetonka,Southern Glazer's Wine & Spirits of MN,Elijah Craig BBN Small Batch 94 1.75L,096749000074,1,2.1,1,6,34.88,209.0
Minnetonka,Southern Glazer's Wine & Spirits of MN,818 Tequila Blanco 750ml,195893687015,1,2.1,1,6,18.95,114.0
Minnetonka,Southern Glazer's Wine & Spirits of MN,Grey Goose Vodka 1.75L,080480280000,3,2.1,1,6,35.99,216.0
Minnetonka,Southern Glazer's Wine & Spirits of MN,Maker's Mark Bourbon Liter,085246139424,2,2.1,1,12,25.47,306.0
Minnetonka,Southern Glazer's Wine & Spirits of MN,Suntory -196 Vodka Combo Crush 8pk 12oz can,080686012702,2,2.9,1,3,15.0,45.0
Minnetonka,Southern Glazer's Wine & Spirits of MN,Suntory -196 Vodka Lemon 4pk 12oz can,080686009290,2,2.9,1,6,7.5,45.0
Minnetonka,Southern Glazer's Wine & Spirits of MN,Bombay Gin Liter,080480300012,2,2.9,1,12,14.72,177.0
Minnetonka,Southern Glazer's Wine & Spirits of MN,Grey Goose Vodka Liter,080480280017,5,3.6,1,6,20.33,122.0
Minnetonka,Southern Glazer's Wine & Spirits of MN,99 Bananas 50ml,080660620992,90,3.8,1,120,0.6,72.0
Osseo,Bellboy Corporation,Don Julio Reposado Tequila 1.75L,674545000636,0,0.0,1,3,80.67,242.0
Osseo,Bellboy Corporation,Kirk & Sweeney Gran Reserva 750ml,856442005093,0,0.0,1,6,29.55,177.0
Osseo,Bellboy Corporation,Espolon Blanco Tequila 750ml,721059707503,0,0.0,1,12,20.6,247.0
Osseo,Bellboy Corporation,American Frontier Vodka 750ml,810735016227,0,0.0,4,48,3.5,168.0
Osseo,Bellboy Corporation,Hennessy VS Cognac 200ml,088110150525,0,0.0,1,24,9.94,239.0
Osseo,Bellboy Corporation,Patron Silver Tequila 375ml,721733000944,2,1.7,1,12,27.94,335.0
Osseo,Bellboy Corporation,Captain Morgan Spiced Rum 50ml,08731409,24,1.7,1,120,0.66,79.0
Osseo,Bellboy Corporation,Jose Cuervo Gold Tequila 50ml,08256801,8,1.9,1,120,1.27,153.0
Osseo,Bellboy Corporation,Ketel One Vodka 1.75L,085156803682,10,2.4,2,12,26.1,313.0
Osseo,Bellboy Corporation,Captain Morgan Spiced Rum 200ml,08727309,4,2.4,1,48,4.38,210.0
Osseo,Bellboy Corporation,Espolon Reposado Tequila 750ml,721059707510,3,2.6,1,12,22.5,270.0
Osseo,Bellboy Corporation,Crown Royal Canadian 375ml,087000007604,2,2.9,1,24,12.27,295.0
Osseo,"Breakthru Beverage Minnesota Wine & Spirits, LLC",Sailor Jerry Spiced Rum 1.75L,083664868735,0,0.0,1,6,18.75,112.0
Osseo,"Breakthru Beverage Minnesota Wine & Spirits, LLC",Taaka Vodka 1.75L,088004010126,0,0.0,1,6,8.78,53.0
Osseo,"Breakthru Beverage Minnesota Wine & Spirits, LLC",Goldschlager 50ml,088004035761,78,0.7,3,360,0.62,225.0
Osseo,"Breakthru Beverage Minnesota Wine & Spirits, LLC",Milagro Reposado Tequila 750ml,083664868940,1,0.9,1,6,17.81,107.0
Osseo,"Breakthru Beverage Minnesota Wine & Spirits, LLC",Fireball Whisky 1.75L,088004009281,9,1.7,3,18,17.67,318.0
Osseo,"Breakthru Beverage Minnesota Wine & Spirits, LLC",Platinum Vodka 750ml,088004012755,2,2.1,1,12,5.87,70.0
Osseo,"Breakthru Beverage Minnesota Wine & Spirits, LLC",Fireball Blazin' Apple 50ml,088004069155,78,2.7,1,120,0.55,67.0
Osseo,"Breakthru Beverage Minnesota Wine & Spirits, LLC",Taaka Vodka 750ml,088004011543,4,2.9,1,12,4.5,54.0
Osseo,"Breakthru Beverage Minnesota Wine & Spirits, LLC",Margaritaville Silver Tequila 50ml,086024007874,19,3.0,1,120,0.34,41.0
Osseo,Johnson Brothers - St. Paul,High Noon Grapefruit 4pk 12oz can,085000426272,0,0.0,1,6,8.78,53.0
Osseo,Johnson Brothers - St. Paul,Gordons Gin 1.75L,08860032,0,0.0,1,6,15.87,95.0
Osseo,Johnson Brothers - St. Paul,Maestro Dobel Silver 750ml,811538012300,0,0.0,1,6,28.41,170.0
Osseo,Johnson Brothers - St. Paul,Jose Cuervo Golden Margarita 1.75L,082000730361,0,0.0,1,6,13.02,78.0
Osseo,Johnson Brothers - St. Paul,New Amsterdam Pink Whitney 1.75L,085000031360,0,0.0,1,6,17.33,104.0
Osseo,Johnson Brothers - St. Paul,High Noon Mango 4pk 12oz can,085000432327,0,0.0,1,6,8.49,51.0
Osseo,Johnson Brothers - St. Paul,1800 Silver Tequila 1.75L,811538010153,0,0.0,1,6,31.5,189.0
Osseo,Johnson Brothers - St. Paul,New Amsterdam Pink Whitney 750ml,085000029626,0,0.0,1,12,9.0,108.0
Osseo,Johnson Brothers - St. Paul,Campari Aperitivo 750ml,721059047500,0,0.0,1,12,24.84,298.0
Osseo,Johnson Brothers - St. Paul,1800 Silver Tequila 750ml,811538010139,0,0.0,1,12,10.18,122.0
Osseo,Johnson Brothers - St. Paul,Smirnoff Kissed Caramel Vodka Liter,082000759621,0,0.0,1,12,10.13,122.0
Osseo,Johnson Brothers - St. Paul,Gray Duck Liter,860199002601,0,0.0,1,12,11.28,135.0
Osseo,Johnson Brothers - St. Paul,E&J Apple Brandy 200ml,085000024027,0,0.0,1,24,4.0,96.0
Osseo,Johnson Brothers - St. Paul,Jose Cuervo Silver Tequila 375ml,811538010870,0,0.0,1,24,6.89,165.0
Osseo,Johnson Brothers - St. Paul,Rondiaz Spiced Rum 1.75L,084279901671,1,0.4,2,12,4.57,55.0
Osseo,Johnson Brothers - St. Paul,Gray Duck 1.75L,860199002618,2,0.4,3,18,16.0,288.0
Osseo,Johnson Brothers - St. Paul,New Amsterdam London Dry Gin 50ml,08567206,5,0.4,1,120,1.0,120.0
Osseo,Johnson Brothers - St. Paul,Titos Vodka 100ml,619947000518,2,0.5,1,48,2.33,112.0
Osseo,Johnson Brothers - St. Paul,High Noon Black Cherry 4pk 12oz can,085000429273,1,0.6,1,6,8.87,53.0
Osseo,Johnson Brothers - St. Paul,Smirnoff Pink Lemonade 50ml,08267807,4,0.6,1,120,0.66,79.0
Osseo,Johnson Brothers - St. Paul,E&J Brandy 1.75L,08541509,6,0.8,4,24,17.67,424.0
Osseo,Johnson Brothers - St. Paul,New Amsterdam Vodka 50ml,08588005,57,0.8,2,240,0.67,160.0
Osseo,Johnson Brothers - St. Paul,New Amsterdam Vodka Liter,085000019504,2,0.9,1,12,7.26,87.0
Osseo,Johnson Brothers - St. Paul,High Noon Tropical Variety Pack 8pk 12oz can,085000032558,2,1.1,2,6,16.59,100.0
Osseo,Johnson Brothers - St. Paul,Hennessy VS Cognac 1.75L,088110150587,1,1.1,1,6,64.3,386.0
Osseo,Johnson Brothers - St. Paul,1800 Reposado Tequila 750ml,811538010238,1,1.1,1,12,19.27,231.0
Osseo,Johnson Brothers - St. Paul,Smirnoff Vodka Traveler,08295004,5,1.2,1,12,7.96,95.0
Osseo,Johnson Brothers - St. Paul,Smirnoff Vodka 1.75L,082000727606,14,1.3,5,30,14.61,438.0
Osseo,Johnson Brothers - St. Paul,New Amsterdam Vodka 750ml,085000019498,3,1.3,1,12,9.0,108.0
Osseo,Johnson Brothers - St. Paul,New Amsterdam Gin 1.75L,085000014301,1,1.4,1,6,16.61,100.0
Osseo,Johnson Brothers - St. Paul,Jose Cuervo Gold Tequila 1.75L,811538010764,1,1.4,1,6,5.64,34.0
Osseo,Johnson Brothers - St. Paul,High Noon Iced Tea Variety Pack 8pk 12oz can,085000038963,2,1.7,1,3,16.59,50.0
Osseo,Johnson Brothers - St. Paul,Four Roses Bourbon 1.75L,040063400430,2,1.7,1,6,27.55,165.0
Osseo,Johnson Brothers - St. Paul,Jose Cuervo Gold Tequila Liter,811538010801,4,1.7,1,12,8.7,104.0
Osseo,Johnson Brothers - St. Paul,New Amsterdam Pink Whitney 375ml,085000032541,2,1.7,1,24,4.67,112.0
Osseo,Johnson Brothers - St. Paul,New Amsterdam Vodka 1.75L,085000019511,4,1.9,1,6,14.36,86.0
Osseo,Johnson Brothers - St. Paul,Four Roses Small Batch 750ml,040063400317,1,2.1,1,6,23.8,143.0
Osseo,Johnson Brothers - St. Paul,Jose Cuervo Silver Tequila 1.75L,082000743750,4,2.1,1,6,15.09,91.0
Osseo,Johnson Brothers - St. Paul,Pendleton Canadian Whiskey 750ml,084104115914,2,2.1,1,12,13.07,157.0
Osseo,Johnson Brothers - St. Paul,E&J VSOP Brandy 375ml,085000003831,3,2.1,1,24,5.33,128.0
Osseo,Johnson Brothers - St. Paul,New Amsterdam Tangerine 50ml,085000006818,132,2.3,1,120,0.67,80.0
Osseo,Johnson Brothers - St. Paul,Fireball Whisky 375ml,088004144722,27,2.6,1,24,5.1,123.0
Osseo,Johnson Brothers - St. Paul,E&J VSOP Brandy 1.75L,085000003930,5,2.7,1,6,19.22,115.0
Osseo,Johnson Brothers - St. Paul,New Amsterdam Pink Whitney 50ml,08567507,101,2.8,1,120,0.67,80.0
Osseo,Johnson Brothers - St. Paul,New Amsterdam Peach Vodka 1.75L,085000021651,2,2.9,1,6,15.3,92.0
Osseo,Johnson Brothers - St. Paul,High Noon Peach 4pk 12oz can,085000431375,2,2.9,1,6,8.68,52.0
Osseo,Libation Project,Dolin Rouge Vermouth 750ml,3274510003814,0,0.0,1,12,12.58,151.0
Osseo,Libation Project,Dolin Rouge Vermouth 375ml,3274510003906,0,0.0,1,12,8.93,107.0
Osseo,"Maverick Beverage Co., LLC - MN",TLC Vodka 1.75L,850332003398,7,1.4,3,18,15.61,281.0
Osseo,Phillips Wine & Spirits - St. Paul,BuzzBallz Biggie Berry Cherry Limeade 1.75L,851091006347,0,0.0,1,3,15.0,45.0
Osseo,Phillips Wine & Spirits - St. Paul,Du Nord Foundation Vodka 750ml,195893282593,0,0.0,1,6,18.8,113.0
Osseo,Phillips Wine & Spirits - St. Paul,Captain Morgan 100 Proof 1.75L,082000742005,0,0.0,1,6,24.0,144.0
Osseo,Phillips Wine & Spirits - St. Paul,Zing Zang RTD Mango Margarita 4pk 12oz can,616003649018,0,0.0,1,6,9.75,58.0
Osseo,Phillips Wine & Spirits - St. Paul,Ketel One Lemon Drop Martini Cocktail 750ml,082000809845,0,0.0,1,12,16.49,198.0
Osseo,Phillips Wine & Spirits - St. Paul,Captain Morgan Spiced Rum Liter,08727008,3,0.8,1,12,14.9,179.0
Osseo,Phillips Wine & Spirits - St. Paul,Crown Royal Vanilla 750ml,082000776598,1,0.9,1,12,19.81,238.0
Osseo,Phillips Wine & Spirits - St. Paul,Phillips Vodka 1.75L,087116018099,5,1.1,3,18,10.5,189.0
Osseo,Phillips Wine & Spirits - St. Paul,Captain Morgan Spiced Rum 1.75L,082000759102,17,1.2,7,42,19.64,825.0
Osseo,Phillips Wine & Spirits - St. Paul,Buzzballz Chiller Pink Lemonsqueezy 187ml,088004076573,6,1.2,1,24,1.35,33.0
Osseo,Phillips Wine & Spirits - St. Paul,Bulleit Bourbon Liter,087000005549,2,1.4,1,12,23.33,280.0
Osseo,Phillips Wine & Spirits - St. Paul,Campo Bravo Plata 50ml,850008153129,40,1.8,1,72,0.65,47.0
Osseo,Phillips Wine & Spirits - St. Paul,2 Gingers Liter,080686294023,3,2.1,1,12,16.36,196.0
Osseo,Phillips Wine & Spirits - St. Paul,Windsor Canadian 1.75L,080686500124,26,2.5,3,18,26.58,478.0
Osseo,Phillips Wine & Spirits - St. Paul,Fireball Whisky 100ml,088004009373,90,2.5,2,96,1.19,114.0
Osseo,Phillips Wine & Spirits - St. Paul,Crown Royal Canadian 750ml,087000007253,5,3.6,1,12,14.9,179.0
Osseo,Phillips Wine & Spirits - St. Paul,BuzzBallz Berry Cherry Limeade 187ml,857674007985,20,3.7,1,24,1.31,31.0
Osseo,Southern Glazer's Wine & Spirits of MN,Mi Campo Reposado Tequila 1.75L,086003272125,0,0.0,1,3,34.33,103.0
Osseo,Southern Glazer's Wine & Spirits of MN,Suntory -196 Variety Pack 3 8pk 12oz can,080686010357,0,0.0,2,6,14.97,90.0
Osseo,Southern Glazer's Wine & Spirits of MN,Bacardi Spiced Rum 1.75L,080480001506,0,0.0,1,6,17.15,103.0
Osseo,Southern Glazer's Wine & Spirits of MN,Christian Brothers Brandy 1.75L,086036815474,0,0.0,1,6,14.78,89.0
Osseo,Southern Glazer's Wine & Spirits of MN,Kahlua 1.75L,089540122694,0,0.0,1,6,39.43,237.0
Osseo,Southern Glazer's Wine & Spirits of MN,Blackheart Spiced Rum 1.75L,096749011650,0,0.0,1,6,14.88,89.0
Osseo,Southern Glazer's Wine & Spirits of MN,Henry Mckenna 10 Yr Single 750ml,096749200566,0,0.0,1,6,45.24,271.0
Osseo,Southern Glazer's Wine & Spirits of MN,Wild Turkey 101 1.75L,721059891752,0,0.0,1,6,33.58,201.0
Osseo,Southern Glazer's Wine & Spirits of MN,Mi Campo Tequila Blanco Liter,086003272026,0,0.0,1,6,18.0,108.0
Osseo,Southern Glazer's Wine & Spirits of MN,Evan Williams 100 Proof 1.75L,096749021178,0,0.0,1,6,21.87,131.0
Osseo,Southern Glazer's Wine & Spirits of MN,Larceny Bourbon 1.75L,096749031535,0,0.0,1,6,37.1,223.0
Osseo,Southern Glazer's Wine & Spirits of MN,Rabbit Hole Cavehill 4 Grain Bourbon 750ml,865674000165,0,0.0,1,6,40.27,242.0
Osseo,Southern Glazer's Wine & Spirits of MN,Grey Goose Vodka Liter,080480280017,0,0.0,1,6,20.33,122.0
Osseo,Southern Glazer's Wine & Spirits of MN,Mi Campo Tequila Reposado Liter,086003272002,0,0.0,1,6,22.55,135.0
Osseo,Southern Glazer's Wine & Spirits of MN,Svedka Vodka 100pf 1.75L,088004071370,0,0.0,1,6,14.62,88.0
Osseo,Southern Glazer's Wine & Spirits of MN,Elijah Craig BBN Small Batch 94 1.75L,096749000074,0,0.0,1,6,34.88,209.0
Osseo,Southern Glazer's Wine & Spirits of MN,Seagrams Lime Gin Liter,080432401620,0,0.0,1,12,9.37,112.0
Osseo,Southern Glazer's Wine & Spirits of MN,Bacardi Limon Rum Traveler,080480001094,0,0.0,1,12,10.47,126.0
Osseo,Southern Glazer's Wine & Spirits of MN,St Germain Elderflower Liqueur 375ml,080480006662,0,0.0,1,12,12.17,146.0
Osseo,Southern Glazer's Wine & Spirits of MN,Bacardi Lime Liter,080480984267,0,0.0,1,12,12.24,147.0
Osseo,Southern Glazer's Wine & Spirits of MN,Jameson Select Reserve Black Barrel 750ml,080432107263,0,0.0,1,12,31.46,378.0
Osseo,Southern Glazer's Wine & Spirits of MN,Canadian Club Liter,080686821021,0,0.0,1,12,10.76,129.0
Osseo,Southern Glazer's Wine & Spirits of MN,On the Rocks Mai Tai Cruzan 375ml,855880008147,0,0.0,1,12,8.6,103.0
Osseo,Southern Glazer's Wine & Spirits of MN,Svedka Vodka Traveler,617768121757,0,0.0,2,24,7.37,177.0
Osseo,Southern Glazer's Wine & Spirits of MN,Patron Silver Tequila 750ml,721733000029,0,0.0,1,12,119.28,1431.0
Osseo,Southern Glazer's Wine & Spirits of MN,Dekuyper Triple Sec 375ml,080686363620,0,0.0,1,24,3.37,81.0
Osseo,Southern Glazer's Wine & Spirits of MN,Ole Smoky MS Hunch Punch 50ml,854628006056,0,0.0,1,48,2.0,96.0
Osseo,Southern Glazer's Wine & Spirits of MN,Lunazul Reposado Tequila Liter,096749908011,14,0.7,6,72,15.31,1103.0
Osseo,Southern Glazer's Wine & Spirits of MN,Burnett's Vodka 1.75L,096749200313,1,0.9,1,6,10.13,61.0
Osseo,Southern Glazer's Wine & Spirits of MN,Canadian Club 1.75L,080686821120,3,0.9,2,12,16.08,193.0
Osseo,Southern Glazer's Wine & Spirits of MN,Evan Williams Bourbon 1.75L,096749021147,3,0.9,2,12,17.39,209.0
Osseo,Southern Glazer's Wine & Spirits of MN,Bacardi Superior Light Rum 375ml,080480015602,2,1.1,1,24,4.58,110.0
Osseo,Southern Glazer's Wine & Spirits of MN,Bacardi Superior Light Rum Liter,080480015305,2,1.2,1,12,11.95,143.0
Osseo,Southern Glazer's Wine & Spirits of MN,Glenlivet Caribbean Reserve 750ml,080432115763,1,1.4,1,6,30.26,182.0
Osseo,Southern Glazer's Wine & Spirits of MN,Jim Beam Black 7yr 1.75L,080686007777,1,1.4,1,6,29.41,176.0
Osseo,Southern Glazer's Wine & Spirits of MN,Black Velvet Canadian 1.75L,088100134511,3,1.4,1,6,13.06,78.0
Osseo,Southern Glazer's Wine & Spirits of MN,Admiral Nelson's Spiced Rum 1.75L,096749086269,4,1.4,2,12,2.15,26.0
Osseo,Southern Glazer's Wine & Spirits of MN,Barton Vodka 200ml,080660472089,12,1.5,1,48,1.42,68.0
Osseo,Southern Glazer's Wine & Spirits of MN,Svedka Vodka 375ml,617768113752,7,1.6,1,24,3.23,78.0
Osseo,Southern Glazer's Wine & Spirits of MN,99 Pineapples 50ml,080660010700,33,1.7,1,120,0.6,72.0
Osseo,Southern Glazer's Wine & Spirits of MN,99 Peaches 50ml,089000990610,66,1.7,1,120,0.6,72.0
Osseo,Southern Glazer's Wine & Spirits of MN,Mi Campo Reposado 750ml,086003272019,7,1.9,1,12,10.06,121.0
Osseo,Southern Glazer's Wine & Spirits of MN,99 Root Beer 50ml,088004023850,49,1.9,1,120,0.6,72.0
Osseo,Southern Glazer's Wine & Spirits of MN,Maker's Mark Bourbon 1.75L,085246139417,2,2.1,1,6,40.45,243.0
Osseo,Southern Glazer's Wine & Spirits of MN,McMasters Canadian Whiskey 1.75L,088100402719,2,2.1,1,6,13.12,79.0
Osseo,Southern Glazer's Wine & Spirits of MN,Grey Goose Vodka 1.75L,080480280000,3,2.1,1,6,35.99,216.0
Osseo,Southern Glazer's Wine & Spirits of MN,Teremana Tequila Blanco 750ml,850015640025,3,2.1,1,6,23.25,140.0
Osseo,Southern Glazer's Wine & Spirits of MN,On the Rocks Cosmopolitan 375ml,080686008088,1,2.1,1,12,8.6,103.0
Osseo,Southern Glazer's Wine & Spirits of MN,Bacardi Coconut Rum Liter,080480400620,2,2.1,1,12,11.95,143.0
Osseo,Southern Glazer's Wine & Spirits of MN,Maker's Mark Bourbon Liter,085246139424,2,2.1,1,12,25.47,306.0
Osseo,Southern Glazer's Wine & Spirits of MN,Bombay Sapphire Gin Liter,080480301019,3,2.1,1,12,20.87,250.0
Osseo,Southern Glazer's Wine & Spirits of MN,Jagermeister 375ml,083089660358,3,2.1,1,12,7.36,88.0
Osseo,Southern Glazer's Wine & Spirits of MN,99 Apples 50ml,089000118397,43,2.2,1,120,0.6,72.0
Osseo,Southern Glazer's Wine & Spirits of MN,Barton Vodka 375ml,080660472072,11,2.4,1,24,2.48,60.0
Osseo,Southern Glazer's Wine & Spirits of MN,Jameson Irish Whiskey 750ml,080432500170,7,2.7,1,12,23.01,276.0
Osseo,Southern Glazer's Wine & Spirits of MN,Evan Williams Fire 750ml,096749021284,2,2.9,1,12,9.54,115.0
Osseo,Southern Glazer's Wine & Spirits of MN,99 Peppermint 50ml,088004024086,35,3.1,1,120,0.6,72.0
Osseo,Southern Glazer's Wine & Spirits of MN,On the Rocks Espresso Martini 375ml,855880008420,3,3.2,1,12,8.6,103.0
Osseo,Southern Glazer's Wine & Spirits of MN,Jameson Irish Whiskey Liter,080432500118,15,3.4,1,12,26.9,323.0
Osseo,Southern Glazer's Wine & Spirits of MN,99 Butterscotch 50ml,080660010113,23,3.4,1,120,0.6,72.0
Osseo,Southern Glazer's Wine & Spirits of MN,99 Bananas 50ml,080660620992,69,3.7,1,120,0.6,72.0
Osseo,Southern Glazer's Wine & Spirits of MN,Bacardi Limon Rum 1.75L,080480355203,17,3.8,1,6,17.15,103.0
Osseo,"Vinocopia, Inc",Brady's Irish Cream 1.75L,088352136103,1,2.1,1,6,18.43,111.0
Osseo,"Vinocopia, Inc",Post Meridiem White Russian 100ml RTD,858173008572,4,3.4,1,24,2.92,70.0
Osseo,,Riazul Plata 750ml,7503011365012,0,0.0,1,1,17.54,18.0
Plymouth,Bellboy Corporation,Mathilde Peche Liqueur 750ml,695521117612,0,0.0,1,6,17.17,103.0
Plymouth,Bellboy Corporation,Raff Barbary Coast Rhum 750ml,753182543086,0,0.0,1,6,22.6,136.0
Plymouth,Bellboy Corporation,1792 Small Batch 750ml,080660001203,0,0.0,1,6,22.9,137.0
Plymouth,Bellboy Corporation,Belvedere Vodka Organic 750ml,081753837822,0,0.0,1,6,23.66,142.0
Plymouth,Bellboy Corporation,Loon Liquors Old Fashioned 750ml,787790209645,0,0.0,1,6,17.67,106.0
Plymouth,Bellboy Corporation,Flyer Vodka Liter,810879027172,0,0.0,1,12,5.89,71.0
Plymouth,Bellboy Corporation,Disaronno Amaretto 750ml,050037014501,0,0.0,1,12,21.0,252.0
Plymouth,Bellboy Corporation,Steel 43 Vodka 750ml,810879021378,0,0.0,1,12,8.33,100.0
Plymouth,Bellboy Corporation,Twisted Shotz Miami Vice 4pk,766427003573,0,0.0,1,18,3.97,71.0
Plymouth,Bellboy Corporation,Espolon Reposado Tequila 750ml,721059707510,1,0.4,1,12,22.5,270.0
Plymouth,Bellboy Corporation,Licor 43 750ml,029929115411,1,0.9,1,12,21.25,255.0
Plymouth,Bellboy Corporation,Citadelle Jardin D'Ete Gin 750ml,695521152989,2,1.2,1,6,20.67,124.0
Plymouth,Bellboy Corporation,Dutch Bourbon 750ml,681827905084,3,1.3,2,12,5.0,60.0
Plymouth,Bellboy Corporation,Ciroc Peach Vodka 750ml,088076177406,1,2.1,1,12,21.52,258.0
Plymouth,Bellboy Corporation,Espolon Blanco Tequila 750ml,721059707503,13,2.5,1,12,20.6,247.0
Plymouth,Bellboy Corporation,American Frontier Vodka 750ml,810735016227,8,2.6,1,12,3.5,42.0
Plymouth,Bellboy Corporation,Tryst Vodka 1.75L,810735015343,5,2.7,1,6,7.0,42.0
Plymouth,Bellboy Corporation,Wheel Horse Barrel Master Select Bourbon Batch #2 750ml,810204640229,2,2.9,1,6,22.67,136.0
Plymouth,Bellboy Corporation,Captain Morgan Private Stock Liter,087000202078,2,2.9,1,12,23.92,287.0
Plymouth,Bellboy Corporation,Tullamore Dew Irish Whiskey 750ml,721059487504,2,2.9,1,12,17.47,210.0
Plymouth,Bellboy Corporation,Bulleit Bourbon 750ml,087000005525,5,3.6,1,12,20.87,250.0
Plymouth,Bellboy Corporation,Ketel One Vodka 1.75L,085156803682,12,3.7,1,6,26.1,157.0
Plymouth,"Breakthru Beverage Minnesota Wine & Spirits, LLC",Bols Mango Liqueur 750ml,080915122349,0,0.0,1,12,6.43,77.0
Plymouth,"Breakthru Beverage Minnesota Wine & Spirits, LLC",Taaka Vodka 750ml,088004011543,3,0.5,2,24,4.5,108.0
Plymouth,"Breakthru Beverage Minnesota Wine & Spirits, LLC",Hendrick's Gin 750ml,083664990436,1,1.1,1,6,24.59,148.0
Plymouth,"Breakthru Beverage Minnesota Wine & Spirits, LLC",Fireball Torch'd Vanilla 750ml,088004086879,3,1.6,1,12,8.25,99.0
Plymouth,"Breakthru Beverage Minnesota Wine & Spirits, LLC",Milagro Silver Tequila 750ml,083664868919,2,1.7,1,6,17.26,104.0
Plymouth,"Breakthru Beverage Minnesota Wine & Spirits, LLC",Taaka Vodka 1.75L,088004010126,1,2.1,1,6,8.78,53.0
Plymouth,"Breakthru Beverage Minnesota Wine & Spirits, LLC",Bardstown Bourbon Bonded 750ml,857552008417,1,2.1,1,6,33.58,201.0
Plymouth,"Breakthru Beverage Minnesota Wine & Spirits, LLC",Glenfiddich 14Yr Single Malt 750ml,083664873463,2,2.1,1,6,40.47,243.0
Plymouth,"Breakthru Beverage Minnesota Wine & Spirits, LLC",Fireball Party Bucket,088004029296,2,2.1,1,6,11.84,71.0
Plymouth,"Breakthru Beverage Minnesota Wine & Spirits, LLC",Fireball Whisky 750ml,088004144692,10,2.7,1,12,9.0,108.0
Plymouth,"Breakthru Beverage Minnesota Wine & Spirits, LLC",Southern Comfort 1.75L,088544018910,2,2.9,1,6,15.24,91.0
Plymouth,"Breakthru Beverage Minnesota Wine & Spirits, LLC",Fireball Whisky 1.75L,088004009281,12,3.0,1,6,17.67,106.0
Plymouth,Johnson Brothers - St. Paul,Dubliner Irish Whiskey 750ml,084279996325,0,0.0,1,6,8.45,51.0
Plymouth,Johnson Brothers - St. Paul,E&J VSOP Brandy 1.75L,085000003930,0,0.0,1,6,19.22,115.0
Plymouth,Johnson Brothers - St. Paul,High Noon Black Cherry 4pk 12oz can,085000429273,0,0.0,1,6,8.87,53.0
Plymouth,Johnson Brothers - St. Paul,High Noon Lime 4pk 12oz can,085000430958,0,0.0,1,6,8.7,52.0
Plymouth,Johnson Brothers - St. Paul,High Noon Passionfruit 4pk 12oz can,085000432563,0,0.0,1,6,8.29,50.0
Plymouth,Johnson Brothers - St. Paul,Johnnie Walker Black 1.75L,088076163171,0,0.0,1,6,49.0,294.0
Plymouth,Johnson Brothers - St. Paul,Don Q Coco Rum Liter,082301100900,0,0.0,1,12,9.14,110.0
Plymouth,Johnson Brothers - St. Paul,E&J XO Brandy 750ml,085000009154,0,0.0,1,12,12.75,153.0
Plymouth,Johnson Brothers - St. Paul,New Amsterdam Pink Whitney 750ml,085000029626,0,0.0,1,12,9.0,108.0
Plymouth,Johnson Brothers - St. Paul,New Amsterdam Pink Whitney Liter,085000031353,0,0.0,1,12,10.5,126.0
Plymouth,Johnson Brothers - St. Paul,Karkov Vodka 375ml,084279184265,0,0.0,1,24,3.58,86.0
Plymouth,Johnson Brothers - St. Paul,E&J Apple Brandy 200ml,085000024027,0,0.0,1,24,4.0,96.0
Plymouth,Johnson Brothers - St. Paul,New Amsterdam Pink Whitney 375ml,085000032541,0,0.0,1,24,4.67,112.0
Plymouth,Johnson Brothers - St. Paul,New Amsterdam Pink Whitney 200ml,085000032534,0,0.0,1,24,4.0,96.0
Plymouth,Johnson Brothers - St. Paul,Smirnoff Vodka Traveler,08295004,1,0.3,2,24,7.96,191.0
Plymouth,Johnson Brothers - St. Paul,Four Roses Bourbon 750ml,040063400409,1,0.6,1,12,16.5,198.0
Plymouth,Johnson Brothers - St. Paul,Tip Top Espresso Martini 100ml,850003799445,1,0.6,1,24,3.5,84.0
Plymouth,Johnson Brothers - St. Paul,Jose Cuervo Golden Margarita 1.75L,082000730361,1,0.9,1,6,13.02,78.0
Plymouth,Johnson Brothers - St. Paul,High Noon Lemon 4pk 12oz can,085000434260,1,0.9,1,6,8.45,51.0
Plymouth,Johnson Brothers - St. Paul,Jose Cuervo Silver Tequila Liter,811538010825,2,1.0,1,12,11.74,141.0
Plymouth,Johnson Brothers - St. Paul,Gray Duck 1.75L,860199002618,5,1.1,3,18,16.0,288.0
Plymouth,Johnson Brothers - St. Paul,Hennessy VS Cognac 1.75L,088110150587,2,1.2,1,6,64.3,386.0
Plymouth,Johnson Brothers - St. Paul,New Amsterdam Vodka 750ml,085000019498,3,1.2,1,12,9.0,108.0
Plymouth,Johnson Brothers - St. Paul,Casamigos Anejo Tequila 50ml,856724006039,2,1.2,1,60,3.84,230.0
Plymouth,Johnson Brothers - St. Paul,High Noon Watermelon 4pk 12oz can,085000429259,1,1.4,1,6,8.65,52.0
Plymouth,Johnson Brothers - St. Paul,High Noon Peach 4pk 12oz can,085000431375,3,1.4,1,6,8.68,52.0
Plymouth,Johnson Brothers - St. Paul,High Noon Peach 8pk 12oz can,085000043073,4,1.6,3,9,14.55,131.0
Plymouth,Johnson Brothers - St. Paul,E&J Brandy 1.75L,08541509,5,1.8,2,12,17.67,212.0
Plymouth,Johnson Brothers - St. Paul,Lucky One Lemonade Variety 8pk 12oz can,085000040768,1,2.1,1,3,14.0,42.0
Plymouth,Johnson Brothers - St. Paul,Jose Cuervo Silver Tequila 1.75L,082000743750,1,2.1,1,6,15.09,91.0
Plymouth,Johnson Brothers - St. Paul,E&J XO Brandy 1.75L,085000018828,1,2.1,1,6,22.5,135.0
Plymouth,Johnson Brothers - St. Paul,Il Tramonto Lemoncello 750ml,084279979472,2,2.1,1,6,11.88,71.0
Plymouth,Johnson Brothers - St. Paul,Gordons Gin 1.75L,08860032,2,2.1,1,6,15.87,95.0
Plymouth,Johnson Brothers - St. Paul,Smirnoff Vodka 1.75L,082000727606,16,2.1,3,18,14.61,263.0
Plymouth,Johnson Brothers - St. Paul,New Amsterdam Vodka Liter,085000019504,1,2.1,1,12,7.26,87.0
Plymouth,Johnson Brothers - St. Paul,Campari Aperitivo 750ml,721059047500,3,2.1,1,12,24.84,298.0
Plymouth,Johnson Brothers - St. Paul,Jose Cuervo Gold Tequila Liter,811538010801,5,2.1,1,12,8.7,104.0
Plymouth,Johnson Brothers - St. Paul,Fireball Whisky 375ml,088004144722,9,2.4,1,24,5.1,123.0
Plymouth,Johnson Brothers - St. Paul,New Amsterdam Pink Whitney 50ml,08567507,120,2.4,1,120,0.67,80.0
Plymouth,Johnson Brothers - St. Paul,New Amsterdam London Dry Gin 50ml,08567206,7,2.7,1,120,1.0,120.0
Plymouth,Johnson Brothers - St. Paul,Casamigos Blanco 750ml,083089450003,4,2.9,1,6,19.22,115.0
Plymouth,Johnson Brothers - St. Paul,Jose Cuervo Auth Margarita 1.75L,082000190325,5,3.1,1,6,14.75,88.0
Plymouth,Johnson Brothers - St. Paul,High Noon Tequila Variety Pack 8pk 12oz can,085000036099,3,3.2,1,3,18.71,56.0
Plymouth,Johnson Brothers - St. Paul,Four Roses Bourbon 1.75L,040063400430,3,3.2,1,6,27.55,165.0
Plymouth,Johnson Brothers - St. Paul,Hennessy VS Cognac Liter,088110150563,3,3.2,1,12,40.23,483.0
Plymouth,Johnson Brothers - St. Paul,Four Roses Small Batch 750ml,040063400317,5,3.6,1,6,23.8,143.0
Plymouth,Libation Project,Dolin Dry Vermouth 375ml,3274510003807,0,0.0,1,12,8.72,105.0
Plymouth,Libation Project,Dolin Rouge Vermouth 750ml,3274510003814,0,0.0,1,12,12.58,151.0
Plymouth,Libation Project,Cocchi di Torino 750ml,8007117010108,0,0.0,1,12,17.4,209.0
Plymouth,Libation Project,Dolin Dry Vermouth 750ml,3274510003791,0,0.0,1,12,12.39,149.0
Plymouth,"New France Wine Co, Inc",Three Fingers High Whiskey 750ml,819588011786,0,0.0,1,6,32.66,196.0
Plymouth,"New France Wine Co, Inc",Buil & Gine Vermut Priorat 750ml,8437001115822,0,0.0,1,12,15.35,184.0
Plymouth,Phillips Wine & Spirits - St. Paul,Bailey's Chocolate 750ml,086767705488,-1,-2.1,1,12,19.01,228.0
Plymouth,Phillips Wine & Spirits - St. Paul,Prairie Organic Vodka 1.75L,087116019102,0,0.0,1,6,5.23,31.0
Plymouth,Phillips Wine & Spirits - St. Paul,Phillips UV Vodka 1.75L,087116014633,0,0.0,1,6,12.32,74.0
Plymouth,Phillips Wine & Spirits - St. Paul,Windsor Canadian Liter,080686500407,0,0.0,1,12,10.5,126.0
Plymouth,Phillips Wine & Spirits - St. Paul,2 Gingers 50ml,080686294030,1,0.0,1,96,0.67,64.0
Plymouth,Phillips Wine & Spirits - St. Paul,Rumple Minze 50ml,086767520227,3,0.1,1,120,0.74,89.0
Plymouth,Phillips Wine & Spirits - St. Paul,Buzzballz Grape Gone Wild Vikings 187ml,855200005528,9,0.2,8,192,0.07,13.0
Plymouth,Phillips Wine & Spirits - St. Paul,Bulleit Bourbon 1.75L,087000004047,1,0.7,1,6,38.0,228.0
Plymouth,Phillips Wine & Spirits - St. Paul,Phillips Vodka Traveler,087116011267,3,0.9,1,12,5.53,66.0
Plymouth,Phillips Wine & Spirits - St. Paul,Keeper's Heart Old Fashioned  750ml,850030494436,1,1.1,1,6,21.42,129.0
Plymouth,Phillips Wine & Spirits - St. Paul,Bailey's Irish Cream 1.75L,086767210029,2,1.4,1,6,35.37,212.0
Plymouth,Phillips Wine & Spirits - St. Paul,Captain Morgan Spiced Rum 1.75L,082000759102,10,1.4,4,24,19.64,471.0
Plymouth,Phillips Wine & Spirits - St. Paul,Captain Morgan Spiced Rum Liter,08727008,4,1.9,1,12,14.9,179.0
Plymouth,Phillips Wine & Spirits - St. Paul,Bulleit 95 Rye Whiskey 1.75L,082000766070,2,2.1,1,6,38.0,228.0
Plymouth,Phillips Wine & Spirits - St. Paul,Windsor Canadian 1.75L,080686500124,6,2.1,1,6,26.58,159.0
Plymouth,Phillips Wine & Spirits - St. Paul,Phillips Vodka 1.75L,087116018099,6,2.1,1,6,10.5,63.0
Plymouth,Phillips Wine & Spirits - St. Paul,Ketel One Vodka 750ml,085156515417,8,2.4,1,12,15.05,181.0
Plymouth,Phillips Wine & Spirits - St. Paul,Windsor Apple 1.75L,084279007403,3,2.6,1,6,15.36,92.0
Plymouth,Phillips Wine & Spirits - St. Paul,Ketel One Lemon Drop Martini Cocktail 750ml,082000809845,2,2.9,1,12,16.49,198.0
Plymouth,Phillips Wine & Spirits - St. Paul,Crown Royal Canadian 750ml,087000007253,6,2.9,1,12,14.9,179.0
Plymouth,Phillips Wine & Spirits - St. Paul,BuzzBallz Berry Cherry Limeade 187ml,857674007985,10,3.1,1,24,1.31,31.0
Plymouth,Phillips Wine & Spirits - St. Paul,Ketel One Cosmopolitan 375ml,088076188648,3,3.2,1,12,4.2,50.0
Plymouth,Phillips Wine & Spirits - St. Paul,Phillips Peppermint 80pf Liter,087116048645,4,3.4,1,12,9.55,115.0
Plymouth,Phillips Wine & Spirits - St. Paul,Crown Royal Blackberry 750ml,082000789550,8,3.8,1,12,17.68,212.0
Plymouth,Southern Glazer's Wine & Spirits of MN,On The Rocks Variety Pack 8pk 12oz can,080686012580,0,0.0,2,6,16.48,99.0
Plymouth,Southern Glazer's Wine & Spirits of MN,D'usse Cognac VSOP 750ml,080480002923,0,0.0,1,6,29.21,175.0
Plymouth,Southern Glazer's Wine & Spirits of MN,Grey Goose Berry Rouge 750ml,080480990107,0,0.0,1,6,18.4,110.0
Plymouth,Southern Glazer's Wine & Spirits of MN,Knob Creek Bourbon 1.75L,080686016946,0,0.0,1,6,45.0,270.0
Plymouth,Southern Glazer's Wine & Spirits of MN,Jagermeister 1.75L,083089660174,0,0.0,1,6,29.84,179.0
Plymouth,Southern Glazer's Wine & Spirits of MN,High West Prisoner's Share 750ml,086003267244,0,0.0,1,6,131.25,788.0
Plymouth,Southern Glazer's Wine & Spirits of MN,Chi-Chi's Mexican Mudslide 1.75L,089000547814,0,0.0,1,6,9.0,54.0
Plymouth,Southern Glazer's Wine & Spirits of MN,Elijah Craig BBN Small Batch 94 1.75L,096749000074,0,0.0,1,6,34.88,209.0
Plymouth,Southern Glazer's Wine & Spirits of MN,Villon Cognac Liqueur 750ml,813497007229,0,0.0,1,6,26.53,159.0
Plymouth,Southern Glazer's Wine & Spirits of MN,Angel's Envy Rye 750ml,850047003065,0,0.0,1,6,64.01,384.0
Plymouth,Southern Glazer's Wine & Spirits of MN,Dewar's White Label Scotch 1.75L,080480230005,0,0.0,1,6,24.56,147.0
Plymouth,Southern Glazer's Wine & Spirits of MN,Suntory Whiskey Toki 750ml,080686957010,0,0.0,1,6,24.52,147.0
Plymouth,Southern Glazer's Wine & Spirits of MN,Absolut Citron Vodka 1.75L,835229001602,0,0.0,1,6,30.44,183.0
Plymouth,Southern Glazer's Wine & Spirits of MN,Beefeater Gin 1.75L,089540333472,0,0.0,1,6,22.59,136.0
Plymouth,Southern Glazer's Wine & Spirits of MN,Aperol Spritz 4pk 200ml btl,887341340091,0,0.0,2,12,9.6,115.0
Plymouth,Southern Glazer's Wine & Spirits of MN,Sarti Aperitivo Rosa 700ml,887341340138,0,0.0,2,12,17.97,216.0
Plymouth,Southern Glazer's Wine & Spirits of MN,Jim Beam Apple Liter,080686006565,0,0.0,1,12,17.07,205.0
Plymouth,Southern Glazer's Wine & Spirits of MN,Suntory -196 Strawberry Pineapple 24ozcan,080686014430,0,0.0,1,12,2.83,34.0
Plymouth,Southern Glazer's Wine & Spirits of MN,Deep Eddy Lime Liter,856065002264,0,0.0,1,12,14.66,176.0
Plymouth,Southern Glazer's Wine & Spirits of MN,St Brendans Irish Cream 750ml,088352107264,0,0.0,1,12,7.86,94.0
Plymouth,Southern Glazer's Wine & Spirits of MN,Carolans Irish Cream Liter,810845030038,0,0.0,1,12,13.9,167.0
Plymouth,Southern Glazer's Wine & Spirits of MN,On the Rocks Larios Aviation 375ml,855880008178,0,0.0,1,12,9.14,110.0
Plymouth,Southern Glazer's Wine & Spirits of MN,Seagrams Extra Dry Gin Liter,080432401255,0,0.0,1,12,9.36,112.0
Plymouth,Southern Glazer's Wine & Spirits of MN,Sauza Hornitos Plata 750ml,080686835325,0,0.0,1,12,13.94,167.0
Plymouth,Southern Glazer's Wine & Spirits of MN,Evan Williams Bourbon 1.75L,096749021147,1,0.4,2,12,17.39,209.0
Plymouth,Southern Glazer's Wine & Spirits of MN,Evan Williams Bourbon Liter,096749021246,1,0.4,1,12,11.25,135.0
Plymouth,Southern Glazer's Wine & Spirits of MN,99 Watermelons 50ml,089000991044,7,0.7,1,120,0.6,72.0
Plymouth,Southern Glazer's Wine & Spirits of MN,Barton Vodka 375ml,080660472072,7,0.8,2,48,2.48,119.0
Plymouth,Southern Glazer's Wine & Spirits of MN,Knob Creek Rye Whiskey 750ml,080686004424,1,0.9,1,6,25.54,153.0
Plymouth,Southern Glazer's Wine & Spirits of MN,Svedka Vodka Traveler,617768121757,2,0.9,1,12,7.37,88.0
Plymouth,Southern Glazer's Wine & Spirits of MN,Jim Beam Vanilla 50ml,080686006893,1,0.9,1,120,0.83,99.0
Plymouth,Southern Glazer's Wine & Spirits of MN,Bombay Sapphire Gin 1.75L,080480301002,5,1.5,2,12,31.25,375.0
Plymouth,Southern Glazer's Wine & Spirits of MN,Svedka Blue Raspberry Vodka 1.75L,617768201176,2,1.7,1,6,14.63,88.0
Plymouth,Southern Glazer's Wine & Spirits of MN,Maker's Mark Bourbon 1.75L,085246139417,5,1.8,2,12,40.45,485.0
Plymouth,Southern Glazer's Wine & Spirits of MN,Jim Beam Bourbon Glass 750ml,080686010425,20,1.9,2,24,9.17,220.0
Plymouth,Southern Glazer's Wine & Spirits of MN,Jim Beam Bourbon 1.75L,080686001102,9,2.0,2,12,23.73,285.0
Plymouth,Southern Glazer's Wine & Spirits of MN,Jameson Orange 750ml,080432117330,1,2.1,1,6,22.02,132.0
Plymouth,Southern Glazer's Wine & Spirits of MN,Angel's Envy Bourbon 750ml,850047003003,2,2.1,1,6,35.11,211.0
Plymouth,Southern Glazer's Wine & Spirits of MN,Jagermeister 375ml,083089660358,1,2.1,1,12,7.36,88.0
Plymouth,Southern Glazer's Wine & Spirits of MN,Evan Williams Peach 750ml,096749001545,1,2.1,1,12,9.42,113.0
Plymouth,Southern Glazer's Wine & Spirits of MN,Deep Eddy Lemon Liter,856065002424,1,2.1,1,12,14.46,173.0
Plymouth,Southern Glazer's Wine & Spirits of MN,DOM B&B Liqueur 750ml,080480545406,2,2.1,1,12,25.54,306.0
Plymouth,Southern Glazer's Wine & Spirits of MN,Suntory -196 Vodka Lemon 24oz can,080686011651,2,2.1,1,12,1.85,22.0
Plymouth,Southern Glazer's Wine & Spirits of MN,Appleton Signature Blend 750ml,721059001502,2,2.1,1,12,15.06,181.0
Plymouth,Southern Glazer's Wine & Spirits of MN,On the Rocks Old Fashioned 375ml,855880008024,3,2.1,1,12,8.6,103.0
Plymouth,Southern Glazer's Wine & Spirits of MN,On the Rocks Cosmopolitan 375ml,080686008088,6,2.1,1,12,8.6,103.0
Plymouth,Southern Glazer's Wine & Spirits of MN,Black Velvet Peach 50ml,096749004010,5,2.1,1,120,0.66,79.0
Plymouth,Southern Glazer's Wine & Spirits of MN,Suntory Roku Gin 750ml,080686958031,2,2.9,1,6,19.93,120.0
Plymouth,Southern Glazer's Wine & Spirits of MN,Black Velvet Canadian 1.75L,088100134511,2,2.9,1,6,13.06,78.0
Plymouth,Southern Glazer's Wine & Spirits of MN,Dekuyper Triple Sec 750ml,08068636408,2,2.9,1,12,5.62,67.0
Plymouth,Southern Glazer's Wine & Spirits of MN,On the Rocks Margarita 375ml,855880008116,4,2.9,1,12,8.6,103.0
Plymouth,Southern Glazer's Wine & Spirits of MN,Lunazul Reposado Tequila Liter,096749908011,20,3.0,1,12,15.31,184.0
Plymouth,Southern Glazer's Wine & Spirits of MN,Svedka Vodka 100pf 1.75L,088004071370,4,3.4,1,6,14.62,88.0
Plymouth,Southern Glazer's Wine & Spirits of MN,Burnett's Vodka 1.75L,096749200313,5,3.6,1,6,10.13,61.0
Plymouth,"Vinocopia, Inc",El Nivel Cucumber 750ml,040232526640,0,0.0,1,6,44.13,265.0
Plymouth,"Vinocopia, Inc",Post Meridiem White Russian 100ml RTD,858173008572,1,0.4,1,24,2.92,70.0
Plymouth,"Vinocopia, Inc",Post Meridiem Espresso Martini 100ml RTD,858173008190,4,2.1,1,24,2.91,70.0
Plymouth,"Vinocopia, Inc",Post Meridiem Old Fashioned 100ml RTD,858173008015,9,2.6,1,24,2.32,56.0
Ramsey,Bellboy Corporation,Steel 43 Vodka 1.75L,810879021361,0,0.0,1,6,17.17,103.0
Ramsey,Bellboy Corporation,Zarpado Blanco 1.75L,810879022061,0,0.0,1,6,30.83,185.0
Ramsey,Bellboy Corporation,Jackson Morgan Spiced Pumpkin Roll 750ml,855400005007,0,0.0,1,6,16.84,101.0
Ramsey,Bellboy Corporation,1792 Small Batch 750ml,080660001203,0,0.0,1,6,22.9,137.0
Ramsey,Bellboy Corporation,Griffo Stony Point Whiskey 750ml,737212008295,0,0.0,1,12,24.03,288.0
Ramsey,Bellboy Corporation,Buffalo Trace Bourbon Cream 750ml,080244003715,0,0.0,1,12,16.5,198.0
Ramsey,Bellboy Corporation,Smirnoff Vodka Liter,08200501,2,0.9,1,12,10.65,128.0
Ramsey,Bellboy Corporation,Flyer Vodka Liter,810879027172,3,1.0,1,12,5.89,71.0
Ramsey,Bellboy Corporation,Ketel One Vodka 1.75L,085156803682,3,1.4,1,6,26.1,157.0
Ramsey,Bellboy Corporation,Crown Royal Salted Caramel 750ml,082000783978,1,1.4,1,12,20.43,245.0
Ramsey,Bellboy Corporation,Raff Bummer & Lazarus Gin 750ml,753182543062,1,2.1,1,6,18.33,110.0
Ramsey,Bellboy Corporation,Rittenhouse Rye 100 750ml,096749702756,1,2.1,1,12,19.92,239.0
Ramsey,Bellboy Corporation,Gunner Bourbon Liter,810879029183,2,2.9,1,12,11.29,135.0
Ramsey,Bellboy Corporation,Dutch Bourbon 750ml,681827905084,10,3.6,1,6,5.0,30.0
Ramsey,"Breakthru Beverage Minnesota Wine & Spirits, LLC",Seagrams VO Canadian 1.75L,088004036157,0,0.0,1,6,18.99,114.0
Ramsey,"Breakthru Beverage Minnesota Wine & Spirits, LLC",Milagro Silver Tequila 750ml,083664868919,0,0.0,2,12,17.26,207.0
Ramsey,"Breakthru Beverage Minnesota Wine & Spirits, LLC",Macallan Double Cask 12yr 750ml,812066021598,0,0.0,1,12,63.75,765.0
Ramsey,"Breakthru Beverage Minnesota Wine & Spirits, LLC",Taaka Vodka Liter,088004010133,0,0.0,1,12,6.05,73.0
Ramsey,"Breakthru Beverage Minnesota Wine & Spirits, LLC",Margaritaville Silver Tequila 50ml,086024007874,13,0.5,1,120,0.34,41.0
Ramsey,"Breakthru Beverage Minnesota Wine & Spirits, LLC",Platinum Vodka 1.75L,088004012724,3,1.0,2,12,9.72,117.0
Ramsey,"Breakthru Beverage Minnesota Wine & Spirits, LLC",Fireball Whisky 1.75L,088004009281,3,1.6,1,6,17.67,106.0
Ramsey,"Breakthru Beverage Minnesota Wine & Spirits, LLC",Yukon Jack 50ml,088004035785,74,1.9,1,120,0.52,63.0
Ramsey,"Breakthru Beverage Minnesota Wine & Spirits, LLC",Fireball Whisky 750ml,088004144692,15,3.8,1,12,9.0,108.0
Ramsey,"Grape Beginnings, Inc.",Brovo Gin Liter,850151007034,0,0.0,1,12,13.0,156.0
Ramsey,Johnson Brothers - St. Paul,Hennessy VS Cognac 1.75L,088110150587,0,0.0,1,6,64.3,386.0
Ramsey,Johnson Brothers - St. Paul,Bib & Tucker 6 Year Bourbon 750ml,031259003542,0,0.0,1,6,18.33,110.0
Ramsey,Johnson Brothers - St. Paul,Casamigos Reposado Tequila Liter,856724006206,0,0.0,1,6,45.76,275.0
Ramsey,Johnson Brothers - St. Paul,Jose Cuervo Golden Margarita 1.75L,082000730361,0,0.0,1,6,13.02,78.0
Ramsey,Johnson Brothers - St. Paul,1800 Silver Tequila 1.75L,811538010153,0,0.0,1,6,31.5,189.0
Ramsey,Johnson Brothers - St. Paul,Four Roses Bourbon 1.75L,040063400430,0,0.0,2,12,27.55,331.0
Ramsey,Johnson Brothers - St. Paul,Cointreau 750ml,087236565107,0,0.0,1,12,27.73,333.0
Ramsey,Johnson Brothers - St. Paul,Smirnoff Kissed Caramel Vodka Liter,082000759621,0,0.0,1,12,10.13,122.0
Ramsey,Johnson Brothers - St. Paul,Johnnie Walker Black 750ml,088110011307,0,0.0,1,12,24.97,300.0
Ramsey,Johnson Brothers - St. Paul,Johnnie Walker Red 375ml,088110021092,0,0.0,1,24,10.4,250.0
Ramsey,Johnson Brothers - St. Paul,Rondiaz Silver Rum 1.75L,084279902715,1,0.5,2,12,15.28,183.0
Ramsey,Johnson Brothers - St. Paul,New Amsterdam Vodka 375ml,085000031810,1,0.5,1,24,4.28,103.0
Ramsey,Johnson Brothers - St. Paul,New Amsterdam Grapefruit Vodka 50ml,08563802,29,0.6,2,240,0.67,160.0
Ramsey,Johnson Brothers - St. Paul,Jose Cuervo Gold Tequila 200ml,082000192954,2,0.7,1,48,4.19,201.0
Ramsey,Johnson Brothers - St. Paul,Smirnoff Vodka Traveler,08295004,4,0.8,2,24,7.96,191.0
Ramsey,Johnson Brothers - St. Paul,Rondiaz Spiced Rum 1.75L,084279901671,2,0.9,2,12,4.57,55.0
Ramsey,Johnson Brothers - St. Paul,1800 Silver Tequila 750ml,811538010139,1,0.9,1,12,10.18,122.0
Ramsey,Johnson Brothers - St. Paul,Smirnoff 100 Pf Vodka 200ml,08201209,1,0.9,1,48,2.65,127.0
Ramsey,Johnson Brothers - St. Paul,Casamigos Margarita 750ml,082000812128,3,2.1,1,12,17.0,204.0
Ramsey,Johnson Brothers - St. Paul,Pendleton Canadian Whiskey 750ml,084104115914,3,2.6,1,12,13.07,157.0
Ramsey,Johnson Brothers - St. Paul,High Noon Variety Pack 12pk 12oz can,085000029862,7,2.7,2,4,20.98,84.0
Ramsey,Johnson Brothers - St. Paul,Smirnoff Vodka 1.75L,082000727606,7,2.7,1,6,14.61,88.0
Ramsey,Johnson Brothers - St. Paul,New Amsterdam Vodka 50ml,08588005,82,2.7,1,120,0.67,80.0
Ramsey,Johnson Brothers - St. Paul,E&J VSOP Brandy Liter,085000003824,2,2.9,1,12,12.75,153.0
Ramsey,Johnson Brothers - St. Paul,New Amsterdam Peach Vodka 750ml,085000020333,10,2.9,1,12,8.97,108.0
Ramsey,Johnson Brothers - St. Paul,New Amsterdam Vodka 1.75L,085000019511,7,3.0,1,6,14.36,86.0
Ramsey,Johnson Brothers - St. Paul,Gray Duck 1.75L,860199002618,4,3.4,1,6,16.0,96.0
Ramsey,Johnson Brothers - St. Paul,E&J Brandy 1.75L,08541509,8,3.4,1,6,17.67,106.0
Ramsey,Johnson Brothers - St. Paul,High Noon Pineapple 24oz can,085000034484,5,3.6,1,12,4.5,54.0
Ramsey,Johnson Brothers - St. Paul,Fireball Whisky 375ml,088004144722,11,3.6,1,24,5.1,123.0
Ramsey,Johnson Brothers - St. Paul,New Amsterdam Pink Whitney 50ml,08567507,235,3.9,1,120,0.67,80.0
Ramsey,Johnson Brothers - St. Paul,Karkov Vodka 1.75L,084279184227,26,4.0,1,6,5.05,30.0
Ramsey,"Maverick Beverage Co., LLC - MN",Banhez Mezcal 750ml,736040537113,0,0.0,1,6,26.02,156.0
Ramsey,Phillips Wine & Spirits - St. Paul,Michter's Rye 750ml,039383006507,0,0.0,1,6,32.25,193.0
Ramsey,Phillips Wine & Spirits - St. Paul,Keeper's Heart Irish/Bourbon 700ml,850030494108,0,0.0,1,6,26.25,158.0
Ramsey,Phillips Wine & Spirits - St. Paul,Panther Pike Street Bourbon 750ml,855340004085,0,0.0,1,6,23.27,140.0
Ramsey,Phillips Wine & Spirits - St. Paul,Bailey's Deliciously Light Irish Cream 750ml,086767705174,0,0.0,1,12,19.74,237.0
Ramsey,Phillips Wine & Spirits - St. Paul,Phillips Vodka 1.75L,087116018099,3,0.3,6,36,10.5,378.0
Ramsey,Phillips Wine & Spirits - St. Paul,Buzzballz Grape Gone Wild Vikings 187ml,855200005528,12,0.3,7,168,0.07,11.0
Ramsey,Phillips Wine & Spirits - St. Paul,Campo Bravo Plata 50ml,850008153129,28,0.9,2,144,0.65,94.0
Ramsey,Phillips Wine & Spirits - St. Paul,Bulleit Bourbon Liter,087000005549,1,1.4,1,12,23.33,280.0
Ramsey,Phillips Wine & Spirits - St. Paul,Windsor Canadian 1.75L,080686500124,13,2.1,2,12,26.58,319.0
Ramsey,Phillips Wine & Spirits - St. Paul,Bulleit Old Fashioned 750ml,082000797319,1,2.1,1,12,17.26,207.0
Ramsey,Phillips Wine & Spirits - St. Paul,Crown Royal Regal Apple 50ml,08245805,11,2.9,1,60,1.24,75.0
Ramsey,Southern Glazer's Wine & Spirits of MN,Christian Brothers Brandy 1.75L,086036815474,-1,-0.6,2,12,14.78,177.0
Ramsey,Southern Glazer's Wine & Spirits of MN,Dewar's White Label Scotch 1.75L,080480230005,0,0.0,1,6,24.56,147.0
Ramsey,Southern Glazer's Wine & Spirits of MN,Henry Mckenna 10 Yr Single 750ml,096749200566,0,0.0,1,6,45.24,271.0
Ramsey,Southern Glazer's Wine & Spirits of MN,Pama Pomegranate Liqueur 750ml,096749940035,0,0.0,1,6,15.42,93.0
Ramsey,Southern Glazer's Wine & Spirits of MN,D'usse Cognac VSOP 750ml,080480002923,0,0.0,1,6,29.21,175.0
Ramsey,Southern Glazer's Wine & Spirits of MN,Aberfeldy 12 Yr Scotch 750ml,080480220006,0,0.0,1,6,32.86,197.0
Ramsey,Southern Glazer's Wine & Spirits of MN,Grey Goose Vodka 1.75L,080480280000,0,0.0,1,6,35.99,216.0
Ramsey,Southern Glazer's Wine & Spirits of MN,Jim Beam Black 7yr 1.75L,080686007777,0,0.0,1,6,29.41,176.0
Ramsey,Southern Glazer's Wine & Spirits of MN,Kahlua 1.75L,089540122694,0,0.0,1,6,39.43,237.0
Ramsey,Southern Glazer's Wine & Spirits of MN,Teeling Small Batch 750ml,720815280038,0,0.0,1,6,22.36,134.0
Ramsey,Southern Glazer's Wine & Spirits of MN,Canadian Club 1.75L,080686821120,0,0.0,1,6,16.08,97.0
Ramsey,Southern Glazer's Wine & Spirits of MN,On the Rocks Old Fashioned 750ml,080686897156,0,0.0,1,6,15.07,90.0
Ramsey,Southern Glazer's Wine & Spirits of MN,Evan Williams Bourbon 1.75L,096749021147,0,0.0,3,18,17.39,313.0
Ramsey,Southern Glazer's Wine & Spirits of MN,Chivas Regal 12 Yr Scotch 750ml,080432400395,0,0.0,1,12,24.58,295.0
Ramsey,Southern Glazer's Wine & Spirits of MN,On the Rocks Margarita 375ml,855880008116,0,0.0,1,12,8.6,103.0
Ramsey,Southern Glazer's Wine & Spirits of MN,Bacardi Limon Rum Liter,080480355302,0,0.0,1,12,11.95,143.0
Ramsey,Southern Glazer's Wine & Spirits of MN,Sauza Hornitos Reposado 750ml,080686835028,0,0.0,1,12,16.39,197.0
Ramsey,Southern Glazer's Wine & Spirits of MN,On the Rocks Larios Aviation 375ml,855880008178,0,0.0,1,12,9.14,110.0
Ramsey,Southern Glazer's Wine & Spirits of MN,Sauza Hornitos Plata 750ml,080686835325,0,0.0,1,12,13.94,167.0
Ramsey,Southern Glazer's Wine & Spirits of MN,Absolut Vodka 375ml,835229000209,0,0.0,1,24,8.45,203.0
Ramsey,Southern Glazer's Wine & Spirits of MN,Jagermeister 750ml,083089524001,1,0.6,1,12,14.21,171.0
Ramsey,Southern Glazer's Wine & Spirits of MN,Svedka Mango Pineapple Vodka 1.75L,617768151174,2,0.9,2,12,14.62,175.0
Ramsey,Southern Glazer's Wine & Spirits of MN,Black Velvet Canadian 1.75L,088100134511,1,1.1,1,6,13.06,78.0
Ramsey,Southern Glazer's Wine & Spirits of MN,99 Bananas 50ml,080660620992,65,1.3,2,240,0.6,144.0
Ramsey,Southern Glazer's Wine & Spirits of MN,99 Peppermint 50ml,088004024086,22,1.4,1,120,0.6,72.0
Ramsey,Southern Glazer's Wine & Spirits of MN,Jameson Irish Whiskey 750ml,080432500170,3,1.6,1,12,23.01,276.0
Ramsey,Southern Glazer's Wine & Spirits of MN,Svedka Vodka Traveler,617768121757,7,1.9,1,12,7.37,88.0
Ramsey,Southern Glazer's Wine & Spirits of MN,99 Strawberries Schnapps 50ml,088004039653,159,1.9,2,240,0.6,144.0
Ramsey,Southern Glazer's Wine & Spirits of MN,Beefeater Gin 1.75L,089540333472,1,2.1,1,6,22.59,136.0
Ramsey,Southern Glazer's Wine & Spirits of MN,On the Rocks Pineapple Margarita 375ml,855880008086,2,2.1,1,12,8.6,103.0
Ramsey,Southern Glazer's Wine & Spirits of MN,Svedka Vodka 375ml,617768113752,8,2.1,1,24,3.23,78.0
Ramsey,Southern Glazer's Wine & Spirits of MN,Jameson Irish Whiskey 1.75L,080432500187,10,2.3,2,12,25.61,307.0
Ramsey,Southern Glazer's Wine & Spirits of MN,99 Peaches 50ml,089000990610,99,2.3,1,120,0.6,72.0
Ramsey,Southern Glazer's Wine & Spirits of MN,99 Root Beer 50ml,088004023850,106,2.5,1,120,0.6,72.0
Ramsey,Southern Glazer's Wine & Spirits of MN,Lunazul Reposado Tequila Liter,096749908011,9,2.6,1,12,15.31,184.0
Ramsey,Southern Glazer's Wine & Spirits of MN,Kahlua Liter,089540122700,2,2.9,1,12,23.75,285.0
Ramsey,Southern Glazer's Wine & Spirits of MN,Evan Williams Bourbon Liter,096749021246,2,2.9,1,12,11.25,135.0
Ramsey,Southern Glazer's Wine & Spirits of MN,Grey Goose Vodka 750ml,080480280024,6,2.9,1,12,14.08,169.0
Ramsey,Southern Glazer's Wine & Spirits of MN,Basil Hayden Bourbon 750ml,080686012405,3,3.2,1,12,29.07,349.0
Ramsey,Southern Glazer's Wine & Spirits of MN,Malibu Rum Traveler,089540466446,3,3.2,1,12,13.44,161.0
Ramsey,Southern Glazer's Wine & Spirits of MN,Svedka Vodka 100pf 1.75L,088004071370,5,3.6,1,6,14.62,88.0
Ramsey,Southern Glazer's Wine & Spirits of MN,Jameson Irish Whiskey Liter,080432500118,11,3.9,1,12,26.9,323.0
Ramsey,Southern Glazer's Wine & Spirits of MN,Bacardi Superior Light Rum Traveler,080480015459,11,3.9,1,12,10.45,125.0
Ramsey,Southern Glazer's Wine & Spirits of MN,99 Butterscotch 50ml,080660010113,112,3.9,1,120,0.6,72.0
Ramsey,Southern Glazer's Wine & Spirits of MN,99 Lemon Lime Schnapps 50ml,088004039677,125,4.0,1,120,0.6,72.0
Ramsey,"Vinocopia, Inc",Square One Cucumber 750ml,855886001104,0,0.0,1,6,26.92,162.0
Ramsey,"Vinocopia, Inc",Post Meridiem Espresso Martini 100ml RTD,858173008190,1,1.4,1,24,2.91,70.0
Ramsey,,Buzzballz Grape Gone Wild Vikings 24pk 187ml Case,20855200005522,0,0.0,3,3,1.63,5.0
Rosemount,Bellboy Corporation,Green Spot Irish Whiskey 750ml,080432105993,0,0.0,1,6,45.83,275.0
Rosemount,Bellboy Corporation,Heaven Hill Bottled-in-Bond 7yr 750ml,096749002429,0,0.0,1,6,31.26,188.0
Rosemount,Bellboy Corporation,Copper & Cask 9yr Double Oak Bourbon 750ml,810204641172,0,0.0,1,6,39.67,238.0
Rosemount,Bellboy Corporation,Zarpado Anejo 750ml,810879027141,0,0.0,1,6,22.56,135.0
Rosemount,Bellboy Corporation,Morris Australian Single Malt Whisky 700ml,839743003036,0,0.0,1,6,15.0,90.0
Rosemount,Bellboy Corporation,Ciroc Peach Vodka 750ml,088076177406,0,0.0,1,12,21.52,258.0
Rosemount,Bellboy Corporation,Griffo Stout Barreled Whiskey 750ml,737212008301,0,0.0,1,12,24.89,299.0
Rosemount,Bellboy Corporation,Bailey's Irish Cream 750ml,086767210067,1,0.4,1,12,18.83,226.0
Rosemount,Bellboy Corporation,Tullamore Dew Irish Whiskey 1.75L,083664872497,1,0.5,2,12,33.3,400.0
Rosemount,Bellboy Corporation,Citadelle Jardin D'Ete Gin 750ml,695521152989,1,0.5,2,12,20.67,248.0
Rosemount,Bellboy Corporation,Reyka Vodka Liter,083664869282,1,1.1,1,6,17.83,107.0
Rosemount,Bellboy Corporation,Planteray Original Dark Rum Liter,695521154822,1,1.1,1,6,16.74,100.0
Rosemount,Bellboy Corporation,Teremana Tequila Anejo 750ml,850015640124,1,1.4,1,6,31.1,187.0
Rosemount,Bellboy Corporation,Ketel One Vodka 1.75L,085156803682,19,1.8,4,24,26.1,626.0
Rosemount,Bellboy Corporation,Zarpado Reposado Tequila 750ml,810879023631,12,2.3,2,12,17.0,204.0
Rosemount,Bellboy Corporation,Espolon Reposado Tequila 750ml,721059707510,7,2.5,1,12,22.5,270.0
Rosemount,Bellboy Corporation,Lazzaroni Limoncello 750ml,084848728302,2,2.9,1,6,20.0,120.0
Rosemount,Bellboy Corporation,Wheel Horse Double Oak Bourbon 750ml,810879028384,2,2.9,1,6,22.64,136.0
Rosemount,Bellboy Corporation,Tonka Vodka 1.75L,852546003096,2,2.9,1,6,15.0,90.0
Rosemount,Bellboy Corporation,North Cross Triple Wood Irish Whiskey 750ml,810879023679,3,3.2,1,6,12.33,74.0
Rosemount,Bellboy Corporation,Bulleit 95 Rye Whiskey 750ml,082000752967,5,3.6,1,12,18.23,219.0
Rosemount,"Breakthru Beverage Minnesota Wine & Spirits, LLC",Hendrick's Gin 1.75L,083664869756,0,0.0,4,24,44.98,1079.0
Rosemount,"Breakthru Beverage Minnesota Wine & Spirits, LLC",Southern Comfort Liter,088544018941,0,0.0,1,12,14.31,172.0
Rosemount,"Breakthru Beverage Minnesota Wine & Spirits, LLC",Fireball Whisky 750ml,088004144692,3,0.6,2,24,9.0,216.0
Rosemount,"Breakthru Beverage Minnesota Wine & Spirits, LLC",Platinum Vodka 1.75L,088004012724,4,1.2,2,12,9.72,117.0
Rosemount,"Breakthru Beverage Minnesota Wine & Spirits, LLC",Seagrams VO Canadian 1.75L,088004036157,1,1.4,1,6,18.99,114.0
Rosemount,"Breakthru Beverage Minnesota Wine & Spirits, LLC",Fireball Whisky 1.75L,088004009281,4,1.7,1,6,17.67,106.0
Rosemount,"Breakthru Beverage Minnesota Wine & Spirits, LLC",Glenfiddich 12 Year 750ml,083664107360,5,2.1,1,12,35.71,428.0
Rosemount,"Breakthru Beverage Minnesota Wine & Spirits, LLC",Milagro Reposado Tequila 750ml,083664868940,7,3.8,1,6,17.81,107.0
Rosemount,Johnson Brothers - St. Paul,Four Roses Small Batch Select 750ml,040232288333,0,0.0,1,6,39.75,238.0
Rosemount,Johnson Brothers - St. Paul,Don Julio Gift Pack 3pk 375ml,088076190856,0,0.0,1,6,40.39,242.0
Rosemount,Johnson Brothers - St. Paul,Bib & Tucker Double Char Bourbon 750ml,856442005000,0,0.0,1,6,26.67,160.0
Rosemount,Johnson Brothers - St. Paul,1800 Reposado Tequila 1.75L,811538010252,0,0.0,1,6,35.84,215.0
Rosemount,Johnson Brothers - St. Paul,New Amsterdam Gin 1.75L,085000014301,0,0.0,1,6,16.61,100.0
Rosemount,Johnson Brothers - St. Paul,Gordons Gin 1.75L,08860032,0,0.0,1,6,15.87,95.0
Rosemount,Johnson Brothers - St. Paul,Four Roses Bourbon 1.75L,040063400430,0,0.0,2,12,27.55,331.0
Rosemount,Johnson Brothers - St. Paul,George Dickel Rye 750ml,082000759454,0,0.0,1,12,19.01,228.0
Rosemount,Johnson Brothers - St. Paul,New Amsterdam Gin Liter,085000016176,0,0.0,1,12,12.0,144.0
Rosemount,Johnson Brothers - St. Paul,Johnnie Walker Black 375ml,088110011192,0,0.0,1,24,14.42,346.0
Rosemount,Johnson Brothers - St. Paul,Jose Cuervo Gold Tequila 200ml,082000192954,0,0.0,1,48,4.19,201.0
Rosemount,Johnson Brothers - St. Paul,Kinky Grape 50ml,084279008561,4,0.2,1,120,0.49,58.0
Rosemount,Johnson Brothers - St. Paul,E&J Brandy 1.75L,08541509,1,0.3,3,18,17.67,318.0
Rosemount,Johnson Brothers - St. Paul,Smirnoff Vodka 1.75L,082000727606,9,1.0,5,30,14.61,438.0
Rosemount,Johnson Brothers - St. Paul,Karkov Vodka Traveler,084279912677,1,1.1,1,12,4.16,50.0
Rosemount,Johnson Brothers - St. Paul,Gray Duck 1.75L,860199002618,15,1.3,6,36,16.0,576.0
Rosemount,Johnson Brothers - St. Paul,Four Roses Small Batch 750ml,040063400317,3,1.4,1,6,23.8,143.0
Rosemount,Johnson Brothers - St. Paul,Rondiaz Spiced Rum 1.75L,084279901671,2,1.7,1,6,4.57,27.0
Rosemount,Johnson Brothers - St. Paul,Jose Cuervo Silver Tequila Liter,811538010825,4,1.9,1,12,11.74,141.0
Rosemount,Johnson Brothers - St. Paul,Jose Cuervo Tradicional Gold 750ml,811538011372,7,2.0,1,12,15.32,184.0
Rosemount,Johnson Brothers - St. Paul,400 Conejos Anejo 750ml,818844026335,1,2.1,1,6,39.91,239.0
Rosemount,Johnson Brothers - St. Paul,Gray Whale Gin 750ml,861602000412,1,2.1,1,6,10.07,60.0
Rosemount,Johnson Brothers - St. Paul,New Amsterdam Vodka 1.75L,085000019511,7,2.1,2,12,14.36,172.0
Rosemount,Johnson Brothers - St. Paul,Four Roses Bourbon 750ml,040063400409,5,2.1,1,12,16.5,198.0
Rosemount,Johnson Brothers - St. Paul,New Amsterdam Pineapple 50ml,085000006214,44,2.3,1,120,0.67,80.0
Rosemount,Johnson Brothers - St. Paul,New Amsterdam Raspberry 1.75L,085000026175,2,2.9,1,6,15.3,92.0
Rosemount,Johnson Brothers - St. Paul,Maestro Dobel Diamante 750ml,811538012034,2,2.9,1,6,32.91,197.0
Rosemount,Johnson Brothers - St. Paul,1800 Silver Tequila 750ml,811538010139,2,2.9,1,12,10.18,122.0
Rosemount,Johnson Brothers - St. Paul,Smirnoff Vodka Traveler,08295004,14,2.9,1,12,7.96,95.0
Rosemount,Johnson Brothers - St. Paul,High Noon Black Cherry 4pk 12oz can,085000429273,14,3.0,1,6,8.87,53.0
Rosemount,Johnson Brothers - St. Paul,High Noon Lemon 4pk 12oz can,085000434260,3,3.2,1,6,8.45,51.0
Rosemount,Johnson Brothers - St. Paul,High Noon Grapefruit 4pk 12oz can,085000426272,6,3.2,1,6,8.78,53.0
Rosemount,Johnson Brothers - St. Paul,E&J Brandy Liter,08541800,3,3.2,1,12,10.57,127.0
Rosemount,Johnson Brothers - St. Paul,High Noon Variety Pack 12pk 12oz can,085000029862,16,3.3,2,4,20.98,84.0
Rosemount,Libation Project,Dolin Rouge Vermouth 750ml,3274510003814,0,0.0,1,12,12.58,151.0
Rosemount,"Maverick Beverage Co., LLC - MN",Real Del Valle Tequila Blanco 750ml,7503021171054,0,0.0,1,12,19.0,228.0
Rosemount,"Maverick Beverage Co., LLC - MN",TLC Vodka 1.75L,850332003398,6,3.7,1,6,15.61,94.0
Rosemount,"New France Wine Co, Inc",Dos Amigos Tequila Reposado 750ml,698450104463,1,2.1,1,12,22.53,270.0
Rosemount,Phillips Wine & Spirits - St. Paul,BuzzBallz Tropical Tang Biggie 1.75L,000880040820,0,0.0,1,3,15.0,45.0
Rosemount,Phillips Wine & Spirits - St. Paul,Vikre Boreal Spruce Gin 750ml,862367000013,0,0.0,1,6,22.5,135.0
Rosemount,Phillips Wine & Spirits - St. Paul,Windsor Black Cherry 1.75L,080686500193,0,0.0,1,6,15.32,92.0
Rosemount,Phillips Wine & Spirits - St. Paul,Windsor Canadian 8 yr 750ml,084279008554,0,0.0,1,12,9.4,113.0
Rosemount,Phillips Wine & Spirits - St. Paul,Bailey's Chocolate 750ml,086767705488,0,0.0,1,12,19.01,228.0
Rosemount,Phillips Wine & Spirits - St. Paul,Phillips Vodka 1.75L,087116018099,2,0.6,2,12,10.5,126.0
Rosemount,Phillips Wine & Spirits - St. Paul,Phillips Vodka Traveler,087116011267,1,0.7,1,12,5.53,66.0
Rosemount,Phillips Wine & Spirits - St. Paul,Bulleit Bourbon 1.75L,087000004047,1,1.1,1,6,38.0,228.0
Rosemount,Phillips Wine & Spirits - St. Paul,Captain Morgan 100 Proof 1.75L,082000742005,1,1.4,1,6,24.0,144.0
Rosemount,Phillips Wine & Spirits - St. Paul,Crown Royal Peach 750ml,082000782919,1,1.4,1,12,20.12,241.0
Rosemount,Phillips Wine & Spirits - St. Paul,Ketel One Espresso Martini 750ml,088076188679,2,1.4,1,12,17.17,206.0
Rosemount,Phillips Wine & Spirits - St. Paul,Crown Royal Canadian Liter,087000007246,2,1.7,1,12,26.31,316.0
Rosemount,Phillips Wine & Spirits - St. Paul,Captain Morgan Spiced Rum 1.75L,082000759102,28,1.8,6,36,19.64,707.0
Rosemount,Phillips Wine & Spirits - St. Paul,Crown Royal Canadian 750ml,087000007253,5,1.9,1,12,14.9,179.0
Rosemount,Phillips Wine & Spirits - St. Paul,Keeper's Heart Irish/Bourbon 700ml,850030494108,1,2.1,1,6,26.25,158.0
Rosemount,Phillips Wine & Spirits - St. Paul,Crown Royal Regal Apple 750ml,082000771562,1,2.1,1,12,19.88,239.0
Rosemount,Phillips Wine & Spirits - St. Paul,Ketel One Lemon Drop Martini Cocktail 375ml,082000809838,3,2.6,1,12,2.38,29.0
Rosemount,Phillips Wine & Spirits - St. Paul,Bulleit 95 Rye Whiskey 1.75L,082000766070,4,2.9,1,6,38.0,228.0
Rosemount,Phillips Wine & Spirits - St. Paul,Windsor Canadian 1.75L,080686500124,28,2.9,2,12,26.58,319.0
Rosemount,Southern Glazer's Wine & Spirits of MN,Bacardi Spiced Rum 1.75L,080480001506,0,0.0,1,6,17.15,103.0
Rosemount,Southern Glazer's Wine & Spirits of MN,High West Prisoner's Share 750ml,086003267244,0,0.0,1,6,131.25,788.0
Rosemount,Southern Glazer's Wine & Spirits of MN,Luxardo Espresso Coffee Liqueur 750ml,087229127022,0,0.0,1,6,9.65,58.0
Rosemount,Southern Glazer's Wine & Spirits of MN,Redwood Empire Pipe Dream Bourbon 750ml,851718000710,0,0.0,1,6,27.75,166.0
Rosemount,Southern Glazer's Wine & Spirits of MN,Chopin Rye Vodka 750ml,852935001085,0,0.0,1,6,20.99,126.0
Rosemount,Southern Glazer's Wine & Spirits of MN,Sarti Aperitivo Rosa 700ml,887341340138,0,0.0,1,6,17.97,108.0
Rosemount,Southern Glazer's Wine & Spirits of MN,Basil Hayden's Dark Rye 750ml,080686012146,0,0.0,1,6,35.45,213.0
Rosemount,Southern Glazer's Wine & Spirits of MN,Knob Creek Bourbon 750ml,080686016762,0,0.0,1,6,25.26,152.0
Rosemount,Southern Glazer's Wine & Spirits of MN,Maker's Mark Bourbon Cask Strength 7 Year 750ml,085246503171,0,0.0,1,6,37.49,225.0
Rosemount,Southern Glazer's Wine & Spirits of MN,Black Velvet Peach 1.75L,096749004034,0,0.0,1,6,12.38,74.0
Rosemount,Southern Glazer's Wine & Spirits of MN,Deep Eddy Ruby Red Vodka 1.75L,856065002103,0,0.0,1,6,17.67,106.0
Rosemount,Southern Glazer's Wine & Spirits of MN,Tequila Ocho Plata Tequila 750ml,898627001308,0,0.0,1,6,0.0,0.0
Rosemount,Southern Glazer's Wine & Spirits of MN,Dewar's White Label Scotch 1.75L,080480230005,0,0.0,1,6,24.56,147.0
Rosemount,Southern Glazer's Wine & Spirits of MN,Bombay Gin 1.75L,080480300005,0,0.0,1,6,22.22,133.0
Rosemount,Southern Glazer's Wine & Spirits of MN,Mi Campo Tequila Reposado Liter,086003272002,0,0.0,1,6,22.55,135.0
Rosemount,Southern Glazer's Wine & Spirits of MN,Svedka Citron Vodka 1.75L,088004071240,0,0.0,1,6,14.64,88.0
Rosemount,Southern Glazer's Wine & Spirits of MN,Elijah Craig BBN Small Batch 94 1.75L,096749000074,0,0.0,3,18,34.88,628.0
Rosemount,Southern Glazer's Wine & Spirits of MN,Christian Brothers Brandy 1.75L,086036815474,0,0.0,4,24,14.78,355.0
Rosemount,Southern Glazer's Wine & Spirits of MN,Jim Beam Apple 750ml,080686006558,0,0.0,1,12,12.49,150.0
Rosemount,Southern Glazer's Wine & Spirits of MN,Svedka Blue Raspberry Vodka Liter,617768201107,0,0.0,1,12,9.75,117.0
Rosemount,Southern Glazer's Wine & Spirits of MN,Bombay Sapphire Gin Liter,080480301019,0,0.0,1,12,20.87,250.0
Rosemount,Southern Glazer's Wine & Spirits of MN,Jim Beam Black 7yr 750ml,080686007746,0,0.0,1,12,17.23,207.0
Rosemount,Southern Glazer's Wine & Spirits of MN,Kahlua Liter,089540122700,0,0.0,1,12,23.75,285.0
Rosemount,Southern Glazer's Wine & Spirits of MN,Evan Williams Bourbon Traveler,096749021772,0,0.0,1,12,9.43,113.0
Rosemount,Southern Glazer's Wine & Spirits of MN,Suntory -196 Strawberry 24ozcan,080686014423,0,0.0,1,12,2.04,24.0
Rosemount,Southern Glazer's Wine & Spirits of MN,Lunazul Reposado Tequila Liter,096749908011,1,0.1,4,48,15.31,735.0
Rosemount,Southern Glazer's Wine & Spirits of MN,Twisted Tea Whiskey 50ml,080686036012,10,0.4,1,120,0.67,80.0
Rosemount,Southern Glazer's Wine & Spirits of MN,Grey Goose Vodka Liter,080480280017,1,0.6,1,6,20.33,122.0
Rosemount,Southern Glazer's Wine & Spirits of MN,Black Velvet Toasted Caramel 750ml,088100134856,1,0.7,1,12,7.19,86.0
Rosemount,Southern Glazer's Wine & Spirits of MN,Svedka Vodka Traveler,617768121757,2,0.7,1,12,7.37,88.0
Rosemount,Southern Glazer's Wine & Spirits of MN,Hochstadter's Rock and Rye Slow & Low 750ml,898804009004,1,0.9,1,6,18.11,109.0
Rosemount,Southern Glazer's Wine & Spirits of MN,Fleischmanns Vodka Traveler,082928214356,1,0.9,1,12,4.56,55.0
Rosemount,Southern Glazer's Wine & Spirits of MN,Black Velvet Canadian 1.75L,088100134511,2,1.0,2,12,13.06,157.0
Rosemount,Southern Glazer's Wine & Spirits of MN,On The Rocks Variety Pack 8pk 12oz can,080686012580,1,1.1,1,3,16.48,49.0
Rosemount,Southern Glazer's Wine & Spirits of MN,On The Rocks Whiskey Sour 750ml,080686011378,1,1.1,1,6,15.07,90.0
Rosemount,Southern Glazer's Wine & Spirits of MN,Bakers Bourbon 750ml,080686015406,1,1.1,1,6,45.71,274.0
Rosemount,Southern Glazer's Wine & Spirits of MN,Beefeater Gin 1.75L,089540333472,1,1.1,1,6,22.59,136.0
Rosemount,Southern Glazer's Wine & Spirits of MN,818 Tequila Blanco 750ml,195893687015,1,1.1,1,6,18.95,114.0
Rosemount,Southern Glazer's Wine & Spirits of MN,Admiral Nelson's Spiced Rum 1.75L,096749086269,3,1.2,2,12,2.15,26.0
Rosemount,Southern Glazer's Wine & Spirits of MN,Elijah Craig BBN Small Batch 94 750ml,096749000067,3,1.2,1,12,16.23,195.0
Rosemount,Southern Glazer's Wine & Spirits of MN,Jagermeister 750ml,083089524001,2,1.4,1,12,14.21,171.0
Rosemount,Southern Glazer's Wine & Spirits of MN,Mi Campo Reposado 750ml,086003272019,2,1.4,1,12,10.06,121.0
Rosemount,Southern Glazer's Wine & Spirits of MN,99 Peppermint 50ml,088004024086,53,1.5,1,120,0.6,72.0
Rosemount,Southern Glazer's Wine & Spirits of MN,Maker's Mark Bourbon 1.75L,085246139417,6,1.8,2,12,40.45,485.0
Rosemount,Southern Glazer's Wine & Spirits of MN,Evan Williams Bourbon 1.75L,096749021147,14,1.8,3,18,17.39,313.0
Rosemount,Southern Glazer's Wine & Spirits of MN,Sauza Hornitos Plata Tequila 1.75L,080686835349,5,1.9,1,6,28.92,174.0
Rosemount,Southern Glazer's Wine & Spirits of MN,Grey Goose Vodka 1.75L,080480280000,7,1.9,2,12,35.99,432.0
Rosemount,Southern Glazer's Wine & Spirits of MN,Angel's Envy Bourbon 750ml,850047003003,7,1.9,2,12,35.11,421.0
Rosemount,Southern Glazer's Wine & Spirits of MN,Knob Creek 12yr Bourbon 750ml,080686016786,1,2.1,1,6,45.0,270.0
Rosemount,Southern Glazer's Wine & Spirits of MN,On the Rocks Old Fashioned 750ml,080686897156,1,2.1,1,6,15.07,90.0
Rosemount,Southern Glazer's Wine & Spirits of MN,Svedka Blackberry Vodka 1.75L,088004071851,1,2.1,1,6,14.62,88.0
Rosemount,Southern Glazer's Wine & Spirits of MN,Ole Smoky Salty Caramel Whiskey 750ml,854628006131,1,2.1,1,6,15.71,94.0
Rosemount,Southern Glazer's Wine & Spirits of MN,Dekuyper Blue Curacao Liter,080686316015,1,2.1,1,12,8.35,100.0
Rosemount,Southern Glazer's Wine & Spirits of MN,Black Velvet Canadian Liter,088100134535,1,2.1,1,12,7.23,87.0
Rosemount,Southern Glazer's Wine & Spirits of MN,Sauza Hornitos Plata 750ml,080686835325,2,2.1,1,12,13.94,167.0
Rosemount,Southern Glazer's Wine & Spirits of MN,St Germain Elderflower Liqueur 375ml,080480006662,3,2.1,1,12,12.17,146.0
Rosemount,Southern Glazer's Wine & Spirits of MN,Absolut Vodka 750ml,835229000308,3,2.1,1,12,15.06,181.0
Rosemount,Southern Glazer's Wine & Spirits of MN,Lunazul Blanco Tequila Liter,096749908028,5,2.1,1,12,15.49,186.0
Rosemount,Southern Glazer's Wine & Spirits of MN,Beefeater Gin Liter,089540333489,5,2.4,1,12,15.35,184.0
Rosemount,Southern Glazer's Wine & Spirits of MN,Five Farms Irish Cream 750ml,085592157059,5,2.7,1,9,22.75,205.0
Rosemount,Southern Glazer's Wine & Spirits of MN,Suntory -196 Variety Pack 3 8pk 12oz can,080686010357,2,2.9,1,3,14.97,45.0
Rosemount,Southern Glazer's Wine & Spirits of MN,Jameson Irish Whiskey 200ml,080432500125,4,2.9,1,24,6.72,161.0
Rosemount,Southern Glazer's Wine & Spirits of MN,Pinnacle Vodka 1.75L,080686929451,3,3.2,1,6,12.21,73.0
Rosemount,Southern Glazer's Wine & Spirits of MN,Bombay Sapphire Gin 1.75L,080480301002,6,3.2,1,6,31.25,188.0
Rosemount,Southern Glazer's Wine & Spirits of MN,Bacardi Limon Rum 1.75L,080480355203,29,3.2,2,12,17.15,206.0
Rosemount,Southern Glazer's Wine & Spirits of MN,Mi Campo Tequila Blanco 375ml,086003272064,3,3.2,1,12,9.33,112.0
Rosemount,Southern Glazer's Wine & Spirits of MN,On the Rocks Margarita 375ml,855880008116,4,3.4,1,12,8.6,103.0
Rosemount,Southern Glazer's Wine & Spirits of MN,Svedka Vodka 375ml,617768113752,12,3.4,1,24,3.23,78.0
Rosemount,Southern Glazer's Wine & Spirits of MN,St Germain Elderflower Liqueur 750ml,080480007379,6,3.7,1,6,21.86,131.0
Rosemount,"Vinocopia, Inc",Brady's Irish Cream 750ml,663881000790,1,2.1,1,12,9.22,111.0
Rosemount,"Vinocopia, Inc",Post Meridiem White Russian 100ml RTD,858173008572,2,2.9,1,24,2.92,70.0
Roseville,Am Craft Spirits,Prohibition Spicy Margarita 32 oz.,724129573299,0,0.0,1,12,6.0,72.0
Roseville,Bellboy Corporation,Wheel Horse Rye Whiskey 750ml,810879021743,0,0.0,1,6,18.83,113.0
Roseville,Bellboy Corporation,Zarpado Blanco 1.75L,810879022061,0,0.0,1,6,30.83,185.0
Roseville,Bellboy Corporation,Loonman Gin 750ml,787790208945,0,0.0,1,6,18.5,111.0
Roseville,Bellboy Corporation,Belvedere Vodka Organic 750ml,081753837822,0,0.0,2,12,23.66,284.0
Roseville,Bellboy Corporation,Licor 43 750ml,029929115411,0,0.0,1,12,21.25,255.0
Roseville,Bellboy Corporation,Mathilde Cassis Liqueur 375ml,695521117308,0,0.0,1,12,6.75,81.0
Roseville,Bellboy Corporation,Buffalo Trace Bourbon Cream 750ml,080244003715,0,0.0,1,12,16.5,198.0
Roseville,Bellboy Corporation,Hixson 9n PRF Gin 750ml,810735014520,0,0.0,1,12,3.0,36.0
Roseville,Bellboy Corporation,Linie Aquavit 750ml,817469010101,0,0.0,1,12,19.13,230.0
Roseville,Bellboy Corporation,Loon Liquors Old Fashioned 750ml,787790209645,1,0.6,1,6,17.67,106.0
Roseville,Bellboy Corporation,American Frontier Vodka 750ml,810735016227,19,0.7,7,84,3.5,294.0
Roseville,Bellboy Corporation,Reyka Vodka Liter,083664869282,1,0.9,1,6,17.83,107.0
Roseville,Bellboy Corporation,Citadelle Jardin D'Ete Gin 750ml,695521152989,1,1.1,1,6,20.67,124.0
Roseville,Bellboy Corporation,Breckenridge Bourbon Whiskey 750ml,853826005007,1,1.1,1,6,27.26,164.0
Roseville,Bellboy Corporation,Gunner Bourbon Liter,810879029183,1,1.1,1,12,11.29,135.0
Roseville,Bellboy Corporation,Espolon Reposado Tequila 750ml,721059707510,2,1.2,1,12,22.5,270.0
Roseville,Bellboy Corporation,Bulleit 95 Rye Whiskey 750ml,082000752967,3,1.4,1,12,18.23,219.0
Roseville,Bellboy Corporation,Don Julio Reposado 375ml,674545000605,3,1.4,1,12,19.64,236.0
Roseville,Bellboy Corporation,Bacardi Superior Light Rum 50ml,080480016210,29,1.5,1,120,0.55,66.0
Roseville,Bellboy Corporation,Espolon Blanco Tequila 750ml,721059707503,6,1.7,1,12,20.6,247.0
Roseville,Bellboy Corporation,Captain Morgan White 1.75L,082000766858,1,2.1,1,6,16.1,97.0
Roseville,Bellboy Corporation,Johnnie Walker Green 750ml,088076162624,1,2.1,1,6,46.67,280.0
Roseville,Bellboy Corporation,Bulleit Bourbon 750ml,087000005525,6,2.3,1,12,20.87,250.0
Roseville,Bellboy Corporation,Citadelle Gin 750ml,695521103011,2,2.9,1,6,13.5,81.0
Roseville,Bellboy Corporation,Captain Morgan Spiced Rum 50ml,08731409,55,3.2,1,120,0.66,79.0
Roseville,Bellboy Corporation,Bailey's Irish Cream 750ml,086767210067,5,3.6,1,12,18.83,226.0
Roseville,Bellboy Corporation,Crown Royal Canadian 375ml,087000007604,6,3.7,1,24,12.27,295.0
Roseville,"Breakthru Beverage Minnesota Wine & Spirits, LLC",Brother Justus Cold-Peated Whiskey 750ml,860017000758,0,0.0,1,6,67.68,406.0
Roseville,"Breakthru Beverage Minnesota Wine & Spirits, LLC",Canadian Mist 1.75L,088004048273,0,0.0,1,6,7.95,48.0
Roseville,"Breakthru Beverage Minnesota Wine & Spirits, LLC",Hendrick's Gin 1.75L,083664869756,0,0.0,1,6,44.98,270.0
Roseville,"Breakthru Beverage Minnesota Wine & Spirits, LLC",Traveller Whiskey 750ml,088004060060,0,0.0,1,12,26.25,315.0
Roseville,"Breakthru Beverage Minnesota Wine & Spirits, LLC",Yukon Jack 50ml,088004035785,6,0.3,1,120,0.52,63.0
Roseville,"Breakthru Beverage Minnesota Wine & Spirits, LLC",Twisted Shotz Razzle Dazzle 4pk,766427003429,1,0.9,1,18,3.92,71.0
Roseville,"Breakthru Beverage Minnesota Wine & Spirits, LLC",Taaka Vodka Liter,088004010133,3,1.8,1,12,6.05,73.0
Roseville,"Breakthru Beverage Minnesota Wine & Spirits, LLC",Fireball Whisky 750ml,088004144692,14,1.8,2,24,9.0,216.0
Roseville,"Breakthru Beverage Minnesota Wine & Spirits, LLC",Taaka Vodka 1.75L,088004010126,3,2.1,1,6,8.78,53.0
Roseville,"Breakthru Beverage Minnesota Wine & Spirits, LLC",Taaka Vodka 750ml,088004011543,9,3.9,1,12,4.5,54.0
Roseville,Johnson Brothers - St. Paul,Lucky One Lemonade Variety 8pk 12oz can,085000040768,0,0.0,1,3,14.0,42.0
Roseville,Johnson Brothers - St. Paul,Pendleton Canadian Whiskey 1.75L,084104115921,0,0.0,1,6,30.37,182.0
Roseville,Johnson Brothers - St. Paul,High Noon Passionfruit 4pk 12oz can,085000432563,0,0.0,1,6,8.29,50.0
Roseville,Johnson Brothers - St. Paul,Johnnie Walker Black 1.75L,088076163171,0,0.0,1,6,49.0,294.0
Roseville,Johnson Brothers - St. Paul,Lagavulin 11yr Sweet Peat 750ml,088076190641,0,0.0,1,6,52.5,315.0
Roseville,Johnson Brothers - St. Paul,Jose Cuervo Auth Strawberry 1.75L,811538011037,0,0.0,1,6,6.12,37.0
Roseville,Johnson Brothers - St. Paul,1800 Ultimate Margarita Original 1.75L,811538019156,0,0.0,1,6,12.92,78.0
Roseville,Johnson Brothers - St. Paul,E&J VSOP Brandy 1.75L,085000003930,0,0.0,1,6,19.22,115.0
Roseville,Johnson Brothers - St. Paul,High Noon Lemon 4pk 12oz can,085000434260,0,0.0,1,6,8.45,51.0
Roseville,Johnson Brothers - St. Paul,Buchanans 12 Yr Scotch 750ml,088110955328,0,0.0,1,12,26.87,322.0
Roseville,Johnson Brothers - St. Paul,Tin Cup Whiskey 750ml,811538011877,0,0.0,1,12,23.11,277.0
Roseville,Johnson Brothers - St. Paul,Smirnoff Pink Lemonade 50ml,08267807,0,0.0,1,120,0.66,79.0
Roseville,Johnson Brothers - St. Paul,Gray Duck 1.75L,860199002618,1,0.2,3,18,16.0,288.0
Roseville,Johnson Brothers - St. Paul,Tip Top Bees Knees 100ml,850003799193,2,0.2,2,48,3.5,168.0
Roseville,Johnson Brothers - St. Paul,Smirnoff Blue Raspberry Lemonade 50ml,08269504,3,0.2,1,120,0.66,79.0
Roseville,Johnson Brothers - St. Paul,Hennessy VS Cognac Liter,088110150563,1,0.5,1,12,40.23,483.0
Roseville,Johnson Brothers - St. Paul,Kinky Pink 50ml,084279985978,5,0.8,1,120,0.62,75.0
Roseville,Johnson Brothers - St. Paul,E&J Brandy 1.75L,08541509,1,0.9,1,6,17.67,106.0
Roseville,Johnson Brothers - St. Paul,Lalo Tequila Blanco 750ml,811041030013,1,0.9,1,6,32.25,194.0
Roseville,Johnson Brothers - St. Paul,1800 Silver Tequila 1.75L,811538010153,1,0.9,1,6,31.5,189.0
Roseville,Johnson Brothers - St. Paul,Tip Top Negroni 100ml,850003799025,2,1.2,1,24,2.86,69.0
Roseville,Johnson Brothers - St. Paul,Rondiaz Silver Rum 1.75L,084279902715,1,1.4,1,6,15.28,92.0
Roseville,Johnson Brothers - St. Paul,Casamigos Blanco 750ml,083089450003,3,1.4,1,6,19.22,115.0
Roseville,Johnson Brothers - St. Paul,High Noon Pineapple 24oz can,085000034484,3,1.4,1,12,4.5,54.0
Roseville,Johnson Brothers - St. Paul,Smirnoff Vodka 1.75L,082000727606,10,1.5,3,18,14.61,263.0
Roseville,Johnson Brothers - St. Paul,Jose Cuervo Golden Margarita 1.75L,082000730361,2,1.7,1,6,13.02,78.0
Roseville,Johnson Brothers - St. Paul,New Amsterdam Pink Whitney 375ml,085000032541,4,1.7,1,24,4.67,112.0
Roseville,Johnson Brothers - St. Paul,Casamigos Anejo Tequila 50ml,856724006039,4,1.7,1,60,3.84,230.0
Roseville,Johnson Brothers - St. Paul,Kinky Red 50ml,084279998343,20,1.9,1,120,0.4,48.0
Roseville,Johnson Brothers - St. Paul,Karkov Vodka 375ml,084279184265,6,2.0,1,24,3.58,86.0
Roseville,Johnson Brothers - St. Paul,Four Roses Small Batch 750ml,040063400317,2,2.1,1,6,23.8,143.0
Roseville,Johnson Brothers - St. Paul,Jose Cuervo Silver Tequila 1.75L,082000743750,2,2.1,1,6,15.09,91.0
Roseville,Johnson Brothers - St. Paul,High Noon Watermelon 4pk 12oz can,085000429259,2,2.1,1,6,8.65,52.0
Roseville,Johnson Brothers - St. Paul,Gray Whale Gin 750ml,861602000412,3,2.1,1,6,10.07,60.0
Roseville,Johnson Brothers - St. Paul,Il Tramonto Lemoncello 750ml,084279979472,4,2.1,1,6,11.88,71.0
Roseville,Johnson Brothers - St. Paul,Johnnie Walker Red 1.75L,088076163164,4,2.1,1,6,29.73,178.0
Roseville,Johnson Brothers - St. Paul,Four Roses Bourbon 1.75L,040063400430,7,2.1,2,12,27.55,331.0
Roseville,Johnson Brothers - St. Paul,George Dickel Rye 750ml,082000759454,1,2.1,1,12,19.01,228.0
Roseville,Johnson Brothers - St. Paul,Johnnie Walker Black 750ml,088110011307,1,2.1,1,12,24.97,300.0
Roseville,Johnson Brothers - St. Paul,Smirnoff Vodka Traveler,08295004,20,2.3,2,24,7.96,191.0
Roseville,Johnson Brothers - St. Paul,Gordons Gin 1.75L,08860032,4,2.4,1,6,15.87,95.0
Roseville,Johnson Brothers - St. Paul,Hennessy VS Cognac 375ml,088110150624,10,2.4,1,12,14.17,170.0
Roseville,Johnson Brothers - St. Paul,New Amsterdam Vodka 375ml,085000031810,9,2.4,1,24,4.28,103.0
Roseville,Johnson Brothers - St. Paul,New Amsterdam Pink Whitney 50ml,08567507,165,2.4,1,120,0.67,80.0
Roseville,Johnson Brothers - St. Paul,Jose Cuervo Gold Tequila 750ml,811538010832,7,2.5,1,12,13.2,158.0
Roseville,Johnson Brothers - St. Paul,High Noon Iced Tea Variety Pack 8pk 12oz can,085000038963,3,2.6,1,3,16.59,50.0
Roseville,Johnson Brothers - St. Paul,High Noon Variety Pack 8pk 12oz can,085000031513,14,2.6,3,9,16.5,149.0
Roseville,Johnson Brothers - St. Paul,Maestro Dobel Diamante 750ml,811538012034,2,2.9,1,6,32.91,197.0
Roseville,Johnson Brothers - St. Paul,Jose Cuervo Gold Tequila 1.75L,811538010764,4,2.9,1,6,5.64,34.0
Roseville,Johnson Brothers - St. Paul,E&J Brandy Liter,08541800,2,2.9,1,12,10.57,127.0
Roseville,Johnson Brothers - St. Paul,Karkov Vodka 1.75L,084279184227,25,3.0,2,12,5.05,61.0
Roseville,Johnson Brothers - St. Paul,New Amsterdam Raspberry 1.75L,085000026175,5,3.1,1,6,15.3,92.0
Roseville,Johnson Brothers - St. Paul,E&J VSOP Brandy 375ml,085000003831,10,3.1,1,24,5.33,128.0
Roseville,Johnson Brothers - St. Paul,New Amsterdam Gin 1.75L,085000014301,3,3.2,1,6,16.61,100.0
Roseville,Johnson Brothers - St. Paul,Jose Cuervo Silver Tequila Liter,811538010825,9,3.2,1,12,11.74,141.0
Roseville,Johnson Brothers - St. Paul,Smirnoff Kissed Caramel Vodka 50ml,08233703,68,3.2,1,120,0.66,79.0
Roseville,Johnson Brothers - St. Paul,New Amsterdam Vodka 50ml,08588005,197,3.4,1,120,0.67,80.0
Roseville,Johnson Brothers - St. Paul,1800 Silver Tequila 750ml,811538010139,5,3.6,1,12,10.18,122.0
Roseville,Johnson Brothers - St. Paul,Smirnoff Blueberry Vodka 50ml,08215008,45,3.6,1,120,0.66,79.0
Roseville,Johnson Brothers - St. Paul,New Amsterdam Pink Whitney 750ml,085000029626,6,3.7,1,12,9.0,108.0
Roseville,Johnson Brothers - St. Paul,1800 Tequila Reposado 200ml,811538010108,6,3.7,1,24,4.94,119.0
Roseville,Johnson Brothers - St. Paul,Four Roses Small Batch Bourbon 50ml,040232498282,54,3.9,1,60,2.26,136.0
Roseville,Libation Project,King's County Straight Bourbon 750ml,853396007180,1,2.1,1,6,52.67,316.0
Roseville,Libation Project,Dolin Dry Vermouth 750ml,3274510003791,2,2.1,1,12,12.39,149.0
Roseville,Libation Project,Dolin Rouge Vermouth 750ml,3274510003814,5,3.6,1,12,12.58,151.0
Roseville,"Maverick Beverage Co., LLC - MN",Tapatio Blanco 750ml,701192030041,3,2.1,1,12,29.58,355.0
Roseville,"New France Wine Co, Inc",Springbank 5 Year Single Malt 700ml,610854010959,0,0.0,1,6,62.0,372.0
Roseville,"New France Wine Co, Inc",Hazelburn 7 Year Oloroso Scotch 700ml,610854011116,0,0.0,1,6,135.33,812.0
Roseville,"New France Wine Co, Inc",Three Fingers High Whiskey 750ml,819588011786,0,0.0,1,6,32.66,196.0
Roseville,"New France Wine Co, Inc",Jeppson's Malort 750ml,021037010190,0,0.0,1,12,19.0,228.0
Roseville,Phillips Wine & Spirits - St. Paul,BuzzBallz Biggie Berry Cherry Limeade 1.75L,851091006347,0,0.0,1,3,15.0,45.0
Roseville,Phillips Wine & Spirits - St. Paul,Keeper's Heart Irish/Bourbon 700ml,850030494108,0,0.0,1,6,26.25,158.0
Roseville,Phillips Wine & Spirits - St. Paul,Keeper's Heart Old Fashioned  750ml,850030494436,0,0.0,1,6,21.42,129.0
Roseville,Phillips Wine & Spirits - St. Paul,Vikre Boreal Spruce Gin 750ml,862367000013,0,0.0,1,6,22.5,135.0
Roseville,Phillips Wine & Spirits - St. Paul,Bailey's Irish Cream 1.75L,086767210029,0,0.0,1,6,35.37,212.0
Roseville,Phillips Wine & Spirits - St. Paul,Phillips Hot 100 Cinnamon Traveler,087116013025,0,0.0,1,12,11.39,137.0
Roseville,Phillips Wine & Spirits - St. Paul,Crown Royal Chocolate 750ml,082000811053,0,0.0,1,12,14.43,173.0
Roseville,Phillips Wine & Spirits - St. Paul,Phillips Amaretto Liter,087116048249,0,0.0,1,12,9.39,113.0
Roseville,Phillips Wine & Spirits - St. Paul,Ketel One Espresso Martini 750ml,088076188679,0,0.0,1,12,17.17,206.0
Roseville,Phillips Wine & Spirits - St. Paul,Crown Royal Blackberry 750ml,082000789550,0,0.0,1,12,17.68,212.0
Roseville,Phillips Wine & Spirits - St. Paul,Phillips Vodka 1.75L,087116018099,2,0.3,5,30,10.5,315.0
Roseville,Phillips Wine & Spirits - St. Paul,Phillips Vodka Traveler,087116011267,2,0.3,2,24,5.53,133.0
Roseville,Phillips Wine & Spirits - St. Paul,Ketel One Vodka 750ml,085156515417,1,0.4,1,12,15.05,181.0
Roseville,Phillips Wine & Spirits - St. Paul,Fireball Whisky 100ml,088004009373,12,0.5,2,96,1.19,114.0
Roseville,Phillips Wine & Spirits - St. Paul,2 Gingers 50ml,080686294030,33,1.1,1,96,0.67,64.0
Roseville,Phillips Wine & Spirits - St. Paul,Buzzballz Chiller Pink Lemonsqueezy 187ml,088004076573,5,1.2,1,24,1.35,33.0
Roseville,Phillips Wine & Spirits - St. Paul,Cathead Old Soul Bourbon 750ml,851484003243,1,1.4,1,6,29.76,179.0
Roseville,Phillips Wine & Spirits - St. Paul,Bulleit Bourbon Liter,087000005549,3,1.4,1,12,23.33,280.0
Roseville,Phillips Wine & Spirits - St. Paul,Crown Royal Vanilla 750ml,082000776598,2,1.7,1,12,19.81,238.0
Roseville,Phillips Wine & Spirits - St. Paul,Buzzballz Grape Gone Wild Vikings 187ml,855200005528,396,1.7,23,552,0.07,37.0
Roseville,Phillips Wine & Spirits - St. Paul,Prairie Organic Vodka 1.75L,087116019102,2,2.1,1,6,5.23,31.0
Roseville,Phillips Wine & Spirits - St. Paul,Crown Royal Canadian Liter,087000007246,4,2.4,1,12,26.31,316.0
Roseville,Phillips Wine & Spirits - St. Paul,Crown Royal Regal Apple 50ml,08245805,20,2.4,1,60,1.24,75.0
Roseville,Phillips Wine & Spirits - St. Paul,BuzzBallz Berry Cherry Limeade 187ml,857674007985,19,2.5,1,24,1.31,31.0
Roseville,Phillips Wine & Spirits - St. Paul,Bulleit Bourbon 1.75L,087000004047,3,3.2,1,6,38.0,228.0
Roseville,Phillips Wine & Spirits - St. Paul,Vikre Boreal Juniper Gin 750ml,862367000006,6,3.2,1,6,22.5,135.0
Roseville,Phillips Wine & Spirits - St. Paul,Bulleit Old Fashioned 375ml,082000798330,3,3.2,1,12,9.0,108.0
Roseville,Phillips Wine & Spirits - St. Paul,Captain Morgan Spiced Rum Traveler,08719300,4,3.4,1,12,10.83,130.0
Roseville,Phillips Wine & Spirits - St. Paul,Windsor Canadian 1.75L,080686500124,22,3.5,1,6,26.58,159.0
Roseville,Phillips Wine & Spirits - St. Paul,Captain Morgan Spiced Rum 1.75L,082000759102,20,3.6,1,6,19.64,118.0
Roseville,Southern Glazer's Wine & Spirits of MN,Evan Williams 1783 Liter,096749141227,-1,-0.9,1,12,18.33,220.0
Roseville,Southern Glazer's Wine & Spirits of MN,Mi Campo Blanco Tequila 1.75L,086003272118,0,0.0,1,3,31.67,95.0
Roseville,Southern Glazer's Wine & Spirits of MN,Olmeca Altos Lime Margarita 750ml,080432000212,0,0.0,1,6,11.24,67.0
Roseville,Southern Glazer's Wine & Spirits of MN,Seagrams Lime Gin 1.75L,080432401644,0,0.0,1,6,15.38,92.0
Roseville,Southern Glazer's Wine & Spirits of MN,Knob Creek Bourbon Blenders Edition 106pf 750ml,080686014256,0,0.0,1,6,33.74,202.0
Roseville,Southern Glazer's Wine & Spirits of MN,Maker's Mark 46 Bourbon 750ml,085246500101,0,0.0,1,6,26.32,158.0
Roseville,Southern Glazer's Wine & Spirits of MN,Luxardo Espresso Decaf Liqueur 750ml,087229000264,0,0.0,1,6,0.0,0.0
Roseville,Southern Glazer's Wine & Spirits of MN,De Soi Haute Margarita Sparkling Apertif N/A 4pk 8oz can,850042868935,0,0.0,1,6,10.75,64.0
Roseville,Southern Glazer's Wine & Spirits of MN,Canadian Club 1.75L,080686821120,0,0.0,1,6,16.08,97.0
Roseville,Southern Glazer's Wine & Spirits of MN,Sauza Hornitos Plata Tequila 1.75L,080686835349,0,0.0,1,6,28.92,174.0
Roseville,Southern Glazer's Wine & Spirits of MN,Suntory Whiskey Toki 750ml,080686957010,0,0.0,1,6,24.52,147.0
Roseville,Southern Glazer's Wine & Spirits of MN,WhistlePig 10 Year 750ml,793573797940,0,0.0,1,6,62.96,378.0
Roseville,Southern Glazer's Wine & Spirits of MN,Tequila Ocho Tequila Reposado 750ml,898627001315,0,0.0,1,6,46.24,277.0
Roseville,Southern Glazer's Wine & Spirits of MN,D'usse Cognac VSOP 750ml,080480002923,0,0.0,1,6,29.21,175.0
Roseville,Southern Glazer's Wine & Spirits of MN,Grey Goose Vodka Liter,080480280017,0,0.0,1,6,20.33,122.0
Roseville,Southern Glazer's Wine & Spirits of MN,Elijah Craig BBN Small Batch 94 1.75L,096749000074,0,0.0,1,6,34.88,209.0
Roseville,Southern Glazer's Wine & Spirits of MN,Evan Williams 100 Proof 1.75L,096749021178,0,0.0,1,6,21.87,131.0
Roseville,Southern Glazer's Wine & Spirits of MN,Espolon Tequila Reposado 1.75L,664804001368,0,0.0,1,6,49.54,297.0
Roseville,Southern Glazer's Wine & Spirits of MN,Beefeater Gin 1.75L,089540333472,0,0.0,2,12,22.59,271.0
Roseville,Southern Glazer's Wine & Spirits of MN,Blackheart Spiced Rum 1.75L,096749011650,0,0.0,2,12,14.88,179.0
Roseville,Southern Glazer's Wine & Spirits of MN,Jim Beam Bourbon 1.75L,080686001102,0,0.0,5,30,23.73,712.0
Roseville,Southern Glazer's Wine & Spirits of MN,Jameson Caskmates IPA 750ml,080432112199,0,0.0,1,12,24.35,292.0
Roseville,Southern Glazer's Wine & Spirits of MN,Glenlivet Old Fashioned 375ml,080432117798,0,0.0,1,12,10.05,121.0
Roseville,Southern Glazer's Wine & Spirits of MN,Seagrams Extra Dry Gin Traveler,080432401248,0,0.0,1,12,7.8,94.0
Roseville,Southern Glazer's Wine & Spirits of MN,Bacardi Tropical Rum Liter,080480987176,0,0.0,1,12,11.95,143.0
Roseville,Southern Glazer's Wine & Spirits of MN,Jim Beam Red Stag Black Cherry 750ml,080686001027,0,0.0,1,12,7.69,92.0
Roseville,Southern Glazer's Wine & Spirits of MN,Suntory -196 Vodka Lemon 24oz can,080686011651,0,0.0,1,12,1.85,22.0
Roseville,Southern Glazer's Wine & Spirits of MN,Absolut Lime Vodka Liter,835229010284,0,0.0,1,12,19.45,233.0
Roseville,Southern Glazer's Wine & Spirits of MN,Castillo Silver Rum Liter,080480065300,0,0.0,1,12,7.54,91.0
Roseville,Southern Glazer's Wine & Spirits of MN,Bombay Sapphire Gin Liter,080480301019,0,0.0,1,12,20.87,250.0
Roseville,Southern Glazer's Wine & Spirits of MN,Slow & Low Rock & Rye 100ml,898804009066,0,0.0,1,24,3.3,79.0
Roseville,Southern Glazer's Wine & Spirits of MN,Jagermeister 200ml,083089660402,0,0.0,1,48,4.84,232.0
Roseville,Southern Glazer's Wine & Spirits of MN,Maker's Mark Bourbon 1.75L,085246139417,2,0.3,4,24,40.45,971.0
Roseville,Southern Glazer's Wine & Spirits of MN,Knob Creek Bourbon 750ml,080686016762,1,0.4,2,12,25.26,303.0
Roseville,Southern Glazer's Wine & Spirits of MN,Christian Brothers Brandy 1.75L,086036815474,1,0.5,2,12,14.78,177.0
Roseville,Southern Glazer's Wine & Spirits of MN,Bacardi Superior Light Rum Liter,080480015305,1,0.5,1,12,11.95,143.0
Roseville,Southern Glazer's Wine & Spirits of MN,Knob Creek Bourbon 1.75L,080686016946,1,0.7,1,6,45.0,270.0
Roseville,Southern Glazer's Wine & Spirits of MN,On The Rocks Mule 4pk 12oz can,080686009481,1,0.9,1,6,8.24,49.0
Roseville,Southern Glazer's Wine & Spirits of MN,On The Rocks Lime Margarita 4pk 12oz can,080686009498,1,0.9,1,6,8.24,49.0
Roseville,Southern Glazer's Wine & Spirits of MN,Lunazul Reposado Tequila Liter,096749908011,21,0.9,6,72,15.31,1103.0
Roseville,Southern Glazer's Wine & Spirits of MN,Suntory Roku Gin 750ml,080686958031,2,1.0,2,12,19.93,239.0
Roseville,Southern Glazer's Wine & Spirits of MN,Evan Williams Bourbon 1.75L,096749021147,4,1.0,3,18,17.39,313.0
Roseville,Southern Glazer's Wine & Spirits of MN,Jim Beam Bourbon Traveler,080686001430,2,1.0,1,12,12.49,150.0
Roseville,Southern Glazer's Wine & Spirits of MN,Jim Beam Black 7yr 1.75L,080686007777,1,1.1,1,6,29.41,176.0
Roseville,Southern Glazer's Wine & Spirits of MN,Dekuyper Triple Sec 750ml,08068636408,1,1.1,1,12,5.62,67.0
Roseville,Southern Glazer's Wine & Spirits of MN,99 Lemon Lime Schnapps 50ml,088004039677,10,1.3,1,120,0.6,72.0
Roseville,Southern Glazer's Wine & Spirits of MN,Teeling Small Batch 750ml,720815280038,1,1.4,1,6,22.36,134.0
Roseville,Southern Glazer's Wine & Spirits of MN,Patron Silver Tequila 100pf 750ml,721733006885,1,1.4,1,6,31.81,191.0
Roseville,Southern Glazer's Wine & Spirits of MN,Mi Campo Blanco 750ml,086003272033,1,1.4,1,12,15.5,186.0
Roseville,Southern Glazer's Wine & Spirits of MN,Burnett's Vodka 1.75L,096749200313,6,1.6,2,12,10.13,122.0
Roseville,Southern Glazer's Wine & Spirits of MN,Patron Silver Tequila 750ml,721733000029,7,2.0,1,12,119.28,1431.0
Roseville,Southern Glazer's Wine & Spirits of MN,Svedka Vodka 375ml,617768113752,13,2.0,1,24,3.23,78.0
Roseville,Southern Glazer's Wine & Spirits of MN,Knob Creek Bourbon 12 Year Cask Strength 750ml,080686014140,2,2.1,1,6,68.73,412.0
Roseville,Southern Glazer's Wine & Spirits of MN,99 Schnapps Party Bucket,088004034221,2,2.1,1,6,13.2,79.0
Roseville,Southern Glazer's Wine & Spirits of MN,High West Double Rye 750ml,854396005008,3,2.1,1,6,22.57,135.0
Roseville,Southern Glazer's Wine & Spirits of MN,Hochstadter's Rock and Rye Slow & Low 750ml,898804009004,3,2.1,1,6,18.11,109.0
Roseville,Southern Glazer's Wine & Spirits of MN,Jim Beam Vanilla 750ml,080686006855,1,2.1,1,12,12.52,150.0
Roseville,Southern Glazer's Wine & Spirits of MN,Henry McKenna Bourbon 750ml,096749002245,1,2.1,1,12,9.4,113.0
Roseville,Southern Glazer's Wine & Spirits of MN,Truly Wild Berry Vodka 375ml,080686896050,1,2.1,1,24,6.74,162.0
Roseville,Southern Glazer's Wine & Spirits of MN,99 Strawberries Schnapps 50ml,088004039653,53,2.3,1,120,0.6,72.0
Roseville,Southern Glazer's Wine & Spirits of MN,99 Bananas 50ml,080660620992,78,2.3,1,120,0.6,72.0
Roseville,Southern Glazer's Wine & Spirits of MN,Bacardi Gold 1.75L,080480025205,4,2.4,1,6,17.16,103.0
Roseville,Southern Glazer's Wine & Spirits of MN,Mi Campo Reposado 750ml,086003272019,5,2.4,1,12,10.06,121.0
Roseville,Southern Glazer's Wine & Spirits of MN,Svedka Vodka Traveler,617768121757,13,2.4,1,12,7.37,88.0
Roseville,Southern Glazer's Wine & Spirits of MN,Jameson Irish Whiskey Liter,080432500118,17,2.4,1,12,26.9,323.0
Roseville,Southern Glazer's Wine & Spirits of MN,99 Apples 50ml,089000118397,127,2.4,1,120,0.6,72.0
Roseville,Southern Glazer's Wine & Spirits of MN,Bombay Sapphire Gin 750ml,080480301026,3,2.6,1,12,17.58,211.0
Roseville,Southern Glazer's Wine & Spirits of MN,Grand Marnier Liqueur 750ml,649188900476,3,2.6,1,12,24.88,299.0
Roseville,Southern Glazer's Wine & Spirits of MN,Bombay Gin 1.75L,080480300005,2,2.9,1,6,22.22,133.0
Roseville,Southern Glazer's Wine & Spirits of MN,Jim Beam Black 7yr 1L,080686007753,2,2.9,1,12,19.16,230.0
Roseville,Southern Glazer's Wine & Spirits of MN,On the Rocks Old Fashioned 375ml,855880008024,5,3.1,1,12,8.6,103.0
Roseville,Southern Glazer's Wine & Spirits of MN,On The Rocks Variety Pack 8pk 12oz can,080686012580,3,3.2,1,3,16.48,49.0
Roseville,Southern Glazer's Wine & Spirits of MN,Redwood Empire Pipe Dream Bourbon 750ml,851718000710,3,3.2,1,6,27.75,166.0
Roseville,Southern Glazer's Wine & Spirits of MN,99 Coconuts 50ml,089000993154,31,3.2,1,120,0.6,72.0
Roseville,Southern Glazer's Wine & Spirits of MN,Grey Goose Vodka 1.75L,080480280000,4,3.4,1,6,35.99,216.0
Roseville,Southern Glazer's Wine & Spirits of MN,Malibu Rum Liter,089540448978,4,3.4,1,12,13.86,166.0
Roseville,Southern Glazer's Wine & Spirits of MN,On the Rocks Margarita 750ml,080686897170,5,3.6,1,6,15.07,90.0
Roseville,Southern Glazer's Wine & Spirits of MN,Fleischmanns Vodka 1.75L,082928214318,5,3.6,1,6,9.11,55.0
Roseville,Southern Glazer's Wine & Spirits of MN,Lunazul Anejo 750ml,096749908585,5,3.6,1,6,13.49,81.0
Roseville,Southern Glazer's Wine & Spirits of MN,Absolut Vodka 375ml,835229000209,7,3.8,1,24,8.45,203.0
Roseville,The Wine Company,Dampfwerk Orange Liqueur 375ml,852064007323,-1,-1.4,1,12,13.46,162.0
Roseville,The Wine Company,Mars Iwai 45 Whisky 750ml,4976881521247,0,0.0,1,12,25.52,306.0
Roseville,The Wine Company,Dampfwerk Aged Apple Brandy 375ml,852064007088,0,0.0,1,12,21.91,263.0
Roseville,"Tradition Wine & Spirits, LLC",Apologue Celery Root Liqueur 750ml,023165013340,0,0.0,1,6,24.77,149.0
Roseville,"Tradition Wine & Spirits, LLC",Apaluz Mezcal 750ml,7503005292003,2,1.4,1,12,20.74,249.0
Roseville,"Vinocopia, Inc",45th Parallel Border Straight Bourbon 750ml,895412001079,0,0.0,1,6,32.51,195.0
Roseville,"Vinocopia, Inc",Post Meridiem White Russian 100ml RTD,858173008572,0,0.0,1,24,2.92,70.0
Roseville,"Vinocopia, Inc",Post Meridiem Old Fashioned 100ml RTD,858173008015,2,0.8,1,24,2.32,56.0
Roseville,"Vinocopia, Inc",Brady's Irish Cream 750ml,663881000790,1,2.1,1,12,9.22,111.0
Roseville,,Buzzballz Grape Gone Wild Vikings 24pk 187ml Case,20855200005522,0,0.0,5,5,1.63,8.0
St. Louis Park,Am Craft Spirits,Prohibition Sugar Free Simple Syrup 16 oz.,700073002023,1,1.1,1,12,4.0,48.0
St. Louis Park,Bellboy Corporation,Copper & Cask 9yr Double Oak Bourbon 750ml,810204641172,0,0.0,1,6,39.67,238.0
St. Louis Park,Bellboy Corporation,Sazerac Rye 750ml,088004139940,0,0.0,1,6,20.98,126.0
St. Louis Park,Bellboy Corporation,Wheel Horse Barrel Master Rye Batch #1 750ml,810204640236,0,0.0,1,6,22.67,136.0
St. Louis Park,Bellboy Corporation,Ciroc Peach Vodka 750ml,088076177406,0,0.0,1,12,21.52,258.0
St. Louis Park,Bellboy Corporation,American Frontier Vodka 750ml,810735016227,0,0.0,5,60,3.5,210.0
St. Louis Park,Bellboy Corporation,Belvedere Vodka Organic 750ml,081753837822,1,0.7,1,6,23.66,142.0
St. Louis Park,Bellboy Corporation,The Botanist Islay Gin 750ml,087236700362,2,0.9,2,12,26.67,320.0
St. Louis Park,Bellboy Corporation,Don Julio Blanco 375ml,674545000599,1,0.9,1,12,16.97,204.0
St. Louis Park,Bellboy Corporation,Jose Cuervo Gold Tequila 50ml,08256801,6,1.0,1,120,1.27,153.0
St. Louis Park,Bellboy Corporation,Copper & Cask 8yr Rum Finish Rye Whiskey 750ml,810204641189,1,1.1,1,6,39.67,238.0
St. Louis Park,Bellboy Corporation,Ketel One Vodka 1.75L,085156803682,21,1.1,9,54,26.1,1409.0
St. Louis Park,Bellboy Corporation,Espolon Blanco Tequila 750ml,721059707503,19,2.0,2,24,20.6,494.0
St. Louis Park,Bellboy Corporation,Zarpado Anejo 750ml,810879027141,1,2.1,1,6,22.56,135.0
St. Louis Park,Bellboy Corporation,Espolon Reposado Tequila 750ml,721059707510,7,2.5,1,12,22.5,270.0
St. Louis Park,Bellboy Corporation,Captain Morgan Private Stock Liter,087000202078,3,2.6,1,12,23.92,287.0
St. Louis Park,Bellboy Corporation,Loonman Gin 750ml,787790208945,2,2.9,1,6,18.5,111.0
St. Louis Park,Bellboy Corporation,Disaronno Amaretto 750ml,050037014501,4,3.4,1,12,21.0,252.0
St. Louis Park,"Breakthru Beverage Minnesota Wine & Spirits, LLC",Twisted Shotz Party Pack Red,766427005355,0,0.0,1,6,14.02,84.0
St. Louis Park,"Breakthru Beverage Minnesota Wine & Spirits, LLC",Hendrick's Gin 1.75L,083664869756,0,0.0,1,6,44.98,270.0
St. Louis Park,"Breakthru Beverage Minnesota Wine & Spirits, LLC",Hendrick's Gin 750ml,083664990436,1,0.3,3,18,24.59,443.0
St. Louis Park,"Breakthru Beverage Minnesota Wine & Spirits, LLC",Milagro Reposado Tequila 750ml,083664868940,4,0.6,4,24,17.81,427.0
St. Louis Park,"Breakthru Beverage Minnesota Wine & Spirits, LLC",Traveller Whiskey 750ml,088004060060,3,0.8,1,12,26.25,315.0
St. Louis Park,"Breakthru Beverage Minnesota Wine & Spirits, LLC",Glenfiddich 14Yr Single Malt 750ml,083664873463,1,0.9,1,6,40.47,243.0
St. Louis Park,"Breakthru Beverage Minnesota Wine & Spirits, LLC",Fireball Party Bucket,088004029296,1,0.9,1,6,11.84,71.0
St. Louis Park,"Breakthru Beverage Minnesota Wine & Spirits, LLC",Fireball Blazin' Apple 750ml,088004069148,1,0.9,1,12,8.71,104.0
St. Louis Park,"Breakthru Beverage Minnesota Wine & Spirits, LLC",Macallan Double Cask 12yr 750ml,812066021598,1,1.4,1,12,63.75,765.0
St. Louis Park,"Breakthru Beverage Minnesota Wine & Spirits, LLC",Seagrams Extra Smooth Vodka 1.75L,720815988347,2,1.7,1,6,12.82,77.0
St. Louis Park,"Breakthru Beverage Minnesota Wine & Spirits, LLC",Twisted Shotz Razzle Dazzle 4pk,766427003429,2,1.7,1,18,3.92,71.0
St. Louis Park,"Breakthru Beverage Minnesota Wine & Spirits, LLC",Fireball Whisky 750ml,088004144692,11,2.8,1,12,9.0,108.0
St. Louis Park,"Breakthru Beverage Minnesota Wine & Spirits, LLC",Taaka Vodka 1.75L,088004010126,3,3.2,1,6,8.78,53.0
St. Louis Park,"Breakthru Beverage Minnesota Wine & Spirits, LLC",Taaka Vodka 750ml,088004011543,6,3.2,1,12,4.5,54.0
St. Louis Park,"Breakthru Beverage Minnesota Wine & Spirits, LLC",Fireball Whisky 1.75L,088004009281,7,3.3,1,6,17.67,106.0
St. Louis Park,"Grape Beginnings, Inc.",G4 Tequila Blanco 750ml,7503018079004,0,0.0,1,6,35.0,210.0
St. Louis Park,"Grape Beginnings, Inc.",J. Henry Cask Strength Bourbon 750ml,865857000371,3,1.4,1,6,47.21,283.0
St. Louis Park,"Grape Beginnings, Inc.",J. Henry Small Batch Bourbon 750ml,865857000388,3,2.6,1,6,37.0,222.0
St. Louis Park,Johnson Brothers - St. Paul,Jose Cuervo Auth Watermelon 1.75L,082000754909,0,0.0,1,6,13.08,78.0
St. Louis Park,Johnson Brothers - St. Paul,Johnnie Walker Red 1.75L,088076163164,0,0.0,1,6,29.73,178.0
St. Louis Park,Johnson Brothers - St. Paul,Jose Cuervo Tradicional Gold 1.75L,811538011396,0,0.0,1,6,24.9,149.0
St. Louis Park,Johnson Brothers - St. Paul,Camarena Anejo Tequila 750ml,085000026915,0,0.0,1,6,21.6,130.0
St. Louis Park,Johnson Brothers - St. Paul,Rondiaz Silver Rum 1.75L,084279902715,0,0.0,2,12,15.28,183.0
St. Louis Park,Johnson Brothers - St. Paul,1800 Silver Tequila 1.75L,811538010153,0,0.0,2,12,31.5,378.0
St. Louis Park,Johnson Brothers - St. Paul,High Noon Lime 4pk 12oz can,085000430958,0,0.0,3,18,8.7,157.0
St. Louis Park,Johnson Brothers - St. Paul,Cragganmore 12 Yr 750ml,088110090050,0,0.0,1,12,49.46,594.0
St. Louis Park,Johnson Brothers - St. Paul,Herradura Silver Tequila 375ml,744607010603,0,0.0,1,12,14.84,178.0
St. Louis Park,Johnson Brothers - St. Paul,1800 Blanco Tequila High Proof 375ml,818844029671,0,0.0,1,12,11.89,143.0
St. Louis Park,Johnson Brothers - St. Paul,Gran Centenario Reposado Tequila 375ml,818844022344,0,0.0,1,12,0.0,0.0
St. Louis Park,Johnson Brothers - St. Paul,1800 Reposado High Proof 375ml,818844029367,0,0.0,1,12,12.59,151.0
St. Louis Park,Johnson Brothers - St. Paul,1800 Silver Tequila 375ml,811538010122,0,0.0,1,12,10.97,132.0
St. Louis Park,Johnson Brothers - St. Paul,Smirnoff Green Apple Vodka Liter,082000001027,0,0.0,2,24,10.71,257.0
St. Louis Park,Johnson Brothers - St. Paul,1800 Tequila Reposado 200ml,811538010108,0,0.0,1,24,4.94,119.0
St. Louis Park,Johnson Brothers - St. Paul,Jose Cuervo Silver Tequila 1.75L,082000743750,1,0.3,3,18,15.09,272.0
St. Louis Park,Johnson Brothers - St. Paul,New Amsterdam Pink Whitney 1.75L,085000031360,1,0.4,2,12,17.33,208.0
St. Louis Park,Johnson Brothers - St. Paul,Gray Duck 1.75L,860199002618,2,0.4,4,24,16.0,384.0
St. Louis Park,Johnson Brothers - St. Paul,Campari Aperitivo 750ml,721059047500,1,0.4,1,12,24.84,298.0
St. Louis Park,Johnson Brothers - St. Paul,E&J Brandy Traveler,085000011126,1,0.5,1,12,9.0,108.0
St. Louis Park,Johnson Brothers - St. Paul,Il Tramonto Lemoncello 750ml,084279979472,1,0.9,1,6,11.88,71.0
St. Louis Park,Johnson Brothers - St. Paul,High Noon Pineapple 4pk 12oz can,085000429266,7,0.9,4,24,8.79,211.0
St. Louis Park,Johnson Brothers - St. Paul,High Noon Peach 4pk 12oz can,085000431375,2,1.0,2,12,8.68,104.0
St. Louis Park,Johnson Brothers - St. Paul,High Noon Lemon 4pk 12oz can,085000434260,2,1.2,1,6,8.45,51.0
St. Louis Park,Johnson Brothers - St. Paul,Pendleton Canadian Whiskey 1.75L,084104115921,1,1.4,1,6,30.37,182.0
St. Louis Park,Johnson Brothers - St. Paul,High Noon Black Cherry 4pk 12oz can,085000429273,3,1.4,1,6,8.87,53.0
St. Louis Park,Johnson Brothers - St. Paul,Bushmills Irish Whiskey 750ml,811538016162,3,1.4,1,12,17.98,216.0
St. Louis Park,Johnson Brothers - St. Paul,Smirnoff Vodka Traveler,08295004,12,1.5,2,24,7.96,191.0
St. Louis Park,Johnson Brothers - St. Paul,Jose Cuervo Silver Tequila 375ml,811538010870,5,1.5,1,24,6.89,165.0
St. Louis Park,Johnson Brothers - St. Paul,Karkov Vodka 1.75L,084279184227,23,1.7,6,36,5.05,182.0
St. Louis Park,Johnson Brothers - St. Paul,New Amsterdam Gin Liter,085000016176,2,1.7,1,12,12.0,144.0
St. Louis Park,Johnson Brothers - St. Paul,Jose Cuervo Gold Tequila Liter,811538010801,4,1.7,1,12,8.7,104.0
St. Louis Park,Johnson Brothers - St. Paul,High Noon Tequila Variety Pack 8pk 12oz can,085000036099,6,1.8,3,9,18.71,168.0
St. Louis Park,Johnson Brothers - St. Paul,Casamigos Blanco 750ml,083089450003,3,1.8,1,6,19.22,115.0
St. Louis Park,Johnson Brothers - St. Paul,Four Roses Bourbon 1.75L,040063400430,5,1.9,1,6,27.55,165.0
St. Louis Park,Johnson Brothers - St. Paul,New Amsterdam Vodka 50ml,08588005,123,1.9,2,240,0.67,160.0
St. Louis Park,Johnson Brothers - St. Paul,High Noon Tequila Fiesta Pack 8pk 12oz can,085000037393,1,2.1,1,3,18.15,54.0
St. Louis Park,Johnson Brothers - St. Paul,Casamigos Reposado Tequila Liter,856724006206,1,2.1,1,6,45.76,275.0
St. Louis Park,Johnson Brothers - St. Paul,Casamigos Blanco Tequila Liter,083089450102,2,2.1,1,6,41.67,250.0
St. Louis Park,Johnson Brothers - St. Paul,Four Roses Small Batch 750ml,040063400317,5,2.1,1,6,23.8,143.0
St. Louis Park,Johnson Brothers - St. Paul,Fireball Whisky 375ml,088004144722,25,2.1,1,24,5.1,123.0
St. Louis Park,Johnson Brothers - St. Paul,Smirnoff Vodka 1.75L,082000727606,17,2.2,3,18,14.61,263.0
St. Louis Park,Johnson Brothers - St. Paul,Aperol Aperitivo 750ml,721059001311,10,2.3,2,12,15.82,190.0
St. Louis Park,Johnson Brothers - St. Paul,Kinky Orange Cream 50ml,084279008578,10,2.3,1,120,0.44,52.0
St. Louis Park,Johnson Brothers - St. Paul,E&J VSOP Brandy Liter,085000003824,4,2.4,1,12,12.75,153.0
St. Louis Park,Johnson Brothers - St. Paul,High Noon Variety Pack 12pk 12oz can,085000029862,38,2.6,10,20,20.98,420.0
St. Louis Park,Johnson Brothers - St. Paul,Lalo Tequila Blanco 750ml,811041030013,3,2.6,1,6,32.25,194.0
St. Louis Park,Johnson Brothers - St. Paul,Fireball Whisky 200ml,088004144739,18,2.6,1,48,2.91,140.0
St. Louis Park,Johnson Brothers - St. Paul,High Noon Grapefruit 4pk 12oz can,085000426272,10,3.1,1,6,8.78,53.0
St. Louis Park,Johnson Brothers - St. Paul,New Amsterdam Pink Whitney 50ml,08567507,207,3.3,1,120,0.67,80.0
St. Louis Park,Johnson Brothers - St. Paul,E&J VSOP Brandy 1.75L,085000003930,4,3.4,1,6,19.22,115.0
St. Louis Park,Johnson Brothers - St. Paul,New Amsterdam Tangerine 50ml,085000006818,208,3.6,1,120,0.67,80.0
St. Louis Park,Johnson Brothers - St. Paul,George Dickel No 12 750ml,088076006232,6,3.7,1,12,18.76,225.0
St. Louis Park,Johnson Brothers - St. Paul,Four Roses Bourbon 750ml,040063400409,11,3.9,1,12,16.5,198.0
St. Louis Park,Libation Project,Revive Carbon Negative Gin 750ml,761371708437,1,2.1,1,6,30.0,180.0
St. Louis Park,Libation Project,Dolin Dry Vermouth 750ml,3274510003791,7,3.8,1,12,12.39,149.0
St. Louis Park,"Maverick Beverage Co., LLC - MN",TLC Vodka 1.75L,850332003398,-1,-0.4,2,12,15.61,187.0
St. Louis Park,"Maverick Beverage Co., LLC - MN",Barrell Craft Seagrass Rye 750ml,736040002796,0,0.0,1,6,63.0,378.0
St. Louis Park,"Maverick Beverage Co., LLC - MN",Libelula Tequila Anejo 750ml,860010474587,2,0.9,1,12,38.0,456.0
St. Louis Park,"Maverick Beverage Co., LLC - MN",Banhez Mezcal 750ml,736040537113,8,2.3,1,6,26.02,156.0
St. Louis Park,"New France Wine Co, Inc",Springbank 12 Year Cask Strength,610854007102,0,0.0,1,6,112.67,676.0
St. Louis Park,"New France Wine Co, Inc",Springbank 5 Year Single Malt 700ml,610854010959,0,0.0,1,6,62.0,372.0
St. Louis Park,"New France Wine Co, Inc",Mijenta Tequila Reposado 750ml,850015899010,1,2.1,1,6,51.0,306.0
St. Louis Park,Phillips Wine & Spirits - St. Paul,Don Julio 1942 Anejo Tequila 1.75L,674545001084,0,0.0,1,4,198.89,796.0
St. Louis Park,Phillips Wine & Spirits - St. Paul,Keeper's Heart American Pot Still 700ml,850030494955,0,0.0,1,6,37.5,225.0
St. Louis Park,Phillips Wine & Spirits - St. Paul,Cantera Negra Extra Anejo 750ml,853278007055,0,0.0,1,6,75.0,450.0
St. Louis Park,Phillips Wine & Spirits - St. Paul,Ketel One Botanical Cucumber and Mint 750ml,085156875009,0,0.0,1,12,14.96,180.0
St. Louis Park,Phillips Wine & Spirits - St. Paul,Buchanan's Pineapple Scotch 750ml,088076187245,0,0.0,1,12,26.8,322.0
St. Louis Park,Phillips Wine & Spirits - St. Paul,Tempus Fugit Alessio Vino Chinato Vermth 375ml,094922423085,0,0.0,1,12,15.0,180.0
St. Louis Park,Phillips Wine & Spirits - St. Paul,Prairie Organic Vodka 750ml,087116019126,0,0.0,1,12,11.51,138.0
St. Louis Park,Phillips Wine & Spirits - St. Paul,Phillips Amaretto Liter,087116048249,0,0.0,1,12,9.39,113.0
St. Louis Park,Phillips Wine & Spirits - St. Paul,Ketel One Vodka 750ml,085156515417,4,1.0,2,24,15.05,361.0
St. Louis Park,Phillips Wine & Spirits - St. Paul,Keeper's Heart Irish/Bourbon 700ml,850030494108,1,1.1,1,6,26.25,158.0
St. Louis Park,Phillips Wine & Spirits - St. Paul,Prairie Organic Vodka 1.75L,087116019102,4,1.4,2,12,5.23,63.0
St. Louis Park,Phillips Wine & Spirits - St. Paul,Captain Morgan Spiced Rum Traveler,08719300,4,1.4,1,12,10.83,130.0
St. Louis Park,Phillips Wine & Spirits - St. Paul,Captain Morgan Spiced Rum 1.75L,082000759102,11,1.5,4,24,19.64,471.0
St. Louis Park,Phillips Wine & Spirits - St. Paul,Seagrams 7 Blended 375ml,08776509,3,1.6,1,12,4.92,59.0
St. Louis Park,Phillips Wine & Spirits - St. Paul,Shanky's Irish Whip 750ml,810035510111,2,1.7,1,6,21.0,126.0
St. Louis Park,Phillips Wine & Spirits - St. Paul,Phillips Peppermint 80pf Liter,087116048645,2,1.7,1,12,9.55,115.0
St. Louis Park,Phillips Wine & Spirits - St. Paul,Bulleit Bourbon 1.75L,087000004047,5,1.9,1,6,38.0,228.0
St. Louis Park,Phillips Wine & Spirits - St. Paul,BuzzBallz Grapes Gone Wild Biggie 1.75L,008510910062,1,2.1,1,3,15.0,45.0
St. Louis Park,Phillips Wine & Spirits - St. Paul,Buzzballz Biggie Pink Lemonsqueezy 1.75L,088004076603,1,2.1,1,3,8.18,25.0
St. Louis Park,Phillips Wine & Spirits - St. Paul,Rumple Minze 750ml,086767520067,1,2.1,1,12,14.82,178.0
St. Louis Park,Phillips Wine & Spirits - St. Paul,Ketel One Espresso Martini 375ml,088076188662,2,2.1,1,12,8.21,99.0
St. Louis Park,Phillips Wine & Spirits - St. Paul,Crown Royal Canadian Liter,087000007246,3,2.1,1,12,26.31,316.0
St. Louis Park,Phillips Wine & Spirits - St. Paul,Phillips Vodka Traveler,087116011267,4,2.1,1,12,5.53,66.0
St. Louis Park,Phillips Wine & Spirits - St. Paul,Fireball Whisky 100ml,088004009373,60,2.5,1,48,1.19,57.0
St. Louis Park,Phillips Wine & Spirits - St. Paul,Keeper's Heart Irish/American Whiskey 700ml,850030494009,3,2.6,1,6,17.79,107.0
St. Louis Park,Phillips Wine & Spirits - St. Paul,Prairie Gin 1.75L,087116000384,2,2.9,1,6,25.68,154.0
St. Louis Park,Phillips Wine & Spirits - St. Paul,Ketel One Espresso Martini 750ml,088076188679,2,2.9,1,12,17.17,206.0
St. Louis Park,Phillips Wine & Spirits - St. Paul,Bulleit Old Fashioned 750ml,082000797319,4,2.9,1,12,17.26,207.0
St. Louis Park,Phillips Wine & Spirits - St. Paul,Ketel One Vodka 50ml,085156404957,12,3.0,1,120,0.68,81.0
St. Louis Park,Phillips Wine & Spirits - St. Paul,BuzzBallz Berry Cherry Limeade 187ml,857674007985,18,3.1,1,24,1.31,31.0
St. Louis Park,Phillips Wine & Spirits - St. Paul,Captain Morgan 100 Proof 1.75L,082000742005,3,3.2,1,6,24.0,144.0
St. Louis Park,Phillips Wine & Spirits - St. Paul,Phillips Vodka 1.75L,087116018099,7,3.3,1,6,10.5,63.0
St. Louis Park,Phillips Wine & Spirits - St. Paul,Windsor Canadian 1.75L,080686500124,12,3.4,1,6,26.58,159.0
St. Louis Park,Southern Glazer's Wine & Spirits of MN,Teeling Small Batch 750ml,720815280038,-2,-1.7,1,6,22.36,134.0
St. Louis Park,Southern Glazer's Wine & Spirits of MN,Jameson Orange 750ml,080432117330,0,0.0,1,6,22.02,132.0
St. Louis Park,Southern Glazer's Wine & Spirits of MN,Aberfeldy 12 Yr Scotch 750ml,080480220006,0,0.0,1,6,32.86,197.0
St. Louis Park,Southern Glazer's Wine & Spirits of MN,On The Rocks Whiskey Sour 750ml,080686011378,0,0.0,1,6,15.07,90.0
St. Louis Park,Southern Glazer's Wine & Spirits of MN,Knob Creek Bourbon Blenders Edition 106pf 750ml,080686014256,0,0.0,1,6,33.74,202.0
St. Louis Park,Southern Glazer's Wine & Spirits of MN,Canadian Club 1.75L,080686821120,0,0.0,1,6,16.08,97.0
St. Louis Park,Southern Glazer's Wine & Spirits of MN,Luxardo Espresso Decaf Liqueur 750ml,087229000264,0,0.0,1,6,0.0,0.0
St. Louis Park,Southern Glazer's Wine & Spirits of MN,Luxardo Espresso Coffee Liqueur 750ml,087229127022,0,0.0,1,6,9.65,58.0
St. Louis Park,Southern Glazer's Wine & Spirits of MN,Bacardi Gold 1.75L,080480025205,0,0.0,1,6,17.16,103.0
St. Louis Park,Southern Glazer's Wine & Spirits of MN,Bombay Gin 1.75L,080480300005,0,0.0,1,6,22.22,133.0
St. Louis Park,Southern Glazer's Wine & Spirits of MN,Elijah Craig BBN Small Batch 94 1.75L,096749000074,0,0.0,1,6,34.88,209.0
St. Louis Park,Southern Glazer's Wine & Spirits of MN,Espolon Tequila Blanco 1.75L,664804001351,0,0.0,1,6,43.49,261.0
St. Louis Park,Southern Glazer's Wine & Spirits of MN,Tequila Ocho Plata Tequila 750ml,898627001308,0,0.0,1,6,0.0,0.0
St. Louis Park,Southern Glazer's Wine & Spirits of MN,Tequila Ocho Tequila Reposado 750ml,898627001315,0,0.0,1,6,46.24,277.0
St. Louis Park,Southern Glazer's Wine & Spirits of MN,Seagrams Lime Gin 1.75L,080432401644,0,0.0,1,6,15.38,92.0
St. Louis Park,Southern Glazer's Wine & Spirits of MN,Knob Creek 12yr Bourbon 750ml,080686016786,0,0.0,1,6,45.0,270.0
St. Louis Park,Southern Glazer's Wine & Spirits of MN,Sauza Hornitos Plata Tequila 1.75L,080686835349,0,0.0,1,6,28.92,174.0
St. Louis Park,Southern Glazer's Wine & Spirits of MN,Evan Williams 100 Proof 1.75L,096749021178,0,0.0,1,6,21.87,131.0
St. Louis Park,Southern Glazer's Wine & Spirits of MN,Sarti Aperitivo Rosa 700ml,887341340138,0,0.0,1,6,17.97,108.0
St. Louis Park,Southern Glazer's Wine & Spirits of MN,Suntory Haku Vodka 750ml,080686958024,0,0.0,2,12,19.81,238.0
St. Louis Park,Southern Glazer's Wine & Spirits of MN,Beefeater Gin 1.75L,089540333472,0,0.0,2,12,22.59,271.0
St. Louis Park,Southern Glazer's Wine & Spirits of MN,Wild Turkey 101 1.75L,721059891752,0,0.0,2,12,33.58,403.0
St. Louis Park,Southern Glazer's Wine & Spirits of MN,Angel's Envy Bourbon 750ml,850047003003,0,0.0,2,12,35.11,421.0
St. Louis Park,Southern Glazer's Wine & Spirits of MN,Seagrams Extra Dry Gin 1.75L,080432401262,0,0.0,3,18,4.99,90.0
St. Louis Park,Southern Glazer's Wine & Spirits of MN,Svedka Vodka 100pf 1.75L,088004071370,0,0.0,4,24,14.62,351.0
St. Louis Park,Southern Glazer's Wine & Spirits of MN,Mi Campo Spicy Margarita 375ml,086003272057,0,0.0,1,12,7.63,92.0
St. Louis Park,Southern Glazer's Wine & Spirits of MN,Jim Beam Apple 750ml,080686006558,0,0.0,1,12,12.49,150.0
St. Louis Park,Southern Glazer's Wine & Spirits of MN,Canadian Club Liter,080686821021,0,0.0,1,12,10.76,129.0
St. Louis Park,Southern Glazer's Wine & Spirits of MN,Grey Goose Vodka 750ml,080480280024,0,0.0,1,12,14.08,169.0
St. Louis Park,Southern Glazer's Wine & Spirits of MN,Bombay Sapphire Gin Liter,080480301019,0,0.0,1,12,20.87,250.0
St. Louis Park,Southern Glazer's Wine & Spirits of MN,Glenlivet Scotch 12 Yr 750ml,080432400630,0,0.0,2,24,34.21,821.0
St. Louis Park,Southern Glazer's Wine & Spirits of MN,Elijah Craig BBN Small Batch 94 750ml,096749000067,0,0.0,2,24,16.23,390.0
St. Louis Park,Southern Glazer's Wine & Spirits of MN,Dewar's White Label Scotch 1.75L,080480230005,1,0.3,3,18,24.56,442.0
St. Louis Park,Southern Glazer's Wine & Spirits of MN,Knob Creek Bourbon 750ml,080686016762,1,0.4,2,12,25.26,303.0
St. Louis Park,Southern Glazer's Wine & Spirits of MN,Wild Turkey 101 Liter,721059891004,1,0.4,1,12,24.29,292.0
St. Louis Park,Southern Glazer's Wine & Spirits of MN,Skrewball Peanut Butter Whiskey 750ml,860265002405,1,0.4,1,12,18.77,225.0
St. Louis Park,Southern Glazer's Wine & Spirits of MN,Suntory Roku Gin 750ml,080686958031,1,0.5,2,12,19.93,239.0
St. Louis Park,Southern Glazer's Wine & Spirits of MN,Mi Campo Reposado 750ml,086003272019,1,0.5,1,12,10.06,121.0
St. Louis Park,Southern Glazer's Wine & Spirits of MN,Patron Citronge 750ml,721733000043,1,0.6,1,12,14.37,172.0
St. Louis Park,Southern Glazer's Wine & Spirits of MN,On the Rocks Margarita 375ml,855880008116,3,0.6,2,24,8.6,206.0
St. Louis Park,Southern Glazer's Wine & Spirits of MN,Jameson Irish Whiskey 375ml,080432500149,1,0.6,1,24,11.53,277.0
St. Louis Park,Southern Glazer's Wine & Spirits of MN,Svedka Vodka 200ml,617768112007,2,0.6,1,48,1.43,68.0
St. Louis Park,Southern Glazer's Wine & Spirits of MN,Pinnacle Vodka 1.75L,080686929451,1,0.7,1,6,12.21,73.0
St. Louis Park,Southern Glazer's Wine & Spirits of MN,Jim Beam Bourbon 1.75L,080686001102,6,0.7,5,30,23.73,712.0
St. Louis Park,Southern Glazer's Wine & Spirits of MN,Beefeater Gin Liter,089540333489,1,0.7,1,12,15.35,184.0
St. Louis Park,Southern Glazer's Wine & Spirits of MN,Basil Hayden Bourbon 750ml,080686012405,2,0.7,1,12,29.07,349.0
St. Louis Park,Southern Glazer's Wine & Spirits of MN,99 Peppermint 50ml,088004024086,22,0.7,1,120,0.6,72.0
St. Louis Park,Southern Glazer's Wine & Spirits of MN,Chopin Vodka 750ml,852935001153,1,0.9,1,6,21.57,129.0
St. Louis Park,Southern Glazer's Wine & Spirits of MN,Evan Williams Bourbon 1.75L,096749021147,3,0.9,2,12,17.39,209.0
St. Louis Park,Southern Glazer's Wine & Spirits of MN,On the Rocks Pineapple Margarita 375ml,855880008086,2,0.9,1,12,8.6,103.0
St. Louis Park,Southern Glazer's Wine & Spirits of MN,Slow & Low Rock & Rye 100ml,898804009066,1,0.9,1,24,3.3,79.0
St. Louis Park,Southern Glazer's Wine & Spirits of MN,Twisted Tea Whiskey 50ml,080686036012,9,0.9,1,120,0.67,80.0
St. Louis Park,Southern Glazer's Wine & Spirits of MN,Grey Goose Vodka 1.75L,080480280000,4,1.0,2,12,35.99,432.0
St. Louis Park,Southern Glazer's Wine & Spirits of MN,Beefeater Gin 750ml,089540333496,2,1.0,1,12,30.56,367.0
St. Louis Park,Southern Glazer's Wine & Spirits of MN,Grey Goose Vodka Liter,080480280017,5,1.2,2,12,20.33,244.0
St. Louis Park,Southern Glazer's Wine & Spirits of MN,Bombay Sapphire Gin 1.75L,080480301002,9,1.3,4,24,31.25,750.0
St. Louis Park,Southern Glazer's Wine & Spirits of MN,Sauza Hornitos Plata 750ml,080686835325,4,1.3,1,12,13.94,167.0
St. Louis Park,Southern Glazer's Wine & Spirits of MN,Glenlivet 14yr Cognac 750ml,080432114926,1,1.4,1,6,41.91,251.0
St. Louis Park,Southern Glazer's Wine & Spirits of MN,Bumbu Rum 750ml,813497006109,1,1.4,1,6,24.56,147.0
St. Louis Park,Southern Glazer's Wine & Spirits of MN,Knob Creek Smoked Maple 750ml,080686016793,2,1.4,1,6,25.5,153.0
St. Louis Park,Southern Glazer's Wine & Spirits of MN,Bacardi Limon Rum Liter,080480355302,1,1.4,1,12,11.95,143.0
St. Louis Park,Southern Glazer's Wine & Spirits of MN,Lunazul Reposado Tequila Liter,096749908011,26,1.4,5,60,15.31,919.0
St. Louis Park,Southern Glazer's Wine & Spirits of MN,99 Watermelons 50ml,089000991044,52,1.4,1,120,0.6,72.0
St. Louis Park,Southern Glazer's Wine & Spirits of MN,Maker's Mark Bourbon 1.75L,085246139417,4,1.6,2,12,40.45,485.0
St. Louis Park,Southern Glazer's Wine & Spirits of MN,Casa Dragones Blanco Tequila 750ml,736040532774,7,1.6,2,12,54.83,658.0
St. Louis Park,Southern Glazer's Wine & Spirits of MN,Bacardi Superior Light Rum Liter,080480015305,3,1.6,1,12,11.95,143.0
St. Louis Park,Southern Glazer's Wine & Spirits of MN,Calypso Spiced Rum 1.75L,085676563868,2,1.7,1,6,9.33,56.0
St. Louis Park,Southern Glazer's Wine & Spirits of MN,Lunazul Anejo 750ml,096749908585,2,1.7,1,6,13.49,81.0
St. Louis Park,Southern Glazer's Wine & Spirits of MN,Lunazul Blanco Tequila Liter,096749908028,7,1.7,1,12,15.49,186.0
St. Louis Park,Southern Glazer's Wine & Spirits of MN,Absolut Citron Vodka 1.75L,835229001602,3,1.8,1,6,30.44,183.0
St. Louis Park,Southern Glazer's Wine & Spirits of MN,On the Rocks Larios Aviation 375ml,855880008178,8,1.8,1,12,9.14,110.0
St. Louis Park,Southern Glazer's Wine & Spirits of MN,99 Apples 50ml,089000118397,37,1.9,1,120,0.6,72.0
St. Louis Park,Southern Glazer's Wine & Spirits of MN,Olmeca Altos Lime Margarita 750ml,080432000212,1,2.1,1,6,11.24,67.0
St. Louis Park,Southern Glazer's Wine & Spirits of MN,On the Rocks Cosmopolitan 750ml,080686008101,1,2.1,1,6,15.51,93.0
St. Louis Park,Southern Glazer's Wine & Spirits of MN,On The Rocks Lemon Drop Martini 750ml,080686008941,1,2.1,1,6,15.07,90.0
St. Louis Park,Southern Glazer's Wine & Spirits of MN,Svedka Mango Pineapple Vodka 1.75L,617768151174,2,2.1,1,6,14.62,88.0
St. Louis Park,Southern Glazer's Wine & Spirits of MN,Teremana Tequila Blanco 750ml,850015640025,2,2.1,1,6,23.25,140.0
St. Louis Park,Southern Glazer's Wine & Spirits of MN,Deep Eddy Ruby Red Vodka 1.75L,856065002103,2,2.1,1,6,17.67,106.0
St. Louis Park,Southern Glazer's Wine & Spirits of MN,Suntory -196 Strawberry 24ozcan,080686014423,1,2.1,1,12,2.04,24.0
St. Louis Park,Southern Glazer's Wine & Spirits of MN,Suntory -196 Strawberry Pineapple 24ozcan,080686014430,1,2.1,1,12,2.83,34.0
St. Louis Park,Southern Glazer's Wine & Spirits of MN,Jim Beam Bourbon Traveler,080686001430,7,2.1,1,12,12.49,150.0
St. Louis Park,Southern Glazer's Wine & Spirits of MN,Absolut Vodka 375ml,835229000209,1,2.1,1,24,8.45,203.0
St. Louis Park,Southern Glazer's Wine & Spirits of MN,On the Rocks Old Fashioned 375ml,855880008024,5,2.4,1,12,8.6,103.0
St. Louis Park,Southern Glazer's Wine & Spirits of MN,Svedka Vodka 375ml,617768113752,24,2.4,1,24,3.23,78.0
St. Louis Park,Southern Glazer's Wine & Spirits of MN,Jagermeister 375ml,083089660358,3,2.6,1,12,7.36,88.0
St. Louis Park,Southern Glazer's Wine & Spirits of MN,99 Peaches 50ml,089000990610,47,2.6,1,120,0.6,72.0
St. Louis Park,Southern Glazer's Wine & Spirits of MN,Aperol Spritz 4pk 200ml btl,887341340091,5,2.7,1,6,9.6,58.0
St. Louis Park,Southern Glazer's Wine & Spirits of MN,Jameson Irish Whiskey Liter,080432500118,23,2.8,1,12,26.9,323.0
St. Louis Park,Southern Glazer's Wine & Spirits of MN,99 Strawberries Schnapps 50ml,088004039653,138,2.8,1,120,0.6,72.0
St. Louis Park,Southern Glazer's Wine & Spirits of MN,On The Rocks Variety Pack 8pk 12oz can,080686012580,4,2.9,1,3,16.48,49.0
St. Louis Park,Southern Glazer's Wine & Spirits of MN,Knob Creek Bourbon 1.75L,080686016946,4,2.9,1,6,45.0,270.0
St. Louis Park,Southern Glazer's Wine & Spirits of MN,Svedka Citron Vodka 1.75L,088004071240,4,2.9,1,6,14.64,88.0
St. Louis Park,Southern Glazer's Wine & Spirits of MN,Bacardi Gold Rum 375ml,080480025601,2,2.9,1,24,4.58,110.0
St. Louis Park,Southern Glazer's Wine & Spirits of MN,Grey Goose Vodka 375ml,080480280031,9,3.0,1,12,11.54,139.0
St. Louis Park,Southern Glazer's Wine & Spirits of MN,Mi Campo Blanco 750ml,086003272033,6,3.2,1,12,15.5,186.0
St. Louis Park,Southern Glazer's Wine & Spirits of MN,St Germain Elderflower Liqueur 375ml,080480006662,10,3.3,1,12,12.17,146.0
St. Louis Park,Southern Glazer's Wine & Spirits of MN,Jim Beam Black 7yr 1.75L,080686007777,4,3.4,1,6,29.41,176.0
St. Louis Park,Southern Glazer's Wine & Spirits of MN,Cruzan Aged Dark Rum 1.75L,080686982043,5,3.6,1,6,12.43,75.0
St. Louis Park,Southern Glazer's Wine & Spirits of MN,99 Pineapples 50ml,080660010700,109,3.6,1,120,0.6,72.0
St. Louis Park,Southern Glazer's Wine & Spirits of MN,99 Mangoes 50ml,088004030261,59,3.7,1,120,0.6,72.0
St. Louis Park,Southern Glazer's Wine & Spirits of MN,Jameson Irish Whiskey 1.75L,080432500187,20,3.9,1,6,25.61,154.0
St. Louis Park,"Tradition Wine & Spirits, LLC",Apaluz Mezcal 750ml,7503005292003,1,1.4,1,12,20.74,249.0
St. Louis Park,"Vinocopia, Inc",El Nivel Blanco 750ml,040232526619,3,1.4,1,6,39.08,234.0
St. Louis Park,"Vinocopia, Inc",Post Meridiem Old Fashioned 100ml RTD,858173008015,13,3.7,1,24,2.32,56.0
Stillwater,Bellboy Corporation,Dutch Bourbon 750ml,681827905084,0,0.0,1,6,5.0,30.0
Stillwater,Bellboy Corporation,Loon Liquors Old Fashioned 750ml,787790209645,0,0.0,1,6,17.67,106.0
Stillwater,Bellboy Corporation,Belvedere Vodka Organic 750ml,081753837822,0,0.0,1,6,23.66,142.0
Stillwater,Bellboy Corporation,North Cross Triple Wood Irish Whiskey 750ml,810879023679,0,0.0,1,6,12.33,74.0
Stillwater,Bellboy Corporation,Laphroaig 10 Yr Scotch 750ml,080686813019,0,0.0,1,12,40.42,485.0
Stillwater,Bellboy Corporation,Jim Beam Bourbon 375ml,080686001607,0,0.0,1,24,7.71,185.0
Stillwater,Bellboy Corporation,American Frontier Vodka 750ml,810735016227,1,0.3,2,24,3.5,84.0
Stillwater,Bellboy Corporation,Tonka Vodka 50ml,197644697847,5,0.5,1,60,0.67,40.0
Stillwater,Bellboy Corporation,Ketel One Vodka 1.75L,085156803682,5,0.7,4,24,26.1,626.0
Stillwater,Bellboy Corporation,Reyka Vodka 750ml,083664869213,1,1.4,1,6,14.83,89.0
Stillwater,Bellboy Corporation,Tullamore Dew Irish Whiskey 750ml,721059487504,1,1.4,1,12,17.47,210.0
Stillwater,Bellboy Corporation,Buddy's American Vodka 1.75L,810879022085,3,1.8,1,6,12.93,78.0
Stillwater,Bellboy Corporation,Smirnoff Vodka Liter,08200501,4,2.9,1,12,10.65,128.0
Stillwater,Bellboy Corporation,Bacardi Superior Light Rum 50ml,080480016210,31,3.2,1,120,0.55,66.0
Stillwater,Bellboy Corporation,Espolon Blanco Tequila 750ml,721059707503,7,3.3,1,12,20.6,247.0
Stillwater,"Breakthru Beverage Minnesota Wine & Spirits, LLC",Bardstown KY Straight Bourbon 750ml,857552008394,0,0.0,1,6,29.76,179.0
Stillwater,"Breakthru Beverage Minnesota Wine & Spirits, LLC",Lyre's N/A Almalfi Spritz 4pk 8oz can,9354596006283,2,2.1,1,6,8.67,52.0
Stillwater,"Breakthru Beverage Minnesota Wine & Spirits, LLC",Glenfiddich 12 Year 750ml,083664107360,2,2.9,1,12,35.71,428.0
Stillwater,"Breakthru Beverage Minnesota Wine & Spirits, LLC",Fireball Blazin' Apple 50ml,088004069155,133,3.9,1,120,0.55,67.0
Stillwater,Discontinued,Tumbler & Rocks Old Rashioned 375ml/ D,628504196199,0,0.0,1,1,8.79,9.0
Stillwater,"Grape Beginnings, Inc.",Brovo Vodka Liter,850151007010,-1,-2.1,1,12,8.69,104.0
Stillwater,Johnson Brothers - St. Paul,High Noon Tequila Variety Pack 8pk 12oz can,085000036099,0,0.0,3,9,18.71,168.0
Stillwater,Johnson Brothers - St. Paul,Woodford Reserve Barrel Strength Rye 700ml,081128004408,0,0.0,1,6,98.6,592.0
Stillwater,Johnson Brothers - St. Paul,Pendleton Canadian Whiskey 1.75L,084104115921,0,0.0,1,6,30.37,182.0
Stillwater,Johnson Brothers - St. Paul,Four Roses Single Barrel 750ml,040063400027,0,0.0,1,6,36.0,216.0
Stillwater,Johnson Brothers - St. Paul,Jose Cuervo Auth Margarita 1.75L,082000190325,0,0.0,1,6,14.75,88.0
Stillwater,Johnson Brothers - St. Paul,Johnnie Walker Red 1.75L,088076163164,0,0.0,1,6,29.73,178.0
Stillwater,Johnson Brothers - St. Paul,Jose Cuervo Authentic Light Margarita 1.75L,811538011006,0,0.0,1,6,5.27,32.0
Stillwater,Johnson Brothers - St. Paul,Casamigos Reposado Tequila Liter,856724006206,0,0.0,1,6,45.76,275.0
Stillwater,Johnson Brothers - St. Paul,Hennessy VS Cognac Liter,088110150563,0,0.0,1,12,40.23,483.0
Stillwater,Johnson Brothers - St. Paul,Karkov Vodka 375ml,084279184265,0,0.0,1,24,3.58,86.0
Stillwater,Johnson Brothers - St. Paul,New Amsterdam Vodka Liter,085000019504,1,0.4,1,12,7.26,87.0
Stillwater,Johnson Brothers - St. Paul,New Amsterdam Vodka 375ml,085000031810,2,0.7,1,24,4.28,103.0
Stillwater,Johnson Brothers - St. Paul,Il Tramonto Lemoncello 750ml,084279979472,1,0.9,1,6,11.88,71.0
Stillwater,Johnson Brothers - St. Paul,E&J Brandy 1.75L,08541509,2,1.0,2,12,17.67,212.0
Stillwater,Johnson Brothers - St. Paul,Gray Duck 1.75L,860199002618,5,1.1,3,18,16.0,288.0
Stillwater,Johnson Brothers - St. Paul,Gordons Gin 1.75L,08860032,1,1.4,1,6,15.87,95.0
Stillwater,Johnson Brothers - St. Paul,Smirnoff Vodka 1.75L,082000727606,20,1.4,6,36,14.61,526.0
Stillwater,Johnson Brothers - St. Paul,Jose Cuervo Gold Tequila 750ml,811538010832,1,1.4,1,12,13.2,158.0
Stillwater,Johnson Brothers - St. Paul,E&J Brandy Traveler,085000011126,2,1.4,1,12,9.0,108.0
Stillwater,Johnson Brothers - St. Paul,Smirnoff Vodka Traveler,08295004,11,1.5,2,24,7.96,191.0
Stillwater,Johnson Brothers - St. Paul,Four Roses Bourbon 1.75L,040063400430,3,1.6,1,6,27.55,165.0
Stillwater,Johnson Brothers - St. Paul,Karkov Vodka 1.75L,084279184227,15,1.8,3,18,5.05,91.0
Stillwater,Johnson Brothers - St. Paul,Cointreau 750ml,087236565107,2,2.1,1,12,27.73,333.0
Stillwater,Johnson Brothers - St. Paul,New Amsterdam Pink Whitney 50ml,08567507,265,2.4,2,240,0.67,160.0
Stillwater,Johnson Brothers - St. Paul,Fireball Whisky 375ml,088004144722,10,2.5,1,24,5.1,123.0
Stillwater,Johnson Brothers - St. Paul,E&J VSOP Brandy 100ml,08510800,3,2.6,1,48,2.0,96.0
Stillwater,Johnson Brothers - St. Paul,Casamigos Blanco 750ml,083089450003,2,2.9,1,6,19.22,115.0
Stillwater,Johnson Brothers - St. Paul,High Noon Lime 4pk 12oz can,085000430958,2,2.9,1,6,8.7,52.0
Stillwater,Johnson Brothers - St. Paul,1800 Silver Tequila 1.75L,811538010153,2,2.9,1,6,31.5,189.0
Stillwater,Johnson Brothers - St. Paul,1800 Ultimate Margarita Original 1.75L,811538019156,2,2.9,1,6,12.92,78.0
Stillwater,Johnson Brothers - St. Paul,New Amsterdam Vodka 1.75L,085000019511,10,2.9,1,6,14.36,86.0
Stillwater,Johnson Brothers - St. Paul,High Noon Tropical Variety Pack 8pk 12oz can,085000032558,5,3.1,1,3,16.59,50.0
Stillwater,Johnson Brothers - St. Paul,High Noon Grapefruit 4pk 12oz can,085000426272,6,3.7,1,6,8.78,53.0
Stillwater,Libation Project,Cocchi di Torino 375ml,8007117011327,1,2.1,1,12,11.13,134.0
Stillwater,Phillips Wine & Spirits - St. Paul,BuzzBallz Biggie Berry Cherry Limeade 1.75L,851091006347,0,0.0,1,3,15.0,45.0
Stillwater,Phillips Wine & Spirits - St. Paul,Bulleit Bourbon 1.75L,087000004047,0,0.0,2,12,38.0,456.0
Stillwater,Phillips Wine & Spirits - St. Paul,Bailey's Caramel 750ml,086767701763,0,0.0,1,12,19.0,228.0
Stillwater,Phillips Wine & Spirits - St. Paul,Seagrams 7 Blended Liter,087000007321,0,0.0,1,12,11.99,144.0
Stillwater,Phillips Wine & Spirits - St. Paul,Ketel One Lemon Drop Martini Cocktail 750ml,082000809845,0,0.0,1,12,16.49,198.0
Stillwater,Phillips Wine & Spirits - St. Paul,2 Gingers 50ml,080686294030,3,0.1,1,96,0.67,64.0
Stillwater,Phillips Wine & Spirits - St. Paul,Phillips Vodka 1.75L,087116018099,5,0.9,4,24,10.5,252.0
Stillwater,Phillips Wine & Spirits - St. Paul,Captain Morgan Spiced Rum 1.75L,082000759102,9,1.1,4,24,19.64,471.0
Stillwater,Phillips Wine & Spirits - St. Paul,Bulleit Old Fashioned 750ml,082000797319,2,1.1,1,12,17.26,207.0
Stillwater,Phillips Wine & Spirits - St. Paul,Buzzballz Grape Gone Wild Vikings 187ml,855200005528,5,1.5,1,24,0.07,2.0
Stillwater,Phillips Wine & Spirits - St. Paul,Phillips Vodka Traveler,087116011267,4,1.6,1,12,5.53,66.0
Stillwater,Phillips Wine & Spirits - St. Paul,Prairie Organic Vodka 1.75L,087116019102,1,2.1,1,6,5.23,31.0
Stillwater,Phillips Wine & Spirits - St. Paul,BuzzBallz Berry Cherry Limeade 187ml,857674007985,21,2.5,1,24,1.31,31.0
Stillwater,Phillips Wine & Spirits - St. Paul,Windsor Canadian 1.75L,080686500124,12,3.2,1,6,26.58,159.0
Stillwater,Phillips Wine & Spirits - St. Paul,Campo Bravo Plata 50ml,850008153129,24,3.7,1,72,0.65,47.0
Stillwater,Southern Glazer's Wine & Spirits of MN,Bacardi Limon Rum Liter,080480355302,-1,-4.3,1,12,11.95,143.0
Stillwater,Southern Glazer's Wine & Spirits of MN,Kahlua 1.75L,089540122694,0,0.0,1,6,39.43,237.0
Stillwater,Southern Glazer's Wine & Spirits of MN,Rabbit Hole Boxergrail Rye 750ml,865674000158,0,0.0,1,6,40.49,243.0
Stillwater,Southern Glazer's Wine & Spirits of MN,On The Rocks Jalapeno Margarita 750ml,080686004950,0,0.0,1,6,15.07,90.0
Stillwater,Southern Glazer's Wine & Spirits of MN,Whistlepig Bourbon Snout to Tail 10yr 750ml,810080551756,0,0.0,1,6,20.0,120.0
Stillwater,Southern Glazer's Wine & Spirits of MN,Mr Boston Five Star Brandy 1.75L,089000003211,0,0.0,1,6,11.36,68.0
Stillwater,Southern Glazer's Wine & Spirits of MN,Sarti Aperitivo Rosa 700ml,887341340138,0,0.0,1,6,17.97,108.0
Stillwater,Southern Glazer's Wine & Spirits of MN,Jagermeister 1.75L,083089660174,0,0.0,2,12,29.84,358.0
Stillwater,Southern Glazer's Wine & Spirits of MN,Canadian Club 1.75L,080686821120,0,0.0,3,18,16.08,290.0
Stillwater,Southern Glazer's Wine & Spirits of MN,Grand Marnier Liqueur 375ml,088110931049,0,0.0,1,12,13.39,161.0
Stillwater,Southern Glazer's Wine & Spirits of MN,DOM B&B Liqueur 750ml,080480545406,0,0.0,1,12,25.54,306.0
Stillwater,Southern Glazer's Wine & Spirits of MN,Chi-Chi's Mexican Mudslide 750ml,080660018843,0,0.0,1,12,3.75,45.0
Stillwater,Southern Glazer's Wine & Spirits of MN,Absolut Mandrin Vodka Liter,835229002401,0,0.0,1,12,19.14,230.0
Stillwater,Southern Glazer's Wine & Spirits of MN,Black Velvet Peach 50ml,096749004010,0,0.0,1,120,0.66,79.0
Stillwater,Southern Glazer's Wine & Spirits of MN,Twisted Tea Whiskey 50ml,080686036012,7,0.3,1,120,0.67,80.0
Stillwater,Southern Glazer's Wine & Spirits of MN,Christian Brothers Brandy 1.75L,086036815474,1,0.5,2,12,14.78,177.0
Stillwater,Southern Glazer's Wine & Spirits of MN,Svedka Vodka 375ml,617768113752,3,0.5,1,24,3.23,78.0
Stillwater,Southern Glazer's Wine & Spirits of MN,99 Peppermint 50ml,088004024086,7,0.5,1,120,0.6,72.0
Stillwater,Southern Glazer's Wine & Spirits of MN,Lunazul Blanco Tequila Liter,096749908028,2,1.0,1,12,15.49,186.0
Stillwater,Southern Glazer's Wine & Spirits of MN,Evan Williams Bourbon 1.75L,096749021147,6,1.1,3,18,17.39,313.0
Stillwater,Southern Glazer's Wine & Spirits of MN,Kahlua Liter,089540122700,1,1.1,1,12,23.75,285.0
Stillwater,Southern Glazer's Wine & Spirits of MN,Bacardi Superior Light Rum Liter,080480015305,2,1.4,1,12,11.95,143.0
Stillwater,Southern Glazer's Wine & Spirits of MN,Evan Williams Bourbon Liter,096749021246,3,1.4,1,12,11.25,135.0
Stillwater,Southern Glazer's Wine & Spirits of MN,On the Rocks Old Fashioned 100ml,855880008000,7,1.4,1,30,3.56,107.0
Stillwater,Southern Glazer's Wine & Spirits of MN,Bombay Sapphire Gin 1.75L,080480301002,4,1.6,2,12,31.25,375.0
Stillwater,Southern Glazer's Wine & Spirits of MN,Dekuyper Triple Sec Liter,080686310143,6,1.6,1,12,5.48,66.0
Stillwater,Southern Glazer's Wine & Spirits of MN,Bacardi Superior Light Rum Traveler,080480015459,4,1.7,1,12,10.45,125.0
Stillwater,Southern Glazer's Wine & Spirits of MN,Svedka Vodka Traveler,617768121757,9,1.8,1,12,7.37,88.0
Stillwater,Southern Glazer's Wine & Spirits of MN,High West Campfire Whiskey 750ml,094922381736,1,2.1,1,6,49.61,298.0
Stillwater,Southern Glazer's Wine & Spirits of MN,Burnett's Vodka 1.75L,096749200313,1,2.1,1,6,10.13,61.0
Stillwater,Southern Glazer's Wine & Spirits of MN,Tequila Ocho Plata Tequila 750ml,898627001308,1,2.1,1,6,0.0,0.0
Stillwater,Southern Glazer's Wine & Spirits of MN,Aperol Spritz 4pk 200ml btl,887341340091,2,2.1,1,6,9.6,58.0
Stillwater,Southern Glazer's Wine & Spirits of MN,Jim Beam Apple 750ml,080686006558,1,2.1,1,12,12.49,150.0
Stillwater,Southern Glazer's Wine & Spirits of MN,Bacardi Lime Rum 50ml,080480984281,15,2.1,1,120,0.83,100.0
Stillwater,Southern Glazer's Wine & Spirits of MN,Black Velvet Canadian 1.75L,088100134511,5,2.4,1,6,13.06,78.0
Stillwater,Southern Glazer's Wine & Spirits of MN,Maker's Mark Bourbon 1.75L,085246139417,6,2.6,1,6,40.45,243.0
Stillwater,Southern Glazer's Wine & Spirits of MN,On the Rocks Margarita 750ml,080686897170,2,2.9,1,6,15.07,90.0
Stillwater,Southern Glazer's Wine & Spirits of MN,Carolans Irish Cream 1.75L,810845030069,4,2.9,1,6,18.77,113.0
Stillwater,Southern Glazer's Wine & Spirits of MN,Jameson Triple Triple,080432002117,2,2.9,1,12,22.5,270.0
Stillwater,Southern Glazer's Wine & Spirits of MN,Jim Beam Bourbon Traveler,080686001430,2,2.9,1,12,12.49,150.0
Stillwater,Southern Glazer's Wine & Spirits of MN,Christian Brothers Brandy Liter,086036815559,2,2.9,1,12,8.8,106.0
Stillwater,Southern Glazer's Wine & Spirits of MN,99 Peaches 50ml,089000990610,66,2.9,1,120,0.6,72.0
Stillwater,Southern Glazer's Wine & Spirits of MN,Svedka Vodka 100pf 1.75L,088004071370,5,3.1,1,6,14.62,88.0
Stillwater,Southern Glazer's Wine & Spirits of MN,Suntory -196 Vodka Cocktail Variety Pack 8pk 12oz can,080686009269,6,3.2,1,3,14.86,45.0
Stillwater,"Vinocopia, Inc",Drink Wisconsinbly Brandy 750ml,850004208007,0,0.0,1,6,18.0,108.0
Vadnais Heights,Bellboy Corporation,Planteray Original Dark Rum Liter,695521154822,0,0.0,1,6,16.74,100.0
Vadnais Heights,Bellboy Corporation,Wheel Horse Double Oak Bourbon 750ml,810879028384,0,0.0,1,6,22.64,136.0
Vadnais Heights,Bellboy Corporation,Griffo Still Waldos Whisky 750ml,737212008288,0,0.0,1,12,52.34,628.0
Vadnais Heights,Bellboy Corporation,Hennessy VSOP Cognac 750ml,088110151058,0,0.0,1,12,45.04,540.0
Vadnais Heights,Bellboy Corporation,Steel 43 Vodka 750ml,810879021378,1,1.1,1,12,8.33,100.0
Vadnais Heights,Bellboy Corporation,Loon Liquors Old Fashioned 750ml,787790209645,3,2.1,1,6,17.67,106.0
Vadnais Heights,Bellboy Corporation,Bulleit Bourbon 750ml,087000005525,2,2.1,1,12,20.87,250.0
Vadnais Heights,Bellboy Corporation,Jim Beam Bourbon 375ml,080686001607,1,2.1,1,24,7.71,185.0
Vadnais Heights,Bellboy Corporation,Flyer Vodka 1.75L,810879027165,12,2.4,2,12,10.83,130.0
Vadnais Heights,Bellboy Corporation,Espolon Blanco Tequila 750ml,721059707503,11,2.5,1,12,20.6,247.0
Vadnais Heights,Bellboy Corporation,Tonka Vodka 50ml,197644697847,9,3.5,1,60,0.67,40.0
Vadnais Heights,Bellboy Corporation,Espolon Reposado Tequila 750ml,721059707510,11,3.6,1,12,22.5,270.0
Vadnais Heights,"Breakthru Beverage Minnesota Wine & Spirits, LLC",Lyre's N/A Gin & Tonic 4pk 8oz can,9354596006344,0,0.0,1,6,9.05,54.0
Vadnais Heights,"Breakthru Beverage Minnesota Wine & Spirits, LLC",Hendrick's Gin 750ml,083664990436,1,1.1,1,6,24.59,148.0
Vadnais Heights,"Breakthru Beverage Minnesota Wine & Spirits, LLC",Seagrams Extra Smooth Vodka 1.75L,720815988347,2,1.7,1,6,12.82,77.0
Vadnais Heights,"Breakthru Beverage Minnesota Wine & Spirits, LLC",Traveller Whiskey 750ml,088004060060,3,1.8,1,12,26.25,315.0
Vadnais Heights,"Breakthru Beverage Minnesota Wine & Spirits, LLC",Bardstown Bourbon Bonded 750ml,857552008417,1,2.1,1,6,33.58,201.0
Vadnais Heights,"Breakthru Beverage Minnesota Wine & Spirits, LLC",Taaka Vodka 750ml,088004011543,8,2.1,1,12,4.5,54.0
Vadnais Heights,"Breakthru Beverage Minnesota Wine & Spirits, LLC",Twisted Shotz Razzle Dazzle 4pk,766427003429,4,2.4,1,18,3.92,71.0
Vadnais Heights,"Breakthru Beverage Minnesota Wine & Spirits, LLC",Fireball Whisky 1.75L,088004009281,6,3.2,1,6,17.67,106.0
Vadnais Heights,"Breakthru Beverage Minnesota Wine & Spirits, LLC",Fireball Whisky 750ml,088004144692,10,3.9,1,12,9.0,108.0
Vadnais Heights,Johnson Brothers - St. Paul,High Noon Peach 8pk 12oz can,085000043073,0,0.0,2,6,14.55,87.0
Vadnais Heights,Johnson Brothers - St. Paul,Aviation Gin 750ml,082000804161,0,0.0,1,6,20.47,123.0
Vadnais Heights,Johnson Brothers - St. Paul,Four Roses Small Batch Select 750ml,040232288333,0,0.0,1,6,39.75,238.0
Vadnais Heights,Johnson Brothers - St. Paul,1800 Ultimate Margarita Original 1.75L,811538019156,0,0.0,1,6,12.92,78.0
Vadnais Heights,Johnson Brothers - St. Paul,High Noon Peach 4pk 12oz can,085000431375,0,0.0,1,6,8.68,52.0
Vadnais Heights,Johnson Brothers - St. Paul,Hennessy VS Cognac 1.75L,088110150587,0,0.0,1,6,64.3,386.0
Vadnais Heights,Johnson Brothers - St. Paul,Smirnoff Vodka 1.75L,082000727606,0,0.0,4,24,14.61,351.0
Vadnais Heights,Johnson Brothers - St. Paul,Johnnie Walker Black 750ml,088110011307,0,0.0,1,12,24.97,300.0
Vadnais Heights,Johnson Brothers - St. Paul,Jose Cuervo Tradicional Gold 750ml,811538011372,0,0.0,1,12,15.32,184.0
Vadnais Heights,Johnson Brothers - St. Paul,Jose Cuervo Tradicional Silver 750ml,811538011426,0,0.0,1,12,18.6,223.0
Vadnais Heights,Johnson Brothers - St. Paul,Casamigos Margarita 750ml,082000812128,0,0.0,1,12,17.0,204.0
Vadnais Heights,Johnson Brothers - St. Paul,Herradura Silver Tequila 375ml,744607010603,0,0.0,1,12,14.84,178.0
Vadnais Heights,Johnson Brothers - St. Paul,New Amsterdam Vodka 200ml,085000019474,0,0.0,1,24,3.52,84.0
Vadnais Heights,Johnson Brothers - St. Paul,Smirnoff Vodka Traveler,08295004,1,0.3,2,24,7.96,191.0
Vadnais Heights,Johnson Brothers - St. Paul,Kinky Blue 50ml,084279991528,51,0.4,4,480,0.67,320.0
Vadnais Heights,Johnson Brothers - St. Paul,New Amsterdam Pink Whitney 1.75L,085000031360,1,0.5,2,12,17.33,208.0
Vadnais Heights,Johnson Brothers - St. Paul,Four Roses Bourbon 1.75L,040063400430,2,0.6,2,12,27.55,331.0
Vadnais Heights,Johnson Brothers - St. Paul,E&J Brandy 375ml,085000004265,1,0.7,1,24,4.67,112.0
Vadnais Heights,Johnson Brothers - St. Paul,E&J XO Brandy 1.75L,085000018828,1,0.9,1,6,22.5,135.0
Vadnais Heights,Johnson Brothers - St. Paul,New Amsterdam Vodka 750ml,085000019498,1,0.9,1,12,9.0,108.0
Vadnais Heights,Johnson Brothers - St. Paul,New Amsterdam Vodka 50ml,08588005,20,0.9,1,120,0.67,80.0
Vadnais Heights,Johnson Brothers - St. Paul,Smirnoff Kissed Caramel Vodka Liter,082000759621,1,1.1,1,12,10.13,122.0
Vadnais Heights,Johnson Brothers - St. Paul,E&J Apple Brandy 750ml,085000024041,2,1.1,1,12,9.0,108.0
Vadnais Heights,Johnson Brothers - St. Paul,High Noon Tequila Variety Pack 8pk 12oz can,085000036099,2,1.2,2,6,18.71,112.0
Vadnais Heights,Johnson Brothers - St. Paul,New Amsterdam Vodka 1.75L,085000019511,6,1.2,3,18,14.36,258.0
Vadnais Heights,Johnson Brothers - St. Paul,Karkov Vodka 1.75L,084279184227,16,1.2,6,36,5.05,182.0
Vadnais Heights,Johnson Brothers - St. Paul,High Noon Pineapple 4pk 12oz can,085000429266,3,1.4,1,6,8.79,53.0
Vadnais Heights,Johnson Brothers - St. Paul,New Amsterdam Pink Whitney 375ml,085000032541,2,1.4,1,24,4.67,112.0
Vadnais Heights,Johnson Brothers - St. Paul,Gray Duck 1.75L,860199002618,7,1.5,2,12,16.0,192.0
Vadnais Heights,Johnson Brothers - St. Paul,High Noon Lime 4pk 12oz can,085000430958,3,1.8,1,6,8.7,52.0
Vadnais Heights,Johnson Brothers - St. Paul,Karkov Vodka Traveler,084279912677,3,1.8,1,12,4.16,50.0
Vadnais Heights,Johnson Brothers - St. Paul,New Amsterdam Gin 1.75L,085000014301,4,1.9,1,6,16.61,100.0
Vadnais Heights,Johnson Brothers - St. Paul,Bib & Tucker 6 Year Bourbon 750ml,031259003542,1,2.1,1,6,18.33,110.0
Vadnais Heights,Johnson Brothers - St. Paul,Casamigos Blanco Tequila Liter,083089450102,1,2.1,1,6,41.67,250.0
Vadnais Heights,Johnson Brothers - St. Paul,Four Roses Small Batch 750ml,040063400317,3,2.1,1,6,23.8,143.0
Vadnais Heights,Johnson Brothers - St. Paul,Il Tramonto Lemoncello 750ml,084279979472,4,2.4,1,6,11.88,71.0
Vadnais Heights,Johnson Brothers - St. Paul,New Amsterdam Vodka 375ml,085000031810,8,2.4,1,24,4.28,103.0
Vadnais Heights,Johnson Brothers - St. Paul,Casamigos Blanco 750ml,083089450003,5,2.7,1,6,19.22,115.0
Vadnais Heights,Johnson Brothers - St. Paul,Hennessy VS Cognac Liter,088110150563,5,2.7,1,12,40.23,483.0
Vadnais Heights,Johnson Brothers - St. Paul,Johnnie Walker Red 1.75L,088076163164,2,2.9,1,6,29.73,178.0
Vadnais Heights,Johnson Brothers - St. Paul,E&J Brandy 1.75L,08541509,13,2.9,1,6,17.67,106.0
Vadnais Heights,Johnson Brothers - St. Paul,New Amsterdam Pink Whitney Liter,085000031353,2,2.9,1,12,10.5,126.0
Vadnais Heights,Johnson Brothers - St. Paul,Kinky Red 50ml,084279998343,12,2.9,1,120,0.4,48.0
Vadnais Heights,Johnson Brothers - St. Paul,High Noon Tropical Variety Pack 8pk 12oz can,085000032558,4,3.4,1,3,16.59,50.0
Vadnais Heights,Johnson Brothers - St. Paul,Jose Cuervo Gold Tequila Liter,811538010801,12,3.4,1,12,8.7,104.0
Vadnais Heights,Johnson Brothers - St. Paul,Kinky Pink 50ml,084279985978,70,3.4,1,120,0.62,75.0
Vadnais Heights,Johnson Brothers - St. Paul,Rondiaz Silver Rum 1.75L,084279902715,9,3.5,1,6,15.28,92.0
Vadnais Heights,Johnson Brothers - St. Paul,Kinky Grape 50ml,084279008561,29,3.5,1,120,0.49,58.0
Vadnais Heights,Johnson Brothers - St. Paul,Casamigos Reposado Tequila Liter,856724006206,5,3.6,1,6,45.76,275.0
Vadnais Heights,Johnson Brothers - St. Paul,New Amsterdam Pink Whitney 750ml,085000029626,6,3.7,1,12,9.0,108.0
Vadnais Heights,Johnson Brothers - St. Paul,Hennessy VS Cognac 375ml,088110150624,7,3.8,1,12,14.17,170.0
Vadnais Heights,"Maverick Beverage Co., LLC - MN",Banhez Mezcal 750ml,736040537113,0,0.0,1,6,26.02,156.0
Vadnais Heights,"Maverick Beverage Co., LLC - MN",Libelula Tequila Joven 750ml,736040539742,2,2.9,1,12,21.59,259.0
Vadnais Heights,Phillips Wine & Spirits - St. Paul,BuzzBallz Tropical Tang Biggie 1.75L,000880040820,0,0.0,1,3,15.0,45.0
Vadnais Heights,Phillips Wine & Spirits - St. Paul,BuzzBallz Biggie Berry Cherry Limeade 1.75L,851091006347,0,0.0,1,3,15.0,45.0
Vadnais Heights,Phillips Wine & Spirits - St. Paul,Tattersall Port-Barreled Rye 750ml,850019260373,0,0.0,1,6,37.0,222.0
Vadnais Heights,Phillips Wine & Spirits - St. Paul,Empress 1908 Gin 750ml,628451773108,0,0.0,1,6,27.0,162.0
Vadnais Heights,Phillips Wine & Spirits - St. Paul,Mr. Black Cold Brew Coffee Liqueur 750ml,857932007009,0,0.0,1,6,21.0,126.0
Vadnais Heights,Phillips Wine & Spirits - St. Paul,Phillips Butter Ripple Schnapps Liter,087116012479,0,0.0,1,12,9.11,109.0
Vadnais Heights,Phillips Wine & Spirits - St. Paul,Phillips Blue 100 Peppermint Traveler,087116012738,0,0.0,1,12,11.34,136.0
Vadnais Heights,Phillips Wine & Spirits - St. Paul,Bulleit Bourbon Liter,087000005549,1,0.5,1,12,23.33,280.0
Vadnais Heights,Phillips Wine & Spirits - St. Paul,Phillips Vodka Traveler,087116011267,1,0.6,1,12,5.53,66.0
Vadnais Heights,Phillips Wine & Spirits - St. Paul,Captain Morgan Spiced Rum 1.75L,082000759102,10,0.9,6,36,19.64,707.0
Vadnais Heights,Phillips Wine & Spirits - St. Paul,Phillips Vodka 1.75L,087116018099,3,1.0,2,12,10.5,126.0
Vadnais Heights,Phillips Wine & Spirits - St. Paul,2 Gingers 50ml,080686294030,18,1.1,1,96,0.67,64.0
Vadnais Heights,Phillips Wine & Spirits - St. Paul,Campo Bravo Plata 50ml,850008153129,13,1.3,1,72,0.65,47.0
Vadnais Heights,Phillips Wine & Spirits - St. Paul,Captain Morgan Spiced Rum Liter,08727008,6,1.4,1,12,14.9,179.0
Vadnais Heights,Phillips Wine & Spirits - St. Paul,Fireball Whisky 100ml,088004009373,30,1.7,1,48,1.19,57.0
Vadnais Heights,Phillips Wine & Spirits - St. Paul,Windsor Canadian 1.75L,080686500124,8,1.8,2,12,26.58,319.0
Vadnais Heights,Phillips Wine & Spirits - St. Paul,Buzzballz Biggie Pink Lemonsqueezy 1.75L,088004076603,2,2.1,1,3,8.18,25.0
Vadnais Heights,Phillips Wine & Spirits - St. Paul,Crown Royal Canadian Liter,087000007246,3,2.1,1,12,26.31,316.0
Vadnais Heights,Phillips Wine & Spirits - St. Paul,Bulleit 95 Rye Whiskey 1.75L,082000766070,3,3.2,1,6,38.0,228.0
Vadnais Heights,Phillips Wine & Spirits - St. Paul,Prairie Organic Vodka 1.75L,087116019102,3,3.2,1,6,5.23,31.0
Vadnais Heights,Phillips Wine & Spirits - St. Paul,2 Gingers 750ml,857566003019,3,3.2,1,12,12.61,151.0
Vadnais Heights,Phillips Wine & Spirits - St. Paul,Shanky's Irish Whip 750ml,810035510111,4,3.4,1,6,21.0,126.0
Vadnais Heights,Phillips Wine & Spirits - St. Paul,BuzzBallz Berry Cherry Limeade 187ml,857674007985,21,3.9,1,24,1.31,31.0
Vadnais Heights,Southern Glazer's Wine & Spirits of MN,Courvoisier VS Cognac 750ml,080686961048,-1,-1.4,1,12,23.29,279.0
Vadnais Heights,Southern Glazer's Wine & Spirits of MN,99 XXPRESSO 50ml,089000992010,-4,-0.7,1,120,0.6,72.0
Vadnais Heights,Southern Glazer's Wine & Spirits of MN,Mi Campo Blanco Tequila 1.75L,086003272118,0,0.0,1,3,31.67,95.0
Vadnais Heights,Southern Glazer's Wine & Spirits of MN,Bacardi Gold 1.75L,080480025205,0,0.0,1,6,17.16,103.0
Vadnais Heights,Southern Glazer's Wine & Spirits of MN,Jim Beam Black 7yr 1.75L,080686007777,0,0.0,1,6,29.41,176.0
Vadnais Heights,Southern Glazer's Wine & Spirits of MN,Suntory Haku Vodka 750ml,080686958024,0,0.0,1,6,19.81,119.0
Vadnais Heights,Southern Glazer's Wine & Spirits of MN,Fleischmanns Vodka 1.75L,082928214318,0,0.0,1,6,9.11,55.0
Vadnais Heights,Southern Glazer's Wine & Spirits of MN,Whistlepig Bourbon Snout to Tail 10yr 750ml,810080551756,0,0.0,1,6,20.0,120.0
Vadnais Heights,Southern Glazer's Wine & Spirits of MN,Ole Smoky Mango Habanero 750ml,854628006346,0,0.0,1,6,15.88,95.0
Vadnais Heights,Southern Glazer's Wine & Spirits of MN,Sauza Hornitos Plata Tequila 1.75L,080686835349,0,0.0,1,6,28.92,174.0
Vadnais Heights,Southern Glazer's Wine & Spirits of MN,Malibu Pink Rum 1.75L,089540536538,0,0.0,1,6,17.15,103.0
Vadnais Heights,Southern Glazer's Wine & Spirits of MN,Svedka Strawberry Lemonade Vod 1.75L,617768141175,0,0.0,1,6,14.62,88.0
Vadnais Heights,Southern Glazer's Wine & Spirits of MN,Canadian Club 1.75L,080686821120,0,0.0,1,6,16.08,97.0
Vadnais Heights,Southern Glazer's Wine & Spirits of MN,Angel's Envy Bourbon 750ml,850047003003,0,0.0,1,6,35.11,211.0
Vadnais Heights,Southern Glazer's Wine & Spirits of MN,Sarti Aperitivo Rosa 700ml,887341340138,0,0.0,1,6,17.97,108.0
Vadnais Heights,Southern Glazer's Wine & Spirits of MN,Ole Smoky Salty Caramel Whiskey 750ml,854628006131,0,0.0,2,12,15.71,189.0
Vadnais Heights,Southern Glazer's Wine & Spirits of MN,Jim Beam Rye 750ml,080686005872,0,0.0,1,12,0.5,6.0
Vadnais Heights,Southern Glazer's Wine & Spirits of MN,Kahlua Blonde Roast 750ml,089540535548,0,0.0,1,12,19.33,232.0
Vadnais Heights,Southern Glazer's Wine & Spirits of MN,Bacardi Gold Rum Liter,080480025304,0,0.0,1,12,11.95,143.0
Vadnais Heights,Southern Glazer's Wine & Spirits of MN,Jim Beam Apple 750ml,080686006558,0,0.0,1,12,12.49,150.0
Vadnais Heights,Southern Glazer's Wine & Spirits of MN,Maker's Mark Bourbon 750ml,085246139431,0,0.0,1,12,20.97,252.0
Vadnais Heights,Southern Glazer's Wine & Spirits of MN,Jameson Select Reserve Black Barrel 750ml,080432107263,0,0.0,1,12,31.46,378.0
Vadnais Heights,Southern Glazer's Wine & Spirits of MN,99 Pineapples 375ml,080660010670,0,0.0,1,24,4.04,97.0
Vadnais Heights,Southern Glazer's Wine & Spirits of MN,Courvoisier VS Cognac 200ml,080686961109,0,0.0,1,24,6.65,160.0
Vadnais Heights,Southern Glazer's Wine & Spirits of MN,Grey Goose Vodka Liter,080480280017,1,0.3,3,18,20.33,366.0
Vadnais Heights,Southern Glazer's Wine & Spirits of MN,Bombay Sapphire Gin 1.75L,080480301002,1,0.4,2,12,31.25,375.0
Vadnais Heights,Southern Glazer's Wine & Spirits of MN,Ole Smoky MS Hunch Punch 50ml,854628006056,6,0.6,1,48,2.0,96.0
Vadnais Heights,Southern Glazer's Wine & Spirits of MN,On the Rocks Old Fashioned 750ml,080686897156,1,0.7,1,6,15.07,90.0
Vadnais Heights,Southern Glazer's Wine & Spirits of MN,Maker's Mark Bourbon Liter,085246139424,2,1.0,1,12,25.47,306.0
Vadnais Heights,Southern Glazer's Wine & Spirits of MN,99 Peppermint 50ml,088004024086,5,1.0,1,120,0.6,72.0
Vadnais Heights,Southern Glazer's Wine & Spirits of MN,On the Rocks Cosmopolitan 375ml,080686008088,3,1.1,1,12,8.6,103.0
Vadnais Heights,Southern Glazer's Wine & Spirits of MN,Grey Goose Vodka 750ml,080480280024,3,1.3,1,12,14.08,169.0
Vadnais Heights,Southern Glazer's Wine & Spirits of MN,Lunazul Reposado Tequila Liter,096749908011,18,1.3,4,48,15.31,735.0
Vadnais Heights,Southern Glazer's Wine & Spirits of MN,On the Rocks Cosmopolitan 750ml,080686008101,2,1.4,1,6,15.51,93.0
Vadnais Heights,Southern Glazer's Wine & Spirits of MN,Jim Beam Honey 750ml,080686006060,1,1.4,1,12,12.49,150.0
Vadnais Heights,Southern Glazer's Wine & Spirits of MN,Kahlua Liter,089540122700,1,1.4,1,12,23.75,285.0
Vadnais Heights,Southern Glazer's Wine & Spirits of MN,Evan Williams Bourbon Liter,096749021246,1,1.4,1,12,11.25,135.0
Vadnais Heights,Southern Glazer's Wine & Spirits of MN,99 Blue Raspberries 50ml,088004039660,23,1.5,1,120,0.6,72.0
Vadnais Heights,Southern Glazer's Wine & Spirits of MN,Cazadores Reposado 1.75L,080480170004,3,1.6,1,6,29.74,178.0
Vadnais Heights,Southern Glazer's Wine & Spirits of MN,99 Apples 50ml,089000118397,28,1.9,1,120,0.6,72.0
Vadnais Heights,Southern Glazer's Wine & Spirits of MN,On The Rocks Variety Pack 8pk 12oz can,080686012580,1,2.1,1,3,16.48,49.0
Vadnais Heights,Southern Glazer's Wine & Spirits of MN,Deep Eddy Ruby Red Vodka 1.75L,856065002103,1,2.1,1,6,17.67,106.0
Vadnais Heights,Southern Glazer's Wine & Spirits of MN,Burnett's Vodka 1.75L,096749200313,2,2.1,1,6,10.13,61.0
Vadnais Heights,Southern Glazer's Wine & Spirits of MN,Svedka Vodka 100pf 1.75L,088004071370,4,2.1,1,6,14.62,88.0
Vadnais Heights,Southern Glazer's Wine & Spirits of MN,Svedka Vodka 375ml,617768113752,13,2.1,1,24,3.23,78.0
Vadnais Heights,Southern Glazer's Wine & Spirits of MN,Black Velvet Canadian 1.75L,088100134511,5,2.4,1,6,13.06,78.0
Vadnais Heights,Southern Glazer's Wine & Spirits of MN,Grey Goose Vodka 1.75L,080480280000,10,2.4,2,12,35.99,432.0
Vadnais Heights,Southern Glazer's Wine & Spirits of MN,Bacardi Lime Rum 50ml,080480984281,11,2.4,1,120,0.83,100.0
Vadnais Heights,Southern Glazer's Wine & Spirits of MN,Evan Williams Bourbon 1.75L,096749021147,13,2.5,2,12,17.39,209.0
Vadnais Heights,Southern Glazer's Wine & Spirits of MN,On The Rocks Whiskey Sour 750ml,080686011378,2,2.9,1,6,15.07,90.0
Vadnais Heights,Southern Glazer's Wine & Spirits of MN,Teremana Tequila Reposado 750ml,850015640032,2,2.9,1,6,26.25,158.0
Vadnais Heights,Southern Glazer's Wine & Spirits of MN,Suntory -196 Strawberry 24ozcan,080686014423,2,2.9,1,12,2.04,24.0
Vadnais Heights,Southern Glazer's Wine & Spirits of MN,Deep Eddy Lemon Liter,856065002424,2,2.9,1,12,14.46,173.0
Vadnais Heights,Southern Glazer's Wine & Spirits of MN,Evan Williams 100 Proof 1.75L,096749021178,3,3.2,1,6,21.87,131.0
Vadnais Heights,Southern Glazer's Wine & Spirits of MN,Bacardi Superior Light Rum Liter,080480015305,6,3.2,1,12,11.95,143.0
Vadnais Heights,Southern Glazer's Wine & Spirits of MN,Bombay Sapphire Gin Liter,080480301019,4,3.4,1,12,20.87,250.0
Vadnais Heights,Southern Glazer's Wine & Spirits of MN,Dekuyper Triple Sec Liter,080686310143,4,3.4,1,12,5.48,66.0
Vadnais Heights,Southern Glazer's Wine & Spirits of MN,99 Bananas 50ml,080660620992,58,3.5,1,120,0.6,72.0
Vadnais Heights,Southern Glazer's Wine & Spirits of MN,Suntory -196 Vodka Cocktail Variety Pack 8pk 12oz can,080686009269,6,3.7,1,3,14.86,45.0
Vadnais Heights,Southern Glazer's Wine & Spirits of MN,Lunazul Blanco Tequila Liter,096749908028,6,3.7,1,12,15.49,186.0
Vadnais Heights,"Vinocopia, Inc",Arrow Creme de Cacao Dark Schnapps Liter,088352118390,0,0.0,1,12,6.9,83.0
Woodbury,Bellboy Corporation,Elijah Craig Toasted Barrel Bourbon 750ml,096749002870,0,0.0,1,6,40.0,240.0
Woodbury,Bellboy Corporation,Wheel Horse Winter Wheat Wheated Bourbon 750ml,810879029596,0,0.0,1,6,17.67,106.0
Woodbury,Bellboy Corporation,Tonka Vodka 1.75L,852546003096,0,0.0,1,6,15.0,90.0
Woodbury,Bellboy Corporation,Breckenridge Bourbon Whiskey 750ml,853826005007,0,0.0,1,6,27.26,164.0
Woodbury,Bellboy Corporation,Zarpado Anejo 750ml,810879027141,0,0.0,1,6,22.56,135.0
Woodbury,Bellboy Corporation,Captain Morgan White Liter,082000766834,0,0.0,1,12,12.83,154.0
Woodbury,Bellboy Corporation,Tryst Vodka 1.75L,810735015343,2,0.9,2,12,7.0,84.0
Woodbury,Bellboy Corporation,Espolon Reposado Tequila 750ml,721059707510,4,1.0,2,24,22.5,540.0
Woodbury,Bellboy Corporation,Zarpado Blanco Tequila 750ml,810879022054,8,1.3,2,24,13.58,326.0
Woodbury,Bellboy Corporation,Russell's Reserve 10yr 750ml,721059957502,1,1.4,1,6,32.5,195.0
Woodbury,Bellboy Corporation,Crown Royal Salted Caramel 750ml,082000783978,1,1.4,1,12,20.43,245.0
Woodbury,Bellboy Corporation,Gunner Bourbon Liter,810879029183,1,1.4,1,12,11.29,135.0
Woodbury,Bellboy Corporation,Loon Liquors Old Fashioned 750ml,787790209645,4,1.7,1,6,17.67,106.0
Woodbury,Bellboy Corporation,American Frontier Vodka 750ml,810735016227,23,1.7,3,36,3.5,126.0
Woodbury,Bellboy Corporation,Captain Morgan Spiced Rum 375ml,08727707,17,1.7,1,24,7.08,170.0
Woodbury,Bellboy Corporation,Flyer Vodka Liter,810879027172,4,1.9,1,12,5.89,71.0
Woodbury,Bellboy Corporation,Captain Morgan Spiced Rum 200ml,08727309,6,2.0,1,48,4.38,210.0
Woodbury,Bellboy Corporation,Redbreast 12 Yr 750ml,080432586174,1,2.1,1,6,56.5,339.0
Woodbury,Bellboy Corporation,Buffalo Trace Bourbon Cream 750ml,080244003715,1,2.1,1,12,16.5,198.0
Woodbury,Bellboy Corporation,Disaronno Amaretto 750ml,050037014501,2,2.1,1,12,21.0,252.0
Woodbury,Bellboy Corporation,Smirnoff Vodka Liter,08200501,5,2.7,1,12,10.65,128.0
Woodbury,Bellboy Corporation,Planteray Original Dark Rum Liter,695521154822,2,2.9,1,6,16.74,100.0
Woodbury,Bellboy Corporation,Steel 43 Vodka 50ml,810879021385,27,2.9,1,120,0.71,85.0
Woodbury,Bellboy Corporation,Dutch Bourbon 750ml,681827905084,7,3.0,1,6,5.0,30.0
Woodbury,Bellboy Corporation,Reyka Vodka Liter,083664869282,3,3.2,1,6,17.83,107.0
Woodbury,Bellboy Corporation,Ketel One Vodka 1.75L,085156803682,16,3.8,1,6,26.1,157.0
Woodbury,"Breakthru Beverage Minnesota Wine & Spirits, LLC",Glenfiddich 14Yr Single Malt 750ml,083664873463,0,0.0,1,6,40.47,243.0
Woodbury,"Breakthru Beverage Minnesota Wine & Spirits, LLC",Taaka Vodka 1.75L,088004010126,0,0.0,1,6,8.78,53.0
Woodbury,"Breakthru Beverage Minnesota Wine & Spirits, LLC",Southern Comfort 1.75L,088544018910,0,0.0,1,6,15.24,91.0
Woodbury,"Breakthru Beverage Minnesota Wine & Spirits, LLC",Platinum Vodka Liter,088004022754,0,0.0,1,12,8.34,100.0
Woodbury,"Breakthru Beverage Minnesota Wine & Spirits, LLC",Fireball Party Bucket,088004029296,1,0.9,1,6,11.84,71.0
Woodbury,"Breakthru Beverage Minnesota Wine & Spirits, LLC",Milagro Reposado Tequila 750ml,083664868940,1,1.1,1,6,17.81,107.0
Woodbury,"Breakthru Beverage Minnesota Wine & Spirits, LLC",Fireball Whisky 1.75L,088004009281,4,1.4,2,12,17.67,212.0
Woodbury,"Breakthru Beverage Minnesota Wine & Spirits, LLC",Fireball Whisky 750ml,088004144692,16,1.6,2,24,9.0,216.0
Woodbury,"Breakthru Beverage Minnesota Wine & Spirits, LLC",Twisted Shotz Sex On The Beach 4pk,766427003443,4,2.9,1,18,3.91,70.0
Woodbury,"Grape Beginnings, Inc.",Cazcanes No 7 Reposado 750ml,7500462805418,0,0.0,1,6,67.5,405.0
Woodbury,Johnson Brothers - St. Paul,Jose Cuervo Sparkling Cocktails Variety Pack 8pk 12oz can,810178380121,0,0.0,1,3,13.48,40.0
Woodbury,Johnson Brothers - St. Paul,Casamigos Reposado 1.75L,856724006244,0,0.0,1,3,79.8,239.0
Woodbury,Johnson Brothers - St. Paul,Gray Whale Gin 750ml,861602000412,0,0.0,1,6,10.07,60.0
Woodbury,Johnson Brothers - St. Paul,New Amsterdam Gin 1.75L,085000014301,0,0.0,1,6,16.61,100.0
Woodbury,Johnson Brothers - St. Paul,New Amsterdam Raspberry 1.75L,085000026175,0,0.0,1,6,15.3,92.0
Woodbury,Johnson Brothers - St. Paul,Maestro Dobel Diamante 750ml,811538012034,0,0.0,1,6,32.91,197.0
Woodbury,Johnson Brothers - St. Paul,1800 Ultimate Margarita Original 1.75L,811538019156,0,0.0,1,6,12.92,78.0
Woodbury,Johnson Brothers - St. Paul,Il Tramonto Lemoncello 750ml,084279979472,0,0.0,1,6,11.88,71.0
Woodbury,Johnson Brothers - St. Paul,High Noon Grapefruit 4pk 12oz can,085000426272,0,0.0,1,6,8.78,53.0
Woodbury,Johnson Brothers - St. Paul,Jose Cuervo Auth Strawberry 1.75L,811538011037,0,0.0,1,6,6.12,37.0
Woodbury,Johnson Brothers - St. Paul,Four Roses Small Batch 750ml,040063400317,0,0.0,2,12,23.8,286.0
Woodbury,Johnson Brothers - St. Paul,New Amsterdam Vodka 1.75L,085000019511,0,0.0,3,18,14.36,258.0
Woodbury,Johnson Brothers - St. Paul,Gran Centenario Reposado Tequila 375ml,818844022344,0,0.0,1,12,0.0,0.0
Woodbury,Johnson Brothers - St. Paul,E&J VSOP Brandy Traveler,085000016084,0,0.0,1,12,10.5,126.0
Woodbury,Johnson Brothers - St. Paul,1800 Blanco Tequila High Proof 375ml,818844029671,0,0.0,1,12,11.89,143.0
Woodbury,Johnson Brothers - St. Paul,Casamigos Blanco Tequila 375ml,856724006121,0,0.0,1,12,16.77,201.0
Woodbury,Johnson Brothers - St. Paul,Casamigos Reposado Tequila Liter,856724006206,1,0.4,2,12,45.76,549.0
Woodbury,Johnson Brothers - St. Paul,Casamigos Margarita 375ml,082000812098,1,0.7,1,12,9.0,108.0
Woodbury,Johnson Brothers - St. Paul,High Noon Pineapple 8pk 12oz can,085000043066,1,0.9,2,6,16.59,100.0
Woodbury,Johnson Brothers - St. Paul,Casamigos Blanco 750ml,083089450003,2,0.9,2,12,19.22,231.0
Woodbury,Johnson Brothers - St. Paul,E&J Brandy Traveler,085000011126,1,0.9,1,12,9.0,108.0
Woodbury,Johnson Brothers - St. Paul,1800 Silver Tequila 1.75L,811538010153,2,1.0,2,12,31.5,378.0
Woodbury,Johnson Brothers - St. Paul,Lucky One Lemonade Variety 8pk 12oz can,085000040768,1,1.1,1,3,14.0,42.0
Woodbury,Johnson Brothers - St. Paul,Smirnoff Vodka 1.75L,082000727606,11,1.2,5,30,14.61,438.0
Woodbury,Johnson Brothers - St. Paul,Rondiaz Silver Rum 1.75L,084279902715,3,1.3,2,12,15.28,183.0
Woodbury,Johnson Brothers - St. Paul,Gray Duck 1.75L,860199002618,6,1.3,3,18,16.0,288.0
Woodbury,Johnson Brothers - St. Paul,E&J VSOP Brandy 1.75L,085000003930,1,1.4,1,6,19.22,115.0
Woodbury,Johnson Brothers - St. Paul,New Amsterdam Pink Whitney 750ml,085000029626,3,1.6,1,12,9.0,108.0
Woodbury,Johnson Brothers - St. Paul,Four Roses Bourbon 1.75L,040063400430,3,1.8,1,6,27.55,165.0
Woodbury,Johnson Brothers - St. Paul,Gordons Gin 1.75L,08860032,3,1.8,1,6,15.87,95.0
Woodbury,Johnson Brothers - St. Paul,Rondiaz Spiced Rum 1.75L,084279901671,1,2.1,1,6,4.57,27.0
Woodbury,Johnson Brothers - St. Paul,Jose Cuervo Golden Margarita 1.75L,082000730361,2,2.1,1,6,13.02,78.0
Woodbury,Johnson Brothers - St. Paul,Jose Cuervo Silver Tequila 1.75L,082000743750,2,2.1,1,6,15.09,91.0
Woodbury,Johnson Brothers - St. Paul,Karkov Vodka 1.75L,084279184227,13,2.1,2,12,5.05,61.0
Woodbury,Johnson Brothers - St. Paul,Hennessy VS Cognac Liter,088110150563,4,2.1,1,12,40.23,483.0
Woodbury,Johnson Brothers - St. Paul,Four Roses Bourbon 750ml,040063400409,5,2.1,1,12,16.5,198.0
Woodbury,Johnson Brothers - St. Paul,Casamigos Blanco 50ml,856724006138,10,2.1,1,60,2.97,178.0
Woodbury,Johnson Brothers - St. Paul,New Amsterdam Vodka 50ml,08588005,179,2.6,1,120,0.67,80.0
Woodbury,Johnson Brothers - St. Paul,Cointreau 750ml,087236565107,5,2.7,1,12,27.73,333.0
Woodbury,Johnson Brothers - St. Paul,Hennessy VS Cognac 375ml,088110150624,5,2.7,1,12,14.17,170.0
Woodbury,Johnson Brothers - St. Paul,Kinky Blue 50ml,084279991528,35,2.7,1,120,0.67,80.0
Woodbury,Johnson Brothers - St. Paul,Smirnoff Vodka Traveler,08295004,25,2.8,1,12,7.96,95.0
Woodbury,Johnson Brothers - St. Paul,High Noon Tequila Variety Pack 8pk 12oz can,085000036099,4,2.9,1,3,18.71,56.0
Woodbury,Johnson Brothers - St. Paul,E&J Brandy 1.75L,08541509,2,2.9,1,6,17.67,106.0
Woodbury,Johnson Brothers - St. Paul,Kraken Black Spiced Rum (White Label) Liter,811538013000,2,2.9,1,6,16.32,98.0
Woodbury,Johnson Brothers - St. Paul,High Noon Tequila Fiesta Pack 8pk 12oz can,085000037393,10,3.1,2,6,18.15,109.0
Woodbury,Johnson Brothers - St. Paul,New Amsterdam Pink Whitney 50ml,08567507,203,3.1,1,120,0.67,80.0
Woodbury,Johnson Brothers - St. Paul,Jose Cuervo Auth Margarita 1.75L,082000190325,6,3.2,1,6,14.75,88.0
Woodbury,Johnson Brothers - St. Paul,Smirnoff Strawberry & Rose Zero Sugar 750ml,082000790815,4,3.4,1,12,8.01,96.0
Woodbury,Johnson Brothers - St. Paul,1800 Silver Tequila 750ml,811538010139,8,3.4,1,12,10.18,122.0
Woodbury,Johnson Brothers - St. Paul,Fireball Whisky 375ml,088004144722,26,3.4,1,24,5.1,123.0
Woodbury,Johnson Brothers - St. Paul,Aperol Aperitivo 750ml,721059001311,5,3.6,1,6,15.82,95.0
Woodbury,Johnson Brothers - St. Paul,Smirnoff Pink Lemonade 50ml,08267807,30,3.6,1,120,0.66,79.0
Woodbury,Libation Project,Dolin Rouge Vermouth 375ml,3274510003906,0,0.0,1,12,8.93,107.0
Woodbury,Libation Project,Dolin Dry Vermouth 375ml,3274510003807,1,1.1,1,12,8.72,105.0
Woodbury,Libation Project,King's County Straight Bourbon 750ml,853396007180,2,2.9,1,6,52.67,316.0
Woodbury,"New France Wine Co, Inc",Revel Avila Cuernavaca 12oz can,860013231330,1,0.2,1,24,4.96,119.0
Woodbury,"New France Wine Co, Inc",Dos Amigos Tequila Reposado 750ml,698450104463,6,2.1,1,12,22.53,270.0
Woodbury,"New France Wine Co, Inc",Dos Amigos Tequila Blanco 750ml,698450103466,11,3.9,1,12,18.76,225.0
Woodbury,Phillips Wine & Spirits - St. Paul,Buzzballz Biggie Pink Lemonsqueezy 1.75L,088004076603,0,0.0,1,3,8.18,25.0
Woodbury,Phillips Wine & Spirits - St. Paul,BuzzBallz Biggie Berry Cherry Limeade 1.75L,851091006347,0,0.0,1,3,15.0,45.0
Woodbury,Phillips Wine & Spirits - St. Paul,Michter's Rye 750ml,039383006507,0,0.0,1,6,32.25,193.0
Woodbury,Phillips Wine & Spirits - St. Paul,Bailey's Irish Cream 1.75L,086767210029,0,0.0,1,6,35.37,212.0
Woodbury,Phillips Wine & Spirits - St. Paul,Dulce Vida Reposado 750ml,898432002453,0,0.0,1,12,24.93,299.0
Woodbury,Phillips Wine & Spirits - St. Paul,Bulleit Bourbon Liter,087000005549,0,0.0,1,12,23.33,280.0
Woodbury,Phillips Wine & Spirits - St. Paul,Crown Royal Peach 375ml,082000795391,0,0.0,1,24,11.9,286.0
Woodbury,Phillips Wine & Spirits - St. Paul,Don Julio 1942 50ml,08273109,0,0.0,1,60,9.63,578.0
Woodbury,Phillips Wine & Spirits - St. Paul,Phillips Vodka Traveler,087116011267,4,0.9,2,24,5.53,133.0
Woodbury,Phillips Wine & Spirits - St. Paul,Phillips Vodka 1.75L,087116018099,6,1.0,4,24,10.5,252.0
Woodbury,Phillips Wine & Spirits - St. Paul,Prairie Organic Vodka 1.75L,087116019102,1,1.1,1,6,5.23,31.0
Woodbury,Phillips Wine & Spirits - St. Paul,Crown Royal Blackberry 750ml,082000789550,2,1.1,1,12,17.68,212.0
Woodbury,Phillips Wine & Spirits - St. Paul,Campo Bravo Plata 50ml,850008153129,84,1.2,3,216,0.65,141.0
Woodbury,Phillips Wine & Spirits - St. Paul,Windsor Black Cherry 1.75L,080686500193,2,1.4,1,6,15.32,92.0
Woodbury,Phillips Wine & Spirits - St. Paul,Crown Royal Canadian Liter,087000007246,1,1.4,1,12,26.31,316.0
Woodbury,Phillips Wine & Spirits - St. Paul,Captain Morgan Spiced Rum 1.75L,082000759102,23,1.5,7,42,19.64,825.0
Woodbury,Phillips Wine & Spirits - St. Paul,Fireball Whisky 100ml,088004009373,62,1.5,3,144,1.19,171.0
Woodbury,Phillips Wine & Spirits - St. Paul,Bulleit 95 Rye Whiskey 1.75L,082000766070,2,1.7,1,6,38.0,228.0
Woodbury,Phillips Wine & Spirits - St. Paul,Keeper's Heart Irish/American Whiskey 700ml,850030494009,1,2.1,1,6,17.79,107.0
Woodbury,Phillips Wine & Spirits - St. Paul,Crown Royal Peach 1.75L,082000795360,3,2.1,1,6,37.0,222.0
Woodbury,Phillips Wine & Spirits - St. Paul,Bulleit Bourbon 1.75L,087000004047,3,2.1,1,6,38.0,228.0
Woodbury,Phillips Wine & Spirits - St. Paul,Crown Royal Vanilla 750ml,082000776598,1,2.1,1,12,19.81,238.0
Woodbury,Phillips Wine & Spirits - St. Paul,Keeper's Heart Old Fashioned  750ml,850030494436,4,2.4,1,6,21.42,129.0
Woodbury,Phillips Wine & Spirits - St. Paul,Windsor Canadian 1.75L,080686500124,12,2.4,2,12,26.58,319.0
Woodbury,Phillips Wine & Spirits - St. Paul,Bailey's Minis 3 pks,088076182448,5,2.4,1,32,7.78,249.0
Woodbury,Phillips Wine & Spirits - St. Paul,Bulleit Old Fashioned 750ml,082000797319,3,2.6,1,12,17.26,207.0
Woodbury,Phillips Wine & Spirits - St. Paul,2 Gingers 50ml,080686294030,70,2.7,1,96,0.67,64.0
Woodbury,Phillips Wine & Spirits - St. Paul,Rumple Minze 750ml,086767520067,2,2.9,1,12,14.82,178.0
Woodbury,Phillips Wine & Spirits - St. Paul,Crown Royal Canadian 750ml,087000007253,8,2.9,1,12,14.9,179.0
Woodbury,Phillips Wine & Spirits - St. Paul,Crown Royal Canadian 50ml,08719902,7,3.0,1,60,1.25,75.0
Woodbury,Phillips Wine & Spirits - St. Paul,Captain Morgan Spiced Rum Traveler,08719300,9,3.2,1,12,10.83,130.0
Woodbury,Phillips Wine & Spirits - St. Paul,Crown Royal Regal Apple 750ml,082000771562,11,3.4,1,12,19.88,239.0
Woodbury,Phillips Wine & Spirits - St. Paul,BuzzBallz Berry Cherry Limeade 187ml,857674007985,16,3.6,1,24,1.31,31.0
Woodbury,Phillips Wine & Spirits - St. Paul,Buzzballz Grape Gone Wild Vikings 187ml,855200005528,107,3.6,1,24,0.07,2.0
Woodbury,Southern Glazer's Wine & Spirits of MN,Mi Campo Blanco Tequila 1.75L,086003272118,0,0.0,1,3,31.67,95.0
Woodbury,Southern Glazer's Wine & Spirits of MN,Mi Campo Reposado Tequila 1.75L,086003272125,0,0.0,1,3,34.33,103.0
Woodbury,Southern Glazer's Wine & Spirits of MN,Dewar's White Label Scotch 1.75L,080480230005,0,0.0,1,6,24.56,147.0
Woodbury,Southern Glazer's Wine & Spirits of MN,Suntory Whiskey Toki 750ml,080686957010,0,0.0,1,6,24.52,147.0
Woodbury,Southern Glazer's Wine & Spirits of MN,Luxardo Espresso Coffee Liqueur 750ml,087229127022,0,0.0,1,6,9.65,58.0
Woodbury,Southern Glazer's Wine & Spirits of MN,Whistlepig Bourbon Snout to Tail 10yr 750ml,810080551756,0,0.0,1,6,20.0,120.0
Woodbury,Southern Glazer's Wine & Spirits of MN,De Soi Tres Rose Sparkling Apertif N/A 4pk 8oz can,850042868652,0,0.0,1,6,10.75,64.0
Woodbury,Southern Glazer's Wine & Spirits of MN,Bacardi Spiced Rum 1.75L,080480001506,0,0.0,1,6,17.15,103.0
Woodbury,Southern Glazer's Wine & Spirits of MN,Maker's Mark 46 Bourbon 750ml,085246500101,0,0.0,1,6,26.32,158.0
Woodbury,Southern Glazer's Wine & Spirits of MN,Mi Campo Tequila Blanco Liter,086003272026,0,0.0,1,6,18.0,108.0
Woodbury,Southern Glazer's Wine & Spirits of MN,Henry Mckenna 10 Yr Single 750ml,096749200566,0,0.0,1,6,45.24,271.0
Woodbury,Southern Glazer's Wine & Spirits of MN,Tequila Ocho Plata Tequila 750ml,898627001308,0,0.0,1,6,0.0,0.0
Woodbury,Southern Glazer's Wine & Spirits of MN,Tequila Ocho Tequila Reposado 750ml,898627001315,0,0.0,1,6,46.24,277.0
Woodbury,Southern Glazer's Wine & Spirits of MN,Canadian Club 1.75L,080686821120,0,0.0,1,6,16.08,97.0
Woodbury,Southern Glazer's Wine & Spirits of MN,Wild Turkey 101 1.75L,721059891752,0,0.0,1,6,33.58,201.0
Woodbury,Southern Glazer's Wine & Spirits of MN,Knob Creek Bourbon 750ml,080686016762,0,0.0,2,12,25.26,303.0
Woodbury,Southern Glazer's Wine & Spirits of MN,Burnett's Vodka 1.75L,096749200313,0,0.0,2,12,10.13,122.0
Woodbury,Southern Glazer's Wine & Spirits of MN,Jameson Caskmates IPA 750ml,080432112199,0,0.0,1,12,24.35,292.0
Woodbury,Southern Glazer's Wine & Spirits of MN,Bacardi Tropical Rum Liter,080480987176,0,0.0,1,12,11.95,143.0
Woodbury,Southern Glazer's Wine & Spirits of MN,Courvoisier VSOP Cognac 750ml,080686962045,0,0.0,1,12,30.06,361.0
Woodbury,Southern Glazer's Wine & Spirits of MN,Bacardi Limon Rum 375ml,080480355609,0,0.0,1,12,5.45,65.0
Woodbury,Southern Glazer's Wine & Spirits of MN,Canadian Club Liter,080686821021,0,0.0,1,12,10.76,129.0
Woodbury,Southern Glazer's Wine & Spirits of MN,Patron Citronge 750ml,721733000043,0,0.0,1,12,14.37,172.0
Woodbury,Southern Glazer's Wine & Spirits of MN,Jameson Triple Triple,080432002117,0,0.0,1,12,22.5,270.0
Woodbury,Southern Glazer's Wine & Spirits of MN,On the Rocks Larios Aviation 375ml,855880008178,0,0.0,1,12,9.14,110.0
Woodbury,Southern Glazer's Wine & Spirits of MN,Sauza Hornitos Plata 750ml,080686835325,0,0.0,1,12,13.94,167.0
Woodbury,Southern Glazer's Wine & Spirits of MN,Elijah Craig BBN Small Batch 94 750ml,096749000067,0,0.0,1,12,16.23,195.0
Woodbury,Southern Glazer's Wine & Spirits of MN,Skrewball Peanut Butter Whiskey 750ml,860265002405,0,0.0,1,12,18.77,225.0
Woodbury,Southern Glazer's Wine & Spirits of MN,Christian Brothers Brandy Liter,086036815559,0,0.0,1,12,8.8,106.0
Woodbury,Southern Glazer's Wine & Spirits of MN,Svedka Vodka Traveler,617768121757,3,0.5,2,24,7.37,177.0
Woodbury,Southern Glazer's Wine & Spirits of MN,Jim Beam Bourbon Liter,080686001201,1,0.6,1,12,15.86,190.0
Woodbury,Southern Glazer's Wine & Spirits of MN,Jagermeister 750ml,083089524001,1,0.7,1,12,14.21,171.0
Woodbury,Southern Glazer's Wine & Spirits of MN,Svedka Vodka 375ml,617768113752,13,0.8,3,72,3.23,233.0
Woodbury,Southern Glazer's Wine & Spirits of MN,Suntory -196 Vodka Strawberry 4pk 12oz can,080686009092,1,0.9,1,6,7.5,45.0
Woodbury,Southern Glazer's Wine & Spirits of MN,On The Rocks Strawberry Daiquiri 750ml,080686007289,1,1.1,1,6,15.07,90.0
Woodbury,Southern Glazer's Wine & Spirits of MN,Blackheart Spiced Rum 1.75L,096749011650,1,1.1,1,6,14.88,89.0
Woodbury,Southern Glazer's Wine & Spirits of MN,Teremana Tequila Blanco 750ml,850015640025,2,1.1,1,6,23.25,140.0
Woodbury,Southern Glazer's Wine & Spirits of MN,Glenlivet Founder's Reserve 750ml,080432109755,1,1.1,1,12,26.84,322.0
Woodbury,Southern Glazer's Wine & Spirits of MN,Larceny Bourbon 750ml,096749031559,1,1.1,1,12,17.41,209.0
Woodbury,Southern Glazer's Wine & Spirits of MN,Svedka Vodka 200ml,617768112007,6,1.1,1,48,1.43,68.0
Woodbury,Southern Glazer's Wine & Spirits of MN,Christian Brothers Brandy 1.75L,086036815474,2,1.4,1,6,14.78,89.0
Woodbury,Southern Glazer's Wine & Spirits of MN,Grey Goose Vodka 1.75L,080480280000,3,1.4,1,6,35.99,216.0
Woodbury,Southern Glazer's Wine & Spirits of MN,Knob Creek Bourbon 1.75L,080686016946,2,1.7,1,6,45.0,270.0
Woodbury,Southern Glazer's Wine & Spirits of MN,Evan Williams Bourbon Traveler,096749021772,2,1.7,1,12,9.43,113.0
Woodbury,Southern Glazer's Wine & Spirits of MN,Dekuyper Triple Sec Liter,080686310143,3,1.8,1,12,5.48,66.0
Woodbury,Southern Glazer's Wine & Spirits of MN,Jim Beam Bourbon Traveler,080686001430,6,1.8,1,12,12.49,150.0
Woodbury,Southern Glazer's Wine & Spirits of MN,Grey Goose Vodka Liter,080480280017,4,1.9,1,6,20.33,122.0
Woodbury,Southern Glazer's Wine & Spirits of MN,99 Peppermint 50ml,088004024086,69,2.0,1,120,0.6,72.0
Woodbury,Southern Glazer's Wine & Spirits of MN,Bacardi Mango Chile Rum 1.75L,080480988425,1,2.1,1,6,17.16,103.0
Woodbury,Southern Glazer's Wine & Spirits of MN,On The Rocks Lemon Drop Martini 750ml,080686008941,1,2.1,1,6,15.07,90.0
Woodbury,Southern Glazer's Wine & Spirits of MN,Angel's Envy Bourbon 750ml,850047003003,1,2.1,1,6,35.11,211.0
Woodbury,Southern Glazer's Wine & Spirits of MN,Sauza Hornitos Plata Tequila 1.75L,080686835349,4,2.1,1,6,28.92,174.0
Woodbury,Southern Glazer's Wine & Spirits of MN,Evan Williams 100 Proof 1.75L,096749021178,4,2.1,1,6,21.87,131.0
Woodbury,Southern Glazer's Wine & Spirits of MN,Evan Williams Bourbon 1.75L,096749021147,6,2.1,1,6,17.39,104.0
Woodbury,Southern Glazer's Wine & Spirits of MN,Jim Beam Bourbon 1.75L,080686001102,9,2.1,2,12,23.73,285.0
Woodbury,Southern Glazer's Wine & Spirits of MN,Jameson Select Reserve Black Barrel 750ml,080432107263,3,2.1,1,12,31.46,378.0
Woodbury,Southern Glazer's Wine & Spirits of MN,St Germain Elderflower Liqueur 750ml,080480007379,6,2.3,1,6,21.86,131.0
Woodbury,Southern Glazer's Wine & Spirits of MN,Grey Goose Vodka 750ml,080480280024,7,2.5,1,12,14.08,169.0
Woodbury,Southern Glazer's Wine & Spirits of MN,Elijah Craig BBN Small Batch 94 1.75L,096749000074,3,2.6,1,6,34.88,209.0
Woodbury,Southern Glazer's Wine & Spirits of MN,Glenlivet Scotch 12 Yr 750ml,080432400630,6,2.6,1,12,34.21,411.0
Woodbury,Southern Glazer's Wine & Spirits of MN,99 Blue Raspberries 50ml,088004039660,40,2.6,1,120,0.6,72.0
Woodbury,Southern Glazer's Wine & Spirits of MN,Absolut Ruby Red Vodka Liter,835229001244,2,2.9,1,12,19.2,230.0
Woodbury,Southern Glazer's Wine & Spirits of MN,Jameson Irish Whiskey 1.75L,080432500187,19,3.0,2,12,25.61,307.0
Woodbury,Southern Glazer's Wine & Spirits of MN,Lunazul Reposado Tequila Liter,096749908011,20,3.1,1,12,15.31,184.0
Woodbury,Southern Glazer's Wine & Spirits of MN,Bombay Sapphire Gin 1.75L,080480301002,8,3.4,1,6,31.25,188.0
Woodbury,Southern Glazer's Wine & Spirits of MN,Basil Hayden Bourbon 750ml,080686012405,4,3.4,1,12,29.07,349.0
Woodbury,Southern Glazer's Wine & Spirits of MN,99 Peanut Butter Whisky 50ml,088004038557,104,3.6,1,120,0.6,72.0
Woodbury,Southern Glazer's Wine & Spirits of MN,Patron Silver Tequila 750ml,721733000029,6,3.7,1,12,119.28,1431.0
Woodbury,Southern Glazer's Wine & Spirits of MN,99 Bananas 50ml,080660620992,100,3.7,1,120,0.6,72.0
Woodbury,Southern Glazer's Wine & Spirits of MN,Maker's Mark Bourbon Liter,085246139424,12,4.0,1,12,25.47,306.0
Woodbury,"Vinocopia, Inc",Yellowstone Single Malt 750ml,088352139777,0,0.0,1,6,42.64,256.0
Woodbury,,Buzzballz Grape Gone Wild Vikings 24pk 187ml Case,20855200005522,0,0.0,2,2,1.63,3.0
