Item,Category,Supplier,Chain OH,Wk Velocity,WOS,Cost,Retail,Club Price,Margin %,Deal,30D Units,90D Units,By Store OH
Fireball Whisky 50ml,Whisky/Whiskey,"Breakthru Beverage Minnesota Wine & Spirits, LLC",35289,4061.7,8.7,0.61,1.49,1.24,59,1 cs  50ml  free on every 10 cs m/m 50's purchased - accum monthly,19161,44331,Minnetonka:139;Chanhassen:189;Rosemount:616;Woodbury:864;Plymouth:1297;Osseo:1339;Cottage Grove:1503;Bloomington:1648;Ramsey:1841;St. Louis Park:1970;Roseville:2256;Stillwater:2467;Vadnais Heights:2555;Andover:2575;Blaine:5159;Minneapolis:8871
New Amsterdam Pink Whitney 50ml,Vodka,Johnson Brothers - St. Paul,3989,1250.2,3.2,0.68,1.49,1.24,54,12 Sleeves of 10,5874,13753,Rosemount:83;Osseo:110;Minnetonka:128;Chanhassen:157;Plymouth:158;Roseville:176;Vadnais Heights:188;Cottage Grove:223;Woodbury:225;St. Louis Park:240;Blaine:240;Ramsey:263;Stillwater:283;Andover:285;Bloomington:562;Minneapolis:668
Buzzballz Grape Gone Wild Vikings 187ml,Pre-mixed,Phillips Wine & Spirits - St. Paul,1109,939.2,1.2,0.67,0.59,0.5,-14,5cs Per Store Min,3752,13303,Andover:2;Rosemount:3;Stillwater:5;Plymouth:9;Ramsey:12;St. Louis Park:16;Vadnais Heights:25;Cottage Grove:34;Minnetonka:70;Woodbury:131;Minneapolis:383;Roseville:427
Fireball Torch'd Vanilla 50ml,Whisky/Whiskey,"Breakthru Beverage Minnesota Wine & Spirits, LLC",7799,914.4,8.5,0.6,1.49,1.24,60,"150cs 50ml purchase in a month (Buffalo Trace Cream, Canadian Mist, Dr Mcgil, Fireball, Goldschlager, Hartley Brandy, Margaritaville, Parrot Bay, Platinum 7x, R&R, Scoresby, Sheep Dog, SoCo, Taaka, Traveller, Wheately, Yukon Jack)",5311,5492,Minnetonka:90;Roseville:152;Rosemount:166;Stillwater:192;Plymouth:255;Chanhassen:279;Cottage Grove:279;Vadnais Heights:280;St. Louis Park:293;Osseo:370;Woodbury:473;Bloomington:486;Andover:611;Ramsey:612;Blaine:882;Minneapolis:2379
Svedka Vodka 1.75L,Vodka,Southern Glazer's Wine & Spirits of MN,3310,699.5,4.7,14.76,17.49,14.96,16,"Buy Deep Every Month, EO Months Listed",3141,8348,Minnetonka:24;Bloomington:52;Ramsey:70;Vadnais Heights:82;Osseo:96;Rosemount:97;Woodbury:105;Plymouth:129;Roseville:129;Stillwater:133;Cottage Grove:190;St. Louis Park:197;Chanhassen:214;Andover:261;Blaine:575;Minneapolis:956
Fireball Blazin' Apple 50ml,Whisky/Whiskey,"Breakthru Beverage Minnesota Wine & Spirits, LLC",2310,687.1,3.4,0.61,1.49,1.24,59,1 cs  50ml  free on every 10 cs m/m  50's purchased - accum monthly,3357,6980,Minnetonka:26;Rosemount:29;Ramsey:35;Chanhassen:41;Plymouth:60;Osseo:79;Bloomington:104;St. Louis Park:113;Stillwater:143;Woodbury:149;Vadnais Heights:150;Andover:158;Roseville:180;Cottage Grove:197;Blaine:346;Minneapolis:500
New Amsterdam Vodka 50ml,Vodka,Johnson Brothers - St. Paul,3117,663.4,4.7,0.68,1.49,1.24,54,12 Sleeves of 10,3014,7759,Vadnais Heights:25;Stillwater:48;Ramsey:86;Andover:90;Osseo:103;Rosemount:119;Blaine:122;St. Louis Park:159;Plymouth:168;Chanhassen:170;Cottage Grove:199;Woodbury:206;Roseville:218;Minneapolis:548;Bloomington:856
Svedka Vodka 50ml,Vodka,Southern Glazer's Wine & Spirits of MN,1596,616.2,2.6,0.58,1.49,1.24,61,"1 on 6, free 80pf",2677,7761,Stillwater:7;Minnetonka:26;Osseo:47;Minneapolis:57;Ramsey:58;Rosemount:59;Bloomington:82;Plymouth:85;Andover:94;Cottage Grove:97;Vadnais Heights:107;Roseville:116;Chanhassen:167;St. Louis Park:170;Woodbury:186;Blaine:238
99 Strawberries Schnapps 50ml,Schnapps,Southern Glazer's Wine & Spirits of MN,2319,604.2,3.8,0.61,1.49,1.24,59,,2709,7229,Chanhassen:55;Stillwater:60;Bloomington:68;Roseville:84;Osseo:86;Cottage Grove:87;Rosemount:108;Minnetonka:122;Plymouth:124;Blaine:130;St. Louis Park:138;Vadnais Heights:139;Woodbury:151;Ramsey:200;Andover:211;Minneapolis:556
Smirnoff Vodka 50ml,Vodka,Johnson Brothers - St. Paul,2805,582.4,4.8,0.67,1.49,1.24,55,Case 1,2450,7695,Minnetonka:36;Cottage Grove:57;Rosemount:77;Vadnais Heights:84;Blaine:101;Roseville:105;Ramsey:134;Andover:143;Plymouth:167;Minneapolis:175;St. Louis Park:178;Woodbury:181;Stillwater:209;Osseo:275;Bloomington:883
Tito's Vodka 1.75L,Vodka,Johnson Brothers - St. Paul,1476,513.4,2.9,29.33,33.99,27.96,14,3cs  across chain same week,2274,6268,Minnetonka:22;Osseo:43;Bloomington:46;Ramsey:50;Vadnais Heights:54;Chanhassen:56;Rosemount:60;Plymouth:62;Roseville:71;Stillwater:75;Cottage Grove:88;St. Louis Park:104;Woodbury:112;Andover:130;Blaine:151;Minneapolis:352
99 Peaches 50ml,Schnapps,Southern Glazer's Wine & Spirits of MN,1637,427.6,3.8,0.61,1.49,1.24,59,,1883,5272,Minnetonka:6;Chanhassen:53;Bloomington:54;Roseville:55;St. Louis Park:62;Stillwater:80;Osseo:83;Woodbury:101;Plymouth:104;Ramsey:112;Rosemount:120;Vadnais Heights:138;Cottage Grove:150;Andover:154;Blaine:171;Minneapolis:194
Kinky Blue 50ml,Cordials,Johnson Brothers - St. Paul,1508,413.9,3.6,0.51,1.49,1.24,66,1 free on 3. Kinky Pink 50ml as Free Good,2152,3619,Woodbury:36;Minnetonka:48;Stillwater:83;Ramsey:95;Blaine:95;Andover:98;Cottage Grove:107;Roseville:112;Vadnais Heights:112;Rosemount:115;Bloomington:129;Minneapolis:478
Campo Bravo Plata 50ml,Agave,Phillips Wine & Spirits - St. Paul,1553,412.9,3.8,0.68,1.49,1.24,54,"1 on 20 accumulating (open-ended, not monthly)",1922,4623,Vadnais Heights:18;Stillwater:24;Ramsey:31;Osseo:40;Rosemount:43;Andover:50;St. Louis Park:51;Blaine:52;Minnetonka:65;Chanhassen:96;Woodbury:101;Bloomington:116;Plymouth:135;Roseville:142;Cottage Grove:189;Minneapolis:400
99 Bananas 50ml,Schnapps,Southern Glazer's Wine & Spirits of MN,1687,395.3,4.3,0.61,1.49,1.24,59,,1727,4936,Bloomington:10;Stillwater:46;Vadnais Heights:70;Osseo:74;Ramsey:78;Cottage Grove:93;Roseville:93;Chanhassen:94;Minnetonka:105;Plymouth:107;Woodbury:107;Andover:111;Rosemount:113;St. Louis Park:128;Blaine:151;Minneapolis:307
99 Root Beer 50ml,Schnapps,Southern Glazer's Wine & Spirits of MN,1825,379.9,4.8,0.61,1.49,1.24,59,,1618,4931,Bloomington:10;Woodbury:48;Stillwater:59;Osseo:65;Minneapolis:76;Chanhassen:81;Cottage Grove:91;Minnetonka:116;Ramsey:128;St. Louis Park:129;Rosemount:138;Vadnais Heights:139;Plymouth:143;Blaine:159;Andover:206;Roseville:237
99 Peppermint 50ml,Schnapps,Southern Glazer's Wine & Spirits of MN,1022,360.0,2.8,0.61,1.49,1.24,59,,1600,4371,Vadnais Heights:7;Stillwater:7;Chanhassen:20;Ramsey:23;Andover:26;Minnetonka:38;St. Louis Park:42;Osseo:44;Bloomington:55;Rosemount:70;Plymouth:87;Woodbury:93;Roseville:104;Blaine:106;Minneapolis:123;Cottage Grove:177
Fireball Whisky 100ml,Whisky/Whiskey,Phillips Wine & Spirits - St. Paul,1518,356.7,4.3,1.24,2.29,1.96,46,1 cs  100 ml free on every 20 cs 100's purchased - accum monthly,1419,5080,Roseville:20;Ramsey:26;Andover:35;Vadnais Heights:39;Chanhassen:42;Minnetonka:44;Plymouth:50;Stillwater:69;St. Louis Park:69;Blaine:73;Woodbury:77;Osseo:106;Cottage Grove:112;Rosemount:120;Bloomington:307;Minneapolis:329
99 Pineapples 50ml,Schnapps,Southern Glazer's Wine & Spirits of MN,1525,322.4,4.7,0.61,1.49,1.24,59,,1459,3798,Minnetonka:18;Rosemount:23;Osseo:36;Cottage Grove:40;Plymouth:45;Vadnais Heights:94;Stillwater:102;Ramsey:104;Blaine:112;Woodbury:113;St. Louis Park:116;Chanhassen:121;Andover:122;Roseville:136;Bloomington:168;Minneapolis:175
99 Lemon Lime Schnapps 50ml,Schnapps,Southern Glazer's Wine & Spirits of MN,1613,315.1,5.1,0.61,1.49,1.24,59,,1377,3932,Roseville:16;Woodbury:36;Plymouth:42;Stillwater:46;Rosemount:46;Osseo:85;Blaine:96;Chanhassen:98;Minnetonka:108;Vadnais Heights:111;St. Louis Park:116;Ramsey:129;Minneapolis:135;Bloomington:157;Cottage Grove:164;Andover:228
99 Apples 50ml,Schnapps,Southern Glazer's Wine & Spirits of MN,1456,299.7,4.9,0.61,1.49,1.24,59,,1337,3618,Ramsey:9;Vadnais Heights:35;Andover:43;St. Louis Park:44;Osseo:44;Woodbury:59;Plymouth:65;Chanhassen:75;Bloomington:80;Minnetonka:97;Blaine:107;Rosemount:111;Cottage Grove:133;Roseville:148;Stillwater:166;Minneapolis:240
99 Watermelons 50ml,Schnapps,Southern Glazer's Wine & Spirits of MN,1436,276.8,5.2,0.61,1.49,1.24,59,,1226,3379,Plymouth:10;Ramsey:15;Cottage Grove:45;Woodbury:46;Osseo:57;Andover:64;St. Louis Park:72;Blaine:79;Bloomington:105;Chanhassen:107;Minnetonka:112;Rosemount:118;Roseville:121;Vadnais Heights:137;Stillwater:141;Minneapolis:207
Tito's Vodka 750ml,Vodka,Johnson Brothers - St. Paul,449,269.3,1.7,16.08,19.99,17.96,20,3cs  across chain same week,1225,3144,Ramsey:1;Stillwater:4;Vadnais Heights:8;Minnetonka:9;Rosemount:12;Bloomington:13;Osseo:15;Roseville:17;Woodbury:17;Andover:20;Blaine:21;Chanhassen:23;St. Louis Park:24;Cottage Grove:29;Plymouth:30;Minneapolis:206
Tito's Vodka Liter,Vodka,Johnson Brothers - St. Paul,427,267.3,1.6,18.42,24.99,21.96,26,5cs across chain-same week,1191,3231,Vadnais Heights:4;Osseo:8;Ramsey:11;Stillwater:12;Minnetonka:15;Bloomington:15;Chanhassen:17;Plymouth:18;Woodbury:26;Rosemount:27;Roseville:30;Blaine:32;Andover:43;St. Louis Park:45;Minneapolis:124
Captain Morgan Spiced Rum 50ml,Rum,Bellboy Corporation,1299,266.3,4.9,0.67,1.49,1.24,55,case 1,1111,3560,Andover:3;Bloomington:22;Osseo:29;Rosemount:35;Chanhassen:37;Minnetonka:51;Ramsey:58;Roseville:60;Vadnais Heights:71;Stillwater:100;Blaine:116;Cottage Grove:118;St. Louis Park:122;Plymouth:127;Woodbury:133;Minneapolis:217
Lunazul Reposado Tequila Liter,Agave,Southern Glazer's Wine & Spirits of MN,301,260.1,1.2,15.38,23.99,16.96,36,,1222,2861,Bloomington:1;Chanhassen:4;Minnetonka:7;Andover:8;Ramsey:10;Stillwater:14;Cottage Grove:17;Rosemount:18;Blaine:19;Osseo:19;Plymouth:20;Woodbury:21;Vadnais Heights:22;Roseville:30;St. Louis Park:32;Minneapolis:59
2 Gingers 50ml,Whisky/Whiskey,Phillips Wine & Spirits - St. Paul,821,250.7,3.3,0.68,1.49,1.24,54,Case 1,1243,2466,Plymouth:1;Stillwater:7;Bloomington:8;Cottage Grove:21;Vadnais Heights:29;Roseville:37;Chanhassen:40;St. Louis Park:47;Rosemount:58;Minnetonka:60;Woodbury:77;Ramsey:78;Osseo:87;Minneapolis:116;Andover:155
Kinky Pink 50ml,Cordials,Johnson Brothers - St. Paul,1364,228.1,6.0,0.51,1.49,1.24,66,1 free on 3. Kinky Pink 50ml as Free Good,1118,2300,Roseville:6;Cottage Grove:7;Rosemount:21;Andover:54;Osseo:66;Vadnais Heights:73;Woodbury:74;Chanhassen:79;Stillwater:85;Minnetonka:94;St. Louis Park:113;Blaine:117;Ramsey:119;Plymouth:133;Bloomington:146;Minneapolis:177
Bacardi Superior Light Rum 50ml,Rum,Bellboy Corporation,1452,224.5,6.5,0.56,1.49,1.24,62,,886,3229,Roseville:30;Stillwater:31;Andover:37;Cottage Grove:50;Woodbury:73;Vadnais Heights:77;Osseo:80;Rosemount:86;Plymouth:104;Bloomington:105;Minneapolis:112;Ramsey:113;Chanhassen:120;St. Louis Park:121;Minnetonka:145;Blaine:168
Captain Morgan Spiced Rum 1.75L,Rum,Phillips Wine & Spirits - St. Paul,600,222.7,2.7,20.29,26.99,22.96,25,M/M 175's PET/Glass/lsilver-20cs across chain same week,957,2853,Stillwater:11;Plymouth:13;Bloomington:14;Vadnais Heights:14;St. Louis Park:15;Chanhassen:18;Roseville:20;Osseo:20;Minnetonka:22;Woodbury:28;Rosemount:36;Ramsey:65;Cottage Grove:65;Andover:78;Blaine:85;Minneapolis:96
Kinky Red 50ml,Cordials,Johnson Brothers - St. Paul,1097,207.9,5.3,0.51,1.49,1.24,66,1 free on 3. Kinky Pink 50ml as Free Good,1060,1912,Vadnais Heights:12;Roseville:24;Andover:41;St. Louis Park:52;Stillwater:63;Rosemount:66;Cottage Grove:69;Woodbury:78;Blaine:94;Bloomington:188;Minneapolis:410
Karkov Vodka 1.75L,Vodka,Johnson Brothers - St. Paul,577,203.8,2.8,8.73,12.99,11.96,33,"Buy 200cs, get 20cs Free",925,2389,Minnetonka:12;Stillwater:15;Woodbury:19;Plymouth:21;Vadnais Heights:22;Osseo:26;Cottage Grove:26;Roseville:27;Chanhassen:28;St. Louis Park:30;Ramsey:31;Andover:35;Rosemount:36;Blaine:58;Bloomington:71;Minneapolis:120
Bacardi Superior Light Rum 1.75L,Rum,Southern Glazer's Wine & Spirits of MN,1025,191.2,5.4,17.29,23.99,17.96,28,,816,2473,Minnetonka:6;Bloomington:22;Plymouth:27;Minneapolis:35;Roseville:43;Chanhassen:46;Cottage Grove:53;Stillwater:54;Woodbury:55;Osseo:55;St. Louis Park:59;Ramsey:59;Vadnais Heights:76;Rosemount:105;Andover:118;Blaine:212
Kinky Grape 50ml,Cordials,Johnson Brothers - St. Paul,1489,181.4,8.2,0.51,1.49,1.24,66,1 free on 3. Kinky Pink 50ml as Free Good,883,1857,Rosemount:8;Minnetonka:21;Vadnais Heights:32;Cottage Grove:59;Stillwater:66;Chanhassen:66;Osseo:67;Roseville:77;Plymouth:78;Ramsey:87;Andover:90;Blaine:103;Woodbury:116;St. Louis Park:116;Bloomington:185;Minneapolis:318
Smirnoff Vodka 1.75L,Vodka,Johnson Brothers - St. Paul,277,176.6,1.6,15.14,20.99,16.96,28,25cs across  chain - MONTHLY ACCUM,799,2082,Vadnais Heights:1;Minnetonka:4;Ramsey:8;Cottage Grove:11;Roseville:12;Rosemount:14;Woodbury:15;Chanhassen:16;Osseo:16;Plymouth:17;St. Louis Park:19;Bloomington:21;Stillwater:23;Blaine:27;Andover:33;Minneapolis:40
Tito's Vodka 50ml,Vodka,Johnson Brothers - St. Paul,747,174.3,4.3,1.64,2.29,1.96,28,,756,2199,Chanhassen:2;Bloomington:24;Ramsey:25;Andover:29;Minnetonka:33;Rosemount:37;St. Louis Park:37;Plymouth:47;Vadnais Heights:51;Blaine:53;Cottage Grove:54;Woodbury:60;Stillwater:77;Roseville:78;Minneapolis:139
BuzzBallz Berry Cherry Limeade 187ml,,Phillips Wine & Spirits - St. Paul,622,172.8,3.6,1.8,4.49,3.96,60,1 Case 48 pack Chiller free on 25 Chiller 187,729,2273,Chanhassen:1;Plymouth:10;Woodbury:16;Rosemount:20;Osseo:20;Roseville:20;Vadnais Heights:22;Stillwater:22;Ramsey:23;St. Louis Park:23;Andover:25;Blaine:35;Cottage Grove:41;Minnetonka:56;Bloomington:104;Minneapolis:184
New Amsterdam Tangerine 50ml,Vodka,Johnson Brothers - St. Paul,1252,167.6,7.5,0.68,1.49,1.24,54,12 Sleeves of 10,735,2080,Blaine:68;Woodbury:77;Roseville:85;Stillwater:120;Andover:131;Osseo:159;Bloomington:177;Minneapolis:207;St. Louis Park:228
99 Butterscotch 50ml,Schnapps,Southern Glazer's Wine & Spirits of MN,1147,163.6,7.0,0.61,1.49,1.24,59,,706,2083,Bloomington:18;Vadnais Heights:19;Osseo:23;Stillwater:41;Minnetonka:51;Cottage Grove:66;Blaine:66;Rosemount:83;Roseville:83;Minneapolis:87;Chanhassen:90;Ramsey:120;Plymouth:127;Andover:134;St. Louis Park:139
Twisted Tea Whiskey 50ml,Whisky/Whiskey,Southern Glazer's Wine & Spirits of MN,205,159.5,1.3,0.68,1.49,1.24,54,,665,2135,Bloomington:1;St. Louis Park:9;Cottage Grove:9;Stillwater:16;Osseo:22;Rosemount:30;Minneapolis:50;Woodbury:68
Margaritaville Gold Tequila 50ml,Agave,"Breakthru Beverage Minnesota Wine & Spirits, LLC",1644,155.4,10.6,0.35,1.19,0.96,71,"150cs 50ml purchase in a month (Buffalo Trace Cream, Canadian Mist, Dr Mcgil, Fireball, Goldschlager, Hartley Brandy, Margaritaville, Parrot Bay, Platinum 7x, R&R, Scoresby, Sheep Dog, SoCo, Taaka, Traveller, Wheately, Yukon Jack)",729,1716,Blaine:42;Andover:62;St. Louis Park:66;Osseo:71;Roseville:79;Vadnais Heights:85;Cottage Grove:103;Stillwater:106;Rosemount:117;Bloomington:123;Woodbury:159;Ramsey:164;Plymouth:178;Minneapolis:289
Goldschlager 50ml,Cordials,"Breakthru Beverage Minnesota Wine & Spirits, LLC",824,145.5,5.7,0.6,1.49,1.24,60,"150cs 50ml purchase in a month (Buffalo Trace Cream, Canadian Mist, Dr Mcgil, Fireball, Goldschlager, Hartley Brandy, Margaritaville, Parrot Bay, Platinum 7x, R&R, Scoresby, Sheep Dog, SoCo, Taaka, Traveller, Wheately, Yukon Jack)",655,1728,Andover:7;Vadnais Heights:25;Blaine:31;Woodbury:32;St. Louis Park:37;Chanhassen:95;Bloomington:95;Osseo:98;Stillwater:120;Minneapolis:132;Rosemount:152
Don Julio Reposado Tequila 750ml,Agave,Bellboy Corporation,439,143.6,3.1,31.0,44.99,37.96,31,2cs across chain- same week,636,1754,Chanhassen:5;Minnetonka:7;Stillwater:7;Andover:11;St. Louis Park:11;Roseville:16;Ramsey:18;Vadnais Heights:21;Blaine:28;Cottage Grove:31;Osseo:34;Plymouth:40;Woodbury:49;Rosemount:51;Minneapolis:110
Dr McGillicuddys Mentholmint 50ml,Schnapps,"Breakthru Beverage Minnesota Wine & Spirits, LLC",1392,141.0,9.9,0.6,1.49,1.24,60,"150cs 50ml purchase in a month (Buffalo Trace Cream, Canadian Mist, Dr Mcgil, Fireball, Goldschlager, Hartley Brandy, Margaritaville, Parrot Bay, Platinum 7x, R&R, Scoresby, Sheep Dog, SoCo, Taaka, Traveller, Wheately, Yukon Jack)",651,1604,Minnetonka:1;Plymouth:21;Vadnais Heights:42;Roseville:43;Ramsey:46;Rosemount:53;Chanhassen:58;Blaine:59;Bloomington:62;Cottage Grove:98;Andover:101;Woodbury:112;St. Louis Park:117;Osseo:121;Stillwater:222;Minneapolis:236
Bacardi Limon Rum 50ml,Rum,Southern Glazer's Wine & Spirits of MN,756,129.2,5.9,0.84,1.49,1.24,44,,569,1592,Bloomington:10;Cottage Grove:17;Blaine:21;Minnetonka:43;St. Louis Park:73;Andover:75;Plymouth:82;Minneapolis:95;Chanhassen:109;Stillwater:114;Roseville:117
Windsor Canadian 1.75L,Whisky/Whiskey,Phillips Wine & Spirits - St. Paul,338,129.0,2.6,18.69,20.99,17.96,11,8 free windsor 1.75 free on 50 cases 1.75 only  + 5.666cs of Trav Free,568,1590,Minnetonka:2;Vadnais Heights:10;Plymouth:11;Stillwater:12;Bloomington:13;St. Louis Park:13;Ramsey:14;Woodbury:15;Minneapolis:18;Chanhassen:21;Roseville:24;Osseo:26;Cottage Grove:31;Rosemount:32;Andover:32;Blaine:64
Yukon Jack 50ml,Whisky/Whiskey,"Breakthru Beverage Minnesota Wine & Spirits, LLC",725,125.8,5.8,0.6,1.49,1.24,60,"150cs 50ml purchase in a month (Buffalo Trace Cream, Canadian Mist, Dr Mcgil, Fireball, Goldschlager, Hartley Brandy, Margaritaville, Parrot Bay, Platinum 7x, R&R, Scoresby, Sheep Dog, SoCo, Taaka, Traveller, Wheately, Yukon Jack)",574,1460,Roseville:6;Vadnais Heights:24;Blaine:43;Cottage Grove:56;Bloomington:59;Woodbury:71;St. Louis Park:75;Ramsey:78;Minneapolis:97;Andover:216
New Amsterdam Pineapple 50ml,Vodka,Johnson Brothers - St. Paul,878,122.5,7.2,0.68,1.49,1.24,54,12 Sleeves of 10,536,1525,Andover:28;Rosemount:50;Stillwater:65;Minnetonka:95;Blaine:114;Bloomington:125;Minneapolis:128;Woodbury:273
99 Blue Raspberries 50ml,Schnapps,Southern Glazer's Wine & Spirits of MN,547,120.0,4.6,0.61,1.49,1.24,59,,511,1559,Stillwater:25;Vadnais Heights:32;Woodbury:57;Blaine:71;Bloomington:108;Andover:116;Roseville:138
Margaritaville Silver Tequila 50ml,Agave,"Breakthru Beverage Minnesota Wine & Spirits, LLC",1189,119.5,9.9,0.35,1.19,0.96,71,"150cs 50ml purchase in a month (Buffalo Trace Cream, Canadian Mist, Dr Mcgil, Fireball, Goldschlager, Hartley Brandy, Margaritaville, Parrot Bay, Platinum 7x, R&R, Scoresby, Sheep Dog, SoCo, Taaka, Traveller, Wheately, Yukon Jack)",558,1331,Ramsey:13;Osseo:26;St. Louis Park:53;Blaine:64;Cottage Grove:79;Roseville:89;Andover:91;Vadnais Heights:95;Bloomington:110;Rosemount:115;Woodbury:156;Minneapolis:298
Smirnoff Vodka Traveler,Vodka,Johnson Brothers - St. Paul,220,117.0,1.9,8.21,12.99,10.96,37,12 cs across chain - same week,515,1443,Vadnais Heights:3;Plymouth:4;Ramsey:4;Osseo:5;Bloomington:9;St. Louis Park:11;Chanhassen:12;Minnetonka:13;Blaine:14;Stillwater:15;Cottage Grove:16;Rosemount:20;Andover:21;Roseville:24;Minneapolis:24;Woodbury:25
Rumple Minze 50ml,Schnapps,Phillips Wine & Spirits - St. Paul,357,115.8,3.1,0.75,1.49,,50,Case 1,590,1068,Plymouth:8;Bloomington:104;Andover:108;Minneapolis:137
Fireball Whisky Liter,Whisky/Whiskey,"Breakthru Beverage Minnesota Wine & Spirits, LLC",11957,108.5,110.2,12.85,14.99,12.96,14,25cs purchase equity sizes in a month,576,897,Minnetonka:236;Chanhassen:303;Bloomington:314;Ramsey:368;Osseo:472;St. Louis Park:518;Plymouth:537;Roseville:564;Woodbury:591;Vadnais Heights:636;Stillwater:656;Rosemount:679;Cottage Grove:705;Blaine:1163;Andover:1220;Minneapolis:2995
Svedka Vodka 375ml,Vodka,Southern Glazer's Wine & Spirits of MN,294,106.8,2.8,3.24,7.99,6.96,59,"1 on 4, free 80pf 375ml (200ml + 375ml mix)",457,1376,Stillwater:5;Cottage Grove:5;Osseo:8;Chanhassen:13;Ramsey:14;Rosemount:14;Roseville:15;Bloomington:16;Vadnais Heights:16;Minnetonka:17;Minneapolis:23;Woodbury:24;Blaine:25;St. Louis Park:30;Andover:34;Plymouth:35
Fireball Whisky 750ml,Whisky/Whiskey,"Breakthru Beverage Minnesota Wine & Spirits, LLC",301,106.5,2.8,9.1,13.99,11.96,35,25cs purchase equity sizes in a month,437,1456,Rosemount:4;Chanhassen:8;Minnetonka:9;St. Louis Park:11;Vadnais Heights:12;Plymouth:12;Osseo:14;Blaine:16;Roseville:16;Ramsey:17;Stillwater:18;Woodbury:18;Cottage Grove:21;Andover:25;Bloomington:45;Minneapolis:55
Tito's Vodka 375ml,Vodka,Johnson Brothers - St. Paul,211,105.7,2.0,9.08,14.99,12.96,39,3cs  across chain same week,466,1299,Plymouth:1;Ramsey:2;Osseo:3;Stillwater:5;Chanhassen:7;Vadnais Heights:9;Rosemount:13;Bloomington:13;Woodbury:15;Minnetonka:16;Roseville:17;Cottage Grove:19;Andover:20;Minneapolis:20;Blaine:23;St. Louis Park:28
New Amsterdam Grapefruit Vodka 50ml,Vodka,Johnson Brothers - St. Paul,500,105.1,4.8,0.68,1.49,1.24,54,12 Sleeves of 10,491,1170,Bloomington:43;Blaine:47;Ramsey:61;Andover:100;Rosemount:105;Minneapolis:144
High Noon Variety Pack 12pk 12oz can,Pre-Mix,Johnson Brothers - St. Paul,483,104.6,4.6,22.14,32.99,27.96,33,6 bottles free on every 16cs of High Noon 12pk.  May/Aug 1/10,445,1361,Chanhassen:6;Ramsey:7;Minnetonka:11;Bloomington:14;Rosemount:18;Plymouth:19;Osseo:20;Andover:27;Stillwater:31;Woodbury:31;Vadnais Heights:35;Roseville:36;St. Louis Park:39;Blaine:50;Cottage Grove:64;Minneapolis:75
Fireball Whisky 375ml,Whisky/Whiskey,Johnson Brothers - St. Paul,358,104.2,3.4,5.19,8.99,7.96,42,1 cs  375ml  free on every 10 cs 375's purchased - accum monthly,440,1370,Stillwater:10;Minnetonka:11;Ramsey:12;Chanhassen:12;Vadnais Heights:14;Plymouth:16;Rosemount:18;Cottage Grove:18;Minneapolis:23;Andover:26;Blaine:26;Woodbury:27;Roseville:29;Osseo:29;St. Louis Park:29;Bloomington:58
99 Peanut Butter Whisky 50ml,Schnapps,Southern Glazer's Wine & Spirits of MN,888,104.0,8.5,0.61,1.49,1.24,59,,475,1204,Stillwater:6;Roseville:32;Vadnais Heights:33;Plymouth:41;Blaine:54;Minneapolis:54;Cottage Grove:61;Bloomington:66;Minnetonka:94;Rosemount:102;Osseo:105;Woodbury:116;Chanhassen:124
Jameson Irish Whiskey 1.75L,Whisky/Whiskey,Southern Glazer's Wine & Spirits of MN,584,100.2,5.8,33.4,46.99,39.96,29,,429,1291,Ramsey:13;Woodbury:22;Stillwater:24;St. Louis Park:24;Minneapolis:27;Cottage Grove:33;Roseville:34;Bloomington:36;Plymouth:37;Minnetonka:38;Rosemount:43;Andover:44;Blaine:47;Osseo:52;Chanhassen:54;Vadnais Heights:56
Buzzballz Chiller Pink Lemonsqueezy 187ml,Pre-Mix,Phillips Wine & Spirits - St. Paul,365,97.5,3.7,1.8,4.49,3.96,60,1 Case 48 pack Chiller free on 25 Chiller 187,425,1220,Minnetonka:4;Roseville:5;Ramsey:7;Osseo:7;Andover:9;Cottage Grove:9;Bloomington:14;Plymouth:14;Stillwater:20;Vadnais Heights:20;St. Louis Park:20;Chanhassen:21;Rosemount:23;Woodbury:24;Blaine:44;Minneapolis:124
Ketel One Vodka 1.75L,Vodka,Bellboy Corporation,293,97.2,3.0,25.62,34.99,29.96,27,16cs  across chain- same week,411,1275,Ramsey:4;Minneapolis:9;Stillwater:10;Osseo:11;Minnetonka:14;Plymouth:14;Andover:15;Woodbury:17;Vadnais Heights:18;Blaine:19;Rosemount:20;Cottage Grove:22;St. Louis Park:27;Roseville:28;Bloomington:29;Chanhassen:36
TLC Vodka 50ml,Vodka,"Maverick Beverage Co., LLC - MN",751,95.5,7.9,0.69,1.49,1.24,54,1 on 3 solid 50ml TLC Vodka,430,1136,Blaine:16;Bloomington:17;Plymouth:19;Ramsey:33;Cottage Grove:35;St. Louis Park:38;Woodbury:40;Minneapolis:44;Andover:47;Roseville:51;Rosemount:59;Minnetonka:66;Stillwater:69;Osseo:102;Chanhassen:115
Windsor Canadian 50ml,Whisky/Whiskey,Phillips Wine & Spirits - St. Paul,1340,94.4,14.2,0.68,1.49,1.24,54,Case 1,390,1280,Plymouth:9;Woodbury:16;Chanhassen:19;Rosemount:40;Minnetonka:42;Cottage Grove:49;Blaine:75;Bloomington:85;Vadnais Heights:91;Minneapolis:106;Roseville:110;Andover:116;Osseo:118;Stillwater:120;St. Louis Park:124;Ramsey:220
99 Mangoes 50ml,Schnapps,Southern Glazer's Wine & Spirits of MN,434,94.3,4.6,0.61,1.49,1.24,59,,451,1003,Rosemount:29;Bloomington:46;St. Louis Park:62;Blaine:91;Minneapolis:206
Gray Duck 1.75L,Vodka,Johnson Brothers - St. Paul,179,92.2,1.9,10.85,23.99,17.96,55,Case 1 Pricing,416,1090,Osseo:2;Minnetonka:3;Roseville:3;Ramsey:4;Plymouth:6;St. Louis Park:6;Stillwater:6;Woodbury:9;Vadnais Heights:10;Chanhassen:11;Cottage Grove:11;Bloomington:14;Andover:14;Rosemount:17;Blaine:22;Minneapolis:41
Jim Beam Bourbon 1.75L,Whisky/Whiskey,Southern Glazer's Wine & Spirits of MN,452,92.0,4.9,24.83,30.49,25.96,19,25cs across chain same week,387,1215,Roseville:2;Chanhassen:5;Minnetonka:7;Plymouth:9;St. Louis Park:9;Woodbury:10;Minneapolis:14;Stillwater:19;Cottage Grove:21;Bloomington:33;Andover:41;Vadnais Heights:48;Ramsey:51;Blaine:52;Osseo:53;Rosemount:78
Smirnoff Vodka 375ml,Vodka,Johnson Brothers - St. Paul,239,91.6,2.6,4.06,8.99,7.96,55,Case 1,400,1145,Vadnais Heights:4;Minnetonka:7;Osseo:7;Chanhassen:9;Rosemount:10;Blaine:11;Bloomington:17;Woodbury:17;Stillwater:17;Ramsey:19;Minneapolis:22;St. Louis Park:22;Andover:22;Cottage Grove:27;Roseville:28
Kinky Orange Cream 50ml,Cordials,Johnson Brothers - St. Paul,1103,90.8,12.1,0.51,1.49,1.24,66,1 free on 3. Kinky Pink 50ml as Free Good,436,958,Roseville:10;St. Louis Park:10;Stillwater:17;Blaine:19;Minnetonka:30;Vadnais Heights:32;Cottage Grove:40;Rosemount:60;Andover:66;Chanhassen:79;Osseo:80;Bloomington:87;Ramsey:90;Plymouth:104;Woodbury:120;Minneapolis:259
Dr McGillicuddys Cherry 50ml,Schnapps,"Breakthru Beverage Minnesota Wine & Spirits, LLC",1103,90.6,12.2,0.6,1.49,1.24,60,"150cs 50ml purchase in a month (Buffalo Trace Cream, Canadian Mist, Dr Mcgil, Fireball, Goldschlager, Hartley Brandy, Margaritaville, Parrot Bay, Platinum 7x, R&R, Scoresby, Sheep Dog, SoCo, Taaka, Traveller, Wheately, Yukon Jack)",417,1037,Minnetonka:5;Vadnais Heights:8;Chanhassen:17;St. Louis Park:33;Woodbury:41;Blaine:44;Bloomington:62;Rosemount:66;Minneapolis:70;Osseo:76;Ramsey:84;Stillwater:106;Roseville:115;Plymouth:119;Andover:119;Cottage Grove:138
American Frontier Vodka 750ml,Vodka,Bellboy Corporation,289,89.9,3.2,3.58,5.49,4.96,35,CASE 1,383,1165,Stillwater:1;Andover:2;St. Louis Park:3;Ramsey:5;Plymouth:11;Roseville:24;Rosemount:26;Woodbury:26;Chanhassen:29;Minnetonka:37;Vadnais Heights:137
Phillips Vodka 1.75L,Vodka,Phillips Wine & Spirits - St. Paul,132,88.4,1.5,9.73,14.99,13.96,35,1 on 10,387,1099,Rosemount:3;Vadnais Heights:3;Minnetonka:4;Chanhassen:4;Roseville:5;Plymouth:6;Stillwater:6;Osseo:7;St. Louis Park:7;Woodbury:7;Ramsey:7;Andover:9;Cottage Grove:10;Bloomington:12;Minneapolis:20;Blaine:22
Bacardi Limon Rum 1.75L,Rum,Southern Glazer's Wine & Spirits of MN,375,88.0,4.3,18.83,23.99,17.96,22,,388,1084,Minnetonka:4;Stillwater:5;Bloomington:7;Roseville:8;Chanhassen:9;Plymouth:12;St. Louis Park:14;Woodbury:14;Vadnais Heights:15;Osseo:17;Ramsey:20;Rosemount:31;Minneapolis:37;Andover:40;Cottage Grove:51;Blaine:91
Jameson Irish Whiskey Liter,Whisky/Whiskey,Southern Glazer's Wine & Spirits of MN,635,84.5,7.5,23.58,33.99,27.96,31,,376,1023,Ramsey:12;Andover:13;Osseo:16;Stillwater:17;Plymouth:20;Roseville:22;Bloomington:25;Blaine:27;St. Louis Park:29;Woodbury:36;Vadnais Heights:38;Chanhassen:40;Rosemount:41;Cottage Grove:41;Minneapolis:79;Minnetonka:179
Svedka Vodka Liter,Vodka,Southern Glazer's Wine & Spirits of MN,163,81.6,2.0,9.81,14.99,12.96,35,,378,922,Rosemount:2;Vadnais Heights:3;Ramsey:5;Andover:7;Bloomington:8;Woodbury:9;Roseville:9;Stillwater:9;Cottage Grove:10;Chanhassen:12;Blaine:14;Minnetonka:15;St. Louis Park:18;Minneapolis:43
Smirnoff Pink Lemonade 50ml,Vodka,Johnson Brothers - St. Paul,959,78.4,12.2,0.67,1.49,1.24,55,Case 1,309,1129,Blaine:6;St. Louis Park:6;Vadnais Heights:7;Osseo:9;Chanhassen:13;Woodbury:32;Rosemount:55;Plymouth:66;Minnetonka:69;Andover:91;Stillwater:114;Cottage Grove:120;Ramsey:122;Minneapolis:124;Bloomington:125
Espolon Blanco Tequila 750ml,Agave,Bellboy Corporation,239,77.9,3.1,19.7,31.99,26.96,38,1cs free on 12 m/m with repo/blanco,343,959,Osseo:2;Andover:4;Roseville:6;Stillwater:7;Bloomington:10;Ramsey:12;Woodbury:12;Vadnais Heights:12;Minnetonka:14;Rosemount:14;Plymouth:14;Cottage Grove:14;Chanhassen:16;Blaine:17;St. Louis Park:21;Minneapolis:64
Steel 43 Vodka 50ml,Vodka,Bellboy Corporation,2566,77.8,33.0,0.72,1.49,1.24,52,,330,1017,Osseo:13;Woodbury:32;Andover:47;Minnetonka:59;Ramsey:69;Rosemount:84;Vadnais Heights:107;Bloomington:107;Cottage Grove:122;Stillwater:130;Blaine:132;Plymouth:159;Roseville:177;St. Louis Park:210;Minneapolis:297;Chanhassen:821
Buffalo Trace Bourbon Cream 50ml,Cordials,"Breakthru Beverage Minnesota Wine & Spirits, LLC",798,77.0,10.4,0.69,1.49,1.24,54,"150cs 50ml purchase in a month (Buffalo Trace Cream, Canadian Mist, Dr Mcgil, Fireball, Goldschlager, Hartley Brandy, Margaritaville, Parrot Bay, Platinum 7x, R&R, Scoresby, Sheep Dog, SoCo, Taaka, Traveller, Wheately, Yukon Jack)",381,761,Minneapolis:35;Roseville:40;Andover:52;Blaine:60;Cottage Grove:62;Bloomington:68;Rosemount:86;Woodbury:98;Plymouth:108;St. Louis Park:189
Zarpado Blanco Tequila 750ml,Agave,Bellboy Corporation,767,76.9,10.0,13.67,23.99,19.96,43,Buyer's Select – 1 Month Lead Time,335,965,Woodbury:8;Minnetonka:15;Osseo:18;Roseville:25;Andover:34;Stillwater:39;Vadnais Heights:43;Chanhassen:44;Plymouth:46;Ramsey:51;Cottage Grove:63;Rosemount:79;St. Louis Park:81;Minneapolis:93;Blaine:128
Svedka Vodka Traveler,Vodka,Southern Glazer's Wine & Spirits of MN,161,75.8,2.1,6.94,12.99,10.96,47,"1 on 5, Free 80pf 750ml",308,1051,Plymouth:3;Rosemount:4;Chanhassen:6;Cottage Grove:7;Woodbury:7;Ramsey:8;Bloomington:9;Stillwater:11;Minnetonka:12;St. Louis Park:12;Blaine:14;Vadnais Heights:15;Roseville:15;Andover:18;Minneapolis:20
Flyer Vodka 1.75L,Vodka,Bellboy Corporation,507,74.2,6.8,11.0,18.99,14.96,42,,352,800,Minneapolis:2;Vadnais Heights:13;Rosemount:19;Minnetonka:22;Stillwater:22;Andover:29;Cottage Grove:30;Osseo:31;Plymouth:36;Ramsey:40;Woodbury:41;Roseville:41;Chanhassen:43;Bloomington:44;St. Louis Park:45;Blaine:49
New Amsterdam Vodka 1.75L,Vodka,Johnson Brothers - St. Paul,250,73.4,3.4,14.47,22.49,19.96,36,1 free on 20 NAV 1.75 May/July.  Deep $90 invoice All months,324,900,Woodbury:2;Plymouth:6;Osseo:6;Ramsey:7;Minnetonka:8;Andover:8;Vadnais Heights:8;Rosemount:9;Chanhassen:10;Stillwater:10;Bloomington:11;Roseville:17;St. Louis Park:18;Blaine:21;Cottage Grove:24;Minneapolis:85
Fireball Whisky 200ml,Whisky/Whiskey,Johnson Brothers - St. Paul,641,73.1,8.8,2.02,5.49,4.96,63,"5cs one invoice, 10cs pulse at $96",333,851,Minnetonka:7;Blaine:15;Plymouth:17;Chanhassen:19;St. Louis Park:21;Minneapolis:23;Cottage Grove:24;Andover:27;Rosemount:34;Stillwater:36;Roseville:39;Osseo:41;Ramsey:44;Woodbury:44;Vadnais Heights:52;Bloomington:198
Dr Mcgillicuddy Butterscotch 50ml,Schnapps,"Breakthru Beverage Minnesota Wine & Spirits, LLC",1192,71.3,16.7,0.6,1.49,1.24,60,"150cs 50ml purchase in a month (Buffalo Trace Cream, Canadian Mist, Dr Mcgil, Fireball, Goldschlager, Hartley Brandy, Margaritaville, Parrot Bay, Platinum 7x, R&R, Scoresby, Sheep Dog, SoCo, Taaka, Traveller, Wheately, Yukon Jack)",302,932,Minnetonka:5;Minneapolis:40;Plymouth:43;Andover:49;Chanhassen:52;Cottage Grove:52;Rosemount:56;Osseo:59;Woodbury:71;Bloomington:78;Ramsey:84;Roseville:105;Blaine:108;St. Louis Park:123;Vadnais Heights:128;Stillwater:139
Casamigos Blanco 50ml,Agave,Johnson Brothers - St. Paul,559,68.4,8.2,2.98,4.99,,40,Case 1,303,836,Chanhassen:8;Cottage Grove:8;Bloomington:10;Woodbury:10;Vadnais Heights:19;Osseo:28;St. Louis Park:28;Andover:36;Roseville:40;Minneapolis:46;Rosemount:48;Stillwater:49;Ramsey:53;Blaine:53;Minnetonka:60;Plymouth:63
Buffalo Trace 750ml,Whisky/Whiskey,"Breakthru Beverage Minnesota Wine & Spirits, LLC",1298,66.0,19.7,26.75,9999.99,9999.99,100,7 CS,228,1097,Chanhassen:36;Rosemount:40;Minnetonka:42;Minneapolis:46;Osseo:48;Plymouth:48;Cottage Grove:56;Ramsey:62;Bloomington:63;Vadnais Heights:74;Andover:84;Woodbury:89;Stillwater:91;Roseville:119;Blaine:161;St. Louis Park:237
Evan Williams Bourbon 1.75L,Whisky/Whiskey,Southern Glazer's Wine & Spirits of MN,120,65.8,1.8,17.53,22.99,19.96,24,,291,806,Plymouth:1;Minnetonka:2;Minneapolis:3;Ramsey:3;Osseo:3;St. Louis Park:3;Andover:5;Roseville:6;Chanhassen:8;Woodbury:8;Cottage Grove:8;Stillwater:9;Vadnais Heights:13;Rosemount:15;Bloomington:16;Blaine:17
Bacardi Lime Rum 50ml,Rum,Southern Glazer's Wine & Spirits of MN,333,64.4,5.2,0.84,1.49,,44,,274,837,Vadnais Heights:11;Stillwater:21;Plymouth:22;Minneapolis:29;Bloomington:36;Cottage Grove:39;Osseo:44;Rosemount:45;Blaine:86
Smirnoff Vodka 200ml,Vodka,Bellboy Corporation,460,64.3,7.2,2.32,4.49,3.96,48,Case 1,287,774,Blaine:10;Andover:11;Minnetonka:13;Roseville:15;Bloomington:16;Stillwater:21;Cottage Grove:23;Vadnais Heights:27;Minneapolis:35;Plymouth:36;Woodbury:37;Osseo:39;Ramsey:40;St. Louis Park:43;Rosemount:47;Chanhassen:47
Jose Cuervo Gold Tequila 50ml,Agave,Bellboy Corporation,979,63.4,15.4,1.28,2.99,,57,,280,778,Osseo:8;St. Louis Park:8;Chanhassen:25;Minnetonka:30;Minneapolis:47;Plymouth:82;Cottage Grove:82;Vadnais Heights:87;Roseville:87;Blaine:88;Bloomington:92;Andover:110;Rosemount:115;Stillwater:118
Tito's Vodka 200ml,Vodka,Johnson Brothers - St. Paul,238,62.5,3.8,5.22,9.99,8.96,48,,277,764,Bloomington:5;Osseo:7;Rosemount:8;Stillwater:10;Plymouth:11;Minnetonka:12;Vadnais Heights:13;St. Louis Park:15;Blaine:15;Minneapolis:17;Andover:20;Ramsey:24;Roseville:26;Woodbury:27;Cottage Grove:28
High Noon Variety Pack 8pk 12oz can,Pre-Mix,Johnson Brothers - St. Paul,476,62.4,7.6,16.87,24.99,21.96,32,Deep Net,264,818,Minnetonka:5;Bloomington:8;Vadnais Heights:8;Osseo:9;Ramsey:11;Roseville:17;Rosemount:18;Plymouth:19;Stillwater:22;Cottage Grove:25;Andover:38;St. Louis Park:38;Blaine:52;Woodbury:63;Chanhassen:70;Minneapolis:73
Buzzballz Choco Chiller 187ml,Pre-Mix,Phillips Wine & Spirits - St. Paul,286,58.7,4.9,1.8,4.49,3.96,60,1 Case 48 pack Chiller free on 25 Chiller 187,272,664,Stillwater:1;Chanhassen:4;Minnetonka:6;Woodbury:7;Plymouth:8;Roseville:9;Blaine:10;Vadnais Heights:11;Osseo:14;Cottage Grove:19;Rosemount:22;Andover:23;St. Louis Park:26;Bloomington:29;Ramsey:36;Minneapolis:61
Taaka Vodka 375ml,Vodka,"Breakthru Beverage Minnesota Wine & Spirits, LLC",214,57.7,3.7,2.46,4.99,4.46,51,10 case deal,250,729,Andover:1;Vadnais Heights:3;Cottage Grove:7;Minnetonka:7;Woodbury:10;Blaine:10;St. Louis Park:13;Stillwater:14;Plymouth:16;Ramsey:21;Bloomington:21;Osseo:23;Roseville:28;Minneapolis:40
Buzzballz Strawberry 'Rita Chiller 187ml,Pre-Mix,Phillips Wine & Spirits - St. Paul,223,57.5,3.9,1.8,4.49,3.96,60,1 Case 48 pack Chiller free on 25 Chiller 187,272,625,Ramsey:2;Stillwater:4;Woodbury:7;Minnetonka:10;Osseo:11;Cottage Grove:11;Chanhassen:13;Blaine:13;Andover:13;Roseville:16;Rosemount:21;St. Louis Park:24;Bloomington:24;Plymouth:27;Minneapolis:27
Dr.McGillicuddy's Wild Grape 50ml,Schnapps,"Breakthru Beverage Minnesota Wine & Spirits, LLC",831,56.7,14.6,0.6,1.49,1.24,60,"150cs 50ml purchase in a month (Buffalo Trace Cream, Canadian Mist, Dr Mcgil, Fireball, Goldschlager, Hartley Brandy, Margaritaville, Parrot Bay, Platinum 7x, R&R, Scoresby, Sheep Dog, SoCo, Taaka, Traveller, Wheately, Yukon Jack)",280,564,Plymouth:2;Rosemount:9;Minnetonka:35;Chanhassen:40;Cottage Grove:58;Bloomington:65;Woodbury:108;Stillwater:111;Ramsey:117;Roseville:122;Minneapolis:164
Fris Vodka 1.75L,Vodka,"Breakthru Beverage Minnesota Wine & Spirits, LLC",145,54.8,2.6,7.44,12.49,10.96,40,1 on 10 – Same Week,277,516,Plymouth:2;Cottage Grove:4;Vadnais Heights:4;Woodbury:5;Stillwater:6;Andover:6;Rosemount:7;St. Louis Park:12;Blaine:12;Roseville:16;Minneapolis:33;Bloomington:38
Malibu Rum 1.75L,Rum,Southern Glazer's Wine & Spirits of MN,243,54.4,4.5,15.68,22.99,19.96,32,,250,623,Chanhassen:2;Ramsey:4;Rosemount:7;Vadnais Heights:7;Stillwater:10;Osseo:10;Woodbury:10;Minnetonka:11;St. Louis Park:12;Roseville:15;Plymouth:16;Cottage Grove:17;Blaine:19;Bloomington:21;Andover:32;Minneapolis:50
Absolut Vodka 1.75L,Vodka,Southern Glazer's Wine & Spirits of MN,215,52.3,4.1,25.5,32.99,27.96,23,,234,629,Bloomington:3;Stillwater:4;Vadnais Heights:5;Minnetonka:6;Roseville:6;Woodbury:10;Ramsey:11;Minneapolis:18;St. Louis Park:19;Plymouth:19;Andover:19;Blaine:19;Rosemount:20;Osseo:23;Chanhassen:33
Captain Morgan Spiced Rum Liter,Rum,Phillips Wine & Spirits - St. Paul,181,51.7,3.5,13.84,22.49,18.96,38,Case 1 Must hit 8 cs within month,239,587,Chanhassen:4;Plymouth:4;Osseo:5;Minnetonka:6;Vadnais Heights:6;Blaine:7;Stillwater:8;Bloomington:9;St. Louis Park:11;Rosemount:14;Roseville:15;Andover:15;Ramsey:22;Minneapolis:27;Woodbury:30
Buddy's American Vodka 1.75L,Vodka,Bellboy Corporation,428,51.5,8.3,13.17,22.99,18.96,43,,239,581,Stillwater:3;Osseo:8;Minnetonka:11;Roseville:11;Ramsey:13;Plymouth:16;Vadnais Heights:21;Rosemount:22;Chanhassen:25;Woodbury:34;Bloomington:39;Minneapolis:41;Blaine:43;Cottage Grove:45;St. Louis Park:48;Andover:48
Fireball Whisky 1.75L,Whisky/Whiskey,"Breakthru Beverage Minnesota Wine & Spirits, LLC",168,50.6,3.3,18.19,25.99,21.96,30,25cs purchase equity sizes in a month,211,678,Cottage Grove:2;Stillwater:4;Rosemount:4;Woodbury:4;Ramsey:5;Minnetonka:6;Chanhassen:7;St. Louis Park:8;Vadnais Heights:8;Osseo:11;Blaine:12;Plymouth:13;Minneapolis:14;Roseville:17;Andover:19;Bloomington:34
Dr McGillicuddys Apple Pie 50ml,Schnapps,"Breakthru Beverage Minnesota Wine & Spirits, LLC",795,50.1,15.9,0.6,1.49,1.24,60,"150cs 50ml purchase in a month (Buffalo Trace Cream, Canadian Mist, Dr Mcgil, Fireball, Goldschlager, Hartley Brandy, Margaritaville, Parrot Bay, Platinum 7x, R&R, Scoresby, Sheep Dog, SoCo, Taaka, Traveller, Wheately, Yukon Jack)",219,626,Roseville:9;Vadnais Heights:15;St. Louis Park:15;Rosemount:17;Minnetonka:20;Bloomington:31;Stillwater:46;Minneapolis:82;Woodbury:102;Ramsey:106;Blaine:107;Plymouth:116;Andover:129
Svedka Vodka 200ml,Vodka,Southern Glazer's Wine & Spirits of MN,537,49.6,10.8,1.18,4.49,3.96,74,"1 on 4, free 80pf 375ml (200ml + 375ml mix)",214,631,Cottage Grove:2;St. Louis Park:4;Andover:9;Woodbury:9;Bloomington:13;Chanhassen:20;Ramsey:26;Blaine:35;Minnetonka:36;Osseo:39;Rosemount:40;Plymouth:41;Vadnais Heights:42;Stillwater:43;Roseville:52;Minneapolis:126
Buzzballz Lime 'Rita Chiller 187ml,Pre-Mix,Phillips Wine & Spirits - St. Paul,284,49.6,5.7,1.8,4.49,3.96,60,1 Case 48 pack Chiller free on 25 Chiller 187,223,590,Andover:2;Woodbury:3;Minnetonka:10;Stillwater:10;Cottage Grove:10;Chanhassen:12;Plymouth:18;St. Louis Park:20;Vadnais Heights:22;Osseo:23;Rosemount:25;Bloomington:31;Ramsey:44;Minneapolis:54
Kinky Peach Mango 50ml,Cordials,Johnson Brothers - St. Paul,232,48.8,4.8,0.51,1.49,1.24,66,1 free on 3. Kinky Pink 50ml as Free Good,242,478,Minnetonka:10;Rosemount:94;Minneapolis:128
Maker's Mark Bourbon 1.75L,Whisky/Whiskey,Southern Glazer's Wine & Spirits of MN,186,47.9,3.9,40.58,53.99,44.96,25,,214,577,Cottage Grove:1;Osseo:2;Andover:4;St. Louis Park:4;Ramsey:5;Roseville:5;Minneapolis:6;Plymouth:6;Rosemount:7;Stillwater:7;Minnetonka:11;Bloomington:12;Chanhassen:13;Vadnais Heights:30;Blaine:30;Woodbury:43
Hartley Brandy VSOP 50ml,Brandy,"Breakthru Beverage Minnesota Wine & Spirits, LLC",928,47.4,19.6,0.6,1.19,0.96,50,"150cs 50ml purchase in a month (Buffalo Trace Cream, Canadian Mist, Dr Mcgil, Fireball, Goldschlager, Hartley Brandy, Margaritaville, Parrot Bay, Platinum 7x, R&R, Scoresby, Sheep Dog, SoCo, Taaka, Traveller, Wheately, Yukon Jack)",225,512,Andover:45;Cottage Grove:79;Rosemount:100;Vadnais Heights:100;Blaine:103;Plymouth:107;St. Louis Park:115;Bloomington:115;Minneapolis:164
Smirnoff Vodka Liter,Vodka,Bellboy Corporation,144,47.4,3.0,10.15,17.99,14.96,44,8 cs across chain-same week,221,528,Ramsey:2;Minnetonka:3;Stillwater:4;Woodbury:5;Osseo:6;St. Louis Park:6;Vadnais Heights:6;Plymouth:7;Blaine:7;Bloomington:10;Andover:10;Chanhassen:11;Rosemount:12;Roseville:12;Minneapolis:20;Cottage Grove:23
E&J Brandy 1.75L,Brandy,Johnson Brothers - St. Paul,105,47.3,2.2,15.96,23.99,20.96,33,3 VS 1.75 free on 25cs,209,580,Rosemount:1;Woodbury:2;Minnetonka:3;Roseville:3;Stillwater:3;Cottage Grove:3;Minneapolis:5;Chanhassen:5;Plymouth:5;St. Louis Park:7;Ramsey:8;Andover:8;Osseo:9;Blaine:12;Vadnais Heights:14;Bloomington:17
Jose Cuervo Silver Tequila Liter,Agave,Johnson Brothers - St. Paul,242,46.2,5.2,17.25,23.99,14.96,28,1 free on 5,201,580,Plymouth:4;Cottage Grove:5;Rosemount:6;Ramsey:7;Osseo:9;Minnetonka:10;Stillwater:11;Woodbury:11;Roseville:11;Andover:12;Blaine:12;Chanhassen:14;St. Louis Park:18;Vadnais Heights:22;Bloomington:36;Minneapolis:54
Jack Daniels Whiskey 50ml,Whisky/Whiskey,Johnson Brothers - St. Paul,1493,46.1,32.4,1.52,3.49,,56,,206,555,Osseo:10;Roseville:13;Plymouth:21;Minnetonka:49;Ramsey:55;Cottage Grove:55;Woodbury:56;Stillwater:63;Rosemount:77;Bloomington:97;St. Louis Park:97;Andover:118;Vadnais Heights:120;Blaine:121;Chanhassen:150;Minneapolis:391
New Amsterdam Raspberry vodka 50ml,Vodka,Johnson Brothers - St. Paul,145,45.4,3.2,0.68,1.49,1.24,54,12 Sleeves of 10,227,437,Andover:10;Bloomington:64;Minneapolis:71
Canadian Mist 50ml,Whisky/Whiskey,"Breakthru Beverage Minnesota Wine & Spirits, LLC",891,45.4,19.6,0.6,1.49,1.24,60,"150cs 50ml purchase in a month (Buffalo Trace Cream, Canadian Mist, Dr Mcgil, Fireball, Goldschlager, Hartley Brandy, Margaritaville, Parrot Bay, Platinum 7x, R&R, Scoresby, Sheep Dog, SoCo, Taaka, Traveller, Wheately, Yukon Jack)",226,443,Andover:63;Woodbury:90;Blaine:96;Minneapolis:108;Roseville:147;Bloomington:172;St. Louis Park:215
Bacardi Gold Rum 50ml,Rum,Southern Glazer's Wine & Spirits of MN,201,45.0,4.5,0.84,1.49,,44,,194,572,Bloomington:51;Minneapolis:61;Blaine:89
Espolon Reposado Tequila 750ml,Agave,Bellboy Corporation,139,44.4,3.1,20.81,34.99,29.96,41,"1cs free on 12 m/m with repo/blanco,",196,545,Chanhassen:1;Osseo:3;Roseville:3;Plymouth:3;Ramsey:4;Woodbury:5;Minnetonka:6;Cottage Grove:7;Rosemount:8;Bloomington:9;St. Louis Park:9;Andover:10;Blaine:11;Vadnais Heights:11;Stillwater:14;Minneapolis:35
Patron Silver Tequila 750ml,Agave,Southern Glazer's Wine & Spirits of MN,157,43.9,3.6,35.32,44.99,37.96,21,,185,579,Minnetonka:1;Osseo:2;Woodbury:6;Cottage Grove:6;Ramsey:8;Roseville:8;Blaine:8;Rosemount:10;Plymouth:11;St. Louis Park:11;Stillwater:11;Chanhassen:14;Andover:14;Bloomington:14;Vadnais Heights:15;Minneapolis:18
Captain Morgan Spiced Rum Traveler,Rum,Phillips Wine & Spirits - St. Paul,181,43.5,4.2,10.42,16.99,14.96,39,Case 1 Must hit 5 cs within month,184,569,Minnetonka:4;Roseville:4;St. Louis Park:6;Osseo:7;Plymouth:8;Chanhassen:9;Woodbury:10;Ramsey:11;Minneapolis:12;Andover:12;Rosemount:13;Stillwater:15;Bloomington:16;Cottage Grove:16;Vadnais Heights:19;Blaine:19
High Noon Pineapple 4pk 12oz can,Pre-Mix,Johnson Brothers - St. Paul,107,43.1,2.5,8.43,13.79,11.96,39,Deep Net,188,540,Andover:2;Vadnais Heights:3;Rosemount:4;Chanhassen:4;Minnetonka:4;Roseville:5;Plymouth:5;Cottage Grove:5;Ramsey:7;Woodbury:10;Stillwater:10;St. Louis Park:14;Bloomington:16;Minneapolis:18
Phillips Vodka Traveler,Vodka,Phillips Wine & Spirits - St. Paul,94,43.1,2.2,5.62,8.99,7.96,37,Case 1,190,529,Minnetonka:1;Rosemount:1;Vadnais Heights:1;St. Louis Park:4;Roseville:4;Bloomington:5;Stillwater:5;Woodbury:6;Andover:6;Plymouth:8;Cottage Grove:9;Minneapolis:10;Osseo:11;Ramsey:11;Blaine:12
Jim Beam Bourbon Glass 750ml,Bourbon,Southern Glazer's Wine & Spirits of MN,1505,43.1,35.0,9.22,17.49,14.96,47,,242,295,Minnetonka:31;Osseo:38;Ramsey:49;Chanhassen:50;Plymouth:59;Stillwater:59;St. Louis Park:66;Rosemount:66;Cottage Grove:74;Vadnais Heights:74;Roseville:92;Andover:98;Bloomington:114;Woodbury:122;Minneapolis:255;Blaine:258
Malibu Rum Liter,Rum,Southern Glazer's Wine & Spirits of MN,279,43.1,6.5,13.56,20.99,17.96,35,,219,400,Chanhassen:3;Minnetonka:4;Roseville:4;Plymouth:7;Rosemount:7;Woodbury:7;Stillwater:9;Osseo:10;St. Louis Park:10;Andover:10;Vadnais Heights:18;Bloomington:20;Blaine:21;Cottage Grove:23;Minneapolis:61;Ramsey:65
Buzzballz Pineapple Colada Chiller 187ml,Pre-Mix,Phillips Wine & Spirits - St. Paul,410,42.5,9.7,1.8,4.49,3.96,60,1 Case 48 pack Chiller free on 25 Chiller 187,178,564,Ramsey:2;Rosemount:9;Osseo:15;Stillwater:17;Blaine:19;Chanhassen:20;Andover:21;St. Louis Park:21;Woodbury:23;Minnetonka:24;Roseville:25;Plymouth:26;Vadnais Heights:31;Cottage Grove:37;Bloomington:57;Minneapolis:63
New Amsterdam Vodka Liter,Vodka,Johnson Brothers - St. Paul,137,42.5,3.2,10.59,16.99,14.96,38,,194,494,Plymouth:1;Stillwater:1;Osseo:3;Blaine:4;Rosemount:6;Ramsey:6;Vadnais Heights:6;St. Louis Park:8;Chanhassen:9;Cottage Grove:11;Woodbury:11;Roseville:11;Bloomington:11;Minnetonka:12;Andover:17;Minneapolis:20
New Amsterdam Vodka 750ml,Vodka,Johnson Brothers - St. Paul,154,42.4,3.6,9.09,13.99,11.96,35,,194,490,Vadnais Heights:1;Blaine:2;Plymouth:3;Osseo:4;Chanhassen:5;Roseville:6;Minnetonka:7;Rosemount:8;Cottage Grove:9;St. Louis Park:11;Woodbury:11;Ramsey:12;Bloomington:15;Stillwater:15;Andover:16;Minneapolis:29
High Noon Tropical Variety Pack 8pk 12oz can,Pre-Mix,Johnson Brothers - St. Paul,248,42.0,5.9,16.87,24.99,21.96,32,Deep Net,181,536,Cottage Grove:1;Osseo:2;Bloomington:3;Minnetonka:3;Ramsey:3;Vadnais Heights:4;Stillwater:5;St. Louis Park:7;Rosemount:12;Blaine:15;Minneapolis:17;Chanhassen:18;Roseville:26;Plymouth:32;Woodbury:37;Andover:63
Lunazul Blanco Tequila Liter,Agave,Southern Glazer's Wine & Spirits of MN,129,41.9,3.1,15.38,23.99,19.96,36,,182,527,Stillwater:2;Minnetonka:4;Bloomington:5;Vadnais Heights:6;Blaine:6;Rosemount:7;Cottage Grove:8;St. Louis Park:8;Plymouth:9;Osseo:11;Roseville:13;Woodbury:14;Minneapolis:36
Tanqueray Gin 1.75L,Gin,Johnson Brothers - St. Paul,91,41.9,2.2,27.16,35.49,31.96,23,4cs across chain - same week,180,537,Chanhassen:2;Ramsey:3;Osseo:3;Minnetonka:3;Plymouth:4;Andover:5;Rosemount:5;Stillwater:5;Blaine:5;Minneapolis:6;Cottage Grove:6;Roseville:8;St. Louis Park:8;Vadnais Heights:9;Woodbury:9;Bloomington:10
Tonka Vodka 50ml,Vodka,Bellboy Corporation,211,41.5,5.1,0.68,1.49,1.24,54,,161,610,Rosemount:2;Cottage Grove:3;Ramsey:5;Osseo:5;Stillwater:5;Roseville:6;Minnetonka:7;Vadnais Heights:9;Woodbury:14;Blaine:15;St. Louis Park:17;Bloomington:25;Plymouth:26;Chanhassen:35;Andover:37
Jose Cuervo Gold Tequila Liter,Agave,Johnson Brothers - St. Paul,276,41.4,6.7,17.25,23.99,14.96,28,1 free on 5,175,542,Osseo:6;St. Louis Park:6;Woodbury:7;Plymouth:7;Minnetonka:8;Stillwater:10;Cottage Grove:11;Vadnais Heights:14;Rosemount:15;Ramsey:17;Chanhassen:18;Blaine:23;Andover:25;Minneapolis:29;Roseville:37;Bloomington:43
Four Roses Bourbon 1.75L,Whisky/Whiskey,Johnson Brothers - St. Paul,87,41.1,2.1,27.73,38.99,32.96,29,Case 1 Pricing,190,466,Osseo:2;Rosemount:2;Minneapolis:2;Plymouth:3;Vadnais Heights:3;Woodbury:4;Stillwater:4;Chanhassen:5;Minnetonka:5;St. Louis Park:5;Blaine:6;Roseville:8;Andover:8;Cottage Grove:9;Bloomington:22
Taaka Vodka 750ml,Vodka,"Breakthru Beverage Minnesota Wine & Spirits, LLC",120,41.0,2.9,4.6,7.99,6.96,42,net down pricing,168,561,Plymouth:4;St. Louis Park:6;Chanhassen:7;Osseo:7;Ramsey:7;Stillwater:7;Minnetonka:8;Rosemount:8;Bloomington:9;Cottage Grove:9;Roseville:9;Blaine:9;Woodbury:10;Vadnais Heights:10;Minneapolis:10
99 XXPRESSO 50ml,Schnapps,Southern Glazer's Wine & Spirits of MN,781,40.8,19.1,0.61,1.49,1.24,59,,170,548,Vadnais Heights:6;Ramsey:15;Osseo:33;Roseville:60;Rosemount:74;Bloomington:78;Chanhassen:86;Minnetonka:87;Stillwater:101;Plymouth:120;Woodbury:121
Jack Daniels Whiskey 1.75L,Whisky/Whiskey,Johnson Brothers - St. Paul,220,40.6,5.4,40.32,48.99,39.96,18,,177,507,Vadnais Heights:2;Minnetonka:4;Ramsey:4;Stillwater:7;Plymouth:9;Chanhassen:9;Woodbury:9;St. Louis Park:11;Roseville:12;Osseo:14;Andover:14;Rosemount:17;Blaine:24;Minneapolis:27;Bloomington:28;Cottage Grove:29
99 Coconuts 50ml,Schnapps,Southern Glazer's Wine & Spirits of MN,145,39.2,3.7,0.61,1.49,1.24,59,,178,460,Roseville:35;Bloomington:110
99 Grapes 50ml,Schnapps,Southern Glazer's Wine & Spirits of MN,81,38.4,2.1,0.61,1.49,1.24,59,,190,378,Roseville:3;Bloomington:78
Titos Vodka 100ml,Vodka,Johnson Brothers - St. Paul,383,37.8,10.1,2.38,4.99,3.96,52,,167,465,Chanhassen:2;Osseo:2;St. Louis Park:8;Stillwater:9;Cottage Grove:10;Bloomington:16;Rosemount:18;Vadnais Heights:19;Ramsey:21;Woodbury:22;Minnetonka:29;Minneapolis:34;Andover:36;Blaine:42;Roseville:48;Plymouth:67
Bacardi Superior Light Rum Liter,Rum,Southern Glazer's Wine & Spirits of MN,121,37.5,3.2,13.78,18.99,15.96,27,,160,486,Roseville:1;Blaine:2;Stillwater:3;Osseo:3;St. Louis Park:3;Minnetonka:4;Vadnais Heights:6;Cottage Grove:8;Ramsey:9;Bloomington:10;Chanhassen:10;Rosemount:10;Minneapolis:10;Woodbury:13;Andover:14;Plymouth:15
Sauza Hornitos Plata 750ml,Agave,Southern Glazer's Wine & Spirits of MN,131,37.5,3.5,15.68,23.99,17.96,35,,161,480,Andover:1;Rosemount:2;Blaine:2;Stillwater:6;St. Louis Park:6;Chanhassen:7;Roseville:7;Osseo:8;Vadnais Heights:12;Minnetonka:15;Bloomington:18;Cottage Grove:23;Minneapolis:24
Bombay Sapphire Gin 1.75L,Gin,Southern Glazer's Wine & Spirits of MN,106,37.4,2.8,33.17,37.99,32.96,13,,153,514,Vadnais Heights:1;Chanhassen:4;Stillwater:4;Andover:5;Bloomington:6;Ramsey:6;Rosemount:6;Plymouth:6;Minnetonka:7;Roseville:8;Woodbury:8;Blaine:8;Minneapolis:11;St. Louis Park:12;Cottage Grove:14
Hennessy VS Cognac 750ml,Brandy,Bellboy Corporation,166,37.3,4.5,27.0,39.99,35.96,32,"Mix & match Hennessey 750s, liters, 1.75 ,375,200 - across chain monthly",159,482,Stillwater:1;Vadnais Heights:2;Andover:3;Plymouth:3;Minnetonka:4;Woodbury:4;Blaine:5;Rosemount:6;Osseo:6;Ramsey:7;Chanhassen:8;Roseville:10;St. Louis Park:21;Bloomington:23;Cottage Grove:29;Minneapolis:34
Smirnoff Blue Raspberry Lemonade 50ml,Vodka,Johnson Brothers - St. Paul,188,37.1,5.1,0.67,1.49,1.24,55,Case 1,179,386,Bloomington:3;Roseville:3;Andover:8;Minneapolis:51;Chanhassen:123
New Amsterdam Vodka 375ml,Vodka,Johnson Brothers - St. Paul,229,36.9,6.2,4.05,8.99,7.96,55,Deep net SOND,160,465,Ramsey:1;Stillwater:4;Minnetonka:5;Bloomington:5;Vadnais Heights:8;Chanhassen:10;Roseville:10;Rosemount:13;Andover:14;Plymouth:15;Cottage Grove:17;Osseo:18;Blaine:21;Woodbury:22;St. Louis Park:22;Minneapolis:44
Milagro Reposado Tequila 750ml,Agave,"Breakthru Beverage Minnesota Wine & Spirits, LLC",122,36.9,3.3,17.83,26.99,23.96,34,5cs purchase in a month ($105.50/cs Apil - June),147,523,Woodbury:1;Ramsey:2;Andover:2;Osseo:2;Cottage Grove:5;Blaine:5;St. Louis Park:5;Minnetonka:6;Bloomington:6;Chanhassen:7;Plymouth:7;Rosemount:9;Stillwater:11;Roseville:15;Vadnais Heights:16;Minneapolis:23
Jose Cuervo Silver Tequila 750ml,Agave,Johnson Brothers - St. Paul,181,36.8,4.9,14.33,21.99,17.96,35,Case 1 Pricing,161,458,Andover:3;Stillwater:3;Minnetonka:4;Woodbury:4;Chanhassen:5;Vadnais Heights:6;St. Louis Park:7;Blaine:7;Plymouth:11;Roseville:11;Cottage Grove:13;Rosemount:13;Osseo:18;Bloomington:22;Minneapolis:54
Grey Goose Vodka 1.75L,Vodka,Southern Glazer's Wine & Spirits of MN,91,36.3,2.5,36.13,45.99,39.96,21,,154,474,Ramsey:1;Stillwater:2;Chanhassen:2;Minnetonka:3;Osseo:3;Roseville:4;Woodbury:4;Blaine:4;Cottage Grove:5;St. Louis Park:5;Andover:6;Bloomington:7;Plymouth:9;Rosemount:10;Vadnais Heights:12;Minneapolis:14
Ole Smoky MS Apple Pie 50ml,Whisky/Whiskey,Southern Glazer's Wine & Spirits of MN,257,36.2,7.1,2.02,2.99,,32,,162,433,Osseo:2;Andover:6;Rosemount:7;Woodbury:11;St. Louis Park:12;Chanhassen:16;Cottage Grove:17;Blaine:18;Bloomington:20;Stillwater:28;Plymouth:35;Minnetonka:38;Vadnais Heights:47
Jameson Irish Whiskey 750ml,Whisky/Whiskey,Southern Glazer's Wine & Spirits of MN,323,36.1,9.0,19.08,29.99,24.96,36,,130,575,Ramsey:5;Osseo:7;Minnetonka:8;Stillwater:9;Vadnais Heights:18;Blaine:18;Plymouth:19;Bloomington:20;Roseville:20;Rosemount:21;Andover:24;Cottage Grove:24;Woodbury:27;Chanhassen:30;St. Louis Park:34;Minneapolis:39
New Amsterdam Vodka 100 50ml,Vodka,Johnson Brothers - St. Paul,320,35.6,9.0,1.34,1.49,1.24,10,12 Sleeves of 10,161,421,Bloomington:99;Minneapolis:110;Cottage Grove:111
Flyer Vodka Liter,Vodka,Bellboy Corporation,374,35.4,10.6,5.92,11.49,9.96,48,,173,360,Minnetonka:3;Cottage Grove:4;Andover:4;Vadnais Heights:5;Woodbury:5;Ramsey:6;Chanhassen:11;Stillwater:12;St. Louis Park:13;Osseo:16;Bloomington:16;Rosemount:17;Blaine:19;Roseville:26;Minneapolis:217
Svedka Strawberry Lemonade Vod 1.75L,Vodka,Southern Glazer's Wine & Spirits of MN,199,35.2,5.7,14.76,17.99,15.96,18,"Buy Deep Every Month, EO Months Listed",176,338,Cottage Grove:1;Stillwater:3;Ramsey:3;Minnetonka:4;Plymouth:5;Roseville:5;Bloomington:7;Osseo:9;Rosemount:11;Blaine:11;Andover:19;Woodbury:20;St. Louis Park:23;Minneapolis:78
Hennessy VS Cognac 375ml,Brandy,Johnson Brothers - St. Paul,142,35.1,4.0,13.25,25.99,21.96,49,"Mix & match Hennessey 750s, liters, 1.75 ,375,200 - across chain monthly",149,458,Chanhassen:1;Bloomington:4;Ramsey:5;Woodbury:5;Andover:6;Minnetonka:7;Vadnais Heights:7;Rosemount:8;Stillwater:9;Blaine:10;Plymouth:11;Cottage Grove:11;Roseville:11;St. Louis Park:12;Osseo:12;Minneapolis:23
Bulleit Bourbon 750ml,Whisky/Whiskey,Bellboy Corporation,218,34.9,6.2,19.25,28.99,24.96,34,8  cases M/M RYE  - across chain - same week,157,416,Vadnais Heights:3;Bloomington:6;Osseo:7;Plymouth:7;Ramsey:8;Minnetonka:9;Roseville:9;Rosemount:10;Chanhassen:14;Stillwater:15;Woodbury:16;Andover:17;Cottage Grove:17;Blaine:24;St. Louis Park:25;Minneapolis:31
Buzzballz Hazelnut Latte Chiller 187ml,Pre-Mix,Phillips Wine & Spirits - St. Paul,494,33.6,14.7,1.8,4.49,3.96,60,1 Case 48 pack Chiller free on 25 Chiller 187,157,375,Andover:1;Rosemount:5;Vadnais Heights:6;Minnetonka:8;Cottage Grove:11;St. Louis Park:13;Woodbury:14;Roseville:15;Osseo:19;Ramsey:21;Plymouth:23;Stillwater:28;Blaine:30;Bloomington:53;Minneapolis:247
Skyy Vodka 1.75L,Vodka,Southern Glazer's Wine & Spirits of MN,67,33.4,2.0,16.82,22.99,19.96,27,5Cs m/m across chain same week,152,389,St. Louis Park:1;Blaine:2;Chanhassen:3;Minnetonka:3;Vadnais Heights:3;Bloomington:3;Andover:3;Ramsey:3;Roseville:4;Osseo:4;Plymouth:5;Stillwater:6;Woodbury:7;Minneapolis:10;Rosemount:10
Aperol Aperitivo 750ml,Cordials,Johnson Brothers - St. Paul,140,33.2,4.2,16.32,25.99,19.96,37,14 cs across chain- same week,131,479,Osseo:2;Ramsey:2;Stillwater:4;Cottage Grove:5;Woodbury:5;Bloomington:6;Vadnais Heights:6;Andover:6;Minnetonka:7;Rosemount:9;Plymouth:9;Blaine:10;St. Louis Park:10;Chanhassen:15;Roseville:16;Minneapolis:28
Smirnoff Blueberry Vodka 50ml,Vodka,Johnson Brothers - St. Paul,269,33.1,8.1,0.67,1.49,1.24,55,Case 1,159,350,Plymouth:26;Roseville:45;Bloomington:72;Minneapolis:126
New Amsterdam London Dry Gin 50ml,Vodka,Johnson Brothers - St. Paul,385,33.1,11.6,1.01,1.49,1.24,32,12 Sleeves of 10,146,406,Plymouth:7;Andover:10;Osseo:14;Vadnais Heights:34;Stillwater:50;Roseville:66;Ramsey:95;Bloomington:109
Bacardi Superior Light Rum 375ml,Rum,Southern Glazer's Wine & Spirits of MN,207,33.0,6.3,6.45,6.99,6.46,8,,151,380,Minnetonka:1;Blaine:2;Plymouth:2;Osseo:2;Andover:4;Cottage Grove:6;Minneapolis:11;Chanhassen:13;Rosemount:15;Roseville:15;St. Louis Park:15;Woodbury:21;Vadnais Heights:22;Stillwater:24;Ramsey:25;Bloomington:29
Jose Cuervo Gold Tequila 200ml,Agave,Johnson Brothers - St. Paul,377,32.5,11.6,4.21,8.99,7.96,53,Case 1 Pricing,146,387,Vadnais Heights:2;Ramsey:4;Blaine:11;Woodbury:26;Bloomington:27;Osseo:31;Minnetonka:36;Andover:41;Stillwater:44;Plymouth:48;Roseville:48;Minneapolis:59
Crown Royal Blackberry 750ml,Whisky/Whiskey,Phillips Wine & Spirits - St. Paul,157,32.4,4.8,23.01,29.99,24.96,23,Case 1,152,357,Woodbury:3;Minnetonka:5;Osseo:6;Chanhassen:7;St. Louis Park:8;Plymouth:9;Cottage Grove:9;Ramsey:10;Stillwater:10;Vadnais Heights:10;Blaine:12;Rosemount:13;Bloomington:14;Minneapolis:16;Andover:25
Woodford Reserve Bourbon 1.75L,Whisky/Whiskey,Johnson Brothers - St. Paul,107,31.9,3.4,48.93,56.99,51.96,14,,141,390,Roseville:1;Ramsey:2;Minnetonka:2;St. Louis Park:2;Chanhassen:3;Plymouth:3;Woodbury:3;Vadnais Heights:4;Minneapolis:6;Osseo:6;Stillwater:7;Rosemount:8;Bloomington:11;Cottage Grove:13;Andover:15;Blaine:21
Crown Royal Canadian 750ml,Whisky/Whiskey,Phillips Wine & Spirits - St. Paul,161,31.8,5.1,19.75,29.99,24.96,34,"8cs m/m (Reg, Apple, Peach,Vanilla)across chain-same week",143,378,Andover:2;Osseo:5;Chanhassen:6;Minnetonka:6;Plymouth:6;Rosemount:6;Woodbury:8;Minneapolis:8;Blaine:8;Ramsey:9;Roseville:10;St. Louis Park:13;Vadnais Heights:14;Bloomington:15;Stillwater:18;Cottage Grove:27
E&J Brandy 50ml,Brandy,Johnson Brothers - St. Paul,421,31.8,13.2,1.01,1.49,1.24,32,12 Sleeves of 10,141,389,Roseville:25;Bloomington:68;St. Louis Park:328
E&J VSOP Brandy 50ml,Brandy,Johnson Brothers - St. Paul,287,31.7,9.1,1.01,1.49,1.24,32,12 Sleeves of 10,126,452,Bloomington:46;Plymouth:51;Roseville:75;Stillwater:115
Crown Royal Regal Apple 750ml,Whisky/Whiskey,Phillips Wine & Spirits - St. Paul,195,31.3,6.2,19.75,29.99,24.96,34,"8cs m/m (Reg, Apple, Peach,Vanilla)across chain-same week",143,362,Rosemount:2;Minnetonka:2;Chanhassen:3;Stillwater:7;Osseo:10;Bloomington:10;Roseville:10;Vadnais Heights:11;Ramsey:12;Woodbury:12;St. Louis Park:13;Blaine:16;Plymouth:18;Andover:20;Cottage Grove:20;Minneapolis:29
Jose Cuervo Silver Tequila 1.75L,Agave,Johnson Brothers - St. Paul,253,31.1,8.1,21.44,34.99,29.96,39,5 on 25,138,379,Woodbury:2;St. Louis Park:2;Plymouth:3;Roseville:3;Ramsey:4;Andover:4;Stillwater:5;Osseo:5;Rosemount:10;Bloomington:11;Minnetonka:11;Vadnais Heights:12;Cottage Grove:16;Minneapolis:22;Blaine:143
1800 Silver Tequila 1.75L,Agave,Johnson Brothers - St. Paul,69,31.0,2.2,26.59,40.99,34.96,35,Buy 7cs get 1cs Silver 750's free,134,395,Osseo:1;Stillwater:2;Chanhassen:2;Woodbury:2;Minnetonka:3;Bloomington:4;Rosemount:4;Roseville:4;Andover:4;Blaine:4;Vadnais Heights:6;Plymouth:6;Cottage Grove:7;Minneapolis:20
Crown Royal Canadian 1.75L,Whisky/Whiskey,Phillips Wine & Spirits - St. Paul,111,30.5,3.6,38.83,50.99,42.96,24,Case 1,129,400,Chanhassen:2;St. Louis Park:2;Bloomington:3;Ramsey:3;Minnetonka:4;Stillwater:5;Woodbury:6;Osseo:9;Andover:11;Minneapolis:13;Vadnais Heights:17;Plymouth:18;Blaine:18
Karkov Vodka Traveler,Vodka,Johnson Brothers - St. Paul,165,30.5,5.4,4.57,8.99,8.46,49,Buy 15cs get 3cs Free,137,363,Rosemount:1;Cottage Grove:2;Minnetonka:3;Vadnais Heights:3;Ramsey:8;Roseville:10;Woodbury:10;Osseo:10;Chanhassen:11;Andover:11;Plymouth:12;Blaine:12;St. Louis Park:13;Bloomington:14;Stillwater:17;Minneapolis:28
Ole Smoky MS Hunch Punch 50ml,Whisky/Whiskey,Southern Glazer's Wine & Spirits of MN,404,29.9,13.5,2.02,2.99,,32,,125,400,Minneapolis:7;Vadnais Heights:10;Plymouth:11;Woodbury:17;Cottage Grove:19;Ramsey:22;Roseville:23;Chanhassen:28;Stillwater:28;Bloomington:29;Rosemount:36;Andover:37;Minnetonka:40;St. Louis Park:45;Blaine:52
Jim Beam Bourbon 375ml,Whisky/Whiskey,Bellboy Corporation,244,29.2,8.4,7.75,14.99,12.96,48,,134,335,Vadnais Heights:1;Stillwater:1;Minnetonka:4;Bloomington:9;Minneapolis:9;Roseville:12;St. Louis Park:14;Rosemount:17;Blaine:18;Andover:19;Ramsey:20;Cottage Grove:20;Plymouth:20;Chanhassen:23;Osseo:24;Woodbury:33
Canadian Club 1.75L,Whisky/Whiskey,Southern Glazer's Wine & Spirits of MN,56,29.0,1.9,18.83,23.99,19.96,22,,125,371,Vadnais Heights:1;Bloomington:2;Ramsey:2;Minnetonka:3;Rosemount:3;Minneapolis:4;Osseo:4;Plymouth:5;Chanhassen:6;Andover:7;Blaine:20
Western Son Vodka 50ml,Vodka,Johnson Brothers - St. Paul,537,29.0,18.5,0.7,1.49,1.24,53,Net Down Case Price,118,400,St. Louis Park:19;Osseo:20;Plymouth:23;Cottage Grove:26;Stillwater:26;Ramsey:29;Woodbury:34;Minneapolis:38;Vadnais Heights:39;Roseville:40;Chanhassen:41;Bloomington:47;Andover:49;Minnetonka:53;Rosemount:55
Fireball Torch'd Vanilla 750ml,Whisky/Whiskey,"Breakthru Beverage Minnesota Wine & Spirits, LLC",450,28.9,15.6,8.35,14.99,12.96,44,150cs chain buy equity sizes during pulse months,168,174,Plymouth:3;Minnetonka:5;Chanhassen:9;Ramsey:9;Cottage Grove:11;Woodbury:13;Stillwater:15;Vadnais Heights:15;Rosemount:17;St. Louis Park:19;Bloomington:22;Osseo:22;Roseville:31;Andover:31;Blaine:60;Minneapolis:168
Hennessy VS Cognac 200ml,Brandy,Bellboy Corporation,225,28.8,7.8,8.5,18.99,15.96,55,"Mix & match Hennessey 750s, liters, 1.75 ,375,200 - across chain monthly",123,373,Andover:9;Woodbury:9;Vadnais Heights:12;Blaine:14;St. Louis Park:17;Plymouth:18;Ramsey:18;Bloomington:18;Rosemount:19;Roseville:21;Minnetonka:22;Cottage Grove:24;Minneapolis:24
Maker's Mark Bourbon Liter,Whisky/Whiskey,Southern Glazer's Wine & Spirits of MN,227,28.6,7.9,25.54,39.99,32.96,36,,132,324,Minnetonka:2;Osseo:2;Vadnais Heights:3;Chanhassen:7;Blaine:8;Ramsey:9;St. Louis Park:10;Plymouth:12;Stillwater:12;Cottage Grove:12;Woodbury:13;Roseville:23;Minneapolis:24;Andover:27;Bloomington:30;Rosemount:33
Prairie Organic Gin 50ml,Gin,Phillips Wine & Spirits - St. Paul,271,28.5,9.5,0.68,1.49,1.24,54,Case 1,129,335,Chanhassen:29;Bloomington:46;Stillwater:72;Roseville:124
Dekuyper Triple Sec Liter,Cordials,Southern Glazer's Wine & Spirits of MN,148,28.3,5.2,5.55,11.49,9.96,52,,122,360,Woodbury:3;Vadnais Heights:5;Rosemount:7;Andover:7;Chanhassen:9;Stillwater:9;Plymouth:10;Roseville:10;Blaine:10;Ramsey:11;Cottage Grove:11;Osseo:12;Bloomington:13;St. Louis Park:13;Minneapolis:18
Svedka Vodka 100pf 1.75L,Vodka,Southern Glazer's Wine & Spirits of MN,122,28.3,4.3,14.76,18.49,15.96,20,"Buy Deep Every Month, EO Months Listed",135,303,Osseo:1;Cottage Grove:2;Andover:3;Plymouth:4;Vadnais Heights:4;Ramsey:5;Stillwater:5;Roseville:7;Bloomington:8;Minnetonka:8;Rosemount:8;Chanhassen:10;Minneapolis:10;Woodbury:16;Blaine:31
Patron Silver 50ml,Agave,Southern Glazer's Wine & Spirits of MN,329,28.3,11.6,3.98,6.99,,43,,114,398,Andover:4;Plymouth:7;Vadnais Heights:7;Blaine:13;Bloomington:19;Cottage Grove:27;Minneapolis:27;Osseo:30;St. Louis Park:33;Roseville:49;Stillwater:53;Woodbury:60
Post Meridiem Old Fashioned 100ml RTD,Pre-mixed,"Vinocopia, Inc",176,28.2,6.2,2.56,4.99,3.96,49,Net Down Plus M&M 1 on 5,131,318,Rosemount:2;Blaine:2;Roseville:2;Andover:3;Minneapolis:5;Minnetonka:8;Chanhassen:9;Plymouth:9;Cottage Grove:9;Osseo:10;Vadnais Heights:14;St. Louis Park:14;Bloomington:19;Ramsey:23;Stillwater:23;Woodbury:24
Barton Vodka 375ml,Vodka,Southern Glazer's Wine & Spirits of MN,242,28.1,8.6,2.62,5.99,5.46,56,,122,354,St. Louis Park:3;Vadnais Heights:7;Bloomington:8;Minnetonka:9;Stillwater:11;Blaine:11;Plymouth:11;Rosemount:12;Osseo:12;Roseville:15;Cottage Grove:19;Chanhassen:21;Andover:24;Minneapolis:33;Ramsey:46
New Amsterdam Raspberry 1.75L,Vodka,Johnson Brothers - St. Paul,61,27.9,2.2,14.47,24.99,20.96,42,1 free on 20 NAV 1.75 May/July.  Deep $90 invoice All months,141,263,Cottage Grove:2;Minnetonka:2;Rosemount:2;Andover:4;St. Louis Park:5;Blaine:5;Roseville:5;Bloomington:10;Minneapolis:26
Jameson Irish Whiskey 50ml,Whisky/Whiskey,Southern Glazer's Wine & Spirits of MN,781,27.9,28.0,2.34,5.49,4.46,57,,125,333,Chanhassen:4;Cottage Grove:28;Plymouth:31;Rosemount:40;Minneapolis:40;Woodbury:59;Andover:67;Bloomington:68;Minnetonka:72;Vadnais Heights:73;St. Louis Park:94;Blaine:99;Stillwater:106
Bacardi Superior Light Rum Traveler,Rum,Southern Glazer's Wine & Spirits of MN,129,27.7,4.7,12.67,17.99,14.96,30,,119,355,Plymouth:4;Rosemount:5;Roseville:5;Vadnais Heights:5;Woodbury:5;Stillwater:5;Cottage Grove:6;Blaine:7;Andover:8;St. Louis Park:11;Minnetonka:12;Chanhassen:12;Ramsey:12;Bloomington:16;Minneapolis:16
BuzzBallz Biggie Berry Cherry Limeade 1.75L,,Phillips Wine & Spirits - St. Paul,45,27.7,1.6,11.74,20.99,16.96,44,2cs of Vikings 187ml on 25cs,147,230,Chanhassen:1;Ramsey:1;Cottage Grove:1;Plymouth:2;Rosemount:2;Minnetonka:3;Blaine:4;Bloomington:4;St. Louis Park:10;Minneapolis:17
Suntory -196 Vodka Cocktail Variety Pack 8pk 12oz can,Pre-Mix,Southern Glazer's Wine & Spirits of MN,173,27.7,6.3,15.27,20.99,17.96,27,,122,340,Bloomington:2;Minnetonka:4;Stillwater:6;Vadnais Heights:6;Blaine:7;Roseville:7;Plymouth:8;Ramsey:8;Chanhassen:8;Rosemount:8;Osseo:8;St. Louis Park:12;Woodbury:14;Andover:15;Cottage Grove:16;Minneapolis:44
High Noon Peach 4pk 12oz can,Pre-Mix,Johnson Brothers - St. Paul,97,27.7,3.5,8.43,13.79,11.96,39,Deep Net,109,399,Osseo:2;St. Louis Park:2;Minnetonka:3;Stillwater:3;Roseville:5;Plymouth:5;Chanhassen:6;Rosemount:6;Bloomington:8;Andover:9;Woodbury:10;Blaine:10;Minneapolis:28
Rondiaz Silver Rum 1.75L,Rum,Johnson Brothers - St. Paul,82,27.6,3.0,10.92,19.99,16.96,45,7 free Spiced 1.75 on 16 mix all 1.75,118,355,Roseville:1;Rosemount:2;Ramsey:3;Minnetonka:4;Plymouth:5;Stillwater:5;Woodbury:5;Bloomington:6;Andover:6;Blaine:6;Minneapolis:8;Vadnais Heights:10;Cottage Grove:10;Osseo:11
Smirnoff Kissed Caramel Vodka 50ml,Vodka,Johnson Brothers - St. Paul,215,27.6,7.8,0.67,1.49,1.24,55,Case 1,121,342,Blaine:5;Rosemount:21;Roseville:82;Bloomington:107
Jim Beam Bourbon 200ml,Whisky/Whiskey,Southern Glazer's Wine & Spirits of MN,431,27.5,15.7,3.98,8.99,7.96,56,,121,339,Chanhassen:1;Osseo:1;Cottage Grove:6;Blaine:8;Woodbury:15;Andover:26;Plymouth:27;Ramsey:27;Rosemount:34;Stillwater:36;Vadnais Heights:36;Bloomington:36;Roseville:43;Minnetonka:43;Minneapolis:45;St. Louis Park:47
Christian Brothers Brandy 1.75L,Brandy,Southern Glazer's Wine & Spirits of MN,55,27.3,2.0,17.58,22.99,18.96,24,5 cs Christian Bros 1.75 -  across chain - same week,121,332,Roseville:1;Woodbury:2;Chanhassen:4;Minneapolis:4;Stillwater:4;Andover:4;Cottage Grove:6;St. Louis Park:7;Vadnais Heights:9;Blaine:15
Smirnoff Cherry Vodka 50ml,Vodka,Johnson Brothers - St. Paul,180,27.3,6.6,0.67,1.49,1.24,55,Case 1,105,406,Minnetonka:6;Bloomington:63;Roseville:111
Stolichnaya Vodka 1.75L,Vodka,Johnson Brothers - St. Paul,130,27.2,4.8,24.67,34.99,29.96,29,3cs m/m across chain same week,116,352,Ramsey:1;Chanhassen:2;Osseo:2;Rosemount:5;Plymouth:5;Roseville:6;Woodbury:10;Cottage Grove:10;Vadnais Heights:10;Andover:11;St. Louis Park:12;Stillwater:15;Minneapolis:18;Blaine:23
Hennessy VS Cognac Liter,Brandy,Johnson Brothers - St. Paul,143,27.0,5.3,38.58,58.99,51.96,35,"Mix & match Hennessey 750s, liters, 1.75 ,375,200 - across chain monthly",121,322,Roseville:1;Blaine:1;Plymouth:3;Woodbury:4;Rosemount:5;Vadnais Heights:5;St. Louis Park:9;Osseo:9;Ramsey:10;Chanhassen:11;Minnetonka:11;Andover:11;Bloomington:16;Minneapolis:21;Cottage Grove:26
New Amsterdam Pink Whitney 750ml,Vodka,Johnson Brothers - St. Paul,92,26.9,3.4,9.09,14.99,12.96,39,Deep Net,122,317,Ramsey:1;Blaine:2;Minnetonka:4;Chanhassen:5;Woodbury:5;Cottage Grove:5;Andover:6;Vadnais Heights:6;Roseville:7;St. Louis Park:7;Stillwater:12;Bloomington:16;Minneapolis:16
Jack Daniels Whiskey Liter,Whisky/Whiskey,Johnson Brothers - St. Paul,183,26.9,6.8,25.33,33.99,28.96,25,,108,380,Vadnais Heights:2;Ramsey:2;Stillwater:5;Chanhassen:7;Woodbury:7;Minneapolis:7;Andover:9;Plymouth:10;Minnetonka:11;Roseville:11;Rosemount:12;Osseo:13;Blaine:21;Bloomington:32;Cottage Grove:34
Jose Cuervo Silver Tequila 375ml,Agave,Johnson Brothers - St. Paul,166,26.9,6.2,7.3,12.99,11.46,44,Case One,114,353,Cottage Grove:5;Bloomington:7;Woodbury:7;St. Louis Park:8;Minnetonka:9;Chanhassen:11;Roseville:13;Vadnais Heights:14;Andover:17;Plymouth:17;Blaine:17;Ramsey:20;Minneapolis:21
Buzzballz Chili Mango Chiller 187ml,Pre-Mix,Phillips Wine & Spirits - St. Paul,223,26.8,8.3,1.8,4.49,3.96,60,1 Case 48 pack Chiller free on 25 Chiller 187,115,343,Woodbury:2;Osseo:3;Chanhassen:3;Stillwater:3;Blaine:6;Vadnais Heights:7;Plymouth:10;Rosemount:10;Minneapolis:10;Minnetonka:15;St. Louis Park:17;Roseville:18;Andover:19;Cottage Grove:20;Ramsey:22;Bloomington:58
Jagermeister Liter,Cordials,Southern Glazer's Wine & Spirits of MN,193,26.7,7.2,18.07,29.99,24.96,40,,120,317,Chanhassen:2;Minnetonka:4;Plymouth:4;Cottage Grove:4;Vadnais Heights:5;St. Louis Park:5;Stillwater:6;Osseo:7;Ramsey:7;Andover:8;Roseville:9;Blaine:12;Woodbury:22;Rosemount:23;Minneapolis:31;Bloomington:44
Jack Daniels Whiskey 750ml,Whisky/Whiskey,Johnson Brothers - St. Paul,166,26.6,6.2,18.28,29.99,24.96,39,,119,319,Vadnais Heights:2;Minnetonka:3;Bloomington:3;Plymouth:4;Stillwater:5;Ramsey:6;Roseville:7;Blaine:7;Osseo:8;St. Louis Park:9;Rosemount:10;Woodbury:14;Chanhassen:15;Cottage Grove:20;Andover:20;Minneapolis:33
New Amsterdam Raspberry vodka 750ml,Vodka,Johnson Brothers - St. Paul,41,26.4,1.6,9.09,14.99,12.96,39,,138,226,St. Louis Park:3;Minneapolis:11;Blaine:12;Bloomington:15
Absolut Vodka Liter,Vodka,Southern Glazer's Wine & Spirits of MN,353,26.4,13.4,20.24,24.99,21.96,19,,105,376,Andover:8;Blaine:9;Stillwater:11;Roseville:11;Rosemount:13;Vadnais Heights:13;Plymouth:16;Minnetonka:17;Osseo:17;Chanhassen:17;St. Louis Park:17;Bloomington:27;Cottage Grove:29;Woodbury:35;Ramsey:44;Minneapolis:69
High Noon Black Cherry 4pk 12oz can,Pre-Mix,Johnson Brothers - St. Paul,63,26.1,2.4,8.43,13.79,11.96,39,Deep Net,111,340,Osseo:1;Blaine:1;Cottage Grove:2;Minnetonka:3;Bloomington:3;St. Louis Park:3;Woodbury:4;Vadnais Heights:5;Stillwater:6;Chanhassen:6;Roseville:6;Minneapolis:7;Rosemount:16
Jack Daniels Whiskey 200ml,Whisky/Whiskey,Johnson Brothers - St. Paul,448,26.0,17.2,5.52,11.49,9.96,52,,112,332,St. Louis Park:6;Rosemount:8;Stillwater:13;Roseville:15;Chanhassen:17;Vadnais Heights:20;Osseo:23;Minnetonka:24;Bloomington:26;Blaine:31;Cottage Grove:31;Woodbury:34;Andover:40;Minneapolis:45;Ramsey:55;Plymouth:60
Western Son Strawberry 50ml,Vodka,Johnson Brothers - St. Paul,316,26.0,12.1,0.7,1.49,1.24,53,Net Down Case Price,110,342,Vadnais Heights:2;Minnetonka:4;Roseville:5;Andover:8;Cottage Grove:9;Blaine:11;Rosemount:16;Ramsey:21;Woodbury:27;Osseo:29;Plymouth:36;Bloomington:38;Chanhassen:49;St. Louis Park:61
Steel 43 Vodka 1.75L,Vodka,Bellboy Corporation,310,25.8,12.0,17.33,30.49,25.96,43,,107,348,Minnetonka:6;Vadnais Heights:9;Chanhassen:14;Osseo:15;Plymouth:15;Stillwater:15;Cottage Grove:17;Rosemount:19;Roseville:19;Woodbury:21;St. Louis Park:26;Andover:29;Minneapolis:38;Blaine:67
New Amsterdam Passion Fruit 50ml,Vodka,Johnson Brothers - St. Paul,131,25.5,5.1,0.68,1.49,1.24,54,12 Sleeves of 10,112,316,Bloomington:28;Minneapolis:103
Captain Morgan Spiced Rum 375ml,Rum,Bellboy Corporation,235,25.5,9.2,7.12,12.49,10.96,43,case 1,108,333,Osseo:7;Andover:7;Plymouth:10;Stillwater:12;Minneapolis:16;Rosemount:18;Vadnais Heights:18;Bloomington:18;Blaine:18;Minnetonka:21;St. Louis Park:21;Roseville:22;Woodbury:22;Cottage Grove:25
Fireball Dragnum 1.75L,Canadian Whisky,"Breakthru Beverage Minnesota Wine & Spirits, LLC",365,25.4,14.4,11.33,19.99,16.96,43,,128,241,Vadnais Heights:4;Cottage Grove:5;Chanhassen:7;Osseo:15;Woodbury:18;Rosemount:21;Bloomington:22;Stillwater:25;Andover:26;Plymouth:28;Ramsey:30;St. Louis Park:39;Blaine:44;Minneapolis:81
Grey Goose Vodka Liter,Vodka,Southern Glazer's Wine & Spirits of MN,79,25.3,3.1,21.13,32.99,29.96,36,,114,301,Rosemount:2;Vadnais Heights:2;Andover:4;Woodbury:4;Ramsey:5;Minnetonka:5;Plymouth:5;Blaine:6;Bloomington:7;Minneapolis:7;Chanhassen:8;St. Louis Park:10;Cottage Grove:14
Ketel One Vodka 750ml,Vodka,Phillips Wine & Spirits - St. Paul,109,25.2,4.3,14.1,23.99,19.96,41,3cs across chain-same week,116,289,Minnetonka:1;Andover:1;Roseville:1;Osseo:3;Blaine:4;St. Louis Park:6;Chanhassen:7;Ramsey:8;Rosemount:8;Vadnais Heights:8;Plymouth:9;Bloomington:11;Stillwater:11;Woodbury:15;Minneapolis:16
Elijah Craig BBN Small Batch 94 750ml,Whisky/Whiskey,Southern Glazer's Wine & Spirits of MN,103,25.1,4.1,18.63,29.99,24.96,38,,112,303,St. Louis Park:1;Stillwater:2;Woodbury:2;Vadnais Heights:3;Rosemount:3;Blaine:3;Bloomington:6;Chanhassen:6;Minnetonka:7;Andover:7;Roseville:8;Plymouth:8;Osseo:9;Ramsey:9;Cottage Grove:13;Minneapolis:16
Smirnoff 100 Pf Vodka 375ml,Vodka,Johnson Brothers - St. Paul,235,25.0,9.4,5.5,11.49,9.96,52,Case 1,120,263,Blaine:1;Vadnais Heights:3;Ramsey:7;Osseo:9;Minneapolis:10;Rosemount:11;Roseville:11;Cottage Grove:14;Bloomington:17;Chanhassen:19;Woodbury:19;Andover:20;Stillwater:21;Plymouth:23;St. Louis Park:24;Minnetonka:26
Woodford Reserve Bourbon 750ml,Whisky/Whiskey,Johnson Brothers - St. Paul,100,24.5,4.1,25.87,38.99,32.96,34,,116,266,Vadnais Heights:2;Minneapolis:3;Woodbury:3;Bloomington:4;Roseville:4;Ramsey:5;Rosemount:5;Osseo:7;Stillwater:7;Blaine:8;Chanhassen:9;St. Louis Park:10;Cottage Grove:10;Plymouth:11;Andover:12
Smirnoff Vanilla Vodka Liter,Vodka,Johnson Brothers - St. Paul,90,24.3,3.7,10.17,17.99,15.96,43,Case 1 Must hit 8 cs within month,120,242,Chanhassen:1;St. Louis Park:2;Rosemount:3;Cottage Grove:3;Stillwater:4;Roseville:4;Woodbury:4;Minneapolis:5;Vadnais Heights:7;Bloomington:8;Plymouth:8;Osseo:8;Ramsey:10;Minnetonka:11;Andover:12
Tanqueray Gin Liter,Gin,Bellboy Corporation,129,24.2,5.3,19.33,30.49,25.96,37,2cs across chain- same week,95,349,Andover:2;Plymouth:4;Osseo:5;Woodbury:6;Minnetonka:7;Ramsey:7;Vadnais Heights:7;St. Louis Park:7;Stillwater:8;Minneapolis:8;Bloomington:9;Chanhassen:9;Cottage Grove:10;Rosemount:10;Blaine:14;Roseville:16
Four Roses Bourbon 750ml,Whisky/Whiskey,Johnson Brothers - St. Paul,147,24.2,6.1,16.59,26.99,21.96,39,Case 1 Pricing,105,305,Plymouth:2;Minnetonka:5;Andover:5;Rosemount:6;Woodbury:7;Vadnais Heights:11;Blaine:11;Stillwater:11;Minneapolis:11;St. Louis Park:11;Osseo:12;Chanhassen:12;Roseville:12;Cottage Grove:13;Bloomington:18
New Amsterdam Pink Whitney 1.75L,Vodka,Johnson Brothers - St. Paul,55,24.2,2.3,16.77,23.49,19.96,29,2 free cases of NAM 1.75 80 Proof free on 25 cases Flavors/Pink Whitney,117,250,Osseo:1;Vadnais Heights:1;St. Louis Park:2;Andover:3;Cottage Grove:3;Blaine:5;Stillwater:6;Minneapolis:14;Bloomington:20
Jose Cuervo Auth Margarita 1.75L,Pre-Mix,Johnson Brothers - St. Paul,122,24.0,5.1,10.0,17.99,14.96,44,1 free on 3,93,354,Minnetonka:2;Chanhassen:3;Ramsey:4;Rosemount:5;Vadnais Heights:5;Roseville:6;Osseo:6;Plymouth:6;Woodbury:6;Minneapolis:8;Andover:9;St. Louis Park:11;Bloomington:11;Cottage Grove:19;Blaine:21
Casamigos Blanco 750ml,Agave,Johnson Brothers - St. Paul,85,23.5,3.6,30.17,43.99,34.96,31,Case 1,107,275,Stillwater:2;Woodbury:2;Andover:3;Roseville:3;St. Louis Park:4;Plymouth:4;Minnetonka:5;Osseo:5;Ramsey:5;Rosemount:5;Vadnais Heights:5;Chanhassen:6;Bloomington:6;Cottage Grove:7;Minneapolis:10;Blaine:13
Western Son Raspberry 50ml,Vodka,Johnson Brothers - St. Paul,55,23.5,2.3,0.7,1.49,1.24,53,Net Down Case Price,100,304,Plymouth:1;Vadnais Heights:1;Minneapolis:7;Blaine:8;Bloomington:38
St Germain Elderflower Liqueur 750ml,Cordials,Southern Glazer's Wine & Spirits of MN,131,23.3,5.6,21.99,35.49,29.96,38,,106,272,Bloomington:3;Blaine:3;Osseo:5;Cottage Grove:5;Plymouth:5;Minnetonka:5;Chanhassen:6;Ramsey:6;Vadnais Heights:6;Rosemount:7;Woodbury:7;Stillwater:8;Andover:9;Roseville:13;St. Louis Park:13;Minneapolis:30
Zarpado Reposado Tequila 750ml,Agave,Bellboy Corporation,303,23.1,13.1,17.17,29.99,24.96,43,Buyer's Select – 1 Month Lead Time,100,293,Ramsey:8;Minnetonka:11;Osseo:12;Rosemount:13;Bloomington:14;Plymouth:16;Minneapolis:16;Roseville:16;Vadnais Heights:17;St. Louis Park:19;Stillwater:23;Chanhassen:23;Blaine:24;Woodbury:27;Andover:31;Cottage Grove:33
Grey Goose Vodka 750ml,Vodka,Southern Glazer's Wine & Spirits of MN,121,23.1,5.2,18.81,29.99,24.96,37,,107,262,Chanhassen:3;Vadnais Heights:3;Minnetonka:5;Blaine:5;Ramsey:6;Osseo:7;Woodbury:7;Bloomington:8;Stillwater:9;Minneapolis:9;Cottage Grove:11;Rosemount:11;Plymouth:12;Roseville:12;Andover:13
Smirnoff Raspberry Vodka 50ml,Vodka,Johnson Brothers - St. Paul,201,23.0,8.8,0.67,1.49,1.24,55,Case 1,106,261,Bloomington:12;Chanhassen:34;Vadnais Heights:48;Plymouth:107
St Germain Elderflower Liqueur 375ml,Cordials,Southern Glazer's Wine & Spirits of MN,154,22.9,6.7,12.23,23.99,21.96,49,,111,238,Rosemount:3;Cottage Grove:6;Blaine:7;Bloomington:8;Minnetonka:9;Woodbury:9;Andover:11;Chanhassen:11;St. Louis Park:11;Plymouth:14;Roseville:14;Vadnais Heights:15;Minneapolis:36
Svedka Blue Raspberry Vodka 1.75L,Vodka,Southern Glazer's Wine & Spirits of MN,129,22.9,5.6,14.76,17.99,15.96,18,"Buy Deep Every Month, EO Months Listed",115,217,Minnetonka:1;Cottage Grove:2;Plymouth:2;Woodbury:4;Osseo:6;Roseville:6;Rosemount:6;St. Louis Park:7;Bloomington:8;Stillwater:9;Chanhassen:9;Andover:12;Ramsey:12;Blaine:13;Vadnais Heights:13;Minneapolis:19
Don Julio Blanco Tequila 750ml,Agave,Bellboy Corporation,184,22.8,8.1,29.33,43.99,35.96,33,8cs across chain- same week,96,300,Stillwater:1;St. Louis Park:1;Roseville:1;Ramsey:6;Vadnais Heights:7;Andover:7;Bloomington:7;Rosemount:7;Chanhassen:8;Woodbury:9;Blaine:10;Cottage Grove:16;Minneapolis:18;Plymouth:21;Minnetonka:25;Osseo:40
Captain Morgan Chili Lime 50ml,Rum,Phillips Wine & Spirits - St. Paul,1165,22.7,51.3,0.68,1.49,1.24,54,Case 1,98,289,Ramsey:2;Cottage Grove:6;Woodbury:13;Andover:36;Roseville:40;Chanhassen:45;St. Louis Park:53;Rosemount:61;Minnetonka:83;Blaine:93;Plymouth:93;Bloomington:96;Minneapolis:107;Vadnais Heights:117;Osseo:120;Stillwater:200
Black Velvet Canadian 1.75L,Whisky/Whiskey,Southern Glazer's Wine & Spirits of MN,59,22.6,2.6,13.2,19.99,16.96,34,,98,286,Ramsey:1;Plymouth:2;Minneapolis:3;St. Louis Park:3;Rosemount:3;Chanhassen:3;Minnetonka:4;Cottage Grove:4;Osseo:4;Andover:4;Roseville:5;Vadnais Heights:5;Bloomington:6;Woodbury:6;Stillwater:6
Milagro Silver Tequila 750ml,Agave,"Breakthru Beverage Minnesota Wine & Spirits, LLC",111,22.3,5.0,16.17,26.99,22.96,40,5cs purchase in a month ($101.25 April-June),97,279,Plymouth:2;Chanhassen:2;Ramsey:2;Cottage Grove:3;Osseo:3;Andover:4;Woodbury:5;Minnetonka:5;Bloomington:5;St. Louis Park:6;Minneapolis:8;Roseville:10;Vadnais Heights:11;Rosemount:22;Blaine:23
Windsor Canadian Traveler,Whisky/Whiskey,Phillips Wine & Spirits - St. Paul,219,22.3,9.8,8.34,14.99,12.96,44,Case 1,98,277,Blaine:2;Stillwater:3;Ramsey:6;Roseville:7;Chanhassen:9;St. Louis Park:9;Vadnais Heights:11;Woodbury:11;Plymouth:12;Minnetonka:15;Andover:16;Osseo:17;Bloomington:23;Rosemount:23;Cottage Grove:26;Minneapolis:29
Mi Campo Reposado 750ml,Agave,Southern Glazer's Wine & Spirits of MN,158,22.2,7.1,16.22,23.99,19.96,32,,92,299,Andover:1;St. Louis Park:1;Vadnais Heights:2;Rosemount:3;Roseville:5;Minnetonka:9;Stillwater:9;Osseo:9;Minneapolis:11;Ramsey:12;Blaine:13;Cottage Grove:14;Plymouth:14;Woodbury:14;Bloomington:18;Chanhassen:23
High Noon Grapefruit 4pk 12oz can,Pre-Mix,Johnson Brothers - St. Paul,73,22.2,3.3,8.43,13.79,11.96,39,Deep Net,96,280,Minnetonka:3;Andover:3;Chanhassen:4;Cottage Grove:4;Plymouth:5;Vadnais Heights:6;Stillwater:6;Rosemount:6;Roseville:8;Blaine:9;Minneapolis:9;St. Louis Park:10
Svedka Mango Pineapple Vodka 1.75L,Vodka,Southern Glazer's Wine & Spirits of MN,130,22.1,5.9,14.76,17.99,15.96,18,"Buy Deep Every Month, EO Months Listed",109,221,Osseo:2;Vadnais Heights:2;St. Louis Park:2;Ramsey:3;Blaine:4;Roseville:4;Woodbury:4;Minnetonka:4;Cottage Grove:5;Rosemount:5;Stillwater:6;Andover:8;Bloomington:10;Plymouth:10;Chanhassen:14;Minneapolis:47
Malibu Rum Traveler,Rum,Southern Glazer's Wine & Spirits of MN,201,21.9,9.2,12.06,17.99,14.96,33,,101,249,Cottage Grove:3;Ramsey:3;Rosemount:4;Bloomington:5;Minnetonka:5;Woodbury:6;Stillwater:7;Andover:9;St. Louis Park:10;Vadnais Heights:12;Plymouth:13;Roseville:19;Minneapolis:20;Chanhassen:36;Blaine:49
1800 Silver Tequila 750ml,Agave,Johnson Brothers - St. Paul,102,21.9,4.7,17.9,29.99,25.96,40,Case 1,96,273,Vadnais Heights:1;Osseo:1;Rosemount:2;Ramsey:2;Minnetonka:3;Cottage Grove:4;Roseville:6;Bloomington:7;Plymouth:7;Andover:7;Blaine:7;Woodbury:8;Stillwater:9;St. Louis Park:11;Chanhassen:12;Minneapolis:15
Ketel One Vodka 50ml,Vodka,Phillips Wine & Spirits - St. Paul,1039,21.8,47.7,1.34,3.49,2.96,62,Case 1,90,295,St. Louis Park:12;Minnetonka:19;Rosemount:46;Andover:47;Stillwater:62;Cottage Grove:68;Minneapolis:69;Osseo:74;Ramsey:78;Roseville:81;Woodbury:99;Bloomington:100;Plymouth:108;Vadnais Heights:176
New Amsterdam Gin 1.75L,Gin,Johnson Brothers - St. Paul,64,21.2,3.0,17.06,26.99,22.96,37,1 free Strat Gin 1.75's on 15,101,228,Osseo:1;Plymouth:2;Blaine:2;Bloomington:3;Ramsey:3;Minnetonka:3;Cottage Grove:3;Andover:4;Roseville:4;Vadnais Heights:4;Stillwater:7;St. Louis Park:7;Minneapolis:7;Chanhassen:14
Bulleit Old Fashioned 750ml,Pre-Mix,Phillips Wine & Spirits - St. Paul,108,21.0,5.1,17.4,25.99,21.96,33,Case 1,89,275,Ramsey:1;Stillwater:2;Chanhassen:3;Woodbury:3;Minnetonka:5;Vadnais Heights:5;St. Louis Park:6;Minneapolis:9;Andover:9;Cottage Grove:9;Plymouth:10;Rosemount:11;Roseville:11;Bloomington:12;Blaine:12
Tip Top Margarita 100ml,Pre-Mix,Johnson Brothers - St. Paul,402,20.7,19.4,2.55,4.49,3.96,43,Net Down Case Price,80,306,Blaine:8;Minnetonka:11;Cottage Grove:12;Woodbury:17;Bloomington:18;Osseo:20;Stillwater:28;Vadnais Heights:30;Andover:31;Roseville:31;Plymouth:32;Chanhassen:37;Rosemount:41;St. Louis Park:41;Ramsey:45
On the Rocks Margarita 375ml,Pre-Mix,Southern Glazer's Wine & Spirits of MN,153,20.5,7.5,8.67,13.79,11.96,37,,94,236,Vadnais Heights:3;Plymouth:4;Rosemount:4;St. Louis Park:4;Chanhassen:6;Stillwater:6;Minneapolis:8;Andover:9;Bloomington:11;Osseo:12;Minnetonka:13;Woodbury:17;Roseville:20;Blaine:36
Bailey's Irish Cream 750ml,Cordials,Bellboy Corporation,149,20.4,7.3,18.54,29.99,24.96,38,9 cases 750 - across chain - same week,91,246,Rosemount:2;Chanhassen:4;Roseville:5;Woodbury:5;Stillwater:6;Plymouth:6;Ramsey:7;St. Louis Park:8;Minnetonka:9;Vadnais Heights:9;Blaine:10;Osseo:11;Bloomington:12;Andover:17;Cottage Grove:17;Minneapolis:21
Buzzballz Espresso Martini Chiller 187ml,Pre-Mix,Phillips Wine & Spirits - St. Paul,236,20.4,11.6,1.8,4.49,3.96,60,1 Case 48 pack Chiller free on 25 Chiller 187,97,218,Osseo:3;Ramsey:3;Rosemount:5;Andover:5;St. Louis Park:5;Cottage Grove:6;Chanhassen:7;Stillwater:7;Minnetonka:13;Blaine:16;Roseville:19;Woodbury:19;Vadnais Heights:20;Bloomington:30;Plymouth:34;Minneapolis:44
Absolut Vodka 750ml,Vodka,Southern Glazer's Wine & Spirits of MN,339,20.4,16.6,12.67,19.99,17.96,37,,92,243,Minnetonka:2;Bloomington:2;Rosemount:3;Plymouth:4;Andover:6;St. Louis Park:6;Woodbury:7;Osseo:10;Vadnais Heights:12;Minneapolis:12;Roseville:15;Blaine:16;Chanhassen:17;Ramsey:19;Stillwater:19;Cottage Grove:189
Fireball Birdie Shot 50ml 10pk,Canadian Whisky,"Breakthru Beverage Minnesota Wine & Spirits, LLC",0,20.4,0.0,0.52,9.99,7.96,95,,22,557,
Jose Cuervo Silver Tequila 50ml,Agave,Johnson Brothers - St. Paul,303,20.2,15.0,1.17,2.99,,61,,87,259,Rosemount:6;Stillwater:25;Minneapolis:33;Plymouth:58;Bloomington:73;St. Louis Park:108
Jack Daniels Whiskey 375ml,Whisky/Whiskey,Johnson Brothers - St. Paul,204,20.1,10.1,11.44,20.99,17.96,45,,87,256,Vadnais Heights:2;Rosemount:5;Stillwater:5;Minnetonka:6;Blaine:6;Chanhassen:6;Woodbury:8;Bloomington:14;Minneapolis:16;Cottage Grove:18;Osseo:18;Andover:23;St. Louis Park:23;Ramsey:24;Roseville:30
Rumple Minze Liter,Schnapps,Phillips Wine & Spirits - St. Paul,88,20.0,4.4,18.83,29.99,25.96,37,4cs across chain - same week,100,194,Stillwater:1;Woodbury:1;Minnetonka:2;Vadnais Heights:2;Cottage Grove:2;Blaine:4;Roseville:6;Chanhassen:8;Plymouth:8;Bloomington:9;Rosemount:9;Andover:10;Osseo:12;Minneapolis:14
New Amsterdam Pink Whitney Liter,Vodka,Johnson Brothers - St. Paul,86,19.9,4.3,10.59,17.99,14.96,41,,95,212,Vadnais Heights:2;Rosemount:3;Bloomington:4;Cottage Grove:6;Andover:8;Woodbury:9;Blaine:9;Minneapolis:9;Osseo:12;Minnetonka:12;St. Louis Park:12
Smirnoff Cherry Vodka Liter,Vodka,Johnson Brothers - St. Paul,120,19.9,6.0,10.17,17.99,15.96,43,Case 1 Must hit 8 cs within month,99,195,St. Louis Park:3;Andover:5;Chanhassen:6;Minnetonka:7;Roseville:7;Ramsey:8;Bloomington:10;Plymouth:10;Woodbury:10;Rosemount:11;Vadnais Heights:13;Cottage Grove:13;Minneapolis:17
Karkov Vodka 375ml,Vodka,Johnson Brothers - St. Paul,147,19.7,7.4,3.63,6.99,5.96,48,Case 1 pricing,91,225,Plymouth:1;Andover:2;Ramsey:3;Roseville:6;Woodbury:10;Bloomington:14;Vadnais Heights:14;Cottage Grove:14;Osseo:16;Blaine:16;St. Louis Park:17;Minneapolis:17;Chanhassen:17
Jim Beam Apple 50ml,Whisky/Whiskey,Southern Glazer's Wine & Spirits of MN,424,19.6,21.6,6.67,2.49,,-168,,92,217,Cottage Grove:14;Woodbury:18;Andover:28;Ramsey:33;Vadnais Heights:41;Stillwater:44;Plymouth:62;Blaine:73;Bloomington:111
Maker's Mark Bourbon 750ml,Whisky/Whiskey,Southern Glazer's Wine & Spirits of MN,195,19.6,9.9,21.04,30.99,26.96,32,,80,270,Vadnais Heights:2;Ramsey:4;Minnetonka:6;Rosemount:6;Minneapolis:7;Bloomington:8;Plymouth:8;Woodbury:9;St. Louis Park:10;Roseville:13;Stillwater:14;Andover:14;Chanhassen:15;Cottage Grove:15;Osseo:18;Blaine:46
Post Meridiem White Russian 100ml RTD,,"Vinocopia, Inc",120,19.6,6.1,2.56,4.99,3.96,49,Net Down Plus M&M 1 on 5,93,211,St. Louis Park:1;Plymouth:1;Chanhassen:1;Andover:2;Rosemount:2;Minnetonka:4;Blaine:4;Stillwater:5;Cottage Grove:6;Osseo:6;Ramsey:11;Vadnais Heights:13;Woodbury:14;Minneapolis:17;Bloomington:33
Bombay Sapphire Gin Liter,Gin,Southern Glazer's Wine & Spirits of MN,72,19.3,3.7,20.94,31.99,25.96,35,,80,261,Cottage Grove:3;Osseo:4;Plymouth:5;Minneapolis:5;Vadnais Heights:6;Woodbury:9;Blaine:9;Minnetonka:10;Bloomington:10;Andover:12
Southern Comfort 50ml,Whisky/Whiskey,"Breakthru Beverage Minnesota Wine & Spirits, LLC",550,19.2,28.7,0.6,1.49,1.24,60,"150cs 50ml purchase in a month (Buffalo Trace Cream, Canadian Mist, Dr Mcgil, Fireball, Goldschlager, Hartley Brandy, Margaritaville, Parrot Bay, Platinum 7x, R&R, Scoresby, Sheep Dog, SoCo, Taaka, Traveller, Wheately, Yukon Jack)",75,279,Chanhassen:22;Blaine:53;Andover:56;Rosemount:57;Bloomington:75;Vadnais Heights:140;Cottage Grove:147
Seagrams 7 Blended 1.75L,Whisky/Whiskey,Phillips Wine & Spirits - St. Paul,84,19.0,4.4,15.62,23.99,19.96,35,"6cs m/m across chain, same week",78,260,Osseo:2;Rosemount:3;Stillwater:3;Roseville:4;Woodbury:4;Blaine:5;Cottage Grove:5;Bloomington:6;Plymouth:6;Chanhassen:6;Ramsey:6;St. Louis Park:7;Minnetonka:8;Minneapolis:9;Vadnais Heights:10
Black Velvet Peach 50ml,Whisky/Whiskey,Southern Glazer's Wine & Spirits of MN,236,18.9,12.5,0.67,1.49,1.24,55,,88,212,Cottage Grove:1;Roseville:3;Plymouth:5;Woodbury:22;St. Louis Park:36;Chanhassen:37;Osseo:56;Rosemount:76
Platinum Vodka 1.75L,Vodka,"Breakthru Beverage Minnesota Wine & Spirits, LLC",78,18.9,4.1,9.91,17.49,14.96,43,25cs purchase in a month,81,243,Chanhassen:1;Andover:1;Minneapolis:2;Minnetonka:4;Vadnais Heights:5;Ramsey:5;Bloomington:6;Osseo:6;St. Louis Park:6;Plymouth:6;Rosemount:7;Cottage Grove:8;Stillwater:9;Blaine:12
Rondiaz Spiced Rum 1.75L,Rum,Johnson Brothers - St. Paul,81,18.3,4.4,10.92,19.99,16.96,45,7 free Spiced 1.75 on 16 mix all 1.75,81,225,Woodbury:1;Osseo:1;Vadnais Heights:2;Rosemount:2;Blaine:4;Ramsey:4;Roseville:5;Chanhassen:5;Andover:5;Stillwater:7;Plymouth:7;St. Louis Park:7;Cottage Grove:8;Minneapolis:10;Bloomington:13
Burnett's Vodka 1.75L,Vodka,Southern Glazer's Wine & Spirits of MN,86,18.3,4.7,10.28,16.99,14.96,39,,82,219,Stillwater:1;Osseo:1;Chanhassen:2;Minnetonka:2;Vadnais Heights:2;Andover:2;Woodbury:2;Blaine:3;Cottage Grove:4;Rosemount:4;Ramsey:5;St. Louis Park:5;Plymouth:6;Roseville:8;Minneapolis:9;Bloomington:30
Jose Cuervo Gold Tequila 750ml,Agave,Johnson Brothers - St. Paul,116,18.2,6.4,14.33,21.99,17.96,35,Case 1 Pricing,83,212,Stillwater:1;Ramsey:3;Woodbury:5;Cottage Grove:5;St. Louis Park:6;Minnetonka:7;Minneapolis:7;Roseville:7;Vadnais Heights:8;Osseo:9;Plymouth:10;Blaine:10;Andover:11;Bloomington:27
On the Rocks Old Fashioned 375ml,Pre-Mix,Southern Glazer's Wine & Spirits of MN,126,18.1,7.0,8.67,13.79,11.96,37,,79,227,Bloomington:3;Plymouth:3;Stillwater:3;Ramsey:4;St. Louis Park:5;Roseville:7;Minneapolis:7;Osseo:9;Andover:9;Woodbury:9;Blaine:9;Chanhassen:10;Cottage Grove:12;Minnetonka:12;Rosemount:12;Vadnais Heights:12
Bulleit Bourbon 1.75L,Whisky/Whiskey,Phillips Wine & Spirits - St. Paul,65,18.1,3.6,39.33,52.99,44.96,26,7  cases m/m w/rye - across month of October,78,230,Cottage Grove:1;Minnetonka:1;Plymouth:1;Rosemount:2;Chanhassen:3;Roseville:3;Osseo:5;Ramsey:5;Woodbury:5;St. Louis Park:5;Vadnais Heights:6;Bloomington:9;Minneapolis:9;Blaine:10
Taaka Vodka 1.75L,Vodka,"Breakthru Beverage Minnesota Wine & Spirits, LLC",42,18.1,2.3,8.98,14.99,12.96,40,net down pricing,84,204,Chanhassen:1;Plymouth:1;Bloomington:1;Blaine:1;Rosemount:2;Cottage Grove:3;St. Louis Park:4;Roseville:4;Minnetonka:5;Ramsey:5;Minneapolis:7;Stillwater:8
Jose Cuervo Gold Tequila 375ml,Agave,Johnson Brothers - St. Paul,132,18.0,7.3,7.3,13.79,11.96,47,Case One,75,242,Woodbury:5;Bloomington:5;Osseo:13;Stillwater:13;Cottage Grove:13;Blaine:13;Minnetonka:16;Andover:21;Minneapolis:33
Suntory -196 Vodka Lemon 24oz can,Pre-Mix,Southern Glazer's Wine & Spirits of MN,177,17.8,9.9,3.81,5.49,4.96,31,,80,213,Plymouth:2;Ramsey:7;Rosemount:8;Bloomington:9;Minnetonka:10;Osseo:11;Vadnais Heights:11;St. Louis Park:11;Chanhassen:12;Blaine:19;Woodbury:19;Minneapolis:24;Andover:34
Malibu Pink Rum 750ml,Rum,Southern Glazer's Wine & Spirits of MN,153,17.8,8.6,12.06,18.99,16.96,36,,82,202,Roseville:2;St. Louis Park:5;Vadnais Heights:6;Chanhassen:7;Minnetonka:7;Plymouth:7;Ramsey:7;Rosemount:11;Blaine:11;Cottage Grove:12;Osseo:12;Woodbury:12;Minneapolis:15;Andover:16;Bloomington:23
Basil Hayden Bourbon 750ml,Whisky/Whiskey,Southern Glazer's Wine & Spirits of MN,153,17.8,8.6,39.42,41.99,34.96,6,M&M 15 cases 750's. 1.75l (750 Free),79,216,St. Louis Park:2;Ramsey:3;Woodbury:4;Bloomington:6;Plymouth:7;Stillwater:7;Chanhassen:8;Andover:10;Roseville:10;Minnetonka:11;Cottage Grove:11;Minneapolis:12;Vadnais Heights:13;Osseo:15;Rosemount:15;Blaine:19
Kahlua 750ml,Cordials,Southern Glazer's Wine & Spirits of MN,175,17.7,9.9,22.29,31.99,25.96,30,,80,208,Plymouth:1;Andover:1;Stillwater:3;Ramsey:6;Osseo:6;Minnetonka:7;Rosemount:8;Roseville:9;Vadnais Heights:10;Blaine:11;Cottage Grove:12;Woodbury:17;St. Louis Park:18;Chanhassen:26;Bloomington:41
Buzzballz Peach 187ml,Pre-Mix,Phillips Wine & Spirits - St. Paul,72,17.7,4.1,1.8,4.99,3.96,64,1 Case 48 pack Chiller free on 25 Chiller 187,80,209,Minneapolis:72
Il Tramonto Lemoncello 750ml,Cordials,Johnson Brothers - St. Paul,44,17.7,2.5,9.18,19.99,17.96,54,1 on 6 (Amaretto Free),82,201,Minnetonka:1;St. Louis Park:1;Stillwater:1;Plymouth:2;Cottage Grove:3;Rosemount:3;Vadnais Heights:4;Roseville:4;Andover:5;Bloomington:6;Blaine:6;Minneapolis:8
Tip Top Bees Knees 100ml,Pre-Mix,Johnson Brothers - St. Paul,282,17.6,16.0,2.55,4.49,3.96,43,Net Down Case Price,78,216,Cottage Grove:4;Andover:4;Roseville:8;Chanhassen:10;Blaine:11;Bloomington:12;Rosemount:13;Minnetonka:15;Vadnais Heights:16;Plymouth:18;Minneapolis:21;Ramsey:22;Woodbury:22;Stillwater:24;Osseo:25;St. Louis Park:57
New Amsterdam Red Berry 50ml,Vodka,Johnson Brothers - St. Paul,98,17.6,5.6,0.68,1.49,1.24,54,12 Sleeves of 10,92,153,Woodbury:45;Minneapolis:53
Suntory -196 Variety Pack 3 8pk 12oz can,Pre-Mix,Southern Glazer's Wine & Spirits of MN,117,17.6,6.6,15.23,20.99,17.96,27,,74,234,Osseo:1;Chanhassen:2;Rosemount:2;Plymouth:3;Bloomington:4;Vadnais Heights:4;Woodbury:6;Cottage Grove:9;Blaine:9;Andover:15;St. Louis Park:17;Roseville:17;Minneapolis:28
Four Roses Small Batch Bourbon 50ml,Whisky/Whiskey,Johnson Brothers - St. Paul,406,17.5,23.2,2.12,5.49,4.96,61,Case 1 Pricing,80,203,Vadnais Heights:3;Plymouth:12;St. Louis Park:18;Stillwater:29;Bloomington:51;Andover:53;Chanhassen:58;Ramsey:59;Cottage Grove:59;Roseville:64
High Noon Tequila Variety Pack 8pk 12oz can,Pre-Mix,Johnson Brothers - St. Paul,76,17.5,4.3,18.37,29.99,24.96,39,Deep Net,73,234,Chanhassen:1;Stillwater:1;Osseo:2;Vadnais Heights:2;Bloomington:3;Rosemount:3;Plymouth:3;Andover:4;Ramsey:4;Woodbury:4;St. Louis Park:6;Cottage Grove:8;Minneapolis:9;Blaine:26
Crown Royal Canadian 50ml,Whisky/Whiskey,Phillips Wine & Spirits - St. Paul,316,17.4,18.2,1.19,3.99,,70,1 on 15,74,225,Woodbury:7;Rosemount:14;Plymouth:16;Bloomington:16;Vadnais Heights:28;Stillwater:39;Blaine:42;Chanhassen:46;Minneapolis:50;Cottage Grove:58
Johnnie Walker Red 50ml,Whisky/Whiskey,Johnson Brothers - St. Paul,1041,17.3,60.1,9.01,2.29,1.96,-293,Case 1,44,359,Rosemount:56;Andover:57;Vadnais Heights:74;St. Louis Park:78;Cottage Grove:79;Blaine:83;Bloomington:90;Woodbury:120;Ramsey:121;Osseo:283
Rumple Minze 750ml,Schnapps,Phillips Wine & Spirits - St. Paul,100,17.2,5.8,14.25,23.99,19.96,41,4cs across chain - same week,84,175,Bloomington:1;St. Louis Park:1;Rosemount:2;Woodbury:2;Roseville:3;Osseo:5;Vadnais Heights:5;Chanhassen:9;Cottage Grove:9;Stillwater:9;Andover:9;Plymouth:12;Blaine:12;Minneapolis:21
Western Son Blueberry Vodka 50ml,Vodka,Johnson Brothers - St. Paul,390,17.2,22.6,0.7,1.49,1.24,53,Net Down Case Price,74,221,Cottage Grove:1;Osseo:10;Ramsey:10;Blaine:26;Minneapolis:47;Andover:49;Woodbury:247
Mi Campo Blanco 750ml,Agave,Southern Glazer's Wine & Spirits of MN,116,17.2,6.7,13.27,23.99,19.96,45,,76,212,Minnetonka:1;Roseville:1;Rosemount:2;Vadnais Heights:2;Woodbury:3;Ramsey:5;St. Louis Park:8;Osseo:10;Stillwater:11;Plymouth:11;Blaine:12;Andover:12;Minneapolis:16;Bloomington:24
Barton Vodka 200ml,Vodka,Southern Glazer's Wine & Spirits of MN,432,17.2,25.1,1.43,3.49,2.96,59,,68,247,Cottage Grove:4;Osseo:14;Blaine:17;Roseville:17;Vadnais Heights:22;Minnetonka:23;Bloomington:34;Plymouth:39;Minneapolis:40;Rosemount:41;Woodbury:42;St. Louis Park:44;Andover:46;Ramsey:49
Wheel Horse Bourbon 750ml,Whisky/Whiskey,Bellboy Corporation,527,17.2,30.7,19.0,30.49,24.96,38,,69,242,Roseville:17;Minneapolis:20;Ramsey:20;Stillwater:27;Cottage Grove:28;Bloomington:28;Minnetonka:29;Andover:29;Blaine:31;Plymouth:33;Osseo:36;Chanhassen:37;Woodbury:41;Vadnais Heights:47;Rosemount:47;St. Louis Park:57
Woodford Reserve Bourbon Liter,Whisky/Whiskey,Johnson Brothers - St. Paul,87,17.2,5.1,28.52,44.99,38.96,37,,79,197,Minnetonka:2;Woodbury:4;Bloomington:5;Roseville:5;Stillwater:5;Osseo:6;Ramsey:6;Chanhassen:6;Rosemount:6;Cottage Grove:6;St. Louis Park:7;Andover:8;Plymouth:10;Vadnais Heights:11
Four Roses Small Batch 750ml,Whisky/Whiskey,Johnson Brothers - St. Paul,49,17.1,2.9,29.5,35.49,29.96,17,Case 1 Pricing,76,207,Osseo:1;Stillwater:2;Roseville:2;Blaine:2;Andover:3;Cottage Grove:3;Minnetonka:4;Vadnais Heights:4;Rosemount:4;Minneapolis:5;Plymouth:6;St. Louis Park:6;Bloomington:7
Jim Beam Bourbon Traveler,Whisky/Whiskey,Southern Glazer's Wine & Spirits of MN,192,17.1,11.2,13.0,19.99,16.96,35,buy 10 cs beam traveler across chain same week,74,217,Minnetonka:2;Stillwater:2;Roseville:3;Woodbury:7;Andover:8;Minneapolis:8;Chanhassen:9;St. Louis Park:10;Vadnais Heights:11;Cottage Grove:11;Bloomington:12;Plymouth:12;Blaine:14;Rosemount:83
Evan Williams Bourbon 50ml,Whisky/Whiskey,Southern Glazer's Wine & Spirits of MN,327,16.8,19.4,0.91,2.49,1.96,63,,63,258,Minneapolis:58;Blaine:68;Bloomington:98;Rosemount:103
Jagermeister 750ml,Cordials,Southern Glazer's Wine & Spirits of MN,136,16.8,8.1,21.62,25.99,21.96,17,case 1,75,202,Chanhassen:1;Ramsey:1;Rosemount:3;Woodbury:3;St. Louis Park:5;Stillwater:5;Vadnais Heights:7;Andover:9;Cottage Grove:10;Minnetonka:11;Plymouth:11;Osseo:11;Minneapolis:11;Blaine:15;Bloomington:33
Tip Top Old Fashioned 100ml,Pre-Mix,Johnson Brothers - St. Paul,383,16.8,22.8,0.76,6.49,5.96,88,,66,242,Bloomington:2;Cottage Grove:14;Minnetonka:15;Andover:16;Chanhassen:16;Stillwater:22;Plymouth:23;Roseville:24;Minneapolis:25;Blaine:26;Woodbury:27;Rosemount:36;Vadnais Heights:42;Ramsey:46;Osseo:49
High Noon Tequila Fiesta Pack 8pk 12oz can,Pre-Mix,Johnson Brothers - St. Paul,93,16.7,5.6,18.37,29.99,24.96,39,Deep Net,67,236,Bloomington:1;Osseo:2;Rosemount:2;St. Louis Park:2;Andover:2;Stillwater:3;Vadnais Heights:3;Cottage Grove:4;Minneapolis:4;Blaine:9;Woodbury:10;Plymouth:51
Cazadores Reposado Tequila 750ml,Agave,Southern Glazer's Wine & Spirits of MN,67,16.5,4.1,16.13,23.99,19.96,33,,79,174,Chanhassen:1;Bloomington:1;Osseo:1;Minnetonka:6;Minneapolis:7;Cottage Grove:8;Plymouth:8;St. Louis Park:8;Roseville:13;Blaine:14
Crown Royal Regal Apple 1.75L,Whisky/Whiskey,Bellboy Corporation,150,16.5,9.1,38.83,50.99,42.96,24,"6 cs m/m crown Apple175 across chain, MONTHLY ACCUM",70,215,Chanhassen:2;Osseo:3;Rosemount:4;Bloomington:5;Minnetonka:6;Vadnais Heights:6;Minneapolis:6;St. Louis Park:7;Stillwater:7;Roseville:7;Woodbury:7;Plymouth:13;Andover:13;Cottage Grove:16;Ramsey:20;Blaine:28
TLC Vodka 1.75L,Vodka,"Maverick Beverage Co., LLC - MN",73,16.5,4.4,14.39,23.99,20.96,40,3 on 25 accumulated all stores one calendar month,68,225,Woodbury:2;Blaine:3;Minnetonka:4;Bloomington:5;Ramsey:7;Vadnais Heights:7;Stillwater:8;Rosemount:8;Osseo:9;Minneapolis:10;Chanhassen:10
Steel 43 Vodka 750ml,Vodka,Bellboy Corporation,107,16.5,6.5,8.42,14.99,12.96,44,,73,201,Andover:1;Vadnais Heights:2;St. Louis Park:5;Stillwater:6;Woodbury:6;Osseo:6;Rosemount:8;Blaine:8;Minnetonka:13;Ramsey:15;Bloomington:17;Roseville:21
Crown Royal Canadian Liter,Whisky/Whiskey,Phillips Wine & Spirits - St. Paul,110,16.4,6.7,27.58,42.99,36.96,36,"3cs m/m crown Apple  liter across chain, same week",78,176,Woodbury:1;Andover:2;Rosemount:3;St. Louis Park:3;Vadnais Heights:3;Roseville:4;Ramsey:5;Blaine:7;Bloomington:10;Minneapolis:10;Cottage Grove:10;Plymouth:12;Stillwater:12;Osseo:12;Minnetonka:17
Taaka Vodka Liter,Vodka,"Breakthru Beverage Minnesota Wine & Spirits, LLC",74,16.3,4.5,6.1,9.99,8.96,39,net down pricing,76,181,Plymouth:3;St. Louis Park:3;Stillwater:3;Vadnais Heights:4;Roseville:4;Osseo:7;Bloomington:7;Chanhassen:9;Blaine:9;Cottage Grove:12;Minneapolis:13
Bailey's Minis 3 pks,Cordials,Phillips Wine & Spirits - St. Paul,325,16.2,20.1,7.82,12.49,10.96,37,Case 1,71,200,Woodbury:5;Stillwater:7;Blaine:9;Andover:16;Bloomington:19;Plymouth:19;St. Louis Park:19;Chanhassen:22;Cottage Grove:24;Vadnais Heights:26;Rosemount:27;Ramsey:28;Minnetonka:28;Roseville:32;Minneapolis:44
Fireball Blazin' Apple 750ml,Whisky/Whiskey,"Breakthru Beverage Minnesota Wine & Spirits, LLC",301,16.2,18.6,9.1,15.99,11.96,43,25cs purchase equity sizes in a month,73,192,Minnetonka:2;Stillwater:2;St. Louis Park:2;Plymouth:3;Woodbury:7;Roseville:8;Vadnais Heights:9;Ramsey:9;Chanhassen:11;Cottage Grove:13;Blaine:13;Rosemount:13;Andover:18;Osseo:18;Bloomington:45;Minneapolis:128
Tanqueray Gin 750ml,Gin,Johnson Brothers - St. Paul,78,16.2,4.8,17.44,24.99,21.96,30,4cs across chain - same week,70,205,Plymouth:1;Minnetonka:2;Blaine:2;Vadnais Heights:5;St. Louis Park:5;Chanhassen:6;Rosemount:7;Minneapolis:8;Osseo:9;Stillwater:9;Roseville:10;Bloomington:14
E&J Brandy Traveler,Brandy,Johnson Brothers - St. Paul,90,16.1,5.6,9.09,15.99,13.96,43,,70,203,Woodbury:1;St. Louis Park:1;Stillwater:2;Vadnais Heights:3;Chanhassen:4;Roseville:4;Blaine:4;Rosemount:5;Plymouth:5;Cottage Grove:6;Minnetonka:7;Andover:10;Osseo:12;Minneapolis:12;Bloomington:14
On the Rocks Cosmopolitan 375ml,Pre-Mix,Southern Glazer's Wine & Spirits of MN,110,16.1,6.8,8.67,13.79,11.96,37,,69,206,Cottage Grove:1;Osseo:1;Rosemount:2;Woodbury:3;Vadnais Heights:3;Blaine:5;Minneapolis:6;Stillwater:7;Bloomington:7;Andover:8;Plymouth:8;Minnetonka:10;Ramsey:11;St. Louis Park:11;Chanhassen:12;Roseville:15
BuzzBallz Sour Apple 187ml,Pre-Mix,Phillips Wine & Spirits - St. Paul,47,16.1,2.9,1.8,4.99,3.96,64,1 Case 48 pack Chiller free on 25 Chiller 187,72,195,Blaine:10;Bloomington:15;Minneapolis:22
Smirnoff 100 Pf Vodka 200ml,Vodka,Johnson Brothers - St. Paul,397,15.9,24.9,2.67,5.49,4.96,51,Case 1,65,220,Ramsey:2;Minnetonka:5;Woodbury:10;Chanhassen:15;Plymouth:16;Vadnais Heights:17;Blaine:22;Andover:23;St. Louis Park:25;Osseo:26;Cottage Grove:28;Rosemount:30;Bloomington:37;Minneapolis:44;Stillwater:47;Roseville:50
E&J Apple Brandy 750ml,Brandy,Johnson Brothers - St. Paul,102,15.9,6.4,9.84,16.99,14.96,42,Deep Net,74,177,Ramsey:1;Andover:1;St. Louis Park:3;Plymouth:3;Vadnais Heights:3;Bloomington:4;Blaine:4;Minnetonka:6;Cottage Grove:9;Woodbury:11;Rosemount:12;Roseville:12;Minneapolis:33
Tip Top Cosmo 100ml,Pre-Mix,Johnson Brothers - St. Paul,238,15.7,15.2,2.55,4.49,3.96,43,Net Down Case Price,62,225,Andover:4;Bloomington:6;Vadnais Heights:6;Blaine:8;Woodbury:12;Roseville:16;Stillwater:17;Minneapolis:18;Rosemount:20;Plymouth:27;Cottage Grove:30;Chanhassen:34;St. Louis Park:40
Jameson Irish Whiskey 375ml,Whisky/Whiskey,Southern Glazer's Wine & Spirits of MN,209,15.7,13.3,11.42,23.99,19.96,52,,70,191,St. Louis Park:1;Cottage Grove:2;Rosemount:3;Vadnais Heights:4;Osseo:9;Plymouth:11;Ramsey:11;Blaine:11;Chanhassen:14;Bloomington:17;Minneapolis:18;Woodbury:18;Minnetonka:20;Stillwater:23;Roseville:23;Andover:24
E&J VSOP Brandy 375ml,Brandy,Johnson Brothers - St. Paul,164,15.7,10.5,5.38,9.99,8.96,46,,75,166,Rosemount:2;Chanhassen:2;Andover:3;Osseo:3;St. Louis Park:6;Blaine:6;Plymouth:8;Bloomington:11;Roseville:12;Ramsey:14;Minneapolis:15;Minnetonka:19;Woodbury:20;Vadnais Heights:21;Cottage Grove:22
Admiral Nelson's Spiced Rum 1.75L,Rum,Southern Glazer's Wine & Spirits of MN,57,15.6,3.6,15.38,18.99,15.96,19,,74,170,Bloomington:1;Stillwater:2;Cottage Grove:2;St. Louis Park:3;Rosemount:3;Andover:4;Osseo:4;Vadnais Heights:6;Woodbury:6;Blaine:6;Minnetonka:8;Minneapolis:12
Chica Chida Peanut Butter Tequila 50ml,Agave,Southern Glazer's Wine & Spirits of MN,732,15.6,46.8,1.0,2.49,1.96,60,,70,188,Blaine:11;Cottage Grove:39;Bloomington:66;Minneapolis:98;Rosemount:111;Roseville:113;St. Louis Park:115;Minnetonka:179
Cointreau 750ml,Cordials,Johnson Brothers - St. Paul,109,15.5,7.0,29.67,43.99,37.96,33,Case 1 Pricing,63,214,Rosemount:2;Andover:2;Stillwater:2;Cottage Grove:5;Woodbury:6;Bloomington:7;Chanhassen:8;St. Louis Park:9;Vadnais Heights:10;Minneapolis:11;Plymouth:11;Minnetonka:12;Roseville:12;Blaine:12
Buddy's American Vodka Liter,Vodka,Bellboy Corporation,193,15.5,12.4,7.17,12.49,10.96,43,Buyer's Select,68,193,Blaine:4;Vadnais Heights:5;Rosemount:6;Minnetonka:6;Ramsey:7;Osseo:8;Cottage Grove:9;Stillwater:10;Andover:14;St. Louis Park:15;Roseville:15;Minneapolis:16;Bloomington:17;Plymouth:17;Woodbury:19;Chanhassen:25
E&J Brandy 375ml,Brandy,Johnson Brothers - St. Paul,189,15.4,12.3,4.71,8.99,7.96,48,,69,184,Vadnais Heights:1;Blaine:3;Rosemount:3;Minneapolis:8;Bloomington:8;Minnetonka:11;Chanhassen:14;Plymouth:16;Andover:17;Woodbury:18;Osseo:20;Ramsey:22;Roseville:24;St. Louis Park:24
Crown Royal Regal Apple Liter,Whisky/Whiskey,Phillips Wine & Spirits - St. Paul,289,15.4,18.8,27.58,39.99,37.96,31,"3cs m/m crown liter , across chain same week",75,156,Osseo:3;Stillwater:3;Ramsey:6;Woodbury:8;Chanhassen:9;Andover:9;Vadnais Heights:9;Minnetonka:10;Plymouth:10;Roseville:10;St. Louis Park:11;Blaine:14;Minneapolis:14;Cottage Grove:18;Bloomington:21;Rosemount:134
Crown Royal Regal Apple 200ml,Whisky/Whiskey,Phillips Wine & Spirits - St. Paul,375,15.4,24.4,5.87,9.99,8.96,41,Case 1,64,207,Andover:4;Vadnais Heights:4;St. Louis Park:6;Stillwater:9;Minnetonka:13;Plymouth:14;Roseville:15;Rosemount:18;Ramsey:26;Bloomington:31;Cottage Grove:35;Minneapolis:39;Woodbury:39;Blaine:39;Osseo:40;Chanhassen:43
Sauza Hornitos Reposado 750ml,Agave,Southern Glazer's Wine & Spirits of MN,112,15.4,7.3,16.46,25.99,21.96,37,,66,198,Ramsey:1;Minnetonka:3;Stillwater:4;Rosemount:4;Woodbury:4;Cottage Grove:4;Blaine:5;Roseville:6;Minneapolis:9;Osseo:10;St. Louis Park:10;Andover:12;Plymouth:12;Vadnais Heights:12;Bloomington:16
Dewar's White Label Scotch 1.75L,Whisky/Whiskey,Southern Glazer's Wine & Spirits of MN,57,15.3,3.7,24.99,34.99,29.96,29,,62,214,Andover:1;Ramsey:1;Rosemount:1;Cottage Grove:1;Blaine:2;Chanhassen:3;Minneapolis:4;Stillwater:5;Bloomington:5;St. Louis Park:5;Vadnais Heights:6;Roseville:7;Minnetonka:16
Buzzballz Biggie Pink Lemonsqueezy 1.75L,Pre-Mix,Phillips Wine & Spirits - St. Paul,47,15.3,3.1,11.74,20.99,16.96,44,Case 1,76,149,Osseo:1;St. Louis Park:1;Chanhassen:1;Cottage Grove:1;Plymouth:2;Stillwater:2;Bloomington:2;Vadnais Heights:2;Roseville:3;Blaine:3;Rosemount:4;Ramsey:5;Minneapolis:20
Svedka Cherry Limeade 1.75L,Vodka,Southern Glazer's Wine & Spirits of MN,89,15.2,5.9,14.76,18.49,15.96,20,"Buy Deep Every Month, EO Months Listed",77,141,Stillwater:3;St. Louis Park:4;Roseville:6;Rosemount:7;Woodbury:7;Blaine:8;Vadnais Heights:9;Cottage Grove:10;Andover:11;Bloomington:11;Minneapolis:13
Bailey's Irish Cream 1.75L,Cordials,Phillips Wine & Spirits - St. Paul,79,15.2,5.2,36.33,52.99,42.96,31,4  cases 175 - across chain - same week,73,161,Roseville:1;Plymouth:2;Minneapolis:3;Ramsey:3;Chanhassen:4;Stillwater:4;Andover:4;Osseo:5;Vadnais Heights:5;Minnetonka:6;Rosemount:6;Blaine:6;Cottage Grove:7;Bloomington:10;St. Louis Park:13
Dos Amigos Tequila Blanco 750ml,Agave,"New France Wine Co, Inc",188,15.2,12.4,19.35,33.99,27.96,43,56 Case Buy Increments across all skus,64,200,Ramsey:2;Andover:4;Chanhassen:7;Plymouth:7;Cottage Grove:8;Stillwater:9;Blaine:10;Woodbury:11;Roseville:12;Osseo:13;Minnetonka:15;Rosemount:15;St. Louis Park:16;Bloomington:18;Vadnais Heights:20;Minneapolis:21
Tryst Vodka 1.75L,Vodka,Bellboy Corporation,67,15.2,4.4,7.17,10.99,9.96,35,CASE 1,35,332,Blaine:1;Rosemount:1;Ramsey:2;Woodbury:2;Plymouth:5;Minnetonka:13;Chanhassen:43
Bulleit 95 Rye Whiskey 750ml,Whisky/Whiskey,Bellboy Corporation,158,15.2,10.4,19.25,28.99,24.96,34,8 cases  - m/m bourbon across chain - same week,68,181,Minnetonka:3;Vadnais Heights:5;Osseo:5;Andover:6;Rosemount:6;Roseville:6;Ramsey:7;Plymouth:7;Minneapolis:7;Bloomington:10;Stillwater:11;Woodbury:12;Blaine:14;Chanhassen:18;St. Louis Park:18;Cottage Grove:23
High Noon Lime 4pk 12oz can,Pre-Mix,Johnson Brothers - St. Paul,76,15.1,5.0,8.43,13.79,11.96,39,Deep Net,65,192,St. Louis Park:1;Bloomington:2;Stillwater:2;Cottage Grove:3;Ramsey:3;Osseo:4;Minnetonka:5;Woodbury:5;Vadnais Heights:5;Blaine:6;Roseville:6;Chanhassen:6;Andover:6;Rosemount:8;Minneapolis:14
Jagermeister 200ml,Cordials,Southern Glazer's Wine & Spirits of MN,336,15.0,22.4,5.67,9.99,8.96,43,case 1,68,177,Roseville:1;Chanhassen:2;Ramsey:4;Andover:6;St. Louis Park:13;Cottage Grove:13;Plymouth:14;Blaine:17;Vadnais Heights:24;Bloomington:25;Osseo:27;Stillwater:31;Rosemount:32;Minnetonka:38;Minneapolis:42;Woodbury:47
Absolut Vodka 375ml,Vodka,Southern Glazer's Wine & Spirits of MN,135,14.9,9.1,8.59,14.99,12.96,43,,66,182,St. Louis Park:1;Plymouth:3;Cottage Grove:3;Blaine:3;Chanhassen:6;Roseville:9;Vadnais Heights:14;Woodbury:14;Andover:16;Minneapolis:23;Bloomington:43
Traveller Whiskey 750ml,Whisky/Whiskey,"Breakthru Beverage Minnesota Wine & Spirits, LLC",118,14.9,7.9,26.35,34.99,29.96,25,net down pricing,67,178,Roseville:1;Vadnais Heights:3;Cottage Grove:5;Osseo:5;St. Louis Park:5;Woodbury:6;Andover:6;Bloomington:8;Blaine:10;Chanhassen:10;Rosemount:11;Minneapolis:12;Minnetonka:12;Plymouth:12;Stillwater:12
Bulleit Bourbon Liter,Whisky/Whiskey,Phillips Wine & Spirits - St. Paul,122,14.8,8.2,24.92,37.99,32.96,34,2  cases  across chain- same week,67,175,Minnetonka:1;Woodbury:1;Ramsey:2;Osseo:2;Vadnais Heights:2;Roseville:4;Rosemount:7;Blaine:7;Andover:8;St. Louis Park:9;Chanhassen:10;Plymouth:11;Cottage Grove:19;Stillwater:19;Bloomington:20
Tip Top Espresso Martini 100ml,Pre-Mix,Johnson Brothers - St. Paul,225,14.8,15.2,2.55,4.49,3.96,43,Net Down Case Price,63,192,Plymouth:1;Chanhassen:7;Rosemount:9;Bloomington:11;Vadnais Heights:12;Stillwater:13;Cottage Grove:15;Roseville:15;Woodbury:15;Andover:16;Blaine:18;Osseo:20;Ramsey:22;Minnetonka:23;St. Louis Park:28
Smirnoff Strawberry & Rose Zero Sugar 750ml,Vodka,Johnson Brothers - St. Paul,95,14.6,6.5,8.09,14.99,12.96,46,Case 1 Must hit 24 cs within month,68,162,Ramsey:1;Plymouth:2;Minnetonka:3;Woodbury:4;Roseville:5;Cottage Grove:7;St. Louis Park:8;Rosemount:8;Bloomington:9;Vadnais Heights:11;Blaine:11;Minneapolis:11;Andover:15
Sauza Hornitos Plata Tequila 1.75L,Agave,Southern Glazer's Wine & Spirits of MN,42,14.5,2.9,29.2,37.99,32.96,23,,66,170,Osseo:1;Vadnais Heights:1;Chanhassen:2;Cottage Grove:2;Minneapolis:2;Stillwater:3;Bloomington:4;Woodbury:4;Plymouth:5;Blaine:6;Minnetonka:6;Rosemount:6
Hennessy VS Cognac 1.75L,Brandy,Johnson Brothers - St. Paul,47,14.5,3.2,67.33,81.99,74.96,18,"Mix & match Hennessey 750s, liters, 1.75 ,375,200 - across chain monthly",70,150,St. Louis Park:1;Osseo:1;Woodbury:2;Chanhassen:3;Plymouth:3;Cottage Grove:3;Minneapolis:3;Roseville:4;Minnetonka:5;Andover:6;Rosemount:7;Bloomington:9
Knob Creek Bourbon 750ml,Whisky/Whiskey,Southern Glazer's Wine & Spirits of MN,51,14.3,3.6,25.63,38.99,34.96,34,,69,149,Osseo:1;Plymouth:1;Blaine:1;Roseville:1;Woodbury:1;St. Louis Park:1;Minneapolis:3;Stillwater:4;Andover:4;Minnetonka:5;Vadnais Heights:5;Bloomington:6;Cottage Grove:7;Chanhassen:11
On the Rocks Old Fashioned 100ml,Pre-Mix,Southern Glazer's Wine & Spirits of MN,207,14.2,14.5,3.67,5.49,4.96,33,,63,174,Ramsey:3;Chanhassen:9;Plymouth:9;Stillwater:10;Rosemount:12;Minnetonka:15;Blaine:16;Minneapolis:19;Roseville:27;Andover:28;St. Louis Park:29;Woodbury:30
Evan Williams Honey Reserve 50ml,Whisky/Whiskey,Southern Glazer's Wine & Spirits of MN,193,14.0,13.7,0.68,1.49,1.24,54,,51,222,Stillwater:13;Bloomington:58;Woodbury:122
Bacardi Limon Rum Liter,Rum,Southern Glazer's Wine & Spirits of MN,55,14.0,3.9,12.01,20.99,17.96,43,,66,152,St. Louis Park:1;Cottage Grove:1;Roseville:3;Chanhassen:9;Woodbury:9;Blaine:10;Minneapolis:10;Rosemount:13
Hendrick's Gin 750ml,Gin,"Breakthru Beverage Minnesota Wine & Spirits, LLC",65,14.0,4.7,24.33,36.99,31.96,34,"Mix & match Hendrick's 750s, liters, 1.75s - across chain same week",66,152,Plymouth:1;Vadnais Heights:1;Blaine:1;Chanhassen:2;St. Louis Park:2;Minneapolis:3;Bloomington:3;Andover:3;Woodbury:4;Stillwater:5;Ramsey:6;Rosemount:6;Osseo:6;Cottage Grove:6;Roseville:16
High Noon Pineapple 24oz can,Pre-Mix,Johnson Brothers - St. Paul,106,14.0,7.5,4.59,7.99,6.96,43,,79,96,Andover:4;Roseville:4;Stillwater:6;Ramsey:6;Minnetonka:8;Woodbury:8;St. Louis Park:10;Osseo:11;Blaine:12;Minneapolis:37
Beefeater Gin Liter,Gin,Southern Glazer's Wine & Spirits of MN,91,13.9,6.5,15.42,23.99,21.96,36,,54,205,Minnetonka:1;Plymouth:2;St. Louis Park:2;Ramsey:5;Minneapolis:5;Blaine:5;Rosemount:5;Vadnais Heights:6;Roseville:8;Woodbury:8;Chanhassen:10;Stillwater:10;Andover:11;Bloomington:13
Tribuno Sweet Vermouth 750ml,Vermouth,Southern Glazer's Wine & Spirits of MN,113,13.9,8.1,5.4,8.99,7.96,40,,65,155,St. Louis Park:4;Ramsey:5;Andover:6;Vadnais Heights:7;Chanhassen:8;Woodbury:8;Plymouth:8;Minneapolis:9;Rosemount:9;Blaine:11;Minnetonka:12;Stillwater:12;Roseville:14
Bailey's Irish Cream 50ml,Cordials,Phillips Wine & Spirits - St. Paul,353,13.9,25.3,1.25,2.99,1.96,58,Case 1,62,169,Stillwater:16;Minneapolis:16;Plymouth:41;Andover:50;Minnetonka:54;Roseville:55;Blaine:60;Osseo:61
Casamigos Reposado 750ml,Agave,Johnson Brothers - St. Paul,57,13.9,4.1,36.5,52.99,39.96,31,Case 1,62,168,Ramsey:1;Andover:2;Chanhassen:2;Roseville:2;St. Louis Park:3;Osseo:4;Rosemount:4;Stillwater:4;Vadnais Heights:4;Blaine:4;Cottage Grove:4;Woodbury:5;Minnetonka:6;Plymouth:6;Minneapolis:6
Svedka Citron Vodka 1.75L,Vodka,Southern Glazer's Wine & Spirits of MN,115,13.8,8.3,14.76,17.99,15.96,18,"Buy Deep Every Month, EO Months Listed",63,161,Ramsey:1;Woodbury:3;Minnetonka:4;Plymouth:5;Vadnais Heights:5;Chanhassen:5;St. Louis Park:5;Roseville:6;Osseo:7;Blaine:8;Andover:13;Cottage Grove:15;Minneapolis:38
Disaronno Amaretto 750ml,Cordials,Bellboy Corporation,107,13.8,7.8,21.1,38.99,31.96,46,3 case deal on one invoice,62,163,Woodbury:2;Stillwater:3;Andover:3;St. Louis Park:5;Bloomington:7;Minneapolis:7;Rosemount:8;Roseville:9;Cottage Grove:9;Vadnais Heights:10;Blaine:10;Minnetonka:11;Chanhassen:11;Ramsey:12
Beefeater Gin 1.75L,Gin,Southern Glazer's Wine & Spirits of MN,61,13.8,4.4,27.83,35.49,29.96,22,,55,195,Ramsey:1;Rosemount:1;Roseville:1;Andover:2;Minnetonka:3;Cottage Grove:3;Woodbury:3;Stillwater:6;Chanhassen:7;Blaine:7;Minneapolis:9;Bloomington:18
Fireball Party Bucket,Whisky/Whiskey,"Breakthru Beverage Minnesota Wine & Spirits, LLC",31,13.7,2.3,12.03,22.99,18.96,48,"150cs 50ml purchase in a month (Buffalo Trace Cream, Canadian Mist, Dr Mcgil, Fireball, Goldschlager, Hartley Brandy, Margaritaville, Parrot Bay, Platinum 7x, R&R, Scoresby, Sheep Dog, SoCo, Taaka, Traveller, Wheately, Yukon Jack)",69,131,St. Louis Park:1;Cottage Grove:2;Plymouth:2;Woodbury:2;Rosemount:3;Chanhassen:4;Roseville:5;Bloomington:12
Kahlua Liter,Cordials,Southern Glazer's Wine & Spirits of MN,67,13.6,4.9,26.08,33.99,27.96,23,,59,173,Vadnais Heights:1;Stillwater:1;Osseo:2;Ramsey:2;Roseville:3;Woodbury:3;Cottage Grove:3;Minneapolis:3;Plymouth:4;Chanhassen:5;St. Louis Park:5;Minnetonka:7;Andover:11;Bloomington:17
Crown Royal Salted Caramel 750ml,Whisky/Whiskey,Bellboy Corporation,92,13.5,6.8,22.58,30.99,25.96,27,Case 1,65,142,Ramsey:1;Vadnais Heights:2;Woodbury:2;Andover:3;Bloomington:5;Chanhassen:5;Plymouth:5;Minneapolis:6;Cottage Grove:6;Roseville:8;Osseo:8;Minnetonka:9;Stillwater:9;St. Louis Park:11;Rosemount:12
Crown Royal Regal Apple 50ml,Whisky/Whiskey,Phillips Wine & Spirits - St. Paul,170,13.4,12.7,1.19,3.99,,70,1 on 15,63,147,Ramsey:13;Stillwater:20;Roseville:20;Bloomington:31;Andover:34;Rosemount:52
Crown Royal Peach 750ml,Whisky/Whiskey,Phillips Wine & Spirits - St. Paul,130,13.4,9.7,19.75,29.99,24.96,34,"8cs m/m (Reg, Apple, Peach,Vanilla)across chain-same week",58,169,Rosemount:1;Andover:5;Woodbury:5;Bloomington:6;St. Louis Park:6;Osseo:6;Minneapolis:7;Chanhassen:8;Minnetonka:8;Ramsey:8;Roseville:10;Cottage Grove:10;Blaine:11;Plymouth:12;Vadnais Heights:12;Stillwater:15
Angel's Envy Bourbon 750ml,Whisky/Whiskey,Southern Glazer's Wine & Spirits of MN,50,13.4,3.7,34.9,46.99,39.96,26,,62,152,Vadnais Heights:1;St. Louis Park:1;Bloomington:2;Minnetonka:2;Woodbury:2;Chanhassen:2;Minneapolis:2;Plymouth:2;Cottage Grove:3;Stillwater:4;Osseo:5;Roseville:6;Rosemount:8;Blaine:10
Evan Williams 100 Proof 1.75L,Whisky/Whiskey,Southern Glazer's Wine & Spirits of MN,53,13.4,3.9,22.0,35.49,29.96,38,,58,171,Chanhassen:1;Osseo:1;St. Louis Park:1;Vadnais Heights:3;Andover:4;Minneapolis:5;Bloomington:5;Woodbury:5;Blaine:6;Rosemount:7;Cottage Grove:7;Minnetonka:8
Smirnoff Kissed Caramel Vodka Liter,Vodka,Johnson Brothers - St. Paul,90,13.4,6.7,10.17,17.99,15.96,43,Case 1 Must hit 8 cs within month,72,107,Vadnais Heights:1;Cottage Grove:3;Stillwater:3;Blaine:4;Minnetonka:5;St. Louis Park:6;Woodbury:7;Chanhassen:7;Andover:8;Bloomington:8;Roseville:8;Plymouth:9;Rosemount:10;Minneapolis:11
Teremana Tequila Blanco 750ml,Agave,Southern Glazer's Wine & Spirits of MN,74,13.3,5.6,25.17,35.49,29.96,29,,49,206,Minneapolis:1;Minnetonka:2;Vadnais Heights:2;Woodbury:2;St. Louis Park:3;Osseo:3;Andover:4;Plymouth:5;Stillwater:5;Rosemount:5;Roseville:5;Bloomington:6;Chanhassen:6;Ramsey:6;Blaine:9;Cottage Grove:10
Dos Amigos Tequila Reposado 750ml,Agave,"New France Wine Co, Inc",151,13.1,11.5,23.18,40.99,31.96,43,56 Case Buy Increments across all skus,58,160,Rosemount:1;Bloomington:3;Stillwater:5;Andover:6;Osseo:6;Woodbury:6;Chanhassen:7;Ramsey:9;Cottage Grove:9;Minnetonka:9;Roseville:9;Plymouth:13;Minneapolis:15;St. Louis Park:15;Blaine:17;Vadnais Heights:21
2 Gingers Liter,Whisky/Whiskey,Phillips Wine & Spirits - St. Paul,118,13.1,9.0,15.1,27.99,24.96,46,1 free case liters on 11 cases of liters,59,156,Osseo:3;Ramsey:5;Rosemount:5;Plymouth:5;Blaine:5;Woodbury:6;Bloomington:7;Vadnais Heights:7;Minneapolis:8;Stillwater:8;St. Louis Park:9;Minnetonka:10;Cottage Grove:11;Andover:12;Roseville:17
Jagermeister 1.75L,Cordials,Southern Glazer's Wine & Spirits of MN,41,13.1,3.1,39.75,48.99,39.96,19,case 1,62,142,St. Louis Park:1;Woodbury:1;Rosemount:2;Stillwater:2;Blaine:3;Cottage Grove:4;Andover:4;Minneapolis:5;Vadnais Heights:8;Chanhassen:11
Bailey's Irish Cream Liter,Cordials,Phillips Wine & Spirits - St. Paul,147,13.0,11.3,25.08,39.99,32.96,37,8 cases Liter  - across chain - same week,54,176,Osseo:2;Plymouth:2;Andover:2;Stillwater:3;Vadnais Heights:5;Cottage Grove:6;Rosemount:6;Minneapolis:8;Minnetonka:10;Chanhassen:10;Ramsey:11;St. Louis Park:12;Woodbury:13;Roseville:13;Bloomington:16;Blaine:28
Phillips Vodka 375ml,Vodka,Phillips Wine & Spirits - St. Paul,183,12.9,14.2,4.0,7.99,6.96,50,Case 1,59,149,Stillwater:1;Minnetonka:4;Andover:5;Roseville:8;Rosemount:12;Bloomington:12;Blaine:12;Osseo:13;Plymouth:15;St. Louis Park:15;Woodbury:19;Ramsey:21;Chanhassen:22;Vadnais Heights:24
Rum Chata 750ml,Cordials,Johnson Brothers - St. Paul,126,12.9,9.8,16.22,27.99,22.96,42,DEEP NET.  SOND deep net,59,148,Minnetonka:1;Chanhassen:5;St. Louis Park:5;Woodbury:6;Rosemount:7;Cottage Grove:7;Andover:8;Stillwater:10;Minneapolis:10;Osseo:11;Roseville:11;Vadnais Heights:12;Blaine:13;Bloomington:20
Hendrick's Gin 1.75L,Gin,"Breakthru Beverage Minnesota Wine & Spirits, LLC",52,12.8,4.0,45.0,56.99,49.96,21,"Mix & match Hendrick's 750s, liters, 1.75s - across chain same week",52,179,Blaine:1;Roseville:1;Andover:2;Minnetonka:3;Rosemount:3;Osseo:4;Plymouth:4;Minneapolis:5;Woodbury:5;Stillwater:5;Bloomington:6;Vadnais Heights:6;Ramsey:7
Captain Morgan Spiced Rum 200ml,Rum,Bellboy Corporation,349,12.8,27.4,4.4,8.99,7.96,51,case 1,56,158,Woodbury:6;Osseo:7;Vadnais Heights:9;Roseville:9;Chanhassen:13;Minneapolis:15;Andover:18;St. Louis Park:31;Blaine:42;Minnetonka:45;Bloomington:46;Plymouth:46;Stillwater:62
Loon Liquors Old Fashioned 750ml,Pre-Mix,Bellboy Corporation,93,12.8,7.3,16.07,29.99,24.96,46,1 cs free on 9cs-single invoice,55,164,Stillwater:1;Roseville:1;Chanhassen:4;Rosemount:4;Vadnais Heights:4;Woodbury:4;Andover:5;Osseo:6;Bloomington:6;Ramsey:6;Minneapolis:8;Minnetonka:10;Blaine:17;St. Louis Park:17
Jose Cuervo Golden Margarita 1.75L,Pre-Mix,Johnson Brothers - St. Paul,79,12.8,6.2,14.33,23.99,19.96,40,1 free on 7,48,195,Plymouth:1;Ramsey:1;Stillwater:2;Woodbury:2;Rosemount:3;Roseville:4;Chanhassen:6;Cottage Grove:8;Vadnais Heights:9;Minneapolis:10;Bloomington:10;Blaine:11;St. Louis Park:12
Carolans Irish Cream 1.75L,Cordials,Southern Glazer's Wine & Spirits of MN,102,12.8,7.9,24.19,31.99,25.96,24,10 case deal on invoice,54,170,Vadnais Heights:3;Bloomington:4;Chanhassen:4;Minnetonka:4;Cottage Grove:4;Stillwater:4;Minneapolis:6;Plymouth:6;Roseville:6;St. Louis Park:6;Woodbury:6;Ramsey:8;Rosemount:10;Osseo:15;Andover:16
Evan Williams Bourbon Liter,Whisky/Whiskey,Southern Glazer's Wine & Spirits of MN,92,12.7,7.3,11.31,21.99,18.96,49,,62,128,Blaine:1;Vadnais Heights:1;Plymouth:1;Ramsey:2;Minnetonka:5;Roseville:5;Stillwater:5;Rosemount:7;Chanhassen:8;Bloomington:8;Minneapolis:8;St. Louis Park:8;Woodbury:10;Andover:11;Cottage Grove:12
Skrewball Peanut Butter Whiskey 750ml,Whisky/Whiskey,Southern Glazer's Wine & Spirits of MN,82,12.6,6.5,22.39,29.99,24.96,25,5 cases on one invoice liter and 750,58,145,Minnetonka:2;Roseville:2;Andover:2;St. Louis Park:3;Minneapolis:5;Blaine:5;Ramsey:6;Plymouth:7;Rosemount:7;Bloomington:9;Stillwater:10;Vadnais Heights:12;Cottage Grove:12
Svedka Strawberry Vodka 1.75L,Vodka,Southern Glazer's Wine & Spirits of MN,34,12.6,2.7,14.76,18.49,15.96,20,"Buy Deep Every Month, EO Months Listed",67,102,Andover:2;St. Louis Park:2;Woodbury:2;Blaine:2;Bloomington:11;Minneapolis:15
Lucky One Lemonade Variety 8pk 12oz can,Pre-Mix,Johnson Brothers - St. Paul,109,12.6,8.6,14.37,21.99,18.96,35,Deep Net,63,122,Plymouth:1;Woodbury:1;Cottage Grove:2;Osseo:2;Ramsey:2;St. Louis Park:3;Andover:4;Chanhassen:5;Stillwater:5;Blaine:5;Vadnais Heights:5;Minnetonka:6;Bloomington:6;Rosemount:7;Minneapolis:55
High West Old Fashioned 750ml,Pre-Mix,Southern Glazer's Wine & Spirits of MN,107,12.6,8.5,21.47,26.99,22.96,20,,59,141,Cottage Grove:2;Stillwater:3;Andover:3;Minnetonka:5;Vadnais Heights:5;St. Louis Park:5;Osseo:6;Rosemount:6;Chanhassen:6;Ramsey:8;Blaine:8;Minneapolis:12;Plymouth:12;Roseville:12;Woodbury:14
High Noon Iced Tea Variety Pack 8pk 12oz can,Pre-Mix,Johnson Brothers - St. Paul,55,12.5,4.4,16.87,24.99,21.96,32,Deep Net,46,195,Vadnais Heights:1;Minnetonka:2;Blaine:2;Rosemount:2;St. Louis Park:2;Osseo:2;Chanhassen:3;Plymouth:3;Woodbury:3;Minneapolis:3;Roseville:3;Bloomington:3;Andover:4;Cottage Grove:5;Ramsey:6;Stillwater:11
Christian Brothers Brandy Liter,Brandy,Southern Glazer's Wine & Spirits of MN,75,12.4,6.1,10.46,14.99,12.96,30,,54,154,Stillwater:2;Woodbury:2;Andover:3;Blaine:4;Chanhassen:4;Roseville:5;St. Louis Park:5;Osseo:8;Bloomington:9;Cottage Grove:10;Plymouth:11;Rosemount:12
On the Rocks Larios Aviation 375ml,Pre-Mix,Southern Glazer's Wine & Spirits of MN,97,12.4,7.8,8.67,13.79,11.96,37,,57,141,Andover:1;Vadnais Heights:1;Woodbury:1;Rosemount:5;Cottage Grove:5;Bloomington:8;Osseo:10;Roseville:10;St. Louis Park:10;Minnetonka:11;Blaine:35
On the Rocks Old Fashioned 750ml,Pre-Mix,Southern Glazer's Wine & Spirits of MN,62,12.4,5.0,15.2,22.99,19.96,34,,54,157,Rosemount:1;Vadnais Heights:1;St. Louis Park:3;Andover:3;Chanhassen:3;Minnetonka:3;Osseo:3;Roseville:3;Minneapolis:5;Plymouth:5;Stillwater:5;Blaine:5;Bloomington:8;Woodbury:14
Jose Cuervo Authentic Light Margarita 1.75L,Pre-Mix,Johnson Brothers - St. Paul,76,12.0,6.3,10.0,17.99,14.96,44,1 free on 3,50,160,Osseo:1;Minnetonka:2;Roseville:3;Woodbury:3;Cottage Grove:3;St. Louis Park:4;Rosemount:6;Blaine:6;Minneapolis:6;Chanhassen:7;Vadnais Heights:8;Bloomington:9;Plymouth:9;Ramsey:9
Elijah Craig BBN Small Batch 94 1.75L,Whisky/Whiskey,Southern Glazer's Wine & Spirits of MN,24,12.0,2.0,35.01,51.99,39.96,33,,51,155,Stillwater:1;Minnetonka:2;Roseville:2;Vadnais Heights:4;Woodbury:4;Bloomington:11
Crown Royal Regal Apple 375ml,Whisky/Whiskey,Bellboy Corporation,166,11.9,13.9,12.37,21.99,17.96,44,Case 1,51,153,Andover:2;Roseville:5;Rosemount:5;Chanhassen:7;Minnetonka:7;St. Louis Park:7;Stillwater:11;Plymouth:12;Blaine:12;Minneapolis:14;Ramsey:16;Vadnais Heights:21;Woodbury:22;Cottage Grove:25
Jagermeister 50ml,Cordials,Southern Glazer's Wine & Spirits of MN,260,11.9,21.8,1.63,3.99,2.96,59,,57,127,Andover:5;St. Louis Park:8;Blaine:11;Minneapolis:15;Roseville:18;Plymouth:19;Minnetonka:20;Cottage Grove:20;Stillwater:20;Bloomington:21;Ramsey:21;Vadnais Heights:21;Chanhassen:24;Woodbury:37
Suntory -196 Vodka Combo Crush 8pk 12oz can,Pre-Mix,Southern Glazer's Wine & Spirits of MN,128,11.9,10.7,15.27,23.99,17.96,36,,54,140,Andover:2;Minnetonka:2;Plymouth:3;Osseo:4;Bloomington:4;Rosemount:5;Vadnais Heights:5;Woodbury:5;Chanhassen:7;Blaine:7;Stillwater:7;Ramsey:9;St. Louis Park:10;Cottage Grove:13;Roseville:18;Minneapolis:27
Rum Chata 50ml,Cordials,Johnson Brothers - St. Paul,777,11.9,65.4,1.34,2.99,,55,,52,148,Blaine:3;Vadnais Heights:3;Rosemount:5;Chanhassen:10;St. Louis Park:14;Andover:26;Ramsey:33;Woodbury:41;Osseo:73;Plymouth:104;Bloomington:108;Roseville:117;Stillwater:118;Minneapolis:122
Post Meridiem Margarita 100ml RTD,Pre-mixed,"Vinocopia, Inc",242,11.9,20.4,2.56,4.99,3.96,49,Net Down Plus M&M 1 on 5,42,192,Rosemount:1;St. Louis Park:3;Andover:4;Osseo:10;Plymouth:11;Blaine:12;Stillwater:13;Woodbury:13;Minnetonka:13;Ramsey:14;Roseville:15;Vadnais Heights:21;Minneapolis:23;Chanhassen:24;Cottage Grove:26;Bloomington:39
Suntory -196 Strawberry 24ozcan,Pre-Mix,Southern Glazer's Wine & Spirits of MN,69,11.8,5.9,3.81,4.99,4.46,24,,52,144,St. Louis Park:1;Vadnais Heights:2;Blaine:3;Plymouth:3;Ramsey:4;Roseville:5;Osseo:5;Bloomington:5;Andover:8;Chanhassen:10;Minnetonka:11;Cottage Grove:12
High Noon Peach 24oz can,Pre-Mix,Johnson Brothers - St. Paul,93,11.8,7.9,4.59,7.99,6.96,43,,63,96,Rosemount:3;Roseville:5;Woodbury:8;Plymouth:10;Stillwater:11;Andover:12;Cottage Grove:14;Minneapolis:30
Pendleton Canadian Whiskey 750ml,Whisky/Whiskey,Johnson Brothers - St. Paul,123,11.7,10.5,17.15,27.99,22.96,39,Case 1,57,121,Osseo:2;St. Louis Park:2;Plymouth:4;Blaine:4;Ramsey:4;Andover:6;Cottage Grove:7;Rosemount:8;Roseville:8;Stillwater:8;Minnetonka:9;Woodbury:10;Vadnais Heights:10;Bloomington:11;Chanhassen:12;Minneapolis:18
Grand Marnier Liqueur 750ml,Cordials,Southern Glazer's Wine & Spirits of MN,86,11.6,7.4,25.07,39.99,32.96,37,,50,149,Chanhassen:1;Minnetonka:1;Cottage Grove:2;Ramsey:3;Roseville:3;Plymouth:5;Bloomington:5;Vadnais Heights:5;Andover:6;Stillwater:6;Rosemount:7;St. Louis Park:9;Blaine:10;Woodbury:23
Suntory Roku Gin 750ml,Gin,Southern Glazer's Wine & Spirits of MN,50,11.6,4.3,18.61,33.99,27.96,45,1 case Free M&M All  Suntory (Toki Free),49,153,St. Louis Park:1;Woodbury:2;Plymouth:2;Rosemount:2;Vadnais Heights:2;Ramsey:3;Chanhassen:3;Roseville:3;Minneapolis:4;Cottage Grove:5;Minnetonka:5;Bloomington:6;Stillwater:6;Blaine:6
Bacardi Spiced Rum 50ml,Rum,Southern Glazer's Wine & Spirits of MN,443,11.6,38.1,0.84,1.49,1.24,44,,48,158,Bloomington:48;Plymouth:70;Chanhassen:92;Stillwater:112;Roseville:121
Campari Aperitivo 750ml,Cordials,Johnson Brothers - St. Paul,70,11.5,6.1,24.08,35.49,29.96,32,Case 1,47,157,St. Louis Park:1;Chanhassen:2;Vadnais Heights:2;Stillwater:2;Blaine:2;Bloomington:4;Minnetonka:5;Plymouth:5;Minneapolis:9;Cottage Grove:10;Roseville:10;Woodbury:18
Absolut Raspberri Vodka Liter,Vodka,Southern Glazer's Wine & Spirits of MN,101,11.5,8.8,16.52,24.99,21.96,34,,51,140,Vadnais Heights:1;Chanhassen:2;Minnetonka:3;Plymouth:3;Ramsey:4;Stillwater:6;Blaine:7;Cottage Grove:7;Woodbury:7;Andover:8;Bloomington:10;Rosemount:13;Minneapolis:14;St. Louis Park:16
Captain Morgan Silver Rum 1.75L,Rum,Phillips Wine & Spirits - St. Paul,85,11.5,7.4,20.29,28.99,23.96,30,M/M 175's PET/Glass/lsilver-20cs across chain same week,50,145,Cottage Grove:1;Rosemount:3;Bloomington:4;Minnetonka:4;Vadnais Heights:4;Woodbury:4;Ramsey:5;Stillwater:5;Roseville:6;Osseo:6;Plymouth:6;St. Louis Park:7;Minneapolis:9;Andover:10;Chanhassen:11
Ole Smoky MS White Lightnin' 50ml,Whisky/Whiskey,Southern Glazer's Wine & Spirits of MN,387,11.5,33.5,2.02,2.99,,32,,48,155,Chanhassen:5;Osseo:8;Ramsey:23;Minnetonka:24;Blaine:29;St. Louis Park:30;Cottage Grove:32;Plymouth:34;Vadnais Heights:36;Rosemount:37;Andover:47;Minneapolis:82
Jack Daniels Blackberry 750ml,Whisky/Whiskey,Johnson Brothers - St. Paul,158,11.4,13.9,36.56,27.99,25.96,-31,,55,119,Andover:2;Vadnais Heights:3;Minnetonka:5;Stillwater:6;Chanhassen:7;Ramsey:8;Roseville:9;Woodbury:9;Blaine:9;Rosemount:11;Osseo:12;Plymouth:12;St. Louis Park:12;Cottage Grove:15;Bloomington:19;Minneapolis:19
Glenlivet Scotch 12 Yr 750ml,Whisky/Whiskey,Southern Glazer's Wine & Spirits of MN,107,11.4,9.3,41.58,46.99,39.96,12,,54,125,Minneapolis:4;Blaine:5;Roseville:6;Osseo:8;Stillwater:8;Chanhassen:8;Bloomington:10;Cottage Grove:10;Woodbury:10;Rosemount:11;Minnetonka:12;Plymouth:15
Tanqueray Gin 50ml,Gin,Johnson Brothers - St. Paul,706,11.4,61.8,0.99,2.99,,67,Case 1,52,133,Andover:31;Stillwater:46;Woodbury:66;Plymouth:68;Blaine:70;Minneapolis:109;St. Louis Park:114;Cottage Grove:202
Patron Silver Tequila 375ml,Agave,Bellboy Corporation,95,11.3,8.4,15.5,30.49,25.96,49,,46,157,Minnetonka:1;Cottage Grove:2;Andover:2;Osseo:2;St. Louis Park:4;Blaine:5;Ramsey:8;Plymouth:11;Vadnais Heights:11;Roseville:11;Bloomington:11;Minneapolis:12;Woodbury:15
High West Bourbon 750ml,Whisky/Whiskey,Southern Glazer's Wine & Spirits of MN,309,11.3,27.4,21.47,27.99,23.96,23,,48,147,Ramsey:7;Minnetonka:8;Rosemount:8;Plymouth:9;Bloomington:10;Chanhassen:10;Cottage Grove:10;Vadnais Heights:12;Minneapolis:12;Osseo:13;St. Louis Park:17;Andover:25;Roseville:28;Woodbury:30;Stillwater:42;Blaine:68
Martini & Rossi Dry Vermouth 375ml,Vermouth,Southern Glazer's Wine & Spirits of MN,192,11.2,17.2,4.92,7.99,6.96,38,,47,147,Rosemount:1;Cottage Grove:3;Woodbury:4;Osseo:6;Ramsey:8;Chanhassen:10;Roseville:11;Stillwater:13;Minnetonka:14;Vadnais Heights:16;St. Louis Park:17;Bloomington:20;Minneapolis:22;Blaine:23;Andover:24
Aperol Spritz 4pk 200ml btl,Pre-mixed,Southern Glazer's Wine & Spirits of MN,78,11.2,7.0,9.07,15.99,13.96,43,,42,169,Stillwater:2;Chanhassen:4;Rosemount:4;St. Louis Park:5;Andover:6;Vadnais Heights:9;Roseville:9;Woodbury:9;Blaine:9;Bloomington:10;Minneapolis:11
Casamigos Reposado Tequila Liter,Agave,Johnson Brothers - St. Paul,59,11.1,5.3,43.5,64.99,52.96,33,Case 1,49,137,St. Louis Park:1;Cottage Grove:1;Chanhassen:2;Woodbury:3;Osseo:4;Rosemount:5;Vadnais Heights:5;Andover:6;Bloomington:6;Plymouth:6;Roseville:6;Blaine:6;Minneapolis:8
Gordons Gin 1.75L,Gin,Johnson Brothers - St. Paul,38,11.0,3.4,16.42,24.99,21.96,34,Case 1,51,125,Minnetonka:1;Stillwater:1;Ramsey:2;Plymouth:2;Bloomington:4;Chanhassen:4;Roseville:4;Vadnais Heights:5;St. Louis Park:5;Woodbury:5;Blaine:5
Post Meridiem Espresso Martini 100ml RTD,,"Vinocopia, Inc",226,11.0,20.6,2.56,4.99,3.96,49,Net Down Plus M&M 1 on 5,42,163,Ramsey:1;Stillwater:4;Plymouth:4;Rosemount:6;Minneapolis:7;Woodbury:9;Roseville:9;Chanhassen:10;Osseo:10;Cottage Grove:16;Minnetonka:20;Andover:22;St. Louis Park:23;Vadnais Heights:24;Blaine:26;Bloomington:35
Everclear Liter,Vodka,Bellboy Corporation,95,10.9,8.7,14.21,24.99,21.96,43,,55,102,Woodbury:1;Minnetonka:2;Ramsey:2;St. Louis Park:5;Bloomington:6;Chanhassen:7;Vadnais Heights:8;Andover:10;Roseville:10;Stillwater:11;Cottage Grove:12;Minneapolis:21
On the Rocks Margarita 750ml,Pre-Mix,Southern Glazer's Wine & Spirits of MN,60,10.8,5.5,15.2,22.99,19.96,34,,35,190,Bloomington:2;Minneapolis:2;Stillwater:2;Plymouth:3;Rosemount:3;Osseo:4;Vadnais Heights:5;St. Louis Park:5;Blaine:6;Minnetonka:6;Roseville:6;Woodbury:6;Chanhassen:10
Gray Duck Liter,Vodka,Johnson Brothers - St. Paul,85,10.8,7.9,12.84,20.99,17.96,39,Case 1 Pricing,45,144,Minnetonka:1;Vadnais Heights:1;Osseo:1;Plymouth:3;Bloomington:3;St. Louis Park:4;Blaine:4;Andover:6;Roseville:6;Minneapolis:10;Woodbury:10;Chanhassen:11;Rosemount:25
Bulleit 95 Rye Whiskey 1.75L,Whisky/Whiskey,Phillips Wine & Spirits - St. Paul,76,10.8,7.0,39.33,52.99,44.96,26,7 cases m/m w/rye - across month of October,50,122,Osseo:1;Blaine:1;Woodbury:2;Cottage Grove:3;Plymouth:3;Andover:3;Vadnais Heights:3;Minnetonka:4;Ramsey:4;Rosemount:5;Minneapolis:6;Roseville:6;Bloomington:10;Stillwater:12;St. Louis Park:13
Dr McGillicuddys Mentholmint Traveler,Schnapps,"Breakthru Beverage Minnesota Wine & Spirits, LLC",134,10.7,12.6,9.85,17.49,14.96,44,15cs purchase in a month,53,104,Rosemount:1;Plymouth:3;St. Louis Park:6;Vadnais Heights:7;Andover:8;Chanhassen:8;Woodbury:9;Bloomington:10;Osseo:11;Ramsey:11;Roseville:11;Cottage Grove:11;Stillwater:17;Minneapolis:21
Sarti Aperitivo Rosa 700ml,Cordials,Southern Glazer's Wine & Spirits of MN,15,10.6,1.4,18.88,30.99,25.96,39,,52,108,Cottage Grove:2;Andover:3;Chanhassen:4;Bloomington:7
Deep Eddy Lemon Liter,Vodka,Southern Glazer's Wine & Spirits of MN,57,10.5,5.5,14.52,23.99,19.96,39,,52,102,Plymouth:1;Vadnais Heights:2;Ramsey:5;Blaine:5;Bloomington:5;St. Louis Park:11;Stillwater:12;Minneapolis:16
Windsor Black Cherry 1.75L,Whisky/Whiskey,Phillips Wine & Spirits - St. Paul,85,10.5,8.1,13.45,19.99,17.96,33,5 free windsor 1.75 free on 50 cases 1.75 only  + 6 cs 50ml free,48,121,Roseville:1;Chanhassen:2;St. Louis Park:2;Woodbury:3;Ramsey:4;Cottage Grove:5;Osseo:6;Minnetonka:7;Plymouth:8;Blaine:11;Andover:12;Minneapolis:24
Don Julio Anejo Tequila 750ml,Agave,Phillips Wine & Spirits - St. Paul,97,10.5,9.3,42.67,47.99,42.96,11,2cs across chain- same week,48,120,Chanhassen:1;Stillwater:1;Osseo:1;Ramsey:2;St. Louis Park:2;Andover:3;Rosemount:4;Minnetonka:5;Blaine:5;Cottage Grove:7;Roseville:7;Woodbury:8;Bloomington:9;Minneapolis:18;Vadnais Heights:24
New Amsterdam Peach Vodka 750ml,Vodka,Johnson Brothers - St. Paul,24,10.5,2.3,9.09,13.99,,35,,51,108,Minnetonka:1;Ramsey:11;Minneapolis:12
Bombay Sapphire Gin 750ml,Gin,Southern Glazer's Wine & Spirits of MN,69,10.5,6.6,17.65,26.99,21.96,35,,44,138,Roseville:3;St. Louis Park:4;Minnetonka:7;Rosemount:7;Chanhassen:7;Woodbury:8;Plymouth:10;Minneapolis:11;Bloomington:12
Jackson Morgan Salted Caramel Cream 750ml,Cordials,Bellboy Corporation,105,10.5,10.0,16.98,25.99,22.96,35,1CS Free on M/M 750 & 50's 10CS -across chain monthly accum,48,120,Plymouth:2;Ramsey:3;Cottage Grove:3;Osseo:3;Vadnais Heights:3;Woodbury:4;Blaine:4;Bloomington:4;Roseville:6;St. Louis Park:6;Stillwater:6;Minneapolis:7;Chanhassen:11;Rosemount:11;Minnetonka:32
Crown Royal Vanilla 750ml,Whisky/Whiskey,Phillips Wine & Spirits - St. Paul,73,10.3,7.1,19.75,29.99,24.96,34,"8cs m/m (Reg, Apple, Peach,Vanilla)across chain-same week",44,134,Minnetonka:1;Woodbury:1;Osseo:1;Vadnais Heights:2;Roseville:2;St. Louis Park:5;Bloomington:6;Plymouth:6;Minneapolis:8;Andover:9;Stillwater:10;Chanhassen:22
Ryan's Cream Liqueur 750ml,Cordials,Southern Glazer's Wine & Spirits of MN,84,10.3,8.2,7.57,12.49,11.96,39,,48,115,Andover:1;Stillwater:2;Rosemount:4;Cottage Grove:4;Blaine:5;Bloomington:6;Roseville:7;Vadnais Heights:10;Ramsey:10;Osseo:11;Plymouth:12;Woodbury:12
Ketel One Vodka Liter,Vodka,Phillips Wine & Spirits - St. Paul,102,10.3,9.9,22.17,31.99,27.96,31,5 cs across the chain same wee,43,139,Osseo:1;Blaine:2;Stillwater:2;Roseville:2;St. Louis Park:3;Chanhassen:4;Cottage Grove:6;Minnetonka:6;Woodbury:7;Andover:8;Plymouth:8;Bloomington:9;Rosemount:9;Ramsey:11;Vadnais Heights:11;Minneapolis:13
Buffalo Trace Bourbon Cream 750ml,Cordials,Bellboy Corporation,92,10.3,9.0,16.58,21.99,18.96,25,6cs purchase in a month,45,127,Minnetonka:1;Woodbury:1;Roseville:1;Andover:4;Cottage Grove:4;Blaine:5;Chanhassen:7;St. Louis Park:8;Bloomington:9;Osseo:9;Plymouth:10;Rosemount:10;Vadnais Heights:11;Stillwater:12
Maker's Mark Bourbon 50ml,Whisky/Whiskey,Southern Glazer's Wine & Spirits of MN,911,10.3,88.3,2.67,6.99,,62,,47,120,Chanhassen:13;Vadnais Heights:36;Minneapolis:51;Blaine:62;Roseville:84;Ramsey:93;Woodbury:107;St. Louis Park:114;Bloomington:115;Rosemount:117;Andover:119
E&J VSOP Brandy Traveler,Brandy,Johnson Brothers - St. Paul,75,10.3,7.3,10.59,16.99,14.96,38,,45,130,St. Louis Park:3;Blaine:3;Plymouth:6;Bloomington:6;Vadnais Heights:7;Cottage Grove:7;Roseville:8;Andover:9;Stillwater:12;Minneapolis:14
2 Gingers 750ml,Whisky/Whiskey,Phillips Wine & Spirits - St. Paul,89,10.3,8.6,11.97,20.99,17.96,43,Case 1,45,129,Stillwater:3;Roseville:4;Vadnais Heights:4;St. Louis Park:6;Woodbury:8;Plymouth:10;Cottage Grove:10;Minneapolis:11;Minnetonka:11;Ramsey:11;Blaine:11
Svedka Raspberry Vodka 1.75L,Vodka,Southern Glazer's Wine & Spirits of MN,27,10.3,2.6,14.6,18.49,15.96,21,,55,82,Cottage Grove:1;Andover:2;Blaine:3;Roseville:4;Woodbury:8;Minneapolis:9
Dutch Bourbon 750ml,Bourbon,Bellboy Corporation,63,10.2,6.2,5.17,7.99,6.96,35,CASE 1,36,165,Andover:1;Blaine:1;St. Louis Park:2;Plymouth:3;Rosemount:4;Chanhassen:5;Woodbury:8;Ramsey:10;Minnetonka:29
High Noon Peach 8pk 12oz can,Pre-Mix,Johnson Brothers - St. Paul,59,10.2,5.8,16.87,24.99,21.96,32,Deep Net,53,88,Bloomington:4;Plymouth:4;Andover:5;Blaine:6;Roseville:7;St. Louis Park:11;Woodbury:11;Minneapolis:11
Crown Royal Canadian 375ml,Whisky/Whiskey,Bellboy Corporation,202,10.1,20.0,12.37,21.99,17.96,44,Case 1,44,127,Osseo:2;Plymouth:4;Ramsey:9;Roseville:9;Bloomington:11;St. Louis Park:13;Rosemount:16;Blaine:16;Minnetonka:18;Stillwater:18;Andover:20;Minneapolis:20;Woodbury:22;Vadnais Heights:24
Jameson Irish Whiskey 200ml,Whisky/Whiskey,Southern Glazer's Wine & Spirits of MN,248,10.1,24.6,6.72,14.99,12.96,55,,39,149,Andover:2;Rosemount:4;Vadnais Heights:4;Bloomington:9;Roseville:9;Stillwater:11;St. Louis Park:16;Blaine:18;Woodbury:19;Osseo:21;Plymouth:135
Svedka Peach Vodka 1.75L,Vodka,Southern Glazer's Wine & Spirits of MN,69,10.1,6.8,14.76,18.49,15.96,20,"Buy Deep Every Month, EO Months Listed",50,99,Chanhassen:2;Roseville:4;Blaine:7;Cottage Grove:7;Vadnais Heights:8;Woodbury:10;Bloomington:11;Minneapolis:20
High Noon Watermelon 4pk 12oz can,Pre-Mix,Johnson Brothers - St. Paul,51,10.0,5.1,8.43,13.79,11.96,39,Deep Net,43,128,Minnetonka:1;Plymouth:1;Chanhassen:2;Roseville:2;Blaine:2;Cottage Grove:3;Rosemount:3;Osseo:6;Ramsey:6;Vadnais Heights:6;St. Louis Park:6;Stillwater:6;Minneapolis:7
New Amsterdam Pink Whitney 375ml,Vodka,Johnson Brothers - St. Paul,70,10.0,7.0,4.71,9.99,7.96,53,,43,127,Ramsey:1;Osseo:2;St. Louis Park:3;Vadnais Heights:4;Roseville:4;Bloomington:5;Blaine:14;Andover:17;Minneapolis:20
Jack Daniels Tennessee Honey 750ml,Whisky/Whiskey,Johnson Brothers - St. Paul,215,10.0,21.4,18.28,30.49,25.96,40,,46,116,Andover:5;Vadnais Heights:6;Chanhassen:6;Plymouth:7;Ramsey:9;St. Louis Park:9;Minnetonka:10;Woodbury:10;Osseo:11;Roseville:11;Cottage Grove:11;Rosemount:12;Stillwater:17;Blaine:19;Bloomington:21;Minneapolis:51
Jose Cuervo Tradicional Gold 750ml,Agave,Johnson Brothers - St. Paul,82,10.0,8.2,14.72,23.99,19.96,39,1 free on 3 (tradicional gold 750ml free),44,123,Minnetonka:2;Blaine:2;Chanhassen:5;Roseville:7;Cottage Grove:7;Rosemount:7;Bloomington:8;Woodbury:9;Stillwater:11;St. Louis Park:11;Minneapolis:13
On the Rocks Pineapple Margarita 375ml,Pre-Mix,Southern Glazer's Wine & Spirits of MN,117,10.0,11.8,8.67,13.79,11.96,37,,42,131,Rosemount:1;Bloomington:2;Ramsey:2;Blaine:4;St. Louis Park:4;Andover:6;Plymouth:6;Minnetonka:8;Minneapolis:9;Vadnais Heights:10;Osseo:10;Chanhassen:12;Stillwater:12;Roseville:14;Woodbury:17
Dekuyper Triple Sec 750ml,Cordials,Southern Glazer's Wine & Spirits of MN,32,10.0,3.2,5.68,11.49,9.96,51,,49,100,Roseville:1;Plymouth:2;Bloomington:3;Rosemount:3;Andover:7;Minnetonka:8;Minneapolis:8
Banhez Mezcal 750ml,Agave,"Maverick Beverage Co., LLC - MN",64,10.0,6.4,25.58,37.99,32.96,33,1/2 on 4 one week all stores,42,134,Osseo:1;Rosemount:1;Chanhassen:2;Minnetonka:4;Woodbury:4;Plymouth:5;Blaine:6;Roseville:6;Andover:8;St. Louis Park:8;Minneapolis:9;Bloomington:10
Svedka Vanilla Vodka 1.75L,Vodka,Southern Glazer's Wine & Spirits of MN,43,9.9,4.3,14.76,18.49,15.96,20,"Buy Deep Every Month, EO Months Listed",52,85,St. Louis Park:4;Roseville:5;Woodbury:5;Blaine:9;Bloomington:10;Minneapolis:10
Gunner Bourbon Liter,Bourbon,Bellboy Corporation,176,9.9,17.7,11.29,19.99,14.96,44,,41,135,Woodbury:1;Cottage Grove:1;Roseville:1;Ramsey:2;Minnetonka:3;Blaine:4;Minneapolis:7;Bloomington:8;Rosemount:9;Vadnais Heights:9;Osseo:12;Andover:14;St. Louis Park:19;Stillwater:26;Chanhassen:27;Plymouth:33
Carolans Irish Cream Liter,Cordials,Southern Glazer's Wine & Spirits of MN,118,9.9,12.0,17.6,27.99,22.96,37,10 case deal on invoice,42,128,Chanhassen:1;Stillwater:2;Vadnais Heights:4;Minnetonka:6;Blaine:6;Woodbury:7;Rosemount:8;Cottage Grove:10;Minneapolis:10;St. Louis Park:10;Andover:10;Osseo:12;Roseville:12;Bloomington:20
E&J VSOP Brandy Liter,Brandy,Johnson Brothers - St. Paul,97,9.9,9.8,12.84,20.99,17.96,39,,41,133,Ramsey:2;St. Louis Park:4;Andover:5;Vadnais Heights:5;Woodbury:5;Blaine:5;Rosemount:7;Roseville:8;Osseo:9;Minnetonka:12;Plymouth:12;Bloomington:23
On The Rocks Variety Pack 8pk 12oz can,Pre-Mix,Southern Glazer's Wine & Spirits of MN,49,9.8,5.0,16.75,22.99,19.96,27,,40,136,Cottage Grove:1;Vadnais Heights:1;Rosemount:1;Ramsey:2;Stillwater:2;Osseo:3;Woodbury:3;Roseville:4;St. Louis Park:4;Minneapolis:5;Chanhassen:6;Bloomington:8;Blaine:9
Blackheart Spiced Rum 1.75L,Rum,Southern Glazer's Wine & Spirits of MN,35,9.6,3.7,15.01,23.99,19.96,37,,43,114,Woodbury:2;Roseville:2;Blaine:2;Andover:3;Plymouth:3;Chanhassen:3;Minneapolis:4;Bloomington:5;Minnetonka:5;Rosemount:6
Grey Goose Vodka 375ml,Vodka,Southern Glazer's Wine & Spirits of MN,87,9.6,9.1,11.57,22.99,18.96,50,,43,115,Rosemount:1;Stillwater:1;Bloomington:3;Minnetonka:4;Plymouth:4;Woodbury:5;Minneapolis:7;Blaine:9;Ramsey:9;Vadnais Heights:10;Roseville:11;St. Louis Park:11;Chanhassen:12
Casamigos Blanco Tequila 375ml,Agave,Johnson Brothers - St. Paul,101,9.6,10.5,15.58,28.99,24.96,46,1 Repo 750 free on 20 m&m,41,125,Chanhassen:1;Rosemount:1;Blaine:4;Bloomington:5;Plymouth:6;Cottage Grove:7;Stillwater:8;Osseo:10;Vadnais Heights:10;Roseville:10;St. Louis Park:11;Andover:12;Minneapolis:16
North Cross Triple Wood Irish Whiskey 750ml,Whisky/Whiskey,Bellboy Corporation,58,9.6,6.1,12.5,23.99,19.96,48,,34,154,Minneapolis:2;Plymouth:2;Rosemount:4;Roseville:4;Woodbury:4;Minnetonka:6;Chanhassen:6;Blaine:7;Osseo:8;Bloomington:15
E&J Brandy Liter,Brandy,Johnson Brothers - St. Paul,137,9.6,14.3,10.59,18.99,15.96,44,,42,120,Roseville:2;Plymouth:3;Vadnais Heights:5;Chanhassen:5;Rosemount:6;St. Louis Park:6;Andover:8;Cottage Grove:8;Blaine:8;Woodbury:12;Stillwater:12;Osseo:12;Minnetonka:13;Minneapolis:14;Bloomington:23
Prairie Organic Vodka 1.75L,Vodka,Phillips Wine & Spirits - St. Paul,50,9.5,5.3,22.35,34.99,29.96,36,3 free vodka 1.75 free on 21cases monthly,45,102,Osseo:1;Stillwater:1;Woodbury:1;Minnetonka:2;Ramsey:2;Andover:2;Roseville:2;Rosemount:3;Chanhassen:3;Bloomington:5;Cottage Grove:5;Vadnais Heights:5;Blaine:5;St. Louis Park:5;Minneapolis:8
Jack Daniels Fire 750ml,Whisky/Whiskey,Johnson Brothers - St. Paul,199,9.5,21.0,18.28,31.99,26.96,43,,42,115,Ramsey:1;St. Louis Park:4;Andover:6;Plymouth:7;Vadnais Heights:8;Rosemount:10;Woodbury:11;Blaine:11;Roseville:15;Chanhassen:19;Minnetonka:22;Minneapolis:32;Stillwater:53
Belvedere Vodka Organic 750ml,Vodka,Bellboy Corporation,41,9.4,4.4,24.17,35.49,31.96,32,Case 1,42,112,St. Louis Park:1;Rosemount:2;Plymouth:2;Osseo:4;Chanhassen:5;Cottage Grove:5;Ramsey:5;Woodbury:5;Minnetonka:6;Minneapolis:6
Citadelle Jardin D'Ete Gin 750ml,Gin,Bellboy Corporation,44,9.4,4.7,17.88,29.99,25.96,40,1 on 6 accumulated monthly,42,113,Roseville:1;Rosemount:1;Minnetonka:2;Plymouth:2;Woodbury:3;Andover:3;Blaine:3;Vadnais Heights:3;Chanhassen:4;St. Louis Park:4;Stillwater:5;Bloomington:5;Minneapolis:8
Pinnacle Vodka 1.75L,Vodka,Southern Glazer's Wine & Spirits of MN,73,9.4,7.8,12.35,20.99,17.96,41,,37,136,Minneapolis:1;Cottage Grove:2;Plymouth:2;Vadnais Heights:2;St. Louis Park:2;Woodbury:3;Andover:3;Blaine:3;Rosemount:3;Osseo:4;Stillwater:5;Bloomington:7;Minnetonka:8;Ramsey:12;Roseville:16
Teremana Tequila Reposado 750ml,Agave,Southern Glazer's Wine & Spirits of MN,53,9.4,5.6,22.17,37.99,32.96,42,,41,119,Andover:2;St. Louis Park:2;Vadnais Heights:2;Rosemount:3;Bloomington:3;Osseo:4;Minneapolis:4;Blaine:4;Roseville:5;Plymouth:5;Woodbury:5;Stillwater:7;Cottage Grove:7
Prairie Organic Vodka 750ml,Vodka,Phillips Wine & Spirits - St. Paul,141,9.4,15.0,12.86,23.99,21.96,46,3 free vodka 1.75 free on 21cases monthly,39,126,Minnetonka:5;Rosemount:5;Chanhassen:6;Andover:7;Stillwater:7;Woodbury:8;Cottage Grove:8;Bloomington:9;Plymouth:9;Vadnais Heights:10;Ramsey:11;Osseo:12;Blaine:12;Roseville:14;Minneapolis:18
Hendrick's Gin Liter,Gin,"Breakthru Beverage Minnesota Wine & Spirits, LLC",65,9.4,6.9,30.5,46.99,39.96,35,"Mix & match Hendrick's 750s, liters, 1.75s - across chain same week",39,127,Minneapolis:2;Osseo:2;Plymouth:2;Chanhassen:2;Minnetonka:3;Vadnais Heights:3;Andover:4;St. Louis Park:4;Ramsey:5;Stillwater:6;Woodbury:6;Blaine:6;Roseville:6;Bloomington:14
Seagrams Extra Dry Gin Liter,Gin,Southern Glazer's Wine & Spirits of MN,76,9.3,8.2,9.44,14.99,12.96,37,,36,137,Minnetonka:1;Rosemount:1;St. Louis Park:1;Plymouth:1;Roseville:6;Osseo:6;Vadnais Heights:8;Blaine:10;Woodbury:11;Minneapolis:11;Bloomington:20
Gunner Vodka 1.75L,Vodka,Bellboy Corporation,146,9.3,15.8,10.5,18.99,15.96,45,,41,113,Chanhassen:1;Stillwater:3;Rosemount:4;Minnetonka:5;Ramsey:5;Vadnais Heights:5;Osseo:7;Andover:8;Roseville:8;Cottage Grove:9;Plymouth:10;Blaine:12;St. Louis Park:16;Woodbury:19;Minneapolis:34
1800 Reposado Tequila 1.75L,Agave,Johnson Brothers - St. Paul,50,9.3,5.3,31.09,46.99,39.96,34,Buy 7cs get 1cs Silver 750's free,37,134,Chanhassen:2;Bloomington:3;Plymouth:3;Roseville:3;Blaine:3;Stillwater:4;Vadnais Heights:4;Woodbury:5;St. Louis Park:5;Ramsey:6;Minneapolis:6;Osseo:6
Jim Beam Bourbon Liter,Whisky/Whiskey,Southern Glazer's Wine & Spirits of MN,112,9.3,12.0,15.92,24.99,21.96,36,,38,129,Woodbury:2;Minnetonka:3;Rosemount:4;Blaine:5;St. Louis Park:6;Minneapolis:7;Cottage Grove:9;Stillwater:9;Chanhassen:10;Roseville:11;Plymouth:12;Vadnais Heights:12;Bloomington:22
New Amsterdam Gin Liter,Gin,Johnson Brothers - St. Paul,92,9.2,10.0,12.09,20.99,17.96,42,,37,129,St. Louis Park:3;Andover:4;Roseville:6;Vadnais Heights:8;Blaine:9;Minnetonka:10;Bloomington:11;Cottage Grove:12;Osseo:12;Minneapolis:17
Absolut Citron Vodka Liter,Vodka,Southern Glazer's Wine & Spirits of MN,117,9.2,12.8,16.52,24.99,21.96,34,,41,110,Rosemount:3;Stillwater:3;Vadnais Heights:3;Plymouth:5;Andover:5;Roseville:5;Ramsey:7;Cottage Grove:7;Bloomington:9;Chanhassen:9;Osseo:9;Minneapolis:9;Minnetonka:10;Woodbury:11;St. Louis Park:11;Blaine:11
Tip Top Negroni 100ml,Pre-Mix,Johnson Brothers - St. Paul,291,9.2,31.6,2.84,6.49,5.96,56,,38,125,Roseville:2;St. Louis Park:10;Andover:12;Ramsey:17;Minneapolis:19;Woodbury:20;Chanhassen:22;Rosemount:23;Cottage Grove:25;Plymouth:32;Bloomington:33;Blaine:36;Vadnais Heights:40
Korbel Brandy PET 1.75L,Brandy,Southern Glazer's Wine & Spirits of MN,58,9.2,6.3,17.63,26.99,22.96,35,,38,126,Chanhassen:2;Vadnais Heights:2;Stillwater:2;Andover:2;Ramsey:4;Bloomington:5;Osseo:5;St. Louis Park:5;Cottage Grove:5;Minnetonka:6;Rosemount:6;Blaine:7;Woodbury:7
Jose Cuervo Gold Tequila 1.75L,Agave,Johnson Brothers - St. Paul,93,9.1,10.3,28.83,34.99,29.96,18,5 on 25,40,111,Osseo:1;Chanhassen:2;Rosemount:3;Plymouth:4;Andover:4;Roseville:4;Minnetonka:5;Ramsey:5;St. Louis Park:5;Vadnais Heights:5;Stillwater:7;Blaine:7;Cottage Grove:7;Bloomington:8;Woodbury:10;Minneapolis:16
Kraken Black Spiced Rum (White Label) 1.75L,Rum,Johnson Brothers - St. Paul,67,9.0,7.5,18.18,31.99,27.96,43,Buy 6cs get 1cs 1.75 Free,38,118,Chanhassen:1;Stillwater:1;Minnetonka:2;Rosemount:2;Minneapolis:2;Andover:3;Blaine:3;Ramsey:4;Roseville:4;St. Louis Park:4;Cottage Grove:4;Plymouth:5;Vadnais Heights:5;Woodbury:5;Bloomington:11;Osseo:11
Smirnoff Green Apple Vodka Liter,Vodka,Johnson Brothers - St. Paul,60,9.0,6.7,10.17,17.99,15.96,43,Case 1 Must hit 8 cs within month,43,96,Cottage Grove:1;Vadnais Heights:1;Minnetonka:3;Roseville:7;Blaine:7;Plymouth:10;Chanhassen:10;Minneapolis:10;Woodbury:11
Suntory -196 Vodka Strawberry 4pk 12oz can,Pre-Mix,Southern Glazer's Wine & Spirits of MN,58,9.0,6.5,7.63,11.49,9.96,34,,43,95,St. Louis Park:1;Woodbury:3;Blaine:3;Bloomington:4;Osseo:5;Minneapolis:16;Andover:26
Jim Beam Black 7yr 1.75L,Whisky/Whiskey,Southern Glazer's Wine & Spirits of MN,43,9.0,4.8,30.13,42.99,37.96,30,,42,100,Chanhassen:1;Cottage Grove:1;Osseo:1;Roseville:1;Rosemount:2;Woodbury:3;Minnetonka:4;Andover:4;St. Louis Park:5;Minneapolis:6;Plymouth:6;Stillwater:9
High Noon Lemon 4pk 12oz can,Pre-Mix,Johnson Brothers - St. Paul,42,9.0,4.7,8.43,13.79,11.96,39,Deep Net,43,95,Cottage Grove:1;Plymouth:1;Chanhassen:2;Rosemount:3;St. Louis Park:3;Minnetonka:4;Blaine:5;Vadnais Heights:5;Andover:6;Osseo:6;Minneapolis:6
New Amsterdam Mango Vodka 1.75L,Vodka,Johnson Brothers - St. Paul,45,9.0,5.0,14.47,23.49,19.96,38,1 free on 20 NAV 1.75 May/July.  Deep $90 invoice All months,47,78,Bloomington:4;Minneapolis:41
Woodford Reserve Double Oaked 750ml,Whisky/Whiskey,Johnson Brothers - St. Paul,83,8.9,9.3,43.77,59.99,54.96,27,,38,115,Woodbury:1;Plymouth:1;Minneapolis:2;Rosemount:2;Ramsey:3;Chanhassen:4;Osseo:4;Cottage Grove:5;Stillwater:5;Roseville:6;Bloomington:6;Minnetonka:7;Vadnais Heights:7;St. Louis Park:7;Andover:10;Blaine:13
New Amsterdam Mango 750ml,Vodka,Johnson Brothers - St. Paul,7,8.9,0.8,9.09,14.99,,39,,49,65,Minneapolis:7
Dashfire Old Fashioned 100ml,Pre-Mix,"Vinocopia, Inc",80,8.8,9.1,3.56,6.49,5.96,45,Net Down Pricing,31,144,Vadnais Heights:1;Woodbury:1;Osseo:1;Minneapolis:3;Chanhassen:3;Plymouth:4;Minnetonka:6;Stillwater:10;Ramsey:10;Cottage Grove:11;Rosemount:13;Andover:17
New Amsterdam Peach Vodka 1.75L,Vodka,Johnson Brothers - St. Paul,37,8.8,4.2,14.47,23.49,19.96,38,1 free on 20 NAV 1.75 May/July.  Deep $90 invoice All months,42,94,Vadnais Heights:1;Cottage Grove:3;Osseo:3;Blaine:3;Bloomington:8;Minneapolis:19
Malibu Pineapple Rum Liter,Rum,Southern Glazer's Wine & Spirits of MN,16,8.8,1.8,13.56,19.99,16.96,32,,47,71,Minneapolis:16
Proper Twelve Irish Whiskey 750ml,Whisky/Whiskey,Johnson Brothers - St. Paul,112,8.8,12.7,16.71,24.99,22.96,33,Case 1 Pricing,42,94,Stillwater:1;Roseville:1;Ramsey:2;Andover:4;Chanhassen:4;Osseo:7;Cottage Grove:8;Minneapolis:9;St. Louis Park:9;Bloomington:10;Plymouth:10;Blaine:11;Rosemount:12;Minnetonka:24
Slow & Low Rock & Rye 100ml,Whisky/Whiskey,Southern Glazer's Wine & Spirits of MN,159,8.8,18.0,3.55,6.49,5.96,45,,42,95,Woodbury:1;Ramsey:2;St. Louis Park:2;Plymouth:3;Blaine:6;Cottage Grove:6;Andover:17;Stillwater:22;Minnetonka:25;Vadnais Heights:26;Chanhassen:49
Old Forester Bourbon 750ml,Whisky/Whiskey,Johnson Brothers - St. Paul,99,8.7,11.4,17.31,28.99,25.96,40,,41,94,St. Louis Park:2;Minnetonka:4;Roseville:4;Rosemount:5;Bloomington:6;Chanhassen:6;Osseo:7;Blaine:7;Cottage Grove:7;Woodbury:7;Stillwater:9;Ramsey:11;Andover:12;Minneapolis:12
High West Double Rye 750ml,Whisky/Whiskey,Southern Glazer's Wine & Spirits of MN,127,8.6,14.8,21.47,27.99,23.96,23,,38,104,Ramsey:3;Roseville:4;Woodbury:4;Minnetonka:5;Chanhassen:5;Vadnais Heights:6;Osseo:7;Stillwater:7;Bloomington:8;Rosemount:8;St. Louis Park:9;Plymouth:10;Andover:11;Cottage Grove:11;Minneapolis:14;Blaine:15
Seagrams Extra Dry Gin 1.75L,Gin,Southern Glazer's Wine & Spirits of MN,55,8.6,6.4,15.11,23.99,19.96,37,,37,109,Ramsey:1;Andover:1;Blaine:2;Minnetonka:5;Woodbury:5;Cottage Grove:6;Plymouth:6;Vadnais Heights:6;Roseville:6;Minneapolis:8;Bloomington:9
Southern Comfort 1.75L,Whisky/Whiskey,"Breakthru Beverage Minnesota Wine & Spirits, LLC",59,8.5,6.9,15.19,23.99,19.96,37,15 case deal,36,111,Minnetonka:2;Vadnais Heights:2;Chanhassen:2;Plymouth:2;Rosemount:2;Woodbury:2;Minneapolis:5;St. Louis Park:5;Ramsey:6;Stillwater:6;Blaine:7;Roseville:9;Cottage Grove:9
On the Rocks Cosmopolitan 750ml,Pre-Mix,Southern Glazer's Wine & Spirits of MN,59,8.5,6.9,15.2,22.99,19.96,34,,36,112,St. Louis Park:1;Woodbury:2;Vadnais Heights:2;Rosemount:3;Cottage Grove:4;Andover:4;Minnetonka:4;Minneapolis:4;Stillwater:5;Plymouth:6;Bloomington:8;Chanhassen:16
Buzzballz Biggies Strawberry 'Rita 1.75L,Pre-mixed,Phillips Wine & Spirits - St. Paul,41,8.5,4.8,11.74,20.99,16.96,44,2cs of Vikings 187ml on 25cs,40,93,Stillwater:1;Vadnais Heights:1;Rosemount:1;Chanhassen:2;Woodbury:2;St. Louis Park:2;Bloomington:3;Cottage Grove:3;Ramsey:3;Plymouth:3;Blaine:4;Minnetonka:7;Minneapolis:9
Jagermeister 375ml,Cordials,Southern Glazer's Wine & Spirits of MN,53,8.5,6.3,9.09,14.99,12.96,39,case 1,39,97,Minnetonka:1;Andover:1;Plymouth:1;Blaine:1;Woodbury:2;Vadnais Heights:2;St. Louis Park:3;Osseo:3;Minneapolis:6;Cottage Grove:7;Rosemount:8;Bloomington:9;Stillwater:9
Suntory -196 Vodka Lemon 4pk 12oz can,Pre-Mix,Southern Glazer's Wine & Spirits of MN,75,8.5,8.9,7.63,11.49,9.96,34,,40,92,Stillwater:1;Minnetonka:2;St. Louis Park:2;Cottage Grove:3;Osseo:3;Roseville:3;Woodbury:3;Plymouth:5;Blaine:7;Bloomington:8;Minneapolis:17;Andover:21
Bacardi Gold 1.75L,Rum,Southern Glazer's Wine & Spirits of MN,46,8.4,5.5,17.29,25.99,21.96,33,,38,100,Minnetonka:2;Bloomington:3;Roseville:5;Blaine:5;Ramsey:6;Stillwater:6;Minneapolis:8;Osseo:11
Sailor Jerry Spiced Rum 1.75L,Rum,"Breakthru Beverage Minnesota Wine & Spirits, LLC",49,8.4,5.8,18.83,27.99,24.96,33,"25 cs mix & match Sailor Jerry 750s, Liters, 1.75s - across chain one week",35,113,Osseo:1;Cottage Grove:1;Rosemount:2;Minnetonka:3;Vadnais Heights:3;Andover:4;Bloomington:6;Ramsey:6;Blaine:6;St. Louis Park:6;Chanhassen:11
On the Rocks Espresso Martini 375ml,Pre-Mix,Southern Glazer's Wine & Spirits of MN,117,8.4,14.0,8.67,13.79,11.96,37,,38,98,Vadnais Heights:2;Cottage Grove:3;Ramsey:3;Osseo:3;Plymouth:4;Roseville:6;Minnetonka:7;Rosemount:7;Minneapolis:7;St. Louis Park:8;Stillwater:8;Bloomington:10;Chanhassen:11;Woodbury:11;Andover:11;Blaine:16
Keeper's Heart Old Fashioned  750ml,Pre-Mix,Phillips Wine & Spirits - St. Paul,42,8.4,5.0,21.6,34.99,29.96,38,Case 1,37,105,Andover:1;Stillwater:1;Plymouth:1;Ramsey:2;Minnetonka:2;Chanhassen:3;Minneapolis:3;Blaine:3;Bloomington:4;Vadnais Heights:4;Woodbury:4;St. Louis Park:5;Rosemount:9
Tonka Vodka 1.75L,Vodka,Bellboy Corporation,121,8.3,14.6,15.17,23.99,19.96,37,,34,114,Plymouth:1;Rosemount:2;Blaine:3;Roseville:4;Andover:5;Stillwater:7;Chanhassen:7;Bloomington:9;Vadnais Heights:12;Cottage Grove:13;Minnetonka:13;Osseo:14;Minneapolis:15;Ramsey:16
Smirnoff Vanilla Vodka 1.75L,Vodka,Johnson Brothers - St. Paul,89,8.3,10.7,14.46,23.99,19.96,40,Case 1 Must hit 25 cs within month,43,74,Minnetonka:2;Rosemount:5;St. Louis Park:5;Minneapolis:6;Blaine:7;Cottage Grove:64
Windsor Canadian 375ml,Whisky/Whiskey,Phillips Wine & Spirits - St. Paul,203,8.3,24.3,5.42,10.99,9.96,51,Case 1,32,124,Chanhassen:2;Vadnais Heights:7;Osseo:8;Plymouth:8;Minnetonka:11;St. Louis Park:11;Bloomington:18;Andover:20;Roseville:22;Ramsey:24;Stillwater:24;Blaine:48
Mi Campo Tequila Reposado 375ml,Agave,Southern Glazer's Wine & Spirits of MN,48,8.2,5.8,3.77,14.99,12.96,75,,38,94,Minneapolis:2;Andover:5;Woodbury:7;Rosemount:11;St. Louis Park:12;Roseville:12
Karkov Vodka Liter,Vodka,Johnson Brothers - St. Paul,108,8.2,13.2,5.88,12.99,10.96,55,Buy 5cs get 6 bottles Free,37,97,Minnetonka:2;Plymouth:2;Rosemount:3;Osseo:4;Roseville:4;St. Louis Park:5;Cottage Grove:5;Stillwater:6;Chanhassen:7;Woodbury:7;Ramsey:8;Andover:8;Blaine:8;Vadnais Heights:11;Minneapolis:28
Chi-Chi's Mexican Mudslide 750ml,Pre-Mix,Southern Glazer's Wine & Spirits of MN,57,8.2,6.9,3.82,6.99,,45,,36,102,Blaine:2;Andover:4;Bloomington:8;Cottage Grove:9;Minneapolis:11;Vadnais Heights:11;Roseville:12
Twisted Shotz Razzle Dazzle 4pk,Pre-Mix,"Breakthru Beverage Minnesota Wine & Spirits, LLC",40,8.2,4.9,3.92,6.49,5.96,40,,36,101,Stillwater:1;Roseville:1;Rosemount:3;St. Louis Park:3;Ramsey:4;Vadnais Heights:4;Bloomington:5;Woodbury:6;Blaine:6;Osseo:7
Malibu Pink Rum 1.75L,Rum,Southern Glazer's Wine & Spirits of MN,49,8.1,6.0,15.68,25.99,21.96,40,,39,85,Minneapolis:2;Blaine:3;Bloomington:3;Roseville:3;Ramsey:5;Woodbury:5;Andover:6;Rosemount:6;St. Louis Park:6;Cottage Grove:10
Martini & Rossi Sweet Vermouth 375ml,Vermouth,Southern Glazer's Wine & Spirits of MN,144,8.1,17.8,4.92,7.99,6.96,38,,37,94,Cottage Grove:1;Roseville:7;Blaine:7;Ramsey:12;Vadnais Heights:13;Rosemount:13;Plymouth:14;Minneapolis:18;Woodbury:19;Stillwater:20;St. Louis Park:20
Buzzballz Grape Gone Wild Vikings 24pk 187ml Case,Pre-Mix,,0,8.1,0.0,4.04,12.99,10.96,69,,29,129,
Wild Turkey 101 1.75L,Whisky/Whiskey,Southern Glazer's Wine & Spirits of MN,51,8.0,6.4,35.17,53.99,44.96,35,,35,100,Vadnais Heights:2;Blaine:2;Minnetonka:3;Andover:5;Minneapolis:5;Rosemount:5;Ramsey:6;Stillwater:6;Roseville:7;Bloomington:10
Svedka Blackberry Vodka 1.75L,Vodka,Southern Glazer's Wine & Spirits of MN,57,8.0,7.1,14.76,18.49,15.96,20,"Buy Deep Every Month, EO Months Listed",37,90,Rosemount:1;Roseville:3;St. Louis Park:3;Bloomington:9;Vadnais Heights:9;Minneapolis:32
Pendleton Canadian Whiskey 1.75L,Whisky/Whiskey,Johnson Brothers - St. Paul,31,8.0,3.9,26.21,42.99,35.86,39,Buy 6cs get 1cs 1.75 Free,33,109,Chanhassen:1;St. Louis Park:1;Minneapolis:2;Woodbury:2;Ramsey:2;Minnetonka:4;Andover:4;Blaine:4;Bloomington:5;Rosemount:6
Casamigos Blanco Tequila Liter,Agave,Johnson Brothers - St. Paul,58,8.0,7.3,39.83,60.99,51.96,35,Case 1,33,108,Roseville:1;Vadnais Heights:1;Andover:1;Minnetonka:2;St. Louis Park:2;Rosemount:3;Woodbury:5;Bloomington:6;Chanhassen:6;Cottage Grove:6;Stillwater:6;Minneapolis:9;Blaine:10
New Amsterdam Apple Vodka 1.75L,Vodka,Johnson Brothers - St. Paul,36,7.9,4.5,14.47,23.49,19.96,38,1 free on 20 NAV 1.75 May/June.  Deep $90 invoice All months,41,71,Blaine:1;Bloomington:3;Minneapolis:32
Jameson Select Reserve Black Barrel 750ml,Whisky/Whiskey,Southern Glazer's Wine & Spirits of MN,64,7.9,8.1,27.54,47.99,39.96,43,,35,95,Chanhassen:1;Blaine:2;Ramsey:3;Woodbury:3;Stillwater:5;Roseville:5;Plymouth:6;Bloomington:8;St. Louis Park:9;Rosemount:11;Andover:11
Johnnie Walker Red Liter,Whisky/Whiskey,Johnson Brothers - St. Paul,110,7.8,14.1,19.57,29.99,25.96,35,3 cs  across chain- accum monthly,33,102,Plymouth:1;Vadnais Heights:1;Osseo:1;Chanhassen:5;St. Louis Park:5;Blaine:6;Bloomington:6;Cottage Grove:6;Minneapolis:7;Rosemount:7;Woodbury:8;Stillwater:9;Andover:10;Ramsey:12;Roseville:12;Minnetonka:14
Dekuyper Blue Curacao Liter,Cordials,Southern Glazer's Wine & Spirits of MN,114,7.8,14.7,8.46,13.99,11.96,40,,30,115,Rosemount:1;Osseo:2;Minnetonka:5;St. Louis Park:5;Bloomington:6;Vadnais Heights:8;Minneapolis:8;Andover:9;Woodbury:11;Blaine:11;Cottage Grove:12;Plymouth:12;Roseville:24
Buzzballz Biggies Tequila 'Rita 1.75L,Pre-mixed,Phillips Wine & Spirits - St. Paul,57,7.8,7.3,11.74,20.99,16.96,44,2cs of Vikings 187ml on 25cs,36,88,Stillwater:1;Bloomington:2;Cottage Grove:2;Minnetonka:2;Roseville:2;St. Louis Park:2;Blaine:2;Plymouth:3;Ramsey:3;Chanhassen:4;Rosemount:4;Osseo:4;Vadnais Heights:6;Woodbury:7;Minneapolis:13
Morris Australian Single Malt Whisky 700ml,Whisky/Whiskey,Bellboy Corporation,94,7.8,12.1,15.0,29.99,23.96,50,,35,92,Andover:1;Minneapolis:3;Bloomington:5;Chanhassen:5;Stillwater:5;Plymouth:10;Vadnais Heights:11;Cottage Grove:15;Woodbury:16;Blaine:23
Christian Brothers Brandy Traveler,Brandy,Southern Glazer's Wine & Spirits of MN,105,7.8,13.5,8.31,12.49,10.96,33,,31,111,Blaine:1;Minnetonka:5;Plymouth:5;Roseville:5;Vadnais Heights:6;Minneapolis:8;Cottage Grove:8;Bloomington:9;Andover:9;St. Louis Park:11;Chanhassen:12;Stillwater:12;Rosemount:14
Glenfiddich 12 Year 750ml,Whisky/Whiskey,"Breakthru Beverage Minnesota Wine & Spirits, LLC",67,7.8,8.6,35.75,49.99,41.96,28,10cs – Balvenie 12/14 & Glen 12/14/15,34,97,Stillwater:2;Osseo:3;Ramsey:4;Vadnais Heights:4;Rosemount:5;Blaine:6;Roseville:6;Plymouth:7;Minnetonka:9;Bloomington:10;St. Louis Park:11
2 Gingers 1.75L,Whisky/Whiskey,Phillips Wine & Spirits - St. Paul,31,7.8,4.0,25.43,40.99,34.96,38,Case 1,36,89,Chanhassen:2;Ramsey:2;Rosemount:2;Cottage Grove:3;Osseo:5;Roseville:5;Stillwater:6;St. Louis Park:6
Suntory -196 Strawberry Pineapple 24ozcan,Pre-Mix,Southern Glazer's Wine & Spirits of MN,91,7.8,11.7,3.81,4.99,4.46,24,,24,142,Ramsey:1;St. Louis Park:1;Bloomington:1;Blaine:9;Roseville:9;Andover:11;Chanhassen:11;Cottage Grove:12;Osseo:12;Vadnais Heights:12;Minnetonka:12
Jose Cuervo Auth Strawberry 1.75L,Pre-Mix,Johnson Brothers - St. Paul,62,7.7,8.1,10.0,17.99,14.96,44,1 free on 3,34,94,Cottage Grove:3;Minneapolis:3;Minnetonka:5;Andover:5;Chanhassen:6;Blaine:7;Bloomington:8;St. Louis Park:9;Rosemount:16
Don Cosme Tequila Blanco 750ml,Agave,Bellboy Corporation,216,7.7,28.2,23.6,40.99,34.96,42,1 Month Order Lead time on Pallet Buy,44,48,Minnetonka:8;Ramsey:11;Stillwater:11;Vadnais Heights:12;Plymouth:14;Rosemount:16;Bloomington:17;Cottage Grove:20;Roseville:25;St. Louis Park:27;Woodbury:27;Blaine:28
E&J VSOP Brandy 1.75L,Brandy,Johnson Brothers - St. Paul,57,7.7,7.4,21.56,31.99,26.96,33,Deep Net,31,108,Plymouth:1;Woodbury:1;Roseville:1;Ramsey:3;Andover:3;Blaine:3;Minneapolis:4;Cottage Grove:6;Stillwater:6;Vadnais Heights:6;St. Louis Park:6;Osseo:6;Bloomington:11
Rum Chata Coconut Cream 50ml,Cordials,Johnson Brothers - St. Paul,685,7.7,89.1,1.34,2.99,,55,,30,112,Minneapolis:10;Cottage Grove:13;Vadnais Heights:22;Chanhassen:25;St. Louis Park:36;Minnetonka:40;Roseville:44;Andover:57;Woodbury:63;Blaine:64;Plymouth:69;Ramsey:72;Rosemount:76;Osseo:94
1800 Silver Tequila 375ml,Agave,Johnson Brothers - St. Paul,53,7.6,7.0,11.21,17.99,14.96,38,,35,86,Vadnais Heights:1;Rosemount:5;Minnetonka:7;Stillwater:7;Blaine:8;Minneapolis:12;Woodbury:13
Fleischmanns Vodka 1.75L,Vodka,Southern Glazer's Wine & Spirits of MN,48,7.6,6.3,9.13,15.99,13.96,43,,31,104,Osseo:1;Plymouth:1;Chanhassen:1;Minneapolis:2;Minnetonka:3;St. Louis Park:4;Andover:5;Stillwater:5;Roseville:5;Woodbury:6;Cottage Grove:7;Blaine:8
Eagle Rare Single Barrel 750ml,Whisky/Whiskey,"Breakthru Beverage Minnesota Wine & Spirits, LLC",63,7.6,8.3,49.83,9999.99,,100,3 CS,0,244,Cottage Grove:0;Blaine:1;Woodbury:1;Osseo:3;Ramsey:3;Andover:4;Stillwater:4;Vadnais Heights:4;St. Louis Park:9;Minneapolis:9;Bloomington:25
Bumbu Rum 750ml,Rum,Southern Glazer's Wine & Spirits of MN,52,7.5,6.9,25.52,40.99,34.96,38,Case 1,35,84,St. Louis Park:1;Osseo:3;Rosemount:3;Minnetonka:4;Bloomington:5;Vadnais Heights:5;Plymouth:5;Blaine:6;Minneapolis:6;Roseville:14
Martini & Rossi Sweet Vermouth 750ml,Vermouth,Southern Glazer's Wine & Spirits of MN,41,7.5,5.4,7.63,12.49,10.96,39,,35,85,Ramsey:2;Bloomington:2;Chanhassen:2;Plymouth:4;Blaine:4;Rosemount:4;Vadnais Heights:5;Minneapolis:6;Roseville:6;Woodbury:6
Casamigos Spicy Margarita 750ml,Pre-mixed,Johnson Brothers - St. Paul,107,7.5,14.3,17.09,26.99,22.96,37,6 case M&M,30,105,St. Louis Park:2;Cottage Grove:3;Minnetonka:3;Vadnais Heights:5;Plymouth:6;Stillwater:6;Ramsey:7;Rosemount:7;Osseo:8;Bloomington:9;Roseville:9;Blaine:9;Chanhassen:10;Woodbury:11;Minneapolis:12
Jackson Morgan Salted Caramel Cream 50ml,Cordials,Bellboy Corporation,655,7.4,89.0,1.75,2.99,,41,1CS Free on M/M 750 & 50's 10CS -across chain monthly accum,35,79,Blaine:5;Vadnais Heights:13;Osseo:19;Rosemount:23;Stillwater:24;Bloomington:26;Roseville:28;Andover:41;Minnetonka:47;Ramsey:52;St. Louis Park:52;Minneapolis:55;Woodbury:59;Cottage Grove:60;Plymouth:74;Chanhassen:77
Stolichnaya Vodka Liter,Vodka,Johnson Brothers - St. Paul,111,7.4,14.9,20.41,26.99,22.96,24,1 free 750 on 7 cases,34,86,Minnetonka:2;Cottage Grove:5;Plymouth:8;Woodbury:8;Bloomington:9;Rosemount:9;Blaine:9;Stillwater:10;Roseville:11;Andover:12;St. Louis Park:12;Minneapolis:16
Casamigos Margarita 375ml,Pre-mixed,Johnson Brothers - St. Paul,40,7.4,5.4,9.09,14.99,12.96,39,6 case M&M,34,85,Woodbury:1;Cottage Grove:2;Bloomington:3;Vadnais Heights:4;Blaine:6;Roseville:6;St. Louis Park:8;Minneapolis:10
Aperol Aperitivo 375ml,Cordials,Southern Glazer's Wine & Spirits of MN,85,7.3,11.7,10.11,18.99,16.96,47,,34,81,Chanhassen:1;Cottage Grove:1;Vadnais Heights:2;Rosemount:3;Roseville:4;Bloomington:5;Andover:7;Plymouth:8;St. Louis Park:8;Blaine:11;Stillwater:11;Woodbury:11;Minneapolis:13
Planteray Original Dark Rum Liter,Rum,Bellboy Corporation,42,7.3,5.7,15.13,23.99,19.96,37,1 cs 3 Stars Silver free on 8 cs mix & match all Plantation - accum monthly,31,96,Minnetonka:1;Andover:1;Rosemount:1;Bloomington:2;Chanhassen:2;Woodbury:2;St. Louis Park:3;Roseville:3;Cottage Grove:5;Osseo:5;Minneapolis:5;Plymouth:6;Blaine:6
Buzzballz Chili Watermelon 187ml,Pre-Mix,Phillips Wine & Spirits - St. Paul,11,7.3,1.5,2.14,4.99,3.96,57,,21,140,Bloomington:11
Old Forester Top Ten Single Barrel 100pf 750ml,Bourbon,Johnson Brothers - St. Paul,190,7.3,25.9,48.42,76.99,64.96,37,,36,74,Ramsey:4;Minnetonka:5;Osseo:5;Chanhassen:7;Rosemount:9;Vadnais Heights:9;Bloomington:10;Cottage Grove:10;Plymouth:10;Andover:11;Stillwater:20;Woodbury:20;Blaine:22;St. Louis Park:23;Roseville:25
Prairie Organic Vodka 50ml,Vodka,Phillips Wine & Spirits - St. Paul,127,7.2,17.7,0.68,1.49,1.24,54,Case 1,30,95,Stillwater:2;Minnetonka:125
Smirnoff Pink Lemonade 750ml,Vodka,Johnson Brothers - St. Paul,103,7.2,14.4,8.09,13.79,11.96,41,Case 1 Must hit 24 cs within month,35,73,Minnetonka:2;Blaine:2;Minneapolis:4;Woodbury:5;Bloomington:6;Cottage Grove:6;Roseville:9;St. Louis Park:10;Andover:59
Captain Morgan 100 Proof 1.75L,Rum,Phillips Wine & Spirits - St. Paul,61,7.2,8.5,24.32,35.49,29.96,31,4 cases  - across chain - same week,31,91,Ramsey:1;Rosemount:1;Andover:1;Chanhassen:2;Cottage Grove:2;Blaine:3;St. Louis Park:3;Minneapolis:5;Minnetonka:5;Roseville:5;Woodbury:5;Plymouth:6;Vadnais Heights:6;Stillwater:6;Bloomington:10
Tullamore Dew Irish Whiskey 750ml,Whisky/Whiskey,Bellboy Corporation,142,7.1,20.0,17.58,30.49,27.96,42,CASE 1,33,80,Osseo:1;Stillwater:1;Ramsey:2;Plymouth:2;Woodbury:3;St. Louis Park:3;Cottage Grove:9;Bloomington:11;Chanhassen:12;Minneapolis:12;Vadnais Heights:12;Rosemount:16;Blaine:23;Roseville:35
Larceny Bourbon 750ml,Whisky/Whiskey,Southern Glazer's Wine & Spirits of MN,96,7.1,13.5,19.67,29.99,24.96,34,,35,71,Woodbury:1;Rosemount:2;Osseo:2;Ramsey:3;Vadnais Heights:3;Chanhassen:6;Stillwater:7;Plymouth:9;St. Louis Park:9;Minnetonka:10;Roseville:10;Blaine:10;Andover:12;Minneapolis:12
Revel Avila Cuernavaca 12oz can,Pre-Mix,"New France Wine Co, Inc",142,7.1,20.0,4.77,7.99,6.96,40,,28,102,Cottage Grove:1;Woodbury:3;St. Louis Park:9;Rosemount:10;Bloomington:15;Blaine:17;Roseville:17;Minnetonka:70
On The Rocks Lime Margarita 4pk 12oz can,Pre-Mix,Southern Glazer's Wine & Spirits of MN,31,7.1,4.4,8.38,12.99,10.96,35,,31,88,Bloomington:1;Blaine:2;Minneapolis:3;Roseville:3;St. Louis Park:3;Stillwater:4;Vadnais Heights:4;Minnetonka:5;Woodbury:6
Black Velvet Canadian Liter,Whisky/Whiskey,Southern Glazer's Wine & Spirits of MN,31,7.1,4.4,7.29,11.99,9.96,39,,31,88,Roseville:1;Rosemount:1;Blaine:1;Minneapolis:3;Plymouth:5;Ramsey:5;Minnetonka:6;Bloomington:9
Reyka Vodka 750ml,Vodka,Bellboy Corporation,40,7.1,5.6,15.0,23.99,19.96,37,"5 cs mix & match Reyka 750s, Liters, 1.75s - across chain one week",30,94,Roseville:1;Stillwater:2;Blaine:2;Vadnais Heights:3;Chanhassen:4;St. Louis Park:5;Cottage Grove:6;Bloomington:8;Minneapolis:9
Macallan Double Cask 12yr 750ml,Whisky/Whiskey,"Breakthru Beverage Minnesota Wine & Spirits, LLC",88,7.0,12.6,58.0,80.99,67.96,28,case 1,32,80,Minnetonka:1;St. Louis Park:1;Stillwater:3;Rosemount:3;Chanhassen:4;Minneapolis:4;Blaine:5;Osseo:6;Bloomington:6;Plymouth:6;Woodbury:7;Vadnais Heights:9;Andover:10;Roseville:11;Cottage Grove:12
Johnnie Walker Black Liter,Whisky/Whiskey,Johnson Brothers - St. Paul,80,7.0,11.4,33.83,52.99,44.96,36,3 cs  across chain- accum monthly,34,73,St. Louis Park:1;Andover:2;Vadnais Heights:2;Minneapolis:2;Rosemount:4;Ramsey:4;Chanhassen:5;Osseo:6;Stillwater:7;Cottage Grove:7;Bloomington:8;Minnetonka:8;Plymouth:8;Woodbury:8;Blaine:8
Dolin Rouge Vermouth 750ml,Vermouth,Libation Project,69,7.0,9.8,12.92,21.99,17.96,41,Case 1,29,96,Chanhassen:1;Cottage Grove:3;Woodbury:3;Roseville:5;Ramsey:8;Minnetonka:8;Bloomington:9;Minneapolis:11;St. Louis Park:21
Smirnoff Peach Vodka 50ml,Vodka,Johnson Brothers - St. Paul,62,6.9,9.0,0.67,1.49,1.24,55,Case 1,31,83,Ramsey:62
Jackson Morgan Orange Cream 50ml,Cordials,Bellboy Corporation,475,6.9,68.5,1.75,2.99,,41,1CS Free on M/M 750 & 50's 10CS -across chain monthly accum,26,106,Chanhassen:6;Andover:15;Blaine:23;Bloomington:26;Ramsey:28;Roseville:28;Vadnais Heights:32;Osseo:33;Woodbury:34;St. Louis Park:38;Cottage Grove:39;Minnetonka:41;Rosemount:59;Plymouth:73
Traveller Whiskey 50ml,Whisky/Whiskey,"Breakthru Beverage Minnesota Wine & Spirits, LLC",1010,6.9,145.6,1.26,2.29,1.96,45,"150cs 50ml purchase in a month (Buffalo Trace Cream, Canadian Mist, Dr Mcgil, Fireball, Goldschlager, Hartley Brandy, Margaritaville, Parrot Bay, Platinum 7x, R&R, Scoresby, Sheep Dog, SoCo, Taaka, Traveller, Wheately, Yukon Jack)",34,70,Andover:91;Blaine:108;Cottage Grove:108;Woodbury:115;Vadnais Heights:116;Bloomington:117;St. Louis Park:117;Rosemount:119;Roseville:119
Lalo Tequila Blanco 750ml,Agave,Johnson Brothers - St. Paul,32,6.9,4.7,30.54,46.99,39.96,35,.5 Free on 8,26,104,Roseville:1;Bloomington:2;Osseo:3;St. Louis Park:3;Minneapolis:4;Blaine:4;Minnetonka:6;Woodbury:9
New Amsterdam Pineapple 1.75L,Vodka,Johnson Brothers - St. Paul,25,6.8,3.7,14.47,23.49,19.96,38,1 free on 20 NAV 1.75 May/July.  Deep $90 invoice All months,33,69,Blaine:3;Bloomington:3;Minneapolis:19
Dekuyper Peachtree Schnapps Liter,Schnapps,Southern Glazer's Wine & Spirits of MN,97,6.8,14.4,6.73,14.99,12.96,55,,26,100,Roseville:1;Rosemount:2;Andover:2;St. Louis Park:4;Stillwater:5;Minnetonka:5;Cottage Grove:8;Bloomington:11;Vadnais Heights:12;Blaine:13;Minneapolis:14;Woodbury:20
Pinnacle Whipped Vodka Liter,Vodka,Southern Glazer's Wine & Spirits of MN,68,6.8,10.0,8.79,14.99,12.96,41,,27,96,Chanhassen:1;Andover:4;Plymouth:4;Ramsey:7;Bloomington:8;Blaine:8;St. Louis Park:9;Woodbury:13;Minneapolis:14
Cazadores Reposado 1.75L,Agave,Southern Glazer's Wine & Spirits of MN,26,6.8,3.8,29.27,42.99,34.96,32,,32,74,Roseville:1;Chanhassen:1;Cottage Grove:2;Minnetonka:2;Vadnais Heights:3;Blaine:5;St. Louis Park:6;Minneapolis:6
Cazadores Blanco Tequila 750ml,Agave,Southern Glazer's Wine & Spirits of MN,58,6.7,8.7,16.13,23.99,19.96,33,,30,79,Rosemount:1;Cottage Grove:2;Osseo:2;St. Louis Park:4;Blaine:5;Bloomington:6;Minneapolis:6;Minnetonka:7;Ramsey:7;Roseville:8;Plymouth:10
Gentleman Jack 750ml,Whisky/Whiskey,Johnson Brothers - St. Paul,123,6.7,18.4,21.09,35.49,29.96,41,,32,71,Minneapolis:1;Vadnais Heights:2;Cottage Grove:3;Blaine:4;Bloomington:5;Stillwater:6;Osseo:7;Andover:9;Roseville:9;St. Louis Park:10;Plymouth:11;Ramsey:12;Rosemount:13;Chanhassen:14;Woodbury:17
Bulleit 95 Rye Whiskey Liter,Whisky/Whiskey,Phillips Wine & Spirits - St. Paul,102,6.7,15.2,23.43,37.99,32.96,38,Case 1 Must hit 3 cs within month,29,85,Osseo:1;Ramsey:1;Woodbury:1;Cottage Grove:3;Blaine:3;Andover:6;Vadnais Heights:7;St. Louis Park:7;Minnetonka:8;Stillwater:8;Rosemount:8;Chanhassen:8;Roseville:9;Plymouth:10;Bloomington:22
Jim Beam Apple 750ml,Whisky/Whiskey,Southern Glazer's Wine & Spirits of MN,48,6.7,7.1,12.56,20.99,17.96,40,,34,63,Rosemount:1;Stillwater:1;Cottage Grove:1;Andover:3;Minneapolis:3;Woodbury:5;Ramsey:6;Bloomington:9;Blaine:9;Plymouth:10
Hennessy VSOP Cognac 750ml,Brandy,Bellboy Corporation,65,6.6,9.9,40.75,64.99,54.96,37,Case 1,26,95,Andover:1;Rosemount:1;Stillwater:2;Roseville:3;Plymouth:4;Chanhassen:4;Blaine:7;St. Louis Park:8;Ramsey:8;Minnetonka:10;Bloomington:17
Ketel One Espresso Martini 750ml,Pre-Mix,Phillips Wine & Spirits - St. Paul,100,6.6,15.1,17.4,25.99,21.96,33,Case 1,29,82,St. Louis Park:2;Woodbury:2;Rosemount:2;Minneapolis:6;Bloomington:8;Minnetonka:9;Vadnais Heights:11;Plymouth:12;Stillwater:12;Andover:12;Blaine:12;Chanhassen:12
Shanky's Irish Whip 750ml,Whisky/Whiskey,Phillips Wine & Spirits - St. Paul,74,6.6,11.3,21.18,34.99,29.96,39,Case 1,30,76,Osseo:1;St. Louis Park:2;Plymouth:3;Bloomington:4;Minnetonka:4;Vadnais Heights:4;Stillwater:5;Minneapolis:6;Ramsey:6;Woodbury:6;Andover:6;Blaine:6;Cottage Grove:21
Evan Williams 100 Proof Liter,Whisky/Whiskey,Southern Glazer's Wine & Spirits of MN,136,6.6,20.6,16.31,25.99,21.96,37,,29,82,Stillwater:1;Andover:2;St. Louis Park:7;Rosemount:10;Chanhassen:11;Minneapolis:11;Minnetonka:11;Woodbury:12;Blaine:12;Cottage Grove:13;Ramsey:18;Plymouth:28
818 Tequila Blanco 750ml,Agave,Southern Glazer's Wine & Spirits of MN,58,6.6,8.8,18.88,36.99,29.96,49,,29,82,Chanhassen:1;Vadnais Heights:1;Andover:1;Minnetonka:1;Plymouth:2;Rosemount:2;Osseo:3;Bloomington:4;Cottage Grove:4;Ramsey:6;St. Louis Park:6;Blaine:6;Minneapolis:10;Roseville:11
Svedka Water Variety Pack 8pk 12oz can,Pre-Mix,Southern Glazer's Wine & Spirits of MN,0,6.6,0.0,10.84,17.99,15.96,40,1 ON 10,0,211,
Casamigos Reposado 375ml,Agave,Johnson Brothers - St. Paul,92,6.5,14.1,15.92,29.99,25.96,47,Case 1,25,97,Blaine:1;Andover:2;Plymouth:2;Roseville:7;Woodbury:7;Minnetonka:8;Bloomington:8;Minneapolis:8;St. Louis Park:10;Ramsey:12;Vadnais Heights:13;Osseo:14
Balvenie 12 Yr Doublewood Scotch 750ml,Whisky/Whiskey,"Breakthru Beverage Minnesota Wine & Spirits, LLC",118,6.5,18.2,55.0,76.99,59.96,29,10cs – Balvenie 12/14 & Glen 12/14/15,30,73,Woodbury:3;Osseo:4;Plymouth:5;Vadnais Heights:5;Blaine:5;Andover:5;Minneapolis:6;Minnetonka:6;Ramsey:6;St. Louis Park:8;Rosemount:9;Roseville:9;Bloomington:10;Chanhassen:10;Cottage Grove:10;Stillwater:17
Johnnie Walker Black 750ml,Whisky/Whiskey,Johnson Brothers - St. Paul,122,6.5,18.9,26.38,39.99,32.96,34,3 cs  across chain- same week,30,73,Roseville:1;Plymouth:3;Stillwater:4;Osseo:7;Minneapolis:7;Bloomington:8;Andover:8;Woodbury:9;Rosemount:10;Chanhassen:11;Cottage Grove:11;Minnetonka:13;Blaine:13;St. Louis Park:17
Kahlua 1.75L,Cordials,Southern Glazer's Wine & Spirits of MN,70,6.5,10.8,40.32,54.99,44.96,27,,28,83,Minnetonka:2;Chanhassen:3;Woodbury:3;Plymouth:4;Minneapolis:4;Vadnais Heights:6;Blaine:6;St. Louis Park:7;Andover:8;Rosemount:13;Bloomington:14
Noteworthy Honey Bourbon 90 PRF 750ml,Bourbon,Bellboy Corporation,166,6.5,25.3,5.17,8.99,7.95,42,CASE 1,25,98,Blaine:2;Rosemount:2;Chanhassen:3;Stillwater:4;Minnetonka:9;Roseville:12;Plymouth:13;Vadnais Heights:13;Osseo:19;Cottage Grove:21;Ramsey:32;Woodbury:36
Twisted Shotz Sex On The Beach 4pk,Pre-Mix,"Breakthru Beverage Minnesota Wine & Spirits, LLC",62,6.4,9.7,3.96,6.49,5.96,39,4cs mix and match of 4pks in a month,27,83,Osseo:1;Plymouth:1;Rosemount:1;Cottage Grove:2;Andover:3;Bloomington:3;Stillwater:4;Woodbury:4;Blaine:5;Ramsey:6;Minneapolis:9;Vadnais Heights:11;St. Louis Park:12
New Amsterdam Pineapple 750ml,Vodka,Johnson Brothers - St. Paul,24,6.4,3.8,9.09,13.99,,35,,32,61,Minnetonka:12;Minneapolis:12
Bombay Gin Liter,Gin,Southern Glazer's Wine & Spirits of MN,116,6.4,18.2,16.35,25.99,21.96,37,,21,110,Chanhassen:2;Minnetonka:2;St. Louis Park:6;Minneapolis:8;Cottage Grove:9;Roseville:9;Vadnais Heights:12;Plymouth:22;Bloomington:23;Stillwater:23
D'usse Cognac VSOP 375ml,Brandy,Southern Glazer's Wine & Spirits of MN,92,6.4,14.4,17.46,35.49,29.96,51,,28,79,Blaine:3;Vadnais Heights:8;Andover:9;Roseville:11;Stillwater:12;Bloomington:14;Minneapolis:15;Woodbury:20
Crown Royal Chocolate 750ml,Canadian Whisky,Phillips Wine & Spirits - St. Paul,169,6.4,26.5,16.09,29.99,24.96,46,Case 1 Must hit 12 cs within month,32,61,Minnetonka:3;Stillwater:4;Chanhassen:6;Osseo:7;Plymouth:7;Vadnais Heights:8;Woodbury:9;Cottage Grove:10;Blaine:11;Rosemount:12;St. Louis Park:12;Andover:13;Ramsey:14;Bloomington:21;Minneapolis:32
Bacardi Limon Rum Traveler,Rum,Southern Glazer's Wine & Spirits of MN,83,6.4,12.9,10.51,17.99,15.96,42,,27,85,Vadnais Heights:2;Cottage Grove:4;Chanhassen:5;St. Louis Park:6;Andover:6;Plymouth:7;Minneapolis:7;Bloomington:8;Roseville:9;Blaine:11;Minnetonka:18
Smirnoff Red White & Berry Liter,Vodka,Johnson Brothers - St. Paul,177,6.4,27.8,10.17,17.99,14.96,43,Case 1 Must hit 8 cs within month,20,115,Bloomington:4;Roseville:9;Andover:10;Rosemount:11;Blaine:12;Cottage Grove:12;Plymouth:12;Ramsey:12;St. Louis Park:12;Stillwater:12;Vadnais Heights:12;Woodbury:12;Minneapolis:14;Chanhassen:33
Smirnoff Red White and Berry 1.75L,Vodka,Johnson Brothers - St. Paul,15,6.4,2.3,14.46,22.99,19.96,37,Case 1 Must hit 25 cs within month,37,40,St. Louis Park:7;Minneapolis:8
Drumshanbo Gunpowder Irish Gin 50ml,Gin,"Vinocopia, Inc",331,6.4,51.4,2.02,2.99,,32,Net Down Pricing,28,81,Roseville:6;Andover:12;Cottage Grove:16;St. Louis Park:24;Osseo:25;Plymouth:25;Vadnais Heights:43;Woodbury:48;Ramsey:60;Stillwater:72
1800 Ultimate Margarita Original 1.75L,Pre-Mix,Johnson Brothers - St. Paul,39,6.3,6.2,13.1,23.99,19.96,45,Case 1,26,85,Chanhassen:1;Roseville:1;Plymouth:2;Stillwater:2;Minnetonka:4;Rosemount:5;Minneapolis:7;Andover:7;Blaine:10
Paul Masson VS Brandy 375ml,Brandy,Phillips Wine & Spirits - St. Paul,52,6.3,8.2,3.37,7.99,,58,Case 1,30,69,Blaine:3;St. Louis Park:14;Minneapolis:16;Bloomington:19
Fireball Blazin' Apple Liter,Whisky/Whiskey,"Breakthru Beverage Minnesota Wine & Spirits, LLC",105,6.3,16.6,12.85,18.99,15.96,32,25cs purchase equity sizes in a month,28,77,Roseville:3;Woodbury:3;Vadnais Heights:4;Chanhassen:7;Cottage Grove:7;Osseo:7;Stillwater:7;Andover:7;Minnetonka:10;Plymouth:11;Blaine:11;Minneapolis:12;St. Louis Park:16
Appleton Signature Blend 750ml,Rum,Southern Glazer's Wine & Spirits of MN,110,6.3,17.4,17.46,23.99,19.96,27,,26,86,Minnetonka:1;Andover:2;Plymouth:2;St. Louis Park:3;Rosemount:5;Osseo:6;Minneapolis:9;Roseville:9;Blaine:9;Chanhassen:10;Bloomington:11;Stillwater:11;Vadnais Heights:12;Woodbury:20
Windsor Apple 1.75L,Whisky/Whiskey,Phillips Wine & Spirits - St. Paul,67,6.3,10.7,13.45,21.99,17.96,39,5 free windsor 1.75 free on 50 cases 1.75 only  + 6 cs 50ml free,32,58,Andover:2;Osseo:2;St. Louis Park:2;Minnetonka:3;Cottage Grove:3;Rosemount:3;Plymouth:3;Woodbury:4;Stillwater:4;Blaine:4;Vadnais Heights:5;Ramsey:6;Roseville:6;Chanhassen:7;Minneapolis:13
Hixson 9n PRF Gin 750ml,Gin,Bellboy Corporation,65,6.3,10.4,3.08,11.49,7.96,73,CASE 1,24,93,Blaine:1;Ramsey:2;Osseo:3;Chanhassen:5;Minnetonka:7;Rosemount:7;Stillwater:12;Woodbury:12;Vadnais Heights:16
D'usse Cognac VSOP 750ml,Brandy,Southern Glazer's Wine & Spirits of MN,57,6.2,9.3,47.52,53.99,45.96,12,Case 1,30,63,Plymouth:1;Chanhassen:2;Osseo:2;Minnetonka:3;Stillwater:3;Cottage Grove:4;Bloomington:4;Vadnais Heights:5;Blaine:5;Minneapolis:5;Rosemount:6;St. Louis Park:6;Woodbury:11
99 Bananas 100ml,Schnapps,Southern Glazer's Wine & Spirits of MN,289,6.2,46.6,1.01,2.29,1.96,56,,29,69,Vadnais Heights:1;Plymouth:12;Blaine:32;Minnetonka:42;Bloomington:47;Minneapolis:48;Roseville:107
Old Fitzgerald 7 Year Bottled In Bond 750ml,Whisky/Whiskey,Bellboy Corporation,54,6.2,8.8,40.17,68.99,57.96,42,,36,36,Chanhassen:2;Minnetonka:3;Blaine:3;Osseo:4;Stillwater:4;Cottage Grove:5;Rosemount:5;St. Louis Park:9;Woodbury:9;Roseville:10
1800 Reposado Tequila 750ml,Agave,Johnson Brothers - St. Paul,102,6.2,16.4,19.4,33.49,27.96,42,Case 1,29,69,Rosemount:1;Minnetonka:2;Woodbury:2;Osseo:2;St. Louis Park:5;Stillwater:5;Roseville:6;Bloomington:6;Cottage Grove:8;Plymouth:8;Blaine:10;Minneapolis:11;Chanhassen:12;Ramsey:12;Vadnais Heights:12
Dekuyper Sour Apple Pucker 750ml,Schnapps,Southern Glazer's Wine & Spirits of MN,41,6.2,6.6,6.73,12.49,10.96,46,,33,52,Plymouth:1;Vadnais Heights:3;Minnetonka:5;Andover:5;Blaine:6;St. Louis Park:6;Minneapolis:6;Bloomington:9
Don Julio 1942 50ml,Agave,Phillips Wine & Spirits - St. Paul,266,6.1,43.5,7.35,17.49,14.96,58,Case 1,27,75,Roseville:11;St. Louis Park:15;Andover:31;Minnetonka:32;Cottage Grove:38;Blaine:40;Bloomington:44;Minneapolis:55
Absolut Ruby Red Vodka Liter,Vodka,Southern Glazer's Wine & Spirits of MN,100,6.1,16.3,16.52,24.99,21.96,34,,27,76,Woodbury:2;St. Louis Park:3;Minneapolis:4;Roseville:5;Chanhassen:6;Vadnais Heights:7;Plymouth:7;Blaine:8;Rosemount:8;Osseo:10;Bloomington:11;Andover:12;Minnetonka:17
High Noon Pineapple 8pk 12oz can,Pre-Mix,Johnson Brothers - St. Paul,49,6.0,8.2,16.87,24.99,21.96,32,Deep Net,31,53,Woodbury:1;Bloomington:5;Blaine:7;Roseville:10;St. Louis Park:12;Minneapolis:14
Svedka Blue Raspberry Vodka Liter,Vodka,Southern Glazer's Wine & Spirits of MN,36,6.0,6.0,9.81,17.49,14.96,44,,28,67,Minnetonka:1;Cottage Grove:3;Bloomington:6;Vadnais Heights:6;Minneapolis:8;Blaine:12
Don Julio 1942 Anejo Tequila 750ml,Agave,Bellboy Corporation,61,6.0,10.2,123.83,154.99,129.96,20,Case 1,29,62,Andover:1;Minnetonka:1;Stillwater:1;Ramsey:3;Osseo:3;Roseville:3;Bloomington:3;Vadnais Heights:4;Woodbury:4;Blaine:5;Chanhassen:6;Cottage Grove:6;St. Louis Park:6;Minneapolis:7;Plymouth:8
Jack Daniels Tennessee Honey Liter,Whisky/Whiskey,Johnson Brothers - St. Paul,136,6.0,22.6,22.1,34.99,29.96,37,,21,99,Blaine:5;Chanhassen:7;Plymouth:7;Osseo:7;Bloomington:8;Rosemount:8;Cottage Grove:8;Andover:9;Roseville:9;Minneapolis:9;Minnetonka:11;Vadnais Heights:11;Woodbury:11;Ramsey:12;St. Louis Park:14
Reyka Vodka Liter,Vodka,Bellboy Corporation,28,6.0,4.7,18.0,27.99,24.96,36,"5 cs mix & match Reyka 750s, Liters, 1.75s - across chain one week",27,70,Blaine:1;Rosemount:1;Roseville:1;Woodbury:4;Chanhassen:4;St. Louis Park:6;Bloomington:11
Barton Vodka 750ml,Vodka,Southern Glazer's Wine & Spirits of MN,90,6.0,15.0,5.16,8.99,7.96,43,,26,76,Roseville:2;Blaine:4;Andover:4;Minnetonka:5;Osseo:7;Plymouth:8;Stillwater:8;Woodbury:8;Cottage Grove:11;St. Louis Park:11;Bloomington:22
"Twisted Shotz Suck it up, Buttercup 4pk",Pre-Mix,"Breakthru Beverage Minnesota Wine & Spirits, LLC",134,6.0,22.4,3.96,6.49,5.96,39,4cs mix and match of 4pks in a month,25,80,Stillwater:4;Cottage Grove:4;Roseville:4;Ramsey:8;St. Louis Park:10;Andover:11;Bloomington:14;Minneapolis:17;Blaine:18;Vadnais Heights:18;Rosemount:26
Karkov Vodka 200ml,Vodka,Johnson Brothers - St. Paul,252,6.0,42.3,2.15,4.99,3.96,57,Case One,21,97,Blaine:1;Ramsey:5;Rosemount:9;Woodbury:11;St. Louis Park:13;Roseville:15;Osseo:16;Vadnais Heights:16;Andover:18;Minnetonka:23;Chanhassen:33;Bloomington:43;Cottage Grove:49
Chica Chida Peanut Butter Tequila 750ml,Agave,Southern Glazer's Wine & Spirits of MN,80,5.9,13.5,17.38,27.99,22.96,38,,25,78,Osseo:1;Rosemount:1;Minnetonka:3;Andover:4;Stillwater:4;Bloomington:5;Chanhassen:5;Cottage Grove:5;Plymouth:5;Vadnais Heights:5;Woodbury:5;St. Louis Park:6;Roseville:6;Blaine:6;Ramsey:7;Minneapolis:12
Jackson Morgan Banana Pudding Cream 50ml,Cordials,Bellboy Corporation,524,5.9,88.6,1.75,2.99,,41,1CS Free on M/M 750 & 50's 10CS -across chain monthly accum,22,91,Ramsey:1;Cottage Grove:5;Plymouth:15;Vadnais Heights:15;Roseville:17;Woodbury:21;Bloomington:27;Osseo:38;St. Louis Park:40;Minneapolis:43;Rosemount:49;Andover:51;Minnetonka:59;Blaine:63;Chanhassen:80
Bacardi Gold Rum Liter,Rum,Southern Glazer's Wine & Spirits of MN,78,5.9,13.2,12.01,20.99,17.96,43,,25,77,Roseville:1;Plymouth:3;Stillwater:4;Blaine:6;St. Louis Park:8;Rosemount:9;Woodbury:12;Minneapolis:13;Cottage Grove:22
Kraken Black Spiced Rum (White Label) Liter,Rum,Johnson Brothers - St. Paul,37,5.9,6.3,13.93,22.99,19.96,39,Buy 6cs get 1cs 1.75 Free,25,77,Vadnais Heights:1;Cottage Grove:1;Rosemount:2;Woodbury:2;Roseville:3;Bloomington:4;St. Louis Park:4;Minneapolis:6;Blaine:7;Stillwater:7
Bacardi Tropical Rum Liter,Rum,Southern Glazer's Wine & Spirits of MN,38,5.9,6.4,12.01,20.99,17.96,43,,28,65,Blaine:1;Woodbury:1;Andover:5;Stillwater:6;Bloomington:9;Minneapolis:16
Bacardi Dragon Berry Rum Liter,Rum,Southern Glazer's Wine & Spirits of MN,95,5.9,16.1,12.01,20.99,17.96,43,,29,59,Plymouth:4;Rosemount:4;Cottage Grove:4;Vadnais Heights:5;Andover:6;Woodbury:8;Chanhassen:10;Minnetonka:10;Stillwater:10;Blaine:10;Minneapolis:24
High Noon Mango 4pk 12oz can,Pre-Mix,Johnson Brothers - St. Paul,69,5.9,11.7,8.43,13.79,11.96,39,Deep Net,26,72,Minnetonka:1;Stillwater:1;Chanhassen:3;Woodbury:4;Roseville:5;St. Louis Park:5;Andover:6;Plymouth:6;Ramsey:6;Rosemount:6;Vadnais Heights:9;Minneapolis:17
Mi Campo Tequila Reposado Liter,Agave,Southern Glazer's Wine & Spirits of MN,26,5.8,4.5,7.53,29.99,24.96,75,,22,86,Plymouth:1;Roseville:2;Bloomington:2;St. Louis Park:2;Blaine:4;Minnetonka:4;Stillwater:4;Minneapolis:7
Captain Morgan Private Stock Liter,Rum,Bellboy Corporation,36,5.8,6.2,24.0,35.49,29.96,32,Case 1,27,64,Minnetonka:2;Plymouth:2;Osseo:3;Blaine:3;Bloomington:4;St. Louis Park:4;Woodbury:5;Rosemount:6;Chanhassen:7
Castillo Silver Rum Liter,Rum,Southern Glazer's Wine & Spirits of MN,40,5.8,6.9,7.47,11.49,9.96,35,,27,64,Chanhassen:1;Andover:4;Plymouth:4;Bloomington:5;Blaine:5;St. Louis Park:7;Minneapolis:14
Russell's Reserve 10yr 750ml,Whisky/Whiskey,Bellboy Corporation,44,5.8,7.5,29.71,45.99,39.96,35,BUY 10CS Receive 1cs free M/M Across chain same week,27,66,Cottage Grove:1;Woodbury:1;Bloomington:3;Roseville:3;Blaine:3;St. Louis Park:3;Osseo:4;Chanhassen:4;Minnetonka:5;Rosemount:5;Stillwater:6;Plymouth:6
Jameson Orange 750ml,Whisky/Whiskey,Southern Glazer's Wine & Spirits of MN,37,5.7,6.5,15.16,29.99,25.96,49,,22,83,Osseo:1;Ramsey:1;Cottage Grove:1;Plymouth:1;Chanhassen:3;Minnetonka:3;Andover:4;Blaine:4;Woodbury:5;Vadnais Heights:6;Bloomington:8
Jameson Triple Triple,Whisky/Whiskey,Southern Glazer's Wine & Spirits of MN,76,5.7,13.4,22.57,31.99,27.96,29,,27,61,Minneapolis:2;St. Louis Park:2;Stillwater:2;Andover:7;Blaine:7;Bloomington:8;Minnetonka:9;Plymouth:9;Vadnais Heights:9;Chanhassen:9;Rosemount:12
Dekuyper Triple Sec 375ml,Cordials,Southern Glazer's Wine & Spirits of MN,108,5.7,19.1,3.4,6.49,5.96,48,,20,92,Minneapolis:1;Ramsey:1;Vadnais Heights:1;Blaine:3;Plymouth:6;Roseville:6;Cottage Grove:12;Rosemount:15;Woodbury:18;St. Louis Park:21;Minnetonka:24
Noilly Prat Sweet Vermouth 750ml,Vermouth,Southern Glazer's Wine & Spirits of MN,55,5.7,9.7,9.17,15.99,12.96,43,,23,79,Ramsey:1;Blaine:1;St. Louis Park:1;Chanhassen:2;Vadnais Heights:2;Rosemount:4;Plymouth:5;Woodbury:8;Bloomington:8;Roseville:10;Minneapolis:13
Calypso Spiced Rum 1.75L,Rum,Southern Glazer's Wine & Spirits of MN,8,5.7,1.4,10.63,17.49,14.96,39,,24,75,Osseo:1;Andover:2;St. Louis Park:2;Bloomington:3
Cruzan Light Rum 1.75L,Rum,Southern Glazer's Wine & Spirits of MN,32,5.7,5.6,12.56,21.99,19.96,43,,23,79,Osseo:1;Blaine:1;Andover:2;Chanhassen:2;Cottage Grove:3;Vadnais Heights:3;Rosemount:4;Plymouth:5;Stillwater:5;Minnetonka:6
Bardstown Bourbon Bonded 750ml,Whisky/Whiskey,"Breakthru Beverage Minnesota Wine & Spirits, LLC",31,5.7,5.4,33.19,53.99,44.96,39,5cs purchase in a month,27,62,Blaine:1;Plymouth:1;Vadnais Heights:1;Cottage Grove:2;Andover:2;Stillwater:2;Minnetonka:2;Bloomington:3;Roseville:3;Rosemount:6;St. Louis Park:8
Canadian Club Liter,Whisky/Whiskey,Southern Glazer's Wine & Spirits of MN,63,5.7,11.0,10.82,17.99,15.96,40,,26,67,Osseo:1;St. Louis Park:1;Minnetonka:3;Vadnais Heights:4;Chanhassen:5;Rosemount:6;Roseville:8;Cottage Grove:10;Stillwater:11;Blaine:14
Keeper's Heart Irish/American Whiskey 700ml,Whisky/Whiskey,Phillips Wine & Spirits - St. Paul,70,5.7,12.4,20.08,34.99,29.96,43,1 cs 10yr or 2 cs Irish + Am free on 36 mix and match,24,74,Woodbury:1;Minnetonka:2;St. Louis Park:3;Chanhassen:4;Vadnais Heights:4;Cottage Grove:5;Osseo:5;Minneapolis:6;Plymouth:6;Rosemount:6;Stillwater:6;Roseville:6;Andover:7;Blaine:9
Knob Creek Bourbon 1.75L,Whisky/Whiskey,Southern Glazer's Wine & Spirits of MN,63,5.6,11.3,45.13,70.99,59.96,36,,23,76,Roseville:1;Chanhassen:2;Minnetonka:3;Blaine:4;St. Louis Park:4;Osseo:5;Woodbury:5;Andover:5;Cottage Grove:6;Vadnais Heights:6;Bloomington:10;Rosemount:12
Evan Williams Bourbon Traveler,Whisky/Whiskey,Southern Glazer's Wine & Spirits of MN,85,5.6,15.1,9.59,17.49,14.96,45,,23,78,Bloomington:1;Rosemount:1;Cottage Grove:2;Woodbury:2;Ramsey:4;Blaine:8;Roseville:8;Minneapolis:11;Vadnais Heights:12;Minnetonka:15;Chanhassen:21
Kinky Blue 750ml,Cordials,Johnson Brothers - St. Paul,30,5.6,5.4,10.42,19.99,16.96,48,1 free case on 4,26,63,Blaine:2;Minnetonka:4;Bloomington:11;Minneapolis:13
New Amsterdam Vodka 200ml,Vodka,Johnson Brothers - St. Paul,121,5.6,21.5,3.38,7.99,,58,Deep net SOND,21,86,Minnetonka:3;Woodbury:3;Plymouth:8;Osseo:12;Ramsey:13;St. Louis Park:16;Roseville:23;Minneapolis:43
Old Forester Signature 750ml,Whisky/Whiskey,Johnson Brothers - St. Paul,79,5.6,14.0,18.62,30.49,25.96,39,,24,73,Blaine:2;Osseo:2;Cottage Grove:6;Rosemount:7;Woodbury:8;Roseville:9;St. Louis Park:10;Andover:11;Chanhassen:12;Plymouth:12
St Agrestis Phony Negroni 2pk 200ml btl,Pre-Mix,Southern Glazer's Wine & Spirits of MN,117,5.6,20.8,6.05,11.49,10.96,47,,22,82,Rosemount:1;Minneapolis:2;St. Louis Park:2;Plymouth:3;Stillwater:5;Minnetonka:7;Cottage Grove:8;Ramsey:8;Woodbury:8;Roseville:8;Blaine:9;Bloomington:14;Andover:16;Osseo:26
Western Son Lemon 50ml,Vodka,Johnson Brothers - St. Paul,128,5.5,23.2,0.7,1.49,1.24,53,Net Down Case Price,21,83,Minneapolis:26;Cottage Grove:47;Blaine:55
Absolut Vanilla Vodka Liter,Vodka,Southern Glazer's Wine & Spirits of MN,133,5.5,24.1,16.52,24.99,21.96,34,,25,65,Cottage Grove:1;Plymouth:1;Roseville:1;Minnetonka:5;St. Louis Park:6;Stillwater:6;Vadnais Heights:6;Woodbury:6;Osseo:7;Bloomington:10;Chanhassen:10;Andover:13;Rosemount:13;Blaine:15;Ramsey:16;Minneapolis:17
Russells Reserve Bourbon Private Barrel 750ml,Whisky/Whiskey,Southern Glazer's Wine & Spirits of MN,98,5.5,17.8,52.63,81.99,69.96,36,,25,64,Andover:2;Chanhassen:2;Rosemount:2;Plymouth:3;Osseo:3;Minneapolis:4;Ramsey:4;Vadnais Heights:4;Cottage Grove:4;St. Louis Park:9;Blaine:13;Roseville:14;Bloomington:17;Woodbury:17
High Noon Passionfruit 4pk 12oz can,Pre-Mix,Johnson Brothers - St. Paul,40,5.5,7.3,8.43,13.79,11.96,39,Deep Net,25,63,Minnetonka:1;Bloomington:1;Cottage Grove:2;Minneapolis:2;Chanhassen:3;Vadnais Heights:4;Blaine:5;Rosemount:5;Woodbury:5;Osseo:6;Andover:6
Wheel Horse Rye Whiskey 750ml,Whisky/Whiskey,Bellboy Corporation,68,5.5,12.3,19.0,30.49,25.96,38,,22,79,Stillwater:2;Minneapolis:3;Osseo:4;Ramsey:4;Woodbury:5;Vadnais Heights:5;Minnetonka:6;Cottage Grove:6;Blaine:7;Andover:8;Plymouth:8;Chanhassen:10
Don Julio Blanco 375ml,Agave,Bellboy Corporation,56,5.5,10.1,28.5,33.49,27.96,15,8cs in one month,28,52,St. Louis Park:1;Cottage Grove:8;Andover:10;Blaine:11;Roseville:12;Minneapolis:14
St Brendans Irish Cream 750ml,Cordials,Southern Glazer's Wine & Spirits of MN,70,5.5,12.7,11.6,13.79,12.96,16,,23,74,St. Louis Park:1;Blaine:2;Minnetonka:3;Minneapolis:5;Vadnais Heights:7;Bloomington:8;Stillwater:10;Andover:11;Cottage Grove:11;Roseville:12
Disaronno Amaretto 50ml,Cordials,Bellboy Corporation,789,5.5,142.5,1.33,2.99,,55,,20,88,Blaine:11;Woodbury:80;Vadnais Heights:95;Andover:96;Roseville:100;Minneapolis:101;St. Louis Park:101;Cottage Grove:102;Rosemount:103
Western Son Peach 50ml,Vodka,Johnson Brothers - St. Paul,211,5.4,39.4,0.7,1.49,1.24,53,Net Down Case Price,18,91,Blaine:1;Ramsey:20;Vadnais Heights:40;Bloomington:42;Chanhassen:108
Fleischmanns Vodka Traveler,Vodka,Southern Glazer's Wine & Spirits of MN,99,5.4,18.2,4.57,8.99,7.96,49,,20,85,Andover:1;Roseville:1;Rosemount:1;Stillwater:3;Osseo:4;St. Louis Park:5;Minnetonka:6;Woodbury:6;Blaine:7;Vadnais Heights:10;Ramsey:11;Minneapolis:12;Plymouth:12;Bloomington:20
Casamigos Anejo Tequila 50ml,Agave,Johnson Brothers - St. Paul,159,5.4,29.6,3.86,5.99,,36,Case 1,27,51,Plymouth:2;Vadnais Heights:4;Roseville:4;Osseo:32;Chanhassen:117
New Amsterdam Grapefruit Vodka 1.75L,Vodka,Johnson Brothers - St. Paul,19,5.4,3.5,14.47,23.49,19.96,38,1 free on 20 NAV 1.75 May/July.  Deep $90 invoice All months,26,57,Blaine:2;Minnetonka:2;Andover:4;Vadnais Heights:5;Minneapolis:6
Smirnoff Raspberry Vodka Liter,Vodka,Johnson Brothers - St. Paul,36,5.4,6.7,10.17,17.99,15.96,43,Case 1 Must hit 8 cs within month,16,100,Plymouth:3;Osseo:3;Minnetonka:5;Bloomington:7;Cottage Grove:7;Rosemount:11
El Jimador Blanco Tequila 750ml,Agave,Johnson Brothers - St. Paul,51,5.3,9.7,0.09,26.99,22.96,100,,24,61,Roseville:1;Minnetonka:2;Osseo:2;Blaine:2;Minneapolis:7;Bloomington:9;Plymouth:9;Rosemount:9;St. Louis Park:10
On The Rocks Mule 4pk 12oz can,Pre-Mix,Southern Glazer's Wine & Spirits of MN,66,5.3,12.6,8.38,12.99,10.96,35,,24,61,Roseville:1;Woodbury:3;Bloomington:4;Osseo:4;Chanhassen:5;Plymouth:5;Vadnais Heights:5;St. Louis Park:7;Andover:7;Blaine:9;Minneapolis:16
Remy Martin 1738 Cognac 750ml,Brandy,Phillips Wine & Spirits - St. Paul,58,5.3,11.0,49.08,66.99,56.96,27,Case 1,25,57,Vadnais Heights:1;Cottage Grove:1;Chanhassen:2;Rosemount:2;Stillwater:3;Osseo:5;Minnetonka:6;Bloomington:8;Plymouth:9;Blaine:10;Minneapolis:11
Stolichnaya Vanilla Vodka Liter,Vodka,Johnson Brothers - St. Paul,96,5.3,18.2,20.93,28.99,24.96,28,1 free 750 on 7 cases,24,62,Plymouth:1;Minnetonka:4;Vadnais Heights:4;Woodbury:6;Andover:9;Minneapolis:10;Bloomington:11;St. Louis Park:11;Chanhassen:11;Blaine:12;Rosemount:17
Chambord Liqueur Royale 700ml,Cordials,Johnson Brothers - St. Paul,121,5.2,23.2,22.88,38.99,32.96,41,,27,46,Rosemount:2;Cottage Grove:3;Minneapolis:4;Osseo:4;Chanhassen:6;Vadnais Heights:8;Andover:11;Bloomington:11;Minnetonka:11;Ramsey:11;St. Louis Park:12;Blaine:12;Stillwater:13;Woodbury:13
Clase Azul Reposado Tequila 750ml,Agave,Bellboy Corporation,31,5.2,6.0,126.83,179.99,149.96,30,Case 1,24,59,Ramsey:1;Roseville:1;Bloomington:1;Chanhassen:2;Stillwater:2;Andover:3;Blaine:3;St. Louis Park:3;Minnetonka:4;Minneapolis:5;Plymouth:6
Dashfire Chai White Russian 100ml,Pre-Mix,"Vinocopia, Inc",113,5.2,21.6,3.56,6.49,5.96,45,Net Down Pricing,17,92,Vadnais Heights:6;Woodbury:6;St. Louis Park:6;Ramsey:10;Rosemount:10;Minnetonka:11;Blaine:12;Stillwater:12;Cottage Grove:18;Andover:23
Tin Cup Whiskey 750ml,Whisky/Whiskey,Johnson Brothers - St. Paul,61,5.2,11.8,17.71,34.99,29.96,49,Buy 11cs get 3cs 750ml Free,24,58,Ramsey:3;Rosemount:4;Cottage Grove:9;Andover:11;Bloomington:11;Blaine:11;Osseo:12
Mr Boston Five Star Brandy 1.75L,Brandy,Southern Glazer's Wine & Spirits of MN,46,5.2,8.9,12.05,18.99,15.96,37,,24,58,Rosemount:2;Minnetonka:4;Ramsey:4;St. Louis Park:4;Osseo:4;Chanhassen:4;Bloomington:5;Andover:6;Blaine:6;Plymouth:7
New Amsterdam Red Berry 1.75L,Vodka,Johnson Brothers - St. Paul,16,5.2,3.1,14.47,23.49,19.96,38,1 free on 20 NAV 1.75 May/July.  Deep $90 invoice All months,27,46,Blaine:2;Bloomington:3;Minneapolis:11
Lokal Vodka Liter,Vodka,"New France Wine Co, Inc",84,5.1,16.5,10.71,17.99,14.96,40,,24,56,Andover:2;Blaine:2;Rosemount:5;Ramsey:5;Minnetonka:6;Bloomington:9;Minneapolis:9;St. Louis Park:10;Vadnais Heights:11;Stillwater:12;Roseville:13
Absolut Pears Vodka Liter,Vodka,Southern Glazer's Wine & Spirits of MN,114,5.1,22.2,16.52,24.99,21.96,34,,24,57,Roseville:2;Vadnais Heights:2;Andover:3;Woodbury:5;St. Louis Park:8;Stillwater:8;Blaine:9;Bloomington:10;Plymouth:10;Minneapolis:10;Rosemount:12;Chanhassen:35
Wild Turkey 101 Liter,Whisky/Whiskey,Southern Glazer's Wine & Spirits of MN,74,5.1,14.4,24.12,38.99,32.96,38,,22,66,Rosemount:1;St. Louis Park:3;Chanhassen:6;Osseo:7;Vadnais Heights:7;Bloomington:8;Blaine:10;Plymouth:10;Stillwater:10;Roseville:12
Windsor Canadian Liter,Whisky/Whiskey,Phillips Wine & Spirits - St. Paul,39,5.1,7.6,10.59,17.49,14.96,39,Case 1,24,56,Blaine:7;Cottage Grove:10;Bloomington:11;Chanhassen:11
New Amsterdam Gin 50ml,Gin,Johnson Brothers - St. Paul,229,5.1,44.9,0.68,1.49,1.24,54,12 Sleeves of 10,24,56,Andover:22;St. Louis Park:99;Minneapolis:108
Sobieski Vodka 1.75L,Vodka,Bellboy Corporation,59,5.1,11.5,15.58,25.99,21.96,40,"Monthly Accum, must buy 10",23,61,Minneapolis:1;Minnetonka:2;Ramsey:2;Roseville:3;Osseo:4;Rosemount:4;Chanhassen:4;Vadnais Heights:5;Woodbury:5;Blaine:6;Plymouth:6;St. Louis Park:6;Bloomington:11
Ole Smoky Salty Caramel Whiskey 750ml,Whisky/Whiskey,Southern Glazer's Wine & Spirits of MN,53,5.1,10.4,15.88,26.99,24.96,41,,21,70,Rosemount:1;Ramsey:2;Vadnais Heights:2;Bloomington:4;Chanhassen:4;Minneapolis:4;Cottage Grove:5;Blaine:6;St. Louis Park:6;Andover:6;Minnetonka:13
Zarpado Reaper Tequila 750ml,Agave,Bellboy Corporation,330,5.1,64.9,17.3,31.99,26.96,46,,21,69,Minnetonka:3;Plymouth:4;Bloomington:11;Stillwater:13;Vadnais Heights:15;Chanhassen:15;Woodbury:16;Ramsey:18;Cottage Grove:19;St. Louis Park:19;Blaine:23;Roseville:26;Rosemount:28;Andover:38;Minneapolis:82
Casamigos Margarita 750ml,Pre-mixed,Johnson Brothers - St. Paul,41,5.0,8.2,17.09,26.99,23.96,37,6 case M&M,20,70,Chanhassen:1;Minnetonka:3;Ramsey:3;Bloomington:7;Blaine:7;Osseo:8;St. Louis Park:12
Gray Whale Gin 750ml,Gin,Johnson Brothers - St. Paul,57,5.0,11.3,23.27,42.99,34.96,46,Case 1 Pricing,23,58,Minnetonka:2;Osseo:2;Rosemount:2;Roseville:3;Chanhassen:4;Blaine:5;Bloomington:5;Cottage Grove:5;Plymouth:5;Vadnais Heights:5;Minneapolis:6;Stillwater:6;St. Louis Park:7
Absolut Citron Vodka 1.75L,Vodka,Southern Glazer's Wine & Spirits of MN,36,5.0,7.2,25.5,34.99,29.96,27,,21,66,Chanhassen:1;Roseville:1;Blaine:1;Ramsey:2;Vadnais Heights:2;Rosemount:3;Minneapolis:3;Cottage Grove:4;Woodbury:4;St. Louis Park:4;Stillwater:5;Andover:6
Jack Daniels Tennessee Apple 750ml,Whisky/Whiskey,Johnson Brothers - St. Paul,75,5.0,15.1,18.28,30.49,25.96,40,,24,52,Andover:1;Blaine:1;Stillwater:5;St. Louis Park:6;Ramsey:8;Bloomington:10;Minneapolis:10;Cottage Grove:11;Rosemount:11;Woodbury:12
Lunazul Anejo 750ml,Agave,Southern Glazer's Wine & Spirits of MN,25,5.0,5.0,13.63,21.99,17.96,38,,24,53,St. Louis Park:3;Vadnais Heights:4;Roseville:5;Blaine:6;Minneapolis:7
Suntory Haku Vodka 750ml,Vodka,Southern Glazer's Wine & Spirits of MN,35,4.9,7.2,18.61,33.99,27.96,45,1 case Free M&M All  Suntory (Toki Free),21,62,Roseville:1;Blaine:1;St. Louis Park:1;Plymouth:2;Osseo:3;Stillwater:3;Andover:4;Minneapolis:4;Chanhassen:5;Cottage Grove:5;Minnetonka:6
Smirnoff Vanilla Vodka 50ml,Vodka,Johnson Brothers - St. Paul,158,4.9,32.0,0.67,1.49,1.24,55,Case 1,21,64,Andover:17;Chanhassen:28;St. Louis Park:113
Gunner Vodka Liter,Vodka,Bellboy Corporation,148,4.9,30.3,6.08,11.49,9.96,47,,18,76,Stillwater:3;Ramsey:5;Chanhassen:6;Plymouth:7;Rosemount:8;Minnetonka:11;Vadnais Heights:11;Cottage Grove:13;Osseo:14;Andover:17;St. Louis Park:21;Blaine:32
Buzzballz Cranberry 187ml,Pre-mixed,Phillips Wine & Spirits - St. Paul,14,4.9,2.8,1.8,4.99,3.96,64,1 Case 48 pack Chiller free on 25 Chiller 187,8,122,Blaine:1;Bloomington:13
On the Rocks Strawberry Daiquiri 375ml,Pre-Mix,Southern Glazer's Wine & Spirits of MN,89,4.9,18.3,8.67,13.79,11.96,37,,20,66,Cottage Grove:1;Andover:1;Rosemount:3;Vadnais Heights:3;Ramsey:4;Bloomington:5;Roseville:7;Minneapolis:8;Blaine:12;Plymouth:12;Chanhassen:13;Minnetonka:20
Jim Beam Black 7yr 1L,Whisky/Whiskey,Southern Glazer's Wine & Spirits of MN,116,4.8,24.1,19.56,30.49,25.96,36,,19,69,Woodbury:2;Roseville:2;Stillwater:3;Ramsey:5;St. Louis Park:6;Cottage Grove:6;Chanhassen:8;Minneapolis:8;Rosemount:8;Andover:9;Bloomington:10;Plymouth:11;Vadnais Heights:11;Blaine:11;Osseo:16
Kurvball Whiskey 50ml,Whisky/Whiskey,Bellboy Corporation,104,4.8,21.7,1.62,2.29,1.96,29,,24,46,Plymouth:2;Stillwater:2;St. Louis Park:5;Vadnais Heights:7;Chanhassen:22;Rosemount:28;Cottage Grove:38
New Amsterdam Pink Whitney Buckets,Vodka,Johnson Brothers - St. Paul,16,4.8,3.4,13.52,23.99,19.96,44,12 Sleeves of 10,27,32,Bloomington:6;Minneapolis:10
Dolin Dry Vermouth 750ml,Vermouth,Libation Project,64,4.8,13.4,12.92,21.99,17.96,41,Case 1,23,50,Roseville:2;Woodbury:3;Minneapolis:5;Minnetonka:5;Stillwater:5;Chanhassen:6;St. Louis Park:8;Osseo:9;Bloomington:10;Rosemount:11
Lunazul Tequila Reposado 1.75L,Agave,Southern Glazer's Wine & Spirits of MN,6,4.8,1.3,25.63,42.99,35.96,40,,27,32,Plymouth:1;Vadnais Heights:1;Andover:2;Minnetonka:2
Deep Eddy Vodka 1.75L,Vodka,Southern Glazer's Wine & Spirits of MN,64,4.8,13.4,17.81,26.99,22.96,34,,20,64,Plymouth:1;Bloomington:3;Cottage Grove:3;Chanhassen:4;Rosemount:4;St. Louis Park:5;Minneapolis:5;Stillwater:6;Vadnais Heights:6;Minnetonka:6;Woodbury:6;Andover:6;Blaine:9
Johnnie Walker Black 50ml,Whisky/Whiskey,Johnson Brothers - St. Paul,1365,4.8,286.8,1.1,4.99,,78,Case 1,16,81,Ramsey:9;Osseo:22;Minnetonka:39;Andover:51;Chanhassen:55;Roseville:84;Rosemount:98;Bloomington:106;Stillwater:107;Cottage Grove:119;Blaine:120;Vadnais Heights:120;Plymouth:123;Woodbury:139;St. Louis Park:173
Carolans Irish Cream 750ml,Cordials,Southern Glazer's Wine & Spirits of MN,20,4.8,4.1,14.35,17.49,14.96,18,10 case deal on invoice,23,52,Rosemount:3;Minneapolis:4;Andover:4;Cottage Grove:10
Kinky Pink Liqueur 750ml,Cordials,Johnson Brothers - St. Paul,43,4.8,8.9,10.42,18.99,15.96,45,1 free case on 4,22,56,Osseo:1;Chanhassen:2;Woodbury:3;Plymouth:5;Bloomington:6;Blaine:7;Minneapolis:19
La Gritona Reposado 750ml,Agave,"Maverick Beverage Co., LLC - MN",71,4.7,15.1,40.12,59.99,49.96,33,,21,57,Andover:1;Bloomington:1;Minnetonka:2;Roseville:6;Chanhassen:7;St. Louis Park:9;Plymouth:10;Blaine:12;Stillwater:23
Buzzballz Passionfruit 187ml,Pre-Mix,Phillips Wine & Spirits - St. Paul,37,4.7,7.9,1.8,4.99,3.96,64,1 Case 48 pack Chiller free on 25 Chiller 187,22,52,Blaine:7;Bloomington:12;Minneapolis:18
Martini & Rossi Dry Vermouth 750ml,Vermouth,Southern Glazer's Wine & Spirits of MN,23,4.7,4.9,7.63,12.99,11.96,41,,21,57,Andover:1;St. Louis Park:2;Blaine:2;Rosemount:3;Roseville:4;Bloomington:5;Minneapolis:6
Woodford Reserve Rye Whiskey 750ml,Whisky/Whiskey,Johnson Brothers - St. Paul,62,4.7,13.1,25.96,40.99,34.96,37,,22,53,Osseo:1;Chanhassen:2;Plymouth:2;Ramsey:3;Stillwater:3;Minnetonka:4;Andover:4;Blaine:4;Bloomington:5;Rosemount:5;Woodbury:5;Minneapolis:6;St. Louis Park:6;Cottage Grove:12
Phillips Amaretto Liter,Cordials,Phillips Wine & Spirits - St. Paul,44,4.7,9.4,10.42,18.99,15.96,45,1 Free Blackberry Liter on 8 cs asst Cordials,24,42,Chanhassen:1;Stillwater:6;Andover:6;Rosemount:9;Bloomington:11;Minneapolis:11
Zarpado Blanco 1.75L,Agave,Bellboy Corporation,31,4.7,6.6,31.0,47.99,39.96,35,Buyer's Select – 1 Month Lead Time,11,102,Osseo:3;Vadnais Heights:4;Minnetonka:5;Stillwater:8;Bloomington:11
Henry McKenna Bourbon 750ml,Whisky/Whiskey,Southern Glazer's Wine & Spirits of MN,103,4.7,21.9,8.21,14.99,12.96,45,,19,66,Roseville:1;Rosemount:3;Chanhassen:4;Minnetonka:4;Vadnais Heights:5;Plymouth:6;Stillwater:6;Woodbury:6;Ramsey:7;Blaine:10;Andover:11;Cottage Grove:12;Minneapolis:12;Bloomington:16
Johnnie Walker Red 1.75L,Whisky/Whiskey,Johnson Brothers - St. Paul,24,4.7,5.1,32.17,37.99,34.96,15,2 cs  across chain-same week,23,49,Minnetonka:1;Rosemount:2;Vadnais Heights:2;Woodbury:3;Andover:4;Bloomington:4;Plymouth:4;Roseville:4
Chi-Chi's Margarita 1.75L,Pre-Mix,Southern Glazer's Wine & Spirits of MN,16,4.7,3.4,9.13,15.99,13.96,43,,21,56,Andover:2;Bloomington:3;St. Louis Park:5;Blaine:6
Seagrams Extra Dry Gin 375ml,Gin,Southern Glazer's Wine & Spirits of MN,55,4.7,11.7,4.08,7.99,6.96,49,,24,43,St. Louis Park:2;Rosemount:3;Blaine:6;Andover:9;Cottage Grove:9;Roseville:13;Minneapolis:13
Remy Martin VSOP Cognac 750ml,Brandy,Phillips Wine & Spirits - St. Paul,54,4.7,11.5,41.58,54.99,45.96,24,Case 1,21,57,Chanhassen:1;Osseo:1;Rosemount:1;Andover:2;St. Louis Park:2;Stillwater:2;Blaine:2;Cottage Grove:4;Ramsey:5;Bloomington:7;Minneapolis:7;Minnetonka:8;Vadnais Heights:12
Absolut Lime Vodka Liter,Vodka,Southern Glazer's Wine & Spirits of MN,122,4.7,25.9,16.52,24.99,21.96,34,,21,57,Rosemount:2;Cottage Grove:7;Minnetonka:7;Osseo:7;Plymouth:7;Ramsey:7;Minneapolis:7;Woodbury:8;Chanhassen:9;Blaine:11;St. Louis Park:11;Stillwater:12;Andover:13;Vadnais Heights:14
Rum Chata Pineapple Cream 50ml,Cordials,Johnson Brothers - St. Paul,696,4.7,149.6,1.34,2.99,,55,,23,46,Cottage Grove:35;Blaine:60;Plymouth:79;Roseville:92;Woodbury:93;Minneapolis:100;Rosemount:102;Andover:135
Licor 43 750ml,Cordials,Bellboy Corporation,86,4.6,18.8,21.33,39.99,32.96,47,,20,57,Osseo:1;Vadnais Heights:1;Plymouth:1;Blaine:2;St. Louis Park:5;Rosemount:6;Minnetonka:7;Cottage Grove:7;Stillwater:8;Bloomington:10;Ramsey:11;Andover:13;Chanhassen:14
Dekuyper Amaretto 750ml,Cordials,Southern Glazer's Wine & Spirits of MN,99,4.6,21.4,7.11,13.99,11.96,49,,23,45,Stillwater:2;Osseo:3;Minnetonka:4;Ramsey:4;Minneapolis:4;Roseville:5;Cottage Grove:6;Plymouth:6;Vadnais Heights:6;St. Louis Park:7;Bloomington:10;Blaine:12;Rosemount:12;Woodbury:18
New Amsterdam Pink Whitney Traveler,Vodka,Johnson Brothers - St. Paul,17,4.6,3.7,9.09,14.99,12.96,39,,25,34,Bloomington:6;Minneapolis:11
Casamigos Anejo 750ml,Agave,Johnson Brothers - St. Paul,32,4.6,7.0,39.33,58.99,49.96,33,Case 1,22,48,Bloomington:1;Rosemount:1;Minneapolis:2;St. Louis Park:3;Blaine:3;Chanhassen:5;Woodbury:5;Minnetonka:6;Plymouth:6
Keeper's Heart Irish/Bourbon 700ml,Whisky/Whiskey,Phillips Wine & Spirits - St. Paul,52,4.6,11.4,25.05,37.99,31.96,34,1 cs 10yr or 2 cs Irish + Am free on 36 mix and match,18,66,Plymouth:1;Rosemount:1;St. Louis Park:1;Minnetonka:3;Vadnais Heights:3;Blaine:4;Chanhassen:4;Bloomington:5;Cottage Grove:5;Woodbury:5;Minneapolis:6;Stillwater:6;Andover:8
Ketel One Cosmopolitan 375ml,Pre-Mix,Phillips Wine & Spirits - St. Paul,107,4.6,23.3,9.09,14.99,12.96,39,Case 1,21,53,Plymouth:3;Chanhassen:5;Vadnais Heights:5;Cottage Grove:5;Andover:5;St. Louis Park:9;Woodbury:9;Rosemount:9;Bloomington:10;Roseville:10;Minnetonka:10;Stillwater:12;Blaine:15
Crown Royal Peach 1.75L,Whisky/Whiskey,Phillips Wine & Spirits - St. Paul,71,4.6,15.5,36.7,50.99,42.96,28,Case 1 Must hit 6 cs within month,19,62,Osseo:1;Andover:2;Chanhassen:2;Stillwater:2;Vadnais Heights:2;Rosemount:3;Blaine:4;Minnetonka:4;Minneapolis:4;Ramsey:4;Woodbury:4;Bloomington:5;St. Louis Park:5;Roseville:6;Plymouth:9;Cottage Grove:14
Captain Morgan White Liter,Rum,Bellboy Corporation,42,4.6,9.1,12.91,20.99,17.96,38,4cs across chain - same week,22,50,Rosemount:1;Stillwater:2;Minneapolis:5;Roseville:7;Andover:9;Bloomington:10;Blaine:10
Seagrams VO Canadian 1.75L,Whisky/Whiskey,"Breakthru Beverage Minnesota Wine & Spirits, LLC",31,4.6,6.7,22.75,29.99,24.96,24,5cs Mix and match with VO,20,59,Osseo:1;Stillwater:1;Rosemount:1;Woodbury:2;Blaine:3;Bloomington:4;Vadnais Heights:4;Chanhassen:5;St. Louis Park:10
Don Julio Reposado 375ml,Agave,Bellboy Corporation,17,4.5,3.8,18.83,36.99,29.96,49,Case 1,22,45,Minnetonka:2;Roseville:5;Minneapolis:10
New Amsterdam Red Berry Vodka 750ml,Vodka,Johnson Brothers - St. Paul,20,4.5,4.5,9.09,14.99,,39,,24,36,Minneapolis:20
Dolin Dry Vermouth 375ml,Vermouth,Libation Project,65,4.5,14.5,9.58,16.99,13.96,44,Case 1,18,63,Cottage Grove:1;Woodbury:1;Ramsey:2;Rosemount:3;Minnetonka:4;Chanhassen:5;Minneapolis:6;St. Louis Park:8;Roseville:9;Stillwater:12;Vadnais Heights:14
Casa Dragones Blanco Tequila 750ml,Agave,Southern Glazer's Wine & Spirits of MN,18,4.5,4.0,54.97,73.99,59.96,26,,19,60,Osseo:2;Minneapolis:3;Plymouth:4;St. Louis Park:9
Absolut Mandrin Vodka Liter,Vodka,Southern Glazer's Wine & Spirits of MN,102,4.5,22.5,16.52,24.99,21.96,34,,19,60,Blaine:2;Vadnais Heights:2;Andover:3;St. Louis Park:6;Cottage Grove:6;Minnetonka:7;Woodbury:8;Bloomington:9;Roseville:10;Ramsey:11;Plymouth:11;Minneapolis:12;Chanhassen:15
Canadian Club Traveler,Whisky/Whiskey,Southern Glazer's Wine & Spirits of MN,48,4.4,10.9,8.21,14.99,12.96,45,,18,60,Minnetonka:1;Vadnais Heights:1;Osseo:2;Andover:4;Chanhassen:6;Bloomington:7;Woodbury:8;Roseville:9;Blaine:10
Dr McGillicuddys Cherry Liter,Schnapps,"Breakthru Beverage Minnesota Wine & Spirits, LLC",70,4.4,16.0,14.92,19.99,17.96,25,15cs purchase in a month,17,64,Rosemount:2;Blaine:2;Minneapolis:3;Ramsey:4;Bloomington:7;Andover:9;Cottage Grove:10;Stillwater:11;St. Louis Park:22
Ketel One Lemon Drop Martini Cocktail 750ml,Pre-Mix,Phillips Wine & Spirits - St. Paul,77,4.4,17.7,17.4,26.99,22.96,36,Case 1,18,59,Stillwater:1;Plymouth:2;Roseville:4;St. Louis Park:4;Chanhassen:7;Vadnais Heights:8;Woodbury:8;Minneapolis:8;Bloomington:11;Blaine:12;Ramsey:12
Brady's Irish Cream 750ml,Cordials,"Vinocopia, Inc",82,4.4,18.7,9.34,17.49,15.96,47,Net Down Pricing,20,51,Osseo:1;St. Louis Park:1;Rosemount:1;Roseville:1;Plymouth:2;Chanhassen:5;Woodbury:5;Minnetonka:6;Blaine:6;Bloomington:7;Stillwater:7;Andover:8;Cottage Grove:9;Minneapolis:11;Vadnais Heights:12
E&J VSOP Brandy 100ml,Brandy,Johnson Brothers - St. Paul,144,4.4,32.5,2.02,3.99,,49,,21,48,Osseo:1;Stillwater:3;Ramsey:8;Blaine:9;St. Louis Park:12;Roseville:17;Woodbury:26;Vadnais Heights:29;Minnetonka:39
Two State Vodka 750ml,Vodka,Bellboy Corporation,91,4.4,20.7,3.58,11.49,7.96,69,CASE 1,22,42,Andover:1;Chanhassen:5;Roseville:5;Cottage Grove:6;Minnetonka:9;Stillwater:15;Osseo:25;Woodbury:25
Jose Cuervo Sparkling Cocktails Variety Pack 8pk 12oz can,Pre-Mix,Johnson Brothers - St. Paul,56,4.4,12.8,13.85,21.99,18.96,37,netted down case price,15,73,Blaine:1;Roseville:2;Ramsey:2;Andover:3;Minnetonka:4;Rosemount:6;St. Louis Park:7;Vadnais Heights:7;Bloomington:8;Minneapolis:16
Courvoisier VS Cognac 200ml,Brandy,Southern Glazer's Wine & Spirits of MN,131,4.4,30.0,5.39,15.99,13.96,66,,17,64,Rosemount:4;Minnetonka:8;Ramsey:10;Cottage Grove:13;Roseville:16;Chanhassen:17;Woodbury:18;Minneapolis:22;Blaine:23
Johnnie Walker Black 1.75L,Whisky/Whiskey,Johnson Brothers - St. Paul,56,4.3,13.1,47.83,63.99,51.96,25,Case 1,16,65,Chanhassen:1;Minnetonka:1;Rosemount:2;Blaine:3;Andover:4;Stillwater:4;Minneapolis:5;Ramsey:5;Cottage Grove:6;Osseo:6;St. Louis Park:6;Woodbury:6;Bloomington:7
Korbel Brandy Liter,Brandy,Southern Glazer's Wine & Spirits of MN,80,4.3,18.8,11.14,18.99,15.96,41,,18,56,Chanhassen:1;Osseo:1;Plymouth:1;Blaine:1;Minnetonka:2;Vadnais Heights:2;Rosemount:7;Roseville:8;Cottage Grove:10;Woodbury:11;St. Louis Park:12;Stillwater:12;Andover:12
Jim Beam Black 7yr 750ml,Whisky/Whiskey,Southern Glazer's Wine & Spirits of MN,135,4.3,31.4,17.32,26.99,22.96,36,,20,48,Minneapolis:4;Chanhassen:4;Andover:6;Plymouth:6;Osseo:7;Ramsey:7;Roseville:7;Stillwater:7;Bloomington:10;St. Louis Park:10;Cottage Grove:14;Woodbury:14;Vadnais Heights:16;Blaine:23
Bacardi Spiced Rum 1.75L,Rum,Southern Glazer's Wine & Spirits of MN,14,4.3,3.2,17.29,25.99,21.96,33,,21,44,Blaine:6;Bloomington:8
Phillips Peppermint 60pf Liter,Schnapps,Phillips Wine & Spirits - St. Paul,139,4.3,32.1,8.15,14.99,12.96,46,1 free Pep 60 Liter on 8 cs,22,40,Roseville:2;Rosemount:3;Cottage Grove:4;Blaine:4;Osseo:5;Andover:7;Woodbury:7;Vadnais Heights:8;St. Louis Park:9;Ramsey:11;Plymouth:12;Minneapolis:16;Stillwater:21;Chanhassen:30
Jack Daniels Fire 50ml,Whisky/Whiskey,Johnson Brothers - St. Paul,304,4.2,71.8,1.52,3.49,,56,,18,55,Rosemount:1;Blaine:4;Minneapolis:41;Cottage Grove:60;Chanhassen:198
On the Rocks Mai Tai Cruzan 375ml,Pre-Mix,Southern Glazer's Wine & Spirits of MN,54,4.2,12.8,8.67,13.79,11.96,37,,17,59,Minnetonka:1;Stillwater:1;Cottage Grove:2;Rosemount:6;Andover:6;Bloomington:7;Ramsey:10;Chanhassen:11;Woodbury:13
Mi Campo Tequila Blanco Liter,Agave,Southern Glazer's Wine & Spirits of MN,35,4.2,8.3,18.13,29.99,24.96,40,,15,68,Rosemount:1;Cottage Grove:1;Plymouth:3;St. Louis Park:3;Minneapolis:4;Blaine:5;Andover:6;Roseville:6;Chanhassen:7
Phillips Vodka 200ml,Vodka,Phillips Wine & Spirits - St. Paul,122,4.2,29.4,2.26,4.49,3.96,50,Case 1,17,57,Chanhassen:1;Osseo:2;Stillwater:3;Vadnais Heights:15;Plymouth:17;Minnetonka:18;Andover:27;Blaine:39
Bailey's Caramel 750ml,Cordials,Phillips Wine & Spirits - St. Paul,59,4.2,14.1,19.09,30.99,25.96,38,Case 1 Must hit 16 cs within month,19,49,Ramsey:1;Minneapolis:2;Roseville:2;Plymouth:3;Chanhassen:4;Vadnais Heights:4;Woodbury:5;Cottage Grove:6;Rosemount:7;Blaine:7;Andover:8;St. Louis Park:10
Seagrams 7 Blended Liter,Whisky/Whiskey,Phillips Wine & Spirits - St. Paul,86,4.2,20.6,11.52,20.99,17.96,45,4cs across chain - same week,18,53,Vadnais Heights:3;Roseville:5;Woodbury:6;Cottage Grove:6;Minnetonka:7;Blaine:7;Andover:9;Bloomington:10;Plymouth:11;St. Louis Park:11;Minneapolis:11
Ketel One Lemon Drop Martini Cocktail 375ml,Pre-Mix,Phillips Wine & Spirits - St. Paul,52,4.2,12.3,9.09,14.99,12.96,39,Case 1,17,59,Minnetonka:3;Rosemount:3;Minneapolis:7;Blaine:8;Cottage Grove:10;Plymouth:10;Bloomington:11
Skrewball Peanut Butter Whiskey Liter,Whisky/Whiskey,Southern Glazer's Wine & Spirits of MN,37,4.2,8.8,25.69,37.99,32.96,32,5 cases on one invoice liter and 750,17,58,Andover:1;St. Louis Park:1;Osseo:4;Rosemount:4;Woodbury:5;Blaine:5;Plymouth:7;Bloomington:10
Citadelle Gin 750ml,Gin,Bellboy Corporation,75,4.2,17.7,17.88,29.99,25.96,40,1 on 6 accumulated monthly,16,64,Andover:2;Roseville:2;Bloomington:3;St. Louis Park:4;Blaine:5;Minnetonka:5;Cottage Grove:5;Plymouth:5;Minneapolis:6;Rosemount:7;Stillwater:7;Vadnais Heights:7;Chanhassen:8;Woodbury:9
Hochstadter's Rock and Rye Slow & Low 750ml,Whisky/Whiskey,Southern Glazer's Wine & Spirits of MN,16,4.2,3.8,18.88,26.99,22.96,30,,17,59,Stillwater:1;Minnetonka:2;Rosemount:3;St. Louis Park:5;Bloomington:7
Dashfire Fig & Cascara Manhattan 100ml,Pre-Mix,"Vinocopia, Inc",91,4.1,22.1,3.56,6.49,5.96,45,Net Down Pricing,17,56,Roseville:1;Stillwater:1;Minneapolis:3;Woodbury:3;Chanhassen:3;Andover:5;St. Louis Park:5;Rosemount:6;Blaine:11;Plymouth:12;Ramsey:41
Deep Eddy Ruby Red Vodka 1.75L,Vodka,Southern Glazer's Wine & Spirits of MN,20,4.1,4.8,17.81,26.99,22.96,34,,18,52,Andover:1;Cottage Grove:1;Minnetonka:1;Bloomington:2;Stillwater:2;Vadnais Heights:2;Minneapolis:2;St. Louis Park:3;Blaine:6
Admiral Nelson's Spiced Rum Liter,Rum,Southern Glazer's Wine & Spirits of MN,54,4.1,13.1,6.82,11.49,9.96,41,,20,42,Cottage Grove:5;Plymouth:7;Blaine:10;Bloomington:12;Minneapolis:20
On the Rocks Cosmopolitan 100ml,Pre-Mix,Southern Glazer's Wine & Spirits of MN,213,4.1,51.7,3.67,5.49,4.96,33,,23,29,Osseo:10;Minneapolis:17;Andover:18;Minnetonka:18;Roseville:20;Woodbury:21;Blaine:23;Ramsey:24;St. Louis Park:29;Vadnais Heights:33
Phillips Peach Schnapps Liter,Schnapps,Phillips Wine & Spirits - St. Paul,84,4.1,20.6,8.15,15.99,13.96,49,1 free Pep 60 Liter on 8 cs,22,32,Minnetonka:2;Stillwater:3;Andover:3;Cottage Grove:4;Bloomington:5;Woodbury:9;Roseville:10;Vadnais Heights:10;Blaine:11;St. Louis Park:11;Minneapolis:16
Jack Daniels Fire 1.75L,American Whiskey,Johnson Brothers - St. Paul,34,4.0,8.6,35.47,48.99,37.96,28,,20,37,Rosemount:1;Roseville:1;Chanhassen:2;Vadnais Heights:2;Woodbury:2;St. Louis Park:2;Osseo:2;Bloomington:4;Plymouth:5;Ramsey:5;Minneapolis:8
Chi-Chi's Mexican Mudslide 1.75L,Pre-Mix,Southern Glazer's Wine & Spirits of MN,16,4.0,4.0,9.13,15.99,13.96,43,,18,49,Bloomington:3;St. Louis Park:3;Minneapolis:5;Blaine:5
Evan Williams Cherry 750ml,Whisky/Whiskey,Southern Glazer's Wine & Spirits of MN,154,4.0,39.0,9.59,17.49,14.96,45,,16,55,Rosemount:7;Osseo:8;Cottage Grove:8;Blaine:11;Vadnais Heights:12;Chanhassen:108
New Amsterdam Tangerine 750ml,Vodka,Johnson Brothers - St. Paul,0,4.0,0.0,9.09,14.99,,39,,21,34,
Don Cosme Tequila Reposado 750ml,Agave,Bellboy Corporation,172,4.0,42.7,25.26,44.99,37.96,44,1 Month Order Lead time on Pallet Buy,23,26,Minnetonka:5;Osseo:5;Chanhassen:9;Vadnais Heights:9;Bloomington:11;Rosemount:11;Stillwater:11;Woodbury:17;Cottage Grove:23;Roseville:23;Blaine:23;St. Louis Park:25
Patron Citronge 750ml,Cordials,Southern Glazer's Wine & Spirits of MN,38,3.9,9.8,14.44,23.99,19.96,40,,17,48,Andover:1;St. Louis Park:1;Roseville:2;Minnetonka:4;Rosemount:7;Bloomington:10;Blaine:13
Ketel One Botanical Cucumber and Mint 750ml,Vodka,Phillips Wine & Spirits - St. Paul,31,3.9,7.9,14.41,23.99,19.96,40,Case 1 Must hit 5 cs within month,17,49,Cottage Grove:2;Rosemount:3;Blaine:5;Bloomington:9;Minneapolis:12
New Amsterdam Passionfruit 1.75L,Vodka,Johnson Brothers - St. Paul,9,3.9,2.3,14.47,23.49,19.96,38,1 free on 20 NAV 1.75 May/July.  Deep $90 invoice All months,20,35,Minneapolis:9
New Amsterdam Lemon 1.75L,Vodka,Johnson Brothers - St. Paul,8,3.9,2.1,14.47,23.49,19.96,38,1 free on 20 NAV 1.75 May/July.  Deep $90 invoice All months,19,39,Blaine:4;Minnetonka:4
Vikre Boreal Juniper Gin 750ml,Gin,Phillips Wine & Spirits - St. Paul,27,3.9,7.0,22.68,35.49,29.96,36,Case 1,17,48,Bloomington:2;Andover:3;Blaine:3;St. Louis Park:4;Vadnais Heights:4;Chanhassen:5;Roseville:6
Crown Royal Peach Liter,Whisky/Whiskey,Phillips Wine & Spirits - St. Paul,144,3.9,36.7,26.4,39.99,37.96,34,Case 1 Must hit 3 cs within month,18,45,Blaine:4;Roseville:5;Woodbury:6;Minnetonka:8;Andover:9;Bloomington:10;Minneapolis:11;Vadnais Heights:11;Chanhassen:12;Rosemount:12;St. Louis Park:12;Plymouth:13;Cottage Grove:14;Ramsey:17
Buchanans 12 Yr Scotch 750ml,Whisky/Whiskey,Johnson Brothers - St. Paul,97,3.9,25.1,26.54,40.99,34.96,35,case 1,16,52,Andover:1;Chanhassen:3;Ramsey:3;Rosemount:3;Bloomington:4;Osseo:4;Plymouth:4;Cottage Grove:6;Minnetonka:7;Vadnais Heights:8;Minneapolis:9;Woodbury:9;St. Louis Park:11;Blaine:12;Stillwater:13
Bacardi Coconut  Rum 50ml,Rum,Southern Glazer's Wine & Spirits of MN,87,3.9,22.5,0.84,1.49,,44,,15,57,Andover:36;Ramsey:51
Maker's Mark 46 Bourbon 750ml,Whisky/Whiskey,Southern Glazer's Wine & Spirits of MN,55,3.9,14.2,26.45,42.99,35.96,38,,15,57,Stillwater:2;Minneapolis:3;Andover:4;Ramsey:4;Bloomington:5;Rosemount:5;Vadnais Heights:5;Plymouth:6;St. Louis Park:8;Blaine:13
Dekuyper Buttershots Liter,Schnapps,Southern Glazer's Wine & Spirits of MN,76,3.9,19.3,6.73,14.99,12.96,55,,17,50,Vadnais Heights:1;Andover:2;Chanhassen:3;Rosemount:5;Minnetonka:6;Cottage Grove:7;Plymouth:9;Minneapolis:9;St. Louis Park:11;Woodbury:11;Blaine:12
Wild Turkey 101 750ml,Whisky/Whiskey,Southern Glazer's Wine & Spirits of MN,40,3.9,10.4,20.08,28.99,24.96,31,,18,43,Blaine:2;Chanhassen:3;Minneapolis:4;Minnetonka:5;Bloomington:6;St. Louis Park:8;Andover:12
Redwood Empire Pipe Dream Bourbon 750ml,Whisky/Whiskey,Southern Glazer's Wine & Spirits of MN,16,3.8,4.2,27.88,47.99,39.96,42,,18,41,Chanhassen:1;Andover:2;Blaine:2;Stillwater:3;Minnetonka:4;Roseville:4
Bombay Sapphire Gin 50ml,Gin,Southern Glazer's Wine & Spirits of MN,88,3.8,23.3,1.21,3.99,,70,,15,54,Minneapolis:88
Michter's Small Batch Bourbon 750ml,Whisky/Whiskey,Phillips Wine & Spirits - St. Paul,34,3.8,9.0,35.17,51.99,42.96,32,Case 1,16,49,Minnetonka:1;Rosemount:2;Bloomington:4;Chanhassen:4;Plymouth:4;St. Louis Park:4;Blaine:5;Stillwater:5;Woodbury:5
Seagrams Lime Gin 1.75L,Gin,Southern Glazer's Wine & Spirits of MN,21,3.8,5.5,15.11,23.99,19.96,37,,17,47,Rosemount:1;Vadnais Heights:2;Osseo:3;Ramsey:3;Minnetonka:4;Bloomington:8
Bushmills Irish Whiskey 750ml,Whisky/Whiskey,Johnson Brothers - St. Paul,95,3.8,24.8,19.0,27.99,24.96,32,Case One,18,42,Minnetonka:1;Plymouth:3;Stillwater:4;St. Louis Park:5;Andover:6;Bloomington:6;Roseville:8;Vadnais Heights:9;Cottage Grove:9;Woodbury:10;Minneapolis:11;Blaine:11;Rosemount:12
Cointreau 375ml,Cordials,Bellboy Corporation,100,3.8,26.1,18.46,33.49,27.96,45,,14,60,Minneapolis:4;Cottage Grove:5;Plymouth:6;Vadnais Heights:7;Andover:8;Osseo:9;Roseville:19;St. Louis Park:20;Blaine:22
Captain Morgan 100 Proof Liter,Rum,Bellboy Corporation,72,3.8,19.1,19.38,30.49,25.96,36,4 cases  - across chain - same week,18,40,Blaine:1;Plymouth:4;Vadnais Heights:7;Ramsey:8;Woodbury:8;Bloomington:9;Rosemount:9;Cottage Grove:12;Minneapolis:14
Jameson Whiskey Ginger & Lime 4pk 12oz can,Pre-Mix,Southern Glazer's Wine & Spirits of MN,29,3.8,7.6,8.17,14.99,12.96,45,,13,64,Ramsey:1;Woodbury:3;Bloomington:4;Minnetonka:5;Blaine:7;Rosemount:9
Teeling Small Batch 750ml,Whisky/Whiskey,Southern Glazer's Wine & Spirits of MN,26,3.8,6.9,22.63,33.99,27.96,33,,18,40,Andover:1;Stillwater:1;Roseville:1;Vadnais Heights:2;St. Louis Park:2;Osseo:3;Woodbury:3;Bloomington:3;Plymouth:4;Rosemount:6
Sauza Hornitos Reposado Tequila 1.75L,Agave,Southern Glazer's Wine & Spirits of MN,35,3.8,9.1,29.2,42.99,37.96,32,,16,51,Osseo:1;Rosemount:1;Minnetonka:2;Minneapolis:2;Plymouth:3;Roseville:3;St. Louis Park:4;Woodbury:6;Blaine:6;Andover:7
Laphroaig 10 Yr Scotch 750ml,Whisky/Whiskey,Bellboy Corporation,94,3.8,24.7,40.5,63.99,54.96,37,,17,46,Plymouth:2;Vadnais Heights:2;Stillwater:2;Cottage Grove:4;Minnetonka:4;Bloomington:5;Osseo:6;Blaine:7;St. Louis Park:9;Rosemount:10;Minneapolis:12;Roseville:12;Woodbury:19
Lunazul Tequila Blanco 1.75L,Agave,Southern Glazer's Wine & Spirits of MN,17,3.8,4.5,25.63,43.49,35.96,41,,22,22,Rosemount:1;Roseville:1;St. Louis Park:1;Vadnais Heights:1;Minneapolis:1;Andover:2;Chanhassen:2;Cottage Grove:2;Plymouth:2;Ramsey:2;Stillwater:2
Suntory Whiskey Toki 750ml,Whisky/Whiskey,Southern Glazer's Wine & Spirits of MN,32,3.8,8.4,24.61,44.99,37.96,45,1 case Free M&M All  Suntory (Toki Free),16,51,Ramsey:1;St. Louis Park:1;Vadnais Heights:1;Minneapolis:2;Osseo:2;Andover:3;Cottage Grove:3;Minnetonka:3;Rosemount:3;Bloomington:4;Blaine:4;Stillwater:5
Svedka Clementine Vodka 1.75L,Vodka,Southern Glazer's Wine & Spirits of MN,28,3.8,7.4,14.6,18.49,15.96,21,,18,40,St. Louis Park:2;Roseville:6;Blaine:10;Minneapolis:10
Rich & Rare Canadian Whiskey 1.75L,Whisky/Whiskey,"Breakthru Beverage Minnesota Wine & Spirits, LLC",18,3.8,4.7,9.94,14.99,12.96,34,15cs mix and match across 1.75L/Liter/750,15,56,Bloomington:1;St. Louis Park:2;Minnetonka:4;Plymouth:4;Blaine:7
Hirsch Single Barrel White Label 750ml,Whisky/Whiskey,Bellboy Corporation,56,3.8,14.9,18.5,34.99,29.96,47,One Time Buy,22,22,Cottage Grove:2;Chanhassen:3;Minnetonka:4;Vadnais Heights:4;Ramsey:5;Woodbury:9;Blaine:13;St. Louis Park:16
Old Forester Barrel Strength Top Ten Liquors Private Barrel 750ml,Whisky/Whiskey,Johnson Brothers - St. Paul,106,3.7,28.3,67.67,106.99,89.96,37,Case 1 Pricing,17,44,Vadnais Heights:2;Bloomington:3;Plymouth:4;Minneapolis:5;Minnetonka:5;Osseo:5;Ramsey:5;Blaine:5;Andover:8;Rosemount:8;Woodbury:8;Chanhassen:9;Cottage Grove:10;Roseville:13;St. Louis Park:16
E&J XO Brandy 200ml,Brandy,Johnson Brothers - St. Paul,73,3.6,20.1,4.38,7.99,,45,,15,49,Woodbury:1;Cottage Grove:2;Roseville:4;St. Louis Park:5;Plymouth:6;Chanhassen:16;Minnetonka:19;Ramsey:20
Tattersall Manhattan 100ml,Pre-Mix,Phillips Wine & Spirits - St. Paul,99,3.6,27.3,3.68,5.99,,39,Case 1,17,40,Minnetonka:1;St. Louis Park:4;Blaine:5;Stillwater:14;Woodbury:14;Ramsey:18;Chanhassen:19;Minneapolis:24
Courvoisier VS Cognac 750ml,Brandy,Southern Glazer's Wine & Spirits of MN,66,3.6,18.5,22.56,38.99,32.96,42,,15,47,Woodbury:1;St. Louis Park:1;Cottage Grove:2;Stillwater:2;Andover:3;Chanhassen:4;Roseville:8;Bloomington:11;Minnetonka:11;Blaine:11;Minneapolis:12
Buzzballz Horchata 187ml,Pre-Mix,Phillips Wine & Spirits - St. Paul,20,3.6,5.6,1.8,4.99,3.96,64,1 Case 48 pack Chiller free on 25 Chiller 187,19,29,Woodbury:8;Minneapolis:12
Five Farms Irish Cream 750ml,Cordials,Southern Glazer's Wine & Spirits of MN,38,3.6,10.4,22.59,35.99,29.96,37,,18,36,Minnetonka:1;Plymouth:1;Andover:3;Ramsey:4;Chanhassen:4;Roseville:4;Minneapolis:5;St. Louis Park:5;Rosemount:5;Blaine:6
Patron Anejo Tequila 750ml,Agave,Southern Glazer's Wine & Spirits of MN,102,3.6,28.6,38.6,56.99,47.96,32,,17,38,Woodbury:2;Cottage Grove:6;St. Louis Park:6;Chanhassen:7;Stillwater:7;Blaine:8;Bloomington:9;Minnetonka:9;Rosemount:10;Minneapolis:11;Vadnais Heights:12;Ramsey:15
Captain Morgan RTS Long Island 1.75L,Pre-Mix,Phillips Wine & Spirits - St. Paul,10,3.6,2.8,15.18,21.99,17.96,31,Case 1,16,44,Bloomington:1;Cottage Grove:3;Blaine:6
Jim Beam Vanilla 750ml,Whisky/Whiskey,Southern Glazer's Wine & Spirits of MN,73,3.6,20.3,12.56,20.99,17.96,40,,17,39,Roseville:1;Blaine:2;Minneapolis:5;Minnetonka:6;Andover:8;St. Louis Park:8;Vadnais Heights:8;Bloomington:11;Rosemount:11;Plymouth:13
Plantation 3 Stars Silver Liter,Rum,Bellboy Corporation,64,3.6,17.7,15.13,23.99,19.96,37,1 cs 3 Stars Silver free on 8 cs mix & match all Plantation - accum monthly,10,71,Plymouth:1;Woodbury:2;Minneapolis:3;St. Louis Park:4;Vadnais Heights:4;Bloomington:4;Blaine:5;Cottage Grove:5;Chanhassen:6;Roseville:8;Rosemount:10;Andover:12
Johnnie Walker Red 750ml,Whisky/Whiskey,Johnson Brothers - St. Paul,79,3.6,22.0,17.74,26.99,22.96,34,3 cs  across chain- same week,15,48,Minnetonka:2;St. Louis Park:5;Andover:6;Roseville:9;Woodbury:9;Bloomington:10;Rosemount:11;Blaine:12;Chanhassen:15
On The Rocks Jalapeno Margarita 750ml,Pre-Mix,Southern Glazer's Wine & Spirits of MN,28,3.5,8.0,15.2,24.99,18.96,39,,12,59,Andover:1;Roseville:1;Vadnais Heights:1;Rosemount:2;St. Louis Park:2;Blaine:3;Bloomington:3;Plymouth:3;Woodbury:3;Minneapolis:4;Osseo:5
Prohibition Margarita Mix 32 oz.,Mixes,Am Craft Spirits,81,3.5,23.1,6.25,9.99,,37,,19,27,Roseville:8;Andover:9;Blaine:10;St. Louis Park:10;Minneapolis:11;Plymouth:11;Rosemount:11;Woodbury:11
On the Rocks Margarita 100ml,Pre-Mix,Southern Glazer's Wine & Spirits of MN,248,3.5,69.9,3.67,6.49,5.96,43,,12,60,Stillwater:2;Minneapolis:3;Cottage Grove:5;Rosemount:8;Blaine:9;Woodbury:12;St. Louis Park:16;Chanhassen:17;Minnetonka:21;Vadnais Heights:22;Andover:25;Osseo:27;Plymouth:34;Roseville:47
Skyy Vodka Liter,Vodka,Southern Glazer's Wine & Spirits of MN,71,3.5,20.4,12.75,19.99,17.96,36,,14,49,Roseville:2;Chanhassen:6;Woodbury:6;St. Louis Park:7;Bloomington:7;Vadnais Heights:8;Rosemount:11;Andover:12;Blaine:12
Glenlivet Caribbean Reserve 750ml,Whisky/Whiskey,Southern Glazer's Wine & Spirits of MN,19,3.5,5.5,30.4,47.99,39.96,37,,15,44,Minnetonka:1;Osseo:1;Blaine:2;St. Louis Park:4;Plymouth:5;Rosemount:6
Phillips Peppermint 80pf Liter,Schnapps,Phillips Wine & Spirits - St. Paul,66,3.5,19.1,9.08,14.99,12.96,39,1 free Pep 60 Liter on 8 cs,16,39,Osseo:2;St. Louis Park:2;Andover:3;Plymouth:4;Minnetonka:6;Blaine:10;Bloomington:11;Rosemount:12;Stillwater:16
Deep Eddy Lemon Vodka 1.75L,Vodka,Southern Glazer's Wine & Spirits of MN,37,3.5,10.7,17.81,26.99,22.96,34,,16,39,Chanhassen:1;St. Louis Park:1;Minnetonka:4;Blaine:5;Plymouth:5;Minneapolis:5;Ramsey:7;Rosemount:9
Bacardi Coconut Rum Liter,Rum,Southern Glazer's Wine & Spirits of MN,47,3.5,13.6,12.01,20.99,17.96,43,,14,48,Minneapolis:3;Plymouth:4;Osseo:4;Cottage Grove:5;Blaine:6;Bloomington:7;Ramsey:8;Chanhassen:10
E&J XO Brandy 1.75L,Brandy,Johnson Brothers - St. Paul,34,3.5,9.7,22.68,28.99,25.96,22,,16,41,Plymouth:1;Rosemount:1;Vadnais Heights:2;Cottage Grove:3;Roseville:3;Bloomington:4;St. Louis Park:4;Stillwater:4;Osseo:5;Blaine:7
Dr McGillicuddys Cherry Traveler,Schnapps,Southern Glazer's Wine & Spirits of MN,50,3.4,14.6,12.33,17.49,14.96,30,,16,38,Cottage Grove:1;Blaine:2;Plymouth:4;Rosemount:4;Osseo:5;St. Louis Park:5;Minneapolis:5;Vadnais Heights:11;Chanhassen:13
Wild Turkey Bourbon 8yr 101pf 750ml,Whisky/Whiskey,Southern Glazer's Wine & Spirits of MN,104,3.4,30.7,34.9,52.99,46.96,34,,18,28,Bloomington:8;Woodbury:9;Andover:9;Plymouth:9;Roseville:10;Rosemount:11;St. Louis Park:21;Blaine:27
Zarpado Anejo 750ml,Agave,Bellboy Corporation,67,3.4,19.8,22.67,42.99,34.96,47,Buyer's Select – 1 Month Lead Time,12,55,Cottage Grove:1;St. Louis Park:2;Bloomington:3;Vadnais Heights:3;Plymouth:4;Blaine:5;Chanhassen:5;Osseo:5;Stillwater:6;Minnetonka:9;Minneapolis:10;Andover:14
BuzzBallz Tropical Tang Biggie 1.75L,Pre-Mix,Phillips Wine & Spirits - St. Paul,23,3.4,6.8,12.66,20.99,17.96,40,,19,23,Bloomington:1;Vadnais Heights:1;Blaine:2;Roseville:2;St. Louis Park:3;Woodbury:3;Minneapolis:11
The Botanist Islay Gin 750ml,Gin,Bellboy Corporation,21,3.4,6.2,26.83,45.99,37.96,42,Case 1,16,36,Blaine:1;St. Louis Park:2;Chanhassen:3;Plymouth:4;Bloomington:5;Vadnais Heights:6
Beefeater Gin 750ml,Gin,Southern Glazer's Wine & Spirits of MN,35,3.4,10.4,13.17,22.49,19.96,41,,15,41,Minnetonka:3;St. Louis Park:3;Chanhassen:4;Blaine:8;Roseville:8;Bloomington:9
Wheel Horse Double Oak Bourbon 750ml,Whisky/Whiskey,Bellboy Corporation,33,3.4,9.8,22.83,39.99,33.96,43,Limited Release Allocation,18,27,Rosemount:2;Andover:4;Cottage Grove:4;Roseville:4;Bloomington:4;Woodbury:4;Blaine:5;Plymouth:6
Chuckle Rum 50ml,Rum,Bellboy Corporation,39,3.4,11.5,0.68,1.49,1.24,54,CASE 1,16,37,Minneapolis:39
On The Rocks Whiskey Sour 750ml,Pre-Mix,Southern Glazer's Wine & Spirits of MN,43,3.4,12.7,15.2,24.99,18.96,39,,15,41,Rosemount:1;Vadnais Heights:2;Cottage Grove:3;Plymouth:3;Osseo:4;Bloomington:5;Roseville:5;Woodbury:5;Minneapolis:6;Blaine:9
Petri Brandy 1.75L,Brandy,Johnson Brothers - St. Paul,25,3.4,7.3,12.39,20.99,17.96,41,Buy 15cs get 2cs Free,13,51,Blaine:2;Ramsey:3;Osseo:4;Minnetonka:5;Plymouth:5;Andover:6
Booker's Bourbon 750ml,Whisky/Whiskey,Southern Glazer's Wine & Spirits of MN,86,3.4,25.2,73.47,111.99,89.96,34,Case 1,15,42,Minneapolis:2;Woodbury:3;Osseo:4;Vadnais Heights:4;Stillwater:5;Chanhassen:6;Minnetonka:8;Blaine:13;Roseville:20;St. Louis Park:21
Libelula Tequila Joven 750ml,Agave,"Maverick Beverage Co., LLC - MN",77,3.4,22.6,19.68,34.99,29.96,44,1/2 on 4 one week all stores,13,51,Plymouth:1;Andover:2;Vadnais Heights:2;Cottage Grove:3;Bloomington:4;Osseo:9;Ramsey:10;St. Louis Park:10;Blaine:12;Minneapolis:12;Roseville:12
Libelula Tequila Anejo 750ml,Agave,"Maverick Beverage Co., LLC - MN",54,3.4,15.9,35.38,55.99,45.96,37,1/2 on 4 one week all stores,14,46,Plymouth:3;Woodbury:3;St. Louis Park:4;Blaine:5;Roseville:5;Minneapolis:5;Bloomington:7;Andover:11;Minnetonka:11
"Jeppson's Malort
",Cordials,"New France Wine Co, Inc",2,3.4,0.6,1.52,2.99,,49,Rewards sale pricing,18,29,Minneapolis:2
Old Grand Dad 100 pf Bourbon Liter,Whisky/Whiskey,Southern Glazer's Wine & Spirits of MN,25,3.3,7.5,19.67,31.99,26.96,39,,15,40,St. Louis Park:2;Blaine:3;Plymouth:5;Minnetonka:6;Bloomington:9
Rum Chata Liter,Cordials,Johnson Brothers - St. Paul,34,3.3,10.5,21.93,33.49,27.96,35,DEEP NET,17,28,Chanhassen:1;Blaine:2;Andover:4;Vadnais Heights:4;Cottage Grove:6;Minnetonka:7;St. Louis Park:10
Maestro Dobel Diamante 750ml,Agave,Johnson Brothers - St. Paul,9,3.3,2.7,28.93,46.99,39.96,38,Buy 3cs get 1cs Diamante Free,17,31,Blaine:1;Minneapolis:1;St. Louis Park:1;Minnetonka:2;Rosemount:2;Roseville:2
Platinum Vodka 750ml,Vodka,"Breakthru Beverage Minnesota Wine & Spirits, LLC",77,3.3,23.2,5.71,10.99,9.96,48,25cs purchase in a month,15,39,Andover:1;Plymouth:1;Ramsey:1;Osseo:2;Minnetonka:6;Stillwater:6;Rosemount:7;Blaine:7;St. Louis Park:8;Woodbury:10;Minneapolis:11;Bloomington:17
Maker's Mark Bourbon 375ml,Whisky/Whiskey,Southern Glazer's Wine & Spirits of MN,54,3.3,16.1,11.46,20.99,17.96,45,,13,49,St. Louis Park:3;Minnetonka:5;Roseville:6;Woodbury:8;Blaine:9;Vadnais Heights:23
DOM B&B Liqueur 750ml,Cordials,Southern Glazer's Wine & Spirits of MN,42,3.3,12.6,25.2,41.99,34.96,40,,16,35,St. Louis Park:2;Ramsey:2;Cottage Grove:2;Rosemount:3;Woodbury:3;Plymouth:3;Minnetonka:4;Roseville:6;Chanhassen:7;Vadnais Heights:10
Seagrams Extra Smooth Vodka 1.75L,Vodka,"Breakthru Beverage Minnesota Wine & Spirits, LLC",21,3.3,6.3,12.19,18.99,15.96,36,10cs Mix and Match,15,40,St. Louis Park:2;Ramsey:3;Bloomington:3;Vadnais Heights:3;Chanhassen:4;Stillwater:6
Four Roses TTL Private Barrel 750ml,Whisky/Whiskey,Johnson Brothers - St. Paul,156,3.2,49.4,75.18,123.99,99.96,39,Case 1 Pricing,13,43,Osseo:4;Chanhassen:5;Ramsey:5;Blaine:5;Minneapolis:6;Rosemount:9;Woodbury:9;Bloomington:10;Cottage Grove:11;Stillwater:11;Vadnais Heights:11;Minnetonka:13;St. Louis Park:15;Andover:18;Roseville:24
Tequila Ocho Plata Tequila 750ml,Agave,Southern Glazer's Wine & Spirits of MN,10,3.2,3.1,36.88,46.99,39.96,22,,18,23,Cottage Grove:1;Stillwater:1;Andover:2;Minneapolis:2;Plymouth:2;Vadnais Heights:2
Dekuyper Amaretto Liter,Cordials,Southern Glazer's Wine & Spirits of MN,37,3.2,11.4,8.23,14.99,12.96,45,,16,32,Osseo:1;Roseville:4;Minneapolis:4;St. Louis Park:5;Cottage Grove:6;Blaine:6;Minnetonka:11
Pinnacle Vodka 375ml,Vodka,Southern Glazer's Wine & Spirits of MN,44,3.2,13.6,3.07,6.49,5.96,53,,14,41,Vadnais Heights:1;Andover:2;Cottage Grove:11;Blaine:13;Minneapolis:18
Old Forester Bourbon 1910 750ml,Whisky/Whiskey,Johnson Brothers - St. Paul,33,3.2,10.2,36.88,54.99,44.96,33,,14,41,Plymouth:1;Cottage Grove:2;Stillwater:2;St. Louis Park:2;Bloomington:3;Minneapolis:3;Woodbury:3;Blaine:5;Andover:6;Rosemount:6
Apaluz Mezcal 750ml,Agave,"Tradition Wine & Spirits, LLC",36,3.2,11.1,22.17,35.49,29.96,38,,16,32,Minneapolis:1;St. Louis Park:1;Roseville:2;Andover:4;Minnetonka:9;Woodbury:9;Ramsey:10
Heaven Hill Bottled-in-Bond 7yr 750ml,Whisky/Whiskey,Bellboy Corporation,12,3.2,3.7,36.83,44.99,39.96,18,,14,41,Minneapolis:2;Minnetonka:2;Osseo:2;Cottage Grove:2;Stillwater:4
J. Henry Small Batch Bourbon 750ml,Bourbon,"Grape Beginnings, Inc.",25,3.2,7.8,37.0,59.99,49.96,38,case 1,15,36,Minnetonka:3;Blaine:3;St. Louis Park:3;Woodbury:4;Plymouth:5;Roseville:7
Lagavulin 16 Yr Single 750ml,Whisky/Whiskey,Johnson Brothers - St. Paul,81,3.1,25.9,74.08,88.99,74.96,17,Case 1,13,42,Chanhassen:2;Andover:3;Plymouth:3;Roseville:3;Rosemount:9;Bloomington:10;Minnetonka:10;St. Louis Park:10;Stillwater:10;Vadnais Heights:10;Blaine:11
Bib & Tucker 6 Year Bourbon 750ml,Bourbon,Johnson Brothers - St. Paul,24,3.1,7.7,36.84,58.99,49.96,38,Case 1 Pricing,15,33,Chanhassen:1;Osseo:1;Plymouth:1;Roseville:1;Vadnais Heights:1;Cottage Grove:2;Minnetonka:2;St. Louis Park:2;Rosemount:3;Woodbury:5;Blaine:5
Knob Creek Smoked Maple 750ml,Whisky/Whiskey,Southern Glazer's Wine & Spirits of MN,40,3.1,12.8,25.63,42.99,39.96,40,,15,33,Chanhassen:1;Cottage Grove:1;Roseville:2;St. Louis Park:2;Stillwater:5;Blaine:5;Minnetonka:6;Plymouth:6;Rosemount:6;Woodbury:6
Jack Daniels Tennessee Honey 1.75L,Whisky/Whiskey,Johnson Brothers - St. Paul,72,3.1,23.5,35.47,52.99,42.96,33,,13,40,Osseo:1;Plymouth:1;Vadnais Heights:2;Bloomington:3;Blaine:3;Stillwater:4;Woodbury:4;Ramsey:4;Minnetonka:5;Andover:6;Rosemount:6;Chanhassen:7;Minneapolis:7;Roseville:9;St. Louis Park:10
Seagrams Extra Dry Gin Traveler,Gin,Southern Glazer's Wine & Spirits of MN,14,3.1,4.5,7.87,12.49,10.96,37,,15,32,Minnetonka:1;Blaine:1;St. Louis Park:2;Minneapolis:10
Copper & Cask 9yr Double Oak Bourbon 750ml,Whisky/Whiskey,Bellboy Corporation,26,3.1,8.4,39.83,69.99,59.96,43,Limited Release Allocation,12,46,Woodbury:1;Plymouth:3;Chanhassen:4;Roseville:4;Vadnais Heights:4;Bloomington:5;Blaine:5
Dos Amigos Tequila Anejo 750ml,Agave,"New France Wine Co, Inc",99,3.1,31.5,27.03,46.99,39.96,42,56 Case Buy Increments across all skus,10,56,Cottage Grove:3;Minnetonka:5;Vadnais Heights:6;Woodbury:6;Andover:6;Roseville:6;Plymouth:7;Rosemount:7;Minneapolis:8;Bloomington:9;St. Louis Park:17;Blaine:19
Windsor Blackberry 1.75L,Canadian Whisky,Phillips Wine & Spirits - St. Paul,63,3.0,20.9,13.45,20.99,17.96,36,8 free windsor 1.75 free on 50 cases 1.75 only  + 5.666cs of Trav Free,14,34,Roseville:3;Cottage Grove:3;Woodbury:4;Blaine:4;Plymouth:4;Andover:5;Rosemount:5;St. Louis Park:5;Stillwater:5;Osseo:7;Minneapolis:7;Ramsey:11
Drambuie 750ml,Cordials,Bellboy Corporation,66,3.0,21.8,27.75,47.99,39.96,42,,13,39,Blaine:1;Ramsey:1;Andover:2;Minnetonka:2;Roseville:2;Minneapolis:3;Chanhassen:3;Cottage Grove:5;Vadnais Heights:5;Rosemount:5;Plymouth:6;St. Louis Park:7;Stillwater:7;Woodbury:7;Bloomington:10
Four Roses Single Barrel 750ml,Whisky/Whiskey,Johnson Brothers - St. Paul,14,3.0,4.6,46.33,57.99,49.96,20,Case 1 Pricing,12,44,Andover:1;Bloomington:1;Osseo:1;Woodbury:1;Chanhassen:1;Rosemount:2;St. Louis Park:2;Blaine:5
Henry Mckenna 10 Yr Single 750ml,Whisky/Whiskey,Southern Glazer's Wine & Spirits of MN,24,3.0,7.9,44.83,63.99,54.96,30,case 1,12,44,Woodbury:1;Stillwater:2;Blaine:5;Roseville:5;St. Louis Park:5;Minnetonka:6
Svedka Mango Pineapple Vodka Liter,Vodka,Southern Glazer's Wine & Spirits of MN,37,3.0,12.1,9.81,17.49,14.96,44,,16,26,Blaine:7;Bloomington:8;Roseville:11;Minneapolis:11
Green River Bourbon Top Ten Barrel Pick 750ml,Bourbon,"Breakthru Beverage Minnesota Wine & Spirits, LLC",114,3.0,38.2,45.0,69.99,59.96,36,,16,24,Minneapolis:5;Minnetonka:5;Stillwater:5;Vadnais Heights:5;Cottage Grove:8;Rosemount:9;Chanhassen:10;Andover:11;Bloomington:11;Roseville:11;Blaine:12;St. Louis Park:22
Smoke Wagon Blended Straight Bourbon 750ml,Whisky/Whiskey,Southern Glazer's Wine & Spirits of MN,41,3.0,13.7,22.57,35.99,29.96,37,,13,38,Plymouth:1;Minnetonka:3;Rosemount:4;Chanhassen:5;Vadnais Heights:5;Roseville:6;Blaine:8;Bloomington:9
Empress 1908 Gin 750ml,Gin,Phillips Wine & Spirits - St. Paul,36,3.0,12.0,26.35,43.99,37.96,40,Buy 10 cases  750 get 1 cs Campo Bravo 50 ml free,13,38,Bloomington:2;Roseville:2;Andover:3;St. Louis Park:3;Woodbury:3;Rosemount:5;Minnetonka:6;Plymouth:6;Blaine:6
Prohibition Sugar Free Simple Syrup 16 oz.,,Am Craft Spirits,32,3.0,10.5,4.25,6.99,,39,,15,30,St. Louis Park:1;Bloomington:9;Andover:10;Blaine:12
Crown Royal Canadian 200ml,Whisky/Whiskey,Phillips Wine & Spirits - St. Paul,112,3.0,37.7,5.87,10.99,,47,Case 1,11,46,Cottage Grove:31;Blaine:37;Chanhassen:44
Casamigos Spicy Margarita 375ml,Pre-mixed,Johnson Brothers - St. Paul,39,3.0,13.1,9.09,14.99,12.96,39,6 case M&M,11,46,Blaine:3;Roseville:3;Bloomington:5;St. Louis Park:9;Woodbury:9;Minneapolis:10
Jefferson's Very Small Batch 750ml,Whisky/Whiskey,Southern Glazer's Wine & Spirits of MN,42,3.0,14.2,22.01,35.49,29.96,38,,10,50,Minnetonka:2;Plymouth:2;St. Louis Park:3;Woodbury:3;Blaine:4;Vadnais Heights:5;Roseville:5;Chanhassen:6;Minneapolis:6;Rosemount:6
New Amsterdam Watermelon 1.75L,Vodka,Johnson Brothers - St. Paul,22,3.0,7.4,14.47,23.49,19.96,38,1 free on 20 NAV 1.75 May/July.  Deep $90 invoice All months,14,33,Blaine:5;Woodbury:5;Minneapolis:12
Sip Margs Variety Pack 8pk 12oz cans,Pre-Mix,Southern Glazer's Wine & Spirits of MN,28,2.9,9.6,11.92,19.99,16.96,40,,17,17,Minneapolis:28
Kahlua 375ml,Cordials,Southern Glazer's Wine & Spirits of MN,73,2.9,25.5,10.5,19.99,16.96,47,,14,29,St. Louis Park:4;Minneapolis:5;Andover:9;Vadnais Heights:18;Blaine:18;Roseville:19
Malibu Rum Strawberry Liter,Rum,Southern Glazer's Wine & Spirits of MN,20,2.9,6.9,13.56,19.99,16.96,32,,15,26,Bloomington:1;Minneapolis:19
Casamigos Reposado 50ml,Agave,Johnson Brothers - St. Paul,108,2.9,37.3,3.52,5.99,,41,Case 1,12,39,Vadnais Heights:2;Ramsey:11;Chanhassen:43;Rosemount:52
Revel Avila Spicy Cuernavaca 12oz can,Pre-Mix,"New France Wine Co, Inc",126,2.9,43.3,4.77,7.99,6.96,40,,7,62,St. Louis Park:9;Blaine:10;Cottage Grove:14;Woodbury:14;Roseville:15;Minnetonka:18;Bloomington:20;Rosemount:26
Jack Daniels Tennessee Honey 50ml,Whisky/Whiskey,Johnson Brothers - St. Paul,306,2.9,105.8,1.52,3.49,,56,,12,39,Cottage Grove:43;Rosemount:59;Minneapolis:204
Grand Marnier Liqueur 375ml,Cordials,Southern Glazer's Wine & Spirits of MN,37,2.9,12.9,16.69,20.99,17.96,20,,12,38,Minnetonka:1;Chanhassen:2;Ramsey:2;St. Louis Park:3;Andover:5;Rosemount:6;Blaine:8;Woodbury:10
Wheel Horse Barrel Master Select Bourbon Batch #2 750ml,Bourbon,Bellboy Corporation,35,2.9,12.0,22.67,39.99,34.96,43,,14,31,Rosemount:1;Andover:2;Plymouth:2;Chanhassen:3;St. Louis Park:4;Bloomington:5;Vadnais Heights:5;Blaine:6;Roseville:7
Truly Strawberry Lemon Vodka Liter,Vodka,Southern Glazer's Wine & Spirits of MN,138,2.9,46.9,10.65,11.49,9.96,7,,13,36,Woodbury:1;Blaine:6;Plymouth:10;St. Louis Park:11;Minnetonka:19;Chanhassen:21;Vadnais Heights:21;Ramsey:24;Osseo:25
Glenfiddich 14Yr Single Malt 750ml,Whisky/Whiskey,"Breakthru Beverage Minnesota Wine & Spirits, LLC",13,2.9,4.5,42.17,59.99,49.96,30,10cs – Balvenie 12/14 & Glen 12/14/15,16,20,St. Louis Park:1;Blaine:2;Bloomington:2;Plymouth:3;Cottage Grove:5
Western Son Grapefruit 50ml,Vodka,Johnson Brothers - St. Paul,10,2.9,3.5,0.7,1.49,1.24,53,Net Down Case Price,16,21,Vadnais Heights:1;Chanhassen:9
Don Julio Reposado Tequila 1.75L,Agave,Bellboy Corporation,29,2.9,10.0,67.22,117.99,99.96,43,Buy 4cs get 1cs free across chain same week,13,35,Vadnais Heights:1;Woodbury:1;Plymouth:2;Stillwater:2;Blaine:2;Minneapolis:2;Bloomington:3;Roseville:5;St. Louis Park:5;Cottage Grove:6
99 Bananas 750ml,Schnapps,Southern Glazer's Wine & Spirits of MN,27,2.8,9.7,10.05,17.49,14.96,43,,15,22,Blaine:2;Ramsey:4;Rosemount:7;Minneapolis:14
On The Rocks Blue Hawaiian 750ml,Pre-Mix,Southern Glazer's Wine & Spirits of MN,19,2.8,6.9,15.2,24.99,18.96,39,,12,35,Bloomington:1;Roseville:1;Woodbury:2;Minneapolis:3;Andover:3;Blaine:4;St. Louis Park:5
Black Velvet Toasted Caramel 750ml,Whisky/Whiskey,Southern Glazer's Wine & Spirits of MN,26,2.8,9.3,7.25,9.99,8.96,27,,13,31,Vadnais Heights:1;Andover:1;St. Louis Park:2;Rosemount:3;Bloomington:9;Blaine:10
Glenlivet Founder's Reserve 750ml,Whisky/Whiskey,Southern Glazer's Wine & Spirits of MN,56,2.8,20.1,29.54,47.99,39.96,38,,13,31,Ramsey:2;Vadnais Heights:2;Woodbury:2;Osseo:4;Minnetonka:5;St. Louis Park:5;Blaine:11;Bloomington:11;Rosemount:14
New Amsterdam Tangerine 1.75L,Vodka,Johnson Brothers - St. Paul,8,2.8,2.9,14.47,23.49,19.96,38,1 free on 20 NAV 1.75 May/July.  Deep $90 invoice All months,16,18,Minneapolis:8
Tequila Rose Strawberry 750ml,Cordials,Southern Glazer's Wine & Spirits of MN,29,2.8,10.5,19.57,30.49,25.96,36,,13,30,Cottage Grove:1;Andover:1;Chanhassen:2;Blaine:2;Osseo:3;Woodbury:4;Rosemount:6;Vadnais Heights:10
On The Rocks Mai Tai 100ml,Pre-Mix,Southern Glazer's Wine & Spirits of MN,188,2.8,67.1,3.67,5.49,4.96,33,,12,36,St. Louis Park:2;Cottage Grove:7;Chanhassen:32;Plymouth:39;Minneapolis:53;Andover:55
Tequila Ocho Tequila Reposado 750ml,Agave,Southern Glazer's Wine & Spirits of MN,9,2.8,3.3,44.38,58.99,49.96,25,,15,21,Plymouth:1;Rosemount:1;Andover:1;Cottage Grove:2;Stillwater:2;Vadnais Heights:2
99 Schnapps Party Bucket,Schnapps,Southern Glazer's Wine & Spirits of MN,3,2.8,1.1,0.67,19.99,18.96,97,,15,21,Roseville:3
Truly Wild Berry Vodka 50ml,Vodka,Southern Glazer's Wine & Spirits of MN,111,2.8,39.4,0.75,1.49,1.24,50,,13,32,Vadnais Heights:3;Rosemount:9;Stillwater:34;Chanhassen:65
Malibu Rum 375ml,Rum,Southern Glazer's Wine & Spirits of MN,161,2.8,56.9,7.05,13.79,11.96,49,,10,46,Ramsey:4;Chanhassen:8;Cottage Grove:17;Minnetonka:17;Blaine:19;Bloomington:23;Minneapolis:25;Andover:48
Woodford Reserve Bourbon 375ml,Whisky/Whiskey,Johnson Brothers - St. Paul,49,2.7,18.0,14.05,23.99,19.96,41,,11,38,Woodbury:11;St. Louis Park:11;Blaine:13;Andover:14
Ciroc Vodka 750ml,Vodka,Bellboy Corporation,141,2.7,52.7,20.92,33.49,27.96,38,4cs across chain - Same Week,10,41,Blaine:1;Plymouth:4;Minneapolis:6;Stillwater:8;Vadnais Heights:8;Chanhassen:9;Andover:9;Bloomington:11;Minnetonka:11;Rosemount:11;Woodbury:11;Cottage Grove:14;Ramsey:38
Brady's Irish Cream 1.75L,Cordials,"Vinocopia, Inc",38,2.7,13.9,18.68,33.99,27.96,45,Net Down Pricing,12,34,Bloomington:1;Osseo:1;Ramsey:3;Minnetonka:5;Chanhassen:5;Plymouth:6;St. Louis Park:6;Rosemount:11
Rittenhouse Rye 100 750ml,Whisky/Whiskey,Bellboy Corporation,70,2.7,25.6,20.0,30.49,25.96,34,,12,34,Ramsey:1;Minnetonka:3;Blaine:4;Minneapolis:4;Chanhassen:5;Cottage Grove:6;Plymouth:6;St. Louis Park:9;Bloomington:10;Rosemount:11;Roseville:11
Loonman Gin 750ml,Gin,Bellboy Corporation,22,2.7,8.3,16.02,26.99,22.96,41,1 on 6 - Aquavit is free goods,13,27,Vadnais Heights:2;Bloomington:2;St. Louis Park:2;Minnetonka:4;Plymouth:6;Rosemount:6
Johnnie Walker Black 375ml,Whisky/Whiskey,Johnson Brothers - St. Paul,97,2.7,36.3,14.46,25.99,21.96,44,Case 1,10,41,Plymouth:2;Vadnais Heights:3;St. Louis Park:4;Andover:7;Osseo:10;Minnetonka:13;Cottage Grove:14;Woodbury:44
Frangelico Liqueur 750ml,Cordials,Bellboy Corporation,89,2.7,33.5,23.75,37.99,31.96,37,,13,27,Woodbury:2;Minnetonka:3;Vadnais Heights:3;Andover:4;Plymouth:4;Stillwater:7;Minneapolis:8;Rosemount:8;Chanhassen:9;Blaine:11;Ramsey:12;St. Louis Park:18
Burnett's Vodka Liter,Vodka,Southern Glazer's Wine & Spirits of MN,39,2.7,14.7,6.67,9.99,8.96,33,,13,27,Blaine:7;Minnetonka:10;Bloomington:11;St. Louis Park:11
Cruzan Aged Dark Rum 1.75L,Rum,Southern Glazer's Wine & Spirits of MN,29,2.7,10.7,12.56,21.99,19.96,43,,11,38,Chanhassen:1;Cottage Grove:1;Roseville:1;Plymouth:2;Minnetonka:3;Rosemount:4;Bloomington:5;St. Louis Park:5;Blaine:7
Sazerac Rye 750ml,Whisky/Whiskey,Bellboy Corporation,10,2.7,3.7,30.0,28.99,23.96,-3,"3cs, one store",13,28,Minnetonka:1;Osseo:1;Bloomington:4;Rosemount:4
Dolin Rouge Vermouth 375ml,Vermouth,Libation Project,32,2.7,11.7,9.58,16.99,13.96,44,Case 1,12,34,Chanhassen:1;Ramsey:3;St. Louis Park:7;Minnetonka:9;Minneapolis:12
E&J Vanilla Brandy 750ml,Brandy,Johnson Brothers - St. Paul,87,2.7,32.5,9.84,14.99,,34,Deep Net,12,32,Woodbury:4;Chanhassen:6;Bloomington:6;Stillwater:7;Andover:8;Plymouth:10;Minneapolis:10;Cottage Grove:11;Minnetonka:11;Ramsey:14
Jim Beam Honey 750ml,Whisky/Whiskey,Southern Glazer's Wine & Spirits of MN,60,2.7,22.2,12.56,20.99,18.96,40,,12,33,Roseville:1;Woodbury:1;Vadnais Heights:1;Blaine:3;Andover:4;Plymouth:6;Ramsey:6;Bloomington:8;Minneapolis:8;Chanhassen:11;Minnetonka:11
Dewar's White Label Scotch 50ml,Whisky/Whiskey,Bellboy Corporation,557,2.6,211.9,0.68,2.99,,77,,13,26,Woodbury:13;Roseville:24;Osseo:25;Blaine:46;Cottage Grove:65;Vadnais Heights:68;Minnetonka:87;Chanhassen:114;Plymouth:115
King's County Straight Bourbon 750ml,Whisky/Whiskey,Libation Project,9,2.6,3.5,53.17,73.99,59.96,28,Case 1,13,25,Roseville:1;Woodbury:2;St. Louis Park:6
Campari Aperitivo 375ml,Cordials,Southern Glazer's Wine & Spirits of MN,27,2.6,10.4,12.12,24.99,21.96,52,,13,25,Ramsey:1;St. Louis Park:4;Andover:5;Chanhassen:6;Minneapolis:11
Ciroc Peach Vodka 750ml,Vodka,Bellboy Corporation,43,2.6,16.9,20.92,34.99,29.96,40,4cs across chain - Same Week,12,28,Plymouth:1;Minnetonka:4;Vadnais Heights:8;Bloomington:9;Stillwater:9;Chanhassen:12
Grey Goose Berry Rouge 750ml,Vodka,Southern Glazer's Wine & Spirits of MN,43,2.6,16.7,18.54,29.99,25.96,38,,8,47,Chanhassen:1;Minnetonka:2;Roseville:2;Stillwater:2;Osseo:3;Rosemount:3;Cottage Grove:4;St. Louis Park:5;Blaine:6;Minneapolis:6;Bloomington:9
Mr. Black Cold Brew Coffee Liqueur 750ml,Cordials,Phillips Wine & Spirits - St. Paul,31,2.6,11.9,21.18,35.49,29.96,40,Case 1 Must hit 4 cs within month,12,30,St. Louis Park:1;Bloomington:3;Andover:5;Blaine:6;Rosemount:6;Roseville:10
Chi-Chi's Pina Colada 750ml,Pre-Mix,Southern Glazer's Wine & Spirits of MN,27,2.6,10.3,3.82,6.99,,45,,9,44,Minnetonka:5;Blaine:8;Minneapolis:14
Dekuyper Peachtree Schnapps Traveler 750ml,Schnapps,Southern Glazer's Wine & Spirits of MN,47,2.6,18.1,6.73,13.79,11.96,51,,13,25,Blaine:1;Rosemount:3;Roseville:6;Vadnais Heights:6;Cottage Grove:9;Bloomington:11;Minneapolis:11
On The Rocks Cosmo 4pk 12oz can,Pre-Mix,Southern Glazer's Wine & Spirits of MN,11,2.5,4.4,8.38,12.99,10.96,35,,11,30,Blaine:1;Bloomington:4;Minneapolis:6
Cocchi di Torino 375ml,Vermouth,Libation Project,34,2.5,13.4,12.25,21.99,17.96,44,Case 1,11,32,Cottage Grove:1;Chanhassen:1;Stillwater:1;Andover:2;Blaine:2;Woodbury:4;Roseville:5;St. Louis Park:7;Minnetonka:11
Breckenridge Bourbon Whiskey 750ml,Whisky/Whiskey,Bellboy Corporation,32,2.5,12.6,25.72,41.99,34.96,39,1 on 5 accumulating monthly,9,41,Roseville:1;Cottage Grove:2;Minnetonka:2;Rosemount:2;St. Louis Park:3;Vadnais Heights:3;Plymouth:4;Blaine:5;Bloomington:5;Chanhassen:5
Bombay Gin 1.75L,Gin,Southern Glazer's Wine & Spirits of MN,50,2.5,19.8,22.49,35.99,29.96,38,,10,36,Ramsey:1;Osseo:2;Roseville:2;Minnetonka:4;Chanhassen:6;Cottage Grove:6;Minneapolis:6;Bloomington:11;Vadnais Heights:12
Seagrams Lime Gin Liter,Gin,Southern Glazer's Wine & Spirits of MN,28,2.5,11.2,9.44,14.99,12.96,37,,4,62,Minnetonka:1;Rosemount:7;Bloomington:20
Deep Eddy Ruby Red Vodka Liter,Vodka,Southern Glazer's Wine & Spirits of MN,34,2.5,13.4,14.52,23.99,19.96,39,,11,32,St. Louis Park:2;Rosemount:3;Minneapolis:6;Andover:7;Chanhassen:8;Minnetonka:8
Reyka Vodka 1.75L,Vodka,"Breakthru Beverage Minnesota Wine & Spirits, LLC",20,2.5,8.0,26.83,39.99,33.96,33,"5 cs mix & match Reyka 750s, Liters, 1.75s - across chain one week",11,31,Cottage Grove:1;Vadnais Heights:1;Blaine:1;St. Louis Park:5;Minnetonka:6;Stillwater:6
Suntory -196 Green tea Variety Pack 8pk 12oz can,Pre-Mix,Southern Glazer's Wine & Spirits of MN,30,2.5,11.9,15.27,20.99,17.96,27,,12,27,Blaine:4;Woodbury:4;Bloomington:4;St. Louis Park:6;Minneapolis:12
El Nivel Blanco 750ml,Agave,"Vinocopia, Inc",12,2.5,4.8,32.82,51.99,42.96,37,M&M 5 Cases Receive 1 Case Blanco NC,10,36,Minneapolis:3;St. Louis Park:3;Vadnais Heights:6
Buffalo Trace Bourbon Liter,Bourbon,"Breakthru Beverage Minnesota Wine & Spirits, LLC",32,2.5,12.6,21.25,9999.99,,100,,1,77,Osseo:9;Minneapolis:23
Copper & Cask Small Batch #13 8yr Cigar 750ml,Whisky/Whiskey,Bellboy Corporation,21,2.5,8.3,40.5,72.99,60.96,45,,12,27,Andover:2;Woodbury:3;Blaine:4;Bloomington:5;Roseville:7
Dewar's White Label Scotch Liter,Whisky/Whiskey,Southern Glazer's Wine & Spirits of MN,52,2.5,21.0,21.0,29.99,25.96,30,,9,39,Plymouth:1;Andover:3;Cottage Grove:3;Stillwater:3;Vadnais Heights:3;Woodbury:4;St. Louis Park:7;Blaine:8;Minnetonka:9;Bloomington:11
High West Cask Collection Barbados Rum Barrel Finish 750ml,Bourbon,Southern Glazer's Wine & Spirits of MN,98,2.5,38.7,25.0,58.99,49.96,58,,7,50,Minneapolis:1;St. Louis Park:1;Ramsey:3;Woodbury:3;Minnetonka:5;Osseo:7;Rosemount:7;Cottage Grove:9;Stillwater:13;Blaine:14;Chanhassen:15;Roseville:20
1800 Tequila Reposado 200ml,Agave,Johnson Brothers - St. Paul,28,2.5,11.3,6.34,9.99,8.96,37,,12,26,Roseville:6;Minneapolis:23
Jagermeister 100ml,Cordials,Southern Glazer's Wine & Spirits of MN,36,2.4,14.9,3.34,5.49,4.96,39,,9,37,Blaine:5;Minneapolis:7;Cottage Grove:24
Dr McGillicuddys Butterscotch Traveler,Schnapps,"Breakthru Beverage Minnesota Wine & Spirits, LLC",24,2.4,9.9,9.85,15.99,,38,15cs purchase in a month,12,24,Blaine:4;Bloomington:5;Minneapolis:5;Roseville:10
Tattersall Old Fashioned 100ml,Pre-Mix,Phillips Wine & Spirits - St. Paul,56,2.4,23.2,3.68,5.99,,39,Case 1,11,28,Andover:1;Osseo:1;Rosemount:3;Chanhassen:4;Woodbury:8;Minnetonka:17;St. Louis Park:22
Buchanan's Pineapple Scotch 750ml,Whisky/Whiskey,Phillips Wine & Spirits - St. Paul,71,2.4,30.0,26.59,42.99,35.96,38,Case 1,12,22,Rosemount:1;St. Louis Park:1;Roseville:3;Ramsey:4;Blaine:4;Osseo:5;Stillwater:5;Bloomington:5;Minneapolis:7;Cottage Grove:8;Chanhassen:9;Plymouth:9;Minnetonka:10
Noilly Prat Dry Vermouth 375ml,Vermouth,Southern Glazer's Wine & Spirits of MN,39,2.4,16.2,5.83,9.99,7.96,42,,11,28,Roseville:2;Minnetonka:3;Ramsey:3;St. Louis Park:8;Blaine:11;Woodbury:12
J. Henry Cask Strength Bourbon 750ml,Bourbon,"Grape Beginnings, Inc.",17,2.4,7.2,49.0,77.99,65.96,37,case 1,12,22,Blaine:1;Roseville:1;Andover:3;St. Louis Park:3;Plymouth:4;Woodbury:5
High West Manhattan 750ml,Pre-Mix,Southern Glazer's Wine & Spirits of MN,51,2.4,21.4,21.47,26.99,22.96,20,,11,27,Blaine:3;Minnetonka:3;Stillwater:3;Bloomington:4;St. Louis Park:4;Plymouth:5;Woodbury:5;Andover:6;Minneapolis:6;Rosemount:6;Roseville:6
Knob Creek Rye Whiskey 750ml,Whisky/Whiskey,Southern Glazer's Wine & Spirits of MN,45,2.4,18.8,25.63,42.99,39.96,40,,10,32,Woodbury:1;Minnetonka:3;Plymouth:3;Chanhassen:4;Rosemount:4;Blaine:4;Bloomington:5;Osseo:6;Stillwater:7;St. Louis Park:9
Luksusowa Potato Vodka 1.75L,Vodka,Bellboy Corporation,24,2.4,9.9,24.17,28.99,24.96,17,Case 1,10,33,Ramsey:1;St. Louis Park:1;Woodbury:6;Blaine:7;Rosemount:9
Macallan 12 Yr Sherry Oak 750ml,Whisky/Whiskey,Bellboy Corporation,80,2.4,33.6,73.5,100.99,84.96,27,case 1,9,36,Minneapolis:1;Osseo:1;Vadnais Heights:1;Cottage Grove:2;St. Louis Park:5;Rosemount:6;Stillwater:6;Woodbury:6;Blaine:8;Plymouth:9;Roseville:11;Andover:12;Minnetonka:12
Lucky Ones Sweet Tea Vodka Variety 8pk 12oz can,Pre-Mix,Johnson Brothers - St. Paul,27,2.4,11.3,15.37,21.99,18.96,30,Deep Net,13,18,Minneapolis:27
Bacardi Lime Rum 1.75L,Rum,Southern Glazer's Wine & Spirits of MN,9,2.4,3.7,17.29,25.99,21.96,33,,14,15,Minneapolis:9
Evan Williams Honey 750ml,Whisky/Whiskey,Southern Glazer's Wine & Spirits of MN,47,2.4,19.7,9.59,17.49,14.96,45,,11,27,Osseo:2;Rosemount:2;Vadnais Heights:2;Stillwater:3;Cottage Grove:4;Andover:8;Blaine:8;Roseville:9;St. Louis Park:9
Canadian Mist 1.75L,Whisky/Whiskey,"Breakthru Beverage Minnesota Wine & Spirits, LLC",21,2.4,8.7,7.69,12.49,10.96,38,"11cs at $45/cs, 25cs at $42.50/cs",8,42,Ramsey:1;St. Louis Park:1;Chanhassen:1;Cottage Grove:2;Bloomington:3;Blaine:6;Minnetonka:7
Cocchi di Torino 750ml,Vermouth,Libation Project,45,2.4,18.5,17.75,29.99,24.96,41,Case 1,10,33,Cottage Grove:1;Minneapolis:1;Ramsey:3;Roseville:5;St. Louis Park:9;Blaine:11;Minnetonka:15
E&J Apple Brandy 200ml,Brandy,Johnson Brothers - St. Paul,79,2.3,35.0,4.05,8.99,,55,,11,23,Chanhassen:9;Ramsey:15;Minnetonka:16;Blaine:17;Woodbury:22
Jose Cuervo Authentic Margarita Double Strength Strawberry 375ml,Pre-Mix,Johnson Brothers - St. Paul,16,2.3,6.8,3.36,5.99,4.96,44,netted down case price,13,17,Roseville:1;Bloomington:2;St. Louis Park:4;Minneapolis:9
Canadian Hunter 1.75L,Whisky/Whiskey,"Breakthru Beverage Minnesota Wine & Spirits, LLC",45,2.3,19.4,12.94,16.99,14.96,24,Case 1,9,34,Ramsey:1;Roseville:2;Andover:3;Blaine:4;Rosemount:5;Plymouth:8;Minnetonka:9;Cottage Grove:13
Maker's Mark Cask Strength For The Brave 750ml,Whisky/Whiskey,Southern Glazer's Wine & Spirits of MN,53,2.3,22.9,32.8,56.99,49.96,42,,9,34,Minnetonka:1;Andover:2;Rosemount:2;Minneapolis:3;Vadnais Heights:3;Chanhassen:3;Plymouth:4;Stillwater:4;Blaine:4;Roseville:6;St. Louis Park:10;Woodbury:11
Kessler Blended Whiskey 1.75L,Whisky/Whiskey,Phillips Wine & Spirits - St. Paul,2,2.3,0.9,12.51,18.99,,34,Case 1,10,29,Cottage Grove:2
Baileys Cookies & Creamy 750ml,Cordials,Phillips Wine & Spirits - St. Paul,69,2.3,30.4,19.09,29.99,25.96,36,Case 1 Must hit 16 cs within month,12,19,Roseville:2;Blaine:3;Woodbury:3;St. Louis Park:5;Ramsey:7;Vadnais Heights:7;Minneapolis:7;Plymouth:8;Cottage Grove:13;Andover:14
On The Rocks Mokito 4pk 12oz can,Pre-Mix,Southern Glazer's Wine & Spirits of MN,18,2.3,7.9,8.38,12.99,10.96,35,,10,28,Roseville:1;Minneapolis:4;St. Louis Park:6;Bloomington:7
Stolichnaya Blueberi Vodka Liter,Vodka,Johnson Brothers - St. Paul,8,2.3,3.4,20.93,28.99,24.96,28,1 free 750 on 7 cases,9,35,Vadnais Heights:1;Blaine:1;Rosemount:6
Midori Melon Liqueur 750ml,Cordials,Bellboy Corporation,50,2.3,21.3,18.58,30.49,25.96,39,,9,35,Cottage Grove:1;Osseo:1;St. Louis Park:1;Minneapolis:2;Plymouth:2;Minnetonka:3;Andover:4;Vadnais Heights:5;Roseville:7;Woodbury:7;Bloomington:8;Blaine:9
Phillips Blackberry Brandy 1.75L,Brandy,Phillips Wine & Spirits - St. Paul,24,2.3,10.3,17.01,27.99,23.96,39,1 Free Blackberry Liter on 8 cs asst Cordials,12,21,Blaine:2;Rosemount:4;Woodbury:5;Roseville:6;St. Louis Park:7
New Amsterdam Pink Whitney 200ml,Vodka,Johnson Brothers - St. Paul,23,2.3,9.9,4.05,6.99,,42,,12,21,Woodbury:7;Minneapolis:18
Wild Turkey American Honey 750ml,Whisky/Whiskey,Southern Glazer's Wine & Spirits of MN,42,2.3,18.4,14.23,23.99,19.96,41,,11,24,Minnetonka:1;Ramsey:2;Roseville:3;Woodbury:3;Bloomington:5;Blaine:5;Vadnais Heights:6;Andover:7;Rosemount:10
Twisted Shotz Strawberry Sundae 4pk,Pre-Mix,Bellboy Corporation,25,2.3,10.6,4.24,6.49,5.96,35,,11,26,Osseo:3;Woodbury:3;Chanhassen:4;Minnetonka:7;Ramsey:8
Truly Wild Berry Vodka Liter,Vodka,Southern Glazer's Wine & Spirits of MN,141,2.3,61.7,13.0,11.49,9.96,-13,,9,33,Stillwater:1;St. Louis Park:3;Rosemount:7;Vadnais Heights:12;Ramsey:13;Plymouth:16;Woodbury:21;Minnetonka:22;Chanhassen:23;Osseo:23
Deep Eddy Vodka Liter,Vodka,Southern Glazer's Wine & Spirits of MN,68,2.3,29.3,14.52,23.99,19.96,39,,11,25,Blaine:1;Rosemount:2;Ramsey:3;Chanhassen:4;St. Louis Park:6;Minnetonka:9;Plymouth:11;Andover:12;Osseo:20
Phillips Blackberry Brandy Liter,Brandy,Phillips Wine & Spirits - St. Paul,86,2.3,37.6,10.64,17.49,14.96,39,1 Free Blackberry Liter on 8 cs asst Cordials,9,33,Osseo:1;Vadnais Heights:1;St. Louis Park:3;Stillwater:3;Roseville:4;Plymouth:6;Rosemount:7;Andover:8;Blaine:10;Minnetonka:10;Ramsey:10;Cottage Grove:11;Minneapolis:12
Wheel Horse Barrel Master Rye Batch #1 750ml,Bourbon,Bellboy Corporation,42,2.3,18.4,22.67,39.99,34.96,43,,11,24,Plymouth:3;Rosemount:3;Woodbury:3;Vadnais Heights:4;Andover:5;Bloomington:5;Roseville:9;Blaine:10
On The Rocks Lemon Drop Martini 750ml,Pre-Mix,Southern Glazer's Wine & Spirits of MN,16,2.3,6.9,15.2,24.99,18.96,39,,8,38,St. Louis Park:1;Woodbury:1;Bloomington:2;Minneapolis:3;Rosemount:3;Blaine:6
Oban 14yr Scotch 750ml,Whisky/Whiskey,Johnson Brothers - St. Paul,62,2.2,27.9,63.17,92.99,77.96,32,Case 1,9,31,Woodbury:1;Chanhassen:2;Osseo:3;Plymouth:3;Rosemount:4;Vadnais Heights:4;Ramsey:5;St. Louis Park:8;Blaine:10;Cottage Grove:11;Stillwater:11
Bardstown KY Straight Bourbon 750ml,Whisky/Whiskey,"Breakthru Beverage Minnesota Wine & Spirits, LLC",41,2.2,18.3,29.44,46.99,39.96,37,5cs purchase in a month,10,27,Cottage Grove:1;Rosemount:3;Bloomington:4;Blaine:5;Roseville:6;Woodbury:11;St. Louis Park:11
On The Rocks Pina Colada 4pk 12oz can,Pre-Mix,Southern Glazer's Wine & Spirits of MN,22,2.2,10.0,8.38,12.99,10.96,35,,11,21,Minneapolis:2;Blaine:4;Bloomington:5;Woodbury:5;St. Louis Park:6
Stolichnaya Razberi Vodka Liter,Vodka,Johnson Brothers - St. Paul,18,2.2,8.1,20.93,23.99,19.96,13,1 free 750 on 7 cases,11,22,Minnetonka:1;Blaine:8;Minneapolis:9
Old Forester 1920 Prohibition 750ml,Whisky/Whiskey,Johnson Brothers - St. Paul,52,2.2,23.4,43.55,61.99,49.96,30,,9,31,Osseo:1;Blaine:1;Chanhassen:2;Vadnais Heights:2;Bloomington:5;Rosemount:5;Woodbury:5;St. Louis Park:5;Cottage Grove:6;Minnetonka:6;Plymouth:6;Roseville:8
Whistlepig Bourbon Snout to Tail 10yr 750ml,Whisky/Whiskey,Southern Glazer's Wine & Spirits of MN,7,2.2,3.1,20.0,93.99,79.96,79,,11,22,Andover:1;Bloomington:1;Rosemount:1;St. Louis Park:1;Blaine:3
Carpano Antica Formula 375ml,Vermouth,"Breakthru Beverage Minnesota Wine & Spirits, LLC",96,2.2,43.8,15.1,23.99,19.96,37,,9,30,Cottage Grove:4;Chanhassen:5;Roseville:5;Plymouth:7;St. Louis Park:7;Ramsey:8;Osseo:10;Vadnais Heights:10;Blaine:11;Minnetonka:11;Stillwater:18
Caravella Limoncello 750ml,Cordials,Southern Glazer's Wine & Spirits of MN,28,2.2,12.7,12.28,22.99,19.96,47,,6,44,Bloomington:2;Chanhassen:3;Blaine:3;Minnetonka:4;Plymouth:5;St. Louis Park:5;Vadnais Heights:6
High West Prisoner's Share 750ml,Whisky/Whiskey,Southern Glazer's Wine & Spirits of MN,27,2.2,12.7,131.38,209.99,174.96,37,,10,26,Andover:1;Ramsey:1;Rosemount:1;Minneapolis:1;Chanhassen:2;Cottage Grove:2;Woodbury:2;Roseville:5;St. Louis Park:5;Blaine:8
Phillips Peach Schnapps Traveler,Schnapps,Phillips Wine & Spirits - St. Paul,44,2.2,20.3,6.43,12.49,10.96,49,1 free Pep 60 Liter on 8 cs,11,20,Bloomington:5;Minneapolis:6;Woodbury:10;Roseville:11;Blaine:12
Phillips Root 100 Traveler,Schnapps,Phillips Wine & Spirits - St. Paul,53,2.2,23.8,10.48,18.99,15.96,45,1 free Pep 60 Liter on 8 cs,9,31,Chanhassen:2;Osseo:2;Woodbury:2;Andover:5;Blaine:6;Minneapolis:16;Rosemount:20
Pinnacle Vodka 200ml,Vodka,Southern Glazer's Wine & Spirits of MN,110,2.2,49.8,2.14,4.49,3.96,52,,8,35,Andover:11;Blaine:26;Vadnais Heights:27;Minneapolis:46
Windsor Canadian 200ml,Whisky/Whiskey,Phillips Wine & Spirits - St. Paul,96,2.2,43.2,3.02,5.99,,50,Case 1,9,31,St. Louis Park:1;Stillwater:13;Chanhassen:15;Andover:17;Minnetonka:22;Cottage Grove:28
Tito's Vodka 50ml 4pk,Vodka,Johnson Brothers - St. Paul,0,2.2,0.0,6.54,9.99,8.96,35,,11,21,
Ketel One Espresso Martini 375ml,Pre-Mix,Phillips Wine & Spirits - St. Paul,46,2.2,21.0,9.09,14.99,12.96,39,Case 1,9,30,Rosemount:2;St. Louis Park:2;Blaine:4;Roseville:7;Bloomington:9;Minneapolis:11;Minnetonka:11
Bacardi Gold Rum Traveler,Rum,Southern Glazer's Wine & Spirits of MN,35,2.2,15.7,10.51,17.49,14.96,40,,9,31,Blaine:1;Bloomington:2;Cottage Grove:6;St. Louis Park:7;Roseville:8;Woodbury:11
Bailey's Chocolate 750ml,Cordials,Phillips Wine & Spirits - St. Paul,56,2.2,25.4,19.09,30.99,25.96,38,Case 1 Must hit 16 cs within month,10,26,Minneapolis:1;Andover:1;Blaine:1;St. Louis Park:5;Ramsey:6;Osseo:8;Roseville:11;Cottage Grove:12;Vadnais Heights:12
Twisted Shotz Party Pack Red,Pre-Mix,"Breakthru Beverage Minnesota Wine & Spirits, LLC",10,2.2,4.5,14.43,23.99,19.96,40,3cs mix and match of 15pks in a month,11,22,Cottage Grove:1;Rosemount:3;Andover:3;Bloomington:3
Rosaluna Mezcal Joven 750ml,Agave,Southern Glazer's Wine & Spirits of MN,21,2.1,10.2,22.63,34.99,29.96,35,,9,26,Osseo:1;Blaine:2;Andover:3;Chanhassen:3;Rosemount:3;St. Louis Park:4;Roseville:5
Fulton's Harvest Pumpkin Pie 750ml,Cordials,Southern Glazer's Wine & Spirits of MN,0,2.1,0.0,8.31,11.99,,31,,12,13,
Seagrams 7 Blended 375ml,Whisky/Whiskey,Phillips Wine & Spirits - St. Paul,10,2.1,4.9,5.0,9.99,8.96,50,Case 1,8,30,Minnetonka:5;St. Louis Park:5
Gran Centenario Reposado Tequila 750ml,Agave,Johnson Brothers - St. Paul,40,2.1,19.2,22.68,34.99,31.96,35,Case 1 Pricing,8,31,Blaine:1;Rosemount:2;Bloomington:3;St. Louis Park:3;Stillwater:4;Woodbury:6;Osseo:8;Roseville:13
Jim Beam Peach 50ml,Whisky/Whiskey,Southern Glazer's Wine & Spirits of MN,400,2.1,193.3,6.67,2.49,,-168,,7,35,Plymouth:10;Osseo:20;Roseville:35;Vadnais Heights:41;Rosemount:83;Cottage Grove:100;Chanhassen:111
Platinum Vodka Liter,Vodka,"Breakthru Beverage Minnesota Wine & Spirits, LLC",63,2.1,29.8,8.35,14.99,12.96,44,25cs purchase in a month,8,32,Andover:2;Blaine:2;Cottage Grove:2;Plymouth:2;Rosemount:2;Minnetonka:2;Osseo:3;Vadnais Heights:4;Chanhassen:7;Roseville:8;Stillwater:8;Bloomington:10;St. Louis Park:11
Buzzballz Biggies Chocolate Tease 1.75L,Pre-mixed,Phillips Wine & Spirits - St. Paul,47,2.1,22.4,11.74,20.99,16.96,44,2cs of Vikings 187ml on 25cs,7,36,Cottage Grove:2;Ramsey:2;Roseville:2;Vadnais Heights:3;Blaine:3;Andover:4;Rosemount:4;Woodbury:4;Bloomington:5;Plymouth:5;St. Louis Park:5;Minneapolis:8
Herradura Silver Tequila 750ml,Agave,Johnson Brothers - St. Paul,78,2.1,37.1,34.67,47.99,39.96,28,,9,27,Stillwater:1;Cottage Grove:2;Osseo:2;Ramsey:2;Rosemount:2;Minnetonka:4;Vadnais Heights:4;Woodbury:4;Andover:5;Bloomington:5;St. Louis Park:6;Blaine:6;Roseville:7;Chanhassen:8;Minneapolis:20
High Noon Lime Tequila 8pk 12oz can,Pre-Mix,Johnson Brothers - St. Paul,11,2.1,5.3,18.37,29.99,24.96,39,Deep Net,12,13,Minneapolis:11
On the Rocks Larios Aviation 100ml,Pre-Mix,Southern Glazer's Wine & Spirits of MN,347,2.1,169.0,3.67,6.49,5.96,43,,10,21,Andover:14;St. Louis Park:16;Minneapolis:17;Rosemount:21;Roseville:23;Woodbury:32;Minnetonka:33;Plymouth:42;Osseo:45;Cottage Grove:47;Blaine:57
Tullamore Dew Irish Whiskey 375ml,Whisky/Whiskey,Bellboy Corporation,74,2.1,35.5,10.04,18.99,15.96,47,,10,22,Stillwater:2;Minnetonka:3;Andover:4;Vadnais Heights:5;Plymouth:6;Woodbury:7;Blaine:11;Minneapolis:12;Rosemount:24
Tullamore Dew Irish Whiskey 1.75L,Whisky/Whiskey,Bellboy Corporation,21,2.1,10.2,33.47,49.99,41.96,33,9cs purchase in a month,9,26,Rosemount:1;Chanhassen:2;Cottage Grove:2;Minnetonka:3;Stillwater:3;Bloomington:5;Vadnais Heights:5
1792 Small Batch 750ml,Whisky/Whiskey,Bellboy Corporation,8,2.1,3.8,23.06,34.99,29.96,34,,10,22,Minnetonka:1;Chanhassen:2;Stillwater:2;Bloomington:3
Rumple Minze 375ml,Schnapps,Bellboy Corporation,16,2.1,7.7,7.17,12.99,,45,Case 1,8,31,Blaine:5;Minneapolis:11
Luksusowa Potato Vodka Liter,Vodka,Phillips Wine & Spirits - St. Paul,13,2.1,6.1,13.83,16.99,,19,Case 1,9,28,Roseville:3;Bloomington:4;Minnetonka:6
Crown Royal Marquis 750ml,Whisky/Whiskey,Phillips Wine & Spirits - St. Paul,72,2.0,36.4,30.09,41.99,39.96,28,Case 1,9,23,Roseville:1;Blaine:1;Plymouth:4;Ramsey:4;Osseo:5;Rosemount:5;Chanhassen:7;St. Louis Park:7;Stillwater:7;Bloomington:10;Minnetonka:10;Minneapolis:11
Martini & Rossi Sweet Vermouth Liter,Vermouth,Southern Glazer's Wine & Spirits of MN,9,2.0,4.5,8.97,12.49,10.96,28,,10,20,Blaine:1;Bloomington:4;Cottage Grove:4
Martell VS Cognac 750ml,Brandy,Southern Glazer's Wine & Spirits of MN,17,2.0,8.3,26.38,41.99,34.96,37,,9,25,St. Louis Park:1;Cottage Grove:6;Blaine:10
G4 Tequila Blanco 750ml,Agave,"Grape Beginnings, Inc.",12,2.0,6.0,35.0,52.99,44.96,34,,7,33,Roseville:2;Minnetonka:2;Blaine:8
Johnnie Walker Blue Label 750ml,Whisky/Whiskey,Johnson Brothers - St. Paul,21,2.0,10.3,179.33,179.99,149.96,0,2cs Solid,9,25,Stillwater:1;Andover:2;Plymouth:2;Roseville:2;Blaine:2;St. Louis Park:3;Osseo:4;Rosemount:5
Evan Williams 1783 Liter,Whisky/Whiskey,Southern Glazer's Wine & Spirits of MN,21,2.0,10.3,18.39,26.99,22.96,32,,9,25,St. Louis Park:1;Cottage Grove:3;Bloomington:6;Blaine:11
Bacardi Spiced Rum Liter,Rum,Southern Glazer's Wine & Spirits of MN,24,2.0,12.0,12.01,20.99,17.96,43,,7,33,Osseo:1;Blaine:2;Minneapolis:10;Bloomington:11
George Dickel No 12 750ml,Whisky/Whiskey,Johnson Brothers - St. Paul,24,2.0,12.0,20.08,30.49,25.96,34,Case 1,9,24,Stillwater:2;Andover:5;Bloomington:5;Blaine:6;St. Louis Park:6
Cathead Vodka 1.75L,Vodka,Phillips Wine & Spirits - St. Paul,64,2.0,32.1,20.01,27.99,22.86,29,Case 1,8,28,Blaine:2;Ramsey:2;Andover:4;Stillwater:4;St. Louis Park:4;Chanhassen:5;Roseville:5;Minnetonka:6;Cottage Grove:9;Rosemount:9;Plymouth:14
Vikre Boreal Cedar Gin 750ml,Gin,Phillips Wine & Spirits - St. Paul,17,2.0,8.7,22.68,35.49,29.96,36,Case 1,8,27,St. Louis Park:1;Blaine:2;Andover:4;Rosemount:4;Roseville:6
Truly Pineapple Mango Vodka Liter,Vodka,Southern Glazer's Wine & Spirits of MN,102,2.0,51.2,13.0,11.49,9.96,-13,,6,37,St. Louis Park:1;Plymouth:2;Andover:5;Chanhassen:8;Ramsey:9;Stillwater:16;Vadnais Heights:16;Osseo:17;Minnetonka:28
Gray Whale Vodka 750ml,Vodka,Johnson Brothers - St. Paul,32,2.0,16.2,5.97,29.99,25.96,80,,9,23,Rosemount:2;Cottage Grove:3;Blaine:4;Minnetonka:4;St. Louis Park:4;Bloomington:5;Vadnais Heights:5;Woodbury:5
On The Rocks Watermelon Margarita 4pk 12oz can,Pre-Mix,Southern Glazer's Wine & Spirits of MN,12,2.0,6.1,8.38,12.99,10.96,35,,7,32,Blaine:1;St. Louis Park:3;Minneapolis:8
Talisker Storm 750ml,Whisky/Whiskey,Johnson Brothers - St. Paul,15,2.0,7.5,31.0,47.99,39.96,35,Case 1,9,24,Andover:1;Plymouth:4;Blaine:5;St. Louis Park:5
BuzzBallz Grapes Gone Wild Biggie 1.75L,Pre-Mix,Phillips Wine & Spirits - St. Paul,17,2.0,8.5,15.37,20.99,17.96,27,22 on 100,9,24,St. Louis Park:1;Bloomington:2;Roseville:3;Minneapolis:11
On The Rocks Espresso Martini 750ml,Pre-Mix,Southern Glazer's Wine & Spirits of MN,36,2.0,18.1,15.2,24.99,18.96,39,,8,28,Andover:1;Blaine:2;Bloomington:3;Vadnais Heights:3;Woodbury:3;Cottage Grove:4;St. Louis Park:4;Roseville:5;Minneapolis:11
Bakers Bourbon 750ml,Whisky/Whiskey,Southern Glazer's Wine & Spirits of MN,15,2.0,7.5,45.13,71.99,59.96,37,,10,19,Blaine:1;Rosemount:1;St. Louis Park:3;Chanhassen:4;Minnetonka:6
Mi Campo Blanco Tequila 1.75L,Agave,Southern Glazer's Wine & Spirits of MN,19,2.0,9.6,6.74,39.99,35.96,83,,7,32,Cottage Grove:1;Rosemount:1;Blaine:2;Bloomington:2;Plymouth:2;St. Louis Park:3;Chanhassen:4;Minneapolis:4
Chopin Vodka 750ml,Vodka,Southern Glazer's Wine & Spirits of MN,23,2.0,11.4,22.63,33.49,27.96,32,,10,20,Blaine:1;Vadnais Heights:1;St. Louis Park:1;Minnetonka:2;Andover:3;Woodbury:5;Rosemount:10
Deep Eddy Lime Liter,Vodka,Southern Glazer's Wine & Spirits of MN,28,2.0,14.1,14.52,23.99,19.96,39,,10,19,Chanhassen:1;St. Louis Park:1;Vadnais Heights:1;Ramsey:2;Blaine:3;Minneapolis:4;Minnetonka:6;Bloomington:10
Bacardi Gold Rum 375ml,Rum,Southern Glazer's Wine & Spirits of MN,4,2.0,2.0,4.62,6.99,5.96,34,,7,34,St. Louis Park:2;Blaine:2
Skrewball Whiskey Peanut butter 50ml,Whisky/Whiskey,Southern Glazer's Wine & Spirits of MN,184,1.9,96.2,2.01,3.49,2.96,42,,1,57,Bloomington:35;Plymouth:149
Kinky Red 750ml,Cordials,Johnson Brothers - St. Paul,13,1.9,6.9,10.42,15.99,13.96,35,1 free case on 4,11,11,Minneapolis:13
Bacardi Lime Liter,Rum,Southern Glazer's Wine & Spirits of MN,14,1.9,7.6,12.01,20.99,17.96,43,,7,28,Bloomington:1;Minnetonka:1;Ramsey:1;Chanhassen:2;Vadnais Heights:2;Blaine:7
Skinny Freezers Cosmo 100ml,Pre-Mix,,165,1.9,87.7,1.64,3.99,,59,,7,29,Osseo:165
Crown Royal Peach 375ml,Whisky/Whiskey,Phillips Wine & Spirits - St. Paul,128,1.9,68.6,11.94,20.99,17.96,43,Case 1,6,33,Blaine:1;Cottage Grove:1;Vadnais Heights:4;Chanhassen:5;Andover:8;Roseville:9;St. Louis Park:10;Plymouth:12;Minnetonka:20;Minneapolis:22;Stillwater:36
Crown Royal Vanilla 1.75L,Whisky/Whiskey,Phillips Wine & Spirits - St. Paul,49,1.9,25.2,36.7,50.99,42.96,28,Case 1 Must hit 6 cs within month,9,22,Osseo:1;Plymouth:1;Vadnais Heights:1;Woodbury:1;Cottage Grove:2;Minneapolis:2;Roseville:2;Chanhassen:3;Blaine:3;Bloomington:5;Rosemount:5;St. Louis Park:5;Stillwater:5;Ramsey:6;Minnetonka:7
Christian Bros Honey Liqueur 750ml,Brandy,Southern Glazer's Wine & Spirits of MN,48,1.9,24.9,7.57,12.49,10.96,39,,10,17,Minnetonka:1;Blaine:3;Rosemount:3;Minneapolis:7;Cottage Grove:10;Bloomington:11;Plymouth:13
Jim Beam Vanilla 50ml,Whisky/Whiskey,Southern Glazer's Wine & Spirits of MN,758,1.9,409.5,6.67,2.49,,-168,,9,19,Plymouth:2;Chanhassen:69;Rosemount:107;St. Louis Park:112;Roseville:129;Vadnais Heights:154;Osseo:185
E&J Apple Brandy 375ml,Brandy,Johnson Brothers - St. Paul,74,1.9,39.3,5.38,9.99,,46,,9,20,Rosemount:4;Plymouth:6;Blaine:12;Minnetonka:16;Stillwater:17;Woodbury:19
Glenlivet Scotch 12 Yr 50ml,Whisky/Whiskey,Southern Glazer's Wine & Spirits of MN,298,1.9,157.0,3.42,5.99,,43,,4,43,Cottage Grove:27;St. Louis Park:271
Phillips Peppermint 60pf 1.75L,Schnapps,Phillips Wine & Spirits - St. Paul,14,1.9,7.4,11.71,18.99,15.96,38,1 free Pep 60 Liter on 8 cs,11,11,Blaine:1;Andover:2;Minnetonka:3;Chanhassen:4;Minneapolis:4
Gentleman Jack 1.75L,Whisky/Whiskey,Johnson Brothers - St. Paul,73,1.9,37.8,37.68,59.99,49.96,37,,8,26,Plymouth:2;Blaine:3;Ramsey:4;Vadnais Heights:4;Osseo:5;Andover:6;Stillwater:6;Woodbury:6;Chanhassen:8;Rosemount:8;Cottage Grove:10;Roseville:11
Captain Morgan White 1.75L,Rum,Bellboy Corporation,3,1.9,1.6,16.58,29.99,22.96,45,3cases across chain in one week,6,33,Bloomington:1;St. Louis Park:1;Roseville:1
Johnnie Walker Red 375ml,Whisky/Whiskey,Johnson Brothers - St. Paul,68,1.9,35.5,10.45,18.99,15.96,45,Case 1,7,30,Vadnais Heights:1;Blaine:2;Roseville:5;Plymouth:12;Woodbury:12;St. Louis Park:16;Minnetonka:20
Suntory Hibiki Whisky 750ml,Whisky/Whiskey,Southern Glazer's Wine & Spirits of MN,18,1.9,9.7,64.0,86.99,69.96,26,,7,28,Blaine:1;Minneapolis:2;Roseville:2;Woodbury:2;Andover:3;Vadnais Heights:3;Bloomington:5
Mi Campo Reposado Tequila 1.75L,Agave,Southern Glazer's Wine & Spirits of MN,9,1.9,4.6,9.4,39.99,35.96,76,,7,31,Cottage Grove:2;Minneapolis:2;Plymouth:2;Bloomington:3
Paul Masson Grande Amber Traveler,Brandy,Phillips Wine & Spirits - St. Paul,15,1.9,8.1,6.09,12.99,,53,Case 1,9,19,Minneapolis:15
Phillips Peppermint 60pf Traveler,Schnapps,Phillips Wine & Spirits - St. Paul,130,1.9,70.2,6.43,12.49,10.96,49,1 free Pep 60 Liter on 8 cs,7,28,Osseo:2;Andover:3;Vadnais Heights:4;Cottage Grove:5;Roseville:5;St. Louis Park:7;Stillwater:7;Rosemount:8;Minneapolis:10;Plymouth:10;Blaine:11;Bloomington:11;Minnetonka:11;Chanhassen:12;Ramsey:12;Woodbury:12
Corazon Tequila Reposado Weller Finish Barrel 750ml,Agave,"Breakthru Beverage Minnesota Wine & Spirits, LLC",5,1.9,2.6,30.0,46.99,39.96,36,,11,13,Minneapolis:1;Andover:4
Jim Beam Red Stag Black Cherry 750ml,Whisky/Whiskey,Southern Glazer's Wine & Spirits of MN,66,1.9,34.5,12.56,20.99,17.96,40,,7,30,Chanhassen:3;Andover:3;Plymouth:4;Vadnais Heights:5;Woodbury:5;St. Louis Park:10;Ramsey:36
Teremana Tequila Anejo 750ml,Agave,Bellboy Corporation,25,1.9,13.1,28.32,45.99,37.96,38,,9,21,Chanhassen:1;Rosemount:1;St. Louis Park:2;Blaine:4;Roseville:6;Stillwater:11
High West Midwinter Nights Dram 750ml,Whisky/Whiskey,Southern Glazer's Wine & Spirits of MN,82,1.8,46.2,112.63,149.99,129.96,25,,8,21,Stillwater:1;Ramsey:2;Woodbury:2;Chanhassen:8;Cottage Grove:8;Vadnais Heights:8;St. Louis Park:10;Andover:11;Blaine:14;Rosemount:18
Jack Daniels Tennessee Honey 375ml,Whisky/Whiskey,Johnson Brothers - St. Paul,103,1.8,57.6,9.78,20.99,17.96,53,,5,35,Vadnais Heights:1;Woodbury:6;Cottage Grove:8;St. Louis Park:18;Blaine:22;Roseville:23;Minneapolis:25
Tribuno Dry Vermouth 750ml,Vermouth,Southern Glazer's Wine & Spirits of MN,53,1.8,29.6,5.4,8.99,7.96,40,,5,35,Roseville:3;Stillwater:4;Vadnais Heights:5;St. Louis Park:6;Blaine:6;Osseo:7;Plymouth:22
Vikre Boreal Spruce Gin 750ml,Gin,Phillips Wine & Spirits - St. Paul,20,1.8,10.9,22.68,35.49,29.96,36,Case 1,8,23,St. Louis Park:5;Blaine:6;Vadnais Heights:9
Jack Daniels Fire 375ml,Whisky/Whiskey,Johnson Brothers - St. Paul,71,1.8,39.7,9.78,20.99,17.96,53,,7,26,Ramsey:1;Vadnais Heights:5;Andover:8;Blaine:8;Cottage Grove:16;Osseo:16;Minnetonka:17
Campo Bravo Tequila 750ml,Agave,Phillips Wine & Spirits - St. Paul,23,1.8,13.0,16.08,29.99,24.96,46,Case 1,8,21,Ramsey:2;Bloomington:3;Blaine:18
Rum Chata Pumpkin Spice 750ml,Cordials,Johnson Brothers - St. Paul,128,1.8,72.2,18.04,25.99,21.96,31,,10,12,Blaine:3;St. Louis Park:3;Stillwater:3;Chanhassen:8;Rosemount:9;Roseville:11;Minnetonka:14;Woodbury:33;Andover:44
Sailor Jerry Spiced Rum Liter,Rum,"Breakthru Beverage Minnesota Wine & Spirits, LLC",22,1.8,12.5,14.67,23.99,19.96,39,"25 cs mix & match Sailor Jerry 750s, Liters, 1.75s - across chain one week",9,16,Minnetonka:1;Bloomington:4;Blaine:6;Roseville:11
Jim Beam Bourbon Apple 1.75L,Whisky/Whiskey,Southern Glazer's Wine & Spirits of MN,78,1.8,43.6,25.12,35.49,29.96,29,,9,17,Cottage Grove:1;Minnetonka:2;Vadnais Heights:2;Woodbury:2;Blaine:5;Roseville:5;Minneapolis:7;Rosemount:7;Andover:8;Ramsey:8;Osseo:9;Chanhassen:10;Plymouth:12
Black Velvet Canadian Traveler,Whisky/Whiskey,Southern Glazer's Wine & Spirits of MN,70,1.8,38.1,7.25,11.49,9.96,37,,8,23,Minnetonka:5;Blaine:6;Plymouth:8;St. Louis Park:8;Vadnais Heights:10;Minneapolis:10;Bloomington:11;Andover:12
Olmeca Altos Plata Tequila 750ml,Agave,Southern Glazer's Wine & Spirits of MN,17,1.8,9.7,19.17,35.49,29.96,46,,7,25,St. Louis Park:1;Andover:2;Bloomington:4;Rosemount:4;Roseville:6
On The Rocks Strawberry Daiquiri 750ml,Pre-Mix,Southern Glazer's Wine & Spirits of MN,18,1.8,9.9,15.2,24.99,18.96,39,,7,27,Blaine:1;Woodbury:1;Cottage Grove:3;Roseville:3;St. Louis Park:4;Minneapolis:6
High West Campfire Whiskey 750ml,Whisky/Whiskey,Southern Glazer's Wine & Spirits of MN,66,1.8,36.6,42.13,71.99,59.96,41,,8,22,Cottage Grove:1;Stillwater:2;Blaine:3;Ramsey:4;Andover:5;Bloomington:5;Osseo:5;Plymouth:5;Woodbury:6;St. Louis Park:7;Vadnais Heights:7;Chanhassen:8;Roseville:8
Bacardi Superior Light Rum 750ml,Rum,Southern Glazer's Wine & Spirits of MN,61,1.8,34.1,10.51,17.49,14.96,40,,5,35,Cottage Grove:2;Minnetonka:4;Woodbury:6;St. Louis Park:7;Minneapolis:8;Bloomington:15;Chanhassen:19
Prohibition Spicy Margarita 32 oz.,Mixes,Am Craft Spirits,67,1.8,36.5,6.25,9.99,,37,,8,23,Bloomington:11;Cottage Grove:11;Rosemount:11;Vadnais Heights:11;Blaine:11;St. Louis Park:12
Four Roses Small Batch Select 750ml,Whisky/Whiskey,Johnson Brothers - St. Paul,14,1.8,7.9,39.93,61.99,49.96,36,Case 1 Pricing,8,21,Roseville:1;Plymouth:2;Minnetonka:5;St. Louis Park:6
Evan Williams Apple 750ml,Whisky/Whiskey,Southern Glazer's Wine & Spirits of MN,58,1.8,31.6,9.59,17.49,14.96,45,,10,14,Chanhassen:3;Vadnais Heights:4;Plymouth:6;Rosemount:7;Blaine:8;Ramsey:13;Osseo:17
Suntory -196 Vodka Grapefruit 4pk 12oz can,Pre-Mix,Southern Glazer's Wine & Spirits of MN,29,1.8,15.9,7.63,11.49,9.96,34,,9,18,Minneapolis:7;Andover:22
Phillips UV Vodka 1.75L,Vodka,Phillips Wine & Spirits - St. Paul,30,1.8,16.8,11.59,18.99,15.96,39,2 free Blue 1.75 on 25,7,26,Cottage Grove:1;Ramsey:1;Vadnais Heights:1;Rosemount:2;Roseville:2;St. Louis Park:2;Minnetonka:4;Bloomington:5;Minneapolis:6;Blaine:6
Malibu Black Rum 1.75L,Rum,Southern Glazer's Wine & Spirits of MN,22,1.7,13.2,15.68,26.99,22.96,42,,7,22,Andover:2;Bloomington:3;Chanhassen:3;Blaine:6;Minneapolis:8
Bacardi Limon Rum 375ml,Rum,Southern Glazer's Wine & Spirits of MN,31,1.7,18.3,5.52,11.49,9.96,52,,5,32,Roseville:2;Blaine:5;Andover:12;Minneapolis:12
Glenlivet 14yr Cognac 750ml,Whisky/Whiskey,Southern Glazer's Wine & Spirits of MN,13,1.7,7.8,41.98,59.99,49.96,30,,7,22,St. Louis Park:1;Blaine:5;Ramsey:7
Bacardi Mango Chile Rum Liter,Rum,Southern Glazer's Wine & Spirits of MN,68,1.7,40.9,12.01,20.99,17.96,43,,9,13,Chanhassen:4;Minnetonka:4;Minneapolis:5;Ramsey:8;Blaine:12;Andover:35
RonDiaz Spiced Rum 100ml,Rum,Johnson Brothers - St. Paul,315,1.7,189.3,1.33,2.29,1.96,42,,7,22,Ramsey:8;St. Louis Park:16;Minneapolis:23;Andover:28;Roseville:28;Vadnais Heights:39;Chanhassen:40;Minnetonka:43;Osseo:44;Rosemount:46
Western Son Blueberry Vodka Liter,Vodka,Johnson Brothers - St. Paul,17,1.7,9.9,9.93,15.99,13.46,38,Net Down Case Price,6,28,Bloomington:1;Minneapolis:1;Plymouth:3;Woodbury:4;Roseville:8
Sauza Hornitos Lime 750ml,Agave,Southern Glazer's Wine & Spirits of MN,38,1.7,22.4,15.68,22.49,18.96,30,,7,23,Roseville:1;Chanhassen:1;Blaine:5;Andover:15;Bloomington:16
Kinky Liqueur Party Bucket 50ml 20pk,Cordials,Johnson Brothers - St. Paul,4,1.7,2.3,13.52,22.49,18.96,40,,8,19,Minneapolis:4
Twisted Shotz Miami Vice 4pk,Pre-Mix,Bellboy Corporation,26,1.7,15.5,3.97,6.49,5.96,39,,6,27,Andover:1;Blaine:1;Vadnais Heights:1;Minnetonka:11;Osseo:12
Hendrick's Another Gin 750ml,Gin,"Breakthru Beverage Minnesota Wine & Spirits, LLC",42,1.7,24.1,24.94,37.99,31.96,34,6cs purchase in a month,8,20,Minnetonka:2;Plymouth:3;Blaine:4;Bloomington:5;Roseville:5;St. Louis Park:5;Andover:6;Cottage Grove:6;Woodbury:6
Rondiaz Coconut Rum 1.75L,Rum,Johnson Brothers - St. Paul,21,1.7,12.6,10.92,17.99,15.96,39,7 free Spiced 1.75 on 16 mix all 1.75,7,22,Chanhassen:2;Woodbury:3;Minneapolis:3;Bloomington:4;Roseville:4;Rosemount:5
Lyre's N/A Almalfi Spritz 4pk 8oz can,Pre-Mix,"Breakthru Beverage Minnesota Wine & Spirits, LLC",29,1.7,17.4,8.67,18.99,15.96,54,,7,22,Rosemount:1;Chanhassen:2;Cottage Grove:2;Stillwater:2;Blaine:3;Minneapolis:3;Osseo:5;Woodbury:5;Ramsey:6
Woodford Double Oaked Top Ten Liquors Private Barrel 750ml,Whisky/Whiskey,Johnson Brothers - St. Paul,132,1.7,79.3,75.0,118.99,99.96,37,,7,22,Rosemount:3;Bloomington:4;Cottage Grove:4;Minneapolis:4;Andover:5;Ramsey:5;Plymouth:8;Vadnais Heights:9;Chanhassen:10;Woodbury:13;St. Louis Park:21;Roseville:22;Blaine:24
WhistlePig PiggyBack Rye 750ml,Whisky/Whiskey,Southern Glazer's Wine & Spirits of MN,21,1.7,13.0,37.69,49.99,44.96,25,,5,32,Blaine:1;Rosemount:1;Minneapolis:1;Cottage Grove:2;Woodbury:2;St. Louis Park:4;Roseville:4;Stillwater:5
Jim Beam Kentucky Fire 750ml,Whisky/Whiskey,Southern Glazer's Wine & Spirits of MN,100,1.7,57.4,12.56,20.99,17.96,40,,6,29,Chanhassen:1;Andover:2;Vadnais Heights:4;Stillwater:6;Blaine:7;Ramsey:7;Rosemount:7;Minneapolis:8;Roseville:9;Bloomington:10;Plymouth:10;St. Louis Park:29
Phillips Rootbeer Schnapps Traveler,Schnapps,Phillips Wine & Spirits - St. Paul,16,1.7,9.4,6.43,11.49,9.96,44,1 free Pep 60 Liter on 8 cs,9,14,Bloomington:2;Minnetonka:3;Minneapolis:11
E&J Brandy 200ml,Brandy,Johnson Brothers - St. Paul,140,1.7,84.1,3.38,6.99,,52,,7,22,Cottage Grove:12;Vadnais Heights:20;Andover:24;Plymouth:31;Ramsey:53
Chi-Chi's Margarita 750ml,Pre-Mix,Southern Glazer's Wine & Spirits of MN,28,1.7,16.5,3.82,6.99,,45,,7,23,Bloomington:4;Roseville:12;Blaine:12
Redbreast 12 Yr 750ml,Whisky/Whiskey,Bellboy Corporation,45,1.7,26.5,49.33,92.99,74.96,47,,7,23,Minnetonka:1;Woodbury:1;Osseo:2;Vadnais Heights:2;Cottage Grove:3;Blaine:4;St. Louis Park:4;Ramsey:5;Rosemount:5;Chanhassen:6;Minneapolis:6;Stillwater:6
Monkey Shoulder Scotch 750ml,Whisky/Whiskey,Bellboy Corporation,32,1.7,19.0,22.17,35.49,29.96,38,2 case deal weekly,6,27,Ramsey:1;Stillwater:2;Blaine:2;Minnetonka:3;St. Louis Park:4;Bloomington:5;Minneapolis:5;Rosemount:5;Vadnais Heights:5
Southern Comfort Liter,Whisky/Whiskey,"Breakthru Beverage Minnesota Wine & Spirits, LLC",42,1.7,24.1,14.12,19.99,,29,15 case deal,8,20,St. Louis Park:1;Stillwater:5;Blaine:5;Cottage Grove:12;Chanhassen:19
Nonino Amaro 750ml,Brandy,Southern Glazer's Wine & Spirits of MN,21,1.7,12.8,42.13,47.99,,12,,6,28,Andover:1;Cottage Grove:1;Vadnais Heights:1;Blaine:2;Bloomington:2;Minneapolis:2;Osseo:2;Stillwater:2;Woodbury:2;Minnetonka:3;Ramsey:3
Midnight Moonshake Apple Pie 50ml,Cordials,"Breakthru Beverage Minnesota Wine & Spirits, LLC",59,1.7,33.9,1.85,3.99,2.96,54,,10,11,Roseville:15;St. Louis Park:21;Andover:23
Svedka Banana Vodka 1.75L,Vodka,Southern Glazer's Wine & Spirits of MN,45,1.6,27.6,14.76,18.49,15.96,20,"Buy Deep Every Month, EO Months Listed",7,21,Woodbury:3;Vadnais Heights:5;Andover:8;Blaine:8;Minneapolis:10;Bloomington:11
Western Son Vodka Liter,Vodka,Johnson Brothers - St. Paul,51,1.6,31.8,9.93,15.99,13.46,38,Net Down Case Price,7,20,Cottage Grove:2;Andover:4;Blaine:4;Chanhassen:4;Plymouth:4;Rosemount:4;Roseville:4;Bloomington:5;Ramsey:5;St. Louis Park:5;Stillwater:5;Woodbury:5
Ciroc Pineapple 750ml,Vodka,Bellboy Corporation,15,1.6,9.6,20.92,33.49,27.96,38,4cs across chain - Same Week,8,14,Bloomington:4;Minneapolis:5;Blaine:6
Mi Campo Tequila Blanco 375ml,Agave,Southern Glazer's Wine & Spirits of MN,18,1.6,11.6,3.1,14.99,12.96,79,,6,23,Blaine:1;Woodbury:3;Rosemount:3;Roseville:11
Mijenta Blanco Tequila 750ml,Agave,"New France Wine Co, Inc",8,1.6,5.1,32.44,47.99,40.96,32,5cs purchase in a month,7,19,Bloomington:1;Minnetonka:2;St. Louis Park:5
Arrow Creme de Cacao White Schnapps Liter,Cordials,"Vinocopia, Inc",38,1.6,23.3,6.32,9.99,8.96,37,,9,12,Woodbury:1;Rosemount:3;Roseville:3;St. Louis Park:3;Vadnais Heights:3;Andover:7;Blaine:8;Minneapolis:10
Bumbu XO Rum 750ml,Rum,Southern Glazer's Wine & Spirits of MN,19,1.6,12.1,30.23,47.99,39.96,37,Case 1,7,19,Blaine:1;Bloomington:2;Vadnais Heights:2;Woodbury:3;Ramsey:3;Andover:4;Minnetonka:5
Woodford Reserve Kentucky Derby Bourbon Liter,Whisky/Whiskey,Johnson Brothers - St. Paul,21,1.6,13.4,28.33,49.99,41.96,43,,7,19,Cottage Grove:2;Minneapolis:3;St. Louis Park:3;Andover:3;Minnetonka:4;Vadnais Heights:6
Absolut Peppar Vodka Liter,Vodka,Southern Glazer's Wine & Spirits of MN,106,1.6,64.3,16.52,24.99,21.96,34,,8,17,Andover:2;Cottage Grove:3;Woodbury:7;St. Louis Park:8;Plymouth:8;Rosemount:9;Stillwater:10;Minneapolis:11;Osseo:11;Blaine:11;Roseville:12;Vadnais Heights:14
Phillips UV Blue Raspberry Liter,Vodka,Phillips Wine & Spirits - St. Paul,18,1.6,11.1,9.21,14.99,12.96,39,2 free Blue 1.75 on 25,6,25,Andover:3;Blaine:3;Minnetonka:12
Basil Hayden's Dark Rye 750ml,Whisky/Whiskey,Southern Glazer's Wine & Spirits of MN,38,1.6,23.3,31.24,53.99,44.96,42,,5,30,Cottage Grove:1;Minneapolis:2;Roseville:2;Stillwater:2;Andover:3;Blaine:3;Woodbury:3;St. Louis Park:4;Chanhassen:5;Minnetonka:13
George Dickel Rye 750ml,Whisky/Whiskey,Johnson Brothers - St. Paul,23,1.6,14.4,20.08,30.49,25.96,34,Case 1,7,20,Roseville:1;Blaine:5;Bloomington:8;St. Louis Park:9
Casamigos Margarita Variety Pack 8pk 200ml Cans,Pre-mixed,Johnson Brothers - St. Paul,23,1.6,14.8,13.66,19.99,16.96,32,25 CASES,2,41,Ramsey:2;Andover:3;Blaine:7;Woodbury:11
De Soi Spritz Italian Sparkling Apertif N/A 4pk 8oz can,Pre-Mix,Southern Glazer's Wine & Spirits of MN,33,1.6,20.6,10.88,16.99,13.96,36,,5,29,Chanhassen:1;Plymouth:2;Andover:3;Vadnais Heights:3;Woodbury:4;Bloomington:5;Minnetonka:5;Osseo:5;Stillwater:5
Romana Sambuca Black 750ml,Cordials,"Breakthru Beverage Minnesota Wine & Spirits, LLC",40,1.6,25.7,18.31,29.99,24.96,39,,8,14,St. Louis Park:1;Osseo:1;Vadnais Heights:2;Stillwater:4;Chanhassen:5;Minnetonka:5;Plymouth:5;Cottage Grove:7;Blaine:10
Knob Creek 12yr Bourbon 750ml,Whisky/Whiskey,Southern Glazer's Wine & Spirits of MN,4,1.6,2.5,45.13,71.99,59.96,37,,8,16,Rosemount:1;Cottage Grove:4
Redemption Rye Whiskey 750ml,Whisky/Whiskey,Phillips Wine & Spirits - St. Paul,39,1.6,24.8,15.45,29.99,25.96,48,1 free Bourbon on 6cs asst,7,19,Andover:1;Roseville:4;Minnetonka:7;St. Louis Park:7;Rosemount:10;Woodbury:10
Revel Stoke Smoked Vanilla Liter,Whisky/Whiskey,Phillips Wine & Spirits - St. Paul,25,1.6,15.6,12.83,23.99,19.96,47,1 on 9 mix & match,7,20,Ramsey:1;Vadnais Heights:1;Rosemount:1;Blaine:3;Roseville:6;Chanhassen:13
Bardstown Rye,Whisky/Whiskey,"Breakthru Beverage Minnesota Wine & Spirits, LLC",36,1.5,23.6,33.19,59.99,49.96,45,5cs purchase in a month,6,22,Andover:1;Stillwater:2;Cottage Grove:3;Rosemount:3;Chanhassen:3;Bloomington:5;Blaine:6;Woodbury:6;St. Louis Park:7
Tapatio Blanco 750ml,Agave,"Maverick Beverage Co., LLC - MN",28,1.5,19.1,31.12,47.99,39.96,35,,8,11,Roseville:3;Andover:6;Osseo:8;Minnetonka:11
Arrow Blackberry Brandy Liter,Brandy,"Vinocopia, Inc",28,1.5,18.6,7.32,11.99,9.96,39,,7,17,Blaine:3;St. Louis Park:3;Andover:4;Rosemount:4;Roseville:4;Bloomington:5;Woodbury:5
Carpano Antica Formula Liter,Vermouth,"Breakthru Beverage Minnesota Wine & Spirits, LLC",12,1.5,7.8,34.69,57.99,48.96,40,,7,18,Bloomington:1;Osseo:1;Minnetonka:3;St. Louis Park:3;Roseville:4
Prohibition Blood Orange Margarita 32 oz.,Mixes,Am Craft Spirits,40,1.5,26.8,6.25,9.99,,37,,6,21,St. Louis Park:6;Roseville:10;Bloomington:11;Blaine:13
Tip Top Manhattan 100ml,Pre-Mix,,19,1.5,13.0,3.5,6.49,5.96,46,,8,11,Minneapolis:1;Osseo:1;Rosemount:3;Ramsey:7;Vadnais Heights:7
Jackson Morgan Banana Pudding Cream 750ml,Cordials,Bellboy Corporation,14,1.5,9.1,16.98,25.99,21.96,35,1CS Free on M/M 750 & 50's 10CS -across chain monthly accum,7,18,St. Louis Park:1;Minneapolis:2;Bloomington:5;Blaine:6
Brovo Gin Liter,Gin,"Grape Beginnings, Inc.",56,1.5,37.5,14.0,21.99,14.95,36,,6,21,Chanhassen:2;Cottage Grove:2;Minnetonka:2;Rosemount:8;Bloomington:10;Woodbury:15;Blaine:17
High West Bourbon 1.75L,Whisky/Whiskey,Southern Glazer's Wine & Spirits of MN,83,1.5,55.6,38.82,56.99,47.96,32,,8,12,Cottage Grove:3;Plymouth:4;Vadnais Heights:4;Minneapolis:5;Rosemount:5;Stillwater:6;Chanhassen:7;Woodbury:10;Roseville:10;St. Louis Park:11;Blaine:18
St Remy VSOP Brandy 750ml,Brandy,Phillips Wine & Spirits - St. Paul,24,1.5,15.9,9.83,12.99,,24,,7,17,Blaine:6;Bloomington:7;St. Louis Park:11
Western Son Watermelon 50ml,Vodka,Johnson Brothers - St. Paul,79,1.5,54.0,0.7,1.49,1.24,53,Net Down Case Price,2,38,Woodbury:19;Ramsey:60
Angel's Envy Rye 750ml,Whisky/Whiskey,Southern Glazer's Wine & Spirits of MN,28,1.5,18.8,60.4,86.99,79.96,31,,4,30,Blaine:1;Ramsey:1;Vadnais Heights:1;Chanhassen:2;Minnetonka:2;Rosemount:2;Bloomington:3;Stillwater:3;Woodbury:3;Roseville:5;St. Louis Park:6
Griffo Still Waldos Whisky 750ml,Brandy,Bellboy Corporation,87,1.5,58.3,0.08,58.99,49.86,100,Buyer's Select,6,21,Minneapolis:3;Blaine:10;Roseville:13;St. Louis Park:18;Plymouth:21;Cottage Grove:22
E&J XO Brandy 750ml,Brandy,Johnson Brothers - St. Paul,19,1.5,13.0,12.84,18.99,,32,,6,20,Vadnais Heights:4;Roseville:5;Blaine:10
St Agrestis Phony White Negroni 2pk 200ml btl,Pre-Mix,Southern Glazer's Wine & Spirits of MN,137,1.5,93.7,6.05,11.49,10.96,47,,6,20,Blaine:6;Plymouth:6;St. Louis Park:7;Cottage Grove:9;Chanhassen:10;Minnetonka:10;Vadnais Heights:10;Minneapolis:12;Rosemount:12;Woodbury:12;Stillwater:13;Osseo:15;Ramsey:15
Copper & Cask 8yr Rum Finish Rye Whiskey 750ml,Whisky/Whiskey,Bellboy Corporation,12,1.5,8.0,39.83,69.99,59.96,43,Limited Release Allocation,8,12,St. Louis Park:1;Woodbury:4;Blaine:7
Fernet-Branca 750ml,Cordials,Bellboy Corporation,30,1.5,19.9,26.36,45.99,38.96,43,1/2 case free on 5cs purchased across chain same week,7,17,Roseville:1;Cottage Grove:2;Ramsey:3;Stillwater:4;St. Louis Park:4;Blaine:5;Woodbury:5;Andover:6
Prairie Gin 1.75L,Gin,Phillips Wine & Spirits - St. Paul,22,1.5,14.4,22.43,35.49,29.96,37,3 free vodka 1.75 free on 21cases monthly,8,13,Bloomington:2;Minnetonka:2;St. Louis Park:2;Roseville:16
Bailey's Vanilla Mint Shake 750ml,Cordials,Phillips Wine & Spirits - St. Paul,43,1.5,27.9,19.58,29.99,25.96,35,,5,27,Minneapolis:3;St. Louis Park:6;Cottage Grove:7;Vadnais Heights:7;Woodbury:9;Roseville:11
Willett Potstill Reserve 750ml,Whisky/Whiskey,Phillips Wine & Spirits - St. Paul,20,1.4,14.8,38.02,59.99,49.96,37,Case 1,5,21,Bloomington:2;Osseo:2;Stillwater:4;Blaine:5;Minnetonka:7
Christian Bros Peach Brandy 750ml,Brandy,Southern Glazer's Wine & Spirits of MN,41,1.4,29.3,7.57,12.49,10.96,39,,6,18,Rosemount:1;Blaine:1;Vadnais Heights:4;Chanhassen:7;Roseville:8;Plymouth:9;Bloomington:11
Penelope Four Grain Bourbon 750ml,Whisky/Whiskey,Southern Glazer's Wine & Spirits of MN,18,1.4,13.3,22.62,47.99,39.96,53,,7,12,St. Louis Park:1;Chanhassen:2;Minneapolis:2;Minnetonka:2;Bloomington:4;Blaine:7
Peychauds Aromatic Bitters 5oz,Mixes,Southern Glazer's Wine & Spirits of MN,17,1.4,12.1,3.82,6.49,5.96,41,,6,18,Blaine:1;Rosemount:1;Stillwater:7;Woodbury:8
Angel's Envy Bourbon 375ml,Whisky/Whiskey,Southern Glazer's Wine & Spirits of MN,29,1.4,20.9,17.46,29.99,24.96,42,,7,13,Woodbury:9;St. Louis Park:10;Rosemount:10
New Amsterdam Peach 375ml,Vodka,Johnson Brothers - St. Paul,74,1.4,54.7,4.05,9.99,,59,Deep net SOND,5,21,Ramsey:3;Roseville:5;Stillwater:6;St. Louis Park:17;Blaine:20;Minneapolis:23
On the Rocks Jalapeno Pineapple Margarita 100ml,Pre-Mix,Southern Glazer's Wine & Spirits of MN,146,1.4,103.1,3.67,6.49,5.96,43,,5,23,Blaine:2;Andover:3;Cottage Grove:12;Minnetonka:12;Roseville:12;Vadnais Heights:15;St. Louis Park:19;Rosemount:27;Osseo:44
Kinky Peach Mango 750ml,Cordials,Johnson Brothers - St. Paul,4,1.4,2.9,10.42,18.99,15.96,45,1 free case on 4,8,8,Minneapolis:4
J. Henry & Sons Four Grain Rye Whiskey,,"Grape Beginnings, Inc.",33,1.4,23.1,37.0,59.99,49.96,38,,6,19,Stillwater:1;Blaine:1;Woodbury:2;Andover:4;Bloomington:5;Plymouth:5;St. Louis Park:6;Roseville:9
Smirnoff 100 Pf Vodka 1.75L,Vodka,Johnson Brothers - St. Paul,12,1.4,8.8,20.83,30.49,25.96,32,Case 1,6,17,Ramsey:1;Vadnais Heights:2;Blaine:2;Cottage Grove:3;Bloomington:4
Ketel One Botanical Peach & Orange Bloss 750ml,Vodka,Phillips Wine & Spirits - St. Paul,40,1.4,28.9,14.41,23.99,19.96,40,Case 1 Must hit 5 cs within month,5,22,Bloomington:8;Blaine:8;Rosemount:12;St. Louis Park:12
Karkov Vodka 100ml,Vodka,Johnson Brothers - St. Paul,379,1.4,276.9,1.16,2.29,1.96,49,Buy 7cs get 1cs Ron Diaz Spiced 1.75 Free,6,17,Chanhassen:2;St. Louis Park:16;Plymouth:19;Rosemount:26;Osseo:35;Stillwater:37;Cottage Grove:38;Woodbury:54;Minnetonka:69;Vadnais Heights:83
Pinnacle Vodka 50ml,Vodka,Southern Glazer's Wine & Spirits of MN,112,1.4,81.8,0.54,1.49,1.24,64,,8,8,Minneapolis:112
Northland Organic Vodka 750ml,Vodka,Small Lot MN,52,1.4,38.0,16.53,23.99,19.96,31,,6,17,Chanhassen:1;Minnetonka:3;Woodbury:48
Don Julio Gift Pack 3pk 375ml,Agave,Johnson Brothers - St. Paul,16,1.4,11.1,40.39,130.99,109.96,69,,5,24,Andover:1;Cottage Grove:1;Chanhassen:2;Plymouth:4;St. Louis Park:4;Roseville:5
Blackheart Spiced Rum Liter,Rum,Southern Glazer's Wine & Spirits of MN,18,1.4,12.9,10.95,18.99,15.96,42,,6,18,Plymouth:5;Andover:6;Roseville:7
Chi-Chi's Skinny Margarita 1.75L,Pre-Mix,Southern Glazer's Wine & Spirits of MN,9,1.4,6.7,9.13,15.99,13.96,43,,5,21,Minneapolis:3;Blaine:6
Redemption Bourbon 750ml,Whisky/Whiskey,Phillips Wine & Spirits - St. Paul,32,1.4,22.1,15.45,24.99,20.96,38,1 free Bourbon on 6cs asst,5,24,Bloomington:4;Woodbury:8;Rosemount:8;Chanhassen:12
Buzzballz Pineapple Jalapeno 187ml,Pre-mixed,Phillips Wine & Spirits - St. Paul,43,1.4,31.8,1.8,6.99,,74,1 Case 48 pack Chiller free on 25 Chiller 187,5,21,Blaine:18;Minneapolis:25
Maker's Mark Bourbon Cask Strength 7 Year 750ml,Whisky/Whiskey,Southern Glazer's Wine & Spirits of MN,24,1.4,16.6,37.62,56.99,47.96,34,,5,24,Chanhassen:2;Osseo:2;Stillwater:3;Bloomington:4;Minneapolis:4;Ramsey:4;Minnetonka:5
Johnnie Walker Gold Reserve 750ml,Whisky/Whiskey,Bellboy Corporation,24,1.4,16.8,43.5,67.99,54.96,36,,6,19,Plymouth:1;Andover:3;Rosemount:3;Blaine:3;St. Louis Park:4;Minnetonka:5;Roseville:5
Lillet Aperitif White 750ml,Cordials,Southern Glazer's Wine & Spirits of MN,19,1.4,14.0,14.77,26.99,22.96,45,,5,21,Rosemount:2;St. Louis Park:5;Roseville:12
Skinny Freezers Watermelon Lemonade 100ml,Pre-Mix,Bellboy Corporation,190,1.4,135.7,1.64,3.99,,59,,4,27,Osseo:190
Captain Morgan Private Stock 750ml,Rum,Bellboy Corporation,30,1.4,21.9,20.25,29.99,27.96,32,Case 1,6,17,Woodbury:3;Blaine:8;Andover:9;Bloomington:10
Revel 88 Avila Reposado Tequila 750ml,Agave,"New France Wine Co, Inc",52,1.4,38.4,30.42,53.99,44.96,44,,5,21,Blaine:1;Minneapolis:1;Minnetonka:2;Andover:3;Woodbury:3;Bloomington:4;Chanhassen:4;Osseo:4;Roseville:4;Stillwater:4;Vadnais Heights:4;St. Louis Park:5;Plymouth:6;Rosemount:7
Chivas Regal 12 Yr Scotch 750ml,Whisky/Whiskey,Southern Glazer's Wine & Spirits of MN,49,1.3,36.6,26.83,38.99,32.96,31,,6,16,Vadnais Heights:1;Bloomington:4;Plymouth:4;Cottage Grove:5;St. Louis Park:5;Stillwater:5;Minnetonka:6;Blaine:8;Andover:11
Griffo Stout Barreled Whiskey 750ml,Whisky/Whiskey,Bellboy Corporation,43,1.3,32.1,24.97,36.99,29.95,32,,6,16,Osseo:1;Andover:2;Minneapolis:5;Ramsey:6;Plymouth:7;Blaine:9;Chanhassen:13
99 Apples 100ml,Schnapps,Southern Glazer's Wine & Spirits of MN,42,1.3,31.4,1.01,2.64,1.96,62,,6,16,Minneapolis:42
Michter's Rye 750ml,Whisky/Whiskey,Phillips Wine & Spirits - St. Paul,22,1.3,17.2,35.17,51.99,42.96,32,Case 1,6,14,Woodbury:1;Bloomington:4;Chanhassen:5;Minnetonka:6;Plymouth:6
Aviation Gin 750ml,Gin,Johnson Brothers - St. Paul,35,1.3,27.8,20.52,33.49,29.96,39,Case 1 Must hit 5 cs within month,5,18,Chanhassen:1;Vadnais Heights:1;Andover:3;Blaine:3;Rosemount:3;Minneapolis:6;Plymouth:6;Stillwater:6;St. Louis Park:6
Patron Reposado Tequila 750ml,Agave,Southern Glazer's Wine & Spirits of MN,9,1.3,7.0,34.85,49.99,41.96,30,,5,19,Blaine:1;Osseo:2;Plymouth:2;Minnetonka:4
Western Son Vodka 1.75L,Vodka,Johnson Brothers - St. Paul,51,1.3,38.1,13.68,20.99,17.96,35,Net Down Case Price,4,25,Blaine:2;Chanhassen:2;Cottage Grove:2;Minnetonka:2;Rosemount:3;Woodbury:3;Andover:4;Plymouth:4;Roseville:5;Stillwater:5;Vadnais Heights:5;Minneapolis:6;St. Louis Park:8
Admiral Nelson's Cherry Spiced 1.75L,Rum,Southern Glazer's Wine & Spirits of MN,9,1.3,6.7,12.13,15.64,13.46,22,,6,16,St. Louis Park:1;Minnetonka:2;Blaine:6
Barton Vodka Liter,Vodka,Southern Glazer's Wine & Spirits of MN,6,1.3,4.7,6.25,9.99,8.96,37,,6,14,Rosemount:1;Bloomington:5
Chicken Cock Bourbon 750ml,Whisky/Whiskey,Johnson Brothers - St. Paul,18,1.3,14.3,38.52,59.99,49.96,36,Netted down price,5,18,Minneapolis:1;Bloomington:2;St. Louis Park:3;Roseville:6;Blaine:6
Rondiaz Gold Rum 1.75L,Rum,Johnson Brothers - St. Paul,21,1.3,16.3,10.92,17.99,15.96,39,7 free Spiced 1.75 on 16 mix all 1.75,5,19,Blaine:1;Chanhassen:1;Cottage Grove:2;St. Louis Park:3;Minneapolis:3;Bloomington:4;Plymouth:7
Johnnie Walker Green 750ml,Whisky/Whiskey,Bellboy Corporation,11,1.3,8.6,46.83,71.99,59.96,35,Case 1,6,14,St. Louis Park:1;Roseville:1;Bloomington:4;Blaine:5
Far North Solveig Gin 750ml,Gin,The Wine Company,17,1.3,13.5,28.58,42.99,35.96,34,,5,18,Bloomington:1;Blaine:2;Cottage Grove:3;Rosemount:3;St. Louis Park:4;Roseville:4
Black Velvet Toasted Caramel 1.75L,Whisky/Whiskey,Southern Glazer's Wine & Spirits of MN,5,1.3,3.8,13.2,18.99,15.96,30,,6,15,Bloomington:5
Martell Blue Swift VSOP 750ml,Brandy,Southern Glazer's Wine & Spirits of MN,26,1.3,20.6,43.57,56.99,,24,,5,18,Chanhassen:3;Bloomington:5;Blaine:7;Woodbury:11
Jose Cuervo Tradicional Silver 750ml,Agave,Johnson Brothers - St. Paul,9,1.3,7.1,13.97,23.99,19.96,42,1 free on 3 (tradicional gold 750ml free),5,18,Stillwater:1;Minneapolis:2;Bloomington:6
Casamigos Reposado 1.75L,Agave,Johnson Brothers - St. Paul,9,1.3,6.8,75.67,119.99,99.96,37,Case 1,5,20,St. Louis Park:1;Vadnais Heights:1;Blaine:1;Bloomington:2;Minneapolis:4
Hiram Walker Apricot Brandy Liter,Brandy,Southern Glazer's Wine & Spirits of MN,8,1.3,6.3,10.56,14.99,,30,,4,23,Blaine:8
Sailor Jerry Spiced Rum Traveler,Rum,"Breakthru Beverage Minnesota Wine & Spirits, LLC",28,1.3,21.4,12.25,19.99,16.96,39,"25 cs mix & match Sailor Jerry 750s, Liters, 1.75s - across chain one week",6,15,Cottage Grove:1;Bloomington:4;St. Louis Park:6;Minnetonka:7;Roseville:10
Seagrams 7 Blended Traveler,Whisky/Whiskey,Bellboy Corporation,8,1.3,6.0,10.75,17.49,14.96,39,Case 1,6,16,Blaine:8
Fleischmanns Blended Whiskey 1.75L,Whisky/Whiskey,Southern Glazer's Wine & Spirits of MN,1,1.3,0.8,13.63,17.99,,24,,6,14,Chanhassen:1
Cruzan Single Barrel Rum 750ml,Rum,Southern Glazer's Wine & Spirits of MN,3,1.3,2.3,22.63,28.99,,22,,5,19,Cottage Grove:3
Tres Generaciones Anejo 750ml,Agave,Southern Glazer's Wine & Spirits of MN,5,1.3,3.9,30.81,44.99,39.96,32,,6,14,St. Louis Park:1;Blaine:2;Bloomington:2
Herradura Anejo Tequila 750ml,Agave,Johnson Brothers - St. Paul,23,1.3,18.0,41.43,64.99,53.96,36,,6,14,Cottage Grove:1;Minnetonka:1;Andover:2;Roseville:2;Vadnais Heights:2;Blaine:4;Bloomington:5;St. Louis Park:6
Wild Turkey Rare Breed 750ml,Whisky/Whiskey,Bellboy Corporation,15,1.3,11.6,38.5,57.99,47.96,34,,5,19,Vadnais Heights:2;Bloomington:3;St. Louis Park:4;Blaine:6
Flor De Cana Resv 7 Yr 750ml,Rum,Bellboy Corporation,32,1.2,27.8,18.92,33.49,27.96,44,,4,19,Minnetonka:1;Woodbury:3;Blaine:5;Osseo:6;Vadnais Heights:6;St. Louis Park:11
Highland Park 12 Yr Single 750ml,Whisky/Whiskey,"Breakthru Beverage Minnesota Beer, LLC",7,1.2,5.9,43.5,71.99,59.96,40,cs 1,6,11,Blaine:1;St. Louis Park:2;Bloomington:4
99 Watermelons 750ml,Schnapps,Southern Glazer's Wine & Spirits of MN,21,1.2,18.2,10.05,17.49,14.96,43,,6,10,Blaine:10;Bloomington:11
WhistlePig 10 Year 750ml,Whisky/Whiskey,Southern Glazer's Wine & Spirits of MN,15,1.2,12.2,69.94,94.99,79.96,26,,5,17,Osseo:1;Rosemount:1;Minnetonka:3;Blaine:5;Bloomington:5
Corralejo Reposado Tequila 750ml,Agave,"Breakthru Beverage Minnesota Wine & Spirits, LLC",17,1.2,14.0,21.94,33.99,28.96,35,10cs purchase in a month,4,21,Blaine:5;St. Louis Park:5;Osseo:7
Deep Eddy Ruby Red Vodka 50ml,Vodka,Southern Glazer's Wine & Spirits of MN,43,1.2,36.4,0.98,1.99,,51,,2,29,Woodbury:43
Lyre's N/A Gin & Tonic 4pk 8oz can,Pre-Mix,"Breakthru Beverage Minnesota Wine & Spirits, LLC",37,1.2,30.9,9.09,18.99,15.96,52,,5,16,Andover:1;Cottage Grove:2;Woodbury:3;Stillwater:4;Minnetonka:8;Osseo:10;Ramsey:10
Noteworthy Rye 90 PRF 750ml,Whisky/Whiskey,Bellboy Corporation,59,1.2,49.9,5.17,14.99,7.96,66,CASE 1,4,20,Blaine:1;Stillwater:8;Chanhassen:10;Ramsey:11;Cottage Grove:29
Foro Rosso Vermouth 750ml,Vermouth,Phillips Wine & Spirits - St. Paul,19,1.2,16.1,10.34,16.99,,39,Case 1,6,11,Plymouth:2;Blaine:3;St. Louis Park:3;Bloomington:11
Christian Brothers Brandy 50ml,Brandy,Southern Glazer's Wine & Spirits of MN,89,1.2,77.3,0.95,2.49,,62,,6,10,Blaine:89
The Deacon Scotch 750ml,Whisky/Whiskey,Southern Glazer's Wine & Spirits of MN,11,1.2,9.2,28.14,38.99,,28,,5,16,Blaine:1;Ramsey:1;Minnetonka:2;Chanhassen:3;Bloomington:4
Mellow Corn Kentucky Whiskey Liter,Whisky/Whiskey,Southern Glazer's Wine & Spirits of MN,26,1.2,21.4,14.31,18.99,,25,,6,12,Plymouth:1;Stillwater:2;Blaine:6;St. Louis Park:8;Roseville:9
Gran Centenario Reposado Tequila 375ml,Agave,Johnson Brothers - St. Paul,21,1.2,18.0,13.77,21.99,18.96,37,,5,15,Roseville:21
Espolon Tequila Blanco 1.75L,Agave,Southern Glazer's Wine & Spirits of MN,22,1.2,18.1,43.63,61.99,49.96,30,,4,21,Minneapolis:5;Blaine:6;Bloomington:11
El Nivel Reposado 750ml,Agave,"Vinocopia, Inc",12,1.2,10.0,37.94,59.99,49.96,37,M&M 5 Cases Receive 1 Case Blanco NC,5,16,Bloomington:6;St. Louis Park:6
Espolon Tequila Reposado 1.75L,Agave,Southern Glazer's Wine & Spirits of MN,21,1.2,18.2,49.68,71.99,59.96,31,,6,10,Woodbury:2;Roseville:2;St. Louis Park:2;Blaine:4;Vadnais Heights:4;Bloomington:7
Johnnie Walker Black Cask 750ml,Whisky/Whiskey,Johnson Brothers - St. Paul,86,1.2,70.9,25.09,60.99,50.96,59,3 case M&M with Black,6,12,Minneapolis:7;Cottage Grove:8;Woodbury:8;Blaine:10;Roseville:10;Bloomington:10;Andover:11;Plymouth:11;St. Louis Park:11
Bulleit Bourbon 50ml,Whisky/Whiskey,Bellboy Corporation,70,1.2,59.2,2.25,3.99,3.46,44,,4,20,St. Louis Park:70
Kamora Coffee Liqueur 750ml,Cordials,Bellboy Corporation,22,1.2,17.7,10.08,16.99,13.96,41,,6,13,Bloomington:10;Blaine:12
Loon Liquors Lemondrop 750ml,Pre-Mix,Bellboy Corporation,13,1.2,10.7,16.07,26.99,22.96,40,1 cs free on 9cs-single invoice,4,21,Cottage Grove:1;Blaine:2;Vadnais Heights:2;St. Louis Park:4;Woodbury:4
Dekuyper C D Cocoa White Liter,Cordials,Southern Glazer's Wine & Spirits of MN,39,1.2,33.9,8.46,13.99,,40,,6,10,Minneapolis:1;Stillwater:3;Andover:4;Roseville:4;Cottage Grove:8;St. Louis Park:8;Bloomington:11
Per Se Mojito 4pk 8oz can,Pre-Mix,Am Craft Spirits,13,1.2,11.3,7.65,12.49,10.96,39,1 on 7 M&M accumulating monthly,4,19,Blaine:2;Osseo:2;Stillwater:2;St. Louis Park:3;Bloomington:4
Chi-Chi's White Russian 1.75L,Pre-Mix,Southern Glazer's Wine & Spirits of MN,7,1.2,5.9,9.13,14.99,12.96,39,,6,11,Bloomington:1;Blaine:6
Midnight Moonshake Cookies & Cream 750ml,Cordials,"Breakthru Beverage Minnesota Wine & Spirits, LLC",3,1.2,2.6,13.53,23.99,19.96,44,,6,10,Bloomington:1;Blaine:2
Herradura Silver Tequila 375ml,Agave,Johnson Brothers - St. Paul,24,1.2,21.1,14.84,24.99,20.96,41,,5,15,Vadnais Heights:1;Minnetonka:2;Osseo:2;Blaine:3;Rosemount:3;Roseville:3;Woodbury:9
10000 Drops Dem Apples Rum 750ml,Rum,"New France Wine Co, Inc",16,1.2,13.0,19.5,29.99,25.96,35,,7,8,Roseville:5;St. Louis Park:5;Woodbury:6
Green River Bourbon 90 PRF 750ml,Bourbon,"Breakthru Beverage Minnesota Wine & Spirits, LLC",34,1.2,28.0,5.17,31.99,26.96,84,CASE 1,6,12,Andover:2;Woodbury:2;Osseo:12;Cottage Grove:18
Amarula Marula Fruit Cream 750ml,Cordials,Southern Glazer's Wine & Spirits of MN,34,1.2,29.5,19.57,27.99,25.96,30,,4,19,Minnetonka:1;Ramsey:1;Roseville:1;St. Louis Park:1;Plymouth:2;Andover:3;Blaine:3;Chanhassen:3;Stillwater:3;Minneapolis:6;Rosemount:10
Ole Smoky Butter Pecan 750ml,Cordials,Southern Glazer's Wine & Spirits of MN,12,1.2,10.3,16.94,26.99,22.96,37,,5,15,Plymouth:1;Blaine:2;Cottage Grove:2;Bloomington:3;Vadnais Heights:4
Purity Vodka Connoisseur 51 750ml,Vodka,"Vinocopia, Inc",18,1.2,15.2,17.42,29.99,24.96,42,Net Down Pricing,4,20,Chanhassen:3;Stillwater:4;Rosemount:5;Blaine:6
Revel Stoke Roasted Pecan Liter,Whisky/Whiskey,Phillips Wine & Spirits - St. Paul,42,1.2,36.5,12.83,20.99,17.96,39,1 on 9 mix & match,6,10,Blaine:1;Minnetonka:3;Cottage Grove:4;Plymouth:4;Chanhassen:7;Ramsey:8;Roseville:15
Myers's Dark Rum 750ml,Rum,Bellboy Corporation,63,1.2,51.3,15.23,22.99,20.96,34,,5,17,Woodbury:8;Blaine:10;Plymouth:10;Stillwater:12;Roseville:23
Prairie Organic Cucumber Vodka 750ml,Vodka,Phillips Wine & Spirits - St. Paul,44,1.2,37.7,12.86,20.99,17.96,39,3 free vodka 1.75 free on 21cases monthly,3,24,Stillwater:4;Bloomington:5;Blaine:11;Vadnais Heights:11;Roseville:13
TCRL Jamaica Top Ten Single Barrel Rum 700ml,Rum,Libation Project,116,1.1,103.6,60.6,59.99,39.86,-1,Case 1,4,18,Chanhassen:3;Ramsey:3;Cottage Grove:14;Osseo:20;Andover:28;Blaine:48
Svedka Raspberry Vodka Liter,Vodka,Southern Glazer's Wine & Spirits of MN,11,1.1,10.0,9.81,17.49,14.96,44,,3,22,Vadnais Heights:2;Cottage Grove:2;St. Louis Park:7
Willett Small Batch 4 Year Rye 750ml,Whisky/Whiskey,Phillips Wine & Spirits - St. Paul,15,1.1,14.0,45.52,71.99,59.96,37,Case 1,5,12,St. Louis Park:2;Stillwater:3;Blaine:5;Bloomington:5
Green Spot Irish Whiskey 750ml,Whisky/Whiskey,Bellboy Corporation,11,1.1,9.7,46.0,71.99,59.96,36,case 1,5,14,Blaine:2;Minnetonka:2;St. Louis Park:3;Bloomington:4
45th Parallel Border Straight Bourbon 750ml,Whisky/Whiskey,"Vinocopia, Inc",10,1.1,9.1,39.17,53.99,44.96,27,Case 1,5,13,Blaine:2;Stillwater:2;Woodbury:2;St. Louis Park:4
Keeper's Heart American Pot Still 700ml,Whisky/Whiskey,Phillips Wine & Spirits - St. Paul,20,1.1,18.1,37.68,63.99,53.96,41,Case 1,5,13,Minnetonka:1;Minneapolis:2;Plymouth:2;Woodbury:2;Blaine:3;Bloomington:3;Rosemount:3;Roseville:4
Christian Bros Brandy 375ml,Brandy,Southern Glazer's Wine & Spirits of MN,75,1.1,69.9,4.9,8.99,7.96,45,,3,21,Vadnais Heights:4;Rosemount:12;Plymouth:17;Minnetonka:19;Cottage Grove:23
Belvedere Dirty Brew 750ml,Vodka,Johnson Brothers - St. Paul,17,1.1,16.1,24.0,38.99,32.96,38,,6,7,Bloomington:2;Minneapolis:2;Plymouth:2;Rosemount:2;Blaine:4;Roseville:5
Patron Silver Tequila 100pf 750ml,Agave,Southern Glazer's Wine & Spirits of MN,28,1.1,26.5,31.07,49.99,41.96,38,,4,16,Roseville:1;Rosemount:2;St. Louis Park:4;Blaine:5;Bloomington:5;Woodbury:5;Cottage Grove:6
Jefferson's KY Whisky Reserve 750ml,Whisky/Whiskey,Southern Glazer's Wine & Spirits of MN,8,1.1,7.2,42.88,59.99,49.96,29,,5,13,Rosemount:1;Blaine:3;St. Louis Park:4
Basil Hayden Toast 750ml,Whisky/Whiskey,Southern Glazer's Wine & Spirits of MN,15,1.1,13.2,31.24,65.99,54.96,53,,5,14,Vadnais Heights:1;Andover:2;Blaine:2;Chanhassen:3;St. Louis Park:7
Jameson Caskmates IPA 750ml,Whisky/Whiskey,Southern Glazer's Wine & Spirits of MN,16,1.1,14.3,20.78,41.99,34.96,51,,6,9,Osseo:9;Stillwater:9
Ole Smoky Mango Habanero 750ml,Whisky/Whiskey,Southern Glazer's Wine & Spirits of MN,31,1.1,27.7,15.88,26.99,22.96,41,,6,9,Roseville:1;Rosemount:3;Bloomington:4;Andover:4;Blaine:5;Plymouth:5;Chanhassen:9
Ole Smoky Apple Pie 750ml,Whisky/Whiskey,Southern Glazer's Wine & Spirits of MN,20,1.1,17.9,16.94,26.99,22.96,37,,4,18,Blaine:4;Bloomington:4;Plymouth:4;Ramsey:4;Vadnais Heights:4
Absolut Vodka Tabasco Chili Pepper Liter,Vodka,Southern Glazer's Wine & Spirits of MN,85,1.1,74.9,13.17,26.99,22.96,51,,5,14,Chanhassen:4;Osseo:4;Plymouth:4;Ramsey:4;Rosemount:4;Vadnais Heights:4;Andover:5;Roseville:5;Blaine:5;Cottage Grove:7;Minneapolis:8;Bloomington:10;Woodbury:10;St. Louis Park:11
Olmeca Altos Lime Margarita 750ml,Pre-Mix,Southern Glazer's Wine & Spirits of MN,4,1.1,3.8,11.38,23.99,19.96,53,,4,16,St. Louis Park:1;Blaine:3
Drumshanbo Gunpowder Irish Gin 750ml,Gin,"Vinocopia, Inc",28,1.1,26.1,26.5,47.99,39.96,45,Net Down Pricing,3,21,Blaine:1;Woodbury:1;Plymouth:2;Ramsey:5;Minnetonka:6;Stillwater:6;St. Louis Park:7
Balvenie 14 Year Caribbean 750ml,Whisky/Whiskey,"Breakthru Beverage Minnesota Wine & Spirits, LLC",17,1.1,15.2,69.42,74.99,69.96,7,10cs – Balvenie 12/14 & Glen 12/14/15,4,18,Minnetonka:1;Ramsey:1;Blaine:4;Bloomington:5;St. Louis Park:6
Patron Reposado Tequila 375ml,Agave,Southern Glazer's Wine & Spirits of MN,15,1.1,13.6,17.22,32.99,27.96,48,,5,13,Rosemount:1;Minnetonka:2;St. Louis Park:2;Minneapolis:10
Black Velvet Peach 1.75L,Whisky/Whiskey,Southern Glazer's Wine & Spirits of MN,12,1.1,10.6,13.2,19.99,16.96,34,,5,14,Roseville:1;Plymouth:2;Bloomington:3;Chanhassen:3;Blaine:3
Brovo Vodka Liter,Vodka,"Grape Beginnings, Inc.",87,1.1,78.8,13.0,19.99,14.86,35,,3,22,Cottage Grove:1;Blaine:4;Chanhassen:4;Minnetonka:6;Osseo:8;Ramsey:10;Woodbury:21;Andover:33
Revel 88 Avila Blanco Tequila 750ml,Agave,"New France Wine Co, Inc",44,1.1,41.0,24.36,42.99,35.96,43,,3,21,Roseville:2;Andover:3;Cottage Grove:3;Minneapolis:3;Bloomington:4;Stillwater:4;Vadnais Heights:4;Woodbury:5;Minnetonka:7;Rosemount:9
De Soi Golden Hour Sparkling Apertif N/A 4pk 8oz can,Pre-Mix,Southern Glazer's Wine & Spirits of MN,9,1.1,7.9,10.88,16.99,13.96,36,,5,14,Andover:1;Minneapolis:1;Stillwater:1;Vadnais Heights:2;Minnetonka:4
Bacardi 4yr 750ml,Rum,Southern Glazer's Wine & Spirits of MN,43,1.1,38.4,11.81,20.99,17.96,44,,4,18,Rosemount:1;St. Louis Park:2;Chanhassen:9;Blaine:10;Bloomington:10;Minneapolis:11
Bacardi Black Rum 1.75L,Rum,Southern Glazer's Wine & Spirits of MN,15,1.1,13.6,17.29,25.99,21.96,33,,5,13,Plymouth:1;Stillwater:1;Rosemount:2;Blaine:2;St. Louis Park:4;Bloomington:5
Larceny Bourbon 1.75L,Whisky/Whiskey,Southern Glazer's Wine & Spirits of MN,7,1.1,6.2,37.13,54.99,45.96,32,,5,14,Blaine:2;St. Louis Park:5
Buzzballz Elf 187ml,Pre-Mix,Phillips Wine & Spirits - St. Paul,38,1.1,34.9,1.8,4.99,3.96,64,1 Case 48 pack Chiller free on 25 Chiller 187,4,17,Blaine:1;Andover:5;Cottage Grove:9;Woodbury:23
Combier Liqueur D'Orange 375ml,Cordials,"Maverick Beverage Co., LLC - MN",33,1.1,29.5,14.79,25.99,21.96,43,,4,18,Plymouth:1;Woodbury:1;Roseville:3;Osseo:3;Blaine:5;Minnetonka:9;St. Louis Park:11
1800 Blanco Tequila High Proof 375ml,Agave,Johnson Brothers - St. Paul,12,1.1,11.2,11.98,18.99,16.96,37,netted down case price,5,12,Cottage Grove:12
Dampfwerk Orange Liqueur 375ml,Cordials,The Wine Company,15,1.1,13.4,13.79,20.99,17.96,34,,6,9,Blaine:5;St. Louis Park:11
Mathilde Cassis Liqueur 375ml,Cordials,Bellboy Corporation,33,1.1,31.2,11.45,15.99,13.96,28,,4,16,Stillwater:4;Chanhassen:5;Rosemount:5;Minnetonka:7;Blaine:12
Elijah Craig Toasted Barrel Bourbon 750ml,Whisky/Whiskey,Bellboy Corporation,8,1.1,7.5,40.17,65.99,54.96,39,,5,12,Roseville:2;St. Louis Park:6
Bulleit Old Fashioned 375ml,Pre-Mix,Phillips Wine & Spirits - St. Paul,20,1.1,17.6,9.09,17.49,14.96,48,Case 1,5,14,Blaine:3;Roseville:3;Ramsey:14
McMasters Canadian Whiskey 1.75L,Whisky/Whiskey,Southern Glazer's Wine & Spirits of MN,2,1.1,1.8,15.83,20.99,17.96,25,Case 1 Pricing,4,18,Osseo:2
Dekuyper C D Menthe Dark 750ml,Cordials,Southern Glazer's Wine & Spirits of MN,96,1.1,84.5,8.15,13.79,11.96,41,,5,14,Minneapolis:1;Osseo:3;Chanhassen:4;Woodbury:4;Cottage Grove:6;Roseville:7;Stillwater:7;Plymouth:8;Andover:9;Rosemount:9;St. Louis Park:9;Ramsey:10;Blaine:19
818 Tequila Reposado 750ml,Agave,Southern Glazer's Wine & Spirits of MN,9,1.1,8.3,22.63,47.99,39.96,53,,4,17,Roseville:1;St. Louis Park:2;Blaine:3;Minneapolis:3
Skyy Blood Orange Vodka Liter,Vodka,Southern Glazer's Wine & Spirits of MN,5,1.0,4.9,11.31,19.99,16.96,43,,3,19,Plymouth:5
Virginia Distilling American Single Malt Port Cask 750ml ASM,Whisky/Whiskey,"Breakthru Beverage Minnesota Wine & Spirits, LLC",12,1.0,11.9,30.0,46.99,39.96,36,,5,10,Minnetonka:1;Rosemount:1;Roseville:2;Blaine:3;Bloomington:5
Herradura Reposado Tequila 750ml,Agave,Johnson Brothers - St. Paul,59,1.0,59.3,40.5,54.99,45.96,26,,4,14,Chanhassen:1;Cottage Grove:2;Minnetonka:2;Stillwater:3;Andover:5;Bloomington:5;St. Louis Park:6;Woodbury:6;Roseville:7;Blaine:9;Minneapolis:13
Revive Carbon Negative Gin 750ml,Gin,Libation Project,6,1.0,5.9,26.21,41.99,34.96,38,1 bottle N/C  on case,5,10,St. Louis Park:1;Roseville:5
Jameson Select Res Black Barre Liter,Whisky/Whiskey,Southern Glazer's Wine & Spirits of MN,2,1.0,2.0,30.32,59.99,49.96,49,,5,10,Blaine:2
Old Grand Dad 114 750ml,Whisky/Whiskey,Bellboy Corporation,7,1.0,7.0,21.42,37.99,31.96,44,,4,14,Bloomington:3;Blaine:4
El Jimador Reposado Tequila 750ml,Agave,Johnson Brothers - St. Paul,29,1.0,29.1,0.09,26.99,22.96,100,,4,14,Chanhassen:1;Osseo:1;Stillwater:1;St. Louis Park:5;Minneapolis:10;Plymouth:11
Ciroc Apple 750ml,Vodka,Bellboy Corporation,51,1.0,52.0,20.92,33.49,27.96,38,4cs across chain - Same Week,3,18,Plymouth:3;Stillwater:7;Minneapolis:8;Minnetonka:9;Bloomington:11;Rosemount:13
Griffo Scott Street Gin 750ml,Gin,Bellboy Corporation,32,1.0,32.1,18.07,29.99,24.95,40,,4,14,Rosemount:1;Osseo:4;Andover:7;Plymouth:8;Minnetonka:12
High West Bottled In Bond Bourbon 750ml,Whisky/Whiskey,Southern Glazer's Wine & Spirits of MN,131,1.0,131.6,49.66,82.99,69.96,40,,4,14,Minnetonka:2;Minneapolis:3;Stillwater:3;Cottage Grove:4;Rosemount:6;Osseo:7;Ramsey:7;Chanhassen:11;Vadnais Heights:11;Andover:14;St. Louis Park:16;Roseville:21;Blaine:26
Phillips Blue 100 Peppermint Traveler,Schnapps,Phillips Wine & Spirits - St. Paul,17,1.0,17.6,10.48,18.49,15.96,43,1 free Pep 60 Liter on 8 cs,4,13,Woodbury:2;Blaine:3;Bloomington:5;Cottage Grove:7
Jeppson's Malort 750ml,Cordials,"New France Wine Co, Inc",12,1.0,11.5,19.21,24.96,,23,Rewards sale pricing,5,11,Bloomington:4;Minneapolis:8
Don Q Cristal Rum 1.75L,Rum,Johnson Brothers - St. Paul,14,1.0,14.5,17.63,26.99,22.96,35,1 free case on 10,4,13,Ramsey:1;Bloomington:2;Andover:3;Blaine:4;Rosemount:4
Red Locks Irish Whiskey 750ml,Whisky/Whiskey,"Breakthru Beverage Minnesota Wine & Spirits, LLC",50,1.0,50.2,21.1,29.99,24.96,30,6 case deal on invoice,4,14,Vadnais Heights:1;Plymouth:3;Cottage Grove:4;Minnetonka:5;Minneapolis:6;Rosemount:6;Osseo:7;Chanhassen:18
Templeton Rye 4yr 750ml,Whisky/Whiskey,"Breakthru Beverage Minnesota Wine & Spirits, LLC",2,1.0,1.9,31.67,35.49,29.96,11,10cs net down pricing,5,11,Woodbury:2
WhistlePig PiggyBack Bourbon 750ml,Whisky/Whiskey,Southern Glazer's Wine & Spirits of MN,8,1.0,8.7,24.78,55.99,45.96,56,,2,24,Osseo:0;Woodbury:1;Stillwater:3;Minnetonka:4
99 Pineapple 750ml,Schnapps,Southern Glazer's Wine & Spirits of MN,17,1.0,16.3,10.05,16.99,14.96,41,,5,11,Rosemount:3;Blaine:6;Minneapolis:8
Lost Superior Whiskey Northern Cocktail 750ml,Whisky/Whiskey,Bellboy Corporation,24,1.0,23.4,26.17,35.99,,27,,2,24,Ramsey:3;St. Louis Park:3;Bloomington:5;Minnetonka:6;Rosemount:7
Baileys Coffee Toffee 750ml,Cordials,Phillips Wine & Spirits - St. Paul,74,1.0,73.2,19.09,29.99,25.96,36,Case 1 Must hit 16 cs within month,5,10,Plymouth:4;Andover:5;Blaine:5;Cottage Grove:8;Ramsey:8;Vadnais Heights:9;Bloomington:10;Woodbury:12;St. Louis Park:13
Keeper's Heart Irish/American Whiskey 50ml,Whisky/Whiskey,Phillips Wine & Spirits - St. Paul,28,1.0,27.3,1.8,2.29,1.96,21,Case 1,6,6,Andover:28
Loon Liquors Cosmopolitan 750ml,Pre-Mix,Bellboy Corporation,16,1.0,16.6,16.07,26.99,22.96,40,1 cs free on 9cs-single invoice,4,13,Andover:1;Blaine:2;Vadnais Heights:2;Woodbury:3;Osseo:4;St. Louis Park:4
Wild Turkey American Honey 1.75L,Whisky/Whiskey,Southern Glazer's Wine & Spirits of MN,8,0.9,9.2,26.38,41.99,34.96,37,,4,10,Blaine:3;Bloomington:5
Dirty Monkey Peanut Butter Banana Whiskey 750ml,Whisky/Whiskey,Phillips Wine & Spirits - St. Paul,2,0.9,2.3,17.34,29.99,24.96,42,Case 1,4,10,Cottage Grove:2
The Dalmore 12 Yr Scotch 750ml,Whisky/Whiskey,Johnson Brothers - St. Paul,23,0.9,25.1,52.5,89.99,74.96,42,,3,16,Andover:1;Rosemount:2;Ramsey:3;St. Louis Park:3;Blaine:3;Minnetonka:5;Osseo:6
Truly Pineapple Mango Vodka 375ml,Vodka,Southern Glazer's Wine & Spirits of MN,117,0.9,129.7,6.77,9.99,7.86,32,,4,11,Stillwater:1;Vadnais Heights:3;Rosemount:7;Woodbury:10;Plymouth:13;Chanhassen:14;Osseo:16;Ramsey:17;Andover:18;Cottage Grove:18
Truly Wild Berry Vodka 375ml,Vodka,Southern Glazer's Wine & Spirits of MN,77,0.9,82.5,6.77,9.99,6.86,32,,4,12,Roseville:1;Rosemount:6;Chanhassen:10;Osseo:10;St. Louis Park:10;Ramsey:12;Vadnais Heights:12;Andover:16
Tumbler & Rocks Espresso Martini 375ml/ D,Accessories,Discontinued,10,0.9,11.3,9.33,10.99,9.86,15,,5,6,Stillwater:10
Calypso Gold Rum 1.75L,Rum,Southern Glazer's Wine & Spirits of MN,6,0.9,6.8,10.63,17.49,14.96,39,,3,15,Vadnais Heights:1;Woodbury:2;Cottage Grove:3
400 Conejos Anejo 750ml,Agave,Johnson Brothers - St. Paul,10,0.9,10.7,39.93,65.99,54.96,39,Case One,4,12,Rosemount:1;Minneapolis:2;Blaine:3;St. Louis Park:4
Romana Sambuca White 750ml,Cordials,"Breakthru Beverage Minnesota Wine & Spirits, LLC",25,0.9,27.7,18.89,30.49,25.96,38,,4,11,Chanhassen:1;Stillwater:1;Bloomington:5;St. Louis Park:7;Blaine:11
99 Peaches 750ml,Schnapps,Southern Glazer's Wine & Spirits of MN,7,0.9,8.2,10.05,16.99,14.96,41,,5,5,Minneapolis:7
Deep Eddy Sweet Tea Vodka Liter,Vodka,Southern Glazer's Wine & Spirits of MN,10,0.9,10.9,14.52,23.99,19.96,39,,5,7,Bloomington:1;Blaine:9
Rum Chata 375ml,Cordials,Johnson Brothers - St. Paul,22,0.9,25.3,10.99,19.99,16.96,45,,4,10,Woodbury:5;Osseo:8;Blaine:9
Casamigos Mezcal 750ml,Agave,Johnson Brothers - St. Paul,36,0.9,37.9,44.0,65.99,54.96,33,Case 1,5,8,Andover:1;Vadnais Heights:1;Blaine:2;Osseo:2;Chanhassen:3;Minnetonka:3;St. Louis Park:3;Bloomington:5;Roseville:6;Rosemount:10
Jose Cuervo Authentic Margarita Double Strength 375ml,Pre-Mix,Johnson Brothers - St. Paul,13,0.9,13.9,3.36,5.99,4.96,44,netted down case price,4,12,St. Louis Park:1;Bloomington:6;Minneapolis:6
Bacardi Mango Chile Rum 1.75L,Rum,Southern Glazer's Wine & Spirits of MN,30,0.9,31.6,17.29,23.99,19.95,28,,5,8,Woodbury:1;Blaine:5;Osseo:5;Ramsey:9;Minnetonka:10
Libelula Tequila Reposado 750ml,Agave,"Maverick Beverage Co., LLC - MN",53,0.9,60.8,28.38,43.99,36.96,35,1/2 on 4 one week all stores,2,19,Chanhassen:1;Roseville:2;Blaine:3;Andover:4;Osseo:4;Rosemount:5;Vadnais Heights:10;Minnetonka:12;St. Louis Park:12
1800 Coconut Tequila 750ml,Agave,Johnson Brothers - St. Paul,10,0.9,11.7,18.3,30.49,25.96,40,,3,14,St. Louis Park:10
Seagrams Extra Smooth Vodka Liter,Vodka,"Breakthru Beverage Minnesota Wine & Spirits, LLC",9,0.9,9.6,8.34,10.99,,24,10cs Mix and Match,4,12,Bloomington:2;Plymouth:7
Knob Creek Bourbon 12 Year Cask Strength 750ml,Whisky/Whiskey,Southern Glazer's Wine & Spirits of MN,4,0.9,4.7,67.63,105.99,89.96,36,,5,5,Bloomington:2;Roseville:2
Rum Chata GoChata,Cordials,Johnson Brothers - St. Paul,23,0.9,26.9,8.05,11.99,,33,,3,14,Vadnais Heights:1;Rosemount:7;Roseville:7;Blaine:8
Kinky Green 750ml,Cordials,Johnson Brothers - St. Paul,16,0.9,16.9,10.42,18.99,15.96,45,1 free case on 4,5,8,Minnetonka:2;Blaine:7;Minneapolis:7
Ketel One Grapefruit & Rose 750ml,Vodka,Phillips Wine & Spirits - St. Paul,4,0.9,4.4,14.41,25.99,21.96,45,Case 1 Must hit 5 cs within month,4,11,St. Louis Park:4
Smirnoff Strawberry Vodka Liter,Vodka,Johnson Brothers - St. Paul,36,0.9,40.6,10.17,18.99,15.96,46,Case 1 Must hit 8 cs within month,5,6,Plymouth:1;Minnetonka:9;Woodbury:9;Bloomington:17
Cuervo Traditional Reposado 375ml,Agave,Johnson Brothers - St. Paul,32,0.9,34.9,9.88,15.99,13.96,38,,3,16,Cottage Grove:9;Andover:11;Minneapolis:12
Per Se Hibiscus Margarita 4pk 8oz can,Pre-Mix,Am Craft Spirits,18,0.9,21.0,7.65,12.49,10.96,39,1 on 7 M&M accumulating monthly,3,14,Osseo:2;Rosemount:3;Bloomington:4;St. Louis Park:4;Ramsey:5
Bailey's Irish Cream 375ml,Cordials,Phillips Wine & Spirits - St. Paul,28,0.9,30.5,12.83,23.99,19.96,47,Case 1,3,16,Blaine:2;St. Louis Park:7;Woodbury:7;Roseville:12
Bib & Tucker Double Char Bourbon 750ml,Whisky/Whiskey,Johnson Brothers - St. Paul,33,0.9,37.2,45.17,59.99,49.96,25,Case 1 Pricing,3,15,St. Louis Park:2;Blaine:3;Cottage Grove:3;Stillwater:4;Chanhassen:5;Minnetonka:5;Plymouth:5;Vadnais Heights:6
Don Cosme Tequila Anejo 750ml,Agave,Bellboy Corporation,29,0.9,31.6,30.76,54.99,45.96,44,1 Month Order Lead time on Pallet Buy,5,7,Chanhassen:4;Minnetonka:5;Blaine:9;St. Louis Park:11
Phillips Peach Schnapps 1.75L,Schnapps,Phillips Wine & Spirits - St. Paul,7,0.9,8.2,11.71,19.49,15.96,40,1 free Pep 60 Liter on 8 cs,5,5,Minneapolis:7
New Riff Single Barrel Bourbon Whiskey 750ml,Whisky/Whiskey,Johnson Brothers - St. Paul,10,0.9,10.7,40.43,59.99,49.96,33,,4,12,Plymouth:1;Minneapolis:2;St. Louis Park:3;Minnetonka:4
Asbach Uralt German Bra 750ml,Brandy,Bellboy Corporation,4,0.9,4.4,23.49,29.99,,22,,4,11,Cottage Grove:4
Arrow Creme de Menthe White Schnapps Liter,Cordials,"Vinocopia, Inc",42,0.9,45.0,6.32,9.99,8.96,37,,4,12,Andover:1;Minneapolis:2;Rosemount:3;Woodbury:3;Bloomington:5;Vadnais Heights:5;Roseville:6;St. Louis Park:8;Blaine:9
Arrow Creme de Menthe Green Schnapps Liter,Cordials,"Vinocopia, Inc",47,0.9,49.5,6.32,9.99,8.96,37,,5,8,Vadnais Heights:1;Woodbury:2;Rosemount:3;Minneapolis:3;Andover:6;Blaine:8;Bloomington:11;St. Louis Park:13
Midnight Moonshake Chocolate Brownie 50ml,Cordials,"Breakthru Beverage Minnesota Wine & Spirits, LLC",97,0.9,111.4,1.86,3.99,2.96,53,,2,19,St. Louis Park:2;Blaine:7;Roseville:22;Cottage Grove:30;Woodbury:36
Basil Haydens Bourbon 1.75L,Whisky/Whiskey,Southern Glazer's Wine & Spirits of MN,22,0.9,24.4,47.48,83.99,74.96,43,M&M 15 cases 750's. 1.75l (750 Free),4,11,Stillwater:2;Minnetonka:3;St. Louis Park:3;Bloomington:4;Roseville:5;Vadnais Heights:5
Planteray 5yr Rum 750ml,Rum,Bellboy Corporation,2,0.9,2.1,20.88,30.49,25.96,32,1 cs 3 Stars Silver free on 8 cs mix & match all Plantation - accum monthly,4,12,Blaine:2
New Amsterdam Gin 375ml,Gin,Johnson Brothers - St. Paul,31,0.9,35.6,5.38,9.99,,46,,4,10,Minnetonka:5;Roseville:6;Minneapolis:20
Paladar Tequila Reposado 750ml,Agave,"New France Wine Co, Inc",0,0.9,0.0,47.42,76.99,63.96,38,,5,7,
Jefferson's Ocean Aged at Sea 750ml,Whisky/Whiskey,Southern Glazer's Wine & Spirits of MN,11,0.9,12.9,58.76,79.99,64.96,27,,3,14,Minnetonka:3;Blaine:4;St. Louis Park:4
Buzzballz Cookie Nookie 187ml,Pre-Mix,Phillips Wine & Spirits - St. Paul,2,0.9,2.2,2.14,4.99,3.96,57,,0,29,Woodbury:2
Ciroc Summer Watermelon 750ml,Vodka,Johnson Brothers - St. Paul,7,0.9,8.2,20.93,33.49,27.96,38,Case 1 Must hit 4 cs within month,5,5,Minneapolis:7
Bushmills Irish Whiskey 1.75L,Whisky/Whiskey,Johnson Brothers - St. Paul,37,0.9,42.5,25.6,47.99,39.96,47,1 on 5,2,19,Cottage Grove:1;Minneapolis:1;Osseo:2;Plymouth:2;Vadnais Heights:2;Woodbury:2;Andover:3;Bloomington:4;Roseville:4;Blaine:5;Ramsey:5;Chanhassen:6
1800 Reposado High Proof 375ml,Agave,Johnson Brothers - St. Paul,6,0.8,7.9,12.69,19.99,17.96,37,,3,11,Woodbury:1;St. Louis Park:1;Roseville:4
El Nivel Ghost Pepper 750ml,Agave,"Vinocopia, Inc",10,0.8,11.9,37.94,59.99,49.96,37,M&M 5 Cases Receive 1 Case Blanco NC,4,9,Minnetonka:1;St. Louis Park:4;Roseville:5
Lyre's N/A Margarita 4pk 8oz can,Pre-Mix,"Breakthru Beverage Minnesota Wine & Spirits, LLC",13,0.8,17.1,8.95,18.99,15.96,53,,3,11,Woodbury:2;Minneapolis:3;Bloomington:4;Stillwater:4
Paul Masson Grande Amber 1.75L,Brandy,Phillips Wine & Spirits - St. Paul,10,0.8,13.1,12.18,21.99,19.96,45,Case 1,3,11,St. Louis Park:3;Minneapolis:7
Martini & Rossi Blanco 750ml,Vermouth,Southern Glazer's Wine & Spirits of MN,6,0.8,7.7,7.63,12.99,10.96,41,,4,7,Blaine:6
Pantalones Tequila Blanco 750ml,Agave,Southern Glazer's Wine & Spirits of MN,1,0.8,1.2,30.13,47.99,39.96,37,,4,8,Cottage Grove:1
Evan Williams Peach 750ml,Whisky/Whiskey,Southern Glazer's Wine & Spirits of MN,123,0.8,149.2,9.59,17.49,14.96,45,,3,13,Vadnais Heights:1;Cottage Grove:2;Plymouth:2;Woodbury:8;Roseville:30;Andover:39;Blaine:41
Mijenta Tequila Reposado 750ml,Agave,"New France Wine Co, Inc",10,0.8,11.9,47.44,69.99,58.96,32,5cs purchase in a month,4,9,Blaine:1;St. Louis Park:1;Bloomington:4;Minnetonka:4
Midnight Moonshake Cookies & Cream 50ml,Cordials,"Breakthru Beverage Minnesota Wine & Spirits, LLC",58,0.8,73.1,1.97,3.99,2.96,51,,3,12,Cottage Grove:2;Woodbury:15;St. Louis Park:20;Andover:21
Camarena Silver Tequila 50ml,Agave,Discontinued,32,0.8,41.1,2.01,3.99,,50,,4,7,Stillwater:32
99 Rootbeer 750ml,Schnapps,Southern Glazer's Wine & Spirits of MN,10,0.8,11.9,10.05,16.99,14.96,41,,4,9,Bloomington:2;Woodbury:8
Codigo 1530 Reposado 750ml,Agave,"Vinocopia, Inc",11,0.8,13.6,45.13,77.99,64.96,42,M&M 5 Cases Receive 1 Case Blanco NC,4,8,Woodbury:2;Chanhassen:3;Minnetonka:3;Blaine:3
Hpnotiq Liqueur 750ml,Cordials,Southern Glazer's Wine & Spirits of MN,19,0.8,23.9,15.13,23.99,19.96,37,,3,12,Plymouth:1;Vadnais Heights:1;Blaine:2;Bloomington:3;Roseville:12
Cathead Old Soul Bourbon 750ml,Whisky/Whiskey,Phillips Wine & Spirits - St. Paul,3,0.8,3.9,29.93,36.99,29.86,19,Case 1,4,7,Roseville:1;Osseo:2
Rum Chata 1.75L,Cordials,Johnson Brothers - St. Paul,13,0.8,15.5,36.18,49.99,,28,,4,9,Roseville:1;Stillwater:1;Vadnais Heights:1;Blaine:5;St. Louis Park:5
Fuyu Japanese Whisky 750ml,Whisky/Whiskey,Bellboy Corporation,4,0.8,5.2,28.17,45.99,37.96,39,,3,11,Bloomington:2;Cottage Grove:2
Revel Stoke S'mores Whisky Liter,Whisky/Whiskey,Phillips Wine & Spirits - St. Paul,33,0.8,40.8,12.83,23.99,19.96,47,1 on 9 mix & match,4,8,Stillwater:1;Chanhassen:2;Vadnais Heights:2;Cottage Grove:3;St. Louis Park:25
Knob Creek Bourbon Blenders Edition 106pf 750ml,Whisky/Whiskey,Southern Glazer's Wine & Spirits of MN,7,0.8,8.8,33.88,52.99,44.96,36,,3,12,Andover:1;Blaine:1;Minnetonka:5
Leblon Cachaca 750ml,Rum,Southern Glazer's Wine & Spirits of MN,4,0.8,5.1,17.38,26.99,,36,,4,7,Minnetonka:2;Blaine:2
Dekuyper Grape Pucker 750ml,Cordials,Southern Glazer's Wine & Spirits of MN,11,0.8,13.9,6.73,11.99,9.96,44,,3,12,Bloomington:5;Blaine:6
Knob Creek Rye Whiskey 1.75L,Whisky/Whiskey,Southern Glazer's Wine & Spirits of MN,26,0.8,31.0,45.13,69.99,57.96,36,,4,9,Vadnais Heights:1;Chanhassen:1;Ramsey:2;Blaine:3;Stillwater:3;Cottage Grove:4;Plymouth:4;Rosemount:4;St. Louis Park:4
Wathen's KY Bourbon 750ml,Whisky/Whiskey,"Grape Beginnings, Inc.",11,0.8,13.1,43.31,63.99,52.96,32,,4,9,Plymouth:3;Osseo:4;Vadnais Heights:4
High Noon Day Variety 8pk 12oz,Pre-Mix,Johnson Brothers - St. Paul,0,0.8,0.0,16.87,21.99,,23,Deep Net,3,12,
Bulleit Bourbon Bottled in Bond 750ml,Whisky/Whiskey,Phillips Wine & Spirits - St. Paul,64,0.8,84.0,37.59,51.99,47.96,28,Case 1,3,11,Chanhassen:1;Minneapolis:1;Ramsey:6;Stillwater:7;Vadnais Heights:8;Blaine:9;Plymouth:10;Osseo:11;St. Louis Park:11
De Soi Tres Rose Sparkling Apertif N/A 4pk 8oz can,Pre-Mix,Southern Glazer's Wine & Spirits of MN,30,0.8,38.6,10.88,16.99,13.96,36,,2,16,Chanhassen:1;Roseville:1;Bloomington:3;Minneapolis:3;Minnetonka:3;Vadnais Heights:4;Andover:5;Cottage Grove:5;Rosemount:5
Bacardi Pineapple Fusion Rum Liter,Rum,Southern Glazer's Wine & Spirits of MN,10,0.8,13.1,12.01,20.99,17.96,43,,3,11,Cottage Grove:1;Rosemount:1;Chanhassen:8
Skinny Freezers Appletini 100ml,Pre-Mix,,21,0.8,26.0,1.64,3.99,,59,,2,17,Osseo:21
Dampfwerk The Crane Floral Gin 750ml,Cordials,The Wine Company,15,0.8,18.9,28.92,42.99,35.96,33,,3,12,Blaine:2;Bloomington:5;St. Louis Park:8
Glenlivet Old Fashioned 375ml,Pre-Mix,Southern Glazer's Wine & Spirits of MN,10,0.8,12.6,10.12,17.49,14.96,42,,3,12,Roseville:1;Blaine:9
Jagermeister Cold Brew Coffee 750ml,Cordials,Southern Glazer's Wine & Spirits of MN,42,0.8,51.9,3.1,27.99,,89,,4,8,St. Louis Park:1;Chanhassen:10;Rosemount:10;Woodbury:21
Lokal Vodka 1.75L,Vodka,"New France Wine Co, Inc",17,0.8,20.2,18.42,29.99,24.96,39,,4,9,Minneapolis:1;St. Louis Park:1;Blaine:4;Bloomington:11
Linie Aquavit 750ml,Cordials,Bellboy Corporation,12,0.8,14.3,19.67,25.99,,24,,4,9,Vadnais Heights:2;Minneapolis:10
Jack Daniels Winter Cider 750ml,Pre-Mix,Johnson Brothers - St. Paul,22,0.8,26.2,14.08,19.99,17.96,30,,4,9,Cottage Grove:1;Vadnais Heights:1;Chanhassen:4;St. Louis Park:7;Minnetonka:9
Calypso Silver Rum 1.75L,Rum,Southern Glazer's Wine & Spirits of MN,21,0.8,25.5,10.63,17.49,14.96,39,,3,13,Andover:3;Vadnais Heights:3;Minneapolis:5;Plymouth:5;Blaine:5
Tanqueray Negroni 375ml,Pre-Mix,Phillips Wine & Spirits - St. Paul,25,0.8,31.5,9.09,14.99,12.96,39,Case 1,3,12,Osseo:3;Plymouth:3;Roseville:3;Vadnais Heights:4;Chanhassen:5;St. Louis Park:7
Talisker 10 Yr Scotch Single 750ml,Whisky/Whiskey,Johnson Brothers - St. Paul,17,0.8,20.2,57.48,59.99,54.96,4,Case 1,4,9,Vadnais Heights:3;Woodbury:4;Blaine:10
Phillips Lime Vodka Liter,Vodka,Phillips Wine & Spirits - St. Paul,17,0.8,20.2,9.72,12.99,,25,Case 1,2,18,Bloomington:5;Blaine:12
Grey Goose Le Citron Vodka 750ml,Vodka,Southern Glazer's Wine & Spirits of MN,0,0.8,0.0,18.54,28.99,23.96,36,,4,8,
Cazcanes No 7 Blanco 750ml,Agave,"Grape Beginnings, Inc.",15,0.7,23.0,48.67,70.99,58.96,31,case 1,2,12,Cottage Grove:2;Woodbury:2;Minneapolis:3;Rosemount:3;Bloomington:5
Black Velvet Reserve 8yr 1.75L,Whisky/Whiskey,Southern Glazer's Wine & Spirits of MN,7,0.7,10.2,16.35,25.99,21.96,37,,2,13,Rosemount:2;Vadnais Heights:2;Ramsey:3
Fireball 50ml Trick or Treat Bags,Whisky/Whiskey,,11,0.7,15.4,6.52,17.49,14.96,63,,0,23,Minneapolis:1;Cottage Grove:2;Chanhassen:8
Cazcanes No 7 Reposado 750ml,Agave,"Grape Beginnings, Inc.",14,0.7,20.0,67.5,99.99,82.96,32,case 1,3,9,Andover:1;St. Louis Park:1;Rosemount:2;Blaine:3;Roseville:3;Bloomington:4
Cathead Honeysuckle 750ml,Vodka,Phillips Wine & Spirits - St. Paul,39,0.7,59.7,12.26,14.99,12.86,18,Case 1,2,12,Blaine:2;Plymouth:4;Andover:7;Roseville:7;Chanhassen:9;Rosemount:10
Phillips Butter Ripple Schnapps Liter,Schnapps,Phillips Wine & Spirits - St. Paul,44,0.7,65.8,8.15,15.99,13.96,49,1 free Pep 60 Liter on 8 cs,3,8,Osseo:6;Blaine:9;Minnetonka:9;St. Louis Park:9;Chanhassen:11
Casa Noble Blanco Tequila 750ml,Agave,Southern Glazer's Wine & Spirits of MN,1,0.7,1.3,31.13,40.99,,24,,4,6,Bloomington:1
Jackson Morgan Peaches & Cream 750ml,Cordials,Bellboy Corporation,14,0.7,19.1,16.98,23.99,,29,1CS Free on M/M 750 & 50's 10CS -across chain monthly accum,3,10,Vadnais Heights:2;Blaine:2;Bloomington:4;Minneapolis:6
Lucky Ones Sweet Tea Vodka Half & Half 4pk 12oz can,Pre-Mix,Johnson Brothers - St. Paul,15,0.7,22.4,8.02,12.99,10.96,38,Deep Net,3,8,Minneapolis:15
Don Julio 70th Annv Crystal Anejo 750ml,Agave,Phillips Wine & Spirits - St. Paul,10,0.7,13.7,46.83,71.99,57.96,35,Case 1,1,19,St. Louis Park:1;Stillwater:1;Minnetonka:2;Blaine:6
Lagavulin 11yr Sweet Peat 750ml,Whisky/Whiskey,Johnson Brothers - St. Paul,9,0.7,12.3,52.68,69.99,59.96,25,Case 1,3,10,Blaine:1;Bloomington:3;Minnetonka:5
Dewar's 12 Yr Scotch 750ml,Whisky/Whiskey,Southern Glazer's Wine & Spirits of MN,40,0.7,54.7,23.49,35.99,29.96,35,,3,10,Cottage Grove:1;Woodbury:2;Blaine:3;Stillwater:3;Vadnais Heights:5;Rosemount:6;Andover:7;Ramsey:13
Chocolat Deluxe Triple Chocolate Liqueur 750ml,Cordials,Bellboy Corporation,24,0.7,32.8,12.75,19.99,16.96,36,,3,10,Andover:1;Blaine:1;Minnetonka:1;Chanhassen:2;St. Louis Park:7;Roseville:12
Raff Barbary Coast Rhum 750ml,Rum,Bellboy Corporation,49,0.7,73.3,22.77,39.99,19.86,43,,3,8,Vadnais Heights:1;Ramsey:8;Chanhassen:19;Osseo:21
Green River Full Proof Bourbon 750ml,Whisky/Whiskey,"Breakthru Beverage Minnesota Wine & Spirits, LLC",25,0.7,37.4,33.19,47.99,40.96,31,5cs purchase in a month,3,8,Andover:1;Chanhassen:2;Roseville:3;Woodbury:4;Blaine:6;St. Louis Park:9
El Nivel Cucumber 750ml,Agave,"Vinocopia, Inc",10,0.7,14.3,37.94,59.99,49.96,37,M&M 5 Cases Receive 1 Case Blanco NC,3,9,Bloomington:1;Ramsey:2;Cottage Grove:3;St. Louis Park:4
Effen Vodka 750ml,Vodka,Southern Glazer's Wine & Spirits of MN,20,0.7,29.9,13.8,25.99,21.96,47,,3,8,Bloomington:1;Minnetonka:1;Woodbury:1;Osseo:2;Roseville:2;Cottage Grove:3;Blaine:5;Minneapolis:5
El Mayor Blanco Tequila 750ml,Agave,Southern Glazer's Wine & Spirits of MN,10,0.7,14.3,19.55,30.49,25.96,36,,3,9,Blaine:1;Roseville:3;St. Louis Park:6
Cathead Vodka 750ml,Vodka,Phillips Wine & Spirits - St. Paul,35,0.7,53.6,12.26,14.99,12.86,18,Case 1,2,12,Chanhassen:1;Minnetonka:1;Rosemount:4;Stillwater:7;Blaine:10;Andover:12
High West Rendezvous Rye 750ml,Whisky/Whiskey,Southern Glazer's Wine & Spirits of MN,55,0.7,75.2,42.13,71.99,59.96,41,,3,10,Roseville:1;Andover:4;Blaine:4;Cottage Grove:4;Osseo:4;Rosemount:4;Vadnais Heights:4;Plymouth:6;Chanhassen:24
Tuaca 750ml,Cordials,"Breakthru Beverage Minnesota Wine & Spirits, LLC",22,0.7,32.1,16.57,26.99,22.96,39,,2,13,Chanhassen:1;Blaine:2;Vadnais Heights:2;St. Louis Park:3;Minneapolis:5;Minnetonka:9
High West Bourye 750ml,Bourbon,Southern Glazer's Wine & Spirits of MN,44,0.7,65.8,83.47,132.99,110.96,37,Allocation,3,8,Andover:1;Cottage Grove:1;Minnetonka:2;Plymouth:2;Stillwater:2;Vadnais Heights:2;Woodbury:3;Rosemount:5;Roseville:5;St. Louis Park:10;Blaine:11
Truly Strawberry Lemon Vodka 50ml,Vodka,Southern Glazer's Wine & Spirits of MN,13,0.7,19.9,0.75,1.49,1.24,50,,2,12,Stillwater:1;Chanhassen:2;Minnetonka:10
Three Fingers High Whiskey 750ml,Whisky/Whiskey,"New France Wine Co, Inc",0,0.7,0.0,36.42,47.99,39.95,24,Rewards sale pricing,4,5,
Merrys Irish Cream 750ml,Cordials,Johnson Brothers - St. Paul,8,0.7,11.7,10.91,27.99,23.96,61,1 free on 5 mix and match sizes.  750 original free goods,4,4,Blaine:8
Blue Chair Bay Lime Rum 750ml,Rum,"Breakthru Beverage Minnesota Wine & Spirits, LLC",15,0.7,22.4,13.5,23.99,19.96,44,,3,8,Minneapolis:15
Mi Campo Spicy Margarita 375ml,Pre-Mix,Southern Glazer's Wine & Spirits of MN,78,0.7,111.4,6.07,14.99,12.96,60,,3,9,Chanhassen:1;Roseville:1;Minnetonka:2;Cottage Grove:4;Rosemount:6;Plymouth:7;Blaine:9;Stillwater:48
Per Se Paloma 4pk 8oz can,Pre-Mix,Am Craft Spirits,14,0.7,21.4,7.65,12.49,10.96,39,1 on 7 M&M accumulating monthly,2,12,Blaine:1;Rosemount:1;St. Louis Park:3;Ramsey:4;Bloomington:5
High Noon Lime Tequila Tall Boy 24oz can,Pre-Mix,Johnson Brothers - St. Paul,15,0.7,23.0,4.59,7.99,6.96,43,,2,12,Minnetonka:3;Minneapolis:12
Herradura Silver Tequila Liter,Agave,Johnson Brothers - St. Paul,24,0.7,36.7,38.15,57.99,47.96,34,,2,12,Osseo:1;Plymouth:1;Rosemount:1;Stillwater:1;Vadnais Heights:1;Ramsey:2;Roseville:4;St. Louis Park:4;Blaine:4;Minneapolis:5
Nikka Yoichi Single Malt Whisky 750ml,Whisky/Whiskey,Bellboy Corporation,11,0.7,14.7,55.8,86.99,72.96,36,,4,6,Blaine:1;Cottage Grove:1;Bloomington:2;Rosemount:2;St. Louis Park:2;Roseville:3
Sauza Hornitos Reposado Tequila Liter,Agave,Southern Glazer's Wine & Spirits of MN,18,0.7,25.7,21.06,34.74,14.98,39,,1,18,Bloomington:8;Cottage Grove:10
Kilo Kai Spiced Rum 700ml,Rum,"Breakthru Beverage Minnesota Wine & Spirits, LLC",6,0.7,8.8,23.44,21.99,,-7,,4,4,Osseo:6
GlenDronach 12 yr Scotch 750ml,Whisky/Whiskey,Johnson Brothers - St. Paul,4,0.7,5.7,50.43,61.99,,19,,3,9,Bloomington:2;St. Louis Park:2
Yellowstone Select 93 750ml,Whisky/Whiskey,Southern Glazer's Wine & Spirits of MN,19,0.7,26.0,35.74,35.49,29.96,-1,Case 1,3,10,Blaine:1;St. Louis Park:2;Andover:5;Cottage Grove:11
Ketel One Cosmopolitan 750ml,Pre-Mix,Phillips Wine & Spirits - St. Paul,33,0.7,47.1,17.4,26.99,22.96,36,Case 1,1,18,Roseville:4;Blaine:6;St. Louis Park:6;Stillwater:6;Woodbury:11
Gallo Dry Vermouth 750ml,Vermouth,Johnson Brothers - St. Paul,27,0.7,36.9,5.42,8.99,7.96,40,,3,10,Chanhassen:3;Plymouth:5;Osseo:8;Minnetonka:11
Skaalvenn Small Batch Vodka 750ml,Vodka,"Vinocopia, Inc",6,0.7,8.6,16.0,25.99,21.96,38,Net Down Pricing,3,9,Blaine:2;St. Louis Park:4
Arrow Creme de Cacao Dark Schnapps Liter,Cordials,"Vinocopia, Inc",17,0.7,22.8,6.32,9.99,8.96,37,,2,15,Rosemount:1;Roseville:1;Blaine:4;Woodbury:4;St. Louis Park:7
Pinhook (Orange) Kentucky Straight Bourbon 2024,Whisky/Whiskey,The Wine Company,4,0.7,5.5,24.97,41.99,34.96,41,,3,10,Bloomington:2;Roseville:2
Luxardo Espresso Coffee Liqueur 750ml,Cordials,Southern Glazer's Wine & Spirits of MN,0,0.7,0.0,9.65,34.99,29.96,72,,4,6,
Jack Daniels Tennessee Honey 200ml,Whisky/Whiskey,Johnson Brothers - St. Paul,122,0.7,163.4,5.52,11.49,9.96,52,,2,15,St. Louis Park:16;Andover:31;Blaine:37;Minneapolis:38
Four Roses Small Batch Select Bourbon 375ml,Whisky/Whiskey,Johnson Brothers - St. Paul,31,0.7,46.3,20.34,32.99,27.96,38,netted down case price,3,8,Blaine:6;Roseville:6;St. Louis Park:9;Woodbury:10
De Soi Haute Margarita Sparkling Apertif N/A 4pk 8oz can,Pre-Mix,Southern Glazer's Wine & Spirits of MN,21,0.7,29.3,10.88,16.99,13.96,36,,2,14,Andover:1;Vadnais Heights:2;Minneapolis:3;Rosemount:3;Minnetonka:4;Stillwater:4;Woodbury:4
Knob Creek Cask Strength Top Ten Single Barrel 750ml,Bourbon,Southern Glazer's Wine & Spirits of MN,28,0.7,40.0,48.58,78.99,65.96,38,,3,9,Andover:1;Minneapolis:2;Plymouth:2;Stillwater:2;Minnetonka:5;Cottage Grove:7;Blaine:9
Fleischmanns Gin 1.75L,Gin,Southern Glazer's Wine & Spirits of MN,3,0.7,4.2,13.63,17.99,,24,,4,5,Woodbury:3
Lazzaroni Limoncello 750ml,Cordials,Bellboy Corporation,2,0.7,2.9,20.17,30.49,25.96,34,,4,4,Rosemount:2
Don Julio Blanco Tequila 1.75L,Agave,Bellboy Corporation,5,0.7,7.1,62.0,94.99,79.96,35,Buy 4cs get 1cs free across chain same week,3,9,St. Louis Park:1;Cottage Grove:2;Roseville:2
99 Apples 750ml,Schnapps,Southern Glazer's Wine & Spirits of MN,8,0.7,11.7,10.05,16.99,14.96,41,,4,4,Minneapolis:8
Glenlivet New Manhattan 375ml,Pre-Mix,Southern Glazer's Wine & Spirits of MN,22,0.7,32.1,10.12,17.49,14.96,42,,2,13,St. Louis Park:3;Rosemount:5;Andover:7;Blaine:7
Woody Creek Colorado Straight Bourbon Whiskey 750ml,Whisky/Whiskey,"Maverick Beverage Co., LLC - MN",8,0.7,11.7,23.45,36.99,30.96,37,1 on 10 m/m week solid,4,4,Osseo:3;Bloomington:5
99 Bananas 200ml,Schnapps,Southern Glazer's Wine & Spirits of MN,35,0.7,53.6,2.85,6.49,5.96,56,,2,12,St. Louis Park:12;Blaine:23
Dampfwerk Aged Apple Brandy 375ml,Brandy,The Wine Company,24,0.7,36.7,23.29,31.99,,27,,2,12,Andover:1;Osseo:1;Roseville:1;Chanhassen:3;Blaine:5;St. Louis Park:13
Brother Justus Single Malt American Whiskey 750ml,Whisky/Whiskey,"Breakthru Beverage Minnesota Wine & Spirits, LLC",0,0.6,0.0,45.18,69.99,57.96,35,3cs purchase in a month,3,5,
Wheel Horse Rum Finished Double Mash 750ml,Whisky/Whiskey,Bellboy Corporation,25,0.6,40.2,22.83,39.99,33.96,43,Limited Release Allocation,2,11,Vadnais Heights:4;Bloomington:5;St. Louis Park:5;Blaine:11
Uncle Nearest Whiskey 1884 Small Batch 750ml,Whisky/Whiskey,"Breakthru Beverage Minnesota Wine & Spirits, LLC",0,0.6,0.0,37.69,53.99,44.96,30,3 case deal on one invoice,3,6,
Woody Creek Bourbon Minnesota Wild 750ml,Whisky/Whiskey,"Maverick Beverage Co., LLC - MN",42,0.6,69.2,23.45,36.99,30.96,37,1 on 10 m/m week solid,1,15,Andover:1;Chanhassen:1;Stillwater:1;Minnetonka:5;Plymouth:5;St. Louis Park:13;Bloomington:16
E&J VSOP Brandy 200ml,Brandy,Johnson Brothers - St. Paul,60,0.6,101.5,4.05,7.99,,49,,2,10,Rosemount:4;Plymouth:13;Vadnais Heights:13;Cottage Grove:15;Woodbury:15
New Riff Straight Bourbon 50ml,Whisky/Whiskey,Johnson Brothers - St. Paul,246,0.6,416.2,3.54,4.99,,29,Case 1 Pricing,2,10,Andover:3;St. Louis Park:38;Rosemount:60;Cottage Grove:145
Smoke Wagon Whiskey Desert Colt Bourbon 750ml,Whisky/Whiskey,Southern Glazer's Wine & Spirits of MN,2,0.6,3.5,30.07,48.99,40.96,39,,3,5,Andover:2
Smoke Wagon Whiskey Small Batch Bourbon 750ml,Whisky/Whiskey,Southern Glazer's Wine & Spirits of MN,11,0.6,17.2,42.13,65.99,54.96,36,,3,7,St. Louis Park:5;Blaine:6
Bulleit Bourbon 10 Yr 750ml,Whisky/Whiskey,Phillips Wine & Spirits - St. Paul,25,0.6,39.2,33.75,53.99,44.96,37,Case 1,3,7,Minnetonka:3;Andover:5;Blaine:6;Bloomington:11
DOM Benedictine 750ml,Cordials,Southern Glazer's Wine & Spirits of MN,9,0.6,14.8,24.36,38.99,31.96,38,,3,6,Minnetonka:3;Blaine:6
Bacardi 8 Rum 750ml,Rum,Southern Glazer's Wine & Spirits of MN,13,0.6,22.6,19.35,30.49,25.96,37,,1,14,Blaine:2;Chanhassen:2;St. Louis Park:4;Bloomington:5
Redemption High Rye Bourbon 750ml,Whisky/Whiskey,Phillips Wine & Spirits - St. Paul,22,0.6,39.3,15.45,29.99,25.96,48,1 free Bourbon on 6cs asst,2,9,Blaine:2;Bloomington:2;Chanhassen:4;St. Louis Park:14
Lecarre VS French Brandy 750ml,Brandy,"New France Wine Co, Inc",7,0.6,12.2,22.88,37.99,31.96,40,,3,5,Roseville:7
Four Roses Small Batch Bourbon 375ml,Whisky/Whiskey,Johnson Brothers - St. Paul,3,0.6,5.2,12.59,20.99,17.96,40,netted down case price,3,5,Woodbury:3
Blue Chair Bay Banana Cream 750ml,Cordials,"Breakthru Beverage Minnesota Wine & Spirits, LLC",26,0.6,46.4,14.35,23.99,19.96,40,5cs purchase in a month,2,9,Chanhassen:2;Blaine:3;Plymouth:4;St. Louis Park:7;Bloomington:10
Midwest Gin Liter,Gin,"Vinocopia, Inc",14,0.6,23.1,19.08,23.99,19.96,20,Case 1,3,6,Osseo:2;Woodbury:2;Minnetonka:10
Aberfeldy 12 Yr Scotch 750ml,Whisky/Whiskey,Southern Glazer's Wine & Spirits of MN,29,0.6,47.8,33.18,52.99,43.96,37,,3,6,St. Louis Park:1;Blaine:4;Osseo:5;Cottage Grove:8;Minnetonka:11
Michter's American Small Batch 750ml,Whisky/Whiskey,Phillips Wine & Spirits - St. Paul,1,0.6,1.8,35.17,51.99,42.96,32,Case 1,2,9,Stillwater:1
Truly Strawberry Lemon Vodka 375ml,Vodka,Southern Glazer's Wine & Spirits of MN,82,0.6,146.4,6.77,9.99,6.86,32,,2,9,Blaine:1;Plymouth:1;Woodbury:2;Rosemount:6;Cottage Grove:9;Vadnais Heights:9;Andover:10;Chanhassen:12;Osseo:14;Ramsey:18
Ole Smoky Moonshine Pickles 750ml,Whisky/Whiskey,Southern Glazer's Wine & Spirits of MN,14,0.6,25.0,16.94,26.99,22.96,37,,2,9,Andover:1;Rosemount:1;Blaine:3;Cottage Grove:3;Ramsey:3;Vadnais Heights:3
Hussong's Reposado 750ml,Agave,Southern Glazer's Wine & Spirits of MN,18,0.6,29.7,33.13,53.99,44.96,39,,1,15,Osseo:1;Stillwater:1;Minnetonka:3;St. Louis Park:5;Roseville:8
Codigo 1530 Tequila Blanco 750ml,Agave,Southern Glazer's Wine & Spirits of MN,5,0.6,8.5,33.88,47.99,39.96,29,M&M 5 Cases Receive 1 Case Blanco NC,2,10,St. Louis Park:5
Citadelle Gin Rouge 700ml,Gin,Bellboy Corporation,10,0.6,17.9,20.29,33.49,27.96,39,1 on 6 accumulated monthly,2,9,St. Louis Park:2;Blaine:4;Roseville:4
Drink Wisconsinbly Brandy Old Fashined RTD 12oz 4pk Cans,,"Vinocopia, Inc",5,0.6,8.5,11.5,18.99,15.96,39,Net Down Pricing,2,10,Woodbury:2;Stillwater:3
Blue Chair Bay Coconut Rum 750ml,Rum,"Breakthru Beverage Minnesota Wine & Spirits, LLC",131,0.6,205.4,14.35,23.99,19.96,40,5cs purchase in a month,3,7,Osseo:1;Blaine:9;St. Louis Park:13;Roseville:42;Minnetonka:66
Phillips Apricot Brandy Liter,Brandy,Phillips Wine & Spirits - St. Paul,23,0.6,37.9,10.62,17.49,14.96,39,1 Free Blackberry Liter on 8 cs asst Cordials,3,6,St. Louis Park:2;Rosemount:3;Vadnais Heights:3;Minnetonka:4;Stillwater:4;Chanhassen:7
Michter's Sour Mash 750ml,Whisky/Whiskey,Phillips Wine & Spirits - St. Paul,6,0.6,10.4,33.5,51.99,42.96,36,Case 1,3,5,Stillwater:1;Blaine:1;Minnetonka:2;Ramsey:2
44 North Mountain Huckleberry 750ml,Vodka,"Vinocopia, Inc",18,0.6,31.3,20.42,33.49,27.96,39,Net Down Case 1 Pricing,3,5,St. Louis Park:3;Blaine:7;Minnetonka:8
Drumshanbo Sardinian Citrus Gin 750ml,Gin,"Vinocopia, Inc",13,0.6,20.4,31.08,47.99,39.96,35,Net Down Pricing,3,7,Rosemount:1;Roseville:3;Blaine:4;Bloomington:5
Larceny Barrel Proof  750ml,Whisky/Whiskey,Bellboy Corporation,19,0.6,31.3,48.5,77.99,64.96,38,,3,6,Plymouth:1;Andover:2;Ramsey:2;Rosemount:2;Cottage Grove:3;St. Louis Park:3;Stillwater:3;Chanhassen:3
Carpano Antica Formula 750ml,Vermouth,"Breakthru Beverage Minnesota Wine & Spirits, LLC",10,0.6,17.4,27.98,41.99,34.96,33,,3,5,Bloomington:2;Ramsey:2;St. Louis Park:6
Arette Tequila Blanco 700ml,Agave,"Maverick Beverage Co., LLC - MN",23,0.6,38.9,21.8,35.49,29.96,39,,2,10,Blaine:2;Bloomington:2;St. Louis Park:6;Minnetonka:13
Kahlua Dunkin' Caramel Swirl 750ml,Cordials,Southern Glazer's Wine & Spirits of MN,74,0.6,116.0,19.93,29.99,24.96,34,,3,7,Andover:10;Minneapolis:10;Woodbury:10;Blaine:11;Roseville:11;St. Louis Park:11;Vadnais Heights:11
Dashfire Elderflower Martinez 100ml,Pre-Mix,"Vinocopia, Inc",19,0.6,29.8,3.56,6.49,5.96,45,Net Down Pricing,3,7,Ramsey:2;Chanhassen:5;Osseo:6;Vadnais Heights:6
Proper Twelve Irish Whiskey 1.75L,Whisky/Whiskey,Johnson Brothers - St. Paul,6,0.6,10.2,29.73,47.99,39.96,38,Buy 10cs get 1cs 1.75 free,2,10,Stillwater:1;Blaine:5
Ancient Age Bourbon Liter,Whisky/Whiskey,"Breakthru Beverage Minnesota Wine & Spirits, LLC",4,0.6,6.8,11.58,15.99,,28,,2,10,Bloomington:2;Minnetonka:2
Prohibition Grenadine 16 oz,Mixes,Am Craft Spirits,29,0.6,46.6,4.25,6.99,,39,,2,11,St. Louis Park:9;Blaine:10;Bloomington:10
Lillet Rose 750ml,Cordials,Southern Glazer's Wine & Spirits of MN,4,0.6,6.6,14.77,23.99,19.96,38,,3,6,Andover:1;St. Louis Park:3
Buzzballz Snowglobe 1.75L,Pre-Mix,Phillips Wine & Spirits - St. Paul,8,0.6,12.5,11.74,20.99,17.96,44,Case 1,3,7,Minneapolis:2;Roseville:2;Woodbury:4
TCRL Australia 750ml,Rum,Libation Project,16,0.6,27.8,44.5,58.99,48.95,25,Case 1,3,5,Roseville:2;St. Louis Park:3;Chanhassen:4;Blaine:7
Tanqueray Negroni 750ml,Pre-Mix,Phillips Wine & Spirits - St. Paul,29,0.6,49.1,17.4,25.99,21.96,33,Case 1,2,10,Chanhassen:1;Minneapolis:3;St. Louis Park:3;Bloomington:10;Blaine:12
Lucky Ones Sweet Tea Vodka Peach 4pk 12oz can,Pre-Mix,Johnson Brothers - St. Paul,18,0.6,29.7,8.02,12.99,10.96,38,Deep Net,3,6,Minneapolis:18
Korbel XS Brandy 1.75L,Brandy,Southern Glazer's Wine & Spirits of MN,10,0.6,16.5,18.38,31.99,26.96,43,,3,6,Blaine:1;Rosemount:1;Minneapolis:2;Minnetonka:3;Andover:3
Green River Wheated Bourbon 750ml,Whisky/Whiskey,"Breakthru Beverage Minnesota Wine & Spirits, LLC",12,0.6,19.8,21.94,31.99,26.96,31,5cs purchase in a month,3,6,Cottage Grove:3;Blaine:3;St. Louis Park:6
Don Julio 1942 Anejo Tequila 1.75L,Agave,Phillips Wine & Spirits - St. Paul,6,0.6,9.4,260.25,359.99,299.96,28,Case 1,3,7,Blaine:1;Osseo:1;Rosemount:2;Roseville:2
Tattersall Corpse Reviver 100ml,Pre-Mix,Phillips Wine & Spirits - St. Paul,58,0.6,90.9,3.68,5.99,,39,Case 1,3,7,Cottage Grove:12;Rosemount:15;Stillwater:15;Roseville:16
Absolut Vodka Colors Liter,Vodka,Southern Glazer's Wine & Spirits of MN,51,0.6,80.0,16.52,24.99,21.96,34,,1,16,Ramsey:1;Blaine:2;St. Louis Park:2;Minnetonka:5;Rosemount:5;Andover:7;Vadnais Heights:7;Plymouth:9;Chanhassen:13
Austin Cocktails Orange Margarita 4pk 8oz can,Pre-Mix,Southern Glazer's Wine & Spirits of MN,0,0.6,0.0,8.8,14.99,12.96,41,,3,6,
Zing Zang RTD Mango Margarita 4pk 12oz can,Pre-Mix,Phillips Wine & Spirits - St. Paul,0,0.5,0.0,9.33,14.99,12.96,38,1 BMM 1.75 free on 10 mix & match,3,3,
Woodford Reserve Barrel Strength Rye 700ml,Whisky/Whiskey,Johnson Brothers - St. Paul,11,0.5,22.1,98.6,129.99,,24,,2,7,Chanhassen:1;Osseo:1;Ramsey:1;Rosemount:1;Roseville:1;St. Louis Park:1;Vadnais Heights:2;Andover:3
Phillips Hot 100 Cinnamon Traveler,Schnapps,Phillips Wine & Spirits - St. Paul,28,0.5,56.2,10.48,17.49,14.96,40,1 free Pep 60 Liter on 8 cs,2,7,Rosemount:5;Chanhassen:6;Vadnais Heights:8;Osseo:9
Far North Alander White Rum 750ml,Rum,The Wine Company,9,0.5,17.0,19.75,28.99,,32,,2,8,Plymouth:1;Chanhassen:2;Ramsey:2;Osseo:4
Lyre's Sparkling Classico 4pk 8oz can,Pre-Mix,"Breakthru Beverage Minnesota Wine & Spirits, LLC",30,0.5,66.5,9.22,18.99,15.96,51,,1,10,Vadnais Heights:1;Minneapolis:6;Cottage Grove:7;Minnetonka:7;Stillwater:9
Luxardo Maraschino 750ml,Cordials,Bellboy Corporation,56,0.5,102.9,29.33,46.99,39.96,38,No Current Deals,1,13,Ramsey:4;St. Louis Park:4;Andover:5;Vadnais Heights:5;Cottage Grove:6;Woodbury:6;Minneapolis:7;Minnetonka:7;Chanhassen:12
Chambord Liqueur Royale 375ml,Cordials,Johnson Brothers - St. Paul,24,0.5,45.4,14.64,21.99,,33,,2,8,Roseville:2;Plymouth:5;Andover:7;Blaine:10
Paul Sutton Straight Bourbon 750ml,Whisky/Whiskey,"Vinocopia, Inc",22,0.5,44.2,48.33,80.99,67.96,40,Net Down Pricing,2,7,Rosemount:1;Stillwater:1;Osseo:2;Blaine:3;Chanhassen:3;Roseville:3;St. Louis Park:4;Bloomington:5
McQueen & The Violet Fog Ultraviolet 750ml,Gin,Southern Glazer's Wine & Spirits of MN,8,0.5,18.0,26.08,42.99,35.96,39,Case 1,0,16,Blaine:4;Minnetonka:4
McQueen & The Violet Fog Gin 750ml,Gin,Southern Glazer's Wine & Spirits of MN,18,0.5,39.9,26.08,42.99,35.96,39,Case 1,1,10,Chanhassen:1;Cottage Grove:1;Minneapolis:1;Woodbury:2;Andover:3;Minnetonka:3;Vadnais Heights:3;Blaine:4
Blackheart Spiced Rum 750ml,Rum,Southern Glazer's Wine & Spirits of MN,10,0.5,21.4,9.01,15.99,,44,,2,6,Blaine:10
Pathfinder RTD Negroni N/A 4pk 200ml can,Pre-Mix,Johnson Brothers - St. Paul,27,0.5,57.9,8.68,18.99,15.96,54,,2,6,Minneapolis:2;Stillwater:2;Vadnais Heights:2;Andover:3;Chanhassen:3;Cottage Grove:3;Minnetonka:5;Blaine:7
Merrys Irish Cream Liter,Cordials,Johnson Brothers - St. Paul,9,0.5,19.3,13.5,27.99,23.96,52,1 free on 5 mix and match sizes.  750 original free goods,2,6,Minneapolis:9
Evan Williams Fire 750ml,Whisky/Whiskey,Southern Glazer's Wine & Spirits of MN,56,0.5,109.1,9.59,17.49,14.96,45,,3,3,Osseo:2;Woodbury:8;Cottage Grove:46
Patron Tequila Cristalino Anejo 375ml,Agave,Southern Glazer's Wine & Spirits of MN,-1,0.5,-1.8,20.32,31.99,27.96,36,,3,4,
Maestro Dobel Silver 750ml,Agave,Johnson Brothers - St. Paul,37,0.5,74.3,22.92,41.99,37.96,45,Buy 3cs get 1cs Diamante Free,2,7,Chanhassen:1;Vadnais Heights:1;Minneapolis:2;Stillwater:3;Plymouth:4;Ramsey:4;Roseville:5;St. Louis Park:5;Blaine:6;Cottage Grove:6
Mi Campo Mango Mule 375ml,Pre-Mix,Southern Glazer's Wine & Spirits of MN,52,0.5,101.3,6.07,14.99,12.96,60,,1,12,Minnetonka:2;Roseville:2;Vadnais Heights:2;Blaine:3;Chanhassen:3;Minneapolis:6;St. Louis Park:6;Cottage Grove:8;Rosemount:9;Woodbury:11
Courvoisier VSOP Cognac 750ml,Brandy,Southern Glazer's Wine & Spirits of MN,15,0.5,32.1,27.81,45.99,37.95,40,,2,6,Ramsey:4;Andover:5;Plymouth:6
Midnight Moonshake Chocolate Brownie 750ml,Cordials,"Breakthru Beverage Minnesota Wine & Spirits, LLC",1,0.5,1.8,13.53,23.99,19.96,44,,3,4,Blaine:1
Old Parr 12yr Scotch 750ml,Whisky/Whiskey,Bellboy Corporation,20,0.5,42.9,20.92,33.99,28.96,38,,2,6,Blaine:20
Tippy Cow Shamrock Mint 750ml,Cordials,Johnson Brothers - St. Paul,0,0.5,0.0,15.18,22.99,,34,,1,12,
Casamigos Blanco 1.75L,Agave,Johnson Brothers - St. Paul,8,0.5,16.1,69.67,95.99,79.96,27,Case 1,2,7,Vadnais Heights:1;Minneapolis:3;St. Louis Park:4
Bombay Gin 750ml,Gin,Southern Glazer's Wine & Spirits of MN,2,0.5,3.7,12.45,19.99,,38,,3,4,Bloomington:2
Dr. McGillicuddy's Peach 750ml,Schnapps,"Breakthru Beverage Minnesota Wine & Spirits, LLC",9,0.5,17.5,9.75,16.99,14.96,43,,3,3,Minneapolis:9
Old Forester Mint Julep Liter,Pre-Mix,Johnson Brothers - St. Paul,59,0.5,126.4,23.09,42.99,35.96,46,Allocation,2,6,Roseville:9;Woodbury:9;Andover:10;Blaine:10;Vadnais Heights:10;St. Louis Park:11
Old Forester Statesman 750ml,Whisky/Whiskey,Johnson Brothers - St. Paul,20,0.5,40.2,36.88,57.99,47.96,36,,2,7,Minnetonka:1;St. Louis Park:1;Andover:2;Blaine:5;Bloomington:5;Roseville:6
Wiser's Deluxe Canadian Whisky 1.75L,Whisky/Whiskey,"Breakthru Beverage Minnesota Wine & Spirits, LLC",2,0.5,3.7,22.68,26.99,,16,5 case deal,1,13,Bloomington:2
El Mayor Anejo 750ml,Agave,"Vinocopia, Inc",2,0.5,4.3,23.73,41.99,34.96,43,,2,6,St. Louis Park:2
Calumet Farm 8 Year Bourbon 750ml,Whisky/Whiskey,"Breakthru Beverage Minnesota Wine & Spirits, LLC",3,0.5,5.8,36.18,56.99,47.96,37,Case 1,3,3,St. Louis Park:3
Leroux Polish Blackberry 375ml,Brandy,Bellboy Corporation,5,0.5,10.7,4.44,7.99,,44,,2,6,Andover:5
Liber & Co Demerara Syrup 375ml,,Am Craft Spirits,6,0.5,12.9,13.5,23.99,17.96,44,,2,6,Roseville:2;St. Louis Park:2;Woodbury:2
Lokal Blood Orange Vodka Liter,Vodka,"New France Wine Co, Inc",30,0.5,56.7,10.71,15.99,13.96,33,,2,8,Cottage Grove:3;Woodbury:3;Stillwater:11;Blaine:13
Don Q Coco Rum 1.75L,Rum,Johnson Brothers - St. Paul,9,0.5,19.3,17.63,22.49,18.95,22,1 free case on 10,2,6,Ramsey:1;Plymouth:2;Chanhassen:3;Osseo:3
Chi-Chi's Skinny Margarita 750ml,Pre-Mix,Southern Glazer's Wine & Spirits of MN,9,0.5,17.5,3.82,6.99,,45,,3,3,Bloomington:9
Springbank 10 Year Scotch 750ml,Whisky/Whiskey,"New France Wine Co, Inc",3,0.5,5.5,78.75,114.99,96.96,32,Allocated,3,4,Roseville:1;St. Louis Park:2
Dekuyper Peachtree Schnapps 375ml,Schnapps,Southern Glazer's Wine & Spirits of MN,12,0.5,22.7,4.35,7.99,,46,,2,8,Roseville:3;Andover:9
Dekuyper Orange Curacao 750ml,Cordials,Southern Glazer's Wine & Spirits of MN,14,0.5,25.7,13.55,13.79,11.96,2,,3,4,Plymouth:1;Blaine:6;Bloomington:7
Redwood Empire Emerald Giant Rye Whiskey 750ml,Whisky/Whiskey,Southern Glazer's Wine & Spirits of MN,9,0.5,19.3,27.88,47.99,39.96,42,,2,6,St. Louis Park:4;Blaine:5
Don Q Cristal Rum Liter,Rum,Johnson Brothers - St. Paul,24,0.5,45.4,10.54,17.49,14.96,40,1 on 6,2,8,Minnetonka:1;Chanhassen:6;Bloomington:7;Roseville:10
Leroux Coffee Brandy Liter,Brandy,Southern Glazer's Wine & Spirits of MN,4,0.5,7.8,9.83,11.99,10.86,18,,3,3,Ramsey:4
Leroux Ginger Brandy Liter,Brandy,"Breakthru Beverage Minnesota Wine & Spirits, LLC",2,0.5,3.7,10.04,13.79,11.95,27,,3,4,Cottage Grove:2
Lazzaroni Amaretto 750ml,Cordials,Bellboy Corporation,0,0.5,0.0,20.17,30.49,25.96,34,,2,6,
BuzzBallz Melon Soccerballz Biggie 1.75L,Pre-Mix,Phillips Wine & Spirits - St. Paul,2,0.5,4.1,15.0,20.99,17.96,29,,1,11,Rosemount:2
Jack Daniels Fire 200ml,Whisky/Whiskey,Johnson Brothers - St. Paul,79,0.5,145.1,5.52,10.49,4.48,47,,3,4,Osseo:36;Minneapolis:43
Tanqueray No. Ten Gin 750ml,Gin,Johnson Brothers - St. Paul,40,0.5,88.7,21.34,33.49,27.96,36,Case 1,1,10,Bloomington:7;Blaine:10;Andover:11;Rosemount:12
Arette Tequila Reposado 700ml,Agave,"Maverick Beverage Co., LLC - MN",2,0.5,3.9,23.46,37.99,31.96,38,,1,12,Bloomington:1;St. Louis Park:1
Springbank 5 Year Single Malt 700ml,Whisky/Whiskey,"New France Wine Co, Inc",0,0.5,0.0,62.42,99.99,82.96,38,Allocated,3,3,
Bubbas Secret Still Burnt Sugar Whiskey 750ml,Cordials,Bellboy Corporation,10,0.5,21.4,17.5,25.99,21.96,33,,2,6,Woodbury:1;Andover:2;Blaine:3;Bloomington:4
Rum Chata Peppermint Bark 750ml,Cordials,Johnson Brothers - St. Paul,124,0.5,241.6,16.22,27.99,22.96,42,DEEP NET.  SOND deep net,3,3,Ramsey:6;Stillwater:6;Osseo:7;Andover:11;Chanhassen:11;Minneapolis:11;Cottage Grove:12;Plymouth:12;Rosemount:12;Woodbury:12;St. Louis Park:24
Brovo Orange Curacao 750ml,Cordials,"Grape Beginnings, Inc.",13,0.5,26.1,20.16,33.49,27.96,40,,2,7,Cottage Grove:1;Stillwater:3;St. Louis Park:3;Osseo:6
De Soi N/A Sparkling Apertif Variety Pack 6pk 8oz can,Pre-Mix,Southern Glazer's Wine & Spirits of MN,11,0.5,20.8,16.32,23.99,19.96,32,,2,8,Chanhassen:1;Cottage Grove:1;Minneapolis:1;Minnetonka:2;Woodbury:2;Blaine:4
Dapper Barons Ammaretto Sour Zero Sugar 750ml,Cordials,"Maverick Beverage Co., LLC - MN",4,0.5,8.0,20.25,26.99,,25,,2,7,Minnetonka:4
Dashfire Bourbon Cold Brew 200ml,Pre-Mix,,9,0.5,16.5,4.0,5.99,,33,,3,4,Blaine:9
Sheep Dog Peanut Butter Whiskey 750ml,Whisky/Whiskey,"Breakthru Beverage Minnesota Wine & Spirits, LLC",5,0.5,10.0,12.85,16.99,,24,,2,7,Blaine:5
Deep Eddy Cranberry Liter,Vodka,Southern Glazer's Wine & Spirits of MN,22,0.5,48.8,14.52,23.99,19.96,39,,1,10,Andover:1;Bloomington:4;Minnetonka:5;Blaine:12
Dekuyper C D Cocoa White 750ml,Cordials,Southern Glazer's Wine & Spirits of MN,73,0.5,134.1,7.98,13.79,11.96,42,,3,4,Minnetonka:7;Plymouth:9;Chanhassen:10;Rosemount:11;Blaine:12;St. Louis Park:12;Stillwater:12
Glenfiddich 15 Yr Solera 750ml,Whisky/Whiskey,"Breakthru Beverage Minnesota Wine & Spirits, LLC",74,0.5,148.7,54.85,80.99,68.96,32,10cs – Balvenie 12/14 & Glen 12/14/15,2,7,St. Louis Park:1;Bloomington:5;Blaine:68
Keeper's Heart Cask Strength Bourbon 700ml,Whisky/Whiskey,Phillips Wine & Spirits - St. Paul,11,0.5,22.1,34.85,53.99,44.96,35,,2,7,Andover:1;St. Louis Park:2;Blaine:4;Bloomington:4
Spiritless Kentucky 74 700ml,Whisky/Whiskey,Johnson Brothers - St. Paul,26,0.5,55.7,22.06,33.49,27.96,34,Case 1 Pricing,0,15,Andover:1;Woodbury:3;Rosemount:4;Blaine:6;Minnetonka:12
Southern Comfort 100pf 50ml,Whisky/Whiskey,"Breakthru Beverage Minnesota Wine & Spirits, LLC",134,0.5,287.1,0.6,2.99,,80,"150cs 50ml purchase in a month (Buffalo Trace Cream, Canadian Mist, Dr Mcgil, Fireball, Goldschlager, Hartley Brandy, Margaritaville, Parrot Bay, Platinum 7x, R&R, Scoresby, Sheep Dog, SoCo, Taaka, Traveller, Wheately, Yukon Jack)",0,15,Andover:46;Cottage Grove:88
Dulce Vida Reposado 750ml,Agave,Phillips Wine & Spirits - St. Paul,49,0.5,98.4,27.9,39.99,29.96,30,Case 1,2,7,Bloomington:4;Plymouth:8;Stillwater:8;Roseville:12;Ramsey:17
Bird Dog Blackberry Whiskey 750ml,Whisky/Whiskey,"Breakthru Beverage Minnesota Wine & Spirits, LLC",13,0.5,25.3,13.68,21.99,18.96,38,5cs purchase in a month,3,3,Chanhassen:4;Minneapolis:9
Virginia Distilling American Single Malt Blue Ridge 750ml,Whisky/Whiskey,"Breakthru Beverage Minnesota Wine & Spirits, LLC",20,0.5,36.7,23.54,46.99,39.96,50,,3,4,Minnetonka:2;Plymouth:3;Blaine:5;St. Louis Park:5;Woodbury:5
Nikka Coffey Grain Whisky 750ml,Whisky/Whiskey,Bellboy Corporation,5,0.5,10.0,50.0,77.99,64.96,36,,2,7,Blaine:1;Bloomington:1;St. Louis Park:3
Cihuatan Indigo 8yr Rum 750ml,Rum,"New France Wine Co, Inc",1,0.5,1.8,19.21,31.99,26.96,40,,3,4,Bloomington:1
Hennessy XO Cognac 750ml,Brandy,Johnson Brothers - St. Paul,28,0.5,51.4,182.67,273.99,219.96,33,Case 1,3,4,Osseo:1;Ramsey:1;Vadnais Heights:1;Chanhassen:2;Plymouth:3;Andover:4;Cottage Grove:6;Minnetonka:10
Olmeca Altos Plata 1.75L,Agave,Southern Glazer's Wine & Spirits of MN,9,0.4,24.1,29.38,59.99,49.96,51,,0,12,Vadnais Heights:1;Osseo:3;Rosemount:5
Wyoming Whiskey Small Batch 750ml,Whisky/Whiskey,"Breakthru Beverage Minnesota Wine & Spirits, LLC",8,0.4,21.4,33.94,49.99,41.96,32,,2,3,Plymouth:1;Chanhassen:2;Blaine:5
George Dickel 8yr Bourbon 750ml,Whisky/Whiskey,Johnson Brothers - St. Paul,3,0.4,7.4,21.29,38.99,32.96,45,,2,4,St. Louis Park:1;Bloomington:2
Tempus Fugit Alessio Vino Chinato Vermth 375ml,Vermouth,Phillips Wine & Spirits - St. Paul,2,0.4,5.4,15.09,24.99,,40,Case 1,2,3,Chanhassen:2
Tippy Cow Chocolate 750ml,Cordials,Johnson Brothers - St. Paul,1,0.4,2.6,15.18,22.99,,34,,1,8,Blaine:1
Ole Smoky Cherries 750ml,Whisky/Whiskey,Southern Glazer's Wine & Spirits of MN,19,0.4,45.2,16.94,26.99,22.96,37,,1,9,Roseville:1;Andover:2;Blaine:5;Ramsey:5;Minnetonka:6
Valentine Mayor Pingree Orange Label Rye 750ml,Whisky/Whiskey,,3,0.4,8.0,32.98,43.74,36.45,25,,2,3,Stillwater:3
Ice Hole Butterscotch Traveler,Schnapps,Phillips Wine & Spirits - St. Paul,3,0.4,6.9,9.65,13.99,,31,Case 1,2,5,Minneapolis:3
Absolut Apeach Vodka Liter,Vodka,Southern Glazer's Wine & Spirits of MN,31,0.4,71.2,16.52,29.99,24.96,45,,2,5,Rosemount:3;Plymouth:3;Andover:11;Blaine:14
Crown Royal Vanilla 50ml,Whisky/Whiskey,Phillips Wine & Spirits - St. Paul,37,0.4,84.9,1.19,3.99,,70,1 on 15,2,5,Stillwater:37
Goslings Citrus Tonic Water,Mixes,"Vinocopia, Inc",3,0.4,6.9,5.17,8.99,7.96,42,Case 1,2,5,Woodbury:1;Plymouth:2
Goslings Tonic Water,Mixes,"Vinocopia, Inc",7,0.4,16.1,6.0,7.99,6.96,25,,2,5,Chanhassen:1;St. Louis Park:1;Vadnais Heights:1;Plymouth:2;Woodbury:2
Gozio Amaretto 750ml,Cordials,"Vinocopia, Inc",7,0.4,17.3,28.04,45.99,37.96,39,Net Down Case 1 Pricing,2,4,Minnetonka:1;Plymouth:1;Ramsey:1;Blaine:4
Bulleit Manhattan 375ml,Pre-Mix,Phillips Wine & Spirits - St. Paul,13,0.4,32.1,9.09,17.49,14.96,48,Case 1,2,4,Rosemount:2;Ramsey:4;Blaine:7
Glenmorangie 12yr 750ml,Whisky/Whiskey,Bellboy Corporation,2,0.4,5.4,31.83,49.99,42.96,36,case 1,2,3,Roseville:2
Pantalones Tequila Reposado 750ml,Agave,Southern Glazer's Wine & Spirits of MN,9,0.4,25.2,33.88,53.99,44.96,37,,1,7,Rosemount:1;Andover:2;St. Louis Park:6
Blue Chair Bay Spiced Rum 750ml,Rum,"Breakthru Beverage Minnesota Wine & Spirits, LLC",120,0.4,285.7,14.35,23.99,19.96,40,5cs purchase in a month,1,9,Blaine:60;Minneapolis:60
Dubliner Irish Whiskey 750ml,Whisky/Whiskey,Johnson Brothers - St. Paul,12,0.4,29.7,22.68,32.99,,31,Case 1,2,4,Rosemount:3;Chanhassen:9
Hamilton Demerara 86 Rum 750ml,Rum,"Tradition Wine & Spirits, LLC",11,0.4,30.7,18.0,21.99,19.96,18,,1,7,Bloomington:5;Roseville:6
Camarena Silver Tequila 750ml,Agave,Johnson Brothers - St. Paul,64,0.4,178.9,15.04,27.99,,46,,1,7,Plymouth:2;Rosemount:12;Stillwater:50
George Dickel 12yr Bottled-in-Bond 750ml,Whisky/Whiskey,Johnson Brothers - St. Paul,23,0.4,54.8,33.84,45.99,,26,Allocation,1,9,Cottage Grove:2;Stillwater:2;Vadnais Heights:2;Blaine:17
Dashfire Lemon & Lavender Martini 100ml,Pre-Mix,"Vinocopia, Inc",9,0.4,24.1,3.97,6.49,5.96,39,,2,3,Roseville:2;Chanhassen:3;Blaine:4
Jose Cuervo Auth Watermelon 1.75L,Pre-Mix,Johnson Brothers - St. Paul,5,0.4,11.5,10.0,18.99,14.96,47,1 free on 3,2,5,Bloomington:5
99 Pineapples 100ml,Schnapps,Southern Glazer's Wine & Spirits of MN,26,0.4,61.9,1.01,2.29,1.96,56,,1,9,Cottage Grove:2;Andover:24
Kentucky Owl Wiseman Rye 750ml,Whisky/Whiskey,Johnson Brothers - St. Paul,2,0.4,5.4,30.18,49.99,41.96,40,Case 1 Pricing,2,3,Andover:2
Kahlua Blonde Roast 750ml,Cordials,Southern Glazer's Wine & Spirits of MN,44,0.4,101.0,18.04,29.99,24.96,40,,2,5,Rosemount:3;Stillwater:4;Osseo:7;Roseville:8;Minnetonka:11;Woodbury:11
Monkey 47 Gin Liter,Gin,Bellboy Corporation,14,0.4,34.6,53.5,89.99,74.96,41,,2,4,Roseville:3;Minnetonka:4;St. Louis Park:7
Old Elk Wheated Bourbon 750ml,Whisky/Whiskey,Southern Glazer's Wine & Spirits of MN,5,0.4,13.4,54.8,83.99,69.96,35,,2,3,Ramsey:1;Andover:4
Old Grand Dad Bourbon,American Whiskey,Southern Glazer's Wine & Spirits of MN,9,0.4,24.1,11.69,20.99,,44,,2,3,Rosemount:1;Andover:3;St. Louis Park:5
El Nivel Anejo 750ml,Agave,"Vinocopia, Inc",14,0.4,39.1,56.28,89.99,74.96,37,M&M 5 Cases Receive 1 Case Blanco NC,1,7,Vadnais Heights:1;Blaine:2;Rosemount:2;Cottage Grove:4;St. Louis Park:5
Western Son Grapefruit Liter,Vodka,Johnson Brothers - St. Paul,13,0.4,31.0,9.93,15.99,13.46,38,Net Down Case Price,1,9,Roseville:1;Cottage Grove:3;Blaine:4;Vadnais Heights:5
45th Parallel Gin 750ml,Gin,"Vinocopia, Inc",16,0.4,39.6,32.25,47.99,39.96,33,Net Down Price,2,4,St. Louis Park:2;Blaine:3;Stillwater:5;Woodbury:6
45th Parallel Vodka 750ml,Vodka,"Vinocopia, Inc",6,0.4,15.4,27.17,35.49,29.96,23,Case 1,1,8,Blaine:1;Minnetonka:1;St. Louis Park:4
Windsor Canadian 8 yr 750ml,Whisky/Whiskey,Phillips Wine & Spirits - St. Paul,10,0.4,28.0,15.09,19.99,17.95,25,Case 1,1,7,Andover:1;Osseo:1;Chanhassen:8
Jackson Morgan Whipped Orange Cream 750ml,Cordials,Bellboy Corporation,4,0.4,9.2,16.98,25.99,21.96,35,1CS Free on M/M 750 & 50's 10CS -across chain monthly accum,2,5,Bloomington:1;Minneapolis:3
Camarena Anejo Tequila 750ml,Agave,Johnson Brothers - St. Paul,0,0.4,0.0,25.02,33.99,,26,,2,4,
Camarena Reposado Tequila 50ml,Agave,Johnson Brothers - St. Paul,64,0.4,171.4,2.02,3.99,,49,,0,12,Stillwater:64
Leroux Polish Blackberry Liter,Brandy,Phillips Wine & Spirits - St. Paul,20,0.4,51.4,10.65,15.99,13.96,33,Case 1,1,8,Bloomington:10;Ramsey:10
Bacardi Raspberry Rum Liter,Rum,Southern Glazer's Wine & Spirits of MN,13,0.4,29.8,12.01,20.99,17.96,43,,0,14,Stillwater:1;Blaine:12
Stolichnaya Orange Vodka Liter,Vodka,Johnson Brothers - St. Paul,1,0.4,2.8,18.75,23.99,,22,,1,7,Chanhassen:1
Jim Beam Bourbon Peach 1.75L,Whisky/Whiskey,Southern Glazer's Wine & Spirits of MN,44,0.4,108.8,25.12,35.49,29.96,29,,2,4,Ramsey:4;Woodbury:4;Osseo:6;Stillwater:6;Rosemount:7;Roseville:8;St. Louis Park:9
Captain Morgan Sliced Apple Liter,Rum,Phillips Wine & Spirits - St. Paul,17,0.4,45.5,13.11,21.99,,40,,2,3,Chanhassen:1;St. Louis Park:1;Ramsey:15
Phillips UV Cherry Vodka Liter,Vodka,Phillips Wine & Spirits - St. Paul,9,0.4,25.2,9.21,14.99,12.96,39,2 free Blue 1.75 on 25,1,7,Blaine:1;Ramsey:3;Bloomington:5
Phillips Vodka 100pf 375ml,Vodka,Phillips Wine & Spirits - St. Paul,60,0.4,167.7,10.25,11.49,9.96,11,Case 1,1,7,Cottage Grove:1;Ramsey:1;Woodbury:1;Chanhassen:3;Plymouth:3;Rosemount:5;Roseville:11;Vadnais Heights:17;Minnetonka:18
Tattersall Bootlegger Vodka 750ml,Vodka,Phillips Wine & Spirits - St. Paul,15,0.4,34.4,21.18,34.99,,39,Case 1,2,5,Minneapolis:2;Roseville:5;Ramsey:8
Tanqueray Gin 375ml,Gin,Johnson Brothers - St. Paul,28,0.4,72.0,10.92,18.99,15.96,42,Case 1,1,8,Cottage Grove:4;Woodbury:24
Jim Beam Rye 750ml,Whisky/Whiskey,Southern Glazer's Wine & Spirits of MN,32,0.4,79.1,12.56,22.99,,45,,2,4,Rosemount:1;Ramsey:31
Jim Beam Peach 750ml,Whisky/Whiskey,Southern Glazer's Wine & Spirits of MN,9,0.4,23.1,12.56,20.99,17.96,40,,1,8,Blaine:1;Ramsey:8
Jim Beam Black 7yr 375ML,Whisky/Whiskey,Southern Glazer's Wine & Spirits of MN,31,0.4,83.0,11.12,19.99,16.96,44,,0,12,Plymouth:5;Ramsey:5;Andover:21
Tattersall Cosmo Bianco 100ml,Pre-Mix,Phillips Wine & Spirits - St. Paul,100,0.4,238.1,3.68,5.99,4.86,39,Case 1,1,9,Minnetonka:3;Rosemount:3;Stillwater:5;Roseville:6;Blaine:8;St. Louis Park:8;Ramsey:17;Woodbury:50
Captain Morgan Chili Lime 750ml,Rum,Phillips Wine & Spirits - St. Paul,66,0.4,169.7,10.42,17.49,14.96,40,Case 1 Must hit 5 cs within month,1,8,Andover:4;Blaine:4;Vadnais Heights:5;Plymouth:8;Rosemount:10;Woodbury:10;Cottage Grove:11;Minneapolis:14
Luxardo Espresso Decaf Liqueur 750ml,Cordials,Southern Glazer's Wine & Spirits of MN,0,0.4,0.0,,34.96,29.96,,,2,3,
Phillips Rootbeer Schnapps Liter,Schnapps,Phillips Wine & Spirits - St. Paul,15,0.4,40.2,8.15,14.99,12.96,46,1 free Pep 60 Liter on 8 cs,2,3,Bloomington:4;Minneapolis:11
Mars Whisky Iwai 750ml,Whisky/Whiskey,The Wine Company,5,0.4,13.4,21.46,31.99,26.86,33,,2,3,Minnetonka:5
Dekuyper Buttershots 750ml,Schnapps,Southern Glazer's Wine & Spirits of MN,25,0.4,57.4,6.73,11.74,9.96,43,,2,5,Bloomington:2;St. Louis Park:5;Minnetonka:9;Plymouth:9
Sauza Hornitos Black Barrel 750ml,Agave,Southern Glazer's Wine & Spirits of MN,6,0.4,16.1,26.32,41.99,34.96,37,,2,3,Blaine:3;Chanhassen:3
Don Q Gold Rum Liter,Rum,Johnson Brothers - St. Paul,2,0.4,5.4,10.54,15.64,13.46,33,1 on 6,2,3,Bloomington:2
Deep Eddy Peach Liter,Vodka,Southern Glazer's Wine & Spirits of MN,13,0.4,31.0,14.52,23.99,19.96,39,,1,9,Andover:1;Bloomington:12
Maestro Dobel Reposado 750ml,Agave,Johnson Brothers - St. Paul,9,0.4,22.3,30.35,46.99,38.96,35,Buy 3cs get 1cs Diamante Free,2,4,St. Louis Park:1;Blaine:3;Bloomington:5
Maker's Mark Private Select 750ml,Whisky/Whiskey,Southern Glazer's Wine & Spirits of MN,72,0.4,165.3,52.63,86.99,69.96,39,42 - 6PKS,2,5,Andover:2;St. Louis Park:2;Roseville:7;Minneapolis:8;Plymouth:8;Stillwater:8;Chanhassen:11;Vadnais Heights:12;Osseo:14
Empress 1908 Elderflower Rose Gin 750ml,Gin,Phillips Wine & Spirits - St. Paul,2,0.4,4.9,26.35,42.99,35.96,39,Buy 10 cases  750 get 1 cs Campo Bravo 50 ml free,2,4,Rosemount:2
Mamitas Tequila Seltzer 4pk 12oz can/ D,,Discontinued,2,0.4,4.9,2.22,3.99,3.86,44,,2,4,St. Louis Park:2
Paul Sutton Bourbon Vikings LTD 750ml,Whisky/Whiskey,"Vinocopia, Inc",5,0.4,12.4,60.38,92.99,77.96,35,,2,4,Chanhassen:1;Minnetonka:1;Osseo:1;Minneapolis:2
Penelope Architect Bourbon 750ml,Whisky/Whiskey,Southern Glazer's Wine & Spirits of MN,8,0.4,21.4,45.13,71.99,59.96,37,,2,3,Stillwater:3;Blaine:5
Paladar Tequila Blanco 750ml,Agave,"New France Wine Co, Inc",1,0.4,2.3,39.42,63.99,52.96,38,,2,5,Minnetonka:1
Panther Distillery Minneapolis 14 7 year 750ml,,,1,0.4,2.7,24.84,33.99,,27,,2,3,Andover:1
Don Q Coco Rum Liter,Rum,Johnson Brothers - St. Paul,7,0.4,17.3,10.54,17.49,14.96,40,1 on 6,2,4,Roseville:3;Bloomington:4
Domaine De Canton 750ml,Cordials,Southern Glazer's Wine & Spirits of MN,10,0.4,26.8,32.19,26.99,22.96,-19,,2,3,St. Louis Park:1;Bloomington:2;Andover:3;Stillwater:4
Loonman Aquavit 750ml,Cordials,Bellboy Corporation,13,0.4,32.1,16.02,26.99,22.96,41,1 on 6 - Aquavit is free goods,2,4,Blaine:1;Stillwater:3;Roseville:4;Minnetonka:5
99 Peaches 100ml,Schnapps,Southern Glazer's Wine & Spirits of MN,47,0.4,107.9,1.01,2.29,1.96,56,,0,14,Cottage Grove:1;St. Louis Park:46
Grey Goose White Peach & Rosemary Vodka Liter,Vodka,Southern Glazer's Wine & Spirits of MN,26,0.4,61.9,21.13,31.99,26.96,34,,1,9,Chanhassen:1;Andover:4;Plymouth:6;Osseo:7;Ramsey:8
Grey Goose Classic Martini 750ml,Pre-Mix,Southern Glazer's Wine & Spirits of MN,15,0.4,37.1,24.38,38.99,32.96,37,,2,4,Roseville:2;Chanhassen:3;Rosemount:3;Plymouth:7
Laphroaig 10 Yr Sherry Cask Scotch 750ml,Whisky/Whiskey,Bellboy Corporation,8,0.4,21.4,66.0,107.99,89.96,39,,2,3,Andover:1;Roseville:2;St. Louis Park:2;Blaine:3
Remy Martin XO Cognac 750ml,Brandy,Bellboy Corporation,29,0.4,66.6,166.33,239.99,199.96,31,Case 1,2,5,Andover:2;Roseville:3;Ramsey:5;St. Louis Park:19
Mount Gay Refined Eclipse 750ml,Rum,Bellboy Corporation,12,0.4,29.7,18.5,23.99,,23,,2,4,Stillwater:3;Blaine:9
Becherovka 50ml,Cordials,Discontinued,21,0.4,51.9,6.34,2.99,,-112,,2,4,St. Louis Park:21
Virginia Distlling Courage and Conviction American Single Malt,Whisky/Whiskey,"Breakthru Beverage Minnesota Wine & Spirits, LLC",10,0.4,26.8,45.25,69.99,59.96,35,,2,3,Andover:2;Blaine:3;Bloomington:5
Capel Pisco 750ml,Cordials,Bellboy Corporation,3,0.4,8.0,13.25,18.99,16.96,30,,2,3,Andover:1;Chanhassen:2
Myers's Dark Rum Liter,Rum,Bellboy Corporation,19,0.4,47.0,15.1,24.99,,40,"3cs, one store",2,4,Bloomington:1;Cottage Grove:8;Blaine:10
Effen Black Cherry Vodka 750ml,Vodka,Southern Glazer's Wine & Spirits of MN,2,0.4,5.4,13.8,25.99,21.96,47,,2,3,Andover:1;Blaine:1
Angel's Envy Bottled In Bond Cask Strength 750ml,Bourbon,DNU - Created from invalid import,5,0.4,12.4,52.63,84.99,70.96,38,,2,4,Woodbury:5
Buzzballz Chli Mango 1.75L,Pre-mixed,Phillips Wine & Spirits - St. Paul,1,0.4,2.8,11.74,20.99,17.96,44,2cs of Vikings 187ml on 25cs,1,7,Andover:1
"Prairie Seasons Watermelon, Cuc, Lime 50ml",Vodka,Phillips Wine & Spirits - St. Paul,11,0.4,29.5,0.69,1.49,1.24,54,,0,12,Minnetonka:11
Don Q Gold Rum 1.75L,Rum,Johnson Brothers - St. Paul,2,0.4,5.4,17.63,24.99,,29,1 free case on 10,2,3,Blaine:2
Letherbee Vernal Gin 750ml,Gin,"Tradition Wine & Spirits, LLC",38,0.4,87.2,25.5,39.99,19.86,36,,2,5,Andover:1;Plymouth:7;Woodbury:12;Blaine:18
Raff Bummer & Lazarus Gin 750ml,Gin,Bellboy Corporation,4,0.4,10.7,18.5,34.99,,47,,2,3,Ramsey:1;Osseo:3
Kahlua RTD White Russian 1.75L,Pre-Mix,Southern Glazer's Wine & Spirits of MN,1,0.3,3.8,4.16,17.99,,77,,1,4,Bloomington:1
Sazerac Rye 6YR Whiskey 100pf Liter,Whisky/Whiskey,"Breakthru Beverage Minnesota Wine & Spirits, LLC",10,0.3,37.8,22.5,34.99,29.96,36,,1,4,St. Louis Park:5;Woodbury:5
Seagrams VO Gold Canadian 750ml,Whisky/Whiskey,"Breakthru Beverage Minnesota Wine & Spirits, LLC",4,0.3,15.1,0.1,17.99,,99,5cs Mix and match with VO,1,4,Bloomington:4
Select Club Pecan Praline 750ml,Whisky/Whiskey,Bellboy Corporation,4,0.3,12.2,16.92,19.99,,15,,1,6,Blaine:4
99 Pineapples 200ml,Schnapps,Southern Glazer's Wine & Spirits of MN,29,0.3,98.1,2.87,5.99,,52,,1,5,Andover:11;Cottage Grove:18
Tin Cup Whiskey 1.75L,Whisky/Whiskey,Johnson Brothers - St. Paul,12,0.3,40.6,33.49,59.99,49.96,44,Buy 11cs get 3cs 750ml Free,1,5,St. Louis Park:1;Chanhassen:5;Ramsey:6
Pantalones Tequila Anejo 750ml,Agave,Southern Glazer's Wine & Spirits of MN,1,0.3,3.1,37.63,59.99,49.96,37,,1,6,St. Louis Park:1
Pama Pomegranate Liqueur 750ml,Cordials,Southern Glazer's Wine & Spirits of MN,8,0.3,24.5,15.55,26.99,22.96,42,,1,6,Osseo:1;Minnetonka:2;Bloomington:5
Gosling's Black Seal 750ml,Rum,Bellboy Corporation,16,0.3,60.5,15.75,23.99,19.96,34,,1,4,Blaine:1;Bloomington:4;Plymouth:11
Spiritless Jalisco 55 Tequila 700ml,Agave,Johnson Brothers - St. Paul,10,0.3,29.2,22.06,35.99,,39,Case 1 Pricing,2,2,Cottage Grove:1;Minneapolis:1;Minnetonka:2;Osseo:2;Vadnais Heights:4
Southern Comfort Traveler,Whisky/Whiskey,"Breakthru Beverage Minnesota Wine & Spirits, LLC",8,0.3,24.5,9.97,14.99,12.96,33,15 case deal,1,6,Blaine:8
Bulleit Bourbon Mesquite Smoked Malt Bourbon 750ml,Whisky/Whiskey,Johnson Brothers - St. Paul,34,0.3,109.3,37.58,54.99,45.96,32,Case 1,0,10,Minnetonka:3;Cottage Grove:5;Blaine:6;Roseville:9;St. Louis Park:11
360 Double Chocolate Vodka Liter,Vodka,Southern Glazer's Wine & Spirits of MN,10,0.3,29.2,12.05,14.99,12.96,20,,2,2,Chanhassen:5;St. Louis Park:5
Absolut Juice Apple Liter,Vodka,Southern Glazer's Wine & Spirits of MN,50,0.3,189.1,10.89,24.99,21.96,56,,1,4,Rosemount:2;Vadnais Heights:2;Woodbury:5;Osseo:19;Chanhassen:22
Absolut Mango Vodka Liter,Vodka,Southern Glazer's Wine & Spirits of MN,9,0.3,34.0,16.52,24.99,21.96,34,,1,4,Andover:9
J. Carver Brickyard Bourbon 750ml,Whisky/Whiskey,The Wine Company,3,0.3,8.8,33.25,51.99,,36,,2,2,Woodbury:1;Minnetonka:2
Tumbler & Rocks Old Rashioned 375ml/ D,Accessories,Discontinued,0,0.3,0.0,8.79,12.99,,32,,1,4,
Ole Smoky Mountain Java Cream Liqueur 750ml,Cordials,Southern Glazer's Wine & Spirits of MN,4,0.3,13.5,16.94,26.99,22.96,37,,1,5,Andover:1;Blaine:1;Bloomington:2
400 Conejos Reposado 750ml,Agave,Johnson Brothers - St. Paul,12,0.3,45.4,28.85,47.99,39.96,40,Case One,1,4,Minneapolis:2;Rosemount:4;St. Louis Park:6
Cihuatan Cinabrio 12yr Rum 750ml,Rum,"New France Wine Co, Inc",1,0.3,2.9,27.92,39.99,35.96,30,,2,2,Bloomington:1
Dapper Baron's Old Fashioned 750ml,Pre-Mix,"Maverick Beverage Co., LLC - MN",1,0.3,3.6,20.25,26.99,,25,,0,9,Roseville:1
Dashfire Bourbon Old Fashioned 750ml,Pre-Mix,"Vinocopia, Inc",0,0.3,0.0,19.75,35.49,29.96,44,Net Down Pricing,0,11,
Du Nord Foundation Vodka 750ml,Vodka,Phillips Wine & Spirits - St. Paul,7,0.3,23.7,18.18,30.49,25.96,40,Case 1,1,5,Minneapolis:2;Bloomington:5
Blue Chair Bay Vanilla Rum 750ml,Rum,"Breakthru Beverage Minnesota Wine & Spirits, LLC",29,0.3,88.8,14.35,23.99,19.96,40,5cs purchase in a month,1,6,Ramsey:1;Rosemount:1;St. Louis Park:2;Osseo:5;Minnetonka:9;Bloomington:11
Canadian Club 18yr 750ml,Canadian Whisky,DNU - Created from invalid import,28,0.3,105.9,30.13,48.99,40.96,38,,1,4,Ramsey:3;Blaine:6;Andover:9;Woodbury:10
Teeling Whiskey Single Grain 750ml,Whisky/Whiskey,Southern Glazer's Wine & Spirits of MN,8,0.3,30.3,28.13,59.99,49.96,53,,1,4,Andover:1;Chanhassen:1;Ramsey:1;Osseo:5
Camarena Silver Tequila 375ml,Agave,Johnson Brothers - St. Paul,35,0.3,112.5,10.05,17.99,,44,,0,10,Ramsey:3;Stillwater:7;Cottage Grove:11;Rosemount:14
Hacienda De Chihuahua Sotol Plata 750ml,Agave,"Maverick Beverage Co., LLC - MN",3,0.3,8.8,31.25,45.99,37.96,32,,2,2,St. Louis Park:1;Blaine:2
99 Black Cherries 750ml,Schnapps,Southern Glazer's Wine & Spirits of MN,0,0.3,0.0,10.05,17.49,14.96,43,,0,11,
Tattersall Port-Barreled Rye 750ml,Whisky/Whiskey,Phillips Wine & Spirits - St. Paul,1,0.3,3.4,37.18,47.99,39.95,23,Case 1,1,5,St. Louis Park:1
Du Nord Prominence Gin 750ml,Gin,Phillips Wine & Spirits - St. Paul,49,0.3,150.0,21.85,37.99,31.96,42,Case 1,1,6,Andover:1;Blaine:1;Minneapolis:1;Chanhassen:4;Minnetonka:12;Woodbury:30
Citadelle Vive Le Corniche,Gin,Bellboy Corporation,4,0.3,12.2,19.94,35.49,29.96,44,1 on 6 accumulated monthly,1,6,Roseville:1;Blaine:3
Zing Zang RTD Blazing Bloody Mary 1.75L,Pre-Mix,Phillips Wine & Spirits - St. Paul,41,0.3,125.5,13.08,20.99,14.86,38,1 BMM 1.75 free on 10 mix & match,1,6,Roseville:1;Stillwater:1;Rosemount:2;Ramsey:3;Minneapolis:5;St. Louis Park:5;Plymouth:7;Chanhassen:17
Cincoro Tequila Blanco 750ml,Agave,Southern Glazer's Wine & Spirits of MN,12,0.3,36.7,39.77,59.99,49.96,34,case 1,1,6,Cottage Grove:1;Stillwater:1;Minnetonka:2;Roseville:3;St. Louis Park:5
Highland Park 18 Yr Single 750ml,Whisky/Whiskey,"Breakthru Beverage Minnesota Wine & Spirits, LLC",0,0.3,0.0,131.44,179.99,149.96,27,,2,2,
Ouzo No 12 750ml,Cordials,Bellboy Corporation,13,0.3,44.0,12.75,20.99,17.96,39,,1,5,Plymouth:2;Bloomington:11
Bulleit Manhattan 750ml,Pre-Mix,Phillips Wine & Spirits - St. Paul,11,0.3,35.4,17.4,22.99,,24,Case 1,0,10,Blaine:1;St. Louis Park:2;Minnetonka:4;Stillwater:4
Glendronach Scotch Revival 15yr 750ml,Whisky/Whiskey,Johnson Brothers - St. Paul,2,0.3,5.8,0.18,124.99,104.96,100,,2,2,Minnetonka:2
Olmeca Altos Reposado Tequila 750ml,Agave,Southern Glazer's Wine & Spirits of MN,25,0.3,84.6,19.17,35.49,29.96,46,,1,5,Ramsey:3;Andover:5;Bloomington:5;Roseville:6;St. Louis Park:6
Chattanooga Bourbon 91pf 750ml,Bourbon,"Vinocopia, Inc",1,0.3,3.4,26.29,41.99,34.96,37,,1,5,Minnetonka:1
DeLola Spritz L'Orange Passionfruit 750ml,Pre-Mix,Southern Glazer's Wine & Spirits of MN,12,0.3,40.6,15.0,23.99,19.96,37,,1,5,Plymouth:1;Osseo:2;Vadnais Heights:2;Minnetonka:3;Chanhassen:4
Pennsylvania Dutch Egg Nog 750ml,Cordials,"Breakthru Beverage Minnesota Wine & Spirits, LLC",55,0.3,168.4,7.5,12.99,7.95,42,Pre-sell due May 20,1,6,Osseo:2;Minnetonka:9;Cottage Grove:10;Woodbury:34
Madison Avenue Orangecello 750ml,Cordials,"Vinocopia, Inc",8,0.3,30.3,22.17,29.99,,26,Case 1,1,4,Chanhassen:1;Vadnais Heights:1;Rosemount:2;Woodbury:4
Campo Azul Gran Classico Tequila Reposado Liter,Agave,"New France Wine Co, Inc",8,0.3,30.3,20.21,31.99,26.96,37,Rewards sale pricing,1,4,Chanhassen:1;Minnetonka:3;Woodbury:4
Calumet Farm 10 Year Bourbon 750ml,Whisky/Whiskey,"Breakthru Beverage Minnesota Wine & Spirits, LLC",4,0.3,11.7,57.05,89.99,75.96,37,Case 1,2,2,St. Louis Park:4
Cabin Still Bourbon 1.75L,Whisky/Whiskey,Southern Glazer's Wine & Spirits of MN,2,0.3,5.8,14.99,23.99,19.96,38,,2,2,Andover:1;Blaine:1
Jack Daniels Single Barrel 750ml,Whisky/Whiskey,Johnson Brothers - St. Paul,8,0.3,28.6,33.93,51.99,47.96,35,,0,9,Andover:1;Bloomington:1;Blaine:6
Cachaca 51 Sugar Cane Rum Liter,Rum,"Breakthru Beverage Minnesota Wine & Spirits, LLC",6,0.3,22.7,16.08,21.99,,27,,1,4,Andover:1;Chanhassen:5
Tanqueray Gin 200ml,Gin,Johnson Brothers - St. Paul,31,0.3,110.7,5.96,11.49,9.96,48,Case 1,0,9,Chanhassen:2;Vadnais Heights:29
Ardbeg 10 Yr Single 750ml,Whisky/Whiskey,Johnson Brothers - St. Paul,5,0.3,18.9,46.5,65.99,54.96,30,Case 1,1,4,Blaine:1;Minnetonka:2;St. Louis Park:2
TCRL Belize Top Ten Single Barrel Rum 700ml,Rum,Libation Project,28,0.3,105.9,72.6,59.99,49.95,-21,Case 1,1,4,Ramsey:2;Chanhassen:5;Cottage Grove:8;Andover:13
Cazadores Blanco 1.75L,Agave,Southern Glazer's Wine & Spirits of MN,16,0.3,60.5,29.27,45.99,37.96,36,,1,4,Rosemount:2;Cottage Grove:3;Minneapolis:5;Blaine:6
Phillips Peach Schnapps 375ml,Schnapps,Phillips Wine & Spirits - St. Paul,7,0.3,26.5,5.4,8.99,,40,Case 1,1,4,Chanhassen:7
Captain Morgan Silver Rum 750ml,Rum,Phillips Wine & Spirits - St. Paul,16,0.3,49.0,10.42,17.49,14.96,40,Case 1,1,6,Minnetonka:2;Blaine:6;Bloomington:8
Cathead Raspberry 750ml,Vodka,Phillips Wine & Spirits - St. Paul,11,0.3,41.6,12.26,16.99,13.86,28,Case 1,1,4,Andover:4;St. Louis Park:7
Springbank 12 Year Cask Strength,Whisky/Whiskey,"New France Wine Co, Inc",0,0.3,0.0,113.08,179.99,149.96,37,Allocated,2,2,
Flying Dutchman Blue Agave 750ml,Agave,Bellboy Corporation,10,0.3,30.6,18.17,29.99,24.96,39,,1,6,Blaine:1;Chanhassen:1;Bloomington:2;Cottage Grove:2;Andover:4
Flying Dutchman Gin 750ml,Gin,Bellboy Corporation,1,0.3,3.6,18.17,29.99,24.96,39,,0,9,Osseo:1
St. Elder 750ml,Cordials,Bellboy Corporation,5,0.3,18.9,14.5,19.99,,27,,1,4,Rosemount:5
St Agrestis Negroni 100ml,Pre-Mix,,173,0.3,529.6,5.95,9.99,4.95,40,,1,6,Andover:1;Blaine:4;Chanhassen:6;Roseville:11;Osseo:13;Minnetonka:19;Woodbury:23;Plymouth:30;St. Louis Park:31;Cottage Grove:35
Captain Morgan Sweet Chili Lime 1.75L,Rum,Johnson Brothers - St. Paul,24,0.3,81.2,19.79,27.99,23.96,29,Case 1,1,5,St. Louis Park:4;Andover:10;Minneapolis:10
Dekuyper C D Menthe White 750ml,Cordials,Southern Glazer's Wine & Spirits of MN,13,0.3,44.0,8.15,13.79,11.96,41,,1,5,Andover:4;Roseville:9
Maker's Mark Bourbon Wood Finishing The Stewards,Whisky/Whiskey,Southern Glazer's Wine & Spirits of MN,9,0.3,30.5,56.38,88.99,74.96,37,,1,5,Woodbury:2;Blaine:3;St. Louis Park:4
Bailey's Espresso Creme 750ml,Cordials,Phillips Wine & Spirits - St. Paul,19,0.3,58.2,19.09,29.99,26.96,36,Case 1 Must hit 16 cs within month,1,6,Andover:8;Bloomington:11
Dekuyper Creme De Cassis 750ml,Schnapps,Southern Glazer's Wine & Spirits of MN,7,0.3,20.5,0.07,12.49,10.96,99,,2,2,Andover:7
Dekuyper C D Cocoa Dark 750ml,Cordials,Southern Glazer's Wine & Spirits of MN,20,0.3,75.6,7.6,13.79,11.96,45,,1,4,Cottage Grove:2;Blaine:3;Osseo:3;Woodbury:3;Vadnais Heights:9
Dekuyper Creme De Banana 750ml,Cordials,Southern Glazer's Wine & Spirits of MN,5,0.3,14.6,0.07,12.49,10.96,99,,2,2,Andover:5
Roe & Co. Irish Whiskey 750ml,Whisky/Whiskey,Johnson Brothers - St. Paul,7,0.3,23.7,22.68,37.99,32.96,40,Case 1 Must hit 3 cs within month,1,5,St. Louis Park:3;Blaine:4
Brovo Pink Vermouth 750ml,Vermouth,"Grape Beginnings, Inc.",5,0.3,14.6,20.5,31.99,,36,,2,2,Rosemount:1;Chanhassen:2;Osseo:2
Rothman Creme de Violette 750ml,Cordials,Bellboy Corporation,31,0.3,117.2,17.42,30.99,25.96,44,Case 1,1,4,Plymouth:2;Rosemount:3;Bloomington:4;Minnetonka:5;Osseo:7;Andover:10
Sauza Hornitos Anejo Tequila 750ml,Agave,Southern Glazer's Wine & Spirits of MN,19,0.3,64.3,20.79,33.49,27.96,38,,1,5,Rosemount:4;Chanhassen:5;Blaine:10
Brother Justus Cold-Peated Whiskey 750ml,Whisky/Whiskey,"Breakthru Beverage Minnesota Wine & Spirits, LLC",4,0.3,13.5,67.87,95.99,79.96,29,3cs purchase in a month,1,5,Cottage Grove:2;Minnetonka:2
Ryan's Cream Liqueur 1.75L,Cordials,Southern Glazer's Wine & Spirits of MN,6,0.3,18.4,15.13,25.99,21.96,42,,1,6,Blaine:1;Bloomington:5
Martini & Rossi Fiero L'Aperitivo 750ml,Cordials,Southern Glazer's Wine & Spirits of MN,28,0.3,105.9,10.41,17.49,14.96,40,,1,4,Minnetonka:3;Chanhassen:5;Stillwater:6;Ramsey:7;Woodbury:7
Martini & Rossi Rubino Riserva 750ml,Cordials,Southern Glazer's Wine & Spirits of MN,1,0.3,3.8,17.24,25.99,,34,,1,4,Rosemount:1
Mathilde Peche Liqueur 750ml,Cordials,Bellboy Corporation,4,0.3,15.1,20.48,23.99,,15,,1,4,Osseo:4
Grey Goose Le Orange Vodka 750ml,Vodka,Southern Glazer's Wine & Spirits of MN,10,0.3,33.8,18.54,28.99,23.96,36,,1,5,Bloomington:2;Woodbury:2;Blaine:6
Griffo Stony Point Whiskey 750ml,Whisky/Whiskey,Bellboy Corporation,10,0.3,37.8,24.12,41.99,24.86,43,,1,4,Andover:1;Chanhassen:3;Minnetonka:3;Rosemount:3
Suntory -196 Vodka Peach 4pk 12oz can,Pre-Mix,Southern Glazer's Wine & Spirits of MN,22,0.3,64.3,7.63,11.49,9.96,34,,2,2,Andover:22
Caravella Orangecello 750ml,Cordials,Southern Glazer's Wine & Spirits of MN,6,0.3,18.4,12.28,19.99,17.96,39,,1,6,Blaine:1;Andover:5
Dolin Blanc Vermouth 750ml,Vermouth,Libation Project,13,0.3,49.2,12.92,21.99,17.96,41,Case 1,1,4,Woodbury:2;Rosemount:11
Chopin Rye Vodka 750ml,Vodka,Southern Glazer's Wine & Spirits of MN,5,0.3,15.3,22.63,29.99,,25,,1,6,Cottage Grove:1;Osseo:2;Ramsey:2
Pinnacle Vodka Liter,Vodka,Southern Glazer's Wine & Spirits of MN,56,0.3,211.8,8.79,14.99,12.96,41,,1,4,Blaine:6;Andover:14;Osseo:36
Planteray Stiggins Pineapple Dark Rum 750ml,Rum,Bellboy Corporation,1,0.3,3.4,22.96,29.99,,23,1 cs 3 Stars Silver free on 8 cs mix & match all Plantation - accum monthly,1,5,Rosemount:1
Prohibition Orange Bitters,Mixes,Am Craft Spirits,14,0.3,42.9,11.73,17.99,,35,,1,6,Roseville:2;Blaine:5;St. Louis Park:7
Purity Vodka Super 17 750ml,Vodka,"Vinocopia, Inc",1,0.3,3.8,12.68,25.99,21.96,51,,1,4,Stillwater:1
Loonman Vodka 750ml,Vodka,Bellboy Corporation,7,0.3,23.7,16.02,26.99,22.96,41,1 on 6 - Aquavit is free goods,1,5,Blaine:1;Minnetonka:6
Camarena Reposado Tequila 750ml,Agave,Johnson Brothers - St. Paul,11,0.3,41.6,15.04,27.99,,46,,1,4,Bloomington:4;Minnetonka:7
Rabbit Hole Cavehill 4 Grain Bourbon 750ml,Whisky/Whiskey,Southern Glazer's Wine & Spirits of MN,0,0.3,0.0,38.75,59.99,49.95,35,,2,2,
Revel Avila Anejo 750ml,Agave,Johnson Brothers - St. Paul,7,0.3,20.5,115.26,158.49,63.43,27,,2,2,Roseville:2;Andover:5
Noilly Prat Dry Vermouth 750ml,Vermouth,Southern Glazer's Wine & Spirits of MN,18,0.3,55.1,9.17,15.99,12.96,43,,1,6,Chanhassen:1;St. Louis Park:2;Rosemount:4;Bloomington:5;Minnetonka:6
"10,000 Drops Single Barrel Bourbon 750ml",Whisky/Whiskey,"New France Wine Co, Inc",4,0.3,11.7,43.17,69.99,59.96,38,,2,2,St. Louis Park:4
Old Forester 1870 750ml,Whisky/Whiskey,Johnson Brothers - St. Paul,25,0.3,84.6,29.38,47.99,39.96,39,,1,5,Osseo:4;Stillwater:4;Minnetonka:5;Blaine:6;St. Louis Park:6
Ohishi Sherry Cask Whisky 750ml,Whisky/Whiskey,The Wine Company,11,0.3,32.1,37.62,55.99,46.96,33,,2,2,St. Louis Park:5;Roseville:6
Novo Fogo Passion Fruit Caipirinha,Pre-Mix,,10,0.3,37.8,11.05,15.49,5.93,29,,1,4,Chanhassen:2;Woodbury:8
Western Son Prickly Pear Liter,Vodka,Johnson Brothers - St. Paul,2,0.3,5.8,9.93,15.99,13.46,38,Net Down Case Price,2,2,Plymouth:2
Wheatley Vodka 750ml,Vodka,"Breakthru Beverage Minnesota Wine & Spirits, LLC",11,0.3,33.7,11.44,17.99,,36,25 case  deal,1,6,Andover:1;Rosemount:1;Roseville:9
Whistle Pig Piggybank 10 Year 750ml,Whisky/Whiskey,Southern Glazer's Wine & Spirits of MN,1,0.3,3.1,187.77,299.99,249.96,37,,1,6,St. Louis Park:1
Wheel Horse Toasted Bourbon 750ml,Whisky/Whiskey,Bellboy Corporation,11,0.3,33.7,21.83,37.99,31.96,43,Allocation,1,6,Woodbury:1;Minnetonka:10
Casamigas Jalapeno Tequila 750ml,Agave,Johnson Brothers - St. Paul,16,0.3,49.0,29.89,45.99,37.96,35,1 Repo 750 free on 20 m&m,1,6,Minnetonka:2;Osseo:4;Woodbury:10
E&J Peach Brandy 750ml,Brandy,Johnson Brothers - St. Paul,12,0.3,45.4,9.84,14.99,12.49,34,Deep Net,1,4,Minnetonka:1;Plymouth:1;Ramsey:2;Bloomington:8
Effen Blood Orange Vodka 750ml,Vodka,Southern Glazer's Wine & Spirits of MN,9,0.3,30.5,13.8,25.99,21.96,47,,1,5,Roseville:1;Minnetonka:2;Blaine:6
New Amsterdam Grapefruit 750ml,Vodka,Johnson Brothers - St. Paul,7,0.3,23.7,9.09,14.99,,39,,1,5,Minnetonka:7
New Amsterdam Apple Vodka 50ml,Vodka,Discontinued,4,0.3,12.9,,1.49,1.24,,,0,10,Minneapolis:4
Earl Giles Gin Liter,Gin,Small Lot MN,4,0.3,11.7,15.79,24.99,20.96,37,TTL Best Pricing,2,2,Minnetonka:4
Noteworthy Rye 90 PRF 1.75L,Whisky/Whiskey,Bellboy Corporation,26,0.3,88.0,5.17,14.99,9.96,66,CASE 1,1,5,Stillwater:4;Chanhassen:6;Ramsey:7;Minnetonka:9
Hazelburn 7 Year Oloroso Scotch 700ml,Whisky/Whiskey,"New France Wine Co, Inc",0,0.3,0.0,135.75,214.99,179.96,37,Allocated,2,2,
Canerock Rum 700ml,Rum,Bellboy Corporation,2,0.3,7.6,19.6,35.49,29.96,45,1cs free every 6cs purchased-accum chain monthly,1,4,Blaine:1;Rosemount:1
Hennessy Black Cognac 750ml,Brandy,Bellboy Corporation,5,0.2,29.2,34.67,48.49,19.48,29,,1,1,Minnetonka:5
Her Vodka Liter,Vodka,Bellboy Corporation,11,0.2,47.1,13.83,17.99,,23,,1,3,Woodbury:11
Herradura Reposado Tequila 1.75L,Agave,Johnson Brothers - St. Paul,17,0.2,99.4,32.81,94.99,78.96,65,,1,1,Woodbury:3;Rosemount:5;Blaine:9
Herradura Reposado Tequila Liter,Agave,Johnson Brothers - St. Paul,29,0.2,128.5,41.42,59.99,49.96,31,,1,3,Chanhassen:1;Ramsey:1;Minnetonka:1;Minneapolis:2;Plymouth:2;Stillwater:2;Bloomington:4;Roseville:4;Blaine:5;Vadnais Heights:7
Cantera Negra Extra Anejo 750ml,Agave,Phillips Wine & Spirits - St. Paul,6,0.2,25.7,65.64,106.99,,39,1 cs any Redemption 750 free on 15 m&m café and extra anejo,1,3,Andover:1;Roseville:1;Cottage Grove:4
Cantilever Juniperus Gin 750ml,Gin,"Vinocopia, Inc",1,0.2,4.9,29.58,37.99,31.96,22,Net Down Pricing,1,2,Minnetonka:1
Cantilever Straight Bourbon 750ml,Whisky/Whiskey,"Vinocopia, Inc",2,0.2,11.7,42.25,45.99,37.96,8,Net Down Pricing,1,1,Stillwater:2
Virginia Dist Split Barrel Bourbon American Single Malt  700ml,Whisky/Whiskey,"Breakthru Beverage Minnesota Wine & Spirits, LLC",5,0.2,29.2,30.19,45.99,39.96,34,5cs mix and match in a month,1,1,Bloomington:5
Virginia Distilling American Single Malt Cigar Blend 7 year 700ml,Whisky/Whiskey,"Breakthru Beverage Minnesota Wine & Spirits, LLC",5,0.2,29.2,45.19,69.99,59.96,35,Case 1,1,1,Bloomington:5
Weber Ranch Vodka 750ml,Vodka,Southern Glazer's Wine & Spirits of MN,15,0.2,74.2,21.07,35.49,29.96,41,,1,2,St. Louis Park:2;Roseville:6;Blaine:7
Vikre Voyager Aquavit 750ml,Cordials,Phillips Wine & Spirits - St. Paul,3,0.2,17.5,30.18,49.99,,40,Case 1,1,1,Rosemount:1;Chanhassen:2
Villon Cognac Liqueur 750ml,Cordials,Southern Glazer's Wine & Spirits of MN,8,0.2,39.6,28.18,39.99,,30,Case 1,1,2,Blaine:1;Andover:2;Woodbury:2;St. Louis Park:3
New Riff Bottled-in-Bond Staight Rye Whiskey 750ml,Whisky/Whiskey,Johnson Brothers - St. Paul,5,0.2,29.2,23.04,53.99,44.96,57,,1,1,Chanhassen:2;Minnetonka:3
Nikka Miyagikyo 12yr Whisky 750ml,Whisky/Whiskey,Bellboy Corporation,10,0.2,49.5,54.33,87.55,72.96,38,,1,2,Blaine:2;Woodbury:2;Roseville:3;St. Louis Park:4
Bird Dog Peach Whiskey 750ml,Whisky/Whiskey,"Breakthru Beverage Minnesota Wine & Spirits, LLC",11,0.2,64.3,13.68,21.99,18.91,38,5cs purchase in a month,1,1,Minneapolis:11
Bear Fight Whiskey 750ml/ D,Accessories,Discontinued,6,0.2,29.7,13.78,16.99,14.86,19,,1,2,Stillwater:6
Montanya Rum Oro 750ml,Rum,"Vinocopia, Inc",12,0.2,51.4,8.0,8.99,8.86,11,,1,3,Osseo:12
New Riff Bottled-in-Bond Staight Bourbon Whiskey 750ml,Whisky/Whiskey,Johnson Brothers - St. Paul,1,0.2,6.4,41.85,55.99,45.96,25,,0,5,Minneapolis:1
Old Smuggler Scotch 1.75L,Whisky/Whiskey,Bellboy Corporation,2,0.2,9.9,16.98,24.99,,32,"1 cs 1.75 free on 10 cs mix & match Old Smuggler 1.75, liter - across chain-same week",1,2,Chanhassen:1;Ramsey:1
Old Smuggler Scotch Liter,Whisky/Whiskey,Bellboy Corporation,3,0.2,12.9,9.58,12.99,,26,"1cs 1.75 free on 10 cs mix & match Old Smuggler 1.75, liter - across chain-same week",1,3,Cottage Grove:3
Old Forester 1897 750ml,Whisky/Whiskey,Johnson Brothers - St. Paul,11,0.2,64.3,33.13,53.99,44.96,39,,1,1,Rosemount:1;Stillwater:4;Chanhassen:6
Old New England Egg Nog 750ml,Cordials,Bellboy Corporation,22,0.2,108.8,6.71,11.99,10.96,44,CASE 1,1,2,Blaine:1;Vadnais Heights:1;Minnetonka:2;Woodbury:4;Osseo:5;Chanhassen:9
Casa Noble Anejo Tequila 750ml,Agave,Southern Glazer's Wine & Spirits of MN,10,0.2,40.2,39.38,52.99,,26,,0,8,Minnetonka:10
Eight & Sand Blended Bourbon Whiskey 750ml,Whisky/Whiskey,"Breakthru Beverage Minnesota Wine & Spirits, LLC",7,0.2,40.9,19.29,35.49,29.96,46,,1,1,Ramsey:3;Chanhassen:4
Old Elk Blended Straight Bourbon 750ml,Whisky/Whiskey,Southern Glazer's Wine & Spirits of MN,20,0.2,98.9,33.13,59.99,49.96,45,,1,2,Ramsey:1;Chanhassen:2;St. Louis Park:2;Stillwater:5;Minnetonka:10
O.Z. Tyler 100 PRF 750ml,Bourbon,Bellboy Corporation,10,0.2,64.3,5.17,7.99,6.96,35,CASE 1,0,5,Andover:1;Cottage Grove:1;Plymouth:1;Blaine:2;Ramsey:2;Vadnais Heights:3
Nodeo Tequilana Reposado Liter,Agave,"New France Wine Co, Inc",0,0.2,0.0,29.42,47.99,39.96,39,,1,1,
Western Son Watermelon Liter,Vodka,Bellboy Corporation,12,0.2,51.4,9.93,15.99,13.46,38,Net Down Case Price,1,3,Stillwater:2;Chanhassen:3;Plymouth:7
Wild Turkey 81 750ml,Whisky/Whiskey,Southern Glazer's Wine & Spirits of MN,10,0.2,49.5,13.1,25.99,21.96,50,,1,2,Bloomington:10
Wild Turkey Rare Breed Rye 750ml,Whisky/Whiskey,Bellboy Corporation,1,0.2,5.8,43.5,83.99,69.96,48,,1,1,Andover:1
Willett Potstill Reserve 1.75L,Whisky/Whiskey,Phillips Wine & Spirits - St. Paul,0,0.2,0.0,76.03,119.99,99.96,37,Case 1,1,2,
Grey Goose Strawberry & Lemongrass Vodka Liter,Vodka,Southern Glazer's Wine & Spirits of MN,1,0.2,5.4,18.54,28.99,23.96,36,,0,6,Ramsey:1
Grey Goose Watermelon & Basil Vodka Liter,Vodka,Southern Glazer's Wine & Spirits of MN,7,0.2,34.6,18.54,28.99,23.96,36,,1,2,Osseo:1;Ramsey:6
Bumbu Rum Creme 750ml,Cordials,Southern Glazer's Wine & Spirits of MN,0,0.2,0.0,22.68,37.99,31.96,40,Case 1,1,1,
Svedka Citron Vodka Liter,Vodka,Southern Glazer's Wine & Spirits of MN,8,0.2,34.3,9.81,17.49,14.96,44,,1,3,Minneapolis:8
Admiral Nelson's Cherry Spiced Liter,Rum,Southern Glazer's Wine & Spirits of MN,18,0.2,89.0,6.82,11.49,9.96,41,,1,2,Plymouth:2;Woodbury:16
Ancnoc 12yr Highland Single Malt 750ml,Whisky/Whiskey,"Breakthru Beverage Minnesota Wine & Spirits, LLC",1,0.2,5.8,37.61,59.99,49.95,37,,1,1,Minnetonka:1
Adictivo Tequila Plata 750ml,Agave,"Vinocopia, Inc",2,0.2,11.7,33.83,53.99,44.96,37,,1,1,Minnetonka:2
Adictivo Tequila Reposado 750ml,Agave,"Vinocopia, Inc",4,0.2,23.4,37.83,59.99,49.96,37,Net Down Pricing,1,1,Minnetonka:4
Stranahan's Single Malt Sherry Cask  750ml,Whisky/Whiskey,Johnson Brothers - St. Paul,2,0.2,11.7,45.93,71.99,59.96,36,Buy 3cs get 1cs Blue Peak Free,1,1,Minnetonka:2
Austin Cocktails Ruby Red 4pk 8oz can,Pre-Mix,Southern Glazer's Wine & Spirits of MN,20,0.2,91.8,8.8,14.99,12.96,41,,0,7,Minneapolis:20
Aviation Cranberry and Blood Orange Gin 750ml,Gin,Johnson Brothers - St. Paul,2,0.2,8.6,20.52,32.99,27.96,38,Case 1,1,3,Blaine:1;Cottage Grove:1
Chicago Distilling Blind Tiger Bourbon 750ml,Whisky/Whiskey,"Grape Beginnings, Inc.",6,0.2,29.7,31.0,41.99,,26,,1,2,Stillwater:2;Woodbury:4
Austin Cocktails Cucumber Mojito 4pk 8oz can,Pre-Mix,"Breakthru Beverage Minnesota Beer, LLC",3,0.2,12.9,8.35,11.99,12.96,30,,1,3,Minneapolis:3
Crown Royal Black Cherry Whiskey Sour 750ml,Pre-Mix,Phillips Wine & Spirits - St. Paul,21,0.2,122.7,17.4,26.99,22.96,36,Case 1,1,1,Osseo:1;Chanhassen:4;Cottage Grove:6;Minnetonka:10
Prairie Organic Gin 750ml,Gin,Phillips Wine & Spirits - St. Paul,18,0.2,89.0,15.16,29.99,24.96,49,3 free vodka 1.75 free on 21cases monthly,1,2,Minnetonka:7;Roseville:11
Don Fulano Anejo Tequila 750ml,Agave,Johnson Brothers - St. Paul,5,0.2,28.7,68.02,95.99,79.96,29,,1,2,Chanhassen:0;Andover:0;St. Louis Park:5
Pinhook Private Single Barrel 750ml,Whisky/Whiskey,Johnson Brothers - St. Paul,19,0.2,94.0,54.01,83.99,69.96,36,,1,2,Chanhassen:1;Vadnais Heights:3;Andover:7;Cottage Grove:8
Pinnacle Citrus Liter,Vodka,Southern Glazer's Wine & Spirits of MN,1,0.2,5.8,8.79,13.99,,37,,1,1,Roseville:1
Foro Dry Vermouth 750ml,Vermouth,Phillips Wine & Spirits - St. Paul,5,0.2,29.2,10.34,11.99,10.86,14,Case 1,1,1,Chanhassen:5
Carolans Salted Caramel Irish Cream 750ml,Cordials,Southern Glazer's Wine & Spirits of MN,1,0.2,5.8,10.81,17.49,14.96,38,,1,1,Minnetonka:1
Kinky Aloha 750ml,Cordials,Johnson Brothers - St. Paul,1,0.2,5.8,10.42,18.99,15.96,45,1 free case on 4,1,1,Stillwater:1
Kinky Ruby Liqueur 750ml,Cordials,Johnson Brothers - St. Paul,0,0.2,0.0,12.79,18.99,15.96,33,,1,3,
Kirk & Sweeney Gran Reserva 750ml,Rum,Bellboy Corporation,0,0.2,0.0,34.17,40.99,33.95,17,,1,1,
Knickerbocker Barrel Gin 750ml,Gin,"Breakthru Beverage Minnesota Wine & Spirits, LLC",1,0.2,5.8,14.57,29.99,,51,,1,1,Osseo:1
Rhum Barbancourt 3 Star 750ml,Rum,Bellboy Corporation,3,0.2,14.8,18.0,20.99,,14,,1,2,Osseo:3
Riazul Plata 750ml,Agave,,0,0.2,0.0,17.54,40.99,,57,,1,1,
Rich & Rare Reserve Canadian Whiskey 1.75L,Whisky/Whiskey,"Breakthru Beverage Minnesota Wine & Spirits, LLC",2,0.2,11.7,9.31,13.79,11.96,32,,1,1,Plymouth:2
Revel Stoke Peach Whisky Liter,Whisky/Whiskey,Phillips Wine & Spirits - St. Paul,11,0.2,54.4,12.83,20.99,17.96,39,1 on 9 mix & match,1,2,Chanhassen:5;Roseville:6
Revive Carbon Negative Vodka 750ml,Vodka,Libation Project,16,0.2,64.3,22.5,35.49,29.96,37,1 bottle N/C  on case,0,8,Blaine:1;St. Louis Park:4;Bloomington:5;Roseville:6
Real Del Valle Tequila Blanco 750ml,Agave,"Maverick Beverage Co., LLC - MN",2,0.2,8.6,19.12,30.49,25.96,37,,1,3,Minneapolis:2
Rebel 100 Bourbon 750ml,Whisky/Whiskey,Southern Glazer's Wine & Spirits of MN,0,0.2,0.0,14.85,20.99,,29,,1,3,
Leopold Bros Bonded Bourbon 750ml,Whisky/Whiskey,"Maverick Beverage Co., LLC - MN",2,0.2,11.7,46.0,59.99,,23,,1,1,Minnetonka:2
Kyro Pink Gin 750ml,Gin,"New France Wine Co, Inc",7,0.2,45.0,25.92,42.99,35.96,40,,0,5,Bloomington:7
La Pinta Pomegranate Tequila 750ml,Agave,Southern Glazer's Wine & Spirits of MN,0,0.2,0.0,22.67,20.99,17.95,-8,,1,1,
Label 5 Blended Scotch,Scotch Whisky,,9,0.2,52.6,19.49,23.99,20.86,19,,1,1,Stillwater:9
Korbel Brandy 375ml,Brandy,Johnson Brothers - St. Paul,4,0.2,23.4,4.36,8.99,,52,,1,1,Rosemount:4
Rabbit Hole Boxergrail Rye 750ml,Whisky/Whiskey,Southern Glazer's Wine & Spirits of MN,2,0.2,11.7,40.62,57.99,47.95,30,,1,1,Chanhassen:2
Puntagave Mezcal Espadin 750ml,Agave,"Tradition Wine & Spirits, LLC",4,0.2,19.8,36.0,59.99,49.96,40,,1,2,Plymouth:1;St. Louis Park:3
"Prairie Seasons Watermelon, Cuc, Lime 750ml",Vodka,Phillips Wine & Spirits - St. Paul,1,0.2,5.8,14.13,23.99,19.96,41,,1,1,Chanhassen:1
TCRL Fiji 750ml,Rum,Libation Project,12,0.2,77.1,44.0,58.99,48.95,25,,0,5,Andover:2;Roseville:2;Chanhassen:4;Woodbury:4
Lord Calvert Canadian 1.75L,Whisky/Whiskey,Southern Glazer's Wine & Spirits of MN,1,0.2,4.9,13.01,20.99,17.96,38,,1,2,Cottage Grove:1
Lucky Ones Sweet Tea Vodka Original 4pk 12oz can,Pre-Mix,Johnson Brothers - St. Paul,18,0.2,82.7,8.02,12.99,10.96,38,Deep Net,0,7,Minneapolis:18
Libélula Tequila Joven,Tequila1,,4,0.2,19.8,,34.99,,,,1,2,Minnetonka:4
Little Book Whiskey 2026 122.6pf 750ml,Whisky/Whiskey,Southern Glazer's Wine & Spirits of MN,1,0.2,4.9,118.5,175.99,149.96,33,,1,2,Roseville:1
Pikesville Straight Rye 750ml,Whisky/Whiskey,Southern Glazer's Wine & Spirits of MN,1,0.2,6.4,37.67,46.99,,20,,0,5,St. Louis Park:1
Copper & Cask #16 11yr Bourbon 750ml,Whisky/Whiskey,Bellboy Corporation,0,0.2,0.0,46.5,81.99,68.99,43,,0,6,
Jackson Morgan Brown Sugar & Cinnamon 750ml,Cordials,Bellboy Corporation,5,0.2,29.2,16.98,25.99,21.96,35,1CS Free on M/M 750 & 50's 10CS -across chain monthly accum,1,1,Minneapolis:5
Jackson Morgan Lemon Ice Box 750ml,Cordials,Bellboy Corporation,12,0.2,64.3,16.98,25.99,21.96,35,1CS Free on M/M 750 & 50's 10CS -across chain monthly accum,0,6,Blaine:2;Cottage Grove:4;Roseville:6
Jackson Morgan Spiced Pumpkin Roll 750ml,Cordials,Bellboy Corporation,1,0.2,5.8,16.98,25.99,21.96,35,1CS Free on M/M 750 & 50's 10CS -across chain monthly accum,1,1,Stillwater:1
Calumet FarmSmall Batch Bourbon 750ml,Whisky/Whiskey,"Breakthru Beverage Minnesota Wine & Spirits, LLC",5,0.2,29.2,51.19,79.99,67.96,36,Case 1,1,1,St. Louis Park:5
TX Blended Whiskey 750ml,Whisky/Whiskey,Southern Glazer's Wine & Spirits of MN,4,0.2,23.4,24.8,38.99,32.96,36,,1,1,Blaine:4
Phillips UV Vodka Traveler,Vodka,Phillips Wine & Spirits - St. Paul,5,0.2,29.2,7.32,12.49,10.96,41,2 free Blue 1.75 on 25,1,1,Minnetonka:5
Pierre Ferrand Ambre Cognac 750ml,Brandy,Bellboy Corporation,4,0.2,23.4,33.5,51.49,42.95,35,1CS Free on 10CS -across chain monthly accum,1,1,Ramsey:1;Woodbury:3
Phillips Root 100 375ml,Schnapps,Phillips Wine & Spirits - St. Paul,13,0.2,64.3,5.65,11.99,,53,Case 1,1,2,St. Louis Park:1;Chanhassen:4;Stillwater:8
Ron Zacapa 23 750ml,Rum,Bellboy Corporation,7,0.2,30.0,28.83,47.99,39.96,40,Case 1,1,3,Minnetonka:2;Plymouth:5
Buil & Gine Vermut Priorat 750ml,Vermouth,"New France Wine Co, Inc",0,0.2,0.0,18.21,29.99,,39,,1,1,
Bulleit 95 Rye Whiskey 375ml,Whisky/Whiskey,Phillips Wine & Spirits - St. Paul,4,0.2,19.8,14.38,23.99,19.96,40,Case 1,1,2,Woodbury:4
Jim Beam Honey 375ml,Whisky/Whiskey,Southern Glazer's Wine & Spirits of MN,0,0.2,0.0,8.36,14.99,,44,,1,2,
Brugal 1888 750ml,Rum,"Breakthru Beverage Minnesota Wine & Spirits, LLC",2,0.2,11.7,33.93,51.99,47.96,35,,1,1,Roseville:2
Jefferson's Ocean Top Ten Barrel Pick 750ml,Whisky/Whiskey,Southern Glazer's Wine & Spirits of MN,2,0.2,8.6,80.38,104.99,87.86,23,,1,3,Ramsey:2
Jim Beam Apple Liter,Whisky/Whiskey,Southern Glazer's Wine & Spirits of MN,0,0.2,0.0,15.92,20.24,7.47,21,,1,2,
Jim Beam Black 375ml,Whisky/Whiskey,Southern Glazer's Wine & Spirits of MN,24,0.2,154.3,6.3,17.49,14.96,64,,0,5,Andover:12;Ramsey:12
Jagermeister Cold Brew Liter,Cordials,Southern Glazer's Wine & Spirits of MN,18,0.2,105.2,19.35,26.99,22.96,28,,1,1,Cottage Grove:1;Rosemount:4;Osseo:6;Woodbury:7
Ardbeg Spectacular 750ml,Whisky/Whiskey,Johnson Brothers - St. Paul,2,0.2,9.9,97.68,129.99,,25,Case 1,1,2,St. Louis Park:2
Stock 84 Brandy 1.75L,Brandy,"Breakthru Beverage Minnesota Wine & Spirits, LLC",0,0.2,0.0,17.8,26.99,22.95,34,,1,1,
Apologue Aronia Berry Liqueur 750ml,Cordials,"Tradition Wine & Spirits, LLC",7,0.2,40.9,23.96,39.99,34.95,40,,1,1,Plymouth:1;Rosemount:2;Woodbury:4
Apologue Celery Root Liqueur 750ml,Cordials,"Tradition Wine & Spirits, LLC",1,0.2,4.3,24.77,39.99,34.95,38,,1,3,St. Louis Park:1
Stellum Rye Cask Strength 750ml,Whisky/Whiskey,"Maverick Beverage Co., LLC - MN",21,0.2,90.0,38.18,60.99,,37,,1,3,Blaine:1;Minnetonka:3;Andover:4;Cottage Grove:5;Chanhassen:8
St Agrestis Spritz Can 187ml,Pre-Mix,,0,0.2,0.0,0.66,4.99,,87,,1,2,
St Benevolence Clairin Rum 750ml,Rum,"Maverick Beverage Co., LLC - MN",1,0.2,4.9,22.75,22.49,18.95,-1,,1,2,Chanhassen:1
Bache Gabrielsen Tre Kors Fine 750ml,Brandy,"Grape Beginnings, Inc.",5,0.2,29.2,21.33,31.99,,33,,1,1,Roseville:5
Dingle Gin Original Pot Still 700ml,Gin,Southern Glazer's Wine & Spirits of MN,2,0.2,8.6,30.13,39.99,,25,,1,3,St. Louis Park:2
Dekuyper Kirschwasser 750ml,Brandy,Southern Glazer's Wine & Spirits of MN,7,0.2,34.6,10.23,13.79,11.95,26,,1,2,Chanhassen:3;Ramsey:4
Flying Dutchman Vodka 750ml,Vodka,"Breakthru Beverage Minnesota Wine & Spirits, LLC",8,0.2,39.6,13.54,27.99,,52,,1,2,Stillwater:2;Osseo:3;Ramsey:3
Phillips Sloe Gin Liter,Schnapps,Phillips Wine & Spirits - St. Paul,7,0.2,40.9,9.67,15.99,,40,1 Free Blackberry Liter on 8 cs asst Cordials,1,1,St. Louis Park:2;Osseo:5
Phillips Creme De Cacao Liter,Cordials,Phillips Wine & Spirits - St. Paul,1,0.2,4.9,10.13,15.99,,37,,1,2,Chanhassen:1
Phillips Creme de Menthe White Liter,Cordials,Phillips Wine & Spirits - St. Paul,10,0.2,58.4,10.14,14.99,,32,,1,1,Ramsey:2;Chanhassen:4;Plymouth:4
Phillips Peppermint 80pf 200ml,Schnapps,Phillips Wine & Spirits - St. Paul,32,0.2,158.2,3.01,6.99,,57,Case 1,1,2,Stillwater:32
Phillips Peppermint 80pf Traveler,Schnapps,Phillips Wine & Spirits - St. Paul,45,0.2,289.3,8.33,12.49,10.96,33,1 free Pep 60 Liter on 8 cs,0,5,Osseo:1;Blaine:3;Rosemount:4;Plymouth:6;Minnetonka:12;St. Louis Park:19
Madison Avenue Limoncello 750ml,Cordials,"Vinocopia, Inc",4,0.2,21.4,22.5,29.99,,25,Case 1,0,6,Osseo:1;Woodbury:1;Bloomington:2
Far North Roknar Rye Whiskey 750ml,Whisky/Whiskey,The Wine Company,0,0.2,0.0,33.92,53.99,44.96,37,,0,6,
Famous Grouse Scotch 750ml,Whisky/Whiskey,"Breakthru Beverage Minnesota Wine & Spirits, LLC",24,0.2,154.3,16.59,24.99,21.96,34,Case 1,0,5,Blaine:3;Minnetonka:4;Bloomington:5;Rosemount:12
Phillips Blackberry Brandy 200ml,Brandy,Phillips Wine & Spirits - St. Paul,42,0.2,180.0,3.22,5.49,4.96,41,Case 1,1,3,Blaine:42
Cazcanes No 9 Blanco 100pf 750ml,Agave,"Grape Beginnings, Inc.",13,0.2,64.3,56.25,82.99,68.96,32,,1,2,St. Louis Park:3;Blaine:5;Bloomington:5
Cedilla Liqueur De Acai 750ml,Cordials,"Breakthru Beverage Minnesota Wine & Spirits, LLC",0,0.2,0.0,22.67,32.99,,31,,1,1,
Chairman's Reserve Spiced Rum 750ml,Rum,"Maverick Beverage Co., LLC - MN",12,0.2,77.1,20.25,35.49,29.96,43,"1/2 on 5 m/m all chairman's, spiced as FG",0,5,Chanhassen:1;Minneapolis:1;Blaine:4;St. Louis Park:6
Cathead Bristow Gin 750ml,Gin,Phillips Wine & Spirits - St. Paul,1,0.2,4.9,23.1,29.99,24.86,23,Case 1,1,2,Roseville:1
Don Q Oak Barrel Spiced Rum 750ml,Rum,Johnson Brothers - St. Paul,-1,0.2,-5.8,16.74,31.99,,48,,1,1,
Don Q Pasion Rum Liter,Rum,Johnson Brothers - St. Paul,1,0.2,5.8,10.54,16.49,13.96,36,1 on 6,1,1,Ramsey:1
Don Q Reserva 7yr Liter,Rum,Johnson Brothers - St. Paul,28,0.2,138.5,20.67,33.49,27.96,38,,1,2,Plymouth:3;Minnetonka:11;Chanhassen:14
Martini & Rossi Bitter 750ml,Cordials,Southern Glazer's Wine & Spirits of MN,2,0.2,9.9,20.24,28.99,,30,,1,2,Woodbury:2
Mars Iwai 45 Whisky 750ml,Whisky/Whiskey,The Wine Company,14,0.2,69.2,25.79,41.99,34.96,39,,1,2,Blaine:3;Bloomington:11
Malibu Mango Rum Liter,Rum,Southern Glazer's Wine & Spirits of MN,17,0.2,109.3,13.56,19.99,16.96,32,,0,5,Andover:17
Santa Teresa Solera Rum 1796 750ml,Rum,Southern Glazer's Wine & Spirits of MN,3,0.2,14.8,37.49,49.49,41.41,24,,1,2,Minnetonka:3
Savage & Cooke Burning Chair Bourbon 750ml,Whisky/Whiskey,Johnson Brothers - St. Paul,25,0.2,146.1,42.25,62.99,52.45,33,,1,1,Andover:3;Cottage Grove:3;Chanhassen:8;Minnetonka:11
Ryan's Cream Liqueur 50ml,Cordials,Southern Glazer's Wine & Spirits of MN,69,0.2,277.2,0.67,1.49,1.24,55,,0,8,Woodbury:26;Cottage Grove:43
S&C Home School Negroni 200ml,Pre-Mix,Johnson Brothers - St. Paul,7,0.2,30.0,22.21,29.99,,26,,1,3,Andover:2;Plymouth:2;Rosemount:3
Santa Marta Caffe Espresso 700ml,Cordials,,1,0.2,5.8,13.0,24.99,,48,,1,1,Chanhassen:1
Rossville Union Barrel Proof Rye 750ml,Whisky/Whiskey,"Breakthru Beverage Minnesota Wine & Spirits, LLC",2,0.2,11.7,43.99,66.99,,34,,1,1,Ramsey:2
Rossville Union Straight Rye Whiskey 750ml,Whisky/Whiskey,"Breakthru Beverage Minnesota Wine & Spirits, LLC",3,0.2,17.5,35.69,44.99,,21,,1,1,Stillwater:3
Brovo Uncharted Rhapsody Forest Liqueur 750ml,Cordials,"Grape Beginnings, Inc.",23,0.2,113.7,42.0,59.99,49.95,30,,1,2,Plymouth:3;Rosemount:4;St. Louis Park:5;Vadnais Heights:5;Roseville:6
Brother Justus Silver Whiskey 750ml,Whisky/Whiskey,"Breakthru Beverage Minnesota Wine & Spirits, LLC",22,0.2,108.8,30.19,47.99,39.96,37,3cs purchase in a month,1,2,Chanhassen:1;Cottage Grove:3;Minneapolis:4;Minnetonka:6;Andover:8
Brother Justus Single Barrel 750ml,Whisky/Whiskey,,2,0.2,11.7,63.75,89.99,74.96,29,,1,1,Minnetonka:2
Breckenridge Bitters 750ml,Cordials,,2,0.2,8.6,16.0,31.99,,50,,1,3,Ramsey:2
Brinley Shipwreck Coconut Rum Cream 750ml,Cordials,Paustis Wine,4,0.2,19.8,18.67,30.49,25.96,39,,1,2,Blaine:4
Baker's Single Barrel 7yr High Rye Bourbon 750ml,Whisky/Whiskey,Southern Glazer's Wine & Spirits of MN,10,0.2,58.4,56.3,83.99,69.96,33,Case1,1,1,Minneapolis:1;Stillwater:1;Chanhassen:2;Minnetonka:6
Dekuyper C D Menthe Dark Liter,Cordials,Southern Glazer's Wine & Spirits of MN,11,0.2,64.3,8.46,13.99,11.96,40,,1,1,Bloomington:11
Deep Eddy Orange Vodka Liter,Vodka,Southern Glazer's Wine & Spirits of MN,1,0.2,4.3,14.52,23.99,19.96,39,,1,3,Chanhassen:1
Bailey's Apple Pie 750ml,Cordials,Phillips Wine & Spirits - St. Paul,1,0.2,4.9,19.93,29.99,25.96,34,,1,2,Stillwater:1
Bailey's Deliciously Light Irish Cream 750ml,Cordials,Phillips Wine & Spirits - St. Paul,0,0.2,0.0,19.09,29.99,25.96,36,Case 1 Must hit 16 cs within month,1,3,
Pernod Anise 750ml,Cordials,Johnson Brothers - St. Paul,9,0.2,44.5,24.82,31.99,,22,,1,2,Blaine:2;Chanhassen:7
Basil Hayden Red Wine Cask Finish 750ml,Whisky/Whiskey,Southern Glazer's Wine & Spirits of MN,4,0.2,23.4,42.13,65.99,54.96,36,,1,1,Minnetonka:4
Barrell Craft Seagrass Rye 750ml,Whisky/Whiskey,"Maverick Beverage Co., LLC - MN",2,0.2,11.7,63.25,95.99,79.96,34,Mix and match 6 cases of barrell,1,1,Minnetonka:2
Elijah Craig 18yr Single Barrel 750ml,Whisky/Whiskey,Southern Glazer's Wine & Spirits of MN,13,0.2,55.7,137.0,199.99,,31,case 1,1,3,Minnetonka:1;Rosemount:1;Vadnais Heights:1;Blaine:5;St. Louis Park:5
Elijah Craig Bourbon Private Barrel 750ml,Bourbon,Southern Glazer's Wine & Spirits of MN,25,0.2,160.7,63.75,107.99,89.96,41,,0,5,Andover:1;Blaine:1;Chanhassen:5;St. Louis Park:5;Rosemount:6;Minneapolis:7
Elijah Craig Bourbon Single Barrel 15yr 108pf 750ml,Whisky/Whiskey,Southern Glazer's Wine & Spirits of MN,2,0.2,11.7,105.26,166.99,139.96,37,,1,1,Roseville:2
El Popo Avila Blanco 750ml,Agave,"New France Wine Co, Inc",61,0.2,326.8,37.92,58.99,42.96,36,,0,6,Roseville:3;Woodbury:4;Andover:5;Chanhassen:5;Osseo:5;Ramsey:5;Rosemount:6;St. Louis Park:6;Cottage Grove:7;Minneapolis:7;Blaine:8
Barrell Craft Cool Runnings Rum 750ml,Rum,"Maverick Beverage Co., LLC - MN",11,0.2,54.4,70.0,129.99,,46,,1,2,Andover:2;Roseville:2;Chanhassen:3;St. Louis Park:4
Barrell Craft Private Release 750ml,Whisky/Whiskey,"Maverick Beverage Co., LLC - MN",6,0.2,29.7,75.13,119.99,,37,,1,2,Cottage Grove:1;Plymouth:1;St. Louis Park:2;Vadnais Heights:2
Patron Anejo Tequila 375ml,Agave,Southern Glazer's Wine & Spirits of MN,15,0.2,64.3,19.47,32.99,,41,,1,3,Minneapolis:6;Ramsey:9
Patron El Alto 750ml,Agave,Southern Glazer's Wine & Spirits of MN,13,0.2,64.3,98.13,155.99,129.96,37,,1,2,Plymouth:2;Cottage Grove:3;Roseville:4;St. Louis Park:4
Panther Pike Street Bourbon 750ml,Whisky/Whiskey,Phillips Wine & Spirits - St. Paul,0,0.2,0.0,23.27,37.99,,39,,1,2,
Paladar Tequila Tempranillo 750ml,Agave,"New France Wine Co, Inc",1,0.2,5.8,116.42,152.99,127.86,24,,1,1,Minnetonka:1
Tia Maria 750ml,Cordials,Southern Glazer's Wine & Spirits of MN,1,0.2,4.9,19.25,30.99,,38,,1,2,Rosemount:1
Smirnoff Cucumber Lime Infusions Zero Su 750ml,Vodka,Johnson Brothers - St. Paul,10,0.2,49.5,8.09,13.79,11.96,41,Case 1 Must hit 24 cs within month,1,2,Bloomington:10
Karkov Vodka 750ml,Vodka,Johnson Brothers - St. Paul,8,0.2,34.3,4.57,9.99,7.96,54,Buy 15cs get 3cs Free,1,3,Roseville:2;Bloomington:6
Kah Anejo Tequila 750ml,Agave,Bellboy Corporation,3,0.2,17.5,49.17,71.99,59.96,32,,1,1,Ramsey:3
Johnnie Walker Double Black 750ml,Whisky/Whiskey,Johnson Brothers - St. Paul,9,0.2,38.6,39.05,48.99,39.96,20,Case 1,1,3,Minnetonka:2;Roseville:2;Blaine:5
Skinny Freezers Lemondrop,Pre-Mix,Bellboy Corporation,3,0.2,17.5,15.25,39.99,,62,,1,1,Ramsey:3
Smirnoff 100 Pf Vodka Liter,Vodka,Johnson Brothers - St. Paul,1,0.2,6.4,14.52,16.99,,15,Case 1,0,5,Cottage Grove:1
Bacardi Limitada Rum 750ml,Rum,Southern Glazer's Wine & Spirits of MN,0,0.2,0.0,62.68,77.99,64.95,20,,0,6,
Sipsmith London Dry Gin 750ml,Gin,Southern Glazer's Wine & Spirits of MN,5,0.2,23.0,22.63,33.49,27.96,32,,0,7,Stillwater:1;Minnetonka:4
Bacardi Black Rum Liter,Rum,Southern Glazer's Wine & Spirits of MN,15,0.2,80.4,12.01,20.99,17.96,43,,0,6,Minneapolis:1;Minnetonka:1;Cottage Grove:6;Chanhassen:7
DeLola Spritz Bella Berry 750ml,Pre-Mix,Southern Glazer's Wine & Spirits of MN,0,0.2,0.0,18.0,23.99,19.96,25,,1,1,
Dapper Baron's Espresso Martini 750ml,Pre-Mix,"Maverick Beverage Co., LLC - MN",3,0.2,16.1,20.25,26.99,,25,,0,6,Roseville:3
Savage & Cooke Lip Service Rye 750ml,Whisky/Whiskey,Johnson Brothers - St. Paul,6,0.2,35.1,28.55,39.99,,29,,1,1,Rosemount:2;Vadnais Heights:2;Woodbury:2
Savage & Cooke Second Glance Whiskey 750ml,Whisky/Whiskey,Johnson Brothers - St. Paul,7,0.2,40.9,33.81,45.99,,26,,1,1,Andover:1;Vadnais Heights:2;Minnetonka:4
Ketel One Grapefruit & Rose Liter,Vodka,Phillips Wine & Spirits - St. Paul,5,0.2,21.4,21.76,35.49,29.96,39,Case 1 Must hit 5 cs within month,1,3,Minnetonka:5
Kilbeggan Small Batch Rye 750ml,Whisky/Whiskey,Phillips Wine & Spirits - St. Paul,8,0.2,46.8,21.82,34.99,,38,,1,1,Chanhassen:4;Ramsey:4
Bombay Sapphire Premier Cru Gin 700ml,Gin,Southern Glazer's Wine & Spirits of MN,10,0.2,40.2,26.38,43.99,36.96,40,,0,8,Roseville:1;Chanhassen:4;Blaine:5
Glen Moray Port Finish 750ml,Whisky/Whiskey,Phillips Wine & Spirits - St. Paul,0,0.2,0.0,22.37,29.99,,25,,1,1,
GE Massenez Creme de Mure 375ml,Cordials,The Wine Company,2,0.2,9.9,13.29,17.99,,26,,1,2,Osseo:2
Galliano 375ml,Cordials,"Breakthru Beverage Minnesota Wine & Spirits, LLC",8,0.2,39.6,15.1,19.99,,24,,1,2,Andover:4;Woodbury:4
Galliano L'Aperitivo 375ml,Cordials,Johnson Brothers - St. Paul,11,0.2,64.3,14.34,19.99,,28,,1,1,Cottage Grove:11
Canadian Club 375ml,Whisky/Whiskey,Southern Glazer's Wine & Spirits of MN,22,0.2,94.3,6.17,11.49,9.96,46,,1,3,Blaine:1;Plymouth:4;Rosemount:17
Canadian Club Reserve 9yr 750ml,Whisky/Whiskey,Southern Glazer's Wine & Spirits of MN,0,0.2,0.0,13.56,18.99,,29,,1,3,
Hacienda De Chihuahua Sotol Platinum 750ml,Agave,"Maverick Beverage Co., LLC - MN",6,0.2,35.1,31.92,53.99,44.96,41,,1,1,Blaine:1;St. Louis Park:5
Hamilton Demerara 151 Rum 750ml,Rum,"Tradition Wine & Spirits, LLC",6,0.2,25.7,23.42,29.99,27.96,22,,1,3,Roseville:6
J. Carver Trifecta Cask Strength 750ml,Whisky/Whiskey,The Wine Company,7,0.2,40.9,59.17,76.99,,23,,1,1,St. Louis Park:7
The Bitter Truth Celery Bitter 200ml,Mixes,,3,0.2,17.5,9.5,36.99,,74,,1,1,Ramsey:3
The Dalmore 15 Yr Scotch 750ml,Whisky/Whiskey,Johnson Brothers - St. Paul,2,0.2,9.9,103.76,155.99,129.96,33,,1,2,Minnetonka:1;Plymouth:1
Templeton Rye 6yr 750ml,Whisky/Whiskey,"Breakthru Beverage Minnesota Wine & Spirits, LLC",10,0.2,58.4,27.94,47.99,39.96,42,10cs net down pricing,1,1,Stillwater:10
Tattersall High Rye Bourbon 750ml,Whisky/Whiskey,Phillips Wine & Spirits - St. Paul,6,0.2,35.1,37.0,46.99,,21,,1,1,Osseo:6
Tattersall Interstate Whiskey 750ml,Whisky/Whiskey,Phillips Wine & Spirits - St. Paul,11,0.2,64.3,37.18,54.99,,32,Case 1,1,1,Rosemount:1;Plymouth:2;Osseo:4;Vadnais Heights:4
Crooked Water Bourbon Old Hell Roar 750ml,Whisky/Whiskey,Johnson Brothers - St. Paul,1,0.2,5.8,36.07,59.99,,40,,1,1,Minnetonka:1
Crooked Water Kings Point Bourbon 750ml,Whisky/Whiskey,Johnson Brothers - St. Paul,1,0.2,4.9,35.56,59.99,49.96,41,Case 1,1,2,Minneapolis:1
Cragganmore 12 Yr 750ml,Whisky/Whiskey,Johnson Brothers - St. Paul,6,0.2,35.1,66.09,95.99,79.96,31,Case 1 pricing,1,1,St. Louis Park:1;Andover:5
Tattersall Cosmo Bianco 750ml,Pre-Mix,Phillips Wine & Spirits - St. Paul,6,0.2,35.1,21.02,32.99,,36,Case 1,1,1,Chanhassen:2;Minnetonka:4
Midwest Vodka Liter,Vodka,"Vinocopia, Inc",14,0.2,69.2,16.25,23.99,19.96,32,Case 1,1,2,Plymouth:2;Stillwater:2;Cottage Grove:3;Chanhassen:7
Mijenta Tequila Anejo Gran Reserva 750ml,Agave,"New France Wine Co, Inc",5,0.2,24.7,111.86,151.99,128.96,26,5cs purchase in a month,1,2,Minnetonka:2;Blaine:3
Bols Mango Liqueur 750ml,Cordials,"Breakthru Beverage Minnesota Wine & Spirits, LLC",2,0.2,9.9,6.43,13.99,,54,,1,2,Andover:2
Blue Chair Bay Banana Rum 750ml,Rum,"Breakthru Beverage Minnesota Wine & Spirits, LLC",4,0.2,19.8,14.35,23.99,19.96,40,5cs purchase in a month,1,2,Woodbury:4
Blue Chair Bay Key Lime Cream 750ml,Cordials,"Breakthru Beverage Minnesota Wine & Spirits, LLC",48,0.2,205.7,14.35,23.99,19.96,40,5cs purchase in a month,1,3,Vadnais Heights:1;Chanhassen:4;Roseville:5;Minnetonka:8;Minneapolis:30
Dulce Vida Anejo 750ml,Agave,Phillips Wine & Spirits - St. Paul,29,0.2,124.3,31.66,44.99,39.96,30,Case 1,1,3,Roseville:2;St. Louis Park:3;Plymouth:5;Stillwater:8;Ramsey:11
Dulce Vida Tequila Blanco 750ml,Agave,Phillips Wine & Spirits - St. Paul,13,0.2,64.3,23.24,38.99,,40,Case 1,1,2,Roseville:1;Stillwater:3;Minnetonka:9
Yellowstone Single Malt 750ml,Whisky/Whiskey,"Vinocopia, Inc",2,0.2,11.7,37.63,47.99,39.96,22,,1,1,Stillwater:2
Wheel Horse Bourbon Cigar Blend 750ml,Whisky/Whiskey,Bellboy Corporation,1,0.2,4.3,20.5,37.99,31.96,46,,1,3,Blaine:1
Sqrrl Peanut Butter Whiskey 750ml,Whisky/Whiskey,Southern Glazer's Wine & Spirits of MN,10,0.2,42.9,14.42,20.99,17.96,31,,1,3,Chanhassen:2;Minnetonka:4;Osseo:4
Square One Cucumber 750ml,Vodka,"Vinocopia, Inc",0,0.2,0.0,27.92,34.99,,20,,1,1,
Southern Comfort 100pf Liter,Whisky/Whiskey,"Breakthru Beverage Minnesota Wine & Spirits, LLC",4,0.2,23.4,19.3,25.99,,26,15 case deal,1,1,Stillwater:4
Sobieski Vodka Liter,Vodka,"Breakthru Beverage Minnesota Wine & Spirits, LLC",7,0.2,45.0,10.54,14.99,12.96,30,5 case deal on invoice,0,5,St. Louis Park:2;Bloomington:5
Southern Comfort 100pf 1.75L,Whisky/Whiskey,"Breakthru Beverage Minnesota Wine & Spirits, LLC",1,0.2,5.8,19.94,34.99,29.96,43,15 case deal,1,1,Stillwater:1
Southern Comfort 100pf 375ml,Whisky/Whiskey,"Breakthru Beverage Minnesota Wine & Spirits, LLC",1,0.2,5.8,6.98,13.99,,50,15 case deal,1,1,Ramsey:1
Gran Coramino Reposado Tequila 375ml,Agave,Johnson Brothers - St. Paul,34,0.2,168.1,18.84,30.99,26.96,39,,1,2,Andover:11;Roseville:23
Glenmorangie X 750ml,Whisky/Whiskey,Johnson Brothers - St. Paul,17,0.2,84.1,24.18,29.99,,19,Case 1,1,2,Stillwater:2;Plymouth:3;Ramsey:3;Rosemount:9
Gold Spot Irish Whiskey 700ml,Whisky/Whiskey,Southern Glazer's Wine & Spirits of MN,9,0.2,52.6,151.63,219.99,,31,Case1,1,1,St. Louis Park:4;Blaine:5
Goldschlager Liter,Schnapps,"Breakthru Beverage Minnesota Wine & Spirits, LLC",9,0.2,52.6,18.6,25.99,,28,,1,1,Blaine:9
Dampfwerk Helgolander Herbal Liqueur 375ml,Cordials,The Wine Company,8,0.2,39.6,21.46,30.99,,31,,1,2,Woodbury:1;Chanhassen:3;Andover:4
Dampfwerk London Dry Gin 750ml,Gin,The Wine Company,4,0.2,19.8,26.25,40.99,,36,,1,2,Bloomington:2;Minnetonka:2
DOM B&B Liqueur 375ml,Cordials,Southern Glazer's Wine & Spirits of MN,13,0.2,64.3,13.57,22.99,,41,,1,2,Blaine:6;Cottage Grove:7
Cruzan Light Rum Liter,Rum,Southern Glazer's Wine & Spirits of MN,7,0.2,40.9,7.91,14.99,12.96,47,,1,1,Minnetonka:7
Oxley Gin 750ml,Gin,Southern Glazer's Wine & Spirits of MN,3,0.2,17.5,26.92,33.99,28.86,21,,1,1,Ramsey:3
Drink Wisconsinbly Brandy 750ml,Brandy,"Vinocopia, Inc",2,0.2,9.9,18.25,29.99,24.96,39,Net Down Pricing,1,2,Woodbury:2
Drink Wisconsinbly Cherry Lime RTD 12oz 4pk Cans,,"Vinocopia, Inc",13,0.2,55.7,10.0,15.99,13.96,37,Net Down Pricing,1,3,Bloomington:1;Cottage Grove:3;Woodbury:9
Drake's Organic White Rum 750ml,Rum,Southern Glazer's Wine & Spirits of MN,10,0.2,58.4,18.0,22.99,,22,,1,1,Osseo:10
Ole Smoky Peanut Butter Whiskey 750ml,Whisky/Whiskey,Southern Glazer's Wine & Spirits of MN,0,0.2,0.0,15.88,26.99,22.96,41,,0,5,
J. Carver Barrel Gin 750ml,Gin,The Wine Company,2,0.2,11.7,24.33,45.99,37.96,47,,1,1,Vadnais Heights:2
Infuse Peach 750ml,Vodka,,0,0.2,0.0,14.67,19.99,,27,,1,1,
Combier Liqueur D'Orange 750ml,Cordials,"Maverick Beverage Co., LLC - MN",17,0.2,68.3,27.12,43.99,36.96,38,,0,8,Woodbury:2;Andover:3;Vadnais Heights:3;Ramsey:4;Rosemount:5
CleanCo Spiced Apple Vodka Alternative 700ml,Vodka,Southern Glazer's Wine & Spirits of MN,7,0.2,40.9,18.7,30.49,25.96,39,,1,1,Stillwater:1;Minnetonka:6
CleanCo Tequila Alternative 700ml,Agave,Southern Glazer's Wine & Spirits of MN,11,0.2,50.5,18.7,30.49,25.96,39,,0,7,Roseville:1;Chanhassen:2;Minnetonka:2;Woodbury:2;Osseo:4
Clermont Steep American Single Malt 750ml,Whisky/Whiskey,Southern Glazer's Wine & Spirits of MN,21,0.2,103.8,38.7,65.99,44.95,41,,1,2,Plymouth:1;Andover:3;Osseo:3;Rosemount:4;St. Louis Park:5;Stillwater:5
Codigo 1530 Mezcal 750ml,Agave,"Vinocopia, Inc",1,0.2,4.9,45.33,59.99,49.96,24,,1,2,St. Louis Park:1
Truly Strawberry Lemonade Vodka 1.75L,Vodka,Southern Glazer's Wine & Spirits of MN,2,0.2,12.9,16.18,23.99,19.96,33,,0,5,Chanhassen:2
Truly Pineapple Mango Vodka 1.75L,Vodka,Southern Glazer's Wine & Spirits of MN,5,0.2,29.2,16.18,23.99,19.96,33,,1,1,Chanhassen:1;St. Louis Park:2;Vadnais Heights:2
Absolut Juice Strawberry Liter,Vodka,Southern Glazer's Wine & Spirits of MN,33,0.2,163.2,13.35,20.99,18.41,36,,1,2,Chanhassen:33
99 Pineapples 375ml,Schnapps,Southern Glazer's Wine & Spirits of MN,1,0.2,4.3,5.03,9.99,8.96,50,,1,3,Ramsey:1
Western Son Cucumber 50ml,Vodka,Johnson Brothers - St. Paul,1,0.2,4.0,0.7,1.49,1.24,53,Net Down Case Price,0,8,Ramsey:1
Cincoro Tequila Anejo 750ml,Agave,Southern Glazer's Wine & Spirits of MN,3,0.2,17.5,95.19,144.99,124.96,34,Case 1,1,1,Blaine:3
1800 Ult Margarita Wild Berry 1.75L,Pre-Mix,Johnson Brothers - St. Paul,2,0.2,11.7,13.1,20.99,17.96,38,Case 1 Pricing,1,1,Bloomington:2
Twisted Tea Whiskey Liter,Whisky/Whiskey,Southern Glazer's Wine & Spirits of MN,0,0.1,0.0,14.53,28.99,,50,,0,4,
Dekuyper Triple Sec 1.75L,Cordials,Southern Glazer's Wine & Spirits of MN,2,0.1,21.4,11.38,16.99,,33,,0,3,Bloomington:2
Dekuyper Sour Apple Pucker Liter,Schnapps,Southern Glazer's Wine & Spirits of MN,9,0.1,160.1,6.73,13.79,11.96,51,,0,2,Stillwater:9
J.W. Kelly Bourbon 750ml,Whisky/Whiskey,,4,0.1,64.3,30.04,37.99,29.95,21,,0,2,Woodbury:1;Osseo:3
Noilly Prat Sweet Vermouth 375ml,Vermouth,Southern Glazer's Wine & Spirits of MN,10,0.1,160.7,5.83,9.99,7.96,42,,0,2,Woodbury:10
D'usse XO 750ml,Brandy,Southern Glazer's Wine & Spirits of MN,10,0.1,107.1,114.14,179.99,149.96,37,,0,3,Cottage Grove:1;Osseo:2;St. Louis Park:3;Minnetonka:4
Penelope Four Grain Bourbon Barrel Strength 750ml,Whisky/Whiskey,Southern Glazer's Wine & Spirits of MN,0,0.1,0.0,45.13,71.99,59.96,37,,0,2,
Northland Organic Vodka 1.75L,Vodka,Small Lot MN,2,0.1,32.1,23.29,43.99,36.96,47,,0,2,Andover:2
Bordiga Rosso Vermouth 375ml,Vermouth,The Wine Company,4,0.1,64.3,20.92,31.99,27.96,35,,0,2,Plymouth:2;Vadnais Heights:2
Smirnoff Peach Lemonade 1.75L,Vodka,Johnson Brothers - St. Paul,1,0.1,16.1,15.96,21.99,,27,,0,2,Roseville:1
Diega Green Gin 750ml,Gin,"New France Wine Co, Inc",10,0.1,160.7,21.71,34.99,29.96,38,,0,2,Bloomington:10
Smirnoff Recipe No 21 750ml,Vodka,,10,0.1,80.4,4.46,19.99,,78,,0,4,Stillwater:10
Pearse Lyon Irish Whiskey 7yr 750ml,Whisky/Whiskey,"Grape Beginnings, Inc.",8,0.1,128.6,30.25,39.99,33.86,24,,0,2,Minnetonka:8
Patron Silver Tequila 1.75L,Agave,Southern Glazer's Wine & Spirits of MN,3,0.1,32.1,63.41,99.99,,37,,0,3,Vadnais Heights:3
Ole Smoky Peaches 750ml,Whisky/Whiskey,Southern Glazer's Wine & Spirits of MN,3,0.1,32.1,16.94,25.99,21.96,35,,0,3,Andover:3
Tippy Cow Vanilla Soft Serve 750ml,Cordials,Johnson Brothers - St. Paul,5,0.1,53.6,15.18,22.99,,34,,0,3,Vadnais Heights:2;Cottage Grove:3
Ole Smoky Salty Watermelon 50ml,Whisky/Whiskey,Discontinued,10,0.1,160.7,,2.99,,,,0,2,Plymouth:10
Applewood Gin 750ml,Gin,"New France Wine Co, Inc",10,0.1,160.7,27.08,42.99,35.96,37,,0,2,Bloomington:10
Takamine 8yr Whiskey 750ml,Whisky/Whiskey,"Grape Beginnings, Inc.",0,0.1,0.0,75.5,87.99,72.95,14,,0,2,
Stranahan's Blue Peak Single Malt 750ml,Whisky/Whiskey,Johnson Brothers - St. Paul,10,0.1,160.7,24.93,41.99,34.96,41,Buy 3cs get 1cs Blue Peak Free,0,2,St. Louis Park:2;Blaine:3;Stillwater:5
New Riff Barrel Aged Gin 750ml,Gin,Johnson Brothers - St. Paul,0,0.1,0.0,23.18,41.99,34.96,45,,0,2,
Kilkerran 8 Year Old Cask Strength 700ml,Scotch Whisky,"New France Wine Co, Inc",0,0.1,0.0,82.08,119.99,101.96,32,Allocated,0,2,
Fee Bros Aztec Choc Bitters 5oz,Mixes,Bellboy Corporation,7,0.1,112.5,8.86,15.99,12.96,45,8.77-btl,0,2,Vadnais Heights:7
Kilchoman Sanaig Islay 750ml,Whisky/Whiskey,The Wine Company,0,0.1,0.0,56.92,70.99,59.96,20,,0,3,
Jack Daniels Single Barrel Heritage 25' 750ml,Whisky/Whiskey,Johnson Brothers - St. Paul,6,0.1,48.2,52.87,69.99,,24,,0,4,Osseo:2;Bloomington:4
Far North Roknar Bonded Straight Rye Whiskey 750ml,Whisky/Whiskey,The Wine Company,4,0.1,42.9,46.25,64.99,,29,,0,3,Cottage Grove:1;Ramsey:3
Goslings Tropical Tonic Water,Mixes,"Vinocopia, Inc",16,0.1,171.4,5.17,8.99,7.96,42,Case 1,0,3,Chanhassen:2;Plymouth:2;Woodbury:2;Osseo:3;Vadnais Heights:3;Roseville:4
Far North Gustaf Navy St Gin 750ml,Gin,The Wine Company,7,0.1,75.0,26.25,34.99,29.86,25,,0,3,Stillwater:7
Old Bardstown Bourbon 750ml,Whisky/Whiskey,Phillips Wine & Spirits - St. Paul,13,0.1,139.3,15.26,24.99,20.96,39,Case 1,0,3,Plymouth:2;Chanhassen:3;Cottage Grove:8
Far North Alander Spiced Rum 750ml,Rum,The Wine Company,2,0.1,21.4,22.25,30.49,25.95,27,,0,3,Minnetonka:2
Rondiaz Spiced Black Cherry 1.75L,Rum,Johnson Brothers - St. Paul,12,0.1,192.9,10.92,20.99,17.96,48,7 free Spiced 1.75 on 16 mix all 1.75,0,2,Osseo:2;Minnetonka:10
Don Fulano Blanco Suave 750ml,Agave,Johnson Brothers - St. Paul,6,0.1,64.3,41.35,54.99,,25,,0,3,Ramsey:6
Milagro Silver Tequila 1.75L,Agave,"Breakthru Beverage Minnesota Wine & Spirits, LLC",0,0.1,0.0,35.86,48.99,,27,5cs purchase in a month,0,2,
Smoke Wagon Whiskey Uncut Unfiltered Bourbon 750ml,Whisky/Whiskey,Southern Glazer's Wine & Spirits of MN,0,0.1,0.0,57.88,91.99,76.46,37,,0,2,
King's County Spiced Whiskey 750ml,Whisky/Whiskey,Libation Project,2,0.1,32.1,34.0,47.99,39.95,29,,0,2,Andover:1;St. Louis Park:1
Patron Reposado Tequila 1.75L,Agave,,0,0.1,0.0,72.99,109.99,94.96,34,,0,3,
Longrow Peated Cask Strength 700ml,Whisky/Whiskey,"New France Wine Co, Inc",0,0.1,0.0,82.08,119.99,101.96,32,Allocated,0,2,
Dekuyper Watermelon Pucker Traveler,Schnapps,Southern Glazer's Wine & Spirits of MN,2,0.1,21.4,6.73,11.49,9.96,41,,0,3,Cottage Grove:2
Carpano Classico Vermouth 375ml,Vermouth,"Breakthru Beverage Minnesota Wine & Spirits, LLC",24,0.1,257.1,11.35,20.99,17.96,46,,0,3,Roseville:6;Chanhassen:7;St. Louis Park:11
Fireball Yule Nog 750ml,Whisky/Whiskey,"Breakthru Beverage Minnesota Wine & Spirits, LLC",24,0.1,257.1,9.75,14.99,9.95,35,,0,3,Vadnais Heights:1;Osseo:2;Woodbury:4;Stillwater:7;Cottage Grove:10
Raynal VSOP 750ml,Brandy,"Breakthru Beverage Minnesota Wine & Spirits, LLC",22,0.1,235.7,12.42,15.99,,22,,0,3,Bloomington:10;Roseville:12
Smooth Ambler Old Scout 750ml,Whisky/Whiskey,Southern Glazer's Wine & Spirits of MN,19,0.1,305.4,28.62,41.99,,32,,0,2,Blaine:2;Osseo:8;Ramsey:9
Blue Chair Bay Coconut Spiced Cream 750ml,Cordials,"Breakthru Beverage Minnesota Wine & Spirits, LLC",1,0.1,16.1,14.35,23.99,19.96,40,5cs purchase in a month,0,2,Vadnais Heights:1
Courvoisier VS Cognac 375ml,Brandy,Southern Glazer's Wine & Spirits of MN,2,0.1,21.4,10.11,23.99,19.96,58,,0,3,Blaine:2
McAdams Canadian 1.75L,Whisky/Whiskey,Johnson Brothers - St. Paul,8,0.1,128.6,11.15,21.99,17.96,49,1 on 6,0,2,Andover:1;Chanhassen:1;Cottage Grove:3;Minnetonka:3
Kinky Green 50ml,Cordials,Discontinued,3,0.1,48.2,0.51,1.49,1.24,66,1 free on 3. Kinky Pink 50ml as Free Good,0,2,Blaine:3
Barrell Craft Gray Label Bourbon 750ml,Whisky/Whiskey,"Maverick Beverage Co., LLC - MN",2,0.1,32.1,120.5,239.99,199.95,50,Allocated,0,2,Blaine:1;Roseville:1
Codigo 1530 Anejo 750ml,Agave,"Vinocopia, Inc",3,0.1,48.2,82.63,119.99,99.96,31,M&M 5 Cases Receive 1 Case Blanco NC,0,2,Andover:3
Drink Wisconsinbly Cran Apple RTD 12oz 4pk Cans,,"Vinocopia, Inc",12,0.1,192.9,10.0,15.99,13.96,37,Net Down Pricing,0,2,Stillwater:1;Cottage Grove:2;Rosemount:3;Woodbury:6
Drink Wisconsinbly Orange RTD 12oz 4pk Cans,,"Vinocopia, Inc",13,0.1,208.9,10.0,15.99,13.96,37,Net Down Pricing,0,2,Rosemount:2;Cottage Grove:5;Woodbury:6
Drink Wisconsinbly Vodka 750ml,Vodka,"Vinocopia, Inc",0,0.1,0.0,15.62,18.99,16.86,18,Net Down Pricing,0,2,
Arrow Kirsch 750ml,Cordials,Southern Glazer's Wine & Spirits of MN,4,0.1,64.3,8.57,14.99,12.96,43,,0,2,Bloomington:4
Campo Azul Gran Classico Tequila Blanco Liter,Agave,"New France Wine Co, Inc",10,0.1,80.4,20.21,31.99,26.96,37,Rewards sale pricing,0,4,Woodbury:3;Chanhassen:7
Campbelltown Loch 700ml,Whisky/Whiskey,"New France Wine Co, Inc",34,0.1,562.2,43.5,74.99,62.96,42,Allocated,0,2,Rosemount:1;Andover:4;Woodbury:4;Chanhassen:5;Blaine:6;Roseville:6;St. Louis Park:8
Copper & Cask Small Batch #12 750ml,Whisky/Whiskey,Bellboy Corporation,1,0.1,10.7,35.5,63.99,52.96,45,,0,3,Roseville:1
Jim Beam Orange 750ml,Whisky/Whiskey,,16,0.1,171.4,12.56,20.99,17.96,40,,0,3,Roseville:4;St. Louis Park:5;Chanhassen:7
El Popo Avila Reposado Tequila 750ml,Agave,"New France Wine Co, Inc",37,0.1,396.4,45.42,72.99,60.96,38,,0,3,Minneapolis:3;Roseville:3;Andover:4;Blaine:4;Plymouth:4;Rosemount:4;Chanhassen:5;Cottage Grove:5;Osseo:5
Bubbas Secret Still Chocolate Marshmallow 750ml,Whisky/Whiskey,Phillips Wine & Spirits - St. Paul,5,0.1,80.4,15.17,25.99,21.96,42,Case 1,0,2,Andover:2;Blaine:3
Cocktail Courier Can Margarita  1.75L,Pre-Mix,"Maverick Beverage Co., LLC - MN",0,0.1,0.0,18.29,33.99,,46,,0,2,
CleanCo Rum Alternative 700ml,Rum,Southern Glazer's Wine & Spirits of MN,7,0.1,112.5,18.7,30.49,25.96,39,,0,2,Minnetonka:3;Osseo:4
Real Del Valle Tequila Reposado 750ml,Agave,"Maverick Beverage Co., LLC - MN",6,0.1,96.4,21.12,33.49,27.96,37,,0,2,Blaine:2;Minneapolis:4
Clase Azul Plata Tequila 750ml,Agave,Southern Glazer's Wine & Spirits of MN,9,0.1,144.6,113.13,155.99,129.96,27,,0,2,Rosemount:1;Blaine:2;Bloomington:2;Minneapolis:2;St. Louis Park:2
Tattersall Sour Cherry 750ml,Cordials,Phillips Wine & Spirits - St. Paul,6,0.1,96.4,22.68,35.99,,37,Case 1,0,2,Ramsey:2;Blaine:4
Truly Wild Berry Vodka 1.75L,Vodka,Southern Glazer's Wine & Spirits of MN,10,0.1,160.7,16.18,23.99,19.96,33,,0,2,Rosemount:2;St. Louis Park:3;Osseo:5
Starr Blu Vodka 750ml,Vodka,Johnson Brothers - St. Paul,5,0.1,80.4,5.8,16.99,,66,,0,2,Andover:5
Don Q Gran Reserva Anejo XO 750ml,Rum,Johnson Brothers - St. Paul,3,0.1,32.1,34.52,59.99,49.96,42,Case 1 Pricing,0,3,Roseville:1;Bloomington:2
Kurvball Whiskey 750ml,Whisky/Whiskey,Southern Glazer's Wine & Spirits of MN,8,0.1,64.3,18.79,26.99,19.95,30,,0,4,Osseo:1;Ramsey:1;St. Louis Park:6
Du Nord Caf� Frieda 750ml,Cordials,Phillips Wine & Spirits - St. Paul,2,0.1,21.4,24.1,37.99,31.96,37,Case 1,0,3,Minneapolis:2
Malibu Watermelon Rum Liter,Rum,Southern Glazer's Wine & Spirits of MN,10,0.1,107.1,13.56,19.99,16.96,32,,0,3,Minnetonka:1;Osseo:1;Andover:8
Crooked Water Sundog Gin 750ml,Gin,Johnson Brothers - St. Paul,2,0.1,32.1,,34.99,,,,0,2,Blaine:2
Panther Minnesota 14 Whiskey 750ml,Whisky/Whiskey,Phillips Wine & Spirits - St. Paul,6,0.1,96.4,26.43,44.99,,41,Case 1,0,2,Cottage Grove:1;Minneapolis:5
Spirit Works Vodka 750ml,Vodka,Bellboy Corporation,2,0.1,32.1,19.0,29.99,,37,,0,2,Minnetonka:2
Partida Anejo Tequila 750ml,Agave,"Breakthru Beverage Minnesota Wine & Spirits, LLC",5,0.1,80.4,47.44,59.99,,21,,0,2,Blaine:5
Bulleit Bourbon 375ml,Whisky/Whiskey,Phillips Wine & Spirits - St. Paul,2,0.1,16.1,14.38,23.99,19.96,40,Case 1,0,4,Woodbury:2
Revel Stoke Roasted Apple Liter,Whisky/Whiskey,Phillips Wine & Spirits - St. Paul,10,0.1,160.7,12.83,23.99,19.96,47,1 on 9 mix & match,0,2,Roseville:2;Bloomington:8
Midleton Very Rare 750ml,Whisky/Whiskey,Bellboy Corporation,0,0.1,0.0,225.33,329.99,274.96,32,,0,2,
Flor de Azar Triple Sec 750ml,Cordials,"Bourget Imports, LLC",6,0.1,64.3,28.29,41.49,35.96,32,,0,3,Minnetonka:2;St. Louis Park:4
Revel Stoke Peanut Butter Liter,Whisky/Whiskey,Phillips Wine & Spirits - St. Paul,21,0.1,337.5,12.83,20.99,17.96,39,1 on 9 mix & match,0,2,Vadnais Heights:4;Minnetonka:5;Osseo:12
Marti Dorado Rum 750ml,Rum,Bellboy Corporation,8,0.1,128.6,14.21,18.99,15.95,25,,0,2,Cottage Grove:8
Gin Lane 1751 London Dry Gin 750ml,Gin,Bellboy Corporation,1,0.1,10.7,16.0,26.99,9.97,41,,0,3,Chanhassen:1
Bumbu Rum 375ml,Rum,Southern Glazer's Wine & Spirits of MN,4,0.1,42.9,16.18,26.99,22.96,40,Case 1,0,3,Osseo:4
Puntagave Sotol 750ml,Agave,"Tradition Wine & Spirits, LLC",1,0.1,16.1,36.0,38.99,32.86,8,,0,2,Minnetonka:1
Ciroc Pineapple Passion Spritz 750ml,Pre-Mix,Johnson Brothers - St. Paul,0,0.1,0.0,6.25,11.49,9.95,46,,0,2,
Pinhook (Green) Kentucky Straight Rye 2024,Whisky/Whiskey,The Wine Company,21,0.1,168.8,12.44,46.99,39.95,74,,0,4,Andover:1;Minnetonka:1;Blaine:2;Minneapolis:2;Osseo:2;Roseville:2;Vadnais Heights:2;Rosemount:9
Mathilde Framboise Liqueur 375ml,Cordials,Bellboy Corporation,9,0.1,96.4,11.45,15.99,13.96,28,,0,3,Osseo:1;Chanhassen:2;Minnetonka:6
Gamle Ode Aquavit Dill 750ml,Cordials,"Vinocopia, Inc",17,0.1,136.6,26.17,41.99,34.96,38,Case 1,0,4,Woodbury:2;Blaine:3;Roseville:5;St. Louis Park:7
Pimms No 1 750ml,Cordials,Southern Glazer's Wine & Spirits of MN,30,0.1,241.1,16.67,25.99,,36,Case 1,0,4,Ramsey:2;Roseville:2;Minnetonka:3;Andover:6;St. Louis Park:6;Bloomington:11
Virginia Dist American Single Malt Cabernet Cask 750ml,Whisky/Whiskey,"Breakthru Beverage Minnesota Wine & Spirits, LLC",10,0.1,160.7,30.0,46.99,39.96,36,,0,2,Roseville:5;St. Louis Park:5
BuzzBallz Tequila'Rita 187ml,Pre-Mix,Phillips Wine & Spirits - St. Paul,0,0.1,0.0,1.07,4.74,3.96,77,,0,3,
George Dickel Bottled in Bond 13yr 750ml,Whisky/Whiskey,Johnson Brothers - St. Paul,16,0.1,257.1,37.59,53.99,44.96,30,Case 1,0,2,Ramsey:1;St. Louis Park:1;Cottage Grove:6;Andover:8
Villa One Anejo Tequila 750ml,Agave,Johnson Brothers - St. Paul,1,0.1,16.1,41.74,59.99,,30,,0,2,Vadnais Heights:1
45th Parallel WI Wheat Whiskey 750ml,Whisky/Whiskey,"Vinocopia, Inc",3,0.1,32.1,39.17,53.99,44.96,27,Case 1,0,3,Plymouth:1;Cottage Grove:2
Dorda Sea Salt Caramel 750ml,Cordials,Southern Glazer's Wine & Spirits of MN,12,0.1,128.6,20.38,29.99,24.96,32,,0,3,Plymouth:1;Minnetonka:2;Blaine:9
Western Son Lime Liter,Vodka,Johnson Brothers - St. Paul,1,0.1,16.1,9.93,15.99,13.46,38,Net Down Case Price,0,2,Roseville:1
1792 Full Proof 750ml,Whisky/Whiskey,"Breakthru Beverage Minnesota Wine & Spirits, LLC",1,0.1,8.0,33.67,48.99,39.96,31,,0,4,Blaine:1
Rowan's Creek Bourbon 750ml,Whisky/Whiskey,Phillips Wine & Spirits - St. Paul,0,0.1,0.0,33.93,57.99,47.96,41,Case 1,0,3,
Grand Marnier Liqueur 200ml,Cordials,Bellboy Corporation,12,0.1,192.9,8.92,11.99,,26,,0,2,Minneapolis:12
High Noon Watermelon 12oz can,Pre-Mix,,0,0.1,0.0,0.49,2.59,,81,,0,2,
Rum Chata Coconut Cream 750ml,Cordials,Johnson Brothers - St. Paul,2,0.1,32.1,16.22,25.99,21.96,38,DEEP NET.  SOND deep net,0,2,Chanhassen:2
Kahlua Vanilla 750ml,Cordials,Southern Glazer's Wine & Spirits of MN,11,0.1,176.8,18.04,33.49,27.96,46,,0,2,Roseville:2;Vadnais Heights:3;Bloomington:6
Sauza 100 Anos Verde Reposado 750ml,Agave,Southern Glazer's Wine & Spirits of MN,3,0.1,48.2,12.07,13.99,12.86,14,,0,2,Plymouth:3
Bushmills Black Bush 750ml,Whisky/Whiskey,Johnson Brothers - St. Paul,0,0.1,0.0,22.25,35.49,29.96,37,Case One,0,4,
Dulce Vida Pineapple Jalapeno 750ml,Agave,Phillips Wine & Spirits - St. Paul,6,0.1,96.4,18.55,29.99,24.96,38,Case 1,0,2,Stillwater:6
Kentucky Owl Wiseman Bourbon 750ml,Whisky/Whiskey,Johnson Brothers - St. Paul,13,0.1,208.9,30.18,47.99,39.95,37,Case 1 Pricing,0,2,Andover:2;Vadnais Heights:2;Stillwater:3;Minnetonka:6
Russell's Reserve Rye 6yr 750ml,Whisky/Whiskey,Bellboy Corporation,0,0.1,0.0,33.5,42.99,,22,,0,2,
Ezra Brooks Bourbon Cream 750ml,Cordials,"Vinocopia, Inc",7,0.1,112.5,16.63,23.99,19.96,31,,0,2,Blaine:1;Chanhassen:1;Bloomington:5
Haus Citrus Aperitif 750ml,Cordials,Libation Project,20,0.1,321.4,23.39,39.99,29.86,42,,0,2,Cottage Grove:2;Chanhassen:3;Minnetonka:3;Plymouth:4;Woodbury:8
Judges Water Vodka 750ml,Vodka,Bellboy Corporation,30,0.1,241.1,20.17,31.99,26.96,37,5cs receive 3btls free across chain same week,0,4,Andover:1;Roseville:3;St. Louis Park:3;Blaine:4;Plymouth:4;Osseo:5;Vadnais Heights:5;Woodbury:5
Bushmills Original 375ml,Whisky/Whiskey,Johnson Brothers - St. Paul,41,0.1,658.9,10.84,15.99,,32,Case One,0,2,Vadnais Heights:2;Blaine:8;Cottage Grove:12;Minneapolis:19
21 Seeds Valencia Orange Tequila 750ml,Agave,Phillips Wine & Spirits - St. Paul,4,0.1,32.1,21.02,35.49,29.96,41,Case 1 Must hit 4 cs within month,0,4,Osseo:4
Seagrams Extra Dry Gin 50ml,Gin,Southern Glazer's Wine & Spirits of MN,14,0.1,225.0,8.57,1.99,,-331,,0,2,Cottage Grove:14
45th Parallel New Richmond Rye Whiskey 750ml,Whisky/Whiskey,"Vinocopia, Inc",10,0.1,80.4,39.17,53.99,44.96,27,Case 1,0,4,Blaine:2;Stillwater:2;St. Louis Park:6
Dampfwerk Pear Brandy 375ml,Brandy,The Wine Company,0,0.1,0.0,26.62,29.99,24.95,11,,0,2,
Basil Hayden's 10 yr 750ml,Whisky/Whiskey,Southern Glazer's Wine & Spirits of MN,2,0.1,32.1,60.13,89.99,74.96,33,,0,2,Blaine:1;St. Louis Park:1
Evan Williams Single BBL 750ml,Whisky/Whiskey,Southern Glazer's Wine & Spirits of MN,3,0.1,48.2,26.38,38.99,,32,30 6PK Allocation,0,2,Minneapolis:3
Prairie Organic Cucumber Vodka 1.75L,Vodka,Phillips Wine & Spirits - St. Paul,9,0.1,96.4,22.35,35.49,29.96,37,3 free vodka 1.75 free on 21cases monthly,0,3,Ramsey:3;Minnetonka:6
Dekuyper Blueberry Liter,Schnapps,Southern Glazer's Wine & Spirits of MN,5,0.1,40.2,6.73,13.99,,52,,0,4,Blaine:5
Zing Zang RTD Blazing Bloody Mary 4pk 12oz can,Pre-Mix,Phillips Wine & Spirits - St. Paul,3,0.1,48.2,9.33,16.99,12.96,45,1 BMM 1.75 free on 10 mix & match,0,2,Bloomington:3
Bib & Tucker 10yr Bourbon 750ml,Whisky/Whiskey,Johnson Brothers - St. Paul,10,0.1,107.1,57.68,82.99,74.96,30,Case one,0,3,Andover:2;Blaine:3;St. Louis Park:5
Castillo Spiced Rum 1.75L,Rum,"Breakthru Beverage Minnesota Wine & Spirits, LLC",3,0.1,48.2,14.88,17.49,14.95,15,,0,2,Blaine:3
David Nicholson Reserve 750ml,Whisky/Whiskey,Libation Project,6,0.1,96.4,32.5,47.99,39.96,32,Case 1,0,2,Chanhassen:3;Vadnais Heights:3
Valentine Mayor Pingree Red Label 750ml,Whisky/Whiskey,,0,0.1,0.0,36.33,49.49,41.45,27,,0,2,
Benriach 10yr Scotch 750ml,Whisky/Whiskey,Johnson Brothers - St. Paul,2,0.1,32.1,0.18,54.99,49.96,100,,0,2,Andover:1;Blaine:1
Don Julio Anejo 375ml,Agave,Bellboy Corporation,6,0.1,64.3,23.75,33.99,28.96,30,case 1,0,3,St. Louis Park:6
Phillips Rootbeer Schnapps 375ml,Schnapps,Phillips Wine & Spirits - St. Paul,12,0.1,96.4,5.4,8.99,,40,Case 1,0,4,Woodbury:12
T&L Scotch 1.75L,Whisky/Whiskey,Johnson Brothers - St. Paul,4,0.1,42.9,16.69,24.99,,33,Case One,0,3,Cottage Grove:1;Minnetonka:3
Western Son Lemon Liter,Vodka,Johnson Brothers - St. Paul,5,0.1,80.4,9.93,15.99,13.46,38,Net Down Case Price,0,2,Plymouth:5
Windsor Apple 750ml,Whisky/Whiskey,Phillips Wine & Spirits - St. Paul,7,0.1,56.2,8.34,13.99,,40,Case 1,0,4,Minnetonka:7
Svedka Strawberry Lemonade Vod Liter,Vodka,Southern Glazer's Wine & Spirits of MN,7,0.1,75.0,9.81,17.49,14.96,44,,0,3,Plymouth:1;Minnetonka:3;St. Louis Park:3
Chuckle Rum 375ml,Rum,Bellboy Corporation,4,0.1,64.3,6.75,8.99,7.96,25,CASE 1,0,2,Minneapolis:4
Black Maple Hill Rye 750ml,Whisky/Whiskey,"Tradition Wine & Spirits, LLC",15,0.1,160.7,58.0,77.99,64.95,26,,0,3,Rosemount:1;Minnetonka:2;Chanhassen:5;Andover:7
Svedka Vodka 750ml,Vodka,Southern Glazer's Wine & Spirits of MN,2,0.1,32.1,6.94,12.99,10.96,47,"1 on 5, Free 80pf 750ml",0,2,Stillwater:1;Vadnais Heights:1
Black Velvet 200ml,Whisky/Whiskey,Southern Glazer's Wine & Spirits of MN,13,0.1,208.9,2.22,3.99,,44,,0,2,Ramsey:13
TCRL Panama 750ml,Rum,Libation Project,8,0.1,85.7,44.85,59.99,49.95,25,,0,3,Blaine:1;Rosemount:3;Chanhassen:4
Gilbeys Gin 1.75L,Gin,Bellboy Corporation,0,0.1,0.0,20.21,18.99,,-6,,0,3,
Bacardi Gold Reserva Ocho 8yr 375ml,Rum,Southern Glazer's Wine & Spirits of MN,0,0.1,0.0,5.08,19.99,,75,,0,2,
Gibson's Canadian Whisky 750ml,Whisky/Whiskey,"Breakthru Beverage Minnesota Wine & Spirits, LLC",0,0.1,0.0,17.35,29.99,24.96,42,1 case,0,2,
Jefferson's Marian Mclain Bourbon 750ml,Whisky/Whiskey,Southern Glazer's Wine & Spirits of MN,0,0.0,,225.13,359.99,299.96,37,,0,0,
Jayded AF Lemon Drop Gin Martini 750ml,Gin,Libation Project,0,0.0,,14.94,25.99,21.96,43,,0,0,
Grey Goose La Poire Vodka 750ml,Vodka,Southern Glazer's Wine & Spirits of MN,2,0.0,,18.54,28.99,23.96,36,,0,0,Woodbury:2
TCRL Jamaica 750ml,Rum,Libation Project,4,0.0,,47.5,53.99,44.95,12,Case 1,0,0,Chanhassen:1;Minnetonka:1;Cottage Grove:2
Jayded AF Cucumber Martini 750ml,Gin,Libation Project,0,0.0,,14.94,25.99,21.96,43,,0,0,
Jameson Cold Brew 750ml,Whisky/Whiskey,Southern Glazer's Wine & Spirits of MN,13,0.0,417.9,13.11,29.99,25.96,56,,0,1,Plymouth:1;Ramsey:2;Stillwater:4;St. Louis Park:6
Jameson Caskmates Stout 750ml,Whisky/Whiskey,Southern Glazer's Wine & Spirits of MN,10,0.0,,24.54,41.99,34.96,42,,0,0,Ramsey:2;Osseo:4;Plymouth:4
Jameson Caskmates IPA Edition 1.75L,Whisky/Whiskey,Southern Glazer's Wine & Spirits of MN,0,0.0,0.0,45.0,59.99,,25,,0,1,
Jim Beam Red Stag Black Cherry 1.75L,Whisky/Whiskey,Southern Glazer's Wine & Spirits of MN,0,0.0,,25.12,38.99,16.48,36,,0,0,
Brovo Witty Vermouth 750ml,Vermouth,"Grape Beginnings, Inc.",14,0.0,450.0,20.5,20.49,17.41,0,,0,1,Stillwater:5;Chanhassen:9
Jefferson's Rye Ocean Aged at Sea 750ml,Whisky/Whiskey,Southern Glazer's Wine & Spirits of MN,0,0.0,0.0,60.13,95.99,79.96,37,,0,1,
Brugal Especial Rum Liter,Rum,"Breakthru Beverage Minnesota Wine & Spirits, LLC",1,0.0,,18.31,24.99,20.95,27,,0,0,Cottage Grove:1
Arrogante Almond Liqueur 750ml,Agave,"Breakthru Beverage Minnesota Wine & Spirits, LLC",0,0.0,,18.39,24.99,,26,,0,0,
Bruichladdich The Classic Laddie 750ml,Whisky/Whiskey,Bellboy Corporation,3,0.0,,46.5,63.99,52.96,27,,0,0,Ramsey:1;Blaine:2
Svedka Strawberry Lemonade 750ml,Vodka,Southern Glazer's Wine & Spirits of MN,2,0.0,,6.94,12.99,10.96,47,"1 on 5, Free 80pf 750ml",0,0,St. Louis Park:2
Jim Beam Peach Liter,Whisky/Whiskey,Southern Glazer's Wine & Spirits of MN,2,0.0,,15.92,22.99,,31,,0,0,Plymouth:2
Alto Del Carmen Pisco 750ml,Cordials,Bellboy Corporation,0,0.0,0.0,15.58,19.99,,22,,0,1,
Christian Bros Apple Brandy 750ml,Brandy,Southern Glazer's Wine & Spirits of MN,8,0.0,,6.44,8.99,7.95,28,,0,0,Minnetonka:8
Angel's Envy Triple Oak Bourbon 750ml,Whisky/Whiskey,Southern Glazer's Wine & Spirits of MN,5,0.0,160.7,49.15,89.99,74.96,45,,0,1,Bloomington:5
Angostura 5yr Rum 750ml,Rum,Southern Glazer's Wine & Spirits of MN,2,0.0,,17.38,27.99,22.96,38,,0,0,Bloomington:2
Aviation Gin 1.75L,Gin,Johnson Brothers - St. Paul,0,0.0,0.0,41.52,59.99,49.95,31,,0,1,
Stolichnaya Vodka 50ml,Vodka,Johnson Brothers - St. Paul,104,0.0,,1.88,3.99,2.96,53,,0,0,Cottage Grove:104
Stolichnaya Vodka 750ml,Vodka,Johnson Brothers - St. Paul,0,0.0,,13.21,21.99,17.96,40,1 free 750 on 7 cases,0,0,
Chopin Wheat Vodka 750ml,Vodka,Southern Glazer's Wine & Spirits of MN,0,0.0,,22.63,29.99,,25,,0,0,
Chivas Regal Royal Salute 21 750ml,Whisky/Whiskey,Southern Glazer's Wine & Spirits of MN,0,0.0,,139.92,186.99,149.96,25,,0,0,
Apologue Saffron Liqueur 750ml,Cordials,"Tradition Wine & Spirits, LLC",4,0.0,,27.67,39.99,34.95,31,,0,0,Andover:4
Chivas Regal Mizunara 750ml,Whisky/Whiskey,Southern Glazer's Wine & Spirits of MN,0,0.0,,31.91,39.99,,20,,0,0,
Chivas Regal 18 Yr Scotch 750ml,Whisky/Whiskey,Southern Glazer's Wine & Spirits of MN,1,0.0,,64.63,74.99,62.45,14,,0,0,Stillwater:1
Chicago Distilling Finn's Gin 750ml,Gin,,4,0.0,,20.67,25.99,,20,,0,0,Woodbury:4
Chicago Distilling Ceres Vodka 750ml,Vodka,"Grape Beginnings, Inc.",3,0.0,,20.67,25.99,,20,,0,0,St. Louis Park:3
Chicago Distilling Blind Tiger Rye 750ml,Whisky/Whiskey,"Grape Beginnings, Inc.",0,0.0,,31.0,9.99,8.95,-210,,0,0,
Stranahan's Colorado Whiskey 750ml,Whisky/Whiskey,Johnson Brothers - St. Paul,4,0.0,128.6,32.43,59.99,49.96,46,Buy 3cs get 1cs Blue Peak Free,0,1,Blaine:2;Bloomington:2
Stranahan's Diamond Peak Whiskey 750ml,Whisky/Whiskey,Johnson Brothers - St. Paul,5,0.0,,52.5,65.99,,20,,0,0,Osseo:5
Studio Bourbon 750ml,Whisky/Whiskey,"Breakthru Beverage Minnesota Wine & Spirits, LLC",1,0.0,,33.94,46.99,,28,,0,0,Vadnais Heights:1
Studio Rye Whiskey 750ml,Whisky/Whiskey,"Breakthru Beverage Minnesota Wine & Spirits, LLC",15,0.0,,43.69,56.99,,23,,0,0,Vadnais Heights:3;Plymouth:4;Rosemount:8
Jim Beam Bourbon Cream 750ml,Cordials,Southern Glazer's Wine & Spirits of MN,38,0.0,1221.4,14.35,23.99,19.96,40,,0,1,Cottage Grove:1;Minnetonka:1;Chanhassen:3;Roseville:5;Woodbury:13;Osseo:15
Stellum Bourbon Cask Strength 750ml,Whisky/Whiskey,"Maverick Beverage Co., LLC - MN",5,0.0,,39.02,60.99,,36,,0,0,Chanhassen:2;Roseville:3
Stock 84 Liter,Brandy,Bellboy Corporation,0,0.0,,9.91,17.99,,45,,0,0,
Gruven Potato Vodka Liter,Vodka,"New France Wine Co, Inc",4,0.0,128.6,15.21,24.99,20.96,39,Rewards sale pricing,0,1,Minnetonka:4
Stolen Overproof Rum 375ml,Rum,"Breakthru Beverage Minnesota Wine & Spirits, LLC",4,0.0,,15.0,18.99,16.86,21,,0,0,Andover:4
Stoli Elit  1.75L,Vodka,Johnson Brothers - St. Paul,2,0.0,,80.37,119.99,99.96,33,Case 1 Pricing,0,0,Minnetonka:2
Stolichnaya Elit Vodka 750ml,Vodka,Johnson Brothers - St. Paul,0,0.0,0.0,30.18,49.99,,40,Case 1 Pricing,0,1,
Apologue Persimmon Liqueur 750ml,Cordials,"Tradition Wine & Spirits, LLC",16,0.0,,24.52,39.99,34.95,39,,0,0,Andover:2;Plymouth:2;Blaine:3;St. Louis Park:4;Rosemount:5
Chi-Chi's Pina Colada 1.75L,Pre-Mix,Southern Glazer's Wine & Spirits of MN,7,0.0,225.0,9.13,14.99,12.96,39,,0,1,Bloomington:7
Chattanooga Rye 99pf 750ml,Whisky/Whiskey,"Vinocopia, Inc",3,0.0,96.4,30.0,47.99,39.96,37,,0,1,Minnetonka:3
Auchentoshan American Oak 750ml,Whisky/Whiskey,Southern Glazer's Wine & Spirits of MN,0,0.0,,28.63,45.99,37.96,38,,0,0,
Crown Royal Black 750ml,Whisky/Whiskey,Phillips Wine & Spirits - St. Paul,0,0.0,,22.79,39.99,32.96,43,Case 1,0,0,
Crown Royal Black 1.75L,Whisky/Whiskey,Phillips Wine & Spirits - St. Paul,0,0.0,,46.68,59.99,,22,Case 1,0,0,
Suntory Ao World Whisky 700ml,Whisky/Whiskey,Southern Glazer's Wine & Spirits of MN,2,0.0,,52.63,74.99,65.96,30,,0,0,Minnetonka:1;Rosemount:1
Absolut Watermelon Liter,Vodka,Southern Glazer's Wine & Spirits of MN,1,0.0,32.1,13.17,24.99,21.96,47,,0,1,Minnetonka:1
Crop Organic Meyer Lemon Vodka 750ml,Vodka,Bellboy Corporation,0,0.0,,16.0,25.99,21.96,38,,0,0,
Admiral Nelson Pineapple Rum 1.75L,Rum,Southern Glazer's Wine & Spirits of MN,3,0.0,,15.0,19.99,16.95,25,,0,0,Osseo:3
Agassiz King of Lakes Premium 1L/ D,Accessories,Discontinued,8,0.0,257.1,14.99,18.99,,21,,0,1,Stillwater:8
Auchentoshan Three Wood 750ml,Whisky/Whiskey,Southern Glazer's Wine & Spirits of MN,2,0.0,,62.03,101.99,84.96,39,,0,0,St. Louis Park:2
Alma Del Jaguar Blanco 750ml,Agave,"Maverick Beverage Co., LLC - MN",2,0.0,64.3,35.31,53.99,44.96,35,1btl on 1 cs,0,1,Minneapolis:2
Crown Royal Blackberry 50ml,Whisky/Whiskey,,7,0.0,,1.19,2.29,1.96,48,1 on 15,0,0,Blaine:7
Slane Irish Whiskey 750ml,Whisky/Whiskey,Johnson Brothers - St. Paul,2,0.0,64.3,0.18,29.99,,99,,0,1,Minnetonka:2
Smirnoff Blueberry Vodka Liter,Vodka,Johnson Brothers - St. Paul,0,0.0,,10.18,18.99,15.96,46,,0,0,
Johnnie Walker High Rye 750ml,Whisky/Whiskey,Johnson Brothers - St. Paul,0,0.0,,27.09,31.99,,15,Case 1,0,0,
Johnny Drum Private Stock 750ml,Whisky/Whiskey,"Maverick Beverage Co., LLC - MN",0,0.0,,31.0,47.99,39.96,35,,0,0,
Jose Cuervo Auth Raspberry Colada Margarita 1.75L,Pre-Mix,Johnson Brothers - St. Paul,0,0.0,,10.0,18.99,15.96,47,1 free on 3,0,0,
Jose Cuervo Devil's Reserve Tequila Liter,Agave,Johnson Brothers - St. Paul,9,0.0,289.3,16.5,22.99,18.96,28,,0,1,Minnetonka:9
Jose Cuervo Tradicional Anejo 750ml,Agave,Johnson Brothers - St. Paul,2,0.0,,25.5,32.99,27.86,23,,0,0,Rosemount:2
Jose Cuervo Tradicional Gold 1.75L,Agave,Johnson Brothers - St. Paul,5,0.0,,20.98,40.99,33.96,49,Case 1,0,0,St. Louis Park:1;Roseville:4
Bacardi Gran Reserva Diez 750ml,Rum,Southern Glazer's Wine & Spirits of MN,1,0.0,32.1,23.63,34.99,13.47,32,,0,1,Osseo:1
Bacardi Grapefruit Rum Liter,Rum,Southern Glazer's Wine & Spirits of MN,0,0.0,,12.74,17.49,14.95,27,,0,0,
Bacardi Mango Fusion Liter,Rum,Southern Glazer's Wine & Spirits of MN,3,0.0,,12.01,19.99,,40,,0,0,Rosemount:3
Bacardi Raspberry Rum 1.75L,Rum,Southern Glazer's Wine & Spirits of MN,6,0.0,192.9,17.29,25.99,21.96,33,,0,1,Andover:3;Minnetonka:3
"Gray Duck Muddled Strawberry, Basil & Chili Liter",Pre-Mix,Johnson Brothers - St. Paul,3,0.0,,22.68,21.99,18.86,-3,Case 1,0,0,St. Louis Park:3
Skyy Pineapple Vodka Liter,Vodka,Southern Glazer's Wine & Spirits of MN,0,0.0,0.0,11.31,19.99,16.96,43,,0,1,
Skyy Vodka 375ml,Vodka,Southern Glazer's Wine & Spirits of MN,0,0.0,,6.06,11.49,9.96,47,,0,0,
Skyy Watermelon Liter,Vodka,,0,0.0,,13.21,19.99,,34,,0,0,
Glenmorangie A Winter's Tale 750ml,Whisky/Whiskey,Johnson Brothers - St. Paul,2,0.0,,75.0,95.99,79.95,22,,0,0,St. Louis Park:2
Glenrothes 12 Yr Single 750ml,Whisky/Whiskey,"Breakthru Beverage Minnesota Wine & Spirits, LLC",2,0.0,,63.94,95.99,79.96,33,,0,0,Minnetonka:2
Goldschlager 375ml,Schnapps,"Breakthru Beverage Minnesota Wine & Spirits, LLC",0,0.0,,10.02,16.99,,41,,0,0,
Gordons Gin Liter,Gin,Bellboy Corporation,6,0.0,,12.08,15.99,,24,Case 1,0,0,Minnetonka:6
Gordons Vodka 1.75L,Vodka,Johnson Brothers - St. Paul,3,0.0,,12.66,15.99,,21,Case 1,0,0,Rosemount:3
Gordons Vodka Liter,Vodka,Johnson Brothers - St. Paul,2,0.0,64.3,9.08,9.99,,9,Case 1,0,1,Plymouth:2
Gran Centenario Plata 750ml,Agave,Johnson Brothers - St. Paul,0,0.0,,21.93,32.99,,34,Case 1 Pricing,0,0,
Dampfwerk Barreled Gin 750ml,Gin,The Wine Company,2,0.0,64.3,34.25,49.99,,31,,0,1,Minnetonka:1;Osseo:1
Smirnoff Watermelon Vodka Liter,Vodka,Johnson Brothers - St. Paul,0,0.0,,10.17,18.99,15.96,46,Case 1 Must hit 8 cs within month,0,0,
Skyy Citrus Vodka Liter,Vodka,Southern Glazer's Wine & Spirits of MN,4,0.0,128.6,11.31,19.99,16.96,43,,0,1,Chanhassen:4
Dampfwerk Rabbit in the Rye 375ml,Cordials,The Wine Company,1,0.0,,28.62,41.99,,32,,0,0,Blaine:1
Dampfwerk Single Malt Whiskey 750ml,Whisky/Whiskey,The Wine Company,10,0.0,,44.25,65.99,54.96,33,,0,0,Cottage Grove:1;Minnetonka:1;Rosemount:1;Ramsey:2;Blaine:5
Dampfwerk Unaged Apple Brandy 375ml,Brandy,The Wine Company,0,0.0,,20.79,28.99,,28,,0,0,
Damrak Gin 750ml,Gin,"Breakthru Beverage Minnesota Wine & Spirits, LLC",0,0.0,,20.69,23.99,19.95,14,,0,0,
Dapper Baron's Coffee Liqueur 750ml,Cordials,"Maverick Beverage Co., LLC - MN",0,0.0,0.0,20.25,26.99,,25,,0,1,
Dapper Baron's Creme de Cacao 750ml,Cordials,"Maverick Beverage Co., LLC - MN",0,0.0,0.0,20.25,26.99,,25,,0,1,
Kilbeggan 750ml,Whisky/Whiskey,Phillips Wine & Spirits - St. Paul,0,0.0,,15.09,27.99,,46,3 bottles single grain free on 2 cases,0,0,
Kilbeggan Single Grain/Triple Cask 750ml,Whisky/Whiskey,Phillips Wine & Spirits - St. Paul,4,0.0,,18.18,35.49,29.96,49,3 bottles single grain free on 2 cases,0,0,Rosemount:4
Bombergers Kentucky Straight Bourbon 750ml,Whisky/Whiskey,Phillips Wine & Spirits - St. Paul,0,0.0,,105.12,149.99,,30,Case 1,0,0,
Boodles Gin Liter,Gin,Bellboy Corporation,6,0.0,192.9,21.42,26.99,,21,,0,1,Minnetonka:6
Bordiga Centum Herbis 700ml,Cordials,The Wine Company,0,0.0,,34.58,46.99,,26,,0,0,
Savage & Cooke Burning Chair Single Barrel 750ml,Whisky/Whiskey,Johnson Brothers - St. Paul,5,0.0,,51.67,59.99,49.95,14,,0,0,St. Louis Park:5
Kahlua RTD Mudslide 1.75L,Pre-Mix,Southern Glazer's Wine & Spirits of MN,1,0.0,,4.16,17.99,,77,,0,0,Roseville:1
Karkov 100 Proof Vodka 1.75L,Vodka,Johnson Brothers - St. Paul,0,0.0,,15.22,19.99,,24,,0,0,
Karkov Light Vodka 1.75L,Vodka,Johnson Brothers - St. Paul,1,0.0,,9.56,14.99,,36,,0,0,Vadnais Heights:1
Keeper's Heart 10yr Single Malt 700ml,Whisky/Whiskey,Phillips Wine & Spirits - St. Paul,9,0.0,,55.37,95.99,79.96,42,1 cs 10yr or 2 cs Irish + Am free on 36 mix and match,0,0,Cottage Grove:4;Blaine:5
Keeper's Heart Virgin Oak Irish/American Whiskey Top Ten Barrel Pick 700ml,Whisky/Whiskey,Phillips Wine & Spirits - St. Paul,4,0.0,,46.13,71.99,59.96,36,,0,0,St. Louis Park:4
Kentucky Owl Batch #11 750ml,Whisky/Whiskey,Johnson Brothers - St. Paul,0,0.0,,225.18,249.99,249.95,10,Case 1 Pricing,0,0,
Smirnoff Orange Vodka Liter,Vodka,Johnson Brothers - St. Paul,0,0.0,,10.17,15.99,13.96,36,Case 1 Must hit 8 cs within month,0,0,
Jura 10 Yr Scotch 750ml,Whisky/Whiskey,Johnson Brothers - St. Paul,1,0.0,32.1,42.67,47.99,39.96,11,Mix and Match all SKU's  Exclude 12 yr (1 free NAM Vodka 1L on 10 cases),0,1,Minnetonka:1
Jura 18 Yr Scotch 750ml,Whisky/Whiskey,Johnson Brothers - St. Paul,2,0.0,,72.25,119.99,99.96,40,Mix and Match all SKU's  Exclude 12 yr (1 free NAM Vodka 1L on 10 cases),0,0,Minnetonka:1;Roseville:1
Jura Seven Wood 750ml,Whisky/Whiskey,Johnson Brothers - St. Paul,0,0.0,,53.47,61.99,50.95,14,Mix and Match all SKU's  Exclude 12 yr (1 free NAM Vodka 1L on 10 cases),0,0,
KO Distiller's Reserve Bourbon 750ml,Whisky/Whiskey,,6,0.0,,49.5,77.99,64.96,37,,0,0,Andover:3;St. Louis Park:3
Kah Blanco Tequila 750ml,Agave,Bellboy Corporation,4,0.0,,38.83,59.99,49.96,35,,0,0,Osseo:1;Ramsey:3
Kah Reposado Tequila 750ml,Agave,Bellboy Corporation,2,0.0,,44.17,62.99,52.45,30,,0,0,Minnetonka:1;Ramsey:1
Seagrams 7 50ml,Whisky/Whiskey,Discontinued,11,0.0,,1.3,1.99,,35,,0,0,Chanhassen:11
Sprinter Vodka Soda Variety Pack 1 8pk 12oz can,Pre-Mix,Southern Glazer's Wine & Spirits of MN,0,0.0,,7.1,9.96,,29,,0,0,
Sprinter Vodka Soda Variety Pack 2 8pk 12oz can,Pre-Mix,DNU - Created from invalid import,0,0.0,,7.1,9.96,,29,,0,0,
St Agrestis Amaro 750ml,Cordials,,1,0.0,32.1,30.0,38.99,32.86,23,,0,1,Minnetonka:1
St Agrestis Black Manhattan BIB 1.75L Box,Pre-Mix,,4,0.0,,41.33,54.99,,25,,0,0,St. Louis Park:4
St Agrestis Inferno Bitter 750ml,Cordials,,3,0.0,96.4,26.67,34.99,,24,,0,1,Blaine:3
Southern Comfort 200ml,Whisky/Whiskey,"Breakthru Beverage Minnesota Wine & Spirits, LLC",0,0.0,0.0,2.77,6.49,5.96,57,15 case deal,0,1,
Southern Comfort 375ml,Whisky/Whiskey,"Breakthru Beverage Minnesota Wine & Spirits, LLC",0,0.0,,6.98,11.49,9.96,39,15 case deal,0,0,
Speyburn Companion Cask Top Ten 750ml,Whisky/Whiskey,Southern Glazer's Wine & Spirits of MN,0,0.0,,25.0,41.99,34.95,40,,0,0,
Spirit Works Sloe Gin 750ml,Gin,Bellboy Corporation,12,0.0,,25.0,35.49,29.96,30,,0,0,Chanhassen:1;Minnetonka:3;Ramsey:8
Spirit Works Straight Rye 750ml,Whisky/Whiskey,Bellboy Corporation,6,0.0,,30.0,49.99,,40,,0,0,Chanhassen:6
Spirit Works Straight Wheat 750ml,Whisky/Whiskey,Bellboy Corporation,2,0.0,,30.0,49.99,,40,,0,0,Minnetonka:2
Spiritless Kentucky 74 Spiced 700ml,Whisky/Whiskey,Johnson Brothers - St. Paul,3,0.0,96.4,22.06,33.49,27.96,34,Case 1 Pricing,0,1,Blaine:3
Smirnoff Whipped Vodka Liter,Vodka,Johnson Brothers - St. Paul,0,0.0,,10.17,17.99,15.96,43,Case 1 Must hit 8 cs within month,0,0,
Johnnie Walker Blue Year of the Dragon 750ml,Whisky/Whiskey,Johnson Brothers - St. Paul,4,0.0,,183.0,275.99,229.96,34,,0,0,Plymouth:1;Chanhassen:3
Soho Lychee Liqueur 750ml,Cordials,Southern Glazer's Wine & Spirits of MN,0,0.0,,18.19,29.99,,39,,0,0,
Somrus Indian Cream 750ml,Cordials,"Breakthru Beverage Minnesota Wine & Spirits, LLC",0,0.0,,16.12,27.99,,42,,0,0,
Song Cai Floral Gin 750ml,Gin,"New France Wine Co, Inc",11,0.0,353.6,30.42,45.99,39.96,34,,0,1,Bloomington:11
Sortilege Maple Liqueur 375ml,Cordials,Southern Glazer's Wine & Spirits of MN,0,0.0,,10.01,19.99,,50,,0,0,
Buffalo Trace 1.75L,Whisky/Whiskey,"Breakthru Beverage Minnesota Wine & Spirits, LLC",5,0.0,,37.69,9999.99,,100,,0,0,Andover:1;Bloomington:1;Plymouth:1;Blaine:2
Arrow Spearmint Schnapps Liter,Schnapps,Southern Glazer's Wine & Spirits of MN,0,0.0,,6.75,11.99,,44,,0,0,
Astral Tequila 750ml,Agave,Southern Glazer's Wine & Spirits of MN,3,0.0,,31.83,35.49,29.96,10,,0,0,Osseo:3
Atxa Vermouth Blanco 750ml,Vermouth,"New France Wine Co, Inc",4,0.0,,16.08,27.99,22.96,43,,0,0,Andover:4
Atxa Vermouth Rojo 750ml,Vermouth,"New France Wine Co, Inc",4,0.0,,16.08,27.99,22.96,43,,0,0,Plymouth:1;Andover:3
Auchentoshan 12 Yr Scotch 750ml,Whisky/Whiskey,Southern Glazer's Wine & Spirits of MN,13,0.0,417.9,30.35,57.99,47.96,48,,0,1,Chanhassen:2;Minnetonka:11
Jim Beam Apple 375ml,Whisky/Whiskey,Southern Glazer's Wine & Spirits of MN,19,0.0,610.7,8.36,14.99,12.96,44,,0,1,Stillwater:1;Cottage Grove:2;Plymouth:16
Johnnie Walker Blue -Year of the Snake,Whisky/Whiskey,Bellboy Corporation,0,0.0,,186.5,269.99,199.95,31,case 1,0,0,
Smooth Ambler Contradiction 750ml,Whisky/Whiskey,Southern Glazer's Wine & Spirits of MN,0,0.0,,24.88,32.99,8.97,25,,0,0,
Glenfarclas 10 Yr Single Scotc 750ml,Whisky/Whiskey,"Breakthru Beverage Minnesota Wine & Spirits, LLC",0,0.0,,51.94,77.99,64.96,33,,0,0,
Glenlivet French Oak 15 Yr 750ml,Whisky/Whiskey,Southern Glazer's Wine & Spirits of MN,0,0.0,,76.0,101.99,84.96,25,,0,0,
Glenmorangie 10 Yr Scotch 750ml,Whisky/Whiskey,,0,0.0,,33.25,47.99,39.96,31,,0,0,
Crown Royal Rye 50ml,Whisky/Whiskey,Discontinued,7,0.0,,2.3,4.99,,54,,0,0,Chanhassen:7
Cruzan #9 Spiced Rum Liter,Rum,Johnson Brothers - St. Paul,0,0.0,,11.0,14.99,12.95,27,,0,0,
Cutty Sark Scotch Whiskey 375ml,Whisky/Whiskey,,4,0.0,,6.5,12.99,,50,,0,0,Ramsey:4
Cutty Sark Scotch Whisky 1.75L,Whisky/Whiskey,"Breakthru Beverage Minnesota Wine & Spirits, LLC",0,0.0,,23.75,26.99,,12,,0,0,
Damiana 750ml,Cordials,Bellboy Corporation,0,0.0,0.0,18.67,26.99,,31,,0,1,
Dampfwerk Aged Grape Brandy 375ml,Brandy,The Wine Company,3,0.0,,29.12,39.99,,27,,0,0,Rosemount:3
Dampfwerk Aquavit 750ml,Cordials,The Wine Company,3,0.0,,28.92,42.99,,33,,0,0,Cottage Grove:3
Smirnoff Raspberry Vodka 750ml,Vodka,Johnson Brothers - St. Paul,29,0.0,932.1,8.09,13.79,11.96,41,Case 1 Must hit 24 cs within month,0,1,Vadnais Heights:29
Spiritless Whiskey Sour 4pk 8oz can,Pre-Mix,Johnson Brothers - St. Paul,3,0.0,,11.2,17.99,,38,,0,0,Osseo:1;Cottage Grove:2
Christian Bros Sacred Bond Brandy 750ml,Brandy,Southern Glazer's Wine & Spirits of MN,6,0.0,192.9,18.06,24.99,,28,,0,1,Ramsey:6
Christian Bros VSOP Brandy 1.75L,Brandy,Southern Glazer's Wine & Spirits of MN,2,0.0,,11.98,22.49,18.96,47,,0,0,Minnetonka:2
Christian Bros VSOP Brandy 750ml,Brandy,Southern Glazer's Wine & Spirits of MN,0,0.0,,6.84,8.99,7.95,24,,0,0,
Crown Royal Hand Select Barrel Vikings Version,Whisky/Whiskey,Phillips Wine & Spirits - St. Paul,0,0.0,,41.34,71.99,59.96,43,Case 1 Must hit 12 cs within month,0,0,
St Agrestis Negroni BIB 1.75L Box,Pre-Mix,,6,0.0,192.9,41.33,62.99,51.96,34,,0,1,Plymouth:1;Chanhassen:2;Andover:3
St Benevolence 5yr Rum 750ml,Rum,"Maverick Beverage Co., LLC - MN",0,0.0,,26.58,33.99,28.95,22,,0,0,
St George Terroir Gin 750ml,Gin,"Breakthru Beverage Minnesota Wine & Spirits, LLC",0,0.0,,24.94,32.99,,24,3 case deal,0,0,
St. George Citrus Vodka 750ml,Vodka,"Breakthru Beverage Minnesota Wine & Spirits, LLC",0,0.0,,22.19,29.99,,26,3 case deal,0,0,
St. George Vodka 750ml,Vodka,"Breakthru Beverage Minnesota Wine & Spirits, LLC",0,0.0,0.0,21.19,29.99,,29,3 case deal,0,1,
Stearns American Small Batch  Avon Rye Whiskey 750ml/ D,Accessories,Discontinued,3,0.0,,29.6,48.99,,40,,0,0,Stillwater:3
Stellum Black Bourbon Equinox #1 750ml,Whisky/Whiskey,"Maverick Beverage Co., LLC - MN",1,0.0,,77.0,109.99,,30,,0,0,Blaine:1
Spiritless Kentucky 74 Spiced 750ml /D,Whisky/Whiskey,Discontinued,13,0.0,417.9,22.06,35.99,29.95,39,Case 1 Pricing,0,1,Blaine:3;Minneapolis:3;Ramsey:3;Cottage Grove:4
Spiritless Old Fashioned 4pk 8oz can,Pre-Mix,Johnson Brothers - St. Paul,2,0.0,,11.12,18.99,15.96,41,,0,0,Osseo:2
Smirnoff Vodka 750ml,Vodka,Johnson Brothers - St. Paul,0,0.0,,9.8,13.99,,30,,0,0,
Tyrconnell Single Malt 750ml,Whisky/Whiskey,Phillips Wine & Spirits - St. Paul,1,0.0,,23.01,36.99,,38,,0,0,Minnetonka:1
Ice Hole Plum Schnapps Traveler,Schnapps,Phillips Wine & Spirits - St. Paul,10,0.0,,9.65,13.99,,31,Case 1,0,0,Minneapolis:10
Ice Hole Rootbeer Schnapps Traveler,Schnapps,Phillips Wine & Spirits - St. Paul,0,0.0,0.0,9.65,13.99,,31,Case 1,0,1,
Isanti Tilted Cedars Gin 750ml,Gin,Bellboy Corporation,1,0.0,,20.17,23.99,19.95,16,,0,0,Stillwater:1
J Rieger Dry Gin 750ml,Gin,,9,0.0,,25.11,32.99,,24,,0,0,Chanhassen:9
J Rieger and Co. 750ml,Whisky/Whiskey,,3,0.0,,29.5,28.49,8.47,-4,,0,0,St. Louis Park:3
J&B Rare Scotch Whisky 1.75L,Whisky/Whiskey,Bellboy Corporation,2,0.0,64.3,32.38,39.99,,19,,0,1,Minnetonka:2
J. Carver Cruella Amaro 750ml,Cordials,The Wine Company,0,0.0,0.0,20.37,34.99,,42,,0,1,
J. Carver Gin 750ml,Gin,The Wine Company,5,0.0,160.7,18.04,33.99,,47,,0,1,Andover:1;Vadnais Heights:4
Hirsch Small Batch Reserve 750ml,Whisky/Whiskey,"Breakthru Beverage Minnesota Wine & Spirits, LLC",0,0.0,,24.82,32.99,,25,,0,0,
Hooten Young 12yr Whiskey 750ml,Whisky/Whiskey,Origin Wine & Spirits,0,0.0,,55.77,77.99,64.96,28,3-case price all the time,0,0,
Hornitos Tequila Cucumber Habanero 70 750ml,,Southern Glazer's Wine & Spirits of MN,8,0.0,,15.68,23.99,19.96,35,,0,0,Roseville:8
Dampfwerk Pfeffersack Herbal Liqueur 375ml,Cordials,The Wine Company,4,0.0,128.6,25.12,35.99,,30,,0,1,St. Louis Park:4
Hunt & Gather Lot 2 15yr Canadian Whisky 750ml,Whisky/Whiskey,Bellboy Corporation,1,0.0,,41.5,47.99,39.95,14,,0,0,Vadnais Heights:1
Hussong's Silver 750ml,Agave,Southern Glazer's Wine & Spirits of MN,0,0.0,,2.43,41.99,34.96,94,,0,0,
Ice Hole Hot As Hell Liter,Schnapps,Phillips Wine & Spirits - St. Paul,12,0.0,,10.5,14.99,,30,,0,0,Woodbury:3;Ramsey:9
Ice Hole Mint Schnapps Traveler,Schnapps,Phillips Wine & Spirits - St. Paul,0,0.0,,9.65,13.99,,31,Case 1,0,0,
Copper & Cask #15 21yr Cigar Blend 750ml,Whisky/Whiskey,Bellboy Corporation,1,0.0,32.1,43.17,75.99,63.96,43,,0,1,Roseville:1
Tuaca 375ml,Cordials,"Breakthru Beverage Minnesota Wine & Spirits, LLC",1,0.0,32.1,8.05,13.99,,42,,0,1,Chanhassen:1
Tullamore Dew Irish Whiskey 50ml,Whisky/Whiskey,Discontinued,95,0.0,3053.6,1.5,2.99,,50,,0,1,Ramsey:95
Tumbler & Rocks El Marg 375ml/ D,Accessories,Discontinued,13,0.0,417.9,9.33,10.99,9.86,15,,0,1,Stillwater:13
High West Cask Collection Bourbon Cab Finish 750ml,Whisky/Whiskey,Southern Glazer's Wine & Spirits of MN,1,0.0,,48.75,74.99,62.45,35,,0,0,Minneapolis:1
High West Double Rye TTL Barrel Pick 750ml,Whisky/Whiskey,Southern Glazer's Wine & Spirits of MN,3,0.0,96.4,42.13,65.99,54.96,36,39 case allocation,0,1,St. Louis Park:1;Minnetonka:2
High West High Country American Single Malt 750ml,Whisky/Whiskey,Southern Glazer's Wine & Spirits of MN,2,0.0,,60.13,89.99,,33,,0,0,St. Louis Park:2
Hine H Cognac VSOP 750ml,Brandy,"Vinocopia, Inc",0,0.0,,47.62,41.99,34.95,-13,No Current Deals,0,0,
Cihuatan Jade 4 yr Rum 750ml,Rum,"New France Wine Co, Inc",0,0.0,0.0,15.42,22.99,19.96,33,,0,1,
Hudson Single Malt Top Ten 750ml,Whisky/Whiskey,"Breakthru Beverage Minnesota Wine & Spirits, LLC",2,0.0,,35.23,45.99,38.86,23,,0,0,Osseo:2
Concannon Irish Whiskey 750ml,Whisky/Whiskey,"Breakthru Beverage Minnesota Wine & Spirits, LLC",0,0.0,,16.49,20.99,,21,,0,0,
Condesa Clasica Gin 750ml,Gin,The Wine Company,2,0.0,64.3,30.18,47.99,39.96,37,,0,1,Blaine:2
Connemara Peated Irish Whiskey 750ml,Whisky/Whiskey,Phillips Wine & Spirits - St. Paul,0,0.0,,33.18,35.49,29.95,7,3 bottles free on 2 cases,0,0,
Ciroc VS French Brandy Liter,Brandy,Johnson Brothers - St. Paul,0,0.0,,32.34,41.99,34.95,23,Case 1,0,0,
CleanCo Gin Alternative 700ml,Gin,Southern Glazer's Wine & Spirits of MN,1,0.0,,19.05,30.49,25.96,38,,0,0,Minnetonka:1
Cocchi Americano 750ml,Vermouth,Libation Project,19,0.0,610.7,17.75,29.99,24.96,41,Case 1,0,1,Minneapolis:19
Absinthe Ordinaire 750ml,Cordials,Bellboy Corporation,8,0.0,257.1,19.58,24.99,,22,,0,1,Stillwater:3;Minnetonka:5
Absolut Juice Apple 750ml,Vodka,Discontinued,7,0.0,,,19.99,,,,0,0,Rosemount:7
Absolut Lime 1.75L,Vodka,Southern Glazer's Wine & Spirits of MN,0,0.0,,23.79,29.99,24.95,21,,0,0,
Tomintoul 12 Yr Speyside Sherry Cask 750ml,Whisky/Whiskey,,2,0.0,,52.67,74.99,,30,,0,0,Chanhassen:2
Toschi Fragoli 750ml,Cordials,"Breakthru Beverage Minnesota Wine & Spirits, LLC",0,0.0,,31.0,41.99,,26,,0,0,
Toschi Walnut Liqueur 750ml,Cordials,"Breakthru Beverage Minnesota Wine & Spirits, LLC",2,0.0,,24.86,37.99,,35,,0,0,Chanhassen:1;Roseville:1
Tyrconnell Single Malt 10yr Sherry Cask 750ml,Whisky/Whiskey,Phillips Wine & Spirits - St. Paul,8,0.0,,16.74,82.99,69.86,80,,0,0,Ramsey:8
The Whistler Double Oak 750ml,Whisky/Whiskey,Johnson Brothers - St. Paul,4,0.0,,19.3,28.99,,33,,0,0,Minnetonka:4
The Whistler Irish Honey 750ml,Whisky/Whiskey,Johnson Brothers - St. Paul,0,0.0,,22.38,23.99,,7,netted down case price,0,0,
Thomas H. Handy Rye Whisky 750ml,Whisky/Whiskey,"Breakthru Beverage Minnesota Wine & Spirits, LLC",1,0.0,,120.27,9999.99,,99,,0,0,Roseville:1
AG Perino Vermouth Dry Classico 750ml,Vermouth,Southern Glazer's Wine & Spirits of MN,8,0.0,257.1,6.73,6.99,6.86,4,,0,1,Minnetonka:8
Aalborg Taffel Akvavit 700ml,Cordials,"Breakthru Beverage Minnesota Wine & Spirits, LLC",0,0.0,,17.0,24.99,,32,,0,0,
Aberfeldy 16 year 750ml,Whisky/Whiskey,Southern Glazer's Wine & Spirits of MN,0,0.0,,61.91,119.99,99.95,48,,0,0,
Aberlour Highland 12 Yr 750ml,Whisky/Whiskey,Southern Glazer's Wine & Spirits of MN,3,0.0,96.4,47.67,65.99,54.96,28,,0,1,Minnetonka:3
Absinthe Honeoye Falls Cascade 375ml,Cordials,Discontinued,1,0.0,,25.0,35.99,,31,,0,0,Chanhassen:1
J. Carver Grimm Farm Gin 750ml,Gin,The Wine Company,1,0.0,32.1,19.86,35.99,,45,,0,1,Vadnais Heights:1
J. Carver Lake House Vodka 750ml,Vodka,The Wine Company,1,0.0,32.1,21.89,33.99,,36,,0,1,Cottage Grove:1
J. Carver Straight Bourbon 750ml,Whisky/Whiskey,The Wine Company,0,0.0,,26.31,42.99,,39,,0,0,
Tyrconnell 15 year 750ml,Whisky/Whiskey,Phillips Wine & Spirits - St. Paul,2,0.0,,70.48,94.99,,26,,0,0,Minnetonka:2
Tyrconnell Madeira Cask Irish 750ml,Whisky/Whiskey,Phillips Wine & Spirits - St. Paul,0,0.0,,59.89,89.99,,33,,0,0,
Trabanco Alma Quinquina Liter,Vermouth,"New France Wine Co, Inc",3,0.0,,24.08,23.99,,0,,0,0,Plymouth:1;Vadnais Heights:2
Dulce Vida Tequila Lime 750ml,Agave,Phillips Wine & Spirits - St. Paul,22,0.0,707.1,18.55,29.99,24.96,38,Case 1,0,1,Osseo:4;Plymouth:5;Minnetonka:13
E&J Apple Brandy 1.75L,Brandy,Johnson Brothers - St. Paul,0,0.0,,22.68,24.99,,9,,0,0,
E&J Brandy Round Liter,Brandy,Johnson Brothers - St. Paul,2,0.0,,10.59,17.49,14.96,39,,0,0,Cottage Grove:2
E&J XO Brandy 375ml,Brandy,Johnson Brothers - St. Paul,1,0.0,,6.05,9.99,,39,,0,0,Rosemount:1
360 Vodka Liter,Vodka,Southern Glazer's Wine & Spirits of MN,1,0.0,,1.41,14.99,,91,,0,0,Rosemount:1
1792 Bottled-in-Bond 750ml,Whisky/Whiskey,"Breakthru Beverage Minnesota Wine & Spirits, LLC",0,0.0,,28.69,49.99,,43,,0,0,
New Amsterdam Peach Vodka 200ml,Vodka,Johnson Brothers - St. Paul,0,0.0,,3.38,5.49,,38,Deep net SOND,0,0,
New Amsterdam Vodka Gluten free 1.75L,Vodka,Johnson Brothers - St. Paul,5,0.0,,12.43,23.99,,48,,0,0,Minneapolis:1;Plymouth:4
New Holland Double Down Malt 750ml,Whisky/Whiskey,,4,0.0,,34.54,44.99,37.86,23,,0,0,Osseo:4
New Holland Zeppelin Bend 750ml,Whisky/Whiskey,"Vinocopia, Inc",1,0.0,,45.71,61.99,,26,,0,0,Osseo:1
New Riff Balboa Rye 750ml,Whisky/Whiskey,Johnson Brothers - St. Paul,0,0.0,,45.68,72.99,60.96,37,Case 1,0,0,
Du Nord Pronounced Apple Spirits 750ml,Cordials,Phillips Wine & Spirits - St. Paul,1,0.0,,24.93,39.99,,38,Case 1,0,0,Minnetonka:1
11 Wells Dry Wermut 375ml,,Discontinued,4,0.0,,13.5,16.99,14.86,21,,0,0,Ramsey:4
99 Bananas 375ml,Schnapps,Southern Glazer's Wine & Spirits of MN,0,0.0,,5.03,9.99,8.96,50,,0,0,
99 Butterscotch 750ml,Schnapps,Southern Glazer's Wine & Spirits of MN,22,0.0,,10.05,17.24,14.96,42,,0,0,Blaine:11;Rosemount:11
Yellow Spot Irish Whiskey 750ml,Whisky/Whiskey,Southern Glazer's Wine & Spirits of MN,1,0.0,,105.17,155.99,129.96,33,,0,0,Ramsey:1
11 Wells Borlaug Vodka 750ml,Vodka,Discontinued,1,0.0,,23.33,29.99,,22,,0,0,Stillwater:1
Yukon Jack Canadian Whiskey 750ml,Whisky/Whiskey,"Breakthru Beverage Minnesota Wine & Spirits, LLC",8,0.0,,10.49,12.99,11.86,19,,0,0,Stillwater:8
Zaguirre Vermouth Rose Liter/ D,,Discontinued,0,0.0,0.0,20.59,30.89,,33,,0,1,
1792 Single Barrel 750ml,Whisky/Whiskey,"Breakthru Beverage Minnesota Wine & Spirits, LLC",7,0.0,,30.19,39.99,,25,,0,0,Minneapolis:1;Blaine:6
Ciroc Red Berry Vodka 750ml,Vodka,Bellboy Corporation,0,0.0,,20.92,34.24,27.96,39,4cs across chain - Same Week,0,0,
Western Son Prickly Pear 50ml,Vodka,Johnson Brothers - St. Paul,4,0.0,128.6,0.7,1.49,1.24,53,Net Down Case Price,0,1,Vadnais Heights:4
Western Son Strawberry Liter,Vodka,Johnson Brothers - St. Paul,0,0.0,,9.93,15.99,13.46,38,Net Down Case Price,0,0,
Wheaton Barley Vodka 750ml,Vodka,Bellboy Corporation,4,0.0,,12.03,23.99,,50,,0,0,Chanhassen:4
Wheel Horse Bourbon Beer Finish 750ml,Bourbon,Bellboy Corporation,5,0.0,160.7,21.67,36.99,30.96,41,,0,1,Woodbury:5
45th Parallel Honey Whiskey 750ml,Whisky/Whiskey,"Vinocopia, Inc",4,0.0,128.6,34.58,54.99,46.96,37,,0,1,Woodbury:4
5 Liqueur Cranberry Orange 750ml,Cordials,"Vinocopia, Inc",0,0.0,,17.12,26.99,,37,Buy 5 cases Receive 1 case NC M&M - Accum,0,0,
21 Seeds Grapefruit Hibiscus Tequila 750ml,Agave,Phillips Wine & Spirits - St. Paul,6,0.0,192.9,21.02,35.49,29.96,41,Case 1 Must hit 4 cs within month,0,1,Blaine:6
Zaya Rum 16 yr 750ml,Rum,Bellboy Corporation,0,0.0,,22.67,29.99,,24,,0,0,
21 Seeds Cucumber Jalapeno Tequila 750ml,Agave,Phillips Wine & Spirits - St. Paul,0,0.0,,21.02,35.49,29.96,41,Case 1 Must hit 4 cs within month,0,0,
Zing Zang RTD Bloody Mary 1.75L,Pre-Mix,Phillips Wine & Spirits - St. Paul,1,0.0,32.1,13.08,20.99,17.96,38,1 BMM 1.75 free on 10 mix & match,0,1,Plymouth:1
2XO Innkeeper's Blend 750ml,Whisky/Whiskey,Johnson Brothers - St. Paul,0,0.0,,75.37,95.99,79.95,21,Case 1 (Allocated Item),0,0,
Wray & Nephew Overproof Rum 750ml,Rum,Southern Glazer's Wine & Spirits of MN,0,0.0,,17.89,23.99,,25,,0,0,
Wyoming Private Stock 750ml,Whisky/Whiskey,"Breakthru Beverage Minnesota Wine & Spirits, LLC",6,0.0,192.9,45.0,58.99,49.86,24,,0,1,Woodbury:6
Wyoming Whiskey Small Batc 375ml,Whisky/Whiskey,,2,0.0,,82.69,21.99,,-276,,0,0,Osseo:2
Xante 750ml,Cordials,,1,0.0,32.1,,23.99,19.95,,,0,1,Chanhassen:1
Christian Brothers Brandy 750ml,Brandy,Southern Glazer's Wine & Spirits of MN,2,0.0,,7.52,6.49,5.95,-16,,0,0,Minnetonka:2
Christian Brothers Frost Liter,Brandy,Southern Glazer's Wine & Spirits of MN,0,0.0,,9.37,12.49,10.95,25,,0,0,
Chuckle Rum 750ml,Rum,Bellboy Corporation,0,0.0,,13.5,19.99,16.96,32,CASE 1,0,0,
Western Son Peach Liter,Vodka,Johnson Brothers - St. Paul,0,0.0,0.0,9.93,15.99,13.46,38,Net Down Case Price,0,1,
Dulce Vida Tequila Grapefruit 750ml,Agave,Phillips Wine & Spirits - St. Paul,1,0.0,,18.55,29.99,24.96,38,Case 1,0,0,Andover:1
Woodinville Rye 750ml,Whisky/Whiskey,Johnson Brothers - St. Paul,0,0.0,,34.59,39.99,,14,Case 1,0,0,
Woody Creek Mary's Select Gin 750ml,Gin,"Maverick Beverage Co., LLC - MN",6,0.0,,18.45,30.99,26.96,40,1 on 10 m/m week solid,0,0,Bloomington:6
Woody Creek Vodka 750ml,Vodka,"Maverick Beverage Co., LLC - MN",6,0.0,,16.61,27.99,23.96,41,1 on 10 m/m week solid,0,0,Bloomington:6
Woody's Canadian Rye 750ml,Whisky/Whiskey,"Vinocopia, Inc",3,0.0,,14.08,25.99,21.96,46,Net Down Pricing,0,0,Rosemount:3
High Plains Blended Rye 750ml,Whisky/Whiskey,"Maverick Beverage Co., LLC - MN",14,0.0,450.0,40.25,59.99,49.96,33,,0,1,Plymouth:1;Woodbury:4;St. Louis Park:9
High West Barreled Boulevardie 750ml,Whisky/Whiskey,,3,0.0,96.4,31.33,42.99,,27,,0,1,Ramsey:3
Weller Antique 107 750ml,Whisky/Whiskey,"Breakthru Beverage Minnesota Wine & Spirits, LLC",1,0.0,,45.08,64.99,,31,,0,0,Minneapolis:1
Weller CYPB 750ml,Whisky/Whiskey,"Breakthru Beverage Minnesota Wine & Spirits, LLC",2,0.0,,48.94,9999.99,,100,,0,0,Minneapolis:1;Blaine:1
Weller Full Proof 114 750ml,Bourbon,"Breakthru Beverage Minnesota Wine & Spirits, LLC",2,0.0,,49.59,9999.99,,100,,0,0,Andover:1;Blaine:1
Weller Single Barrel Bourbon 750ml,Whisky/Whiskey,"Breakthru Beverage Minnesota Wine & Spirits, LLC",4,0.0,,45.51,9999.99,,100,,0,0,Blaine:4
Weller Special Reserve 750ml,Whisky/Whiskey,"Breakthru Beverage Minnesota Wine & Spirits, LLC",2,0.0,,31.83,29.99,,-6,,0,0,Blaine:2
Windsor Reserve 750ml,Whisky/Whiskey,Phillips Wine & Spirits - St. Paul,2,0.0,,13.67,19.99,,32,Case 1,0,0,Blaine:2
Duke Bourbon Whiskey 750ml,Whisky/Whiskey,Southern Glazer's Wine & Spirits of MN,0,0.0,,30.94,51.99,42.96,40,,0,0,
Woodinville Applewood Finished Bourbon 750ml,Whisky/Whiskey,Johnson Brothers - St. Paul,0,0.0,0.0,75.09,99.99,,25,Case 1 Pricing,0,1,
Cabo Wabo Blanco Tequila 750ml,Agave,Southern Glazer's Wine & Spirits of MN,0,0.0,,30.17,38.99,32.96,23,Case 1,0,0,
Cabo Wabo Reposado Tequila 750ml,Agave,Southern Glazer's Wine & Spirits of MN,0,0.0,,24.88,53.99,44.96,54,Case 1,0,0,
Caledonia Spirits Barr Hill Gin 750ml/ D,Accessories,Discontinued,0,0.0,,30.0,37.99,,21,,0,0,
Camarena Reposado Tequila 1.75L,Agave,Johnson Brothers - St. Paul,1,0.0,,37.68,53.99,,30,Case 1,0,0,St. Louis Park:1
Camarena Silver Tequila 1.75L,Agave,Johnson Brothers - St. Paul,5,0.0,,36.35,36.99,8.47,2,,0,0,Osseo:5
Tattersall Absinthe 750ml,Cordials,Phillips Wine & Spirits - St. Paul,11,0.0,353.6,28.9,49.99,,42,,0,1,Woodbury:3;Andover:4;St. Louis Park:4
Tattersall Amaro 750ml,Cordials,Phillips Wine & Spirits - St. Paul,1,0.0,,20.43,33.49,27.96,39,Case 1,0,0,Ramsey:1
Tattersall Aquavit 750ml,Cordials,Phillips Wine & Spirits - St. Paul,3,0.0,96.4,20.43,30.49,10.93,33,Case 1,0,1,Chanhassen:3
Tattersall Bitter Orange 750ml,Cordials,Phillips Wine & Spirits - St. Paul,8,0.0,257.1,20.43,34.99,,42,Case 1,0,1,Chanhassen:1;Woodbury:1;Andover:2;Rosemount:4
Tattersall Blueberry 750ml,Cordials,Phillips Wine & Spirits - St. Paul,5,0.0,160.7,22.68,35.99,,37,Case 1,0,1,Andover:2;Chanhassen:3
J. Henry 5YR Wisconsin Bourbon 750ML/ D,Accessories,Discontinued,1,0.0,32.1,75.0,99.99,,25,,0,1,Stillwater:1
J. Henry Husk Bourbon,Bourbon,"Grape Beginnings, Inc.",1,0.0,,66.5,103.99,86.96,36,case 1,0,0,St. Louis Park:1
Combier Liqueur D'Orange Liter,Cordials,"Maverick Beverage Co., LLC - MN",0,0.0,,33.92,55.99,45.96,39,,0,0,
Tanqueray No. Ten Gin Liter,Gin,Johnson Brothers - St. Paul,0,0.0,,,37.99,,,,0,0,
Tanqueray Rangpur Gin 1.75L,Gin,Johnson Brothers - St. Paul,0,0.0,,26.6,39.99,,33,Case 1 Must hit 4 cs within month,0,0,
Tanqueray Rangpur Gin Liter,Gin,Johnson Brothers - St. Paul,0,0.0,,19.76,27.99,24.95,29,Case 1,0,0,
Tanqueray Sevilla Orange Gin Liter,Gin,Johnson Brothers - St. Paul,0,0.0,0.0,19.68,30.49,25.96,35,Case 1 Must hit 6 cs within month,0,1,
Tanqueray Sterling Vodka Liter,Vodka,Johnson Brothers - St. Paul,0,0.0,,15.57,21.99,,29,,0,0,
Tapatio Reposado 750ml,Agave,"Maverick Beverage Co., LLC - MN",3,0.0,,35.12,49.99,41.96,30,,0,0,Minnetonka:3
Tattersall Orange Crema 750ml,Cordials,Phillips Wine & Spirits - St. Paul,3,0.0,,18.77,31.99,,41,Case 1,0,0,Vadnais Heights:3
Tattersall Salty Dog 750ml,Pre-Mix,Phillips Wine & Spirits - St. Paul,6,0.0,,21.18,34.99,,39,Case 1,0,0,Rosemount:2;Cottage Grove:4
Tattersall Spiced Rum 750ml,Rum,Phillips Wine & Spirits - St. Paul,0,0.0,,22.68,36.99,,39,Case 1,0,0,
Tattersall Straight Rye 750ml,Whisky/Whiskey,Phillips Wine & Spirits - St. Paul,0,0.0,,26.43,41.99,34.96,37,Case 1,0,0,
Tattersall Vodka 750ml,Vodka,Phillips Wine & Spirits - St. Paul,4,0.0,,20.43,34.99,,42,Case 1,0,0,Minnetonka:4
Teeling Whiskey Single Malt 750ml,Whisky/Whiskey,Southern Glazer's Wine & Spirits of MN,6,0.0,,39.89,59.99,49.96,34,,0,0,Minnetonka:6
Tempus Fugit Alessio Bianco Vermouth 375ml,Vermouth,Phillips Wine & Spirits - St. Paul,3,0.0,96.4,14.76,21.99,,33,Case 1,0,1,Woodbury:1;Stillwater:2
TX Straight Bourbon 750ml,Whisky/Whiskey,Southern Glazer's Wine & Spirits of MN,1,0.0,,32.38,47.99,39.96,33,,0,0,Minnetonka:1
Grey Goose Vodka Ducasse 750ml,Vodka,Southern Glazer's Wine & Spirits of MN,8,0.0,,56.99,95.99,79.96,41,,0,0,Chanhassen:3;St. Louis Park:5
Griffo Chardonnay Brandy #151 750ml,Brandy,Bellboy Corporation,30,0.0,964.3,61.58,59.99,49.95,-3,,0,1,Blaine:1;Cottage Grove:7;St. Louis Park:10;Andover:12
Griffo Cold Brew Liqueur 750ml,Cordials,Bellboy Corporation,1,0.0,,17.12,23.99,19.95,29,,0,0,Chanhassen:1
Griffo Tempranillo Brandy #89 750ml,Brandy,Bellboy Corporation,10,0.0,321.4,35.58,47.99,39.95,26,,0,1,St. Louis Park:1;Vadnais Heights:1;Chanhassen:4;Minnetonka:4
Griffo Vodka 750ml,Vodka,Bellboy Corporation,7,0.0,,12.07,17.49,14.95,31,,0,0,Minnetonka:7
Griottini Aperitif Herb Liqueur 1L/ D,,Discontinued,1,0.0,,56.25,84.38,,33,,0,0,Stillwater:1
Bushmills 16 Yr Irish Whiskey 750ml,Whisky/Whiskey,Johnson Brothers - St. Paul,2,0.0,,90.75,99.99,,9,,0,0,Minnetonka:2
Bushmills Black Bush 375ml,Whisky/Whiskey,Johnson Brothers - St. Paul,1,0.0,,14.24,20.99,17.96,32,Case One,0,0,Rosemount:1
Bushmills Red Bush 750ml,Whisky/Whiskey,Johnson Brothers - St. Paul,15,0.0,482.1,18.12,26.99,,33,,0,1,Plymouth:5;Rosemount:10
Grand Marnier Liqueur Liter,Cordials,Johnson Brothers - St. Paul,10,0.0,,30.58,43.99,35.96,30,Case 1 Pricing,0,0,Minnetonka:5;St. Louis Park:5
Grants Scotch Liter,Whisky/Whiskey,"Breakthru Beverage Minnesota Wine & Spirits, LLC",0,0.0,,13.6,22.99,,41,1 case,0,0,
Ansac Cognac VS 750ml,Brandy,Bellboy Corporation,22,0.0,707.1,17.83,24.99,,29,,0,1,Bloomington:10;Blaine:12
Svedka Infusions Ginger Lime Liter,Vodka,Southern Glazer's Wine & Spirits of MN,3,0.0,,9.81,17.49,14.96,44,,0,0,Osseo:3
Buzzballz Pumpkin 1.75L,Pre-mixed,Phillips Wine & Spirits - St. Paul,0,0.0,,15.0,20.99,17.96,29,,0,0,
Svedka Rose 1.75L,Vodka,Southern Glazer's Wine & Spirits of MN,0,0.0,,14.16,18.49,15.96,23,,0,0,
Svedka Rose 375ml,Vodka,Southern Glazer's Wine & Spirits of MN,0,0.0,,4.13,7.99,6.96,48,,0,0,
Svedka Rose Liter,Vodka,Southern Glazer's Wine & Spirits of MN,0,0.0,,10.23,17.49,14.96,42,,0,0,
Bulleit Single Barrel Bourbon 750ml,Whisky/Whiskey,Johnson Brothers - St. Paul,3,0.0,,43.53,71.99,59.96,40,,0,0,Ramsey:3
Jack Daniels Single Barrel Tanyard Hill,Whisky/Whiskey,Johnson Brothers - St. Paul,0,0.0,,63.16,9999.99,,99,Allocated,0,0,Blaine:0;St. Louis Park:0
Jack Daniels Single Brl Proof 750ml,Whisky/Whiskey,Johnson Brothers - St. Paul,1,0.0,32.1,53.48,64.99,59.96,18,,0,1,Bloomington:1
Tattersall Cranberry 750ml,Cordials,Phillips Wine & Spirits - St. Paul,5,0.0,,22.68,35.99,,37,Case 1,0,0,Rosemount:1;Minneapolis:4
Tattersall Creme De Fleur 750ml,Cordials,Phillips Wine & Spirits - St. Paul,3,0.0,,20.43,34.99,,42,Case 1,0,0,Cottage Grove:3
Tattersall Darkness Rum/BBN BBL Finish 750ml,Rum,Phillips Wine & Spirits - St. Paul,1,0.0,32.1,26.25,37.74,14.97,30,,0,1,Chanhassen:1
Tattersall Freewheeler Pommeau 750ml,Brandy,Phillips Wine & Spirits - St. Paul,0,0.0,,18.18,26.99,,33,Case 1,0,0,
Tattersall Gin 750ml,Gin,Phillips Wine & Spirits - St. Paul,0,0.0,0.0,20.43,33.49,27.96,39,Case 1,0,1,
Tattersall Grapefruit Crema 750ml,Cordials,Phillips Wine & Spirits - St. Paul,3,0.0,,20.43,34.99,,42,Case 1,0,0,Chanhassen:3
Buzzballz Eggnog 187ml,Pre-mixed,Phillips Wine & Spirits - St. Paul,1,0.0,,1.8,6.99,,74,1 Case 48 pack Chiller free on 25 Chiller 187,0,0,Blaine:1
Svedka Mango Pineapple Vodka 375ml,Vodka,Southern Glazer's Wine & Spirits of MN,0,0.0,,4.65,7.99,6.96,42,,0,0,
Gustoso White Rum 750ml,Rum,Libation Project,2,0.0,,22.5,24.49,9.97,8,Case 1,0,0,Chanhassen:2
HIgh Noon Black Cherry 12oz can,Pre-Mix,,0,0.0,0.0,1.22,2.59,,53,,0,1,
Hacienda De Chihuahua Sotol Rustico 750ml,Agave,"Maverick Beverage Co., LLC - MN",0,0.0,,30.92,51.99,42.96,41,,0,0,
Hacienda Vieja Reposado 750ml,Agave,Bellboy Corporation,3,0.0,,20.5,28.99,24.86,29,,0,0,Stillwater:3
Hamilton Pimento Dram 750ml,Cordials,"Tradition Wine & Spirits, LLC",15,0.0,,20.5,27.99,,27,,0,0,Plymouth:3;St. Louis Park:3;Woodbury:9
Hamilton White 'Stache Rum Liter,Rum,"Tradition Wine & Spirits, LLC",7,0.0,225.0,18.5,22.49,18.95,18,,0,1,Ramsey:3;Minnetonka:4
The Irishman Cream Liquor 750ml,Cordials,Southern Glazer's Wine & Spirits of MN,0,0.0,,15.07,20.99,,28,,0,0,
The Lost Distillery Lossit 750ml,Whisky/Whiskey,"Breakthru Beverage Minnesota Wine & Spirits, LLC",7,0.0,,33.33,59.99,,44,,0,0,Blaine:7
The Real McCoy 12 Year 750ml,Rum,Johnson Brothers - St. Paul,4,0.0,,38.33,49.99,41.86,23,,0,0,Osseo:4
The Real McCoy 3 Year Rum 750ml,Rum,Johnson Brothers - St. Paul,0,0.0,,16.0,20.99,17.95,24,,0,0,
J. Carver Straight Rye 750ml,Whisky/Whiskey,The Wine Company,7,0.0,,24.08,45.99,37.96,48,,0,0,Andover:7
J. Carver Straight Wheat Whiskey 750ml,Whisky/Whiskey,The Wine Company,8,0.0,257.1,32.67,50.99,42.45,36,,0,1,Woodbury:3;St. Louis Park:5
Crooked Water Regatta Rye 750ml,Whisky/Whiskey,Johnson Brothers - St. Paul,0,0.0,,41.43,54.99,,25,Case 1,0,0,
J. Carver Wheat Whiskey TTL Barrel 2021 750ml,Whisky/Whiskey,The Wine Company,1,0.0,,32.67,53.99,44.96,39,,0,0,Chanhassen:1
Tempus Fugit Alessio Rosso Vermouth 375ml,Vermouth,Phillips Wine & Spirits - St. Paul,1,0.0,32.1,14.76,21.99,,33,Case 1,0,1,Woodbury:1
Ten to One Dark Rum 750ml,Rum,"Grape Beginnings, Inc.",4,0.0,,34.0,56.99,47.96,40,,0,0,Stillwater:4
Ten to One White Rum 750ml,Rum,"Grape Beginnings, Inc.",0,0.0,0.0,22.12,35.49,29.96,38,,0,1,
Tenjaku Whisky 750ml,Whisky/Whiskey,Southern Glazer's Wine & Spirits of MN,1,0.0,32.1,34.3,51.99,42.96,34,,0,1,Minnetonka:1
The Dalmore King Alexander III 750ml,Whisky/Whiskey,Johnson Brothers - St. Paul,3,0.0,,262.68,359.99,299.96,27,,0,0,Plymouth:3
The Dalmore Port Wood 750ml,Whisky/Whiskey,Johnson Brothers - St. Paul,0,0.0,,75.52,111.99,94.96,33,,0,0,
The Dalmore Sherry Cask 12YR 750ml,Whisky/Whiskey,Johnson Brothers - St. Paul,7,0.0,225.0,67.68,113.99,94.96,41,,0,1,Chanhassen:1;St. Louis Park:2;Plymouth:4
The Irishman 750ml,Whisky/Whiskey,"Breakthru Beverage Minnesota Wine & Spirits, LLC",0,0.0,,22.78,31.99,,29,,0,0,
Codigo 1530 Rosa Tequila 750ml,Agave,"Vinocopia, Inc",0,0.0,0.0,41.38,57.99,48.86,29,M&M 5 Cases Receive 1 Case Blanco NC,0,1,
Codigo Tequila 1530 Rose 50ml/ D,,Discontinued,7,0.0,,5.24,7.86,,33,,0,0,Stillwater:7
Cointreau Liter,Cordials,Bellboy Corporation,3,0.0,96.4,32.17,45.99,,30,,0,1,Minnetonka:3
Coldcock Whiskey 750ml,Whisky/Whiskey,Southern Glazer's Wine & Spirits of MN,1,0.0,,18.74,23.99,,22,,0,0,Woodbury:1
J. Carver Vodka 750ml,Vodka,The Wine Company,0,0.0,,17.31,30.99,,44,,0,0,
Crooked Water Vodka 750ml,Vodka,Johnson Brothers - St. Paul,2,0.0,,19.31,23.99,20.86,20,Case 1,0,0,Minnetonka:2
Crop Organic Cucumber Vodka 750ml,Vodka,Bellboy Corporation,1,0.0,,16.0,17.49,14.95,9,,0,0,Osseo:1
Tattersall Italiano 750ml,Cordials,Phillips Wine & Spirits - St. Paul,0,0.0,,15.93,23.99,19.95,34,Case 1,0,0,
Tattersall Lime Crema 750ml,Cordials,Phillips Wine & Spirits - St. Paul,1,0.0,,20.43,34.99,,42,Case 1,0,0,Roseville:1
Tattersall Manhattan 750ml,Pre-Mix,Phillips Wine & Spirits - St. Paul,7,0.0,225.0,27.93,39.99,,30,Case 1,0,1,Cottage Grove:1;Minnetonka:1;Plymouth:1;Ramsey:1;Stillwater:1;Rosemount:2
Tattersall Old Fashioned 750ml,Pre-Mix,Phillips Wine & Spirits - St. Paul,2,0.0,,27.93,45.99,37.96,39,Case 1,0,0,Minneapolis:2
Coquerel Calvados Fine  750ml,Brandy,"Grape Beginnings, Inc.",2,0.0,,22.17,38.99,32.96,43,,0,0,Ramsey:2
Corralejo Anejo Tequila 750ml,Agave,"Breakthru Beverage Minnesota Wine & Spirits, LLC",0,0.0,,28.69,39.99,33.96,28,10cs purchase in a month,0,0,
Corzo Anejo Tequila 750ml,Agave,Southern Glazer's Wine & Spirits of MN,2,0.0,64.3,46.5,77.99,64.96,40,,0,1,Minnetonka:2
Courvoisier XO Cognac 750ml,Brandy,Southern Glazer's Wine & Spirits of MN,3,0.0,,110.0,167.99,139.96,35,,0,0,Andover:3
Crater Lake Hazelnut Espresso 750ml,Vodka,Paustis Wine,7,0.0,,18.5,23.99,,23,,0,0,Vadnais Heights:7
Crooked Water Lost Lake Single Barrel 750ml,Whisky/Whiskey,Johnson Brothers - St. Paul,0,0.0,,49.06,59.99,49.95,18,Case 1,0,0,
Crooked Water Old Fashioned 750ml,Pre-Mix,Johnson Brothers - St. Paul,4,0.0,128.6,28.06,47.99,39.96,42,Case 1,0,1,Minnetonka:4
Gustoso Guarapo Rum 750ml,Rum,Libation Project,1,0.0,,25.5,31.99,26.95,20,Case 1,0,0,Chanhassen:1
Copper & Cask Rye Whiskey 750ml,Whisky/Whiskey,Bellboy Corporation,0,0.0,,37.17,64.99,52.96,43,,0,0,
Copper & Cask Small Batch #14 750ml,Whisky/Whiskey,Bellboy Corporation,0,0.0,,38.0,67.99,56.96,44,,0,0,
Copperwing Bourbon 750ml,Whisky/Whiskey,WRS Imports,0,0.0,,28.42,52.99,43.95,46,,0,0,
Copperwing Fresas Gin 750ml,Gin,WRS Imports,0,0.0,,22.92,35.49,29.95,35,,0,0,
Copperwing Gin 750ml,Gin,,4,0.0,,23.61,40.99,33.95,42,,0,0,Minneapolis:1;Minnetonka:3
Copperwing Vodka 750ml,Vodka,,4,0.0,,18.28,29.99,24.95,39,,0,0,Minneapolis:1;Minnetonka:1;Blaine:2
Hampden Estate 8yr 750ml,Rum,Libation Project,0,0.0,0.0,55.5,77.99,64.96,29,Case 1,0,1,
Hampden Estate Great House 750ml,Rum,Libation Project,0,0.0,0.0,88.5,125.99,104.96,30,Case 1,0,1,
Hampden Estate LROK 2010 750ml,Rum,Libation Project,0,0.0,,125.5,179.99,149.96,30,Case 1,0,0,
Canadian Club 50ml,Whisky/Whiskey,Discontinued,16,0.0,,0.69,2.49,,72,,0,0,Ramsey:16
Canadian Club Classic 12yr 750ml,Whisky/Whiskey,Southern Glazer's Wine & Spirits of MN,4,0.0,128.6,15.07,19.99,,25,,0,1,Plymouth:4
Canadian LTD 1.75L,Whisky/Whiskey,,5,0.0,,8.12,15.99,,49,,0,0,Rosemount:5
Gustoso Aged Rum 750ml,Rum,Libation Project,4,0.0,,24.5,27.99,23.86,12,Case 1,0,0,Minnetonka:4
Copper & Cask MK-522 Top Ten Single Barrel 750ml,Whisky/Whiskey,Bellboy Corporation,2,0.0,64.3,31.67,59.99,49.96,47,,0,1,Osseo:2
Bols Amaretto 750ml,Cordials,"Breakthru Beverage Minnesota Wine & Spirits, LLC",0,0.0,,9.1,11.99,,24,,0,0,
Bols Blue Curacao 750ml,Cordials,"Breakthru Beverage Minnesota Wine & Spirits, LLC",0,0.0,,9.1,12.99,,30,,0,0,
Bols Blue Curacao Liter,Cordials,,0,0.0,0.0,8.86,11.99,,26,,0,1,
Bols Strawberry Liqueur Liter,Cordials,"Breakthru Beverage Minnesota Wine & Spirits, LLC",18,0.0,,11.1,14.99,,26,,0,0,St. Louis Park:18
Bombay Bramble 750ml,Gin,Southern Glazer's Wine & Spirits of MN,3,0.0,,16.32,22.99,19.86,29,,0,0,Ramsey:3
Midleton 2023 Very Rare 700ml,Whisky/Whiskey,Southern Glazer's Wine & Spirits of MN,1,0.0,,260.52,379.99,,31,case 1,0,0,Blaine:1
Midnight Moonshake Apple Pie 750ml,Cordials,"Breakthru Beverage Minnesota Wine & Spirits, LLC",2,0.0,64.3,13.53,23.99,19.96,44,,0,1,Roseville:1;St. Louis Park:1
Du Nord Mixed Blood Blended Whiskey 750ml,Whisky/Whiskey,Phillips Wine & Spirits - St. Paul,15,0.0,482.1,32.43,51.99,42.96,38,Case 1,0,1,Ramsey:1;Minnetonka:14
On the Rocks Midori Sour 375ml,Pre-Mix,Southern Glazer's Wine & Spirits of MN,0,0.0,,8.67,13.79,11.96,37,,0,0,
Orphan Barrel Muckety Muck 25 Yr Scotch 750ml,Whisky/Whiskey,Johnson Brothers - St. Paul,3,0.0,96.4,188.71,299.99,249.96,37,,0,1,St. Louis Park:3
Blantons Single Barrel 750ml,Whisky/Whiskey,"Breakthru Beverage Minnesota Wine & Spirits, LLC",68,0.0,,73.5,9999.99,,99,3 CS,0,0,Minnetonka:1;Roseville:1;St. Louis Park:1;Woodbury:1;Cottage Grove:3;Andover:14;Minneapolis:14;Blaine:33
Blue Chair Bay Lime Rum 50ml,Rum,"Breakthru Beverage Minnesota Wine & Spirits, LLC",0,0.0,,0.6,1.49,,60,,0,0,
Gilbeys Gin Liter,Gin,Southern Glazer's Wine & Spirits of MN,0,0.0,,9.67,11.99,,19,,0,0,
Dr McGillicuddys Mentholmint Liter,Schnapps,"Breakthru Beverage Minnesota Wine & Spirits, LLC",0,0.0,,12.85,19.99,16.96,36,15cs purchase in a month,0,0,
Dr McGillicuddys Vanilla Traveler,Schnapps,"Breakthru Beverage Minnesota Wine & Spirits, LLC",24,0.0,771.4,9.85,14.99,,34,15cs purchase in a month,-2,10,Chanhassen:9;Cottage Grove:15
Dr. McGillicuddy Butterscotch Liter,Schnapps,"Breakthru Beverage Minnesota Wine & Spirits, LLC",0,0.0,,12.85,19.99,,36,15cs purchase in a month,0,0,
Drapo Rosso Vermouth 500ml,Vermouth,,0,0.0,,10.5,15.99,,34,,0,0,
Driftless Glen Rye Whiskey 750ml/ D,Accessories,Discontinued,11,0.0,353.6,16.13,41.99,,62,,0,1,Stillwater:11
Evan Williams Bourbon 750ml,Whisky/Whiskey,Southern Glazer's Wine & Spirits of MN,0,0.0,,9.59,14.99,12.96,36,,0,0,
Merrys White Chocolate 750ml,Cordials,Johnson Brothers - St. Paul,0,0.0,,11.37,27.99,23.96,59,1 free on 5 mix and match sizes.  750 original free goods,0,0,
Metaxa 5 Star Brandy 750ml,Brandy,Bellboy Corporation,0,0.0,,18.4,23.99,19.95,23,,0,0,
Metaxa Ouzo 750ml,Cordials,Bellboy Corporation,2,0.0,,16.21,21.99,,26,,0,0,Minnetonka:2
Blackened Whiskey 750ml,Whisky/Whiskey,"Breakthru Beverage Minnesota Wine & Spirits, LLC",1,0.0,,33.94,53.99,44.96,37,3 case deal on one invoice,0,0,Osseo:1
Blanton's Gold 750ml,Bourbon,"Breakthru Beverage Minnesota Wine & Spirits, LLC",2,0.0,,115.39,9999.99,,99,,0,0,Blaine:2
Barrell Craft Vantage Bourbon 750ml,Whisky/Whiskey,"Maverick Beverage Co., LLC - MN",3,0.0,,63.25,95.99,79.96,34,Mix and match 6 cases of barrell,0,0,Minnetonka:3
Merrys Irish Cream 1.75L,Cordials,Johnson Brothers - St. Paul,1,0.0,,22.5,51.99,43.96,57,1 free on 5 mix and match sizes.  750 original free goods,0,0,Andover:1
Blue Chair Bay Mocha Cream 750ml,Cordials,"Breakthru Beverage Minnesota Wine & Spirits, LLC",34,0.0,1092.9,14.35,23.99,19.96,40,5cs purchase in a month,0,1,Blaine:7;Minneapolis:27
Ole Smoky Salty Watermelon Whiskey 750ml,Whisky/Whiskey,Southern Glazer's Wine & Spirits of MN,0,0.0,,15.88,24.99,21.96,36,,0,0,
Ole Smoky Tennessee Mud 750ml,Whisky/Whiskey,Southern Glazer's Wine & Spirits of MN,0,0.0,,15.88,28.99,21.96,45,,0,0,
Olmeca Altos Anejo 750ml,Agave,Southern Glazer's Wine & Spirits of MN,5,0.0,,24.12,47.99,39.96,50,,0,0,Osseo:5
Olmeca Altos Reposado 1.75L,Agave,Southern Glazer's Wine & Spirits of MN,5,0.0,,29.38,59.99,49.96,51,,0,0,Osseo:1;Minneapolis:4
Old Parr 18 Year 750ml,Scotch Whisky,Bellboy Corporation,0,0.0,,45.5,75.99,63.96,40,,0,0,
Old Rip Van Winkle 10yr 750ml,Whisky/Whiskey,"Breakthru Beverage Minnesota Wine & Spirits, LLC",10,0.0,,105.27,9999.99,,99,,0,0,Andover:1;Blaine:1;Woodbury:1;Roseville:2;Rosemount:5
Old Tub Sour Mash Bourbon 750ml,Whisky/Whiskey,Southern Glazer's Wine & Spirits of MN,0,0.0,,15.31,23.99,19.96,36,,0,0,
Ole Smoky Blackberry 750ml,Whisky/Whiskey,Southern Glazer's Wine & Spirits of MN,1,0.0,,16.94,26.99,22.96,37,,0,0,Blaine:1
Ole Smoky Blue Flame 750ml,Whisky/Whiskey,Southern Glazer's Wine & Spirits of MN,0,0.0,,16.94,25.99,21.96,35,,0,0,
Ole Smoky Cookies & Cream 750ml,Whisky/Whiskey,Southern Glazer's Wine & Spirits of MN,0,0.0,,15.88,28.99,21.96,45,,0,0,
Ole Smoky Hunch Punch Lightnin 750ml,Whisky/Whiskey,Southern Glazer's Wine & Spirits of MN,0,0.0,,16.94,26.99,22.96,37,,0,0,
Ole Smoky MS Apple Pie,Whisky/Whiskey,,0,0.0,0.0,16.43,16.99,,3,,0,1,
Pappy Van Winkle's 15yr 750ml,Whisky/Whiskey,"Breakthru Beverage Minnesota Wine & Spirits, LLC",0,0.0,,165.27,9999.99,,98,,0,0,
Casa Mariol Vermut Blanco Liter,Vermouth,"Bourget Imports, LLC",5,0.0,,19.62,34.24,29.96,43,,0,0,St. Louis Park:5
Casa Noble Blanco 375ml,Agave,Johnson Brothers - St. Paul,0,0.0,,12.16,23.99,19.95,49,,0,0,
Casa Noble Reposado Tequila 750ml,Agave,Southern Glazer's Wine & Spirits of MN,0,0.0,,35.46,40.99,33.95,13,,0,0,
Casamigas Jalapeno 375ml,Agave,Johnson Brothers - St. Paul,5,0.0,160.7,18.9,,,,Case 1,0,1,Blaine:5
Casamigos Anejo Tequila Liter,Agave,Johnson Brothers - St. Paul,5,0.0,160.7,50.67,83.99,69.96,40,Case 1,0,1,Andover:2;Minnetonka:3
Old Overholt Bonded Rye 750ml,Whisky/Whiskey,Southern Glazer's Wine & Spirits of MN,0,0.0,,18.82,26.99,22.96,30,,0,0,
Old Overholt Straight Rye Whiskey 750ml/ D,Accessories,Discontinued,6,0.0,,12.28,19.99,,39,,0,0,Stillwater:6
Mijenta Cristalino Tequila Reposado 750ml,Agave,"New France Wine Co, Inc",1,0.0,,62.67,83.99,69.96,25,,0,0,Minnetonka:1
Milagro Reposado Tequila 375ml,Agave,"Breakthru Beverage Minnesota Wine & Spirits, LLC",0,0.0,,11.33,17.99,,37,5cs purchase in a month,0,0,
Paladar Still Strength Tequila Blanco 750ml,Agave,"New France Wine Co, Inc",0,0.0,,51.42,82.99,68.96,38,,0,0,
Paladar Tequila Amburana 750ml,Agave,"New France Wine Co, Inc",0,0.0,,59.42,95.99,79.96,38,,0,0,
Panther MN 14 Maple Whiskey 750ml,Whisky/Whiskey,Phillips Wine & Spirits - St. Paul,3,0.0,96.4,26.43,29.99,,12,Case 1,0,1,Minneapolis:3
Panther St. Paul Bourbon 750ml,Whisky/Whiskey,Phillips Wine & Spirits - St. Paul,0,0.0,,26.43,37.99,,30,Case 1,0,0,
Casa Dragones Tequila Reposado 750ml,Agave,Southern Glazer's Wine & Spirits of MN,0,0.0,,127.5,191.99,159.96,34,,0,0,
Don Q Limon Rum Liter,Rum,Johnson Brothers - St. Paul,4,0.0,,10.54,17.49,14.96,40,1 on 6,0,0,Chanhassen:4
Maestro Dobel Anejo 750ml,Agave,Johnson Brothers - St. Paul,6,0.0,,33.35,53.99,44.96,38,Buy 3cs get 1cs Diamante Free,0,0,Woodbury:1;Bloomington:5
Maker's Mark Bourbon Cellar Aged 119.3 750ml,Whisky/Whiskey,Southern Glazer's Wine & Spirits of MN,0,0.0,,150.27,9999.99,,98,1 - 3PK,0,0,
Malibu Black Rum Liter,Rum,Southern Glazer's Wine & Spirits of MN,0,0.0,,13.56,21.99,,38,,0,0,
Malibu Lime Liter,Rum,Southern Glazer's Wine & Spirits of MN,10,0.0,321.4,13.56,19.99,16.96,32,,0,1,Andover:4;Osseo:6
Pearl Pomegranate Vodka 750ml,Vodka,Southern Glazer's Wine & Spirits of MN,1,0.0,32.1,8.58,11.99,,28,,0,1,Andover:1
Pendleton 1910 Rye Whiskey 750ml,Whisky/Whiskey,Johnson Brothers - St. Paul,0,0.0,,35.94,55.99,45.96,36,,0,0,
Pendleton Midnight Canadian Whiskey 750ml,Whisky/Whiskey,Johnson Brothers - St. Paul,3,0.0,,28.59,47.99,39.96,40,Net price on 3 cases mix with 1910,0,0,Blaine:3
Penelope Bourbon Estate Private Select 10yr 750ml,Whisky/Whiskey,Southern Glazer's Wine & Spirits of MN,1,0.0,,60.13,9999.99,,99,Allocated,0,0,Woodbury:1
Penelope Bourbon Valencia Naranja 750ml,Whisky/Whiskey,Southern Glazer's Wine & Spirits of MN,0,0.0,,52.63,89.99,,42,Allocated,0,0,
Barsol Perfecto Amor 750ml,Brandy,Discontinued,12,0.0,,2.0,3.49,2.95,43,,0,0,Osseo:12
Bartenders Bananas Over You Liter,Pre-Mix,Bellboy Corporation,0,0.0,,8.42,12.99,,35,3 case deal on once invoice,0,0,
Casamigos Cristalino Reposado 750ml,Agave,Johnson Brothers - St. Paul,6,0.0,,35.64,59.99,49.96,41,1 Repo 750 free on 20 m&m,0,0,Blaine:1;St. Louis Park:1;Woodbury:4
Barton Gin 1.75L,Gin,Southern Glazer's Wine & Spirits of MN,0,0.0,,11.46,15.99,,28,,0,0,
Barton Vodka Naturals 1.75L,Vodka,Southern Glazer's Wine & Spirits of MN,0,0.0,,8.4,12.49,10.96,33,,0,0,
Basil Hayden Malted Rye 750ml,Whisky/Whiskey,Southern Glazer's Wine & Spirits of MN,0,0.0,,42.13,55.99,46.45,25,,0,0,
Patron El Cielo Silver 700ml,Agave,Southern Glazer's Wine & Spirits of MN,13,0.0,417.9,75.23,107.99,89.95,30,,0,1,Minneapolis:2;Plymouth:2;Andover:4;Roseville:5
Famous Grouse Scotch 1.75L,Whisky/Whiskey,"Breakthru Beverage Minnesota Wine & Spirits, LLC",8,0.0,257.1,26.44,41.99,34.96,37,Case1,0,1,Blaine:1;St. Louis Park:7
Farmers Gin 750ml,Gin,Bellboy Corporation,6,0.0,,21.0,33.49,27.96,37,,0,0,Chanhassen:6
Few American Gin 750ml,Gin,Bellboy Corporation,0,0.0,,9.31,34.99,,73,,0,0,
Phillips Banana 100 750ml,Schnapps,Phillips Wine & Spirits - St. Paul,7,0.0,,10.35,17.99,,42,,0,0,Chanhassen:7
Phillips Butter Ripple Schnapps Traveler,Schnapps,Phillips Wine & Spirits - St. Paul,0,0.0,,6.43,11.49,9.96,44,1 free Pep 60 Liter on 8 cs,0,0,
Phillips Canadian 1.75L,Whisky/Whiskey,Phillips Wine & Spirits - St. Paul,0,0.0,,14.02,16.99,,17,Case 1,0,0,
Phillips Cinnamon Schnapps Liter,Schnapps,Phillips Wine & Spirits - St. Paul,10,0.0,,9.0,15.99,,44,,0,0,Osseo:3;Stillwater:3;Chanhassen:4
Evangeline's Praline Liqueur 750ml,Cordials,"Breakthru Beverage Minnesota Wine & Spirits, LLC",3,0.0,,11.27,17.99,,37,,0,0,Ramsey:3
Exclusiv Vodca Liter,Vodka,"Breakthru Beverage Minnesota Wine & Spirits, LLC",2,0.0,64.3,9.15,14.99,,39,,0,1,Andover:2
Bartenders Hot Sex Liter,Pre-Mix,Bellboy Corporation,0,0.0,,8.42,8.99,7.95,6,3 case deal on once invoice,0,0,
El Tequileno Platinum Blanco 750ml,Agave,Southern Glazer's Wine & Spirits of MN,5,0.0,,34.63,65.99,54.96,48,,0,0,Minnetonka:1;St. Louis Park:4
El Tesoro Blanco Tequila 750ml,Agave,Southern Glazer's Wine & Spirits of MN,4,0.0,,34.63,55.99,46.96,38,,0,0,Minnetonka:4
El Tesoro Reposado Tequila 750ml,Agave,Southern Glazer's Wine & Spirits of MN,0,0.0,,48.13,77.99,64.96,38,,0,0,
El Tesoro Tequila Anejo Mundian Yamazaki Finnish 750ml,Agave,Southern Glazer's Wine & Spirits of MN,1,0.0,,153.0,9999.99,,98,,0,0,Blaine:1
Elijah Craig 12yr Barrel Proof 750ml,Whisky/Whiskey,Bellboy Corporation,2,0.0,,59.38,95.99,79.96,38,12 - 6PK,0,0,Rosemount:2
Barrell Craft Armida Bourbon 750ml,Whisky/Whiskey,"Maverick Beverage Co., LLC - MN",0,0.0,,63.09,95.99,79.96,34,,0,0,
Barrell Craft Cask Strength Bourbon 750ml,Whisky/Whiskey,"Maverick Beverage Co., LLC - MN",13,0.0,,62.87,81.99,68.86,23,,0,0,Vadnais Heights:13
Barrell Craft Dovetail Bourbon 750ml,Whisky/Whiskey,"Maverick Beverage Co., LLC - MN",0,0.0,,52.75,95.99,79.96,45,Mix and match 6 cases of barrell,0,0,
Barrell Craft Dovetail Gray Label Bourbon 750ml,Whisky/Whiskey,"Maverick Beverage Co., LLC - MN",0,0.0,0.0,200.0,239.99,199.95,17,,0,1,
McConnell's Irish Whisky 750ml,Whisky/Whiskey,"Breakthru Beverage Minnesota Wine & Spirits, LLC",7,0.0,,21.1,34.99,,40,5 case deal,0,0,Minnetonka:7
Medley Brothers Bourbon 750ml,Whisky/Whiskey,"Grape Beginnings, Inc.",2,0.0,,23.75,36.99,30.96,36,,0,0,Roseville:2
Parkers Heritage Whiskey 11 Year 750ml,Bourbon,Southern Glazer's Wine & Spirits of MN,1,0.0,,135.26,9999.99,,99,,0,0,Blaine:1
Don Q Limon Rum 1.75L,Rum,Johnson Brothers - St. Paul,14,0.0,450.0,17.63,25.99,,32,1 free case on 10,0,1,Rosemount:2;St. Louis Park:2;Blaine:4;Roseville:6
Passoa Liqueur 50ml,Cordials,Discontinued,103,0.0,,0.01,3.49,,100,,0,0,Stillwater:103
Patron Anejo Sherry Cask 750ml,Agave,Southern Glazer's Wine & Spirits of MN,8,0.0,257.1,60.13,89.99,74.96,33,,0,1,Blaine:1;Chanhassen:1;Vadnais Heights:1;Roseville:2;Woodbury:3
Balblair 15yr 750ml,Whisky/Whiskey,"Vinocopia, Inc",5,0.0,160.7,90.46,131.99,109.96,31,,0,1,Plymouth:2;Minnetonka:3
Balcones Rye 100 Proof 750ml,Whisky/Whiskey,Southern Glazer's Wine & Spirits of MN,0,0.0,,31.56,47.99,39.96,34,,0,0,
Balcones TX Single Malt Classic 750ml,Whisky/Whiskey,Southern Glazer's Wine & Spirits of MN,11,0.0,,51.67,71.99,59.96,28,,0,0,Vadnais Heights:1;Ramsey:10
Malibu Passion Fruit Rum Liter,Rum,Southern Glazer's Wine & Spirits of MN,1,0.0,32.1,13.56,19.99,16.96,32,,0,1,Andover:1
Malibu Red 375ml,Rum,Southern Glazer's Wine & Spirits of MN,2,0.0,,8.88,10.99,9.86,19,,0,0,Andover:2
Malibu Rum 200ml,Rum,Southern Glazer's Wine & Spirits of MN,0,0.0,,4.11,6.99,,41,,0,0,
Maraska Slivovitz 750ml,Brandy,Bellboy Corporation,0,0.0,,18.83,23.99,19.95,22,,0,0,
Margaritaville Island Lime Liter,Agave,Southern Glazer's Wine & Spirits of MN,1,0.0,,8.55,21.99,,61,,0,0,Osseo:1
Marie Duffau Armagnac 750ml,Brandy,Phillips Wine & Spirits - St. Paul,0,0.0,,27.93,35.49,29.95,21,Case 1,0,0,
Martell VSOP Cognac 750ml,Brandy,Southern Glazer's Wine & Spirits of MN,2,0.0,64.3,35.31,44.99,,22,,0,1,Roseville:2
Penelope Toasted Series Bourbon 750ml,Whisky/Whiskey,Southern Glazer's Wine & Spirits of MN,0,0.0,,50.86,89.99,74.96,43,,0,0,
Passoa 750ml,Cordials,"Breakthru Beverage Minnesota Wine & Spirits, LLC",0,0.0,,14.69,22.99,,36,,0,0,
Hampden Estate Overproof 750ml,Rum,Libation Project,0,0.0,,55.17,71.99,59.95,23,Case 1,0,0,
Hampden Estate The Younger 750ml,Rum,Libation Project,3,0.0,96.4,44.5,57.99,47.95,23,Case 1,0,1,Minnetonka:3
Hangar 1 Lime Vodka 750ml,Vodka,Johnson Brothers - St. Paul,0,0.0,,14.75,23.99,19.95,39,1 free 750 ml Original on 3,0,0,
Hartley VSOP Brandy Liter,Brandy,"Breakthru Beverage Minnesota Wine & Spirits, LLC",0,0.0,,6.76,9.99,,32,,0,0,
Haus Bitter Clove Aperitif 750ml,Cordials,Libation Project,29,0.0,,23.33,39.99,19.86,42,,0,0,Minnetonka:3;Osseo:3;Blaine:6;Cottage Grove:8;Vadnais Heights:9
Veev Acai Spirit 750ml,Cordials,"Breakthru Beverage Minnesota Wine & Spirits, LLC",3,0.0,,20.82,26.99,22.86,23,,0,0,Woodbury:3
Vermut Flores Rose Vermouth (750 ml)/ D,,Discontinued,2,0.0,,13.49,20.23,,33,,0,0,Stillwater:2
Vikre Strawberry Rhubarb Gin 750ml,Gin,Phillips Wine & Spirits - St. Paul,0,0.0,,24.93,40.99,33.96,39,Case 1,0,0,
Vikre Temperance River Rye 750ml,Whisky/Whiskey,Phillips Wine & Spirits - St. Paul,0,0.0,,45.0,56.99,,21,,0,0,
Villa One Silver Tequilla 750ml,Agave,Johnson Brothers - St. Paul,6,0.0,192.9,30.08,44.99,,33,,0,1,Chanhassen:1;Vadnais Heights:1;Ramsey:2;Roseville:2
W.L. Weller 12 Yr Bourbon 750ml,Whisky/Whiskey,"Breakthru Beverage Minnesota Wine & Spirits, LLC",9,0.0,,30.1,9999.99,,100,,0,0,Blaine:9
Ultimat Vodka 375ml,Vodka,Southern Glazer's Wine & Spirits of MN,16,0.0,,8.11,21.99,,63,,0,0,Roseville:16
Ole Smoky Peppermint 750ml,Whisky/Whiskey,Southern Glazer's Wine & Spirits of MN,0,0.0,0.0,18.0,25.99,21.96,31,,0,1,
Uncle Nearest 1856 Whiskey Premium Aged 750ml,Whisky/Whiskey,"Breakthru Beverage Minnesota Wine & Spirits, LLC",6,0.0,192.9,45.19,69.99,57.96,35,3 case deal on one invoice,0,1,Minnetonka:1;Blaine:5
Uncle Val's Gin 750ml,Gin,Bellboy Corporation,6,0.0,192.9,28.17,42.99,35.96,34,,0,1,Ramsey:6
Vamonos Riendo Mezcal 750ml,Agave,Johnson Brothers - St. Paul,6,0.0,192.9,41.25,65.99,54.96,37,,0,1,Minnetonka:2;Andover:4
360 Vodka 1.75L,Vodka,Southern Glazer's Wine & Spirits of MN,1,0.0,,18.75,23.99,,22,,0,0,Rosemount:1
Van Winkle Special Reserve 12yr 750ml,Whisky/Whiskey,"Breakthru Beverage Minnesota Wine & Spirits, LLC",1,0.0,,142.77,9999.99,,99,,0,0,Andover:1
Bitter Truth Grapefruit Bitter 200ml,Mixes,,1,0.0,,9.5,18.99,,50,,0,0,Ramsey:1
Bizzarro Mischief Brew Bitter Aperitivo with Bengal Tonic 8.45OZ Can/ D,,Discontinued,3,0.0,,16.0,20.99,17.86,24,,0,0,Stillwater:3
Black Box Vodka 1.75L,Vodka,Johnson Brothers - St. Paul,3,0.0,,5.61,19.99,,72,,0,0,Osseo:3
Black Maple Hill Bourbon 750ml,Whisky/Whiskey,"Tradition Wine & Spirits, LLC",0,0.0,,57.0,83.99,69.96,32,,0,0,
Black Velvet Apple Whiskey 1.75L,Whisky/Whiskey,Southern Glazer's Wine & Spirits of MN,3,0.0,,13.2,18.99,15.96,30,,0,0,Plymouth:3
New Riff Kentucky Wild Gin 750ml,Gin,Johnson Brothers - St. Paul,3,0.0,96.4,11.59,29.99,24.96,61,,0,1,St. Louis Park:3
Bassano Nardini Mandorla 375ml,Cordials,"Grape Beginnings, Inc.",0,0.0,,19.58,28.99,,32,,0,0,
Bayou Spiced Rum 1.75L,Rum,Johnson Brothers - St. Paul,0,0.0,,25.01,33.49,27.95,25,,0,0,
Ultimat Vodka 750ml,Vodka,Southern Glazer's Wine & Spirits of MN,1,0.0,,21.67,27.99,,23,,0,0,Chanhassen:1
Wodka Vodka 750ml,Vodka,,1,0.0,,7.5,10.99,,32,,0,0,Osseo:1
Woodford Double Oaked Liter,Whisky/Whiskey,,2,0.0,,60.85,,,,,0,0,Roseville:1;Stillwater:1
Woodford Reserve Double Double Oaked Bourbon 750ml,Whisky/Whiskey,Johnson Brothers - St. Paul,0,0.0,,139.27,199.99,,30,,0,0,
99 Grapes 375ml,Schnapps,Southern Glazer's Wine & Spirits of MN,8,0.0,,5.03,9.99,8.96,50,,0,0,Chanhassen:8
Wheel Horse Winter Wheat Wheated Bourbon 750ml,Bourbon,Bellboy Corporation,1,0.0,,18.83,39.99,32.96,53,,0,0,Woodbury:1
Whip Shots Mocha 200ml,Pre-Mix,Johnson Brothers - St. Paul,0,0.0,,10.19,16.99,,40,Case 1 Pricing,0,0,
Whip Shots Vanilla 200ml,Pre-Mix,Johnson Brothers - St. Paul,0,0.0,,10.19,16.99,,40,Case 1 Pricing,0,0,
Whistlepig Rye Boss Hog XII 750ml,Whisky/Whiskey,Southern Glazer's Wine & Spirits of MN,0,0.0,,450.0,599.99,,25,,0,0,
Whitley Neill Dry Gin 750ml,Gin,Southern Glazer's Wine & Spirits of MN,1,0.0,,22.49,29.99,,25,,0,0,Woodbury:1
Wilderness Trail Rye Whiskey 750ml,Whisky/Whiskey,,1,0.0,,42.67,69.99,57.96,39,,0,0,Minnetonka:1
William Larue Weller Bourbon 750ml,Whisky/Whiskey,"Breakthru Beverage Minnesota Wine & Spirits, LLC",0,0.0,,100.27,9999.99,,99,,0,0,
Van Gogh Vodka 750ml,Vodka,Southern Glazer's Wine & Spirits of MN,0,0.0,,21.99,23.99,19.95,8,,0,0,
Captain Morgan 100 Proof 375ml,Rum,Phillips Wine & Spirits - St. Paul,0,0.0,,7.38,11.99,,38,Case 1,0,0,
Western Son Cucumber Liter,Vodka,Johnson Brothers - St. Paul,0,0.0,,9.93,15.99,13.46,38,Net Down Case Price,0,0,
High Noon Pineapple 12oz can,Pre-Mix,,0,0.0,,0.67,2.59,,74,,0,0,
1876 Straight Bourbon 750ml,Whisky/Whiskey,"Vinocopia, Inc",7,0.0,225.0,21.29,35.49,29.96,40,Special Pricing,0,1,Chanhassen:3;St. Louis Park:4
2XO American Oak 750ml,Whisky/Whiskey,Johnson Brothers - St. Paul,6,0.0,,29.18,47.99,39.96,39,Case One,0,0,Stillwater:6
Ciroc Passion 750ml,Vodka,Johnson Brothers - St. Paul,0,0.0,,21.17,34.99,,39,,0,0,
Haus Rose Rose' Aperitif 750ml,Cordials,Libation Project,5,0.0,,23.73,39.99,,41,,0,0,Plymouth:5
Havana Club Anejo Blanco 750ml,Rum,Southern Glazer's Wine & Spirits of MN,7,0.0,,15.81,21.49,8.97,26,,0,0,Cottage Grove:3;Minnetonka:4
Havana Club Anejo Classico 750ml,Rum,Southern Glazer's Wine & Spirits of MN,0,0.0,,17.31,24.99,,31,,0,0,
Heaven's Door Tennessee Bourbon 750ml,Whisky/Whiskey,"Breakthru Beverage Minnesota Wine & Spirits, LLC",0,0.0,,41.44,59.99,49.96,31,,0,0,
Heritage Brown Sugar Bourbon 750ml,Whisky/Whiskey,Southern Glazer's Wine & Spirits of MN,0,0.0,,18.13,23.99,19.95,24,,0,0,
High Noon End Zone Pack 8pk 12oz can,Pre-Mix,,0,0.0,,27.2,24.99,21.96,-9,,0,0,
Wiser's Deluxe Canadian Whisky Liter,Whisky/Whiskey,"Breakthru Beverage Minnesota Wine & Spirits, LLC",0,0.0,,17.34,19.99,,13,5 case deal,0,0,
Cantera Negra Reposado 750ml,Agave,Phillips Wine & Spirits - St. Paul,0,0.0,,33.92,53.99,44.96,37,Case 1,0,0,
E.H. Taylor Barrel Proof 750ml,Bourbon,Southern Glazer's Wine & Spirits of MN,28,0.0,,61.63,9999.99,,99,,0,0,Andover:1;Minneapolis:2;Chanhassen:3;Cottage Grove:3;Woodbury:3;Blaine:4;Roseville:6;St. Louis Park:6
Milk & Honey Classic Single Malt Whisky 750ml,Whisky/Whiskey,The Wine Company,0,0.0,,37.92,57.49,49.96,34,,0,0,
Milk & Honey Elements Sherry Cask 750ml,Whisky/Whiskey,The Wine Company,0,0.0,,48.25,59.99,49.95,20,,0,0,
Mocambo 20yr Rum 750ml,Rum,Bellboy Corporation,0,0.0,,28.5,39.99,,29,,0,0,
Monkey 47 Dry Gin 375ml,Gin,Bellboy Corporation,3,0.0,,28.5,44.99,,37,,0,0,Rosemount:1;Roseville:2
Ocean Organic Vodka 50ml,Vodka,Discontinued,25,0.0,803.6,3.07,4.99,3.96,38,,0,1,Stillwater:25
Ocean Vodka 750ml,Vodka,Southern Glazer's Wine & Spirits of MN,2,0.0,,20.38,33.99,27.96,40,,0,0,Stillwater:2
Ohishi Sherry Cask Whisky Top Ten Pick 750ml,Whisky/Whiskey,Discontinued,26,0.0,,47.14,74.99,62.45,37,,0,0,Ramsey:1;Rosemount:4;Roseville:8;Woodbury:13
Ohishi Whisky 750ml,Whisky/Whiskey,Phillips Wine & Spirits - St. Paul,6,0.0,192.9,48.37,71.99,59.95,33,,0,1,Chanhassen:6
Ol Red Reserve Kentucky Bourbon 750ml,Whisky/Whiskey,Johnson Brothers - St. Paul,18,0.0,578.6,54.68,69.99,,22,Case 1,0,1,Blaine:7;Minneapolis:11
Old Bardstown Estate 750ml,Whisky/Whiskey,Phillips Wine & Spirits - St. Paul,4,0.0,,26.77,41.99,35.96,36,Case 1,0,0,Minnetonka:4
Old Camp Peach Pecan Whiskey 750ml,Whisky/Whiskey,Johnson Brothers - St. Paul,5,0.0,,12.02,13.99,12.86,14,,0,0,Rosemount:5
Nikka From The Barrel 750ml,Whisky/Whiskey,Bellboy Corporation,0,0.0,,49.33,106.99,88.96,54,case 1,0,0,
Beefeater London Pink 750ml,Gin,Southern Glazer's Wine & Spirits of MN,0,0.0,,13.88,21.99,,37,,0,0,
Nodeo Tequilana Blanco Liter,Agave,"New France Wine Co, Inc",1,0.0,32.1,25.42,40.99,33.96,38,,0,1,Minnetonka:1
Nordes Atlantic Gin 700ml,Gin,The Wine Company,3,0.0,,26.25,37.99,34.96,31,,0,0,Blaine:3
Norseman Olympia Liqueur 750ml,Cordials,,1,0.0,32.1,24.0,30.99,,23,,0,1,Osseo:1
Oban 15YR Sherry Cask Scotch 750ml,Whisky/Whiskey,Johnson Brothers - St. Paul,1,0.0,,112.68,158.99,139.96,29,Case 1,0,0,Woodbury:1
Olmeca Altos Reposado Tequila 375ml,Agave,Southern Glazer's Wine & Spirits of MN,1,0.0,,12.89,14.99,,14,,0,0,Rosemount:1
Chankaska KREME Pumpkin Liq 750ml,Cordials,Johnson Brothers - St. Paul,3,0.0,,18.21,17.99,3.98,-1,,0,0,Stillwater:1;Cottage Grove:2
Chankaska Maple Bourbon Pecan Kreme 750ml,Cordials,"Vinocopia, Inc",8,0.0,,16.0,26.99,22.96,41,Net Down Pricing,0,0,Cottage Grove:8
Chartreuse Green 750ml,Cordials,Bellboy Corporation,0,0.0,0.0,40.92,65.99,54.96,38,,0,1,
Chattanooga Bourbon 111pf 750ml,Bourbon,"Vinocopia, Inc",2,0.0,,33.83,53.99,44.96,37,,0,0,Minnetonka:2
Chattanooga Bourbon Bottled In Bond 750ml,Bourbon,"Vinocopia, Inc",4,0.0,,37.58,59.99,49.96,37,,0,0,Minnetonka:4
Dos Hombres Mezcal Espadin 750ml,Agave,Southern Glazer's Wine & Spirits of MN,0,0.0,,44.71,59.99,49.96,25,,0,0,
Douglas & Todd Small Batch Bourbon Whisk 750ml,Whisky/Whiskey,Phillips Wine & Spirits - St. Paul,8,0.0,,26.43,37.99,,30,Case 1,0,0,Cottage Grove:3;Vadnais Heights:5
Ole Smoky MS Hunch Punch,Whisky/Whiskey,Southern Glazer's Wine & Spirits of MN,58,0.0,,6.05,16.99,,64,,0,0,St. Louis Park:11;Minnetonka:47
Noah's Mill Bourbon 750ml,Whisky/Whiskey,Phillips Wine & Spirits - St. Paul,2,0.0,,44.77,71.99,59.96,38,Case 1,0,0,Minnetonka:1;Ramsey:1
Benriach The Smoky 10yr 750ml,Whisky/Whiskey,"Breakthru Beverage Minnesota Wine & Spirits, LLC",2,0.0,,21.75,59.99,,64,,0,0,Minnetonka:2
Benromach 10yr 750ml,Whisky/Whiskey,Johnson Brothers - St. Paul,2,0.0,,20.33,52.99,49.96,62,,0,0,Blaine:2
Bent Brewstillery Tropical Spirit 750ml,Whisky/Whiskey,Discontinued,1,0.0,32.1,28.33,33.74,28.45,16,,0,1,Roseville:1
Montenegro Amaro 750ml,Cordials,Johnson Brothers - St. Paul,2,0.0,,33.93,47.99,39.96,29,,0,0,Blaine:2
Moskovskaya Vodka,Vodka,,1,0.0,,13.33,9.86,,-35,,0,0,Chanhassen:1
New Amsterdam Gluten Free Vodka 50ml,Vodka,Discontinued,94,0.0,,0.14,1.49,,91,,0,0,Stillwater:94
New Amsterdam Heat Check 750ml,Vodka,Johnson Brothers - St. Paul,0,0.0,0.0,,17.49,14.96,,,0,1,
New Amsterdam Lemon 750ml,Vodka,Johnson Brothers - St. Paul,10,0.0,321.4,9.09,13.99,,35,,0,1,Minnetonka:10
New Amsterdam London Dry Gin 1.75L,Gin,Johnson Brothers - St. Paul,2,0.0,64.3,19.23,27.99,,31,1 free Strat Gin 1.75's on 15,0,1,Chanhassen:2
New Amsterdam London Dry Gin 750ml,Gin,Johnson Brothers - St. Paul,7,0.0,225.0,12.09,15.99,,24,,0,1,Minnetonka:7
E.H. Taylor Single Barrel 750ml,Whisky/Whiskey,Southern Glazer's Wine & Spirits of MN,0,0.0,,51.13,9999.99,,99,,0,0,
E.H. Taylor Small Batch 750ml,Whisky/Whiskey,Southern Glazer's Wine & Spirits of MN,48,0.0,,41.44,9999.99,,100,case 1,0,0,Chanhassen:2;Rosemount:2;Plymouth:3;Minnetonka:3;Andover:5;St. Louis Park:6;Woodbury:7;Roseville:8;Blaine:12
Milagro Select Reserve Anejo 750ml,Agave,"Breakthru Beverage Minnesota Wine & Spirits, LLC",0,0.0,,43.69,99.99,,56,5cs purchase in a month,0,0,
Earl Giles Vodka Liter,Vodka,Small Lot MN,9,0.0,,13.12,20.99,17.96,37,TTL Best Pricing,0,0,Andover:9
Effen Black Cherry Vodka 375ml,Vodka,Johnson Brothers - St. Paul,0,0.0,,4.41,15.99,,72,,0,0,
Effen Cucumber Vodka 750ml,Vodka,Southern Glazer's Wine & Spirits of MN,0,0.0,,13.8,25.99,21.96,47,,0,0,
New Riff Barrel Strength Rye Whiskey 750ml,Whisky/Whiskey,Johnson Brothers - St. Paul,0,0.0,,45.0,59.99,49.95,25,,0,0,
Effen Dutch Raspberry Vodka 750ml,Vodka,Southern Glazer's Wine & Spirits of MN,0,0.0,,13.8,25.99,21.96,47,,0,0,
El Chapu Mezcal Cuishe 750ml,Agave,"Tradition Wine & Spirits, LLC",1,0.0,32.1,62.67,95.99,79.96,35,,0,1,Woodbury:1
El Chapu Mezcal Jabali 750ml,Agave,"Tradition Wine & Spirits, LLC",2,0.0,64.3,62.67,95.99,79.96,35,,0,1,Woodbury:2
El Jimador Reposado 1.75L,Agave,Johnson Brothers - St. Paul,0,0.0,0.0,0.18,47.99,39.95,100,,0,1,
El Mayor Reposado Tequila 750ml,Agave,"Vinocopia, Inc",0,0.0,,21.73,35.49,29.96,39,,0,0,
El Nivel Extra Anejo 750ml,Agave,"Vinocopia, Inc",3,0.0,,91.21,119.99,99.96,24,,0,0,Andover:3
Casa Dragones Tequila 750ml,Agave,,0,0.0,0.0,229.0,279.99,,18,,0,1,
Old Charter Oak Bourbon Finest Oak 750ml,Bourbon,"Breakthru Beverage Minnesota Wine & Spirits, LLC",0,0.0,0.6,61.26,9999.0,9999.0,99,,0,1,Minneapolis:0
Old Crow Bourbon 1.75L,Whisky/Whiskey,Bellboy Corporation,1,0.0,,17.0,20.99,17.86,19,,0,0,Minnetonka:1
Earl Giles Vodka 1.75L,Vodka,Small Lot MN,8,0.0,,17.58,27.99,23.96,37,TTL Best Pricing,0,0,Andover:8
Ritual Zero Proof Aperitif (NA) 750ml,Cordials,Phillips Wine & Spirits - St. Paul,0,0.0,,21.67,35.49,29.96,39,,0,0,
Roca Patron Anejo 750ml,Agave,Southern Glazer's Wine & Spirits of MN,0,0.0,,60.0,89.99,74.96,33,,0,0,
Roca Patron Reposado 750ml,Agave,Southern Glazer's Wine & Spirits of MN,2,0.0,,51.85,68.99,,25,,0,0,Chanhassen:2
Rondiaz 93 Rum 1.75L,Rum,Johnson Brothers - St. Paul,1,0.0,,15.34,23.99,19.95,36,,0,0,Stillwater:1
Badenhorst Caperitif 750ml,Vermouth,"New France Wine Co, Inc",5,0.0,,24.0,31.99,,25,,0,0,Plymouth:1;Vadnais Heights:4
Dewar's White Label Scotch 750ml,Whisky/Whiskey,Southern Glazer's Wine & Spirits of MN,7,0.0,225.0,12.94,25.99,21.96,50,,0,1,Minnetonka:2;Blaine:5
Dimple Pinch 15 Yr 750ml,Whisky/Whiskey,Bellboy Corporation,10,0.0,321.4,23.08,29.99,,23,,0,1,Osseo:2;Roseville:8
Diplomatico Mantuano 750ml,Rum,Johnson Brothers - St. Paul,2,0.0,,21.18,27.99,23.95,24,,0,0,Minnetonka:2
Diplomatico Reserva 50ml,Rum,Discontinued,139,0.0,4467.9,1.87,7.99,,77,,0,1,St. Louis Park:139
Diplomatico Reserva Exclusiva 750ml,Rum,Johnson Brothers - St. Paul,4,0.0,,30.04,42.99,,30,,0,0,Minnetonka:4
Disaronno Velvet Cream Liqueur 750ml,Cordials,"Breakthru Beverage Minnesota Wine & Spirits, LLC",2,0.0,64.3,21.84,29.99,,27,3 case deal on one invoice,0,1,Stillwater:2
Doc Swinson's Alter Ego Bourbon 750ml,Whisky/Whiskey,"Maverick Beverage Co., LLC - MN",0,0.0,,49.28,71.99,59.96,32,,0,0,
Ezra Brooks 99 Bourbon 750ml,Whisky/Whiskey,"Vinocopia, Inc",5,0.0,,20.5,25.99,21.96,21,Case 1,0,0,Minnetonka:5
Dekuyper Triple Sec PET 1.75,Cordials,Southern Glazer's Wine & Spirits of MN,1,0.0,,11.38,16.99,12.96,33,,0,0,Bloomington:1
Del Maguey Mezcal Vida 750ml,Agave,Southern Glazer's Wine & Spirits of MN,2,0.0,,30.13,45.99,37.96,34,,0,0,Minnetonka:2
Dewar's 18 Yr Scotch 750ml,Whisky/Whiskey,Southern Glazer's Wine & Spirits of MN,0,0.0,0.0,63.6,95.99,79.96,34,,0,1,
Dewar's Caribbean Smooth 750ml,Whisky/Whiskey,Southern Glazer's Wine & Spirits of MN,0,0.0,,21.61,33.99,28.96,36,,0,0,
Kimo Sabe Mezcal Reposado 750ml,Agave,Johnson Brothers - St. Paul,1,0.0,,30.57,39.99,,24,,0,0,Osseo:1
Kinahans 10 Year Single Malt 750ml,Whisky/Whiskey,"Grape Beginnings, Inc.",0,0.0,,47.67,59.99,,21,,0,0,
King's County Blended Bourbon 750ml,Whisky/Whiskey,Libation Project,3,0.0,96.4,38.5,59.99,49.96,36,Case 1,0,1,Minnetonka:1;Vadnais Heights:2
Kings Falcon Bourbon Cask Scotch 750ml,Whisky/Whiskey,Southern Glazer's Wine & Spirits of MN,3,0.0,,10.93,32.99,,67,,0,0,Blaine:3
Kings Falcon Sherry Cask Scotch 750ml,Whisky/Whiskey,Southern Glazer's Wine & Spirits of MN,2,0.0,64.3,25.5,32.99,,23,,0,1,Blaine:2
Rondiaz Spiced Apple 750ml,Rum,Johnson Brothers - St. Paul,0,0.0,,6.98,11.99,9.96,42,Case 1 Pricing,0,0,
Broker's Gin Liter,Gin,Southern Glazer's Wine & Spirits of MN,1,0.0,32.1,15.55,33.49,27.96,54,,0,1,Woodbury:1
Brovo Chocolate Liqueur 750ml,Cordials,"Grape Beginnings, Inc.",6,0.0,192.9,28.0,37.99,,26,,0,1,Ramsey:2;Plymouth:4
Brovo Jammy Vermouth 750ml,Vermouth,"Grape Beginnings, Inc.",0,0.0,,20.5,35.49,29.95,42,,0,0,
Dekuyper Sloe Gin Liter,Gin,Southern Glazer's Wine & Spirits of MN,7,0.0,,7.63,14.99,,49,,0,0,Ramsey:7
Carolan's Peanut Butter Liqueur 750ml,Cordials,Southern Glazer's Wine & Spirits of MN,21,0.0,,10.81,17.49,14.96,38,,0,0,Chanhassen:5;Cottage Grove:8;Plymouth:8
Carolans Cold Brew 750ml,Cordials,,0,0.0,,10.81,17.49,14.96,38,,0,0,
Revel Stoke Roasted Pineapple Liter,Whisky/Whiskey,Phillips Wine & Spirits - St. Paul,10,0.0,321.4,12.83,20.99,17.96,39,1 on 9 mix & match,0,1,Roseville:1;Chanhassen:2;Minnetonka:7
Revel Stoke Spiced Liter,Whisky/Whiskey,Phillips Wine & Spirits - St. Paul,9,0.0,,13.0,20.99,17.96,38,,0,0,Ramsey:4;St. Louis Park:5
Rhum Barbancourt 15 year 750ml,Rum,"Breakthru Beverage Minnesota Wine & Spirits, LLC",0,0.0,,43.42,45.49,18.48,5,,0,0,
Rhum JM Agricole XO 750ml,Rum,"Maverick Beverage Co., LLC - MN",1,0.0,,53.61,89.99,74.96,40,"1/2 on 5 m/m all Rhum JM, blanc as FG",0,0,St. Louis Park:1
Rhum JM Blanc 750ml,Rum,"Maverick Beverage Co., LLC - MN",1,0.0,32.1,26.28,38.99,32.96,33,"1/2 on 5 m/m all Rhum JM, blanc as FG",0,1,Minnetonka:1
Rhum JM VSOP 750ml,Rum,"Maverick Beverage Co., LLC - MN",5,0.0,,37.94,53.99,44.95,30,"1/2 on 5 m/m all Rhum JM, blanc as FG",0,0,Minnetonka:5
Rich & Rare Reserve 750ml,Whisky/Whiskey,"Breakthru Beverage Minnesota Wine & Spirits, LLC",12,0.0,385.7,8.28,12.99,,36,,0,1,Blaine:12
Refind Cucumber Vodka 750ml,Vodka,WRS Imports,0,0.0,,22.67,29.99,,24,,0,0,
Refind Rye Whiskey 750ml,Whisky/Whiskey,WRS Imports,2,0.0,64.3,40.0,49.99,,20,,0,1,Blaine:2
Remy Martin VSOP Cognac 375ml,Brandy,Phillips Wine & Spirits - St. Paul,25,0.0,803.6,19.59,25.99,21.96,25,Case 1,0,1,Stillwater:7;Chanhassen:18
Doc Swinson's Pineau Des Charentes Exploratory Cask 750ml,Whisky/Whiskey,,1,0.0,,60.0,95.99,79.96,37,,0,0,Minnetonka:1
Revel Avila Silver 750ml,Agave,Johnson Brothers - St. Paul,2,0.0,64.3,35.52,46.74,13.97,24,,0,1,Stillwater:2
Revel Stoke Cream Liqueur 750ml,Cordials,Phillips Wine & Spirits - St. Paul,2,0.0,,12.27,13.99,12.86,12,,0,0,Osseo:2
Revel Stoke Dill Pickle Whisky Liter,Whisky/Whiskey,Phillips Wine & Spirits - St. Paul,4,0.0,,12.83,20.99,17.96,39,1 on 9 mix & match,0,0,Cottage Grove:1;Ramsey:3
Bailey's Almande 750ml,Cordials,Phillips Wine & Spirits - St. Paul,0,0.0,,19.09,29.99,25.96,36,Case 1 Must hit 16 cs within month,0,0,
Bailey's Red Velvet 750ml,Cordials,Phillips Wine & Spirits - St. Paul,0,0.0,,20.21,29.99,25.96,33,,0,0,
Bailey's Strawberries & Cream 750ml,Cordials,Phillips Wine & Spirits - St. Paul,0,0.0,,19.09,29.99,26.96,36,Case 1 Must hit 16 cs within month,0,0,
Baileys Cinnamon Churros,RTD,Phillips Wine & Spirits - St. Paul,12,0.0,,19.09,29.99,25.96,36,Case 1 Must hit 16 cs within month,0,0,Chanhassen:12
DeLola Spritz Paloma 750ml,Pre-Mix,Southern Glazer's Wine & Spirits of MN,3,0.0,96.4,15.0,23.99,19.96,37,,0,1,Minnetonka:3
Dead Rabbit Irish Whiskey 750ml,Whisky/Whiskey,Johnson Brothers - St. Paul,6,0.0,,13.16,45.99,37.96,71,,0,0,Osseo:1;Ramsey:5
Deep Eddy Lime 1.75L,Vodka,Southern Glazer's Wine & Spirits of MN,1,0.0,,20.18,26.99,22.96,25,,0,0,Woodbury:1
Deep Eddy Ruby Red Vodka 375ml,Vodka,Southern Glazer's Wine & Spirits of MN,5,0.0,,5.4,5.99,5.86,10,,0,0,Andover:5
Doc Swinson's Alter Ego Cask Strength 750ml,Whisky/Whiskey,"Maverick Beverage Co., LLC - MN",0,0.0,,60.0,38.99,32.96,-54,,0,0,
Doc Swinson's Alter Ego Rye 750ml,Whisky/Whiskey,"Maverick Beverage Co., LLC - MN",2,0.0,,37.11,59.99,49.96,38,,0,0,St. Louis Park:2
Revel Avila Reposado 750ml,Agave,Johnson Brothers - St. Paul,0,0.0,,48.21,79.99,,40,,0,0,
S&C Home School Blood Orange Manhattan 200ml,Pre-Mix,Johnson Brothers - St. Paul,0,0.0,0.0,21.01,29.99,,30,,0,1,
Sagamore Rye 93 proof 750ml,Whisky/Whiskey,"Breakthru Beverage Minnesota Wine & Spirits, LLC",2,0.0,64.3,30.0,47.49,39.96,37,,0,1,Stillwater:2
Santa Marta Amaretto 700ml,Cordials,,5,0.0,,13.18,24.99,,47,,0,0,Chanhassen:5
Santa Marta Cioccolato 700ml,Cordials,,2,0.0,,13.11,24.99,,48,,0,0,Chanhassen:1;Vadnais Heights:1
Santa Marta Limoncello 700ml,Cordials,,2,0.0,,14.0,24.99,,44,,0,0,Vadnais Heights:2
Sauza Hornitos Plata Tequila 375ml,Agave,Southern Glazer's Wine & Spirits of MN,0,0.0,,9.15,12.49,10.96,27,,0,0,
Sauza Hornitos Plata Tequila Liter,Agave,Southern Glazer's Wine & Spirits of MN,4,0.0,,20.57,32.99,,38,,0,0,Bloomington:4
Rondiaz Spiced Rum Liter,Rum,Johnson Brothers - St. Paul,7,0.0,225.0,7.78,9.99,8.95,22,Case 1 Pricing,0,1,Chanhassen:7
Rough Rider Rye Bull Moose 750ml,Whisky/Whiskey,,0,0.0,0.0,25.8,34.99,,26,,0,1,
Rum Chata Pineapple Cream 750ml,Cordials,Johnson Brothers - St. Paul,0,0.0,,16.22,25.99,21.96,38,DEEP NET.  SOND deep net,0,0,
Rum Haven Coconut Rum Liter,Rum,Johnson Brothers - St. Paul,0,0.0,,14.16,17.99,,21,,0,0,
Rutte Celery Gin 750ml,Gin,"Breakthru Beverage Minnesota Wine & Spirits, LLC",0,0.0,0.0,24.17,29.99,,19,,0,1,
Brovo Lucky Falernum 750ml,Cordials,"Grape Beginnings, Inc.",5,0.0,,26.5,35.99,,26,,0,0,St. Louis Park:5
Seagrams VO Canadian Whiskey 50ml,Whisky/Whiskey,Phillips Wine & Spirits - St. Paul,9,0.0,,0.34,2.29,,85,,0,0,Chanhassen:9
Seagrams VO Gold Canadian 1.75L,Whisky/Whiskey,"Breakthru Beverage Minnesota Wine & Spirits, LLC",0,0.0,,24.19,38.49,32.46,37,5cs Mix and match with VO,0,0,
Shenk's Kentucky Sour Mash Whiskey 750ml,Whisky/Whiskey,Phillips Wine & Spirits - St. Paul,0,0.0,,97.87,139.99,,30,Case 1,0,0,
Avion Reposado Tequila 750ml,Agave,Southern Glazer's Wine & Spirits of MN,1,0.0,,33.13,49.99,41.96,34,,0,0,Stillwater:1
BCN Gin Liter,Gin,"New France Wine Co, Inc",15,0.0,482.1,33.21,52.99,44.96,37,,0,1,Stillwater:4;Bloomington:11
Bacardi Classic Mojito 1.75L,Pre-Mix,Southern Glazer's Wine & Spirits of MN,6,0.0,,13.83,20.99,17.96,34,,0,0,Vadnais Heights:6
Dashfire Fig & Cascara Manhattan 750ml,Pre-Mix,"Vinocopia, Inc",0,0.0,,19.75,29.99,,34,Net Down Pricing,0,0,
Dashfire Lemon & Lavender Martini 750ml,Pre-Mix,Southern Glazer's Wine & Spirits of MN,0,0.0,,23.0,23.99,19.95,4,,0,0,
Dashfire Rum Golden Latte 200ml,Pre-Mix,Southern Glazer's Wine & Spirits of MN,3,0.0,96.4,4.0,5.99,,33,,0,1,Chanhassen:3
David Nicholson 1843 750ml,Whisky/Whiskey,Libation Project,5,0.0,,26.5,43.99,36.96,40,Case 1,0,0,St. Louis Park:2;Vadnais Heights:3
DeLeon Blanco 750ml,Agave,Phillips Wine & Spirits - St. Paul,4,0.0,,30.05,47.99,39.96,37,Case 1,0,0,Ramsey:4
DeLeon Reposado 750ml,Agave,Johnson Brothers - St. Paul,0,0.0,,33.84,48.99,15.97,31,Case 1,0,0,
Seagrams Peach Vodka 375ml,Vodka,"Breakthru Beverage Minnesota Wine & Spirits, LLC",0,0.0,,3.59,6.99,,49,10cs Mix and Match,0,0,
Seagrams VO Canadian Liter,Whisky/Whiskey,Bellboy Corporation,0,0.0,,13.5,16.99,,21,5cs Mix and match with VO,0,0,
Kilchoman Machir Bay 750ml,Whisky/Whiskey,The Wine Company,1,0.0,32.1,47.92,64.99,,26,,0,1,Chanhassen:1
Kilkerran 12 Year Old Single Malt 700ml,Whisky/Whiskey,"New France Wine Co, Inc",1,0.0,,63.5,115.99,97.96,45,Allocated,0,0,St. Louis Park:1
Bordiga Chiot Montamaro 750ml,Cordials,The Wine Company,2,0.0,,32.58,39.99,,19,,0,0,Woodbury:2
Bordiga Occitan Gin Liter,Gin,The Wine Company,7,0.0,,35.58,47.99,39.96,26,,0,0,Woodbury:7
Bordiga St Hubertus Amaro 750ml,Cordials,The Wine Company,2,0.0,,39.58,51.99,,24,,0,0,Vadnais Heights:2
Branca Menta Liqueur 750ml,Cordials,"Breakthru Beverage Minnesota Wine & Spirits, LLC",0,0.0,,24.86,36.99,34.96,33,3 case deal,0,0,
Brenne French Single Malt 750ml,Whisky/Whiskey,"Breakthru Beverage Minnesota Wine & Spirits, LLC",1,0.0,32.1,41.17,58.99,,30,,0,1,Blaine:1
Brinley Shipwreck Coffee Rum 750ml,Rum,Paustis Wine,0,0.0,0.0,18.67,27.24,22.95,31,,0,1,
Brinley Shipwreck Vanilla Rum 750ml,Rum,Paustis Wine,0,0.0,,18.67,30.49,25.96,39,,0,0,
Deep Eddy Vodka 375ml,Vodka,Southern Glazer's Wine & Spirits of MN,6,0.0,192.9,5.2,13.99,,63,,0,1,Woodbury:6
Dekuyper Anisette 750ml,Cordials,,5,0.0,,7.58,12.49,10.96,39,,0,0,Osseo:5
Dekuyper Cherry Pucker 750ml,Schnapps,Southern Glazer's Wine & Spirits of MN,0,0.0,,6.73,11.49,9.96,41,,0,0,
George T Stagg Jr Bourbon 750ml,Whisky/Whiskey,,7,0.0,,45.19,9999.99,,100,,0,0,Blaine:7
Rondiaz Lemon Rum Liter,Rum,Johnson Brothers - St. Paul,0,0.0,,7.95,9.99,8.95,20,,0,0,
Rondiaz Peach 1.75L,Rum,Johnson Brothers - St. Paul,21,0.0,,10.92,17.99,15.96,39,7 free Spiced 1.75 on 16 mix all 1.75,0,0,St. Louis Park:4;Cottage Grove:5;Rosemount:5;Ramsey:7
Rondiaz Spiced Apple 1.75L,Rum,Johnson Brothers - St. Paul,3,0.0,,14.95,17.49,14.95,15,,0,0,Chanhassen:3
Germain Robin Alambic Brandy 750ml,Brandy,Johnson Brothers - St. Paul,6,0.0,,59.98,80.99,66.95,26,,0,0,St. Louis Park:1;Woodbury:5
Ghost Tequila Blanco 750ml,Agave,Bellboy Corporation,0,0.0,0.0,24.75,45.99,37.96,46,,0,1,
Gilbeys Gin 1.75L DNU,Gin,Discontinued,0,0.0,,15.33,19.99,,23,,0,0,
Wiser's Very Old 18 yr 750ml,Whisky/Whiskey,"Breakthru Beverage Minnesota Wine & Spirits, LLC",0,0.0,,26.35,61.99,,57,Case 1,0,0,
Gin Lane 1751 Violet 750ml/ D,Accessories,Discontinued,4,0.0,128.6,32.65,42.99,35.86,24,,0,1,Stillwater:4
Freeland Spirits Cherry Blossom Liqueur 750ml,Cordials,"Bourget Imports, LLC",13,0.0,,31.29,53.99,44.96,42,,0,0,Minnetonka:4;St. Louis Park:9
Gallo Sweet Vermouth 750ml,Vermouth,Johnson Brothers - St. Paul,0,0.0,,5.42,9.99,8.96,46,,0,0,
Gamle Ode Aquavit Celebration 750ml,Cordials,"Vinocopia, Inc",5,0.0,,26.17,41.99,34.96,38,Case 1,0,0,Chanhassen:2;Stillwater:3
Gamle Ode Aquavit Holiday 750ml,Cordials,"Vinocopia, Inc",2,0.0,,26.17,41.99,34.96,38,Case 1,0,0,Stillwater:2
George T Stagg Bourbon 750ml,Whisky/Whiskey,"Breakthru Beverage Minnesota Wine & Spirits, LLC",3,0.0,,120.27,9999.99,,99,,0,0,Chanhassen:1;Roseville:2
Rondiaz Lemon Rum 1.75L,Rum,Johnson Brothers - St. Paul,16,0.0,514.3,10.92,17.99,15.96,39,7 free Spiced 1.75 on 16 mix all 1.75,0,1,Roseville:3;St. Louis Park:13
Phillips UV Blue Raspberry 1.75L,Vodka,Phillips Wine & Spirits - St. Paul,0,0.0,,10.93,19.99,16.96,45,Case 1,0,0,
Phillips UV Blue Raspberry 375ml,Vodka,Phillips Wine & Spirits - St. Paul,1,0.0,,4.5,6.99,,36,Case 1,0,0,Blaine:1
Phillips UV Blue Raspberry Traveler,Vodka,Phillips Wine & Spirits - St. Paul,0,0.0,,7.32,12.99,,44,2 free Blue 1.75 on 25,0,0,
Phillips UV Orange Vodka Liter,Vodka,Phillips Wine & Spirits - St. Paul,2,0.0,,9.21,14.99,12.96,39,2 free Blue 1.75 on 25,0,0,Ramsey:2
Phillips UV Pink Lemonade Vodk Liter,Vodka,Phillips Wine & Spirits - St. Paul,0,0.0,,9.21,14.99,12.96,39,2 free Blue 1.75 on 25,0,0,
Phillips UV Vodka Liter,Vodka,Phillips Wine & Spirits - St. Paul,3,0.0,96.4,9.21,14.99,12.96,39,2 free Blue 1.75 on 25,0,1,Blaine:3
Finlandia Grapefruit Vodka Liter,Vodka,Johnson Brothers - St. Paul,1,0.0,,11.56,15.99,,28,,0,0,Osseo:1
Fireball 100ml 6pk 100ml,Whisky/Whiskey,Southern Glazer's Wine & Spirits of MN,66,0.0,2121.4,1.23,11.49,9.96,89,9cs one invoice,0,1,St. Louis Park:3;Minnetonka:6;Plymouth:6;Ramsey:8;Chanhassen:14;Osseo:14;Stillwater:15
Captain Morgan Grapefruit Rum Liter,Rum,Phillips Wine & Spirits - St. Paul,0,0.0,,13.01,17.49,14.95,26,,0,0,
Captain Morgan Private Stock 1.75L,Rum,Phillips Wine & Spirits - St. Paul,1,0.0,,35.17,45.99,,24,Case 1,0,0,Chanhassen:1
Captain Morgan RTS Mai Tai 1.75L,Pre-Mix,Phillips Wine & Spirits - St. Paul,0,0.0,,15.18,23.99,,37,Case 1,0,0,
Macallan Classic Cut 750ml,Whisky/Whiskey,"Breakthru Beverage Minnesota Wine & Spirits, LLC",3,0.0,96.4,105.1,144.99,124.96,28,,0,1,Blaine:3
Caribou Crossing Canadian Whisky 750ml,Whisky/Whiskey,"Breakthru Beverage Minnesota Wine & Spirits, LLC",18,0.0,578.6,43.13,9999.99,,100,,0,1,Blaine:1;Minneapolis:1;Minnetonka:1;Vadnais Heights:1;Chanhassen:5;Cottage Grove:9
Phillips Peppermint 60pf 200ml,Schnapps,Phillips Wine & Spirits - St. Paul,44,0.0,,2.98,5.99,,50,Case 1,0,0,Cottage Grove:44
Prichard's Cristal Rum 750ml,Rum,"Vinocopia, Inc",0,0.0,0.0,20.75,27.99,23.95,26,,0,1,
Prichard's Sweet Lucifer 750ml,Cordials,"Vinocopia, Inc",5,0.0,,20.43,25.99,21.86,21,,0,0,Woodbury:5
Prichard's Sweet Lucy Brbn Cr 750ml,Cordials,"Vinocopia, Inc",0,0.0,,20.91,29.99,,30,,0,0,
Prohibition Simple Syrup 16 oz.,Mixes,Am Craft Spirits,1,0.0,,4.25,6.99,,39,,0,0,St. Louis Park:1
Prospero Blanco Tequila 750ml,Agave,"Breakthru Beverage Minnesota Wine & Spirits, LLC",0,0.0,,31.69,47.99,39.96,34,5 case deal,0,0,
Puntagave Artisanal Mezcal 750ml,Agave,"Tradition Wine & Spirits, LLC",3,0.0,,59.0,77.99,64.96,24,,0,0,Minnetonka:1;Minneapolis:2
Puntagave Tequila Blanco 750ml,Agave,"Tradition Wine & Spirits, LLC",0,0.0,,36.0,53.99,44.96,33,,0,0,
Don Fulano Reposado Tequila 750ml,Agave,Johnson Brothers - St. Paul,3,0.0,96.4,49.02,64.99,,25,,0,1,Minnetonka:3
Don Julio 1942 Lunar New Year Horse 750ml,Agave,Johnson Brothers - St. Paul,11,0.0,,131.33,179.99,149.96,27,,0,0,Minneapolis:1;Blaine:5;St. Louis Park:5
Don Julio Rosado 750ml,Agave,Phillips Wine & Spirits - St. Paul,1,0.0,32.1,93.68,149.99,124.96,38,,0,1,Stillwater:1
Plume & Petal Lemon Drift Vodka 750ml,Vodka,Southern Glazer's Wine & Spirits of MN,0,0.0,,16.28,21.99,,26,,0,0,
Powers Gold Label 750ml,Whisky/Whiskey,"Breakthru Beverage Minnesota Wine & Spirits, LLC",0,0.0,,23.42,4.49,3.95,-422,,0,0,
Macleod's Six Isles 750ml,Whisky/Whiskey,"Vinocopia, Inc",0,0.0,,37.58,46.99,,20,,0,0,
Cascade Blonde Whiskey 750ml,Whisky/Whiskey,Johnson Brothers - St. Paul,4,0.0,,15.09,23.99,,37,,0,0,Ramsey:4
Cat's Eye Nassif Family Reserve 750ml,Whisky/Whiskey,"Vinocopia, Inc",3,0.0,,31.79,49.99,41.45,36,Net Down Pricing,0,0,Chanhassen:3
Cathead Bitter Orange 750ml,Vodka,Phillips Wine & Spirits - St. Paul,8,0.0,257.1,12.26,16.99,13.86,28,Case 1,0,1,Andover:8
Cathead Old Soul 109 750ml,Whisky/Whiskey,Phillips Wine & Spirits - St. Paul,4,0.0,,42.93,54.99,44.86,22,Case 1,0,0,Minneapolis:4
Cazadores Anejo Tequila 750ml,Agave,Southern Glazer's Wine & Spirits of MN,1,0.0,,24.14,41.99,34.96,43,,0,0,Rosemount:1
Chambord Liqueur Royale 750ml,Cordials,,0,0.0,,21.37,34.99,31.96,39,,0,0,
Chankaska Creek Krem Peppermyn 750ml,Cordials,Johnson Brothers - St. Paul,0,0.0,,17.37,25.99,,33,,0,0,
Marti Plata Rum 750ml,Rum,Bellboy Corporation,1,0.0,,14.21,17.99,,21,,0,0,Osseo:1
Martini & Rossi Ambrato Riserv 750ml,Cordials,Southern Glazer's Wine & Spirits of MN,7,0.0,,17.24,25.99,,34,,0,0,Blaine:1;Cottage Grove:3;Rosemount:3
Massaya Arak Lebanon Anisette Liqueur 750ml,Cordials,,11,0.0,353.6,23.0,39.99,,42,,0,1,Osseo:4;Chanhassen:7
"Matsui ""The Hakuto"" Gin 700ml",Gin,"New France Wine Co, Inc",11,0.0,353.6,27.38,43.99,36.96,38,,0,1,Bloomington:11
Dorda Coconut Liqueur  750ml,Cordials,Southern Glazer's Wine & Spirits of MN,0,0.0,,18.74,26.99,22.45,31,,0,0,
Phillips Sno Shoe Grog 750ml,Schnapps,Phillips Wine & Spirits - St. Paul,0,0.0,,8.54,14.99,,43,1 Free Blackberry Liter on 8 cs asst Cordials,0,0,
Leroux Rock & Rye 750ml,Whisky/Whiskey,"Breakthru Beverage Minnesota Wine & Spirits, LLC",7,0.0,,3.25,13.99,,77,,0,0,Blaine:7
Letherbee Gin Liter,Gin,"Tradition Wine & Spirits, LLC",7,0.0,225.0,25.17,34.99,,28,,0,1,Ramsey:3;Minnetonka:4
Letherbee Original Label Gin 750ml,Gin,"Tradition Wine & Spirits, LLC",9,0.0,,22.33,25.99,,14,,0,0,Stillwater:1;Plymouth:3;Bloomington:5
Liber & Co Passionfruit  375ml,,Am Craft Spirits,0,0.0,0.0,13.5,23.99,17.96,44,,0,1,
Licor 43 Horchata 750ml,Cordials,Southern Glazer's Wine & Spirits of MN,0,0.0,,24.17,23.99,19.95,-1,,0,0,
Little Book Whiskey Infinite 120.4pf 750ml,Whisky/Whiskey,Southern Glazer's Wine & Spirits of MN,3,0.0,,145.49,9999.99,,99,,0,0,Roseville:1;St. Louis Park:1;Woodbury:1
Lobos 1707 Tequila Reposado 750ml,Agave,Southern Glazer's Wine & Spirits of MN,0,0.0,,0.13,50.99,42.45,100,,0,0,
Phillips Vodka Liter,Vodka,Phillips Wine & Spirits - St. Paul,0,0.0,0.0,6.88,11.99,,43,Case 1,0,1,
Pierre Ferrand Reserve 750ml,Brandy,Bellboy Corporation,3,0.0,96.4,53.33,69.99,58.86,24,,0,1,Osseo:3
Pinhook (Dark Blue) Kentucky High Proof Rye 2022,Whisky/Whiskey,The Wine Company,0,0.0,,37.25,,,,,0,0,
Pinhook Bourbon N Rye 750ml,Whisky/Whiskey,Johnson Brothers - St. Paul,0,0.0,,26.42,35.49,29.95,26,,0,0,
Pinhook Bourbon War Vertical Series 6yr 750ml,Whisky/Whiskey,Johnson Brothers - St. Paul,2,0.0,,45.0,64.99,,31,,0,0,Andover:2
Leroux Polish Blackberry 1.75L,Brandy,Phillips Wine & Spirits - St. Paul,0,0.0,,15.93,22.99,8.97,31,Case 1,0,0,
Leroux Polish Blackberry 200ml,Brandy,Bellboy Corporation,11,0.0,,2.35,4.49,,48,,0,0,Ramsey:11
Langley's Gin 750ml,Gin,,5,0.0,,25.63,37.99,,33,,0,0,Blaine:5
Rabbit Hole Dareringer Bourbon 750ml,Whisky/Whiskey,Southern Glazer's Wine & Spirits of MN,0,0.0,,65.38,89.99,74.96,27,,0,0,
Raff Arkansas Black Straight Applejack 750ml,Brandy,Bellboy Corporation,0,0.0,0.0,20.17,26.99,22.95,25,,0,1,
Raff Emperor Norton Absinthe 375ml,Cordials,Bellboy Corporation,0,0.0,,20.83,39.99,,48,,0,0,
Komos Reposado Rosa 750ml,Agave,Johnson Brothers - St. Paul,0,0.0,,82.68,119.99,99.96,31,,0,0,
Korbel Brandy PET Traveler,Brandy,Johnson Brothers - St. Paul,0,0.0,,9.56,14.99,12.96,36,,0,0,
Korbel XS Brandy 750ml,Brandy,Southern Glazer's Wine & Spirits of MN,0,0.0,,12.56,18.49,15.96,32,,0,0,
Koval  Gin 750ml,Gin,Phillips Wine & Spirits - St. Paul,0,0.0,0.0,22.68,33.99,,33,Case 1,0,1,
Purity Organic Gin 34/ D,Accessories,Discontinued,9,0.0,289.3,19.5,29.99,,35,,0,1,Stillwater:9
Purity Vodka Super 17 1.75L,Vodka,,4,0.0,,35.25,53.49,45.96,34,,0,0,Andover:2;Woodbury:2
Pyrat XO Reserve Rum 375ml,Rum,Southern Glazer's Wine & Spirits of MN,0,0.0,0.0,12.43,19.99,,38,,0,1,
Quiereme Mucho Tepeztate 750ml,Agave,"Tradition Wine & Spirits, LLC",1,0.0,,64.67,92.99,,30,,0,0,Woodbury:1
Prairie Vodka ,Vodka,,5,0.0,,15.63,25.99,,40,3 free vodka 1.75 free on 21cases monthly,0,0,Minnetonka:5
R1 Rye Whiskey 750ml,Whisky/Whiskey,Southern Glazer's Wine & Spirits of MN,13,0.0,,20.32,25.99,21.86,22,,0,0,Osseo:13
RD One Amburana Finished Bourbon 750ml,Whisky/Whiskey,"Maverick Beverage Co., LLC - MN",0,0.0,,47.61,77.99,64.96,39,1btl Straight on 2cs m/m,0,0,
RD One Straight Kentucky Bourbon 750ml,Whisky/Whiskey,"Maverick Beverage Co., LLC - MN",0,0.0,,39.63,62.99,52.45,37,1btl Straight on 2cs m/m,0,0,
Flor de Cana Extra Dry Lt Rum 750ml,Rum,Bellboy Corporation,8,0.0,,13.42,17.99,,25,,0,0,Chanhassen:4;Ramsey:4
Flying Dutchman Cr�me de Cacao 750ml,Cordials,Bellboy Corporation,12,0.0,,18.17,29.99,24.96,39,,0,0,Woodbury:2;Blaine:5;Chanhassen:5
Fontbonne Herbal Liqueur 700ml,Cordials,Southern Glazer's Wine & Spirits of MN,10,0.0,,43.13,65.99,54.96,35,,0,0,Andover:5;Cottage Grove:5
Foundry Surly Furious Whiskey 750ml,Whisky/Whiskey,Phillips Wine & Spirits - St. Paul,12,0.0,,45.18,59.99,,25,Case 1,0,0,St. Louis Park:1;Osseo:2;Vadnais Heights:2;Chanhassen:3;Plymouth:4
Four Roses Single Barrel OESK 750ml,Whisky/Whiskey,Johnson Brothers - St. Paul,0,0.0,,37.68,49.99,,25,Case 1 Pricing,0,0,
Knob Creek Bourbon Single Barrel 21 Year 750ml,Whisky/Whiskey,Southern Glazer's Wine & Spirits of MN,1,0.0,,187.5,9999.99,,98,,0,0,Roseville:1
Knob Creek Rye Minnesota Barrel Selection 750ml,Whisky/Whiskey,Southern Glazer's Wine & Spirits of MN,4,0.0,,11.4,58.99,,81,,0,0,Andover:1;Minnetonka:3
Komos Anejo Cristalino 750ml,Agave,Johnson Brothers - St. Paul,0,0.0,0.0,97.68,155.99,129.96,37,,0,1,
Caravedo Mosto Verde Pisco 750ml,Cordials,Paustis Wine,3,0.0,,34.83,45.99,,24,,0,0,Andover:3
Cardhu Single Malt 12 yr 750ml,Whisky/Whiskey,Bellboy Corporation,0,0.0,,47.17,62.99,,25,Case 1,0,0,
Quiereme Mucho Tobala 750ml,Agave,"Tradition Wine & Spirits, LLC",1,0.0,,63.33,92.99,,32,,0,0,Woodbury:1
Pinnacle Tropical Punch Vodka Liter,Vodka,Southern Glazer's Wine & Spirits of MN,3,0.0,96.4,9.74,13.99,,30,,0,1,Roseville:3
Pinnacle Vodka 750ml,Vodka,Southern Glazer's Wine & Spirits of MN,0,0.0,,7.29,11.99,,39,,0,0,
Doc Swinson's Smoke on the Water Exploratory Cask 750ml,Whisky/Whiskey,,5,0.0,,60.0,95.99,79.96,37,,0,0,Andover:2;Minnetonka:3
Dolin Genepy Le Chamois 750ml,Cordials,Libation Project,10,0.0,,25.75,42.99,35.96,40,Case 1,0,0,Andover:3;Woodbury:3;Osseo:4
Don Alberto Anejo Tequila 750ml,Agave,"Tradition Wine & Spirits, LLC",4,0.0,128.6,63.0,101.99,84.96,38,,0,1,Andover:4
Don Alberto Ex Anejo Cask Finish Tequila 750ml,Agave,"Tradition Wine & Spirits, LLC",4,0.0,,108.5,175.99,145.96,38,,0,0,St. Louis Park:4
Don Fulano Imperial Extra Anejo 750ml,Agave,Johnson Brothers - St. Paul,5,0.0,,166.02,179.99,149.95,8,,0,0,St. Louis Park:1;Blaine:4
Lokal Meyer Lemon Vodka Liter,Vodka,"Vinocopia, Inc",6,0.0,192.9,10.71,15.99,13.96,33,,0,1,Blaine:1;Bloomington:5
Loon Lac Coeur Coffee 375ml,Cordials,Bellboy Corporation,0,0.0,,12.54,20.99,17.96,40,1 on 6 - Aquavit is free goods,0,0,
Loon Lac Coeur Ginger 375ml,Cordials,Bellboy Corporation,4,0.0,,12.54,20.99,17.96,40,1 on 6 - Aquavit is free goods,0,0,Cottage Grove:4
Loon Liquor Lac Coeur Cinnamon 375ml,Cordials,Bellboy Corporation,3,0.0,,12.54,20.99,17.96,40,1 on 6 - Aquavit is free goods,0,0,Vadnais Heights:3
Loonman New World Gin 750ml,Gin,Bellboy Corporation,0,0.0,,16.02,25.99,22.96,38,1 on 6 - Aquavit is free goods,0,0,
Langatun Old Deer Swiss Cask Strength Whisky 750ml,Scotch Whisky,"New France Wine Co, Inc",0,0.0,,112.0,179.99,149.96,38,,0,0,
Pinnacle Ruby Red Grapefruit Liter,Vodka,Southern Glazer's Wine & Spirits of MN,4,0.0,,9.74,13.99,,30,,0,0,Woodbury:4
Laphroaig Cairdeas 750ml,Whisky/Whiskey,Southern Glazer's Wine & Spirits of MN,2,0.0,64.3,81.97,109.99,,25,,0,1,Chanhassen:2
Laphroaig Quater Cask 750ml,Whisky/Whiskey,Southern Glazer's Wine & Spirits of MN,2,0.0,,54.51,77.99,64.96,30,,0,0,Minnetonka:2
Laphroaig Select 750ml,Whisky/Whiskey,Southern Glazer's Wine & Spirits of MN,0,0.0,,34.74,46.99,,26,,0,0,
Leopold Bros 4 Year Bourbon 750ml,Whisky/Whiskey,"Maverick Beverage Co., LLC - MN",4,0.0,,39.0,49.99,,22,,0,0,Minnetonka:4
Leopold's American Small Batch Gin 750ml,Gin,"Maverick Beverage Co., LLC - MN",0,0.0,,21.19,38.99,32.96,46,,0,0,
Redbreast 15 Yr 750ml,Whisky/Whiskey,Southern Glazer's Wine & Spirits of MN,0,0.0,,121.83,163.99,139.96,26,,0,0,
Redwood Empire Lost Monarch Whiskey 750ml,Whisky/Whiskey,Southern Glazer's Wine & Spirits of MN,0,0.0,0.0,30.13,47.99,39.96,37,,0,1,
Kraken Black Spiced Rum (Black Label) 1.75L,Rum,Johnson Brothers - St. Paul,0,0.0,,21.43,29.99,,29,,0,0,
La Luna Cupreata Mezcal 750ml,Agave,Libation Project,4,0.0,,34.5,51.49,22.98,33,Case 1,0,0,Minnetonka:4
LaCrosse Robbers Rye 750ml,Whisky/Whiskey,"Breakthru Beverage Minnesota Wine & Spirits, LLC",0,0.0,,33.69,49.99,,33,Case 1,0,0,
Label 5 Blended Scotch 750ml,Whisky/Whiskey,Johnson Brothers - St. Paul,1,0.0,,8.43,16.99,,50,,0,0,Ramsey:1
Lairds Applejack 750ml,Brandy,"Breakthru Beverage Minnesota Wine & Spirits, LLC",0,0.0,,15.1,17.99,,16,,0,0,
Pinnacle Pineapple Vodka Liter,Vodka,Southern Glazer's Wine & Spirits of MN,0,0.0,,8.79,13.99,,37,,0,0,
Espolon Blanco Tequila Liter,Agave,Southern Glazer's Wine & Spirits of MN,3,-0.5,,24.88,39.99,31.96,38,,-3,-3,Cottage Grove:3
