Product Description,Product UPC,Department,Size,Units/Case,Supplier,Distributor,Deal Description,Buy Months (if appl.),Net/Unit,Net Case,Case 1 (Retail),Retail Calc,Club Override,GM%,Buy Month Invoice,Effective Date,Notes,Non-Buy Month Invoice,Reorder Point,Item Number,Net Case EO,Net Cs EO/Unit,Retail Override,Avg Retail,Avg Club,Markup,Buy Months,Case 1 on Spirits Tab,Buy Month Invoice on Spirits Tab,Net Case on Spirits Tab,Diff b/w Case 1,Diff b/w Net Case,Diff Item Number,Units On Hand Across Chain,Netsuite Name,Color
Two Chicks Citrus Margarita ,850003574042,Liquor,4 pk can,6,Two Chicks,Phillips Wine & Spirits,3 free on 20,All,7.3500000000000005,44.1,80,16.99,10.96,0.32937956204379565,49.45,2026-03-01 00:00:00,,49.45,,001515811,44.1,7.3500000000000005,12.99,12.99,10.96,0.3,,,,,,,,48,Phillips Wine & Spirits - St. Paul,
Two Chicks Craft Cocktail Variety Pack,850003574172,Liquor,8 pk can,3,Two Chicks,Phillips Wine & Spirits,3 free on 20,All,13.410144927536232,40.2304347826087,80,34.99,18.96,0.2927138751299456,45,2026-03-01 00:00:00,,45,,1879821,40.2304347826087,13.410144927536232,22.99,22.99,18.96,0.3,,,,,,,,62,Phillips Wine & Spirits - St. Paul,
Two Chicks Cranberry Tartini,850003574202,Liquor,4 pk can,6,Two Chicks,Phillips Wine & Spirits,3 free on 20,All,7.3500000000000005,44.1,80,16.99,10.96,0.32937956204379565,49.45,2026-03-01 00:00:00,,49.45,,001104060,44.1,7.3500000000000005,12.99,12.99,10.96,0.3,,,,,,,,42,Phillips Wine & Spirits - St. Paul,
Two Chicks Lemon Strawberry Kiss,850003574196,Liquor,4 pk can,6,Two Chicks,Phillips Wine & Spirits,3 free on 20,All,7.3500000000000005,44.1,80,16.99,10.96,0.32937956204379565,49.45,2026-03-01 00:00:00,,49.45,,001254413,44.1,7.3500000000000005,12.99,12.99,10.96,0.3,,,,,,,,51,Phillips Wine & Spirits - St. Paul,
Two Chicks Melon Drop Honey Dew,850003574288,Liquor,4 pk can,6,Two Chicks,Phillips Wine & Spirits,3 free on 20,All,7.3500000000000005,44.1,80,16.99,10.96,0.32937956204379565,49.45,2026-03-01 00:00:00,,49.45,,1814242,44.1,7.3500000000000005,12.99,12.99,10.96,0.3,,,,,,,,35,Phillips Wine & Spirits - St. Paul,
Two Chicks New Fashioned,850003574103,Liquor,4 pk can,6,Two Chicks,Phillips Wine & Spirits,3 free on 20,All,7.3500000000000005,44.1,80,16.99,10.96,0.32937956204379565,49.45,2026-03-01 00:00:00,,49.45,,001711623,44.1,7.3500000000000005,12.99,12.99,10.96,0.3,,,,,,,,49,Phillips Wine & Spirits - St. Paul,
Two Chicks Paloma,850003574028,Liquor,4 pk can,6,Two Chicks,Phillips Wine & Spirits,3 free on 20,All,7.3500000000000005,44.1,80,16.99,10.96,0.32937956204379565,49.45,2026-03-01 00:00:00,,49.45,,001254466,44.1,7.3500000000000005,12.99,12.99,10.96,0.3,,,,,,,,79,Phillips Wine & Spirits - St. Paul,
Two Chicks Pear & Elderflower,850003574066,Liquor,4 pk can,6,Two Chicks,Phillips Wine & Spirits,3 free on 20,All,7.3500000000000005,44.1,80,16.99,10.96,0.32937956204379565,49.45,2026-03-01 00:00:00,,49.45,,001991229,44.1,7.3500000000000005,12.99,12.99,10.96,0.3,,,,,,,,26,Phillips Wine & Spirits - St. Paul,
Two Chicks Vodka CuTea,850003574110,Liquor,4 pk can,6,Two Chicks,Phillips Wine & Spirits,3 free on 20,All,7.3500000000000005,44.1,80,16.99,10.96,0.32937956204379565,49.45,2026-03-01 00:00:00,,49.45,,001936487,44.1,7.3500000000000005,12.99,12.99,10.96,0.3,,,,,,,,29,Phillips Wine & Spirits - St. Paul,
Two Chicks Vodka Variety Pack,850003574233,Liquor,8 pk can,3,Two Chicks,Phillips Wine & Spirits,3 free on 20,All,13.410144927536232,40.2304347826087,80,34.99,18.96,0.2927138751299456,45,2026-03-01 00:00:00,,45,,1430762,40.2304347826087,13.410144927536232,22.99,22.99,18.96,0.3,,,,,,,,63,Phillips Wine & Spirits - St. Paul,
Two Chicks Watermelon Breeze,850003574264,Liquor,4 pk can,6,Two Chicks,Phillips Wine & Spirits,3 free on 20,All,7.300000000000001,43.800000000000004,80,16.99,10.96,0.33394160583941607,49.45,2026-03-01 00:00:00,,45,,1052595,43.800000000000004,7.300000000000001,12.99,12.99,10.96,0.3,,,,,,,,46,Phillips Wine & Spirits - St. Paul,
Old Bardstown Straight Bourbon 1.75L,68020309017,Liquor,1.75L,6,Willet Family,Phillips Wine & Spirits,Case 1,ALL,24.683333333333334,148.1,157.5,33.99,32.96,0.25111245954692557,147,2026-03-01 00:00:00,,,,1970983,148.1,24.683333333333334,39.99,,,0.3,,,,,,,,,Phillips Wine & Spirits - St. Paul,
Willet 4yr Small Batch Bourbon,68020335123,Liquor,750ML,6,Willet Family,Phillips Wine & Spirits,Case 1,ALL,45.18333333333334,271.1,292.5,62.99,59.96,0.24644207249277292,270,2026-03-01 00:00:00,,,,1970983,271.1,45.18333333333334,71.99,,,0.3,,,,,,,,,Phillips Wine & Spirits - St. Paul,
Windsor Blackberry 1.75L,08427900919,Liquor,1.75L,6,Prestige,Phillips Wine & Spirits,8 free windsor 1.75 free on 50 cases 1.75 only  + 5.666cs of Trav Free,ALL,13.452011494252872,80.71206896551723,100.6,21.99,17.96,0.25100158717968424,92.35,2026-03-01 00:00:00,,92.35,,1254037,80.71206896551723,13.452011494252872,21.99,,,0.3,,,,,,,,,Phillips Wine & Spirits - St. Paul,
Windsor Blackberry 50ml,08427900921,Liquor,50ml,120,Prestige,Phillips Wine & Spirits,Case 1,ALL,0.6758333333333333,81.1,120,1.99,1.24,0.45497311827956993,80,2026-03-01 00:00:00,,,,1746286,81.1,0.6758333333333333,1.49,,,0.5,,,,,,,,,Phillips Wine & Spirits - St. Paul,
Goslings Ginger Beer,721094200564,Misc,7.5oz 6pk,4,Pernod,Phillips Wine & Spirits,Case 1,ALL,5.1675,20.67,22.36,6.99,6.96,0.2575431034482758,19.57,2026-03-01 00:00:00,,,,1618808,20.67,5.1675,7.99,,,0.3,,,,,,,,,Phillips Wine & Spirits - St. Paul,
Goslings Diet Ginger Beer,721094200588,Misc,7.5oz 6pk,4,Pernod,Phillips Wine & Spirits,Case 1,ALL,5.1675,20.67,22.36,6.99,6.96,0.2575431034482758,19.57,2026-03-01 00:00:00,,,,1635663,20.67,5.1675,7.99,,,0.3,,,,,,,,,Phillips Wine & Spirits - St. Paul,
Goslings Tonic Water Citrus,721094200434,Misc,7.5oz 6pk,4,Pernod,Phillips Wine & Spirits,Case 1,ALL,5.1675,20.67,22.36,6.99,6.96,0.2575431034482758,19.57,2026-03-01 00:00:00,,,,1845303,20.67,5.1675,7.99,,,0.3,,,,,,,,,Phillips Wine & Spirits - St. Paul,
Goslings Tonic Water Tropical,721094200458,Misc,7.5oz 6pk,4,Pernod,Phillips Wine & Spirits,Case 1,ALL,5.1675,20.67,22.36,6.99,6.96,0.2575431034482758,19.57,2026-03-01 00:00:00,,,,1700751,20.67,5.1675,7.99,,,0.3,,,,,,,,,Phillips Wine & Spirits - St. Paul,
Goslings Ginger Beer,721094199844,Misc,12oz 6pk,4,Pernod,Phillips Wine & Spirits,Case 1,ALL,4.4675,17.87,22.37,6.99,5.96,0.2504194630872483,16.77,2026-03-01 00:00:00,,,,1827689,17.87,4.4675,6.99,,,0.3,,,,,,,,,Phillips Wine & Spirits - St. Paul,
Goslings Diet Ginger Beer,721094199851,Misc,12oz 6pk,4,Pernod,Phillips Wine & Spirits,Case 1,ALL,4.4675,17.87,22.37,6.99,5.96,0.2504194630872483,16.77,2026-03-01 00:00:00,,,,1739707,17.87,4.4675,6.99,,,0.3,,,,,,,,,Phillips Wine & Spirits - St. Paul,
Goslings Peach Ginger Beer,721094400018,Misc,12oz 6pk,4,Pernod,Phillips Wine & Spirits,Case 1,ALL,4.4675,17.87,22.37,6.99,5.96,0.2504194630872483,16.77,2026-03-01 00:00:00,,,,1634248,17.87,4.4675,6.99,,,0.3,,,,,,,,,Phillips Wine & Spirits - St. Paul,
Goslings Ginger Beer,721094199841,Misc,12oz 12pk,2,Pernod,Phillips Wine & Spirits,Case 1,ALL,10.335,20.67,25.19,15.99,13.96,0.2596704871060172,19.57,2026-03-01 00:00:00,,,,1749894,20.67,10.335,16.99,,,0.3,,,,,,,,,Phillips Wine & Spirits - St. Paul,
Goslings Diet Ginger Beer,721094199858,Misc,12oz 12pk,2,Pernod,Phillips Wine & Spirits,Case 1,ALL,10.335,20.67,25.19,15.99,13.96,0.2596704871060172,19.57,2026-03-01 00:00:00,,,,1398616,20.67,10.335,16.99,,,0.3,,,,,,,,,Phillips Wine & Spirits - St. Paul,
Lucky Ones Sweet Tea  Vodka Variety 8pk 12oz can,085000042052,Liquor,8pk Can,3,Gallo,Johnson Brothers Liquor Co,Deep Net,Feb|March|May|August,14.633333333333333,43.9,63,26.99,18.96,0.22819971870604788,47,2026-03-01 00:00:00,,54,,1427341,43.9,14.633333333333333,22.99,22.99,18.96,0.3,,,,,,,,38,Johnson Brothers - St. Paul,
Lucky Ones Sweet Tea Vodka Original 4pk 12oz can,085000042076,Liquor,4pk Can,6,Gallo,Johnson Brothers Liquor Co,Deep Net,Feb|March|May|August,7.666666666666667,46,63,13.99,10.96,0.3004866180048662,47,2026-03-01 00:00:00,,54,,1416904,46,7.666666666666667,12.99,12.99,10.96,0.3,,,,,,,,18,Johnson Brothers - St. Paul,
Lucky Ones Sweet Tea Vodka Half & Half 4pk 12oz can,085000042090,Liquor,4pk Can,6,Gallo,Johnson Brothers Liquor Co,Deep Net,Feb|March|May|August,7.666666666666667,46,63,13.99,10.96,0.3004866180048662,47,2026-03-01 00:00:00,,54,,1459520,46,7.666666666666667,12.99,12.99,10.96,0.3,,,,,,,,18,Johnson Brothers - St. Paul,
Lucky Ones Sweet Tea Vodka Peach 4pk 12oz can,085000042137,Liquor,4pk Can,6,Gallo,Johnson Brothers Liquor Co,Deep Net,Feb|March|May|August,7.666666666666667,46,63,13.99,10.96,0.3004866180048662,47,2026-03-01 00:00:00,,54,,1371253,46,7.666666666666667,12.99,12.99,10.96,0.3,,,,,,,,21,Johnson Brothers - St. Paul,
Lucky Ones Sweet Tea Vodka Raspberry 4pk 12oz cans,085000042113,Liquor,4pk Can,6,Gallo,Johnson Brothers Liquor Co,Deep Net,Feb|March|May|August,7.666666666666667,46,63,13.99,10.96,0.3004866180048662,47,2026-03-01 00:00:00,,54,,1798655,46,7.666666666666667,12.99,12.99,10.96,0.3,,,,,,,,0,Johnson Brothers - St. Paul,
New Amsterdam Pink Whitney,085000031360,Liquor,1.75L,6,Gallo,Johnson Brothers Liquor Co,2 free cases of NAM 1.75 80 Proof free on 25 cases Flavors/Pink Whitney,ALL,16.196666666666665,97.17999999999999,113.5,24.99,20.96,0.22725826972010188,104,2026-03-01 00:00:00,,104,,1300577,97.17999999999999,16.196666666666665,24.99,23.49,19.96,0.3,,,,,,,,105,Johnson Brothers - St. Paul,
Botanist,087236700362,Liquor,750ml,6,Remy Cointreau,Bellboy Corporation, ,ALL,26.833333333333332,161,165,35.99,37.96,0.29311556023884794,160,2026-03-01 00:00:00,,150,,7295104,161,26.833333333333332,45.99,45.99,37.96,0.3,,,,,,,,19,Bellboy Corporation,
Casamigos Anejo Tequila,856724006015,Liquor,750 ml,6,Diageo,Bellboy Corporation,Case 1,ALL,39.333333333333336,236,250,53.99,48.96,0.1966230936819172,235,2026-03-01 00:00:00,,235,,8495004,236,39.333333333333336,58.99,58.99,49.96,0.3,,,,,,,,49,Bellboy Corporation,
Crown Royal Canadian,087000007604,Liquor,375 ml,24,Diageo,Bellboy Corporation, ,All,12.372916666666667,296.95,295.95,15.99,17.96,0.31108481811432814,295.95,2026-03-01 00:00:00,,295.95,,6863112,296.95,12.372916666666667,21.99,21.99,17.96,0.3,,,,,,,,143,Bellboy Corporation,
Crown Royal Regal Apple,082000771555,Liquor,375 ml,24,Diageo,Bellboy Corporation, ,All,12.372916666666667,296.95,295.95,15.99,17.96,0.31108481811432814,295.95,2026-03-01 00:00:00,,295.95,,6163202,296.95,12.372916666666667,21.99,21.99,17.96,0.3,,,,,,,,110,Bellboy Corporation,
Eagle Rare Single Barrel,088004021344,Liquor,750ml,6,Sazerac,Bellboy Corporation,,ALL,49.833333333333336,299,298,64.99,69.96,0.2876882027825423,298,2026-03-01 00:00:00,,298,,8391004,299,49.833333333333336,83.99,9999.99,0,0.3,,,,,,,,62.06,Bellboy Corporation,
Mathilde Cassis Liqueur,695521117315,Liquor,750ml,6,Cognac Ferrand,Bellboy Corporation,,ALL,20.483333333333334,122.9,121.9,25.99,28.96,0.2927025782688766,121.9,2026-03-01 00:00:00,,121.9,,7564924,122.9,20.483333333333334,34.99,23.99,0,0.3,,,,,,,,0,Bellboy Corporation,
Mathilde Cassis Liqueur,695521117308,Liquor,375ml,12,Cognac Ferrand,Bellboy Corporation,,ALL,10.416666666666666,125,136.4,16.99,14.96,0.30369875222816406,136.4,2026-03-01 00:00:00,,136.4,,7564922,125,10.416666666666666,17.99,15.99,13.96,0.5,,,,,,,,64,Bellboy Corporation,
Mathilde Framboise Liqueur,695521117513,Liquor,750ml,6,Cognac Ferrand,Bellboy Corporation,,ALL,20.483333333333334,122.9,121.9,25.99,28.96,0.2927025782688766,121.9,2026-03-01 00:00:00,,121.9,,7564934,122.9,20.483333333333334,34.99,22.99,0,0.3,,,,,,,,0,Bellboy Corporation,
Mathilde Framboise Liqueur,695521117506,Liquor,375ml,12,Cognac Ferrand,Bellboy Corporation,,ALL,10.416666666666666,125,136.4,16.99,14.96,0.30369875222816406,136.4,2026-03-01 00:00:00,,136.4,,7564932,125,10.416666666666666,17.99,15.99,13.96,0.5,,,,,,,,20,Bellboy Corporation,
Mathilde Orange XO Liqueur,695521117001,Liquor,750ml,6,Cognac Ferrand,Bellboy Corporation,,ALL,23.816666666666666,142.9,141.9,30.99,32.96,0.2774069579288026,141.9,2026-03-01 00:00:00,,141.9,,7564964,142.9,23.816666666666666,39.99,,,0.3,,,,,,,,,Bellboy Corporation,
Mathilde Peche Liqueur,695521117612,Liquor,750ml,6,Cognac Ferrand,Bellboy Corporation,,ALL,20.483333333333334,122.9,121.9,25.99,28.96,0.2927025782688766,121.9,2026-03-01 00:00:00,,121.9,,7564944,122.9,20.483333333333334,34.99,23.99,0,0.3,,,,,,,,5,Bellboy Corporation,
Mathilde Peche Liqueur,695521117605,Liquor,375ml,12,Cognac Ferrand,Bellboy Corporation,,ALL,10.416666666666666,125,136.4,16.99,14.96,0.30369875222816406,136.4,2026-03-01 00:00:00,,136.4,,7564942,125,10.416666666666666,17.99,15.99,0,0.5,,,,,,,,0,Bellboy Corporation,
Mathilde Poire Liqueur,695521117704,Liquor,375ml,12,Cognac Ferrand,Bellboy Corporation,,ALL,10.416666666666666,125,136.4,16.99,14.96,0.30369875222816406,136.4,2026-03-01 00:00:00,,136.4,,ZZZ35865,125,10.416666666666666,17.99,15.99,13.96,0.5,,,,,,,,0,Bellboy Corporation,
Mathilde Poire Liqueur,695521117711,Liquor,750ml,6,Cognac Ferrand,Bellboy Corporation,,ALL,20.483333333333334,122.9,121.9,25.99,28.96,0.2927025782688766,121.9,2026-03-01 00:00:00,,121.9,,7564954,122.9,20.483333333333334,34.99,,,0.3,,,,,,,,,Bellboy Corporation,
Planteray Rum 20th Anniversary XO,695521151203,Liquor,750ml,6,Cognac Ferrand,Bellboy Corporation,1 cs 3 Stars Silver free on 8 cs mix & match all Plantation - accum monthly,ALL,35.5625,213.375,225,48.99,45.96,0.22622932985204527,225,2026-03-01 00:00:00,,225,,7872744,213.375,35.5625,54.99,43.99,0,0.3,,,,,,,0,0,Bellboy Corporation,
ReaLemon-squeeze lemon 4.5 oz,014800582178,Misc,4.5 oz,24,DOT Foods,Bellboy Corporation, ,ALL,1.0316666666666667,24.76,26.4,0.99,1.74,0.4070881226053639,23.76,2026-03-01 00:00:00,,23.76,,MIX00005,24.76,1.0316666666666667,1.99,2.29,1.24,0.3,,,,,,,,153,Bellboy Corporation,
ReaLime -squeeze lime 4.5 oz,041409000062,Misc,4.5 oz,24,DOT Foods,Bellboy Corporation,,ALL,1.0316666666666667,24.76,26.4,0.99,1.74,0.4070881226053639,23.76,2026-03-01 00:00:00,,23.76,,MIX00006,24.76,1.0316666666666667,1.99,2.29,1.24,0.3,,,,,,,,194,Bellboy Corporation,
Tajin clasico seasoning rimmer,633148599305,Misc,4.23 oz,12,MexLink,Bellboy Corporation, ,ALL,4.965833333333333,59.59,63,6.99,7.96,0.37615159128978226,58.59,2026-03-01 00:00:00,,58.59,,MIXTAJIN,59.59,4.965833333333333,9.99,6.49,5.96,0.3,,,,,,,,99,Bellboy Corporation,
Tia Maria,050037597172,Liquor,750ml,12,Disaronno International,Bellboy Corporation,,ALL,19.25,231,230,24.99,26.96,0.2859792284866469,230,2026-03-01 00:00:00,,230,,7199914,231,19.25,31.99,30.99,0,0.3,,,,,,,,3,Bellboy Corporation,
Casamigos Anejo Tequila,856724006015,Liquor,750 ml,6,Diageo,Bellboy Corporation,Case 1,All,39.333333333333336,236,250,53.99,48.96,0.1966230936819172,235,2026-03-01 00:00:00,,235,,8495004,236,39.333333333333336,58.99,58.99,49.96,0.3,,,,,,,,49,Bellboy Corporation,
Casamigos Blanco Tequila,083089450003,Liquor,750 ml,6,Diageo,Bellboy Corporation,Case 1,ALL,30.166666666666668,181,185,39.99,37.96,0.20530382859149982,180,2026-03-01 00:00:00,,180,,8495014,181,30.166666666666668,45.99,43.99,35.96,0.3,,,,,,,,117,Bellboy Corporation,
Casamigos Reposado Tequila,856724006213,Liquor,750 ml,6,Diageo,Bellboy Corporation,Case 1,ALL,36.5,219,226,48.99,45.96,0.20583115752828549,218,2026-03-01 00:00:00,,218,,8495024,219,36.5,54.99,52.99,39.96,0.3,,,,,,,,80,Bellboy Corporation,
Tito's Vodka,619947000051,Liquor,375ml,12,Fifth Generation Inc.,Bellboy Corporation,3cs across chain - same week,Febuary,9.333333333333334,112,116,14.99,12.96,0.27983539094650206,111,2026-03-01 00:00:00,,116,,8574002,112,9.333333333333334,15.99,14.99,12.96,0.5,,,,,,,,156,Bellboy Corporation,
Tito's Vodka,619947000037,Liquor,1.75L,6,Fifth Generation Inc.,Bellboy Corporation,25cs across chain - same week,Febuary,26,156,169,36.99,28.96,0.10220994475138125,155,2026-03-01 00:00:00,This beats Johnson,169,,8574009,156,26,34.99,33.99,27.96,0.3,,,,,,,,1494,Bellboy Corporation,
Tito's Vodka,619947000020,Liquor,750ml,12,Fifth Generation Inc.,Bellboy Corporation,3cs across chain - same week,Febuary,16.5,198,202,21.99,17.96,0.08129175946547888,197,2026-03-01 00:00:00,,202,,202,198,16.5,21.99,19.99,17.96,0.3,,,,,,,,368,Bellboy Corporation,
Tito's Vodka,619947000013,Liquor,Liter,12,Fifth Generation Inc.,Bellboy Corporation,5cs across chain - same week,Febuary,18.416666666666668,221,225,23.99,21.96,0.1613539769277474,220,2026-03-01 00:00:00,,225,,8574005,221,18.416666666666668,25.99,24.99,19.96,0.3,,,,,,,,424,Bellboy Corporation,
Fireball ,088004144722,Liquor,375ml,24,Sazerac,Bellboy Corporation,1 cs  375ml  free on every 10 cs 375's purchased - accum monthly,ALL,5.193181818181818,124.63636363636364,151.5,8.99,6.96,0.2538531870428422,136,2026-03-01 00:00:00,,136,,8366112,124.63636363636364,5.193181818181818,7.99,8.99,7.96,0.5,,,,,,,,334,Bellboy Corporation,
Fireball,088004009373,Liquor,100ml,48,Sazerac,Bellboy Corporation,1 cs  100 ml free on every 20 cs 100's purchased - accum monthly,ALL,1.2361111111111112,59.333333333333336,61.25,1.99,1.96,0.36933106575963714,61.25,2026-03-01 00:00:00,,61.25,,8366100,59.333333333333336,1.2361111111111112,1.99,2.29,1.96,0.5,,,,,,,,2129,Bellboy Corporation,
Fireball,088004144708,Liquor,50ml,120,Sazerac,Bellboy Corporation,1 cs  50ml  free on every 10 cs m/m 50's purchased - accum monthly,ALL,0.6064393939393941,72.77272727272728,78.95,0.99,0.96,0.36829229797979784,78.95,2026-03-01 00:00:00,,78.95,,8366108,72.77272727272728,0.6064393939393941,0.99,1.49,1.24,0.5,,,,,,,,49560,Bellboy Corporation,
Fireball Apple,088004069155,Liquor,50ml,120,Sazerac,Bellboy Corporation,1 cs  50ml  free on every 10 cs m/m  50's purchased - accum monthly,ALL,0.6064393939393941,72.77272727272728,78.95,0.99,0.96,0.36829229797979784,78.95,2026-03-01 00:00:00,,78.95,,8366118,72.77272727272728,0.6064393939393941,0.99,1.49,1.24,0.5,,,,,,,,2287,Bellboy Corporation,
Planteray Rum 20th Anniversary XO,695521153115,Liquor,375ml,12,Cognac Ferrand,Bellboy Corporation,case 1,ALL,18.416666666666668,221,240,29.99,26.96,0.31688921859545005,220,2026-03-01 00:00:00,,220,,7872192,221,18.416666666666668,31.99,31.99,26.96,0.5,,,,,,,,0,Bellboy Corporation,
Natterjack Cask Strength,05391533750100,Liquor,700ml,6,,Bellboy Corporation,,ALL,58.778333333333336,352.67,422,90.99,72.96,0.19437591374268995,351.67,2026-03-01 00:00:00,,351.67,,8396224,352.67,58.778333333333336,87.99,101.99,84.96,0.3,,,,,,,,0,Bellboy Corporation,
Natterjack The Mistake,05391533750300,Liquor,700ml,6,,Bellboy Corporation,,ALL,27.388333333333335,164.33,196,41.99,36.96,0.25897366522366516,163.33,2026-03-01 00:00:00,,163.33,,8396214,164.33,27.388333333333335,43.99,,,0.3,,,,,,,,,Bellboy Corporation,
Natterjack The Blend,05391533750032,Liquor,750ml,6,,Bellboy Corporation,,ALL,21.278333333333332,127.67,152,32.99,28.96,0.26525092081031315,126.67,2026-03-01 00:00:00,,126.67,,8396204,127.67,21.278333333333332,34.99,,,0.3,,,,,,,,,Bellboy Corporation,
Cocchi Americano,8007117010061,Liquor,750ml,12,Libation Project,Libation Project,Case 1,ALL,17.75,213,216,22.99,24.96,0.2888621794871795,210,2026-03-17 00:00:00,,,,50132,213,17.75,29.99,29.99,24.96,0.3,,,,,,,,19,Libation Project,
Cocchi Americano Bianco,8007117010221,Liquor,375ml,12,Libation Project,Libation Project,Case 1,ALL,12.083333333333334,145,152,18.99,16.96,0.2875393081761006,142,2026-03-17 00:00:00,,,,50131,145,12.083333333333334,19.99,21.99,17.96,0.5,,,,,,,,10,Libation Project,
Cocchi di Torino,8007117011327,Liquor,375ml,12,Haus Alpenz,Libation Project,Case 1,ALL,12.25,147,152,18.99,16.96,0.2777122641509434,144,2026-03-17 00:00:00,,,,50128,147,12.25,19.99,21.99,17.96,0.5,,,,,,,,42,Libation Project,
Cocchi di Torino,8007117010108,Liquor,750ml,12,Libation Project,Libation Project,Case 1,ALL,17.75,213,216,22.99,24.96,0.2888621794871795,210,2026-03-17 00:00:00,,,,50129,213,17.75,29.99,29.99,24.96,0.3,,,,,,,,49,Libation Project,
David Nicholson 1843,088352113920,Liquor,750ml,6,Libation Project,Libation Project,Case 1,ALL,26.5,159,166,35.99,36.96,0.28300865800865804,156,2026-03-17 00:00:00,,,,99099,159,26.5,43.99,43.99,36.96,0.3,,,,,,,,5,Libation Project,
Dolin Blanc Vermouth,3274510003821,Liquor,750ml,12,Haus Alpenz,Libation Project,Case 1,ALL,12.916666666666666,155,160,16.99,17.96,0.2808092056421678,152,2026-03-17 00:00:00,,,,50123,155,12.916666666666666,21.99,21.99,17.96,0.3,,,,,,,,14,Libation Project,
Dolin Dry Vermouth,3274510003791,Liquor,750ml,12,Haus Alpenz,Libation Project,Case 1,ALL,12.916666666666666,155,160,16.99,17.96,0.2808092056421678,152,2026-03-17 00:00:00,,,,50120,155,12.916666666666666,21.99,21.99,17.96,0.3,,,,,,,,72,Libation Project,
Dolin Dry Vermouth,3274510003807,Liquor,375ml,12,Libation Project,Libation Project,Case 1,ALL,9.583333333333334,115,116,14.99,12.96,0.26054526748971196,112,2026-03-17 00:00:00,,,,50122,115,9.583333333333334,15.99,16.99,13.96,0.5,,,,,,,,81,Libation Project,
Dolin Genepy Le Chamois,3274510003616,Liquor,750ml,12,Libation Project,Libation Project,Case 1,ALL,25.75,309,312,33.99,35.96,0.28392658509454954,306,2026-03-17 00:00:00,,,,50087,309,25.75,42.99,42.99,35.96,0.3,,,,,,,,12,Libation Project,
Dolin Rouge Vermouth,3274510003814,Liquor,750ml,12,Haus Alpenz,Libation Project,Case 1,ALL,12.916666666666666,155,160,16.99,17.96,0.2808092056421678,152,2026-03-17 00:00:00,,,,50125,155,12.916666666666666,21.99,21.99,17.96,0.3,,,,,,,,79,Libation Project,
Dolin Rouge Vermouth,3274510003906,Liquor,375ml,12,Libation Project,Libation Project,Case 1,ALL,9.583333333333334,115,116,14.99,12.96,0.26054526748971196,112,2026-03-17 00:00:00,,,,50124,115,9.583333333333334,15.99,16.99,13.96,0.5,,,,,,,,41,Libation Project,
Gustoso White Rum,040232390876,Liquor,750ml,6,Libation Project,Libation Project,Case 1,ALL,22.5,135,136,28.99,31.96,0.29599499374217775,132,2026-03-17 00:00:00,,,,97005,135,22.5,37.99,24.99,0,0.3,,,,,,,,5,Libation Project,
Hayman's Old Tom Gin,5021692117833,Liquor,750ml,12,Libation Project,Libation Project,Case 1,ALL,22.25,267,270,28.99,30.96,0.2813307493540052,264,2026-03-17 00:00:00,,,,50110,267,22.25,36.99,36.99,30.96,0.3,,,,,,,,0,Libation Project,
Haymans London Dry Gin,5021692650316,Liquor,750ml,12,Libation Project,Libation Project,Case 1,ALL,22.25,267,270,28.99,30.96,0.2813307493540052,264,2026-03-17 00:00:00,,,,50107,267,22.25,36.99,36.99,30.96,0.3,,,,,,,,0,Libation Project,
Rothman Creme de Violette,9024153040875,Liquor,750ml,12,Libation Project,Libation Project,Case 1,ALL,18.916666666666668,227,234,24.99,25.96,0.2713148433487416,224,2026-03-17 00:00:00,,,,50086,227,18.916666666666668,30.99,30.99,25.96,0.3,,,,,,,,32,Libation Project,
BUMBU RUM THE ORIGINAL 70,813497006109,Liquor,750ml,6,SOVEREIGN BRANDS LLC,Southern Wine & Spirits,,ALL,24.623333333333335,147.74,162,34.99,33.96,0.274931291715744,146.94,2026-04-15 00:00:00,,146.94,,405590,147.74,24.623333333333335,40.99,40.99,34.96,0.3,,,,,,,,53,Southern Glazer's Wine & Spirits of MN,
BUMBU RUM THE ORIGINAL 70,813497006130,Liquor,375ml,12,SOVEREIGN BRANDS LLC,Southern Wine & Spirits,,ALL,14.056666666666667,168.68,190,23.99,19.96,0.29575818303273216,167.88,2026-04-15 00:00:00,,167.88,,959882,168.68,14.056666666666667,23.99,26.99,22.96,0.5,,,,,,,,4,Southern Glazer's Wine & Spirits of MN,
BUMBU RUM XO 80,813497006147,Liquor,750ML,6,SOVEREIGN BRANDS LLC,Southern Wine & Spirits,,ALL,28.123333333333335,168.74,203.94,43.99,38.96,0.2781485284052019,167.94,2026-04-15 00:00:00,,167.94,,930676,168.74,28.123333333333335,46.99,47.99,39.96,0.3,,,,,,,,23,Southern Glazer's Wine & Spirits of MN,
BUMBU RUM CREME LIQUEUR 30,813497006178,Liquor,750ML,6,SOVEREIGN BRANDS LLC,Southern Wine & Spirits,,ALL,22.64166666666667,135.85000000000002,161.94,34.99,31.96,0.29156236962870247,135.05,2026-04-15 00:00:00,,135.05,,990603,135.85000000000002,22.64166666666667,37.99,37.99,31.96,0.3,,,,,,,,3,Southern Glazer's Wine & Spirits of MN,
MCQUEEN&THE VIOLET FOG GIN ULTRA80,813497007991,Liquor,750ML,6,SOVEREIGN BRANDS LLC,Southern Wine & Spirits,,ALL,24.62166666666667,147.73000000000002,184.74,39.99,33.96,0.2749803690616411,146.93,2026-04-15 00:00:00,,146.93,,579754,147.73000000000002,24.62166666666667,40.99,42.99,35.96,0.3,,,,,,,,17.98,Southern Glazer's Wine & Spirits of MN,
MCQUEEN&THE VIOLET FOG GIN 80,813497007168,Liquor,750ML,6,SOVEREIGN BRANDS LLC,Southern Wine & Spirits,,ALL,24.62166666666667,147.73000000000002,184.74,39.99,33.96,0.2749803690616411,146.93,2026-04-15 00:00:00,,146.93,,930785,147.73000000000002,24.62166666666667,40.99,42.99,35.96,0.3,,,,,,,,22,Southern Glazer's Wine & Spirits of MN,
THE DEACON SCO WSKY 80,813497003047,Liquor,750ML,6,SOVEREIGN BRANDS LLC,Southern Wine & Spirits,,ALL,28.14,168.84,201.54,43.99,38.96,0.2777207392197125,168.04,2026-04-15 00:00:00,,168.04,,581733,168.84,28.14,46.99,38.99,0,0.3,,,,,,,,15,Southern Glazer's Wine & Spirits of MN,
VILLON FRENCH SPICED LIQUEUR 80,813497007229,Liquor,750ML,6,SOVEREIGN BRANDS LLC,Southern Wine & Spirits,,ALL,24.623333333333335,147.74,184.74,39.99,33.96,0.274931291715744,146.94,2026-04-15 00:00:00,,146.94,,990051,147.74,24.623333333333335,40.99,39.99,0,0.3,,,,,,,,14,Southern Glazer's Wine & Spirits of MN,
CINCORO TEQ ANEJO 80,850008649059,Liquor,750ML,6,CRAFT & ART WINES & SPIRITS/PA,Southern Wine & Spirits,,ALL,97.63333333333333,585.8,639,137.99,136.96,0.2871397975077883,585,2026-04-15 00:00:00,,585,,966899,585.8,97.63333333333333,163.99,149.99,124.96,0.3,,,,,,,,5,Southern Glazer's Wine & Spirits of MN,
CINCORO TEQ BLANCO 80,850008649011,Liquor,750ML,6,CRAFT & ART WINES & SPIRITS/PA,Southern Wine & Spirits,,ALL,45.13333333333333,270.8,324,69.99,62.96,0.283142736128759,270,2026-04-15 00:00:00,,270,,966900,270.8,45.13333333333333,75.99,59.99,49.96,0.3,,,,,,,,14,Southern Glazer's Wine & Spirits of MN,
CINCORO TEQ REPOSADO 80,850008649035,Liquor,750ML,6,CRAFT & ART WINES & SPIRITS/PA,Southern Wine & Spirits,,ALL,63.88333333333333,383.3,459,98.99,88.96,0.28188699040767384,382.5,2026-04-15 00:00:00,,382.5,,966901,383.3,63.88333333333333,106.99,89.99,79.96,0.3,,,,,,,,9,Southern Glazer's Wine & Spirits of MN,
ELIJAH CRAIG BBN SINGLE BRL 15Y108,096749006427,Liquor,750ML,3,HEAVEN HILL SALES CO,Southern Wine & Spirits,,ALL,105.26,315.78000000000003,314.98,135.99,146.96,0.2837506804572673,314.98,2026-04-15 00:00:00,,314.98,,694221,315.78000000000003,105.26,175.99,166.99,139.96,0.3,,,,,,,,12,Southern Glazer's Wine & Spirits of MN,
CINCORO TEQ BLANCO 80,850008649202,Liquor,375ML,6,CRAFT & ART WINES & SPIRITS/PA,Southern Wine & Spirits,,ALL,24.883333333333336,149.3,180,44.99,34.96,0.2882341723874904,148.5,2026-04-15 00:00:00,,148.5,,621574,149.3,24.883333333333336,41.99,,,0.5,,,,,,,,,Southern Glazer's Wine & Spirits of MN,
CINCORO TEQ REPOSADO 80,850008649219,Liquor,375ML,6,CRAFT & ART WINES & SPIRITS/PA,Southern Wine & Spirits,,ALL,37.63333333333333,225.8,256.5,63.99,52.96,0.28940080563947634,225,2026-04-15 00:00:00,,225,,621572,225.8,37.63333333333333,63.99,,,0.5,,,,,,,,,Southern Glazer's Wine & Spirits of MN,
CINCORO TEQ ANEJO 80,850008649226,Liquor,375ML,6,CRAFT & ART WINES & SPIRITS/PA,Southern Wine & Spirits,,ALL,52.63333333333333,315.8,346.5,86.99,73.96,0.2883540652605011,315,2026-04-15 00:00:00,,315,,621573,315.8,52.63333333333333,88.99,,,0.5,,,,,,,,,Southern Glazer's Wine & Spirits of MN,
CINCORO TEQ BLANCO 80,850008649127,Liquor,1.75L,4,CRAFT & ART WINES & SPIRITS/PA,Southern Wine & Spirits,,ALL,90.2,360.8,390,126.99,107.96,0.1645053723601333,360,2026-04-15 00:00:00,,360,,523389,360.8,90.2,129.99,,,0.3,,,,,,,,,Southern Glazer's Wine & Spirits of MN,
CINCORO TEQ ANEJO 80,850008649066,Liquor,1.75L,4,CRAFT & ART WINES & SPIRITS/PA,Southern Wine & Spirits,,ALL,195.2,780.8,840,272.99,233.96,0.16566934518721158,780,2026-04-15 00:00:00,,780,,986387,780.8,195.2,280.99,,,0.3,,,,,,,,,Southern Glazer's Wine & Spirits of MN,
CINCORO TEQ GOLD 80,850008649172,Liquor,750ML,6,CRAFT & ART WINES & SPIRITS/PA,Southern Wine & Spirits,,ALL,262.8,1576.8,1576,340.99,314.96,0.16560833121666235,1576,2026-04-15 00:00:00,,1576,,564954,1576.8,262.8,377.99,,,0.3,,,,,,,,,Southern Glazer's Wine & Spirits of MN,
CINCORO TEQ ANEJO CRISTALINO 80,850008649271,Liquor,750ML,6,CRAFT & ART WINES & SPIRITS/PA,Southern Wine & Spirits,,ALL,105.13333333333333,630.8,675,145.99,125.96,0.16534349528950992,630,2026-04-15 00:00:00,,630,,637683,630.8,105.13333333333333,150.99,,,0.3,,,,,,,,,Southern Glazer's Wine & Spirits of MN,
CINCORO TEQ EXTRA ANEJO 80 GB,850008649073,Liquor,750ML,4,CRAFT & ART WINES & SPIRITS/PA,Southern Wine & Spirits,,ALL,1185.2,4740.8,4740,1540.99,1421.96,0.16650257391206502,4740,2026-04-15 00:00:00,,4740,,969201,4740.8,1185.2,1705.99,,,0.3,,,,,,,,,Southern Glazer's Wine & Spirits of MN,
AVION TEQUILA REPOSADO 80,736040519324,Liquor,750ml,6,PERNOD RICARD USA,Southern Wine & Spirits, ,JUNE|December,33.12666666666667,198.76000000000002,252.45,54.99,45.96,0.27922831447635615,197.96,2026-04-01 00:00:00,,207.86,,164327,198.76000000000002,33.12666666666667,54.99,49.99,41.96,0.3,,,,,,,,2,Southern Glazer's Wine & Spirits of MN,
AVION TEQUILA SILVER 80 CANISTER,736040519348,Liquor,750ml,6,PERNOD RICARD USA,Southern Wine & Spirits, ,JUNE|December,28.62666666666667,171.76000000000002,225.45,48.99,39.96,0.28361695028361694,170.96,2026-04-01 00:00:00,,180.86,,894607,171.76000000000002,28.62666666666667,47.99,45.99,37.96,0.3,,,,,,,,3,Southern Glazer's Wine & Spirits of MN,
ABSOLUT CKTL BRY VODKARITA 20CAN4P,089540535319,Liquor,355ML,6,PERNOD RICARD USA,Southern Wine & Spirits, ,ALL,6.59,39.54,51.6,10.99,8.96,0.26450892857142866,38.74,2026-04-01 00:00:00,,43.95,,621124,39.54,6.59,10.99,12.49,10.96,0.3,,,,,,,,-3,Southern Glazer's Wine & Spirits of MN,
ABSOLUT CKTL GRAPEF PALOMA 14CAN4P,089540535296,Liquor,355ML,6,PERNOD RICARD USA,Southern Wine & Spirits, ,ALL,6.59,39.54,51.6,10.99,8.96,0.26450892857142866,38.74,2026-04-01 00:00:00,,43.95,,967738,39.54,6.59,10.99,12.99,0,0.3,,,,,,,,0,Southern Glazer's Wine & Spirits of MN,
ABSOLUT CKTL MANGO MULE 14CAN4P,089540535289,Liquor,355ML,6,PERNOD RICARD USA,Southern Wine & Spirits, ,ALL,6.59,39.54,51.6,10.99,8.96,0.26450892857142866,38.74,2026-04-01 00:00:00,,43.95,,619357,39.54,6.59,10.99,12.49,10.96,0.3,,,,,,,,0.019999999999999574,Southern Glazer's Wine & Spirits of MN,
ABSOLUT CKTL MOJITO 30,089540536309,Liquor,750ml,12,PERNOD RICARD USA,Southern Wine & Spirits,,Jan/April/July/Oct,14.388333333333335,172.66000000000003,205.2,21.99,19.96,0.2791416165664662,171.86,2026-04-01 00:00:00,,171.86,,614566,172.66000000000003,14.388333333333335,23.99,,,0.3,,,,,,,,,Southern Glazer's Wine & Spirits of MN,
ABSOLUT CKTL OS CRAN 6/4PK,080432001110,Liquor,355ML,6,PERNOD RICARD USA,Southern Wine & Spirits, ,ALL,6.59,39.54,51.6,10.99,8.96,0.26450892857142866,38.74,2026-04-01 00:00:00,,43.95,,613494,39.54,6.59,10.99,,,0.3,,,,,,,,,Southern Glazer's Wine & Spirits of MN,
ABSOLUT CKTL OS CRAN PINE 6/4PK,080432001134,Liquor,355ML,6,PERNOD RICARD USA,Southern Wine & Spirits, ,ALL,6.59,39.54,51.6,10.99,8.96,0.26450892857142866,38.74,2026-04-01 00:00:00,,43.95,,613386,39.54,6.59,10.99,,,0.3,,,,,,,,,Southern Glazer's Wine & Spirits of MN,
ABSOLUT CKTL RASPBERRY LEMONADE 30,089540536293,Liquor,750ml,12,PERNOD RICARD USA,Southern Wine & Spirits,,Jan/April/July/Oct,14.388333333333335,172.66000000000003,205.2,21.99,19.96,0.2791416165664662,171.86,2026-04-01 00:00:00,,171.86,,614567,172.66000000000003,14.388333333333335,23.99,,,0.3,,,,,,,,,Southern Glazer's Wine & Spirits of MN,
ABSOLUT OS VARIETY PACK 3/8K,080432001257,Liquor,355ML,3,PERNOD RICARD USA,Southern Wine & Spirits, ,ALL,13.18,39.54,51.6,21.99,17.96,0.26614699331848557,38.74,2026-04-01 00:00:00,,43.95,,615004,39.54,13.18,21.99,23.99,19.96,0.3,,,,,,,,4,Southern Glazer's Wine & Spirits of MN,
ABSOLUT PINEAP MARTINI STILL CAN4P,089540535401,Liquor,355ML,6,PERNOD RICARD USA,Southern Wine & Spirits, ,ALL,6.59,39.54,51.6,10.99,8.96,0.26450892857142866,38.74,2026-04-01 00:00:00,,43.95,,541709,39.54,6.59,10.99,,,0.3,,,,,,,,,Southern Glazer's Wine & Spirits of MN,
ABSOLUT VOD APEACH 80,835229001145,Liquor,Liter,12,PERNOD RICARD USA,Southern Wine & Spirits, ,Jan/April/July/Oct,15.950458333333335,191.40550000000002,251.4,26.99,21.96,0.29642721615057677,238.44,2026-04-01 00:00:00,,217.55,,574485,185.40550000000002,15.450458333333335,25.99,29.99,24.96,0.3,,,,,,,,32,Southern Glazer's Wine & Spirits of MN,
ABSOLUT VOD APEACH 80,835229001138,Liquor,750ml,12,PERNOD RICARD USA,Southern Wine & Spirits,,Jan/April/July/Oct,12.097125,145.1655,205.2,21.99,15.96,0.27336309523809527,192.2,2026-04-01 00:00:00,,171.86,,346639,139.1655,11.597125,18.99,,,0.3,,,,,,,,,Southern Glazer's Wine & Spirits of MN,
ABSOLUT VOD CITRON 80,835229001404,Liquor,Liter,12,PERNOD RICARD USA,Southern Wine & Spirits, ,Jan/April/July/Oct,15.950458333333335,191.40550000000002,251.4,26.99,21.96,0.29642721615057677,238.44,2026-04-01 00:00:00,,217.55,,10950,185.40550000000002,15.450458333333335,25.99,24.99,21.96,0.3,,,,,,,,127,Southern Glazer's Wine & Spirits of MN,
ABSOLUT VOD CITRON 80,835229001602,Liquor,1.75L,6,PERNOD RICARD USA,Southern Wine & Spirits, ,Jan/April/July/Oct,22.91091666666667,137.46550000000002,186.48,39.99,30.96,0.2922830534022394,184.5,2026-04-01 00:00:00,,165.68,,13503,131.46550000000002,21.91091666666667,36.99,34.99,29.96,0.3,,,,,,,,55,Southern Glazer's Wine & Spirits of MN,
ABSOLUT VOD CITRON 80,835229001305,Liquor,750ml,12,PERNOD RICARD USA,Southern Wine & Spirits,,Jan/April/July/Oct,12.097125,145.1655,205.2,21.99,15.96,0.27336309523809527,192.2,2026-04-01 00:00:00,,171.86,,10952,139.1655,11.597125,18.99,,,0.3,,,,,,,,,Southern Glazer's Wine & Spirits of MN,
ABSOLUT VOD CITRON 80,835229001206,Liquor,375ML,24,PERNOD RICARD USA,Southern Wine & Spirits, ,ALL,8.373333333333333,200.96,231.8,13.99,11.96,0.2998885172798217,200.16,2026-04-01 00:00:00,,205.3,,1806,200.96,8.373333333333333,13.99,,,0.5,,,,,,,,,Southern Glazer's Wine & Spirits of MN,
ABSOLUT VOD CITRON 80 10/12PK,835229001008,Liquor,50ml,120,PERNOD RICARD USA,Southern Wine & Spirits, ,ALL,1.2075,144.9,171.8,1.99,1.96,0.3839285714285714,144.1,2026-04-01 00:00:00,,144.1,,10951,144.9,1.2075,1.99,,,0.5,,,,,,,,,Southern Glazer's Wine & Spirits of MN,
ABSOLUT VOD GRAPEFRUIT 80,835229001244,Liquor,Liter,12,PERNOD RICARD USA,Southern Wine & Spirits, ,Jan/April/July/Oct,15.950458333333335,191.40550000000002,251.4,26.99,21.96,0.29642721615057677,238.44,2026-04-01 00:00:00,,217.55,,905409,185.40550000000002,15.450458333333335,25.99,24.99,21.96,0.3,,,,,,,,124,Southern Glazer's Wine & Spirits of MN,
ABSOLUT VOD GRAPEFRUIT 80,835229010451,Liquor,1.75L,6,PERNOD RICARD USA,Southern Wine & Spirits, ,Jan/April/July/Oct,22.91091666666667,137.46550000000002,186.48,39.99,30.96,0.2922830534022394,184.5,2026-04-01 00:00:00,,165.68,,905271,131.46550000000002,21.91091666666667,36.99,,,0.3,,,,,,,,,Southern Glazer's Wine & Spirits of MN,
ABSOLUT VOD GRAPEFRUIT 80,835229010437,Liquor,750ml,12,PERNOD RICARD USA,Southern Wine & Spirits,,Jan/April/July/Oct,12.097125,145.1655,205.2,21.99,15.96,0.27336309523809527,192.2,2026-04-01 00:00:00,,171.86,,905407,139.1655,11.597125,18.99,,,0.3,,,,,,,,,Southern Glazer's Wine & Spirits of MN,
ABSOLUT VOD LIME 80,835229010284,Liquor,Liter,12,PERNOD RICARD USA,Southern Wine & Spirits, ,Jan/April/July/Oct,15.950458333333335,191.40550000000002,251.4,26.99,21.96,0.29642721615057677,238.44,2026-04-01 00:00:00,,217.55,,414578,185.40550000000002,15.450458333333335,25.99,24.99,21.96,0.3,,,,,,,,131,Southern Glazer's Wine & Spirits of MN,
ABSOLUT VOD LIME 80,835229010291,Liquor,1.75L,6,PERNOD RICARD USA,Southern Wine & Spirits, ,Jan/April/July/Oct,22.91091666666667,137.46550000000002,186.48,39.99,30.96,0.2922830534022394,184.5,2026-04-01 00:00:00,,165.68,,414576,131.46550000000002,21.91091666666667,36.99,39.99,32.96,0.3,,,,,,,,0,Southern Glazer's Wine & Spirits of MN,
ABSOLUT VOD LIME 80,835229010277,Liquor,750ml,12,PERNOD RICARD USA,Southern Wine & Spirits,,Jan/April/July/Oct,12.097125,145.1655,205.2,21.99,15.96,0.27336309523809527,192.2,2026-04-01 00:00:00,,171.86,,414579,139.1655,11.597125,18.99,,,0.3,,,,,,,,,Southern Glazer's Wine & Spirits of MN,
ABSOLUT VOD MANDRIN 80,835229002401,Liquor,Liter,12,PERNOD RICARD USA,Southern Wine & Spirits, ,Jan/April/July/Oct,15.950458333333335,191.40550000000002,251.4,26.99,21.96,0.29642721615057677,238.44,2026-04-01 00:00:00,,217.55,,47875,185.40550000000002,15.450458333333335,25.99,24.99,21.96,0.3,,,,,,,,116,Southern Glazer's Wine & Spirits of MN,
ABSOLUT VOD MANDRIN 80,835229000711,Liquor,1.75L,6,PERNOD RICARD USA,Southern Wine & Spirits, ,Jan/April/July/Oct,22.91091666666667,137.46550000000002,186.48,39.99,30.96,0.2922830534022394,184.5,2026-04-01 00:00:00,,165.68,,33110,131.46550000000002,21.91091666666667,36.99,38.99,32.96,0.3,,,,,,,,9,Southern Glazer's Wine & Spirits of MN,
ABSOLUT VOD MANDRIN 80,835229002302,Liquor,750ml,12,PERNOD RICARD USA,Southern Wine & Spirits,,Jan/April/July/Oct,12.097125,145.1655,205.2,21.99,15.96,0.27336309523809527,192.2,2026-04-01 00:00:00,,171.86,,47876,139.1655,11.597125,18.99,,,0.3,,,,,,,,,Southern Glazer's Wine & Spirits of MN,
ABSOLUT VOD MANGO 80,835229001435,Liquor,Liter,12,PERNOD RICARD USA,Southern Wine & Spirits, ,Jan/April/July/Oct,15.950458333333335,191.40550000000002,251.4,26.99,21.96,0.29642721615057677,238.44,2026-04-01 00:00:00,,217.55,,346851,185.40550000000002,15.450458333333335,25.99,24.99,21.96,0.3,,,,,,,,9,Southern Glazer's Wine & Spirits of MN,
ABSOLUT VOD MANGO 80,835229001428,Liquor,750ml,12,PERNOD RICARD USA,Southern Wine & Spirits,,Jan/April/July/Oct,12.097125,145.1655,205.2,21.99,15.96,0.27336309523809527,192.2,2026-04-01 00:00:00,,171.86,,346850,139.1655,11.597125,18.99,,,0.3,,,,,,,,,Southern Glazer's Wine & Spirits of MN,
ABSOLUT VOD PEARS 80,835229001343,Liquor,Liter,12,PERNOD RICARD USA,Southern Wine & Spirits, ,Jan/April/July/Oct,15.950458333333335,191.40550000000002,251.4,26.99,21.96,0.29642721615057677,238.44,2026-04-01 00:00:00,,217.55,,573233,185.40550000000002,15.450458333333335,25.99,24.99,21.96,0.3,,,,,,,,134,Southern Glazer's Wine & Spirits of MN,
ABSOLUT VOD PEARS 80,835229001336,Liquor,750ml,12,PERNOD RICARD USA,Southern Wine & Spirits,,Jan/April/July/Oct,12.097125,145.1655,205.2,21.99,15.96,0.27336309523809527,192.2,2026-04-01 00:00:00,,171.86,,346511,139.1655,11.597125,18.99,,,0.3,,,,,,,,,Southern Glazer's Wine & Spirits of MN,
ABSOLUT VOD PEPPAR 76,835229004405,Liquor,Liter,12,PERNOD RICARD USA,Southern Wine & Spirits, ,Jan/April/July/Oct,15.950458333333335,191.40550000000002,251.4,26.99,21.96,0.29642721615057677,238.44,2026-04-01 00:00:00,,217.55,,554076,185.40550000000002,15.450458333333335,25.99,24.99,21.96,0.3,,,,,,,,147,Southern Glazer's Wine & Spirits of MN,
ABSOLUT VOD PEPPAR 76,835229004306,Liquor,750ml,12,PERNOD RICARD USA,Southern Wine & Spirits,,Jan/April/July/Oct,12.097125,145.1655,205.2,21.99,15.96,0.27336309523809527,192.2,2026-04-01 00:00:00,,171.86,,546234,139.1655,11.597125,18.99,,,0.3,,,,,,,,,Southern Glazer's Wine & Spirits of MN,
ABSOLUT VOD RASPBERRI 76,835229008403,Liquor,Liter,12,PERNOD RICARD USA,Southern Wine & Spirits, ,Jan/April/July/Oct,15.950458333333335,191.40550000000002,251.4,26.99,21.96,0.29642721615057677,238.44,2026-04-01 00:00:00,,217.55,,546232,185.40550000000002,15.450458333333335,25.99,24.99,21.96,0.3,,,,,,,,120,Southern Glazer's Wine & Spirits of MN,
ABSOLUT VOD RASPBERRI 76,835229008304,Liquor,750ml,12,PERNOD RICARD USA,Southern Wine & Spirits,,Jan/April/July/Oct,12.097125,145.1655,205.2,21.99,15.96,0.27336309523809527,192.2,2026-04-01 00:00:00,,171.86,,546230,139.1655,11.597125,18.99,,,0.3,,,,,,,,,Southern Glazer's Wine & Spirits of MN,
ABSOLUT VOD VANILIA 76,835229006409,Liquor,Liter,12,PERNOD RICARD USA,Southern Wine & Spirits, ,Jan/April/July/Oct,15.950458333333335,191.40550000000002,251.4,26.99,21.96,0.29642721615057677,238.44,2026-04-01 00:00:00,,217.55,,546237,185.40550000000002,15.450458333333335,25.99,24.99,21.96,0.3,,,,,,,,142,Southern Glazer's Wine & Spirits of MN,
ABSOLUT VOD VANILIA 76,835229006300,Liquor,750ml,12,PERNOD RICARD USA,Southern Wine & Spirits,,Jan/April/July/Oct,12.097125,145.1655,205.2,21.99,15.96,0.27336309523809527,192.2,2026-04-01 00:00:00,,171.86,,546235,139.1655,11.597125,18.99,,,0.3,,,,,,,,,Southern Glazer's Wine & Spirits of MN,
ABSOLUT VOD WATERMELON 76,835229011007,Liquor,Liter,6,PERNOD RICARD USA,Southern Wine & Spirits,,Jan/April/July/Oct,12.030916666666668,72.1855,125.7,26.99,14.96,0.2626392602495543,119.22,2026-04-01 00:00:00,,109.8,,988223,66.1855,11.030916666666668,17.99,24.99,21.96,0.3,,,,,,,,1,Southern Glazer's Wine & Spirits of MN,
ABSOLUT VOD WATERMELON 76,835229010994,Liquor,750ml,6,PERNOD RICARD USA,Southern Wine & Spirits, ,Jan/April/July/Oct,8.177583333333333,49.06549999999999,102.55,21.99,9.96,0.2793591030789828,96.1,2026-04-01 00:00:00,,85.93,,988225,43.06549999999999,7.177583333333332,11.99,,,0.3,,,,,,,,,Southern Glazer's Wine & Spirits of MN,
ABSOLUT VOD WILD BERRI 76,835229011083,Liquor,1.75L,6,PERNOD RICARD USA,Southern Wine & Spirits, ,Jan/April/July/Oct,22.91091666666667,137.46550000000002,186.48,39.99,30.96,0.2922830534022394,184.5,2026-04-01 00:00:00,,165.68,,571941,131.46550000000002,21.91091666666667,36.99,,,0.3,,,,,,,,,Southern Glazer's Wine & Spirits of MN,
ABSOLUT VOD WILD BERRI 76,835229011076,Liquor,Liter,6,PERNOD RICARD USA,Southern Wine & Spirits,,Jan/April/July/Oct,12.030916666666668,72.1855,125.7,26.99,14.96,0.2626392602495543,119.22,2026-04-01 00:00:00,,109.8,,584270,66.1855,11.030916666666668,17.99,,,0.3,,,,,,,,,Southern Glazer's Wine & Spirits of MN,
ABSOLUT VOD WILD BERRI 76,835229011069,Liquor,750ml,6,PERNOD RICARD USA,Southern Wine & Spirits, ,Jan/April/July/Oct,8.177583333333333,49.06549999999999,102.55,21.99,9.96,0.2793591030789828,96.1,2026-04-01 00:00:00,,85.93,,584269,43.06549999999999,7.177583333333332,11.99,,,0.3,,,,,,,,,Southern Glazer's Wine & Spirits of MN,
ABSOLUT VODKA 80,835229000407,Liquor,Liter,12,PERNOD RICARD USA,Southern Wine & Spirits, ,Jan/April/July/Oct,15.950458333333335,191.40550000000002,251.4,26.99,21.96,0.29642721615057677,238.44,2026-04-01 00:00:00,,217.55,,15402,185.40550000000002,15.450458333333335,25.99,24.99,21.96,0.3,,,,,,,,429,Southern Glazer's Wine & Spirits of MN,
ABSOLUT VODKA 80,835229000605,Liquor,1.75L,6,PERNOD RICARD USA,Southern Wine & Spirits, ,Jan/April/July/Oct,22.91091666666667,137.46550000000002,186.48,39.99,30.96,0.2922830534022394,184.5,2026-04-01 00:00:00,,165.68,,13146,131.46550000000002,21.91091666666667,36.99,31.99,23.96,0.3,,,,,,,,379,Southern Glazer's Wine & Spirits of MN,
ABSOLUT VODKA 80,835229000308,Liquor,750ml,12,PERNOD RICARD USA,Southern Wine & Spirits,,Jan/April/July/Oct,12.097125,145.1655,205.2,21.99,15.96,0.27336309523809527,192.2,2026-04-01 00:00:00,,171.86,,15403,139.1655,11.597125,18.99,19.99,17.96,0.3,,,,,,,,394,Southern Glazer's Wine & Spirits of MN,
ABSOLUT VODKA 80,835229000209,Liquor,375ML,24,PERNOD RICARD USA,Southern Wine & Spirits,,ALL,8.373333333333333,200.96,231.8,13.99,11.96,0.2998885172798217,200.16,2026-04-01 00:00:00,,205.3,,13223,200.96,8.373333333333333,13.99,14.99,12.96,0.5,,,,,,,,170,Southern Glazer's Wine & Spirits of MN,
ABSOLUT VODKA 80,835229000100,Liquor,200ml,24,PERNOD RICARD USA,Southern Wine & Spirits, ,ALL,4.9075,117.78,145.68,8.99,6.96,0.29489942528735635,116.98,2026-04-01 00:00:00,,116.98,,80171,117.78,4.9075,7.99,10.99,0,0.5,,,,,,,,0,Southern Glazer's Wine & Spirits of MN,
ABSOLUT VODKA 80 10/12PK,835229000001,Liquor,50ml,120,PERNOD RICARD USA,Southern Wine & Spirits, ,ALL,1.2075,144.9,171.8,1.99,1.96,0.3839285714285714,144.1,2026-04-01 00:00:00,,144.1,,10462,144.9,1.2075,1.99,,,0.5,,,,,,,,,Southern Glazer's Wine & Spirits of MN,
ABSOLUT VODKA 80 COLORS,835229010116,Liquor,Liter,12,PERNOD RICARD USA,Southern Wine & Spirits, ,Jan/April/July/Oct,15.950458333333335,191.40550000000002,251.4,26.99,21.96,0.29642721615057677,238.44,2026-04-01 00:00:00,,217.55,,361381,185.40550000000002,15.450458333333335,25.99,24.99,21.96,0.3,,,,,,,,54,Southern Glazer's Wine & Spirits of MN,
ABSOLUT VODKA ELYX 84.6,835229000728,Liquor,Liter,6,PERNOD RICARD USA,Southern Wine & Spirits,,Jan/April/July/Oct,19.402583333333332,116.4155,167.95,35.99,25.96,0.2911177452491012,163.45,2026-04-01 00:00:00,,163.45,,332433,110.4155,18.402583333333332,30.99,,,0.3,,,,,,,,,Southern Glazer's Wine & Spirits of MN,
ABSOLUT VODKA JUICE APPLE 70,835229010802,Liquor,Liter,6,PERNOD RICARD USA,Southern Wine & Spirits,,Jan/April/July/Oct,9.752583333333332,58.515499999999996,125.7,26.99,11.96,0.268178651059086,105.55,2026-04-01 00:00:00,,112.81,,934850,52.515499999999996,8.752583333333332,13.99,24.99,21.96,0.3,,,,,,,,60,Southern Glazer's Wine & Spirits of MN,
ABSOLUT VODKA JUICE STRAWBERRY 70,835229010611,Liquor,750ml,6,PERNOD RICARD USA,Southern Wine & Spirits, ,Jan/April/July/Oct,16.15,96.89999999999999,102.55,21.99,22.96,0.2966027874564461,96.1,2026-04-01 00:00:00,,85.93,,933359,96.89999999999999,16.15,27.99,,,0.3,,,,,,,,,Southern Glazer's Wine & Spirits of MN,
Absolut Vodka Tabasco Chili Pepper Liter,835229011151,Liquor,Liter,6,PERNOD RICARD USA,Southern Wine & Spirits, ,Jan/April/July/Oct,12.030916666666668,72.1855,125.7,26.99,14.96,0.2626392602495543,119.22,2026-04-01 00:00:00,,109.8,,686533,66.1855,11.030916666666668,17.99,26.99,22.96,0.3,,,,,,,,102,Southern Glazer's Wine & Spirits of MN,
BEEFEATER 24 LONDON DRY GIN 90,089540507590,Liquor,Liter,6,PERNOD RICARD USA,Southern Wine & Spirits,,ALL,21.124999999999996,126.74999999999999,130.95,27.99,29.96,0.29489319092122845,125.94999999999999,2026-04-01 00:00:00,,125.94999999999999,,600815,126.74999999999999,21.124999999999996,35.99,27.99,0,0.3,,,,,,,,0,Southern Glazer's Wine & Spirits of MN,
BEEFEATER GIN 88,089540333489,Liquor,Liter,12,PERNOD RICARD USA,Southern Wine & Spirits, ,February|April|June|August|October|December,15.419166666666667,185.03,218.84,23.99,21.96,0.29785215543412263,184.23,2026-04-01 00:00:00,,184.23,,600814,185.03,15.419166666666667,25.99,23.99,21.96,0.3,,,,,,,,98,Southern Glazer's Wine & Spirits of MN,
BEEFEATER GIN 88,089540333496,Liquor,750ml,12,PERNOD RICARD USA,Southern Wine & Spirits, ,February|April|June|August|October|December,13.165000000000001,157.98000000000002,191.83,20.99,17.96,0.26698218262806234,157.18,2026-04-01 00:00:00,,157.18,,962221,157.98000000000002,13.165000000000001,21.99,22.49,19.96,0.3,,,,,,,,50,Southern Glazer's Wine & Spirits of MN,
BEEFEATER GIN 88,089540333472,Liquor,1.75L,6,PERNOD RICARD USA,Southern Wine & Spirits, ,February|April|June|August|October|December,22.56833333333334,135.41000000000003,169.23,36.99,31.96,0.29385690446391305,134.61,2026-04-01 00:00:00,,134.61,,600817,135.41000000000003,22.56833333333334,37.99,35.49,29.96,0.3,,,,,,,,67,Southern Glazer's Wine & Spirits of MN,
CHIVAS REGAL SCO 12YR 80 YRC,080432400395,Liquor,750ml,12,PERNOD RICARD USA,Southern Wine & Spirits,,ALL,24.37666666666667,292.52000000000004,321,34.99,33.96,0.28219473890851976,291.72,2026-04-01 00:00:00,,291.72,,576451,292.52000000000004,24.37666666666667,40.99,38.99,32.96,0.3,,,,,,,,66,Southern Glazer's Wine & Spirits of MN,
CHIVAS REGAL SCO 13YR 80,080432115343,Liquor,750ml,6,PERNOD RICARD USA,Southern Wine & Spirits, ,ALL,30.473333333333333,182.84,182.04,38.99,42.96,0.2906579764121664,182.04,2026-04-01 00:00:00,,182.04,,942157,182.84,30.473333333333333,51.99,39.99,0,0.3,,,,,,,,0,Southern Glazer's Wine & Spirits of MN,
CHIVAS REGAL SCO 13YR EXTRA 80,080432116609,Liquor,750ml,6,PERNOD RICARD USA,Southern Wine & Spirits, ,ALL,30.473333333333333,182.84,182.04,38.99,42.96,0.2906579764121664,182.04,2026-04-01 00:00:00,,182.04,,985650,182.84,30.473333333333333,51.99,39.99,0,0.3,,,,,,,,3,Southern Glazer's Wine & Spirits of MN,
CHIVAS REGAL SCO 18YR 80 YRC,080432400487,Liquor,750ml,6,PERNOD RICARD USA,Southern Wine & Spirits, ,ALL,64.63333333333334,387.8,387,83.99,89.96,0.28153253297761954,387,2026-04-01 00:00:00,,387,,134491,387.8,64.63333333333334,107.99,85.99,79.96,0.3,,,,,,,,1,Southern Glazer's Wine & Spirits of MN,
CHIVAS REGAL SCO 25YR 80,080432104040,Liquor,750ml,3,PERNOD RICARD USA,Southern Wine & Spirits, ,ALL,262.76666666666665,788.3,787.5,340.99,367.96,0.2858825234626952,787.5,2026-04-01 00:00:00,,787.5,,180010,788.3,262.76666666666665,441.99,,,0.3,,,,,,,,,Southern Glazer's Wine & Spirits of MN,
CODIGO 1530 TEQ ANEJO 80,859061006021,Liquor,750ml,6,PERNOD RICARD USA,Southern Wine & Spirits, ,ALL,82.62666666666667,495.76,603,130.99,114.96,0.28705636743215035,494.96,2026-04-01 00:00:00,,494.96,,601825,491.76,81.96,137.99,119.99,99.96,0.3,,,,,,,,6,Southern Glazer's Wine & Spirits of MN,
CODIGO 1530 TEQ BLANCO 80,859061006007,Liquor,750ml,6,PERNOD RICARD USA,Southern Wine & Spirits, ,ALL,33.88333333333333,203.3,232.95,49.99,46.96,0.2926604202157865,202.5,2026-04-01 00:00:00,,202.5,,443119,199.3,33.21666666666667,55.99,47.99,39.96,0.3,,,,,,,,7,Southern Glazer's Wine & Spirits of MN,
CODIGO 1530 TEQ BLANCO ROSA 80,859061006113,Liquor,750ml,6,PERNOD RICARD USA,Southern Wine & Spirits, ,ALL,41.37666666666667,248.26000000000002,299.95,64.99,56.96,0.2852879213483146,247.46,2026-04-01 00:00:00,,247.46,,443216,244.26000000000002,40.71,67.99,65.99,54.96,0.3,,,,,,,,2,Southern Glazer's Wine & Spirits of MN,
CODIGO 1530 TEQ EX AN OR 80,859061006045,Liquor,750ml,3,PERNOD RICARD USA,Southern Wine & Spirits, ,ALL,230.25666666666666,690.77,693.95,300.99,319.96,0.28452514897695547,689.97,2026-04-01 00:00:00,,689.97,,443117,686.77,228.92333333333332,383.99,299.99,249.96,0.3,,,,,,,,2,Southern Glazer's Wine & Spirits of MN,
CODIGO 1530 TEQ REPOSADO 80,859061006014,Liquor,750ml,6,PERNOD RICARD USA,Southern Wine & Spirits, ,ALL,45.13333333333333,270.8,322.95,69.99,61.96,0.2823326877555412,270,2026-04-01 00:00:00,,270,,442837,266.8,44.46666666666667,73.99,77.99,64.96,0.3,,,,,,,,14,Southern Glazer's Wine & Spirits of MN,
Codigo Agave Nectar 12oz,859061006632,Misc,12oz,12,PERNOD RICARD USA,Southern Wine & Spirits,Case 1,ALL,5.6499999999999995,67.8,67,6.99,7.96,0.2902010050251257,67,2026-04-01 00:00:00,,67,,659621,67.8,5.6499999999999995,9.99,8.99,7.96,0.3,,,,,,,,189,Southern Glazer's Wine & Spirits of MN,
DEL MAGUEY CREMA DE MEZCAL 80,618397020015,Liquor,750ml,6,PERNOD RICARD USA,Southern Wine & Spirits, ,ALL,30.835000000000004,185.01000000000002,193.45,41.99,41.96,0.28102160788052105,184.21,2026-04-01 00:00:00,,184.21,,894937,181.01000000000002,30.168333333333337,49.99,,,0.3,,,,,,,,,Southern Glazer's Wine & Spirits of MN,
DEL MAGUEY MEZCAL ALBARRADAS SD 96,618397960014,Liquor,750ml,6,PERNOD RICARD USA,Southern Wine & Spirits, ,ALL,57.13333333333333,342.8,342,73.99,78.96,0.284869976359338,342,2026-04-01 00:00:00,,342,,894931,338.8,56.46666666666667,94.99,,,0.3,,,,,,,,,Southern Glazer's Wine & Spirits of MN,
DEL MAGUEY MEZCAL LAS MILPAS 92,618397201902,Liquor,750ml,6,PERNOD RICARD USA,Southern Wine & Spirits, ,ALL,57.13333333333333,342.8,342,73.99,78.96,0.284869976359338,342,2026-04-01 00:00:00,,342,,951395,338.8,56.46666666666667,94.99,,,0.3,,,,,,,,,Southern Glazer's Wine & Spirits of MN,
DEL MAGUEY MEZCAL SAN LUIS RIO 94,618397950015,Liquor,750ml,6,PERNOD RICARD USA,Southern Wine & Spirits, ,ALL,79.625,477.75,476.95,102.99,110.96,0.2884072338380197,476.95,2026-04-01 00:00:00,,476.95,,894942,473.75,78.95833333333333,132.99,102.99,94.96,0.3,,,,,,,,0,Southern Glazer's Wine & Spirits of MN,
DEL MAGUEY MEZCAL VIDA 84,618397200929,Liquor,750ml,6,PERNOD RICARD USA,Southern Wine & Spirits, ,ALL,30.133333333333336,180.8,193.45,41.99,40.96,0.2805989583333333,180,2026-04-01 00:00:00,,180,,291742,176.8,29.46666666666667,48.99,41.99,37.96,0.3,,,,,,,,2,Southern Glazer's Wine & Spirits of MN,
H WALKER CREME DE CASSIS 30,89540125800,Liquor,750ml,12,PERNOD RICARD USA,Southern Wine & Spirits, ,ALL,7.558333333333334,90.7,89.9,9.99,10.96,0.3103710462287105,89.9,2026-04-01 00:00:00,,89.9,,84441,90.7,7.558333333333334,12.99,,,0.3,,,,,,,,,Southern Glazer's Wine & Spirits of MN,
H WALKER TRIPLE SEC 30,089540351636,Liquor,Liter,12,PERNOD RICARD USA,Southern Wine & Spirits, ,ALL,6.816666666666666,81.8,81,8.99,9.96,0.31559571619812593,81,2026-04-01 00:00:00,,81,,10234,81.8,6.816666666666666,11.99,,,0.3,,,,,,,,,Southern Glazer's Wine & Spirits of MN,
ITALICUS ROSOLIO BERGAMOTTO LIQ 40,816136021556,Liquor,750ml,6,PERNOD RICARD USA,Southern Wine & Spirits, ,ALL,27.900000000000002,167.4,166.45,35.99,38.96,0.28388090349075973,166.6,2026-04-01 00:00:00,,166.5,,477136,167.4,27.900000000000002,46.99,,,0.3,,,,,,,,,Southern Glazer's Wine & Spirits of MN,
JAMESON COLA CAN 6/4PK,080432000069,Liquor,355ML,6,PERNOD RICARD USA,Southern Wine & Spirits, ,ALL,8.174999999999999,49.05,64.3,13.99,10.96,0.2541058394160586,48.25,2026-04-01 00:00:00,,55.12,,542654,49.05,8.174999999999999,12.99,14.99,12.96,0.3,,,,,,,,4,Southern Glazer's Wine & Spirits of MN,
JAMESON GIN & LIME CAN 6/4P,080432117538,Liquor,355ML,6,PERNOD RICARD USA,Southern Wine & Spirits, ,ALL,8.174999999999999,49.05,64.3,13.99,10.96,0.2541058394160586,48.25,2026-04-01 00:00:00,,55.12,,624422,49.05,8.174999999999999,12.99,14.99,12.96,0.3,,,,,,,,21,Southern Glazer's Wine & Spirits of MN,
JAMESON IRISH BLACK BRL 80,080432107294,Liquor,Liter,6,PERNOD RICARD USA,Southern Wine & Spirits, ,Feb/May/Oct/Nov,30.322666666666667,181.936,253.6,54.99,40.96,0.28411458333333334,229.04,2026-04-01 00:00:00,,253.62,,412253,175.936,29.322666666666667,48.99,59.99,49.96,0.3,,,,,,,,8,Southern Glazer's Wine & Spirits of MN,
JAMESON IRISH BLACK BRL 80,080432107263,Liquor,750ml,12,PERNOD RICARD USA,Southern Wine & Spirits,,ALL,27.536333333333335,330.43600000000004,402.1,43.99,37.96,0.2877678257815244,377.54,2026-04-01 00:00:00,,377.54,,145700,324.43600000000004,27.036333333333335,45.99,47.99,39.96,0.3,,,,,,,,72,Southern Glazer's Wine & Spirits of MN,
JAMESON IRISH BLACK BRL 80,80432115114,Liquor,375ML,12,PERNOD RICARD USA,Southern Wine & Spirits, ,ALL,17.908333333333335,214.9,238.6,29.99,24.96,0.28251869658119655,214.1,2026-04-01 00:00:00,,214.1,,940580,214.9,17.908333333333335,29.99,,,0.5,,,,,,,,,Southern Glazer's Wine & Spirits of MN,
JAMESON IRISH CASKMATE IPA ED 80,80432113134,Liquor,375ML,24,PERNOD RICARD USA,Southern Wine & Spirits, ,ALL,14.384166666666667,345.22,369,22.99,19.96,0.2793503674014696,344.42,2026-04-01 00:00:00,,344.42,,898343,345.22,14.384166666666667,23.99,,,0.5,,,,,,,,,Southern Glazer's Wine & Spirits of MN,
JAMESON IRISH CASKMATE IPA ED 80,080432112199,Liquor,750ml,12,PERNOD RICARD USA,Southern Wine & Spirits,,ALL,20.784666666666666,249.416,321.1,34.99,27.96,0.27451120648545546,296.52,2026-04-01 00:00:00,,296.52,,483932,243.416,20.284666666666666,33.99,34.99,31.96,0.3,,,,,,,,34,Southern Glazer's Wine & Spirits of MN,
JAMESON IRISH CASKMATE STOUT ED 80,80432113318,Liquor,375ML,24,PERNOD RICARD USA,Southern Wine & Spirits,,ALL,14.384166666666667,345.22,369,22.99,19.96,0.2793503674014696,344.42,2026-04-01 00:00:00,,344.42,,901966,345.22,14.384166666666667,23.99,,,0.5,,,,,,,,,Southern Glazer's Wine & Spirits of MN,
JAMESON IRISH COLD BREW 60,080432115619,Liquor,750ml,6,PERNOD RICARD USA,Southern Wine & Spirits,,ALL,13.109333333333334,78.656,146.55,31.99,16.96,0.2860062893081761,125.76,2026-04-01 00:00:00,,125.76,,959744,72.656,12.109333333333334,19.99,29.99,25.96,0.3,,,,,,,,13,Southern Glazer's Wine & Spirits of MN,
JAMESON IRISH WHISKEY 18YR 80 YRC,080432404041,Liquor,750ml,3,PERNOD RICARD USA,Southern Wine & Spirits, ,ALL,123.04866666666668,369.146,416.25,179.99,168.96,0.283566130050505,416.25,2026-04-01 00:00:00,,416.25,,912575,363.146,121.04866666666668,202.99,,,0.3,,,,,,,,,Southern Glazer's Wine & Spirits of MN,
Jameson Irish Whiskey 200ML,080432500125,Liquor,200ml,24,PERNOD RICARD USA,Southern Wine & Spirits,,ALL,6.724583333333334,161.39000000000001,193.65,11.99,8.96,0.24948846726190474,160.59,2026-04-01 00:00:00,,160.59,,168176,161.39000000000001,6.724583333333334,10.99,14.99,12.96,0.5,,,,,,,,261,Southern Glazer's Wine & Spirits of MN,
Jameson Irish Whiskey 375ML,080432500149,Liquor,375ML,24,PERNOD RICARD USA,Southern Wine & Spirits,,ALL,11.418333333333335,274.04,318.6,19.99,15.96,0.28456558061821213,273.24,2026-04-01 00:00:00,,273.24,,617504,274.04,11.418333333333335,18.99,23.99,19.96,0.5,,,,,,,,197,Southern Glazer's Wine & Spirits of MN,
JAMESON IRISH WHISKEY 80,080432500118,Liquor,Liter,12,PERNOD RICARD USA,Southern Wine & Spirits, ,Feb/May/Oct/Nov,23.584666666666667,283.016,347.35,37.99,31.96,0.27770129328327076,330.12,2026-04-01 00:00:00,,302.64,,24601,277.016,23.084666666666667,37.99,33.99,27.96,0.3,,,,,,,,615,Southern Glazer's Wine & Spirits of MN,
JAMESON IRISH WHISKEY 80,080432500170,Liquor,750ml,12,PERNOD RICARD USA,Southern Wine & Spirits, ,Feb/May/Oct/Nov,19.088000000000005,229.05600000000004,293.1,31.99,25.96,0.2839753466872109,276.16,2026-04-01 00:00:00,,251.06,,24602,223.05600000000004,18.588000000000005,30.99,29.99,24.96,0.3,,,,,,,,276,Southern Glazer's Wine & Spirits of MN,
JAMESON IRISH WHISKEY 80,080432500187,Liquor,1.75L,6,PERNOD RICARD USA,Southern Wine & Spirits, ,Feb/May/Oct/Nov,33.39933333333334,200.39600000000002,288.65,62.99,44.96,0.2793742586002372,247.5,2026-04-01 00:00:00,,223.98,,24600,194.39600000000002,32.39933333333334,53.99,47.99,36.96,0.3,,,,,,,,707,Southern Glazer's Wine & Spirits of MN,
JAMESON IRISH WHISKEY 80 12/10PK,080432500101,Liquor,50ml,120,PERNOD RICARD USA,Southern Wine & Spirits, ,ALL,2.3418333333333337,281.02000000000004,303.7,3.99,2.96,0.20884009009008997,280.22,2026-04-01 00:00:00,,280.22,,961239,281.02000000000004,2.3418333333333337,3.99,5.49,4.46,0.5,,,,,,,,878,Southern Glazer's Wine & Spirits of MN,
JAMESON IRISH WSKY ORANGE 60,80432117446,Liquor,1.75L,6,PERNOD RICARD USA,Southern Wine & Spirits, ,Feb/May/Oct/Nov,33.39933333333334,200.39600000000002,288.65,62.99,44.96,0.2793742586002372,247.5,2026-04-01 00:00:00,,223.98,,524670,194.39600000000002,32.39933333333334,53.99,,,0.3,,,,,,,,,Southern Glazer's Wine & Spirits of MN,
JAMESON IRISH WSKY ORANGE 60,080432117330,Liquor,750ml,6,PERNOD RICARD USA,Southern Wine & Spirits,,Feb/May/Oct/Nov,13.394333333333334,80.366,146.55,31.99,16.96,0.26920204402515724,127.47,2026-04-01 00:00:00,,125.79,,517574,74.366,12.394333333333334,19.99,29.99,25.96,0.3,,,,,,,,33,Southern Glazer's Wine & Spirits of MN,
JAMESON IRISH WSKY ORANGE 60,80432117439,Liquor,Liter,6,PERNOD RICARD USA,Southern Wine & Spirits,,Feb/May/Oct/Nov,17.369333333333334,104.216,173.67,37.99,22.96,0.2870499419279907,151.32,2026-04-01 00:00:00,,155.34,,524669,98.216,16.369333333333334,27.99,,,0.3,,,,,,,,,Southern Glazer's Wine & Spirits of MN,
JAMESON IRISH WSKY ORANGE 60 12/10,80432117491,Liquor,50ml,120,PERNOD RICARD USA,Southern Wine & Spirits, ,ALL,2.3418333333333337,281.02000000000004,303.7,3.99,2.96,0.20884009009008997,280.22,2026-04-01 00:00:00,,280.22,,527179,281.02000000000004,2.3418333333333337,3.99,,,0.5,,,,,,,,,Southern Glazer's Wine & Spirits of MN,
JAMESON LEMONADE CAN 6/4P,080432000083,Liquor,355ML,6,PERNOD RICARD USA,Southern Wine & Spirits, ,ALL,8.174999999999999,49.05,64.3,13.99,10.96,0.2845194647201948,48.25,2026-04-01 00:00:00,,55.12,,542207,47.05,7.841666666666666,12.99,14.99,12.96,0.3,,,,,,,,0,Southern Glazer's Wine & Spirits of MN,
Jameson Orange Spritz 4pk 12oz can,080432000779,Liquor,4pk,6,PERNOD RICARD USA,Southern Wine & Spirits, ,ALL,8.174999999999999,49.05,64.3,13.99,10.96,0.2541058394160586,48.25,2026-04-01 00:00:00,,55.12,,615202,49.05,8.174999999999999,12.99,14.99,12.96,0.3,,,,,,,,19,Southern Glazer's Wine & Spirits of MN,
Jameson Triple Triple,080432002117,,750 mL,12,Pernod Ricard,Southern Wine & Spirits,,,22.583333333333332,271,270,28.99,31.96,0.29338756779307473,270,2026-04-01 00:00:00,,270,,641424,271,22.583333333333332,37.99,31.99,27.96,0.3,,,,,,,,86,Southern Glazer's Wine & Spirits of MN,
JEFFERSON BBN OCEAN (#57) 112.6,814794011650,Liquor,750ml,6,PERNOD RICARD USA,Southern Wine & Spirits, ,ALL,80.38333333333334,482.3,481.5,103.99,111.96,0.2879897582469929,481.5,2026-04-01 00:00:00,,481.5,,584661,478.3,79.71666666666667,133.99,119.99,109.96,0.3,,,,,,,,4,Southern Glazer's Wine & Spirits of MN,
JEFFERSON BBN OCEAN AGED SEA 90,814794010646,Liquor,750ml,6,PERNOD RICARD USA,Southern Wine & Spirits, ,ALL,58.76,352.56,391.5,84.99,80.96,0.28244400527009217,351.76,2026-04-01 00:00:00,,351.76,,403801,348.56,58.093333333333334,96.99,79.99,64.96,0.3,,,,,,,,6,Southern Glazer's Wine & Spirits of MN,
JEFFERSON BBN OCEAN WHEATED 90,814794011261,Liquor,750ml,6,PERNOD RICARD USA,Southern Wine & Spirits, ,ALL,58.76,352.56,391.5,84.99,80.96,0.28244400527009217,351.76,2026-04-01 00:00:00,,351.76,,961931,348.56,58.093333333333334,96.99,79.99,74.96,0.3,,,,,,,,0,Southern Glazer's Wine & Spirits of MN,
JEFFERSON BBN RSV 90.2,655709000013,Liquor,750ml,6,PERNOD RICARD USA,Southern Wine & Spirits, ,JAN|APR|JUNE|SEPT|OCT|DEC,42.885,257.31,287.95,61.99,58.96,0.2839495703301673,256.51,2026-04-01 00:00:00,,261.76,,35472,253.31,42.218333333333334,70.99,59.99,49.96,0.3,,,,,,,,20,Southern Glazer's Wine & Spirits of MN,
JEFFERSON BBN VERY SMALL BATCH82.3,655709000303,Liquor,750ml,6,PERNOD RICARD USA,Southern Wine & Spirits, ,ALL,22.01,132.06,175.45,37.99,29.96,0.28760569648420115,131.26,2026-04-01 00:00:00,,131.26,,178505,128.06,21.343333333333334,35.99,35.49,29.96,0.3,,,,,,,,38,Southern Glazer's Wine & Spirits of MN,
JEFFERSON'S MARIAN MCLAIN,814794011797,Liquor,750ml,6,PERNOD RICARD USA,Southern Wine & Spirits, ,ALL,225.13333333333333,1350.8,1350,292.99,313.96,0.2850469274217522,1350,2026-04-01 00:00:00,,1350,,588746,1346.8,224.46666666666667,376.99,349.99,299.96,0.3,,,,,,,,0,Southern Glazer's Wine & Spirits of MN,
Jefferson's Rye Ocean Aged at Sea,814794011605,Liquor,750ml,6,PERNOD RICARD USA,Southern Wine & Spirits, ,ALL,60.135,360.81,391.5,84.99,82.96,0.2831685953069752,360.01,2026-04-01 00:00:00,,369.66,,539040,356.81,59.468333333333334,99.99,95.99,79.96,0.3,,,,,,,,7,Southern Glazer's Wine & Spirits of MN,
JEFFERSONS THE MANHATTAN 68,814794010684,Liquor,750ml,6,PERNOD RICARD USA,Southern Wine & Spirits, ,ALL,22.633333333333336,135.8,135,28.99,30.96,0.2904823428079242,135,2026-04-01 00:00:00,,135,,381803,131.8,21.96666666666667,36.99,35.99,31.96,0.3,,,,,,,,0,Southern Glazer's Wine & Spirits of MN,
KAHLUA 40,089540122700,Liquor,Liter,12,PERNOD RICARD USA,Southern Wine & Spirits, ,March/June/Sept/Dec,22.232539682539684,266.7904761904762,324.5,34.99,30.96,0.2953529387637914,317.35,2026-04-01 00:00:00,,289.52,,93165,261.7904761904762,21.81587301587302,36.99,33.99,27.96,0.3,,,,,,,,93,Southern Glazer's Wine & Spirits of MN,
KAHLUA 40,089540122717,Liquor,750ml,12,PERNOD RICARD USA,Southern Wine & Spirits, ,March/June/Sept/Dec,18.04170634920635,216.5004761904762,274.5,29.99,24.96,0.29386860246235247,267.06,2026-04-01 00:00:00,,239.28,,93175,211.5004761904762,17.625039682539683,29.99,31.99,25.96,0.3,,,,,,,,201,Southern Glazer's Wine & Spirits of MN,
KAHLUA 40,089540122731,Liquor,200ml,24,PERNOD RICARD USA,Southern Wine & Spirits, ,ALL,5.233333333333333,125.6,124.8,7.99,6.96,0.27801724137931044,124.8,2026-04-01 00:00:00,,124.8,,93185,120.6,5.0249999999999995,7.99,7.99,0,0.5,,,,,,,,0,Southern Glazer's Wine & Spirits of MN,
KAHLUA 40,089540145631,Liquor,375ML,24,PERNOD RICARD USA,Southern Wine & Spirits, ,ALL,10.42875,250.29000000000002,252,15.99,14.96,0.30289104278074863,249.49,2026-04-01 00:00:00,,233.99,,93176,250.29000000000002,10.42875,17.99,19.99,16.96,0.5,,,,,,,,61,Southern Glazer's Wine & Spirits of MN,
KAHLUA 40 12/10PK PET,089540122748,Liquor,50ml,120,PERNOD RICARD USA,Southern Wine & Spirits,,ALL,1.3766666666666667,165.20000000000002,164.4,1.99,1.96,0.29761904761904756,164.4,2026-04-01 00:00:00,,164.4,,183570,165.20000000000002,1.3766666666666667,1.99,,,0.5,,,,,,,,,Southern Glazer's Wine & Spirits of MN,
KAHLUA 40 PET,089540122694,Liquor,1.75L,6,PERNOD RICARD USA,Southern Wine & Spirits, ,March/June/Sept/Dec,31.6634126984127,189.9804761904762,257,55.99,42.96,0.28235383228399974,240.54,2026-04-01 00:00:00,,212.71,,13661,184.98047619047622,30.83007936507937,51.99,54.99,44.96,0.3,,,,,,,,91,Southern Glazer's Wine & Spirits of MN,
KAHLUA BLONDE ROAST STYLE 40,089540535548,Liquor,750ml,12,PERNOD RICARD USA,Southern Wine & Spirits, ,March/June/Sept/Dec,18.04170634920635,216.5004761904762,274.5,29.99,24.96,0.27717522639397635,267.06,2026-04-01 00:00:00,,239.28,,970016,216.5004761904762,18.04170634920635,29.99,29.99,24.96,0.3,,,,,,,,82,Southern Glazer's Wine & Spirits of MN,
KAHLUA MINT MOCHA 40,089540540085,Liquor,750ml,12,PERNOD RICARD USA,Southern Wine & Spirits, ,March/June/Sept/Dec,18.04170634920635,216.5004761904762,274.5,29.99,24.96,0.27717522639397635,267.06,2026-04-01 00:00:00,,239.28,,898779,216.5004761904762,18.04170634920635,29.99,29.99,0,0.3,,,,,,,,0,Southern Glazer's Wine & Spirits of MN,
KAHLUA RTD MUDSLIDE 25 PET,089540416373,Liquor,1.75L,6,PERNOD RICARD USA,Southern Wine & Spirits, ,ALL,4.155079365079365,24.93047619047619,75.49,15.99,5.96,0.30283903270480456,75.49,2026-04-01 00:00:00,,75.49,,36477,24.93047619047619,4.155079365079365,6.99,17.99,0,0.3,,,,,,,,4,Southern Glazer's Wine & Spirits of MN,
KAHLUA RTD WHITE RUSSIAN 25 PET,089540423241,Liquor,1.75L,6,PERNOD RICARD USA,Southern Wine & Spirits, ,ALL,4.155079365079365,24.93047619047619,75.49,15.99,5.96,0.30283903270480456,75.49,2026-04-01 00:00:00,,75.49,,78499,24.93047619047619,4.155079365079365,6.99,17.99,0,0.3,,,,,,,,2,Southern Glazer's Wine & Spirits of MN,
KAHLUA SALTED CARAMEL 40,089540504926,Liquor,750ml,12,PERNOD RICARD USA,Southern Wine & Spirits, ,March/June/Sept/Dec,18.04170634920635,216.5004761904762,274.5,29.99,24.96,0.27717522639397635,267.06,2026-04-01 00:00:00,,239.28,,377386,216.5004761904762,18.04170634920635,29.99,29.99,27.96,0.3,,,,,,,,0,Southern Glazer's Wine & Spirits of MN,
KAHLUA VANILLA 40,089540540092,Liquor,750ml,12,PERNOD RICARD USA,Southern Wine & Spirits, ,March/June/Sept/Dec,18.04170634920635,216.5004761904762,274.5,29.99,24.96,0.27717522639397635,267.06,2026-04-01 00:00:00,,239.28,,898782,216.5004761904762,18.04170634920635,29.99,33.49,27.96,0.3,,,,,,,,11,Southern Glazer's Wine & Spirits of MN,
MALFY GIN CON ARANCIA BLOOD ORNG82,80432116692,Liquor,750ml,6,PERNOD RICARD USA,Southern Wine & Spirits,,ALL,20.77,124.61999999999999,130.45,27.99,28.96,0.282803867403315,123.82,2026-04-01 00:00:00,,123.82,,989804,124.61999999999999,20.77,34.99,,,0.3,,,,,,,,,Southern Glazer's Wine & Spirits of MN,
MALFY GIN LIMONE DI AMALFI 82,80432116715,Liquor,750ml,6,PERNOD RICARD USA,Southern Wine & Spirits,,ALL,20.77,124.61999999999999,130.45,27.99,28.96,0.282803867403315,123.82,2026-04-01 00:00:00,,123.82,,525745,124.61999999999999,20.77,34.99,,,0.3,,,,,,,,,Southern Glazer's Wine & Spirits of MN,
MALFY GIN ORIGINALE 82,80432116685,Liquor,750ml,6,PERNOD RICARD USA,Southern Wine & Spirits,,ALL,20.77,124.61999999999999,130.45,27.99,28.96,0.282803867403315,123.82,2026-04-01 00:00:00,,123.82,,525747,124.61999999999999,20.77,34.99,,,0.3,,,,,,,,,Southern Glazer's Wine & Spirits of MN,
MALFY GIN ROSA PINK GRAPFRUIT 82,080432116708,Liquor,750ml,6,PERNOD RICARD USA,Southern Wine & Spirits,,ALL,20.77,124.61999999999999,130.45,27.99,28.96,0.282803867403315,123.82,2026-04-01 00:00:00,,123.82,,989803,124.61999999999999,20.77,34.99,,,0.3,,,,,,,,,Southern Glazer's Wine & Spirits of MN,
MALIBU CKTL BLUE HAWAIIAN 25,089540520575,Liquor,1.75L,6,PERNOD RICARD USA,Southern Wine & Spirits, ,ALL,15.299999999999999,91.8,91,19.99,20.96,0.2700381679389314,91,2026-04-01 00:00:00,,91,,328023,91.8,15.299999999999999,24.99,,,0.3,,,,,,,,,Southern Glazer's Wine & Spirits of MN,
MALIBU CKTL PEACH RUM PNCH14 CAN4P,089540536019,Liquor,355ML,6,PERNOD RICARD USA,Southern Wine & Spirits, ,ALL,7.313333333333333,43.879999999999995,51.45,10.99,9.96,0.2657295850066936,43.08,2026-04-01 00:00:00,,43.08,,568196,43.879999999999995,7.313333333333333,11.99,,,0.3,,,,,,,,,Southern Glazer's Wine & Spirits of MN,
MALIBU CKTL PINA COLADA 14 CAN6/4P,089540535661,Liquor,355ML,6,PERNOD RICARD USA,Southern Wine & Spirits, ,ALL,7.313333333333333,43.879999999999995,51.45,10.99,9.96,0.2657295850066936,43.08,2026-04-01 00:00:00,,43.08,,606672,43.879999999999995,7.313333333333333,11.99,12.49,10.96,0.3,,,,,,,,4,Southern Glazer's Wine & Spirits of MN,
MALIBU CKTL PINEAP BAY BRZ14CAN4P,089540535692,Liquor,355ML,6,PERNOD RICARD USA,Southern Wine & Spirits, ,ALL,7.313333333333333,43.879999999999995,51.45,10.99,9.96,0.2657295850066936,43.08,2026-04-01 00:00:00,,43.08,,525494,43.879999999999995,7.313333333333333,11.99,,,0.3,,,,,,,,,Southern Glazer's Wine & Spirits of MN,
MALIBU CKTL RUM PUNCH 25,089540520032,Liquor,1.75L,6,PERNOD RICARD USA,Southern Wine & Spirits, ,ALL,15.299999999999999,91.8,91,19.99,20.96,0.2700381679389314,91,2026-04-01 00:00:00,,91,,349102,91.8,15.299999999999999,24.99,21.99,0,0.3,,,,,,,,0,Southern Glazer's Wine & Spirits of MN,
MALIBU CKTL STRWBRY DAIQ 14CAN6/4P,089540535685,Liquor,355ML,6,PERNOD RICARD USA,Southern Wine & Spirits, ,ALL,7.313333333333333,43.879999999999995,51.45,10.99,9.96,0.2657295850066936,43.08,2026-04-01 00:00:00,,43.08,,596119,43.879999999999995,7.313333333333333,11.99,12.49,10.96,0.3,,,,,,,,1,Southern Glazer's Wine & Spirits of MN,
MALIBU CKTL WTRMLN MOJITO 14CAN4P,089540535715,Liquor,355ML,6,PERNOD RICARD USA,Southern Wine & Spirits, ,ALL,7.313333333333333,43.879999999999995,51.45,10.99,9.96,0.2657295850066936,43.08,2026-04-01 00:00:00,,43.08,,525493,43.879999999999995,7.313333333333333,11.99,,,0.3,,,,,,,,,Southern Glazer's Wine & Spirits of MN,
Malibu Pink Rum 1.75L,089540536538,Liquor,1.75L,6,PERNOD RICARD USA,Southern Wine & Spirits, ,FEB|MAY|AUG|NOV,15.689083333333334,94.1345,156.95,33.99,20.96,0.29123330152671756,126,2026-04-01 00:00:00,,105,,683792,89.1345,14.85575,24.99,25.99,21.96,0.3,,,,,,,,43,Southern Glazer's Wine & Spirits of MN,
Malibu Pink Rum 750ml,089540536521,Liquor,750ml,12,PERNOD RICARD USA,Southern Wine & Spirits, ,FEB|MAY|AUG|NOV,11.127875000000003,133.53450000000004,176.4,18.99,14.96,0.2840101381461676,165.4,2026-04-01 00:00:00,,147.55,,683372,128.5345,10.711208333333333,17.99,18.99,16.96,0.3,,,,,,,,110,Southern Glazer's Wine & Spirits of MN,
MALIBU RUM BLACK 70,89540520100,Liquor,750ml,12,PERNOD RICARD USA,Southern Wine & Spirits, ,FEB|MAY|AUG|NOV,11.127875000000003,133.53450000000004,176.4,18.99,14.96,0.2840101381461676,165.4,2026-04-01 00:00:00,,147.55,,306139,128.5345,10.711208333333333,17.99,,,0.3,,,,,,,,,Southern Glazer's Wine & Spirits of MN,
MALIBU RUM BLACK 70,089540520162,Liquor,Liter,12,PERNOD RICARD USA,Southern Wine & Spirits, ,FEB|MAY|AUG|NOV,12.634541666666669,151.61450000000002,194.4,20.99,16.96,0.27960642688679244,183.48,2026-04-01 00:00:00,,161.16,,306141,146.61450000000002,12.217875000000001,19.99,21.99,0,0.3,,,,,,,,0,Southern Glazer's Wine & Spirits of MN,
MALIBU RUM BLACK 70 PET,089540520155,Liquor,1.75L,6,PERNOD RICARD USA,Southern Wine & Spirits, ,FEB|MAY|AUG|NOV,15.689083333333334,94.1345,156.95,33.99,20.96,0.29123330152671756,126,2026-04-01 00:00:00,,105,,910775,89.1345,14.85575,24.99,26.99,22.96,0.3,,,,,,,,16,Southern Glazer's Wine & Spirits of MN,
MALIBU RUM COCONUT 42,089540466446,Liquor,750ml,12,PERNOD RICARD USA,Southern Wine & Spirits, ,FEB|MAY|AUG|NOV,11.127875000000003,133.53450000000004,176.4,18.99,14.96,0.2840101381461676,165.4,2026-04-01 00:00:00,,147.55,,33452,128.5345,10.711208333333333,17.99,17.99,14.96,0.3,,,,,,,,158,Southern Glazer's Wine & Spirits of MN,
MALIBU RUM COCONUT 42,089540448978,Liquor,Liter,12,PERNOD RICARD USA,Southern Wine & Spirits, ,FEB|MAY|AUG|NOV,12.634541666666669,151.61450000000002,194.4,20.99,16.96,0.27960642688679244,183.48,2026-04-01 00:00:00,,161.16,,33451,146.61450000000002,12.217875000000001,19.99,20.99,17.96,0.3,,,,,,,,196,Southern Glazer's Wine & Spirits of MN,
MALIBU RUM COCONUT 42 PET,089540449326,Liquor,1.75L,6,PERNOD RICARD USA,Southern Wine & Spirits, ,FEB|MAY|AUG|NOV,15.689083333333334,94.1345,156.95,33.99,20.96,0.29123330152671756,126,2026-04-01 00:00:00,,105,,136168,89.1345,14.85575,24.99,22.99,17.96,0.3,,,,,,,,207,Southern Glazer's Wine & Spirits of MN,
MALIBU RUM COCONUT 42 PET,089540449036,Liquor,375ML,24,PERNOD RICARD USA,Southern Wine & Spirits,,ALL,7.053333333333334,169.28,192.95,11.99,9.96,0.2918340026773762,168.48,2026-04-01 00:00:00,,168.48,,67449,169.28,7.053333333333334,11.99,13.79,11.96,0.5,,,,,,,,168,Southern Glazer's Wine & Spirits of MN,
MALIBU RUM COCONUT 42 PET 12/10PK,089540453927,Liquor,50ml,12,PERNOD RICARD USA,Southern Wine & Spirits,,ALL,10.866666666666667,130.4,141.3,17.99,14.96,0.2736185383244207,129.6,2026-04-01 00:00:00,,129.6,,185864,130.4,10.866666666666667,17.99,,,0.5,,,,,,,,,Southern Glazer's Wine & Spirits of MN,
MALIBU RUM COCONUT 42(USA),89540448992,Liquor,750ml,12,PERNOD RICARD USA,Southern Wine & Spirits, ,FEB|MAY|AUG|NOV,11.127875000000003,133.53450000000004,176.4,18.99,14.96,0.2840101381461676,165.4,2026-04-01 00:00:00,,147.55,,444102,128.5345,10.711208333333333,17.99,,,0.3,,,,,,,,,Southern Glazer's Wine & Spirits of MN,
MALIBU RUM LIME 42,089540540054,Liquor,Liter,12,PERNOD RICARD USA,Southern Wine & Spirits, ,FEB|MAY|AUG|NOV,12.634541666666669,151.61450000000002,194.4,20.99,16.96,0.27960642688679244,183.48,2026-04-01 00:00:00,,161.16,,483917,146.61450000000002,12.217875000000001,19.99,19.99,16.96,0.3,,,,,,,,14,Southern Glazer's Wine & Spirits of MN,
MALIBU RUM MANGO 42,89540463087,Liquor,750ml,12,PERNOD RICARD USA,Southern Wine & Spirits, ,FEB|MAY|AUG|NOV,11.127875000000003,133.53450000000004,176.4,18.99,14.96,0.2840101381461676,165.4,2026-04-01 00:00:00,,147.55,,68330,128.5345,10.711208333333333,17.99,,,0.3,,,,,,,,,Southern Glazer's Wine & Spirits of MN,
MALIBU RUM MANGO 42,089540463070,Liquor,Liter,12,PERNOD RICARD USA,Southern Wine & Spirits, ,FEB|MAY|AUG|NOV,12.634541666666669,151.61450000000002,194.4,20.99,16.96,0.27960642688679244,183.48,2026-04-01 00:00:00,,161.16,,68329,146.61450000000002,12.217875000000001,19.99,19.99,16.96,0.3,,,,,,,,17,Southern Glazer's Wine & Spirits of MN,
MALIBU RUM PASSION FRUIT 42,89540472393,Liquor,750ml,12,PERNOD RICARD USA,Southern Wine & Spirits, ,FEB|MAY|AUG|NOV,11.127875000000003,133.53450000000004,176.4,18.99,14.96,0.2840101381461676,165.4,2026-04-01 00:00:00,,147.55,,115354,128.5345,10.711208333333333,17.99,,,0.3,,,,,,,,,Southern Glazer's Wine & Spirits of MN,
MALIBU RUM PASSION FRUIT 42,089540472720,Liquor,Liter,12,PERNOD RICARD USA,Southern Wine & Spirits, ,FEB|MAY|AUG|NOV,12.634541666666669,151.61450000000002,194.4,20.99,16.96,0.27960642688679244,183.48,2026-04-01 00:00:00,,161.16,,115353,146.61450000000002,12.217875000000001,19.99,19.99,16.96,0.3,,,,,,,,7,Southern Glazer's Wine & Spirits of MN,
MALIBU RUM PINEAPPLE 42,089540463131,Liquor,750ml,12,PERNOD RICARD USA,Southern Wine & Spirits, ,FEB|MAY|AUG|NOV,11.127875000000003,133.53450000000004,176.4,18.99,14.96,0.2840101381461676,165.4,2026-04-01 00:00:00,,147.55,,68333,128.5345,10.711208333333333,17.99,,,0.3,,,,,,,,,Southern Glazer's Wine & Spirits of MN,
MALIBU RUM PINEAPPLE 42,089540463124,Liquor,Liter,12,PERNOD RICARD USA,Southern Wine & Spirits, ,FEB|MAY|AUG|NOV,12.634541666666669,151.61450000000002,194.4,20.99,16.96,0.27960642688679244,183.48,2026-04-01 00:00:00,,161.16,,68331,146.61450000000002,12.217875000000001,19.99,19.99,16.96,0.3,,,,,,,,25,Southern Glazer's Wine & Spirits of MN,
MALIBU RUM PINEAPPLE BAY BREEZE 25,089540536323,Liquor,Liter,12,PERNOD RICARD USA,Southern Wine & Spirits,,FEB|MAY|AUG|NOV,6.096208333333333,73.1545,125.92,13.99,7.96,0.28648974036850905,105.02,2026-04-01 00:00:00,,125.92,,613893,68.15450000000001,5.679541666666668,9.99,13.99,11.96,0.3,,,,,,,,0,Southern Glazer's Wine & Spirits of MN,
MALIBU RUM PUNCH 25,089540536330,Liquor,Liter,12,PERNOD RICARD USA,Southern Wine & Spirits,,FEB|MAY|AUG|NOV,6.096208333333333,73.1545,125.92,13.99,7.96,0.28648974036850905,105.02,2026-04-01 00:00:00,,125.92,,616853,68.15450000000001,5.679541666666668,9.99,13.99,11.96,0.3,,,,,,,,0,Southern Glazer's Wine & Spirits of MN,
MALIBU RUM STRAWBERRY 42,89540540108,Liquor,750ml,12,PERNOD RICARD USA,Southern Wine & Spirits, ,FEB|MAY|AUG|NOV,11.127875000000003,133.53450000000004,176.4,18.99,14.96,0.2840101381461676,165.4,2026-04-01 00:00:00,,147.55,,958174,128.5345,10.711208333333333,17.99,,,0.3,,,,,,,,,Southern Glazer's Wine & Spirits of MN,
MALIBU RUM STRAWBERRY 42,089540540115,Liquor,Liter,12,PERNOD RICARD USA,Southern Wine & Spirits, ,FEB|MAY|AUG|NOV,12.634541666666669,151.61450000000002,194.4,20.99,16.96,0.27960642688679244,183.48,2026-04-01 00:00:00,,161.16,,958175,146.61450000000002,12.217875000000001,19.99,19.99,16.96,0.3,,,,,,,,11,Southern Glazer's Wine & Spirits of MN,
MALIBU RUM STRAWBERRY DAIQUIRI 25,089540536316,Liquor,Liter,12,PERNOD RICARD USA,Southern Wine & Spirits,,FEB|MAY|AUG|NOV,6.096208333333333,73.1545,125.92,13.99,7.96,0.28648974036850905,105.02,2026-04-01 00:00:00,,125.92,,613891,68.15450000000001,5.679541666666668,9.99,13.99,11.96,0.3,,,,,,,,0,Southern Glazer's Wine & Spirits of MN,
MALIBU RUM WATERMELON 42,89540535555,Liquor,750ml,12,PERNOD RICARD USA,Southern Wine & Spirits, ,FEB|MAY|AUG|NOV,11.127875000000003,133.53450000000004,176.4,18.99,14.96,0.2840101381461676,165.4,2026-04-01 00:00:00,,147.55,,981933,128.5345,10.711208333333333,17.99,,,0.3,,,,,,,,,Southern Glazer's Wine & Spirits of MN,
MALIBU RUM WATERMELON 42,089540535562,Liquor,Liter,12,PERNOD RICARD USA,Southern Wine & Spirits, ,FEB|MAY|AUG|NOV,12.634541666666669,151.61450000000002,194.4,20.99,16.96,0.27960642688679244,183.48,2026-04-01 00:00:00,,161.16,,974825,146.61450000000002,12.217875000000001,19.99,19.99,16.96,0.3,,,,,,,,18,Southern Glazer's Wine & Spirits of MN,
MARTELL BLUE SWIFT VSOP 80,080432110829,Liquor,750ml,12,PERNOD RICARD USA,Southern Wine & Spirits,,ALL,43.56666666666666,522.8,524.9,56.99,60.96,0.28532370953630803,522,2026-04-01 00:00:00,,522,,431217,522.8,43.56666666666666,72.99,56.99,0,0.3,,,,,,,,19,Southern Glazer's Wine & Spirits of MN,
MARTELL COGNAC VS 80,080432400814,Liquor,750ml,12,PERNOD RICARD USA,Southern Wine & Spirits,,ALL,26.37666666666667,316.52000000000004,354.9,37.99,36.96,0.2863455988455988,315.72,2026-04-01 00:00:00,,315.72,,513798,316.52000000000004,26.37666666666667,43.99,41.99,34.96,0.3,,,,,,,,18,Southern Glazer's Wine & Spirits of MN,
MARTELL COGNAC VSOP 80,080432400913,Liquor,750ml,12,PERNOD RICARD USA,Southern Wine & Spirits, ,ALL,35.30833333333333,423.7,422.9,45.99,48.96,0.27883306100217875,422.9,2026-04-01 00:00:00,,422.9,,523646,423.7,35.30833333333333,58.99,44.99,0,0.3,,,,,,,,8,Southern Glazer's Wine & Spirits of MN,
Midleton 2023 VR,080432000557,Liquor,700ml,3,Pernod Ricard,Southern Wine & Spirits,case 1,,260.25,780.75,780.75,337.99,363.96,0.28494889548302005,780.75,2026-04-01 00:00:00,,,,569282,780.75,260.25,436.99,379.99,0,0.3,,,,,,,,4,Southern Glazer's Wine & Spirits of MN,
Midleton Barry Crocket,080432000625,Liquor,700ml,3,Pernod Ricard,Southern Wine & Spirits,case 1,,372.67,1118.01,1118.01,483.99,521.96,0.2860180856770634,1118.01,2026-04-01 00:00:00,,,,580917,1118.01,372.67,625.99,499.99,0,0.3,,,,,,,,5,Southern Glazer's Wine & Spirits of MN,
MIDLETON IRISH 2022 VINT RLS 80,080432534175,Liquor,700ML,3,PERNOD RICARD USA,Southern Wine & Spirits, ,ALL,260.51666666666665,781.55,780.75,337.99,364.96,0.28617748063714743,780.75,2026-04-01 00:00:00,,780.75,,545448,781.55,260.51666666666665,437.99,299.99,274.96,0.3,,,,,,,,0,Southern Glazer's Wine & Spirits of MN,
MIDLETON IRISH BARRY CROCKETT 92,080432107560,Liquor,750ml,3,PERNOD RICARD USA,Southern Wine & Spirits, ,November|December|May|July,372.93666666666667,1118.81,1118.01,483.99,521.96,0.28550719084476467,1118.01,2026-04-01 00:00:00,,1118.01,,320689,1118.81,372.93666666666667,625.99,,,0.3,,,,,,,,,Southern Glazer's Wine & Spirits of MN,
Monkey 47 Gin,083089410359,Liquor,375ML,6,PERNOD RICARD USA,Southern Wine & Spirits, ,ALL,32.38333333333333,194.3,201.06,49.99,44.96,0.27973013048635825,193.5,2026-04-01 00:00:00,,193.5,,354341,194.3,32.38333333333333,53.99,44.99,0,0.5,,,,,,,,3,Southern Glazer's Wine & Spirits of MN,
Monkey 47 Gin,080432112908,Liquor,Liter,6,PERNOD RICARD USA,Southern Wine & Spirits, ,ALL,69.13333333333334,414.8,414,89.99,96.96,0.2869911991199119,414,2026-04-01 00:00:00,,414,,898141,414.8,69.13333333333334,115.99,81.99,74.96,0.3,,,,,,,,19,Southern Glazer's Wine & Spirits of MN,
Olmeca Altos Lime Margarita,080432000212,Liquor,750ml,6,PERNOD RICARD USA,Southern Wine & Spirits, ,ALL,11.383333333333333,68.3,112.5,23.99,15.96,0.2867585630743526,67.5,2026-04-01 00:00:00,,100.5,,551097,68.3,11.383333333333333,18.99,23.99,19.96,0.3,,,,,,,,11,Southern Glazer's Wine & Spirits of MN,
Olmeca Altos Strawberry Margarita,080432000533,Liquor,750ml,6,PERNOD RICARD USA,Southern Wine & Spirits, ,ALL,11.383333333333333,68.3,112.5,23.99,15.96,0.2867585630743526,67.5,2026-04-01 00:00:00,,100.5,,577370,68.3,11.383333333333333,18.99,,,0.3,,,,,,,,,Southern Glazer's Wine & Spirits of MN,
OLMECA ALTOS TEQ ANEJO 80,080432108611,Liquor,750ml,6,PERNOD RICARD USA,Southern Wine & Spirits, ,ALL,24.123333333333335,144.74,214.55,45.99,32.96,0.28832928802589,143.94,2026-04-01 00:00:00,,188.95,,355785,140.74,23.456666666666667,39.99,44.99,39.96,0.3,,,,,,,,7,Southern Glazer's Wine & Spirits of MN,
OLMECA ALTOS TEQ PLATA 80,080432106846,Liquor,750ml,6,PERNOD RICARD USA,Southern Wine & Spirits, ,ALL,17.375,104.25,152.95,32.99,22.96,0.27228513356562145,103.45,2026-04-01 00:00:00,,134.95,,298832,100.25,16.708333333333332,27.99,35.49,29.96,0.3,,,,,,,,24,Southern Glazer's Wine & Spirits of MN,
OLMECA ALTOS TEQ PLATA 80,080432108253,Liquor,1.75L,6,PERNOD RICARD USA,Southern Wine & Spirits, ,ALL,29.375,176.25,256.45,55.99,39.96,0.2815732399065733,175.45,2026-04-01 00:00:00,,238.45,,354157,172.25,28.708333333333332,47.99,59.99,49.96,0.3,,,,,,,,9,Southern Glazer's Wine & Spirits of MN,
OLMECA ALTOS TEQ REPOSADO 80,080432106853,Liquor,750ml,6,PERNOD RICARD USA,Southern Wine & Spirits, ,ALL,17.375,104.25,152.95,32.99,22.96,0.27228513356562145,103.45,2026-04-01 00:00:00,,134.95,,298831,100.25,16.708333333333332,27.99,35.49,29.96,0.3,,,,,,,,26,Southern Glazer's Wine & Spirits of MN,
OLMECA ALTOS TEQ REPOSADO 80,080432108291,Liquor,1.75L,6,PERNOD RICARD USA,Southern Wine & Spirits, ,ALL,29.375,176.25,256.45,55.99,39.96,0.2815732399065733,175.45,2026-04-01 00:00:00,,238.45,,354162,172.25,28.708333333333332,47.99,55.99,49.96,0.3,,,,,,,,6,Southern Glazer's Wine & Spirits of MN,
PERNOD ABSINTHE 136,080432104538,Liquor,750ml,6,PERNOD RICARD USA,Southern Wine & Spirits, ,ALL,60.13333333333333,360.8,360,77.99,83.96,0.28378592980784495,360,2026-04-01 00:00:00,,360,,324437,360.8,60.13333333333333,100.99,,,0.3,,,,,,,,,Southern Glazer's Wine & Spirits of MN,
PERNOD ANISE 80,080432291672,Liquor,750ml,12,PERNOD RICARD USA,Southern Wine & Spirits, ,ALL,24.816666666666666,297.8,297,31.99,34.96,0.2901411136536995,297,2026-04-01 00:00:00,,297,,23979,297.8,24.816666666666666,41.99,31.99,0,0.3,,,,,,,,13,Southern Glazer's Wine & Spirits of MN,
REDBREAST IRISH WHISKEY 12YR 80,080432586174,Liquor,750ml,6,PERNOD RICARD USA,Southern Wine & Spirits, ,ALL,48.88333333333333,293.3,417.5,89.99,67.96,0.2807043358838532,292.5,2026-04-01 00:00:00,,292.5,,86276,293.3,48.88333333333333,81.99,92.99,74.96,0.3,,,,,,,,31,Southern Glazer's Wine & Spirits of MN,
REDBREAST IRISH WHISKEY 15YR 92,080432106419,Liquor,750ml,6,PERNOD RICARD USA,Southern Wine & Spirits,,ALL,121.31333333333333,727.88,742.45,160.99,169.96,0.28622420961794937,727.08,2026-04-01 00:00:00,,742.45,,298674,727.88,121.31333333333333,203.99,159.99,139.96,0.3,,,,,,,,1,Southern Glazer's Wine & Spirits of MN,
REDBREAST IRISH WHISKEY 21YR 92,080432108321,Liquor,750ml,3,PERNOD RICARD USA,Southern Wine & Spirits, ,ALL,355.1266666666666,1065.3799999999999,1080,467.99,496.96,0.2854019102811763,1064.58,2026-04-01 00:00:00,,1064.58,,351379,1065.3799999999999,355.1266666666666,595.99,499.99,399.96,0.3,,,,,,,,4,Southern Glazer's Wine & Spirits of MN,
REDBREAST IRISH WHISKEY 27YR 106.2,80432115626,Liquor,750ml,3,PERNOD RICARD USA,Southern Wine & Spirits, ,ALL,795.2666666666668,2385.8,2385,1033.99,1112.96,0.2854490128426298,2385,2026-04-01 00:00:00,,2385,,550281,2385.8,795.2666666666668,1335.99,,,0.3,,,,,,,,,Southern Glazer's Wine & Spirits of MN,
REDBREAST IRISH WSKY LUSTAU ED 92,080432110751,Liquor,750ml,6,PERNOD RICARD USA,Southern Wine & Spirits, ,ALL,64.31333333333333,385.88,400.47,86.99,89.96,0.285089669482733,385.08,2026-04-01 00:00:00,,385.08,,417747,385.88,64.31333333333333,107.99,119.99,109.96,0.3,,,,,,,,0,Southern Glazer's Wine & Spirits of MN,
SEAGRAM TWISTED GIN LIME 70,080432401644,Liquor,1.75L,6,PERNOD RICARD USA,Southern Wine & Spirits, ,JAN|APR|JULY|OCT,15.108333333333333,90.64999999999999,105.85,22.99,20.96,0.27918256997455476,89.85,2026-04-01 00:00:00,,94.42,,77798,90.64999999999999,15.108333333333333,24.99,23.99,19.96,0.3,,,,,,,,37,Southern Glazer's Wine & Spirits of MN,
SEAGRAM TWISTED GIN LIME 70,080432401620,Liquor,Liter,12,PERNOD RICARD USA,Southern Wine & Spirits, ,JAN|APR|JULY|OCT,9.436666666666666,113.24,128.4,13.99,12.96,0.2718621399176956,112.44,2026-04-01 00:00:00,,117,,78815,113.24,9.436666666666666,15.99,14.99,12.96,0.3,,,,,,,,31,Southern Glazer's Wine & Spirits of MN,
SEAGRAM TWISTED GIN LIME 70,080432401583,Liquor,375ML,24,PERNOD RICARD USA,Southern Wine & Spirits,,ALL,4.080416666666666,97.92999999999999,114.55,6.99,5.96,0.31536633109619694,97.13,2026-04-01 00:00:00,,97.13,,373443,97.92999999999999,4.080416666666666,6.99,7.99,0,0.5,,,,,,,,0,Southern Glazer's Wine & Spirits of MN,
Seagrams Extra Dry Gin 200ml,080432401217,Liquor,200ml,48,PERNOD RICARD USA,Southern Wine & Spirits,,ALL,2.5785416666666667,123.77,138.75,3.99,3.96,0.34885311447811446,122.97,2026-04-01 00:00:00,,122.97,,10304,123.77,2.5785416666666667,4.99,4.99,0,0.5,,,,,,,,0,Southern Glazer's Wine & Spirits of MN,
Seagrams Extra Dry Gin 375ml,080432401224,Liquor,375ML,24,PERNOD RICARD USA,Southern Wine & Spirits,,ALL,4.080416666666666,97.92999999999999,114.55,6.99,5.96,0.31536633109619694,97.13,2026-04-01 00:00:00,,97.13,,624869,97.92999999999999,4.080416666666666,6.99,7.99,6.96,0.5,,,,,,,,77,Southern Glazer's Wine & Spirits of MN,
SEAGRAMS GIN EXTRA DRY 12/10PK PET,080432400012,Liquor,50ml,12,PERNOD RICARD USA,Southern Wine & Spirits, ,ALL,8.566666666666666,102.8,102,12.99,11.96,0.2837235228539577,102,2026-04-01 00:00:00,,102,,10305,102.8,8.566666666666666,13.99,1.99,0,0.5,,,,,,,,14,Southern Glazer's Wine & Spirits of MN,
SEAGRAMS GIN EXTRA DRY 80,080432401262,Liquor,1.75L,6,PERNOD RICARD USA,Southern Wine & Spirits, ,JAN|APR|JULY|OCT,15.108333333333333,90.64999999999999,105.85,22.99,20.96,0.27918256997455476,89.85,2026-04-01 00:00:00,,94.42,,10300,90.64999999999999,15.108333333333333,24.99,23.99,19.96,0.3,,,,,,,,31,Southern Glazer's Wine & Spirits of MN,
SEAGRAMS GIN EXTRA DRY 80,080432401255,Liquor,Liter,12,PERNOD RICARD USA,Southern Wine & Spirits, ,JAN|APR|JULY|OCT,9.436666666666666,113.24,128.4,13.99,12.96,0.2718621399176956,112.44,2026-04-01 00:00:00,,117,,373541,113.24,9.436666666666666,15.99,14.99,12.96,0.3,,,,,,,,74,Southern Glazer's Wine & Spirits of MN,
SEAGRAMS GIN EXTRA DRY 80,80432401231,Liquor,750ml,12,PERNOD RICARD USA,Southern Wine & Spirits, ,JAN|APR|JULY|OCT,7.870833333333334,94.45,109.7,11.99,10.96,0.28185827250608275,93.65,2026-04-01 00:00:00,,98.22,,10302,94.45,7.870833333333334,12.99,,,0.3,,,,,,,,,Southern Glazer's Wine & Spirits of MN,
SEAGRAMS GIN EXTRA DRY 80 PET,080432401248,Liquor,750ml,12,PERNOD RICARD USA,Southern Wine & Spirits, ,JAN|APR|JULY|OCT,7.870833333333334,94.45,109.7,11.99,10.96,0.28185827250608275,93.65,2026-04-01 00:00:00,,98.22,,60920,94.45,7.870833333333334,12.99,12.99,10.96,0.3,,,,,,,,28,Southern Glazer's Wine & Spirits of MN,
SKREWBALL WSKY PEANUT BUTTER 70,860265002443,Liquor,1L,6,PERNOD RICARD USA,Southern Wine & Spirits, ,ALL,20.713333333333335,124.28,162,34.99,27.96,0.28302336671435385,123.48,2026-04-01 00:00:00,,123.48,,529073,120.28,20.046666666666667,33.99,37.99,32.96,0.3,,,,,,,,27,Southern Glazer's Wine & Spirits of MN,
SKREWBALL WSKY PEANUT BUTTER 70,860265002405,Liquor,750ml,12,PERNOD RICARD USA,Southern Wine & Spirits, ,February|April|June|August|October|December,18.837500000000002,226.05,270.5,28.99,25.96,0.28720467385721626,225.25,2026-04-01 00:00:00,,261.6,,561798,222.05,18.504166666666666,30.99,29.99,24.96,0.3,,,,,,,,99,Southern Glazer's Wine & Spirits of MN,
SKREWBALL WSKY PEANUT BUTTER 70,860008141217,Liquor,1.75L,6,PERNOD RICARD USA,Southern Wine & Spirits,,February|April|June|August|October|December,36.63333333333333,219.8,228,48.99,50.96,0.28113553113553114,219,2026-04-01 00:00:00,,225,,614132,219.8,36.63333333333333,60.99,49.99,44.96,0.3,,,,,,,,0,Southern Glazer's Wine & Spirits of MN,
SKREWBALL WSKY PEANUT BUTTER 70 CAN,860008141200,Liquor,100ML,48,PERNOD RICARD USA,Southern Wine & Spirits, ,ALL,2.558333333333333,122.8,172.5,4.99,3.96,0.353956228956229,122,2026-04-01 00:00:00,,122,,578611,122.8,2.558333333333333,4.99,5.99,0,0.5,,,,,,,,0,Southern Glazer's Wine & Spirits of MN,
SKREWBALL WSKY PEANUT BUTTER 70 LSE,860265002429,Liquor,50ml,120,PERNOD RICARD USA,Southern Wine & Spirits, ,ALL,2.006666666666667,240.8,240,2.99,2.96,0.322072072072072,240,2026-04-01 00:00:00,,240,,606586,240.8,2.006666666666667,3.99,3.49,2.96,0.5,,,,,,,,185,Southern Glazer's Wine & Spirits of MN,
TX BLENDED WHISKEY 82,858379003005,Liquor,750ml,6,PERNOD RICARD USA,Southern Wine & Spirits, ,ALL,24.8,148.8,162,34.99,33.96,0.2893600314095013,148,2026-04-01 00:00:00,,148,,440742,144.8,24.133333333333336,40.99,38.99,32.96,0.3,,,,,,,,17,Southern Glazer's Wine & Spirits of MN,
TX STRAIGHT BOURBON 90,858379003029,Liquor,750ml,6,PERNOD RICARD USA,Southern Wine & Spirits, ,ALL,32.38333333333333,194.3,207,44.99,43.96,0.2785107673642705,193.5,2026-04-01 00:00:00,,193.5,,448385,190.3,31.71666666666667,52.99,44.99,39.96,0.3,,,,,,,,1,Southern Glazer's Wine & Spirits of MN,
1792 Bottled in Bond,088004027971,Liquor,750ml,6,SAZERAC COMPANY INC,Southern Wine & Spirits, ,ALL,30.133333333333336,180.8,180,38.99,41.96,0.2818557356212265,180,2026-05-01 00:00:00,,180,,899960,180.8,30.133333333333336,49.99,49.99,0,0.3,,,,,,,,0,Southern Glazer's Wine & Spirits of MN,
818 TEQ ANEJO 80,7503021376022,Liquor,750ml,6,818 SPIRITS/MHW LTD,Southern Wine & Spirits, ,JULY|AUG|OCT|DEC,32.598333333333336,195.59,283.52,60.99,45.96,0.2907238178125906,194.79,2026-05-01 00:00:00,,202.5,,511785,195.59,32.598333333333336,54.99,,,0.3,,,,,,,,,Southern Glazer's Wine & Spirits of MN,
818 TEQ BLANCO 80,195893687015,Liquor,750ml,6,818 SPIRITS/MHW LTD,Southern Wine & Spirits, ,JULY|AUG|OCT|DEC,18.883333333333333,113.3,135,28.99,25.96,0.27259887005649724,112.5,2026-05-01 00:00:00,,130.5,,511786,113.3,18.883333333333333,30.99,36.99,29.96,0.3,,,,,,,,52,Southern Glazer's Wine & Spirits of MN,
818 TEQ REPOSADO 80,195893031092,Liquor,750ml,6,818 SPIRITS/MHW LTD,Southern Wine & Spirits, ,JULY|AUG|OCT|DEC,22.633333333333336,135.8,166.5,35.99,31.96,0.2918231122236128,135,2026-05-01 00:00:00,,148.5,,511787,135.8,22.633333333333336,37.99,47.99,39.96,0.3,,,,,,,,11,Southern Glazer's Wine & Spirits of MN,
AMARULA CREAM LIQ 34,083300048729,Liquor,750ml,12,TERLATO WINES INTERNATIONAL,Southern Wine & Spirits,,ALL,19.566666666666666,234.8,264,28.99,26.96,0.2742334322453017,234,2026-05-01 00:00:00,,234,,200753,234.8,19.566666666666666,31.99,27.99,25.96,0.3,,,,,,,,42,Southern Glazer's Wine & Spirits of MN,
AMARULA VANILLA SPICE CREAM LIQ 31,763878002476,Liquor,750ml,12,TERLATO WINES INTERNATIONAL,Southern Wine & Spirits, ,ALL,21.150000000000002,253.8,264,28.99,29.96,0.2940587449933244,253,2026-05-01 00:00:00,,253,,540920,253.8,21.150000000000002,35.99,,,0.3,,,,,,,,,Southern Glazer's Wine & Spirits of MN,
Angostura 1919 Rum,075496667501,Liquor,750ml,6,TERLATO WINES INTERNATIONAL,Southern Wine & Spirits, ,ALL,37.63333333333333,225.8,230,49.99,52.96,0.28940080563947634,225,2026-05-01 00:00:00,,225,,417385,225.8,37.63333333333333,63.99,49.99,0,0.3,,,,,,,,0,Southern Glazer's Wine & Spirits of MN,
BALLANTINE SCOTCH FINEST 80,089540352817,Liquor,1.75L,6,SAZERAC COMPANY INC,Southern Wine & Spirits, ,ALL,19.383333333333333,116.3,115.5,24.99,26.96,0.2810336300692384,115.5,2026-05-01 00:00:00,,115.5,,9786,116.3,19.383333333333333,31.99,,,0.3,,,,,,,,,Southern Glazer's Wine & Spirits of MN,
BARTON VODKA 80,080660472638,Liquor,Liter,12,SAZERAC COMPANY INC,Southern Wine & Spirits, ,ALL,6.108333333333333,73.3,78,7.99,8.96,0.3182663690476191,72.5,2026-05-01 00:00:00,,72.5,,15206,73.3,6.108333333333333,10.99,9.99,8.96,0.3,,,,,,,,12,Southern Glazer's Wine & Spirits of MN,
BETTY BOOZE SPARK BBN APP GING SOUR CHERRY 6/4PK CAN,860009643130,Liquor,355ML,6,BETTY BOOZE/PARK STREET IMPORTS,Southern Wine & Spirits, ,ALL,8.383333333333333,50.3,81,17.99,11.96,0.29905239687848395,49.5,2026-05-01 00:00:00,,76.5,,626510,50.3,8.383333333333333,13.99,17.99,15.96,0.3,,,,,,,,0,Southern Glazer's Wine & Spirits of MN,
BETTY BOOZE SPARK TEQ LIME SHISO 6/4PK CAN,860009643147,Liquor,355ML,6,BETTY BOOZE/PARK STREET IMPORTS,Southern Wine & Spirits, ,ALL,8.383333333333333,50.3,81,17.99,11.96,0.29905239687848395,49.5,2026-05-01 00:00:00,,76.5,,626501,50.3,8.383333333333333,13.99,17.99,15.96,0.3,,,,,,,,0,Southern Glazer's Wine & Spirits of MN,
Betty Booze Sparking Tequila Oak Smoked Lemonade 4pk,860009643154,Liquor,4pk 12oz can,6,BETTY BOOZE/PARK STREET IMPORTS,Southern Wine & Spirits, ,ALL,8.383333333333333,50.3,81,17.99,11.96,0.29905239687848395,49.5,2026-05-01 00:00:00,,76.5,,626511,50.3,8.383333333333333,13.99,17.99,15.96,0.3,,,,,,,,0,Southern Glazer's Wine & Spirits of MN,
Betty Booze Sparkling Bourbon Oak Smoked Lemonade 4pk,860010299302,Liquor,4pk 12oz can,6,BETTY BOOZE/PARK STREET IMPORTS,Southern Wine & Spirits, ,ALL,8.383333333333333,50.3,81,17.99,11.96,0.29905239687848395,49.5,2026-05-01 00:00:00,,76.5,,626514,50.3,8.383333333333333,13.99,18.99,15.96,0.3,,,,,,,,7,Southern Glazer's Wine & Spirits of MN,
Betty Booze Sparkling Tequila Smoky Pineapple,860010299333,Liquor,4pk 12oz can,6,BETTY BOOZE/PARK STREET IMPORTS,Southern Wine & Spirits, ,ALL,8.383333333333333,50.3,81,17.99,11.96,0.29905239687848395,49.5,2026-05-01 00:00:00,,76.5,,626516,50.3,8.383333333333333,13.99,18.99,15.96,0.3,,,,,,,,12,Southern Glazer's Wine & Spirits of MN,
Betty Booze Sparkling Tequila Variety Pack 6pk,860010299357,Liquor,6pk 12oz can,4,ROUND 2 SPIRITS LLC,Southern Wine & Spirits, ,ALL,12.575,50.3,81,25.99,17.96,0.2998329621380847,49.5,2026-05-01 00:00:00,,76.5,,626623,50.3,12.575,21.99,26.99,22.96,0.3,,,,,,,,5,Southern Glazer's Wine & Spirits of MN,
BLACK IRISH IRISH CREAM 34,87752029084,Liquor,750ml,12,ROYAL WINE CORPORATION,Southern Wine & Spirits, ,ALL,17.316666666666666,207.8,254,27.99,23.96,0.27726766833611577,207,2026-05-01 00:00:00,,252,,516087,207.8,17.316666666666666,28.99,,,0.3,,,,,,,,,Southern Glazer's Wine & Spirits of MN,
BLACK IRISH IRISH CREAM CARMEL 34,87752029145,Liquor,750ml,12,ROYAL WINE CORPORATION,Southern Wine & Spirits, ,ALL,17.316666666666666,207.8,254,27.99,23.96,0.27726766833611577,207,2026-05-01 00:00:00,,252,,516088,207.8,17.316666666666666,28.99,,,0.3,,,,,,,,,Southern Glazer's Wine & Spirits of MN,
BLACK IRISH IRISH CREAM WHT CHOC34,87752029114,Liquor,750ml,12,ROYAL WINE CORPORATION,Southern Wine & Spirits, ,ALL,17.316666666666666,207.8,254,27.99,23.96,0.27726766833611577,207,2026-05-01 00:00:00,,252,,516090,207.8,17.316666666666666,28.99,,,0.3,,,,,,,,,Southern Glazer's Wine & Spirits of MN,
BUNNAHABHAIN SCO SMALT 12YR 92.6,758371130818,Liquor,750ml,6,TERLATO WINES INTERNATIONAL,Southern Wine & Spirits, ,ALL,60.13333333333333,360.8,375,80.99,83.96,0.28378592980784495,360,2026-05-01 00:00:00,,360,,306422,360.8,60.13333333333333,100.99,,,0.3,,,,,,,,,Southern Glazer's Wine & Spirits of MN,
CASTILLO RUM GOLD 80,080480075309,Liquor,Liter,12,BACARDI USA INC,Southern Wine & Spirits,,ALL,7.733333333333333,92.8,97,10.99,10.96,0.29440389294403896,92,2026-05-01 00:00:00,,92,,28765,92.8,7.733333333333333,12.99,,,0.3,,,,,,,,,Southern Glazer's Wine & Spirits of MN,
CASTILLO RUM GOLD 80 PET,080480075200,Liquor,1.75L,6,BACARDI USA INC,Southern Wine & Spirits,,ALL,15.126666666666665,90.75999999999999,92.21,19.99,20.96,0.27830788804071255,89.96,2026-05-01 00:00:00,,89.96,,470742,90.75999999999999,15.126666666666665,24.99,,,0.3,,,,,,,,,Southern Glazer's Wine & Spirits of MN,
CASTILLO RUM SILVER 80,080480065300,Liquor,Liter,12,BACARDI USA INC,Southern Wine & Spirits,,ALL,7.733333333333333,92.8,97,10.99,10.96,0.29440389294403896,92,2026-05-01 00:00:00,,92,,28768,92.8,7.733333333333333,12.99,11.49,9.96,0.3,,,,,,,,49,Southern Glazer's Wine & Spirits of MN,
CASTILLO RUM SILVER 80 PET,080480065201,Liquor,1.75L,6,BACARDI USA INC,Southern Wine & Spirits,,ALL,15.126666666666665,90.75999999999999,92.21,19.99,20.96,0.27830788804071255,89.96,2026-05-01 00:00:00,,89.96,,470750,90.75999999999999,15.126666666666665,24.99,19.99,0,0.3,,,,,,,,0,Southern Glazer's Wine & Spirits of MN,
CHICA CHIDA AGAVE PEANUT BUT64 12P,791126147327,Liquor,50ml,120,CHICA CHIDA/MHW LTD,Southern Wine & Spirits, ,All,1,120,119.2,0.99,0.96,-0.041666666666666706,119.2,2026-05-01 00:00:00,,119.2,,655632,120,1,0.99,2.49,1.96,0.5,,,,,,,,441.4,Southern Glazer's Wine & Spirits of MN,
CHOPIN VOD POTATO BLACK 80,852935001153,Liquor,750ml,6,CHOPIN IMPORTS/MHW LTD,Southern Wine & Spirits,,JAN|MAR|MAY|JULY|AUG|OCT|DEC,22.633333333333336,135.8,152.5,32.99,31.96,0.2918231122236128,135,2026-05-01 00:00:00,,135,,482219,135.8,22.633333333333336,37.99,33.49,27.96,0.3,,,,,,,,14,Southern Glazer's Wine & Spirits of MN,
CHOPIN VODKA RYE RED 80,852935001085,Liquor,750ml,6,CHOPIN IMPORTS/MHW LTD,Southern Wine & Spirits,,JAN|MAR|MAY|JULY|AUG|OCT|DEC,22.633333333333336,135.8,152.5,32.99,31.96,0.2918231122236128,135,2026-05-01 00:00:00,,135,,935845,135.8,22.633333333333336,37.99,29.99,0,0.3,,,,,,,,6,Southern Glazer's Wine & Spirits of MN,
CHOPIN VODKA WHEAT 80,852935001221,Liquor,750ml,6,CHOPIN IMPORTS/MHW LTD,Southern Wine & Spirits,,JAN|MAR|MAY|JULY|AUG|OCT|DEC,22.633333333333336,135.8,152.5,32.99,31.96,0.2918231122236128,135,2026-05-01 00:00:00,,135,,935834,135.8,22.633333333333336,37.99,29.99,0,0.3,,,,,,,,0,Southern Glazer's Wine & Spirits of MN,
Dekuyper Blue Curacao Liter,080686316015,Liquor,Liter,12,,Southern Wine & Spirits,,ALL,8.4625,101.55,109.75,11.99,11.96,0.292433110367893,100.75,2026-05-01 00:00:00,,100.75,,157604,101.55,8.4625,13.99,13.99,11.96,0.3,,,,,,,,81,Southern Glazer's Wine & Spirits of MN,
DEKUYPER CREME DE COCOA WHITE 48,080686321033,Liquor,1L,12,JIM BEAM BRANDS CO,Southern Wine & Spirits,,ALL,8.4625,101.55,109.75,11.99,11.96,0.292433110367893,100.75,2026-05-01 00:00:00,,100.75,,229667,101.55,8.4625,13.99,13.79,11.96,0.3,,,,,,,,78,Southern Glazer's Wine & Spirits of MN,
Dorda Double Chocolate 750ml,852935001337,Liquor,750ml,6, ,Southern Wine & Spirits, ,ALL,20.383333333333333,122.3,135,28.99,28.96,0.2961556169429098,121.5,2026-05-01 00:00:00,,121.5,,10140,122.3,20.383333333333333,34.99,29.99,24.96,0.3,,,,,,,,0,Southern Glazer's Wine & Spirits of MN,
DORDA SEA SALT CARAMEL LIQ 36,852935001702,Liquor,750ml,6,CHOPIN IMPORTS/MHW LTD,Southern Wine & Spirits, ,ALL,20.383333333333333,122.3,135,28.99,28.96,0.2961556169429098,121.5,2026-05-01 00:00:00,,121.5,,895527,122.3,20.383333333333333,34.99,29.99,24.96,0.3,,,,,,,,12,Southern Glazer's Wine & Spirits of MN,
FLEISCHMANNS VODKA 80 PET,082928214356,Liquor,750ml,12,SAZERAC COMPANY INC,Southern Wine & Spirits, ,ALL,4.566666666666666,54.8,68,6.99,5.96,0.23378076062639824,54,2026-05-01 00:00:00,,54,,21918,54.8,4.566666666666666,6.99,8.99,7.96,0.3,,,,,,,,78,Southern Glazer's Wine & Spirits of MN,
FLEISCHMANNS VODKA 80 PET,082928214318,Liquor,1.75L,6,SAZERAC COMPANY INC,Southern Wine & Spirits,,ALL,9.133333333333333,54.8,62,12.99,12.96,0.29526748971193423,54,2026-05-01 00:00:00,,54,,11132,54.8,9.133333333333333,15.99,15.99,13.96,0.3,,,,,,,,47,Southern Glazer's Wine & Spirits of MN,
GIN&JUICE CKTL A(PF/MLN/A/CIT)CN8P,850057569186,Liquor,355ML,3,DEFIANT ONES/PARK STREET IMPOR,Southern Wine & Spirits, ,JULY|AUG||OCT|DEC,12.863333333333332,38.589999999999996,76.5,32.99,17.96,0.28377876763177445,37.79,2026-05-01 00:00:00,,67.45,,619491,38.589999999999996,12.863333333333332,21.99,,,0.3,,,,,,,,,Southern Glazer's Wine & Spirits of MN,
High West Bourbon 1.75L,086003267190,Liquor,1.75L,3,Constellation,Southern Wine & Spirits, ,ALL,84.24666666666667,252.74,293,126.99,117.96,0.2858030970950604,251.94,2026-05-01 00:00:00,,251.94,,534415,252.74,84.24666666666667,141.99,59.99,49.96,0.3,,,,,,,,34,Southern Glazer's Wine & Spirits of MN,
HIGH WEST CKTL OLD FASHIONED 86,086003267107,Liquor,750ml,6,CONSTELLATION BRANDS,Southern Wine & Spirits,,February|May|August|November,23.46666666666667,140.8,157.44,33.99,32.96,0.2880258899676375,140,2026-05-01 00:00:00,,157.43,,979485,140.8,23.46666666666667,39.99,31.99,25.96,0.3,,,,,,,,46,Southern Glazer's Wine & Spirits of MN,
High West Double Rye 1.75L,086003267206,Liquor,1.75L,6,CONSTELLATION BRANDS,Southern Wine & Spirits, ,ALL,42.123333333333335,252.74,293,62.99,58.96,0.28556083220262324,251.94,2026-05-01 00:00:00,,251.94,,534414,252.74,42.123333333333335,70.99,63.99,45.96,0.3,,,,,,,,0,Southern Glazer's Wine & Spirits of MN,
HIGH WEST MANHATTAN 750ML,086003267121,Liquor,750ml,6,CONSTELLATION BRANDS,Southern Wine & Spirits, ,February|May|August|November,23.46666666666667,140.8,157.44,33.99,32.96,0.2880258899676375,140,2026-05-01 00:00:00,,157.43,,979489,140.8,23.46666666666667,39.99,29.99,24.96,0.3,,,,,,,,25,Southern Glazer's Wine & Spirits of MN,
HIGH WEST WSKY DOUBLE RYE 92,854396005008,Liquor,750ml,6,CONSTELLATION BRANDS,Southern Wine & Spirits,,February|May|August|November,23.46666666666667,140.8,157.44,33.99,32.96,0.2880258899676375,140,2026-05-01 00:00:00,,157.43,,443185,140.8,23.46666666666667,39.99,31.99,25.96,0.3,,,,,,,,56,Southern Glazer's Wine & Spirits of MN,
HOCHSTADTERS SLOW&LOW ROCK&RYE 84,898804009004,Liquor,750ml,6,COOPER SPIRITS INTERNATIONAL,Southern Wine & Spirits, ,ALL,18.883333333333333,113.3,126,26.99,25.96,0.27259887005649724,112.5,2026-05-01 00:00:00,,112.5,,340086,113.3,18.883333333333333,30.99,26.99,22.96,0.3,,,,,,,,31,Southern Glazer's Wine & Spirits of MN,
HOCHSTADTERS SLOW&LOW ROCK&RYE CAN,898804009066,Liquor,100ML,24,COOPER SPIRITS INTERNATIONAL,Southern Wine & Spirits, ,ALL,3.6016666666666666,86.44,95.85,5.99,4.96,0.27385752688172044,85.64,2026-05-01 00:00:00,,85.64,,434704,86.44,3.6016666666666666,5.99,6.49,5.96,0.5,,,,,,,,117,Southern Glazer's Wine & Spirits of MN,
LUXARDO MARASCHINO 64,086891026237,Liquor,750ml,6,HOTALING & CO LLC DBA ANCHOR D,Southern Wine & Spirits, ,ALL,28.633333333333336,171.8,189,40.99,39.96,0.28345011678345006,171,2026-05-01 00:00:00,,171,,17257,171.8,28.633333333333336,47.99,41.99,34.96,0.3,,,,,,,,69,Southern Glazer's Wine & Spirits of MN,
MI CAMPO CKTL MANGO MULE 35.2,086003272040,Liquor,375ML,12,CONSTELLATION BRANDS,Southern Wine & Spirits, ,ALL,6.066666666666666,72.8,120,14.99,7.96,0.23785594639866,72,2026-05-01 00:00:00,,72,,573290,72.8,6.066666666666666,9.99,14.99,12.96,0.5,,,,,,,,60,Southern Glazer's Wine & Spirits of MN,
MI CAMPO CKTL MARG SPICY JALAP45.6,086003272057,Liquor,375ML,12,CONSTELLATION BRANDS,Southern Wine & Spirits, ,ALL,6.066666666666666,72.8,120,14.99,7.96,0.23785594639866,72,2026-05-01 00:00:00,,72,,573288,72.8,6.066666666666666,9.99,14.99,12.96,0.5,,,,,,,,87,Southern Glazer's Wine & Spirits of MN,
MI CAMPO TEQ BLANCO 80,086003272033,Liquor,750ml,12,CONSTELLATION BRANDS,Southern Wine & Spirits, ,FEB|MAY|AUG|NOV,15.066666666666668,180.8,261,27.99,20.96,0.28117048346055973,234,2026-05-01 00:00:00,,234,,921563,180.8,15.066666666666668,24.99,23.99,19.96,0.3,,,,,,,,132,Southern Glazer's Wine & Spirits of MN,
MI CAMPO TEQ REPOSADO 80,086003272071,liquor,375 mL,12,Constellation,Southern Wine & Spirits,,All,4.216666666666666,50.599999999999994,117,12.99,5.96,0.29250559284116345,120,2026-05-01 00:00:00,,120,,586933,50.599999999999994,4.216666666666666,6.99,14.99,12.96,0.3,,,,,,,,48,Southern Glazer's Wine & Spirits of MN,
MI CAMPO TEQ REPOSADO 80,086003272019,Liquor,750ml,12,CONSTELLATION BRANDS,Southern Wine & Spirits, ,ALL,15.216666666666669,182.60000000000002,270,28.99,20.96,0.2740139949109414,252,2026-05-01 00:00:00,,252,,921560,182.60000000000002,15.216666666666669,24.99,23.99,19.96,0.3,,,,,,,,201,Southern Glazer's Wine & Spirits of MN,
MI CAMPO TEQ REPOSADO 80,086003272002,Liquor,Liter,6,CONSTELLATION BRANDS,Southern Wine & Spirits, ,ALL,20.133333333333333,120.8,144,30.99,27.96,0.27992370052455895,120,2026-05-01 00:00:00,,120,,921562,120.8,20.133333333333333,33.99,29.99,24.96,0.3,,,,,,,,58.0002,Southern Glazer's Wine & Spirits of MN,
MR BOSTON BRANDY FIVE STAR 80,089000003211,Liquor,1.75L,6,SAZERAC COMPANY INC,Southern Wine & Spirits,,ALL,12.051666666666668,72.31,82,17.99,16.96,0.2894064465408805,71.51,2026-05-01 00:00:00,,71.51,,151747,72.31,12.051666666666668,19.99,18.99,15.96,0.3,,,,,,,,39,Southern Glazer's Wine & Spirits of MN,
MR BOSTON BRANDY FIVE STAR 80,089000013081,Liquor,Liter,12,SAZERAC COMPANY INC,Southern Wine & Spirits,,ALL,7.1925,86.31,86.95,8.99,9.96,0.2778614457831326,85.51,2026-05-01 00:00:00,,85.51,,86215,86.31,7.1925,11.99,9.99,0,0.3,,,,,,,,0,Southern Glazer's Wine & Spirits of MN,
MR BOSTON TRIPLE SEC 30,089000018710,Liquor,Liter,12,SAZERAC COMPANY INC,Southern Wine & Spirits, ,ALL,5.316666666666666,63.8,63,6.99,6.96,0.23611111111111113,63,2026-05-01 00:00:00,,63,,86230,63.8,5.316666666666666,7.99,,,0.3,,,,,,,,,Southern Glazer's Wine & Spirits of MN,
OCEAN VODKA 80 ROUND            HS,856695001057,Liquor,375ML,12,HAWAII SEA SPIRITS LLC,Southern Wine & Spirits, ,ALL,12.816666666666668,153.8,153,18.99,17.96,0.28637713437268,153,2026-05-01 00:00:00,,153,,372026,153.8,12.816666666666668,21.99,,,0.5,,,,,,,,,Southern Glazer's Wine & Spirits of MN,
OCEAN VODKA 80 ROUND            HS,856695001002,Liquor,750ml,6,HAWAII SEA SPIRITS LLC,Southern Wine & Spirits, ,ALL,18.8,112.8,162.5,34.99,25.96,0.275808936825886,112,2026-05-01 00:00:00,,112,,372020,112.8,18.8,30.99,33.99,27.96,0.3,,,,,,,,2,Southern Glazer's Wine & Spirits of MN,
OLD ELK BBN BLENDED STRAIGHT 88,852045007014,Liquor,750ml,6,OLD ELK DISTILLERIES LLC,Southern Wine & Spirits, ,ALL,29.383333333333336,176.3,264,56.99,40.96,0.28263346354166663,175.5,2026-05-01 00:00:00,,249,,896681,176.3,29.383333333333336,48.99,59.99,49.96,0.3,,,,,,,,21,Southern Glazer's Wine & Spirits of MN,
PATRON TEQ SILVER 80,721733000234,Liquor,50ml,72,BACARDI USA INC,Southern Wine & Spirits, ,ALL,3.9812500000000006,286.65000000000003,299.82,5.99,5.96,0.33200503355704686,285.85,2026-05-01 00:00:00,,285.85,,565987,286.65000000000003,3.9812500000000006,6.99,6.99,0,0.5,,,,,,,,427,Southern Glazer's Wine & Spirits of MN,
RUSSELLS RSV BBN 10YR 90,721059957502,Liquor,750ml,6,CAMPARI AMERICA,Southern Wine & Spirits, ,ALL,32.37666666666667,194.26000000000002,202.5,43.99,44.96,0.27987841043890854,193.46,2026-05-01 00:00:00,,202.49,,323574,194.26000000000002,32.37666666666667,53.99,45.99,39.96,0.3,,,,,,,,42,Southern Glazer's Wine & Spirits of MN,
SIPSMITH LONDON DRY GIN 83.2,720815270039,Liquor,750ml,6,JIM BEAM BRANDS CO,Southern Wine & Spirits, ,ALL,22.633333333333336,135.8,150,32.99,31.96,0.2918231122236128,135,2026-05-01 00:00:00,,135,,408090,135.8,22.633333333333336,37.99,33.49,27.96,0.3,,,,,,,,11,Southern Glazer's Wine & Spirits of MN,
SIPSMITH LONDON DRY GIN VJOP 115.4,720815270138,Liquor,750ml,6,JIM BEAM BRANDS CO,Southern Wine & Spirits, ,ALL,34.63333333333333,207.8,220,47.99,47.96,0.2778704475952183,207,2026-05-01 00:00:00,,207,,408094,207.8,34.63333333333333,57.99,39.99,0,0.3,,,,,,,,0,Southern Glazer's Wine & Spirits of MN,
St Germain Elderflower Liqueur 750ml,080480007379,Liquor,750ml,6,BACARDI USA INC,Southern Wine & Spirits, ,FEB|MAY|JULY|SEPT|NOV,21.99,131.94,160.5,34.99,30.96,0.2897286821705427,131.14,2026-05-01 00:00:00,,131.14,,175921,131.94,21.99,36.99,35.49,29.96,0.3,,,,,,,,102,Southern Glazer's Wine & Spirits of MN,
SUGARLANDS LIQ CRM BANANA 40,811559020360,Liquor,750ml,6,SUGARLANDS DISTILLING COMPANY,Southern Wine & Spirits,,ALL,14.508333333333333,87.05,109.5,23.99,19.96,0.2731295925183701,86.25,2026-05-01 00:00:00,,103.5,,971164,87.05,14.508333333333333,23.99,,,0.3,,,,,,,,,Southern Glazer's Wine & Spirits of MN,
SUGARLANDS LIQ CRM BUTTER PECAN 40,811559022326,Liquor,750ml,6,SUGARLANDS DISTILLING COMPANY,Southern Wine & Spirits,,ALL,14.508333333333333,87.05,109.5,23.99,19.96,0.2731295925183701,86.25,2026-05-01 00:00:00,,103.5,,451459,87.05,14.508333333333333,23.99,,,0.3,,,,,,,,,Southern Glazer's Wine & Spirits of MN,
SUGARLANDS LIQ CRM DARK CHOCOLAT40,811559021664,Liquor,750ml,6,SUGARLANDS DISTILLING COMPANY,Southern Wine & Spirits,,ALL,14.508333333333333,87.05,109.5,23.99,19.96,0.2731295925183701,86.25,2026-05-01 00:00:00,,103.5,,451457,87.05,14.508333333333333,23.99,,,0.3,,,,,,,,,Southern Glazer's Wine & Spirits of MN,
SUGARLANDS LIQ CRM ELECTRIC OR 40,811559028762,Liquor,750ml,6,SUGARLANDS DISTILLING COMPANY,Southern Wine & Spirits,,ALL,14.508333333333333,87.05,109.5,23.99,19.96,0.2731295925183701,86.25,2026-05-01 00:00:00,,103.5,,952592,87.05,14.508333333333333,23.99,,,0.3,,,,,,,,,Southern Glazer's Wine & Spirits of MN,
SUGARLANDS LIQ CRM STWBRY DREAM 40,811559020070,Liquor,750ml,6,SUGARLANDS DISTILLING COMPANY,Southern Wine & Spirits,,ALL,14.508333333333333,87.05,109.5,23.99,19.96,0.2731295925183701,86.25,2026-05-01 00:00:00,,103.5,,918528,87.05,14.508333333333333,23.99,,,0.3,,,,,,,,,Southern Glazer's Wine & Spirits of MN,
SUGARLANDS SHINE BLUEBERRY MUFF 70,811559028946,Liquor,750ml,6,SUGARLANDS DISTILLING COMPANY,Southern Wine & Spirits,,ALL,14.508333333333333,87.05,109.5,23.99,19.96,0.2731295925183701,86.25,2026-05-01 00:00:00,,103.5,,432734,87.05,14.508333333333333,23.99,,,0.3,,,,,,,,,Southern Glazer's Wine & Spirits of MN,
SUGARLANDS SHINE BUTTERSCOTCH 40,811559020063,Liquor,750ml,6,SUGARLANDS DISTILLING COMPANY,Southern Wine & Spirits,,ALL,14.508333333333333,87.05,109.5,23.99,19.96,0.2731295925183701,86.25,2026-05-01 00:00:00,,103.5,,364673,87.05,14.508333333333333,23.99,,,0.3,,,,,,,,,Southern Glazer's Wine & Spirits of MN,
SUGARLANDS SHINE HAZELNUT RUM 80,811559026454,Liquor,750ml,6,SUGARLANDS DISTILLING COMPANY,Southern Wine & Spirits,,ALL,14.508333333333333,87.05,109.5,23.99,19.96,0.2731295925183701,86.25,2026-05-01 00:00:00,,103.5,,469353,87.05,14.508333333333333,23.99,,,0.3,,,,,,,,,Southern Glazer's Wine & Spirits of MN,
SUGARLANDS SHINE M ROGERS PEACH 70,811559027338,Liquor,750ml,6,SUGARLANDS DISTILLING COMPANY,Southern Wine & Spirits,,ALL,14.508333333333333,87.05,109.5,23.99,19.96,0.2731295925183701,86.25,2026-05-01 00:00:00,,103.5,,381867,87.05,14.508333333333333,23.99,,,0.3,,,,,,,,,Southern Glazer's Wine & Spirits of MN,
SUGARLANDS SHINE MAPLE BACON 70,811559026072,Liquor,750ml,6,SUGARLANDS DISTILLING COMPANY,Southern Wine & Spirits,,ALL,14.508333333333333,87.05,109.5,23.99,19.96,0.2731295925183701,86.25,2026-05-01 00:00:00,,103.5,,956601,87.05,14.508333333333333,23.99,,,0.3,,,,,,,,,Southern Glazer's Wine & Spirits of MN,
SUGARLANDS SHINE P BUTTER&JELLY 70,811559027345,Liquor,750ml,6,SUGARLANDS DISTILLING COMPANY,Southern Wine & Spirits,,ALL,14.508333333333333,87.05,109.5,23.99,19.96,0.2731295925183701,86.25,2026-05-01 00:00:00,,103.5,,432732,87.05,14.508333333333333,23.99,,,0.3,,,,,,,,,Southern Glazer's Wine & Spirits of MN,
SUGARLANDS SHINE PRE SHOW PUNCH 50,811559020087,Liquor,750ml,6,SUGARLANDS DISTILLING COMPANY,Southern Wine & Spirits,,ALL,14.508333333333333,87.05,109.5,23.99,19.96,0.2731295925183701,86.25,2026-05-01 00:00:00,,103.5,,935240,87.05,14.508333333333333,23.99,,,0.3,,,,,,,,,Southern Glazer's Wine & Spirits of MN,
SUGARLANDS SHINE ROOT BEER 70,811559021169,Liquor,750ml,6,SUGARLANDS DISTILLING COMPANY,Southern Wine & Spirits,,ALL,14.508333333333333,87.05,109.5,23.99,19.96,0.2731295925183701,86.25,2026-05-01 00:00:00,,103.5,,411815,87.05,14.508333333333333,23.99,,,0.3,,,,,,,,,Southern Glazer's Wine & Spirits of MN,
SUGARLANDS SHINE RYDER CUP LMNDE40,811559020513,Liquor,750ml,6,SUGARLANDS DISTILLING COMPANY,Southern Wine & Spirits,,ALL,14.508333333333333,87.05,109.5,23.99,19.96,0.2731295925183701,86.25,2026-05-01 00:00:00,,103.5,,994643,87.05,14.508333333333333,23.99,,,0.3,,,,,,,,,Southern Glazer's Wine & Spirits of MN,
SUGARLANDS SHINE RYE APPLE 80,811559020025,Liquor,750ml,6,SUGARLANDS DISTILLING COMPANY,Southern Wine & Spirits,,ALL,14.508333333333333,87.05,109.5,23.99,19.96,0.2731295925183701,86.25,2026-05-01 00:00:00,,103.5,,409256,87.05,14.508333333333333,23.99,,,0.3,,,,,,,,,Southern Glazer's Wine & Spirits of MN,
SUGARLANDS SHINE TICKLES CINNAMN70,811559027321,Liquor,750ml,6,SUGARLANDS DISTILLING COMPANY,Southern Wine & Spirits,,ALL,14.508333333333333,87.05,109.5,23.99,19.96,0.2731295925183701,86.25,2026-05-01 00:00:00,,103.5,,381866,87.05,14.508333333333333,23.99,,,0.3,,,,,,,,,Southern Glazer's Wine & Spirits of MN,
SVEDKA VOD CUCUMBER LIME 70,617768161371,Liquor,375ML,24,CONSTELLATION BRANDS,Southern Wine & Spirits,"1 on 4, free 80pf 375ml (200ml + 375ml mix)",ALL,3.2449999999999997,77.88,112.43,6.99,4.96,0.3457661290322581,96.35,2026-05-01 00:00:00,,104.5,,406436,77.88,3.2449999999999997,5.99,7.99,6.96,0.5,,,,,,,,0,Southern Glazer's Wine & Spirits of MN,
SVEDKA VOD PEACH 70 PET,617768171202,Liquor,200ml,24,CONSTELLATION BRANDS,Southern Wine & Spirits,"1 on 4, free 80pf 375ml (200ml + 375ml mix)",ALL,0.6971875000000002,16.732500000000005,80.27,4.99,0.96,0.2737630208333331,40.02,2026-05-01 00:00:00,,40.02,,928010,16.732500000000005,0.6971875000000002,0.99,,,0.5,,,,,,,,,Southern Glazer's Wine & Spirits of MN,
SVEDKA VOD STRAWBERRY LEMONADE 70,617768141373,Liquor,375ML,24,CONSTELLATION BRANDS,Southern Wine & Spirits,"1 on 4, free 80pf 375ml (200ml + 375ml mix)",ALL,3.2449999999999997,77.88,112.43,6.99,4.96,0.3457661290322581,96.35,2026-05-01 00:00:00,,104.5,,528768,77.88,3.2449999999999997,5.99,7.99,6.96,0.5,,,,,,,,2,Southern Glazer's Wine & Spirits of MN,
SVEDKA VODKA 80 PET,617768112007,Liquor,200ml,48,CONSTELLATION BRANDS,Southern Wine & Spirits,"1 on 4, free 80pf 375ml (200ml + 375ml mix)",ALL,1.1815104166666666,56.7125,160,4.99,1.96,0.39718856292517013,80,2026-05-01 00:00:00,,80,,686752,56.7125,1.1815104166666666,1.99,4.49,3.96,0.5,,,,,,,,437,Southern Glazer's Wine & Spirits of MN,
TEELING IRISH WSKY SMALL BATCH 92,720815280038,Liquor,750ml,6,BACARDI USA INC,Southern Wine & Spirits, ,FEBRUARY|MARCH|MAY|JULY|SEPTEMBER|NOVEMBER,21.50166666666667,129.01000000000002,194.95,41.99,29.96,0.28232087227414326,128.21,2026-05-01 00:00:00,,128.21,,358164,129.01000000000002,21.50166666666667,35.99,33.99,27.96,0.3,,,,,,,,35,Southern Glazer's Wine & Spirits of MN,
Coquerel Calvados Fine ,3559621710333,Liquor,750ml,6,Winebow,Winebow (Grape Beginnings),,ALL,23.5,141,150,32.99,32.96,0.28701456310679613,141,2026-06-01 00:00:00,,141,,30312737,141,23.5,38.99,38.99,32.96,0.3,,,,,,,,2,"Grape Beginnings, Inc.",
Coquerel VSOP Calvados,3559631710319,Liquor,700ml,6,Winebow,Winebow (Grape Beginnings),,ALL,33,198,210,45.99,45.96,0.2819843342036554,198,2026-06-01 00:00:00,,198,,30204255,198,33,53.99,,,0.3,,,,,,,,,"Grape Beginnings, Inc.",June 1 Update
El Buho Mezcal,736211630582,Liquor,750ml,6,El Buho,Winebow (Grape Beginnings),,ALL,35,210,219,46.99,48.96,0.28513071895424835,210,2026-06-01 00:00:00,,210,,30098495,210,35,57.99,57.99,48.96,0.3,,,,,,,,2,"Grape Beginnings, Inc.",June 1 Update
Paranubes Oaxaca Rum,856847004455,Liquor,Liter,6,,Winebow (Grape Beginnings),,ALL,37,222,234,50.99,51.96,0.287913779830639,222,2026-06-01 00:00:00,,222,,30196799,222,37,60.99,60.99,51.96,0.3,,,,,,,,1,"Grape Beginnings, Inc.",June 1 Update
Pitu Rum Cachaca,073811115003,Liquor,Liter,12,,Winebow (Grape Beginnings),,ALL,18.083333333333332,217,231,24.99,24.96,0.2755074786324787,217,2026-06-01 00:00:00,,217,,2652006,217,18.083333333333332,28.99,,,0.3,,,,,,,,,"Grape Beginnings, Inc.",June 1 Update
Ten to One Dark Rum,051497029661,Liquor,750ml,6,Ten to One,Winebow (Grape Beginnings),,ALL,34,204,210,45.99,47.96,0.2910758965804838,204,2026-06-01 00:00:00,,204,,30375625,204,34,56.99,56.99,47.96,0.3,,,,,,,,4,"Grape Beginnings, Inc.",June 1 Update
Merrys Irish Cream,665203200628,Liquor,1.75L,6,Prestige,Johnson Brothers Liquor Co,1 free on 5 mix and match sizes.  750 original free goods,ALL,34,204,210,45.99,43.96,0.22656960873521384,204,2026-06-01 00:00:00,,204,,000023499,204,34,51.99,51.99,43.96,0.3,,,,,,,,1,Johnson Brothers - St. Paul,June 1 Update
Merrys Irish Cream,665203200604,Liquor,750ml,12,Prestige,Johnson Brothers Liquor Co,1 free on 5 mix and match sizes.  750 original free goods,ALL,17,204,210,22.99,23.96,0.2904841402337229,204,2026-06-01 00:00:00,,204,,23531,204,17,27.99,27.99,23.96,0.3,,,,,,,,12,Johnson Brothers - St. Paul,June 1 Update
Merrys Irish Cream,665203200352,Liquor,Liter,12,Prestige,Johnson Brothers Liquor Co,1 free on 5 mix and match sizes.  750 original free goods,ALL,17,204,210,22.99,23.96,0.2904841402337229,204,2026-06-01 00:00:00,,204,,000030874,204,17,27.99,27.99,23.96,0.3,,,,,,,,10,Johnson Brothers - St. Paul,June 1 Update
Merrys White Chocolate,665203200307,Liquor,750ml,12,Prestige,Johnson Brothers Liquor Co,1 free on 5 mix and match sizes.  750 original free goods,ALL,17,204,210,22.99,23.96,0.2904841402337229,204,2026-06-01 00:00:00,,204,,000023689,204,17,27.99,27.99,23.96,0.3,,,,,,,,0,Johnson Brothers - St. Paul,June 1 Update
Ballotin Bourbon Ball Whiskey,854443006019,Liquor,750ml,6,SALOON SPIRITS,Breakthru Beverage,3cs purchase in a month,ALL,18.941666666666666,113.65,121.5,25.99,26.96,0.2974159248269041,112.5,2026-06-01 00:00:00,,,,9197668,113.65,18.941666666666666,31.99,23.99,0,0.3,,,,,,,,0,"Breakthru Beverage Minnesota Wine & Spirits, LLC",
Ballotin Caramel Turtle Whisky,854443006033,Liquor,750ml,6,SALOON SPIRITS,Breakthru Beverage,3cs purchase in a month,ALL,18.941666666666666,113.65,121.5,25.99,26.96,0.2974159248269041,112.5,2026-06-01 00:00:00,,,,9197670,113.65,18.941666666666666,31.99,,,0.3,,,,,,,,,"Breakthru Beverage Minnesota Wine & Spirits, LLC",
Ballotin Chocolate Original,854443006002,Liquor,750ml,6,SALOON SPIRITS,Breakthru Beverage,3cs purchase in a month,ALL,21.691666666666666,130.15,129,27.99,29.96,0.27597908322207393,129,2026-06-01 00:00:00,,,,9197667,130.15,21.691666666666666,35.99,,,0.3,,,,,,,,,"Breakthru Beverage Minnesota Wine & Spirits, LLC",
Balvenie 12 Yr Doublewood Scotch,083664112210,Liquor,750ml,12,WM GRANT & SONS,Breakthru Beverage,"25 case purchase in a montn (Mixes with Balvenie 12, 14, and Glenfiddich 12, 14, 15)",ALL,52.012499999999996,624.15,668,71.99,64.96,0.1993149630541872,623,2026-06-01 00:00:00,,668,,9001629,624.15,52.012499999999996,76.99,76.99,59.96,0.3,,,,,,,,117,"Breakthru Beverage Minnesota Wine & Spirits, LLC",
Balvenie 14 Yr Caribbean,083664871681,Liquor,750ml,6,WM GRANT & SONS,Breakthru Beverage,"25 case purchase in a montn (Mixes with Balvenie 12, 14, and Glenfiddich 12, 14, 15)",ALL,65.60833333333333,393.65,446.5,96.99,74.96,0.12475542511561713,392.5,2026-06-01 00:00:00,,446.5,,9115429,393.65,65.60833333333333,87.99,74.99,69.96,0.3,,,,,,,,14,"Breakthru Beverage Minnesota Wine & Spirits, LLC",
Bardstown Bourbon Bonded,857552008417,Liquor,750ml,6,Bardstown,Breakthru Beverage,3cs purchase in a month,ALL,36.19166666666667,217.15,225,48.99,50.96,0.2898024594453165,216,2026-06-01 00:00:00,,,,9731842,217.15,36.19166666666667,60.99,53.99,44.96,0.3,,,,,,,,38,"Breakthru Beverage Minnesota Wine & Spirits, LLC",
Bardstown KY Straigh Bourbon,857552008394,Liquor,750ml,6,Bardstown,Breakthru Beverage,3cs purchase in a month,ALL,32.44166666666667,194.65,202.5,43.99,44.96,0.27843268090154205,193.5,2026-06-01 00:00:00,,,,9731827,194.65,32.44166666666667,53.99,46.99,39.96,0.3,,,,,,,,13,"Breakthru Beverage Minnesota Wine & Spirits, LLC",
Bardstown Rye,857552008400,Liquor,750ml,6,Bardstown,Breakthru Beverage,3cs purchase in a month,ALL,43.69166666666666,262.15,270,58.99,60.96,0.28327318460192485,261,2026-06-01 00:00:00,,,,9731830,262.15,43.69166666666666,72.99,59.99,49.96,0.3,,,,,,,,21,"Breakthru Beverage Minnesota Wine & Spirits, LLC",
Bird Dog Apple Whiskey,812459012875,Liquor,750ml,6,WESTERN SPIRITS BEVERAGE CO,Breakthru Beverage,5cs purchase in a month,ALL,13.683333333333335,82.10000000000001,98.95,20.99,18.96,0.27830520393811525,80.95,2026-06-01 00:00:00,,,,9246379,82.10000000000001,13.683333333333335,21.99,21.99,18.96,0.3,,,,,,,,0,"Breakthru Beverage Minnesota Wine & Spirits, LLC",
Bird Dog Black Cherry,812459014404,Liquor,750ml,6,WESTERN SPIRITS BEVERAGE CO,Breakthru Beverage,5cs purchase in a month,ALL,13.683333333333335,82.10000000000001,98.95,20.99,18.96,0.27830520393811525,80.95,2026-06-01 00:00:00,,,,9362000,82.10000000000001,13.683333333333335,21.99,21.99,18.96,0.3,,,,,,,,0,"Breakthru Beverage Minnesota Wine & Spirits, LLC",
Bird Dog Blackberry Whiskey,812459010222,Liquor,750ml,6,WESTERN SPIRITS BEVERAGE CO,Breakthru Beverage,5cs purchase in a month,ALL,13.683333333333335,82.10000000000001,98.95,20.99,18.96,0.27830520393811525,80.95,2026-06-01 00:00:00,,,,9120702,82.10000000000001,13.683333333333335,21.99,21.99,18.96,0.3,,,,,,,,4,"Breakthru Beverage Minnesota Wine & Spirits, LLC",
Bird Dog Chocolate Whiskey,812459012820,Liquor,750ml,6,WESTERN SPIRITS BEVERAGE CO,Breakthru Beverage,5cs purchase in a month,ALL,13.683333333333335,82.10000000000001,98.95,20.99,18.96,0.27830520393811525,80.95,2026-06-01 00:00:00,,,,9224125,82.10000000000001,13.683333333333335,21.99,21.99,18.96,0.3,,,,,,,,0,"Breakthru Beverage Minnesota Wine & Spirits, LLC",
Bird Dog Cinnamon Whiskey,812459010710,Liquor,750ml,6,WESTERN SPIRITS BEVERAGE CO,Breakthru Beverage,5cs purchase in a month,ALL,13.683333333333335,82.10000000000001,98.95,20.99,18.96,0.27830520393811525,80.95,2026-06-01 00:00:00,,,,9246362,82.10000000000001,13.683333333333335,21.99,,,0.3,,,,,,,,,"Breakthru Beverage Minnesota Wine & Spirits, LLC",
Bird Dog Jalapeno Honey,812459013308,Liquor,750ml,6,WESTERN SPIRITS BEVERAGE CO,Breakthru Beverage,5cs purchase in a month,ALL,13.683333333333335,82.10000000000001,98.95,20.99,18.96,0.27830520393811525,80.95,2026-06-01 00:00:00,,,,9203527,82.10000000000001,13.683333333333335,21.99,,,0.3,,,,,,,,,"Breakthru Beverage Minnesota Wine & Spirits, LLC",
Bird Dog Maple Whiskey,812459011731,Liquor,750ml,6,WESTERN SPIRITS BEVERAGE CO,Breakthru Beverage,5cs purchase in a month,ALL,13.683333333333335,82.10000000000001,98.95,20.99,18.96,0.27830520393811525,80.95,2026-06-01 00:00:00,,,,9246357,82.10000000000001,13.683333333333335,21.99,21.99,18.96,0.3,,,,,,,,0,"Breakthru Beverage Minnesota Wine & Spirits, LLC",
Bird Dog Peach Whiskey,812459010659,Liquor,750ml,6,WESTERN SPIRITS BEVERAGE CO,Breakthru Beverage,5cs purchase in a month,ALL,13.683333333333335,82.10000000000001,98.95,20.99,18.96,0.27830520393811525,80.95,2026-06-01 00:00:00,,,,9245911,82.10000000000001,13.683333333333335,21.99,21.99,18.96,0.3,,,,,,,,0,"Breakthru Beverage Minnesota Wine & Spirits, LLC",
Bird Dog Peanut Butter Whiskey,812459014626,Liquor,50ml,60,WESTERN SPIRITS BEVERAGE CO,Breakthru Beverage, ,ALL,0.6858333333333333,41.15,40,0.99,0.96,0.2855902777777778,40,2026-06-01 00:00:00,,,,9620992,41.15,0.6858333333333333,0.99,,,0.5,,,,,,,,,"Breakthru Beverage Minnesota Wine & Spirits, LLC",
Bird Dog Peanut Butter Whiskey,812459014619,Liquor,750ml,6,WESTERN SPIRITS BEVERAGE CO,Breakthru Beverage,5cs purchase in a month,ALL,13.683333333333335,82.10000000000001,98.95,20.99,18.96,0.27830520393811525,80.95,2026-06-01 00:00:00,,,,9446422,82.10000000000001,13.683333333333335,21.99,,,0.3,,,,,,,,,"Breakthru Beverage Minnesota Wine & Spirits, LLC",
Bird Dog Praline Whiskey,812459014350,Liquor,750ml,6,WESTERN SPIRITS BEVERAGE CO,Breakthru Beverage,5cs purchase in a month,ALL,13.683333333333335,82.10000000000001,98.95,20.99,18.96,0.27830520393811525,80.95,2026-06-01 00:00:00,,,,9340999,82.10000000000001,13.683333333333335,21.99,,,0.3,,,,,,,,,"Breakthru Beverage Minnesota Wine & Spirits, LLC",
Bird Dog Ruby Red Whiskey,812459013803,Liquor,750ml,6,WESTERN SPIRITS BEVERAGE CO,Breakthru Beverage,5cs purchase in a month,ALL,13.683333333333335,82.10000000000001,98.95,20.99,18.96,0.27830520393811525,80.95,2026-06-01 00:00:00,,,,9238431,82.10000000000001,13.683333333333335,21.99,,,0.3,,,,,,,,,"Breakthru Beverage Minnesota Wine & Spirits, LLC",
Bird Dog Strawberry Whiskey,812459013865,Liquor,750ml,6,WESTERN SPIRITS BEVERAGE CO,Breakthru Beverage,5cs purchase in a month,ALL,13.683333333333335,82.10000000000001,98.95,20.99,18.96,0.27830520393811525,80.95,2026-06-01 00:00:00,,,,9238430,82.10000000000001,13.683333333333335,21.99,,,0.3,,,,,,,,,"Breakthru Beverage Minnesota Wine & Spirits, LLC",
Blue Chair Bay Banana Cream,856881004275,Liquor,750ml,12,MHW LTD - FISHBOWL SPIRITS LLC,Breakthru Beverage,5cs purchase in a month,ALL,14.345833333333333,172.15,189,19.99,19.96,0.28127087508350035,171,2026-06-01 00:00:00,,,,9189195,172.15,14.345833333333333,23.99,23.99,19.96,0.3,,,,,,,,25,"Breakthru Beverage Minnesota Wine & Spirits, LLC",
Blue Chair Bay Banana Rum,856881004145,Liquor,750ml,12,MHW LTD - FISHBOWL SPIRITS LLC,Breakthru Beverage,5cs purchase in a month,ALL,14.345833333333333,172.15,189,19.99,19.96,0.28127087508350035,171,2026-06-01 00:00:00,,,,9178984,172.15,14.345833333333333,23.99,23.99,19.96,0.3,,,,,,,,5,"Breakthru Beverage Minnesota Wine & Spirits, LLC",
Blue Chair Bay Coconut Rum,856881004046,Liquor,1.75L,6,MHW LTD - FISHBOWL SPIRITS LLC,Breakthru Beverage,5cs purchase in a month,ALL,21.191666666666666,127.15,144,30.99,29.96,0.29266800178015134,126,2026-06-01 00:00:00,,,,9162807,127.15,21.191666666666666,34.99,34.99,29.96,0.3,,,,,,,,0,"Breakthru Beverage Minnesota Wine & Spirits, LLC",
Blue Chair Bay Coconut Rum,856881004015,Liquor,750ml,12,MHW LTD - FISHBOWL SPIRITS LLC,Breakthru Beverage,5cs purchase in a month,ALL,14.345833333333333,172.15,189,19.99,19.96,0.28127087508350035,171,2026-06-01 00:00:00,,,,9162808,172.15,14.345833333333333,23.99,23.99,19.96,0.3,,,,,,,,133,"Breakthru Beverage Minnesota Wine & Spirits, LLC",
Blue Chair Bay Coconut Spiced Cream,856881004176,Liquor,750ml,12,MHW LTD - FISHBOWL SPIRITS LLC,Breakthru Beverage,5cs purchase in a month,ALL,14.345833333333333,172.15,189,19.99,19.96,0.28127087508350035,171,2026-06-01 00:00:00,,,,9182118,172.15,14.345833333333333,23.99,23.99,19.96,0.3,,,,,,,,1,"Breakthru Beverage Minnesota Wine & Spirits, LLC",
Blue Chair Bay Key Lime Cream,856881004404,Liquor,750ml,12,MHW LTD - FISHBOWL SPIRITS LLC,Breakthru Beverage,5cs purchase in a month,ALL,14.345833333333333,172.15,189,19.99,19.96,0.28127087508350035,171,2026-06-01 00:00:00,,,,9250679,172.15,14.345833333333333,23.99,23.99,19.96,0.3,,,,,,,,61,"Breakthru Beverage Minnesota Wine & Spirits, LLC",
Blue Chair Bay Mango Rum Cream,856881004671,Liquor,750ml,12,MHW LTD - FISHBOWL SPIRITS LLC,Breakthru Beverage,5cs purchase in a month,ALL,14.345833333333333,172.15,189,19.99,19.96,0.28127087508350035,171,2026-06-01 00:00:00,,,,9614883,172.15,14.345833333333333,23.99,23.99,19.96,0.3,,,,,,,,0,"Breakthru Beverage Minnesota Wine & Spirits, LLC",
Blue Chair Bay Mocha Cream,856881004602,Liquor,750ml,12,Fish Bowl,Breakthru Beverage,5cs purchase in a month,ALL,14.345833333333333,172.15,189,19.99,19.96,0.28127087508350035,171,2026-06-01 00:00:00,,,,9607830,172.15,14.345833333333333,23.99,23.99,19.96,0.3,,,,,,,,34,"Breakthru Beverage Minnesota Wine & Spirits, LLC",
Blue Chair Bay Pineapple Cream,856881004565,Liquor,750ml,12,MHW LTD - FISHBOWL SPIRITS LLC,Breakthru Beverage,5cs purchase in a month,ALL,14.345833333333333,172.15,189,19.99,19.96,0.28127087508350035,171,2026-06-01 00:00:00,,,,9306670,172.15,14.345833333333333,23.99,23.99,19.96,0.3,,,,,,,,0,"Breakthru Beverage Minnesota Wine & Spirits, LLC",
Blue Chair Bay Premium Rum,856881004039,Liquor,1.75L,6,MHW LTD - FISHBOWL SPIRITS LLC,Breakthru Beverage,5cs purchase in a month,ALL,21.191666666666666,127.15,144,30.99,29.96,0.29266800178015134,126,2026-06-01 00:00:00,,,,9162805,127.15,21.191666666666666,34.99,,,0.3,,,,,,,,,"Breakthru Beverage Minnesota Wine & Spirits, LLC",
Blue Chair Bay Premium Rum,856881004008,Liquor,750ml,12,MHW LTD - FISHBOWL SPIRITS LLC,Breakthru Beverage,5cs purchase in a month,ALL,14.345833333333333,172.15,189,19.99,19.96,0.28127087508350035,171,2026-06-01 00:00:00,,,,9162806,172.15,14.345833333333333,23.99,23.99,19.96,0.3,,,,,,,,0,"Breakthru Beverage Minnesota Wine & Spirits, LLC",
Blue Chair Bay Rum Spiced,856881004657,Liquor,1.75L,6,MHW LTD - FISHBOWL SPIRITS LLC,Breakthru Beverage,5cs purchase in a month,ALL,21.191666666666666,127.15,144,30.99,29.96,0.29266800178015134,126,2026-06-01 00:00:00,,,,9353224,127.15,21.191666666666666,34.99,34.99,29.86,0.3,,,,,,,,0,"Breakthru Beverage Minnesota Wine & Spirits, LLC",
Blue Chair Bay Rum Spiced,856881004626,Liquor,750ml,12,MHW LTD - FISHBOWL SPIRITS LLC,Breakthru Beverage,5cs purchase in a month,ALL,14.345833333333333,172.15,189,19.99,19.96,0.28127087508350035,171,2026-06-01 00:00:00,,,,9353221,172.15,14.345833333333333,23.99,23.99,19.96,0.3,,,,,,,,121,"Breakthru Beverage Minnesota Wine & Spirits, LLC",
Blue Chair Bay Vanilla Rum,856881004237,Liquor,750ml,12,MHW LTD - FISHBOWL SPIRITS LLC,Breakthru Beverage,5cs purchase in a month,ALL,14.345833333333333,172.15,189,19.99,19.96,0.28127087508350035,171,2026-06-01 00:00:00,,,,9189198,172.15,14.345833333333333,23.99,23.99,19.96,0.3,,,,,,,,30,"Breakthru Beverage Minnesota Wine & Spirits, LLC",
Blue Ice Huckleberry Vodka,815197003310,Liquor,1.75L,6,21st CENTURY SPIRITS,Breakthru Beverage,5cs purchase in a month,ALL,23.441666666666666,140.65,162,34.99,32.96,0.28878438511326865,139.5,2026-06-01 00:00:00,,,,9620810,140.65,23.441666666666666,39.99,,,0.3,,,,,,,,,"Breakthru Beverage Minnesota Wine & Spirits, LLC",
Blue Ice Huckleberry Vodka,815970003280,Liquor,750ml,12,21st CENTURY SPIRITS,Breakthru Beverage,5cs purchase in a month,ALL,13.595833333333333,163.15,180,19.99,18.96,0.28292018284106896,162,2026-06-01 00:00:00,,,,9431359,163.15,13.595833333333333,22.99,,,0.3,,,,,,,,,"Breakthru Beverage Minnesota Wine & Spirits, LLC",
Brother Justus Cold-Peated Whiskey,860017000758,Liquor,750ml,6,BROTHER JUSTUS,Breakthru Beverage,3cs purchase in a month,ALL,67.86666666666666,407.2,428.6,92.99,94.96,0.28531311429373774,406.05,2026-06-01 00:00:00,,,,9609583,407.2,67.86666666666666,113.99,92.99,79.96,0.3,,,,,,,,5,"Breakthru Beverage Minnesota Wine & Spirits, LLC",
Brother Justus Silver Whiskey,860017000727,Liquor,750ml,6,BROTHER JUSTUS,Breakthru Beverage,3cs purchase in a month,ALL,30.191666666666666,181.15,202.5,43.99,41.96,0.2804655227200509,180,2026-06-01 00:00:00,,,,9371600,181.15,30.191666666666666,49.99,47.99,39.96,0.3,,,,,,,,22,"Breakthru Beverage Minnesota Wine & Spirits, LLC",
Brother Justus Single Malt American Whiskey,860017000734,Liquor,750ml,6,BROTHER JUSTUS,Breakthru Beverage,3cs purchase in a month,ALL,45.18333333333333,271.09999999999997,292.45,62.99,62.96,0.28234858110969935,269.95,2026-06-01 00:00:00,,,,9347436,271.09999999999997,45.18333333333333,75.99,69.99,57.96,0.3,,,,,,,,4,"Breakthru Beverage Minnesota Wine & Spirits, LLC",
Carpano Antica Formula,084105341008,Liquor,Liter,6,PARK ST IMP/BRANCA USA,Breakthru Beverage, ,ALL,34.69166666666667,208.15,207,44.99,48.96,0.291428376906318,207,2026-06-01 00:00:00,, ,,9009620,208.15,34.69166666666667,57.99,57.99,48.96,0.3,,,,,,,,13,"Breakthru Beverage Minnesota Wine & Spirits, LLC",
Corralejo Anejo Tequila,720815930339,Liquor,750ml,6,INFINIUM SPIRITS,Breakthru Beverage,10cs purchase in a month,ALL,28.685000000000002,172.11,193.5,41.99,33.96,0.1553297997644287,170.96,2026-06-01 00:00:00,,,,412148,172.11,28.685000000000002,39.99,39.99,33.96,0.3,,,,,,,,0,"Breakthru Beverage Minnesota Wine & Spirits, LLC",
Corralejo Blanco Tequila,720815930636,Liquor,750ml,6,INFINIUM SPIRITS,Breakthru Beverage,10cs purchase in a month,ALL,21.185,127.11,148.46,31.99,27.96,0.24231044349070108,125.96,2026-06-01 00:00:00,,,,411942,127.11,21.185,32.99,32.99,27.96,0.3,,,,,,,,0,"Breakthru Beverage Minnesota Wine & Spirits, LLC",
Corralejo Reposado Tequila,720815930513,Liquor,1.75L,6,INFINIUM SPIRITS,Breakthru Beverage,10cs purchase in a month,ALL,41.435,248.61,269.96,57.99,49.96,0.17063650920736587,247.46,2026-06-01 00:00:00,,,,9043309,248.61,41.435,58.99,58.99,49.96,0.3,,,,,,,,0,"Breakthru Beverage Minnesota Wine & Spirits, LLC",
Corralejo Reposado Tequila,720815930131,Liquor,750ml,6,INFINIUM SPIRITS,Breakthru Beverage,10cs purchase in a month,ALL,21.935000000000002,131.61,148.46,31.99,28.96,0.24257596685082866,130.46,2026-06-01 00:00:00,,,,412346,131.61,21.935000000000002,33.99,33.99,28.96,0.3,,,,,,,,27,"Breakthru Beverage Minnesota Wine & Spirits, LLC",
Dr McGillicuddy's Apple Pie,088004021788,Liquor,100ml,48,SAZERAC,Breakthru Beverage,25cs mix and match,ALL,1.0497916666666667,50.39,65,1.99,1.74,0.3966714559386973,49.24,2026-06-01 00:00:00,, ,,9259232,50.39,1.0497916666666667,1.99,,,0.5,,,,,,,,,"Breakthru Beverage Minnesota Wine & Spirits, LLC",
Dr Mcgillicuddy's Cherry,88004024659,Liquor,100ml,48,SAZERAC,Breakthru Beverage,25cs mix and match,ALL,1.0497916666666667,50.39,65,1.99,1.74,0.3966714559386973,49.24,2026-06-01 00:00:00,, ,,9252884,50.39,1.0497916666666667,1.99,,,0.5,,,,,,,,,"Breakthru Beverage Minnesota Wine & Spirits, LLC",
Dr McGillicuddy's Mentholmint,88004021771,Liquor,100ml,48,SAZERAC,Breakthru Beverage,25cs mix and match,ALL,1.0497916666666667,50.39,65,1.99,1.74,0.3966714559386973,49.24,2026-06-01 00:00:00,, ,,9219499,50.39,1.0497916666666667,1.99,,,0.5,,,,,,,,,"Breakthru Beverage Minnesota Wine & Spirits, LLC",
Dr McGillicuddy's Wild Grape,088004009540,Liquor,Liter,12,SAZERAC,Breakthru Beverage,15cs purchase in a month,ALL,12.845833333333333,154.15,171,18.99,17.96,0.284753155159614,153,2026-06-01 00:00:00,,,,9219497,154.15,12.845833333333333,21.99,,,0.3,,,,,,,,,"Breakthru Beverage Minnesota Wine & Spirits, LLC",
Dr McGillicuddys Apple Pie,088004009748,Liquor,750ml,12,SAZERAC,Breakthru Beverage,15cs purchase in a month,ALL,9.845833333333333,118.15,135,14.99,13.96,0.29471107927411655,117,2026-06-01 00:00:00,,,,9219470,118.15,9.845833333333333,16.99,16.99,14.96,0.3,,,,,,,,0,"Breakthru Beverage Minnesota Wine & Spirits, LLC",
Dr McGillicuddys Apple Pie,088004009694,Liquor,Liter,12,SAZERAC,Breakthru Beverage,15cs purchase in a month,ALL,12.845833333333333,154.15,171,18.99,17.96,0.284753155159614,153,2026-06-01 00:00:00,,,,9219463,154.15,12.845833333333333,21.99,,,0.3,,,,,,,,,"Breakthru Beverage Minnesota Wine & Spirits, LLC",
Dr McGillicuddys Butterscotch,088004030056,Liquor,Traveler,12,SAZERAC,Breakthru Beverage,15cs purchase in a month,ALL,9.845833333333333,118.15,135,14.99,13.96,0.29471107927411655,117,2026-06-01 00:00:00,,,,9286926,118.15,9.845833333333333,16.99,15.99,0,0.3,,,,,,,,38,"Breakthru Beverage Minnesota Wine & Spirits, LLC",
Dr McGillicuddys Cherry,088004148201,Liquor,1.75L,6,SAZERAC,Breakthru Beverage,15cs purchase in a month,ALL,19.691666666666666,118.15,130.5,27.99,27.96,0.2957200762994755,117,2026-06-01 00:00:00,,,,9219491,118.15,19.691666666666666,33.99,31.99,25.96,0.3,,,,,,,,0,"Breakthru Beverage Minnesota Wine & Spirits, LLC",
Dr McGillicuddys Cherry,088004148218,Liquor,Liter,12,Sazerac,Breakthru Beverage,15cs purchase in a month,ALL,12.845833333333333,154.15,171,18.99,17.96,0.284753155159614,153,2026-06-01 00:00:00,,0,,9031400,154.15,12.845833333333333,21.99,19.99,17.96,0.3,,,,,,,,73,"Breakthru Beverage Minnesota Wine & Spirits, LLC",
Dr McGillicuddys Cherry,88004148232,Liquor,Traveler,12,Sazerac,Breakthru Beverage,15cs purchase in a month,ALL,9.845833333333333,118.15,135,14.99,13.96,0.29471107927411655,117,2026-06-01 00:00:00,,,,9031405,118.15,9.845833333333333,16.99,,,0.3,,,,,,,,,"Breakthru Beverage Minnesota Wine & Spirits, LLC",
Dr McGillicuddys Mentholmint,088004144029,Liquor,1.75L,6,SAZERAC,Breakthru Beverage,15cs purchase in a month,ALL,19.691666666666666,118.15,130.5,27.99,27.96,0.2957200762994755,117,2026-06-01 00:00:00,,,,9220648,118.15,19.691666666666666,33.99,,,0.3,,,,,,,,,"Breakthru Beverage Minnesota Wine & Spirits, LLC",
Dr McGillicuddys Mentholmint,088004144036,Liquor,Liter,12,SAZERAC,Breakthru Beverage,15cs purchase in a month,ALL,12.845833333333333,154.15,171,18.99,17.96,0.284753155159614,153,2026-06-01 00:00:00,,,,9031414,154.15,12.845833333333333,21.99,19.99,16.96,0.3,,,,,,,,0,"Breakthru Beverage Minnesota Wine & Spirits, LLC",
Dr McGillicuddys Mentholmint,088004144449,Liquor,Traveler,12,SAZERAC,Breakthru Beverage,15cs purchase in a month,ALL,9.845833333333333,118.15,135,14.99,13.96,0.29471107927411655,117,2026-06-01 00:00:00,,,,9227389,118.15,9.845833333333333,16.99,17.49,14.96,0.3,,,,,,,,155,"Breakthru Beverage Minnesota Wine & Spirits, LLC",
Dr McGillicuddys Root Beer,088004009625,Liquor,750ml,12,SAZERAC,Breakthru Beverage,15cs purchase in a month,ALL,9.845833333333333,118.15,135,14.99,13.96,0.29471107927411655,117,2026-06-01 00:00:00,,,,9219511,118.15,9.845833333333333,16.99,16.99,12.96,0.3,,,,,,,,0,"Breakthru Beverage Minnesota Wine & Spirits, LLC",
Dr McGillicuddys Vanilla Traveler,88004144647,Liquor,Traveler,12, ,Breakthru Beverage,15cs purchase in a month,ALL,9.845833333333333,118.15,135,14.99,13.96,0.29471107927411655,117,2026-06-01 00:00:00,,,,9220634,118.15,9.845833333333333,16.99,14.99,0,0.3,,,,,,,,26,"Breakthru Beverage Minnesota Wine & Spirits, LLC",
Dr McGillicuddys Wild Grape,088004030063,Liquor,Traveler,12,SAZERAC,Breakthru Beverage,15cs purchase in a month,ALL,9.845833333333333,118.15,135,14.99,13.96,0.29471107927411655,117,2026-06-01 00:00:00,,,,9286927,118.15,9.845833333333333,16.99,15.99,0,0.3,,,,,,,,0,"Breakthru Beverage Minnesota Wine & Spirits, LLC",
Dr McGilluddy's Peach,088004009762,Liquor,Liter,12,SAZERAC,Breakthru Beverage,15cs purchase in a month,ALL,12.845833333333333,154.15,171,18.99,17.96,0.284753155159614,153,2026-06-01 00:00:00,,,,9219504,154.15,12.845833333333333,21.99,,,0.3,,,,,,,,,"Breakthru Beverage Minnesota Wine & Spirits, LLC",
Dr. McGillicuddy Butterscotch,088004020316,Liquor,Liter,12,SAZERAC,Breakthru Beverage,15cs purchase in a month,ALL,12.845833333333333,154.15,171,18.99,17.96,0.284753155159614,153,2026-06-01 00:00:00,,,,9219488,154.15,12.845833333333333,21.99,19.99,0,0.3,,,,,,,,0,"Breakthru Beverage Minnesota Wine & Spirits, LLC",
Goldschlager,088004035761,Liquor,50ml,120,SAZERAC,Breakthru Beverage, ,ALL,0.68625,82.35000000000001,81.2,0.99,0.74,0.07263513513513509,81.2,2026-06-01 00:00:00,,,,9007996,82.35000000000001,0.68625,0.99,1.49,1.24,0.5,,,,,,,,920,"Breakthru Beverage Minnesota Wine & Spirits, LLC",
Green River Full Proof Bourbon 750ml,857552008783,Liquor,750ml,6,Bardstown,Breakthru Beverage,3cs purchase in a month,ALL,36.19166666666667,217.15,225,48.99,44.96,0.1950252075919335,216,2026-06-01 00:00:00,,,,9731853,217.15,36.19166666666667,52.99,52.99,44.96,0.3,,,,,,,,28,"Breakthru Beverage Minnesota Wine & Spirits, LLC",
Green River KY Straight,810735017460,Liquor,750ml,6,Bardstown,Breakthru Beverage,3cs purchase in a month,ALL,24.941666666666666,149.65,157.5,33.99,30.96,0.19439061154177437,148.5,2026-06-01 00:00:00,,,,9731033,149.65,24.941666666666666,36.99,36.99,30.96,0.3,,,,,,,,93.03999999999999,"Breakthru Beverage Minnesota Wine & Spirits, LLC",
Green River Rye,857552008615,Liquor,750ml,6,Bardstown,Breakthru Beverage,3cs purchase in a month,ALL,24.941666666666666,149.65,157.5,33.99,30.96,0.19439061154177437,148.5,2026-06-01 00:00:00,,,,9731035,149.65,24.941666666666666,36.99,36.99,30.96,0.3,,,,,,,,0,"Breakthru Beverage Minnesota Wine & Spirits, LLC",
Green River Wheated Bourbon 750ml,810735017873,Liquor,750ml,6,Bardstown,Breakthru Beverage,3cs purchase in a month,ALL,24.941666666666666,149.65,157.5,33.99,30.96,0.19439061154177437,148.5,2026-06-01 00:00:00,,,,9731037,149.65,24.941666666666666,36.99,36.99,30.96,0.3,,,,,,,,10,"Breakthru Beverage Minnesota Wine & Spirits, LLC",
Lyre's Almalfi Spritz,9354596006290,Misc,4pk 12oz can,6,Lyre's,Breakthru Beverage,5cs purchase in a month,ALL,9.858333333333333,59.15,62,12.99,12.96,0.2393261316872429,58,2026-06-01 00:00:00,,62,,9672258,59.15,9.858333333333333,14.99,,,0.3,,,,,,,,,"Breakthru Beverage Minnesota Wine & Spirits, LLC",
Lyre's Gin and Tonic,9354596001967,Misc,4pk 12oz can,6,Lyre's,Breakthru Beverage,5cs purchase in a month,ALL,9.858333333333333,59.15,62,12.99,12.96,0.2393261316872429,58,2026-06-01 00:00:00,,62,,9672259,59.15,9.858333333333333,14.99,,,0.3,,,,,,,,,"Breakthru Beverage Minnesota Wine & Spirits, LLC",
Lyre's Sparkling Classico,9354596000328,Misc,4pk 12oz can,6,Lyre's,Breakthru Beverage,5cs purchase in a month,ALL,9.858333333333333,59.15,62,12.99,12.96,0.2393261316872429,58,2026-06-01 00:00:00,,62,,9672257,59.15,9.858333333333333,14.99,,,0.3,,,,,,,,,"Breakthru Beverage Minnesota Wine & Spirits, LLC",
Midnight Moon Apple Pie,851767001140,Liquor,750ml,6,PIEDMONT DISTILLERS INC,Breakthru Beverage, ,ALL,13.525,81.15,80,16.99,18.96,0.2866561181434599,80,2026-06-01 00:00:00,,,,9126403,81.15,13.525,21.99,21.99,18.96,0.3,,,,,,,,0,"Breakthru Beverage Minnesota Wine & Spirits, LLC",
Midnight Moon Blackberry,851767001201,Liquor,750ml,6,PIEDMONT DISTILLERS INC,Breakthru Beverage, ,ALL,13.525,81.15,80,16.99,18.96,0.2866561181434599,80,2026-06-01 00:00:00,,,,9154536,81.15,13.525,21.99,,,0.3,,,,,,,,,"Breakthru Beverage Minnesota Wine & Spirits, LLC",
Midnight Moon Blueberry,851767001195,Liquor,750ml,6,PIEDMONT DISTILLERS INC,Breakthru Beverage, ,ALL,13.525,81.15,80,16.99,18.96,0.2866561181434599,80,2026-06-01 00:00:00,,,,9140844,81.15,13.525,21.99,,,0.3,,,,,,,,,"Breakthru Beverage Minnesota Wine & Spirits, LLC",
Midnight Moon Cherry,851767001157,Liquor,750ml,6,PIEDMONT DISTILLERS INC,Breakthru Beverage, ,ALL,13.525,81.15,80,16.99,18.96,0.2866561181434599,80,2026-06-01 00:00:00,,,,9126404,81.15,13.525,21.99,,,0.3,,,,,,,,,"Breakthru Beverage Minnesota Wine & Spirits, LLC",
Midnight Moon Moonshine 100pf,851767001294,Liquor,750ml,6,PIEDMONT DISTILLERS INC,Breakthru Beverage, ,ALL,13.525,81.15,80,16.99,18.96,0.2866561181434599,80,2026-06-01 00:00:00,,,,9168231,81.15,13.525,21.99,21.99,18.96,0.3,,,,,,,,0,"Breakthru Beverage Minnesota Wine & Spirits, LLC",
Midnight Moon Moonshine 80pf,851767001027,Liquor,750ml,6,PIEDMONT DISTILLERS INC,Breakthru Beverage, ,ALL,13.525,81.15,80,16.99,18.96,0.2866561181434599,80,2026-06-01 00:00:00,,,,9120601,81.15,13.525,21.99,,,0.3,,,,,,,,,"Breakthru Beverage Minnesota Wine & Spirits, LLC",
Midnight Moon Peach,851767001355,Liquor,750ml,6,PIEDMONT DISTILLERS INC,Breakthru Beverage, ,ALL,13.525,81.15,80,16.99,18.96,0.2866561181434599,80,2026-06-01 00:00:00,,,,9192564,81.15,13.525,21.99,,,0.3,,,,,,,,,"Breakthru Beverage Minnesota Wine & Spirits, LLC",
Midnight Moon Raspberry,851767001379,Liquor,750ml,6,PIEDMONT DISTILLERS INC,Breakthru Beverage, ,ALL,13.525,81.15,80,16.99,18.96,0.2866561181434599,80,2026-06-01 00:00:00,,,,9185822,81.15,13.525,21.99,,,0.3,,,,,,,,,"Breakthru Beverage Minnesota Wine & Spirits, LLC",
Midnight Moon Strawberry,851767001164,Liquor,750ml,6,PIEDMONT DISTILLERS INC,Breakthru Beverage, ,ALL,13.525,81.15,80,16.99,18.96,0.2866561181434599,80,2026-06-01 00:00:00,,,,9126405,81.15,13.525,21.99,,,0.3,,,,,,,,,"Breakthru Beverage Minnesota Wine & Spirits, LLC",
Midnight Moon Watermelon,850015676017,Liquor,750ml,6,PIEDMONT DISTILLERS INC,Breakthru Beverage, ,ALL,13.525,81.15,80,16.99,18.96,0.2866561181434599,80,2026-06-01 00:00:00,,,,9427151,81.15,13.525,21.99,,,0.3,,,,,,,,,"Breakthru Beverage Minnesota Wine & Spirits, LLC",
Midnight Moonshake Apple Pie,850015676451,Liquor,50ml,48,Sazerac,Breakthru Beverage, ,ALL,1.7739583333333335,85.15,84,2.99,2.74,0.3525699513381995,84,2026-06-01 00:00:00,,,,9184257,85.15,1.7739583333333335,2.99,3.99,2.96,0.5,,,,,,,,94,"Breakthru Beverage Minnesota Wine & Spirits, LLC",
Midnight Moonshake Apple Pie,850015676468,Liquor,750ml,6,Sazerac,Breakthru Beverage,,ALL,13.525,81.15,80,16.99,19.96,0.32239478957915835,80,2026-06-01 00:00:00,,,,9698489,81.15,13.525,23.99,23.99,19.96,0.3,,,,,,,,8,"Breakthru Beverage Minnesota Wine & Spirits, LLC",
Midnight Moonshake Chocolate Brownie,850015676475,Liquor,50ml,48,Sazerac,Breakthru Beverage,,ALL,1.7739583333333335,85.15,84,2.99,2.74,0.3525699513381995,84,2026-06-01 00:00:00,,,,9698510,85.15,1.7739583333333335,2.99,3.99,2.96,0.5,,,,,,,,99,"Breakthru Beverage Minnesota Wine & Spirits, LLC",
Midnight Moonshake Chocolate Brownie,850015676482,Liquor,750ml,6,Sazerac,Breakthru Beverage,,ALL,13.525,81.15,80,16.99,19.96,0.32239478957915835,80,2026-06-01 00:00:00,,,,9698536,81.15,13.525,23.99,23.99,19.96,0.3,,,,,,,,4,"Breakthru Beverage Minnesota Wine & Spirits, LLC",
Midnight Moonshake Cookies and Cream,850015676499,Liquor,50ml,48,Sazerac,Breakthru Beverage,,ALL,1.7739583333333335,85.15,84,2.99,2.74,0.3525699513381995,84,2026-06-01 00:00:00,,,,9698547,85.15,1.7739583333333335,2.99,3.99,2.96,0.5,,,,,,,,61,"Breakthru Beverage Minnesota Wine & Spirits, LLC",
Midnight Moonshake Cookies and Cream,850015676505,Liquor,750ml,6,Sazerac,Breakthru Beverage,,ALL,13.525,81.15,80,16.99,19.96,0.32239478957915835,80,2026-06-01 00:00:00,,,,9698545,81.15,13.525,23.99,23.99,19.96,0.3,,,,,,,,8,"Breakthru Beverage Minnesota Wine & Spirits, LLC",
Mijenta Tequila Anejo ,850015899027,Liquor,750ml,6,MHW/Altos Planos,Breakthru Beverage,5cs purchase in a month,ALL,111.85833333333333,671.15,670,144.99,128.96,0.13261217948717954,670,2026-06-01 00:00:00,, ,,9644452,671.15,111.85833333333333,151.99,151.99,128.96,0.3,,,,,,,,6,"Breakthru Beverage Minnesota Wine & Spirits, LLC",
Mijenta Tequila Blanco,850015899003,Liquor,750ml,6,MHW/Altos Planos,Breakthru Beverage,5cs purchase in a month,ALL,32.44166666666667,194.65,216,46.99,40.96,0.20796712239583326,193.5,2026-06-01 00:00:00,, ,,9618181,194.65,32.44166666666667,47.99,47.99,40.96,0.3,,,,,,,,6,"Breakthru Beverage Minnesota Wine & Spirits, LLC",
Mijenta Tequila Reposado,850015899010,Liquor,750ml,6,MHW/Altos Planos,Breakthru Beverage,5cs purchase in a month,ALL,47.44166666666666,284.65,306,65.99,58.96,0.19535843509724116,283.5,2026-06-01 00:00:00,, ,,9618173,284.65,47.44166666666666,69.99,69.99,58.96,0.3,,,,,,,,12,"Breakthru Beverage Minnesota Wine & Spirits, LLC",
Milagro,083664868902,Liquor,1.75L,6,WM GRANT & SONS,Breakthru Beverage,5cs purchase in a month,ALL,35.858333333333334,215.15,247.5,53.99,49.96,0.28225914064585,214,2026-06-01 00:00:00,,,,9008626,215.15,35.858333333333334,59.99,48.99,0,0.3,,,,,,,,0,"Breakthru Beverage Minnesota Wine & Spirits, LLC",
Milagro Anejo Tequila,83664868971,Liquor,750ml,6,WM GRANT & SONS,Breakthru Beverage,5cs purchase in a month,ALL,23.816666666666666,142.9,216,46.99,32.96,0.2774069579288026,141.75,2026-06-01 00:00:00,, ,,9001699,142.9,23.816666666666666,39.99,,,0.3,,,,,,,,,"Breakthru Beverage Minnesota Wine & Spirits, LLC",
Milagro Reposado Tequila,83664874071,Liquor,375ml,12,WM GRANT & SONS,Breakthru Beverage,5cs purchase in a month,ALL,11.341666666666667,136.1,152.95,18.99,15.96,0.28936925647451966,134.95,2026-06-01 00:00:00,,,,9392449,136.1,11.341666666666667,18.99,,,0.5,,,,,,,,,"Breakthru Beverage Minnesota Wine & Spirits, LLC",
Milagro Reposado Tequila,083664868940,Liquor,750ml,6,WM GRANT & SONS,Breakthru Beverage,5cs purchase in a month,ALL,17.775000000000002,106.65,139.5,29.99,24.96,0.28786057692307687,105.5,2026-06-01 00:00:00,,105.5,,9001701,106.65,17.775000000000002,29.99,26.99,23.96,0.3,,,,,,,,143,"Breakthru Beverage Minnesota Wine & Spirits, LLC",
Milagro Select Reserv Reposado,83664874484,Liquor,750ml,6,WILLIAM GRANT & SONS,Breakthru Beverage,5cs purchase in a month ($105.50/cs Apil - June),ALL,36.19166666666667,217.15,216,46.99,50.96,0.2898024594453165,216,2026-06-01 00:00:00,,,,9001702,217.15,36.19166666666667,60.99,,,0.3,,,,,,,,,"Breakthru Beverage Minnesota Wine & Spirits, LLC",
Milagro Select Reserve Anejo,83664869008,Liquor,750ml,6,WM GRANT & SONS,Breakthru Beverage,5cs purchase in a month,ALL,43.69166666666666,262.15,261,56.99,60.96,0.28327318460192485,261,2026-06-01 00:00:00,,,,9008632,262.15,43.69166666666666,72.99,,,0.3,,,,,,,,,"Breakthru Beverage Minnesota Wine & Spirits, LLC",
Milagro Silver Tequila,083664868919,Liquor,750ml,6,WM GRANT & SONS,Breakthru Beverage,5cs purchase in a month ($101.25 April-June),ALL,17.066666666666666,102.4,135,28.99,23.96,0.28770172509738456,101.25,2026-06-01 00:00:00,, ,,9001700,102.4,17.066666666666666,28.99,26.99,22.96,0.3,,,,,,,,146,"Breakthru Beverage Minnesota Wine & Spirits, LLC",
Monkey Shoulder Scotch,083664874224,Liquor,1.75L,6,WM GRANT & SONS,Breakthru Beverage,3cs purchase in a month,ALL,42.94166666666666,257.65,270,58.99,59.96,0.28382810762730715,256.5,2026-06-01 00:00:00,,,,9367571,257.65,42.94166666666666,71.99,62.99,0,0.3,,,,,,,,5,"Breakthru Beverage Minnesota Wine & Spirits, LLC",
Monkey Shoulder Scotch,083664872541,Liquor,750ml,6,WM GRANT & SONS,Breakthru Beverage,3cs purchase in a month,ALL,22.691666666666666,136.15,144,30.99,31.96,0.28999791405924075,135,2026-06-01 00:00:00,,,,9157494,136.15,22.691666666666666,37.99,35.49,29.96,0.3,,,,,,,,20,"Breakthru Beverage Minnesota Wine & Spirits, LLC",
Reyka Vodka,083664869725,Liquor,1.75L,6,WM GRANT,Breakthru Beverage,Net Down Pricing,ALL,26.441666666666666,158.65,202.5,43.99,33.96,0.22138790734197097,157.5,2026-06-01 00:00:00,,,,9019698,158.65,26.441666666666666,39.99,39.99,33.96,0.3,,,,,,,,24,"Breakthru Beverage Minnesota Wine & Spirits, LLC",
Southern Comfort,088544018910,Liquor,1.75L,6,SAZERAC,Breakthru Beverage,15 case deal,ALL,15.191666666666668,91.15,108,22.99,19.96,0.23889445557782227,90,2026-06-01 00:00:00,, ,,9007726,91.15,15.191666666666668,23.99,23.99,19.96,0.3,,,,,,,,42,"Breakthru Beverage Minnesota Wine & Spirits, LLC",
Twisted Shotz B-52 18/4pk,766427003467,Liquor,4pk,18,Independent Distillers,Breakthru Beverage,5cs mix and match of 4pks in a month,ALL,3.9583333333333335,71.25,80.8,5.99,5.96,0.33585011185682323,70.1,2026-06-01 00:00:00,,80.8,,9151696,71.25,3.9583333333333335,6.99,5.49,4.96,0.3,,,,,,,,24,"Breakthru Beverage Minnesota Wine & Spirits, LLC",
Twisted Shotz Berry Vanilla Thrilla 18/4pk,766427005379,Liquor,4pk,18,Independent Distillers,Breakthru Beverage,4cs mix and match of 4pks in a month,ALL,3.9583333333333335,71.25,80.8,5.99,5.96,0.33585011185682323,70.1,2026-06-01 00:00:00,,80.8,,9786490,71.25,3.9583333333333335,6.99,,,0.3,,,,,,,,,"Breakthru Beverage Minnesota Wine & Spirits, LLC",
Twisted Shotz Flavor Fest 6/15pk,766427005478,Liquor,15pk,6,Independent Distillers,Breakthru Beverage,3cs mix and match of 15pks in a month,ALL,14.425000000000002,86.55000000000001,89.9,18.99,19.96,0.2773046092184368,85.4,2026-06-01 00:00:00,,89.9,,9786844,86.55000000000001,14.425000000000002,23.99,,,0.3,,,,,,,,,"Breakthru Beverage Minnesota Wine & Spirits, LLC",
Twisted Shotz Party Pack Red,766427005355,Liquor,15pk,6,Independent Distillers,Breakthru Beverage,3cs mix and match of 15pks in a month,ALL,14.425000000000002,86.55000000000001,89.9,18.99,19.96,0.2773046092184368,85.4,2026-06-01 00:00:00,,76,,8271020,86.55000000000001,14.425000000000002,23.99,23.99,19.96,0.3,,,,,,,,22,"Breakthru Beverage Minnesota Wine & Spirits, LLC",
Twisted Shotz Punch Pineapple Collection 18/4pk,766427005416,Liquor,4pk,18,Independent Distillers,Breakthru Beverage,4cs mix and match of 4pks in a month,ALL,3.9583333333333335,71.25,80.8,5.99,5.96,0.33585011185682323,70.1,2026-06-01 00:00:00,,80.8,,9786491,71.25,3.9583333333333335,6.99,,,0.3,,,,,,,,,"Breakthru Beverage Minnesota Wine & Spirits, LLC",
Twisted Shotz Pussy Cat 18/4pk,766427004815,Liquor,4pk,18,Independent Distillers,Breakthru Beverage,4cs mix and match of 4pks in a month,ALL,3.9583333333333335,71.25,80.8,5.99,5.96,0.33585011185682323,70.1,2026-06-01 00:00:00,,80.8,,9260594,71.25,3.9583333333333335,6.99,5.49,4.96,0.3,,,,,,,,0,"Breakthru Beverage Minnesota Wine & Spirits, LLC",
Twisted Shotz Razzle Dazzle 18/4pk,766427005331,Liquor,4pk,18,Independent Distillers,Breakthru Beverage,4cs mix and match of 4pks in a month,ALL,3.9583333333333335,71.25,80.8,5.99,5.96,0.33585011185682323,70.1,2026-06-01 00:00:00,,80.8,,9751772,71.25,3.9583333333333335,6.99,,,0.3,,,,,,,,,"Breakthru Beverage Minnesota Wine & Spirits, LLC",
Twisted Shotz Sex on the Beach 18/4pk,766427003443,Liquor,4pk,18,Independent Distillers,Breakthru Beverage,4cs mix and match of 4pks in a month,ALL,3.9583333333333335,71.25,80.8,5.99,5.96,0.33585011185682323,70.1,2026-06-01 00:00:00,,80.8,,9151699,71.25,3.9583333333333335,6.99,6.49,5.96,0.3,,,,,,,,87,"Breakthru Beverage Minnesota Wine & Spirits, LLC",
Twisted Shotz Suck it Up Butter 18/4pk,766427005294,Liquor,4pk,18,Independent Distillers,Breakthru Beverage,4cs mix and match of 4pks in a month,ALL,3.9583333333333335,71.25,80.8,5.99,5.96,0.33585011185682323,70.1,2026-06-01 00:00:00,,80.8,,9751659,71.25,3.9583333333333335,6.99,6.49,5.96,0.3,,,,,,,,199,"Breakthru Beverage Minnesota Wine & Spirits, LLC",
Twisted Shotz Suck Up Chock Cup 18/4pk,766427005430,Liquor,4pk,18,Independent Distillers,Breakthru Beverage,4cs mix and match of 4pks in a month,ALL,3.9583333333333335,71.25,80.8,5.99,5.96,0.33585011185682323,70.1,2026-06-01 00:00:00,,80.8,,9786501,71.25,3.9583333333333335,6.99,,,0.3,,,,,,,,,"Breakthru Beverage Minnesota Wine & Spirits, LLC",
Twisted Shotz Trad Party Pack,766427003702,Liquor,15pk,6,Independent Distillers,Breakthru Beverage,3cs mix and match of 15pks in a month,ALL,12.925000000000002,77.55000000000001,89.9,18.99,17.96,0.28034521158129166,76.4,2026-06-01 00:00:00,,89.9,,,77.55000000000001,12.925000000000002,21.99,,,0.3,,,,,,,,,"Breakthru Beverage Minnesota Wine & Spirits, LLC",
Twisted Shotz Whatamelon Sour 18/4pk,766427005393,Liquor,4pk,18,Independent Distillers,Breakthru Beverage,4cs mix and match of 4pks in a month,ALL,3.9583333333333335,71.25,80.8,5.99,5.96,0.33585011185682323,70.1,2026-06-01 00:00:00,,80.8,,9786607,71.25,3.9583333333333335,6.99,,,0.3,,,,,,,,,"Breakthru Beverage Minnesota Wine & Spirits, LLC",
Atxa Vermouth Blanco,664841021121,Liquor,750ml,6,,New France Wine,,ALL,16.083333333333332,96.5,102,21.99,22.96,0.29950638792102213,94,2026-06-01 00:00:00,,94,,AtxaBlanco,96.5,16.083333333333332,27.99,27.99,22.96,0.3,,,,,,,,8,"New France Wine Co, Inc",June 1 Update
Atxa Vermouth Rojo,664841021114,Liquor,750ml,6,,New France Wine,,ALL,16.083333333333332,96.5,102,21.99,22.96,0.29950638792102213,94,2026-06-01 00:00:00,,94,,AtxaRojo,96.5,16.083333333333332,27.99,27.99,22.96,0.3,,,,,,,,7,"New France Wine Co, Inc",June 1 Update
Cihuatan Indigo 8yr Rum,816529020173,Liquor,750ml,12,,New France Wine,,ALL,19.208333333333332,230.5,276,29.99,26.96,0.2875247279920871,228,2026-06-01 00:00:00,,228,,CihuatanIndigo,230.5,19.208333333333332,31.99,31.99,26.96,0.3,,,,,,,,2,"New France Wine Co, Inc",June 1 Update
Gruven Potato Vodka,819588013179,Liquor,Liter,12,,New France Wine,Rewards sale pricing,ALL,15.208333333333334,182.5,196,20.99,20.96,0.2744115776081425,180,2026-06-01 00:00:00,,180,,GruvenPotatoVodka,182.5,15.208333333333334,24.99,24.99,20.96,0.3,,,,,,,,4,"New France Wine Co, Inc",June 1 Update
Lecarre VS French Brandy,810000120239,Liquor,750ml,12,,New France Wine,,ALL,22.875,274.5,280,29.99,31.96,0.284261576971214,272,2026-06-01 00:00:00,,272,,LecarreBrandy,274.5,22.875,37.99,37.99,31.96,0.3,,,,,,,,15,"New France Wine Co, Inc",June 1 Update
Mijenta Cristalino Tequila Reposado,850015899034,Spirits,750ml,6,,New France Wine,,ALL,61.083333333333336,366.5,427.5,92.99,69.96,0.12688202782542393,364,2026-06-01 00:00:00,,364,,MijentaCristalano,366.5,61.083333333333336,83.99,83.99,69.96,0.3,,,,,,,,1,"New France Wine Co, Inc",June 1 Update
Revel Avila Cuernavaca RTD Can,860013231330,Spirits,12oz,24,,New France Wine,,All,4.770833333333333,114.5,128,6.99,6.96,0.31453544061302685,112,2026-06-01 00:00:00,,112,,RevelCuernavaca,114.5,4.770833333333333,7.99,7.99,6.96,0.3,,,,,,,,170,"New France Wine Co, Inc",June 1 Update
Revel Avila Spicy Cuernavaca RTD Can,860013231347,Spirits,12oz,24,,New France Wine,,All,4.770833333333333,114.5,128,6.99,6.96,0.31453544061302685,112,2026-06-01 00:00:00,,112,,RevelSpicyCuernavaca,114.5,4.770833333333333,7.99,7.99,6.96,0.3,,,,,,,,133,"New France Wine Co, Inc",June 1 Update
Villa No. 16 French Single Malt Whisky,3554875110700,Spirits,750ml,6,,New France Wine,,ALL,65.41666666666667,392.5,390,84.99,78.96,0.17152144545761555,390,2026-06-01 00:00:00,,390,,Villa16MaltFrench,392.5,65.41666666666667,94.99,94.99,78.96,0.3,,,,,,,,0,"New France Wine Co, Inc",June 1 Update
Akashi Whisky,4969265778597,Liquor,750ml,6,High Road,The Wine Company,Akashi Whisky,ALL,32.583333333333336,195.5,212,45.99,45.96,0.2910501885697708,194,2026-06-01 00:00:00,,212,,18864,195.5,32.583333333333336,54.99,42.99,39.96,0.3,,,,,,,,0,The Wine Company,June 1 Update
Bordiga Apertivo,400000007175,Liquor,Liter,6,Oliver McCrum,The Wine Company, ,ALL,31.583333333333332,189.5,206,44.99,43.96,0.28154382772217174,188,2026-06-01 00:00:00,,188,,19935,189.5,31.583333333333332,52.99,41.99,0,0.3,,,,,,,,5,The Wine Company,June 1 Update
Bordiga Bianco Vermouth,400000010960,Liquor,375ml,6,Oliver Mccrum,The Wine Company,,ALL,20.916666666666668,125.5,132,32.99,28.96,0.2777394106813996,124,2026-06-01 00:00:00,,124,,19946,125.5,20.916666666666668,34.99,,,0.5,,,,,,,,,The Wine Company,June 1 Update
Bordiga Centum Herbis,8000679000754,Liquor,700ml,6,Oliver McCrum,The Wine Company,,ALL,34.583333333333336,207.5,220,47.99,47.96,0.27891298304142337,206,2026-06-01 00:00:00,,206,,24921,207.5,34.583333333333336,57.99,46.99,0,0.3,,,,,,,,0,The Wine Company,June 1 Update
Bordiga Chiot Montamaro,8000679000549,Liquor,750ml,6,Oliver McCrum,The Wine Company,,ALL,32.583333333333336,195.5,212,45.99,45.96,0.2910501885697708,194,2026-06-01 00:00:00,,194,,19939,195.5,32.583333333333336,54.99,39.99,0,0.3,,,,,,,,2,The Wine Company,June 1 Update
Bordiga Extra Dry Vermouth,400000007182,Liquor,375ml,6,Oliver Mccrum,The Wine Company,,ALL,21.25,127.5,134,33.99,29.96,0.290720961281709,126,2026-06-01 00:00:00,,126,,19944,127.5,21.25,35.99,,,0.5,,,,,,,,,The Wine Company,June 1 Update
Bordiga Maraschino Cherry Liqueur,400000007144,Liquor,750ml,6,Oliver McCrum,The Wine Company, ,ALL,32.583333333333336,195.5,212,45.99,45.96,0.2910501885697708,194,2026-06-01 00:00:00,,194,,20395,195.5,32.583333333333336,54.99,43.99,0,0.3,,,,,,,,0,The Wine Company,June 1 Update
Bordiga Occitan Gin,8000679000730,Liquor,Liter,6,Oliver McCrum,The Wine Company, ,ALL,35.583333333333336,213.5,230,49.99,49.96,0.28776354416866823,212,2026-06-01 00:00:00,,212,,19940,213.5,35.583333333333336,59.99,47.99,39.96,0.3,,,,,,,,8,The Wine Company,June 1 Update
Bordiga Rosso Vermouth,8000679000112,Liquor,375ml,6,Oliver Mccrum,The Wine Company,,ALL,20.916666666666668,125.5,132,32.99,28.96,0.2777394106813996,124,2026-06-01 00:00:00,,124,,19942,125.5,20.916666666666668,34.99,31.99,27.96,0.5,,,,,,,,8,The Wine Company,June 1 Update
Bordiga St Hubertus Amaro,400000016399,Liquor,750ml,6,Oliver McCrum,The Wine Company, ,ALL,39.583333333333336,237.5,260,55.99,54.96,0.27977923338185345,236,2026-06-01 00:00:00,,236,,20495,237.5,39.583333333333336,65.99,51.99,0,0.3,,,,,,,,4,The Wine Company,June 1 Update
Dampfwerk Aquavit,852064007170,Liquor,750ml,6,Dampfwerk,The Wine Company, ,ALL,28.916666666666668,173.5,200,42.99,39.96,0.27635969302635965,172,2026-06-01 00:00:00,,184,,23367,173.5,28.916666666666668,47.99,42.99,0,0.3,,,,,,,,7,The Wine Company,June 1 Update
GE Massenez Creme de Mure,012086472220,Liquor,375ml,12,Dreyfus Ashby,The Wine Company,,ALL,13.291666666666666,159.5,172,21.99,18.96,0.2989627285513362,158,2026-06-01 00:00:00,,158,,19116,159.5,13.291666666666666,22.99,17.99,0,0.5,,,,,,,,3,The Wine Company,June 1 Update
Il Gusto di Amalfi Limoncello,400000005621,Liquor,750ml,6,Oliver McCrum,The Wine Company, ,ALL,29.583333333333332,177.5,188,40.99,40.96,0.2777506510416667,176,2026-06-01 00:00:00,,176,,19948,177.5,29.583333333333332,48.99,49.99,0,0.3,,,,,,,,0,The Wine Company,June 1 Update
Legendario Domingo Mezcal Espadin,7500326359149,Liquor,750ml,12,Craft Spirits Cooperative,The Wine Company,,ALL,27.625,331.5,360,38.99,34.96,0.20981121281464532,330,2026-06-01 00:00:00,,330,,23310,331.5,27.625,41.99,41.99,34.96,0.3,,,,,,,,0,The Wine Company,June 1 Update
Ohishi Sherry Cask Whisky,801053400560,Liquor,750ml,12,ImPex,The Wine Company,,ALL,37.625,451.5,476,51.99,46.96,0.19878620102214653,450,2026-06-01 00:00:00,,450,,23406,451.5,37.625,55.99,55.99,46.96,0.3,,,,,,,,21,The Wine Company,June 1 Update
Pinhook (Magenta) Kentucky High Proof Bourbon 2022,860001779677,Liquor,750ml,6,Pinhook,The Wine Company, ,ALL,41.916666666666664,251.5,274,58.99,51.96,0.19328971003335904,250,2026-06-01 00:00:00,,250,,26362,251.5,41.916666666666664,61.99,49.99,0,0.3,,,,,,,,1,The Wine Company,June 1 Update
Saint Louise Brandy,040232478666,Liquor,750ml,6,Courbes,The Wine Company, ,ALL,30.583333333333332,183.5,196,41.99,37.96,0.19432736213558136,182,2026-06-01 00:00:00,,182,,22980,183.5,30.583333333333332,45.99,26.99,0,0.3,,,,,,,,0,The Wine Company,June 1 Update
Far North Roknar Minnesota Rye Whiskey,851702005028,Liquor,750ml,6,Far North,The Wine Company,,ALL,33.916666666666664,203.5,202,43.99,41.96,0.19169049888782974,202,2026-06-01 00:00:00,,186,,25797,203.5,33.916666666666664,49.99,53.99,44.96,0.3,,,,,,,,0,The Wine Company,June 1 Update
Far North Solveig Gin,851702005004,Liquor,750ml,6,Far North,The Wine Company,,ALL,28.583333333333332,171.5,170,36.99,35.96,0.2051353355580275,170,2026-06-01 00:00:00,,156,,25804,171.5,28.583333333333332,42.99,42.99,35.96,0.3,,,,,,,,18,The Wine Company,June 1 Update
Kilchoman Machir Bay,832032043126,Liquor,750ml,6,ImPex,The Wine Company,,,47.916666666666664,287.5,312,67.99,59.96,0.20085612630642655,286,2026-06-01 00:00:00,,286,,19239,287.5,47.916666666666664,71.99,64.99,0,0.3,,,,,,,,5,The Wine Company,June 1 Update
Kilchoman Sanaig Islay,892032044141,Liquor,750ml,6,ImPex,The Wine Company,,,56.916666666666664,341.5,340,73.99,70.96,0.19790492296129272,340,2026-06-01 00:00:00,,318,,19240,341.5,56.916666666666664,84.99,74.99,0,0.3,,,,,,,,0,The Wine Company,June 1 Update
Coquerel Calvados Fine ,3559621710333,Liquor,750ml,6,Winebow,Winebow (Grape Beginnings),,ALL,23.5,141,150,32.99,32.96,0.28701456310679613,141,2026-06-01 00:00:00,,,,30312737,141,23.5,39.99,38.99,32.96,0.3,,,,,,,,2,"Grape Beginnings, Inc.",June 1 Update
Coquerel VSOP Calvados,3559631710319,Liquor,700ml,6,Winebow,Winebow (Grape Beginnings),,ALL,33,198,210,45.99,45.96,0.2819843342036554,198,2026-06-01 00:00:00,,,,30204255,198,33,54.99,,,0.3,,,,,,,,,"Grape Beginnings, Inc.",June 1 Update
El Buho Mezcal,736211630582,Liquor,750ml,6,El Buho,Winebow (Grape Beginnings),,ALL,35,210,219,46.99,43.96,0.20382165605095542,210,2026-06-01 00:00:00,,,,30098495,210,35,52.99,57.99,48.96,0.3,,,,,,,,2,"Grape Beginnings, Inc.",June 1 Update
Paranubes Oaxaca Rum,856847004455,Liquor,Liter,6,,Winebow (Grape Beginnings),,ALL,37,222,234,50.99,51.96,0.287913779830639,222,2026-06-01 00:00:00,,,,30196799,222,37,61.99,60.99,51.96,0.3,,,,,,,,1,"Grape Beginnings, Inc.",June 1 Update
Pitu Rum Cachaca,073811115003,Liquor,Liter,12,,Winebow (Grape Beginnings),,ALL,18.083333333333332,217,231,24.99,24.96,0.2755074786324787,217,2026-06-01 00:00:00,,,,2652006,217,18.083333333333332,29.99,,,0.3,,,,,,,,,"Grape Beginnings, Inc.",June 1 Update
Ten to One Dark Rum,051497029661,Liquor,750ml,6,Ten to One,Winebow (Grape Beginnings),,ALL,34,204,210,45.99,47.96,0.2910758965804838,204,2026-06-01 00:00:00,,,,30375625,204,34,57.99,56.99,47.96,0.3,,,,,,,,4,"Grape Beginnings, Inc.",June 1 Update
Camarena Reposado Tequila,085000017302,Liquor,1.75L,6,Gallo,Johnson Brothers Liquor Co,Case 1,ALL,37.68333333333333,226.1,250,53.99,52.96,0.2884566968781471,225,2026-06-01 00:00:00,,225,,000018326,226.1,37.68333333333333,63.99,53.99,0,0.3,,,,,,,,1,Johnson Brothers - St. Paul,Gallo June 1 Update
Camarena Reposado Tequila,085000017326,Liquor,750ml,12,Gallo,Johnson Brothers Liquor Co,,ALL,18.091666666666665,217.1,285,30.99,24.96,0.2751736111111112,216,2026-06-01 00:00:00,,216,,000018332,217.1,18.091666666666665,29.99,27.99,0,0.3,,,,,,,,11,Johnson Brothers - St. Paul,Gallo June 1 Update
Camarena Silver Tequila,085000016800,Liquor,1.75L,6,Gallo,Johnson Brothers Liquor Co,,ALL,36.35,218.1,250,53.99,50.96,0.28669544740973313,217,2026-06-01 00:00:00,,217,,000018327,218.1,36.35,60.99,53.99,0,0.3,,,,,,,,5,Johnson Brothers - St. Paul,Gallo June 1 Update
Camarena Silver Tequila,085000016817,Liquor,Liter,12,Gallo,Johnson Brothers Liquor Co,,ALL,21.925,263.1,292,31.99,30.96,0.291828165374677,262,2026-06-01 00:00:00,,262,,000020876,263.1,21.925,36.99,31.99,0,0.3,,,,,,,,0,Johnson Brothers - St. Paul,Gallo June 1 Update
Camarena Silver Tequila,085000016824,Liquor,750ml,12,Gallo,Johnson Brothers Liquor Co,,ALL,17.341666666666665,208.1,285,30.99,23.96,0.27622426265998895,207,2026-06-01 00:00:00,,207,,000018325,208.1,17.341666666666665,28.99,27.99,0,0.3,,,,,,,,65,Johnson Brothers - St. Paul,Gallo June 1 Update
High Noon BEACH Variety 12-Pack,085000040065,Liquor,12pk 12oz cn,2,Gallo,Johnson Brothers Liquor Co,6 bottles free on every 16cs of High Noon 12pk.  May/Aug 1/10,May/Aug,22.14090909090909,44.28181818181818,63,40.99,26.96,0.17874966280010793,47.5,2026-06-01 00:00:00,,49.5,,1749879,44.28181818181818,22.14090909090909,31.99,,,0.3,,,,,,,,,Johnson Brothers - St. Paul,Gallo June 1 Update
High Noon Variety Pack,085000029862,Liquor,12pk 12oz cn,2,Gallo,Johnson Brothers Liquor Co,6 bottles free on every 16cs of High Noon 12pk.  May/Aug 1/10,May/Aug,22.14090909090909,44.28181818181818,63,40.99,26.96,0.17874966280010793,47.5,2026-06-01 00:00:00,,49.5,,001880208,44.28181818181818,22.14090909090909,31.99,32.99,27.96,0.3,,,,,,,,294,Johnson Brothers - St. Paul,Gallo June 1 Update
High Noon Black Cherry,085000429273,Liquor,4pk 12oz can,6,Gallo,Johnson Brothers Liquor Co,Deep Net,May/Aug,8.433333333333334,50.6,63,13.99,11.96,0.2948717948717949,49.5,2026-06-01 00:00:00,,54,,001920942,50.6,8.433333333333334,13.99,13.79,11.96,0.3,,,,,,,,59,Johnson Brothers - St. Paul,Gallo June 1 Update
High Noon Grapefruit,085000426272,Liquor,4pk 12oz can,6,Gallo,Johnson Brothers Liquor Co,Deep Net,May/Aug,8.433333333333334,50.6,63,13.99,11.96,0.2948717948717949,49.5,2026-06-01 00:00:00,,54,,001551178,50.6,8.433333333333334,13.99,13.79,11.96,0.3,,,,,,,,74,Johnson Brothers - St. Paul,Gallo June 1 Update
High Noon Lemon,085000434260,Liquor,4pk 12oz can,6,Gallo,Johnson Brothers Liquor Co,Deep Net,May/Aug,8.433333333333334,50.6,63,13.99,11.96,0.2948717948717949,49.5,2026-06-01 00:00:00,,54,,001022787,50.6,8.433333333333334,13.99,13.79,11.96,0.3,,,,,,,,50,Johnson Brothers - St. Paul,Gallo June 1 Update
High Noon Lime,085000430958,Liquor,4pk 12oz can,6,Gallo,Johnson Brothers Liquor Co,Deep Net,May/Aug,8.433333333333334,50.6,63,13.99,11.96,0.2948717948717949,49.5,2026-06-01 00:00:00,,54,,001631908,50.6,8.433333333333334,13.99,13.79,11.96,0.3,,,,,,,,63,Johnson Brothers - St. Paul,Gallo June 1 Update
High Noon Mango,085000432327,Liquor,4pk 12oz can,6,Gallo,Johnson Brothers Liquor Co,Deep Net,May/Aug,8.433333333333334,50.6,63,13.99,11.96,0.2948717948717949,49.5,2026-06-01 00:00:00,,54,,001274468,50.6,8.433333333333334,13.99,13.79,11.96,0.3,,,,,,,,68,Johnson Brothers - St. Paul,Gallo June 1 Update
High Noon Passionfruit,085000432563,Liquor,4pk 12oz can,6,Gallo,Johnson Brothers Liquor Co,Deep Net,May/Aug,8.433333333333334,50.6,63,13.99,11.96,0.2948717948717949,49.5,2026-06-01 00:00:00,,54,,001201759,50.6,8.433333333333334,13.99,13.79,11.96,0.3,,,,,,,,55,Johnson Brothers - St. Paul,Gallo June 1 Update
High Noon Peach,085000431375,Liquor,4pk 12oz can,6,Gallo,Johnson Brothers Liquor Co,Deep Net,May/Aug,8.433333333333334,50.6,63,13.99,11.96,0.2948717948717949,49.5,2026-06-01 00:00:00,,54,,001276032,50.6,8.433333333333334,13.99,13.79,11.96,0.3,,,,,,,,92,Johnson Brothers - St. Paul,Gallo June 1 Update
High Noon Pineapple,085000429266,Liquor,4pk 12oz can,6,Gallo,Johnson Brothers Liquor Co,Deep Net,May/Aug,8.433333333333334,50.6,63,13.99,11.96,0.2948717948717949,49.5,2026-06-01 00:00:00,,54,,001761846,50.6,8.433333333333334,13.99,13.79,11.96,0.3,,,,,,,,113,Johnson Brothers - St. Paul,Gallo June 1 Update
High Noon Watermelon,085000429259,Liquor,4pk 12oz can,6,Gallo,Johnson Brothers Liquor Co,Deep Net,May/Aug,8.433333333333334,50.6,63,13.99,11.96,0.2948717948717949,49.5,2026-06-01 00:00:00,,54,,001069422,50.6,8.433333333333334,13.99,13.79,11.96,0.3,,,,,,,,55,Johnson Brothers - St. Paul,Gallo June 1 Update
High Noon DAY Variety 8-Pack,085000040058,Liquor,8pk 12oz can,3,Gallo,Johnson Brothers Liquor Co, Deep Net ,May/Aug,17.7,53.1,63,26.99,24.96,0.2908653846153847,52,2026-06-01 00:00:00,,49.5,,1436411,53.1,17.7,29.99,21.99,0,0.3,,,,,,,,1,Johnson Brothers - St. Paul,Gallo June 1 Update
High Noon Iced Tea Variety Pk,085000038963,Liquor,8pk 12oz can,3,Gallo,Johnson Brothers Liquor Co, Deep Net ,June,16.866666666666667,50.6,63,26.99,19.96,0.15497661990647965,49.5,2026-06-01 00:00:00,,52,,1546753,50.6,16.866666666666667,23.99,24.99,21.96,0.3,,,,,,,,52,Johnson Brothers - St. Paul,Gallo June 1 Update
High Noon Tequila FIESTA PACK,085000037393,Liquor,8pk 12oz can,3,Gallo,Johnson Brothers Liquor Co, Deep Net ,June,18.366666666666667,55.1,67.5,28.99,21.96,0.16363084395871283,54,2026-06-01 00:00:00,,56.5,,1874927,55.1,18.366666666666667,25.99,29.99,24.96,0.3,,,,,,,,88,Johnson Brothers - St. Paul,Gallo June 1 Update
High Noon Tequila Seltzer Variety ,085000036099,Liquor,8pk 12oz can,3,Gallo,Johnson Brothers Liquor Co, Deep Net ,June,18.366666666666667,55.1,67.5,28.99,21.96,0.16363084395871283,54,2026-06-01 00:00:00,,56.5,,1077117,55.1,18.366666666666667,25.99,29.99,24.96,0.3,,,,,,,,74,Johnson Brothers - St. Paul,Gallo June 1 Update
High Noon Tropical Variety Pack,085000032558,Liquor,8pk 12oz can,3,Gallo,Johnson Brothers Liquor Co, Deep Net ,May/Aug,17.7,53.1,63,26.99,24.96,0.2908653846153847,52,2026-06-01 00:00:00,,49.5,,001469521,53.1,17.7,29.99,24.99,21.96,0.3,,,,,,,,147,Johnson Brothers - St. Paul,Gallo June 1 Update
High Noon Variety Pack,085000031513,Liquor,8pk 12oz can,3,Gallo,Johnson Brothers Liquor Co, Deep Net ,May/Aug,17.7,53.1,63,26.99,24.96,0.2908653846153847,52,2026-06-01 00:00:00,,49.5,,001025767,53.1,17.7,29.99,24.99,21.96,0.3,,,,,,,,186,Johnson Brothers - St. Paul,Gallo June 1 Update
High Noon Iced Tea Lake Pk Variety 8pk,085000040195,Liquor,8pk 12oz can,3,Gallo,Johnson Brothers Liquor Co,Deep Net,June,16.866666666666667,50.6,63,26.99,19.96,0.15497661990647965,49.5,2026-06-01 00:00:00,,52,,1391122,50.6,16.866666666666667,23.99,,,0.3,,,,,,,,,Johnson Brothers - St. Paul,Gallo June 1 Update
John Barr Reserve Blend Scotch,087647111962,Liquor,750ml,12,Gallo,Johnson Brothers Liquor Co,,ALL,15.424999999999999,185.1,184,19.99,21.96,0.29758652094717675,184,2026-06-01 00:00:00,,184,,000027469,185.1,15.424999999999999,25.99,22.99,0,0.3,,,,,,,,0,Johnson Brothers - St. Paul,Gallo June 1 Update
New Amsterdam Apple Vodka,085000024881,Liquor,1.75L,6,Gallo,Johnson Brothers Liquor Co,1 free on 20 NAV 1.75 May/June.  Deep $90 invoice All months,May/July,14.469047619047616,86.8142857142857,108.5,23.99,19.96,0.27509781467697314,90,2026-06-01 00:00:00,,90,,001145269,86.8142857142857,14.469047619047616,23.99,23.49,19.96,0.3,,,,,,,,76,Johnson Brothers - St. Paul,Gallo June 1 Update
New Amsterdam Grapefruit Vodka,085000023761,Liquor,1.75L,6,Gallo,Johnson Brothers Liquor Co,1 free on 20 NAV 1.75 May/June.  Deep $90 invoice All months,May/July,14.469047619047616,86.8142857142857,108.5,23.99,19.96,0.27509781467697314,90,2026-06-01 00:00:00,,90,,001822206,86.8142857142857,14.469047619047616,23.99,23.49,19.96,0.3,,,,,,,,26,Johnson Brothers - St. Paul,Gallo June 1 Update
New Amsterdam Lemon,085000026540,Liquor,1.75L,6,Gallo,Johnson Brothers Liquor Co,1 free on 20 NAV 1.75 May/June.  Deep $90 invoice All months,May/July,14.469047619047616,86.8142857142857,108.5,23.99,19.96,0.27509781467697314,90,2026-06-01 00:00:00,,90,,001901318,86.8142857142857,14.469047619047616,23.99,23.49,19.96,0.3,,,,,,,,28,Johnson Brothers - St. Paul,Gallo June 1 Update
New Amsterdam Mango Vodka,085000023204,Liquor,1.75L,6,Gallo,Johnson Brothers Liquor Co,1 free on 20 NAV 1.75 May/June.  Deep $90 invoice All months,May/July,14.469047619047616,86.8142857142857,108.5,23.99,19.96,0.27509781467697314,90,2026-06-01 00:00:00,,90,,000025343,86.8142857142857,14.469047619047616,23.99,23.49,19.96,0.3,,,,,,,,86,Johnson Brothers - St. Paul,Gallo June 1 Update
New Amsterdam Passionfruit,085000034200,Liquor,1.75L,6,Gallo,Johnson Brothers Liquor Co,1 free on 20 NAV 1.75 May/June.  Deep $90 invoice All months,ALL,14.469047619047616,86.8142857142857,108.5,23.99,19.96,0.27509781467697314,90,2026-06-01 00:00:00,,90,,001844709,86.8142857142857,14.469047619047616,23.99,23.49,19.96,0.3,,,,,,,,28,Johnson Brothers - St. Paul,Gallo June 1 Update
New Amsterdam Peach Vodka,085000021651,Liquor,1.75L,6,Gallo,Johnson Brothers Liquor Co,1 free on 20 NAV 1.75 May/June.  Deep $90 invoice All months,May/July,14.469047619047616,86.8142857142857,108.5,23.99,19.96,0.27509781467697314,90,2026-06-01 00:00:00,,90,,000023530,86.8142857142857,14.469047619047616,23.99,23.49,19.96,0.3,,,,,,,,61,Johnson Brothers - St. Paul,Gallo June 1 Update
New Amsterdam Pineapple,085000022337,Liquor,1.75L,6,Gallo,Johnson Brothers Liquor Co,1 free on 20 NAV 1.75 May/June.  Deep $90 invoice All months,May/July,14.469047619047616,86.8142857142857,108.5,23.99,19.96,0.27509781467697314,90,2026-06-01 00:00:00,,90,,000023940,86.8142857142857,14.469047619047616,23.99,23.49,19.96,0.3,,,,,,,,54,Johnson Brothers - St. Paul,Gallo June 1 Update
New Amsterdam Pineapple,805000022337,Liquor,1.75L,6,Gallo,Johnson Brothers Liquor Co,1 free on 20 NAV 1.75 May/June.  Deep $90 invoice All months,May/July,14.469047619047616,86.8142857142857,108.5,23.99,19.96,0.27509781467697314,90,2026-06-01 00:00:00,,90,,000023940,86.8142857142857,14.469047619047616,23.99,,,0.3,,,,,,,,,Johnson Brothers - St. Paul,Gallo June 1 Update
New Amsterdam Pink Whitney,085000031360,Liquor,1.75L,6,Gallo,Johnson Brothers Liquor Co,1 free on 20 Solid PW 1.75 June/Aug/Oct.  Deep $104 invoice All months,June/Aug/Oct,15.866666666666665,95.19999999999999,113,23.99,21.96,0.2774741955069825,104,2026-06-01 00:00:00,,104,,1300577,95.19999999999999,15.866666666666665,25.99,23.49,19.96,0.3,,,,,,,,105,Johnson Brothers - St. Paul,Gallo June 1 Update
New Amsterdam Raspberry,085000026175,Liquor,1.75L,6,Gallo,Johnson Brothers Liquor Co,1 free on 20 NAV 1.75 May/June.  Deep $90 invoice All months,May/July,14.469047619047616,86.8142857142857,108.5,23.99,19.96,0.27509781467697314,90,2026-06-01 00:00:00,,90,,001246487,86.8142857142857,14.469047619047616,23.99,24.99,20.96,0.3,,,,,,,,120,Johnson Brothers - St. Paul,Gallo June 1 Update
New Amsterdam Red Berry,085000021675,Liquor,1.75L,6,Gallo,Johnson Brothers Liquor Co,1 free on 20 NAV 1.75 May/June.  Deep $90 invoice All months,May/July,14.469047619047616,86.8142857142857,108.5,23.99,19.96,0.27509781467697314,90,2026-06-01 00:00:00,,90,,000023533,86.8142857142857,14.469047619047616,23.99,23.49,19.96,0.3,,,,,,,,40,Johnson Brothers - St. Paul,Gallo June 1 Update
New Amsterdam Tangerine,085000034835,Liquor,1.75L,6,Gallo,Johnson Brothers Liquor Co,1 free on 20 NAV 1.75 May/June.  Deep $90 invoice All months,May/July,14.469047619047616,86.8142857142857,108.5,23.99,19.96,0.27509781467697314,90,2026-06-01 00:00:00,,90,,1953326,86.8142857142857,14.469047619047616,23.99,23.49,19.96,0.3,,,,,,,,18,Johnson Brothers - St. Paul,Gallo June 1 Update
New Amsterdam Vodka,085000019511,Liquor,1.75L,6,Gallo,Johnson Brothers Liquor Co,1 free on 20 NAV 1.75 May/June.  Deep $90 invoice All months,May/July,14.469047619047616,86.8142857142857,108.5,23.99,19.96,0.27509781467697314,90,2026-06-01 00:00:00,,90,,000019065,86.8142857142857,14.469047619047616,23.99,22.49,18.96,0.3,,,,,,,,439,Johnson Brothers - St. Paul,Gallo June 1 Update
New Amsterdam Watermelon,085000030943,Liquor,1.75L,6,Gallo,Johnson Brothers Liquor Co,1 free on 20 NAV 1.75 May/June.  Deep $90 invoice All months,May/July,14.469047619047616,86.8142857142857,108.5,23.99,19.96,0.27509781467697314,90,2026-06-01 00:00:00,,90,,001607608,86.8142857142857,14.469047619047616,23.99,23.49,19.96,0.3,,,,,,,,41,Johnson Brothers - St. Paul,Gallo June 1 Update
Rum Chata,890355051198,Liquor,750ml,12,Gallo,Johnson Brothers Liquor Co,DEEP NET,ALL,17.758333333333333,213.1,225,23.99,23.96,0.2588341680578743,212,2026-06-01 00:00:00,,212,,000021652,213.1,17.758333333333333,27.99,27.99,22.96,0.3,,,,,,,,101,Johnson Brothers - St. Paul,Gallo June 1 Update
Rum Chata Coconut Cream,085000035764,Liquor,750ml,12,Gallo,Johnson Brothers Liquor Co,DEEP NET,ALL,17.758333333333333,213.1,225,23.99,23.96,0.2588341680578743,212,2026-06-01 00:00:00,,212,,1655737,213.1,17.758333333333333,27.99,25.99,21.96,0.3,,,,,,,,2,Johnson Brothers - St. Paul,Gallo June 1 Update
Rum Chata Peppermint Bark,890355001551,Liquor,750ml,12,Gallo,Johnson Brothers Liquor Co,DEEP NET,ALL,17.758333333333333,213.1,225,23.99,23.96,0.2588341680578743,212,2026-06-01 00:00:00,,212,,001519824,213.1,17.758333333333333,27.99,27.99,22.96,0.3,,,,,,,,1,Johnson Brothers - St. Paul,Gallo June 1 Update
Rum Chata Pineapple Cream 750ml,085000037652,Liquor,750ml,12,Gallo,Johnson Brothers Liquor Co,DEEP NET,ALL,17.758333333333333,213.1,225,23.99,23.96,0.2588341680578743,212,2026-06-01 00:00:00,,212,,1400368,213.1,17.758333333333333,27.99,25.99,21.96,0.3,,,,,,,,0,Johnson Brothers - St. Paul,Gallo June 1 Update
Canadian Hunter,89708732406,Liquor,50ml,120,Beam / Suntory,Breakthru Beverage,,ALL,0.68625,82.35000000000001,81.2,0.99,0.96,0.28515624999999994,81.2,2026-07-01 00:00:00,, ,,9020042,82.35000000000001,0.68625,0.99,,,0.5,,,,,,,,,"Breakthru Beverage Minnesota Wine & Spirits, LLC",
Canadian Mist ,081128723347,Liquor,50ml,120,Sazerac,Breakthru Beverage,"150cs 50ml purchase in a month (Buffalo Trace Cream, Canadian Mist, Dr Mcgil, Fireball, Goldschlager, Hartley Brandy, Margaritaville, Parrot Bay, Platinum 7x, R&R, Scoresby, Sheep Dog, SoCo, Taaka, Traveller, Wheately, Yukon Jack)",ALL,0.6016666666666667,72.2,81.2,0.99,0.96,0.37326388888888884,71.05,2026-07-01 00:00:00,,,,30296,72.2,0.6016666666666667,0.99,1.49,1.24,0.5,,,,,,,,837,"Breakthru Beverage Minnesota Wine & Spirits, LLC",
Dr McGillicuddy's Apple Pie,088004021788,Liquor,100ml,48,Sazerac,Breakthru Beverage,25cs mix and match,ALL,1.0497916666666667,50.39,65,1.99,0.96,-0.09353298611111116,49.24,2026-07-01 00:00:00,, ,,9259232,50.39,1.0497916666666667,0.99,,,0.5,,,,,,,,,"Breakthru Beverage Minnesota Wine & Spirits, LLC",
Dr Mcgillicuddy's Cherry,88004024659,Liquor,100ml,48,Sazerac,Breakthru Beverage,25cs mix and match,ALL,1.0497916666666667,50.39,65,1.99,0.96,-0.09353298611111116,49.24,2026-07-01 00:00:00,, ,,9252884,50.39,1.0497916666666667,0.99,,,0.5,,,,,,,,,"Breakthru Beverage Minnesota Wine & Spirits, LLC",
Dr McGillicuddy's Mentholmint,88004021771,Liquor,100ml,48,Sazerac,Breakthru Beverage,25cs mix and match,ALL,1.0497916666666667,50.39,65,1.99,0.96,-0.09353298611111116,49.24,2026-07-01 00:00:00,, ,,9219499,50.39,1.0497916666666667,0.99,,,0.5,,,,,,,,,"Breakthru Beverage Minnesota Wine & Spirits, LLC",
Dr McGillicuddy's Peach,088004009793,Liquor,50ml,120,Sazerac,Breakthru Beverage,"150cs 50ml purchase in a month (Buffalo Trace Cream, Canadian Mist, Dr Mcgil, Fireball, Goldschlager, Hartley Brandy, Margaritaville, Parrot Bay, Platinum 7x, R&R, Scoresby, Sheep Dog, SoCo, Taaka, Traveller, Wheately, Yukon Jack)",ALL,0.6016666666666667,72.2,81.2,0.99,0.96,0.37326388888888884,71.05,2026-07-01 00:00:00,,,,9219507,72.2,0.6016666666666667,0.99,,,0.5,,,,,,,,,"Breakthru Beverage Minnesota Wine & Spirits, LLC",
Dr McGillicuddy's Wild Grape,088004009540,Liquor,Liter,12,Sazerac,Breakthru Beverage,15cs purchase in a month,ALL,12.845833333333333,154.15,171,18.99,16.96,0.24258058176100633,153,2026-07-01 00:00:00,, ,,9219497,154.15,12.845833333333333,19.99,,,0.3,,,,,,,,,"Breakthru Beverage Minnesota Wine & Spirits, LLC",
Dr McGillicuddys Apple Pie,088004009755,Liquor,50ml,120,Sazerac,Breakthru Beverage,"150cs 50ml purchase in a month (Buffalo Trace Cream, Canadian Mist, Dr Mcgil, Fireball, Goldschlager, Hartley Brandy, Margaritaville, Parrot Bay, Platinum 7x, R&R, Scoresby, Sheep Dog, SoCo, Taaka, Traveller, Wheately, Yukon Jack)",ALL,0.6016666666666667,72.2,81.2,0.99,0.96,0.37326388888888884,71.05,2026-07-01 00:00:00,,,,9219465,72.2,0.6016666666666667,0.99,1.49,1.24,0.5,,,,,,,,638,"Breakthru Beverage Minnesota Wine & Spirits, LLC",
Dr McGillicuddys Apple Pie,088004009748,Liquor,750ml,12,Sazerac,Breakthru Beverage,15cs purchase in a month,ALL,9.845833333333333,118.15,135,14.99,12.96,0.24029063786008237,117,2026-07-01 00:00:00,, ,,9219470,118.15,9.845833333333333,14.99,16.99,14.96,0.3,,,,,,,,0,"Breakthru Beverage Minnesota Wine & Spirits, LLC",
Dr McGillicuddys Apple Pie,088004009694,Liquor,Liter,12,Sazerac,Breakthru Beverage,15cs purchase in a month,ALL,12.845833333333333,154.15,171,18.99,16.96,0.24258058176100633,153,2026-07-01 00:00:00,, ,,9219463,154.15,12.845833333333333,19.99,,,0.3,,,,,,,,,"Breakthru Beverage Minnesota Wine & Spirits, LLC",
Dr McGillicuddys Butterscotch,088004020323,Liquor,50ml,120,Sazerac,Breakthru Beverage,"150cs 50ml purchase in a month (Buffalo Trace Cream, Canadian Mist, Dr Mcgil, Fireball, Goldschlager, Hartley Brandy, Margaritaville, Parrot Bay, Platinum 7x, R&R, Scoresby, Sheep Dog, SoCo, Taaka, Traveller, Wheately, Yukon Jack)",ALL,0.6016666666666667,72.2,81.2,0.99,0.96,0.37326388888888884,71.05,2026-07-01 00:00:00,,,,9219489,72.2,0.6016666666666667,0.99,1.49,1.24,0.5,,,,,,,,865,"Breakthru Beverage Minnesota Wine & Spirits, LLC",
Dr McGillicuddys Butterscotch,088004030056,Liquor,Traveler,12,Sazerac,Breakthru Beverage,15cs purchase in a month,ALL,9.845833333333333,118.15,135,14.99,12.96,0.24029063786008237,117,2026-07-01 00:00:00,, ,,9286926,118.15,9.845833333333333,14.99,15.99,0,0.3,,,,,,,,38,"Breakthru Beverage Minnesota Wine & Spirits, LLC",
Dr McGillicuddys Cherry,088004148201,Liquor,1.75L,6,Sazerac,Breakthru Beverage,15cs purchase in a month,ALL,19.691666666666666,118.15,130.5,27.99,26.96,0.26959693372898125,117,2026-07-01 00:00:00,, ,,9219491,118.15,19.691666666666666,31.99,31.99,25.96,0.3,,,,,,,,0,"Breakthru Beverage Minnesota Wine & Spirits, LLC",
Dr McGillicuddys Cherry,088004148263,Liquor,50ml,120,Sazerac,Breakthru Beverage,"150cs 50ml purchase in a month (Buffalo Trace Cream, Canadian Mist, Dr Mcgil, Fireball, Goldschlager, Hartley Brandy, Margaritaville, Parrot Bay, Platinum 7x, R&R, Scoresby, Sheep Dog, SoCo, Taaka, Traveller, Wheately, Yukon Jack)",ALL,0.6016666666666667,72.2,81.2,0.99,0.96,0.37326388888888884,71.05,2026-07-01 00:00:00,,,,9031403,72.2,0.6016666666666667,0.99,1.49,1.24,0.5,,,,,,,,978,"Breakthru Beverage Minnesota Wine & Spirits, LLC",
Dr McGillicuddys Cherry,088004148218,Liquor,Liter,12,Sazerac,Breakthru Beverage,15cs purchase in a month,ALL,12.845833333333333,154.15,171,18.99,16.96,0.24258058176100633,153,2026-07-01 00:00:00,,0,,9031400,154.15,12.845833333333333,19.99,19.99,17.96,0.3,,,,,,,,73,"Breakthru Beverage Minnesota Wine & Spirits, LLC",
Dr McGillicuddys Cherry,88004148232,Liquor,Traveler,12,Sazerac,Breakthru Beverage,15cs purchase in a month,ALL,9.845833333333333,118.15,135,14.99,12.96,0.24029063786008237,117,2026-07-01 00:00:00,, ,,9031405,118.15,9.845833333333333,14.99,,,0.3,,,,,,,,,"Breakthru Beverage Minnesota Wine & Spirits, LLC",
Dr McGillicuddys Mentholmint,088004144029,Liquor,1.75L,6,Sazerac,Breakthru Beverage,15cs purchase in a month,ALL,19.691666666666666,118.15,130.5,27.99,26.96,0.26959693372898125,117,2026-07-01 00:00:00,, ,,9220648,118.15,19.691666666666666,31.99,,,0.3,,,,,,,,,"Breakthru Beverage Minnesota Wine & Spirits, LLC",
Dr McGillicuddys Mentholmint,088004144081,Liquor,50ml,120,Sazerac,Breakthru Beverage,"150cs 50ml purchase in a month (Buffalo Trace Cream, Canadian Mist, Dr Mcgil, Fireball, Goldschlager, Hartley Brandy, Margaritaville, Parrot Bay, Platinum 7x, R&R, Scoresby, Sheep Dog, SoCo, Taaka, Traveller, Wheately, Yukon Jack)",ALL,0.6016666666666667,72.2,81.2,0.99,0.96,0.37326388888888884,71.05,2026-07-01 00:00:00,,,,9031417,72.2,0.6016666666666667,0.99,1.49,1.24,0.5,,,,,,,,1253,"Breakthru Beverage Minnesota Wine & Spirits, LLC",
Dr McGillicuddys Mentholmint,088004144036,Liquor,Liter,12,Sazerac,Breakthru Beverage,15cs purchase in a month,ALL,12.845833333333333,154.15,171,18.99,16.96,0.24258058176100633,153,2026-07-01 00:00:00,, ,,9031414,154.15,12.845833333333333,19.99,19.99,16.96,0.3,,,,,,,,0,"Breakthru Beverage Minnesota Wine & Spirits, LLC",
Dr McGillicuddys Mentholmint,088004144449,Liquor,Traveler,12,Sazerac,Breakthru Beverage,15cs purchase in a month,ALL,9.845833333333333,118.15,135,14.99,12.96,0.24029063786008237,117,2026-07-01 00:00:00,, ,,9227389,118.15,9.845833333333333,14.99,17.49,14.96,0.3,,,,,,,,155,"Breakthru Beverage Minnesota Wine & Spirits, LLC",
Dr McGillicuddys Root Beer,088004009625,Liquor,750ml,12,Sazerac,Breakthru Beverage,15cs purchase in a month,ALL,9.845833333333333,118.15,135,14.99,12.96,0.24029063786008237,117,2026-07-01 00:00:00,, ,,9219511,118.15,9.845833333333333,14.99,16.99,12.96,0.3,,,,,,,,0,"Breakthru Beverage Minnesota Wine & Spirits, LLC",
Dr McGillicuddys Vanilla,088004144913,Liquor,50ml,120,Sazerac,Breakthru Beverage,"150cs 50ml purchase in a month (Buffalo Trace Cream, Canadian Mist, Dr Mcgil, Fireball, Goldschlager, Hartley Brandy, Margaritaville, Parrot Bay, Platinum 7x, R&R, Scoresby, Sheep Dog, SoCo, Taaka, Traveller, Wheately, Yukon Jack)",ALL,0.6016666666666667,72.2,81.2,0.99,0.96,0.37326388888888884,71.05,2026-07-01 00:00:00,,,,9031423,72.2,0.6016666666666667,0.99,,,0.5,,,,,,,,,"Breakthru Beverage Minnesota Wine & Spirits, LLC",
Dr McGillicuddys Vanilla Traveler,88004144647,Liquor,Traveler,12, ,Breakthru Beverage,15cs purchase in a month,ALL,9.845833333333333,118.15,135,14.99,12.96,0.24029063786008237,117,2026-07-01 00:00:00,, ,,9220634,118.15,9.845833333333333,14.99,14.99,0,0.3,,,,,,,,26,"Breakthru Beverage Minnesota Wine & Spirits, LLC",
Dr McGillicuddys Wild Grape,088004030063,Liquor,Traveler,12,Sazerac,Breakthru Beverage,15cs purchase in a month,ALL,9.845833333333333,118.15,135,14.99,12.96,0.24029063786008237,117,2026-07-01 00:00:00,, ,,9286927,118.15,9.845833333333333,14.99,15.99,0,0.3,,,,,,,,0,"Breakthru Beverage Minnesota Wine & Spirits, LLC",
Dr McGilluddy's Peach,088004009762,Liquor,Liter,12,Sazerac,Breakthru Beverage,15cs purchase in a month,ALL,12.845833333333333,154.15,171,18.99,16.96,0.24258058176100633,153,2026-07-01 00:00:00,, ,,9219504,154.15,12.845833333333333,19.99,,,0.3,,,,,,,,,"Breakthru Beverage Minnesota Wine & Spirits, LLC",
DrMcGillicuddy's Wild Grape,088004009588,Liquor,50ml,120,Sazerac,Breakthru Beverage,"150cs 50ml purchase in a month (Buffalo Trace Cream, Canadian Mist, Dr Mcgil, Fireball, Goldschlager, Hartley Brandy, Margaritaville, Parrot Bay, Platinum 7x, R&R, Scoresby, Sheep Dog, SoCo, Taaka, Traveller, Wheately, Yukon Jack)",ALL,0.6016666666666667,72.2,81.2,0.99,0.96,0.37326388888888884,71.05,2026-07-01 00:00:00,,,,9219498,72.2,0.6016666666666667,0.99,1.49,1.24,0.5,,,,,,,,1004,"Breakthru Beverage Minnesota Wine & Spirits, LLC",
Fireball Blazin' Apple,088004069148,Liquor,750ml,12,Sazerac,Breakthru Beverage,25cs purchase equity sizes in a month,ALL,9.095833333333333,109.15,125.91,13.99,11.96,0.23947881828316617,108,2026-07-01 00:00:00,,,,9768706,109.15,9.095833333333333,13.99,15.99,11.96,0.3,,,,,,,,341,"Breakthru Beverage Minnesota Wine & Spirits, LLC",
Fireball Blazin' Apple,088004069148,Liquor,750ml,12,Sazerac,Breakthru Beverage,150cs chain buy equity sizes during pulse months,March|June|September|December,8.345833333333333,100.15,125.91,13.99,10.96,0.23851885644768864,99,2026-07-01 00:00:00,,,,9768706,100.15,8.345833333333333,12.99,15.99,11.96,0.3,,,,,,,,341,"Breakthru Beverage Minnesota Wine & Spirits, LLC",
Fireball Blazin' Apple,088004074562,Liquor,Liter,12,Sazerac,Breakthru Beverage,25cs purchase equity sizes in a month,ALL,12.845833333333333,154.15,162,17.99,16.96,0.24258058176100633,153,2026-07-01 00:00:00,,,,9771463,154.15,12.845833333333333,19.99,18.99,15.96,0.3,,,,,,,,142,"Breakthru Beverage Minnesota Wine & Spirits, LLC",
Fireball Blazin' Apple,088004074562,Liquor,Liter,12,Sazerac,Breakthru Beverage,150cs chain buy equity sizes during pulse months,March|June|September|December,11.720833333333333,140.65,162,17.99,15.96,0.2656119465329992,139.5,2026-07-01 00:00:00,,,,9771463,140.65,11.720833333333333,18.99,18.99,15.96,0.3,,,,,,,,142,"Breakthru Beverage Minnesota Wine & Spirits, LLC",
Fireball Blazin' Apple PET,088004069162,Liquor,10x50ml,120,Sazerac,Breakthru Beverage,"150cs 50ml purchase in a month (Buffalo Trace Cream, Canadian Mist, Dr Mcgil, Fireball, Goldschlager, Hartley Brandy, Margaritaville, Parrot Bay, Platinum 7x, R&R, Scoresby, Sheep Dog, SoCo, Taaka, Traveller, Wheately, Yukon Jack)",ALL,0.6016666666666667,72.2,81.2,0.99,0.96,0.37326388888888884,71.05,2026-07-01 00:00:00,,,,9768707,72.2,0.6016666666666667,0.99,,,0.3,,,,,,,,,"Breakthru Beverage Minnesota Wine & Spirits, LLC",
Fireball Blazin' Apple PET,088004069131,Liquor,750ml,12,Sazerac,Breakthru Beverage,25cs purchase equity sizes in a month,ALL,9.095833333333333,109.15,125.91,13.99,11.96,0.23947881828316617,108,2026-07-01 00:00:00,,,,9768705,109.15,9.095833333333333,13.99,,,0.3,,,,,,,,,"Breakthru Beverage Minnesota Wine & Spirits, LLC",
Fireball Blazin' Apple PET,088004069131,Liquor,750ml,12,Sazerac,Breakthru Beverage,150cs chain buy equity sizes during pulse months,ALL,8.345833333333333,100.15,125.91,13.99,10.96,0.23851885644768864,99,2026-07-01 00:00:00,,,,9768705,100.15,8.345833333333333,12.99,,,0.3,,,,,,,,,"Breakthru Beverage Minnesota Wine & Spirits, LLC",
Fireball Blazin' Apple PET,088004069155,Liquor,50ml,120,Sazerac,Breakthru Beverage,"150cs 50ml purchase in a month (Buffalo Trace Cream, Canadian Mist, Dr Mcgil, Fireball, Goldschlager, Hartley Brandy, Margaritaville, Parrot Bay, Platinum 7x, R&R, Scoresby, Sheep Dog, SoCo, Taaka, Traveller, Wheately, Yukon Jack)",ALL,0.6016666666666667,72.2,81.2,0.99,0.96,0.37326388888888884,71.05,2026-07-01 00:00:00,,,,9768707,72.2,0.6016666666666667,0.99,1.49,1.24,0.5,,,,,,,,2287,"Breakthru Beverage Minnesota Wine & Spirits, LLC",
Fireball Party Bucket,088004029296,Liquor,50ml x 20pk,6,Sazerac,Breakthru Beverage,"150cs 50ml purchase in a month (Buffalo Trace Cream, Canadian Mist, Dr Mcgil, Fireball, Goldschlager, Hartley Brandy, Margaritaville, Parrot Bay, Platinum 7x, R&R, Scoresby, Sheep Dog, SoCo, Taaka, Traveller, Wheately, Yukon Jack)",ALL,12.033333333333333,72.2,81.2,17.99,15.96,0.24603174603174607,71.05,2026-07-01 00:00:00,,,,9295393,72.2,12.033333333333333,18.99,22.99,18.96,0.3,,,,,,,,32,"Breakthru Beverage Minnesota Wine & Spirits, LLC",
Fireball Vikings ,088004020491,Liquor,10x50ml,120,Sazerac,Breakthru Beverage,"150cs 50ml purchase in a month (Buffalo Trace Cream, Canadian Mist, Dr Mcgil, Fireball, Goldschlager, Hartley Brandy, Margaritaville, Parrot Bay, Platinum 7x, R&R, Scoresby, Sheep Dog, SoCo, Taaka, Traveller, Wheately, Yukon Jack)",ALL,0.6016666666666667,72.2,81.2,0.99,0.96,0.37326388888888884,71.05,2026-07-01 00:00:00,,,,9772517,72.2,0.6016666666666667,0.99,,,0.3,,,,,,,,,"Breakthru Beverage Minnesota Wine & Spirits, LLC",
Fireball Vikings ,088004146689,Liquor,750ml,12,Sazerac,Breakthru Beverage,25cs purchase equity sizes in a month,ALL,9.095833333333333,109.15,125.91,13.99,11.96,0.23947881828316617,108,2026-07-01 00:00:00,,,,9772527,109.15,9.095833333333333,13.99,,,0.3,,,,,,,,,"Breakthru Beverage Minnesota Wine & Spirits, LLC",
Fireball Vikings ,088004146689,Liquor,750ml,12,Sazerac,Breakthru Beverage,150cs chain buy equity sizes during pulse months,ALL,8.345833333333333,100.15,125.91,13.99,10.96,0.23851885644768864,99,2026-07-01 00:00:00,,,,9772527,100.15,8.345833333333333,12.99,,,0.3,,,,,,,,,"Breakthru Beverage Minnesota Wine & Spirits, LLC",
Fireball Vikings ,088004144678,Liquor,Liter,12,Sazerac,Breakthru Beverage,25cs purchase equity sizes in a month,ALL,12.845833333333333,154.15,162,17.99,16.96,0.24258058176100633,153,2026-07-01 00:00:00,,,,9772518,154.15,12.845833333333333,19.99,14.99,12.96,0.3,,,,,,,,12497,"Breakthru Beverage Minnesota Wine & Spirits, LLC",
Fireball Vikings ,088004144678,Liquor,Liter,12,Sazerac,Breakthru Beverage,150cs chain buy equity sizes during pulse months (Deep $120 until supplies last),March|June|September|December,10.095833333333333,121.15,162,17.99,13.96,0.2768027698185292,120,2026-07-01 00:00:00,,,,9772518,121.15,10.095833333333333,15.99,14.99,12.96,0.3,,,,,,,,12497,"Breakthru Beverage Minnesota Wine & Spirits, LLC",
Fireball Whisky,088004144692,Liquor,750ml,12,Sazerac,Breakthru Beverage,25cs purchase equity sizes in a month,ALL,9.095833333333333,109.15,125.91,13.99,11.96,0.23947881828316617,108,2026-07-01 00:00:00,,,,9213627,109.15,9.095833333333333,13.99,13.99,11.96,0.3,,,,,,,,152,"Breakthru Beverage Minnesota Wine & Spirits, LLC",
Fireball Whisky,088004144692,Liquor,750ml,12,Sazerac,Breakthru Beverage,150cs chain buy equity sizes during pulse months,March|June|September|December,8.345833333333333,100.15,125.91,13.99,10.96,0.23851885644768864,99,2026-07-01 00:00:00,,,,9213627,100.15,8.345833333333333,12.99,13.99,11.96,0.3,,,,,,,,152,"Breakthru Beverage Minnesota Wine & Spirits, LLC",
Fireball Whisky,088004009281,Liquor,1.75L,6,Sazerac,Breakthru Beverage,25cs purchase equity sizes in a month,ALL,18.191666666666666,109.15,125.91,26.99,24.96,0.27116720085470086,108,2026-07-01 00:00:00,,108,,9148530,109.15,18.191666666666666,28.99,23.99,19.96,0.3,,,,,,,,122,"Breakthru Beverage Minnesota Wine & Spirits, LLC",
Fireball Whisky,088004009281,Liquor,1.75L,6,Sazerac,Breakthru Beverage,150cs chain buy equity sizes during pulse months,March|June|September|December,16.691666666666666,100.15,125.91,26.99,22.96,0.27301103368176544,99,2026-07-01 00:00:00,,108,,9148530,100.15,16.691666666666666,26.99,23.99,19.96,0.3,,,,,,,,122,"Breakthru Beverage Minnesota Wine & Spirits, LLC",
Fireball Whisky ,088004144708,Liquor,10 x 50ml,120,Sazerac,Breakthru Beverage,"150cs 50ml purchase in a month (Buffalo Trace Cream, Canadian Mist, Dr Mcgil, Fireball, Goldschlager, Hartley Brandy, Margaritaville, Parrot Bay, Platinum 7x, R&R, Scoresby, Sheep Dog, SoCo, Taaka, Traveller, Wheately, Yukon Jack)",ALL,0.6016666666666667,72.2,81.2,0.99,0.96,0.37326388888888884,71.05,2026-07-01 00:00:00,,,,9220188,72.2,0.6016666666666667,0.99,1.49,1.24,0.3,,,,,,,,49560,"Breakthru Beverage Minnesota Wine & Spirits, LLC",
Fireball Whisky 6pk,088004029227,Liquor,50ml x 6pk,20,Sazerac,Breakthru Beverage,"150cs 50ml purchase in a month (Buffalo Trace Cream, Canadian Mist, Dr Mcgil, Fireball, Goldschlager, Hartley Brandy, Margaritaville, Parrot Bay, Platinum 7x, R&R, Scoresby, Sheep Dog, SoCo, Taaka, Traveller, Wheately, Yukon Jack)",ALL,3.6100000000000003,72.2,81.2,4.99,4.96,0.27217741935483863,71.05,2026-07-01 00:00:00,, ,,9332489,72.2,3.6100000000000003,5.99,,,0.3,,,,,,,,,"Breakthru Beverage Minnesota Wine & Spirits, LLC",
Goldschlager,088004035761,Liquor,50ml,120,Sazerac,Breakthru Beverage,"150cs 50ml purchase in a month (Buffalo Trace Cream, Canadian Mist, Dr Mcgil, Fireball, Goldschlager, Hartley Brandy, Margaritaville, Parrot Bay, Platinum 7x, R&R, Scoresby, Sheep Dog, SoCo, Taaka, Traveller, Wheately, Yukon Jack)",ALL,0.6016666666666667,72.2,81.2,0.99,0.96,0.37326388888888884,71.05,2026-07-01 00:00:00,, ,,9007996,72.2,0.6016666666666667,0.99,1.49,1.24,0.5,,,,,,,,920,"Breakthru Beverage Minnesota Wine & Spirits, LLC",
Green River Full Proof Bourbon 750ml,857552008783,Liquor,750ml,6,Bardstown,Breakthru Beverage,3cs purchase in a month,ALL,36.19166666666667,217.15,225,48.99,48.96,0.2607911220043572,216,2026-07-01 00:00:00,,,,9731853,217.15,36.19166666666667,57.99,52.99,44.96,0.3,,,,,,,,28,"Breakthru Beverage Minnesota Wine & Spirits, LLC",
Green River KY Straight,810735017460,Liquor,750ml,6,Bardstown,Breakthru Beverage,3cs purchase in a month,ALL,24.941666666666666,149.65,157.5,33.99,33.96,0.2655575186493915,148.5,2026-07-01 00:00:00,,,,9731033,149.65,24.941666666666666,39.99,36.99,30.96,0.3,,,,,,,,93.03999999999999,"Breakthru Beverage Minnesota Wine & Spirits, LLC",
Green River Rye,857552008615,Liquor,750ml,6,Bardstown,Breakthru Beverage,3cs purchase in a month,ALL,24.941666666666666,149.65,157.5,33.99,33.96,0.2655575186493915,148.5,2026-07-01 00:00:00,,,,9731035,149.65,24.941666666666666,39.99,36.99,30.96,0.3,,,,,,,,0,"Breakthru Beverage Minnesota Wine & Spirits, LLC",
Green River Wheated Bourbon 750ml,810735017873,Liquor,750ml,6,Bardstown,Breakthru Beverage,3cs purchase in a month,ALL,24.941666666666666,149.65,157.5,33.99,33.96,0.2655575186493915,148.5,2026-07-01 00:00:00,,,,9731037,149.65,24.941666666666666,39.99,36.99,30.96,0.3,,,,,,,,10,"Breakthru Beverage Minnesota Wine & Spirits, LLC",
Hartley Brandy,89000582595,Liquor,50ml,120,Sazerac,Breakthru Beverage,"150cs 50ml purchase in a month (Buffalo Trace Cream, Canadian Mist, Dr Mcgil, Fireball, Goldschlager, Hartley Brandy, Margaritaville, Parrot Bay, Platinum 7x, R&R, Scoresby, Sheep Dog, SoCo, Taaka, Traveller, Wheately, Yukon Jack)",ALL,0.6016666666666667,72.2,81.2,0.99,0.96,0.37326388888888884,71.05,2026-07-01 00:00:00,,,,9184681,72.2,0.6016666666666667,0.99,,,0.5,,,,,,,,,"Breakthru Beverage Minnesota Wine & Spirits, LLC",
Hendrick's Gin,083664868780,Liquor,Liter,6,William Grant,Breakthru Beverage,6cs purchase in a month,January|February|March|April|May|June|July|August|September,31.691666666666666,190.15,207,44.99,42.96,0.26229826194909994,189,2026-07-01 00:00:00,,207,,9001723,190.15,31.691666666666666,50.99,46.99,39.96,0.3,,,,,,,,68,"Breakthru Beverage Minnesota Wine & Spirits, LLC",
Hendrick's Gin,083664869756,Liquor,1.75L,6,William Grant,Breakthru Beverage,6cs purchase in a month,January|February|March|April|May|June|July|August|September,45.19166666666666,271.15,297,63.99,60.96,0.2586668853893264,270,2026-07-01 00:00:00,,297,,9070208,271.15,45.19166666666666,71.99,56.99,49.96,0.3,,,,,,,,75,"Breakthru Beverage Minnesota Wine & Spirits, LLC",
Hendrick's Gin,083664990436,Liquor,750ml,6,William Grant,Breakthru Beverage,6cs purchase in a month,January|February|March|April|May|June|July|August|September,24.941666666666666,149.65,157.5,33.99,33.96,0.2655575186493915,148.5,2026-07-01 00:00:00,,157.5,,9018599,149.65,24.941666666666666,39.99,36.99,31.96,0.3,,,,,,,,66.75,"Breakthru Beverage Minnesota Wine & Spirits, LLC",
Hendrick's Orbium,083664873678,Liquor,750ml,6,William Grant,Breakthru Beverage,6cs purchase in a month,ALL,32.44166666666667,194.65,193.5,41.99,43.96,0.26201850166818313,193.5,2026-07-01 00:00:00,,,,9282752,194.65,32.44166666666667,51.99,37.99,0,0.3,,,,,,,,0,"Breakthru Beverage Minnesota Wine & Spirits, LLC",
Hendricks Grand Cabaret,083664107315,Liquor,750ml,6,William Grant,Breakthru Beverage,6cs purchase in a month,ALL,32.44166666666667,194.65,193.5,41.99,43.96,0.26201850166818313,193.5,2026-07-01 00:00:00,,,,9701750,194.65,32.44166666666667,51.99,,,0.3,,,,,,,,,"Breakthru Beverage Minnesota Wine & Spirits, LLC",
Midnight Moon Apple Pie,851767001737,Liquor,50ml,48,PIEDMONT DISTILLERS INC,Breakthru Beverage, ,ALL,1.7739583333333335,85.15,84,2.99,1.96,0.09491921768707472,84,2026-07-01 00:00:00,,,,9317184,85.15,1.7739583333333335,1.99,,,0.5,,,,,,,,,"Breakthru Beverage Minnesota Wine & Spirits, LLC",
Milagro Reposado Tequila,083664868940,Liquor,750ml,6,William Grant,Breakthru Beverage,5cs purchase in a month ($105.50/cs Apil - June),ALL,18.025000000000002,108.15,139.5,29.99,23.96,0.2477045075125208,107,2026-07-01 00:00:00,,,,9001701,108.15,18.025000000000002,27.99,26.99,23.96,0.3,,,,,,,,143,"Breakthru Beverage Minnesota Wine & Spirits, LLC",
Milagro Silver Tequila,083664868919,Liquor,750ml,6,William Grant,Breakthru Beverage,5cs purchase in a month ($101.25 April-June),ALL,18.025000000000002,108.15,135,28.99,23.96,0.2477045075125208,107,2026-07-01 00:00:00,, ,,9001700,108.15,18.025000000000002,27.99,26.99,22.96,0.3,,,,,,,,146,"Breakthru Beverage Minnesota Wine & Spirits, LLC",
Platinum Vodka,088004012724,Liquor,1.75L,6,Sazerac,Breakthru Beverage,25cs purchase in a month,ALL,9.913333333333332,59.48,76.5,16.99,12.96,0.2350823045267491,58.33,2026-07-01 00:00:00,,76.5,,9220003,59.48,9.913333333333332,14.99,17.49,14.96,0.3,,,,,,,,37,"Breakthru Beverage Minnesota Wine & Spirits, LLC",
Platinum Vodka,088004012755,Liquor,750ml,12,Sazerac,Breakthru Beverage,25cs purchase in a month,ALL,5.706666666666667,68.48,90,9.99,7.96,0.28308207705192623,67.33,2026-07-01 00:00:00,,90,,9220002,68.48,5.706666666666667,8.99,10.99,9.96,0.3,,,,,,,,74,"Breakthru Beverage Minnesota Wine & Spirits, LLC",
Platinum Vodka,088004022754,Liquor,Liter,12,Sazerac,Breakthru Beverage,25cs purchase in a month,ALL,8.345833333333333,100.15,108,11.99,10.96,0.23851885644768864,99,2026-07-01 00:00:00,,,,9231167,100.15,8.345833333333333,12.99,14.99,12.96,0.3,,,,,,,,71,"Breakthru Beverage Minnesota Wine & Spirits, LLC",
Platinum Vodka,088004012786,Liquor,50ml,120,Sazerac,Breakthru Beverage,"150cs 50ml purchase in a month (Buffalo Trace Cream, Canadian Mist, Dr Mcgil, Fireball, Goldschlager, Hartley Brandy, Margaritaville, Parrot Bay, Platinum 7x, R&R, Scoresby, Sheep Dog, SoCo, Taaka, Traveller, Wheately, Yukon Jack)",ALL,0.6016666666666667,72.2,81.2,0.99,0.96,0.37326388888888884,71.05,2026-07-01 00:00:00,,,,9219997,72.2,0.6016666666666667,0.99,,,0.5,,,,,,,,,"Breakthru Beverage Minnesota Wine & Spirits, LLC",
Seagrams VO Canadian,088004036157,Liquor,1.75L,6,Sazerac,Breakthru Beverage,20cs purchase in a month,ALL,16.025000000000002,96.15,135.5,28.99,21.96,0.2702641165755919,95,2026-07-01 00:00:00,,,,9016376,96.15,16.025000000000002,25.99,29.99,24.96,0.3,,,,,,,,42,"Breakthru Beverage Minnesota Wine & Spirits, LLC",
Seagrams Vodka,720815985308,Liquor,50ml,120,Infinium,Breakthru Beverage,,ALL,0.6879166666666667,82.55000000000001,81.4,0.99,0.96,0.2834201388888888,81.4,2026-07-01 00:00:00,,,,9000006,82.55000000000001,0.6879166666666667,0.99,,,0.5,,,,,,,,,"Breakthru Beverage Minnesota Wine & Spirits, LLC",
Seagrams Watermelon Vodka,720815980402,Liquor,50ml,120,Infinium,Breakthru Beverage,,ALL,0.6879166666666667,82.55000000000001,81.4,0.99,0.96,0.2834201388888888,81.4,2026-07-01 00:00:00,,,,9262129,82.55000000000001,0.6879166666666667,0.99,,,0.5,,,,,,,,,"Breakthru Beverage Minnesota Wine & Spirits, LLC",
Southern Comfort,088544000021,Liquor,50ml,120,Sazerac,Breakthru Beverage,"150cs 50ml purchase in a month (Buffalo Trace Cream, Canadian Mist, Dr Mcgil, Fireball, Goldschlager, Hartley Brandy, Margaritaville, Parrot Bay, Platinum 7x, R&R, Scoresby, Sheep Dog, SoCo, Taaka, Traveller, Wheately, Yukon Jack)",ALL,0.6016666666666667,72.2,81.2,0.99,0.96,0.37326388888888884,71.05,2026-07-01 00:00:00,,,,9013615,72.2,0.6016666666666667,0.99,1.49,1.24,0.5,,,,,,,,510,"Breakthru Beverage Minnesota Wine & Spirits, LLC",
Southern Comfort,088544018910,Liquor,1.75L,6,Sazerac,Breakthru Beverage,15 case deal,ALL,15.191666666666668,91.15,108,22.99,20.96,0.2752067430025445,90,2026-07-01 00:00:00,, ,,9007726,91.15,15.191666666666668,24.99,23.99,19.96,0.3,,,,,,,,42,"Breakthru Beverage Minnesota Wine & Spirits, LLC",
Southern Comfort 100pf,88544000014,Liquor,50ml,120,Sazerac,Breakthru Beverage,"150cs 50ml purchase in a month (Buffalo Trace Cream, Canadian Mist, Dr Mcgil, Fireball, Goldschlager, Hartley Brandy, Margaritaville, Parrot Bay, Platinum 7x, R&R, Scoresby, Sheep Dog, SoCo, Taaka, Traveller, Wheately, Yukon Jack)",ALL,0.6016666666666667,72.2,81.2,0.99,0.96,0.37326388888888884,71.05,2026-07-01 00:00:00,,,,9250671,72.2,0.6016666666666667,0.99,,,0.5,,,,,,,,,"Breakthru Beverage Minnesota Wine & Spirits, LLC",
Southern Comfort 80 Proof,88004026707,Liquor,50ml,120,Sazerac,Breakthru Beverage,"150cs 50ml purchase in a month (Buffalo Trace Cream, Canadian Mist, Dr Mcgil, Fireball, Goldschlager, Hartley Brandy, Margaritaville, Parrot Bay, Platinum 7x, R&R, Scoresby, Sheep Dog, SoCo, Taaka, Traveller, Wheately, Yukon Jack)",ALL,0.6016666666666667,72.2,81.2,0.99,0.96,0.37326388888888884,71.05,2026-07-01 00:00:00,,,,9261116,72.2,0.6016666666666667,0.99,,,0.5,,,,,,,,,"Breakthru Beverage Minnesota Wine & Spirits, LLC",
Taaka Vodka,088004010188,Liquor,50ml,120,Sazerac,Breakthru Beverage,"150cs 50ml purchase in a month (Buffalo Trace Cream, Canadian Mist, Dr Mcgil, Fireball, Goldschlager, Hartley Brandy, Margaritaville, Parrot Bay, Platinum 7x, R&R, Scoresby, Sheep Dog, SoCo, Taaka, Traveller, Wheately, Yukon Jack)",ALL,0.6016666666666667,72.2,81.2,0.99,0.96,0.37326388888888884,71.05,2026-07-01 00:00:00,,,,9220056,72.2,0.6016666666666667,0.99,,,0.5,,,,,,,,,"Breakthru Beverage Minnesota Wine & Spirits, LLC",
Templeton Bourbon ,720815922044,Liquor,750ml,6,Infinium,Breakthru Beverage,10cs net down pricing,ALL,30.191666666666666,181.15,198,42.99,40.96,0.26289876302083337,180,2026-07-01 00:00:00,,,,9719635,181.15,30.191666666666666,47.99,42.99,39.96,0.3,,,,,,,,0,"Breakthru Beverage Minnesota Wine & Spirits, LLC",
Templeton Midnight Rye,720815922006,Liquor,750ml,6,Infinium,Breakthru Beverage,10cs net down pricing,ALL,30.191666666666666,181.15,198,42.99,40.96,0.26289876302083337,180,2026-07-01 00:00:00,,,,9712016,181.15,30.191666666666666,47.99,42.99,39.96,0.3,,,,,,,,0,"Breakthru Beverage Minnesota Wine & Spirits, LLC",
Templeton Rye 4yr,720815920101,Liquor,750ml,6,Infinium,Breakthru Beverage,10cs net down pricing,ALL,22.691666666666666,136.15,166.45,35.99,30.96,0.2670650301464255,135,2026-07-01 00:00:00,, ,,9749035,136.15,22.691666666666666,36.99,39.99,29.96,0.3,,,,,,,,16,"Breakthru Beverage Minnesota Wine & Spirits, LLC",
Templeton Rye 6yr,720815920231,Liquor,750ml,6,Infinium,Breakthru Beverage,10cs net down pricing,ALL,27.941666666666666,167.65,189,40.99,37.96,0.2639181594661047,166.5,2026-07-01 00:00:00,,,,9239617,167.65,27.941666666666666,44.99,46.99,39.96,0.3,,,,,,,,11,"Breakthru Beverage Minnesota Wine & Spirits, LLC",
Templeton Rye Whiskey 4yr,720815920149,Liquor,Liter,6,Infinium,Breakthru Beverage,10cs net down pricing,ALL,26.691666666666666,160.15,184.5,39.99,35.96,0.2577400815721172,159,2026-07-01 00:00:00,,,,9749052,160.15,26.691666666666666,41.99,,,0.3,,,,,,,,,"Breakthru Beverage Minnesota Wine & Spirits, LLC",
Tullamore Dew Honey,083664101078,Liquor,750ml,6,William Grant,Breakthru Beverage,9cs purchase in a month,All,18.2,109.2,126.05,26.99,24.96,0.27083333333333337,108.05,2026-07-01 00:00:00,, ,,9704492,109.2,18.2,28.99,,,0.3,,,,,,,,,"Breakthru Beverage Minnesota Wine & Spirits, LLC",
Tullamore Dew Irish Whiskey,721059487504,Liquor,750ml,12,William Grant,Breakthru Beverage,9cs purchase in a month,March  ,18.104166666666668,217.25,252.1,26.99,23.96,0.24440038953811907,216.1,2026-07-01 00:00:00,, ,,9027862,217.25,18.104166666666668,27.99,30.49,27.96,0.3,,,,,,,,101,"Breakthru Beverage Minnesota Wine & Spirits, LLC",
Tullamore Dew Irish Whiskey,083664872480,Liquor,Liter,6,William Grant,Breakthru Beverage,9cs purchase in a month,March  ,21.191666666666666,127.15,153,32.99,28.96,0.2682435543278085,126,2026-07-01 00:00:00,, ,,9088152,127.15,21.191666666666666,33.99,29.99,25.96,0.3,,,,,,,,0,"Breakthru Beverage Minnesota Wine & Spirits, LLC",
Tullamore Dew Irish Whiskey,083664872497,Liquor,1.75L,6,William Grant,Breakthru Beverage,9cs purchase in a month,March  ,33.94166666666667,203.65,229.5,49.99,45.96,0.26149550333623434,202.5,2026-07-01 00:00:00,, ,,9027858,203.65,33.94166666666667,53.99,49.99,41.96,0.3,,,,,,,,27,"Breakthru Beverage Minnesota Wine & Spirits, LLC",
Tullamore Dew Irish Whiskey,83664872480,Liquor,Liter,6,William Grant,Breakthru Beverage,9cs purchase in a month,March  ,21.191666666666666,127.15,153,32.99,28.96,0.2682435543278085,126,2026-07-01 00:00:00,,,,9088152,127.15,21.191666666666666,33.99,,,0.3,,,,,,,,,"Breakthru Beverage Minnesota Wine & Spirits, LLC",
Tullamore Dew Irish Whiskey,83664872497,Liquor,1.75L,6,William Grant,Breakthru Beverage,9cs purchase in a month,March  ,33.94166666666667,203.65,229.5,49.99,45.96,0.26149550333623434,202.5,2026-07-01 00:00:00,,,,9027858,203.65,33.94166666666667,53.99,,,0.3,,,,,,,,,"Breakthru Beverage Minnesota Wine & Spirits, LLC",
Yukon Jack,088004035785,Liquor,50ml,120,Sazerac,Breakthru Beverage,"150cs 50ml purchase in a month (Buffalo Trace Cream, Canadian Mist, Dr Mcgil, Fireball, Goldschlager, Hartley Brandy, Margaritaville, Parrot Bay, Platinum 7x, R&R, Scoresby, Sheep Dog, SoCo, Taaka, Traveller, Wheately, Yukon Jack)",ALL,0.6016666666666667,72.2,81.2,0.99,0.96,0.37326388888888884,71.05,2026-07-01 00:00:00,,,,9408478,72.2,0.6016666666666667,0.99,1.49,1.24,0.5,,,,,,,,1097,"Breakthru Beverage Minnesota Wine & Spirits, LLC",
Yukon Jack Snake Bite,088004041533,Liquor,50ml,120,Sazerac,Breakthru Beverage,"150cs 50ml purchase in a month (Buffalo Trace Cream, Canadian Mist, Dr Mcgil, Fireball, Goldschlager, Hartley Brandy, Margaritaville, Parrot Bay, Platinum 7x, R&R, Scoresby, Sheep Dog, SoCo, Taaka, Traveller, Wheately, Yukon Jack)",ALL,0.6016666666666667,72.2,81.2,0.99,0.96,0.37326388888888884,71.05,2026-07-01 00:00:00,,,,9443965,72.2,0.6016666666666667,0.99,,,0.5,,,,,,,,,"Breakthru Beverage Minnesota Wine & Spirits, LLC",
Lucky Ones Sweet Tea  Vodka Variety 8pk 12oz can,085000042052,Liquor,8pk 12oz can,3,Gallo,Johnson Brothers Liquor Co,Deep Net,June|July|August,12.966666666666667,38.9,63,26.99,17.96,0.2780252412769117,42,2026-07-01 00:00:00,,54,,1427341,38.9,12.966666666666667,20.99,22.99,18.96,0.3,,,,,,,,38,Johnson Brothers - St. Paul,Gallo July 1 Update
Lucky Ones Sweet Tea Vodka Half & Half 4pk 12oz can,085000042090,Liquor,4pk Can,6,Gallo,Johnson Brothers Liquor Co,Deep Net,June|July|August,7.333333333333333,44,63,13.99,9.96,0.2637215528781795,45,2026-07-01 00:00:00,,54,,1459520,44,7.333333333333333,11.99,12.99,10.96,0.3,,,,,,,,18,Johnson Brothers - St. Paul,Gallo July 1 Update
Lucky Ones Sweet Tea Vodka Original 4pk 12oz can,085000042076,Liquor,4pk Can,6,Gallo,Johnson Brothers Liquor Co,Deep Net,June|July|August,7.333333333333333,44,63,13.99,9.96,0.2637215528781795,45,2026-07-01 00:00:00,,54,,1416904,44,7.333333333333333,11.99,12.99,10.96,0.3,,,,,,,,18,Johnson Brothers - St. Paul,Gallo July 1 Update
Lucky Ones Sweet Tea Vodka Peach 4pk 12oz can,085000042137,Liquor,4pk Can,6,Gallo,Johnson Brothers Liquor Co,Deep Net,June|July|August,7.333333333333333,44,63,13.99,9.96,0.2637215528781795,45,2026-07-01 00:00:00,,54,,1371253,44,7.333333333333333,11.99,12.99,10.96,0.3,,,,,,,,21,Johnson Brothers - St. Paul,Gallo July 1 Update
Lucky Ones Sweet Tea Vodka Raspberry 4pk 12oz cans,085000042113,Liquor,4pk Can,6,Gallo,Johnson Brothers Liquor Co,Deep Net,June|July|August,7.333333333333333,44,63,13.99,9.96,0.2637215528781795,45,2026-07-01 00:00:00,,54,,1798655,44,7.333333333333333,11.99,12.99,10.96,0.3,,,,,,,,0,Johnson Brothers - St. Paul,Gallo July 1 Update
LIQS Mango Margarita WB,850477005172,Liquor,1.5L,6,Gallo,Johnson Brothers Liquor Co,,ALL,10.183333333333334,61.1,64,13.99,13.96,0.2705348615090736,60,2026-07-01 00:00:00,,60,,001726708,61.1,10.183333333333334,15.99,12.99,0,0.3,,,,,,,,0,Johnson Brothers - St. Paul,Remove
LIQS Margarita WB,850477005028,Liquor,1.5L,6,Gallo,Johnson Brothers Liquor Co,,ALL,10.183333333333334,61.1,64,13.99,13.96,0.2705348615090736,60,2026-07-01 00:00:00,,60,,001293467,61.1,10.183333333333334,15.99,12.99,0,0.3,,,,,,,,0,Johnson Brothers - St. Paul,Remove
LIQS Mojito WB,850477005066,Liquor,1.5L,6,Gallo,Johnson Brothers Liquor Co,,ALL,10.183333333333334,61.1,64,13.99,13.96,0.2705348615090736,60,2026-07-01 00:00:00,,60,,001878054,61.1,10.183333333333334,15.99,12.99,0,0.3,,,,,,,,0,Johnson Brothers - St. Paul,Remove
LIQS Strawberry Margarita WB,850477005059,Liquor,1.5L,6,Gallo,Johnson Brothers Liquor Co,,ALL,10.183333333333334,61.1,64,13.99,13.96,0.2705348615090736,60,2026-07-01 00:00:00,,60,,001364214,61.1,10.183333333333334,15.99,12.99,0,0.3,,,,,,,,0,Johnson Brothers - St. Paul,Remove
Savage & Cooke Bad Sweater,850002707045,Liquor,750ml,6,Gallo,Johnson Brothers Liquor Co,,ALL,22.683333333333334,136.1,148.5,31.99,30.96,0.2673341946597761,135,2026-07-01 00:00:00,,135,,1426531,136.1,22.683333333333334,36.99,,,0.3,,,,,,,,,Johnson Brothers - St. Paul,Remove
Savage & Cooke Burning Chair Bourbon,869251000302,Liquor,750ml,6,Gallo,Johnson Brothers Liquor Co,,ALL,42.43333333333333,254.6,280,60.99,56.96,0.25503277153558057,253.5,2026-07-01 00:00:00,,253.5,,001354482,254.6,42.43333333333333,66.99,59.99,49.95,0.3,,,,,,,,33,Johnson Brothers - St. Paul,Remove
Savage & Cooke Burning Chair Single Barrel,850040206326,Liquor,750ml,6,Gallo,Johnson Brothers Liquor Co,,ALL,55.18333333333334,331.1,400,86.99,73.96,0.25387596899224796,330,2026-07-01 00:00:00,,330,,1267597,331.1,55.18333333333334,86.99,74.99,64.96,0.3,,,,,,,,5,Johnson Brothers - St. Paul,Remove
Savage & Cooke Lip Service Rye,869251000326,Liquor,750ml,6,Gallo,Johnson Brothers Liquor Co,,ALL,26.433333333333334,158.6,180,38.99,35.96,0.2649239896180942,157.5,2026-07-01 00:00:00,,157.5,,001345889,158.6,26.433333333333334,41.99,33.99,28.95,0.3,,,,,,,,14,Johnson Brothers - St. Paul,Remove
Savage & Cooke Second Glance Whiskey,869251000319,Liquor,750ml,6,Gallo,Johnson Brothers Liquor Co,,ALL,31.099999999999998,186.6,208,44.99,41.96,0.25881792183031466,185.5,2026-07-01 00:00:00,,185.5,,001281165,186.6,31.099999999999998,49.99,45.99,0,0.3,,,,,,,,23,Johnson Brothers - St. Paul,Remove
45th Parallel Border Bourbon,895412001079,Liquor,750ml,6,45th Parallel,Vinocopia,Net Down Pricing,ALL,35.916666666666664,215.5,240,51.99,47.96,0.2511120378092856,214,2026-07-01 00:00:00,,,,59072,215.5,35.916666666666664,56.99,47.99,44.96,0.3,,,,,,,,22,"Vinocopia, Inc",Vinocopia 7.1
45th Parallel Gin,895412001130,Liquor,750ml,6,45th Parallel,Vinocopia,Net Down Price,ALL,32.25,193.5,209,44.99,43.96,0.2663785259326661,192,2026-07-01 00:00:00,, ,,53180,193.5,32.25,51.99,42.99,39.96,0.3,,,,,,,,17,"Vinocopia, Inc",Vinocopia 7.1
45th Parallel New Richmond Rye,895412001093,Liquor,750ml,6,45th Parallel,Vinocopia,Net Down Pricing,ALL,35.916666666666664,215.5,240,51.99,47.96,0.2511120378092856,214,2026-07-01 00:00:00,,,,59082,215.5,35.916666666666664,56.99,53.99,44.96,0.3,,,,,,,,16,"Vinocopia, Inc",Vinocopia 7.1
45th Parallel Vodka,895412001000,Liquor,750ml,6,45th Parallel,Vinocopia,Net Down Pricing,ALL,24.25,145.5,160,34.99,32.96,0.2642597087378641,144,2026-07-01 00:00:00,,,,59052,145.5,24.25,38.99,31.99,29.96,0.3,,,,,,,,15,"Vinocopia, Inc",Vinocopia 7.1
45th Parallel Wheat Whiskey,895412001109,Liquor,750ml,6,45th Parallel,Vinocopia,Net Down Pricing,ALL,35.916666666666664,215.5,240,51.99,47.96,0.2511120378092856,214,2026-07-01 00:00:00,,,,59702,215.5,35.916666666666664,56.99,47.99,44.96,0.3,,,,,,,,3,"Vinocopia, Inc",Vinocopia 7.1
5 Liqueur Cranberry Orange,869921000014,Liquor,750ml,6,Mason Dixon Spirits,Vinocopia,Buy 5 cases Receive 1 case NC M&M - Accum,ALL,17.125,102.75,121.5,25.99,22.96,0.25413763066202094,121.5,2026-07-01 00:00:00,,,,54682,102.75,17.125,26.99,26.99,0,0.3,,,,,,,,0,"Vinocopia, Inc",Vinocopia 7.1
5 LIQUEUR ESPRESSO VANILLA,869921000021,Liquor,750ml,6,Mason Dixon Spirits,Vinocopia,Buy 5 cases Receive 1 case NC M&M - Accum,ALL,17.125,102.75,121.5,25.99,22.96,0.25413763066202094,121.5,2026-07-01 00:00:00,,,,51932,102.75,17.125,26.99,,,0.3,,,,,,,,,"Vinocopia, Inc",Vinocopia 7.1
5 Liqueur Lemon Ginger,869921000007,Liquor,750ml,6,Mason Dixon Spirits,Vinocopia,Buy 5 cases Receive 1 case NC M&M - Accum,ALL,17.125,102.75,121.5,25.99,22.96,0.25413763066202094,121.5,2026-07-01 00:00:00,,,,54672,102.75,17.125,26.99,26.99,0,0.3,,,,,,,,0,"Vinocopia, Inc",Vinocopia 7.1
Blue Ox Vodka,854647008024,Liquor,1.75L,6,Blue Ox,Vinocopia,Net Down Pricing + 1 on 5,ALL,12.784722222222221,76.70833333333333,95.25,20.99,16.96,0.24618383123689735,90.25,2026-07-01 00:00:00,,,,57496,76.70833333333333,12.784722222222221,19.99,16.99,0,0.3,,,,,,,,0,"Vinocopia, Inc",Vinocopia 7.1
Drumshanbo Gunpowder Irish Gin,086785012346,Liquor,750ml,6,Palm Bay,Vinocopia,Net Down Pricing,ALL,31.083333333333332,186.5,198.5,42.99,41.96,0.25921512551636483,185,2026-07-01 00:00:00,,,,50072,186.5,31.083333333333332,49.99,47.99,39.96,0.3,,,,,,,,25,"Vinocopia, Inc",Vinocopia 7.1
Drumshanbo Sardinian Citrus Gin,086785091105,Liquor,750ml,6,Palm Bay,Vinocopia,Net Down Pricing,ALL,31.083333333333332,186.5,198.5,42.99,41.96,0.25921512551636483,185,2026-07-01 00:00:00,,,,50702,186.5,31.083333333333332,49.99,44.99,39.96,0.3,,,,,,,,15,"Vinocopia, Inc",Vinocopia 7.1
Gamle Ode Aquavit Celebration,858311003018,Liquor,750ml,6,45th Parallel,Vinocopia, ,ALL,25.583333333333332,153.5,166,35.99,34.96,0.268211289092296,152,2026-07-01 00:00:00,, ,,59002,153.5,25.583333333333332,40.99,39.99,34.96,0.3,,,,,,,,5,"Vinocopia, Inc",Vinocopia 7.1
Gamle Ode Aquavit Dill,858311003001,Liquor,750ml,6,45th Parallel,Vinocopia, ,ALL,27.916666666666668,167.5,166,35.99,37.96,0.26457674745345977,166,2026-07-01 00:00:00,,,,59042,167.5,27.916666666666668,44.99,41.99,34.96,0.3,,,,,,,,20,"Vinocopia, Inc",Vinocopia 7.1
Gosling's Black Seal,721094199059,Liquor,750ml,12,Castle Brands,Vinocopia,,ALL,17.416666666666668,209,207.5,21.99,23.96,0.2730940456316082,207.5,2026-07-01 00:00:00,,,,50412,209,17.416666666666668,27.99,17.99,0,0.3,,,,,,,,23,"Vinocopia, Inc",Vinocopia 7.1
Gosling's Dark 'n Stormy,721094300011,Liquor,4pk can,6,Castle Brands,Vinocopia,"Buy 5 cases, receive 1 case Ginger Beer NC",ALL,9.950000000000001,59.7,67.5,14.99,12.96,0.23225308641975306,63,2026-07-01 00:00:00,,,,50414,59.7,9.950000000000001,14.99,15.99,13.96,0.3,,,,,,,,-2,"Vinocopia, Inc",Vinocopia 7.1
Gosling's Dark'n Stormy single,721094199615,Liquor,8.5oz can,24,Castle Brands,Vinocopia,"Buy 5 cases, receive 1 case Ginger Beer NC",ALL,2.4875000000000003,59.7,67.5,3.99,2.96,0.1596283783783783,63,2026-07-01 00:00:00,,,,ZZZ28603,59.7,2.4875000000000003,2.99,,,0.3,,,,,,,,,"Vinocopia, Inc",Vinocopia 7.1
Goslings Citrus Tonic Water,721094200434,Misc,6pk 7.5oz can,4,Castle Brands,Vinocopia,M&M 10 Cases Receive 1 Case Ginger Beer No Charge,ALL,5.829545454545455,23.31818181818182,24,7.99,7.96,0.2676450433988122,24,2026-07-01 00:00:00,, ,,97707,23.31818181818182,5.829545454545455,8.99,8.99,7.96,0.3,,,,,,,,16,"Vinocopia, Inc",Vinocopia 7.1
Goslings Tonic Water,721094200410,Misc,6pk 7.5oz can,4,Castle Brands,Vinocopia,M&M 10 Cases Receive 1 Case Ginger Beer No Charge,ALL,5.829545454545455,23.31818181818182,24,7.99,7.96,0.2676450433988122,24,2026-07-01 00:00:00,, ,,97697,23.31818181818182,5.829545454545455,8.99,7.99,6.96,0.3,,,,,,,,24,"Vinocopia, Inc",Vinocopia 7.1
Goslings Tropical Tonic Water,721094200458,Misc,6pk 7.5oz can,4,Castle Brands,Vinocopia,M&M 10 Cases Receive 1 Case Ginger Beer No Charge,ALL,5.829545454545455,23.31818181818182,24,7.99,7.96,0.2676450433988122,24,2026-07-01 00:00:00,, ,,97717,23.31818181818182,5.829545454545455,8.99,8.99,7.96,0.3,,,,,,,,22,"Vinocopia, Inc",Vinocopia 7.1
Luxardo Maraschino,087229127817,Liquor,375ml,12,Hotaling,Vinocopia,No Current Deals,ALL,22.6875,272.25,294.75,36.99,30.96,0.2671996124031008,270.75,2026-07-01 00:00:00,,,,59824,272.25,22.6875,36.99,21.99,0,0.5,,,,,,,,0,"Vinocopia, Inc",Vinocopia 7.1
Luxardo Maraschino,086891026237,Liquor,750ml,6,Hotaling,Vinocopia,No Current Deals,ALL,31.083333333333332,186.5,185,39.99,41.96,0.25921512551636483,185,2026-07-01 00:00:00,,,,59822,186.5,31.083333333333332,49.99,41.99,34.96,0.3,,,,,,,,69,"Vinocopia, Inc",Vinocopia 7.1
Midwest Gin,895412001055,Liquor,Liter,12,45th Parallel,Vinocopia, ,ALL,21.625,259.5,258,27.99,28.96,0.2532803867403315,258,2026-07-01 00:00:00,,,,59101,259.5,21.625,33.99,23.99,19.96,0.3,,,,,,,,17,"Vinocopia, Inc",Vinocopia 7.1
Midwest Vodka,895412001024,Liquor,Liter,12,45th Parallel,Vinocopia, ,ALL,20.791666666666668,249.5,248,26.99,27.96,0.25637815927515495,248,2026-07-01 00:00:00,,,,59111,249.5,20.791666666666668,32.99,23.99,0,0.3,,,,,,,,24,"Vinocopia, Inc",Vinocopia 7.1
Purity Vodka Connoisseur 51,856581003141,Liquor,750ml,12,Blue Ridge,Vinocopia,Net Down Pricing,ALL,17.416666666666668,209,235,24.99,23.96,0.2730940456316082,207.5,2026-07-01 00:00:00,, ,,50012,209,17.416666666666668,27.99,29.99,24.96,0.3,,,,,,,,21,"Vinocopia, Inc",Vinocopia 7.1
Purity Vodka Connoisseur 51,856581003202,Liquor,1.75L,6,Blue Ridge,Vinocopia,Net Down Pricing,ALL,28.833333333333332,173,203,43.99,38.96,0.2599247091033539,171.5,2026-07-01 00:00:00,, ,,50016,173,28.833333333333332,45.99,,,0.3,,,,,,,,,"Vinocopia, Inc",Vinocopia 7.1
Aviation Gin,853507000024,Liquor,750 ml,6,Diageo,Bellboy Corporation,5cs across chain-same week,All,22.166666666666668,133,144,30.99,29.96,0.2601246105919003,132,2026-07-01 00:00:00,,144,,7271104,133,22.166666666666668,34.99,,,0.3,,,,,,,,,Bellboy Corporation,Bellboy 7.1
Buchanans 12 Yr Scotch,088110955328,Liquor,750 ml,12,Diageo,Bellboy Corporation,case 1,Jan|March|MayJune||July|Sept|Nov,26.541666666666668,318.5,341.5,36.99,35.96,0.2619113830181683,317.5,2026-07-01 00:00:00,,341.5,,8068014,318.5,26.541666666666668,41.99,40.99,34.96,0.3,,,,,,,,100,Bellboy Corporation,Bellboy 7.1
Bulleit Bourbon ,087000005549,Liquor,1.0L,12,Diageo,Bellboy Corporation,2  cases  across chain- same week,Jan|March|May|July|Sept|Nov,24.916666666666668,299,338,36.99,33.96,0.26629367883784844,298,2026-07-01 00:00:00,,338,,8373005,299,24.916666666666668,39.99,37.99,32.96,0.3,,,,,,,,89,Bellboy Corporation,Bellboy 7.1
Bulleit Bourbon ,087000004047,Liquor,1.75 L,6,Diageo,Bellboy Corporation,7  cases m/m w/rye - across month of October,Jan|March|May|July|Sept|Nov,39.333333333333336,236,263.25,56.99,52.96,0.25730110775427995,235,2026-07-01 00:00:00,,263.25,,8373009,236,39.333333333333336,61.99,52.99,44.96,0.3,,,,,,,,93,Bellboy Corporation,Bellboy 7.1
Bulleit Rye,082000766070,Liquor,1.75 L,6,Diageo,Bellboy Corporation,7 cases m/m w/rye - across month of October,Jan|March|May|July|Sept|Nov,39.333333333333336,236,263.25,56.99,52.96,0.25730110775427995,235,2026-07-01 00:00:00,,263.25,,8373219,236,39.333333333333336,61.99,52.99,44.96,0.3,,,,,,,,91,Bellboy Corporation,Bellboy 7.1
Captain Morgan Original ,08731409,Liquor,50ml,120,Diageo,Bellboy Corporation,case 1,ALL,0.6666666666666666,80,132,1.99,0.96,0.3055555555555556,79,2026-07-01 00:00:00,,132,,7868318,80,0.6666666666666666,0.99,1.49,1.24,0.5,,,,,,,,969,Bellboy Corporation,Bellboy 7.1
Captain Morgan Original ,087000002708,Liquor,1.0L,12,Diageo,Bellboy Corporation,4 cases  - across chain-same week,Jan|March|May|July|Sept|Nov,14.9125,178.95,215.95,22.99,19.96,0.2528807615230461,177.95,2026-07-01 00:00:00,,215.95,,7868315,178.95,14.9125,23.99,,,0.3,,,,,,,,,Bellboy Corporation,Bellboy 7.1
Captain Morgan White,082000766834,Liquor,Liter,12,Diageo,Bellboy Corporation,4cs across chain - same week,All,12.9125,154.95,161.95,17.99,16.96,0.23864976415094347,153.95,2026-07-01 00:00:00,,161.95,,7868215,154.95,12.9125,19.99,20.99,17.96,0.3,,,,,,,,27,Bellboy Corporation,Bellboy 7.1
Captain Morgan White,082000766858,Liquor,1.75L,6,Diageo,Bellboy Corporation,3cases across chain in one week,All,16.583333333333332,99.5,102.5,21.99,21.96,0.24483910139647852,98.5,2026-07-01 00:00:00,,102.5,,7868219,99.5,16.583333333333332,25.99,26.99,22.96,0.3,,,,,,,,7,Bellboy Corporation,Bellboy 7.1
Ciroc Apple,088076180451,Liquor,750ml,12,Diageo,Bellboy Corporation,4cs across chain - Same Week,January|March|May|July|September|November,20.916666666666668,251,294.5,31.99,27.96,0.25190748688602765,250,2026-07-01 00:00:00,,294.5,,8584364,251,20.916666666666668,32.99,34.99,27.96,0.3,,,,,,,,53,Bellboy Corporation,Bellboy 7.1
Ciroc Peach Vodka,088076177406,Liquor,750ml,12,Diageo,Bellboy Corporation,4cs across chain - Same Week,January|March|May|July|September|November,20.916666666666668,251,294.5,31.99,27.96,0.25190748688602765,250,2026-07-01 00:00:00,,294.5,,8584354,251,20.916666666666668,32.99,34.99,29.96,0.3,,,,,,,,53,Bellboy Corporation,Bellboy 7.1
Ciroc Pineapple,088076179080,Liquor,750ml,12,Diageo,Bellboy Corporation,4cs across chain - Same Week,January|March|May|July|September|November,20.916666666666668,251,294.5,31.99,27.96,0.25190748688602765,250,2026-07-01 00:00:00,,294.5,,8584404,251,20.916666666666668,32.99,34.99,27.96,0.3,,,,,,,,23,Bellboy Corporation,Bellboy 7.1
Ciroc Red Berry Vodka,088076175051,Liquor,750ml,12,Diageo,Bellboy Corporation,4cs across chain - Same Week,January|March|May|July|September|November,20.916666666666668,251,294.5,31.99,27.96,0.25190748688602765,250,2026-07-01 00:00:00,,294.5,,8584334,251,20.916666666666668,32.99,34.99,27.96,0.3,,,,,,,,0,Bellboy Corporation,Bellboy 7.1
Ciroc Vodka,088076161863,Liquor,750ml,12,Diageo,Bellboy Corporation,4cs across chain - Same Week,January|March|May|July|September|November,20.916666666666668,251,294.5,31.99,27.96,0.25190748688602765,250,2026-07-01 00:00:00,,294.5,,8584224,251,20.916666666666668,32.99,33.49,27.96,0.3,,,,,,,,149,Bellboy Corporation,Bellboy 7.1
Crown Royal Canadian,087000700604,Liquor,1.75L,6,Diageo,Bellboy Corporation,Case 1,"January, March, May, July, September, November",38.916666666666664,233.5,256.95,55.99,52.96,0.26516868076535755,232.5,2026-07-01 00:00:00,,232.5,,6863119,233.5,38.916666666666664,61.99,50.99,42.96,0.3,,,,,,,,199,Bellboy Corporation,Bellboy 7.1
Crown Royal Canadian,087000007246,Liquor,Liter,12,Diageo,Bellboy Corporation,"3cs m/m crown Apple  liter across chain, same week","January, March, May, July, September, November",26.666666666666668,320,371.75,39.99,35.96,0.25843529847979235,319,2026-07-01 00:00:00,,371.75,,6863115,320,26.666666666666668,41.99,42.99,36.96,0.3,,,,,,,,134,Bellboy Corporation,Bellboy 7.1
Crown Royal Regal Apple,082000771593,Liquor,1.75L,6,Diageo,Bellboy Corporation,"6 cs m/m crown Apple175 across chain, MONTHLY ACCUM","January, March, May, July, September, November",38.916666666666664,233.5,256.95,55.99,52.96,0.26516868076535755,232.5,2026-07-01 00:00:00,,256.95,,6163209,233.5,38.916666666666664,61.99,50.99,42.96,0.3,,,,,,,,206,Bellboy Corporation,Bellboy 7.1
Crown Royal Regal Apple,082000771586,Liquor,Liter,12,Diageo,Bellboy Corporation,"3cs m/m crown liter , across chain same week","January, March, May, July, September, November",26.666666666666668,320,371.75,39.99,35.96,0.25843529847979235,319,2026-07-01 00:00:00,,371.75,,6163205,320,26.666666666666668,41.99,39.99,37.96,0.3,,,,,,,,285,Bellboy Corporation,Bellboy 7.1
Don Julio 1942 Anejo Tequila,400000025209,Liquor,750 ml,6,Diageo,Bellboy Corporation,Case 1,June,123.83333333333333,743,854,184.99,166.96,0.258305382526753,742,2026-07-01 00:00:00,,854,,8491954,743,123.83333333333333,196.99,154.99,129.96,0.3,,,,,,,,48,Bellboy Corporation,Bellboy 7.1
Don Julio Blanco Tequila,674545001005,Liquor,50ml,60,Diageo,Bellboy Corporation,case 1,ALL,3.066666666666667,184,183,4.99,3.96,0.22558922558922553,183,2026-07-01 00:00:00,,183,,8491928,184,3.066666666666667,4.99,,,0.5,,,,,,,,,Bellboy Corporation,Bellboy 7.1
Don Julio Repo Tequila,674545000421,Liquor,50ml,60,Diageo,Bellboy Corporation,case 1,ALL,3.6,216,215,4.99,4.96,0.27419354838709675,215,2026-07-01 00:00:00,,215,,8491948,216,3.6,5.99,,,0.5,,,,,,,,,Bellboy Corporation,Bellboy 7.1
Johnnie Walker Black,088110011406,Liquor,Liter,12,Diageo,Bellboy Corporation,3 cs  across chain- accum monthly,"January, March, May, July, September, November",33.833333333333336,406,441,47.99,45.96,0.2638526254714244,405,2026-07-01 00:00:00,,441,,8063515,406,33.833333333333336,53.99,52.99,44.96,0.3,,,,,,,,101,Bellboy Corporation,Bellboy 7.1
Johnnie Walker Red,088110021405,Liquor,Liter,12,Diageo,Bellboy Corporation,3 cs  across chain- accum monthly,"January, March, May, July, September, November",19.575,234.9,269.9,28.99,25.96,0.24595531587057015,233.9,2026-07-01 00:00:00,,269.9,,8063535,234.9,19.575,30.99,29.99,25.96,0.3,,,,,,,,129,Bellboy Corporation,Bellboy 7.1
Ketel One Vodka,085156610419,Liquor,Liter,12,Diageo,Bellboy Corporation,5 cs across the chain same wee,"January, March, May, July, September, November",22.165833333333335,265.99,307.99,32.99,29.96,0.26015242545616374,264.99,2026-07-01 00:00:00,,307.99,,8595615,265.99,22.165833333333335,34.99,31.99,27.96,0.3,,,,,,,,127,Bellboy Corporation,Bellboy 7.1
Lagavulin 16 Yr Single,088110140052,Liquor,750ml,12,Diageo,Bellboy Corporation,Case 1,All,74.08333333333333,889,915,98.99,99.96,0.2588702147525677,888,2026-07-01 00:00:00,,915,,8188514,889,74.08333333333333,117.99,88.99,74.96,0.3,,,,,,,,79,Bellboy Corporation,Bellboy 7.1
Oban 14yr Scotch,088110160050,Liquor,750ml,12,Diageo,Bellboy Corporation,Case 1 ,All,63.166666666666664,758,790,85.99,84.96,0.2565128688010044,757,2026-07-01 00:00:00,,790,,8160274,758,63.166666666666664,99.99,92.99,77.96,0.3,,,,,,,,74,Bellboy Corporation,Bellboy 7.1
Seagrams 7 Blended,087000700703,Liquor,1.75 L,6,Diageo,Bellboy Corporation,"6cs m/m across chain, same week",January|March|May|July|September|November,15.625,93.75,101.75,21.99,20.96,0.2545324427480916,92.75,2026-07-01 00:00:00,,101.75,,6664219,93.75,15.625,24.99,23.99,19.96,0.3,,,,,,,,91,Bellboy Corporation,Bellboy 7.1
Smirnoff 80 Vodka traveler,08295004,Liquor,750 ml,12,Diageo,Bellboy Corporation,12 cs across chain - same week,January|March|May|July|September|November,8.208333333333334,98.5,118,12.99,10.96,0.25106447688564476,97.5,2026-07-01 00:00:00,,118,,8572734,98.5,8.208333333333334,12.99,12.99,10.96,0.3,,,,,,,,329,Bellboy Corporation,Bellboy 7.1
Smirnoff Vodka,082000727606,Liquor,1.75 L,6,Diageo,Bellboy Corporation,25cs across  chain - MONTHLY ACCUM,January|March|May|July|September|November,,,103.5,21.99,-0.04,0,89.85,2026-07-01 00:00:00,,103.5,,8572729,,0,-0.01,20.99,16.96,0.3,,,,,,,,213,Bellboy Corporation,Bellboy 7.1
Tanqueray Gin,088110110307,Liquor,750ml,12,Diageo,Bellboy Corporation,4cs across chain - same week,January|March|May|July|September|November,17.4375,209.25,232.25,24.99,23.96,0.27222454090150255,208.25,2026-07-01 00:00:00,,232.25,,7273414,209.25,17.4375,27.99,24.99,21.96,0.3,,,,,,,,103,Bellboy Corporation,Bellboy 7.1
Tanqueray Gin,088110110505,Liquor,1.75L,6,Diageo,Bellboy Corporation,4cs across chain - same week,January|March|May|July|September|November,27.15833333333333,162.95,188.95,40.99,36.96,0.265196608946609,161.95,2026-07-01 00:00:00,,188.95,,7273419,162.95,27.15833333333333,43.99,35.49,31.96,0.3,,,,,,,,131,Bellboy Corporation,Bellboy 7.1
Jack Daniels Single Barrel,082184087008,Liquor,750ml,6,Brown Forman,Johnson Brothers Liquor Co, ,February|May|August|November,33.93333333333333,203.6,220.5,47.99,45.96,0.2616768204235568,202.5,2026-07-01 00:00:00,,223.23,,4036,203.6,33.93333333333333,53.99,51.99,47.96,0.3,,,,,,,,2,Johnson Brothers - St. Paul,Johnson 7.1
Jack and Coca Cola 4pk can,082184006870,Liquor,4pk 355ml can,6,Brown Forman,Johnson Brothers Liquor Co, ,ALL,8.683333333333334,52.1,51,10.99,11.96,0.2739687848383501,51,2026-07-01 00:00:00,,51,,1816919,52.1,8.683333333333334,13.99,13.79,11.96,0.3,,,,,,,,48,Johnson Brothers - St. Paul,Johnson 7.1
Campari,721059047500,Liquor ,750ml,12,Campari,Johnson Brothers Liquor Co,Case 1,ALL,25.3,303.6,302.5,32.99,33.96,0.25500588928150764,302.5,2026-07-01 00:00:00,, ,,6635,303.6,25.3,39.99,35.49,29.96,0.3,,,,,,,,76,Johnson Brothers - St. Paul,Johnson 7.1
Crooked Water Vodka,712038686117,Liquor,750ml,6,Crooked Water,Johnson Brothers Liquor Co,Case 1,ALL,19.308333333333334,115.85,135.75,28.99,25.96,0.2562275295326143,114.75,2026-07-01 00:00:00,,,,001754566,115.85,19.308333333333334,30.99,29.99,24.96,0.3,,,,,,,,3,Johnson Brothers - St. Paul,Johnson 7.1
Crooked Water Old Fashioned,712038686148,Liquor,750ml,6,Crooked Water,Johnson Brothers Liquor Co,Case 1,ALL,28.058333333333334,168.35,182.25,38.99,37.96,0.2608447488584475,167.25,2026-07-01 00:00:00,,,,001701369,168.35,28.058333333333334,44.99,47.99,39.96,0.3,,,,,,,,5,Johnson Brothers - St. Paul,Johnson 7.1
Crooked Water Lost Lake Single Barrel,711841589165,Liquor,750ml,6,Crooked Water,Johnson Brothers Liquor Co,Case 1,ALL,49.05833333333334,294.35,293.25,63.99,65.96,0.2562411562563168,293.25,2026-07-01 00:00:00,,,,001531823,294.35,49.05833333333334,77.99,74.99,64.96,0.3,,,,,,,,0,Johnson Brothers - St. Paul,Johnson 7.1
Crooked Water Kings Point Bourbon,892060006012,Liquor,750ml,6,Crooked Water,Johnson Brothers Liquor Co,Case 1,ALL,35.55833333333333,213.35,249.75,53.99,47.96,0.25858354184042265,212.25,2026-07-01 00:00:00,,,,001167719,213.35,35.55833333333333,56.99,59.99,49.96,0.3,,,,,,,,2,Johnson Brothers - St. Paul,Johnson 7.1
Chicken Cock Rye,810020890037,Liquor,750ml,6,Grain & Barrel ,Johnson Brothers Liquor Co,Netted down price,ALL,38.85,233.1,254.85,54.99,51.96,0.25230946882217087,232,2026-07-01 00:00:00,, ,,1711082,233.1,38.85,60.99,59.99,49.96,0.3,,,,,,,,0,Johnson Brothers - St. Paul,Johnson 7.1
Meili Vodka ,860009555105,Liquor ,750ml,6,Meili,Johnson Brothers Liquor Co,Case 1 Pricing,ALL,18.183333333333334,109.1,113,23.99,24.96,0.2715010683760684,108,2026-07-01 00:00:00,,,,1814654,109.1,18.183333333333334,28.99,25.99,21.96,0.3,,,,,,,,0,Johnson Brothers - St. Paul,Johnson 7.1
New Riff Straight Rye 8yr 750ml,856302005553,Liquor,750ml,6,New Riff,Johnson Brothers Liquor Co,Case One,ALL,53.18333333333334,319.1,318,68.99,71.96,0.2609319992588474,318,2026-07-01 00:00:00,,,,1453530,319.1,53.18333333333334,84.99,79.99,0,0.3,,,,,,,,0.002,Johnson Brothers - St. Paul,Johnson 7.1
New Riff Straight Bourbon 8yr  750ml,856302005546,Liquor,750ml,6,New Riff,Johnson Brothers Liquor Co,Case One,ALL,53.18333333333334,319.1,318,68.99,71.96,0.2609319992588474,318,2026-07-01 00:00:00,, ,,1336964,319.1,53.18333333333334,84.99,79.99,0,0.3,,,,,,,,0.002,Johnson Brothers - St. Paul,Johnson 7.1
New Riff Single Barrel Bourbon Whiskey 750ml,856302005232,Liquor,750ml,6,New Riff,Johnson Brothers Liquor Co, ,ALL,40.43333333333333,242.6,241.5,51.99,54.96,0.2643134400776323,241.5,2026-07-01 00:00:00,, ,,1839940,242.6,40.43333333333333,64.99,59.99,49.96,0.3,,,,,,,,13,Johnson Brothers - St. Paul,Johnson 7.1
New Riff Malted Rye,856302005294,Liquor,750ml,6,New Riff,Johnson Brothers Liquor Co,Case 1,ALL,45.68333333333334,274.1,295.5,63.99,61.96,0.2626963632451043,273,2026-07-01 00:00:00,,270,,1424132,274.1,45.68333333333334,72.99,62.99,0,0.3,,,,,,,,0,Johnson Brothers - St. Paul,Johnson 7.1
New Riff Kentucky Wild Gin,856302005027,Liquor,750ml,12,New Riff,Johnson Brothers Liquor Co, ,ALL,11.591666666666667,139.1,138,14.99,15.96,0.2737050960735172,138,2026-07-01 00:00:00,, ,,1344272,139.1,11.591666666666667,18.99,29.99,24.96,0.3,,,,,,,,3,Johnson Brothers - St. Paul,Johnson 7.1
New Riff Kentucky Straight Bourbon,856302005263,Liquor,50ml,96,New Riff,Johnson Brothers Liquor Co,Case 1 Pricing,ALL,3.5427083333333336,340.1,339,4.99,4.96,0.28574428763440857,339,2026-07-01 00:00:00,,336,,1737762,340.1,3.5427083333333336,5.99,4.99,0,0.5,,,,,,,,248,Johnson Brothers - St. Paul,Johnson 7.1
New Riff Balboa Rye,856302005317,Liquor,750ml,6,New Riff,Johnson Brothers Liquor Co,Case 1,ALL,45.68333333333334,274.1,273,58.99,61.96,0.2626963632451043,273,2026-07-01 00:00:00,,270,,1030794,274.1,45.68333333333334,72.99,72.99,60.96,0.3,,,,,,,,0,Johnson Brothers - St. Paul,Johnson 7.1
New Riff PVT SGL BRL,856302005287,Liquor,750ml,6,New Riff,Johnson Brothers Liquor Co, ,ALL,50.68333333333334,304.1,303,65.99,67.96,0.2542181675495388,303,2026-07-01 00:00:00,,238.5,,1967388,304.1,50.68333333333334,79.99,59.99,49.96,0.3,,,,,,,,0,Johnson Brothers - St. Paul,Johnson 7.1
New Riff Barrel Aged Gin,856302005140,Liquor,750ml,6,New Riff,Johnson Brothers Liquor Co, ,ALL,23.183333333333334,139.1,138,29.99,30.96,0.25118432385874245,138,2026-07-01 00:00:00,, ,,1201099,139.1,23.183333333333334,36.99,41.99,34.96,0.3,,,,,,,,0,Johnson Brothers - St. Paul,Johnson 7.1
The Whistler Irish Honey,815755020292,Liquor,750ml,6,Prestige,Johnson Brothers Liquor Co,netted down case price,ALL,22.381666666666664,134.29,135,28.99,29.96,0.2529483756119271,133.19,2026-07-01 00:00:00,, ,,001938729,134.29,22.381666666666664,34.99,23.99,0,0.3,,,,,,,,0,Johnson Brothers - St. Paul,Johnson 7.1
The Whistler Irish Cream,815755020308,Liquor,750ml,6,Prestige,Johnson Brothers Liquor Co,netted down case price,ALL,22.381666666666664,134.29,135,28.99,29.96,0.2529483756119271,133.19,2026-07-01 00:00:00,, ,,001801625,134.29,22.381666666666664,34.99,23.99,0,0.3,,,,,,,,1,Johnson Brothers - St. Paul,Johnson 7.1
1800 Silver Tequila,811538010122,Liquor,375ml,12,Proximo,Johnson Brothers Liquor Co,,ALL,11.208333333333334,134.5,133.4,16.99,14.96,0.25077985739750447,133.4,2026-07-01 00:00:00,,,,000022270,134.5,11.208333333333334,17.99,17.99,14.96,0.5,,,,,,,,59,Johnson Brothers - St. Paul,Johnson 7.1
Stolichnaya Vodka,083664871742,Liquor,1.75L,6,Proximo,Johnson Brothers Liquor Co,Buy 25cs get 3cs Free,ALL,22.400666666666666,134.404,157.46,33.99,29.96,0.2523141967067201,149.96,2026-07-01 00:00:00,, ,,000058644,134.404,22.400666666666666,34.99,34.99,29.96,0.3,,,,,,,,228,Johnson Brothers - St. Paul,Johnson 7.1
Stolichnaya Vodka,811751020021,Liquor,Liter,12,Proximo,Johnson Brothers Liquor Co,1 free 750 on 7 cases,ALL,15.942380952380951,191.3085714285714,215.91,22.99,21.96,0.27402636828866345,215.91,2026-07-01 00:00:00,, ,,000002691,191.3085714285714,15.942380952380951,25.99,23.99,19.96,0.3,,,,,,,,155,Johnson Brothers - St. Paul,Johnson 7.1
Stolichnaya Vanilla Vodka,811751020489,Liquor,Liter,12,Proximo,Johnson Brothers Liquor Co,1 free 750 on 7 cases,ALL,15.942380952380951,191.3085714285714,215.91,22.99,21.96,0.27402636828866345,215.91,2026-07-01 00:00:00,, ,,000075838,191.3085714285714,15.942380952380951,25.99,28.99,24.96,0.3,,,,,,,,118,Johnson Brothers - St. Paul,Johnson 7.1
Stolichnaya Razberi Vodka,083664871810,Liquor,Liter,12,Proximo,Johnson Brothers Liquor Co,1 free 750 on 7 cases,ALL,15.942380952380951,191.3085714285714,215.91,22.99,21.96,0.27402636828866345,215.91,2026-07-01 00:00:00,, ,,000075648,191.3085714285714,15.942380952380951,25.99,23.99,19.96,0.3,,,,,,,,29,Johnson Brothers - St. Paul,Johnson 7.1
Stolichnaya Blueberi Vodka,083664871964,Liquor,Liter,12,Proximo,Johnson Brothers Liquor Co,1 free 750 on 7 cases,ALL,15.942380952380951,191.3085714285714,215.91,22.99,21.96,0.27402636828866345,215.91,2026-07-01 00:00:00,, ,,000012185,191.3085714285714,15.942380952380951,25.99,23.99,19.96,0.3,,,,,,,,25,Johnson Brothers - St. Paul,Johnson 7.1
Western Son Watermelon Liter,856417005820,Liquor,Liter,6,Sazerac,Johnson Brothers Liquor Co,Net Down Case Price,ALL,9.933333333333334,59.6,66,13.99,12.96,0.23353909465020578,58.5,2026-07-01 00:00:00,,58.5,,1688903,59.6,9.933333333333334,14.99,15.99,13.46,0.3,,,,,,,,15,Johnson Brothers - St. Paul,Johnson 7.1
Western Son Vodka Liter,856417003017,Liquor,Liter,6,Sazerac,Johnson Brothers Liquor Co,Net Down Case Price,ALL,9.933333333333334,59.6,66,13.99,12.96,0.23353909465020578,58.5,2026-07-01 00:00:00,,58.5,,1577339,59.6,9.933333333333334,14.99,15.99,13.46,0.3,,,,,,,,69,Johnson Brothers - St. Paul,Johnson 7.1
Western Son Strawberry Liter,850035927298,Liquor,Liter,6,Sazerac,Johnson Brothers Liquor Co,Net Down Case Price,ALL,9.933333333333334,59.6,66,13.99,12.96,0.23353909465020578,58.5,2026-07-01 00:00:00,,58.5,,1510992,59.6,9.933333333333334,14.99,15.99,13.46,0.3,,,,,,,,0,Johnson Brothers - St. Paul,Johnson 7.1
Western Son Raspberry Liter,855939007244,Liquor,Liter,6,Sazerac,Johnson Brothers Liquor Co,Net Down Case Price,ALL,9.933333333333334,59.6,66,13.99,12.96,0.23353909465020578,58.5,2026-07-01 00:00:00,,58.5,,1961344,59.6,9.933333333333334,14.99,15.99,13.46,0.3,,,,,,,,0,Johnson Brothers - St. Paul,Johnson 7.1
Western Son Prickly Pear Liter,856417003901,Liquor,Liter,6,Sazerac,Johnson Brothers Liquor Co,Net Down Case Price,ALL,9.933333333333334,59.6,66,13.99,12.96,0.23353909465020578,58.5,2026-07-01 00:00:00,,58.5,,1891509,59.6,9.933333333333334,14.99,15.99,13.46,0.3,,,,,,,,5,Johnson Brothers - St. Paul,Johnson 7.1
Western Son Peach Liter,856417003925,Liquor,Liter,6,Sazerac,Johnson Brothers Liquor Co,Net Down Case Price,ALL,9.933333333333334,59.6,66,13.99,12.96,0.23353909465020578,58.5,2026-07-01 00:00:00,,58.5,,1130646,59.6,9.933333333333334,14.99,15.99,13.46,0.3,,,,,,,,0,Johnson Brothers - St. Paul,Johnson 7.1
Western Son Lime Liter,855939007183,Liquor,Liter,6,Sazerac,Johnson Brothers Liquor Co,Net Down Case Price,ALL,9.933333333333334,59.6,66,13.99,12.96,0.23353909465020578,58.5,2026-07-01 00:00:00,,58.5,,1250130,59.6,9.933333333333334,14.99,15.99,13.46,0.3,,,,,,,,6,Johnson Brothers - St. Paul,Johnson 7.1
Western Son Lemon Liter,855939007138,Liquor,Liter,6,Sazerac,Johnson Brothers Liquor Co,Net Down Case Price,ALL,9.933333333333334,59.6,66,13.99,12.96,0.23353909465020578,58.5,2026-07-01 00:00:00,,58.5,,1498783,59.6,9.933333333333334,14.99,15.99,13.46,0.3,,,,,,,,16,Johnson Brothers - St. Paul,Johnson 7.1
Western Son Grapefruit Liter,856417003918,Liquor,Liter,6,Sazerac,Johnson Brothers Liquor Co,Net Down Case Price,ALL,9.933333333333334,59.6,66,13.99,12.96,0.23353909465020578,58.5,2026-07-01 00:00:00,,58.5,,1641316,59.6,9.933333333333334,14.99,15.99,13.46,0.3,,,,,,,,20,Johnson Brothers - St. Paul,Johnson 7.1
Western Son Cucumber Liter,859685005400,Liquor,Liter,6,Sazerac,Johnson Brothers Liquor Co,Net Down Case Price,ALL,9.933333333333334,59.6,66,13.99,12.96,0.23353909465020578,58.5,2026-07-01 00:00:00,,58.5,,1170683,59.6,9.933333333333334,14.99,15.99,13.46,0.3,,,,,,,,0,Johnson Brothers - St. Paul,Johnson 7.1
Western Son Blueberry Vodka Liter,856417005219,Liquor,Liter,6,Sazerac,Johnson Brothers Liquor Co,Net Down Case Price,ALL,9.933333333333334,59.6,66,13.99,12.96,0.23353909465020578,58.5,2026-07-01 00:00:00,,58.5,,1505605,59.6,9.933333333333334,14.99,15.99,13.46,0.3,,,,,,,,17,Johnson Brothers - St. Paul,Johnson 7.1
Old Forester 100PF ,081128001063,Liquor,750ml,12,Brown Forman,Johnson Brothers Liquor Co,,April|June|September|December,18.616666666666667,223.4,262.25,27.99,24.96,0.25413995726495725,222.3,2026-07-01 00:00:00,,222.3,,1468732,223.4,18.616666666666667,28.99,30.49,25.96,0.3,,,,,,,,29,Johnson Brothers - St. Paul,Johnson 7.1
Old Forester  Top Ten Single Barrel 100pf  ,081128004361,Liquor,750ml,6,Brown Forman,Johnson Brothers Liquor Co,,ALL,48.6,291.6,290.5,62.99,65.96,0.26318981200727704,290.5,2026-07-01 00:00:00,,290.5,,1323036,291.6,48.6,77.99,76.99,64.96,0.3,,,,,,,,203,Johnson Brothers - St. Paul,Johnson 7.1
Bulleit 95 Rye Whiskey,082000752967,Liquor,750ml,12,Diageo/UBI,Phillips Wine & Spirits,"Case 1 Must hit 8 cs within month – 1 on 16, free good is 6pk VAP",February|April|June|August|October|December,19.258333333333333,231.1,270,28.99,25.96,0.2581535695942476,230,2026-08-01 00:00:00,,270,,000018231,231.1,19.258333333333333,30.99,28.99,24.96,0.3,,,,,,,,164,Phillips Wine & Spirits - St. Paul,Diageo 8.3
Bulleit Bourbon,087000005525,Liquor,750ml,12,Diageo/UBI,Phillips Wine & Spirits,"Case 1 Must hit 8 cs within month – 1 on 16, free good is 6pk VAP",February|April|June|August|October|December,19.258333333333333,231.1,270,28.99,25.96,0.2581535695942476,230,2026-08-01 00:00:00,,270,,000011271,231.1,19.258333333333333,30.99,28.99,24.96,0.3,,,,,,,,247,Phillips Wine & Spirits - St. Paul,Diageo 8.3
Captain Morgan Original,082000759102,Liquor,1.75L,6,Diageo/UBI,Phillips Wine & Spirits,4cs + 1cs seagrams mags on 60,February|April|June|August|October|December,19.695528455284553,118.17317073170732,129.65,27.99,26.96,0.26945369231140387,120,2026-08-01 00:00:00,,135,,16304,118.17317073170732,19.695528455284553,31.99,26.99,22.96,0.3,,,,,,,,598,Phillips Wine & Spirits - St. Paul,Diageo 8.3
Captain Morgan Silver Rum,087000201484,Liquor,1.75L,6,Diageo/UBI,Phillips Wine & Spirits,Case 1 Must hit 20 cs within month,February|April|June|August|October|December,19.695528455284553,118.17317073170732,129.65,27.99,26.96,0.26945369231140387,120,2026-08-01 00:00:00,,135,,000069146,118.17317073170732,19.695528455284553,31.99,28.99,23.96,0.3,,,,,,,,75,Phillips Wine & Spirits - St. Paul,Diageo 8.3
Captain Morgan Sweet Chili Lime,082000808879,Liquor,1.75L,6,Diageo/UBI,Johnson Brothers Liquor Co,Case 1,ALL,19.695528455284553,118.17317073170732,129.65,27.99,26.96,0.26945369231140387,120,2026-08-01 00:00:00,,129.65,,1018663,118.17317073170732,19.695528455284553,31.99,27.99,23.96,0.3,,,,,,,,121,Johnson Brothers - St. Paul,Diageo 8.3
Crown Royal Blackberry,082000789550,Liquor,750ml,12,Diageo/UBI,Phillips Wine & Spirits,Case 1 Must hit 12 cs within month,February|April|June|August|October|December,19.509142394822007,234.10970873786408,270,28.99,25.96,0.24849220358929097,240,2026-08-01 00:00:00,,270,,1739470,234.10970873786408,19.509142394822007,30.99,29.99,24.96,0.3,,,,,,,,278,Phillips Wine & Spirits - St. Paul,Diageo 8.3
Crown Royal Canadian,087000007253,Liquor,750ml,12,Diageo/UBI,Phillips Wine & Spirits,Case 1 Must hit 12 cs within month,February|April|June|August|October|December,19.509142394822007,234.10970873786408,270,28.99,25.96,0.24849220358929097,240,2026-08-01 00:00:00,,270,,000004390,234.10970873786408,19.509142394822007,30.99,29.99,24.96,0.3,,,,,,,,269,Phillips Wine & Spirits - St. Paul,Diageo 8.3
Crown Royal Peach,082000782919,Liquor,750ml,12,Diageo/UBI,Phillips Wine & Spirits,Case 1 Must hit 12 cs within month,February|April|June|August|October|December,19.509142394822007,234.10970873786408,270,28.99,25.96,0.24849220358929097,240,2026-08-01 00:00:00,,270,,001209938,234.10970873786408,19.509142394822007,30.99,29.99,24.96,0.3,,,,,,,,170,Phillips Wine & Spirits - St. Paul,Diageo 8.3
Crown Royal Regal Apple,082000771562,Liquor,750ml,12,Diageo/UBI,Phillips Wine & Spirits,Case 1,February|April|June|August|October|December,19.509142394822007,234.10970873786408,270,28.99,25.96,0.24849220358929097,240,2026-08-01 00:00:00,,270,,000024790,234.10970873786408,19.509142394822007,30.99,29.99,24.96,0.3,,,,,,,,139,Phillips Wine & Spirits - St. Paul,Diageo 8.3
Crown Royal Salted Caramel,082000783978,Liquor,750ml,12,Diageo/UBI,Phillips Wine & Spirits,Case 1,ALL,19.509142394822007,234.10970873786408,270,28.99,25.96,0.24849220358929097,240,2026-08-01 00:00:00,,270,,001144638,234.10970873786408,19.509142394822007,30.99,30.99,25.96,0.3,,,,,,,,140,Phillips Wine & Spirits - St. Paul,Diageo 8.3
Crown Royal Vanilla,082000776598,Liquor,750ml,12,Diageo/UBI,Phillips Wine & Spirits,Case 1 Must hit 12 cs within month,February|April|June|August|October|December,19.509142394822007,234.10970873786408,270,28.99,25.96,0.24849220358929097,240,2026-08-01 00:00:00,,270,,000028205,234.10970873786408,19.509142394822007,30.99,29.99,24.96,0.3,,,,,,,,112,Phillips Wine & Spirits - St. Paul,Diageo 8.3
Don Julio 1942 Anejo Tequila,674545000322,Liquor,750ml,6,Diageo/UBI,Phillips Wine & Spirits,Case 1,Ocotber|December|February,120.85000000000001,725.1,900,194.99,162.96,0.258406971035837,724,2026-08-01 00:00:00,,900,,10153,725.1,120.85000000000001,191.99,,,0.3,,,,,,,,,Phillips Wine & Spirits - St. Paul,Diageo 8.3
Don Julio Anejo Tequila,674545000063,Liquor,750ml,6,Diageo/UBI,Phillips Wine & Spirits,Case 1 Must hit 2 cs within month,February|April|June|August|October|December,40.016666666666666,240.1,292.5,62.99,53.96,0.2584012849023969,239,2026-08-01 00:00:00,,292.5,,60368,240.1,40.016666666666666,63.99,47.99,42.96,0.3,,,,,,,,119,Phillips Wine & Spirits - St. Paul,Diageo 8.3
Don Julio Blanco Tequila,674545000001,Liquor,750ml,6,Diageo/UBI,Phillips Wine & Spirits,Case 1,February|April|June|August|October|December,33.93333333333333,203.6,229.5,49.99,45.96,0.2616768204235568,202.5,2026-08-01 00:00:00,,229.5,,60384,203.6,33.93333333333333,53.99,43.99,35.96,0.3,,,,,,,,260,Phillips Wine & Spirits - St. Paul,Diageo 8.3
Don Julio Reposado Tequila,674545000636,Liquor,1.75L,3,Diageo/UBI,Johnson Brothers Liquor Co,Case 1,ALL,81.03333333333333,243.1,256.5,110.99,108.96,0.25630200685266763,242,2026-08-01 00:00:00,,256.5,,1076772,243.1,81.03333333333333,128.99,117.99,99.96,0.3,,,,,,,,51,Johnson Brothers - St. Paul,Diageo 8.3
Don Julio Reposado Tequila,674545000414,Liquor,750ml,6,Diageo/UBI,Phillips Wine & Spirits,Case 1,February|April|June|August|October|December,33.18333333333333,199.1,261,56.99,44.96,0.2619365361803085,198,2026-08-01 00:00:00,,261,,69476,199.1,33.18333333333333,52.99,40.99,35.96,0.3,,,,,,,,999,Phillips Wine & Spirits - St. Paul,Diageo 8.3
Ketel One Vodka,085156803682,Liquor,1.75L,6,Diageo/UBI,Phillips Wine & Spirits,Case 1,February|April|June|August|October|December,28.016666666666666,168.1,189,40.99,37.96,0.26194239550403936,167,2026-08-01 00:00:00,,189,,000015236,168.1,28.016666666666666,44.99,34.99,29.96,0.3,,,,,,,,639,Phillips Wine & Spirits - St. Paul,Diageo 8.3
Smirnoff Blue Raspberry Vodka,082000802198,Liquor,1.75L,6,Diageo/UBI,Johnson Brothers Liquor Co,Case 1 Must hit 25 cs within month,January|March|May|July|September|November,14.069999999999999,84.41999999999999,103.5,21.99,18.96,0.2579113924050634,88,2026-08-01 00:00:00,,103.5,,1181840,84.41999999999999,14.069999999999999,21.99,,,0.3,,,,,,,,,Johnson Brothers - St. Paul,Diageo 8.3
Smirnoff Citrus Vodka,082000723943,Liquor,1.75L,6,Diageo/UBI,Johnson Brothers Liquor Co,Case 1 Must hit 25 cs within month,January|March|May|July|September|November,14.069999999999999,84.41999999999999,103.5,21.99,18.96,0.2579113924050634,88,2026-08-01 00:00:00,,103.5,,000048710,84.41999999999999,14.069999999999999,21.99,21.99,19.96,0.3,,,,,,,,0,Johnson Brothers - St. Paul,Diageo 8.3
Smirnoff Lime Vodka,082000732884,Liquor,1.75L,6,Diageo/UBI,Johnson Brothers Liquor Co,Case 1 Must hit 25 cs within month,January|March|May|July|September|November,14.069999999999999,84.41999999999999,103.5,21.99,18.96,0.2579113924050634,88,2026-08-01 00:00:00,,103.5,,000011515,84.41999999999999,14.069999999999999,21.99,21.99,19.96,0.3,,,,,,,,0,Johnson Brothers - St. Paul,Diageo 8.3
Smirnoff Pink Lemonade,082000797210,Liquor,1.75L,6,Diageo/UBI,Johnson Brothers Liquor Co,Case 1 Must hit 25 cs within month,January|March|May|July|September|November,14.459999999999999,86.75999999999999,103.5,21.99,19.96,0.27555110220440887,88,2026-08-01 00:00:00,,103.5,,1905979,86.75999999999999,14.459999999999999,23.99,21.99,19.96,0.3,,,,,,,,0,Johnson Brothers - St. Paul,Diageo 8.3
Smirnoff Raspberry Vodka,082000723998,Liquor,1.75L,6,Diageo/UBI,Johnson Brothers Liquor Co,Case 1 Must hit 25 cs within month,January|March|May|July|September|November,14.459999999999999,86.75999999999999,103.5,21.99,19.96,0.27555110220440887,88,2026-08-01 00:00:00,,103.5,,000032730,86.75999999999999,14.459999999999999,23.99,,,0.3,,,,,,,,,Johnson Brothers - St. Paul,Diageo 8.3
Smirnoff Red White and Berry,082000788102,Liquor,1.75L,6,Diageo/UBI,Johnson Brothers Liquor Co,Case 1 Must hit 25 cs within month,January|March|May|July|September|November,14.459999999999999,86.75999999999999,103.5,21.99,19.96,0.27555110220440887,88,2026-08-01 00:00:00,,103.5,,001339326,86.75999999999999,14.459999999999999,23.99,23.99,19.96,0.3,,,,,,,,7,Johnson Brothers - St. Paul,Diageo 8.3
Smirnoff Vanilla Vodka,082000724049,Liquor,1.75L,6,Diageo/UBI,Johnson Brothers Liquor Co,Case 1 Must hit 25 cs within month,January|March|May|July|September|November,14.459999999999999,86.75999999999999,103.5,21.99,19.96,0.27555110220440887,88,2026-08-01 00:00:00,,103.5,,000023028,86.75999999999999,14.459999999999999,23.99,21.99,19.96,0.3,,,,,,,,90,Johnson Brothers - St. Paul,Diageo 8.3
Smirnoff Vodka,082000727606,Liquor,1.75L,6,Diageo/UBI,Johnson Brothers Liquor Co,Case 1 Must hit 25 cs within month,January|March|May|July|September|November,13.793333333333331,82.75999999999999,103.5,21.99,18.96,0.2725035161744024,84,2026-08-01 00:00:00,,103.5,,000002550,82.75999999999999,13.793333333333331,21.99,20.99,16.96,0.3,,,,,,,,213,Johnson Brothers - St. Paul,Diageo 8.3
Aviation Gin,853507000024,Liquor,750ml,6,Diageo,Bellboy Corporation,5cs across chain-same week,All,22.166666666666668,133,144,30.99,29.96,0.2601246105919003,132,2026-08-01 00:00:00,,144,,7271104,133,22.166666666666668,34.99,,,0.3,,,,,,,,,Bellboy Corporation,Bellboy Diageo 8.3
Bailey's Irish Cream 750 ml,086767210067,Liquor,750ml,12,Diageo,Bellboy Corporation,9 cases 750 - across chain - same week ,February|March|May|Aug|Oct|Nov|Dec,18.541666666666668,222.5,256.5,27.99,24.96,0.25714476495726496,221.5,2026-08-01 00:00:00,,256.5,,7177014,222.5,18.541666666666668,28.99,29.99,24.96,0.3,,,,,,,,178,Bellboy Corporation,Bellboy Diageo 8.3
Buchanans 12 Yr Scotch,088110955328,Liquor,750 ml,12,Diageo,Bellboy Corporation,case 1,All,26.541666666666668,318.5,341.5,36.99,35.96,0.2619113830181683,317.5,2026-08-01 00:00:00,,341.5,,8068014,318.5,26.541666666666668,41.99,40.99,34.96,0.3,,,,,,,,100,Bellboy Corporation,Bellboy Diageo 8.3
Bulleit Bourbon,087000005525,Liquor,750 ml,12,Diageo,Bellboy Corporation,8  cases M/M RYE  - across chain - same week,February|April|June|August|October|December,19.25,231,278.75,29.99,25.96,0.2584745762711865,230,2026-08-01 00:00:00,,278.75,,8373004,231,19.25,30.99,28.99,24.96,0.3,,,,,,,,247,Bellboy Corporation,Bellboy Diageo 8.3
Bulleit Rye,082000752967,Liquor,750 ml,12,Diageo,Bellboy Corporation,8 cases  - m/m bourbon across chain - same week,February|April|June|August|October|December,19.25,231,278.75,29.99,25.96,0.2584745762711865,230,2026-08-01 00:00:00,,278.75,,8373214,231,19.25,30.99,28.99,24.96,0.3,,,,,,,,164,Bellboy Corporation,Bellboy Diageo 8.3
Captain Morgan 100 Proof,082000742005,Liquor,1.75L,6,Diageo,Bellboy Corporation,4 cases  - across chain - same week,February|April|June|August|October|December,24.325,145.95,157.95,33.99,32.96,0.26198422330097093,144.95,2026-08-01 00:00:00,,157.95,,7868329,145.95,24.325,38.99,35.49,29.96,0.3,,,,,,,,43,Bellboy Corporation,Bellboy Diageo 8.3
Captain Morgan Original ,08731409,Liquor,50ml,120,Diageo,Bellboy Corporation,case 1,ALL,0.6666666666666666,80,132,1.99,0.96,0.3055555555555556,79,2026-08-01 00:00:00,,132,,7868318,80,0.6666666666666666,0.99,1.49,1.24,0.5,,,,,,,,969,Bellboy Corporation,Bellboy Diageo 8.3
Captain Morgan Original  PET 750,087000002715,Liquor,750ml,12,Diageo,Bellboy Corporation,3 cases - across chain-one week,February|April|June|August|October|December,11.174999999999999,134.1,151.1,15.99,14.96,0.2530080213903744,133.1,2026-08-01 00:00:00,,151.1,,7868324,134.1,11.174999999999999,17.99,,,0.3,,,,,,,,,Bellboy Corporation,Bellboy Diageo 8.3
Captain Morgan Original Glass,087000201156,Liquor,1.75L,6,Diageo,Bellboy Corporation,M/M 175's PET/Glass/lsilver-20cs across chain same week,February|April|June|August|October|December,20.291666666666668,121.75,130.05,27.99,26.96,0.2473417408506429,120.75,2026-08-01 00:00:00,,130.05,,7868319,121.75,20.291666666666668,31.99,,,0.3,,,,,,,,,Bellboy Corporation,Bellboy Diageo 8.3
Captain Morgan Original PET,082000759102,Liquor,1.75L,6,Diageo,Bellboy Corporation,M/M 175's PET/Glass/lsilver-20cs across chain same week,February|April|June|August|October|December,20.291666666666668,121.75,130.05,27.99,26.96,0.2473417408506429,120.75,2026-08-01 00:00:00,,130.05,,7868309,121.75,20.291666666666668,31.99,26.99,22.96,0.3,,,,,,,,598,Bellboy Corporation,Bellboy Diageo 8.3
Captain Morgan Silver,087000201484,Liquor,1.75L,6,Diageo,Bellboy Corporation,M/M 175's PET/Glass/lsilver-20cs across chain same week,February|April|June|August|October|December,20.291666666666668,121.75,130.05,27.99,26.96,0.2473417408506429,120.75,2026-08-01 00:00:00,,130.05,,7868349,121.75,20.291666666666668,31.99,28.99,23.96,0.3,,,,,,,,75,Bellboy Corporation,Bellboy Diageo 8.3
Captain Morgan White,082000766834,Liquor,Liter,12,Diageo,Bellboy Corporation,4cs across chain - same week,All,12.9125,154.95,161.95,17.99,16.96,0.23864976415094347,153.95,2026-08-01 00:00:00,,161.95,,7868215,154.95,12.9125,19.99,20.99,17.96,0.3,,,,,,,,27,Bellboy Corporation,Bellboy Diageo 8.3
Captain Morgan White,082000766858,Liquor,1.75L,6,Diageo,Bellboy Corporation,3cases across chain in one week,All,16.583333333333332,99.5,102.5,21.99,21.96,0.24483910139647852,98.5,2026-08-01 00:00:00,,102.5,,7868219,99.5,16.583333333333332,25.99,26.99,22.96,0.3,,,,,,,,7,Bellboy Corporation,Bellboy Diageo 8.3
Crown Royal Canadian,087000007253,Liquor,750ml,12,Diageo,Bellboy Corporation,"8cs m/m (Reg, Apple, Peach,Vanilla)across chain-same week",February|April|June|August|October|December,19.75,237,269.75,28.99,26.96,0.267433234421365,236,2026-08-01 00:00:00,,269.75,,6863114,237,19.75,31.99,29.99,24.96,0.3,,,,,,,,269,Bellboy Corporation,Bellboy Diageo 8.3
Crown Royal Peach,082000782919,Liquor,750ml,12,Diageo,Bellboy Corporation,"8cs m/m (Reg, Apple, Peach,Vanilla)across chain-same week",February|April|June|August|October|December,19.75,237,273,29.99,26.96,0.267433234421365,236,2026-08-01 00:00:00,,273,,6163234,237,19.75,31.99,29.99,24.96,0.3,,,,,,,,170,Bellboy Corporation,Bellboy Diageo 8.3
Crown Royal Regal Apple,082000771562,Liquor,750ml,12,Diageo,Bellboy Corporation,"8cs m/m (Reg, Apple, Peach,Vanilla)across chain-same week",February|April|June|August|October|December,19.75,237,275,29.99,26.96,0.267433234421365,236,2026-08-01 00:00:00,,275,,6163204,237,19.75,31.99,29.99,24.96,0.3,,,,,,,,139,Bellboy Corporation,Bellboy Diageo 8.3
Crown Royal Vanilla,082000776598,Liquor,750ml,12,Diageo,Bellboy Corporation,"8cs m/m (Reg, Apple, Peach,Vanilla)across chain-same week",February|April|June|August|October|December,19.75,237,273,29.99,26.96,0.267433234421365,236,2026-08-01 00:00:00,,273,,6163214,237,19.75,31.99,29.99,24.96,0.3,,,,,,,,112,Bellboy Corporation,Bellboy Diageo 8.3
Don Julio 70th Anniversary,674545000827,Liquor,750ml,6,Diageo,Bellboy Corporation,,ALL,46.833333333333336,281,363,78.99,62.96,0.25614146548072847,280,2026-08-01 00:00:00,,280,,8491964,281,46.833333333333336,73.99,71.99,57.96,0.3,,,,,,,,4,Bellboy Corporation,Bellboy Diageo 8.3
Don Julio Anejo Tequila,674545000063,Liquor,750ml,6,Diageo,Bellboy Corporation,2cs across chain- same week,February|April|June|August|October|December,42.666666666666664,256,292,62.99,57.96,0.26386013342535086,255,2026-08-01 00:00:00,,292,,8491914,256,42.666666666666664,67.99,47.99,42.96,0.3,,,,,,,,119,Bellboy Corporation,Bellboy Diageo 8.3
Don Julio Blanco Tequila,674545001005,Liquor,50ml,60,Diageo,Bellboy Corporation,case 1,ALL,3.066666666666667,184,183,4.99,3.96,0.22558922558922553,183,2026-08-01 00:00:00,,183,,8491928,184,3.066666666666667,4.99,,,0.5,,,,,,,,,Bellboy Corporation,Bellboy Diageo 8.3
Don Julio Blanco Tequila,674545000001,Liquor,750ml,6,Diageo,Bellboy Corporation,8cs across chain- same week,February|April|June|August|October|December,29.333333333333332,176,215.65,46.99,39.96,0.26593259926593266,175,2026-08-01 00:00:00,,215.65,,8491924,176,29.333333333333332,46.99,43.99,35.96,0.3,,,,,,,,260,Bellboy Corporation,Bellboy Diageo 8.3
Don Julio Repo Tequila,674545000421,Liquor,50ml,60,Diageo,Bellboy Corporation,case 1,ALL,3.6,216,215,4.99,4.96,0.27419354838709675,215,2026-08-01 00:00:00,,215,,8491948,216,3.6,5.99,,,0.5,,,,,,,,,Bellboy Corporation,Bellboy Diageo 8.3
Don Julio Reposado Tequila,674545000414,Liquor,750ml,6,Diageo,Bellboy Corporation,2cs across chain- same week,February|April|June|August|October|December,31,186,247.15,53.99,41.96,0.26120114394661587,185,2026-08-01 00:00:00,,247.15,,8491944,186,31,49.99,40.99,35.96,0.3,,,,,,,,999,Bellboy Corporation,Bellboy Diageo 8.3
Johnnie Walker Black,088110011307,Liquor,750ml,12,Diageo,Bellboy Corporation,3 cs  across chain- same week,February|April|June|August|October|December,26.375,316.5,339.5,36.99,35.96,0.26654616240266965,315.5,2026-08-01 00:00:00,,339.5,,8063514,316.5,26.375,41.99,39.99,32.96,0.3,,,,,,,,133,Bellboy Corporation,Bellboy Diageo 8.3
Johnnie Walker Black,088076163171,Liquor,1.75L,6,Diageo,Bellboy Corporation,Case 1,February|April|June|August|October|December,47.833333333333336,287,345,74.99,64.96,0.2636494252873562,286,2026-08-01 00:00:00,,315,,8063519,287,47.833333333333336,76.99,63.99,51.96,0.3,,,,,,,,26,Bellboy Corporation,Bellboy Diageo 8.3
Johnnie Walker Red,088110021306,Liquor,750ml,12,Diageo,Bellboy Corporation,3 cs  across chain- same week,February|April|June|August|October|December,17.741666666666667,212.9,235.9,25.99,23.96,0.2595297718419588,211.9,2026-08-01 00:00:00,,235.9,,8063534,212.9,17.741666666666667,27.99,26.99,22.96,0.3,,,,,,,,91,Bellboy Corporation,Bellboy Diageo 8.3
Johnnie Walker Red,088076163164,Liquor,1.75L,6,Diageo,Bellboy Corporation,2 cs  across chain-same week,February|April|June|August|October|December,32.166666666666664,193,210,45.99,42.96,0.2512414649286158,192,2026-08-01 00:00:00,,210,,8063539,193,32.166666666666664,50.99,37.99,34.96,0.3,,,,,,,,40,Bellboy Corporation,Bellboy Diageo 8.3
Ketel One Vodka,085156610419,Liquor,Liter,12,Diageo,Bellboy Corporation,1cs across the chain same wee,"January, March, May, July, September, November",23.5825,282.99,307.99,32.99,31.96,0.2621245306633292,281.99,2026-08-01 00:00:00,,307.99,,8595615,282.99,23.5825,37.99,31.99,27.96,0.3,,,,,,,,127,Bellboy Corporation,Bellboy Diageo 8.3
Ketel One Vodka,085156515417,Liquor,750ml,12,Diageo,Bellboy Corporation,3cs across chain-same week,February|April|June|August|October|December,14.104166666666666,169.25,194,20.99,18.96,0.25610935302391,168.25,2026-08-01 00:00:00,,194,,8595614,169.25,14.104166666666666,21.99,23.99,19.96,0.3,,,,,,,,150,Bellboy Corporation,Bellboy Diageo 8.3
Ketel One Vodka,085156803682,Liquor,1.75L,6,Diageo,Bellboy Corporation,16cs  across chain- same week,February|April|June|August|October|December,25.625,153.75,185,39.99,34.96,0.2670194508009153,152.75,2026-08-01 00:00:00,,185,,8595619,153.75,25.625,40.99,34.99,29.96,0.3,,,,,,,,639,Bellboy Corporation,Bellboy Diageo 8.3
Lagavulin 16 Yr Single,088110140052,Liquor,750ml,12,Diageo,Bellboy Corporation,Case 1,All,74.08333333333333,889,915,98.99,99.96,0.2588702147525677,888,2026-08-01 00:00:00,,915,,8188514,889,74.08333333333333,117.99,88.99,74.96,0.3,,,,,,,,79,Bellboy Corporation,Bellboy Diageo 8.3
Oban 14yr Scotch,088110160050,Liquor,750ml,12,Diageo,Bellboy Corporation,Case 1 ,All,63.166666666666664,758,790,85.99,84.96,0.2565128688010044,757,2026-08-01 00:00:00,,790,,8160274,758,63.166666666666664,99.99,92.99,77.96,0.3,,,,,,,,74,Bellboy Corporation,Bellboy Diageo 8.3
Ron Zacapa 23,699013000550,Liquor,750 ml,6,Diageo,Bellboy Corporation,Case 1,Febuary|April|June,28.833333333333332,173,194,41.99,38.96,0.2599247091033539,172,2026-08-01 00:00:00,,194,,7821004,173,28.833333333333332,45.99,46.99,39.96,0.3,,,,,,,,2,Bellboy Corporation,Bellboy Diageo 8.3
Rumple Minze,086767520043,Liquor,Liter,12,Diageo,Bellboy Corporation,4cs across chain - same week,February|April|June|August|October|December,18.833333333333332,226,256.5,27.99,24.96,0.24545940170940178,225,2026-08-01 00:00:00,,256.5,,7693615,226,18.833333333333332,28.99,29.99,25.96,0.3,,,,,,,,102,Bellboy Corporation,Bellboy Diageo 8.3
Rumple Minze,086767520067,Liquor,750ml,12,Diageo,Bellboy Corporation,4cs across chain - same week,February|April|June|August|October|December,14.25,171,205,21.99,18.96,0.2484177215189874,170,2026-08-01 00:00:00,,205,,7693614,171,14.25,21.99,23.99,19.96,0.3,,,,,,,,154,Bellboy Corporation,Bellboy Diageo 8.3
Seagrams 7 Blended,087000007321,Liquor,1.0L,12,Diageo,Bellboy Corporation,4cs across chain - same week,Febuary|April|June,11.520833333333334,138.25,170.25,17.99,15.96,0.2781432748538012,137.25,2026-08-01 00:00:00,,170.25,,6664215,138.25,11.520833333333334,18.99,20.99,17.96,0.3,,,,,,,,102,Bellboy Corporation,Bellboy Diageo 8.3
Smirnoff Vodka,08200501,Liquor,1.0L,12,Diageo,Bellboy Corporation,8 cs across chain-same week,February|April|June|August|October|December,10.145833333333334,121.75,153,16.99,13.96,0.27322110792741167,120.75,2026-08-01 00:00:00,,153,,8572725,121.75,10.145833333333334,15.99,17.99,14.96,0.3,,,,,,,,270,Bellboy Corporation,Bellboy Diageo 8.3
Tanqueray Gin,088110110406,Liquor,Liter,12,Diageo,Bellboy Corporation,2cs across chain- same week,February|April|June|August|October|December,19.333333333333332,232,261,27.99,25.96,0.2552645095017977,231,2026-08-01 00:00:00,,261,,7273415,232,19.333333333333332,30.99,30.49,25.96,0.3,,,,,,,,187,Bellboy Corporation,Bellboy Diageo 8.3
ABERFELDY SCO SMALT 12YR 80,080480220006,Liquor,750ml,6,BACARDI USA INC,Southern Wine & Spirits, ,FEBRUARY|JUNE|AUGUST|October|December,33.178333333333335,199.07000000000002,218.75,46.99,44.96,0.2620477461447212,198.27,2026-08-01 00:00:00,,198.27,,412191,199.07000000000002,33.178333333333335,52.99,52.99,43.96,0.3,,,,,,,,32,Southern Glazer's Wine & Spirits of MN,Southern 8.1
Absolut Vodka 375ml,835229000209,Liquor,375ml,24,Pernod,Southern Wine & Spirits, ,ALL,8.593333333333334,206.24,231.8,13.99,11.96,0.2814938684503902,205.44,2026-08-01 00:00:00,,205.44,,13223,206.24,8.593333333333334,13.99,14.99,12.96,0.5,,,,,,,,170,Southern Glazer's Wine & Spirits of MN,Southern 8.1
Absolut Vodka 50ml,835229000001,Liquor,50ml,120,Pernod,Southern Wine & Spirits, ,ALL,1.1981666666666666,143.78,171.8,1.99,1.96,0.3886904761904762,142.98,2026-08-01 00:00:00,,142.98,,10462,143.78,1.1981666666666666,1.99,,,0.5,,,,,,,,,Southern Glazer's Wine & Spirits of MN,Southern 8.1
Absolut Vodka Citron 375ml,835229001206,Liquor,375ml,24,Pernod,Southern Wine & Spirits, ,ALL,8.593333333333334,206.24,231.8,13.99,11.96,0.2814938684503902,205.44,2026-08-01 00:00:00,,205.44,,1806,206.24,8.593333333333334,13.99,,,0.5,,,,,,,,,Southern Glazer's Wine & Spirits of MN,Southern 8.1
Absolut Vodka Citron 50ml,835229001008,Liquor,50ml,120,Pernod,Southern Wine & Spirits, ,ALL,1.1981666666666666,143.78,171.8,1.99,1.96,0.3886904761904762,142.98,2026-08-01 00:00:00,,142.98,,10951,143.78,1.1981666666666666,1.99,,,0.5,,,,,,,,,Southern Glazer's Wine & Spirits of MN,Southern 8.1
BASIL HAYDEN BBN TOAST 80,080686012344,Liquor,750ml,6,Beam/Suntory,Southern Wine & Spirits, ,FEBRUARY|JUNE|AUGUST|SEPTEMBER|NOVEMBER|DECEMBER,31.235000000000003,187.41000000000003,236,50.99,38.96,0.24961498973305948,186.61,2026-08-01 00:00:00,,224.96,,524720,175.41000000000003,29.235000000000003,45.99,65.99,54.96,0.3,,,,,,,,14,Southern Glazer's Wine & Spirits of MN,Southern 8.1
BASIL HAYDEN DARK RYE 80,080686012146,Liquor,750ml,6,Beam/Suntory,Southern Wine & Spirits, ,FEBRUARY|JUNE|AUGUST|SEPTEMBER|NOVEMBER|DECEMBER,31.235000000000003,187.41000000000003,236,50.99,38.96,0.24961498973305948,186.61,2026-08-01 00:00:00,,224.96,,950719,175.41000000000003,29.235000000000003,45.99,53.99,44.96,0.3,,,,,,,,42,Southern Glazer's Wine & Spirits of MN,Southern 8.1
CHOPIN VOD POTATO BLACK 80,852935001153,Liquor,750ml,6,CHOPIN IMPORTS/MHW LTD,Southern Wine & Spirits,,ALL,22.633333333333336,135.8,152.5,32.99,30.96,0.26894918173987936,135,2026-08-01 00:00:00,,125,,482219,135.8,22.633333333333336,36.99,33.49,27.96,0.3,,,,,,,,14,Southern Glazer's Wine & Spirits of MN,Southern 8.1
CHOPIN VODKA RYE RED 80,852935001085,Liquor,750ml,6,CHOPIN IMPORTS/MHW LTD,Southern Wine & Spirits,,ALL,22.633333333333336,135.8,152.5,32.99,30.96,0.26894918173987936,135,2026-08-01 00:00:00,,135,,935845,135.8,22.633333333333336,36.99,29.99,0,0.3,,,,,,,,6,Southern Glazer's Wine & Spirits of MN,Southern 8.1
CHOPIN VODKA WHEAT 80,852935001221,Liquor,750ml,6,CHOPIN IMPORTS/MHW LTD,Southern Wine & Spirits,,ALL,22.633333333333336,135.8,152.5,32.99,30.96,0.26894918173987936,135,2026-08-01 00:00:00,,135,,935834,135.8,22.633333333333336,36.99,29.99,0,0.3,,,,,,,,0,Southern Glazer's Wine & Spirits of MN,Southern 8.1
Dorda Double Chocolate 750ml,852935001337,Liquor,750ml,6, ,Southern Wine & Spirits, ,ALL,20.383333333333333,122.3,104.94,22.99,27.96,0.2709823557463043,121.5,2026-08-01 00:00:00,,121.5,,10140,122.3,20.383333333333333,32.99,29.99,24.96,0.3,,,,,,,,0,Southern Glazer's Wine & Spirits of MN,Southern 8.1
DORDA SEA SALT CARAMEL LIQ 36,852935001702,Liquor,750ml,6,CHOPIN IMPORTS/MHW LTD,Southern Wine & Spirits, ,ALL,20.383333333333333,122.3,134.96,28.99,27.96,0.2709823557463043,121.5,2026-08-01 00:00:00,,121.5,,895527,122.3,20.383333333333333,32.99,29.99,24.96,0.3,,,,,,,,12,Southern Glazer's Wine & Spirits of MN,Southern 8.1
JAMESON IRISH WHISKEY 80,080432500170,Liquor,750ml,12,Pernod,Southern Wine & Spirits, ,February|May|October|November,19.083000000000002,228.99600000000004,293.1,31.99,24.96,0.255488782051282,276.1,2026-08-01 00:00:00,,251.94,,24602,222.99600000000004,18.583000000000002,28.99,29.99,24.96,0.3,,,,,,,,276,Southern Glazer's Wine & Spirits of MN,Southern 8.1
JAMESON IRISH WSKY ORANGE 60,080432117330,Liquor,750ml,6,Pernod,Southern Wine & Spirits, ,February|May|October|November,15.162666666666668,90.97600000000001,146.55,31.99,18.96,0.25302390998593527,138.08,2026-08-01 00:00:00,,138.08,,517574,84.97600000000001,14.162666666666668,21.99,29.99,25.96,0.3,,,,,,,,33,Southern Glazer's Wine & Spirits of MN,Southern 8.1
KAHLUA 40,089540122700,Liquor,Liter,6,Pernod,Southern Wine & Spirits, ,March|June|September|December,18.018412698412696,108.11047619047618,170,36.99,22.96,0.25152093357668276,158.67,2026-08-01 00:00:00,,158.67,,93165,103.11047619047618,17.185079365079364,26.99,33.99,27.96,0.3,,,,,,,,93,Southern Glazer's Wine & Spirits of MN,Southern 8.1
KAMCHATKA VODKA PREM LIQ 80 PET,080686160106,Liquor,1.75L,6,Beam/Suntory,Southern Wine & Spirits,,ALL,9.168333333333333,55.01,59.35,12.99,11.96,0.2334169453734672,54.21,2026-08-01 00:00:00,,54.21,,318728,55.01,9.168333333333333,13.99,12.99,10.96,0.3,,,,,,,,0,Southern Glazer's Wine & Spirits of MN,Southern 8.1
OLD ELK BBN BLENDED STRAIGHT 88,852045007014,Liquor,750ml,6,OLD ELK DISTILLERIES LLC,Southern Wine & Spirits, ,ALL,33.13333333333333,198.8,264,56.99,44.96,0.26304863582443655,198,2026-08-01 00:00:00,,198,,896681,198.8,33.13333333333333,52.99,59.99,49.96,0.3,,,,,,,,21,Southern Glazer's Wine & Spirits of MN,Southern 8.1
Wild Turkey American Honey 750ml,721059817509,Liquor,750ml,12,,Southern Wine & Spirits,,,14.227500000000001,170.73000000000002,180,19.99,18.96,0.24960443037974683,169.93,2026-08-01 00:00:00,,169.93,,313575,170.73000000000002,14.227500000000001,21.99,23.99,19.96,0.3,,,,,,,,53,Southern Glazer's Wine & Spirits of MN,Southern 8.1
Canadian Hunter,89708732406,Liquor,50ml,120,Beam / Suntory,Breakthru Beverage,,ALL,0.68625,82.35000000000001,81.2,0.99,0.96,0.28515624999999994,81.2,2026-08-01 00:00:00,, ,,9020042,82.35000000000001,0.68625,0.99,,,0.5,,,,,,,,,"Breakthru Beverage Minnesota Wine & Spirits, LLC",Breakthru 8.1
Canadian Mist ,081128723347,Liquor,50ml,120,Sazerac,Breakthru Beverage,"150cs 50ml purchase in a month (Buffalo Trace Cream, Canadian Mist, Dr Mcgil, Fireball, Goldschlager, Hartley Brandy, Margaritaville, Parrot Bay, Platinum 7x, R&R, Scoresby, Sheep Dog, SoCo, Taaka, Traveller, Wheately, Yukon Jack)",ALL,0.6016666666666667,72.2,81.2,0.99,0.96,0.37326388888888884,71.05,2026-08-01 00:00:00,,,,30296,72.2,0.6016666666666667,0.99,1.49,1.24,0.5,,,,,,,,837,"Breakthru Beverage Minnesota Wine & Spirits, LLC",Breakthru 8.1
Dr McGillicuddy's Apple Pie,088004021788,Liquor,100ml,48,Sazerac,Breakthru Beverage,25cs mix and match,ALL,1.0497916666666667,50.39,65,1.99,0.96,-0.09353298611111116,49.24,2026-08-01 00:00:00,, ,,9259232,50.39,1.0497916666666667,0.99,,,0.5,,,,,,,,,"Breakthru Beverage Minnesota Wine & Spirits, LLC",Breakthru 8.1
Dr Mcgillicuddy's Cherry,88004024659,Liquor,100ml,48,Sazerac,Breakthru Beverage,25cs mix and match,ALL,1.0497916666666667,50.39,65,1.99,0.96,-0.09353298611111116,49.24,2026-08-01 00:00:00,, ,,9252884,50.39,1.0497916666666667,0.99,,,0.5,,,,,,,,,"Breakthru Beverage Minnesota Wine & Spirits, LLC",Breakthru 8.1
Dr McGillicuddy's Mentholmint,88004021771,Liquor,100ml,48,Sazerac,Breakthru Beverage,25cs mix and match,ALL,1.0497916666666667,50.39,65,1.99,0.96,-0.09353298611111116,49.24,2026-08-01 00:00:00,, ,,9219499,50.39,1.0497916666666667,0.99,,,0.5,,,,,,,,,"Breakthru Beverage Minnesota Wine & Spirits, LLC",Breakthru 8.1
Dr McGillicuddy's Peach,088004009793,Liquor,50ml,120,Sazerac,Breakthru Beverage,"150cs 50ml purchase in a month (Buffalo Trace Cream, Canadian Mist, Dr Mcgil, Fireball, Goldschlager, Hartley Brandy, Margaritaville, Parrot Bay, Platinum 7x, R&R, Scoresby, Sheep Dog, SoCo, Taaka, Traveller, Wheately, Yukon Jack)",ALL,0.6016666666666667,72.2,81.2,0.99,0.96,0.37326388888888884,71.05,2026-08-01 00:00:00,,,,9219507,72.2,0.6016666666666667,0.99,,,0.5,,,,,,,,,"Breakthru Beverage Minnesota Wine & Spirits, LLC",Breakthru 8.1
Dr McGillicuddy's Wild Grape,088004009540,Liquor,Liter,12,Sazerac,Breakthru Beverage,15cs purchase in a month,ALL,12.845833333333333,154.15,171,18.99,16.96,0.24258058176100633,153,2026-08-01 00:00:00,, ,,9219497,154.15,12.845833333333333,19.99,,,0.3,,,,,,,,,"Breakthru Beverage Minnesota Wine & Spirits, LLC",Breakthru 8.1
Dr McGillicuddys Apple Pie,088004009755,Liquor,50ml,120,Sazerac,Breakthru Beverage,"150cs 50ml purchase in a month (Buffalo Trace Cream, Canadian Mist, Dr Mcgil, Fireball, Goldschlager, Hartley Brandy, Margaritaville, Parrot Bay, Platinum 7x, R&R, Scoresby, Sheep Dog, SoCo, Taaka, Traveller, Wheately, Yukon Jack)",ALL,0.6016666666666667,72.2,81.2,0.99,0.96,0.37326388888888884,71.05,2026-08-01 00:00:00,,,,9219465,72.2,0.6016666666666667,0.99,1.49,1.24,0.5,,,,,,,,638,"Breakthru Beverage Minnesota Wine & Spirits, LLC",Breakthru 8.1
Dr McGillicuddys Apple Pie,088004009748,Liquor,750ml,12,Sazerac,Breakthru Beverage,15cs purchase in a month,ALL,9.845833333333333,118.15,135,14.99,12.96,0.24029063786008237,117,2026-08-01 00:00:00,, ,,9219470,118.15,9.845833333333333,14.99,16.99,14.96,0.3,,,,,,,,0,"Breakthru Beverage Minnesota Wine & Spirits, LLC",Breakthru 8.1
Dr McGillicuddys Apple Pie,088004009694,Liquor,Liter,12,Sazerac,Breakthru Beverage,15cs purchase in a month,ALL,12.845833333333333,154.15,171,18.99,16.96,0.24258058176100633,153,2026-08-01 00:00:00,, ,,9219463,154.15,12.845833333333333,19.99,,,0.3,,,,,,,,,"Breakthru Beverage Minnesota Wine & Spirits, LLC",Breakthru 8.1
Dr McGillicuddys Butterscotch,088004020323,Liquor,50ml,120,Sazerac,Breakthru Beverage,"150cs 50ml purchase in a month (Buffalo Trace Cream, Canadian Mist, Dr Mcgil, Fireball, Goldschlager, Hartley Brandy, Margaritaville, Parrot Bay, Platinum 7x, R&R, Scoresby, Sheep Dog, SoCo, Taaka, Traveller, Wheately, Yukon Jack)",ALL,0.6016666666666667,72.2,81.2,0.99,0.96,0.37326388888888884,71.05,2026-08-01 00:00:00,,,,9219489,72.2,0.6016666666666667,0.99,1.49,1.24,0.5,,,,,,,,865,"Breakthru Beverage Minnesota Wine & Spirits, LLC",Breakthru 8.1
Dr McGillicuddys Butterscotch,088004030056,Liquor,Traveler,12,Sazerac,Breakthru Beverage,15cs purchase in a month,ALL,9.845833333333333,118.15,135,14.99,12.96,0.24029063786008237,117,2026-08-01 00:00:00,, ,,9286926,118.15,9.845833333333333,14.99,15.99,0,0.3,,,,,,,,38,"Breakthru Beverage Minnesota Wine & Spirits, LLC",Breakthru 8.1
Dr McGillicuddys Cherry,088004148201,Liquor,1.75L,6,Sazerac,Breakthru Beverage,15cs purchase in a month,ALL,19.691666666666666,118.15,130.5,27.99,26.96,0.26959693372898125,117,2026-08-01 00:00:00,, ,,9219491,118.15,19.691666666666666,31.99,31.99,25.96,0.3,,,,,,,,0,"Breakthru Beverage Minnesota Wine & Spirits, LLC",Breakthru 8.1
Dr McGillicuddys Cherry,088004148263,Liquor,50ml,120,Sazerac,Breakthru Beverage,"150cs 50ml purchase in a month (Buffalo Trace Cream, Canadian Mist, Dr Mcgil, Fireball, Goldschlager, Hartley Brandy, Margaritaville, Parrot Bay, Platinum 7x, R&R, Scoresby, Sheep Dog, SoCo, Taaka, Traveller, Wheately, Yukon Jack)",ALL,0.6016666666666667,72.2,81.2,0.99,0.96,0.37326388888888884,71.05,2026-08-01 00:00:00,,,,9031403,72.2,0.6016666666666667,0.99,1.49,1.24,0.5,,,,,,,,978,"Breakthru Beverage Minnesota Wine & Spirits, LLC",Breakthru 8.1
Dr McGillicuddys Cherry,088004148218,Liquor,Liter,12,Sazerac,Breakthru Beverage,15cs purchase in a month,ALL,12.845833333333333,154.15,171,18.99,16.96,0.24258058176100633,153,2026-08-01 00:00:00,,0,,9031400,154.15,12.845833333333333,19.99,19.99,17.96,0.3,,,,,,,,73,"Breakthru Beverage Minnesota Wine & Spirits, LLC",Breakthru 8.1
Dr McGillicuddys Cherry,88004148232,Liquor,Traveler,12,Sazerac,Breakthru Beverage,15cs purchase in a month,ALL,9.845833333333333,118.15,135,14.99,12.96,0.24029063786008237,117,2026-08-01 00:00:00,, ,,9031405,118.15,9.845833333333333,14.99,,,0.3,,,,,,,,,"Breakthru Beverage Minnesota Wine & Spirits, LLC",Breakthru 8.1
Dr McGillicuddys Mentholmint,088004144029,Liquor,1.75L,6,Sazerac,Breakthru Beverage,15cs purchase in a month,ALL,19.691666666666666,118.15,130.5,27.99,26.96,0.26959693372898125,117,2026-08-01 00:00:00,, ,,9220648,118.15,19.691666666666666,31.99,,,0.3,,,,,,,,,"Breakthru Beverage Minnesota Wine & Spirits, LLC",Breakthru 8.1
Dr McGillicuddys Mentholmint,088004144081,Liquor,50ml,120,Sazerac,Breakthru Beverage,"150cs 50ml purchase in a month (Buffalo Trace Cream, Canadian Mist, Dr Mcgil, Fireball, Goldschlager, Hartley Brandy, Margaritaville, Parrot Bay, Platinum 7x, R&R, Scoresby, Sheep Dog, SoCo, Taaka, Traveller, Wheately, Yukon Jack)",ALL,0.6016666666666667,72.2,81.2,0.99,0.96,0.37326388888888884,71.05,2026-08-01 00:00:00,,,,9031417,72.2,0.6016666666666667,0.99,1.49,1.24,0.5,,,,,,,,1253,"Breakthru Beverage Minnesota Wine & Spirits, LLC",Breakthru 8.1
Dr McGillicuddys Mentholmint,088004144036,Liquor,Liter,12,Sazerac,Breakthru Beverage,15cs purchase in a month,ALL,12.845833333333333,154.15,171,18.99,16.96,0.24258058176100633,153,2026-08-01 00:00:00,, ,,9031414,154.15,12.845833333333333,19.99,19.99,16.96,0.3,,,,,,,,0,"Breakthru Beverage Minnesota Wine & Spirits, LLC",Breakthru 8.1
Dr McGillicuddys Mentholmint,088004144449,Liquor,Traveler,12,Sazerac,Breakthru Beverage,15cs purchase in a month,ALL,9.845833333333333,118.15,135,14.99,12.96,0.24029063786008237,117,2026-08-01 00:00:00,, ,,9227389,118.15,9.845833333333333,14.99,17.49,14.96,0.3,,,,,,,,155,"Breakthru Beverage Minnesota Wine & Spirits, LLC",Breakthru 8.1
Dr McGillicuddys Root Beer,088004009625,Liquor,750ml,12,Sazerac,Breakthru Beverage,15cs purchase in a month,ALL,9.845833333333333,118.15,135,14.99,12.96,0.24029063786008237,117,2026-08-01 00:00:00,, ,,9219511,118.15,9.845833333333333,14.99,16.99,12.96,0.3,,,,,,,,0,"Breakthru Beverage Minnesota Wine & Spirits, LLC",Breakthru 8.1
Dr McGillicuddys Vanilla,088004144913,Liquor,50ml,120,Sazerac,Breakthru Beverage,"150cs 50ml purchase in a month (Buffalo Trace Cream, Canadian Mist, Dr Mcgil, Fireball, Goldschlager, Hartley Brandy, Margaritaville, Parrot Bay, Platinum 7x, R&R, Scoresby, Sheep Dog, SoCo, Taaka, Traveller, Wheately, Yukon Jack)",ALL,0.6016666666666667,72.2,81.2,0.99,0.96,0.37326388888888884,71.05,2026-08-01 00:00:00,,,,9031423,72.2,0.6016666666666667,0.99,,,0.5,,,,,,,,,"Breakthru Beverage Minnesota Wine & Spirits, LLC",Breakthru 8.1
Dr McGillicuddys Vanilla Traveler,88004144647,Liquor,Traveler,12, ,Breakthru Beverage,15cs purchase in a month,ALL,9.845833333333333,118.15,135,14.99,12.96,0.24029063786008237,117,2026-08-01 00:00:00,, ,,9220634,118.15,9.845833333333333,14.99,14.99,0,0.3,,,,,,,,26,"Breakthru Beverage Minnesota Wine & Spirits, LLC",Breakthru 8.1
Dr McGillicuddys Wild Grape,088004030063,Liquor,Traveler,12,Sazerac,Breakthru Beverage,15cs purchase in a month,ALL,9.845833333333333,118.15,135,14.99,12.96,0.24029063786008237,117,2026-08-01 00:00:00,, ,,9286927,118.15,9.845833333333333,14.99,15.99,0,0.3,,,,,,,,0,"Breakthru Beverage Minnesota Wine & Spirits, LLC",Breakthru 8.1
Dr McGilluddy's Peach,088004009762,Liquor,Liter,12,Sazerac,Breakthru Beverage,15cs purchase in a month,ALL,12.845833333333333,154.15,171,18.99,16.96,0.24258058176100633,153,2026-08-01 00:00:00,, ,,9219504,154.15,12.845833333333333,19.99,,,0.3,,,,,,,,,"Breakthru Beverage Minnesota Wine & Spirits, LLC",Breakthru 8.1
DrMcGillicuddy's Wild Grape,088004009588,Liquor,50ml,120,Sazerac,Breakthru Beverage,"150cs 50ml purchase in a month (Buffalo Trace Cream, Canadian Mist, Dr Mcgil, Fireball, Goldschlager, Hartley Brandy, Margaritaville, Parrot Bay, Platinum 7x, R&R, Scoresby, Sheep Dog, SoCo, Taaka, Traveller, Wheately, Yukon Jack)",ALL,0.6016666666666667,72.2,81.2,0.99,0.96,0.37326388888888884,71.05,2026-08-01 00:00:00,,,,9219498,72.2,0.6016666666666667,0.99,1.49,1.24,0.5,,,,,,,,1004,"Breakthru Beverage Minnesota Wine & Spirits, LLC",Breakthru 8.1
Goldschlager,088004035761,Liquor,50ml,120,Sazerac,Breakthru Beverage,"150cs 50ml purchase in a month (Buffalo Trace Cream, Canadian Mist, Dr Mcgil, Fireball, Goldschlager, Hartley Brandy, Margaritaville, Parrot Bay, Platinum 7x, R&R, Scoresby, Sheep Dog, SoCo, Taaka, Traveller, Wheately, Yukon Jack)",ALL,0.6016666666666667,72.2,81.2,0.99,0.96,0.37326388888888884,71.05,2026-08-01 00:00:00,, ,,9007996,72.2,0.6016666666666667,0.99,1.49,1.24,0.5,,,,,,,,920,"Breakthru Beverage Minnesota Wine & Spirits, LLC",Breakthru 8.1
Green River Full Proof Bourbon 750ml,857552008783,Liquor,750ml,6,Bardstown,Breakthru Beverage,3cs purchase in a month,ALL,36.19166666666667,217.15,225,48.99,48.96,0.2607911220043572,216,2026-08-01 00:00:00,,,,9731853,217.15,36.19166666666667,57.99,52.99,44.96,0.3,,,,,,,,28,"Breakthru Beverage Minnesota Wine & Spirits, LLC",Breakthru 8.1
Green River KY Straight,810735017460,Liquor,750ml,6,Bardstown,Breakthru Beverage,3cs purchase in a month,ALL,24.941666666666666,149.65,157.5,33.99,33.96,0.2655575186493915,148.5,2026-08-01 00:00:00,,,,9731033,149.65,24.941666666666666,39.99,36.99,30.96,0.3,,,,,,,,93.03999999999999,"Breakthru Beverage Minnesota Wine & Spirits, LLC",Breakthru 8.1
Green River Rye,857552008615,Liquor,750ml,6,Bardstown,Breakthru Beverage,3cs purchase in a month,ALL,24.941666666666666,149.65,157.5,33.99,33.96,0.2655575186493915,148.5,2026-08-01 00:00:00,,,,9731035,149.65,24.941666666666666,39.99,36.99,30.96,0.3,,,,,,,,0,"Breakthru Beverage Minnesota Wine & Spirits, LLC",Breakthru 8.1
Green River Wheated Bourbon 750ml,810735017873,Liquor,750ml,6,Bardstown,Breakthru Beverage,3cs purchase in a month,ALL,24.941666666666666,149.65,157.5,33.99,33.96,0.2655575186493915,148.5,2026-08-01 00:00:00,,,,9731037,149.65,24.941666666666666,39.99,36.99,30.96,0.3,,,,,,,,10,"Breakthru Beverage Minnesota Wine & Spirits, LLC",Breakthru 8.1
Hartley Brandy,89000582595,Liquor,50ml,120,Sazerac,Breakthru Beverage,"150cs 50ml purchase in a month (Buffalo Trace Cream, Canadian Mist, Dr Mcgil, Fireball, Goldschlager, Hartley Brandy, Margaritaville, Parrot Bay, Platinum 7x, R&R, Scoresby, Sheep Dog, SoCo, Taaka, Traveller, Wheately, Yukon Jack)",ALL,0.6016666666666667,72.2,81.2,0.99,0.96,0.37326388888888884,71.05,2026-08-01 00:00:00,,,,9184681,72.2,0.6016666666666667,0.99,,,0.5,,,,,,,,,"Breakthru Beverage Minnesota Wine & Spirits, LLC",Breakthru 8.1
Hendrick's Gin,083664868780,Liquor,Liter,6,William Grant,Breakthru Beverage,6cs purchase in a month,January|February|March|April|May|June|July|August|September,31.691666666666666,190.15,207,44.99,42.96,0.26229826194909994,189,2026-08-01 00:00:00,,207,,9001723,190.15,31.691666666666666,50.99,46.99,39.96,0.3,,,,,,,,68,"Breakthru Beverage Minnesota Wine & Spirits, LLC",Breakthru 8.1
Hendrick's Gin,083664869756,Liquor,1.75L,6,William Grant,Breakthru Beverage,6cs purchase in a month,January|February|March|April|May|June|July|August|September,45.19166666666666,271.15,297,63.99,60.96,0.2586668853893264,270,2026-08-01 00:00:00,,297,,9070208,271.15,45.19166666666666,71.99,56.99,49.96,0.3,,,,,,,,75,"Breakthru Beverage Minnesota Wine & Spirits, LLC",Breakthru 8.1
Hendrick's Gin,083664990436,Liquor,750ml,6,William Grant,Breakthru Beverage,6cs purchase in a month,January|February|March|April|May|June|July|August|September,24.941666666666666,149.65,157.5,33.99,33.96,0.2655575186493915,148.5,2026-08-01 00:00:00,,157.5,,9018599,149.65,24.941666666666666,39.99,36.99,31.96,0.3,,,,,,,,66.75,"Breakthru Beverage Minnesota Wine & Spirits, LLC",Breakthru 8.1
Hendrick's Orbium,083664873678,Liquor,750ml,6,William Grant,Breakthru Beverage,6cs purchase in a month,ALL,32.44166666666667,194.65,193.5,41.99,43.96,0.26201850166818313,193.5,2026-08-01 00:00:00,,,,9282752,194.65,32.44166666666667,51.99,37.99,0,0.3,,,,,,,,0,"Breakthru Beverage Minnesota Wine & Spirits, LLC",Breakthru 8.1
Hendricks Grand Cabaret,083664107315,Liquor,750ml,6,William Grant,Breakthru Beverage,6cs purchase in a month,ALL,32.44166666666667,194.65,193.5,41.99,43.96,0.26201850166818313,193.5,2026-08-01 00:00:00,,,,9701750,194.65,32.44166666666667,51.99,,,0.3,,,,,,,,,"Breakthru Beverage Minnesota Wine & Spirits, LLC",Breakthru 8.1
Midnight Moon Apple Pie,851767001737,Liquor,50ml,48,PIEDMONT DISTILLERS INC,Breakthru Beverage, ,ALL,1.7739583333333335,85.15,84,2.99,1.96,0.09491921768707472,84,2026-08-01 00:00:00,,,,9317184,85.15,1.7739583333333335,1.99,,,0.5,,,,,,,,,"Breakthru Beverage Minnesota Wine & Spirits, LLC",Breakthru 8.1
Milagro Reposado Tequila,083664868940,Liquor,750ml,6,William Grant,Breakthru Beverage,5cs purchase in a month ($105.50/cs Apil - June),ALL,18.025000000000002,108.15,139.5,29.99,23.96,0.2477045075125208,107,2026-08-01 00:00:00,,,,9001701,108.15,18.025000000000002,27.99,26.99,23.96,0.3,,,,,,,,143,"Breakthru Beverage Minnesota Wine & Spirits, LLC",Breakthru 8.1
Milagro Silver Tequila,083664868919,Liquor,750ml,6,William Grant,Breakthru Beverage,5cs purchase in a month ($101.25 April-June),ALL,18.025000000000002,108.15,135,28.99,23.96,0.2477045075125208,107,2026-08-01 00:00:00,, ,,9001700,108.15,18.025000000000002,27.99,26.99,22.96,0.3,,,,,,,,146,"Breakthru Beverage Minnesota Wine & Spirits, LLC",Breakthru 8.1
Platinum Vodka,088004012724,Liquor,1.75L,6,Sazerac,Breakthru Beverage,25cs purchase in a month,ALL,9.913333333333332,59.48,76.5,16.99,12.96,0.2350823045267491,58.33,2026-08-01 00:00:00,,76.5,,9220003,59.48,9.913333333333332,14.99,17.49,14.96,0.3,,,,,,,,37,"Breakthru Beverage Minnesota Wine & Spirits, LLC",Breakthru 8.1
Platinum Vodka,088004012755,Liquor,750ml,12,Sazerac,Breakthru Beverage,25cs purchase in a month,ALL,5.706666666666667,68.48,90,9.99,7.96,0.28308207705192623,67.33,2026-08-01 00:00:00,,90,,9220002,68.48,5.706666666666667,8.99,10.99,9.96,0.3,,,,,,,,74,"Breakthru Beverage Minnesota Wine & Spirits, LLC",Breakthru 8.1
Platinum Vodka,088004022754,Liquor,Liter,12,Sazerac,Breakthru Beverage,25cs purchase in a month,ALL,8.345833333333333,100.15,108,11.99,10.96,0.23851885644768864,99,2026-08-01 00:00:00,,,,9231167,100.15,8.345833333333333,12.99,14.99,12.96,0.3,,,,,,,,71,"Breakthru Beverage Minnesota Wine & Spirits, LLC",Breakthru 8.1
Platinum Vodka,088004012786,Liquor,50ml,120,Sazerac,Breakthru Beverage,"150cs 50ml purchase in a month (Buffalo Trace Cream, Canadian Mist, Dr Mcgil, Fireball, Goldschlager, Hartley Brandy, Margaritaville, Parrot Bay, Platinum 7x, R&R, Scoresby, Sheep Dog, SoCo, Taaka, Traveller, Wheately, Yukon Jack)",ALL,0.6016666666666667,72.2,81.2,0.99,0.96,0.37326388888888884,71.05,2026-08-01 00:00:00,,,,9219997,72.2,0.6016666666666667,0.99,,,0.5,,,,,,,,,"Breakthru Beverage Minnesota Wine & Spirits, LLC",Breakthru 8.1
Seagrams VO Canadian,088004036157,Liquor,1.75L,6,Sazerac,Breakthru Beverage,20cs purchase in a month,ALL,16.025000000000002,96.15,135.5,28.99,21.96,0.2702641165755919,95,2026-08-01 00:00:00,,,,9016376,96.15,16.025000000000002,25.99,29.99,24.96,0.3,,,,,,,,42,"Breakthru Beverage Minnesota Wine & Spirits, LLC",Breakthru 8.1
Seagrams Vodka,720815985308,Liquor,50ml,120,Infinium,Breakthru Beverage,,ALL,0.6879166666666667,82.55000000000001,81.4,0.99,0.96,0.2834201388888888,81.4,2026-08-01 00:00:00,,,,9000006,82.55000000000001,0.6879166666666667,0.99,,,0.5,,,,,,,,,"Breakthru Beverage Minnesota Wine & Spirits, LLC",Breakthru 8.1
Seagrams Watermelon Vodka,720815980402,Liquor,50ml,120,Infinium,Breakthru Beverage,,ALL,0.6879166666666667,82.55000000000001,81.4,0.99,0.96,0.2834201388888888,81.4,2026-08-01 00:00:00,,,,9262129,82.55000000000001,0.6879166666666667,0.99,,,0.5,,,,,,,,,"Breakthru Beverage Minnesota Wine & Spirits, LLC",Breakthru 8.1
Southern Comfort,088544000021,Liquor,50ml,120,Sazerac,Breakthru Beverage,"150cs 50ml purchase in a month (Buffalo Trace Cream, Canadian Mist, Dr Mcgil, Fireball, Goldschlager, Hartley Brandy, Margaritaville, Parrot Bay, Platinum 7x, R&R, Scoresby, Sheep Dog, SoCo, Taaka, Traveller, Wheately, Yukon Jack)",ALL,0.6016666666666667,72.2,81.2,0.99,0.96,0.37326388888888884,71.05,2026-08-01 00:00:00,,,,9013615,72.2,0.6016666666666667,0.99,1.49,1.24,0.5,,,,,,,,510,"Breakthru Beverage Minnesota Wine & Spirits, LLC",Breakthru 8.1
Southern Comfort,088544018910,Liquor,1.75L,6,Sazerac,Breakthru Beverage,15 case deal,ALL,15.191666666666668,91.15,108,22.99,20.96,0.2752067430025445,90,2026-08-01 00:00:00,, ,,9007726,91.15,15.191666666666668,24.99,23.99,19.96,0.3,,,,,,,,42,"Breakthru Beverage Minnesota Wine & Spirits, LLC",Breakthru 8.1
Southern Comfort 100pf,88544000014,Liquor,50ml,120,Sazerac,Breakthru Beverage,"150cs 50ml purchase in a month (Buffalo Trace Cream, Canadian Mist, Dr Mcgil, Fireball, Goldschlager, Hartley Brandy, Margaritaville, Parrot Bay, Platinum 7x, R&R, Scoresby, Sheep Dog, SoCo, Taaka, Traveller, Wheately, Yukon Jack)",ALL,0.6016666666666667,72.2,81.2,0.99,0.96,0.37326388888888884,71.05,2026-08-01 00:00:00,,,,9250671,72.2,0.6016666666666667,0.99,,,0.5,,,,,,,,,"Breakthru Beverage Minnesota Wine & Spirits, LLC",Breakthru 8.1
Southern Comfort 80 Proof,88004026707,Liquor,50ml,120,Sazerac,Breakthru Beverage,"150cs 50ml purchase in a month (Buffalo Trace Cream, Canadian Mist, Dr Mcgil, Fireball, Goldschlager, Hartley Brandy, Margaritaville, Parrot Bay, Platinum 7x, R&R, Scoresby, Sheep Dog, SoCo, Taaka, Traveller, Wheately, Yukon Jack)",ALL,0.6016666666666667,72.2,81.2,0.99,0.96,0.37326388888888884,71.05,2026-08-01 00:00:00,,,,9261116,72.2,0.6016666666666667,0.99,,,0.5,,,,,,,,,"Breakthru Beverage Minnesota Wine & Spirits, LLC",Breakthru 8.1
Taaka Vodka,088004010188,Liquor,50ml,120,Sazerac,Breakthru Beverage,"150cs 50ml purchase in a month (Buffalo Trace Cream, Canadian Mist, Dr Mcgil, Fireball, Goldschlager, Hartley Brandy, Margaritaville, Parrot Bay, Platinum 7x, R&R, Scoresby, Sheep Dog, SoCo, Taaka, Traveller, Wheately, Yukon Jack)",ALL,0.6016666666666667,72.2,81.2,0.99,0.96,0.37326388888888884,71.05,2026-08-01 00:00:00,,,,9220056,72.2,0.6016666666666667,0.99,,,0.5,,,,,,,,,"Breakthru Beverage Minnesota Wine & Spirits, LLC",Breakthru 8.1
Templeton Bourbon ,720815922044,Liquor,750ml,6,Infinium,Breakthru Beverage,10cs net down pricing,ALL,30.191666666666666,181.15,198,42.99,40.96,0.26289876302083337,180,2026-08-01 00:00:00,,,,9719635,181.15,30.191666666666666,47.99,42.99,39.96,0.3,,,,,,,,0,"Breakthru Beverage Minnesota Wine & Spirits, LLC",Breakthru 8.1
Templeton Midnight Rye,720815922006,Liquor,750ml,6,Infinium,Breakthru Beverage,10cs net down pricing,ALL,30.191666666666666,181.15,198,42.99,40.96,0.26289876302083337,180,2026-08-01 00:00:00,,,,9712016,181.15,30.191666666666666,47.99,42.99,39.96,0.3,,,,,,,,0,"Breakthru Beverage Minnesota Wine & Spirits, LLC",Breakthru 8.1
Templeton Rye 4yr,720815920101,Liquor,750ml,6,Infinium,Breakthru Beverage,10cs net down pricing,ALL,22.691666666666666,136.15,166.45,35.99,30.96,0.2670650301464255,135,2026-08-01 00:00:00,, ,,9749035,136.15,22.691666666666666,36.99,39.99,29.96,0.3,,,,,,,,16,"Breakthru Beverage Minnesota Wine & Spirits, LLC",Breakthru 8.1
Templeton Rye 6yr,720815920231,Liquor,750ml,6,Infinium,Breakthru Beverage,10cs net down pricing,ALL,27.941666666666666,167.65,189,40.99,37.96,0.2639181594661047,166.5,2026-08-01 00:00:00,,,,9239617,167.65,27.941666666666666,44.99,46.99,39.96,0.3,,,,,,,,11,"Breakthru Beverage Minnesota Wine & Spirits, LLC",Breakthru 8.1
Templeton Rye Whiskey 4yr,720815920149,Liquor,Liter,6,Infinium,Breakthru Beverage,10cs net down pricing,ALL,26.691666666666666,160.15,184.5,39.99,35.96,0.2577400815721172,159,2026-08-01 00:00:00,,,,9749052,160.15,26.691666666666666,41.99,,,0.3,,,,,,,,,"Breakthru Beverage Minnesota Wine & Spirits, LLC",Breakthru 8.1
Tullamore Dew Honey,083664101078,Liquor,750ml,6,William Grant,Breakthru Beverage,9cs purchase in a month,All,18.2,109.2,126.05,26.99,24.96,0.27083333333333337,108.05,2026-08-01 00:00:00,, ,,9704492,109.2,18.2,28.99,,,0.3,,,,,,,,,"Breakthru Beverage Minnesota Wine & Spirits, LLC",Breakthru 8.1
Tullamore Dew Irish Whiskey,721059487504,Liquor,750ml,12,William Grant,Breakthru Beverage,9cs purchase in a month,March  ,18.104166666666668,217.25,252.1,26.99,23.96,0.24440038953811907,216.1,2026-08-01 00:00:00,, ,,9027862,217.25,18.104166666666668,27.99,30.49,27.96,0.3,,,,,,,,101,"Breakthru Beverage Minnesota Wine & Spirits, LLC",Breakthru 8.1
Tullamore Dew Irish Whiskey,083664872480,Liquor,Liter,6,William Grant,Breakthru Beverage,9cs purchase in a month,March  ,21.191666666666666,127.15,153,32.99,28.96,0.2682435543278085,126,2026-08-01 00:00:00,, ,,9088152,127.15,21.191666666666666,33.99,29.99,25.96,0.3,,,,,,,,0,"Breakthru Beverage Minnesota Wine & Spirits, LLC",Breakthru 8.1
Tullamore Dew Irish Whiskey,083664872497,Liquor,1.75L,6,William Grant,Breakthru Beverage,9cs purchase in a month,March  ,33.94166666666667,203.65,229.5,49.99,45.96,0.26149550333623434,202.5,2026-08-01 00:00:00,, ,,9027858,203.65,33.94166666666667,53.99,49.99,41.96,0.3,,,,,,,,27,"Breakthru Beverage Minnesota Wine & Spirits, LLC",Breakthru 8.1
Tullamore Dew Irish Whiskey,83664872480,Liquor,Liter,6,William Grant,Breakthru Beverage,9cs purchase in a month,March  ,21.191666666666666,127.15,153,32.99,28.96,0.2682435543278085,126,2026-08-01 00:00:00,,,,9088152,127.15,21.191666666666666,33.99,,,0.3,,,,,,,,,"Breakthru Beverage Minnesota Wine & Spirits, LLC",Breakthru 8.1
Tullamore Dew Irish Whiskey,83664872497,Liquor,1.75L,6,William Grant,Breakthru Beverage,9cs purchase in a month,March  ,33.94166666666667,203.65,229.5,49.99,45.96,0.26149550333623434,202.5,2026-08-01 00:00:00,,,,9027858,203.65,33.94166666666667,53.99,,,0.3,,,,,,,,,"Breakthru Beverage Minnesota Wine & Spirits, LLC",Breakthru 8.1
Yukon Jack,088004035785,Liquor,50ml,120,Sazerac,Breakthru Beverage,"150cs 50ml purchase in a month (Buffalo Trace Cream, Canadian Mist, Dr Mcgil, Fireball, Goldschlager, Hartley Brandy, Margaritaville, Parrot Bay, Platinum 7x, R&R, Scoresby, Sheep Dog, SoCo, Taaka, Traveller, Wheately, Yukon Jack)",ALL,0.6016666666666667,72.2,81.2,0.99,0.96,0.37326388888888884,71.05,2026-08-01 00:00:00,,,,9408478,72.2,0.6016666666666667,0.99,1.49,1.24,0.5,,,,,,,,1097,"Breakthru Beverage Minnesota Wine & Spirits, LLC",Breakthru 8.1
Yukon Jack Snake Bite,088004041533,Liquor,50ml,120,Sazerac,Breakthru Beverage,"150cs 50ml purchase in a month (Buffalo Trace Cream, Canadian Mist, Dr Mcgil, Fireball, Goldschlager, Hartley Brandy, Margaritaville, Parrot Bay, Platinum 7x, R&R, Scoresby, Sheep Dog, SoCo, Taaka, Traveller, Wheately, Yukon Jack)",ALL,0.6016666666666667,72.2,81.2,0.99,0.96,0.37326388888888884,71.05,2026-08-01 00:00:00,,,,9443965,72.2,0.6016666666666667,0.99,,,0.5,,,,,,,,,"Breakthru Beverage Minnesota Wine & Spirits, LLC",Breakthru 8.1
Ballotin Bourbon Ball Whiskey,854443006019,Liquor,750ml,6,SALOON SPIRITS,Breakthru Beverage,3cs purchase in a month,ALL,18.941666666666666,113.65,121.5,25.99,25.96,0.27035182331792507,112.5,2026-08-01 00:00:00,,,,9197668,113.65,18.941666666666666,30.99,23.99,0,0.3,,,,,,,,0,"Breakthru Beverage Minnesota Wine & Spirits, LLC",Breakthru 8.1
Ballotin Caramel Turtle Whisky,854443006033,Liquor,750ml,6,SALOON SPIRITS,Breakthru Beverage,3cs purchase in a month,ALL,18.941666666666666,113.65,121.5,25.99,25.96,0.27035182331792507,112.5,2026-08-01 00:00:00,,,,9197670,113.65,18.941666666666666,30.99,,,0.3,,,,,,,,,"Breakthru Beverage Minnesota Wine & Spirits, LLC",Breakthru 8.1
Ballotin Chocolate Original,854443006002,Liquor,750ml,6,SALOON SPIRITS,Breakthru Beverage,3cs purchase in a month,ALL,21.691666666666666,130.15,129,27.99,28.96,0.25097836095764275,129,2026-08-01 00:00:00,,,,9197667,130.15,21.691666666666666,33.99,,,0.3,,,,,,,,,"Breakthru Beverage Minnesota Wine & Spirits, LLC",Breakthru 8.1
Balvenie 12 Yr Doublewood Scotch,083664112210,Liquor,750ml,12,WM GRANT & SONS,Breakthru Beverage,"25 case purchase in a montn (Mixes with Balvenie 12, 14, and Glenfiddich 12, 14, 15)",ALL,52.012499999999996,624.15,668,71.99,69.96,0.2565394511149228,623,2026-08-01 00:00:00,,668,,9001629,624.15,52.012499999999996,82.99,76.99,59.96,0.3,,,,,,,,117,"Breakthru Beverage Minnesota Wine & Spirits, LLC",Breakthru 8.1
Balvenie 14 Yr Caribbean,083664871681,Liquor,750ml,6,WM GRANT & SONS,Breakthru Beverage,"25 case purchase in a montn (Mixes with Balvenie 12, 14, and Glenfiddich 12, 14, 15)",ALL,65.60833333333333,393.65,446.5,96.99,88.96,0.2624962529976019,392.5,2026-08-01 00:00:00,,446.5,,9115429,393.65,65.60833333333333,104.99,74.99,69.96,0.3,,,,,,,,14,"Breakthru Beverage Minnesota Wine & Spirits, LLC",Breakthru 8.1
Bardstown Bourbon Bonded,857552008417,Liquor,750ml,6,Bardstown,Breakthru Beverage,3cs purchase in a month,ALL,36.19166666666667,217.15,225,48.99,48.96,0.2607911220043572,216,2026-08-01 00:00:00,,,,9731842,217.15,36.19166666666667,57.99,53.99,44.96,0.3,,,,,,,,38,"Breakthru Beverage Minnesota Wine & Spirits, LLC",Breakthru 8.1
Bardstown KY Straigh Bourbon,857552008394,Liquor,750ml,6,Bardstown,Breakthru Beverage,3cs purchase in a month,ALL,32.44166666666667,194.65,202.5,43.99,43.96,0.26201850166818313,193.5,2026-08-01 00:00:00,,,,9731827,194.65,32.44166666666667,51.99,46.99,39.96,0.3,,,,,,,,13,"Breakthru Beverage Minnesota Wine & Spirits, LLC",Breakthru 8.1
Bardstown Rye,857552008400,Liquor,750ml,6,Bardstown,Breakthru Beverage,3cs purchase in a month,ALL,43.69166666666666,262.15,270,58.99,58.96,0.25896087743102675,261,2026-08-01 00:00:00,,,,9731830,262.15,43.69166666666666,69.99,59.99,49.96,0.3,,,,,,,,21,"Breakthru Beverage Minnesota Wine & Spirits, LLC",Breakthru 8.1
Bird Dog Apple Whiskey,812459012875,Liquor,750ml,6,WESTERN SPIRITS BEVERAGE CO,Breakthru Beverage,5cs purchase in a month,ALL,13.683333333333335,82.10000000000001,98.95,20.99,17.96,0.2381217520415738,80.95,2026-08-01 00:00:00,,,,9246379,82.10000000000001,13.683333333333335,20.99,21.99,18.96,0.3,,,,,,,,0,"Breakthru Beverage Minnesota Wine & Spirits, LLC",Breakthru 8.1
Bird Dog Black Cherry,812459014404,Liquor,750ml,6,WESTERN SPIRITS BEVERAGE CO,Breakthru Beverage,5cs purchase in a month,ALL,13.683333333333335,82.10000000000001,98.95,20.99,17.96,0.2381217520415738,80.95,2026-08-01 00:00:00,,,,9362000,82.10000000000001,13.683333333333335,20.99,21.99,18.96,0.3,,,,,,,,0,"Breakthru Beverage Minnesota Wine & Spirits, LLC",Breakthru 8.1
Bird Dog Blackberry Whiskey,812459010222,Liquor,750ml,6,WESTERN SPIRITS BEVERAGE CO,Breakthru Beverage,5cs purchase in a month,ALL,13.683333333333335,82.10000000000001,98.95,20.99,17.96,0.2381217520415738,80.95,2026-08-01 00:00:00,,,,9120702,82.10000000000001,13.683333333333335,20.99,21.99,18.96,0.3,,,,,,,,4,"Breakthru Beverage Minnesota Wine & Spirits, LLC",Breakthru 8.1
Bird Dog Chocolate Whiskey,812459012820,Liquor,750ml,6,WESTERN SPIRITS BEVERAGE CO,Breakthru Beverage,5cs purchase in a month,ALL,13.683333333333335,82.10000000000001,98.95,20.99,17.96,0.2381217520415738,80.95,2026-08-01 00:00:00,,,,9224125,82.10000000000001,13.683333333333335,20.99,21.99,18.96,0.3,,,,,,,,0,"Breakthru Beverage Minnesota Wine & Spirits, LLC",Breakthru 8.1
Bird Dog Cinnamon Whiskey,812459010710,Liquor,750ml,6,WESTERN SPIRITS BEVERAGE CO,Breakthru Beverage,5cs purchase in a month,ALL,13.683333333333335,82.10000000000001,98.95,20.99,17.96,0.2381217520415738,80.95,2026-08-01 00:00:00,,,,9246362,82.10000000000001,13.683333333333335,20.99,,,0.3,,,,,,,,,"Breakthru Beverage Minnesota Wine & Spirits, LLC",Breakthru 8.1
Bird Dog Jalapeno Honey,812459013308,Liquor,750ml,6,WESTERN SPIRITS BEVERAGE CO,Breakthru Beverage,5cs purchase in a month,ALL,13.683333333333335,82.10000000000001,98.95,20.99,17.96,0.2381217520415738,80.95,2026-08-01 00:00:00,,,,9203527,82.10000000000001,13.683333333333335,20.99,,,0.3,,,,,,,,,"Breakthru Beverage Minnesota Wine & Spirits, LLC",Breakthru 8.1
Bird Dog Maple Whiskey,812459011731,Liquor,750ml,6,WESTERN SPIRITS BEVERAGE CO,Breakthru Beverage,5cs purchase in a month,ALL,13.683333333333335,82.10000000000001,98.95,20.99,17.96,0.2381217520415738,80.95,2026-08-01 00:00:00,,,,9246357,82.10000000000001,13.683333333333335,20.99,21.99,18.96,0.3,,,,,,,,0,"Breakthru Beverage Minnesota Wine & Spirits, LLC",Breakthru 8.1
Bird Dog Peach Whiskey,812459010659,Liquor,750ml,6,WESTERN SPIRITS BEVERAGE CO,Breakthru Beverage,5cs purchase in a month,ALL,13.683333333333335,82.10000000000001,98.95,20.99,17.96,0.2381217520415738,80.95,2026-08-01 00:00:00,,,,9245911,82.10000000000001,13.683333333333335,20.99,21.99,18.96,0.3,,,,,,,,0,"Breakthru Beverage Minnesota Wine & Spirits, LLC",Breakthru 8.1
Bird Dog Peanut Butter Whiskey,812459014626,Liquor,50ml,60,WESTERN SPIRITS BEVERAGE CO,Breakthru Beverage, ,ALL,0.6858333333333333,41.15,40,0.99,0.96,0.2855902777777778,40,2026-08-01 00:00:00,,,,9620992,41.15,0.6858333333333333,0.99,,,0.5,,,,,,,,,"Breakthru Beverage Minnesota Wine & Spirits, LLC",Breakthru 8.1
Bird Dog Peanut Butter Whiskey,812459014619,Liquor,750ml,6,WESTERN SPIRITS BEVERAGE CO,Breakthru Beverage,5cs purchase in a month,ALL,13.683333333333335,82.10000000000001,98.95,20.99,17.96,0.2381217520415738,80.95,2026-08-01 00:00:00,,,,9446422,82.10000000000001,13.683333333333335,20.99,,,0.3,,,,,,,,,"Breakthru Beverage Minnesota Wine & Spirits, LLC",Breakthru 8.1
Bird Dog Praline Whiskey,812459014350,Liquor,750ml,6,WESTERN SPIRITS BEVERAGE CO,Breakthru Beverage,5cs purchase in a month,ALL,13.683333333333335,82.10000000000001,98.95,20.99,17.96,0.2381217520415738,80.95,2026-08-01 00:00:00,,,,9340999,82.10000000000001,13.683333333333335,20.99,,,0.3,,,,,,,,,"Breakthru Beverage Minnesota Wine & Spirits, LLC",Breakthru 8.1
Bird Dog Ruby Red Whiskey,812459013803,Liquor,750ml,6,WESTERN SPIRITS BEVERAGE CO,Breakthru Beverage,5cs purchase in a month,ALL,13.683333333333335,82.10000000000001,98.95,20.99,17.96,0.2381217520415738,80.95,2026-08-01 00:00:00,,,,9238431,82.10000000000001,13.683333333333335,20.99,,,0.3,,,,,,,,,"Breakthru Beverage Minnesota Wine & Spirits, LLC",Breakthru 8.1
Bird Dog Strawberry Whiskey,812459013865,Liquor,750ml,6,WESTERN SPIRITS BEVERAGE CO,Breakthru Beverage,5cs purchase in a month,ALL,13.683333333333335,82.10000000000001,98.95,20.99,17.96,0.2381217520415738,80.95,2026-08-01 00:00:00,,,,9238430,82.10000000000001,13.683333333333335,20.99,,,0.3,,,,,,,,,"Breakthru Beverage Minnesota Wine & Spirits, LLC",Breakthru 8.1
Blue Chair Bay Banana Cream,856881004275,Liquor,750ml,12,MHW LTD - FISHBOWL SPIRITS LLC,Breakthru Beverage,5cs purchase in a month,ALL,14.345833333333333,172.15,189,19.99,18.96,0.2433632208157525,171,2026-08-01 00:00:00,,,,9189195,172.15,14.345833333333333,21.99,23.99,19.96,0.3,,,,,,,,25,"Breakthru Beverage Minnesota Wine & Spirits, LLC",Breakthru 8.1
Blue Chair Bay Banana Rum,856881004145,Liquor,750ml,12,MHW LTD - FISHBOWL SPIRITS LLC,Breakthru Beverage,5cs purchase in a month,ALL,14.345833333333333,172.15,189,19.99,18.96,0.2433632208157525,171,2026-08-01 00:00:00,,,,9178984,172.15,14.345833333333333,21.99,23.99,19.96,0.3,,,,,,,,5,"Breakthru Beverage Minnesota Wine & Spirits, LLC",Breakthru 8.1
Blue Chair Bay Coconut Rum,856881004046,Liquor,1.75L,6,MHW LTD - FISHBOWL SPIRITS LLC,Breakthru Beverage,5cs purchase in a month,ALL,21.191666666666666,127.15,144,30.99,28.96,0.2682435543278085,126,2026-08-01 00:00:00,,,,9162807,127.15,21.191666666666666,33.99,34.99,29.96,0.3,,,,,,,,0,"Breakthru Beverage Minnesota Wine & Spirits, LLC",Breakthru 8.1
Blue Chair Bay Coconut Rum,856881004015,Liquor,750ml,12,MHW LTD - FISHBOWL SPIRITS LLC,Breakthru Beverage,5cs purchase in a month,ALL,14.345833333333333,172.15,189,19.99,18.96,0.2433632208157525,171,2026-08-01 00:00:00,,,,9162808,172.15,14.345833333333333,21.99,23.99,19.96,0.3,,,,,,,,133,"Breakthru Beverage Minnesota Wine & Spirits, LLC",Breakthru 8.1
Blue Chair Bay Coconut Spiced Cream,856881004176,Liquor,750ml,12,MHW LTD - FISHBOWL SPIRITS LLC,Breakthru Beverage,5cs purchase in a month,ALL,14.345833333333333,172.15,189,19.99,18.96,0.2433632208157525,171,2026-08-01 00:00:00,,,,9182118,172.15,14.345833333333333,21.99,23.99,19.96,0.3,,,,,,,,1,"Breakthru Beverage Minnesota Wine & Spirits, LLC",Breakthru 8.1
Blue Chair Bay Key Lime Cream,856881004404,Liquor,750ml,12,MHW LTD - FISHBOWL SPIRITS LLC,Breakthru Beverage,5cs purchase in a month,ALL,14.345833333333333,172.15,189,19.99,18.96,0.2433632208157525,171,2026-08-01 00:00:00,,,,9250679,172.15,14.345833333333333,21.99,23.99,19.96,0.3,,,,,,,,61,"Breakthru Beverage Minnesota Wine & Spirits, LLC",Breakthru 8.1
Blue Chair Bay Mango Rum Cream,856881004671,Liquor,750ml,12,MHW LTD - FISHBOWL SPIRITS LLC,Breakthru Beverage,5cs purchase in a month,ALL,14.345833333333333,172.15,189,19.99,18.96,0.2433632208157525,171,2026-08-01 00:00:00,,,,9614883,172.15,14.345833333333333,21.99,23.99,19.96,0.3,,,,,,,,0,"Breakthru Beverage Minnesota Wine & Spirits, LLC",Breakthru 8.1
Blue Chair Bay Mocha Cream,856881004602,Liquor,750ml,12,Fish Bowl,Breakthru Beverage,5cs purchase in a month,ALL,14.345833333333333,172.15,189,19.99,18.96,0.2433632208157525,171,2026-08-01 00:00:00,,,,9607830,172.15,14.345833333333333,21.99,23.99,19.96,0.3,,,,,,,,34,"Breakthru Beverage Minnesota Wine & Spirits, LLC",Breakthru 8.1
Blue Chair Bay Pineapple Cream,856881004565,Liquor,750ml,12,MHW LTD - FISHBOWL SPIRITS LLC,Breakthru Beverage,5cs purchase in a month,ALL,14.345833333333333,172.15,189,19.99,18.96,0.2433632208157525,171,2026-08-01 00:00:00,,,,9306670,172.15,14.345833333333333,21.99,23.99,19.96,0.3,,,,,,,,0,"Breakthru Beverage Minnesota Wine & Spirits, LLC",Breakthru 8.1
Blue Chair Bay Premium Rum,856881004039,Liquor,1.75L,6,MHW LTD - FISHBOWL SPIRITS LLC,Breakthru Beverage,5cs purchase in a month,ALL,21.191666666666666,127.15,144,30.99,28.96,0.2682435543278085,126,2026-08-01 00:00:00,,,,9162805,127.15,21.191666666666666,33.99,,,0.3,,,,,,,,,"Breakthru Beverage Minnesota Wine & Spirits, LLC",Breakthru 8.1
Blue Chair Bay Premium Rum,856881004008,Liquor,750ml,12,MHW LTD - FISHBOWL SPIRITS LLC,Breakthru Beverage,5cs purchase in a month,ALL,14.345833333333333,172.15,189,19.99,18.96,0.2433632208157525,171,2026-08-01 00:00:00,,,,9162806,172.15,14.345833333333333,21.99,23.99,19.96,0.3,,,,,,,,0,"Breakthru Beverage Minnesota Wine & Spirits, LLC",Breakthru 8.1
Blue Chair Bay Rum Spiced,856881004657,Liquor,1.75L,6,MHW LTD - FISHBOWL SPIRITS LLC,Breakthru Beverage,5cs purchase in a month,ALL,21.191666666666666,127.15,144,30.99,28.96,0.2682435543278085,126,2026-08-01 00:00:00,,,,9353224,127.15,21.191666666666666,33.99,34.99,29.86,0.3,,,,,,,,0,"Breakthru Beverage Minnesota Wine & Spirits, LLC",Breakthru 8.1
Blue Chair Bay Rum Spiced,856881004626,Liquor,750ml,12,MHW LTD - FISHBOWL SPIRITS LLC,Breakthru Beverage,5cs purchase in a month,ALL,14.345833333333333,172.15,189,19.99,18.96,0.2433632208157525,171,2026-08-01 00:00:00,,,,9353221,172.15,14.345833333333333,21.99,23.99,19.96,0.3,,,,,,,,121,"Breakthru Beverage Minnesota Wine & Spirits, LLC",Breakthru 8.1
Blue Chair Bay Vanilla Rum,856881004237,Liquor,750ml,12,MHW LTD - FISHBOWL SPIRITS LLC,Breakthru Beverage,5cs purchase in a month,ALL,14.345833333333333,172.15,189,19.99,18.96,0.2433632208157525,171,2026-08-01 00:00:00,,,,9189198,172.15,14.345833333333333,21.99,23.99,19.96,0.3,,,,,,,,30,"Breakthru Beverage Minnesota Wine & Spirits, LLC",Breakthru 8.1
Blue Ice Huckleberry Vodka,815197003310,Liquor,1.75L,6,21st CENTURY SPIRITS,Breakthru Beverage,5cs purchase in a month,ALL,23.441666666666666,140.65,162,34.99,31.96,0.26653108051731333,139.5,2026-08-01 00:00:00,,,,9620810,140.65,23.441666666666666,37.99,,,0.3,,,,,,,,,"Breakthru Beverage Minnesota Wine & Spirits, LLC",Breakthru 8.1
Blue Ice Huckleberry Vodka,815970003280,Liquor,750ml,12,21st CENTURY SPIRITS,Breakthru Beverage,5cs purchase in a month,ALL,13.595833333333333,163.15,180,19.99,17.96,0.24299368968077212,162,2026-08-01 00:00:00,,,,9431359,163.15,13.595833333333333,20.99,,,0.3,,,,,,,,,"Breakthru Beverage Minnesota Wine & Spirits, LLC",Breakthru 8.1
Brother Justus Cold-Peated Whiskey,860017000758,Liquor,750ml,6,BROTHER JUSTUS,Breakthru Beverage,3cs purchase in a month,ALL,67.86666666666666,407.2,428.6,92.99,91.96,0.2619979701319414,406.05,2026-08-01 00:00:00,,,,9609583,407.2,67.86666666666666,108.99,92.99,79.96,0.3,,,,,,,,5,"Breakthru Beverage Minnesota Wine & Spirits, LLC",Breakthru 8.1
Brother Justus Silver Whiskey,860017000727,Liquor,750ml,6,BROTHER JUSTUS,Breakthru Beverage,3cs purchase in a month,ALL,30.191666666666666,181.15,202.5,43.99,40.96,0.26289876302083337,180,2026-08-01 00:00:00,,,,9371600,181.15,30.191666666666666,47.99,47.99,39.96,0.3,,,,,,,,22,"Breakthru Beverage Minnesota Wine & Spirits, LLC",Breakthru 8.1
Brother Justus Single Malt American Whiskey,860017000734,Liquor,750ml,6,BROTHER JUSTUS,Breakthru Beverage,3cs purchase in a month,ALL,45.18333333333333,271.09999999999997,292.45,62.99,60.96,0.2588035870516186,269.95,2026-08-01 00:00:00,,,,9347436,271.09999999999997,45.18333333333333,71.99,69.99,57.96,0.3,,,,,,,,4,"Breakthru Beverage Minnesota Wine & Spirits, LLC",Breakthru 8.1
Carpano Antica Formula,084105341008,Liquor,Liter,6,PARK ST IMP/BRANCA USA,Breakthru Beverage, ,ALL,34.69166666666667,208.15,207,44.99,46.96,0.2612507098239636,207,2026-08-01 00:00:00,, ,,9009620,208.15,34.69166666666667,54.99,57.99,48.96,0.3,,,,,,,,13,"Breakthru Beverage Minnesota Wine & Spirits, LLC",Breakthru 8.1
Corralejo Anejo Tequila,720815930339,Liquor,750ml,6,INFINIUM SPIRITS,Breakthru Beverage,10cs purchase in a month,ALL,28.685000000000002,172.11,193.5,41.99,38.96,0.26373203285420943,170.96,2026-08-01 00:00:00,,,,412148,172.11,28.685000000000002,45.99,39.99,33.96,0.3,,,,,,,,0,"Breakthru Beverage Minnesota Wine & Spirits, LLC",Breakthru 8.1
Corralejo Blanco Tequila,720815930636,Liquor,750ml,6,INFINIUM SPIRITS,Breakthru Beverage,10cs purchase in a month,ALL,21.185,127.11,148.46,31.99,28.96,0.2684737569060774,125.96,2026-08-01 00:00:00,,,,411942,127.11,21.185,33.99,32.99,27.96,0.3,,,,,,,,0,"Breakthru Beverage Minnesota Wine & Spirits, LLC",Breakthru 8.1
Corralejo Reposado Tequila,720815930513,Liquor,1.75L,6,INFINIUM SPIRITS,Breakthru Beverage,10cs purchase in a month,ALL,41.435,248.61,269.96,57.99,55.96,0.2595604002859185,247.46,2026-08-01 00:00:00,,,,9043309,248.61,41.435,65.99,58.99,49.96,0.3,,,,,,,,0,"Breakthru Beverage Minnesota Wine & Spirits, LLC",Breakthru 8.1
Corralejo Reposado Tequila,720815930131,Liquor,750ml,6,INFINIUM SPIRITS,Breakthru Beverage,10cs purchase in a month,ALL,21.935000000000002,131.61,148.46,31.99,29.96,0.2678571428571428,130.46,2026-08-01 00:00:00,,,,412346,131.61,21.935000000000002,34.99,33.99,28.96,0.3,,,,,,,,27,"Breakthru Beverage Minnesota Wine & Spirits, LLC",Breakthru 8.1
Dr. McGillicuddy Butterscotch,088004020316,Liquor,Liter,12,SAZERAC,Breakthru Beverage,15cs purchase in a month,ALL,12.845833333333333,154.15,171,18.99,16.96,0.24258058176100633,153,2026-08-01 00:00:00,,,,9219488,154.15,12.845833333333333,19.99,19.99,0,0.3,,,,,,,,0,"Breakthru Beverage Minnesota Wine & Spirits, LLC",Breakthru 8.1
Lyre's Almalfi Spritz,9354596006290,Misc,4pk 12oz can,6,Lyre's,Breakthru Beverage,5cs purchase in a month,ALL,9.858333333333333,59.15,62,12.99,12.96,0.2393261316872429,58,2026-08-01 00:00:00,,62,,9672258,59.15,9.858333333333333,14.99,,,0.3,,,,,,,,,"Breakthru Beverage Minnesota Wine & Spirits, LLC",Breakthru 8.1
Lyre's Gin and Tonic,9354596001967,Misc,4pk 12oz can,6,Lyre's,Breakthru Beverage,5cs purchase in a month,ALL,9.858333333333333,59.15,62,12.99,12.96,0.2393261316872429,58,2026-08-01 00:00:00,,62,,9672259,59.15,9.858333333333333,14.99,,,0.3,,,,,,,,,"Breakthru Beverage Minnesota Wine & Spirits, LLC",Breakthru 8.1
Lyre's Sparkling Classico,9354596000328,Misc,4pk 12oz can,6,Lyre's,Breakthru Beverage,5cs purchase in a month,ALL,9.858333333333333,59.15,62,12.99,12.96,0.2393261316872429,58,2026-08-01 00:00:00,,62,,9672257,59.15,9.858333333333333,14.99,,,0.3,,,,,,,,,"Breakthru Beverage Minnesota Wine & Spirits, LLC",Breakthru 8.1
Midnight Moon Apple Pie,851767001140,Liquor,750ml,6,PIEDMONT DISTILLERS INC,Breakthru Beverage, ,ALL,13.525,81.15,80,16.99,17.96,0.2469376391982183,80,2026-08-01 00:00:00,,,,9126403,81.15,13.525,20.99,21.99,18.96,0.3,,,,,,,,0,"Breakthru Beverage Minnesota Wine & Spirits, LLC",Breakthru 8.1
Midnight Moon Blackberry,851767001201,Liquor,750ml,6,PIEDMONT DISTILLERS INC,Breakthru Beverage, ,ALL,13.525,81.15,80,16.99,17.96,0.2469376391982183,80,2026-08-01 00:00:00,,,,9154536,81.15,13.525,20.99,,,0.3,,,,,,,,,"Breakthru Beverage Minnesota Wine & Spirits, LLC",Breakthru 8.1
Midnight Moon Blueberry,851767001195,Liquor,750ml,6,PIEDMONT DISTILLERS INC,Breakthru Beverage, ,ALL,13.525,81.15,80,16.99,17.96,0.2469376391982183,80,2026-08-01 00:00:00,,,,9140844,81.15,13.525,20.99,,,0.3,,,,,,,,,"Breakthru Beverage Minnesota Wine & Spirits, LLC",Breakthru 8.1
Midnight Moon Cherry,851767001157,Liquor,750ml,6,PIEDMONT DISTILLERS INC,Breakthru Beverage, ,ALL,13.525,81.15,80,16.99,17.96,0.2469376391982183,80,2026-08-01 00:00:00,,,,9126404,81.15,13.525,20.99,,,0.3,,,,,,,,,"Breakthru Beverage Minnesota Wine & Spirits, LLC",Breakthru 8.1
Midnight Moon Moonshine 100pf,851767001294,Liquor,750ml,6,PIEDMONT DISTILLERS INC,Breakthru Beverage, ,ALL,13.525,81.15,80,16.99,17.96,0.2469376391982183,80,2026-08-01 00:00:00,,,,9168231,81.15,13.525,20.99,21.99,18.96,0.3,,,,,,,,0,"Breakthru Beverage Minnesota Wine & Spirits, LLC",Breakthru 8.1
Midnight Moon Moonshine 80pf,851767001027,Liquor,750ml,6,PIEDMONT DISTILLERS INC,Breakthru Beverage, ,ALL,13.525,81.15,80,16.99,17.96,0.2469376391982183,80,2026-08-01 00:00:00,,,,9120601,81.15,13.525,20.99,,,0.3,,,,,,,,,"Breakthru Beverage Minnesota Wine & Spirits, LLC",Breakthru 8.1
Midnight Moon Peach,851767001355,Liquor,750ml,6,PIEDMONT DISTILLERS INC,Breakthru Beverage, ,ALL,13.525,81.15,80,16.99,17.96,0.2469376391982183,80,2026-08-01 00:00:00,,,,9192564,81.15,13.525,20.99,,,0.3,,,,,,,,,"Breakthru Beverage Minnesota Wine & Spirits, LLC",Breakthru 8.1
Midnight Moon Raspberry,851767001379,Liquor,750ml,6,PIEDMONT DISTILLERS INC,Breakthru Beverage, ,ALL,13.525,81.15,80,16.99,17.96,0.2469376391982183,80,2026-08-01 00:00:00,,,,9185822,81.15,13.525,20.99,,,0.3,,,,,,,,,"Breakthru Beverage Minnesota Wine & Spirits, LLC",Breakthru 8.1
Midnight Moon Strawberry,851767001164,Liquor,750ml,6,PIEDMONT DISTILLERS INC,Breakthru Beverage, ,ALL,13.525,81.15,80,16.99,17.96,0.2469376391982183,80,2026-08-01 00:00:00,,,,9126405,81.15,13.525,20.99,,,0.3,,,,,,,,,"Breakthru Beverage Minnesota Wine & Spirits, LLC",Breakthru 8.1
Midnight Moon Watermelon,850015676017,Liquor,750ml,6,PIEDMONT DISTILLERS INC,Breakthru Beverage, ,ALL,13.525,81.15,80,16.99,17.96,0.2469376391982183,80,2026-08-01 00:00:00,,,,9427151,81.15,13.525,20.99,,,0.3,,,,,,,,,"Breakthru Beverage Minnesota Wine & Spirits, LLC",Breakthru 8.1
Midnight Moonshake Apple Pie,850015676451,Liquor,50ml,48,Sazerac,Breakthru Beverage, ,ALL,1.7739583333333335,85.15,84,2.99,1.96,0.09491921768707472,84,2026-08-01 00:00:00,,,,9184257,85.15,1.7739583333333335,1.99,3.99,2.96,0.5,,,,,,,,94,"Breakthru Beverage Minnesota Wine & Spirits, LLC",Breakthru 8.1
Midnight Moonshake Apple Pie,850015676468,Liquor,750ml,6,Sazerac,Breakthru Beverage,,ALL,13.525,81.15,80,16.99,17.96,0.2469376391982183,80,2026-08-01 00:00:00,,,,9698489,81.15,13.525,20.99,23.99,19.96,0.3,,,,,,,,8,"Breakthru Beverage Minnesota Wine & Spirits, LLC",Breakthru 8.1
Midnight Moonshake Chocolate Brownie,850015676475,Liquor,50ml,48,Sazerac,Breakthru Beverage,,ALL,1.7739583333333335,85.15,84,2.99,1.96,0.09491921768707472,84,2026-08-01 00:00:00,,,,9698510,85.15,1.7739583333333335,1.99,3.99,2.96,0.5,,,,,,,,99,"Breakthru Beverage Minnesota Wine & Spirits, LLC",Breakthru 8.1
Midnight Moonshake Chocolate Brownie,850015676482,Liquor,750ml,6,Sazerac,Breakthru Beverage,,ALL,13.525,81.15,80,16.99,17.96,0.2469376391982183,80,2026-08-01 00:00:00,,,,9698536,81.15,13.525,20.99,23.99,19.96,0.3,,,,,,,,4,"Breakthru Beverage Minnesota Wine & Spirits, LLC",Breakthru 8.1
Midnight Moonshake Cookies and Cream,850015676499,Liquor,50ml,48,Sazerac,Breakthru Beverage,,ALL,1.7739583333333335,85.15,84,2.99,1.96,0.09491921768707472,84,2026-08-01 00:00:00,,,,9698547,85.15,1.7739583333333335,1.99,3.99,2.96,0.5,,,,,,,,61,"Breakthru Beverage Minnesota Wine & Spirits, LLC",Breakthru 8.1
Midnight Moonshake Cookies and Cream,850015676505,Liquor,750ml,6,Sazerac,Breakthru Beverage,,ALL,13.525,81.15,80,16.99,17.96,0.2469376391982183,80,2026-08-01 00:00:00,,,,9698545,81.15,13.525,20.99,23.99,19.96,0.3,,,,,,,,8,"Breakthru Beverage Minnesota Wine & Spirits, LLC",Breakthru 8.1
Mijenta Tequila Anejo ,850015899027,Liquor,750ml,6,MHW/Altos Planos,Breakthru Beverage,5cs purchase in a month,ALL,111.85833333333333,671.15,670,144.99,150.96,0.259020049461226,670,2026-08-01 00:00:00,, ,,9644452,671.15,111.85833333333333,177.99,151.99,128.96,0.3,,,,,,,,6,"Breakthru Beverage Minnesota Wine & Spirits, LLC",Breakthru 8.1
Mijenta Tequila Blanco,850015899003,Liquor,750ml,6,MHW/Altos Planos,Breakthru Beverage,5cs purchase in a month,ALL,32.44166666666667,194.65,216,46.99,43.96,0.26201850166818313,193.5,2026-08-01 00:00:00,, ,,9618181,194.65,32.44166666666667,51.99,47.99,40.96,0.3,,,,,,,,6,"Breakthru Beverage Minnesota Wine & Spirits, LLC",Breakthru 8.1
Mijenta Tequila Reposado,850015899010,Liquor,750ml,6,MHW/Altos Planos,Breakthru Beverage,5cs purchase in a month,ALL,47.44166666666666,284.65,306,65.99,63.96,0.2582603710652492,283.5,2026-08-01 00:00:00,, ,,9618173,284.65,47.44166666666666,74.99,69.99,58.96,0.3,,,,,,,,12,"Breakthru Beverage Minnesota Wine & Spirits, LLC",Breakthru 8.1
Milagro,083664868902,Liquor,1.75L,6,WM GRANT & SONS,Breakthru Beverage,5cs purchase in a month,ALL,35.858333333333334,215.15,247.5,53.99,47.96,0.25232832916319153,214,2026-08-01 00:00:00,,,,9008626,215.15,35.858333333333334,56.99,48.99,0,0.3,,,,,,,,0,"Breakthru Beverage Minnesota Wine & Spirits, LLC",Breakthru 8.1
Milagro Anejo Tequila,83664868971,Liquor,750ml,6,WM GRANT & SONS,Breakthru Beverage,5cs purchase in a month,ALL,,,216,46.99,-0.04,0,141.75,2026-08-01 00:00:00,, ,,9001699,,0,-0.01,,,0.3,,,,,,,,,"Breakthru Beverage Minnesota Wine & Spirits, LLC",Breakthru 8.1
Milagro Reposado Tequila,83664874071,Liquor,375ml,12,WM GRANT & SONS,Breakthru Beverage,5cs purchase in a month,ALL,11.341666666666667,136.1,152.95,18.99,14.96,0.241867201426025,134.95,2026-08-01 00:00:00,,,,9392449,136.1,11.341666666666667,17.99,,,0.5,,,,,,,,,"Breakthru Beverage Minnesota Wine & Spirits, LLC",Breakthru 8.1
Milagro Select Reserv Reposado,83664874484,Liquor,750ml,6,WILLIAM GRANT & SONS,Breakthru Beverage,5cs purchase in a month ($105.50/cs Apil - June),ALL,36.19166666666667,217.15,216,46.99,48.96,0.2607911220043572,216,2026-08-01 00:00:00,,,,9001702,217.15,36.19166666666667,57.99,,,0.3,,,,,,,,,"Breakthru Beverage Minnesota Wine & Spirits, LLC",Breakthru 8.1
Milagro Select Reserve Anejo,83664869008,Liquor,750ml,6,WM GRANT & SONS,Breakthru Beverage,5cs purchase in a month,ALL,43.69166666666666,262.15,261,56.99,58.96,0.25896087743102675,261,2026-08-01 00:00:00,,,,9008632,262.15,43.69166666666666,69.99,,,0.3,,,,,,,,,"Breakthru Beverage Minnesota Wine & Spirits, LLC",Breakthru 8.1
Milagro Silver Tequila,,Liquor,375ml,12,WILLIAM GRANT & SONS,Breakthru Beverage,5cs purchase in a month,ALL,10.591666666666667,127.10000000000001,143.95,17.99,13.96,0.24128462273161416,125.95,2026-08-01 00:00:00,,,,9005264,127.10000000000001,10.591666666666667,15.99,,,0.5,,,,,,,,,"Breakthru Beverage Minnesota Wine & Spirits, LLC",Breakthru 8.1
Monkey Shoulder Scotch,083664874224,Liquor,1.75L,6,WM GRANT & SONS,Breakthru Beverage,3cs purchase in a month,ALL,42.94166666666666,257.65,270,58.99,57.96,0.25911548194156897,256.5,2026-08-01 00:00:00,,,,9367571,257.65,42.94166666666666,67.99,62.99,0,0.3,,,,,,,,5,"Breakthru Beverage Minnesota Wine & Spirits, LLC",Breakthru 8.1
Monkey Shoulder Scotch,083664872541,Liquor,750ml,6,WM GRANT & SONS,Breakthru Beverage,3cs purchase in a month,ALL,22.691666666666666,136.15,144,30.99,30.96,0.2670650301464255,135,2026-08-01 00:00:00,,,,9157494,136.15,22.691666666666666,36.99,35.49,29.96,0.3,,,,,,,,20,"Breakthru Beverage Minnesota Wine & Spirits, LLC",Breakthru 8.1
Reyka Vodka,083664869725,Liquor,1.75L,6,WM GRANT,Breakthru Beverage,Net Down Pricing,ALL,26.441666666666666,158.65,202.5,43.99,35.96,0.26469225064886914,157.5,2026-08-01 00:00:00,,,,9019698,158.65,26.441666666666666,41.99,39.99,33.96,0.3,,,,,,,,24,"Breakthru Beverage Minnesota Wine & Spirits, LLC",Breakthru 8.1
Twisted Shotz B-52 18/4pk,766427003467,Liquor,4pk,18,Independent Distillers,Breakthru Beverage,5cs mix and match of 4pks in a month,ALL,3.9583333333333335,71.25,80.8,5.99,4.96,0.20194892473118276,70.1,2026-08-01 00:00:00,,80.8,,9151696,71.25,3.9583333333333335,5.99,5.49,4.96,0.3,,,,,,,,24,"Breakthru Beverage Minnesota Wine & Spirits, LLC",Breakthru 8.1
Twisted Shotz Berry Vanilla Thrilla 18/4pk,766427005379,Liquor,4pk,18,Independent Distillers,Breakthru Beverage,4cs mix and match of 4pks in a month,ALL,3.9583333333333335,71.25,80.8,5.99,4.96,0.20194892473118276,70.1,2026-08-01 00:00:00,,80.8,,9786490,71.25,3.9583333333333335,5.99,,,0.3,,,,,,,,,"Breakthru Beverage Minnesota Wine & Spirits, LLC",Breakthru 8.1
Twisted Shotz Flavor Fest 6/15pk,766427005478,Liquor,15pk,6,Independent Distillers,Breakthru Beverage,3cs mix and match of 15pks in a month,ALL,14.425000000000002,86.55000000000001,89.9,18.99,18.96,0.23918776371308006,85.4,2026-08-01 00:00:00,,89.9,,9786844,86.55000000000001,14.425000000000002,21.99,,,0.3,,,,,,,,,"Breakthru Beverage Minnesota Wine & Spirits, LLC",Breakthru 8.1
Twisted Shotz Punch Pineapple Collection 18/4pk,766427005416,Liquor,4pk,18,Independent Distillers,Breakthru Beverage,4cs mix and match of 4pks in a month,ALL,3.9583333333333335,71.25,80.8,5.99,4.96,0.20194892473118276,70.1,2026-08-01 00:00:00,,80.8,,9786491,71.25,3.9583333333333335,5.99,,,0.3,,,,,,,,,"Breakthru Beverage Minnesota Wine & Spirits, LLC",Breakthru 8.1
Twisted Shotz Pussy Cat 18/4pk,766427004815,Liquor,4pk,18,Independent Distillers,Breakthru Beverage,4cs mix and match of 4pks in a month,ALL,3.9583333333333335,71.25,80.8,5.99,4.96,0.20194892473118276,70.1,2026-08-01 00:00:00,,80.8,,9260594,71.25,3.9583333333333335,5.99,5.49,4.96,0.3,,,,,,,,0,"Breakthru Beverage Minnesota Wine & Spirits, LLC",Breakthru 8.1
Twisted Shotz Razzle Dazzle 18/4pk,766427005331,Liquor,4pk,18,Independent Distillers,Breakthru Beverage,4cs mix and match of 4pks in a month,ALL,3.9583333333333335,71.25,80.8,5.99,4.96,0.20194892473118276,70.1,2026-08-01 00:00:00,,80.8,,9751772,71.25,3.9583333333333335,5.99,,,0.3,,,,,,,,,"Breakthru Beverage Minnesota Wine & Spirits, LLC",Breakthru 8.1
Twisted Shotz Sex on the Beach 18/4pk,766427003443,Liquor,4pk,18,Independent Distillers,Breakthru Beverage,4cs mix and match of 4pks in a month,ALL,3.9583333333333335,71.25,80.8,5.99,4.96,0.20194892473118276,70.1,2026-08-01 00:00:00,,80.8,,9151699,71.25,3.9583333333333335,5.99,6.49,5.96,0.3,,,,,,,,87,"Breakthru Beverage Minnesota Wine & Spirits, LLC",Breakthru 8.1
Twisted Shotz Suck it Up Butter 18/4pk,766427005294,Liquor,4pk,18,Independent Distillers,Breakthru Beverage,4cs mix and match of 4pks in a month,ALL,3.9583333333333335,71.25,80.8,5.99,4.96,0.20194892473118276,70.1,2026-08-01 00:00:00,,80.8,,9751659,71.25,3.9583333333333335,5.99,6.49,5.96,0.3,,,,,,,,199,"Breakthru Beverage Minnesota Wine & Spirits, LLC",Breakthru 8.1
Twisted Shotz Suck Up Chock Cup 18/4pk,766427005430,Liquor,4pk,18,Independent Distillers,Breakthru Beverage,4cs mix and match of 4pks in a month,ALL,3.9583333333333335,71.25,80.8,5.99,4.96,0.20194892473118276,70.1,2026-08-01 00:00:00,,80.8,,9786501,71.25,3.9583333333333335,5.99,,,0.3,,,,,,,,,"Breakthru Beverage Minnesota Wine & Spirits, LLC",Breakthru 8.1
Twisted Shotz Trad Party Pack,766427003702,Liquor,15pk,6,Independent Distillers,Breakthru Beverage,3cs mix and match of 15pks in a month,ALL,12.925000000000002,77.55000000000001,89.9,18.99,16.96,0.2379127358490565,76.4,2026-08-01 00:00:00,,89.9,,,77.55000000000001,12.925000000000002,19.99,,,0.3,,,,,,,,,"Breakthru Beverage Minnesota Wine & Spirits, LLC",Breakthru 8.1
Twisted Shotz Whatamelon Sour 18/4pk,766427005393,Liquor,4pk,18,Independent Distillers,Breakthru Beverage,4cs mix and match of 4pks in a month,ALL,3.9583333333333335,71.25,80.8,5.99,4.96,0.20194892473118276,70.1,2026-08-01 00:00:00,,80.8,,9786607,71.25,3.9583333333333335,5.99,,,0.3,,,,,,,,,"Breakthru Beverage Minnesota Wine & Spirits, LLC",Breakthru 8.1
Camarena Silver Tequila,085000008812,Liquor,50ml,120,Gallo,Johnson Brothers Liquor Co,,ALL,2.0091666666666668,241.1,240,2.99,2.96,0.32122747747747743,240,2026-08-01 00:00:00,,240,,1512106,241.1,2.0091666666666668,2.99,,,0.5,,,,,,,,,Johnson Brothers - St. Paul,Gallo 8.1
E&J Apple Brandy,085000024003,Liquor,50ml,120,Gallo,Johnson Brothers Liquor Co,,ALL,1.0091666666666665,121.1,120,1.99,0.96,-0.05121527777777769,120,2026-08-01 00:00:00,,120,,1838621,121.1,1.0091666666666665,0.99,,,0.5,,,,,,,,,Johnson Brothers - St. Paul,Gallo 8.1
E&J Brandy,085000003404,Liquor,50ml,120,Gallo,Johnson Brothers Liquor Co,12 Sleeves of 10,ALL,1.0091666666666665,121.1,120,1.99,0.96,-0.05121527777777769,120,2026-08-01 00:00:00,,120,,1052242,121.1,1.0091666666666665,0.99,1.49,1.24,0.5,,,,,,,,536,Johnson Brothers - St. Paul,Gallo 8.1
E&J Peach Brandy,085000024072,Liquor,50ml,120,Gallo,Johnson Brothers Liquor Co,,ALL,1.0091666666666665,121.1,120,1.99,0.96,-0.05121527777777769,120,2026-08-01 00:00:00,,120,,1281730,121.1,1.0091666666666665,0.99,,,0.5,,,,,,,,,Johnson Brothers - St. Paul,Gallo 8.1
E&J VSOP Brandy,085000003862,Liquor,50ml,120,Gallo,Johnson Brothers Liquor Co,12 Sleeves of 10,ALL,1.0091666666666665,121.1,120,1.99,0.96,-0.05121527777777769,120,2026-08-01 00:00:00,,120,,1413002,121.1,1.0091666666666665,0.99,1.49,1.24,0.5,,,,,,,,280,Johnson Brothers - St. Paul,Gallo 8.1
E&J XO Brandy,085000009116,Liquor,50ml,120,Gallo,Johnson Brothers Liquor Co,,ALL,1.0091666666666665,121.1,120,1.99,0.96,-0.05121527777777769,120,2026-08-01 00:00:00,,120,,1028893,121.1,1.0091666666666665,0.99,,,0.5,,,,,,,,,Johnson Brothers - St. Paul,Gallo 8.1
New Amsterdam Grapefruit Vodka,085000023761,Liquor,1.75L,6,Gallo,Johnson Brothers Liquor Co,1 free on 20 NAV 1.75 May/July.  Deep $90 invoice All months,May | July | Sept |Nov,14.469047619047616,86.8142857142857,108.5,23.99,19.96,0.27509781467697314,90,2026-08-01 00:00:00,,90,,001822206,86.8142857142857,14.469047619047616,23.99,23.49,19.96,0.3,,,,,,,,26,Johnson Brothers - St. Paul,Gallo 8.1
New Amsterdam Lemon,085000026540,Liquor,1.75L,6,Gallo,Johnson Brothers Liquor Co,1 free on 20 NAV 1.75 May/July.  Deep $90 invoice All months,May | July | Sept |Nov,14.469047619047616,86.8142857142857,108.5,23.99,19.96,0.27509781467697314,90,2026-08-01 00:00:00,,90,,001901318,86.8142857142857,14.469047619047616,23.99,23.49,19.96,0.3,,,,,,,,28,Johnson Brothers - St. Paul,Gallo 8.1
New Amsterdam Mango Vodka,085000023204,Liquor,1.75L,6,Gallo,Johnson Brothers Liquor Co,1 free on 20 NAV 1.75 May/July.  Deep $90 invoice All months,May | July | Sept |Nov,14.469047619047616,86.8142857142857,108.5,23.99,19.96,0.27509781467697314,90,2026-08-01 00:00:00,,90,,000025343,86.8142857142857,14.469047619047616,23.99,23.49,19.96,0.3,,,,,,,,86,Johnson Brothers - St. Paul,Gallo 8.1
New Amsterdam Passionfruit,085000034200,Liquor,1.75L,6,Gallo,Johnson Brothers Liquor Co,1 free on 20 NAV 1.75 May/July.  Deep $90 invoice All months,May | July | Sept |Nov,14.469047619047616,86.8142857142857,108.5,23.99,19.96,0.27509781467697314,90,2026-08-01 00:00:00,,90,,001844709,86.8142857142857,14.469047619047616,23.99,23.49,19.96,0.3,,,,,,,,28,Johnson Brothers - St. Paul,Gallo 8.1
New Amsterdam Peach Vodka,085000021651,Liquor,1.75L,6,Gallo,Johnson Brothers Liquor Co,1 free on 20 NAV 1.75 May/July.  Deep $90 invoice All months,May | July | Sept |Nov,14.469047619047616,86.8142857142857,108.5,23.99,19.96,0.27509781467697314,90,2026-08-01 00:00:00,,90,,000023530,86.8142857142857,14.469047619047616,23.99,23.49,19.96,0.3,,,,,,,,61,Johnson Brothers - St. Paul,Gallo 8.1
New Amsterdam Pineapple,085000022337,Liquor,1.75L,6,Gallo,Johnson Brothers Liquor Co,1 free on 20 NAV 1.75 May/July.  Deep $90 invoice All months,May | July | Sept |Nov,14.469047619047616,86.8142857142857,108.5,23.99,19.96,0.27509781467697314,90,2026-08-01 00:00:00,,90,,000023940,86.8142857142857,14.469047619047616,23.99,23.49,19.96,0.3,,,,,,,,54,Johnson Brothers - St. Paul,Gallo 8.1
New Amsterdam Raspberry,085000026175,Liquor,1.75L,6,Gallo,Johnson Brothers Liquor Co,1 free on 20 NAV 1.75 May/July.  Deep $90 invoice All months,May | July | Sept |Nov,14.469047619047616,86.8142857142857,108.5,23.99,19.96,0.27509781467697314,90,2026-08-01 00:00:00,,90,,001246487,86.8142857142857,14.469047619047616,23.99,24.99,20.96,0.3,,,,,,,,120,Johnson Brothers - St. Paul,Gallo 8.1
New Amsterdam Red Berry,085000021675,Liquor,1.75L,6,Gallo,Johnson Brothers Liquor Co,1 free on 20 NAV 1.75 May/July.  Deep $90 invoice All months,May | July | Sept |Nov,14.469047619047616,86.8142857142857,108.5,23.99,19.96,0.27509781467697314,90,2026-08-01 00:00:00,,90,,000023533,86.8142857142857,14.469047619047616,23.99,23.49,19.96,0.3,,,,,,,,40,Johnson Brothers - St. Paul,Gallo 8.1
New Amsterdam Tangerine,085000034835,Liquor,1.75L,6,Gallo,Johnson Brothers Liquor Co,1 free on 20 NAV 1.75 May/July.  Deep $90 invoice All months,May | July | Sept |Nov,14.469047619047616,86.8142857142857,108.5,23.99,19.96,0.27509781467697314,90,2026-08-01 00:00:00,,90,,1953326,86.8142857142857,14.469047619047616,23.99,23.49,19.96,0.3,,,,,,,,18,Johnson Brothers - St. Paul,Gallo 8.1
New Amsterdam Vodka,085000019511,Liquor,1.75L,6,Gallo,Johnson Brothers Liquor Co,1 free on 20 NAV 1.75 May/July.  Deep $90 invoice All months,May | July | Sept |Nov,14.469047619047616,86.8142857142857,108.5,23.99,19.96,0.27509781467697314,90,2026-08-01 00:00:00,,90,,000019065,86.8142857142857,14.469047619047616,23.99,22.49,18.96,0.3,,,,,,,,439,Johnson Brothers - St. Paul,Gallo 8.1
New Amsterdam Watermelon,085000030943,Liquor,1.75L,6,Gallo,Johnson Brothers Liquor Co,1 free on 20 NAV 1.75 May/July.  Deep $90 invoice All months,May | July | Sept |Nov,14.469047619047616,86.8142857142857,108.5,23.99,19.96,0.27509781467697314,90,2026-08-01 00:00:00,,90,,001607608,86.8142857142857,14.469047619047616,23.99,23.49,19.96,0.3,,,,,,,,41,Johnson Brothers - St. Paul,Gallo 8.1
Rum Haven Coconut Rum,085000023334,Liquor,50ml,120,Gallo,Johnson Brothers Liquor Co,,ALL,0.6758333333333333,81.1,80,0.99,0.96,0.2960069444444445,80,2026-08-01 00:00:00,,80,,1054539,81.1,0.6758333333333333,0.99,,,0.5,,,,,,,,,Johnson Brothers - St. Paul,Gallo 8.1
LIQS Mango Margarita WB,850477005172,Liquor,1.5L,6,Gallo,Johnson Brothers Liquor Co,,ALL,10.183333333333334,61.1,64,13.99,13.96,0.2705348615090736,60,2026-08-01 00:00:00,,60,,001726708,61.1,10.183333333333334,15.99,12.99,0,0.3,,,,,,,,0,Johnson Brothers - St. Paul,Gallo Remove 8.1
LIQS Margarita WB,850477005028,Liquor,1.5L,6,Gallo,Johnson Brothers Liquor Co,,ALL,10.183333333333334,61.1,64,13.99,13.96,0.2705348615090736,60,2026-08-01 00:00:00,,60,,001293467,61.1,10.183333333333334,15.99,12.99,0,0.3,,,,,,,,0,Johnson Brothers - St. Paul,Gallo Remove 8.1
LIQS Mojito WB,850477005066,Liquor,1.5L,6,Gallo,Johnson Brothers Liquor Co,,ALL,10.183333333333334,61.1,64,13.99,13.96,0.2705348615090736,60,2026-08-01 00:00:00,,60,,001878054,61.1,10.183333333333334,15.99,12.99,0,0.3,,,,,,,,0,Johnson Brothers - St. Paul,Gallo Remove 8.1
LIQS Strawberry Margarita WB,850477005059,Liquor,1.5L,6,Gallo,Johnson Brothers Liquor Co,,ALL,10.183333333333334,61.1,64,13.99,13.96,0.2705348615090736,60,2026-08-01 00:00:00,,60,,001364214,61.1,10.183333333333334,15.99,12.99,0,0.3,,,,,,,,0,Johnson Brothers - St. Paul,Gallo Remove 8.1
Rum Chata Pumpkin Spice,085000006863,Liquor ,50ml,120,Gallo,Johnson Brothers Liquor Co,,ALL,1.3425,161.1,160,1.99,1.96,0.31505102040816324,160,2026-08-01 00:00:00,,160,,1994148,161.1,1.3425,1.99,,,0.5,,,,,,,,,Johnson Brothers - St. Paul,Gallo Remove 8.1
Rum Chata Pumpkin Spice,085000035771,Liquor,750ml,12,Gallo,Johnson Brothers Liquor Co,DEEP NET,SEPT | OCT| NOV | DEC,16.216666666666665,194.6,225,23.99,21.96,0.26153612629022477,193.5,2026-08-01 00:00:00,,193.5,,1614388,194.6,16.216666666666665,25.99,25.99,21.96,0.3,,,,,,,,136,Johnson Brothers - St. Paul,Gallo Remove 8.1
Savage & Cooke Bad Sweater,850002707045,Liquor,750ml,6,Gallo,Johnson Brothers Liquor Co,,ALL,22.683333333333334,136.1,148.5,31.99,30.96,0.2673341946597761,135,2026-08-01 00:00:00,,135,,1426531,136.1,22.683333333333334,36.99,,,0.3,,,,,,,,,Johnson Brothers - St. Paul,Gallo Remove 8.1
Savage & Cooke Burning Chair Bourbon,869251000302,Liquor,750ml,6,Gallo,Johnson Brothers Liquor Co,,ALL,42.43333333333333,254.6,280,60.99,56.96,0.25503277153558057,253.5,2026-08-01 00:00:00,,253.5,,001354482,254.6,42.43333333333333,66.99,59.99,49.95,0.3,,,,,,,,33,Johnson Brothers - St. Paul,Gallo Remove 8.1
Savage & Cooke Burning Chair Single Barrel,850040206326,Liquor,750ml,6,Gallo,Johnson Brothers Liquor Co,,ALL,55.18333333333334,331.1,400,86.99,73.96,0.25387596899224796,330,2026-08-01 00:00:00,,330,,1267597,331.1,55.18333333333334,86.99,74.99,64.96,0.3,,,,,,,,5,Johnson Brothers - St. Paul,Gallo Remove 8.1
Savage & Cooke Lip Service Rye,869251000326,Liquor,750ml,6,Gallo,Johnson Brothers Liquor Co,,ALL,26.433333333333334,158.6,180,38.99,35.96,0.2649239896180942,157.5,2026-08-01 00:00:00,,157.5,,001345889,158.6,26.433333333333334,41.99,33.99,28.95,0.3,,,,,,,,14,Johnson Brothers - St. Paul,Gallo Remove 8.1
Savage & Cooke Second Glance Whiskey,869251000319,Liquor,750ml,6,Gallo,Johnson Brothers Liquor Co,,ALL,31.099999999999998,186.6,208,44.99,41.96,0.25881792183031466,185.5,2026-08-01 00:00:00,,185.5,,001281165,186.6,31.099999999999998,49.99,45.99,0,0.3,,,,,,,,23,Johnson Brothers - St. Paul,Gallo Remove 8.1
Jack Daniels Single Barrel,082184087008,Liquor,750ml,6,Brown Forman,Johnson Brothers Liquor Co, ,February|May|August|November,33.93333333333333,203.6,220.5,47.99,45.96,0.2616768204235568,202.5,2026-08-01 00:00:00,,223.23,,4036,203.6,33.93333333333333,53.99,51.99,47.96,0.3,,,,,,,,2,Johnson Brothers - St. Paul,Johnson 8.1
Jack and Coca Cola 4pk can,082184006870,Liquor,4pk 355ml can,6,Brown Forman,Johnson Brothers Liquor Co, ,ALL,8.683333333333334,52.1,51,10.99,11.96,0.2739687848383501,51,2026-08-01 00:00:00,,51,,1816919,52.1,8.683333333333334,13.99,13.79,11.96,0.3,,,,,,,,48,Johnson Brothers - St. Paul,Johnson 8.1
Campari,721059047500,Liquor ,750ml,12,Campari,Johnson Brothers Liquor Co,Case 1,ALL,25.3,303.6,302.5,32.99,33.96,0.25500588928150764,302.5,2026-08-01 00:00:00,, ,,6635,303.6,25.3,39.99,35.49,29.96,0.3,,,,,,,,76,Johnson Brothers - St. Paul,Johnson 8.1
Crooked Water Vodka,712038686117,Liquor,750ml,6,Crooked Water,Johnson Brothers Liquor Co,Case 1,ALL,19.308333333333334,115.85,135.75,28.99,25.96,0.2562275295326143,114.75,2026-08-01 00:00:00,,,,001754566,115.85,19.308333333333334,30.99,29.99,24.96,0.3,,,,,,,,3,Johnson Brothers - St. Paul,Johnson 8.1
Crooked Water Old Fashioned,712038686148,Liquor,750ml,6,Crooked Water,Johnson Brothers Liquor Co,Case 1,ALL,28.058333333333334,168.35,182.25,38.99,37.96,0.2608447488584475,167.25,2026-08-01 00:00:00,,,,001701369,168.35,28.058333333333334,44.99,47.99,39.96,0.3,,,,,,,,5,Johnson Brothers - St. Paul,Johnson 8.1
Crooked Water Lost Lake Single Barrel,711841589165,Liquor,750ml,6,Crooked Water,Johnson Brothers Liquor Co,Case 1,ALL,49.05833333333334,294.35,293.25,63.99,65.96,0.2562411562563168,293.25,2026-08-01 00:00:00,,,,001531823,294.35,49.05833333333334,77.99,74.99,64.96,0.3,,,,,,,,0,Johnson Brothers - St. Paul,Johnson 8.1
Crooked Water Kings Point Bourbon,892060006012,Liquor,750ml,6,Crooked Water,Johnson Brothers Liquor Co,Case 1,ALL,35.55833333333333,213.35,249.75,53.99,47.96,0.25858354184042265,212.25,2026-08-01 00:00:00,,,,001167719,213.35,35.55833333333333,56.99,59.99,49.96,0.3,,,,,,,,2,Johnson Brothers - St. Paul,Johnson 8.1
Chicken Cock Rye,810020890037,Liquor,750ml,6,Grain & Barrel ,Johnson Brothers Liquor Co,Netted down price,ALL,38.85,233.1,254.85,54.99,51.96,0.25230946882217087,232,2026-08-01 00:00:00,, ,,1711082,233.1,38.85,60.99,59.99,49.96,0.3,,,,,,,,0,Johnson Brothers - St. Paul,Johnson 8.1
Meili Vodka ,860009555105,Liquor ,750ml,6,Meili,Johnson Brothers Liquor Co,Case 1 Pricing,ALL,18.183333333333334,109.1,113,23.99,24.96,0.2715010683760684,108,2026-08-01 00:00:00,,,,1814654,109.1,18.183333333333334,28.99,25.99,21.96,0.3,,,,,,,,0,Johnson Brothers - St. Paul,Johnson 8.1
New Riff Straight Rye 8yr 750ml,856302005553,Liquor,750ml,6,New Riff,Johnson Brothers Liquor Co,Case One,ALL,53.18333333333334,319.1,318,68.99,71.96,0.2609319992588474,318,2026-08-01 00:00:00,,,,1453530,319.1,53.18333333333334,84.99,79.99,0,0.3,,,,,,,,0.002,Johnson Brothers - St. Paul,Johnson 8.1
New Riff Straight Bourbon 8yr  750ml,856302005546,Liquor,750ml,6,New Riff,Johnson Brothers Liquor Co,Case One,ALL,53.18333333333334,319.1,318,68.99,71.96,0.2609319992588474,318,2026-08-01 00:00:00,, ,,1336964,319.1,53.18333333333334,84.99,79.99,0,0.3,,,,,,,,0.002,Johnson Brothers - St. Paul,Johnson 8.1
New Riff Single Barrel Bourbon Whiskey 750ml,856302005232,Liquor,750ml,6,New Riff,Johnson Brothers Liquor Co, ,ALL,40.43333333333333,242.6,241.5,51.99,54.96,0.2643134400776323,241.5,2026-08-01 00:00:00,, ,,1839940,242.6,40.43333333333333,64.99,59.99,49.96,0.3,,,,,,,,13,Johnson Brothers - St. Paul,Johnson 8.1
New Riff Malted Rye,856302005294,Liquor,750ml,6,New Riff,Johnson Brothers Liquor Co,Case 1,ALL,45.68333333333334,274.1,295.5,63.99,61.96,0.2626963632451043,273,2026-08-01 00:00:00,,270,,1424132,274.1,45.68333333333334,72.99,62.99,0,0.3,,,,,,,,0,Johnson Brothers - St. Paul,Johnson 8.1
New Riff Kentucky Wild Gin,856302005027,Liquor,750ml,12,New Riff,Johnson Brothers Liquor Co, ,ALL,11.591666666666667,139.1,138,14.99,15.96,0.2737050960735172,138,2026-08-01 00:00:00,, ,,1344272,139.1,11.591666666666667,18.99,29.99,24.96,0.3,,,,,,,,3,Johnson Brothers - St. Paul,Johnson 8.1
New Riff Kentucky Straight Bourbon,856302005263,Liquor,50ml,96,New Riff,Johnson Brothers Liquor Co,Case 1 Pricing,ALL,3.5427083333333336,340.1,339,4.99,4.96,0.28574428763440857,339,2026-08-01 00:00:00,,336,,1737762,340.1,3.5427083333333336,5.99,4.99,0,0.5,,,,,,,,248,Johnson Brothers - St. Paul,Johnson 8.1
New Riff Balboa Rye,856302005317,Liquor,750ml,6,New Riff,Johnson Brothers Liquor Co,Case 1,ALL,45.68333333333334,274.1,273,58.99,61.96,0.2626963632451043,273,2026-08-01 00:00:00,,270,,1030794,274.1,45.68333333333334,72.99,72.99,60.96,0.3,,,,,,,,0,Johnson Brothers - St. Paul,Johnson 8.1
New Riff PVT SGL BRL,856302005287,Liquor,750ml,6,New Riff,Johnson Brothers Liquor Co, ,ALL,50.68333333333334,304.1,303,65.99,67.96,0.2542181675495388,303,2026-08-01 00:00:00,,238.5,,1967388,304.1,50.68333333333334,79.99,59.99,49.96,0.3,,,,,,,,0,Johnson Brothers - St. Paul,Johnson 8.1
New Riff Barrel Aged Gin,856302005140,Liquor,750ml,6,New Riff,Johnson Brothers Liquor Co, ,ALL,23.183333333333334,139.1,138,29.99,30.96,0.25118432385874245,138,2026-08-01 00:00:00,, ,,1201099,139.1,23.183333333333334,36.99,41.99,34.96,0.3,,,,,,,,0,Johnson Brothers - St. Paul,Johnson 8.1
The Whistler Irish Honey,815755020292,Liquor,750ml,6,Prestige,Johnson Brothers Liquor Co,netted down case price,ALL,22.381666666666664,134.29,135,28.99,29.96,0.2529483756119271,133.19,2026-08-01 00:00:00,, ,,001938729,134.29,22.381666666666664,34.99,23.99,0,0.3,,,,,,,,0,Johnson Brothers - St. Paul,Johnson 8.1
The Whistler Irish Cream,815755020308,Liquor,750ml,6,Prestige,Johnson Brothers Liquor Co,netted down case price,ALL,22.381666666666664,134.29,135,28.99,29.96,0.2529483756119271,133.19,2026-08-01 00:00:00,, ,,001801625,134.29,22.381666666666664,34.99,23.99,0,0.3,,,,,,,,1,Johnson Brothers - St. Paul,Johnson 8.1
1800 Silver Tequila,811538010122,Liquor,375ml,12,Proximo,Johnson Brothers Liquor Co,,ALL,11.208333333333334,134.5,133.4,16.99,14.96,0.25077985739750447,133.4,2026-08-01 00:00:00,,,,000022270,134.5,11.208333333333334,17.99,17.99,14.96,0.5,,,,,,,,59,Johnson Brothers - St. Paul,Johnson 8.1
Stolichnaya Vodka,083664871742,Liquor,1.75L,6,Proximo,Johnson Brothers Liquor Co,Buy 25cs get 3cs Free,ALL,22.400666666666666,134.404,157.46,33.99,29.96,0.2523141967067201,149.96,2026-08-01 00:00:00,, ,,000058644,134.404,22.400666666666666,34.99,34.99,29.96,0.3,,,,,,,,228,Johnson Brothers - St. Paul,Johnson 8.1
Stolichnaya Vodka,811751023695,Liquor,Liter,12,Proximo,Johnson Brothers Liquor Co,1 free 750 on 7 cases,ALL,15.942380952380951,191.3085714285714,215.91,22.99,21.96,0.27402636828866345,215.91,2026-08-01 00:00:00,, ,,000002691,191.3085714285714,15.942380952380951,25.99,,,0.3,,,,,,,,,Johnson Brothers - St. Paul,Johnson 8.1
Stolichnaya Vanilla Vodka,811751020489,Liquor,Liter,12,Proximo,Johnson Brothers Liquor Co,1 free 750 on 7 cases,ALL,15.942380952380951,191.3085714285714,215.91,22.99,21.96,0.27402636828866345,215.91,2026-08-01 00:00:00,, ,,000075838,191.3085714285714,15.942380952380951,25.99,28.99,24.96,0.3,,,,,,,,118,Johnson Brothers - St. Paul,Johnson 8.1
Stolichnaya Razberi Vodka,083664871810,Liquor,Liter,12,Proximo,Johnson Brothers Liquor Co,1 free 750 on 7 cases,ALL,15.942380952380951,191.3085714285714,215.91,22.99,21.96,0.27402636828866345,215.91,2026-08-01 00:00:00,, ,,000075648,191.3085714285714,15.942380952380951,25.99,23.99,19.96,0.3,,,,,,,,29,Johnson Brothers - St. Paul,Johnson 8.1
Stolichnaya Blueberi Vodka,083664871964,Liquor,Liter,12,Proximo,Johnson Brothers Liquor Co,1 free 750 on 7 cases,ALL,15.942380952380951,191.3085714285714,215.91,22.99,21.96,0.27402636828866345,215.91,2026-08-01 00:00:00,, ,,000012185,191.3085714285714,15.942380952380951,25.99,23.99,19.96,0.3,,,,,,,,25,Johnson Brothers - St. Paul,Johnson 8.1
Western Son Watermelon Liter,856417005820,Liquor,Liter,6,Sazerac,Johnson Brothers Liquor Co,Net Down Case Price,ALL,9.933333333333334,59.6,66,13.99,12.96,0.23353909465020578,58.5,2026-08-01 00:00:00,,58.5,,1688903,59.6,9.933333333333334,14.99,15.99,13.46,0.3,,,,,,,,15,Johnson Brothers - St. Paul,Johnson 8.1
Western Son Vodka Liter,856417003017,Liquor,Liter,6,Sazerac,Johnson Brothers Liquor Co,Net Down Case Price,ALL,9.933333333333334,59.6,66,13.99,12.96,0.23353909465020578,58.5,2026-08-01 00:00:00,,58.5,,1577339,59.6,9.933333333333334,14.99,15.99,13.46,0.3,,,,,,,,69,Johnson Brothers - St. Paul,Johnson 8.1
Western Son Strawberry Liter,850035927298,Liquor,Liter,6,Sazerac,Johnson Brothers Liquor Co,Net Down Case Price,ALL,9.933333333333334,59.6,66,13.99,12.96,0.23353909465020578,58.5,2026-08-01 00:00:00,,58.5,,1510992,59.6,9.933333333333334,14.99,15.99,13.46,0.3,,,,,,,,0,Johnson Brothers - St. Paul,Johnson 8.1
Western Son Raspberry Liter,855939007244,Liquor,Liter,6,Sazerac,Johnson Brothers Liquor Co,Net Down Case Price,ALL,9.933333333333334,59.6,66,13.99,12.96,0.23353909465020578,58.5,2026-08-01 00:00:00,,58.5,,1961344,59.6,9.933333333333334,14.99,15.99,13.46,0.3,,,,,,,,0,Johnson Brothers - St. Paul,Johnson 8.1
Western Son Prickly Pear Liter,856417003901,Liquor,Liter,6,Sazerac,Johnson Brothers Liquor Co,Net Down Case Price,ALL,9.933333333333334,59.6,66,13.99,12.96,0.23353909465020578,58.5,2026-08-01 00:00:00,,58.5,,1891509,59.6,9.933333333333334,14.99,15.99,13.46,0.3,,,,,,,,5,Johnson Brothers - St. Paul,Johnson 8.1
Western Son Peach Liter,856417003925,Liquor,Liter,6,Sazerac,Johnson Brothers Liquor Co,Net Down Case Price,ALL,9.933333333333334,59.6,66,13.99,12.96,0.23353909465020578,58.5,2026-08-01 00:00:00,,58.5,,1130646,59.6,9.933333333333334,14.99,15.99,13.46,0.3,,,,,,,,0,Johnson Brothers - St. Paul,Johnson 8.1
Western Son Lime Liter,855939007183,Liquor,Liter,6,Sazerac,Johnson Brothers Liquor Co,Net Down Case Price,ALL,9.933333333333334,59.6,66,13.99,12.96,0.23353909465020578,58.5,2026-08-01 00:00:00,,58.5,,1250130,59.6,9.933333333333334,14.99,15.99,13.46,0.3,,,,,,,,6,Johnson Brothers - St. Paul,Johnson 8.1
Western Son Lemon Liter,855939007138,Liquor,Liter,6,Sazerac,Johnson Brothers Liquor Co,Net Down Case Price,ALL,9.933333333333334,59.6,66,13.99,12.96,0.23353909465020578,58.5,2026-08-01 00:00:00,,58.5,,1498783,59.6,9.933333333333334,14.99,15.99,13.46,0.3,,,,,,,,16,Johnson Brothers - St. Paul,Johnson 8.1
Western Son Grapefruit Liter,856417003918,Liquor,Liter,6,Sazerac,Johnson Brothers Liquor Co,Net Down Case Price,ALL,9.933333333333334,59.6,66,13.99,12.96,0.23353909465020578,58.5,2026-08-01 00:00:00,,58.5,,1641316,59.6,9.933333333333334,14.99,15.99,13.46,0.3,,,,,,,,20,Johnson Brothers - St. Paul,Johnson 8.1
Western Son Cucumber Liter,859685005400,Liquor,Liter,6,Sazerac,Johnson Brothers Liquor Co,Net Down Case Price,ALL,9.933333333333334,59.6,66,13.99,12.96,0.23353909465020578,58.5,2026-08-01 00:00:00,,58.5,,1170683,59.6,9.933333333333334,14.99,15.99,13.46,0.3,,,,,,,,0,Johnson Brothers - St. Paul,Johnson 8.1
Western Son Blueberry Vodka Liter,856417005219,Liquor,Liter,6,Sazerac,Johnson Brothers Liquor Co,Net Down Case Price,ALL,9.933333333333334,59.6,66,13.99,12.96,0.23353909465020578,58.5,2026-08-01 00:00:00,,58.5,,1505605,59.6,9.933333333333334,14.99,15.99,13.46,0.3,,,,,,,,17,Johnson Brothers - St. Paul,Johnson 8.1
Absolut Citron Vodka,835229001602,Liquor,1.75L,6,Pernod,Bellboy Corporation,,ALL,25.5,153,152,32.99,33.96,0.2491166077738516,152,2026-08-01 00:00:00,,152,,8565329,153,25.5,39.99,34.99,29.96,0.3,,,,,,,,55,Bellboy Corporation,Bellboy Increase 8.10
Absolut Mandrin Vodka,835229002609,Liquor,1.75L,6,Pernod,Bellboy Corporation,,ALL,25.5,153,152,32.99,33.96,0.2491166077738516,152,2026-08-01 00:00:00,,152,,8565349,153,25.5,39.99,37.99,32.96,0.3,,,,,,,,0,Bellboy Corporation,Bellboy Increase 8.10
Absolut Vodka 1.75L,835229000605,Liquor,1.75L,6,Pernod,Bellboy Corporation,,ALL,25.5,153,152,32.99,33.96,0.2491166077738516,152,2026-08-01 00:00:00,,152,,8565319,153,25.5,39.99,31.99,23.96,0.3,,,,,,,,379,Bellboy Corporation,Bellboy Increase 8.10
Absolut Vodka Liter,835229000407,Liquor,Liter,12,Pernod,Bellboy Corporation,,ALL,20.241666666666667,242.9,241.9,25.99,26.96,0.24919634025717113,241.9,2026-08-01 00:00:00,,241.9,,8565315,242.9,20.241666666666667,31.99,24.99,21.96,0.3,,,,,,,,429,Bellboy Corporation,Bellboy Increase 8.10
Admiral Nelson's Spiced Rum,096749086269,Liquor,1.75L,6,Heaven Hill,Bellboy Corporation,,ALL,15.375,92.25,91.25,19.99,20.96,0.2664599236641222,91.25,2026-08-01 00:00:00,,91.25,,7865419,92.25,15.375,24.99,18.99,15.96,0.3,,,,,,,,33,Bellboy Corporation,Bellboy Increase 8.10
Alvisa 10yr Brandy 750ml,8437005781542,Liquor,750ml,6,Indigo,Bellboy Corporation,case 1,ALL,13.166666666666666,79,78,16.99,17.96,0.2668893838158872,78,2026-08-01 00:00:00,,78,,6480224,79,13.166666666666666,20.99,0,0,0.3,,,,,,,,0,Bellboy Corporation,Bellboy Increase 8.10
Alvisa 5yr Brandy 750ml,8437005781559,Liquor,750ml,6,Indigo,Bellboy Corporation,case 1,ALL,11.166666666666666,67,66,13.99,14.96,0.2535650623885919,66,2026-08-01 00:00:00,,66,,6480214,67,11.166666666666666,17.99,0,0,0.3,,,,,,,,0,Bellboy Corporation,Bellboy Increase 8.10
Alvisa XO Brandy 750ml,8437005781525,Liquor,750ml,6,Indigo,Bellboy Corporation,case 1,ALL,16.666666666666668,100,99,20.99,22.96,0.2740998838559814,99,2026-08-01 00:00:00,,99,,6480204,100,16.666666666666668,26.99,0,0,0.3,,,,,,,,0,Bellboy Corporation,Bellboy Increase 8.10
Bacardi Limon Rum,080480355203,Liquor,1.75L,6,BACARDI USA INC,Bellboy Corporation,,All,18.833333333333332,113,112,23.99,24.96,0.24545940170940178,112,2026-08-01 00:00:00,,112,,7866629,113,18.833333333333332,28.99,23.99,19.96,0.3,,,,,,,,149,Bellboy Corporation,Bellboy Increase 8.10
Balvenie 14 Yr Caribbean,083664871681,Liquor,750ml,6,William Grant,Bellboy Corporation,,ALL,69.41666666666667,416.5,415.5,89.99,93.96,0.26121044416063566,415.5,2026-08-01 00:00:00,,415.5,,8177404,416.5,69.41666666666667,110.99,74.99,69.96,0.3,,,,,,,,14,Bellboy Corporation,Bellboy Increase 8.10
Balvenie 21 Yr Scotch,083664858415,Liquor,750ml,3,William Grant,Bellboy Corporation,,ALL,250.33333333333334,751,750,324.99,337.96,0.2592811772596362,750,2026-08-01 00:00:00,,750,,8177314,751,250.33333333333334,398.99,,,0.3,,,,,,,,,Bellboy Corporation,Bellboy Increase 8.10
"Bamboo Knot Picks 4.5"" 100ct",738101140058,Bar Supply,Unit,1,DOT Foods,Bellboy Corporation, ,ALL,4.5,4.5,3.5,4.99,5.96,0.24496644295302014,3.5,2026-08-01 00:00:00,,3.5,,PHOR804,4.5,4.5,6.99,,,0.3,,,,,,,,,Bellboy Corporation,Bellboy Increase 8.10
"Bamboo Knot Picks 7"" 100ct",738101140065,Bar Supply,Unit,1,DOT Foods,Bellboy Corporation, ,ALL,5,5,4,4.99,6.96,0.28160919540229884,4,2026-08-01 00:00:00,,4,,PHOR802,5,5,7.99,,,0.3,,,,,,,,,Bellboy Corporation,Bellboy Increase 8.10
Belvedere Vodka,087116069688,Liquor,750ml,6,Moet / Hennessy,Bellboy Corporation,,ALL,24.166666666666668,145,152,32.99,32.96,0.26678802588996764,144,2026-08-01 00:00:00,,144,,8581624,145,24.166666666666668,38.99,,,0.3,,,,,,,,,Bellboy Corporation,Bellboy Increase 8.10
Blantons Single Barrel,080244002039,Liquor,750ml,6,Sazerac,Bellboy Corporation,,ALL,73.5,441,440,94.99,98.96,0.25727566693613574,440,2026-08-01 00:00:00,,440,,8368104,441,73.5,116.99,9999.99,0,0.3,,,,,,,,95.02000000000001,Bellboy Corporation,Bellboy Increase 8.10
Bombay Sapphire Gin,080480301002,Liquor,1.75L,6,BACARDI USA INC,Bellboy Corporation,,ALL,33.166666666666664,199,198,42.99,44.96,0.26230723606168455,198,2026-08-01 00:00:00,,198,,7267029,199,33.166666666666664,52.99,37.99,29.96,0.3,,,,,,,,165,Bellboy Corporation,Bellboy Increase 8.10
Botanist,087236700362,Liquor,750ml,6,Remy Cointreau,Bellboy Corporation, ,ALL,26.833333333333332,161,165,35.99,35.96,0.2538005190952911,160,2026-08-01 00:00:00,,160,,7295104,161,26.833333333333332,41.99,45.99,37.96,0.3,,,,,,,,19,Bellboy Corporation,Bellboy Increase 8.10
Captain Morgan Original ,08731409,Liquor,50ml,120,Diageo,Bellboy Corporation,case 1,March|May|July|September|December,0.6666666666666666,80,132,1.99,0.96,0.3055555555555556,79,2026-08-01 00:00:00,,79,,7868318,80,0.6666666666666666,0.99,1.49,1.24,0.5,,,,,,,,969,Bellboy Corporation,Bellboy Increase 8.10
Christian Brothers Brandy,086036815474,Liquor,1.75L,6,Heaven Hill,Bellboy Corporation,5 cs Christian Bros 1.75 -  across chain - same week,ALL,17.583333333333332,105.5,109.5,23.99,23.96,0.26613800779076247,104.5,2026-08-01 00:00:00,,104.5,,6560619,105.5,17.583333333333332,27.99,22.99,18.96,0.3,,,,,,,,52,Bellboy Corporation,Bellboy Increase 8.10
Citadelle Gin Rouge 700ml,695521154273,Liquor,700ml,6,Cognac Ferrand,Bellboy Corporation,1 on 6 accumulated monthly,ALL,20.288888888888888,121.73333333333333,141.4,30.99,26.96,0.24744477415100566,141.4,2026-08-01 00:00:00,,141.4,,7268484,121.73333333333333,20.288888888888888,31.99,29.99,27.96,0.3,,,,,,,,15,Bellboy Corporation,Bellboy Increase 8.10
Crown Royal Canadian,087000007246,Liquor,Liter,12,Diageo,Bellboy Corporation,"3cs m/m crown Apple  liter across chain, same week",January|March|May|July|September|November,27.583333333333332,331,374.95,40.99,36.96,0.25369769119769126,330,2026-08-01 00:00:00,,374.95,,6863115,331,27.583333333333332,43.99,42.99,36.96,0.3,,,,,,,,134,Bellboy Corporation,Bellboy Increase 8.10
Crown Royal Regal Apple,082000771586,Liquor,Liter,12,Diageo,Bellboy Corporation,"3cs m/m crown liter , across chain same week",January|March|May|July|September|November,27.583333333333332,331,374.95,40.99,36.96,0.25369769119769126,330,2026-08-01 00:00:00,,374.95,,6163205,331,27.583333333333332,43.99,39.99,37.96,0.3,,,,,,,,285,Bellboy Corporation,Bellboy Increase 8.10
Cynar 70 prf,721059002134,Liquor,Liter,6,Campari,Bellboy Corporation,,ALL,32.5,195,194,41.99,43.96,0.2606915377616015,194,2026-08-01 00:00:00,,194,,7158915,195,32.5,51.99,37.99,0,0.3,,,,,,,,1,Bellboy Corporation,Bellboy Increase 8.10
Cynar Artichoke Liqueur,887341000018,Liquor,Liter,12,Campari,Bellboy Corporation,,ALL,20.833333333333332,250,249,26.99,27.96,0.25488793514544594,249,2026-08-01 00:00:00,,249,,7158914,250,20.833333333333332,32.99,,,0.3,,,,,,,,,Bellboy Corporation,Bellboy Increase 8.10
Disaronno Amaretto,050037014501,Liquor,750ml,12,BACARDI USA INC,Bellboy Corporation,,ALL,21.095833333333335,253.15,275,29.99,27.96,0.24549952312827847,252,2026-08-01 00:00:00,,252,,6264514,253.15,21.095833333333335,32.99,38.99,31.96,0.3,,,,,,,,88,Bellboy Corporation,Bellboy Increase 8.10
Dole Pineapple Juice,038900008086,Bar Supply,46oz,12,Dole Packaged Foods,Bellboy Corporation, ,ALL,4.733333333333333,56.8,62,6.99,5.96,0.2058165548098434,55.8,2026-08-01 00:00:00,,55.8,,JUIDP46,56.8,4.733333333333333,6.99,4.99,0,0.3,,,,,,,,73,Bellboy Corporation,Bellboy Increase 8.10
Fee Bros Aztec Choc Bitters,791863140674,Bar Supply,5oz,1=12btl,Fee Brothers,Bellboy Corporation,8.77-btl,ALL,,106.36,105.36,,-0.04,0,105.36,2026-08-01 00:00:00,,105.36,,MIXFACB,106.36,0,-0.01,15.99,12.96,0.3,,,,,,,,12,Bellboy Corporation,Bellboy Increase 8.10
Fee Bros Whiskey Barrel Bitters,791863140605,Bar Supply,5oz,1=12btl,Fee Brothers,Bellboy Corporation,,ALL,,171.16,198,,-0.04,0,170.16,2026-08-01 00:00:00,,170.16,,MIXFWBB,171.16,0,-0.01,21.99,0,0.3,,,,,,,,0,Bellboy Corporation,Bellboy Increase 8.10
Fee Brothers Bitters,791863140506,Bar Supply,5oz,1=12btl,Fee Brothers,Bellboy Corporation,8.77-btl,ALL,,106.36,105.36,,-0.04,0,105.36,2026-08-01 00:00:00,,105.36,,MIXFB,106.36,0,-0.01,14.99,12.96,0.3,,,,,,,,41,Bellboy Corporation,Bellboy Increase 8.10
Fee Brothers Black Walnut Bitters,791863140711,Bar Supply,5oz,12,Fee Brothers,Bellboy Corporation,8.77 as of 1st purchase,ALL,9.833333333333334,118,117,12.99,12.96,0.2412551440329218,117,2026-08-01 00:00:00,,117,,MIXFBW,118,9.833333333333334,14.99,15.99,12.96,0.3,,,,,,,,0,Bellboy Corporation,Bellboy Increase 8.10
Fee Brothers Celery Bitter	,400000002835,Bar Supply,5oz,12,Fee Brothers,Bellboy Corporation,8.77 as of 1st purchase,ALL,9.833333333333334,118,117,12.99,12.96,0.2412551440329218,117,2026-08-01 00:00:00,,117,,MIXFBC,118,9.833333333333334,14.99,15.99,12.96,0.3,,,,,,,,4,Bellboy Corporation,Bellboy Increase 8.10
Fee Brothers Cherry Bitters,791863140667,Bar Supply,5oz,1=12btl,Fee Brothers,Bellboy Corporation,8.77-btl,ALL,,106.36,105.36,,-0.04,0,105.36,2026-08-01 00:00:00,,105.36,,MIXFCB,106.36,0,-0.01,14.99,12.96,0.3,,,,,,,,12,Bellboy Corporation,Bellboy Increase 8.10
Fee Brothers Grapefruit Btrs,791863140551,Bar Supply,5oz,12,Fee Brothers,Bellboy Corporation,8.77 as of 1st purchase,ALL,9.833333333333334,118,117,12.99,12.96,0.2412551440329218,117,2026-08-01 00:00:00,,117,,MIXFGB,118,9.833333333333334,14.99,15.99,12.96,0.3,,,,,,,,5,Bellboy Corporation,Bellboy Increase 8.10
Fee Brothers Lemon Bitters,791863140544,Bar Supply,5oz,12,Fee Brothers,Bellboy Corporation,8.77 as of 1st purchase,ALL,9.833333333333334,118,117,12.99,12.96,0.2412551440329218,117,2026-08-01 00:00:00,,117,,MIXFLB,118,9.833333333333334,14.99,15.99,12.96,0.3,,,,,,,,2,Bellboy Corporation,Bellboy Increase 8.10
Fee Brothers Mint,791863140537,Bar Supply,5oz,12,Fee Brothers,Bellboy Corporation,8.77 as of 1st purchase,ALL,9.833333333333334,118,117,12.99,12.96,0.2412551440329218,117,2026-08-01 00:00:00,,117,,MIXFMB,118,9.833333333333334,14.99,15.99,12.96,0.3,,,,,,,,2,Bellboy Corporation,Bellboy Increase 8.10
Fee Brothers Molasses bitters,791863140742,Bar Supply,5oz,12,Fee Brothers,Bellboy Corporation,8.77 as of 1st purchase,ALL,9.833333333333334,118,117,12.99,12.96,0.2412551440329218,117,2026-08-01 00:00:00,,117,,MIXFBMB,118,9.833333333333334,14.99,15.99,12.96,0.3,,,,,,,,0,Bellboy Corporation,Bellboy Increase 8.10
Fee Brothers Orange Bitters,791863140513,Bar Supply,5oz,1=12btl,Fee Brothers,Bellboy Corporation,8.77-btl,ALL,,106.36,105.36,,-0.04,0,105.36,2026-08-01 00:00:00,,105.36,,MIXFOB,106.36,0,-0.01,14.99,12.96,0.3,,,,,,,,130,Bellboy Corporation,Bellboy Increase 8.10
Fee Brothers Peach Bitters,791863140520,Bar Supply,5oz,12,Fee Brothers,Bellboy Corporation,8.77 as of 1st purchase,ALL,9.833333333333334,118,117,12.99,12.96,0.2412551440329218,117,2026-08-01 00:00:00,,117,,MIXFPB,118,9.833333333333334,14.99,15.99,12.96,0.3,,,,,,,,2,Bellboy Corporation,Bellboy Increase 8.10
Fee Brothers Plum Bitters,791863140704,Bar Supply,5oz,12,Fee Brothers,Bellboy Corporation,8.77 as of 1st purchase,ALL,9.833333333333334,118,117,12.99,12.96,0.2412551440329218,117,2026-08-01 00:00:00,,117,,MIXFPLUMB,118,9.833333333333334,14.99,15.99,12.96,0.3,,,,,,,,1,Bellboy Corporation,Bellboy Increase 8.10
Fee Brothers Rhubarb Bitters,791863140650,Bar Supply,5oz,12,Fee Brothers,Bellboy Corporation,8.77 as of 1st purchase,ALL,9.833333333333334,118,117,12.99,12.96,0.2412551440329218,117,2026-08-01 00:00:00,,117,,mixfrb,118,9.833333333333334,14.99,15.99,12.96,0.3,,,,,,,,0,Bellboy Corporation,Bellboy Increase 8.10
Flying Dutchman Agave,863411000300,Liquor,750ml,6,Flying dutchman Spirits,Bellboy Corporation,,ALL,18.166666666666668,109,108,22.99,24.96,0.2721688034188034,108,2026-08-01 00:00:00,,108,,8201004,109,18.166666666666668,28.99,29.99,24.96,0.3,,,,,,,,15,Bellboy Corporation,Bellboy Increase 8.10
Flying Dutchman Crème de Cacao,863411000379,Liquor,750ml,6,Flying dutchman Spirits,Bellboy Corporation,,ALL,18.166666666666668,109,108,22.99,24.96,0.2721688034188034,108,2026-08-01 00:00:00,,108,,8201064,109,18.166666666666668,28.99,29.99,24.96,0.3,,,,,,,,24,Bellboy Corporation,Bellboy Increase 8.10
Flying Dutchman Gin,863411000317,Liquor,750ml,6,Flying dutchman Spirits,Bellboy Corporation,,ALL,18.166666666666668,109,108,22.99,24.96,0.2721688034188034,108,2026-08-01 00:00:00,,108,,8201024,109,18.166666666666668,28.99,29.99,24.96,0.3,,,,,,,,1,Bellboy Corporation,Bellboy Increase 8.10
Gosling's Black Seal,721094199059,Liquor,750ml,12,Castle Brands,Bellboy Corporation,,ALL,15.75,189,188,19.99,20.96,0.24856870229007635,188,2026-08-01 00:00:00,,188,,7878354,189,15.75,24.99,17.99,0,0.3,,,,,,,,23,Bellboy Corporation,Bellboy Increase 8.10
Green Spot ,080432105993,Liquor,750ml,6,Pernod,Bellboy Corporation,case 1,ALL,46,276,292,62.99,61.96,0.25758553905745646,275,2026-08-01 00:00:00,,275,,7463904,276,46,72.99,71.99,59.96,0.3,,,,,,,,15,Bellboy Corporation,Bellboy Increase 8.10
Irish Manor Irish Cream,084380410840,Liquor,750ml,12,Charles Jacquin,Bellboy Corporation,,ALL,11.5,138,137,14.99,15.96,0.2794486215538847,137,2026-08-01 00:00:00,,137,,7130124,138,11.5,18.99,,,0.3,,,,,,,,,Bellboy Corporation,Bellboy Increase 8.10
Jackson Morgan Banana Pudding Cream,855400005267,Liquor,750ml,6,Spirits of Tennessee,Bellboy Corporation,1CS Free on M/M 750 & 50's 10CS -across chain monthly accum,ALL,16.984848484848484,101.9090909090909,111,23.99,22.96,0.26024179072959563,111,2026-08-01 00:00:00,,111,,7177104,101.9090909090909,16.984848484848484,26.99,25.99,21.96,0.3,,,,,,,,15,Bellboy Corporation,Bellboy Increase 8.10
Jackson Morgan Banana Pudding Cream,855400005281,Liquor,50ml,60,Spirits of Tennessee,Bellboy Corporation,1CS Free on M/M 750 & 50's 10CS -across chain monthly accum,ALL,1.7483333333333335,104.9,115,2.99,1.96,0.10799319727891145,115,2026-08-01 00:00:00,,115,,7177108,104.9,1.7483333333333335,1.99,2.99,0,0.5,,,,,,,,483,Bellboy Corporation,Bellboy Increase 8.10
Jackson Morgan Brown Sugar & Cinnamon,855400005014,Liquor,750ml,6,Spirits of Tennessee,Bellboy Corporation,1CS Free on M/M 750 & 50's 10CS -across chain monthly accum,ALL,16.984848484848484,101.9090909090909,111,23.99,22.96,0.26024179072959563,111,2026-08-01 00:00:00,,111,,7177144,101.9090909090909,16.984848484848484,26.99,23.99,21.96,0.3,,,,,,,,7,Bellboy Corporation,Bellboy Increase 8.10
Jackson Morgan Lemon Ice Box 750ml,855400005083,Liquor,750ml,6,Spirits of Tennessee,Bellboy Corporation,1CS Free on M/M 750 & 50's 10CS -across chain monthly accum,ALL,16.984848484848484,101.9090909090909,111,23.99,22.96,0.26024179072959563,111,2026-08-01 00:00:00,,111,,7177254,101.9090909090909,16.984848484848484,26.99,25.99,21.96,0.3,,,,,,,,18,Bellboy Corporation,Bellboy Increase 8.10
Jackson Morgan Orange Cream,855400005151,Liquor,50ml,60,Spirits of Tennessee,Bellboy Corporation,1CS Free on M/M 750 & 50's 10CS -across chain monthly accum,ALL,1.7483333333333335,104.9,115,2.99,1.96,0.10799319727891145,115,2026-08-01 00:00:00,,115,,7177198,104.9,1.7483333333333335,1.99,2.99,0,0.5,,,,,,,,500,Bellboy Corporation,Bellboy Increase 8.10
Jackson Morgan Peaches & Cream 750ml,855400005045,Liquor,750ml,6,Spirits of Tennessee,Bellboy Corporation,1CS Free on M/M 750 & 50's 10CS -across chain monthly accum,All ,16.984848484848484,101.9090909090909,111,23.99,22.96,0.26024179072959563,111,2026-08-01 00:00:00,,111,,7177174,101.9090909090909,16.984848484848484,26.99,23.99,0,0.3,,,,,,,,17,Bellboy Corporation,Bellboy Increase 8.10
Jackson Morgan Peppermint Mocha,855400005113,Liquor,750ml,6,Spirits of Tennessee,Bellboy Corporation,1CS Free on M/M 750 & 50's 10CS -across chain monthly accum,ALL,16.984848484848484,101.9090909090909,111,23.99,22.96,0.26024179072959563,111,2026-08-01 00:00:00,,111,,7177204,101.9090909090909,16.984848484848484,26.99,,,0.3,,,,,,,,,Bellboy Corporation,Bellboy Increase 8.10
Jackson Morgan Peppermint Mocha,855400005236,Liquor,50ml,60,Spirits of Tennessee,Bellboy Corporation,1CS Free on M/M 750 & 50's 10CS -across chain monthly accum,ALL,1.7483333333333335,104.9,115,2.99,1.96,0.10799319727891145,115,2026-08-01 00:00:00,,115,,7177208,104.9,1.7483333333333335,1.99,,,0.5,,,,,,,,,Bellboy Corporation,Bellboy Increase 8.10
Jackson Morgan Salted Caramel Cream,855400005038,Liquor,750ml,6,Spirits of Tennessee,Bellboy Corporation,1CS Free on M/M 750 & 50's 10CS -across chain monthly accum,ALL,16.984848484848484,101.9090909090909,111,23.99,22.96,0.26024179072959563,111,2026-08-01 00:00:00,,111,,7177114,101.9090909090909,16.984848484848484,26.99,25.99,22.96,0.3,,,,,,,,124,Bellboy Corporation,Bellboy Increase 8.10
Jackson Morgan Salted Caramel Cream,855400005168,Liquor,50ml,60,Spirits of Tennessee,Bellboy Corporation,1CS Free on M/M 750 & 50's 10CS -across chain monthly accum,ALL,1.7483333333333335,104.9,115,2.99,1.96,0.10799319727891145,115,2026-08-01 00:00:00,,115,,7177118,104.9,1.7483333333333335,1.99,2.99,0,0.5,,,,,,,,685,Bellboy Corporation,Bellboy Increase 8.10
Jackson Morgan Spiced Pumpkin Roll 750ml,855400005007,Liquor,750ml,6, ,Bellboy Corporation,1CS Free on M/M 750 & 50's 10CS -across chain monthly accum,ALL,16.984848484848484,101.9090909090909,111,23.99,22.96,0.26024179072959563,111,2026-08-01 00:00:00,,111,,7177264,101.9090909090909,16.984848484848484,26.99,25.99,21.96,0.3,,,,,,,,2,Bellboy Corporation,Bellboy Increase 8.10
Jackson Morgan Whipped Orange Cream,855400005021,Liquor,750ml,6,Spirits of Tennessee,Bellboy Corporation,1CS Free on M/M 750 & 50's 10CS -across chain monthly accum,ALL,16.984848484848484,101.9090909090909,111,23.99,22.96,0.26024179072959563,111,2026-08-01 00:00:00,,111,,7177164,101.9090909090909,16.984848484848484,26.99,25.99,21.96,0.3,,,,,,,,5,Bellboy Corporation,Bellboy Increase 8.10
Jim Beam Bourbon,080686001102,Liquor,1.75L,6,Beam / Suntory,Bellboy Corporation,25cs across chain same week,ALL,24.833333333333332,149,165.5,35.99,33.96,0.2687475461327052,148,2026-08-01 00:00:00,,148,,8363829,149,24.833333333333332,39.99,30.49,25.96,0.3,,,,,,,,779,Bellboy Corporation,Bellboy Increase 8.10
Jimmy Luv's Bloody Mary Mix,854647002008,Bar Supply,32oz,12,Jimmy Luv Enterprises,Bellboy Corporation,,ALL,4.958333333333333,59.5,58.5,5.99,6.96,0.28759578544061304,58.5,2026-08-01 00:00:00,,58.5,,MIXJLUV,59.5,4.958333333333333,7.99,7.99,0,0.3,,,,,,,,11,Bellboy Corporation,Bellboy Increase 8.10
Jimmy Luv's Sneaky Hot,854647002022,Bar Supply,32oz,12,Jimmy Luv Enterprises,Bellboy Corporation,,ALL,4.958333333333333,59.5,58.5,5.99,6.96,0.28759578544061304,58.5,2026-08-01 00:00:00,,58.5,,MIXJLUVHOT,59.5,4.958333333333333,7.99,,,0.3,,,,,,,,,Bellboy Corporation,Bellboy Increase 8.10
Luksusowa Potato Vodka,630328000392,Liquor,1.75L,6,W.J. Deutsch,Bellboy Corporation,,ALL,24.166666666666668,145,144,30.99,32.96,0.26678802588996764,144,2026-08-01 00:00:00,,144,,8571719,145,24.166666666666668,38.99,28.99,24.96,0.3,,,,,,,,21,Bellboy Corporation,Bellboy Increase 8.10
Luxardo Maraschino Cherries,187229127289,Bar Supply,12oz,12,Hotaling,Bellboy Corporation,,ALL,14.666666666666666,176,175,18.99,19.96,0.26519706078824323,175,2026-08-01 00:00:00,,175,,7274050,176,14.666666666666666,23.99,23.99,19.96,0.3,,,,,,,,108,Bellboy Corporation,Bellboy Increase 8.10
Mathilde Cassis Liqueur,695521117308,Liquor,375ml,12,Cognac Ferrand,Bellboy Corporation, ,ALL,11.450000000000001,137.4,136.4,16.99,14.96,0.23462566844919783,136.4,2026-08-01 00:00:00,,136.4,,7564922,137.4,11.450000000000001,17.99,15.99,13.96,0.5,,,,,,,,64,Bellboy Corporation,Bellboy Increase 8.10
Mathilde Framboise Liqueur,695521117506,Liquor,375ml,12,Cognac Ferrand,Bellboy Corporation, ,ALL,11.450000000000001,137.4,136.4,16.99,14.96,0.23462566844919783,136.4,2026-08-01 00:00:00,,136.4,,7564932,137.4,11.450000000000001,17.99,15.99,13.96,0.5,,,,,,,,20,Bellboy Corporation,Bellboy Increase 8.10
Mathilde Peche Liqueur,695521117605,Liquor,375ml,12,Cognac Ferrand,Bellboy Corporation, ,ALL,11.450000000000001,137.4,136.4,16.99,14.96,0.23462566844919783,136.4,2026-08-01 00:00:00,,136.4,,7564942,137.4,11.450000000000001,17.99,15.99,0,0.5,,,,,,,,0,Bellboy Corporation,Bellboy Increase 8.10
Mathilde Poire Liqueur,695521117704,Liquor,375ml,12,Cognac Ferrand,Bellboy Corporation, ,ALL,11.450000000000001,137.4,136.4,16.99,14.96,0.23462566844919783,136.4,2026-08-01 00:00:00,,136.4,,ZZZ35865,137.4,11.450000000000001,17.99,15.99,13.96,0.5,,,,,,,,0,Bellboy Corporation,Bellboy Increase 8.10
Ocean Spray Cranberry Juice,031200200006,Bar Supply,32oz,12,Ocean Spray,Bellboy Corporation,Case 1,ALL,3.033333333333333,36.4,38.7,3.99,3.96,0.23400673400673402,36.4,2026-08-01 00:00:00,,36.4,,JUIOCC32,36.4,3.033333333333333,4.99,5.49,4.96,0.3,,,,,,,,38,Bellboy Corporation,Bellboy Increase 8.10
Party Bomber Cups,081391962535,Bar Supply,25pk,20,Dacotah Paper,Bellboy Corporation,Case 1 pricing,ALL,0.05,1,,-0.01,-0.04,2.25,,2026-08-01 00:00:00,,,,PLADBSC,1,0.05,-0.01,,,0.3,,,,,,,,,Bellboy Corporation,Bellboy Increase 8.10
Party Bomber Cups,081391962535,Bar Supply,25pk,20,Dacotah Paper,Bellboy Corporation,unit price-20per cs,ALL,0.3175,6.35,5.35,-0.01,-0.04,8.9375,5.35,2026-08-01 00:00:00,,5.35,,PLADBSC,6.35,0.3175,-0.01,,,0.3,,,,,,,,,Bellboy Corporation,Bellboy Increase 8.10
Patron Silver Tequila,721733000944,Liquor,375ml,12,Patron Spirits Co.,Bellboy Corporation,,ALL,15.5,186,224.85,27.99,20.96,0.2604961832061069,185,2026-08-01 00:00:00,,185,,8497322,186,15.5,24.99,30.49,25.96,0.5,,,,,,,,77,Bellboy Corporation,Bellboy Increase 8.10
Planteray 5yr Rum,695521154860,Liquor,750ml,6,Cognac Ferrand,Bellboy Corporation,1 cs 3 Stars Silver free on 8 cs mix & match all Plantation - accum monthly,ALL,20.87962962962963,125.27777777777777,135.5,28.99,27.96,0.2532321305568802,135.5,2026-08-01 00:00:00,,135.5,,7872724,125.27777777777777,20.87962962962963,32.99,30.49,25.96,0.3,,,,,,,,19,Bellboy Corporation,Bellboy Increase 8.10
Planteray Overproof,695521152187,Liquor,Liter,6,Cognac Ferrand,Bellboy Corporation,1 cs 3 Stars Silver free on 8 cs mix & match all Plantation - accum monthly,ALL,23.229629629629628,139.37777777777777,149.6,31.99,30.96,0.24968896545123945,149.6,2026-08-01 00:00:00,,149.6,,7872225,139.37777777777777,23.229629629629628,36.99,,,0.3,,,,,,,,,Bellboy Corporation,Bellboy Increase 8.10
Planteray Stiggins Pineapple Rum,695521154853,Liquor,750ml,6,Cognac Ferrand,Bellboy Corporation,1 cs 3 Stars Silver free on 8 cs mix & match all Plantation - accum monthly,ALL,22.962500000000002,137.775,149.4,31.99,30.96,0.25831718346253224,149.4,2026-08-01 00:00:00,,149.4,,7872734,137.775,22.962500000000002,36.99,29.99,0,0.3,,,,,,,,3,Bellboy Corporation,Bellboy Increase 8.10
ReaLemon Lemon juice,014800582024,Bar Supply,8oz,12,DOT Foods,Bellboy Corporation, ,ALL,2.0633333333333335,24.76,26.4,2.99,2.96,0.3029279279279279,23.76,2026-08-01 00:00:00,,23.76,,MIXRLEMON,24.76,2.0633333333333335,2.99,,,0.3,,,,,,,,,Bellboy Corporation,Bellboy Increase 8.10
ReaLime Lime Juice 8oz,014800582048,Bar Supply,8oz,12,DOT Foods,Bellboy Corporation, ,ALL,2.0633333333333335,24.76,26.4,2.99,2.96,0.3029279279279279,23.76,2026-08-01 00:00:00,,23.76,,MIXRLIME,24.76,2.0633333333333335,2.99,3.49,2.76,0.3,,,,,,,,29,Bellboy Corporation,Bellboy Increase 8.10
Red Party Cup 24TO SL/12SLEEVE/CS,63927787721,Bar Supply,16oz,288,DOT Foods,Bellboy Corporation, ,ALL,0.10659722222222222,30.7,33,-0.01,-0.04,3.6649305555555554,29.7,2026-08-01 00:00:00,,29.7,,PLARBC,30.7,0.10659722222222222,-0.01,,,0.3,,,,,,,,,Bellboy Corporation,Bellboy Increase 8.10
Roses Grenadine,01667436,Bar Supply,12oz,6,DOT Foods,Bellboy Corporation, ,ALL,3.9000000000000004,23.400000000000002,22.400000000000002,4.99,4.96,0.21370967741935476,22.400000000000002,2026-08-01 00:00:00,,22.4,,MIXRG12,23.400000000000002,3.9000000000000004,5.99,5.49,4.96,0.3,,,,,,,,47,Bellboy Corporation,Bellboy Increase 8.10
Roses Grenadine,016600001040,Bar Supply,25oz,12,DOT Foods,Bellboy Corporation, ,ALL,5.958333333333333,71.5,70.5,7.99,7.96,0.25146566164154105,70.5,2026-08-01 00:00:00,,70.5,,MIXRG25,71.5,5.958333333333333,8.99,5.99,0,0.3,,,,,,,,136,Bellboy Corporation,Bellboy Increase 8.10
Roses Grenadine,016600000760,Bar Supply,Liter,12,DOT Foods,Bellboy Corporation, ,ALL,5.875,70.5,69.5,7.99,7.96,0.2619346733668342,69.5,2026-08-01 00:00:00,,69.5,,MIXRGL,70.5,5.875,8.99,8.99,7.96,0.3,,,,,,,,168,Bellboy Corporation,Bellboy Increase 8.10
Roses Sweetened Lime,016600000739,Bar Supply,Liter,1,DOT Foods,Bellboy Corporation,Case 1 pricing,ALL,85,85,84,108.99,114.96,0.2606123869171885,84,2026-08-01 00:00:00,,84,,MIXRLJL,85,85,135.99,8.99,7.96,0.3,,,,,,,,129,Bellboy Corporation,Bellboy Increase 8.10
Roses Sweetened Lime Juice,01667135,Bar Supply,12oz btl,6,DOT Foods,Bellboy Corporation, ,ALL,3.9000000000000004,23.400000000000002,22.400000000000002,4.99,4.96,0.21370967741935476,22.400000000000002,2026-08-01 00:00:00,,22.4,,MIXRLJ12,23.400000000000002,3.9000000000000004,5.99,6.49,5.96,0.3,,,,,,,,36,Bellboy Corporation,Bellboy Increase 8.10
Roses Sweetened Lime Juice,01667232,Bar Supply,25oz,12,DOT Foods,Bellboy Corporation, ,ALL,6.083333333333333,73,72,7.99,7.96,0.23576214405360138,72,2026-08-01 00:00:00,,72,,MIXRLJ25,73,6.083333333333333,8.99,6.99,0,0.3,,,,,,,,125,Bellboy Corporation,Bellboy Increase 8.10
Skyy Vodka,721059010009,Liquor,Liter,12,Campari,Bellboy Corporation,,ALL,12.75,153,152,15.99,16.96,0.24823113207547173,152,2026-08-01 00:00:00,,152,,8572615,153,12.75,19.99,19.99,17.96,0.3,,,,,,,,41,Bellboy Corporation,Bellboy Increase 8.10
Skyy Vodka,721059017503,Liquor,1.75L,6,Campari,Bellboy Corporation,5Cs m/m across chain same week,All,16.825,100.95,104.95,22.99,22.96,0.2672038327526133,99.95,2026-08-01 00:00:00,,99.95,,8572619,100.95,16.825,26.99,22.99,19.96,0.3,,,,,,,,85,Bellboy Corporation,Bellboy Increase 8.10
Smirnoff Vodka,08200802,Liquor,200ml,48,Diageo,Bellboy Corporation,,All,2.3229166666666665,111.5,110.5,2.99,2.96,0.21523085585585588,110.5,2026-08-01 00:00:00,,110.5,,8572721,111.5,2.3229166666666665,2.99,4.49,3.96,0.5,,,,,,,,467,Bellboy Corporation,Bellboy Increase 8.10
Tabasco Pepper Sauce,011210000018,Bar Supply,2oz btl,12,DOT Foods,Bellboy Corporation,1.69-btl,ALL,1.7750000000000001,21.3,20.3,1.99,1.96,0.09438775510204073,20.3,2026-08-01 00:00:00,,20.3,,MIX00001,21.3,1.7750000000000001,1.99,3.49,2.76,0.3,,,,,,,,259,Bellboy Corporation,Bellboy Increase 8.10
Tito's Vodka,619947000051,Liquor,375ml,12,FIFTH GENERATION,Bellboy Corporation,3cs  across chain same week,46204,9.083333333333334,109,116,14.99,11.96,0.24052396878483837,108,2026-08-01 00:00:00,,116,,8574002,109,9.083333333333334,13.99,14.99,12.96,0.5,,,,,,,,156,Bellboy Corporation,Bellboy Increase 8.10
Tito's Vodka,619947000013,Liquor,Liter,12,FIFTH GENERATION,Bellboy Corporation,5cs across chain-same week,46204,,,225,23.99,-0.04,0,220,2026-08-01 00:00:00,,225,,8574005,,0,-0.01,24.99,19.96,0.3,,,,,,,,424,Bellboy Corporation,Bellboy Increase 8.10
Tito's Vodka,619947000020,Liquor,750ml,12,FIFTH GENERATION,Bellboy Corporation,3cs  across chain same week,46204,,,202,21.99,-0.04,0,192,2026-08-01 00:00:00,,202,,202,,0,-0.01,19.99,17.96,0.3,,,,,,,,368,Bellboy Corporation,Bellboy Increase 8.10
Tito's Vodka,619947000037,Liquor,1.75L,6,FIFTH GENERATION,Bellboy Corporation,3cs  across chain same week,46204,29.333333333333332,176,185,39.99,39.96,0.26593259926593266,175,2026-08-01 00:00:00,,185,,8574009,176,29.333333333333332,46.99,33.99,27.96,0.3,,,,,,,,1494,Bellboy Corporation,Bellboy Increase 8.10
Traverse City Cherries,859122005246,Bar Supply,21oz,6,"TCWC, LLC",Bellboy Corporation, ,ALL,13.583333333333334,81.5,80.5,16.99,17.96,0.2436896807720861,80.5,2026-08-01 00:00:00,,80.5,,7274090,81.5,13.583333333333334,20.99,20.99,17.96,0.3,,,,,,,,51,Bellboy Corporation,Bellboy Increase 8.10
Tullamore Dew Irish Whiskey,721059487504,Liquor,750ml,12,William Grant,Bellboy Corporation,CASE 1,ALL,17.583333333333332,211,236,25.99,23.96,0.26613800779076247,210,2026-08-01 00:00:00,,210,,7459314,211,17.583333333333332,27.99,30.49,27.96,0.3,,,,,,,,101,Bellboy Corporation,Bellboy Increase 8.10
Tullamore Dew Irish Whiskey,083664873722,Liquor,375ml,12,William Grant,Bellboy Corporation,,ALL,10.041666666666666,120.5,119.5,14.99,13.96,0.28068290353390646,119.5,2026-08-01 00:00:00,,119.5,,836648737226,120.5,10.041666666666666,15.99,18.99,15.96,0.5,,,,,,,,92,Bellboy Corporation,Bellboy Increase 8.10
Tullamore Dew Irish Whiskey,083664872497,Liquor,1.75L,6,William Grant,Bellboy Corporation,,ALL,33.46666666666667,200.8,199.8,42.99,44.96,0.25563463819691573,199.8,2026-08-01 00:00:00,,199.8,,083664872497,200.8,33.46666666666667,52.99,49.99,41.96,0.3,,,,,,,,27,Bellboy Corporation,Bellboy Increase 8.10
High West Bourbon 1.75L,086003267190,Liquor,1.75L,6,Constellation,Southern Wine & Spirits, ,ALL,38.82333333333333,232.94,241,51.99,51.96,0.25282268411598674,232.14,2026-09-01 00:00:00,,232.14,,534415,232.94,38.82333333333333,60.99,59.99,49.96,0.3,ALL,241,232.14,232.94,0,0, ,34,Southern Glazer's Wine & Spirits of MN,Southern 9.1.26
HIGH WEST BOURBON 92,854396005220,Liquor,750ml,6,Constellation,Southern Wine & Spirits,,February|May|August|November,21.46666666666667,128.8,157.44,33.99,28.96,0.25874769797421726,128,2026-09-01 00:00:00,,157.43,,548278,128.8,21.46666666666667,33.99,29.99,25.96,0.3,February|May|August|November,157.44,128,128.8,0,0, ,145,Southern Glazer's Wine & Spirits of MN,Southern 9.1.26
High West Campfire Whiskey 750ml,094922381736,Liquor,750ml,6,Constellation,Southern Wine & Spirits, ,ALL,42.13333333333333,252.8,252,54.99,56.96,0.2602996254681648,252,2026-09-01 00:00:00,,252,,443188,252.8,42.13333333333333,66.99,71.99,59.96,0.3,ALL,252,252,252.8,0,0, ,59,Southern Glazer's Wine & Spirits of MN,Southern 9.1.26
HIGH WEST CKTL OLD FASHIONED 86,086003267107,Liquor,750ml,6,Constellation,Southern Wine & Spirits, ,February|May|August|November,21.46666666666667,128.8,157.44,33.99,28.96,0.25874769797421726,128,2026-09-01 00:00:00,,157.43,,979485,128.8,21.46666666666667,33.99,31.99,25.96,0.3,February|May|August|November,157.44,128,128.8,0,0, ,46,Southern Glazer's Wine & Spirits of MN,Southern 9.1.26
High West Double Rye 1.75L,086003267206,Liquor,1.75L,6,Constellation,Southern Wine & Spirits, ,ALL,38.82333333333333,232.94,241,51.99,51.96,0.25282268411598674,232.14,2026-09-01 00:00:00,,232.14,,534414,232.94,38.82333333333333,60.99,63.99,45.96,0.3,ALL,241,232.14,232.94,0,0, ,0,Southern Glazer's Wine & Spirits of MN,Southern 9.1.26
HIGH WEST MANHATTAN 750ML,086003267121,Liquor,750ml,6,Constellation,Southern Wine & Spirits, ,February|May|August|November,21.46666666666667,128.8,157.44,33.99,28.96,0.25874769797421726,128,2026-09-01 00:00:00,,157.43,,979489,128.8,21.46666666666667,33.99,29.99,24.96,0.3,February|May|August|November,157.44,128,128.8,0,0, ,25,Southern Glazer's Wine & Spirits of MN,Southern 9.1.26
High West Rendezvous Rye 750ml,094922868176,Liquor,750ml,6,Constellation,Southern Wine & Spirits, ,ALL,42.13333333333333,252.8,252,54.99,56.96,0.2602996254681648,252,2026-09-01 00:00:00,,252,,316367,252.8,42.13333333333333,66.99,71.99,59.96,0.3,ALL,252,252,252.8,0,0, ,75,Southern Glazer's Wine & Spirits of MN,Southern 9.1.26
HIGH WEST WSKY DOUBLE RYE 92,854396005008,Liquor,750ml,6,Constellation,Southern Wine & Spirits, ,February|May|August|November,21.46666666666667,128.8,157.44,33.99,28.96,0.25874769797421726,128,2026-09-01 00:00:00,,157.43,,443185,128.8,21.46666666666667,33.99,31.99,25.96,0.3,February|May|August|November,157.44,128,128.8,0,0, ,56,Southern Glazer's Wine & Spirits of MN,Southern 9.1.26
LONG DRINK CKTL STRONG 17 CAN 4/6P,860272001477,Liquor,6pk 12oz can,4,LONKERO DBA THE LONG DRINK COM,Southern Wine & Spirits, ,February|March|May|June|July|September|November,11.924999999999999,47.699999999999996,60,19.99,15.96,0.25281954887218056,46.9,2026-09-01 00:00:00,,51,,956992,47.699999999999996,11.924999999999999,18.99,23.99,19.96,0.3,February|March|May|June|July|September|November,60,46.9,47.699999999999996,0,0, ,14,Southern Glazer's Wine & Spirits of MN,Southern 9.1.26
Old Grand Dad 100 pf Bourbon,080686408208,Liquor,Liter,12,Beam/Suntory,Southern Wine & Spirits,,ALL,20.308333333333334,243.70000000000002,242.9,25.99,26.96,0.2467235410484669,242.9,2026-09-01 00:00:00,,242.9,,1342,243.70000000000002,20.308333333333334,31.99,26.99,0,0.3,ALL,242.9,242.9,243.70000000000002,0,0, ,39,Southern Glazer's Wine & Spirits of MN,Southern 9.1.26
SARTI APERITIVO ROSA 28,887341340138,Liquor,700 ML,6,CAMPARI,Southern Wine & Spirits,,ALL,18.88,113.28,125.96,26.99,24.96,0.24358974358974367,112.48,2026-09-01 00:00:00,,112.48,,701527,113.28,18.88,28.99,30.99,25.96,0.3,ALL,125.96,112.48,113.28,0,0, ,28,Southern Glazer's Wine & Spirits of MN,Southern 9.1.26
Bailey's Irish Cream,086767210067,Liquor,750ml,12,Diageo/UBI,Phillips Wine & Spirits,Case 1 Must hit 9 cases within month,February|March|May|August|October|November|December,18.6125,223.35,260,27.99,24.96,0.254306891025641,222.25,2026-09-01 00:00:00,,222.25,,5017,223.35,18.6125,28.99,29.99,24.96,0.3,February|March|May|August|October|November|December,260,222.25,223.35,0,0, ,178,Phillips Wine & Spirits - St. Paul,Diageo 9.1.26
Don Julio Anejo Tequila,674545000063,Liquor,750ml,6,Diageo/UBI,Phillips Wine & Spirits,Case 1 Must hit 2 cs within month,February|April|June|August|October|December,40.016666666666666,240.1,292.5,62.99,53.96,0.2584012849023969,239,2026-09-01 00:00:00,,239,,60368,240.1,40.016666666666666,63.99,47.99,42.96,0.3,February|April|June|August|October|December,292.5,239,240.1,0,0, ,119,Phillips Wine & Spirits - St. Paul,Diageo 9.1.26
Don Julio Blanco Tequila,674545000001,Liquor,750ml,6,Diageo/UBI,Phillips Wine & Spirits,Case 1 Must hit 8 cs within month,February|April|June|August|October|December,28.016666666666666,168.1,229.5,49.99,37.96,0.26194239550403936,167,2026-09-01 00:00:00,,167,,60384,168.1,28.016666666666666,44.99,43.99,35.96,0.3,February|April|June|August|October|December,229.5,167,168.1,0,0, ,260,Phillips Wine & Spirits - St. Paul,Diageo 9.1.26
Don Julio Reposado Tequila,674545000414,Liquor,750ml,6,Diageo/UBI,Phillips Wine & Spirits,Case 1 Must hit 2 cs within month,February|April|June|August|October|December,31.041666666666668,186.25,261,56.99,41.96,0.2602081347314903,185.15,2026-09-01 00:00:00,,185.15,,69476,186.25,31.041666666666668,49.99,40.99,35.96,0.3,February|April|June|August|October|December,261,185.15,186.25,0,0, ,999,Phillips Wine & Spirits - St. Paul,Diageo 9.1.26
Ketel One Citroen Vodka,085156017508,Liquor,1.75L,6,Diageo/UBI,Phillips Wine & Spirits,Case 1 Must hit 16 cs within month,February|April|June|August|October|December,26.849999999999998,161.1,189,40.99,35.96,0.253337041156841,160,2026-09-01 00:00:00,,160,,000015237,161.1,26.849999999999998,41.99,,,0.3,February|April|June|August|October|December,189,160,161.1,0,0, ,,Phillips Wine & Spirits - St. Paul,Diageo 9.1.26
Ketel One Vodka,085156803682,Liquor,1.75L,6,Diageo/UBI,Phillips Wine & Spirits,Case 1 Must hit 16 cs within month,February|April|June|August|October|December,26.849999999999998,161.1,189,40.99,35.96,0.253337041156841,160,2026-09-01 00:00:00,,160,,000015236,161.1,26.849999999999998,41.99,34.99,29.96,0.3,February|April|June|August|October|December,189,160,161.1,0,0, ,639,Phillips Wine & Spirits - St. Paul,Diageo 9.1.26
Bulleit 87',82000814948,Liquor,750ml,12,Diageo/UBI,Johnson Brothers Liquor Co,Case 1,FAJAOD,20.3125,243.75,279,29.99,26.96,0.24656899109792288,242.65,2026-09-01 00:00:00,New Item,242.65,,1362632,243.75,20.3125,31.99,,,0.3,,,,,,,,,Johnson Brothers - St. Paul,Diageo 9.1.26
Crown Royal Salted Caramel Old Fashioned,82000814818,Liquor,750ml,12,Diageo/UBI,Johnson Brothers Liquor Co,Purchase 1 solid case,All months,17.341666666666665,208.1,225,23.99,22.96,0.24470092915214878,207,2026-09-01 00:00:00,New Item,207,,1697661,208.1,17.341666666666665,26.99,,,0.3,,,,,,,,,Johnson Brothers - St. Paul,Diageo 9.1.26
Crown Royal Salted Caramel Old Fashioned,82000814801,Liquor,375ml,12,Diageo/UBI,Johnson Brothers Liquor Co,Purchase 1 solid case,All months,9.091666666666667,109.1,116.95,14.99,11.96,0.23982720178372358,108,2026-09-01 00:00:00,New Item,108,,1909333,109.1,9.091666666666667,13.99,,,0.5,,,,,,,,,Johnson Brothers - St. Paul,Diageo 9.1.26
Baileys Chocolate Espresso Martini,86767705808,Liquor,750ml,12,Diageo/UBI,Johnson Brothers Liquor Co,Purchase 1 solid case,All months,17.341666666666665,208.1,225,23.99,22.96,0.24470092915214878,207,2026-09-01 00:00:00,New Item,207,,1763540,208.1,17.341666666666665,26.99,,,0.3,,,,,,,,,Johnson Brothers - St. Paul,Diageo 9.1.26
Baileys Chocolate Espresso Martini,86767705815,Liquor,375ml,12,Diageo/UBI,Johnson Brothers Liquor Co,Purchase 1 solid case,All months,9.091666666666667,109.1,116.95,14.99,11.96,0.23982720178372358,108,2026-09-01 00:00:00,New Item,108,,1599950,109.1,9.091666666666667,13.99,,,0.5,,,,,,,,,Johnson Brothers - St. Paul,Diageo 9.1.26
Buchanan's Coconut,88076191327,Liquor,750ml,12,Diageo/UBI,Johnson Brothers Liquor Co,Purchase 1 solid case on buy months,JMMJSN,26.59166666666667,319.1,342,36.99,35.96,0.26052094920281793,318,2026-09-01 00:00:00,New Item,318,,1497333,319.1,26.59166666666667,41.99,,,0.3,,,,,,,,,Johnson Brothers - St. Paul,Diageo 9.1.26
Crown Royal Blackberry,820000077914,Liquor,100ml,48,Diageo/UBI,Johnson Brothers Liquor Co,1 case net down,All Months,2.933958333333333,140.82999999999998,160,4.99,3.96,0.25910143097643107,139.73,2026-09-01 00:00:00,New Item,139.73,,1638919,140.82999999999998,2.933958333333333,4.99,,,0.5,,,,,,,,,Johnson Brothers - St. Paul,Diageo 9.1.26
Crown Royal Peach,82000007814,Liquor,100ml,48,Diageo/UBI,Johnson Brothers Liquor Co,1 case net down,All Months,2.933958333333333,140.82999999999998,160,4.99,3.96,0.25910143097643107,139.73,2026-09-01 00:00:00,New Item,139.73,,1216733,140.82999999999998,2.933958333333333,4.99,,,0.5,,,,,,,,,Johnson Brothers - St. Paul,Diageo 9.1.26
Crown Royal Regal Apple,820000075002,Liquor,100ml,48,Diageo/UBI,Johnson Brothers Liquor Co,1 case net down,All Months,2.933958333333333,140.82999999999998,160,4.99,3.96,0.25910143097643107,139.73,2026-09-01 00:00:00,New Item,139.73,,1182862,140.82999999999998,2.933958333333333,4.99,,,0.5,,,,,,,,,Johnson Brothers - St. Paul,Diageo 9.1.26
Crown Royal,820000078072,Liquor,100ml,48,Diageo/UBI,Johnson Brothers Liquor Co,1 case net down,All Months,2.933958333333333,140.82999999999998,160,4.99,3.96,0.25910143097643107,139.73,2026-09-01 00:00:00,New Item,139.73,,1900416,140.82999999999998,2.933958333333333,4.99,,,0.5,,,,,,,,,Johnson Brothers - St. Paul,Diageo 9.1.26
Smirnoff 80prf Vodka,82000005735,LIquor,100ml,48,Diageo/UBI,Johnson Brothers Liquor Co,1 case net down,All months,1.4129166666666666,67.82,72.72,1.99,1.96,0.279124149659864,66.72,2026-09-01 00:00:00,New Item,66.72,,1486137,67.82,1.4129166666666666,1.99,,,0.5,,,,,,,,,Johnson Brothers - St. Paul,Diageo 9.1.26
High Noon Iced Tea Lake Pk Variety 8pk,085000040195,Liquor,8pk 12oz can,3,Gallo,Johnson Brothers Liquor Co,Deep Net,June | September,16.866666666666667,50.6,63,26.99,22.96,0.2653890824622532,49.5,2026-09-01 00:00:00,,52,,1391122,50.6,16.866666666666667,26.99,,,0.3,June | September,63,49.5,50.6,0,0, ,,Johnson Brothers - St. Paul,Gallo 9.1.26
High Noon Iced Tea Variety Pk,085000038963,Liquor,8pk 12oz can,3,Gallo,Johnson Brothers Liquor Co, Deep Net ,June | September,16.866666666666667,50.6,63,26.99,22.96,0.2653890824622532,49.5,2026-09-01 00:00:00,,52,,1546753,50.6,16.866666666666667,26.99,24.99,21.96,0.3,June | September,63,49.5,50.6,0,0, ,52,Johnson Brothers - St. Paul,Gallo 9.1.26
High Noon Lime Tequila 8pk,085000043080,Liquor,8pk 12oz can,3,Gallo,Johnson Brothers Liquor Co,Deep Net,August | September,18.366666666666667,55.1,67.5,28.99,24.96,0.2641559829059829,54,2026-09-01 00:00:00,,56.5,,1810825,55.1,18.366666666666667,28.99,29.99,24.96,0.3,August | September,67.5,54,55.1,0,0, ,38,Johnson Brothers - St. Paul,Gallo 9.1.26
High Noon Peach 8pk,085000043073,Liquor,8pk 12oz can,3,Gallo,Johnson Brothers Liquor Co,Deep Net,May | August,16.866666666666667,50.6,63,26.99,22.96,0.2653890824622532,49.5,2026-09-01 00:00:00,,52,,1467100,50.6,16.866666666666667,26.99,24.99,21.96,0.3,May | August,63,49.5,50.6,0,0, ,54,Johnson Brothers - St. Paul,Gallo 9.1.26
High Noon Pineapple 8pk,085000043066,Liquor,8pk 12oz can,3,Gallo,Johnson Brothers Liquor Co,Deep Net,May | August,16.866666666666667,50.6,63,26.99,22.96,0.2653890824622532,49.5,2026-09-01 00:00:00,,52,,1529294,50.6,16.866666666666667,26.99,24.99,21.96,0.3,May | August,63,49.5,50.6,0,0, ,43,Johnson Brothers - St. Paul,Gallo 9.1.26
High Noon Tequila Fiesta 12pk,085000042896,Liquor,12pk 12oz can,2,Gallo,Johnson Brothers Liquor Co,Deep Net,September | November,29.8,59.6,67.5,43.99,39.96,0.25425425425425424,58.5,2026-09-01 00:00:00,,52.5,,1572272,59.6,29.8,46.99,36.99,30.96,0.3,September | November,67.5,58.5,59.6,0,0, ,0,Johnson Brothers - St. Paul,Gallo 9.1.26
High Noon Tequila FIESTA PACK,085000037393,Liquor,8pk 12oz can,3,Gallo,Johnson Brothers Liquor Co, Deep Net ,June | September,18.366666666666667,55.1,67.5,28.99,24.96,0.2641559829059829,54,2026-09-01 00:00:00,,56.5,,1874927,55.1,18.366666666666667,28.99,29.99,24.96,0.3,June | September,67.5,54,55.1,0,0, ,88,Johnson Brothers - St. Paul,Gallo 9.1.26
High Noon Tequila Seltzer Variety ,085000036099,Liquor,8pk 12oz can,3,Gallo,Johnson Brothers Liquor Co, Deep Net ,June | September,18.366666666666667,55.1,67.5,28.99,24.96,0.2641559829059829,54,2026-09-01 00:00:00,,56.5,,1077117,55.1,18.366666666666667,28.99,29.99,24.96,0.3,June | September,67.5,54,55.1,0,0, ,74,Johnson Brothers - St. Paul,Gallo 9.1.26
High Noon Tropical Variety Pack,085000032558,Liquor,8pk 12oz can,3,Gallo,Johnson Brothers Liquor Co, Deep Net ,May | August ,16.866666666666667,50.6,63,26.99,22.96,0.2653890824622532,49.5,2026-09-01 00:00:00,,52,,001469521,50.6,16.866666666666667,26.99,24.99,21.96,0.3,May | August ,63,49.5,50.6,0,0, ,147,Johnson Brothers - St. Paul,Gallo 9.1.26
High Noon Variety Pack,085000029862,Liquor,12pk 12oz can,2,Gallo,Johnson Brothers Liquor Co,6 bottles free on every 16cs of High Noon 12pk.  May/Aug 1/10,May | August | December,22.14090909090909,44.28181818181818,63,40.99,29.96,0.26098434276004373,47.5,2026-09-01 00:00:00,,49.5,,001880208,44.28181818181818,22.14090909090909,34.99,32.99,27.96,0.3,May | August | December,63,47.5,44.28181818181818,0,0, ,294,Johnson Brothers - St. Paul,Gallo 9.1.26
High Noon Variety Pack,085000031513,Liquor,8pk 12oz can,3,Gallo,Johnson Brothers Liquor Co, Deep Net ,May | August ,16.866666666666667,50.6,63,26.99,22.96,0.2653890824622532,49.5,2026-09-01 00:00:00,,52,,001025767,50.6,16.866666666666667,26.99,24.99,21.96,0.3,May | August ,63,49.5,50.6,0,0, ,186,Johnson Brothers - St. Paul,Gallo 9.1.26
Lucky One Lemonade Variety 8pk,085000040768,Liquor,8pk 12oz can,3,Gallo,Johnson Brothers Liquor Co,Deep Net,ALL,14.366666666666667,43.1,63,26.99,18.96,0.24226441631504925,42,2026-09-01 00:00:00,,45,,1462649,43.1,14.366666666666667,21.99,21.99,0,0.3,ALL,63,42,43.1,0,0, ,132,Johnson Brothers - St. Paul,Gallo 9.1.26
Lucky Ones Sweet Tea  Vodka Variety 8pk 12oz can,085000042052,Liquor,8pk 12oz can,3,Gallo,Johnson Brothers Liquor Co,Deep Net,ALL,15.366666666666667,46.1,63,26.99,20.96,0.26685750636132316,45,2026-09-01 00:00:00,,54,,1427341,46.1,15.366666666666667,24.99,22.99,18.96,0.3,ALL,63,45,46.1,0,0, ,38,Johnson Brothers - St. Paul,Gallo 9.1.26
Lucky Ones Sweet Tea Vodka Half & Half 4pk 12oz can,085000042090,Liquor,4pk Can,6,Gallo,Johnson Brothers Liquor Co,Deep Net,ALL,8.016666666666667,48.1,63,13.99,10.96,0.2685523114355231,47,2026-09-01 00:00:00,,54,,1459520,48.1,8.016666666666667,12.99,12.99,10.96,0.3,ALL,63,47,48.1,0,0, ,18,Johnson Brothers - St. Paul,Gallo 9.1.26
Lucky Ones Sweet Tea Vodka Original 4pk 12oz can,085000042076,Liquor,4pk Can,6,Gallo,Johnson Brothers Liquor Co,Deep Net,ALL,8.016666666666667,48.1,63,13.99,10.96,0.2685523114355231,47,2026-09-01 00:00:00,,54,,1416904,48.1,8.016666666666667,12.99,12.99,10.96,0.3,ALL,63,47,48.1,0,0, ,18,Johnson Brothers - St. Paul,Gallo 9.1.26
Lucky Ones Sweet Tea Vodka Peach 4pk 12oz can,085000042137,Liquor,4pk Can,6,Gallo,Johnson Brothers Liquor Co,Deep Net,ALL,8.016666666666667,48.1,63,13.99,10.96,0.2685523114355231,47,2026-09-01 00:00:00,,54,,1371253,48.1,8.016666666666667,12.99,12.99,10.96,0.3,ALL,63,47,48.1,0,0, ,21,Johnson Brothers - St. Paul,Gallo 9.1.26
Lucky Ones Sweet Tea Vodka Raspberry 4pk 12oz cans,085000042113,Liquor,4pk Can,6,Gallo,Johnson Brothers Liquor Co,Deep Net,ALL,8.016666666666667,48.1,63,13.99,10.96,0.2685523114355231,47,2026-09-01 00:00:00,,54,,1798655,48.1,8.016666666666667,12.99,12.99,10.96,0.3,ALL,63,47,48.1,0,0, ,0,Johnson Brothers - St. Paul,Gallo 9.1.26
New Amsterdam Mango Vodka,085000023174,Liquor,375ml,24,Gallo,Johnson Brothers Liquor Co,Deep net SOND,SOND,4.045833333333333,97.1,112,6.99,4.96,0.18430779569892472,96,2026-09-01 00:00:00,,112,,000025346,97.1,4.045833333333333,5.99,9.99,7.96,0.5,SOND,112,96,97.1,0,0, ,0,Johnson Brothers - St. Paul,Gallo 9.1.26
New Amsterdam Peach,085000020395,Liquor,375ml,24,Gallo,Johnson Brothers Liquor Co,Deep net SOND,SOND,4.045833333333333,97.1,112,6.99,4.96,0.18430779569892472,96,2026-09-01 00:00:00,,112,,000020498,97.1,4.045833333333333,5.99,9.99,0,0.5,SOND,112,96,97.1,0,0, ,79,Johnson Brothers - St. Paul,Gallo 9.1.26
New Amsterdam Peach Vodka,085000020401,Liquor,200ml,24,Gallo,Johnson Brothers Liquor Co,Deep net SOND,SOND,3.3791666666666664,81.1,96,5.99,4.96,0.31871639784946243,80,2026-09-01 00:00:00,,96,,000020497,81.1,3.3791666666666664,5.99,5.49,0,0.5,SOND,96,80,81.1,0,0, ,0,Johnson Brothers - St. Paul,Gallo 9.1.26
New Amsterdam Pineapple Vodka,085000022306,Liquor,375ml,12,Gallo,Johnson Brothers Liquor Co,Deep net SOND,SOND,8.091666666666667,97.1,112,13.99,10.96,0.2617092457420925,96,2026-09-01 00:00:00,,112,,000023937,97.1,8.091666666666667,12.99,6.99,0,0.5,SOND,112,96,97.1,0,0, ,2,Johnson Brothers - St. Paul,Gallo 9.1.26
New Amsterdam Raspberry,085000026137,Liquor,200ml,24,Gallo,Johnson Brothers Liquor Co,Deep net SOND,SOND,3.3791666666666664,81.1,96,5.99,4.96,0.31871639784946243,80,2026-09-01 00:00:00,,64,,001282900,81.1,3.3791666666666664,5.99,,,0.5,SOND,96,80,81.1,0,0, ,,Johnson Brothers - St. Paul,Gallo 9.1.26
New Amsterdam Raspberry,085000026144,Liquor,375ml,24,Gallo,Johnson Brothers Liquor Co,Deep net SOND,SOND,4.045833333333333,97.1,112,6.99,4.96,0.18430779569892472,96,2026-09-01 00:00:00,,112,,1056982,97.1,4.045833333333333,5.99,,,0.5,SOND,112,96,97.1,0,0, ,,Johnson Brothers - St. Paul,Gallo 9.1.26
New Amsterdam Red Berry,085000020364,Liquor,375ml,24,Gallo,Johnson Brothers Liquor Co,Deep net SOND,SOND,4.045833333333333,97.1,112,6.99,4.96,0.18430779569892472,96,2026-09-01 00:00:00,,112,,000020493,97.1,4.045833333333333,5.99,9.99,0,0.5,SOND,112,96,97.1,0,0, ,0,Johnson Brothers - St. Paul,Gallo 9.1.26
New Amsterdam Vodka,085000019474,Liquor,200ml,24,Gallo,Johnson Brothers Liquor Co,Deep net SOND,SOND,3.3791666666666664,81.1,96,5.99,4.96,0.31871639784946243,80,2026-09-01 00:00:00,,96,,000019069,81.1,3.3791666666666664,5.99,7.99,0,0.5,SOND,96,80,81.1,0,0, ,140,Johnson Brothers - St. Paul,Gallo 9.1.26
New Amsterdam Vodka,085000031810,Liquor,375ml,24,Gallo,Johnson Brothers Liquor Co,Deep net SOND,SOND,4.045833333333333,97.1,112,6.99,4.96,0.18430779569892472,96,2026-09-01 00:00:00,,112,,000019068,97.1,4.045833333333333,5.99,8.99,7.96,0.5,SOND,112,96,97.1,0,0, ,245,Johnson Brothers - St. Paul,Gallo 9.1.26
New Amsterdam Vodka 100,085000024294,Liquor,200ml,24,Gallo,Johnson Brothers Liquor Co,Deep net SOND,SOND,3.3791666666666664,81.1,96,5.99,4.96,0.31871639784946243,80,2026-09-01 00:00:00,,96,,000027947,81.1,3.3791666666666664,5.99,,,0.5,SOND,96,80,81.1,0,0, ,,Johnson Brothers - St. Paul,Gallo 9.1.26
Rum Chata,890355051198,Liquor,750ml,12,Gallo,Johnson Brothers Liquor Co,DEEP NET.  SOND deep net,SOND,16.216666666666665,194.6,225,23.99,21.96,0.26153612629022477,193.5,2026-09-01 00:00:00,,212,,000021652,194.6,16.216666666666665,25.99,27.99,22.96,0.3,SOND,225,193.5,194.6,0,0, ,101,Johnson Brothers - St. Paul,Gallo 9.1.26
Rum Chata Coconut Cream,085000035764,Liquor,750ml,12,Gallo,Johnson Brothers Liquor Co,DEEP NET.  SOND deep net,SOND,16.216666666666665,194.6,225,23.99,21.96,0.26153612629022477,193.5,2026-09-01 00:00:00,,212,,1655737,194.6,16.216666666666665,25.99,25.99,21.96,0.3,SOND,225,193.5,194.6,0,0, ,2,Johnson Brothers - St. Paul,Gallo 9.1.26
Rum Chata Peppermint Bark,890355001551,Liquor,750ml,12,Gallo,Johnson Brothers Liquor Co,DEEP NET.  SOND deep net,SOND,16.216666666666665,194.6,225,23.99,21.96,0.26153612629022477,193.5,2026-09-01 00:00:00,,212,,001519824,194.6,16.216666666666665,25.99,27.99,22.96,0.3,SOND,225,193.5,194.6,0,0, ,1,Johnson Brothers - St. Paul,Gallo 9.1.26
Rum Chata Pineapple Cream 750ml,085000037652,Liquor,750ml,12,Gallo,Johnson Brothers Liquor Co,DEEP NET.  SOND deep net,SOND,16.216666666666665,194.6,225,23.99,21.96,0.26153612629022477,193.5,2026-09-01 00:00:00,,212,,1400368,194.6,16.216666666666665,25.99,25.99,21.96,0.3,SOND,225,193.5,194.6,0,0, ,0,Johnson Brothers - St. Paul,Gallo 9.1.26
New Amsterdam Red Berry,085000021668,Liquor,Liter,12,Gallo,Johnson Brothers Liquor Co,,ALL,10.591666666666667,127.1,144,15.99,13.96,0.24128462273161416,126,2026-09-01 00:00:00,Remove,126,Remove,000023534,127.1,10.591666666666667,15.99,16.99,0,0.3,,,,,,,,1,Johnson Brothers - St. Paul,Gallo Remove 9.1
New Amsterdam Tangerine,085000034804,Liquor,200ml,24,Gallo,Johnson Brothers Liquor Co,,ALL,4.045833333333333,97.1,96,5.99,4.96,0.18430779569892472,96,2026-09-01 00:00:00,Remove,96,Remove,1972974,97.1,4.045833333333333,5.99,,,0.5,,,,,,,,,Johnson Brothers - St. Paul,Gallo Remove 9.1
New Amsterdam Tangerine,085000034811,Liquor,375ml,12,Gallo,Johnson Brothers Liquor Co,,,9.424999999999999,113.1,112,13.99,12.96,0.2727623456790125,112,2026-09-01 00:00:00,Remove,112,Remove,1264988,113.1,9.424999999999999,14.99,,,0.5,,,,,,,,,Johnson Brothers - St. Paul,Gallo Remove 9.1
Bardstown Bourbon Bonded,857552008417,Liquor,750ml,6,Bardstown,Breakthru Beverage,5cs purchase in a month,Sept-Oct,33.19166666666667,199.15,225,48.99,44.96,0.26175118623962035,198,2026-09-01 00:00:00,, ,,9731842,199.15,33.19166666666667,52.99,53.99,44.96,0.3,Sept-Oct,225,198,199.15,0,0, ,38,"Breakthru Beverage Minnesota Wine & Spirits, LLC",Breakthru 9.1.26
Bardstown KY Straigh Bourbon,857552008394,Liquor,750ml,6,Bardstown,Breakthru Beverage,5cs purchase in a month,Sept-Oct,29.441666666666666,176.65,202.5,43.99,39.96,0.2632215548882216,175.5,2026-09-01 00:00:00,, ,,9731827,176.65,29.441666666666666,46.99,46.99,39.96,0.3,Sept-Oct,202.5,175.5,176.65,0,0, ,13,"Breakthru Beverage Minnesota Wine & Spirits, LLC",Breakthru 9.1.26
Bardstown Rye,857552008400,Liquor,750ml,6,Bardstown,Breakthru Beverage,5cs purchase in a month,Sept-Oct,33.19166666666667,199.15,270,58.99,44.96,0.26175118623962035,198,2026-09-01 00:00:00,, ,,9731830,199.15,33.19166666666667,52.99,59.99,49.96,0.3,Sept-Oct,270,198,199.15,0,0, ,21,"Breakthru Beverage Minnesota Wine & Spirits, LLC",Breakthru 9.1.26
Buffalo Trace Bourbon Cream,080244003715,Liquor,750ml,12,Sazerac,Breakthru Beverage,6cs purchase in a month,SOND,14.345833333333333,172.15,207,21.99,18.96,0.2433632208157525,171,2026-09-01 00:00:00,,,,9202450,172.15,14.345833333333333,21.99,24.99,21.96,0.3,SOND,207,171,172.15,0,0, ,109,"Breakthru Beverage Minnesota Wine & Spirits, LLC",Breakthru 9.1.26
Glenfiddich 12 Yr,083664107360,Liquor,750ml,12,WM GRANT & SONS,Breakthru Beverage,25cs mix with Balvenie 12yr and 14yr and Glenfiddich 12yr and 14yr,ALL,33.84583333333333,406.15,468,50.99,45.96,0.263580649840441,405,2026-09-01 00:00:00,,,,9001621,406.15,33.84583333333333,53.99,49.99,41.96,0.3,ALL,468,405,406.15,0,0, ,85,"Breakthru Beverage Minnesota Wine & Spirits, LLC",Breakthru 9.1.26
Glenfiddich 14Yr Single Malt,083664873463,Liquor,750ml,6,WM GRANT & SONS,Breakthru Beverage,25cs mix with Balvenie 12yr and 14yr and Glenfiddich 12yr and 14yr,ALL,40.19166666666667,241.15,301.5,64.99,53.96,0.2551581418334568,240,2026-09-01 00:00:00,,,,9191391,241.15,40.19166666666667,63.99,59.99,49.96,0.3,ALL,301.5,240,241.15,0,0, ,4,"Breakthru Beverage Minnesota Wine & Spirits, LLC",Breakthru 9.1.26
Glenfiddich 15 Yr Solera,083664990405,Liquor,750ml,12,WM GRANT & SONS,Breakthru Beverage,25cs mix with Balvenie 12yr and 14yr and Glenfiddich 12yr and 14yr,ALL,54.84583333333333,658.15,657,70.99,73.96,0.2584392464395168,657,2026-09-01 00:00:00,,,,9001617,658.15,54.84583333333333,86.99,75.99,62.96,0.3,ALL,657,657,658.15,0,0, ,79,"Breakthru Beverage Minnesota Wine & Spirits, LLC",Breakthru 9.1.26
Glenfiddich 21 Yr Scotch,083664872565,Liquor,750ml,3,WM GRANT & SONS,Breakthru Beverage, ,ALL,172.88333333333333,518.65,517.5,223.99,232.96,0.2578840430402931,517.5,2026-09-01 00:00:00,,,,9005881,518.65,172.88333333333333,274.99,219.99,199.96,0.3,ALL,517.5,517.5,518.65,0,0, ,0,"Breakthru Beverage Minnesota Wine & Spirits, LLC",Breakthru 9.1.26
Green River Full Proof Bourbon 750ml,857552008783,Liquor,750ml,6,Bardstown,Breakthru Beverage,5cs purchase in a month,Sept-Oct,33.19166666666667,199.15,225,48.99,44.96,0.26175118623962035,198,2026-09-01 00:00:00,, ,,9731853,199.15,33.19166666666667,52.99,52.99,44.96,0.3,Sept-Oct,225,198,199.15,0,0, ,28,"Breakthru Beverage Minnesota Wine & Spirits, LLC",Breakthru 9.1.26
Green River KY Straight,810735017460,Liquor,750ml,6,Bardstown,Breakthru Beverage,5cs purchase in a month,Sept-Oct,21.941666666666666,131.65,157.5,33.99,29.96,0.26763462394303517,130.5,2026-09-01 00:00:00,, ,,9731033,131.65,21.941666666666666,34.99,36.99,30.96,0.3,Sept-Oct,157.5,130.5,131.65,0,0, ,93.03999999999999,"Breakthru Beverage Minnesota Wine & Spirits, LLC",Breakthru 9.1.26
Green River Rye,857552008615,Liquor,750ml,6,Bardstown,Breakthru Beverage,5cs purchase in a month,Sept-Oct,21.941666666666666,131.65,157.5,33.99,29.96,0.26763462394303517,130.5,2026-09-01 00:00:00,, ,,9731035,131.65,21.941666666666666,34.99,36.99,30.96,0.3,Sept-Oct,157.5,130.5,131.65,0,0, ,0,"Breakthru Beverage Minnesota Wine & Spirits, LLC",Breakthru 9.1.26
Green River Wheated Bourbon 750ml,810735017873,Liquor,750ml,6,Bardstown,Breakthru Beverage,5cs purchase in a month,Sept-Oct,21.941666666666666,131.65,157.5,33.99,29.96,0.26763462394303517,130.5,2026-09-01 00:00:00,, ,,9731037,131.65,21.941666666666666,34.99,36.99,30.96,0.3,Sept-Oct,157.5,130.5,131.65,0,0, ,10,"Breakthru Beverage Minnesota Wine & Spirits, LLC",Breakthru 9.1.26
Cock n Bull Cherry Ginger Beer,072924912134,Misc,4pk can,6,Varni Bros,Phillips Wine & Spirits,Case 1,ALL,5.058333333333334,30.35,28,5.99,6.96,0.27322796934865895,29.25,2026-09-01 00:00:00,,,,000023083,30.35,5.058333333333334,7.99,6.99,0,0.3,ALL,28,29.25,30.35,0,0, ,0,Phillips Wine & Spirits - St. Paul,Phillips 9.1.26
Cock n Bull Ginger Beer,072924012131,Misc,12oz can,6,Varni Bros,Phillips Wine & Spirits,Case 1,ALL,5.058333333333334,30.35,28,5.99,6.96,0.27322796934865895,29.25,2026-09-01 00:00:00,,,,21612,30.35,5.058333333333334,7.99,7.99,6.46,0.3,ALL,28,29.25,30.35,0,0, ,50,Phillips Wine & Spirits - St. Paul,Phillips 9.1.26
Cock n Bull Ginger Beer,072924041209,Misc,4pk btl,6,Varni Bros,Phillips Wine & Spirits,Case 1,ALL,5.058333333333334,30.35,28,5.99,6.96,0.27322796934865895,29.25,2026-09-01 00:00:00,,,,23134,30.35,5.058333333333334,7.99,,,0.3,ALL,28,29.25,30.35,0,0, ,,Phillips Wine & Spirits - St. Paul,Phillips 9.1.26
Cock n Bull Light Ginger Beer,072924112046,Misc,4pk btl,6,Varni Bros,Phillips Wine & Spirits,Case 1,ALL,5.058333333333334,30.35,28,5.99,6.96,0.27322796934865895,29.25,2026-09-01 00:00:00,,,,001874228,30.35,5.058333333333334,7.99,6.99,0,0.3,ALL,28,29.25,30.35,0,0, ,78,Phillips Wine & Spirits - St. Paul,Phillips 9.1.26
Filthy Pimento Stuffed Olive,899682002828,Misc,8.5oz,12,Filthy Foods,Phillips Wine & Spirits,1 free olive brine on 10 cases,ALL,5.331666666666666,63.98,70,7.99,6.96,0.2339559386973181,67.08,2026-09-01 00:00:00,,,,1409553,63.98,5.331666666666666,7.99,8.99,0,0.3,ALL,70,67.08,63.98,0,0, ,1,Phillips Wine & Spirits - St. Paul,Phillips 9.1.26
Filthy Red Cherry,899682002842,Misc,9oz,12,Filthy Foods,Phillips Wine & Spirits,1 free black cherry free on 15 cases,ALL,4.978555555555555,59.742666666666665,70,7.99,6.96,0.2846902937420179,67.08,2026-09-01 00:00:00,,,,1085924,59.742666666666665,4.978555555555555,7.99,6.49,5.96,0.3,ALL,70,67.08,59.742666666666665,0,0, ,135,Phillips Wine & Spirits - St. Paul,Phillips 9.1.26
Harahorn Gin,680203087208,Liquor,750ml,6,Willet Family,Phillips Wine & Spirits,Case 1,ALL,26.766666666666666,160.6,180,38.99,35.96,0.2556544308490916,159.5,2026-09-01 00:00:00,,,,1559318,160.6,26.766666666666666,41.99,44.99,39.96,0.3,ALL,180,159.5,160.6,0,0, ,0,Phillips Wine & Spirits - St. Paul,Phillips 9.1.26
Kentucky Pure Bourbon,680203060072,Liquor,750ml,6,Willet Family,Phillips Wine & Spirits,Case 1,ALL,30.516666666666666,183.1,202.5,43.99,40.96,0.25496419270833337,182,2026-09-01 00:00:00,, ,,1780842,183.1,30.516666666666666,47.99,,,0.3,ALL,202.5,182,183.1,0,0, ,,Phillips Wine & Spirits - St. Paul,Phillips 9.1.26
Noah's Mill Bourbon,680203030075,Liquor,750ml,6,Willet Family,Phillips Wine & Spirits,Case 1,ALL,44.76666666666667,268.6,283.5,60.99,59.96,0.25339114965532566,267.5,2026-09-01 00:00:00,,,,1544279,268.6,44.76666666666667,70.99,67.99,59.96,0.3,ALL,283.5,267.5,268.6,0,0, ,2,Phillips Wine & Spirits - St. Paul,Phillips 9.1.26
Old Bardstown Bourbon 750ml,680203010374,Liquor,750ml,12,Willet Family,Phillips Wine & Spirits,Case 1,ALL,15.258333333333333,183.1,198,20.99,20.96,0.27202608142493645,182,2026-09-01 00:00:00,,,,1672877,183.1,15.258333333333333,24.99,24.99,20.96,0.3,ALL,198,182,183.1,0,0, ,25,Phillips Wine & Spirits - St. Paul,Phillips 9.1.26
Old Bardstown Estate Bourbon,680203010671,Liquor,750ml,6,Willet Family,Phillips Wine & Spirits,Case 1,ALL,26.766666666666666,160.6,180,38.99,35.96,0.2556544308490916,159.5,2026-09-01 00:00:00,,,,1596093,160.6,26.766666666666666,41.99,45.99,37.96,0.3,ALL,180,159.5,160.6,0,0, ,11,Phillips Wine & Spirits - St. Paul,Phillips 9.1.26
Prairie Organic Cucumber Vodka,087116019058,Liquor,750ml,12,Phillips Distilling,Phillips Wine & Spirits,3 free vodka 1.75 free on 21cases monthly,ALL,12.86,154.32,240,25.99,16.96,0.241745283018868,172.22,2026-09-01 00:00:00,, ,,001025012,154.32,12.86,19.99,23.99,19.96,0.3,ALL,240,172.22,154.32,0,0, ,48.75,Phillips Wine & Spirits - St. Paul,Phillips 9.1.26
Prairie Organic Gin,087116019034,Liquor,750ml,12,Phillips Distilling,Phillips Wine & Spirits,3 free vodka 1.75 free on 21cases monthly,ALL,15.155833333333334,181.87,240,25.99,19.96,0.24068971275885104,199.77,2026-09-01 00:00:00,, ,,001051865,181.87,15.155833333333334,23.99,29.99,24.96,0.3,ALL,240,199.77,181.87,0,0, ,13,Phillips Wine & Spirits - St. Paul,Phillips 9.1.26
Prairie Organic Vodka,087116019126,Liquor,750ml,12,Phillips Distilling,Phillips Wine & Spirits,3 free vodka 1.75 free on 21cases monthly,ALL,12.86,154.32,240,25.99,16.96,0.241745283018868,172.22,2026-09-01 00:00:00,, ,,001034506,154.32,12.86,19.99,23.99,21.96,0.3,ALL,240,172.22,154.32,0,0, ,125,Phillips Wine & Spirits - St. Paul,Phillips 9.1.26
Two Chicks Citrus Margarita ,850003574042,Liquor,4pk 12oz can,6,Two Chicks,Phillips Wine & Spirits,3 free on 20,All,7.3500000000000005,44.1,72,15.99,9.96,0.2620481927710843,49.45,2026-09-01 00:00:00,,49.45,,001515811,44.1,7.3500000000000005,11.99,12.99,10.96,0.3,All,72,49.45,44.1,0,0, ,48,Phillips Wine & Spirits - St. Paul,Phillips 9.1.26
Two Chicks Craft Cocktail Variety Pack,850003574172,Liquor,8pk 12oz can,3,Two Chicks,Phillips Wine & Spirits,3 free on 20,All,13.410144927536232,40.2304347826087,72,30.99,17.96,0.25333268777637913,45,2026-09-01 00:00:00,,45,,1879821,40.2304347826087,13.410144927536232,20.99,22.99,18.96,0.3,All,72,45,40.2304347826087,0,0, ,62,Phillips Wine & Spirits - St. Paul,Phillips 9.1.26
Two Chicks Cranberry Tartini,850003574202,Liquor,4pk 12oz can,6,Two Chicks,Phillips Wine & Spirits,3 free on 20,All,7.3500000000000005,44.1,72,15.99,9.96,0.2620481927710843,49.45,2026-09-01 00:00:00,,49.45,,001104060,44.1,7.3500000000000005,11.99,12.99,10.96,0.3,All,72,49.45,44.1,0,0, ,42,Phillips Wine & Spirits - St. Paul,Phillips 9.1.26
Two Chicks Lemon Strawberry Kiss,850003574196,Liquor,4pk 12oz can,6,Two Chicks,Phillips Wine & Spirits,3 free on 20,All,7.3500000000000005,44.1,72,15.99,9.96,0.2620481927710843,49.45,2026-09-01 00:00:00,,49.45,,001254413,44.1,7.3500000000000005,11.99,12.99,10.96,0.3,All,72,49.45,44.1,0,0, ,51,Phillips Wine & Spirits - St. Paul,Phillips 9.1.26
Two Chicks Melon Drop Honey Dew,850003574288,Liquor,4pk 12oz can,6,Two Chicks,Phillips Wine & Spirits,3 free on 20,All,7.3500000000000005,44.1,72,15.99,9.96,0.2620481927710843,49.45,2026-09-01 00:00:00,,49.45,,1814242,44.1,7.3500000000000005,11.99,12.99,10.96,0.3,All,72,49.45,44.1,0,0, ,35,Phillips Wine & Spirits - St. Paul,Phillips 9.1.26
Two Chicks New Fashioned,850003574103,Liquor,4pk 12oz can,6,Two Chicks,Phillips Wine & Spirits,3 free on 20,All,7.3500000000000005,44.1,72,15.99,9.96,0.2620481927710843,49.45,2026-09-01 00:00:00,,49.45,,001711623,44.1,7.3500000000000005,11.99,12.99,10.96,0.3,All,72,49.45,44.1,0,0, ,49,Phillips Wine & Spirits - St. Paul,Phillips 9.1.26
Two Chicks Paloma,850003574028,Liquor,4pk 12oz can,6,Two Chicks,Phillips Wine & Spirits,3 free on 20,All,7.3500000000000005,44.1,72,15.99,9.96,0.2620481927710843,49.45,2026-09-01 00:00:00,,49.45,,001254466,44.1,7.3500000000000005,11.99,12.99,10.96,0.3,All,72,49.45,44.1,0,0, ,79,Phillips Wine & Spirits - St. Paul,Phillips 9.1.26
Two Chicks Pear & Elderflower,850003574066,Liquor,4pk 12oz can,6,Two Chicks,Phillips Wine & Spirits,3 free on 20,All,7.3500000000000005,44.1,72,15.99,9.96,0.2620481927710843,49.45,2026-09-01 00:00:00,,49.45,,001991229,44.1,7.3500000000000005,11.99,12.99,10.96,0.3,All,72,49.45,44.1,0,0, ,26,Phillips Wine & Spirits - St. Paul,Phillips 9.1.26
Two Chicks Vodka CuTea,850003574110,Liquor,4pk 12oz can,6,Two Chicks,Phillips Wine & Spirits,3 free on 20,All,7.3500000000000005,44.1,72,15.99,9.96,0.2620481927710843,49.45,2026-09-01 00:00:00,,49.45,,001936487,44.1,7.3500000000000005,11.99,12.99,10.96,0.3,All,72,49.45,44.1,0,0, ,29,Phillips Wine & Spirits - St. Paul,Phillips 9.1.26
Two Chicks Vodka Variety Pack,850003574233,Liquor,8pk 12oz can,3,Two Chicks,Phillips Wine & Spirits,3 free on 20,All,13.410144927536232,40.2304347826087,72,30.99,17.96,0.25333268777637913,45,2026-09-01 00:00:00,,45,,1430762,40.2304347826087,13.410144927536232,20.99,22.99,18.96,0.3,All,72,45,40.2304347826087,0,0, ,63,Phillips Wine & Spirits - St. Paul,Phillips 9.1.26
Two Chicks Watermelon Breeze,850003574264,Liquor,4pk 12oz can,6,Two Chicks,Phillips Wine & Spirits,3 free on 20,All,7.3500000000000005,44.1,72,15.99,9.96,0.2620481927710843,49.45,2026-09-01 00:00:00,,49.45,,1052595,44.1,7.3500000000000005,11.99,12.99,10.96,0.3,All,72,49.45,44.1,0,0, ,46,Phillips Wine & Spirits - St. Paul,Phillips 9.1.26
Willet Est. Rye,6802033500166,Liquor,50ml,60, ,Phillips Wine & Spirits,Case 6,ALL,7.051666666666667,423.1,462,11.99,9.96,0.29200133868808575,422,2026-09-01 00:00:00,,,,1129302,423.1,7.051666666666667,11.99,,,0.5,ALL,462,422,423.1,0,0, ,,Phillips Wine & Spirits - St. Paul,Phillips 9.1.26
Willet Family Est. SB Rye Cask 4yr,680203040180,Liquor,750ml,6,Willet Family,Phillips Wine & Spirits,Case 1,ALL,45.51666666666667,273.1,292.5,62.99,60.96,0.2533355205599299,272,2026-09-01 00:00:00,,,,1100596,273.1,45.51666666666667,71.99,71.99,59.96,0.3,ALL,292.5,272,273.1,0,0, ,18,Phillips Wine & Spirits - St. Paul,Phillips 9.1.26
Willet Pot Still Rsv Small Batch Bourbon,680203019353,Liquor,750ml,6,Willet Family,Phillips Wine & Spirits,Case 1,ALL,38.016666666666666,228.1,247.5,53.99,50.96,0.2539900575614862,227,2026-09-01 00:00:00,,,,1352635,228.1,38.016666666666666,59.99,59.99,49.96,0.3,ALL,247.5,227,228.1,0,0, ,18,Phillips Wine & Spirits - St. Paul,Phillips 9.1.26
Willet Pot Still Rsv Small Batch Bourbon,680203119350,Liquor,1.75L,3,Willet Family,Phillips Wine & Spirits,Case 1,ALL,76.03333333333333,228.1,247.5,106.99,102.96,0.2615255115255115,227,2026-09-01 00:00:00,,,,1103442,228.1,76.03333333333333,120.99,119.99,99.96,0.3,ALL,247.5,227,228.1,0,0, ,20,Phillips Wine & Spirits - St. Paul,Phillips 9.1.26
Cantilever Juniperus Gin,857986008847,Liquor,750ml,6,Cantilever Bridge Distillery,Vinocopia,Net Down Pricing,ALL,29.583333333333332,177.5,202.5,43.99,39.96,0.2596763430096764,176,2026-09-01 00:00:00,,0,,51202,177.5,29.583333333333332,46.99,37.99,31.96,0.3,ALL,202.5,176,177.5,0,0, ,4,"Vinocopia, Inc",Vinocopia 9.1.26
Cantilever Straight Bourbon 97 Proof,857986008946,Liquor,750ml,6,Cantilever Bridge Distillery,Vinocopia,Net Down Pricing,ALL,42.25,253.5,270,58.99,56.96,0.25825140449438205,252,2026-09-01 00:00:00,,,,51840,253.5,42.25,66.99,42.99,37.96,0.3,ALL,270,252,253.5,0,0, ,3,"Vinocopia, Inc",Vinocopia 9.1.26
Ezra Brooks Bourbon Cream,088352139760,Liquor,750ml,6,Luxco,Vinocopia,,ALL,17.541666666666668,105.25,112.75,23.99,23.96,0.26787701725097385,103.75,2026-09-01 00:00:00,,,,54520,105.25,17.541666666666668,27.99,23.99,19.96,0.3,ALL,112.75,103.75,105.25,0,0, ,7,"Vinocopia, Inc",Vinocopia 9.1.26
Gosling's Dark 'n Stormy,721094300011,Liquor,4pk can,6,Castle Brands,Vinocopia,"Buy 5 cases, receive 1 case Ginger Beer NC",ALL,9.950000000000001,59.7,67.5,14.99,12.96,0.23225308641975306,63,2026-09-01 00:00:00,Remove, ,,50414,59.7,9.950000000000001,14.99,15.99,13.96,0.3,,,,,,,,-2,"Vinocopia, Inc",Vinocopia 9.1.26
Gosling's Dark'n Stormy single,721094199615,Liquor,8.5oz can,24,Castle Brands,Vinocopia,"Buy 5 cases, receive 1 case Ginger Beer NC",ALL,2.4875000000000003,59.7,67.5,3.99,2.96,0.1596283783783783,63,2026-09-01 00:00:00,Remove, ,,ZZZ28603,59.7,2.4875000000000003,2.99,,,0.3,,,,,,,,,"Vinocopia, Inc",Vinocopia 9.1.26
Goslings Citrus Tonic Water,721094200434,Misc,6pk 7.5oz can,4,Castle Brands,Vinocopia,M&M 10 Cases Receive 1 Case Ginger Beer No Charge,ALL,5.829545454545455,23.31818181818182,24,7.99,7.96,0.2676450433988122,24,2026-09-01 00:00:00,Remove, ,,97707,23.31818181818182,5.829545454545455,8.99,8.99,7.96,0.3,,,,,,,,16,"Vinocopia, Inc",Vinocopia 9.1.26
Goslings Ginger Beer,721094199714,Misc,Liter,12,Castle Brands,Vinocopia,M&M 10 cases Receive 1 case NC,ALL,1.9431818181818183,23.31818181818182,24,2.99,2.96,0.34351965601965595,24,2026-09-01 00:00:00,Remove, ,,50451,23.31818181818182,1.9431818181818183,2.99,3.99,2.96,0.3,,,,,,,,12,"Vinocopia, Inc",Vinocopia 9.1.26
Goslings Tonic Water,721094200410,Misc,6pk 7.5oz can,4,Castle Brands,Vinocopia,M&M 10 Cases Receive 1 Case Ginger Beer No Charge,ALL,5.829545454545455,23.31818181818182,24,7.99,7.96,0.2676450433988122,24,2026-09-01 00:00:00,Remove, ,,97697,23.31818181818182,5.829545454545455,8.99,7.99,6.96,0.3,,,,,,,,24,"Vinocopia, Inc",Vinocopia 9.1.26
Goslings Tropical Tonic Water,721094200458,Misc,6pk 7.5oz can,4,Castle Brands,Vinocopia,M&M 10 Cases Receive 1 Case Ginger Beer No Charge,ALL,5.829545454545455,23.31818181818182,24,7.99,7.96,0.2676450433988122,24,2026-09-01 00:00:00,Remove, ,,97717,23.31818181818182,5.829545454545455,8.99,8.99,7.96,0.3,,,,,,,,22,"Vinocopia, Inc",Vinocopia 9.1.26
Lord Calvert Canadian Whiskey,088352129341,Liquor,1.75L,6,Luxco,Vinocopia, ,ALL,22.791666666666668,136.75,144.25,30.99,30.96,0.26383505598621876,135.25,2026-09-01 00:00:00,,,,54496,136.75,22.791666666666668,36.99,21.99,17.96,0.3,ALL,144.25,135.25,136.75,0,0, ,2,"Vinocopia, Inc",Vinocopia 9.1.26
Lord Calvert Canadian Whiskey,088352129600,Liquor,Liter,12,Luxco,Vinocopia,,ALL,15.145833333333334,181.75,189.5,20.99,19.96,0.24119071476285905,180.25,2026-09-01 00:00:00,,,,54491,181.75,15.145833333333334,23.99,16.99,14.96,0.3,ALL,189.5,180.25,181.75,0,0, ,0,"Vinocopia, Inc",Vinocopia 9.1.26
Woody's Canadian Rye,857986008229,Liquor,750ml,6,Cantilever Bridge Distillery,Vinocopia,Net Down Pricing,ALL,14.083333333333334,84.5,135,28.99,18.96,0.25720815752461323,83,2026-09-01 00:00:00,,,,52482,84.5,14.083333333333334,21.99,25.99,21.96,0.3,ALL,135,83,84.5,0,0, ,20,"Vinocopia, Inc",Vinocopia 9.1.26
Bacardi Superior Light Rum,080480015459,Liquor,Traveler,12,BACARDI USA INC,Bellboy Corporation,,ALL,12.666666666666666,152,151,15.99,16.96,0.25314465408805037,151,2026-09-01 00:00:00,,151,,7866634,152,12.666666666666666,19.99,17.99,14.96,0.3,ALL,151,151,152,0,0, ,106,Bellboy Corporation,Bellboy 9.1.26
Barenjager Honey & Bourbon,080368531002,Liquor,750ml,6,Marussia,Bellboy Corporation,,ALL,24.166666666666668,145,144,30.99,32.96,0.26678802588996764,144,2026-09-01 00:00:00,,144,,7664914,145,24.166666666666668,38.99,30.99,0,0.3,ALL,144,144,145,0,0, ,0,Bellboy Corporation,Bellboy 9.1.26
Barenjager Honey Liqueur,080368533006,Liquor,750ml,6,Marussia,Bellboy Corporation,,ALL,2.5,15,144,30.99,2.96,0.1554054054054054,14,2026-09-01 00:00:00,,144,,7664904,15,2.5,2.99,30.99,0,0.3,ALL,144,14,15,0,0, ,0,Bellboy Corporation,Bellboy 9.1.26
Casamigos Anejo Tequila,856724006015,Liquor,750ml,6,Diageo,Bellboy Corporation,Case 1,ALL,39.333333333333336,236,250,53.99,52.96,0.25730110775427995,235,2026-09-01 00:00:00,,235,,8495004,236,39.333333333333336,61.99,58.99,49.96,0.3,ALL,250,235,236,0,0, ,49,Bellboy Corporation,Bellboy 9.1.26
Fernet-Branca,084105307509,Liquor,750ml,6,Branca Menta,Bellboy Corporation,1/2 case free on 5cs purchased across chain same week,ALL,28.974999999999998,173.85,172.85,36.99,38.96,0.2562885010266941,172.85,2026-09-01 00:00:00,,172.85,,7664704,173.85,28.974999999999998,45.99,42.99,35.96,0.3,ALL,172.85,172.85,158.13636363636363,0,15.713636363636368, ,46,Bellboy Corporation,Bellboy 9.1.26
Hennessy VSOP Cognac,088110151058,Liquor,750ml,12,Moet / Hennessy,Bellboy Corporation,,ALL,40.75,489,609,65.99,54.96,0.25855167394468703,488,2026-09-01 00:00:00,,488,,6961424,489,40.75,64.99,62.99,52.96,0.3,ALL,609,488,489,0,0, ,81,Bellboy Corporation,Bellboy 9.1.26
Luxardo Maraschino,086891026237,Liquor,750ml,6,Hotaling,Bellboy Corporation, ,ALL,29.333333333333332,176,298,64.99,39.96,0.26593259926593266,175,2026-09-01 00:00:00,,175,,8293754,176,29.333333333333332,46.99,41.99,34.96,0.3,ALL,298,175,176,0,0, ,69,Bellboy Corporation,Bellboy 9.1.26
