Item,Category,Supplier,Chain OH,Wk Velocity,WOS,Cost,Retail,Club Price,Margin %,Deal,30D Units,90D Units,By Store OH
Slash Fugi Apple 10mg THC 5 Pack,Edibles,Nothing But Hemp LLC,9351,903.1,10.4,2.15,7.99,6.96,73,,3934,11326,Stillwater:35;Minnetonka:176;Cottage Grove:233;Rosemount:323;Chanhassen:340;Osseo:471;Woodbury:519;Ramsey:590;Bloomington:655;Roseville:685;St. Louis Park:694;Plymouth:746;Vadnais Heights:795;Blaine:824;Andover:917;Minneapolis:1348
Slash Yuzu 10mg THC 5 Pack,Edibles,Nothing But Hemp LLC,8131,839.7,9.7,2.15,7.99,6.96,73,,3779,9986,Andover:120;Minnetonka:139;Cottage Grove:151;Woodbury:404;Chanhassen:436;Bloomington:437;Rosemount:460;Blaine:492;Osseo:535;Roseville:587;Ramsey:774;Vadnais Heights:786;Plymouth:787;St. Louis Park:981;Minneapolis:1042
Slash Asian Pear 10mg THC 5 Pack,Edibles,Nothing But Hemp LLC,7819,740.8,10.6,2.15,7.99,6.96,73,,3238,9239,Andover:80;Stillwater:91;Cottage Grove:135;Minnetonka:189;Blaine:281;Chanhassen:302;Ramsey:488;Rosemount:550;Bloomington:563;Plymouth:570;Roseville:655;Osseo:673;Woodbury:727;Minneapolis:785;Vadnais Heights:838;St. Louis Park:892
Uncle Arnie's Strawberry Kiwi 10mg THC 2oz,Beverages,"Capitol Beverage Sales, L.P.",902,249.2,3.6,1.67,4.19,3.46,60,,1041,3326,Blaine:24;Bloomington:25;Chanhassen:27;Plymouth:31;Minnetonka:37;Vadnais Heights:37;Rosemount:37;Osseo:41;Andover:42;Cottage Grove:43;Woodbury:43;Roseville:53;Ramsey:58;Stillwater:69;Minneapolis:158;St. Louis Park:177
Uncle Arnie's Blueberry Nightcap 10mg THC 2oz,Beverages,"Capitol Beverage Sales, L.P.",569,238.5,2.4,1.67,4.19,3.46,60,,989,3216,Blaine:2;Minnetonka:3;Roseville:15;Bloomington:20;St. Louis Park:23;Chanhassen:23;Plymouth:24;Woodbury:26;Minneapolis:31;Rosemount:32;Osseo:36;Andover:46;Vadnais Heights:49;Ramsey:59;Cottage Grove:86;Stillwater:94
Pappy's Gooseberry Dream Gummies 5mg THC 10 Pack,Edibles,Superior Molecular,1870,217.0,8.6,2.0,6.99,5.96,71,,978,2575,Andover:8;Osseo:31;Rosemount:45;Woodbury:80;Minnetonka:84;Vadnais Heights:84;Ramsey:84;Plymouth:113;St. Louis Park:118;Bloomington:133;Chanhassen:154;Blaine:178;Roseville:218;Cottage Grove:241;Minneapolis:299
Uncle Arnie's Tahitian Treat 10mg THC 2oz,Beverages,"Capitol Beverage Sales, L.P.",483,191.3,2.5,1.67,4.19,3.46,60,,762,2720,Vadnais Heights:8;Chanhassen:13;Rosemount:16;Blaine:17;Osseo:20;Roseville:21;Andover:21;Plymouth:27;Woodbury:27;Minneapolis:32;Minnetonka:33;St. Louis Park:33;Bloomington:35;Ramsey:41;Cottage Grove:55;Stillwater:84
Uncle Arnie's Sunrise Orange 10mg THC 2oz,Beverages,College City Beverage,492,189.3,2.6,1.67,4.19,3.46,60,,773,2605,Rosemount:4;Blaine:7;Roseville:8;Minneapolis:8;Ramsey:11;Bloomington:14;Minnetonka:15;Osseo:17;St. Louis Park:31;Cottage Grove:38;Woodbury:46;Vadnais Heights:48;Plymouth:49;Andover:50;Chanhassen:58;Stillwater:88
Pappy's Arctic Blast Gummies 5mg THC 10 Pack,Edibles,Superior Molecular,2831,185.7,15.2,2.0,6.99,5.96,71,,797,2384,Vadnais Heights:24;Plymouth:37;St. Louis Park:53;Roseville:67;Minneapolis:116;Osseo:150;Rosemount:156;Chanhassen:203;Bloomington:223;Ramsey:235;Minnetonka:252;Woodbury:261;Blaine:263;Cottage Grove:290;Andover:501
Pappy's Black Cherry Lemonade Gummies 5mg THC 10 Pack,Edibles,Superior Molecular,1991,184.2,10.8,2.0,6.99,5.96,71,,793,2353,Vadnais Heights:9;Minneapolis:11;Roseville:22;Bloomington:26;Chanhassen:50;Minnetonka:62;St. Louis Park:68;Plymouth:117;Osseo:136;Rosemount:169;Ramsey:171;Cottage Grove:221;Woodbury:224;Blaine:246;Andover:459
Pappy's Honeycrisp Apple Gummies 5mg THC 10 Pack,Edibles,Superior Molecular,1820,181.5,10.0,2.0,6.99,5.96,71,,792,2271,Roseville:32;Rosemount:40;Minnetonka:64;Plymouth:74;Vadnais Heights:81;Minneapolis:81;Woodbury:83;Chanhassen:98;Andover:124;Osseo:153;Cottage Grove:167;Bloomington:201;St. Louis Park:203;Ramsey:205;Blaine:214
Uncle Arnie's Magic Mango 10mg THC 2oz,Beverages,"Capitol Beverage Sales, L.P.",490,174.3,2.8,1.67,4.19,3.46,60,,736,2289,Vadnais Heights:6;Bloomington:13;Roseville:14;St. Louis Park:15;Woodbury:18;Blaine:19;Ramsey:26;Osseo:26;Plymouth:26;Minneapolis:26;Chanhassen:28;Stillwater:34;Andover:40;Rosemount:41;Cottage Grove:61;Minnetonka:97
Leafy Sour Watermelon Gummies 5mg THC 10 Pack,Edibles,Get Chai,743,141.3,5.3,3.13,11.49,9.96,73,60 Day Reorder Time,603,1828,Andover:1;Chanhassen:7;Minnetonka:18;Ramsey:20;Rosemount:22;Cottage Grove:24;Woodbury:33;Vadnais Heights:36;Roseville:42;Osseo:43;Plymouth:59;Minneapolis:63;St. Louis Park:80;Blaine:146;Bloomington:149
Leafy Maui Pineapple Gummies 5mg THC 10 Pack,Edibles,Get Chai,685,132.0,5.2,3.13,11.49,9.96,73,60 Day Reorder Time,579,1636,Rosemount:6;Osseo:11;Ramsey:14;Minnetonka:15;Chanhassen:15;Cottage Grove:22;Minneapolis:24;Vadnais Heights:25;Plymouth:34;Woodbury:39;Roseville:58;St. Louis Park:79;Blaine:171;Bloomington:172
Uncle Arnie's Lemon Mint 10mg THC 2oz,Beverages,College City Beverage,415,112.8,3.7,1.67,4.19,3.46,60,,447,1614,Woodbury:4;Bloomington:4;Minnetonka:10;Vadnais Heights:14;Chanhassen:16;Minneapolis:22;Plymouth:23;Ramsey:27;Osseo:28;Blaine:29;Andover:32;St. Louis Park:34;Rosemount:38;Stillwater:41;Cottage Grove:45;Roseville:48
Leafy Sour Blue Raspberry Gummies 5mg THC 10 Pack,Edibles,Get Chai,862,111.5,7.7,3.13,11.49,9.96,73,60 Day Reorder Time,467,1482,Cottage Grove:12;Rosemount:16;Minnetonka:16;Vadnais Heights:18;Ramsey:19;Chanhassen:20;Plymouth:22;Minneapolis:27;St. Louis Park:49;Osseo:50;Roseville:80;Woodbury:86;Stillwater:102;Blaine:165;Bloomington:180
Leafy Blueberry Lemon Gummies 5mg THC 10 Pack,Edibles,Get Chai,592,106.0,5.6,3.13,11.49,9.96,73,60 Day Reorder Time,462,1328,Bloomington:3;Rosemount:8;Ramsey:12;Cottage Grove:12;Osseo:16;Woodbury:18;Minnetonka:20;Chanhassen:36;Plymouth:41;Minneapolis:44;Roseville:45;Vadnais Heights:45;St. Louis Park:59;Blaine:233
Minny Grown Highbernate 2.0 10 Pack,Edibles,Bellboy Corporation,180,105.5,1.7,8.0,17.49,14.96,54,$200 order qty per store,448,1374,Minnetonka:3;Andover:4;Minneapolis:7;St. Louis Park:7;Chanhassen:8;Roseville:8;Blaine:9;Rosemount:10;Cottage Grove:11;Bloomington:14;Woodbury:15;Ramsey:15;Vadnais Heights:18;Osseo:22;Plymouth:29
Leafy Georgia Peach Gummies 5mg THC 10 Pack,Edibles,Get Chai,459,99.0,4.6,3.13,11.49,9.96,73,60 Day Reorder Time,426,1264,Plymouth:7;Bloomington:14;Cottage Grove:15;Chanhassen:15;Rosemount:17;Osseo:17;Minnetonka:19;Minneapolis:20;Ramsey:31;Vadnais Heights:32;St. Louis Park:33;Woodbury:34;Roseville:49;Blaine:156
Leafy Wildberry Gummies 5mg THC 10 Pack,Edibles,Get Chai,672,90.7,7.4,3.13,11.49,9.96,73,60 Day Reorder Time,415,1049,Bloomington:9;Cottage Grove:11;Woodbury:12;Minnetonka:14;Osseo:16;Minneapolis:17;Chanhassen:22;Rosemount:23;Vadnais Heights:32;Roseville:33;Plymouth:34;Ramsey:105;St. Louis Park:145;Blaine:199
Gigli 10mg THC Variety Pack 12pk 12oz can,Beverages,Gigli MN LLC,505,87.7,5.8,23.5,43.49,29.96,46,"Buy a pallet, get 9cs of Gummies Free to hit invoice net of $47",347,1258,Andover:6;Cottage Grove:10;Stillwater:11;Minnetonka:14;Bloomington:24;Rosemount:24;Woodbury:24;Minneapolis:25;Plymouth:31;Vadnais Heights:35;Osseo:42;Chanhassen:44;Ramsey:49;St. Louis Park:49;Blaine:56;Roseville:61
Looner Diet Professor Pepper 10mg 4pk 12oz can,Beverages,Global Reserve LLC,314,86.4,3.6,11.2,22.49,14.96,50,,385,1044,Chanhassen:3;Minnetonka:6;Vadnais Heights:6;Osseo:8;Minneapolis:11;Woodbury:11;Stillwater:18;Bloomington:19;Cottage Grove:21;Rosemount:24;Ramsey:24;Roseville:27;Plymouth:37;Andover:45;Blaine:54
Looner 10mg THC Sodas Variety Pack 12pk 12oz can,Beverages,Global Reserve LLC,367,82.4,4.5,27.5,52.99,40.96,48,,352,1063,Stillwater:3;Minnetonka:4;Bloomington:6;St. Louis Park:11;Osseo:13;Cottage Grove:13;Roseville:15;Rosemount:19;Chanhassen:23;Minneapolis:25;Blaine:36;Woodbury:37;Plymouth:38;Vadnais Heights:38;Ramsey:38;Andover:48
Minny Grown Highbernate 5mg THC 10 Pack,Edibles,Bellboy Corporation,190,71.3,2.7,8.0,17.49,14.96,54,$200 order qty per store,294,970,Cottage Grove:2;Plymouth:3;Vadnais Heights:3;Bloomington:4;Andover:4;Woodbury:7;Minneapolis:9;Ramsey:9;Chanhassen:10;Osseo:11;Minnetonka:11;St. Louis Park:28;Blaine:36;Roseville:53
Minny Grown St. Croix Sunrise 10 Pack,Edibles,Bellboy Corporation,224,71.0,3.2,8.0,17.49,14.96,54,$200 order qty per store,293,965,Andover:4;Cottage Grove:4;Ramsey:4;Chanhassen:5;Osseo:6;Woodbury:6;Minnetonka:10;Bloomington:10;Blaine:10;Rosemount:16;Plymouth:23;Vadnais Heights:25;Minneapolis:28;Roseville:34;St. Louis Park:39
Gigli Extra Gigli Variety 10mg THC 4pk 12oz can,Beverages,Gigli MN LLC,404,69.9,5.8,9.75,18.99,14.96,49,,311,848,Cottage Grove:9;Stillwater:11;Ramsey:13;Minnetonka:14;Minneapolis:19;Osseo:21;Vadnais Heights:21;Woodbury:23;Andover:28;Rosemount:29;Roseville:29;Plymouth:30;Blaine:36;St. Louis Park:38;Chanhassen:41;Bloomington:42
Looner Diet Root Beer 10mg 4pk 12oz can,Beverages,Global Reserve LLC,234,65.6,3.6,11.2,22.49,14.96,50,,281,844,Osseo:3;Bloomington:4;Minnetonka:6;Cottage Grove:9;Ramsey:9;Chanhassen:10;Vadnais Heights:11;Stillwater:13;Plymouth:17;Blaine:17;St. Louis Park:18;Rosemount:19;Minneapolis:23;Woodbury:23;Roseville:24;Andover:28
CQ Old Fashioned Lemonade 10mg THC 2oz,Beverages,Get Chai,629,65.2,9.6,1.66,4.49,3.46,63,,295,768,Bloomington:16;Minneapolis:16;Vadnais Heights:16;Chanhassen:24;Woodbury:27;Blaine:34;St. Louis Park:38;Osseo:41;Minnetonka:43;Plymouth:48;Rosemount:48;Stillwater:48;Ramsey:52;Roseville:59;Andover:119
Looner Wild Grape 10mg THC 4pk 12oz can,Beverages,Global Reserve LLC,179,61.1,2.9,11.2,22.49,14.96,50,,238,894,Chanhassen:1;Rosemount:1;Ramsey:2;Roseville:5;Plymouth:5;Minneapolis:6;Minnetonka:7;Bloomington:8;Woodbury:8;Vadnais Heights:9;Stillwater:10;Osseo:12;St. Louis Park:13;Cottage Grove:15;Andover:20;Blaine:54
TBD Green Tea Lemonade 10mg THC 12oz can,Beverages,Get Chai,659,60.9,10.8,3.2,7.99,6.96,60,,242,870,Cottage Grove:7;St. Louis Park:8;Stillwater:9;Minneapolis:18;Minnetonka:21;Rosemount:24;Plymouth:24;Chanhassen:30;Osseo:32;Woodbury:38;Roseville:41;Andover:54;Ramsey:75;Vadnais Heights:86;Blaine:91;Bloomington:101
Gigli Sour Fruit 5mg THC 10 Pack,Edibles,Gigli MN LLC,223,59.8,3.7,5.0,11.99,9.96,58,,278,672,Ramsey:1;Cottage Grove:3;Andover:6;Minnetonka:8;Stillwater:9;Rosemount:11;Vadnais Heights:12;Woodbury:14;Bloomington:15;Plymouth:16;Blaine:18;Chanhassen:21;St. Louis Park:23;Osseo:27;Minneapolis:39
CQ Strawberry Lemonade 10mg THC 2oz,Beverages,Get Chai,451,59.3,7.6,1.66,4.49,3.46,63,,259,741,Woodbury:2;Plymouth:12;Blaine:14;Bloomington:16;Vadnais Heights:17;Osseo:27;Rosemount:28;Ramsey:37;Chanhassen:38;Minnetonka:42;St. Louis Park:47;Minneapolis:48;Andover:57;Stillwater:66
Leafy Maui Fruit Punch 10mg THC 2oz btl,Beverages,Get Chai,2361,57.2,41.3,1.33,3.99,3.46,67,60 Day Reorder Time,271,618,Blaine:16;Bloomington:44;Ramsey:63;Minneapolis:78;Rosemount:83;Osseo:102;Vadnais Heights:111;Roseville:128;Andover:130;Woodbury:138;St. Louis Park:150;Plymouth:151;Cottage Grove:205;Chanhassen:278;Stillwater:296;Minnetonka:388
Granny's Granny Smith 5mg THC Gummies 10pk,Edibles,"Capitol Beverage Sales, L.P.",134,56.1,2.4,5.7,9.99,7.96,43,,273,574,Rosemount:1;Ramsey:2;Cottage Grove:3;Osseo:4;St. Louis Park:6;Woodbury:7;Plymouth:10;Chanhassen:11;Andover:12;Roseville:12;Minneapolis:14;Minnetonka:15;Bloomington:37
Uncle Arnie's Variety Pack Sugar Free 10mg THC 12pk 12oz can,Beverages,"Capitol Beverage Sales, L.P.",183,55.6,3.3,26.4,41.99,34.96,37,,234,733,Minneapolis:2;Minnetonka:4;Cottage Grove:4;Chanhassen:5;Ramsey:7;St. Louis Park:8;Vadnais Heights:10;Woodbury:10;Plymouth:10;Rosemount:10;Blaine:11;Bloomington:16;Osseo:17;Roseville:21;Andover:21;Stillwater:27
Plift Fruit Punch Mini 10mg THC 2oz shot,Beverages,Discontinued,332,54.8,6.1,0.72,,,,,4,1742,Vadnais Heights:1;Woodbury:11;Blaine:42;Andover:50;Minneapolis:67;Chanhassen:161
Looner Root Beer 10mg THC Soda 4pk 12oz can,Beverages,Global Reserve LLC,190,54.0,3.5,11.2,22.49,14.96,50,,215,769,Bloomington:1;Osseo:1;Andover:3;Minnetonka:5;Chanhassen:5;St. Louis Park:6;Stillwater:7;Plymouth:8;Roseville:9;Cottage Grove:11;Rosemount:11;Woodbury:14;Vadnais Heights:17;Ramsey:19;Minneapolis:29;Blaine:38
Senorita Paloma 10mg THC 4pk 12oz can,Beverages,"Hohensteins, Inc.",120,51.6,2.3,9.08,14.99,13.96,39,,248,541,Blaine:1;Osseo:2;Roseville:4;St. Louis Park:4;Bloomington:6;Rosemount:6;Minnetonka:7;Andover:10;Ramsey:10;Chanhassen:10;Cottage Grove:10;Minneapolis:12;Woodbury:17;Plymouth:22
Leafy Blackberry Lemon 10mg THC 2oz btl,Beverages,Get Chai,1899,49.5,38.4,1.33,3.99,3.46,67,60 Day Reorder Time,243,498,Blaine:3;Andover:38;Ramsey:48;Rosemount:50;Bloomington:57;Minneapolis:77;Osseo:103;Roseville:108;Vadnais Heights:116;Plymouth:117;Woodbury:142;Cottage Grove:232;Minnetonka:245;Chanhassen:260;Stillwater:303
Senorita Mango Margarita 10mg THC 4pk 12oz can,Beverages,"Hohensteins, Inc.",213,48.0,4.4,9.08,14.99,13.96,39,,206,615,Blaine:1;Stillwater:1;Minnetonka:3;Ramsey:8;Vadnais Heights:9;Bloomington:10;Rosemount:10;Osseo:11;Roseville:12;Woodbury:13;Cottage Grove:14;Andover:18;Chanhassen:20;St. Louis Park:21;Plymouth:29;Minneapolis:33
Plift Tangerine Mini 10mg THC 2oz Shot,Beverages,Discontinued,82,47.7,1.7,1.64,,,,,0,1534,Plymouth:1;Ramsey:1;Chanhassen:2;Woodbury:4;Stillwater:5;Minneapolis:69
Minny Grown Peach 10 Pack,Edibles,Bellboy Corporation,141,47.5,3.0,8.0,17.49,14.96,54,$200 order qty per store,197,641,Roseville:1;Plymouth:1;Ramsey:2;Rosemount:3;Osseo:3;Chanhassen:5;Bloomington:6;Minnetonka:7;Andover:12;Blaine:12;Minneapolis:16;Cottage Grove:23;Woodbury:23;St. Louis Park:27
Leafy Orchard Grape 10mg THC 2oz btl,Beverages,Get Chai,2356,47.4,49.7,1.33,3.99,3.46,67,60 Day Reorder Time,219,539,Ramsey:52;Bloomington:53;Minneapolis:65;Rosemount:75;Osseo:78;Blaine:80;Andover:99;Plymouth:117;St. Louis Park:127;Vadnais Heights:132;Roseville:153;Woodbury:153;Cottage Grove:204;Minnetonka:230;Stillwater:311;Chanhassen:427
Daizy's Variety Pack 10mg THC 12pk 12oz can,Beverages,Phillips Wine & Spirits - St. Paul,192,47.4,4.1,24.27,38.99,32.96,38,,203,609,Andover:3;Chanhassen:3;Minnetonka:4;Bloomington:5;St. Louis Park:5;Rosemount:7;Cottage Grove:9;Osseo:10;Stillwater:10;Ramsey:10;Woodbury:15;Roseville:15;Plymouth:17;Blaine:17;Vadnais Heights:30;Minneapolis:32
Looner Spirits Unflavored 85mg THC 750ml,Beverages,Global Reserve LLC,175,47.1,3.7,20.53,24.99,20.96,18,,260,344,Osseo:2;Rosemount:2;Cottage Grove:3;Roseville:4;Chanhassen:5;Stillwater:7;Minnetonka:8;Andover:9;Ramsey:9;Minneapolis:10;St. Louis Park:11;Bloomington:13;Vadnais Heights:15;Woodbury:20;Plymouth:28;Blaine:29
Minny Grown Minny Apple 10 Pack,Edibles,Bellboy Corporation,152,47.0,3.2,8.0,17.49,14.96,54,$200 order qty per store,196,630,Plymouth:1;Vadnais Heights:4;Osseo:5;Minnetonka:6;Woodbury:6;Blaine:6;Bloomington:7;Ramsey:11;Roseville:11;St. Louis Park:12;Rosemount:17;Minneapolis:19;Chanhassen:22;Cottage Grove:25
Senorita Lime Jalpeno Margarita 10mg THC 4pk 12oz can,Beverages,"Hohensteins, Inc.",241,46.6,5.2,9.08,14.99,13.96,39,,200,597,Rosemount:5;Blaine:6;Chanhassen:9;Bloomington:10;St. Louis Park:10;Osseo:11;Woodbury:11;Ramsey:13;Cottage Grove:14;Minnetonka:19;Vadnais Heights:20;Andover:20;Roseville:22;Plymouth:27;Minneapolis:44
Rythm Kush 10mg THC 4pk 12oz can,Beverages,"Hohensteins, Inc.",76,45.8,1.7,9.08,15.99,13.96,43,,241,389,Plymouth:1;Roseville:1;Ramsey:2;Stillwater:3;Andover:4;Woodbury:5;Cottage Grove:5;Minnetonka:6;Bloomington:7;Chanhassen:7;St. Louis Park:8;Vadnais Heights:8;Minneapolis:10;Rosemount:11
Looner Professor Pepper 10mg THC 4pk 12oz can,Beverages,Global Reserve LLC,198,45.7,4.3,11.2,22.49,14.96,50,,193,599,Rosemount:3;Ramsey:5;Bloomington:6;Osseo:6;Vadnais Heights:6;Roseville:7;Chanhassen:8;Minnetonka:9;Stillwater:10;Woodbury:10;Minneapolis:12;Plymouth:12;Cottage Grove:14;St. Louis Park:15;Andover:33;Blaine:38
Looner Sweet Orange 10mg THC Soda 4pk 12oz can,Beverages,Global Reserve LLC,173,45.7,3.8,11.2,22.49,14.96,50,,195,591,Minnetonka:2;Vadnais Heights:2;Bloomington:4;Plymouth:4;Stillwater:6;Rosemount:6;Minneapolis:11;Blaine:12;Ramsey:13;Roseville:14;Woodbury:16;St. Louis Park:17;Cottage Grove:17;Osseo:23;Andover:23
Leafy Craft Root Beer 10mg THC 2oz btl,Beverages,Get Chai,2298,45.3,50.8,1.33,3.99,3.46,67,60 Day Reorder Time,216,483,Bloomington:45;Minneapolis:64;Blaine:83;Ramsey:84;Rosemount:96;Andover:101;St. Louis Park:106;Osseo:111;Plymouth:116;Roseville:121;Vadnais Heights:143;Woodbury:151;Cottage Grove:233;Minnetonka:242;Chanhassen:281;Stillwater:321
Gigli Blueberry Lemonade 10mg THC 4pk 12oz can,Beverages,Gigli MN LLC,402,44.3,9.1,9.75,18.99,14.96,49,,176,631,Ramsey:4;Minnetonka:9;Stillwater:14;Blaine:18;Chanhassen:23;Woodbury:24;Cottage Grove:27;Bloomington:28;Andover:28;Plymouth:29;Roseville:30;Osseo:30;Rosemount:31;Minneapolis:32;St. Louis Park:35;Vadnais Heights:40
Leafy Sunshine Peach 10mg THC 2oz btl,Beverages,Get Chai,2428,43.6,55.7,1.33,3.99,3.46,67,60 Day Reorder Time,210,457,Bloomington:14;Ramsey:36;Blaine:40;Andover:51;Rosemount:75;Osseo:104;Vadnais Heights:113;Plymouth:114;Minneapolis:121;St. Louis Park:127;Woodbury:148;Roseville:153;Cottage Grove:241;Stillwater:320;Minnetonka:351;Chanhassen:420
Leafy Cherry Limeade 10mg THC 2oz btl 	 	 	 ,Beverages,Get Chai,2256,41.7,54.1,1.33,3.99,3.46,67,60 Day Reorder Time,183,517,Bloomington:16;Blaine:24;Rosemount:57;Minneapolis:64;Osseo:90;Ramsey:91;Woodbury:112;Plymouth:123;St. Louis Park:141;Vadnais Heights:146;Roseville:149;Andover:214;Cottage Grove:218;Minnetonka:238;Chanhassen:254;Stillwater:319
Brez 5mg THC Shots 2oz,Beverages,Bellboy Corporation,1060,41.5,25.5,2.5,7.99,4.46,69,,179,529,Minneapolis:22;Vadnais Heights:26;Osseo:31;Minnetonka:34;Plymouth:39;Bloomington:40;Stillwater:48;Blaine:49;Woodbury:57;Roseville:59;Andover:64;Chanhassen:73;Cottage Grove:87;Ramsey:89;Rosemount:113;St. Louis Park:229
Gigli Blood Orange Margarita 10mg THC 4pk 12oz can,Beverages,Gigli MN LLC,392,41.5,9.4,9.75,18.99,14.96,49,,170,569,Osseo:11;Ramsey:12;Stillwater:14;Minnetonka:16;Woodbury:19;Rosemount:22;Chanhassen:25;Bloomington:26;Cottage Grove:26;Minneapolis:27;St. Louis Park:28;Plymouth:28;Andover:32;Vadnais Heights:32;Roseville:34;Blaine:40
Granny's Orange Creamsicle 5mg THC Gummies 10pk,Edibles,"Capitol Beverage Sales, L.P.",191,41.4,4.6,5.7,9.99,7.96,43,,156,630,Rosemount:2;Ramsey:4;Woodbury:5;Roseville:11;Minnetonka:12;Chanhassen:12;Bloomington:14;St. Louis Park:18;Osseo:19;Andover:20;Vadnais Heights:21;Plymouth:23;Minneapolis:30
Uncle Arnie's Zen Green Tea 10mg THC 4pk 12oz can,Beverages,"Capitol Beverage Sales, L.P.",147,40.9,3.6,10.0,17.49,14.96,43,,175,526,Cottage Grove:2;Minnetonka:2;St. Louis Park:4;Roseville:4;Plymouth:6;Minneapolis:6;Ramsey:7;Andover:8;Stillwater:12;Rosemount:14;Bloomington:15;Woodbury:68
Minny Grown Berry Bliss 10 Pack,Edibles,Bellboy Corporation,183,40.7,4.5,8.0,17.49,14.96,54,$200 order qty per store,172,533,Vadnais Heights:1;Woodbury:1;Plymouth:1;Chanhassen:6;Minneapolis:6;Andover:8;Blaine:8;Ramsey:9;Minnetonka:11;Rosemount:11;Roseville:16;Bloomington:23;Cottage Grove:24;Osseo:24;St. Louis Park:34
Wynk Lemonade Variety Pack 10mg THC 12pk 12oz can,Beverages,Johnson Brothers - St. Paul,77,40.3,1.9,20.55,33.49,27.96,39,,174,511,Blaine:1;Bloomington:2;Stillwater:2;Cottage Grove:3;Roseville:3;Minnetonka:5;Andover:5;Ramsey:6;Osseo:7;Chanhassen:8;Minneapolis:10;Plymouth:13;Woodbury:15
North Star Old Fashioned Root Beer 10mg THC 12oz can,Beverages,Get Chai,1058,40.2,26.3,,5.29,4.46,,,172,518,Roseville:35;Cottage Grove:36;Chanhassen:41;Stillwater:41;Bloomington:42;St. Louis Park:43;Osseo:47;Minnetonka:54;Rosemount:57;Vadnais Heights:57;Minneapolis:57;Ramsey:58;Andover:79;Woodbury:86;Plymouth:119;Blaine:206
Minny Grown BlueBeary 10 Pack,Edibles,Bellboy Corporation,223,39.8,5.6,8.0,17.49,14.96,54,$200 order qty per store,170,515,Ramsey:2;Woodbury:3;Minnetonka:4;Roseville:4;St. Louis Park:7;Cottage Grove:8;Bloomington:9;Blaine:13;Chanhassen:14;Andover:16;Osseo:24;Plymouth:24;Vadnais Heights:25;Rosemount:31;Minneapolis:39
Granny's 5mg THC Gummy Variety Pack 10pk,Edibles,"Capitol Beverage Sales, L.P.",46,39.5,1.2,5.7,9.99,7.96,43,,196,387,Plymouth:2;Minnetonka:2;Vadnais Heights:5;St. Louis Park:6;Minneapolis:6;Ramsey:7;Woodbury:7;Chanhassen:13
Looner Creme 10mg THC Soda 4pk 12oz can,Beverages,Global Reserve LLC,139,39.5,3.5,11.2,22.49,14.96,50,,154,578,Minnetonka:0;Chanhassen:1;Plymouth:2;Minneapolis:4;Rosemount:5;Vadnais Heights:5;St. Louis Park:5;Cottage Grove:8;Bloomington:8;Woodbury:8;Andover:10;Ramsey:12;Roseville:13;Osseo:15;Stillwater:18;Blaine:20
CQ Watermelon Lemonade 10mg THC 2oz,Beverages,Get Chai,537,39.5,13.6,1.66,4.49,3.46,63,,163,537,Rosemount:6;Roseville:11;Bloomington:14;St. Louis Park:17;Cottage Grove:18;Chanhassen:21;Woodbury:27;Minneapolis:38;Ramsey:41;Stillwater:41;Osseo:44;Blaine:47;Minnetonka:50;Vadnais Heights:51;Andover:111
Minny Grown Watermelon 10 Pack,Edibles,Bellboy Corporation,140,38.8,3.6,8.0,17.49,14.96,54,$200 order qty per store,155,549,Minnetonka:2;Ramsey:3;Bloomington:3;Roseville:6;Cottage Grove:7;Chanhassen:7;Vadnais Heights:8;Minneapolis:8;Plymouth:8;St. Louis Park:9;Rosemount:12;Blaine:13;Andover:15;Osseo:16;Woodbury:23
Leafy White Peach Bellini 10mg THC 12oz can,Beverages,Get Chai,1712,37.6,45.6,2.23,5.99,4.96,63,60 Day Reorder Time,155,510,Cottage Grove:15;Blaine:24;Minneapolis:34;Stillwater:37;Chanhassen:38;Bloomington:76;Ramsey:88;Rosemount:97;Vadnais Heights:109;St. Louis Park:120;Woodbury:120;Osseo:121;Minnetonka:159;Andover:188;Plymouth:189;Roseville:297
Leafy Caramel Macchiato Latte 10mg 12oz can,Beverages,Get Chai,716,37.0,19.4,2.23,5.99,4.96,63,60 Day Reorder Time,148,522,Stillwater:8;St. Louis Park:18;Minneapolis:19;Plymouth:20;Minnetonka:25;Osseo:31;Vadnais Heights:31;Woodbury:32;Andover:40;Cottage Grove:43;Chanhassen:51;Ramsey:61;Bloomington:63;Rosemount:65;Blaine:89;Roseville:120
Bent Paddle Puff Puff Pass Variety 10mg THC 12pk 12oz can,Beverages,Bent Paddle Brewing Co,162,36.7,4.4,22.5,42.99,35.96,48,,154,487,Stillwater:3;Cottage Grove:4;Woodbury:5;Osseo:6;Plymouth:6;Rosemount:6;Minneapolis:7;Vadnais Heights:7;Minnetonka:9;St. Louis Park:10;Roseville:10;Bloomington:11;Chanhassen:18;Blaine:18;Andover:19;Ramsey:23
Nothing But Hemp Grand Daddy 10mg 5 Pack,Edibles,Nothing But Hemp LLC,253,36.2,7.0,3.5,17.49,14.96,80,,148,497,Minneapolis:1;Minnetonka:1;Vadnais Heights:3;Plymouth:8;Blaine:11;Chanhassen:12;Ramsey:14;Cottage Grove:15;Bloomington:15;Andover:18;Roseville:21;Woodbury:23;St. Louis Park:24;Osseo:42;Rosemount:45
Plift Select Raspbery 83mg THC 750ml Btl,Beverages,"College City Beverage, Inc.",193,36.1,5.3,11.4,22.99,19.96,50,,178,359,Stillwater:2;Minnetonka:6;Bloomington:7;Ramsey:7;Osseo:8;Vadnais Heights:9;Woodbury:11;Minneapolis:12;Rosemount:13;St. Louis Park:13;Chanhassen:14;Cottage Grove:14;Plymouth:17;Andover:18;Roseville:19;Blaine:23
North Star Cherry Limeade 10mg THC 12oz can,Beverages,Get Chai,999,35.0,28.5,,5.29,4.46,,,152,442,Chanhassen:26;Minneapolis:36;Minnetonka:37;Stillwater:40;Ramsey:42;Osseo:45;Cottage Grove:47;Bloomington:47;Rosemount:65;Vadnais Heights:67;Blaine:79;Andover:85;Plymouth:85;Woodbury:86;Roseville:93;St. Louis Park:119
Gigli Sativa Mixed Fruit 5mg THC 10 Pack,Edibles,Gigli MN LLC,173,34.9,5.0,5.0,11.99,9.96,58,,159,406,Minneapolis:1;Osseo:1;Bloomington:2;St. Louis Park:3;Rosemount:4;Ramsey:5;Plymouth:5;Chanhassen:12;Woodbury:14;Roseville:14;Blaine:18;Vadnais Heights:25;Cottage Grove:27;Stillwater:42
Odder Variety Pack 10mg THC 9pk 12oz can,Beverages,Wild State Cider,163,34.5,4.7,14.0,22.99,20.96,39,Pallet Orders,140,479,Minnetonka:3;St. Louis Park:5;Rosemount:5;Bloomington:6;Cottage Grove:6;Osseo:6;Minneapolis:8;Ramsey:9;Chanhassen:9;Blaine:10;Stillwater:12;Andover:14;Woodbury:14;Vadnais Heights:14;Roseville:17;Plymouth:25
Tempter's Citrus 10mg 4pk 12oz can,Beverages,"Capitol Beverage Sales, L.P.",112,34.2,3.3,10.67,18.99,15.96,44,,150,423,Cottage Grove:1;Vadnais Heights:2;Minnetonka:2;Minneapolis:3;St. Louis Park:3;Osseo:5;Andover:6;Plymouth:6;Rosemount:7;Woodbury:7;Ramsey:7;Stillwater:16;Bloomington:20;Blaine:25
Leafy  0-Calorie Italian Cherry Sparkling Beverage 10mg 12oz can,Beverages,Get Chai,590,34.1,17.3,2.23,5.99,4.96,63,,127,525,Minnetonka:7;Osseo:18;Minneapolis:25;Chanhassen:26;Roseville:26;Stillwater:28;Woodbury:30;Plymouth:31;Ramsey:31;Rosemount:36;St. Louis Park:37;Cottage Grove:37;Vadnais Heights:46;Andover:47;Blaine:70;Bloomington:95
Uncle Arnie's Variety Pack 10mg THC 12pk 12oz can,Beverages,"Capitol Beverage Sales, L.P.",170,34.1,5.0,26.4,41.99,34.96,37,,145,443,Chanhassen:3;Osseo:3;Roseville:3;Ramsey:4;Cottage Grove:5;Minnetonka:6;Blaine:6;Rosemount:7;Plymouth:8;Vadnais Heights:9;Woodbury:9;Stillwater:10;Andover:11;St. Louis Park:12;Minneapolis:18;Bloomington:56
Birch's Ginger Ale Seltzer 10mg THC 4pk 12oz can,Beverages,Birch's on the Lake,281,33.8,8.3,8.0,17.49,14.96,54,,138,467,Cottage Grove:0;Stillwater:7;Rosemount:8;Minneapolis:8;Andover:9;Roseville:10;Ramsey:14;Minnetonka:14;Vadnais Heights:15;Chanhassen:17;Blaine:18;Plymouth:20;Bloomington:22;Woodbury:23;St. Louis Park:27;Osseo:64
Tempter's Variety Pack 10mg THC 6pk 12oz can,Beverages,"Capitol Beverage Sales, L.P.",113,33.7,3.4,16.0,27.99,24.96,43,,134,479,Cottage Grove:3;Andover:3;Osseo:4;Minneapolis:5;Roseville:5;Plymouth:7;Rosemount:7;Ramsey:7;Woodbury:8;Blaine:8;Chanhassen:9;Stillwater:10;Bloomington:14;St. Louis Park:23
Leafy Sparkling Wild Cherry 10mg THC 12oz can,Beverages,Get Chai,963,33.6,28.7,2.23,5.99,4.96,63,60 Day Reorder Time,130,495,Ramsey:25;Andover:29;Stillwater:34;Minnetonka:37;Osseo:41;Plymouth:42;Blaine:43;Woodbury:45;Minneapolis:54;Roseville:58;St. Louis Park:60;Rosemount:61;Cottage Grove:80;Bloomington:107;Vadnais Heights:112;Chanhassen:135
Uncle Arnie's Cherry Limeade 10mg THC 4pk 12oz can,Beverages,"Capitol Beverage Sales, L.P.",88,32.2,2.7,10.0,17.49,14.96,43,,141,402,Ramsey:2;Chanhassen:2;Minnetonka:4;Stillwater:4;Plymouth:6;Bloomington:6;Blaine:8;Rosemount:9;Woodbury:11;Roseville:11;Vadnais Heights:12;St. Louis Park:13
Granny's Rainbow Sherbet 5mg THC Gummies 10pk,Edibles,"Capitol Beverage Sales, L.P.",147,32.1,4.6,5.7,9.99,7.96,43,,125,468,Ramsey:1;Vadnais Heights:1;Osseo:1;Andover:4;Minneapolis:8;Roseville:8;Woodbury:10;Plymouth:11;Cottage Grove:11;Bloomington:12;Chanhassen:12;Minnetonka:23;St. Louis Park:45
Leafy Sweet Vanilla Latte 10mg 12oz can,Beverages,Get Chai,586,31.7,18.5,2.23,5.99,4.96,63,,131,428,Osseo:13;Minnetonka:17;Chanhassen:17;Roseville:17;St. Louis Park:21;Minneapolis:24;Vadnais Heights:25;Stillwater:26;Andover:32;Woodbury:32;Ramsey:34;Cottage Grove:35;Rosemount:52;Blaine:79;Bloomington:81;Plymouth:81
Tempter's Strawberry 10mg THC 4pk 12oz can,Beverages,"Capitol Beverage Sales, L.P.",136,31.4,4.3,10.67,18.99,15.96,44,,127,439,Cottage Grove:3;Vadnais Heights:3;Minneapolis:4;Ramsey:5;Woodbury:5;Roseville:5;St. Louis Park:5;Chanhassen:7;Rosemount:8;Plymouth:9;Stillwater:11;Osseo:12;Andover:16;Blaine:17;Bloomington:20
Looner Twilight Blackberry Gummies 5mg THC 10 Pack,Edibles,Global Reserve LLC,126,30.5,4.1,5.0,12.99,10.96,62,,121,437,Ramsey:2;Cottage Grove:3;Minnetonka:3;Vadnais Heights:4;Plymouth:6;St. Louis Park:6;Bloomington:6;Blaine:7;Osseo:11;Roseville:12;Rosemount:13;Woodbury:16;Andover:18;Minneapolis:19
Plift Crisp Ginger 10mg THC 4pk 7.5 oz can,Beverages,"Capitol Beverage Sales, L.P.",149,29.6,5.0,11.33,15.99,13.96,29,,130,368,Plymouth:1;Chanhassen:2;Andover:4;Vadnais Heights:4;Minneapolis:5;Rosemount:5;Roseville:6;Stillwater:7;Osseo:7;Minnetonka:8;Blaine:13;Bloomington:15;Woodbury:17;Ramsey:21;Cottage Grove:34
Granny's Cranberry Apple 5mg THC Gummies 10pk,Edibles,"Capitol Beverage Sales, L.P.",156,29.5,5.3,5.7,9.99,7.96,43,,108,463,Andover:2;Cottage Grove:2;Rosemount:2;Chanhassen:3;Plymouth:6;Bloomington:6;Roseville:7;Vadnais Heights:10;Ramsey:11;Osseo:11;Minnetonka:12;Woodbury:12;Minneapolis:15;St. Louis Park:21;Blaine:36
Looner Diet Cola 10mg 4pk 12oz can,Beverages,Global Reserve LLC,171,29.2,5.9,11.2,22.49,14.96,50,,122,389,Ramsey:4;Bloomington:5;Stillwater:5;Andover:5;Osseo:7;Vadnais Heights:7;Cottage Grove:8;Roseville:8;Chanhassen:8;Rosemount:11;Minneapolis:13;Woodbury:18;St. Louis Park:22;Plymouth:23;Blaine:27
Gigli Variety 5mg THC 4pk 12oz can,Beverages,Gigli MN LLC,336,28.7,11.7,8.67,17.49,12.96,50,,122,375,Minnetonka:11;Chanhassen:11;Cottage Grove:11;Stillwater:12;Ramsey:13;Osseo:15;Woodbury:16;Bloomington:17;St. Louis Park:25;Blaine:26;Roseville:26;Plymouth:28;Rosemount:29;Andover:30;Minneapolis:32;Vadnais Heights:34
Leafy  0-Calorie Wild Strawberry Sparkling Beverage 10mg 12oz can,Beverages,Get Chai,753,28.0,26.9,2.23,5.99,4.96,63,,116,378,Osseo:8;St. Louis Park:23;Rosemount:32;Vadnais Heights:33;Minnetonka:33;Andover:33;Plymouth:36;Woodbury:36;Chanhassen:38;Roseville:43;Stillwater:44;Ramsey:57;Minneapolis:59;Blaine:86;Cottage Grove:95;Bloomington:97
You Betcha Nighttime 5mg THC 4pk 12oz can,Beverages,"North Star Hemp, LLC",84,27.8,3.0,8.33,14.99,12.96,44,Blackberry Lemon (Purple),125,330,Cottage Grove:2;Stillwater:2;Vadnais Heights:3;Minnetonka:5;Ramsey:5;Blaine:5;Minneapolis:6;Chanhassen:7;Andover:7;Bloomington:7;Plymouth:7;St. Louis Park:7;Roseville:10;Rosemount:11
Minny Grown Highbernate Moon Melon 5mg THC 10mg CBD 20mg CBN 10pk,Edibles,Bellboy Corporation,88,27.8,3.2,7.93,23.99,19.96,67,,136,282,Cottage Grove:1;Woodbury:1;Osseo:2;Rosemount:2;Andover:3;St. Louis Park:4;Minnetonka:4;Bloomington:8;Minneapolis:10;Roseville:10;Plymouth:20;Ramsey:23
Nothing But Hemp Gelato 10mg 5 Pack,Edibles,Nothing But Hemp LLC,173,27.6,6.3,3.5,17.49,14.96,80,,113,380,Ramsey:2;Minneapolis:4;Plymouth:4;Chanhassen:6;Vadnais Heights:12;St. Louis Park:12;Roseville:13;Woodbury:14;Andover:17;Minnetonka:17;Cottage Grove:21;Rosemount:22;Bloomington:29
Minny Grown Minnarita 4pk 12oz can,Beverages,Bellboy Corporation,21,27.6,0.8,11.0,19.99,16.96,45,$200 order qty per store,115,368,Minneapolis:0;Osseo:1;St. Louis Park:1;Woodbury:1;Blaine:1;Roseville:1;Ramsey:2;Cottage Grove:2;Bloomington:6;Stillwater:6
Daizy's Grape 10mg THC 4pk 12oz can,Beverages,Phillips Wine & Spirits - St. Paul,88,27.5,3.2,9.06,14.99,12.96,40,,133,284,Roseville:1;Bloomington:3;Stillwater:3;Woodbury:3;Minnetonka:4;Plymouth:4;Rosemount:5;Vadnais Heights:5;Andover:6;Minneapolis:7;Cottage Grove:7;Blaine:7;Ramsey:9;Chanhassen:9;St. Louis Park:15
Brez Extra Strength 10mg THC 4pk 12oz can,Beverages,Bellboy Corporation,39,27.4,1.4,12.17,21.99,16.96,45,,105,409,Plymouth:1;Minnetonka:1;Osseo:2;Rosemount:2;Chanhassen:2;Stillwater:5;Bloomington:6;Cottage Grove:6;Blaine:15
Looner Twilight Strawberry Gummies 5mg THC 10 Pack,Edibles,Global Reserve LLC,93,27.2,3.4,5.0,12.99,10.96,62,,133,275,Chanhassen:4;Plymouth:4;Blaine:5;Vadnais Heights:8;Andover:9;Roseville:9;Minnetonka:10;Rosemount:10;Ramsey:11;Cottage Grove:11;Woodbury:12
Gigli Raspberry Ginger Mule 10mg THC 4pk 12oz can,Beverages,Gigli MN LLC,362,27.2,13.3,9.75,18.99,14.96,49,,123,320,Ramsey:8;Minnetonka:13;Stillwater:16;Osseo:17;Vadnais Heights:17;Roseville:23;Blaine:23;Cottage Grove:24;Chanhassen:24;Rosemount:26;Woodbury:26;Plymouth:26;Bloomington:27;St. Louis Park:30;Minneapolis:30;Andover:32
Tempter's Blueberry 10mg THC 4pk 12oz can,Beverages,"Capitol Beverage Sales, L.P.",136,26.0,5.3,10.67,18.99,15.96,44,,107,355,Minnetonka:1;Woodbury:2;Roseville:3;Cottage Grove:3;Vadnais Heights:4;Chanhassen:5;Ramsey:5;Andover:5;Osseo:7;St. Louis Park:8;Rosemount:9;Minneapolis:9;Plymouth:11;Stillwater:18;Blaine:19;Bloomington:23
Senorita Ranch Water 10mg THC 4pk 12oz can,Beverages,"Hohensteins, Inc.",120,26.0,4.6,9.08,14.99,13.96,39,,127,265,St. Louis Park:1;Chanhassen:2;Vadnais Heights:2;Andover:3;Ramsey:3;Blaine:5;Cottage Grove:5;Minnetonka:6;Stillwater:7;Minneapolis:8;Woodbury:10;Osseo:11;Plymouth:13;Rosemount:14;Bloomington:15;Roseville:15
Gigli Cherry Limeade 10mg THC 4pk 12oz can,Beverages,Gigli MN LLC,132,25.9,5.1,10.67,18.99,14.96,44,,109,343,Plymouth:1;Stillwater:3;Osseo:4;Minnetonka:5;Rosemount:6;Bloomington:8;Ramsey:8;Andover:8;Cottage Grove:9;Minneapolis:10;Blaine:10;Chanhassen:11;Vadnais Heights:11;Woodbury:12;St. Louis Park:12;Roseville:14
Looner Wild Grape 10mg THC 12oz can,Beverages,Single Can,0,25.7,0.0,2.8,5.99,4.96,53,,113,317,
North Star Orange Cream Soda 10mg THC 12oz can,Beverages,Get Chai,941,25.7,36.6,,5.29,4.46,,,113,317,Minneapolis:20;Chanhassen:35;Minnetonka:43;Osseo:44;Bloomington:44;Stillwater:45;Cottage Grove:47;Roseville:47;Vadnais Heights:64;Blaine:69;Ramsey:70;Rosemount:75;Andover:79;Plymouth:82;St. Louis Park:88;Woodbury:89
Looner Lemon Lime 10mg THC 4pk 12oz can,Beverages,Global Reserve LLC,97,25.4,3.8,11.2,22.49,14.96,50,,110,322,Woodbury:0;Osseo:0;Chanhassen:2;Ramsey:3;Cottage Grove:3;Plymouth:4;Minnetonka:4;Minneapolis:4;Vadnais Heights:5;Stillwater:6;Bloomington:7;St. Louis Park:7;Blaine:8;Rosemount:9;Roseville:11;Andover:20
Gigli Sleep 5mg THC 10 Pack,Edibles,Gigli MN LLC,224,25.2,8.9,5.0,11.99,9.96,58,,115,292,St. Louis Park:2;Andover:6;Cottage Grove:7;Minneapolis:7;Vadnais Heights:9;Woodbury:11;Plymouth:11;Roseville:13;Rosemount:15;Osseo:16;Chanhassen:18;Blaine:20;Ramsey:24;Bloomington:31;Minnetonka:34
Looner Deww 10mg THC 4pk 12oz can,Beverages,Global Reserve LLC,115,25.2,4.6,11.2,22.49,14.96,50,,98,368,Osseo:0;Ramsey:1;St. Louis Park:1;Stillwater:2;Rosemount:4;Minnetonka:5;Minneapolis:5;Vadnais Heights:5;Blaine:6;Chanhassen:7;Bloomington:7;Roseville:8;Plymouth:10;Cottage Grove:12;Andover:14;Woodbury:22
Daizy's Blueberry Lemonade 10mg THC 4pk 12oz can,Beverages,Phillips Wine & Spirits - St. Paul,127,25.0,5.1,5.22,14.99,12.96,65,,124,247,Andover:1;Bloomington:2;Minnetonka:2;Ramsey:3;Roseville:4;Osseo:5;Woodbury:5;Stillwater:6;Cottage Grove:7;St. Louis Park:7;Chanhassen:9;Plymouth:11;Blaine:18;Rosemount:18;Minneapolis:29
Odder Lemon Lime Cherry 10mg THC 4pk 12oz can,Beverages,Wild State Cider,162,24.9,6.5,6.67,11.49,10.96,42,Pallet Orders,107,319,Minneapolis:5;Plymouth:5;Osseo:6;Woodbury:6;Chanhassen:7;St. Louis Park:7;Minnetonka:8;Cottage Grove:9;Stillwater:9;Bloomington:11;Andover:11;Roseville:15;Vadnais Heights:18;Blaine:22;Rosemount:23
Gigli Peach Rings 5mg THC 10 Pack,Edibles,Gigli MN LLC,162,24.8,6.5,5.0,11.99,9.96,58,,103,333,Woodbury:2;Cottage Grove:4;Bloomington:4;Osseo:5;Vadnais Heights:7;Blaine:8;Roseville:9;Plymouth:11;Andover:12;Minnetonka:14;Rosemount:14;St. Louis Park:16;Minneapolis:16;Ramsey:17;Chanhassen:23
Uncle Arnie's Watermelon Wave 10mg THC 4pk 12oz can,Beverages,"Capitol Beverage Sales, L.P.",135,24.5,5.5,10.0,17.49,14.96,43,,96,356,Cottage Grove:1;Osseo:1;Vadnais Heights:2;Chanhassen:3;Rosemount:3;Woodbury:4;Ramsey:5;Plymouth:7;Roseville:8;St. Louis Park:9;Minneapolis:11;Andover:12;Minnetonka:13;Stillwater:17;Bloomington:19;Blaine:20
Minny Grown Mango 10 Pack,Edibles,Bellboy Corporation,138,24.5,5.6,8.0,17.49,14.96,54,$200 order qty per store,100,339,Chanhassen:1;Andover:2;Bloomington:4;Roseville:4;Minneapolis:6;Ramsey:6;Minnetonka:7;Cottage Grove:11;St. Louis Park:11;Plymouth:11;Osseo:12;Woodbury:13;Blaine:23;Rosemount:28
Nothing But Hemp Zkittles 10mg THC 5 Pack,Edibles,Nothing But Hemp LLC,315,24.3,12.9,3.5,17.49,14.96,80,,108,296,Cottage Grove:2;Andover:9;Chanhassen:14;Vadnais Heights:14;Osseo:15;Ramsey:16;Woodbury:16;Bloomington:17;Minneapolis:18;St. Louis Park:20;Minnetonka:21;Rosemount:29;Roseville:38;Plymouth:40;Blaine:46
Gigli 10mg THC Variety Punch 12pk 12oz can,Beverages,Gigli MN LLC,363,24.2,15.0,26.1,43.49,29.96,40,,116,257,Bloomington:8;Minnetonka:8;Cottage Grove:10;Stillwater:11;Ramsey:14;Rosemount:17;Roseville:19;Plymouth:19;St. Louis Park:23;Osseo:24;Woodbury:27;Vadnais Heights:29;Andover:30;Chanhassen:36;Blaine:37;Minneapolis:51
Sweet Leaves Sleep 5mg THC 5mg CBN 10mg CBD 10pk,Edibles,"Sweet Leaves, LLC",174,24.1,7.2,5.2,11.49,9.96,55,Direct Ship to Blaine,101,320,Woodbury:3;Cottage Grove:4;Osseo:4;Minneapolis:5;Plymouth:7;Stillwater:8;Bloomington:8;Ramsey:9;Blaine:11;Minnetonka:11;Vadnais Heights:12;Rosemount:14;Chanhassen:19;St. Louis Park:19;Andover:40
You Betcha Anytime 10mg THC 4pk 12oz can,Beverages,"North Star Hemp, LLC",97,24.0,4.0,10.0,18.99,15.96,47,Kiwi Strawberry (Pink),102,311,Minnetonka:1;Minneapolis:2;Rosemount:3;Ramsey:4;Blaine:4;Bloomington:5;Cottage Grove:5;Vadnais Heights:5;Woodbury:8;Chanhassen:9;Roseville:10;St. Louis Park:10;Andover:13;Stillwater:18
Daizy's Strawberry Lemonade 10mg THC 4pk 12oz can,Beverages,Phillips Wine & Spirits - St. Paul,185,23.7,7.8,6.73,14.99,12.96,55,,112,258,Osseo:3;Andover:4;Rosemount:4;St. Louis Park:5;Roseville:6;Bloomington:7;Vadnais Heights:9;Stillwater:9;Chanhassen:10;Plymouth:11;Woodbury:12;Cottage Grove:13;Minneapolis:20;Blaine:33;Minnetonka:39
Leafy Vineyard Grape 10mg THC 12oz can,Beverages,Get Chai,714,23.6,30.2,1.95,5.99,4.96,68,,121,215,Roseville:12;St. Louis Park:25;Rosemount:34;Ramsey:34;Chanhassen:35;Vadnais Heights:38;Blaine:43;Bloomington:44;Osseo:44;Minnetonka:45;Stillwater:46;Woodbury:48;Andover:61;Cottage Grove:65;Minneapolis:69;Plymouth:71
Birch's Cherry Seltzer 10mg THC 4pk 12oz can,Beverages,Birch's on the Lake,121,23.2,5.2,8.0,17.49,14.96,54,,95,317,Roseville:1;Cottage Grove:1;Vadnais Heights:2;Woodbury:2;Stillwater:5;Minnetonka:5;Minneapolis:6;St. Louis Park:8;Rosemount:9;Ramsey:10;Plymouth:11;Blaine:14;Chanhassen:15;Bloomington:29
Uncle Arnie's Rasp Lemonade 10mg THC 4pk 12oz can,Beverages,"Capitol Beverage Sales, L.P.",130,23.2,5.6,10.0,17.49,14.96,43,,90,342,Chanhassen:1;Stillwater:5;Blaine:5;Vadnais Heights:6;Ramsey:6;Roseville:6;Andover:7;Osseo:8;Plymouth:8;Minnetonka:8;Bloomington:9;Rosemount:10;Minneapolis:12;St. Louis Park:14;Woodbury:25
Uncle Arnie's Straw Lemonade 10mg THC 4pk 12oz can,Beverages,"Capitol Beverage Sales, L.P.",232,23.1,10.0,10.0,17.49,14.96,43,,93,324,St. Louis Park:1;Woodbury:1;Andover:2;Chanhassen:2;Minnetonka:4;Ramsey:6;Osseo:6;Plymouth:9;Minneapolis:10;Vadnais Heights:11;Stillwater:14;Rosemount:17;Cottage Grove:27;Blaine:30;Roseville:45;Bloomington:47
Sweet Leaves Passion Fruit 5mg THC 10 Pack,Edibles,"Sweet Leaves, LLC",95,23.1,4.1,5.2,11.49,9.96,55,Direct Ship to Blaine,119,206,St. Louis Park:1;Minneapolis:1;Rosemount:2;Andover:2;Plymouth:3;Minnetonka:5;Osseo:5;Ramsey:7;Woodbury:7;Cottage Grove:8;Roseville:9;Chanhassen:10;Vadnais Heights:15;Stillwater:21
Hippie Water Garden Party 10mg THC 4pk 12oz can,Beverages,Get Chai,187,22.6,8.3,10.01,10.99,7.86,9,Pallet Buy 104 Case,75,388,Woodbury:1;Vadnais Heights:1;Rosemount:3;Plymouth:5;Ramsey:7;Roseville:8;St. Louis Park:8;Minnetonka:15;Osseo:18;Minneapolis:25;Chanhassen:30;Blaine:66
Sweet Leaves Pink Lemon 5mg THC 10 Pack,Edibles,"Sweet Leaves, LLC",115,22.4,5.1,5.2,11.49,9.96,55,Direct Ship to Blaine,102,260,Minnetonka:1;Rosemount:1;Minneapolis:1;Blaine:3;Cottage Grove:6;Woodbury:6;Plymouth:11;Roseville:11;Chanhassen:16;Ramsey:27;Andover:33
Gigli 10mg THC Variety Seltzer 12pk 12oz can,Beverages,Gigli MN LLC,427,22.3,19.2,26.1,43.49,29.96,40,,103,253,Minnetonka:10;Cottage Grove:11;Osseo:13;Ramsey:15;Chanhassen:17;Plymouth:19;Stillwater:21;Andover:23;Roseville:23;Woodbury:24;Rosemount:25;Blaine:36;St. Louis Park:38;Bloomington:41;Minneapolis:49;Vadnais Heights:62
Looner Pink Lemonade 10mg THC 4pk 12oz can,Beverages,Global Reserve LLC,102,22.3,4.6,11.2,22.49,14.96,50,,84,340,Ramsey:0;Woodbury:1;Minnetonka:1;Roseville:3;Osseo:4;Chanhassen:5;Blaine:5;St. Louis Park:5;Rosemount:6;Cottage Grove:7;Bloomington:10;Stillwater:11;Minneapolis:13;Andover:13;Plymouth:14
Plift Variety Pack 12pk 7.5oz can 10mg THC,Beverages,"Capitol Beverage Sales, L.P.",261,22.1,11.8,23.04,40.99,34.96,44,,88,313,Minneapolis:1;Minnetonka:3;Stillwater:5;Osseo:7;Rosemount:7;Chanhassen:7;Vadnais Heights:7;Plymouth:11;St. Louis Park:12;Woodbury:13;Cottage Grove:14;Roseville:14;Ramsey:16;Blaine:17;Andover:30;Bloomington:97
GRAV Natural 10mg THC 50ml btl,Beverages,Gravitron LLC dba GRAV,269,22.1,12.2,1.84,4.99,4.46,63,,85,327,Ramsey:3;Stillwater:6;Bloomington:6;Blaine:6;Minnetonka:7;Andover:8;St. Louis Park:8;Vadnais Heights:9;Roseville:9;Osseo:10;Minneapolis:15;Rosemount:26;Chanhassen:33;Plymouth:37;Woodbury:42;Cottage Grove:44
Happy Duck Tangerine 5mg THC 10pk,Edibles,Happy Duck LLC,370,21.6,17.1,4.5,9.99,7.96,55,15c,117,169,Minnetonka:9;Plymouth:12;Woodbury:13;Cottage Grove:14;Osseo:15;Blaine:16;Roseville:17;Ramsey:17;Chanhassen:17;Rosemount:20;Andover:28;Minneapolis:42;Vadnais Heights:43;Bloomington:46;St. Louis Park:61
Plift Select Peach 83mg THC 750ml Btl,Beverages,"Capitol Beverage Sales, L.P.",172,21.4,8.0,10.16,22.99,19.96,56,,106,212,Minnetonka:1;Cottage Grove:6;Vadnais Heights:7;Stillwater:8;Osseo:9;Ramsey:9;Roseville:9;Minneapolis:11;Chanhassen:12;Bloomington:12;Andover:12;Blaine:16;Rosemount:16;Plymouth:21;Woodbury:23
Stigma Lemonade Tea 10mg THC 4pk 16oz can,Beverages,Artisan Beer,129,21.2,6.1,9.15,16.99,14.96,46,"10 Free on 104, 3 from Stigma, 7 from Artisan",98,240,Bloomington:1;St. Louis Park:1;Ramsey:1;Rosemount:2;Woodbury:2;Andover:2;Minneapolis:4;Osseo:4;Minnetonka:5;Vadnais Heights:8;Roseville:9;Cottage Grove:9;Chanhassen:10;Plymouth:12;Blaine:61
Rythm Sativa 10mg THC 4pk 12oz can,Beverages,"Hohensteins, Inc.",100,21.2,4.7,9.08,15.99,13.96,43,,107,200,Bloomington:1;Minnetonka:3;Rosemount:3;Stillwater:3;Cottage Grove:4;Roseville:5;Osseo:6;Ramsey:6;St. Louis Park:6;Woodbury:7;Vadnais Heights:8;Andover:8;Chanhassen:9;Minneapolis:10;Plymouth:10;Blaine:11
Looner Zenith Strawberry Gummies 5mg THC 10 Pack,Edibles,Global Reserve LLC,122,20.8,5.9,5.0,12.99,10.96,62,,90,263,Plymouth:1;Cottage Grove:4;Ramsey:4;Blaine:4;Vadnais Heights:5;Osseo:6;Roseville:6;Chanhassen:6;Bloomington:7;Rosemount:9;Minnetonka:11;Minneapolis:12;Andover:14;St. Louis Park:16;Woodbury:17
Daizy's Cream Soda 10mg THC 4pk 12oz can,Beverages,Phillips Wine & Spirits - St. Paul,168,20.8,8.1,9.28,14.99,12.96,38,,92,256,Cottage Grove:4;Chanhassen:5;Osseo:5;Roseville:5;Minneapolis:5;Rosemount:5;St. Louis Park:7;Andover:7;Ramsey:9;Stillwater:10;Blaine:16;Minnetonka:17;Plymouth:17;Woodbury:21;Bloomington:35
Nothing But Hemp Blue Dream 10mg 5 Pack,Edibles,Nothing But Hemp LLC,263,20.8,12.6,3.5,17.49,14.96,80,,83,295,Cottage Grove:5;Minneapolis:11;Chanhassen:11;St. Louis Park:11;Vadnais Heights:12;Bloomington:12;Plymouth:13;Minnetonka:17;Rosemount:18;Blaine:18;Andover:20;Roseville:22;Woodbury:23;Ramsey:24;Osseo:46
GRAV Pink Lemonade 10mg THC 50ml btl,Beverages,Gravitron LLC dba GRAV,337,20.2,16.7,1.84,4.99,4.46,63,,81,285,Stillwater:4;Plymouth:7;Bloomington:7;Chanhassen:10;Osseo:10;Ramsey:10;Minneapolis:13;Andover:20;Rosemount:22;Roseville:23;Vadnais Heights:26;Woodbury:29;St. Louis Park:34;Cottage Grove:54;Blaine:68
Looner Zenith Blackberry Gummies 5mg THC 10 Pack,Edibles,Global Reserve LLC,128,20.2,6.3,5.0,12.99,10.96,62,,80,288,Osseo:2;Andover:3;Woodbury:4;Roseville:5;Cottage Grove:8;Minnetonka:9;St. Louis Park:9;Chanhassen:10;Minneapolis:10;Bloomington:11;Ramsey:12;Rosemount:12;Plymouth:12;Blaine:21
Nothing But Hemp Mimosa 10mg 5 Pack,Edibles,Nothing But Hemp LLC,176,20.1,8.7,3.5,17.49,14.96,80,,78,296,Minneapolis:1;Woodbury:2;Minnetonka:3;Osseo:3;Roseville:4;Bloomington:10;Ramsey:13;Blaine:13;Andover:19;Rosemount:19;Plymouth:19;St. Louis Park:21;Chanhassen:24;Vadnais Heights:25
North Canna High Tonics Variety Pack 10mg THC,Beverages,NOR North Brands LLC,38,20.0,1.9,16.67,30.99,23.96,46,,86,256,Minnetonka:1;Chanhassen:1;Minneapolis:1;St. Louis Park:1;Woodbury:1;Bloomington:2;Stillwater:2;Roseville:2;Ramsey:3;Blaine:3;Rosemount:6;Andover:8;Plymouth:11
Plift Select Orange 83mg THC 750ml Btl,Beverages,"Capitol Beverage Sales, L.P.",211,19.7,10.7,10.49,22.99,19.96,54,,94,209,Minnetonka:4;Stillwater:4;Bloomington:5;Ramsey:8;Osseo:8;Chanhassen:11;Cottage Grove:12;Minneapolis:12;Vadnais Heights:15;Andover:17;Roseville:17;Rosemount:18;Plymouth:18;St. Louis Park:19;Blaine:20;Woodbury:23
OFFFIELD High Performance Sports Drink Original Lime 10mg THC 12oz can,Beverages,Get Chai,422,19.4,21.7,3.14,6.99,2.86,55,,85,242,Cottage Grove:31;Roseville:2;Plymouth:6;Andover:12;Vadnais Heights:21;Osseo:23;Stillwater:23;Rosemount:26;Bloomington:31;Minneapolis:32;Blaine:75;Chanhassen:142
Minny Grown St. Croix Sunrise Yummy Gummy Bar 50mg THC,Edibles,Bellboy Corporation,43,19.4,2.2,6.0,13.79,11.96,56,$200 order qty per store,52,390,St. Louis Park:1;Rosemount:1;Ramsey:2;Minnetonka:3;Osseo:3;Plymouth:4;Bloomington:5;Chanhassen:5;Cottage Grove:9;Andover:10
You Betcha Daytime 10mg THC 4pk 12oz can,Beverages,"North Star Hemp, LLC",94,19.4,4.8,10.0,18.99,15.96,47,,79,269,Ramsey:1;St. Louis Park:1;Cottage Grove:2;Vadnais Heights:2;Blaine:3;Minneapolis:4;Minnetonka:6;Bloomington:6;Osseo:6;Rosemount:6;Plymouth:7;Chanhassen:8;Roseville:8;Stillwater:8;Woodbury:12;Andover:14
Stigma Lime Seltzer 10mg THC 4pk 16oz can,Beverages,Artisan Beer,166,19.4,8.6,9.15,16.99,14.96,46,"10 Free on 104, 3 from Stigma, 7 from Artisan",86,236,Minnetonka:1;Bloomington:1;Andover:1;Cottage Grove:2;Roseville:2;Minneapolis:4;Woodbury:4;Rosemount:5;Stillwater:5;Plymouth:5;Osseo:6;Vadnais Heights:11;St. Louis Park:11;Ramsey:12;Chanhassen:17;Blaine:79
Brez Extra Black Cherry 10mg THC 4pk 12oz can,Beverages,Bellboy Corporation,368,19.3,19.1,12.17,21.99,16.96,45,,90,214,Minnetonka:10;Ramsey:13;Woodbury:13;Stillwater:14;Andover:14;Osseo:15;Chanhassen:17;St. Louis Park:18;Blaine:19;Bloomington:21;Plymouth:22;Vadnais Heights:22;Cottage Grove:27;Roseville:29;Minneapolis:43;Rosemount:71
Looner 10mg THC Lemonade Variety Pack 12pk 12oz can,Beverages,Global Reserve LLC,114,19.1,6.0,27.5,52.99,40.96,48,,84,235,Plymouth:1;Rosemount:3;Stillwater:4;Vadnais Heights:4;Bloomington:4;Minnetonka:4;Osseo:4;Roseville:4;Chanhassen:5;St. Louis Park:7;Blaine:7;Woodbury:9;Minneapolis:10;Cottage Grove:11;Andover:16;Ramsey:21
Birch's Blueberry 10mg THC 4pk 12oz can,Beverages,Birch's on the Lake,177,19.0,9.3,8.0,17.49,14.96,54,,80,252,Cottage Grove:0;Roseville:1;Minnetonka:5;Chanhassen:6;Minneapolis:6;Vadnais Heights:7;Woodbury:7;Stillwater:8;Rosemount:11;Blaine:13;Andover:13;Ramsey:14;Osseo:15;Plymouth:18;St. Louis Park:19;Bloomington:29
Looner Root Beer 10mg THC Soda 12oz can,Beverages,Single Can,0,18.8,0.0,2.8,5.99,4.96,53,,79,250,
Jixxie Peach Rhubarb 10mg THC 4pk 12oz can,Beverages,"Jixxie, Inc.",96,18.7,5.1,7.83,13.99,12.96,44,,79,244,Minneapolis:1;Andover:2;Chanhassen:3;Vadnais Heights:3;Woodbury:4;Cottage Grove:5;Osseo:5;Blaine:6;Bloomington:6;Stillwater:7;Plymouth:7;Roseville:8;St. Louis Park:8;Minnetonka:9;Rosemount:10;Ramsey:12
Uncle Arnie's Grape Soda 10mg THC 4pk 12oz can,Beverages,,84,18.6,4.5,10.0,17.49,14.96,43,,75,261,Stillwater:9;Andover:1;Cottage Grove:1;Plymouth:2;Roseville:2;Minnetonka:3;Vadnais Heights:3;Blaine:4;Ramsey:8;Osseo:8;Minneapolis:9;Bloomington:10;St. Louis Park:11;Chanhassen:13
OFFFIELD High Performance Sports Drink Dragon Fruit Lemonade 10mg THC 12oz can,Beverages,Get Chai,426,18.5,23.0,3.14,6.99,2.86,55,,80,236,Cottage Grove:29;Minnetonka:2;Woodbury:3;Plymouth:4;Blaine:12;Andover:13;Ramsey:13;Osseo:23;Vadnais Heights:26;Bloomington:26;Minneapolis:29;Rosemount:30;Stillwater:35;Roseville:37;Chanhassen:144
Leafy Margarita 10mg THC 12oz can,Beverages,Get Chai,977,18.5,52.7,2.23,5.99,4.96,63,60 Day Reorder Time,64,308,Rosemount:18;Vadnais Heights:19;Plymouth:28;Minneapolis:36;Stillwater:44;Woodbury:49;Osseo:50;Roseville:58;St. Louis Park:59;Ramsey:74;Blaine:76;Andover:78;Chanhassen:89;Bloomington:97;Minnetonka:101;Cottage Grove:101
Insight Flavor Pixels 10mg THC Variety 12pk 12oz can,Beverages,Insight Brewing Company (D),56,18.5,3.0,24.78,47.49,33.96,48,Quarterly buy,79,240,Chanhassen:1;Cottage Grove:1;Osseo:2;Woodbury:2;Bloomington:3;Minnetonka:3;Ramsey:3;Minneapolis:4;Vadnais Heights:4;Andover:4;Roseville:4;Rosemount:5;Plymouth:6;Blaine:6;St. Louis Park:9
Smokiez Blackberry Lemonade 4pk 12oz can,Beverages,Bellboy Corporation,68,18.4,3.7,13.33,18.99,15.96,30,Case 1,72,269,Rosemount:1;Minnetonka:2;Ramsey:3;Osseo:3;Stillwater:4;Bloomington:4;Cottage Grove:4;Woodbury:4;St. Louis Park:5;Minneapolis:6;Andover:8;Roseville:12;Blaine:12
Looner Pink Lemonade 10mg THC 12oz can,Beverages,Single Can,0,18.0,0.0,2.8,5.99,4.96,53,,76,236,
Odder Berry Pineapple 10mg THC 4pk 12oz can,Beverages,Wild State Cider,113,17.9,6.3,6.67,11.49,10.96,42,Pallet Orders,79,221,Minneapolis:2;Minnetonka:3;Plymouth:3;Ramsey:4;Blaine:5;Roseville:6;Chanhassen:7;St. Louis Park:7;Cottage Grove:8;Osseo:9;Bloomington:11;Andover:12;Rosemount:16;Vadnais Heights:20
Drops Orange Creative 5mg THC 10 Pack,Edibles,Global Reserve LLC,135,17.8,7.6,6.0,14.99,12.96,60,Case 1,76,229,Bloomington:1;Osseo:3;Plymouth:5;Roseville:5;Cottage Grove:6;St. Louis Park:7;Andover:8;Minnetonka:10;Ramsey:10;Stillwater:10;Rosemount:10;Vadnais Heights:11;Minneapolis:14;Blaine:15;Woodbury:21
Hippie Water Winter Groove 10mg THC 4pk 12oz can,Beverages,Get Chai,182,17.7,10.3,10.01,10.99,9.95,9,Pallet Buy 104 Case,64,280,Roseville:2;Vadnais Heights:6;Stillwater:7;Chanhassen:7;Rosemount:8;Bloomington:8;Cottage Grove:9;Woodbury:9;Osseo:10;St. Louis Park:10;Minnetonka:17;Ramsey:18;Minneapolis:21;Andover:25;Blaine:25
Wikid Bramble 10mg THC 4pk 12oz can,Beverages,Bellboy Corporation,147,17.5,8.4,11.2,23.99,16.96,53,FG From Supplier,80,202,Andover:5;Stillwater:6;Cottage Grove:7;Ramsey:7;St. Louis Park:7;Rosemount:8;Chanhassen:9;Minnetonka:9;Osseo:9;Bloomington:9;Roseville:10;Minneapolis:10;Vadnais Heights:11;Plymouth:11;Woodbury:14;Blaine:15
Leafy Espresso Martini 10mg THC 12oz can,Beverages,Get Chai,982,17.4,56.6,2.23,5.99,4.96,63,60 Day Reorder Time,72,234,St. Louis Park:19;Stillwater:25;Osseo:25;Woodbury:26;Ramsey:34;Vadnais Heights:37;Minneapolis:44;Plymouth:46;Rosemount:50;Chanhassen:55;Blaine:59;Roseville:64;Bloomington:88;Cottage Grove:103;Andover:105;Minnetonka:202
Looner Sweet Orange Soda 10mg THC 12oz can,Beverages,Single Can,0,17.3,0.0,2.8,5.99,4.96,53,,73,227,
Gigli Citrus Seltzer 10mg THC 4pk 12oz can,Beverages,Discontinued,160,17.3,9.2,9.75,18.99,14.96,49,,80,197,Chanhassen:1;Roseville:1;Woodbury:1;Minnetonka:2;Plymouth:2;St. Louis Park:5;Osseo:7;Rosemount:13;Minneapolis:15;Ramsey:15;Cottage Grove:18;Blaine:19;Vadnais Heights:20;Andover:20;Bloomington:21
Senorita Variety Pack 10mg THC 8pk 12oz can,Beverages,"Hohensteins, Inc.",139,17.3,8.0,18.23,31.99,26.96,43,,83,182,Rosemount:2;Stillwater:4;Ramsey:5;Andover:5;Plymouth:5;Minnetonka:6;Osseo:6;Vadnais Heights:6;Bloomington:8;Chanhassen:9;Woodbury:9;St. Louis Park:13;Cottage Grove:13;Blaine:14;Minneapolis:16;Roseville:18
Drops Black Currant Deep 5mg THC 10 Pack,Edibles,Global Reserve LLC,102,17.2,5.9,6.0,14.99,12.96,60,Case 1,82,185,Ramsey:2;St. Louis Park:2;Minnetonka:4;Cottage Grove:5;Andover:5;Osseo:5;Bloomington:5;Blaine:6;Rosemount:6;Minneapolis:8;Woodbury:9;Stillwater:10;Vadnais Heights:10;Plymouth:11;Roseville:19
Looner Professor Pepper 10mg THC 12oz can,Beverages,Single Can,0,17.1,0.0,2.8,5.99,4.96,53,,69,238,
Stigma Club Soda 10mg THC 4pk 16oz can,Beverages,Artisan Beer,146,17.0,8.6,9.15,16.99,14.96,46,"10 Free on 104, 3 from Stigma, 7 from Artisan",79,192,Vadnais Heights:1;Chanhassen:1;Rosemount:2;Woodbury:3;Ramsey:3;Stillwater:3;Minnetonka:4;Bloomington:5;Cottage Grove:5;Andover:6;Osseo:6;Minneapolis:7;St. Louis Park:9;Plymouth:10;Blaine:81
Uncle Arnie's Orange Soda 10mg THC 4pk 12oz can,Beverages,,128,16.9,7.6,7.93,17.49,14.96,55,,71,223,Woodbury:1;Rosemount:4;Cottage Grove:20;Stillwater:21;St. Louis Park:2;Blaine:2;Andover:4;Minneapolis:5;Vadnais Heights:5;Osseo:7;Roseville:8;Plymouth:11;Ramsey:12;Minnetonka:13;Bloomington:13
Granny's Cheddar Pretzels 50mg THC 50pk,Edibles,"Capitol Beverage Sales, L.P.",100,16.9,5.9,10.0,15.99,12.96,37,,67,241,Rosemount:1;St. Louis Park:1;Plymouth:1;Bloomington:4;Chanhassen:4;Blaine:5;Andover:6;Vadnais Heights:6;Minnetonka:8;Osseo:8;Ramsey:9;Roseville:9;Minneapolis:9;Woodbury:10;Cottage Grove:19
Minny Grown CBD Chillbeary 10 Pack,Edibles,Bellboy Corporation,101,16.8,6.0,8.0,17.49,14.96,54,$200 order qty per store,71,221,Plymouth:2;Cottage Grove:3;Rosemount:3;Woodbury:4;Andover:5;Ramsey:6;Blaine:6;St. Louis Park:6;Chanhassen:7;Minneapolis:8;Minnetonka:11;Vadnais Heights:12;Bloomington:12;Roseville:16
Voltage Mango-Colada 10mg THC 4pk 12oz can,Beverages,Credo Brands LLC,223,16.8,13.2,6.16,15.99,13.96,61,,47,330,Cottage Grove:6;Woodbury:6;Chanhassen:7;Minnetonka:12;Stillwater:14;Vadnais Heights:14;Minneapolis:16;Osseo:17;Ramsey:19;Bloomington:23;Andover:26;Roseville:29;St. Louis Park:34
Green Monke Remix Variety Pack 10MG THC 12pk 12oz can,Beverages,Phillips Wine & Spirits - St. Paul,80,16.8,4.7,29.5,38.99,32.96,24,,75,204,Ramsey:2;Stillwater:2;Andover:2;Roseville:2;Vadnais Heights:2;Woodbury:2;Osseo:3;Rosemount:3;Cottage Grove:4;Chanhassen:4;Minnetonka:4;St. Louis Park:8;Minneapolis:9;Plymouth:9;Bloomington:10;Blaine:14
Utepils Happy Pack 10mg THC 12pk 12oz can,Beverages,"Breakthru Beverage Minnesota Beer, LLC",105,16.7,6.3,22.35,42.99,35.96,48,Case 1,68,232,Andover:1;Vadnais Heights:1;Minneapolis:2;Ramsey:2;Minnetonka:2;Rosemount:2;Osseo:3;Stillwater:8;Woodbury:9;Chanhassen:9;Cottage Grove:12;St. Louis Park:12;Plymouth:13;Bloomington:14;Blaine:15
Gigli Watermelon 5mg THC 10 Pack,Edibles,Gigli MN LLC,215,16.6,13.0,5.0,11.99,9.96,58,,67,232,Cottage Grove:9;St. Louis Park:9;Plymouth:9;Bloomington:10;Osseo:10;Blaine:11;Ramsey:11;Rosemount:12;Chanhassen:14;Minneapolis:14;Andover:21;Vadnais Heights:22;Roseville:24;Woodbury:39
Minny Grown Caramel Apple Alien Abduction Yummy Gummy Bar 50mg THC,Edibles,Bellboy Corporation,89,16.5,5.4,6.0,17.49,14.96,66,$200 order qty per store,71,211,St. Louis Park:1;Andover:4;Plymouth:4;Vadnais Heights:4;Minnetonka:5;Bloomington:9;Osseo:9;Chanhassen:10;Minneapolis:10;Rosemount:10;Blaine:10;Cottage Grove:13
Hippie Water Island Getaway 10mg THC 4pk 12oz can,Beverages,Get Chai,152,16.4,9.2,10.01,10.99,7.86,9,Pallet Buy 104 Case,53,290,Rosemount:2;Roseville:2;Vadnais Heights:2;Andover:2;Ramsey:7;Stillwater:9;St. Louis Park:10;Osseo:13;Chanhassen:13;Plymouth:14;Minnetonka:19;Blaine:27;Minneapolis:32
Plift Juicy Grapefruit 10mg THC 4pk 7.5oz can,Beverages,"Capitol Beverage Sales, L.P.",108,16.4,6.6,11.33,15.99,13.96,29,,75,189,Vadnais Heights:1;St. Louis Park:2;Minnetonka:3;Plymouth:4;Roseville:4;Stillwater:4;Rosemount:4;Woodbury:5;Andover:8;Blaine:9;Minneapolis:9;Osseo:10;Chanhassen:14;Ramsey:15;Bloomington:16
Acre Strawberry Tangerine 10mg THC 4pk 12oz can,Beverages,Mega Beer LLC,139,16.2,8.6,7.0,12.49,10.96,44,3cs Min Buy,74,189,Woodbury:3;Osseo:4;Chanhassen:5;Bloomington:5;St. Louis Park:5;Cottage Grove:6;Andover:7;Plymouth:8;Ramsey:8;Minneapolis:9;Rosemount:10;Vadnais Heights:10;Stillwater:12;Minnetonka:13;Roseville:16;Blaine:18
Minny Grown Highbernate 2.0 Yummy Gummy Bar 50mg THC,Edibles,Bellboy Corporation,104,15.8,6.6,6.0,13.79,11.96,56,$200 order qty per store,60,237,Woodbury:1;Plymouth:3;Roseville:3;Rosemount:4;St. Louis Park:4;Cottage Grove:5;Andover:7;Osseo:8;Minnetonka:9;Minneapolis:10;Blaine:10;Vadnais Heights:12;Chanhassen:13;Ramsey:15
Insight Flavor Pixels Black Lemon 10mg 12pk 12oz can,Beverages,Insight Brewing Company (D),36,15.7,2.3,24.78,47.49,33.96,48,Quarterly buy,64,218,Minnetonka:1;Cottage Grove:1;Roseville:1;Chanhassen:1;Blaine:2;Andover:2;St. Louis Park:2;Minneapolis:3;Stillwater:3;Rosemount:3;Ramsey:4;Vadnais Heights:4;Plymouth:4;Woodbury:5
Plift Zero Sugar Variety Pack 10mg THC 12pk 7.5oz can,Beverages,"Capitol Beverage Sales, L.P.",121,15.7,7.7,18.9,40.99,34.96,54,,64,218,Minneapolis:2;Minnetonka:2;Woodbury:3;Plymouth:3;Vadnais Heights:4;Rosemount:4;Stillwater:6;St. Louis Park:6;Cottage Grove:7;Andover:9;Ramsey:10;Osseo:10;Blaine:10;Chanhassen:13;Bloomington:15;Roseville:17
Acre Ginger Lime 10mg THC 4pk 12oz can,Beverages,56 Brewing,190,15.6,12.2,7.0,12.49,10.96,44,3cs Min Buy,68,194,Woodbury:2;Ramsey:4;Minnetonka:9;Vadnais Heights:9;Stillwater:10;Cottage Grove:11;Osseo:11;Minneapolis:11;Blaine:12;St. Louis Park:12;Andover:14;Chanhassen:14;Bloomington:15;Plymouth:16;Rosemount:18;Roseville:22
GRAV Wild Raspberry 10mg THC 50ml btl,Beverages,Gravitron LLC dba GRAV,349,15.6,22.3,1.84,4.99,4.46,63,,44,304,Plymouth:2;Roseville:4;Minnetonka:6;Rosemount:9;Stillwater:11;Osseo:12;St. Louis Park:14;Ramsey:16;Woodbury:17;Vadnais Heights:18;Andover:18;Bloomington:19;Minneapolis:26;Chanhassen:49;Cottage Grove:49;Blaine:79
Wikid Mimosa 10mg THC 4pk 12oz can,Beverages,Bellboy Corporation,105,15.6,6.7,11.2,17.49,16.96,36,FG From Supplier,73,173,Ramsey:1;Blaine:1;Rosemount:2;Stillwater:3;Cottage Grove:3;Plymouth:3;Andover:5;Osseo:5;Roseville:5;Chanhassen:7;Minneapolis:7;St. Louis Park:8;Bloomington:9;Woodbury:13;Minnetonka:16;Vadnais Heights:17
Smokiez Watermelon THC 10 pack,Edibles,Bellboy Corporation,70,15.4,4.5,5.5,15.49,12.96,64,Case 1,59,230,St. Louis Park:3;Bloomington:3;Plymouth:7;Roseville:7;Minnetonka:8;Rosemount:9;Ramsey:9;Blaine:11;Cottage Grove:13
Clrty Variety 10mg THC 12pk 12oz can,Beverages,"Capitol Beverage Sales, L.P.",79,15.4,5.1,25.54,53.99,44.96,53,,64,207,Minneapolis:2;Roseville:2;Ramsey:3;St. Louis Park:3;Minnetonka:4;Plymouth:4;Osseo:4;Cottage Grove:5;Andover:5;Stillwater:8;Rosemount:8;Bloomington:12;Blaine:19
Gigli Pineapple Mojito 10mg THC 4pk 12oz can,Beverages,Gigli MN LLC,355,15.4,23.1,9.75,18.99,14.96,49,,66,197,Stillwater:7;Osseo:14;Ramsey:15;Minnetonka:16;Chanhassen:18;Vadnais Heights:19;Bloomington:20;Cottage Grove:21;St. Louis Park:21;Woodbury:21;Minneapolis:22;Plymouth:27;Roseville:29;Andover:33;Rosemount:35;Blaine:37
Nothing But Hemp Maui Wowie 10mg THC 5 Pack,Edibles,Nothing But Hemp LLC,195,15.3,12.7,3.5,17.49,14.96,80,,62,214,Chanhassen:1;Woodbury:1;St. Louis Park:2;Bloomington:4;Minneapolis:6;Ramsey:7;Blaine:10;Roseville:12;Cottage Grove:16;Minnetonka:21;Osseo:22;Rosemount:22;Vadnais Heights:24;Andover:47
Wikid Paloma 10mg THC 4pk 12oz can,Beverages,Bellboy Corporation,138,15.3,9.0,11.2,23.99,16.96,53,FG From Supplier,75,154,Cottage Grove:2;Ramsey:4;Andover:5;Plymouth:5;Stillwater:5;Blaine:5;Osseo:7;Rosemount:8;Roseville:8;Vadnais Heights:11;Chanhassen:12;Woodbury:15;Minnetonka:15;Bloomington:16;St. Louis Park:20
Green Monke Blue Raspberry 10mg THC 4pk 12oz can,Beverages,Phillips Wine & Spirits - St. Paul,71,15.2,4.7,10.82,15.99,13.96,32,,71,168,Cottage Grove:1;St. Louis Park:2;Minneapolis:3;Minnetonka:3;Osseo:3;Ramsey:3;Vadnais Heights:4;Stillwater:5;Bloomington:5;Blaine:9;Rosemount:10;Woodbury:11;Chanhassen:12
Wild State Birdie THC Variety 9pk 12oz can,Beverages,Wild State Cider,126,14.9,8.4,20.0,33.49,27.96,40,,61,206,Stillwater:3;Roseville:5;Plymouth:5;Andover:6;Cottage Grove:7;St. Louis Park:7;Woodbury:9;Rosemount:10;Minneapolis:11;Bloomington:13;Minnetonka:14;Ramsey:15;Osseo:21
Looner Peach Lemonade 10mg THC 4pk 12oz can,Beverages,Global Reserve LLC,102,14.9,6.8,11.2,22.49,14.96,50,,62,200,Chanhassen:0;Roseville:1;Osseo:2;Blaine:3;Minneapolis:3;Minnetonka:4;Ramsey:4;Plymouth:4;Cottage Grove:5;Stillwater:5;Bloomington:6;Vadnais Heights:6;Rosemount:9;St. Louis Park:10;Woodbury:16;Andover:17
Minny Grown Lemon Drop-let's 4pk 12oz can,Beverages,Bellboy Corporation,23,14.8,1.5,11.0,19.99,16.96,45,$200 order qty per store,36,315,Ramsey:2;St. Louis Park:4;Stillwater:5;Cottage Grove:12
Odder Mango Guava 10mg THC 4pk 12oz can,Beverages,Wild State Cider,153,14.7,10.4,6.67,11.49,10.96,42,Pallet Orders,58,213,Chanhassen:3;Minneapolis:3;Andover:4;Osseo:4;Ramsey:4;Minnetonka:5;Blaine:6;Woodbury:8;St. Louis Park:8;Bloomington:10;Cottage Grove:11;Plymouth:15;Roseville:15;Vadnais Heights:16;Stillwater:17;Rosemount:24
Uncle Arnie's Ice Tea Lemonade 10mg THC 4pk 12oz can,Beverages,"Capitol Beverage Sales, L.P.",194,14.7,13.2,10.0,17.49,14.96,43,,64,186,Plymouth:1;St. Louis Park:2;Andover:3;Osseo:3;Cottage Grove:5;Woodbury:6;Minneapolis:6;Minnetonka:7;Vadnais Heights:8;Chanhassen:9;Ramsey:10;Blaine:10;Rosemount:13;Stillwater:13;Bloomington:43;Roseville:55
Daizy's Orange Cream 10mg THC 4pk 12oz can,Beverages,Phillips Wine & Spirits - St. Paul,128,14.6,8.8,9.06,14.99,12.96,40,,70,154,Plymouth:1;Bloomington:3;Cottage Grove:3;St. Louis Park:4;Woodbury:4;Minnetonka:5;Ramsey:5;Vadnais Heights:5;Osseo:6;Andover:6;Chanhassen:6;Stillwater:6;Minneapolis:9;Rosemount:10;Roseville:11;Blaine:44
Drops Lemon Active 5mg THC 10 Pack,Edibles,Global Reserve LLC,144,14.6,9.9,6.0,14.99,12.96,60,Case 1,53,231,Osseo:2;Rosemount:2;Minnetonka:2;Andover:4;Blaine:5;Ramsey:5;Cottage Grove:5;Minneapolis:7;Vadnais Heights:8;Stillwater:10;Bloomington:11;Chanhassen:11;Roseville:12;Plymouth:12;St. Louis Park:12;Woodbury:36
Nothing But Hemp Agent Orange 10mg 5 Pack,Edibles,Nothing But Hemp LLC,279,14.2,19.7,3.5,17.49,14.96,80,,63,172,Plymouth:1;Roseville:5;Blaine:9;Chanhassen:14;Minneapolis:14;Vadnais Heights:20;St. Louis Park:20;Cottage Grove:21;Bloomington:22;Osseo:23;Rosemount:23;Minnetonka:24;Ramsey:24;Andover:27;Woodbury:32
Gigli Blood Orange Margarita 5mg THC 4pk 12oz can,Beverages,Gigli MN LLC,344,14.2,24.1,8.67,17.49,12.96,50,,62,179,Osseo:6;Ramsey:11;Stillwater:12;Vadnais Heights:14;Minnetonka:16;Rosemount:17;Chanhassen:18;St. Louis Park:19;Cottage Grove:22;Woodbury:22;Bloomington:23;Minneapolis:27;Plymouth:30;Andover:34;Roseville:34;Blaine:39
Granny's Pear-Ginger 5mg THC Gummies 10pk,Edibles,"Capitol Beverage Sales, L.P.",134,14.1,9.5,5.7,9.99,7.96,43,,61,180,Vadnais Heights:1;Rosemount:1;Plymouth:2;Woodbury:3;Chanhassen:5;St. Louis Park:6;Andover:7;Minnetonka:10;Osseo:10;Cottage Grove:11;Minneapolis:15;Roseville:16;Ramsey:21;Bloomington:26
Daizy's Tropical Punch 10mg THC 4pk 12oz can,Beverages,Phillips Wine & Spirits - St. Paul,99,14.1,7.0,9.06,14.99,12.96,40,,62,173,Minnetonka:1;Rosemount:1;St. Louis Park:1;Osseo:2;Roseville:2;Ramsey:3;Andover:5;Plymouth:5;Woodbury:5;Chanhassen:6;Minneapolis:10;Cottage Grove:10;Bloomington:11;Stillwater:12;Vadnais Heights:12;Blaine:13
Leafy Sparkling Wild Straw Lemon Basil 10mg THC 12oz can,Beverages,Get Chai,767,14.0,54.8,2.23,5.99,4.96,63,60 Day Reorder Time,52,216,Plymouth:8;Rosemount:10;Minneapolis:15;Andover:25;St. Louis Park:27;Osseo:36;Stillwater:39;Ramsey:44;Roseville:61;Blaine:63;Woodbury:65;Minnetonka:66;Chanhassen:71;Vadnais Heights:72;Bloomington:77;Cottage Grove:88
Looner Root Beer 5mg THC 4pk 12oz can,Beverages,Global Reserve LLC,188,14.0,13.5,6.99,11.49,9.96,39,,52,215,Minnetonka:2;Chanhassen:4;Minneapolis:6;Osseo:6;Woodbury:7;Bloomington:8;Plymouth:8;Vadnais Heights:11;Stillwater:13;Andover:13;St. Louis Park:14;Rosemount:15;Roseville:18;Blaine:30;Ramsey:33
Drops Lime Balanced 5mg THC 10 Pack,Edibles,Global Reserve LLC,111,13.9,8.0,6.0,14.99,12.96,60,Case 1,60,178,Ramsey:2;Osseo:3;Chanhassen:4;Andover:5;Vadnais Heights:5;Cottage Grove:6;Blaine:7;Minnetonka:8;Rosemount:8;Plymouth:8;Woodbury:10;Roseville:19;Minneapolis:26
Leafy Old Fashioned 10mg THC 12oz can,Beverages,Get Chai,1852,13.9,133.5,2.23,5.99,4.96,63,60 Day Reorder Time,62,167,Cottage Grove:13;Blaine:56;Ramsey:74;Osseo:74;Rosemount:80;Stillwater:83;St. Louis Park:89;Bloomington:107;Roseville:115;Plymouth:122;Vadnais Heights:128;Minneapolis:133;Chanhassen:146;Woodbury:175;Minnetonka:226;Andover:231
Nothing But Hemp Strawberry Cough 10mg THC 5 Pack,Edibles,Nothing But Hemp LLC,273,13.8,19.9,3.5,23.99,19.96,85,,54,199,Osseo:4;Minneapolis:6;Minnetonka:12;Bloomington:12;Plymouth:12;St. Louis Park:16;Rosemount:17;Chanhassen:18;Andover:20;Cottage Grove:21;Ramsey:21;Blaine:22;Roseville:24;Vadnais Heights:26;Woodbury:42
Looner Deww 10mg THC 12oz can,Beverages,Single Can,0,13.8,0.0,2.8,5.99,4.96,53,,58,183,
Drops Watermelon Chill 5mg THC 10 Pack,Edibles,Global Reserve LLC,105,13.8,7.6,6.0,14.99,12.96,60,Case 1,62,164,Vadnais Heights:1;Chanhassen:3;Cottage Grove:5;Rosemount:5;Blaine:6;Roseville:6;Plymouth:7;Minneapolis:7;Ramsey:8;Woodbury:8;St. Louis Park:8;Osseo:9;Bloomington:9;Stillwater:10;Andover:13
Fetch Lemon Lime 10mg THC 4pk 12oz can,Beverages,"Capitol Beverage Sales, L.P.",63,13.7,4.6,7.0,11.49,9.96,39,,57,185,Minneapolis:1;Plymouth:2;Minnetonka:2;Stillwater:4;St. Louis Park:4;Chanhassen:5;Roseville:5;Ramsey:6;Rosemount:6;Andover:6;Vadnais Heights:6;Blaine:7;Woodbury:9
Plift Tart Lime 10mg THC 4pk 7.5 oz can,Beverages,College City Beverage,122,13.7,8.9,11.33,15.99,13.96,29,,60,170,Stillwater:2;St. Louis Park:2;Vadnais Heights:3;Minneapolis:4;Woodbury:5;Osseo:6;Roseville:6;Chanhassen:6;Minnetonka:7;Andover:7;Rosemount:7;Plymouth:8;Blaine:10;Bloomington:15;Ramsey:15;Cottage Grove:19
Leafy Raspberry Tea 10mg THC 12oz can,Beverages,Get Chai,1239,13.7,90.7,2.23,5.99,4.96,63,60 Day Reorder Time,54,196,Ramsey:12;Minneapolis:15;Blaine:20;Osseo:31;Roseville:32;St. Louis Park:46;Plymouth:69;Rosemount:78;Vadnais Heights:78;Stillwater:86;Bloomington:108;Cottage Grove:120;Chanhassen:129;Woodbury:132;Andover:139;Minnetonka:144
Gigli Mango Seltzer 10mg THC 4pk 12oz can,Beverages,Gigli MN LLC,117,13.6,8.6,9.75,18.99,14.96,49,,58,177,Chanhassen:2;Minneapolis:3;Andover:4;Plymouth:4;Ramsey:7;Stillwater:9;Minnetonka:10;Bloomington:11;Osseo:11;Roseville:11;Woodbury:14;Vadnais Heights:15;Rosemount:17
Looner Creme Soda 10mg THC 12oz can,Beverages,Single Can,0,13.6,0.0,2.8,5.99,4.96,53,,55,191,
North Star Classic Cola 10mg THC 12oz can,Beverages,Get Chai,982,13.6,72.4,,5.29,4.46,,,56,184,Minneapolis:29;Ramsey:36;Chanhassen:37;Osseo:46;Stillwater:47;Rosemount:60;Roseville:65;Vadnais Heights:67;Bloomington:69;Minnetonka:74;St. Louis Park:87;Blaine:88;Andover:90;Woodbury:92;Plymouth:95
Insight Flavor Pixels 10mg THC Variety #2 12pk 12oz can,Beverages,,35,13.5,2.6,24.78,47.49,33.96,48,Quarterly buy,61,158,Bloomington:1;Vadnais Heights:1;Roseville:1;Andover:2;Cottage Grove:3;Minneapolis:3;Stillwater:3;Osseo:4;Ramsey:4;Rosemount:4;Woodbury:4;Blaine:5
Looner Classic Lemonade 10mg THC 4pk 12oz can,Beverages,Global Reserve LLC,114,13.5,8.5,11.2,22.49,14.96,50,,54,190,Bloomington:1;Minnetonka:1;Vadnais Heights:2;Cottage Grove:2;Plymouth:3;St. Louis Park:4;Andover:4;Minneapolis:4;Roseville:4;Rosemount:5;Woodbury:7;Chanhassen:10;Osseo:12;Stillwater:13;Ramsey:14;Blaine:20
Leafy Sweet Tea Lemonade 10mg THC 12oz can,Beverages,Get Chai,1021,13.4,76.0,2.23,5.99,4.96,63,60 Day Reorder Time,56,180,Rosemount:19;Vadnais Heights:23;Minneapolis:27;Osseo:30;Ramsey:33;St. Louis Park:33;Woodbury:37;Roseville:44;Blaine:44;Plymouth:58;Stillwater:59;Minnetonka:94;Bloomington:103;Cottage Grove:126;Chanhassen:144;Andover:147
Looner Spirits Unflavored 50mg THC 750ml,Beverages,Global Reserve LLC,143,13.3,10.8,18.33,32.99,24.96,44,,33,278,Osseo:2;St. Louis Park:3;Stillwater:4;Ramsey:4;Woodbury:5;Andover:6;Minneapolis:7;Rosemount:8;Vadnais Heights:8;Cottage Grove:8;Minnetonka:8;Plymouth:8;Bloomington:11;Chanhassen:18;Roseville:18;Blaine:25
Smokiez Sour Watermelon THC 10 pack,Edibles,Bellboy Corporation,118,13.3,8.9,5.5,15.49,12.96,64,Case 1,33,280,Minnetonka:1;Blaine:7;Cottage Grove:9;Rosemount:9;Chanhassen:12;Ramsey:15;Plymouth:15;St. Louis Park:19;Minneapolis:31
Leafy Italian Roast Coffee 10mg 12oz can,Beverages,Get Chai,597,13.2,45.4,2.23,5.99,4.96,63,60 Day Reorder Time,48,207,Plymouth:6;Osseo:16;Woodbury:17;Stillwater:23;St. Louis Park:26;Rosemount:27;Minnetonka:29;Ramsey:30;Chanhassen:31;Minneapolis:32;Vadnais Heights:34;Roseville:39;Andover:48;Cottage Grove:54;Blaine:84;Bloomington:101
Wynk Black Cherry 5mg THC 6pk 12oz can,Beverages,Johnson Brothers - St. Paul,76,13.1,5.8,8.38,14.99,12.96,44,Case 1 Upfront,61,145,Osseo:1;Minneapolis:2;Andover:3;Cottage Grove:3;Minnetonka:3;Blaine:4;Ramsey:5;Stillwater:5;Chanhassen:5;Rosemount:6;Roseville:9;Bloomington:9;Woodbury:9;Plymouth:13
Looner Peach Lemonade 10mg THC 12oz can,Beverages,Single Can,0,12.9,0.0,2.8,5.99,4.96,53,,51,186,
Sweet Justice Cherry Cola 10mg THC 4pk 12oz can,Beverages,"Capitol Beverage Sales, L.P.",57,12.8,4.4,11.2,18.99,14.86,41,Support with Free cs from SJ,60,142,Ramsey:1;Osseo:1;Chanhassen:2;Minneapolis:2;Cottage Grove:3;St. Louis Park:3;Woodbury:4;Rosemount:5;Stillwater:6;Bloomington:8;Roseville:8;Andover:14
Gigli Blueberry Lemonade 5mg THC 4pk 12oz can,Beverages,Gigli MN LLC,325,12.3,26.5,8.67,17.49,12.96,50,,48,178,Minnetonka:8;Stillwater:12;Vadnais Heights:15;Osseo:16;Minneapolis:16;Ramsey:17;Chanhassen:17;Plymouth:19;Cottage Grove:20;Rosemount:21;Bloomington:25;St. Louis Park:25;Woodbury:26;Andover:26;Blaine:28;Roseville:34
You Betcha Hibiscus Mint Tea 5mg THC 4pk 12oz can,Beverages,"North Star Hemp, LLC",85,12.3,6.9,8.33,14.99,12.96,44,Currently Anytime (Blue)  – Changing to Nighttime,52,161,Andover:1;Chanhassen:2;Cottage Grove:3;Minnetonka:3;Vadnais Heights:4;Blaine:4;Rosemount:5;Plymouth:5;Bloomington:6;Ramsey:6;Woodbury:7;Minneapolis:8;Roseville:9;Stillwater:11;St. Louis Park:11
Looner Lemon Lime 10mg THC 12oz can,Beverages,Single Can,0,12.3,0.0,2.8,5.99,4.96,53,,53,156,
Minny Grown CBN Rainbow Sherbert 10 Pack,Edibles,Bellboy Corporation,113,12.1,9.3,8.0,17.49,14.96,54,$200 order qty per store,53,152,Blaine:1;Cottage Grove:2;Minneapolis:3;Vadnais Heights:3;Woodbury:3;Andover:5;Osseo:5;Ramsey:7;Bloomington:7;Minnetonka:7;Plymouth:9;Rosemount:10;Roseville:14;St. Louis Park:16;Chanhassen:21
North Canna High Tonics Prickly Pear Lime 10mg THC,Beverages,NOR North Brands LLC,59,12.0,4.9,9.67,16.99,14.96,43,,49,164,Chanhassen:2;Minneapolis:2;Osseo:2;Woodbury:2;St. Louis Park:4;Plymouth:4;Stillwater:5;Ramsey:6;Rosemount:6;Bloomington:7;Roseville:8;Andover:11
Nothing But Hemp Viking Ganja 10mg 5 Pack,Edibles,Nothing But Hemp LLC,369,12.0,30.6,3.5,17.49,14.96,80,,50,162,Vadnais Heights:4;Ramsey:10;Woodbury:13;Minnetonka:14;Bloomington:18;St. Louis Park:18;Roseville:20;Cottage Grove:21;Chanhassen:24;Plymouth:24;Andover:24;Blaine:41;Minneapolis:46;Osseo:46;Rosemount:46
Uncle Arnie's Strawberry Soda 10mg THC 4pk 12oz can,Beverages,,60,11.9,5.0,9.33,17.49,14.96,47,,47,171,Stillwater:2;Woodbury:4;Cottage Grove:7;Minneapolis:2;Minnetonka:2;Bloomington:3;Ramsey:5;Andover:5;Roseville:5;Chanhassen:6;Plymouth:6;Vadnais Heights:6;Osseo:7
Aura Blackberry Lavender Seltzer 10mg THC 4pk 12oz can,Beverages,Global Reserve LLC,104,11.8,8.8,8.5,15.99,13.96,47,,51,150,Woodbury:2;Minnetonka:4;Andover:5;Ramsey:5;Osseo:5;Rosemount:5;Vadnais Heights:5;Cottage Grove:7;Plymouth:7;Stillwater:8;Chanhassen:8;Minneapolis:9;Blaine:10;Bloomington:11;St. Louis Park:13
Wild State Lil Birdie Wild Berry Lemonade Shot 10mg 2oz shot,Beverages,Wild State Cider,1405,11.8,119.5,1.67,3.99,3.46,58,,24,270,Chanhassen:30;Rosemount:34;Plymouth:45;Minneapolis:45;Stillwater:46;Osseo:51;Blaine:54;Minnetonka:57;Roseville:66;Vadnais Heights:76;Bloomington:84;St. Louis Park:97;Ramsey:186;Woodbury:200;Andover:334
Wild State Lil Birdie Pineapple Mango Shot 10mg 2oz shot,Beverages,Wild State Cider,1587,11.8,134.1,1.67,3.99,3.46,58,,33,232,Minnetonka:22;Stillwater:22;Blaine:27;Rosemount:32;Minneapolis:53;Roseville:58;Chanhassen:62;Plymouth:75;Bloomington:105;St. Louis Park:144;Osseo:160;Ramsey:190;Vadnais Heights:190;Woodbury:206;Andover:241
Acre Hibiscus & Berry 10mg THC 4pk 12oz can,Beverages,,189,11.7,16.2,7.0,12.49,10.96,44,3cs Min Buy,52,142,Osseo:5;Ramsey:6;Rosemount:7;Woodbury:7;Vadnais Heights:7;Stillwater:9;Andover:9;Minneapolis:11;Blaine:12;Plymouth:12;Cottage Grove:12;St. Louis Park:12;Bloomington:16;Minnetonka:17;Roseville:22;Chanhassen:25
Jixxie 10mg Variety Pack 12pk 12oz cans,Beverages,Insight Brewing Company (D),64,11.7,5.5,20.01,39.99,33.96,50,,50,150,Minneapolis:1;Bloomington:2;Ramsey:2;Woodbury:2;Osseo:3;Roseville:4;St. Louis Park:4;Stillwater:5;Chanhassen:5;Rosemount:6;Blaine:6;Andover:7;Cottage Grove:8;Plymouth:9
Granny's Blast Off 10mg THC 4pk 12oz can,Beverages,"Capitol Beverage Sales, L.P.",82,11.6,7.1,11.0,17.99,14.96,39,,49,152,Minneapolis:1;Minnetonka:2;Plymouth:2;Stillwater:2;Vadnais Heights:3;Osseo:3;Rosemount:4;Cottage Grove:4;Ramsey:5;St. Louis Park:5;Chanhassen:6;Roseville:6;Bloomington:8;Woodbury:9;Blaine:10;Andover:12
Daizy's Watermelon Lime 10mg THC 4pk 12oz can,Beverages,Phillips Wine & Spirits - St. Paul,111,11.5,9.7,9.06,14.99,12.96,40,,51,139,Osseo:1;Andover:2;Chanhassen:2;Bloomington:3;Vadnais Heights:3;Blaine:4;Roseville:5;Woodbury:7;Stillwater:7;Rosemount:8;Minneapolis:10;Minnetonka:11;Ramsey:11;Cottage Grove:12;St. Louis Park:12;Plymouth:13
Jixxie Lemon Sour 10mg THC 4pk 12oz can,Beverages,"Jixxie, Inc.",77,11.2,6.8,7.83,13.99,12.96,44,,51,132,Stillwater:1;Chanhassen:1;Minneapolis:2;Minnetonka:2;Osseo:3;Andover:4;Woodbury:4;Blaine:5;Plymouth:6;Rosemount:7;Vadnais Heights:7;Bloomington:8;St. Louis Park:8;Roseville:9;Cottage Grove:10
Daizy's Root Beer 10mg THC 4pk 12oz can,Beverages,Phillips Wine & Spirits - St. Paul,96,11.1,8.6,9.65,14.99,12.96,36,,46,150,Bloomington:2;St. Louis Park:2;Vadnais Heights:2;Minnetonka:4;Osseo:4;Ramsey:4;Cottage Grove:5;Blaine:6;Roseville:6;Stillwater:6;Woodbury:7;Minneapolis:7;Chanhassen:8;Rosemount:9;Andover:11;Plymouth:13
Bent Paddle Hightened Mary Jane's Mule 10mg THC 4pk 12oz can,Beverages,Bent Paddle Brewing Co,87,11.1,7.8,9.17,15.99,13.96,43,,50,132,Andover:1;Bloomington:2;Rosemount:2;Roseville:2;Cottage Grove:3;Blaine:4;Osseo:4;Plymouth:4;Ramsey:5;St. Louis Park:5;Chanhassen:6;Stillwater:6;Vadnais Heights:7;Minnetonka:8;Minneapolis:12;Woodbury:16
Looner Classic Lemonade 10mg THC 12oz can,Beverages,Single Can,0,11.0,0.0,2.8,5.99,4.96,53,,48,139,
Nothing But Hemp Bomb Pop 10mg THC 5 Pack,Edibles,Nothing But Hemp LLC,101,11.0,9.2,5.56,17.49,14.96,68,,44,155,Chanhassen:1;Rosemount:1;Woodbury:1;Roseville:2;Blaine:3;Plymouth:3;Minnetonka:5;Cottage Grove:5;Osseo:6;Minneapolis:7;Andover:12;St. Louis Park:15;Vadnais Heights:17;Ramsey:23
Brez Double 5mg THC 12oz can,Beverages,Nothing But Hemp LLC,0,10.9,0.0,2.83,5.49,4.96,48,,44,152,
Nothing But Hemp Runtz 10mg 5 Pack,Edibles,Nothing But Hemp LLC,201,10.7,18.9,3.5,17.49,14.96,80,,45,140,Plymouth:1;Minneapolis:5;Rosemount:6;Vadnais Heights:6;Bloomington:8;Ramsey:11;Chanhassen:15;Osseo:15;St. Louis Park:17;Roseville:18;Woodbury:21;Minnetonka:35;Blaine:43
Brez Single 2.5mg THC 7.5oz can,Beverages,Nothing But Hemp LLC,0,10.5,0.0,2.29,5.49,4.96,58,,38,168,
Jixxie Strawberry Limon 10mg THC 4pk 12oz can,Beverages,Insight Brewing Company (D),74,10.3,7.2,7.83,13.99,12.96,44,,47,118,St. Louis Park:1;Woodbury:2;Cottage Grove:3;Bloomington:4;Ramsey:4;Chanhassen:5;Minnetonka:5;Andover:5;Plymouth:6;Blaine:6;Vadnais Heights:6;Minneapolis:8;Rosemount:9;Roseville:10
You Betcha Jasmine Green Tea 10mg THC 4pk 12oz can,Beverages,"North Star Hemp, LLC",104,10.2,10.2,10.0,18.99,15.96,47,Yellow (Daytime),41,142,Minneapolis:2;Cottage Grove:3;Plymouth:3;Osseo:5;Chanhassen:6;Roseville:6;Vadnais Heights:6;St. Louis Park:6;Woodbury:7;Andover:7;Blaine:8;Bloomington:8;Rosemount:8;Minnetonka:9;Ramsey:9;Stillwater:11
Green Monke Lychee 10mg THC 4pk 12oz can,Beverages,Phillips Wine & Spirits - St. Paul,56,10.0,5.6,9.89,15.99,13.96,38,,50,97,Roseville:1;St. Louis Park:1;Stillwater:2;Minnetonka:2;Plymouth:2;Cottage Grove:3;Woodbury:3;Rosemount:4;Vadnais Heights:4;Blaine:4;Chanhassen:4;Ramsey:5;Andover:5;Bloomington:7;Minneapolis:9
BLNCD Levitate 85mg THC 750ml,Beverages,Bellboy Corporation,139,10.0,13.9,21.17,38.99,32.96,46,,53,83,Minnetonka:3;Ramsey:4;Vadnais Heights:4;Woodbury:8;Plymouth:8;Rosemount:9;Roseville:9;Andover:9;Minneapolis:10;Chanhassen:13;Bloomington:14;St. Louis Park:14;Blaine:15;Stillwater:19
Insight Flavor Pixels Orange Creamsicle 10mg THC 12pk 12oz can,Beverages,Insight Brewing Company (D),45,9.9,4.5,25.45,48.49,36.96,48,Quarterly buy,44,121,Ramsey:1;Minneapolis:2;Minnetonka:2;Vadnais Heights:2;Osseo:2;Roseville:2;Andover:3;Chanhassen:3;Cottage Grove:3;St. Louis Park:3;Blaine:3;Bloomington:4;Plymouth:6;Rosemount:9
Collective Project Cherry Limade 5mg THC 4pk 12oz can,Beverages,"Capitol Beverage Sales, L.P.",69,9.8,7.0,8.81,10.99,9.96,20,,44,118,Stillwater:1;Minnetonka:2;St. Louis Park:2;Rosemount:3;Andover:4;Cottage Grove:4;Plymouth:4;Chanhassen:6;Ramsey:6;Osseo:8;Bloomington:11;Vadnais Heights:18
Looner Cola 10mg THC 4pk 12oz can,Beverages,Global Reserve LLC,53,9.7,5.6,11.2,22.49,14.96,50,,44,113,Andover:0;Roseville:0;Rosemount:1;Minnetonka:1;Vadnais Heights:1;Blaine:2;Bloomington:2;Osseo:3;Stillwater:4;Minneapolis:4;Woodbury:4;St. Louis Park:5;Plymouth:6;Cottage Grove:7;Chanhassen:11
Insight Brewing Flavor Pixels 12pk 12oz can,Beverages,Insight Brewing Company (D),38,9.6,4.0,17.41,32.99,27.96,47,Quarterly buy,41,123,St. Louis Park:1;Chanhassen:2;Minneapolis:2;Minnetonka:2;Plymouth:2;Stillwater:2;Andover:2;Blaine:2;Rosemount:2;Woodbury:2;Bloomington:3;Osseo:3;Cottage Grove:3;Vadnais Heights:3;Roseville:3;Ramsey:4
Utepils Royal Cherry Seltzer 10mg THC 4pk 12oz can,Beverages,"Breakthru Beverage Minnesota Beer, LLC",138,9.5,14.6,8.68,17.49,13.96,50,Case 1,42,115,Andover:1;Roseville:1;Minnetonka:2;Minneapolis:4;Ramsey:5;Woodbury:6;Cottage Grove:7;Blaine:10;St. Louis Park:10;Chanhassen:10;Stillwater:11;Rosemount:11;Vadnais Heights:12;Osseo:21;Bloomington:27
Gigli Raspberry Ginger Mule 5mg THC 4pk 12oz can,Beverages,Gigli MN LLC,335,9.4,35.5,8.67,17.49,12.96,50,,42,114,Stillwater:8;Minnetonka:13;Chanhassen:14;Ramsey:14;Osseo:15;Vadnais Heights:15;Cottage Grove:16;Woodbury:16;Rosemount:18;Plymouth:18;St. Louis Park:22;Minneapolis:27;Bloomington:28;Roseville:33;Blaine:37;Andover:41
Minny Grown CBG Pink Lemonade 10 Pack,Edibles,Bellboy Corporation,112,9.4,11.9,8.0,17.49,14.96,54,$200 order qty per store,41,118,Minnetonka:1;Blaine:2;Woodbury:2;Rosemount:3;Minneapolis:4;Andover:4;St. Louis Park:6;Osseo:7;Ramsey:8;Roseville:8;Cottage Grove:9;Vadnais Heights:10;Chanhassen:10;Bloomington:11;Plymouth:27
Hectare's Blood Orange Vanilla 10mg THC 4pk 12oz can,Beverages,Hectare's,170,9.3,18.3,8.83,15.99,12.96,45,,42,109,Minnetonka:1;Osseo:1;Minneapolis:5;Plymouth:6;Andover:7;Vadnais Heights:7;Ramsey:8;Woodbury:8;Chanhassen:9;Stillwater:10;Blaine:11;Rosemount:12;St. Louis Park:14;Roseville:15;Bloomington:17;Cottage Grove:39
Insight Flavor Pixels Plus Raspberry Pear 10mg THC 12pk 12oz can,Beverages,,31,9.2,3.4,25.45,48.49,36.96,48,Quarterly buy,40,117,Rosemount:1;Cottage Grove:2;Plymouth:2;Ramsey:2;Minneapolis:3;Osseo:3;Vadnais Heights:3;Blaine:3;Andover:4;Woodbury:8
BLNCD Adaptogen Elixir Zen Blend 5mg THC 4pk 12oz can,Beverages,Bellboy Corporation,74,9.2,8.0,11.77,18.99,15.96,38,,39,121,Minneapolis:1;Rosemount:2;Cottage Grove:2;Stillwater:2;Blaine:4;Roseville:4;Osseo:5;Woodbury:5;St. Louis Park:5;Ramsey:6;Vadnais Heights:6;Chanhassen:6;Andover:8;Bloomington:8;Plymouth:10
Daizy's Passion Fruit 10mg THC 4pk 12oz can,Beverages,Phillips Wine & Spirits - St. Paul,69,9.2,7.5,9.06,14.99,12.96,40,,46,88,Stillwater:1;Andover:2;Chanhassen:2;Minnetonka:2;Bloomington:2;Vadnais Heights:3;St. Louis Park:3;Woodbury:3;Minneapolis:4;Cottage Grove:5;Plymouth:5;Ramsey:6;Rosemount:7;Roseville:11;Blaine:13
Voltage Lavender Lemonade 10mg THC 4pk 12oz can,Beverages,Credo Brands LLC,262,9.2,28.5,9.0,15.99,13.96,44,,40,115,Bloomington:5;Cottage Grove:6;Minnetonka:11;Rosemount:11;Andover:12;Woodbury:12;Stillwater:14;Chanhassen:15;Ramsey:19;Osseo:20;Vadnais Heights:21;Minneapolis:22;St. Louis Park:30;Plymouth:31;Roseville:33
Climbing Kites Variety Pack 10mg THC 6pk 12oz can,Beverages,Dahlheimer Beverage Monticello,28,9.0,3.1,14.4,25.99,21.96,45,Case 1,27,169,St. Louis Park:1;Stillwater:1;Osseo:2;Minnetonka:2;Blaine:4;Rosemount:4;Chanhassen:6;Ramsey:8
Sweet Leaves Pineapple 5mg THC 10 Pack,Edibles,"Sweet Leaves, LLC",113,9.0,12.5,5.2,11.49,9.96,55,Direct Ship to Blaine,35,133,Minneapolis:2;Blaine:3;St. Louis Park:4;Woodbury:5;Chanhassen:6;Cottage Grove:7;Bloomington:7;Rosemount:10;Osseo:11;Ramsey:13;Minnetonka:14;Plymouth:15;Vadnais Heights:16
Mary Jones Berry Lemonade 10mg THC 4pk 12oz can,Beverages,"Capitol Beverage Sales, L.P.",54,8.9,6.1,9.73,20.99,14.86,54,Extra on 12pk to make up for 4pk,35,129,Minnetonka:1;Osseo:1;Vadnais Heights:1;St. Louis Park:2;Rosemount:3;Stillwater:3;Plymouth:5;Roseville:6;Chanhassen:7;Bloomington:7;Ramsey:18
Drops Raspberry Calm 5mg THC 10 Pack,Edibles,Global Reserve LLC,105,8.9,11.8,6.0,14.99,12.96,60,Case 1,39,110,Osseo:1;Woodbury:2;Plymouth:3;Vadnais Heights:4;Minnetonka:5;Bloomington:5;Andover:7;Cottage Grove:7;Ramsey:7;Stillwater:10;Blaine:13;Rosemount:13;St. Louis Park:13;Minneapolis:15
Foundry Nation Two Scoops Cherry 10mg THC 4pk 12oz can,Beverages,Bellboy Corporation,104,8.8,11.8,13.31,23.99,19.96,45,,39,108,Roseville:2;St. Louis Park:2;Andover:2;Woodbury:3;Vadnais Heights:4;Chanhassen:4;Ramsey:4;Cottage Grove:6;Osseo:6;Minnetonka:7;Bloomington:7;Minneapolis:7;Stillwater:9;Blaine:9;Plymouth:9;Rosemount:18
Layup Strawberry Lemonade 10mg THC 4pk 12oz can,Beverages,"Capitol Beverage Sales, L.P.",291,8.8,33.2,9.17,16.49,13.96,44,,50,57,Plymouth:6;Roseville:6;Rosemount:9;Osseo:9;Bloomington:10;Cottage Grove:11;Woodbury:11;Blaine:19;Ramsey:21;Vadnais Heights:23;Minnetonka:28;Minneapolis:28;Andover:35;Chanhassen:35;St. Louis Park:40
Wild State Birdie Tea + Lemon Variety 10mg THC 9pk 12oz can,Beverages,Wild State Cider,140,8.8,15.8,20.0,33.49,27.96,40,,28,158,Rosemount:2;Minneapolis:3;Stillwater:4;Vadnais Heights:4;Woodbury:6;St. Louis Park:6;Cottage Grove:7;Osseo:7;Blaine:8;Ramsey:10;Roseville:10;Andover:12;Chanhassen:13;Bloomington:15;Minnetonka:16;Plymouth:17
Foundry Nation Two Scoops Root Beer 10mg THC 4pk 12oz can,Beverages,Bellboy Corporation,109,8.8,12.4,11.61,23.99,19.96,52,,36,122,Chanhassen:2;Osseo:2;Blaine:3;Roseville:4;Bloomington:4;Woodbury:6;St. Louis Park:6;Plymouth:6;Minnetonka:6;Vadnais Heights:6;Ramsey:7;Cottage Grove:7;Minneapolis:9;Andover:11;Stillwater:11;Rosemount:14
Insight Flavor Pixels Plus Peach Mango 10mg THC 12pk 12oz can,Beverages,,37,8.7,4.2,25.45,48.49,36.96,48,Quarterly buy,37,114,St. Louis Park:2;Chanhassen:1;Andover:1;Vadnais Heights:2;Woodbury:2;Minnetonka:2;Blaine:2;Stillwater:2;Minneapolis:3;Plymouth:3;Cottage Grove:4;Osseo:4;Roseville:4;Ramsey:5
Wynk Variety Pack 5mg THC 12pk 12oz can,Beverages,Johnson Brothers - St. Paul,42,8.7,4.8,16.5,33.49,27.96,51,Case 1 Upfront,36,118,Cottage Grove:1;Osseo:1;Blaine:1;Minnetonka:2;Plymouth:2;Minneapolis:3;Ramsey:3;Roseville:3;St. Louis Park:3;Chanhassen:7;Bloomington:8;Andover:9
Wild State Birdie Berry Lemonade 5mg THC 4pk 12oz can,Beverages,Wild State Cider,86,8.7,9.9,9.0,14.99,12.96,40,,33,131,Vadnais Heights:2;Stillwater:2;Bloomington:4;Minneapolis:4;St. Louis Park:4;Osseo:5;Minnetonka:6;Plymouth:6;Chanhassen:6;Blaine:7;Roseville:7;Woodbury:8;Rosemount:8;Ramsey:8;Andover:9
Senorita 1777 Spirited Agave THC 83mg 750ml,Beverages,Bernicks,315,8.6,36.8,21.0,32.99,27.96,36,,50,50,Andover:4;Minnetonka:9;Ramsey:21;Vadnais Heights:22;Bloomington:23;Rosemount:29;Blaine:33;St. Louis Park:33;Stillwater:33;Plymouth:43;Roseville:65
BLNCD Adaptogen Elixir Variety Pack 5mg THC 6pk 12oz can,Beverages,Bellboy Corporation,49,8.6,5.7,15.55,25.99,21.96,40,,38,104,Vadnais Heights:1;Plymouth:1;Chanhassen:1;Bloomington:2;Minnetonka:2;Blaine:2;Rosemount:2;Osseo:3;Andover:4;St. Louis Park:4;Stillwater:4;Woodbury:5;Roseville:5;Minneapolis:6;Cottage Grove:7
Leafy Pink Lemonade 10mg THC 12oz can,Beverages,Get Chai,809,8.6,94.2,0.83,5.99,4.96,86,,48,60,Vadnais Heights:24;Osseo:42;Cottage Grove:45;Bloomington:46;Minnetonka:47;Ramsey:47;Rosemount:60;Plymouth:69;Minneapolis:71;Roseville:84;Woodbury:88;St. Louis Park:92;Blaine:94
Granny's Fruit Tonic 10mg THC Variety Pack 12pk 12oz can,Beverages,"Capitol Beverage Sales, L.P.",65,8.5,7.7,31.0,51.99,42.96,40,,34,119,Osseo:1;Vadnais Heights:1;Plymouth:2;Roseville:2;Bloomington:3;Minneapolis:3;Ramsey:3;St. Louis Park:7;Blaine:8;Chanhassen:10;Stillwater:12;Rosemount:13
Tempter's Blueberry 10mg THC 12oz can,Beverages,,0,8.5,0.0,10.67,5.99,4.96,-78,,34,121,
Tempter's Strawberry 10mg THC 12oz can,Beverages,,0,8.5,0.0,10.67,5.99,4.96,-78,,30,137,
Granny's Sunny-G 10mg THC 4pk 12oz can,Beverages,"Capitol Beverage Sales, L.P.",105,8.4,12.5,11.0,17.99,14.96,39,,30,135,Plymouth:3;Stillwater:5;Andover:6;Minnetonka:6;Osseo:6;Vadnais Heights:6;Bloomington:6;Ramsey:6;Chanhassen:7;Minneapolis:7;St. Louis Park:13;Blaine:17;Roseville:17
Granny's Kitty Cocktail 10mg THC 4pk 12oz can,Beverages,"Capitol Beverage Sales, L.P.",76,8.4,9.0,11.0,17.99,14.96,39,,37,105,Plymouth:1;Blaine:1;Cottage Grove:2;Andover:3;Roseville:3;Chanhassen:5;Minnetonka:6;Osseo:6;Stillwater:6;Minneapolis:9;Vadnais Heights:10;Ramsey:11;Bloomington:13
Fetch Variety Pack 10mg THC 6pk 12oz can,Beverages,"Capitol Beverage Sales, L.P.",94,8.3,11.3,12.4,20.99,17.96,41,,33,118,Minnetonka:1;Chanhassen:1;Vadnais Heights:1;Bloomington:2;Stillwater:2;Blaine:2;Plymouth:3;Ramsey:3;Roseville:4;Andover:4;Minneapolis:4;Cottage Grove:13;St. Louis Park:17;Woodbury:37
Foundry Nation Lemon Haze 85mg 750ml,Beverages,Bellboy Corporation,142,8.3,17.2,19.5,35.49,29.96,45,,40,86,Ramsey:5;Chanhassen:6;Vadnais Heights:6;Minneapolis:6;Roseville:6;Stillwater:9;Cottage Grove:10;Rosemount:10;Bloomington:11;Andover:13;St. Louis Park:14;Plymouth:14;Blaine:15;Woodbury:17
IYKYK Strawberry Lemonade 10mg 4pk 12oz can,Beverages,"IYKYK Beverages, LLC",116,8.2,14.2,9.0,13.99,12.95,36,Pallet Buy,28,138,Rosemount:1;Vadnais Heights:2;Woodbury:3;Minnetonka:4;Blaine:4;Plymouth:6;Roseville:6;Chanhassen:6;St. Louis Park:8;Ramsey:8;Andover:9;Stillwater:9;Osseo:10;Cottage Grove:10;Minneapolis:10;Bloomington:16
Granny's Blueberry Pomegranate 10mg THC 4pk 12oz can,Beverages,"Capitol Beverage Sales, L.P.",85,8.2,10.3,11.0,17.99,14.96,39,,34,112,St. Louis Park:1;Cottage Grove:1;Chanhassen:2;Ramsey:2;Minnetonka:2;Bloomington:4;Rosemount:4;Roseville:4;Andover:6;Minneapolis:6;Stillwater:7;Plymouth:7;Osseo:8;Vadnais Heights:14;Blaine:17
BLNCD Prickly Pear Bee's Knees 10mg THC 4pk 12oz can,Beverages,Bellboy Corporation,79,8.2,9.6,13.07,23.99,17.96,46,,30,129,Blaine:1;Minnetonka:2;Ramsey:2;St. Louis Park:3;Plymouth:3;Bloomington:4;Chanhassen:4;Cottage Grove:4;Vadnais Heights:5;Woodbury:6;Roseville:6;Rosemount:7;Andover:10;Minneapolis:11;Stillwater:11
Collective Project Raspberry Vanilla 10mg THC 4pk 12oz can,Beverages,"Capitol Beverage Sales, L.P.",77,8.2,9.4,9.33,16.99,14.96,45,,29,133,Osseo:1;Rosemount:2;Andover:3;Plymouth:3;Roseville:4;Ramsey:5;Vadnais Heights:7;Woodbury:8;Cottage Grove:9;St. Louis Park:9;Minnetonka:10;Bloomington:16
Foundry Nation Two Scoops Cherry 10mg THC 12oz can,Beverages,Single Can,0,8.1,0.0,3.33,5.99,4.96,44,,37,95,
Wynk Raspberry Lemonade 10mg THC 4pk 12oz can,Beverages,Johnson Brothers - St. Paul,233,8.1,28.8,9.0,17.49,13.96,49,,34,107,Cottage Grove:4;St. Louis Park:4;Blaine:5;Chanhassen:7;Minnetonka:7;Roseville:8;Woodbury:10;Bloomington:14;Osseo:16;Ramsey:16;Stillwater:16;Rosemount:16;Minneapolis:18;Andover:27;Vadnais Heights:27;Plymouth:38
OFFFIELD High Performance Sports Drink Dragon Fruit Lemonade 3mg THC 12oz can,Beverages,Get Chai,529,8.0,65.8,2.83,5.99,2.86,53,,29,128,Cottage Grove:47;Roseville:3;Stillwater:4;St. Louis Park:4;Osseo:19;Plymouth:24;Ramsey:24;Woodbury:27;Blaine:28;Minneapolis:31;Bloomington:32;Vadnais Heights:35;Andover:41;Rosemount:50;Chanhassen:160
OFFFIELD High Performance Sports Drink Original Lime 3mg THC 12oz can,Beverages,Get Chai,645,8.0,80.8,2.83,5.99,2.86,53,,29,126,Cottage Grove:46;Stillwater:8;Osseo:24;Woodbury:24;Blaine:25;Roseville:25;Plymouth:28;St. Louis Park:30;Bloomington:38;Vadnais Heights:39;Andover:43;Minneapolis:43;Rosemount:53;Ramsey:59;Chanhassen:160
Looner Cr�me 5mg THC 4pk 12oz can,Beverages,Global Reserve LLC,92,8.0,11.6,6.99,11.49,9.96,39,,34,105,Ramsey:2;Vadnais Heights:3;Minneapolis:4;Minnetonka:5;Stillwater:5;Andover:5;Roseville:5;Cottage Grove:6;Osseo:6;Rosemount:8;Chanhassen:8;Bloomington:17;Plymouth:18
Green Monke Tropical Citrus 10mg THC 4pk 12oz can,Beverages,Phillips Wine & Spirits - St. Paul,58,8.0,7.2,9.53,15.99,13.96,40,,35,100,Bloomington:1;Andover:1;Roseville:1;Rosemount:2;St. Louis Park:2;Minneapolis:4;Minnetonka:4;Osseo:5;Chanhassen:6;Ramsey:7;Vadnais Heights:11;Stillwater:14
Foundry Nation Two Scoops Root Beer 10mg THC 12oz can,Beverages,Single Can,0,7.9,0.0,2.9,5.99,4.96,52,,34,102,
Stigma Tonic Variety Pack 10mg THC 12pk 12oz can,Beverages,Artisan Beer,78,7.8,10.0,21.7,44.99,35.96,52,"10 Free on 104, 3 from Stigma, 7 from Artisan",32,107,Andover:2;Rosemount:2;St. Louis Park:3;Cottage Grove:4;Vadnais Heights:4;Bloomington:4;Blaine:4;Minneapolis:6;Woodbury:6;Ramsey:7;Chanhassen:7;Roseville:9;Plymouth:10;Stillwater:10
Looner Cola 10mg THC 12oz can,Beverages,Single Can,0,7.8,0.0,2.8,5.99,4.96,53,,33,103,
Stigma Peach Iced Tea 10mg THC 4pk 16oz can,Beverages,Artisan Beer,84,7.8,10.8,9.15,16.99,14.96,46,"10 Free on 104, 3 from Stigma, 7 from Artisan",35,93,Plymouth:2;Bloomington:2;Vadnais Heights:3;St. Louis Park:3;Chanhassen:3;Osseo:4;Stillwater:4;Blaine:5;Ramsey:6;Woodbury:6;Rosemount:6;Andover:7;Minneapolis:8;Minnetonka:11;Cottage Grove:14
Collective Project Orange Vanilla 10mg THC 4pk 12oz can,Beverages,"Capitol Beverage Sales, L.P.",75,7.8,9.6,9.33,16.99,14.96,45,,30,117,Woodbury:1;Cottage Grove:2;Vadnais Heights:2;Plymouth:2;Ramsey:2;Minneapolis:3;Minnetonka:3;St. Louis Park:4;Stillwater:4;Osseo:5;Blaine:6;Chanhassen:6;Rosemount:7;Andover:7;Roseville:9;Bloomington:12
Granny's Dill Pickle Pretzel's 50mg THC 50pk,Edibles,"Capitol Beverage Sales, L.P.",120,7.7,15.6,10.0,15.99,12.96,37,,32,103,Bloomington:1;Roseville:1;Minneapolis:2;Osseo:2;Ramsey:3;Blaine:5;Chanhassen:7;Andover:9;Vadnais Heights:10;Cottage Grove:11;Woodbury:11;St. Louis Park:11;Minnetonka:12;Rosemount:13;Plymouth:22
Tempter's Citrus 10mg THC 12oz can,Beverages,,0,7.7,0.0,10.67,5.99,4.96,-78,,33,99,
BLNCD Sparkling Water Variety Pack 5mg THC 6pk 12oz can,Beverages,Bellboy Corporation,46,7.7,5.9,13.45,20.99,17.96,36,,33,100,Vadnais Heights:1;Woodbury:1;Roseville:1;Bloomington:2;Ramsey:2;Rosemount:2;Blaine:2;Cottage Grove:3;Plymouth:3;Stillwater:3;Chanhassen:3;Minnetonka:4;Osseo:4;St. Louis Park:4;Minneapolis:5;Andover:6
Tetra Rasp-Ginger 10mg THC 4pk 12oz can,Beverages,Discontinued,89,7.7,11.6,13.33,23.99,19.96,44,,34,94,Roseville:1;Plymouth:2;Osseo:2;Andover:6;Minneapolis:7;Ramsey:9;Chanhassen:9;Rosemount:9;Cottage Grove:10;Minnetonka:11;Stillwater:11;Blaine:12
Pappy's Black Cherry Lemonade 10mg THC 4pk 12oz can,Beverages,Superior Molecular,62,7.6,8.2,7.33,14.99,12.96,51,,32,100,Minneapolis:1;Woodbury:1;Minnetonka:2;Stillwater:2;Blaine:2;Roseville:2;Andover:3;Cottage Grove:3;Osseo:4;St. Louis Park:4;Vadnais Heights:4;Rosemount:4;Bloomington:5;Chanhassen:6;Ramsey:8;Plymouth:11
Drops Cherry Dreamy 5mg THC 10 Pack,Edibles,Global Reserve LLC,102,7.6,13.5,6.0,14.99,12.96,60,Case 1,35,86,Roseville:1;St. Louis Park:1;Ramsey:3;Blaine:4;Vadnais Heights:4;Rosemount:5;Minneapolis:6;Osseo:8;Bloomington:8;Plymouth:8;Cottage Grove:9;Stillwater:10;Woodbury:10;Minnetonka:12;Andover:13
Wild State Birdie Tea + Lemon 10mg THC 4pk 12oz can,Beverages,Wild State Cider,97,7.6,12.8,10.99,18.99,15.96,42,,35,87,Osseo:2;Roseville:2;Rosemount:2;Minneapolis:3;Ramsey:4;Stillwater:6;Woodbury:6;Blaine:6;Cottage Grove:7;Plymouth:7;St. Louis Park:8;Andover:10;Chanhassen:10;Minnetonka:11;Vadnais Heights:13
Drops Blackberry Soothing Relaxation 5mg THC 10 Pack,Edibles,Global Reserve LLC,112,7.6,14.7,6.0,14.99,12.96,60,Case 1,33,97,Ramsey:1;Osseo:3;Minnetonka:3;Woodbury:4;Andover:5;Plymouth:6;Rosemount:7;Bloomington:7;Roseville:7;Chanhassen:8;Cottage Grove:9;Vadnais Heights:9;Stillwater:10;Minneapolis:10;St. Louis Park:10;Blaine:13
Wynk Strawberry Lemonade 10mg THC 4pk 12oz can,Beverages,Johnson Brothers - St. Paul,181,7.6,23.7,9.0,17.49,13.96,49,,35,88,Vadnais Heights:1;Minnetonka:3;Cottage Grove:4;Plymouth:4;Woodbury:6;Stillwater:7;Blaine:7;Chanhassen:9;Roseville:13;Bloomington:14;Minneapolis:18;Rosemount:19;Ramsey:21;Osseo:23;Andover:32
North Canna High Tonics Strawberry Melon 10mg THC,Beverages,NOR North Brands LLC,20,7.5,2.7,9.67,16.99,14.96,43,,21,147,Minneapolis:1;Rosemount:1;Woodbury:1;Bloomington:2;St. Louis Park:2;Chanhassen:3;Ramsey:4;Stillwater:6
BLNCD Adaptogen Elixir Brain Boost 5mg THC 4pk 12oz can,Beverages,Bellboy Corporation,89,7.5,11.9,11.77,18.99,15.96,38,,32,97,Minnetonka:1;Vadnais Heights:1;St. Louis Park:1;Cottage Grove:3;Minneapolis:3;Osseo:4;Blaine:4;Plymouth:4;Rosemount:4;Chanhassen:5;Roseville:5;Woodbury:6;Ramsey:7;Stillwater:8;Andover:11;Bloomington:22
Happy Duck Tangerine 10mg THC 4pk 12oz can,Beverages,Happy Duck LLC,86,7.5,11.5,5.83,10.99,9.96,47,15c,29,110,Plymouth:1;Woodbury:2;Blaine:3;Roseville:4;Vadnais Heights:5;Andover:6;Rosemount:6;Minnetonka:7;Osseo:8;St. Louis Park:11;Minneapolis:14;Bloomington:19
CLRTY Splash 10mg THC 3pk 10ml btl,Beverages,Clrty Company,67,7.5,9.0,6.5,12.99,9.96,50,Direct Buy,15,172,Plymouth:2;Ramsey:2;Blaine:3;Chanhassen:3;Stillwater:4;St. Louis Park:11;Osseo:42
Foundry Nation Two Scoops Variety Pack 10mg THC 6pk 12oz can,Beverages,Bellboy Corporation,86,7.5,11.5,18.02,33.49,27.96,46,,33,92,Minneapolis:2;St. Louis Park:2;Chanhassen:2;Minnetonka:3;Vadnais Heights:3;Cottage Grove:3;Osseo:4;Woodbury:4;Stillwater:5;Plymouth:6;Roseville:7;Andover:8;Ramsey:8;Bloomington:9;Blaine:9;Rosemount:11
Stigma Black Cherry 10mg THC 4pk 16oz can,Beverages,Artisan Beer,112,7.5,15.0,10.71,16.99,14.96,37,,15,173,St. Louis Park:1;Osseo:3;Woodbury:4;Stillwater:5;Minneapolis:6;Bloomington:7;Vadnais Heights:8;Blaine:78
Insight Flavor Pixels Cherry Lime 10mg THC 12pk 12oz can,Beverages,Insight Brewing Company (D),45,7.5,6.0,25.45,48.49,36.96,48,Quarterly buy,34,88,Osseo:1;Minnetonka:2;Rosemount:2;St. Louis Park:2;Bloomington:3;Vadnais Heights:3;Woodbury:3;Chanhassen:4;Plymouth:4;Roseville:4;Cottage Grove:5;Minneapolis:5;Stillwater:7
Utepils Raspberry 10mg THC 4pk 12oz can,Beverages,"Breakthru Beverage Minnesota Beer, LLC",98,7.5,13.1,8.68,17.49,13.96,50,Case 1,34,87,Minneapolis:1;Plymouth:2;Blaine:3;Woodbury:3;Minnetonka:4;Ramsey:4;Vadnais Heights:4;Cottage Grove:5;Andover:6;Chanhassen:6;Stillwater:11;St. Louis Park:15;Rosemount:16;Osseo:18
Hectare's Stone Fruit Soda 10mg THC 4pk 12oz can,Beverages,Hectare's,121,7.4,16.3,8.83,15.99,12.96,45,,34,85,Minnetonka:1;Osseo:5;Stillwater:5;Ramsey:5;Vadnais Heights:5;Roseville:5;St. Louis Park:5;Minneapolis:6;Plymouth:6;Chanhassen:7;Andover:7;Cottage Grove:10;Rosemount:11;Blaine:11;Woodbury:15;Bloomington:17
Drops Cranberry Focused 2.5mg THC 10 Pack,Edibles,Global Reserve LLC,115,7.3,15.8,6.0,14.99,12.96,60,Case 1,26,117,Andover:1;Plymouth:1;Ramsey:3;St. Louis Park:5;Vadnais Heights:5;Cottage Grove:6;Roseville:6;Minnetonka:8;Bloomington:9;Osseo:9;Blaine:11;Rosemount:11;Chanhassen:13;Minneapolis:13;Woodbury:14
Fetch Cream Soda 10mg THC 4pk 12oz can,Beverages,"Capitol Beverage Sales, L.P.",66,7.3,9.0,7.0,11.49,9.96,39,,28,110,Plymouth:1;Minneapolis:1;Cottage Grove:1;Andover:2;Osseo:2;Chanhassen:2;St. Louis Park:3;Roseville:4;Ramsey:6;Bloomington:6;Stillwater:7;Vadnais Heights:7;Rosemount:8;Woodbury:8;Blaine:8
Foundry Nation Granddaddy 85mg 750ml,Beverages,Bellboy Corporation,118,7.2,16.5,19.5,35.49,29.96,45,,36,68,Chanhassen:3;Minneapolis:3;Vadnais Heights:4;Osseo:6;St. Louis Park:6;Ramsey:8;Minnetonka:8;Bloomington:8;Plymouth:9;Cottage Grove:10;Rosemount:10;Roseville:13;Andover:14;Blaine:16
Modist Calamansi Tangerine THC 10mg 4pk 12oz can,Beverages,,76,7.2,10.5,9.17,15.99,13.96,43,Direct Ship to Blaine 50cs mix,32,89,Cottage Grove:8;Bloomington:2;Minneapolis:2;Minnetonka:4;Osseo:5;Ramsey:5;Plymouth:5;Vadnais Heights:7;Andover:9;Blaine:9;Rosemount:9;Woodbury:11
Pappy's Variety Pack 10mg THC 12pk 12oz can,Beverages,Superior Molecular,46,7.2,6.4,22.0,39.99,33.96,45,,31,91,Minneapolis:1;Minnetonka:1;Roseville:1;Cottage Grove:2;Ramsey:2;St. Louis Park:2;Plymouth:2;Bloomington:3;Osseo:3;Stillwater:3;Vadnais Heights:3;Blaine:4;Woodbury:4;Chanhassen:4;Rosemount:5;Andover:6
BLNCD Fuse 85mg THC 750ml,Beverages,Bellboy Corporation,165,7.2,23.0,21.17,38.99,32.96,46,,36,69,Minnetonka:4;Osseo:5;Ramsey:5;Woodbury:5;Plymouth:6;Minneapolis:7;Vadnais Heights:8;Chanhassen:8;Cottage Grove:10;St. Louis Park:11;Stillwater:15;Roseville:15;Andover:16;Rosemount:16;Blaine:17;Bloomington:17
Granny's Pineapple Passionfruit 10mg THC 4pk 12oz can,Beverages,"Capitol Beverage Sales, L.P.",57,7.1,8.0,11.0,17.99,14.96,39,,31,89,Chanhassen:1;Stillwater:2;Ramsey:3;Plymouth:3;Vadnais Heights:5;Andover:6;Bloomington:6;Cottage Grove:6;Osseo:6;St. Louis Park:6;Blaine:13
Tetra Crisp Apple Pear 10mg THC 4pk 12oz can,Beverages,,68,7.1,9.6,12.55,23.99,19.96,48,,30,93,St. Louis Park:1;Minnetonka:3;Rosemount:5;Blaine:6;Cottage Grove:9;Osseo:9;Chanhassen:10;Minneapolis:12;Stillwater:13
Climbing Kites Mixed Berry 10mg THC 4pk 12oz can,Beverages,Dahlheimer Beverage Monticello,44,7.1,6.2,10.67,18.99,15.96,44,Case 1,30,94,Stillwater:3;Minnetonka:3;Osseo:4;Vadnais Heights:5;Ramsey:6;Woodbury:6;Rosemount:6;Bloomington:11
Looner Sweet Orange 5mg THC 4pk 12oz can,Beverages,Global Reserve LLC,80,7.0,11.6,6.99,11.49,9.96,39,,27,102,Ramsey:0;Minnetonka:1;Woodbury:3;Plymouth:4;Roseville:5;Stillwater:5;Andover:6;Blaine:6;Osseo:6;Rosemount:6;Vadnais Heights:6;Bloomington:7;Chanhassen:7;Minneapolis:9;St. Louis Park:9
Aura Lemon Basil Seltzer 10mg THC 4pk 12oz can,Beverages,Global Reserve LLC,67,7.0,9.6,8.5,15.99,13.96,47,,33,77,Osseo:1;Blaine:1;Cottage Grove:2;Minneapolis:2;Minnetonka:2;Chanhassen:3;Vadnais Heights:3;Woodbury:3;St. Louis Park:3;Plymouth:4;Roseville:5;Andover:7;Ramsey:7;Stillwater:12;Rosemount:12
BLNCD Cucumber Mojito 10mg THC 4pk 12oz can,Beverages,Bellboy Corporation,79,6.9,11.4,13.07,23.99,17.96,46,,28,96,Chanhassen:1;St. Louis Park:1;Plymouth:2;Minnetonka:2;Rosemount:3;Bloomington:4;Osseo:4;Ramsey:4;Woodbury:4;Cottage Grove:5;Roseville:5;Blaine:5;Vadnais Heights:7;Andover:7;Stillwater:11;Minneapolis:14
Clrty Tangerine 10mg THC 4pk 12oz can,Beverages,"Capitol Beverage Sales, L.P.",83,6.9,12.1,9.82,20.99,17.96,53,,29,90,Ramsey:1;Blaine:1;Minnetonka:2;Plymouth:3;Osseo:4;Vadnais Heights:5;Chanhassen:5;Andover:5;Minneapolis:5;Rosemount:6;Stillwater:6;Cottage Grove:6;Roseville:8;St. Louis Park:9;Bloomington:17
Green Monke Orange Cream 10mg THC 4pk 12oz can,Beverages,Phillips Wine & Spirits - St. Paul,75,6.9,10.9,8.46,15.99,13.96,47,,33,73,Rosemount:1;Cottage Grove:2;Roseville:2;Minnetonka:4;Vadnais Heights:5;Andover:5;Osseo:7;St. Louis Park:8;Plymouth:8;Bloomington:10;Minneapolis:11;Woodbury:12
Granny's Original Pretzels 50mg THC 50pk,Edibles,"Capitol Beverage Sales, L.P.",132,6.7,19.7,10.0,15.99,12.96,37,,28,89,Minnetonka:4;Chanhassen:5;Vadnais Heights:6;Andover:6;Bloomington:7;Minneapolis:7;Osseo:8;Ramsey:10;Roseville:10;Woodbury:11;Plymouth:11;St. Louis Park:20;Blaine:27
Stigma Tea Variety Pack 10mg THC 12pk 12oz can,Beverages,Artisan Beer,43,6.7,6.4,21.7,44.99,35.96,52,"10 Free on 104, 3 from Stigma, 7 from Artisan",30,81,Minnetonka:1;Rosemount:1;Plymouth:1;Ramsey:2;Vadnais Heights:2;Bloomington:3;Minneapolis:3;Osseo:3;Stillwater:3;Andover:3;Blaine:4;Cottage Grove:5;Woodbury:12
Sweet Leaves Peach 5mg THC 10 Pack,Edibles,"Sweet Leaves, LLC",200,6.7,30.0,5.2,11.49,9.96,55,Direct Ship to Blaine,22,115,Roseville:2;Woodbury:2;Chanhassen:5;Plymouth:7;Bloomington:7;Minnetonka:12;Vadnais Heights:12;Ramsey:12;Minneapolis:13;Cottage Grove:15;Rosemount:18;St. Louis Park:27;Andover:33;Osseo:35
Find Wunder Blackberry Lemon 10mg THC 4pk 12oz can,Beverages,"Hohensteins, Inc.",114,6.7,17.1,11.38,18.99,15.96,40,,39,39,Stillwater:3;Osseo:8;Ramsey:11;Vadnais Heights:11;Woodbury:11;St. Louis Park:12;Andover:14;Blaine:14;Cottage Grove:16;Roseville:17
Sweet Leaves Tropical Mix 5mg THC 10 Pack,Edibles,"Sweet Leaves, LLC",238,6.7,35.7,5.2,11.49,9.96,55,Direct Ship to Blaine,20,124,Plymouth:5;Vadnais Heights:5;Roseville:6;St. Louis Park:7;Minnetonka:8;Bloomington:9;Blaine:12;Chanhassen:12;Woodbury:12;Osseo:16;Ramsey:17;Stillwater:17;Rosemount:19;Cottage Grove:22;Andover:34;Minneapolis:37
Brez Double 5mg THC 4pk 12oz can,Beverages,Bellboy Corporation,126,6.6,19.1,11.33,17.99,15.96,37,,24,105,Roseville:0;Cottage Grove:1;Stillwater:2;Minnetonka:3;Rosemount:3;Plymouth:3;Bloomington:4;Vadnais Heights:4;Osseo:6;St. Louis Park:7;Blaine:12;Andover:13;Minneapolis:14;Woodbury:19;Chanhassen:33
THC Mystery Box 12pk,Beverages,Artisan Beer,7,6.6,1.1,8.0,13.99,11.96,43,,0,213,Rosemount:1;Roseville:3;Stillwater:3
Smokiez Jamberry THC 10 pack,Edibles,Bellboy Corporation,105,6.6,15.8,5.5,15.49,12.96,64,Case 1,17,137,Minneapolis:1;Roseville:1;Chanhassen:2;Ramsey:5;Rosemount:7;Plymouth:9;Bloomington:10;Cottage Grove:11;Blaine:12;Minnetonka:19;St. Louis Park:28
Jixxie Plum Cardamom 10mg THC 4pk 12oz can,Beverages,Insight Brewing Company (D),99,6.6,15.0,7.83,13.99,12.96,44,,29,81,Osseo:3;Bloomington:4;Minnetonka:4;Ramsey:4;Roseville:4;Chanhassen:5;Stillwater:5;Vadnais Heights:5;Blaine:6;Woodbury:6;Andover:7;Cottage Grove:7;Minneapolis:10;Rosemount:14;Plymouth:15
Gigli Iced Tea Lemonade 10mg THC 4pk 12oz can,Beverages,Gigli MN LLC,142,6.6,21.4,9.75,18.99,14.96,49,,27,92,Stillwater:1;Chanhassen:3;Ramsey:3;Osseo:5;Andover:8;Minnetonka:8;Rosemount:8;Blaine:8;Roseville:8;Plymouth:10;Woodbury:12;St. Louis Park:16;Vadnais Heights:19;Minneapolis:33
Bent Paddle Puff Party Pack 10mg THC 12pk 12oz can,Beverages,Bent Paddle Brewing Co,36,6.5,5.5,22.5,42.99,35.96,48,,27,87,Chanhassen:1;Cottage Grove:1;Rosemount:1;Stillwater:1;Roseville:1;Plymouth:2;Woodbury:2;Minnetonka:2;Andover:3;Ramsey:3;Minneapolis:4;Vadnais Heights:4;Blaine:4;Bloomington:7
Minny Grown CBC Watermelon Kiwi 10 Pack,Edibles,Bellboy Corporation,120,6.5,18.6,8.0,13.99,12.86,43,$200 order qty per store,29,77,Osseo:1;Andover:2;Minnetonka:3;Vadnais Heights:4;Plymouth:4;Cottage Grove:6;Blaine:6;Ramsey:7;Bloomington:7;Chanhassen:8;St. Louis Park:9;Roseville:10;Rosemount:12;Woodbury:17;Minneapolis:24
Granny's S'mores Pretzels 50mg THC 50pk,Edibles,"Capitol Beverage Sales, L.P.",85,6.5,13.1,10.0,15.99,12.96,37,,27,87,Rosemount:1;Osseo:1;Minneapolis:2;Roseville:2;Ramsey:3;Plymouth:3;Vadnais Heights:4;St. Louis Park:6;Chanhassen:6;Andover:7;Woodbury:8;Bloomington:12;Blaine:15;Cottage Grove:15
Forbidden Fruit Strawberry Lemonade 10mg THC 4pk 12oz can,Beverages,Nothing But Hemp LLC,146,6.5,22.6,9.75,22.99,19.96,58,,28,82,Cottage Grove:6;Rosemount:6;Minnetonka:6;Chanhassen:7;Vadnais Heights:7;Plymouth:7;Bloomington:9;Andover:10;Osseo:11;St. Louis Park:11;Ramsey:12;Woodbury:12;Minneapolis:14;Blaine:14;Roseville:14
Layup Black Cherry Lemonade 10mg THC 4pk 12oz can,Beverages,"Capitol Beverage Sales, L.P.",144,6.5,22.3,9.17,16.49,13.96,44,,35,50,Minnetonka:5;Stillwater:5;Osseo:5;Rosemount:5;Bloomington:6;Plymouth:7;Chanhassen:10;Minneapolis:11;Vadnais Heights:11;Roseville:11;St. Louis Park:15;Andover:16;Woodbury:17;Blaine:20
Bubz Purple Fizz 10mg THC 4pk 12oz can,Beverages,Global Reserve LLC,57,6.5,8.8,9.04,14.99,13.96,40,,27,86,Minnetonka:1;Roseville:1;Minneapolis:2;Plymouth:4;Cottage Grove:4;Andover:5;Osseo:5;Vadnais Heights:5;Woodbury:5;St. Louis Park:6;Ramsey:9;Chanhassen:10
Squoze Apple Kush 10mg THC 4pk 12oz can,Beverages,Sociable Cider Werks,77,6.4,12.0,8.67,17.49,14.96,50,,27,84,Chanhassen:1;Ramsey:1;Vadnais Heights:2;Osseo:3;Rosemount:3;Plymouth:3;Cottage Grove:5;Stillwater:5;Minnetonka:5;St. Louis Park:7;Minneapolis:11;Andover:11;Bloomington:21
Minny Grown Highbernate Yummy Gummy Bar 50mg THC,Edibles,Bellboy Corporation,156,6.4,24.4,6.0,13.79,11.96,56,$200 order qty per store,27,84,Ramsey:5;Plymouth:6;Woodbury:6;Vadnais Heights:7;Bloomington:8;Minneapolis:8;St. Louis Park:9;Chanhassen:10;Minnetonka:10;Osseo:10;Cottage Grove:11;Rosemount:12;Blaine:15;Andover:18;Roseville:21
BLNCD Brain Boost Adaptogen 50mg THC Gummies 10pk,Edibles,Bellboy Corporation,63,6.4,9.9,12.0,19.99,16.96,40,,29,75,Plymouth:1;Rosemount:1;Osseo:2;Ramsey:2;Minnetonka:3;Vadnais Heights:3;St. Louis Park:3;Blaine:4;Chanhassen:4;Woodbury:4;Cottage Grove:5;Minneapolis:6;Bloomington:7;Andover:9;Roseville:9
Jixxie Huckleberry Sour 10mg THC 4pk 12oz can,Beverages,Insight Brewing Company (D),86,6.3,13.7,7.83,13.99,12.96,44,,36,40,Roseville:2;St. Louis Park:3;Rosemount:4;Plymouth:4;Stillwater:4;Ramsey:5;Andover:10;Woodbury:10;Bloomington:11;Minneapolis:11;Osseo:11;Blaine:11
BLNCD Zen Blend Adaptogen 50mg THC Gummies 10pk,Edibles,Bellboy Corporation,43,6.3,6.8,12.0,19.99,16.96,40,,26,85,Minnetonka:1;Stillwater:1;Woodbury:1;St. Louis Park:1;Osseo:2;Plymouth:2;Vadnais Heights:3;Roseville:3;Rosemount:3;Bloomington:4;Andover:5;Cottage Grove:5;Chanhassen:5;Minneapolis:7
Minny Grown Skol! 10 Pack,Edibles,Bellboy Corporation,111,6.3,17.7,8.0,17.49,14.96,54,$200 order qty per store,36,40,Minnetonka:3;Plymouth:7;Roseville:8;St. Louis Park:8;Rosemount:9;Bloomington:10;Ramsey:10;Andover:11;Blaine:11;Cottage Grove:11;Minneapolis:11;Vadnais Heights:12
Bent Paddle Puff Tropical Soda 10mg THC 4pk 12oz can,Beverages,Bent Paddle Brewing Co,145,6.3,22.8,7.5,15.99,13.96,53,,28,78,Cottage Grove:3;Roseville:4;Woodbury:4;Chanhassen:5;Minneapolis:5;Ramsey:6;Plymouth:6;Bloomington:9;Minnetonka:10;St. Louis Park:10;Stillwater:12;Vadnais Heights:12;Andover:13;Osseo:13;Rosemount:14;Blaine:19
Clrty Pink Lemonade 10mg THC 4pk 12oz can,Beverages,"Capitol Beverage Sales, L.P.",104,6.3,16.6,9.82,20.99,17.96,53,,27,80,Plymouth:1;Minnetonka:2;Osseo:3;Ramsey:4;Cottage Grove:5;Rosemount:6;Minneapolis:7;St. Louis Park:9;Andover:10;Bloomington:14;Chanhassen:15;Blaine:28
Happy Duck Bomba Juice 5mg THC 10pk,Edibles,Happy Duck LLC,326,6.3,51.6,4.5,9.99,7.96,55,15c,30,68,St. Louis Park:2;Cottage Grove:10;Rosemount:11;Woodbury:13;Blaine:14;Plymouth:17;Ramsey:17;Minneapolis:18;Minnetonka:18;Chanhassen:19;Osseo:19;Vadnais Heights:19;Andover:38;Bloomington:49;Roseville:62
Pappy's Strawberry Lemonade 10mg THC 4pk 12oz can,Beverages,Superior Molecular,78,6.3,12.4,7.33,14.99,12.96,51,,27,81,Andover:1;Osseo:3;Ramsey:3;Minneapolis:3;Bloomington:4;Chanhassen:4;Roseville:4;Stillwater:4;Rosemount:4;Minnetonka:5;Vadnais Heights:5;Cottage Grove:6;Plymouth:6;Blaine:7;St. Louis Park:7;Woodbury:12
Tetra Lemon-Lime 5mg THC 4pk 12oz can,Beverages,Discontinued,44,6.2,7.1,10.33,17.49,14.96,41,,22,100,Vadnais Heights:1;Chanhassen:1;Minneapolis:3;Minnetonka:3;Cottage Grove:5;Ramsey:5;Stillwater:6;Bloomington:9;Osseo:11
Collective Project Variety Pack 10mg 6pk 12oz can,Beverages,"Capitol Beverage Sales, L.P.",93,6.2,14.9,15.2,22.99,19.96,34,,24,92,Cottage Grove:1;Minnetonka:2;Rosemount:2;Blaine:3;Roseville:3;Chanhassen:3;Minneapolis:3;Woodbury:3;Vadnais Heights:4;Ramsey:5;Plymouth:6;Bloomington:6;Stillwater:10;Andover:12;St. Louis Park:30
Wynk Lime Twist 5mg THC 6pk 12oz can,Beverages,Johnson Brothers - St. Paul,70,6.2,11.3,8.38,14.99,12.96,44,Case 1 Upfront,30,64,Minnetonka:1;Ramsey:1;St. Louis Park:1;Chanhassen:2;Vadnais Heights:2;Rosemount:2;Roseville:3;Osseo:4;Andover:5;Minneapolis:5;Stillwater:6;Bloomington:9;Plymouth:9;Blaine:9;Woodbury:11
Pappy's Cherry Limeade 10mg THC 4pk 12oz can,Beverages,Superior Molecular,59,6.2,9.6,7.33,14.99,12.96,51,,27,77,Osseo:2;Cottage Grove:2;Roseville:2;Andover:3;Chanhassen:3;Vadnais Heights:3;Woodbury:4;Plymouth:4;Minnetonka:5;Ramsey:5;Rosemount:5;Blaine:5;Minneapolis:7;Bloomington:9
Jixxie Grapefruit Rosemary 10mg THC 4pk 12oz can,Beverages,"Jixxie, Inc.",81,6.2,13.1,7.83,13.99,12.96,44,,24,91,Minneapolis:2;St. Louis Park:2;Woodbury:2;Blaine:3;Stillwater:3;Rosemount:3;Minnetonka:5;Ramsey:5;Vadnais Heights:6;Plymouth:7;Roseville:7;Cottage Grove:8;Bloomington:8;Andover:9;Chanhassen:11
You Betcha Daytime #2 Gummies 10 pack,Edibles,"North Star Hemp, LLC",102,6.2,16.4,10.0,18.99,15.96,47,Green,23,97,Blaine:2;Woodbury:3;Andover:4;Plymouth:4;Ramsey:4;Rosemount:4;Minneapolis:5;Minnetonka:5;Bloomington:6;Roseville:7;Cottage Grove:9;St. Louis Park:9;Osseo:10;Vadnais Heights:12;Chanhassen:18
Bootlegger Coconut Rum Mocktail 10mg THC 4pk 12oz can,,Global Reserve LLC,69,6.1,11.4,11.2,19.99,16.96,44,,26,78,Roseville:1;Rosemount:2;Vadnais Heights:2;Osseo:2;Plymouth:2;Andover:3;Minneapolis:3;Woodbury:3;Stillwater:4;Cottage Grove:6;Minnetonka:6;St. Louis Park:6;Chanhassen:8;Blaine:8;Ramsey:13
Looner Mocktail Mule 10mg THC 4pk 12oz can,Beverages,Global Reserve LLC,92,6.1,15.2,11.2,22.49,14.96,50,,25,83,Minnetonka:0;Ramsey:1;Woodbury:1;Cottage Grove:2;Bloomington:3;Andover:4;Blaine:5;Vadnais Heights:5;Plymouth:8;Roseville:9;Minneapolis:9;Stillwater:11;St. Louis Park:14;Osseo:16
You Betcha Nighttime #2 Gummies 10 pack,Edibles,"North Star Hemp, LLC",114,6.1,18.8,10.0,18.99,15.96,47,Red,25,82,Minneapolis:1;Plymouth:2;Bloomington:4;Osseo:5;Vadnais Heights:5;Blaine:6;Cottage Grove:7;Andover:8;St. Louis Park:8;Chanhassen:10;Rosemount:10;Woodbury:10;Minnetonka:12;Ramsey:13;Roseville:13
Birch's Ginger Ale Seltzer 10mg THC 12oz can,Beverages,Single Can,0,6.1,0.0,2.0,5.99,4.96,67,,28,70,
You Betcha Night Time Gummies 10 Pack,Edibles,"North Star Hemp, LLC",168,6.0,28.0,10.0,18.99,15.96,47,Purple,24,85,Osseo:3;Bloomington:4;Rosemount:5;Roseville:6;Plymouth:7;Chanhassen:7;Cottage Grove:8;Woodbury:12;Vadnais Heights:13;Minnetonka:14;St. Louis Park:14;Blaine:17;Ramsey:17;Andover:19;Minneapolis:22
North Canna Higher Vibes Pineapple Orange 5mg THC,Beverages,NOR North Brands LLC,27,6.0,4.5,8.0,13.99,11.96,43,,22,95,Roseville:1;St. Louis Park:1;Bloomington:2;Blaine:2;Chanhassen:3;Woodbury:3;Rosemount:4;Osseo:5;Minneapolis:6
North Canna High Tonics Blood Orange Mango 10mg THC,Beverages,NOR North Brands LLC,23,5.9,3.9,9.67,16.99,14.96,43,,21,94,Minneapolis:1;Blaine:1;Andover:1;St. Louis Park:2;Chanhassen:3;Minnetonka:6;Ramsey:9
Granny's Honey Mustard 50mg THC 50pk,Edibles,"Capitol Beverage Sales, L.P.",106,5.9,17.8,10.0,15.99,12.96,37,,26,74,St. Louis Park:2;Rosemount:2;Andover:3;Roseville:3;Woodbury:3;Vadnais Heights:4;Osseo:4;Bloomington:5;Chanhassen:10;Minnetonka:10;Ramsey:10;Blaine:10;Plymouth:10;Cottage Grove:13;Minneapolis:17
Layup Lemonade Variety Pack 10mg THC 12pk 12oz can,Beverages,"Capitol Beverage Sales, L.P.",57,5.9,9.6,23.67,38.99,32.96,39,,32,47,Vadnais Heights:4;Minneapolis:4;Plymouth:4;Woodbury:4;Osseo:4;Roseville:4;St. Louis Park:4;Andover:5;Cottage Grove:7;Rosemount:8;Blaine:9
Find Wunder Variety Pack 10mg THC 8pk 12oz can,Beverages,"Hohensteins, Inc.",71,5.8,12.2,24.47,34.99,29.96,30,,34,34,Stillwater:5;Roseville:5;Vadnais Heights:6;Bloomington:7;Ramsey:8;Minneapolis:8;Andover:9;Cottage Grove:10;St. Louis Park:10;Woodbury:10
You Betcha Day Time Gummies 10 Pack,Edibles,"North Star Hemp, LLC",127,5.8,22.1,10.0,18.99,15.96,47,Yellow,26,68,Osseo:1;St. Louis Park:2;Plymouth:3;Roseville:3;Minneapolis:5;Bloomington:8;Chanhassen:8;Minnetonka:15;Blaine:15;Vadnais Heights:19;Rosemount:22;Woodbury:26
Aura Ginger Peach Seltzer 10mg THC 4pk 12oz can,Beverages,Global Reserve LLC,60,5.8,10.3,8.5,15.99,13.96,47,,25,74,Minnetonka:1;St. Louis Park:1;Andover:2;Vadnais Heights:2;Osseo:2;Blaine:2;Chanhassen:2;Ramsey:3;Rosemount:3;Woodbury:4;Minneapolis:4;Cottage Grove:5;Roseville:5;Plymouth:6;Stillwater:6;Bloomington:12
Wynk Lemonade 10mg THC 4pk 12oz can,Beverages,Johnson Brothers - St. Paul,200,5.8,34.7,9.0,17.49,13.96,49,,24,77,Woodbury:3;Chanhassen:5;Roseville:5;St. Louis Park:5;Minnetonka:6;Stillwater:7;Cottage Grove:8;Minneapolis:8;Vadnais Heights:12;Rosemount:13;Blaine:14;Bloomington:16;Osseo:17;Ramsey:20;Andover:26;Plymouth:35
Looner Mocktail Mule 10mg THC 12oz can,Beverages,Single Can,0,5.7,0.0,2.8,5.99,4.96,53,,24,76,
Climbing Kites Peach Prickly Pear 10mg THC 4pk 12oz can,Beverages,Dahlheimer Beverage Monticello,55,5.7,9.7,10.67,18.99,15.96,44,Case 1,16,110,Minnetonka:1;Rosemount:1;Minneapolis:2;Andover:3;Stillwater:3;Blaine:5;Plymouth:5;Bloomington:7;Cottage Grove:7;Woodbury:9;Ramsey:12
Inbound Satellite Blackberry Peach 10mg THC 4pk 12oz can,Beverages,Lucid Brewing LLC Dba Inbound Brewco,58,5.7,10.2,8.67,23.99,19.96,64,$10 off of each case,25,71,Andover:1;Chanhassen:2;Cottage Grove:3;Minnetonka:3;Osseo:5;Rosemount:5;Ramsey:5;Roseville:5;Minneapolis:6;Vadnais Heights:9;Plymouth:14
Foundry Nation Two Scoops Orange 10mg THC 12oz can,Beverages,Single Can,0,5.7,0.0,3.13,5.99,4.96,48,,22,83,
Lift Bridge Fruit Cup 10mg THC 4pk 12oz can,Beverages,College City Beverage,28,5.7,4.9,9.9,18.99,14.96,48,$14.40/cs Rebate paid out by LB at the end of each quarter,15,115,Roseville:1;Chanhassen:1;St. Louis Park:3;Osseo:4;Ramsey:4;Bloomington:15
North Canna High Tonics Berry Lemonade 10mg THC,Beverages,NOR North Brands LLC,21,5.7,3.7,9.67,16.99,14.96,43,,18,102,Ramsey:1;Bloomington:3;Minnetonka:6;St. Louis Park:11
Bent Paddle Puff Dragonfruit Pine 10mg THC 12pk 12oz can,Beverages,Bent Paddle Brewing Co,76,5.7,13.4,22.5,42.99,35.96,48,,17,106,Chanhassen:1;Rosemount:1;Minnetonka:2;Plymouth:2;Cottage Grove:2;Bloomington:3;Stillwater:3;St. Louis Park:3;Minneapolis:4;Andover:7;Woodbury:10;Ramsey:12;Osseo:26
Granny's Birthday Cake Pretzels 50mg THC 50pk,Edibles,"Capitol Beverage Sales, L.P.",205,5.6,36.5,10.0,15.99,12.96,37,,21,86,Rosemount:1;Plymouth:5;Osseo:7;Chanhassen:8;St. Louis Park:8;Bloomington:9;Ramsey:9;Minneapolis:9;Andover:10;Vadnais Heights:10;Cottage Grove:17;Roseville:20;Blaine:92
Headflyer Maui Wowie Punch 10mg THC 4pk 12oz can,Beverages,HeadFlyer Brewing,184,5.6,32.6,11.73,20.99,17.96,44,3cs Min Buy,25,69,Cottage Grove:1;Minnetonka:1;Plymouth:4;Rosemount:7;Minneapolis:10;St. Louis Park:10;Ramsey:11;Roseville:11;Woodbury:11;Vadnais Heights:14;Bloomington:15;Osseo:15;Andover:16;Blaine:16;Chanhassen:18;Stillwater:24
Two Scoops Variety Pack 12pk 12oz can,Beverages,Bellboy Corporation,53,5.6,9.5,31.0,58.99,46.96,47,,25,67,Vadnais Heights:1;Woodbury:1;Blaine:2;Andover:2;Ramsey:2;Roseville:2;Chanhassen:2;Cottage Grove:3;Minneapolis:3;St. Louis Park:4;Stillwater:7;Plymouth:8;Rosemount:8;Bloomington:8
Bent Paddle Puff Dragonfruit Cloud 10mg THC 4pk 12oz can,Beverages,Bent Paddle Brewing Co,110,5.6,19.6,9.17,15.99,13.96,43,,25,68,Stillwater:1;Osseo:4;Minnetonka:5;Andover:6;Roseville:6;Vadnais Heights:6;Blaine:7;Ramsey:7;Bloomington:8;Chanhassen:9;St. Louis Park:9;Minneapolis:10;Plymouth:10;Woodbury:10;Rosemount:12
Lift Bridge Big Believer Variety Pack THC 12pk 12oz can,Beverages,"Capitol Beverage Sales, L.P.",72,5.6,12.8,20.72,36.99,31.96,44,Lift Bridge Supports to Hit Pricing,19,95,Rosemount:3;Osseo:4;Ramsey:5;Minneapolis:5;Blaine:5;Cottage Grove:6;Andover:9;Roseville:17;Bloomington:18
Bent Paddle Hightened Paloma Rita 10mg THC 4pk 12oz can,Beverages,Bent Paddle Brewing Co,98,5.5,17.9,9.17,15.99,13.96,43,,23,72,Minnetonka:1;Roseville:1;Minneapolis:2;Blaine:3;Osseo:4;Stillwater:4;Andover:5;Ramsey:5;Plymouth:6;Vadnais Heights:6;Rosemount:7;Bloomington:9;Chanhassen:10;Cottage Grove:11;Woodbury:12;St. Louis Park:12
Looner Half and Half 10mg THC 4pk 12oz can,Beverages,Global Reserve LLC,65,5.5,11.8,11.2,22.49,14.96,50,,22,78,Minnetonka:0;Andover:1;Chanhassen:1;Minneapolis:2;Woodbury:2;Ramsey:2;Bloomington:2;Osseo:5;St. Louis Park:5;Plymouth:5;Vadnais Heights:5;Roseville:6;Stillwater:12;Blaine:12
Wynk Tangerine 5mg THC 6pk 12oz can,Beverages,Johnson Brothers - St. Paul,72,5.4,13.4,9.27,14.99,12.96,38,,23,69,Andover:1;Blaine:1;Cottage Grove:1;Minneapolis:1;Rosemount:1;Bloomington:2;Osseo:2;Ramsey:2;Chanhassen:3;Plymouth:4;St. Louis Park:4;Roseville:6;Stillwater:6;Minnetonka:12;Vadnais Heights:12;Woodbury:14
Clrty Black Cherry 5mg THC 4pk 12oz can,Beverages,"Capitol Beverage Sales, L.P.",59,5.4,10.9,8.01,14.99,12.96,47,,20,84,Roseville:1;Stillwater:2;Chanhassen:3;Plymouth:3;Ramsey:3;Minneapolis:4;Osseo:4;Woodbury:4;Andover:6;Minnetonka:6;Bloomington:11;Blaine:12
Forbidden Fruit Variety Pack 10mg THC 12pk 12oz can,Beverages,Bellboy Corporation,155,5.4,28.6,25.0,46.99,38.96,47,100cs Order,26,57,Chanhassen:2;Cottage Grove:2;Rosemount:2;Minnetonka:2;Andover:2;Bloomington:3;Osseo:3;Ramsey:3;Plymouth:7;Roseville:8;Minneapolis:8;Woodbury:8;St. Louis Park:9;Blaine:24;Vadnais Heights:72
Bent Paddle Puff Dragonfruit Pine 10mg THC 4pk 12oz can,Beverages,Bent Paddle Brewing Co,91,5.4,16.8,9.17,15.99,13.96,43,,24,66,Ramsey:2;Stillwater:2;Rosemount:2;Andover:4;Bloomington:4;Cottage Grove:5;Plymouth:5;Blaine:6;Vadnais Heights:6;Osseo:7;St. Louis Park:8;Chanhassen:9;Minnetonka:9;Woodbury:10;Roseville:12
Modist Tint Raspberry Lemon Iced Tea 10mg THC 4pk 12oz can,Beverages,Modist Brewing Company,31,5.3,5.8,6.43,12.49,9.96,48,,24,63,Blaine:1;Plymouth:2;St. Louis Park:3;Minnetonka:4;Bloomington:5;Chanhassen:5;Vadnais Heights:11
"oHHo 10mg Blood Orange and Pomegranate 4pk 12oz can
",Beverages,Get Chai,110,5.3,20.9,10.0,18.99,15.96,47,Pallet Buy 104 Case,21,75,Chanhassen:4;Rosemount:4;Minnetonka:5;Ramsey:5;Stillwater:5;Minneapolis:6;Plymouth:6;Roseville:7;St. Louis Park:8;Woodbury:8;Andover:9;Blaine:10;Osseo:10;Vadnais Heights:11;Cottage Grove:12
Collective Project Raspberry Lemonade 5mg THC 4pk 12oz can,Beverages,"Capitol Beverage Sales, L.P.",84,5.2,16.1,8.81,10.99,9.96,20,,20,78,Plymouth:1;Stillwater:1;Ramsey:2;Chanhassen:3;Osseo:4;Minneapolis:5;St. Louis Park:5;Cottage Grove:6;Minnetonka:6;Rosemount:6;Roseville:6;Bloomington:8;Vadnais Heights:10;Andover:11;Woodbury:12
Inbound Satellite Cherry Lime THC 4pk 12oz can,Beverages,Lucid Brewing LLC Dba Inbound Brewco,71,5.2,13.7,8.67,22.49,18.96,61,$10 off of each case,19,81,St. Louis Park:3;Minneapolis:4;Vadnais Heights:4;Rosemount:7;Osseo:8;Ramsey:8;Minnetonka:10;Chanhassen:12;Bloomington:15
Looner Half and Half 10mg THC 12oz can,Beverages,Single Can,0,5.2,0.0,2.8,5.99,4.96,53,,20,77,
Utepils Key Lime Seltzer 10mg THC 4pk 12oz can,Beverages,"Breakthru Beverage Minnesota Beer, LLC",152,5.2,29.1,8.68,17.49,13.96,50,Case 1,20,78,Plymouth:1;Roseville:2;Vadnais Heights:3;Blaine:4;Woodbury:4;Andover:5;Minnetonka:5;Minneapolis:7;Chanhassen:10;Osseo:10;Stillwater:11;Ramsey:12;Cottage Grove:14;St. Louis Park:14;Rosemount:21;Bloomington:29
oHHo Empire Apple and Blackberry 10mg THC 4pk 12oz can,Beverages,Get Chai,103,5.2,19.6,10.0,18.99,15.96,47,,21,74,Vadnais Heights:2;Woodbury:2;Chanhassen:3;Minneapolis:3;Stillwater:4;Minnetonka:5;Rosemount:5;Ramsey:6;Osseo:6;Blaine:7;Plymouth:9;St. Louis Park:11;Roseville:11;Andover:13;Bloomington:16
Bootlegger Mojito Mocktail 10mg THC 4pk 12oz can,Beverages,Global Reserve LLC,88,5.1,17.4,11.2,19.99,16.96,44,,23,59,Andover:1;Roseville:2;Vadnais Heights:2;Woodbury:2;Chanhassen:3;Minneapolis:5;Minnetonka:5;Ramsey:5;St. Louis Park:5;Blaine:5;Cottage Grove:6;Bloomington:6;Plymouth:7;Rosemount:7;Osseo:12;Stillwater:15
Granny's Grapefruit Tangerine 10mg THC 4pk 12oz can,Beverages,"Capitol Beverage Sales, L.P.",72,5.1,14.1,11.0,17.99,14.96,39,,24,56,Woodbury:2;Bloomington:3;Osseo:3;Rosemount:3;Plymouth:3;Blaine:4;Cottage Grove:4;Andover:5;Minnetonka:5;Chanhassen:8;Minneapolis:10;Ramsey:11;Stillwater:11
Gigli Pineapple Mojito 5mg THC 4pk 12oz can,Beverages,Gigli MN LLC,275,5.1,53.4,8.67,17.49,12.96,50,,23,62,Stillwater:8;Minnetonka:12;Osseo:13;Ramsey:13;Rosemount:17;Cottage Grove:17;Plymouth:17;St. Louis Park:18;Chanhassen:20;Roseville:20;Woodbury:20;Vadnais Heights:22;Minneapolis:23;Blaine:26;Andover:29
Lift Bridge Believer Dream 10mg THC 4pk 12oz can,Beverages,"Capitol Beverage Sales, L.P.",32,5.1,6.2,8.4,14.99,12.96,44,Lift Bridge Supports to Hit Pricing,16,93,Osseo:2;Ramsey:6;Blaine:7;Roseville:17
Layup Iced Tea Variety Pack 10mg THC 12pk 12oz can,Beverages,"Capitol Beverage Sales, L.P.",55,5.0,11.0,24.25,38.99,32.96,38,,26,43,Vadnais Heights:1;Minnetonka:2;Chanhassen:3;Rosemount:4;Ramsey:4;Osseo:5;Plymouth:5;Woodbury:5;Roseville:6;St. Louis Park:6;Blaine:7;Cottage Grove:7
Forbidden Fruit Lemonade 10mg THC 4pk 12oz can,Beverages,Nothing But Hemp LLC,168,5.0,33.8,9.83,23.99,19.96,59,,18,79,Stillwater:4;Rosemount:5;Cottage Grove:7;St. Louis Park:7;Andover:8;Bloomington:8;Blaine:8;Minneapolis:8;Chanhassen:10;Minnetonka:10;Roseville:10;Osseo:14;Ramsey:16;Vadnais Heights:16;Plymouth:18;Woodbury:19
Smokiez Peach 5mg THC 10 Pack,Edibles,Bellboy Corporation,126,5.0,25.2,5.5,15.49,12.96,64,Case 1,20,71,Roseville:2;Chanhassen:3;St. Louis Park:3;Vadnais Heights:6;Plymouth:7;Cottage Grove:8;Minneapolis:8;Woodbury:9;Osseo:9;Bloomington:10;Andover:11;Rosemount:11;Blaine:12;Minnetonka:12;Ramsey:15
Pappy's Lemonade 10mg THC 4pk 12oz can,Beverages,Superior Molecular,78,5.0,15.5,7.33,14.99,12.96,51,,25,49,Ramsey:1;Stillwater:2;Plymouth:3;Rosemount:3;Osseo:4;Andover:4;Minneapolis:4;Woodbury:4;St. Louis Park:5;Blaine:6;Vadnais Heights:6;Chanhassen:7;Roseville:7;Bloomington:11;Cottage Grove:11
Modist Melt Pop Citrus Punch 10mg THC 4pk 12oz can,Beverages,Modist Brewing Company,88,5.0,17.7,9.17,15.99,13.96,43,Direct Ship to Blaine 50cs mix,24,52,Ramsey:1;Stillwater:2;Andover:2;Minnetonka:2;Woodbury:4;Minneapolis:5;Chanhassen:6;Plymouth:6;Roseville:6;Blaine:7;St. Louis Park:7;Cottage Grove:7;Rosemount:10;Osseo:11;Vadnais Heights:12
North Canna Higher Vibes Blueberry Citrus 5mg THC,Beverages,NOR North Brands LLC,19,4.9,3.9,8.0,13.99,11.96,43,,16,85,Stillwater:1;Woodbury:1;Minnetonka:1;Cottage Grove:1;Osseo:3;Ramsey:3;Minneapolis:4;Andover:5
TBD Green Tea Lemonade 4mg THC 12oz can,Beverages,Get Chai,370,4.9,75.0,3.2,7.99,6.96,60,,17,82,Ramsey:7;Rosemount:11;Plymouth:11;Roseville:11;Minnetonka:17;Osseo:19;Cottage Grove:23;Stillwater:23;Andover:24;Blaine:24;Minneapolis:24;Woodbury:24;Chanhassen:27;St. Louis Park:28;Vadnais Heights:28;Bloomington:69
Voltage Half & Half 10mg THC 4pk 12oz can,Beverages,Credo Brands LLC,274,4.9,55.4,9.0,15.99,13.96,44,,22,60,Blaine:1;Rosemount:9;Stillwater:12;Minnetonka:13;Ramsey:17;Vadnais Heights:17;Andover:17;Osseo:18;Minneapolis:26;Chanhassen:27;Woodbury:28;Roseville:28;Plymouth:29;St. Louis Park:32
Insight Grapefruit 10mg THC 6pk 12oz can,Beverages,Insight Brewing Company (D),68,4.9,13.9,12.72,22.49,18.96,43,Quarterly buy,22,58,Vadnais Heights:2;Andover:2;Chanhassen:3;Woodbury:3;Minnetonka:3;Roseville:4;Cottage Grove:5;Minneapolis:5;Stillwater:5;Plymouth:6;Rosemount:6;Ramsey:8;Blaine:8;Osseo:8
Two Scoops Cream Soda10mg THC 4pk 12oz can,Beverages,Bellboy Corporation,84,4.9,17.3,13.07,23.99,19.96,46,,20,66,Chanhassen:2;Blaine:2;Osseo:3;Ramsey:3;Minneapolis:5;Vadnais Heights:5;St. Louis Park:5;Rosemount:6;Bloomington:7;Cottage Grove:7;Woodbury:8;Roseville:9;Stillwater:9;Andover:13
Collective Project Mango Pineapple Coconut 10mg THC 4pk 12oz can,Beverages,"Capitol Beverage Sales, L.P.",131,4.8,27.1,9.36,18.99,14.96,51,,15,88,Minneapolis:1;Osseo:3;Rosemount:3;Andover:3;Plymouth:3;Chanhassen:4;Cottage Grove:4;Ramsey:6;St. Louis Park:6;Woodbury:6;Vadnais Heights:7;Roseville:8;Minnetonka:12;Stillwater:12;Bloomington:16;Blaine:37
Bent Paddle Muse Strawberry Watermelon 5mg THC 4pk 12oz can,Beverages,Bent Paddle Brewing Co,43,4.8,8.9,7.33,12.99,10.96,44,,16,83,Rosemount:1;Osseo:2;Woodbury:2;Stillwater:3;Andover:4;Minneapolis:4;Minnetonka:4;Cottage Grove:4;Chanhassen:5;Vadnais Heights:5;Bloomington:9
Brez Amplify 5mg THC 4pk 12oz can,Beverages,Bellboy Corporation,64,4.7,13.8,11.33,17.99,15.96,37,,21,55,Chanhassen:1;Minneapolis:1;Plymouth:1;Ramsey:1;Minnetonka:2;Vadnais Heights:2;Andover:3;St. Louis Park:3;Cottage Grove:4;Rosemount:4;Woodbury:4;Blaine:4;Stillwater:6;Roseville:6;Bloomington:9;Osseo:13
BLNCD Watermelon Margarita 10mg THC 4pk 12oz can,Beverages,Small Lot MN,75,4.7,16.1,13.07,23.99,17.96,46,,20,60,Rosemount:2;Stillwater:2;Osseo:3;St. Louis Park:3;Woodbury:3;Blaine:4;Ramsey:4;Vadnais Heights:4;Cottage Grove:5;Bloomington:5;Chanhassen:5;Minnetonka:6;Plymouth:6;Andover:10;Minneapolis:13
CLRTY Watermelon 10mg THC 4pk 12oz can,Beverages,Clrty Company,86,4.7,18.5,9.82,17.49,14.96,44,Direct Buy,19,64,Osseo:2;Minnetonka:3;Blaine:5;Chanhassen:8;St. Louis Park:11;Woodbury:13;Stillwater:14;Vadnais Heights:14;Roseville:16
OFFFIELD High Performance Energy Gummies Wild Berry 3mg THC 10 Pack,Edibles,Get Chai,236,4.7,50.1,6.3,9.99,8.96,37,,23,48,Andover:8;Roseville:3;St. Louis Park:7;Minnetonka:10;Vadnais Heights:16;Minneapolis:16;Ramsey:19;Osseo:20;Rosemount:24;Plymouth:36;Woodbury:36;Chanhassen:41
oHHo 10mg Variety 8pk 12oz can,Beverages,Get Chai,84,4.7,18.1,16.67,36.99,31.96,55,Pallet Buy 104 Case,17,73,Ramsey:1;Stillwater:1;Minneapolis:3;Minnetonka:3;Vadnais Heights:3;Blaine:4;Chanhassen:4;Rosemount:4;Roseville:4;Osseo:5;Plymouth:5;Andover:5;Cottage Grove:8;Woodbury:8;St. Louis Park:11;Bloomington:15
Utepils Orange Seltzer 10mg THC 4pk 12oz can,Beverages,"Breakthru Beverage Minnesota Beer, LLC",113,4.6,24.6,8.68,17.49,13.96,50,Case 1,19,62,Rosemount:3;Roseville:3;Minneapolis:3;Cottage Grove:5;Stillwater:5;Vadnais Heights:5;Woodbury:5;Plymouth:6;Chanhassen:6;Blaine:7;Osseo:9;Andover:10;St. Louis Park:17;Bloomington:29
Looner Wild Grape 5mg THC 4pk 12oz can,Beverages,Global Reserve LLC,106,4.6,23.0,6.99,11.49,9.96,39,,20,58,Cottage Grove:2;Woodbury:2;Ramsey:4;Osseo:6;Plymouth:6;Stillwater:6;St. Louis Park:8;Vadnais Heights:8;Minneapolis:10;Rosemount:13;Roseville:13;Andover:14;Blaine:14
Birch's Blueberry 10mg THC 12oz can,Beverages,Single Can,0,4.6,0.0,2.0,5.99,4.96,67,,17,72,
BLNCD Mocktail Variety Pack 10mg 12pk 12oz can,Beverages,Bellboy Corporation,60,4.6,12.9,31.5,54.99,46.96,43,,18,68,Vadnais Heights:1;Cottage Grove:2;Minneapolis:2;Minnetonka:2;Ramsey:2;St. Louis Park:2;Chanhassen:2;Rosemount:2;Plymouth:3;Blaine:4;Andover:6;Woodbury:6;Bloomington:8;Stillwater:8;Roseville:10
IYKYK Lemonade 10mg 4pk 12oz can,Beverages,"IYKYK Beverages, LLC",146,4.5,32.8,9.0,15.99,13.96,44,Pallet Buy,15,76,Rosemount:4;Vadnais Heights:4;Ramsey:6;Roseville:6;Andover:7;Plymouth:8;Woodbury:9;Minnetonka:10;Minneapolis:11;Chanhassen:11;St. Louis Park:11;Blaine:12;Osseo:13;Stillwater:13;Bloomington:17
Happy Duck Bomba 10mg THC 4pk 12oz can,Beverages,Happy Duck LLC,40,4.5,8.9,5.83,10.99,9.96,47,15c,15,77,Blaine:1;Minneapolis:3;Osseo:4;St. Louis Park:4;Andover:5;Roseville:6;Woodbury:6;Bloomington:11
Mary Jones Orange Cream 10mg THC 4pk 12oz can,Beverages,"Capitol Beverage Sales, L.P.",19,4.5,4.2,9.73,20.99,14.86,54,Extra on 12pk to make up for 4pk,19,60,Plymouth:1;Woodbury:1;St. Louis Park:1;Ramsey:2;Chanhassen:5;Bloomington:9
Lift Bridge Limelon 10mg THC 4pk 12oz can,Beverages,College City Beverage,50,4.5,11.2,9.9,18.99,14.96,48,$14.40/cs Rebate paid out by LB at the end of each quarter,13,85,Andover:1;Osseo:2;Roseville:2;Minnetonka:3;Vadnais Heights:6;Chanhassen:7;Ramsey:14;Bloomington:15
Brez Single 2.5mg THC 4pk 7.5oz can,Beverages,Bellboy Corporation,207,4.4,46.6,9.17,17.99,14.96,49,,20,53,St. Louis Park:1;Vadnais Heights:2;Roseville:2;Plymouth:2;Minneapolis:4;Minnetonka:5;Ramsey:9;Chanhassen:11;Woodbury:14;Osseo:19;Rosemount:28;Blaine:47;Stillwater:58
Pharos Raspberry Lemonade 10mg THC 4pk 12oz can,Beverages,"Pharos Brands International, LLC",40,4.4,9.1,6.55,10.99,7.86,40,,12,88,Chanhassen:1;Rosemount:1;St. Louis Park:2;Cottage Grove:5;Blaine:11;Andover:20
Granny's Watermelon 10mg THC 4pk 12oz can,Beverages,"Capitol Beverage Sales, L.P.",81,4.4,18.5,11.0,17.99,14.96,39,,17,64,Stillwater:1;St. Louis Park:2;Vadnais Heights:2;Bloomington:3;Cottage Grove:3;Woodbury:3;Minneapolis:5;Minnetonka:5;Blaine:6;Plymouth:6;Ramsey:6;Rosemount:6;Roseville:6;Andover:7;Chanhassen:10;Osseo:10
Wild State Birdie Honey Lemonade 10mg THC 4pk 12oz can,Beverages,Wild State Cider,119,4.4,27.0,10.99,18.99,15.96,42,Pallet Orders,19,56,Plymouth:3;Andover:5;Chanhassen:5;Vadnais Heights:5;Woodbury:5;Blaine:6;Minnetonka:6;Stillwater:7;St. Louis Park:8;Ramsey:8;Roseville:9;Minneapolis:10;Osseo:10;Rosemount:10;Bloomington:11;Cottage Grove:11
Drops Blueberry Gentle 1mg THC 10 Pack,Edibles,Global Reserve LLC,81,4.4,18.5,6.0,14.99,12.96,60,Case 1,21,46,Ramsey:1;Rosemount:1;Plymouth:4;Roseville:4;Blaine:5;Bloomington:5;Osseo:6;Minneapolis:7;Minnetonka:7;Woodbury:8;St. Louis Park:9;Vadnais Heights:11;Andover:13
Foundry Nation Two Scoops Orange 10mg THC 4pk 12oz can,Beverages,Bellboy Corporation,110,4.4,25.1,12.51,23.99,19.96,48,,20,51,Ramsey:2;Cottage Grove:2;Blaine:4;Andover:5;Chanhassen:5;Osseo:5;Vadnais Heights:6;Minneapolis:6;Minnetonka:7;Rosemount:7;Bloomington:7;Plymouth:8;Woodbury:9;Roseville:9;St. Louis Park:11;Stillwater:12
Clrty Cranberry Lime 10mg THC 4pk 12oz can,Beverages,"Capitol Beverage Sales, L.P.",85,4.4,19.3,11.24,20.99,17.96,46,,17,65,Rosemount:1;Blaine:1;Minneapolis:2;St. Louis Park:2;Woodbury:2;Stillwater:2;Vadnais Heights:3;Osseo:4;Chanhassen:5;Plymouth:5;Ramsey:5;Minnetonka:8;Cottage Grove:9;Andover:11;Bloomington:11;Roseville:14
IYKYK Lemonade Tea 10mg 4pk 12oz can,Beverages,"IYKYK Beverages, LLC",178,4.3,41.3,9.0,13.99,12.95,36,Pallet Buy,15,71,Rosemount:3;Plymouth:6;Roseville:6;Osseo:7;Ramsey:7;Minneapolis:8;Blaine:8;St. Louis Park:9;Andover:10;Vadnais Heights:10;Minnetonka:11;Chanhassen:11;Stillwater:13;Woodbury:13;Bloomington:18;Cottage Grove:34
Bubz Orange Vanilla 10mg THC 4pk 12oz can,Beverages,Dahlheimer Beverage Monticello,60,4.3,14.0,8.91,14.99,13.96,41,,18,57,Blaine:1;Minnetonka:2;Plymouth:3;Minneapolis:3;Rosemount:3;Chanhassen:4;Cottage Grove:4;Vadnais Heights:4;St. Louis Park:6;Roseville:7;Woodbury:8;Andover:15
Iverson 96 Nectarine 10mg THC 6pk 16oz can,Beverages,"Capitol Beverage Sales, L.P.",44,4.3,10.3,13.91,24.49,19.86,43,,14,75,Roseville:1;Andover:1;Minneapolis:2;Plymouth:2;Rosemount:4;Minnetonka:5;Osseo:5;Stillwater:5;Chanhassen:6;Cottage Grove:6;Blaine:7
Stigma Variety Pack 10mg THC 12pk 12oz can,Beverages,Stigma,60,4.2,14.1,24.2,44.99,35.96,46,"10 Free on 104, 3 from Stigma, 7 from Artisan",17,60,Bloomington:1;Osseo:1;Plymouth:1;Stillwater:1;Andover:1;Chanhassen:2;Minnetonka:2;Roseville:2;Woodbury:2;Cottage Grove:3;Rosemount:4;Ramsey:5;St. Louis Park:5;Minneapolis:8;Vadnais Heights:8;Blaine:14
Artet Mango Ginger Spritz 5mg THC 4pk 8oz can,Beverages,Get Chai,109,4.2,25.9,8.83,15.99,13.96,45,,17,59,Ramsey:5;Stillwater:5;Minneapolis:6;Minnetonka:6;Woodbury:6;Roseville:6;Vadnais Heights:6;Rosemount:7;Bloomington:9;Chanhassen:11;Plymouth:11;St. Louis Park:11;Andover:20
Pharos Blood Orange Lime 10mg THC 4pk 12oz can,Beverages,"Pharos Brands International, LLC",26,4.2,6.2,7.14,10.99,7.86,35,,7,103,Minneapolis:1;Roseville:1;Woodbury:1;Chanhassen:1;Ramsey:2;Blaine:5;Andover:15
IYKYK Party Pack 10mg 8pk 12oz can,Beverages,"IYKYK Beverages, LLC",28,4.2,6.6,18.0,28.99,24.95,38,Pallet Buy,13,78,St. Louis Park:1;Rosemount:2;Minneapolis:3;Minnetonka:4;Cottage Grove:8;Bloomington:10
"oHHo 10mg Pink Grapefruit and Elderflower 4pk 12oz can
",Beverages,Get Chai,105,4.2,25.2,10.0,18.99,15.96,47,Pallet Buy 104 Case,16,62,Chanhassen:1;Ramsey:2;Stillwater:2;Osseo:3;Cottage Grove:5;Minnetonka:5;Blaine:6;Rosemount:6;Minneapolis:7;Roseville:7;Plymouth:8;St. Louis Park:9;Woodbury:9;Vadnais Heights:10;Andover:10;Bloomington:15
Smokiez Blue Raspberry 5mg THC 10 Pack,Edibles,Bellboy Corporation,137,4.2,32.7,5.5,15.49,12.96,64,Case 1,13,76,Minnetonka:1;Rosemount:4;Roseville:4;Blaine:7;Cottage Grove:7;Woodbury:8;Plymouth:8;Vadnais Heights:9;Andover:10;Bloomington:11;Ramsey:12;Osseo:17;Chanhassen:19;Minneapolis:20
North Canna Higher Vibes Adventure Pack 5mg THC,Beverages,NOR North Brands LLC,16,4.1,3.9,15.0,26.99,22.96,44,,11,82,Andover:1;Minneapolis:2;Minnetonka:2;Woodbury:2;Cottage Grove:3;Osseo:6
Bootlegger Mai Tai Mocktail 10mg THC 4pk 12oz can,Beverages,Global Reserve LLC,60,4.1,14.5,11.2,19.99,16.96,44,,20,43,Woodbury:1;Plymouth:1;Blaine:2;Cottage Grove:2;Rosemount:2;Bloomington:4;Chanhassen:4;Osseo:6;Stillwater:6;St. Louis Park:6;Vadnais Heights:7;Minnetonka:9;Ramsey:10
Modist Tint Blackberry Lime 10mg THC 4pk 12oz can,Beverages,Modist Brewing Company,27,4.1,6.6,6.43,12.49,9.96,48,,16,60,Andover:1;Stillwater:1;Blaine:1;Roseville:3;Chanhassen:4;Minnetonka:4;Osseo:4;Vadnais Heights:9
Bent Paddle Muse Mango Citrus 5mg THC 4pk 12oz can,Beverages,Bent Paddle Brewing Co,39,4.1,9.4,7.33,12.99,10.96,44,,14,70,Blaine:1;Cottage Grove:1;Rosemount:1;Woodbury:1;Vadnais Heights:2;Andover:4;Minnetonka:4;Osseo:4;Plymouth:4;Chanhassen:5;Minneapolis:5;Bloomington:7
Climbing Kites Transfusion 10mg THC 4pk 12oz can,Beverages,Global Reserve LLC,79,4.1,19.2,10.67,18.99,15.96,44,Case 1,19,47,Minnetonka:1;Ramsey:2;Osseo:3;Stillwater:3;Minneapolis:4;Andover:4;Blaine:4;Rosemount:4;Plymouth:6;Roseville:7;Vadnais Heights:7;Woodbury:7;Bloomington:10;Cottage Grove:17
Insight Mixed Berry 10mg 6pk 12oz can,Beverages,Insight Brewing Company (D),61,4.0,15.2,12.72,22.49,18.96,43,Quarterly buy,16,57,Blaine:1;St. Louis Park:1;Bloomington:2;Minneapolis:2;Chanhassen:2;Roseville:3;Cottage Grove:4;Plymouth:4;Ramsey:4;Rosemount:4;Stillwater:4;Minnetonka:5;Vadnais Heights:5;Andover:6;Woodbury:6;Osseo:8
BLNCD Cranberry Pomegrante Mule 10mg THC 4pk 12oz can,Beverages,Bellboy Corporation,71,4.0,17.6,13.07,23.99,17.96,46,,16,58,Plymouth:1;St. Louis Park:1;Woodbury:2;Blaine:2;Rosemount:4;Ramsey:4;Bloomington:5;Chanhassen:5;Minnetonka:5;Minneapolis:6;Stillwater:6;Roseville:7;Cottage Grove:10;Andover:13
Tetra Raspberry-Ginger 5mg THC 4pk 12oz can,Beverages,Discontinued,77,4.0,19.4,10.33,17.49,14.96,41,,11,78,Minnetonka:2;Cottage Grove:4;Ramsey:5;Vadnais Heights:5;Woodbury:6;Minneapolis:7;Andover:8;Plymouth:8;Rosemount:10;Bloomington:11;Osseo:11
Clrty SodaPot Straw-Nana 10mg 4pk 12oz can,Beverages,"Capitol Beverage Sales, L.P.",80,4.0,20.1,9.82,20.99,17.96,53,,16,56,Minneapolis:1;Andover:1;Blaine:2;Vadnais Heights:2;Woodbury:2;Rosemount:3;Minnetonka:4;St. Louis Park:4;Plymouth:6;Bloomington:6;Cottage Grove:7;Roseville:7;Osseo:10;Ramsey:12;Stillwater:13
BLNCD Dream State 5mg Adaptogen THC Gummies,Edibles,Bellboy Corporation,20,3.9,5.1,12.0,19.99,16.96,40,,19,41,Roseville:1;Bloomington:2;Woodbury:2;Rosemount:2;St. Louis Park:3;Vadnais Heights:4;Plymouth:6
Sweet Justice Elderberry 5mg THC 4pk 12oz can,Beverages,"Capitol Beverage Sales, L.P.",89,3.9,22.7,10.58,17.49,9.86,40,,18,45,Chanhassen:1;Minneapolis:1;Vadnais Heights:2;Minnetonka:3;Plymouth:3;Cottage Grove:4;Roseville:4;Stillwater:4;Ramsey:9;Osseo:12;Rosemount:12;Blaine:34
Mary Jones Root Beer 10mg THC 4pk 12oz can,Beverages,"Capitol Beverage Sales, L.P.",37,3.9,9.5,9.73,20.99,14.86,54,Extra on 12pk to make up for 4pk,8,89,Andover:1;Minnetonka:3;Plymouth:3;Ramsey:3;Osseo:3;Chanhassen:4;Stillwater:6;Bloomington:14
Bent Paddle Puff Prickly Pear Lemonade 10mg THC 4pk 12oz can,Beverages,Bent Paddle Brewing Co,86,3.9,22.0,9.17,15.99,13.96,43,,19,40,St. Louis Park:1;Rosemount:2;Vadnais Heights:3;Woodbury:3;Stillwater:5;Cottage Grove:5;Chanhassen:6;Andover:6;Roseville:6;Minneapolis:7;Osseo:7;Ramsey:7;Bloomington:11;Blaine:17
Smokiez Sour Blue Rasp 5mg THC 10 Pack,Edibles,Bellboy Corporation,104,3.9,26.4,5.5,15.49,12.96,64,Case 1,17,50,Chanhassen:1;Vadnais Heights:4;Osseo:4;Ramsey:5;Roseville:5;Blaine:6;Plymouth:8;St. Louis Park:8;Minnetonka:9;Rosemount:9;Cottage Grove:10;Woodbury:17;Minneapolis:18
Fetch Zero Cola 10mg THC 4pk 12oz can,Beverages,"Capitol Beverage Sales, L.P.",45,3.8,11.9,7.0,11.49,9.96,39,,14,59,Bloomington:1;Osseo:2;Woodbury:3;Blaine:4;Ramsey:4;Plymouth:6;Stillwater:7;Andover:8;Rosemount:10
Birch's Cherry Seltzer 10mg THC 12oz can,Beverages,Single Can,0,3.8,0.0,2.0,5.99,4.96,67,,13,64,
Modist Melt Blood Orange Raspberry Vanilla 10mg THC 4pk 12oz can,Beverages,Modist Brewing Company,28,3.8,7.3,9.17,15.99,13.96,43,Direct Ship to Blaine 50cs mix,11,73,Chanhassen:1;Minnetonka:1;Osseo:1;Roseville:1;Stillwater:1;Woodbury:1;Plymouth:5;Rosemount:5;Ramsey:6;Vadnais Heights:6
Squoze Cranberry Dream 10mg THC 4pk 12oz can,Beverages,Sociable Cider Werks,116,3.8,30.3,7.22,17.49,14.96,59,,16,51,Blaine:1;Minnetonka:3;Osseo:4;Vadnais Heights:4;Minneapolis:5;Stillwater:5;Woodbury:5;Chanhassen:6;Cottage Grove:7;Bloomington:10;St. Louis Park:10;Ramsey:12;Andover:14;Plymouth:15;Rosemount:15
Headflyer Blackberry Lime THC 4pk 12oz can,Beverages,HeadFlyer Brewing,184,3.8,47.9,11.73,20.99,17.96,44,3cs Min Buy,15,56,Minnetonka:4;Andover:4;Osseo:5;Vadnais Heights:5;Woodbury:5;Ramsey:7;Plymouth:7;Rosemount:9;Roseville:12;Stillwater:14;Bloomington:16;Chanhassen:17;Cottage Grove:18;Minneapolis:25;Blaine:36
Iverson Bubba Chuck Berry 10mg THC 6pk 16oz can,Beverages,"Capitol Beverage Sales, L.P.",27,3.7,7.4,14.08,24.49,19.86,43,,10,74,Ramsey:1;Roseville:1;Stillwater:1;Cottage Grove:1;Minneapolis:2;Plymouth:2;Rosemount:4;Minnetonka:5;Osseo:5;Chanhassen:6
Pharos Black Cherry 10mg THC 4pk 12oz can,Beverages,"Pharos Brands International, LLC",23,3.7,6.3,7.6,10.99,7.86,31,,6,91,Minneapolis:1;Rosemount:1;Woodbury:1;Chanhassen:2;Blaine:3;Cottage Grove:3;Andover:6;Ramsey:6
IYKYK Strawberry Lemonade 10mg 12oz can,Beverages,,0,3.7,0.0,2.25,5.99,4.96,62,,13,62,
Headflyer OG Kush 10mg THC 4pk 12oz can,Beverages,HeadFlyer Brewing,158,3.6,44.0,11.73,22.49,18.96,48,3cs Min Buy,13,57,Minnetonka:2;Rosemount:5;Osseo:7;St. Louis Park:7;Roseville:7;Woodbury:8;Chanhassen:9;Stillwater:10;Blaine:11;Vadnais Heights:12;Plymouth:12;Ramsey:13;Minneapolis:15;Bloomington:17;Andover:23
Collective Project Lemonade 5mg THC 4pk 12oz can,Beverages,"Capitol Beverage Sales, L.P.",102,3.6,28.1,8.81,10.99,9.96,20,,13,58,Bloomington:3;Minneapolis:3;Osseo:3;Rosemount:3;Minnetonka:3;Cottage Grove:4;Ramsey:4;Stillwater:4;Woodbury:4;Chanhassen:5;Blaine:7;St. Louis Park:7;Plymouth:11;Roseville:12;Andover:14;Vadnais Heights:15
Modist Melt Pop  Sangria Ginger Ale 10mg THC 4pk 12oz can,Beverages,Modist Brewing Company,65,3.6,17.9,9.17,15.99,13.96,43,Direct Ship to Blaine 50cs mix,18,36,Blaine:1;Minneapolis:2;Ramsey:2;Osseo:3;Chanhassen:3;Woodbury:3;Andover:4;Bloomington:5;Roseville:5;Minnetonka:5;St. Louis Park:6;Vadnais Heights:6;Plymouth:6;Rosemount:6;Stillwater:8
Sweet Justice Cola 5mg THC 4pk 12oz can,Beverages,"Capitol Beverage Sales, L.P.",128,3.6,35.5,10.58,17.49,9.86,40,,16,44,Minneapolis:1;Roseville:1;Woodbury:1;Cottage Grove:5;Ramsey:5;Vadnais Heights:9;Bloomington:10;Chanhassen:10;St. Louis Park:11;Rosemount:13;Stillwater:13;Osseo:14;Blaine:16;Plymouth:19
Minny Grown Highdrate Pure Skyblue 10mg THC 4pk 12oz can,Beverages,Minny Grown,111,3.6,31.2,11.0,19.99,16.96,45,,13,56,Chanhassen:1;Roseville:2;Ramsey:5;Rosemount:8;Blaine:9;St. Louis Park:10;Andover:10;Plymouth:11;Woodbury:13;Minneapolis:21;Vadnais Heights:21
Granny's Elixir 10mg THC Variety Pack 12pk 12oz can,Beverages,,28,3.6,7.8,31.0,51.99,42.96,40,,15,48,Stillwater:1;Minneapolis:1;Blaine:1;Andover:2;Chanhassen:2;Ramsey:2;Roseville:2;Vadnais Heights:2;Cottage Grove:3;St. Louis Park:3;Bloomington:9
Iverson Cran-Apple Crossover 10mg THC 6pk 16oz can,Beverages,"Capitol Beverage Sales, L.P.",50,3.6,14.1,13.85,24.49,19.86,43,,13,56,Roseville:1;Blaine:1;Plymouth:2;Osseo:5;Minnetonka:6;Stillwater:6;Chanhassen:8;Minneapolis:8;Rosemount:13
North Canna Higher Vibes Blackberry Mango 5mg THC,Beverages,NOR North Brands LLC,17,3.6,4.7,8.0,13.99,11.96,43,,3,102,Chanhassen:3;Osseo:3;Rosemount:3;Andover:4;Minnetonka:4
Insight Mango 10mg 6pk 12oz can,Beverages,Insight Brewing Company (D),60,3.5,17.3,12.72,22.49,18.96,43,Quarterly buy,15,44,Stillwater:1;Roseville:1;Chanhassen:2;Blaine:2;Minneapolis:2;Andover:3;Bloomington:3;Cottage Grove:3;Vadnais Heights:4;Woodbury:4;Minnetonka:5;Plymouth:5;Rosemount:5;St. Louis Park:5;Ramsey:6;Osseo:9
IYKYK Lemonade 10mg 12oz can,Beverages,,0,3.5,0.0,2.25,5.99,4.96,62,,13,55,
Pharos Mango 10mg THC 4pk 12oz can,Beverages,"Pharos Brands International, LLC",13,3.4,3.9,7.35,10.99,7.86,33,,1,104,Andover:1;Minneapolis:1;Woodbury:1;Chanhassen:3;Ramsey:7
IYKYK Peach Tea 10mg 4pk 12oz can,Beverages,"IYKYK Beverages, LLC",147,3.4,42.9,9.0,13.99,12.95,36,Pallet Buy,13,52,Rosemount:3;Ramsey:5;Cottage Grove:6;Roseville:6;Vadnais Heights:7;Chanhassen:7;Minnetonka:8;Blaine:8;Woodbury:8;Andover:9;St. Louis Park:9;Osseo:10;Minneapolis:11;Stillwater:12;Plymouth:16;Bloomington:18
Layup Mango Iced Tea 10mg THC 4pk 12oz can,Beverages,"Capitol Beverage Sales, L.P.",124,3.4,36.1,9.17,16.49,13.96,44,,19,25,Osseo:4;Minnetonka:5;Plymouth:7;Minneapolis:8;Ramsey:9;Rosemount:10;Cottage Grove:11;Roseville:15;Andover:16;St. Louis Park:17;Blaine:22
Lift Bridge Believer Float 10mg THC 4pk 12oz can,Beverages,"Capitol Beverage Sales, L.P.",53,3.4,15.8,8.4,14.99,12.96,44,Lift Bridge Supports to Hit Pricing,10,63,Stillwater:2;Roseville:3;Minneapolis:4;Woodbury:4;Andover:5;Chanhassen:7;Osseo:7;Ramsey:8;Blaine:13
Vibes Black Cherry Indica 10mg 4pk 12oz can,Beverages,Nothing But Hemp LLC,64,3.4,19.0,8.33,20.99,17.96,60,,16,36,Osseo:1;Vadnais Heights:1;Plymouth:1;Cottage Grove:2;Blaine:3;Minneapolis:3;Rosemount:3;Roseville:3;St. Louis Park:5;Woodbury:5;Chanhassen:6;Ramsey:7;Bloomington:11;Minnetonka:13
Voltage Blueberry Lemonade 10mg THC 4pk 12oz can,Beverages,Credo Brands LLC,56,3.4,16.5,9.0,15.99,13.96,44,,12,55,Osseo:2;Blaine:2;Ramsey:2;Chanhassen:3;Vadnais Heights:3;Andover:4;Woodbury:6;Roseville:7;Minneapolis:8;Stillwater:8;Plymouth:11
Layup Peach Tea 10mg THC 4pk 12oz can,Beverages,"Capitol Beverage Sales, L.P.",136,3.4,39.6,9.17,16.49,13.96,44,,19,25,Osseo:5;Plymouth:7;Chanhassen:9;Ramsey:10;Rosemount:10;Cottage Grove:11;Minneapolis:11;Vadnais Heights:11;Roseville:12;St. Louis Park:16;Andover:17;Woodbury:17
IYKYK Lemonade Tea 10mg 12oz can,Beverages,,0,3.3,0.0,2.24,5.99,4.96,63,,13,46,
North Canna Higher Vibes Raspberry Lemon 5mg THC,Beverages,NOR North Brands LLC,13,3.3,4.0,8.0,13.99,11.96,43,,7,74,Stillwater:1;Andover:2;Woodbury:2;Osseo:2;Bloomington:3;Minnetonka:3
Insight Blackberry Lemon 10mg THC 6pk 12oz can,Beverages,Insight Brewing Company (D),52,3.2,16.1,12.72,22.49,18.96,43,Quarterly buy,13,45,Andover:2;Chanhassen:2;Plymouth:2;St. Louis Park:2;Roseville:2;Woodbury:2;Bloomington:3;Vadnais Heights:3;Blaine:4;Cottage Grove:4;Minneapolis:4;Stillwater:4;Minnetonka:5;Osseo:6;Ramsey:7
CQ Blackberry Lemon Lime Spritzer 5mg THC 12oz can,Beverages,Get Chai,35,3.2,10.8,2.83,4.49,3.96,37,,14,41,Chanhassen:2;Ramsey:2;Woodbury:3;Plymouth:5;Stillwater:6;Vadnais Heights:8;Osseo:9
Gigli Strawberry Spritz  10mg THC 4pk 12oz can,Beverages,Discontinued,81,3.2,25.2,10.67,18.99,14.96,44,,7,72,Andover:1;Plymouth:1;Stillwater:1;Minneapolis:2;Vadnais Heights:2;Rosemount:2;Woodbury:2;Osseo:7;Roseville:8;Blaine:12;Chanhassen:12;Minnetonka:14;Bloomington:17
Cookies Peach Tea 10mg THC 4pk 16oz cans,Beverages,Transfer,199,3.2,62.4,0.03,,,,,3,89,Minnetonka:1;Ramsey:3;Osseo:6;Chanhassen:8;Rosemount:8;Cottage Grove:13;Bloomington:14;Roseville:15;Vadnais Heights:15;Plymouth:16;St. Louis Park:17;Blaine:18;Woodbury:21;Andover:22;Minneapolis:22
Smokiez Lemonade 4pk 12oz can,Beverages,Bellboy Corporation,81,3.2,25.5,13.33,18.99,15.96,30,Case 1,8,66,Vadnais Heights:2;Roseville:2;Blaine:3;Chanhassen:3;Osseo:3;Cottage Grove:3;Minneapolis:4;Minnetonka:5;St. Louis Park:5;Ramsey:6;Rosemount:6;Stillwater:6;Bloomington:7;Plymouth:8;Woodbury:8;Andover:10
Squoze Blueberry Lift 10mg THC 4pk 12oz can,Beverages,Sociable Cider Werks,93,3.1,30.2,8.67,17.49,14.96,50,,12,45,Osseo:2;Roseville:2;Vadnais Heights:2;Ramsey:3;Stillwater:3;Blaine:4;Chanhassen:6;Bloomington:7;St. Louis Park:7;Woodbury:7;Minneapolis:8;Andover:9;Plymouth:9;Cottage Grove:10;Rosemount:14
Insight Orange  10mg 6pk 12oz can,Beverages,Insight Brewing Company (D),55,3.1,17.9,12.72,22.49,18.96,43,Quarterly buy,13,40,Minneapolis:1;Minnetonka:2;Roseville:2;Vadnais Heights:2;Blaine:2;Bloomington:3;Stillwater:3;Woodbury:3;Chanhassen:4;Plymouth:4;Ramsey:4;St. Louis Park:4;Andover:5;Cottage Grove:5;Osseo:5;Rosemount:6
Modist Melt Hot Box THC 10mg Variety 12pk 12oz can,Beverages,Modist Brewing Company,18,3.0,6.1,22.0,40.99,33.96,46,Direct Ship to Blaine 100cs Buy,7,64,Ramsey:1;Minnetonka:2;Chanhassen:3;Minneapolis:3;Osseo:3;Blaine:6
You Betcha Any Time Gummies 10 Pack,Edibles,"North Star Hemp, LLC",141,3.0,46.5,10.0,18.99,15.96,47,,11,48,Woodbury:1;Rosemount:2;Osseo:4;St. Louis Park:4;Roseville:6;Minnetonka:9;Minneapolis:10;Chanhassen:12;Plymouth:17;Vadnais Heights:17;Andover:18;Ramsey:19;Blaine:22
"oHHo 10mg White Peach and Lemon 4pk 12oz can
",Beverages,Get Chai,114,2.9,38.8,10.0,18.99,15.96,47,Pallet Buy 104 Case,11,45,Minneapolis:3;Ramsey:4;St. Louis Park:5;Stillwater:5;Vadnais Heights:5;Osseo:5;Roseville:6;Minnetonka:7;Blaine:8;Plymouth:9;Rosemount:9;Andover:11;Chanhassen:12;Woodbury:12;Bloomington:13
Cookies Lemonade 10mg THC 4pk 16oz can,Beverages,Transfer,203,2.8,72.9,0.03,,,,,1,85,Minnetonka:1;Ramsey:5;Chanhassen:7;Osseo:8;Rosemount:9;Cottage Grove:11;Plymouth:12;Blaine:13;Andover:16;Bloomington:18;Woodbury:19;Roseville:20;Vadnais Heights:20;Minneapolis:22;St. Louis Park:22
"oHHo 10mg Red Cherry and Lime 4pk 12oz can
",Beverages,Get Chai,119,2.8,43.0,10.0,18.99,15.96,47,Pallet Buy 104 Case,10,44,Minneapolis:2;Stillwater:2;Chanhassen:3;Ramsey:4;Vadnais Heights:4;Osseo:6;Rosemount:8;St. Louis Park:8;Blaine:9;Minnetonka:10;Plymouth:10;Woodbury:10;Roseville:12;Andover:14;Bloomington:17
Two Scoops Classic Cola 10mg THC 4pk 12oz can,Beverages,Bellboy Corporation,111,2.7,41.7,13.07,23.99,19.96,46,,13,27,Vadnais Heights:4;Minneapolis:5;Minnetonka:5;Osseo:5;Ramsey:5;St. Louis Park:5;Blaine:6;Roseville:9;Cottage Grove:9;Bloomington:10;Plymouth:11;Rosemount:11;Stillwater:11;Andover:15
Voltage Cherry Limeade 10mg THC 4pk 12oz can,Beverages,Credo Brands LLC,53,2.7,19.4,9.0,15.99,13.96,44,,10,43,Stillwater:3;Vadnais Heights:3;Blaine:3;Osseo:3;Ramsey:4;Woodbury:4;Chanhassen:5;Cottage Grove:5;Andover:5;Roseville:7;Plymouth:11
TBD Strawberry 4mg THC 10 Pack,Edibles,Get Chai,111,2.7,40.8,8.0,17.49,14.96,54,,9,47,Minnetonka:3;St. Louis Park:6;Ramsey:8;Cottage Grove:9;Rosemount:10;Andover:12;Vadnais Heights:14;Bloomington:15;Plymouth:17;Roseville:17
Find Wunder Grapefruit Hibiscus 10mg THC 4pk 12oz can,Beverages,"Hohensteins, Inc.",86,2.7,31.4,12.58,18.99,15.96,34,,16,16,Stillwater:3;Osseo:11;Vadnais Heights:11;St. Louis Park:14;Minneapolis:17;Roseville:17;Woodbury:17
Sweet Justice Lemonade Ginger Ale 10mg THC 4pk 12oz can,Beverages,"Capitol Beverage Sales, L.P.",81,2.7,30.5,11.61,18.99,14.86,39,,13,27,Plymouth:2;Blaine:3;Minneapolis:4;Rosemount:4;Cottage Grove:5;Stillwater:6;Minnetonka:8;St. Louis Park:21;Chanhassen:28
Artet Chamomile Lemon Spritz 5mg THC 4pk 8oz can,Beverages,Get Chai,85,2.6,32.9,8.83,15.99,13.96,45,,10,38,Andover:2;Minnetonka:3;Minneapolis:4;St. Louis Park:5;Stillwater:6;Woodbury:6;Roseville:7;Chanhassen:9;Plymouth:12;Ramsey:15;Vadnais Heights:16
Squoze Raspberry Haze 10mg THC 4pk 12oz can,Beverages,Sociable Cider Werks,87,2.6,33.7,8.72,17.49,14.96,50,,10,38,Vadnais Heights:3;Osseo:3;Woodbury:4;Minnetonka:4;Blaine:5;Chanhassen:5;Minneapolis:8;Plymouth:8;Cottage Grove:10;Roseville:10;Bloomington:27
Vibes Pineapple Sativa 10mg THC 4pk 12oz can,Beverages,Nothing But Hemp LLC,60,2.6,23.1,8.33,20.99,17.96,60,,11,34,Cottage Grove:1;St. Louis Park:1;Stillwater:1;Andover:1;Plymouth:2;Chanhassen:4;Minneapolis:4;Minnetonka:4;Ramsey:4;Vadnais Heights:4;Osseo:5;Roseville:5;Rosemount:6;Blaine:7;Bloomington:11
oHHo 5mg Variety 8pk 12oz can,Beverages,Get Chai,31,2.6,11.9,13.34,30.99,25.96,57,Pallet Buy 104 Case,6,57,Ramsey:1;Rosemount:1;Roseville:1;Andover:2;Cottage Grove:2;Osseo:2;Woodbury:2;Chanhassen:2;Blaine:3;Stillwater:3;Bloomington:6;Minnetonka:6
Sweet Justice Island Punch 10mg THC 4pk 12oz can,Beverages,"Capitol Beverage Sales, L.P.",27,2.6,10.3,11.2,22.49,14.86,50,Support with Free cs from SJ,7,53,Ramsey:1;Rosemount:2;Cottage Grove:4;Plymouth:4;Stillwater:5;Bloomington:11
Find Wunder Blood Orange 10mg THC 4pk 12oz can,Beverages,"Hohensteins, Inc.",99,2.6,38.6,12.58,18.99,15.96,34,,15,15,Osseo:10;Bloomington:11;St. Louis Park:15;Minneapolis:16;Andover:17;Cottage Grove:17;Roseville:17
Forbidden Fruit Iced Tea Lemonade 10mg THC 4pk 12oz can,Beverages,Nothing But Hemp LLC,218,2.5,86.0,10.16,23.99,19.96,58,,13,23,Minnetonka:5;Roseville:8;Cottage Grove:10;Chanhassen:10;Stillwater:10;Bloomington:11;Blaine:11;Minneapolis:12;Vadnais Heights:15;Ramsey:17;Plymouth:17;Andover:22;Rosemount:22;St. Louis Park:24;Woodbury:24
Vibes Fruit Punch 10mg THC 4pk 12oz can,Beverages,Nothing But Hemp LLC,53,2.5,21.6,8.33,20.99,17.96,60,,8,43,Andover:1;Osseo:1;Cottage Grove:2;Minnetonka:2;Rosemount:2;Ramsey:2;Roseville:3;Stillwater:3;Woodbury:3;Chanhassen:4;Minneapolis:4;Blaine:5;Bloomington:5;Plymouth:5;Vadnais Heights:5;St. Louis Park:6
IYKYK Peach Tea 10mg 12oz can,Beverages,,0,2.4,0.0,2.25,5.99,4.96,63,,7,45,
Squoze Raspberry Haze 5mg THC 4pk 12oz can,Beverages,,86,2.4,36.4,8.97,15.99,13.96,44,,10,31,Cottage Grove:4;Osseo:1;Ramsey:1;Minnetonka:2;Chanhassen:3;Vadnais Heights:3;Andover:4;Roseville:5;St. Louis Park:5;Woodbury:7;Stillwater:8;Rosemount:10;Plymouth:12;Minneapolis:21
Modist Melt Ginger Lemon Lime THC 10mg 4pk 12oz can,Beverages,Modist Brewing Company,41,2.4,16.8,9.17,15.99,13.96,43,Direct Ship to Blaine 50cs mix,7,47,Minnetonka:1;Ramsey:1;Andover:3;Rosemount:4;Stillwater:10;Chanhassen:11;Woodbury:11
Clrty Blue Raz 5mg THC 4pk 12oz can,Beverages,"Capitol Beverage Sales, L.P.",159,2.4,67.2,8.01,14.99,12.96,47,,8,40,Chanhassen:1;Minneapolis:2;Osseo:2;St. Louis Park:2;Minnetonka:3;Stillwater:8;Blaine:9;Woodbury:10;Bloomington:12;Cottage Grove:12;Vadnais Heights:14;Andover:16;Ramsey:16;Roseville:16;Plymouth:18;Rosemount:18
Minny Grown Highbernate Snoozeberry 2.5mg THC 5mg CBD 10mg CBN 10pk,Edibles,Minny Grown,17,2.3,7.4,7.29,17.49,14.96,58,,5,51,Minnetonka:1;St. Louis Park:2;Ramsey:3;Cottage Grove:11
Smokiez Sour Blue Raz 5mg THC 10 Pack,Edibles,,65,2.3,27.7,4.14,15.49,12.96,73,,13,17,St. Louis Park:2;Blaine:5;Woodbury:7;Roseville:15;Chanhassen:36
Mary Jones Variety Pack 10mg THC 12pk 12oz can,Beverages,"Capitol Beverage Sales, L.P.",10,2.1,4.8,29.2,59.99,39.86,51,Extra on 12pk to make up for 4pk,8,31,Plymouth:1;Roseville:1;Osseo:1;St. Louis Park:1;Chanhassen:2;Vadnais Heights:2;Stillwater:2
High Rise Blueberry 10mg THC 4pk 12oz can,Beverages,Get Chai,51,2.1,23.9,8.0,16.99,12.96,53,,5,46,Plymouth:2;Andover:2;Minneapolis:4;St. Louis Park:9;Vadnais Heights:12;Minnetonka:22
Gigli Raspberry Tea 10mg THC 4pk 12oz can,Beverages,Discontinued,39,2.1,18.3,9.75,18.99,14.96,49,,9,28,Rosemount:1;Stillwater:2;Plymouth:2;Minnetonka:4;Vadnais Heights:5;Chanhassen:10;Woodbury:15
Mary Jones Zero Cola 10mg THC 4pk 12oz can,Beverages,"Capitol Beverage Sales, L.P.",47,2.1,22.5,10.91,20.99,14.86,48,,6,40,Minnetonka:2;Rosemount:2;Roseville:4;Woodbury:4;Vadnais Heights:4;Chanhassen:5;Plymouth:5;St. Louis Park:5;Ramsey:7;Cottage Grove:9
Minny Grown Kabetogama Kiwi Watermelon 10 Pack,Edibles,Minny Grown,46,2.0,22.7,8.0,23.99,19.96,67,,6,38,Minnetonka:2;Ramsey:3;St. Louis Park:3;Andover:8;Minneapolis:9;Osseo:9;Blaine:12
Climbing Kites Key Lime Kiwi 10mg THC 4pk 12oz can,Beverages,Dahlheimer Beverage Monticello,34,2.0,16.9,10.67,18.99,15.96,44,Case 1,7,33,Cottage Grove:1;Minnetonka:1;Rosemount:2;Andover:2;St. Louis Park:4;Blaine:4;Ramsey:10;Bloomington:10
Happi Nightcap 4pk 7.5oz can,Beverages,,75,2.0,38.0,9.91,18.99,15.96,48,,9,23,Rosemount:2;Stillwater:2;Woodbury:4;Chanhassen:2;Minnetonka:2;St. Louis Park:3;Minneapolis:5;Plymouth:8;Ramsey:8;Vadnais Heights:8;Andover:12;Blaine:19
Inbound Satellite Tropical 5mg THC 4pk 12oz can,Beverages,Lucid Brewing LLC Dba Inbound Brewco,98,1.9,51.2,6.33,17.49,14.96,64,$10 off of each case,7,30,Roseville:2;Vadnais Heights:3;Woodbury:7;Andover:8;Osseo:8;Plymouth:9;Rosemount:9;Minneapolis:10;Ramsey:10;Bloomington:16;Minnetonka:16
Foundry Nation Soda Variety Pack 5mg THC 6pk 12oz can,Beverages,Small Lot MN,41,1.9,22.0,11.47,23.99,19.96,52,,8,24,Blaine:1;Minnetonka:1;Plymouth:1;Stillwater:1;Vadnais Heights:1;Minneapolis:2;Osseo:2;Roseville:2;Woodbury:2;Cottage Grove:3;Andover:3;St. Louis Park:3;Bloomington:3;Ramsey:4;Rosemount:4;Chanhassen:8
Climbing Kites Iced Tea Lemonade 10mg THC 4pk 12oz can,Beverages,Global Reserve LLC,61,1.9,31.4,10.67,18.99,15.96,44,Case 1,7,31,St. Louis Park:1;Vadnais Heights:2;Roseville:3;Woodbury:3;Stillwater:4;Minnetonka:5;Rosemount:5;Minneapolis:7;Chanhassen:9;Bloomington:10;Cottage Grove:12
Squoze Tropical Kush 10mg THC 4pk 12oz can,Beverages,Sociable Cider Werks,88,1.9,46.4,9.11,17.49,14.96,48,,6,34,Minneapolis:2;Minnetonka:3;Roseville:3;Stillwater:3;Woodbury:5;St. Louis Park:6;Vadnais Heights:6;Osseo:7;Andover:8;Blaine:9;Chanhassen:11;Cottage Grove:11;Rosemount:14
Crooked Beverage Straw Basil 10mg 4pk 12oz can,Beverages,Global Reserve LLC,53,1.9,28.2,10.13,13.99,12.95,28,,7,29,Minnetonka:1;Minneapolis:2;Cottage Grove:3;Andover:4;Bloomington:4;St. Louis Park:5;Plymouth:5;Ramsey:6;Roseville:7;Blaine:8;Woodbury:8
Minny Grown Highdrate Cucumber Lime 10mg THC 4pk 12oz can,Beverages,Minny Grown,52,1.9,27.6,11.0,19.99,16.96,45,,7,29,Blaine:1;Plymouth:2;Stillwater:2;Andover:3;Ramsey:3;Osseo:4;Chanhassen:5;Minneapolis:6;Minnetonka:9;Vadnais Heights:17
BLNCD Mocktail Variety Pack 10mg THC 6pk 12oz can,Beverages,Bellboy Corporation,54,1.8,29.9,19.32,33.49,27.96,42,,8,22,Blaine:1;Minnetonka:1;Vadnais Heights:1;Minneapolis:2;Osseo:3;St. Louis Park:3;Chanhassen:4;Ramsey:5;Plymouth:6;Rosemount:6;Cottage Grove:7;Andover:7;Roseville:8
OFFFIELD High Performance Sleep Honey Lavender  3mg THC 10 Pack,Edibles,Get Chai,289,1.8,158.8,6.3,9.99,8.96,37,,5,36,Andover:13;St. Louis Park:3;Vadnais Heights:13;Minnetonka:14;Blaine:20;Osseo:22;Woodbury:33;Ramsey:34;Chanhassen:44;Plymouth:46;Minneapolis:47
Voltage Tropical Frenzy 10mg THC 4pk 12oz can,Beverages,Credo Brands LLC,73,1.8,40.1,7.37,15.99,13.96,54,,9,18,Chanhassen:3;Stillwater:5;Ramsey:6;Osseo:7;Minnetonka:13;St. Louis Park:15;Plymouth:24
Squoze Ahhnold Tea & Lemonade 10mg THC 4pk 12oz can,Beverages,Sociable Cider Werks,94,1.7,54.0,8.79,17.49,14.96,50,,6,29,Vadnais Heights:2;Rosemount:4;Woodbury:4;Minneapolis:5;Osseo:5;Ramsey:5;Chanhassen:7;St. Louis Park:8;Roseville:8;Plymouth:9;Andover:11;Cottage Grove:11;Bloomington:15
BLNCD Levitate 50mg THC 500ml,Beverages,Discontinued,52,1.7,29.8,25.47,53.99,44.96,53,,2,47,Minnetonka:1;Woodbury:1;Bloomington:3;Chanhassen:3;Rosemount:3;Vadnais Heights:3;Roseville:4;St. Louis Park:4;Osseo:5;Stillwater:5;Andover:6;Plymouth:7;Ramsey:7
Sweet Justice Cola Zero Sugar 10mg THC 4pk 12oz can,Beverages,"Capitol Beverage Sales, L.P.",75,1.6,46.8,11.2,22.49,14.86,50,Support with Free cs from SJ,7,20,Chanhassen:1;St. Louis Park:1;Minneapolis:2;Osseo:3;Vadnais Heights:3;Cottage Grove:4;Minnetonka:4;Rosemount:6;Stillwater:6;Plymouth:8;Roseville:8;Blaine:10;Ramsey:19
Clrty SodaPot Citrus Glow 4pk 12oz can,Beverages,,58,1.6,37.3,6.5,20.99,17.96,69,,6,23,Cottage Grove:4;Rosemount:1;Plymouth:2;Roseville:2;Chanhassen:3;Minnetonka:3;St. Louis Park:3;Ramsey:4;Minneapolis:4;Osseo:5;Vadnais Heights:5;Stillwater:5;Blaine:7;Bloomington:10
Vibes Black Cherry Pie Hard Candy 5mg THC 10 Pack,Edibles,Discontinued,48,1.6,30.3,10.82,23.99,19.96,55,,6,24,Rosemount:8;Woodbury:9;Minneapolis:10;Chanhassen:11;Ramsey:11
Minny Grown Highdrate BlueBeary Pomegranate 10mg THC 4pk 12oz can,Beverages,Minny Grown,37,1.6,23.8,11.0,19.99,16.96,45,,6,23,Rosemount:1;Chanhassen:2;Plymouth:2;Woodbury:2;Osseo:3;Ramsey:3;Minneapolis:5;St. Louis Park:6;Vadnais Heights:13
Mary Jones Green Apple 10mg THC 4pk 12oz can,Beverages,"Capitol Beverage Sales, L.P.",32,1.6,20.0,9.73,20.99,14.86,54,Extra on 12pk to make up for 4pk,5,29,St. Louis Park:2;Woodbury:2;Ramsey:3;Rosemount:3;Minnetonka:3;Chanhassen:6;Plymouth:6;Cottage Grove:7
Stigma Relax Tonic 10mg THC 4pk 16oz can,Beverages,,0,1.6,0.0,9.34,16.99,14.96,45,,7,19,
Happi Rasp Honeysuckle 10mg THC 4pk 12oz can,Beverages,"Capitol Beverage Sales, L.P.",106,1.6,67.5,12.67,23.99,19.96,47,,7,19,Minneapolis:5;Ramsey:6;Vadnais Heights:6;Woodbury:6;Chanhassen:8;St. Louis Park:8;Andover:9;Stillwater:10;Cottage Grove:11;Blaine:37
Happi Raspberry Honeysuckle 4pk 7.5oz can,Beverages,,49,1.5,32.1,9.63,13.99,12.95,31,,4,31,Blaine:1;Cottage Grove:10;Bloomington:11;Ramsey:11;Andover:16
"IYKYK Party Pack 5mg 8pk 12oz can
",Beverages,"IYKYK Beverages, LLC",56,1.5,37.9,13.67,25.49,20.96,46,Pallet Buy,5,25,Rosemount:2;Blaine:3;Minneapolis:3;Osseo:3;Vadnais Heights:3;Stillwater:3;Andover:4;Minnetonka:4;Chanhassen:4;Ramsey:5;Woodbury:8;Bloomington:14
Gigli Dark Chocolate 5mg THC 10 Pack,Edibles,Discontinued,28,1.5,18.6,7.05,18.99,15.96,63,,7,17,Osseo:1;Woodbury:2;Rosemount:10;Blaine:15
Smokiez Sour Jamberry THC 10 pack,Edibles,Bellboy Corporation,17,1.5,11.2,5.5,15.49,12.96,64,Case 1,6,22,St. Louis Park:17
Minny Grown Sex on the Sandbar 4pk 12oz can,Beverages,Bellboy Corporation,12,1.5,8.1,11.0,19.99,16.96,45,$200 order qty per store,3,34,Plymouth:1;Osseo:3;Minnetonka:3;Bloomington:5
BLNCD FUSE 50mg THC 500ml,Beverages,Discontinued,70,1.5,45.9,26.0,47.99,39.96,46,,2,40,Minnetonka:1;Osseo:1;Vadnais Heights:1;Woodbury:1;Roseville:2;St. Louis Park:2;Chanhassen:3;Ramsey:3;Blaine:5;Bloomington:5;Rosemount:6;Andover:9;Plymouth:9;Minneapolis:11;Stillwater:11
"Happi Variety Pack 10mg THC 6pk 12oz can
",Beverages,"Capitol Beverage Sales, L.P.",53,1.5,36.2,17.29,32.99,27.96,48,,6,20,St. Louis Park:1;Andover:2;Osseo:2;Ramsey:3;Vadnais Heights:4;Bloomington:5;Rosemount:5;Blaine:5;Cottage Grove:7;Minneapolis:9;Roseville:10
Nothing But Hemp Blue Dream 10mg THC 1 pack,Edibles,Discontinued,39,1.4,27.3,1.5,3.49,2.96,57,,8,10,Minneapolis:2;Rosemount:16;Blaine:21
Happi Glow Up 10mg THC 4pk 12oz can,Beverages,,136,1.4,97.1,12.03,23.99,19.96,50,,4,27,Osseo:1;Andover:2;Bloomington:4;St. Louis Park:5;Vadnais Heights:8;Plymouth:21;Minnetonka:27;Blaine:28;Chanhassen:40
Find Wunder Watermelon Basil 10mg THC 4pk 12oz can,Beverages,"Hohensteins, Inc.",40,1.4,29.2,12.71,18.99,15.96,33,,8,8,Osseo:11;Roseville:16;Minneapolis:17
CQ Strawberry Lemonade Spritzer 5mg THC 12oz can,Beverages,Get Chai,135,1.4,94.3,2.83,4.49,3.96,37,,6,19,Plymouth:5;Stillwater:10;Vadnais Heights:11;Osseo:31;Rosemount:78
Nothing But Hemp Agent Orange 10mg THC 1 pack,Edibles,Discontinued,44,1.4,32.1,0.88,3.49,2.96,75,,8,8,Chanhassen:5;Blaine:39
Stigma Berry Tea 10mg THC 4pk 16oz can,Beverages,Artisan Beer,24,1.4,17.3,9.15,16.99,14.96,46,"10 Free on 104, 3 from Stigma, 7 from Artisan",5,22,Chanhassen:1;Osseo:1;Vadnais Heights:1;Woodbury:2;Stillwater:3;Blaine:3;Ramsey:4;Minneapolis:9
Tetra JUICED Pine Mango 10mg THC 4pk 12oz can,Beverages,Discontinued,44,1.4,30.7,13.43,23.99,19.96,44,,8,10,Stillwater:1;Minnetonka:2;Rosemount:2;Chanhassen:4;Osseo:4;Plymouth:8;Ramsey:8;Andover:15
Wynk Mango 5mg THC 6pk 12oz can,Beverages,Wherehouse Beverage,14,1.2,11.5,8.38,14.99,12.96,44,Case 1 Upfront,6,12,Minneapolis:2;Osseo:6;Ramsey:6
Voltage Relax Pack 12pack Variety 12oz can,Beverages,Credo Brands LLC,17,1.2,14.4,23.5,43.99,36.96,47,,4,20,Blaine:1;Osseo:1;Andover:3;Chanhassen:3;Roseville:3;St. Louis Park:3;Vadnais Heights:3
Plift Juicy Grapefruit 5mg THC 4pk 12oz can,Beverages,Discontinued,76,1.1,69.8,,18.99,14.96,,,6,8,Roseville:4;Minnetonka:7;Stillwater:10;Minneapolis:11;Ramsey:11;Vadnais Heights:16;St. Louis Park:17
Wikid Sparkling Paloma 5mg THC 4pk 12oz can,Beverages,Bellboy Corporation,3,1.1,2.8,11.66,14.99,12.86,22,,6,8,Ramsey:1;Minneapolis:2
High Rise Pineapple 10mg THC 4pk 12oz can,Beverages,Get Chai,33,1.0,31.7,8.0,16.99,12.96,53,,3,20,Ramsey:1;Vadnais Heights:1;St. Louis Park:3;Minneapolis:5;Roseville:6;Minnetonka:17
Plift Tart Lime 5mg THC 4pk 12oz can,Beverages,Discontinued,95,1.0,92.5,0.42,18.99,14.96,98,,6,6,Minnetonka:10;Minneapolis:11;Stillwater:11;Vadnais Heights:14;Rosemount:15;Plymouth:17;St. Louis Park:17
Wynk Mandarin Pomeo 5mg THC 6pk 12oz can,Beverages,Get Chai,72,1.0,72.3,8.37,14.99,12.96,44,,4,14,Andover:3;Stillwater:8;Plymouth:11;Vadnais Heights:22;Osseo:28
Foundry Nation Fruit Punch 10mg THC,Beverages,,38,1.0,37.0,13.95,23.99,19.96,42,,4,15,Cottage Grove:8;Minnetonka:2;Blaine:3;Osseo:3;Rosemount:3;Plymouth:4;Woodbury:5;Bloomington:10
Coastalo Seasonal 5mg THC 4pk 12oz can,Beverages,Grayscale Brewing LLC,30,1.0,28.8,8.33,11.49,4.86,28,,5,11,Roseville:2;Stillwater:4;Blaine:24
THC 4pk Giveaway,Beverages,,274,1.0,275.2,,9.99,9.96,,,2,23,Roseville:2;Plymouth:5;Andover:5;Osseo:6;Vadnais Heights:9;Blaine:10;Rosemount:50;Ramsey:56;Minneapolis:131
You Betcha Daytime 5mg THC 4pk 12oz can,Beverages,"North Star Hemp, LLC",13,1.0,12.7,8.33,14.99,12.96,44,,4,15,Plymouth:1;Vadnais Heights:1;Woodbury:1;Osseo:2;Minneapolis:8
Clrty SodaPot Blue Ginger 10mg 4pk 12oz can,Beverages,"Capitol Beverage Sales, L.P.",85,0.9,94.2,9.82,20.99,17.96,53,,4,11,Ramsey:2;Minnetonka:3;Roseville:3;Woodbury:3;St. Louis Park:4;Stillwater:4;Rosemount:5;Vadnais Heights:5;Andover:6;Chanhassen:7;Minneapolis:7;Plymouth:9;Cottage Grove:11;Blaine:16
Artet Strawberry Basil Spritz 5mg THC 4pk 8oz can,Beverages,Get Chai,33,0.9,36.0,8.83,15.99,13.96,45,,1,25,Andover:1;Chanhassen:1;Osseo:1;St. Louis Park:1;Minnetonka:2;Stillwater:4;Vadnais Heights:5;Ramsey:18
Artet Grapefruit Rosemary 5mg THC 4pk 8oz can,Beverages,Get Chai,53,0.9,56.8,8.83,15.99,13.96,45,,4,12,Plymouth:1;Vadnais Heights:1;Woodbury:1;Minneapolis:2;Minnetonka:4;Andover:5;Chanhassen:6;Ramsey:6;Roseville:7;Bloomington:9;Rosemount:11
Minny Grown Sunshine TeaHC 10mg THC 4pk 12oz can,Beverages,Minny Grown,8,0.9,8.7,11.0,19.99,16.96,45,,3,16,Cottage Grove:1;Ramsey:1;Andover:2;Vadnais Heights:4
Pamos Spritz Mai Tai 5mg THC 4pk 12oz can,Beverages,Get Chai,13,0.9,13.7,7.7,14.99,9.95,49,,5,8,Plymouth:1;Ramsey:2;Chanhassen:3;St. Louis Park:3;Rosemount:4
Gigli Peppermint Crunch 5mg THC 10 Pack,Edibles,Discontinued,63,0.8,77.9,7.91,18.99,15.96,58,,2,17,Osseo:28;Blaine:35
OFFFIELD High Performance Energy Gummies Watermelon Mint 3mg THC 10 Pack,Edibles,Get Chai,2,0.8,2.6,6.3,9.99,8.96,37,,3,11,St. Louis Park:2
Pamos Spritz Bellini 5mg THC 4pk 12oz can,Beverages,Get Chai,8,0.8,10.3,7.7,14.99,9.95,49,,4,7,Rosemount:1;Ramsey:1;Roseville:2;St. Louis Park:4
Modist Melt Cran Apple THC 10mg 4pk 12oz can,Beverages,Modist Brewing Company,29,0.8,38.0,9.17,15.99,13.96,43,Direct Ship to Blaine 50cs mix,3,11,Minneapolis:1;St. Louis Park:1;Bloomington:2;Osseo:2;Ramsey:2;Andover:3;Minnetonka:3;Chanhassen:4;Stillwater:5;Woodbury:6
Stigma Sleep Tonic 10mg THC 4pk 16oz can,Beverages,,1,0.8,1.2,9.28,16.99,14.96,45,,3,13,Bloomington:1
Minny Grown Go Pack! 10 Pack,Edibles,Discontinued,117,0.8,150.4,6.0,17.49,14.96,66,,2,16,Vadnais Heights:8;Minneapolis:10;Rosemount:12;Roseville:12;Plymouth:16;Ramsey:17;Blaine:20;Minnetonka:22
Superior Seltzer Black Cherry Lemon 10mg THC 4pk 12oz can,Beverages,Superior Molecular,75,0.7,114.8,7.65,20.99,17.96,64,,2,12,Osseo:8;Ramsey:12;Minnetonka:15;Chanhassen:18;Andover:22
Stigma Energy Tonic 10mg THC 4pk 16oz can,Beverages,,8,0.7,11.7,9.28,16.99,14.96,45,,4,4,Bloomington:8
Minny Grown Highbernate Sleepy Time Tonic 10mg THC,Beverages,Bellboy Corporation,21,0.7,28.7,11.0,19.99,17.96,45,,1,19,Blaine:1;Roseville:2;Rosemount:8;St. Louis Park:10
Senorita Mango Margarita 5mg THC 4pk 12oz can,Beverages,Bernicks,0,0.7,0.0,8.42,12.99,10.96,35,,4,6,
Wild State Birdie Passion Fruit Guava 10mg THC 4pk 12oz can,Beverages,Wild State Cider,16,0.7,22.4,10.99,18.99,15.96,42,Pallet Orders,2,14,Stillwater:1;Cottage Grove:7;Bloomington:8
Happi Lime Wild Mint 4pk 7.5oz can,Beverages,,66,0.7,101.0,10.58,18.99,15.96,44,,2,12,Stillwater:6;Plymouth:4;Minnetonka:5;Osseo:6;Ramsey:7;Andover:19;Blaine:19
Mary Jones Zero Berry Lemonade 10mg THC 4pk 12oz can,Beverages,"Capitol Beverage Sales, L.P.",45,0.6,72.3,9.9,20.99,14.86,53,,2,11,Rosemount:3;Cottage Grove:8;Woodbury:34
Pamos Spritz Long Island 5mg THC 4pk 12oz can,Beverages,Get Chai,46,0.6,79.9,7.7,14.99,9.95,49,,3,5,Woodbury:1;Chanhassen:2;Ramsey:3;Stillwater:6;Blaine:7;Rosemount:13;St. Louis Park:14
High Rise Blood Orange 10mg THC 4pk 12oz can,Beverages,Get Chai,33,0.6,55.8,8.11,16.99,12.96,52,,2,10,Minneapolis:1;Woodbury:1;St. Louis Park:6;Vadnais Heights:9;Minnetonka:16
Billy Goats Microdose 25 Pack,Edibles,Logan Fleischman,16,0.6,27.1,10.0,18.99,15.96,47,Case 1,2,10,Blaine:1;Ramsey:1;Osseo:2;St. Louis Park:12
Minny Grown Nice Bar 50mg THC,Edibles,Minny Grown,27,0.6,45.7,7.3,13.79,11.96,47,,0,19,Chanhassen:1;Rosemount:1;Blaine:2;Minnetonka:4;Osseo:4;St. Louis Park:7;Minneapolis:8
Gigli Caramel Mocha 5mg THC 10 Pack,Edibles,Gigli MN LLC,28,0.6,43.9,7.0,18.99,15.96,63,,3,7,Bloomington:5;Cottage Grove:11;Blaine:12
Highdro Watermelon 5mg THC 10 Pack,Edibles,Discontinued,31,0.6,48.6,9.0,24.99,,64,,3,7,Minnetonka:1;Blaine:5;Rosemount:10;Chanhassen:15
Happi Glow 4pk 7.5oz can,Beverages,,18,0.6,28.2,10.67,18.99,15.96,44,,1,16,Rosemount:1;Osseo:1;Andover:2;Vadnais Heights:5;Ramsey:9
Gigli Mixed Fruit 5mg THC 10 Pack,Edibles,,61,0.6,106.0,5.11,14.99,12.96,66,,1,14,Bloomington:1;St. Louis Park:1;Osseo:2;Woodbury:2;Minneapolis:17;Blaine:38
Wild State Birdie Pineapple Mango 10mg THC 4pk 12oz can,Beverages,Discontinued,14,0.6,23.7,10.99,18.99,14.96,42,,2,10,Ramsey:3;Bloomington:11
BLNCD Blood Orange Cardamom 5mg THC 4pk 12oz can,Beverages,Bellboy Corporation,131,0.5,280.7,9.67,,,,Free Good for 4pk Giveaway,2,6,Bloomington:5;Minneapolis:5;Osseo:5;Ramsey:5;Stillwater:10;Roseville:11;St. Louis Park:11;Rosemount:17;Vadnais Heights:17;Woodbury:17;Chanhassen:28
Fu Man Chews 5mg THC Gummies 10 Pack,Edibles,Small Lot MN,14,0.5,25.7,4.0,8.99,7.96,56,,3,4,Stillwater:2;Osseo:4;Rosemount:4;Roseville:4
Foundry Nation Granddaddy Purple 5mg THC 4pk 12oz can,Beverages,Bellboy Corporation,274,0.5,587.1,8.79,10.99,7.96,20,,2,6,Osseo:6;Minnetonka:12;Rosemount:17;Stillwater:20;Roseville:22;Vadnais Heights:34;Woodbury:35;Blaine:40;Chanhassen:44;St. Louis Park:44
Minny Grown Moscow Moose 4pk 12oz can,Beverages,Minny Grown,7,0.5,15.0,11.0,19.99,16.96,45,,0,15,Minnetonka:1;Woodbury:6
Howdy Ranch Water 5mg THC 4pk 12oz can,Beverages,Get Chai,8,0.5,15.1,8.69,11.49,7.86,24,,2,8,Minnetonka:1;Osseo:1;Ramsey:2;Stillwater:4
Hectare's Watermelon Cucumber Mint 5mg THC 4pk 12oz can,Beverages,,31,0.5,58.6,9.32,18.99,9.86,51,,2,8,Plymouth:1;Blaine:30
Vibes Mango Kush Hard Candy 5mg THC 10 Pack,Edibles,Discontinued,11,0.5,23.6,7.42,23.99,19.96,69,,2,6,Ramsey:11
Earl Giles Chronic Tonic 5mg 4pk 12oz can,Beverages,Small Lot MN,26,0.4,59.7,10.89,11.49,9.86,5,,2,5,Blaine:1;Plymouth:6;Vadnais Heights:7;Ramsey:12
Wyld Huckleberry 10mg THC 5 Pack,Edibles,"Northwest Natural Goods, LLC",0,0.4,0.0,6.46,17.49,14.96,63,,2,4,
Highdro Passion Fruit 5mg THC 10 Pack,Edibles,Discontinued,10,0.4,24.7,9.0,24.99,,64,,2,4,Ramsey:1;Chanhassen:9
Bent Paddle Mango Tangerine 5mg THC 4pk 12oz can,Beverages,,8,0.4,19.0,7.33,12.99,10.96,44,,1,9,Minneapolis:1;Plymouth:1;Rosemount:2;Minnetonka:4
Crooked Beverage Berry 10mg 4pk 12oz can,Beverages,,2,0.4,4.9,10.13,18.99,14.96,47,,2,4,Woodbury:2
Pamos Spritz Margarita 5mg THC 4pk 12oz can,Beverages,Get Chai,12,0.4,27.6,7.7,14.99,9.95,49,,2,5,St. Louis Park:1;Vadnais Heights:1;Woodbury:1;Ramsey:2;Plymouth:3;Rosemount:4
Vibes Wildberry Indica 10mg THC 4pk 12oz can,Beverages,Discontinued,19,0.4,45.2,12.33,20.99,17.96,41,,1,9,Blaine:1;Minnetonka:1;Plymouth:1;Ramsey:2;Vadnais Heights:2;Minneapolis:6;Osseo:6
Cannachill Citrus 4pk 12oz can,Beverages,Discontinued,32,0.4,82.3,14.0,20.99,16.96,33,,1,8,Ramsey:2;Minneapolis:4;Vadnais Heights:26
Sweet Justice Lemon Ginger 5mg THC 4pk 12oz can,Beverages,"Capitol Beverage Sales, L.P.",30,0.4,71.4,7.06,17.49,9.86,60,,1,9,Plymouth:5;Roseville:7;Stillwater:7;Minneapolis:11
Howdy Sweet Tea 5mg 4pk 12oz can,Beverages,Get Chai,30,0.4,71.4,8.69,11.49,7.86,24,,1,9,Woodbury:1;Osseo:2;Ramsey:3;Minnetonka:11;Roseville:13
Minny Grown Variety 6pk 12oz can,Beverages,Minny Grown,4,0.3,15.1,17.5,33.49,27.96,48,,1,4,Stillwater:4
Artet 75mg THC Apertif 750ml,Beverages,Bellboy Corporation,22,0.3,64.3,8.26,46.99,39.96,82,,2,2,Blaine:11;Minneapolis:11
BLNCD Strawberry Basil 5mg THC 4pk 12oz can,Beverages,Bellboy Corporation,164,0.3,502.0,9.67,,,,Free Good for 4pk Giveaway,1,6,Bloomington:5;Cottage Grove:5;Ramsey:6;Osseo:8;Minnetonka:9;Plymouth:12;Stillwater:12;Roseville:14;St. Louis Park:16;Rosemount:17;Vadnais Heights:17;Woodbury:18;Chanhassen:25
Bent Paddle Berry Stash 5mg THC 4pk 12oz can,Beverages,,3,0.3,10.2,7.33,12.99,10.96,44,,1,5,Plymouth:3
Granny's Purple haze 10mg THC 4pk 12oz can,Beverages,"Capitol Beverage Sales, L.P.",4,0.3,13.5,11.0,17.99,14.96,39,,1,5,Bloomington:4
Vibes Watermelon Kiwi 10mg THC 4pk 12oz can,Beverages,Discontinued,33,0.3,106.1,12.79,20.99,17.96,39,,0,10,Minnetonka:1;Rosemount:1;Chanhassen:3;Osseo:6;Ramsey:11;St. Louis Park:11
You Betcha Lemon Ginger Bar 10 Pack,Edibles,Discontinued,40,0.3,151.3,12.0,18.99,15.96,37,,1,4,Osseo:3;Rosemount:3;Minnetonka:4;Blaine:5;Chanhassen:5;Woodbury:8;Minneapolis:12
Highdro Key Lime Pie 5mg THC 10 Pack,Edibles,Discontinued,45,0.3,152.3,9.0,24.99,,64,,1,5,Minnetonka:1;Rosemount:8;Blaine:17;Chanhassen:19
Artet Grapefruit Rosemary Spritz 10mg THC 4pk 12oz can,Beverages,Bellboy Corporation,13,0.2,76.0,3.13,17.49,14.96,82,,1,1,Minneapolis:13
Minny Grown YOU.S.A 10 Pack,Edibles,Minny Grown,18,0.2,82.7,8.0,17.49,14.96,54,,0,7,Blaine:1;Plymouth:1;Minneapolis:3;Minnetonka:3;Ramsey:3;Vadnais Heights:7
Minny Grown Old Fashioned 4pk 12oz can,Beverages,Minny Grown,0,0.2,0.0,11.0,19.99,16.96,45,,0,5,
Nibbana Watermelon Wave Caffeine 4pk 12oz can,Beverages,Nibbana LLC,1,0.2,4.9,11.0,14.99,12.86,27,,1,2,Blaine:1
Minny Grown Cabin Colada 5mg THC 10 Pack,Beverages,Discontinued,34,0.2,168.1,8.0,23.99,19.96,67,,1,2,Minneapolis:1;Osseo:2;Blaine:11;Woodbury:20
Nibbana Blue Razz 4pk 12oz can,Beverages,Nibbana LLC,4,0.2,17.1,10.0,17.49,9.86,43,,1,3,Blaine:1;Ramsey:3
Nibbana Blue Razz Caffeine 4pk 12oz can,Beverages,Nibbana LLC,13,0.2,76.0,11.0,19.99,16.96,45,,1,1,Minnetonka:13
Insight Flavor Pixels Peach Mango 5mg THC 12pk 12oz can,Beverages,Discontinued,3,0.2,17.5,24.0,37.99,,37,,1,1,Andover:1;Osseo:1;Rosemount:1
Hectare's Dragon Fruit Seltzer 5mg THC 4pk 12oz can,Beverages,Hectare's,0,0.2,0.0,9.13,18.99,9.86,52,,1,2,
Vibes Mango Hybrid 5mg THC 4pk 12oz can,Beverages,Discontinued,2,0.2,10.7,8.57,11.24,9.86,24,,0,6,Roseville:2
Hop Dreams Sweet Dreams 10mg THC 4pk 12oz can,Beverages,Bellboy Corporation,5,0.2,29.2,10.33,11.49,9.86,10,,1,1,Chanhassen:5
Nowadays 5mg THC 2oz btl,Beverages,Disruptive Beverage Inc.,0,0.2,0.0,3.05,6.49,5.96,53,,0,6,
Birch's Chocolate Banana 10mg THC 4pk 12oz can,Beverages,Birch's on the Lake,3,0.2,14.8,,17.49,14.96,,,1,2,Minneapolis:3
Piffton Pineapple Kush THC 10MG 4pk 12oz can/ D,,Libation Project,7,0.2,40.9,16.0,31.99,14.95,50,,1,1,Ramsey:1;Plymouth:3;Woodbury:3
Plift Crisp Ginger 5mg THC 4pk 12oz can,Beverages,Discontinued,69,0.2,403.2,0.14,18.99,14.96,99,,1,1,Minneapolis:10;Osseo:11;Minnetonka:12;Plymouth:17;St. Louis Park:19
Earl Giles Electric Lemonade 5mg 4pk 12oz can,Beverages,Libation Project,1,0.2,4.9,11.34,11.49,9.86,1,,1,2,Stillwater:1
Happy Duck Tangerine 2.5mg THC 20 Pack,Edibles,Happy Duck LLC,6,0.2,35.1,5.1,11.49,9.96,56,,1,1,Ramsey:6
Happy Duck Bomba 2.5mg THC 20 Pack,Edibles,Happy Duck LLC,6,0.2,32.1,5.1,11.49,9.96,56,,0,6,Minneapolis:1;Osseo:1;Minnetonka:2;Ramsey:2
Earl Giles Ginger Bliss 10mg 4pk 12oz can,Beverages,Libation Project,3,0.2,17.5,14.66,23.99,9.86,39,,1,1,Chanhassen:3
Senorita Paloma 5mg THC 4pk 12oz can,Beverages,Bernicks,3,0.2,12.9,8.42,12.99,10.96,35,,1,3,Ramsey:3
Gentlemen Smugglers 5mg THC 3 Pack,Beverages,Get Chai,116,0.2,621.4,5.38,7.99,6.96,33,,0,6,Rosemount:1;Vadnais Heights:10;Chanhassen:49;Minneapolis:56
Squoze Blaze Pack 10mg THC 12pk 12oz can,Beverages,Sociable Cider Werks,5,0.2,32.1,27.0,47.99,39.96,44,,0,5,Andover:1;Osseo:1;Roseville:1;Blaine:2
Soshel Long Island Ice Tea 10mg THC 4pk 12oz can,Beverages,Bellboy Corporation,56,0.2,360.0,7.38,17.49,9.95,58,,0,5,Blaine:1;Osseo:1;Plymouth:1;Minneapolis:3;Roseville:6;Ramsey:7;Vadnais Heights:12;St. Louis Park:25
BLNCD Fuse 50mg THC 5 Pack,Beverages,,24,0.2,102.9,7.0,37.99,31.96,82,,1,3,Chanhassen:1;Ramsey:1;St. Louis Park:11;Vadnais Heights:11
Wikid Sparkling Mimosa 5mg THC 4pk 12oz can,Beverages,Bellboy Corporation,4,0.1,64.3,7.0,18.99,15.41,63,,0,2,Minneapolis:2;St. Louis Park:2
Wikid Sparkling Bramble 5mg THC 4pk 12oz can,Beverages,Bellboy Corporation,8,0.1,128.6,11.67,14.99,12.86,22,,0,2,Roseville:8
Berserker's Negroni 10mg THC 4pk 12oz can,Beverages,Discontinued,14,0.1,112.5,13.33,23.99,19.96,44,,0,4,Blaine:1;Rosemount:1;Stillwater:1;Ramsey:3;Chanhassen:8
Indulge Fast Acting Vanilla Cream 10 Pack,Edibles,Discontinued,13,0.1,208.9,12.0,23.99,19.96,50,,0,2,Chanhassen:2;Ramsey:5;Minnetonka:6
Chill State Grapefruit Kush 4pk 16oz can,Beverages,Discontinued,2,0.1,21.4,12.0,18.99,14.96,37,,0,3,Chanhassen:2
Cannachill Lemon Sativa 4pk 12oz can,Beverages,Discontinued,12,0.1,192.9,11.2,20.99,16.96,47,,0,2,Minneapolis:12
CQ Watermelon Cucumber Spritzer 5mg THC 12oz can,Beverages,Get Chai,40,0.1,642.9,2.83,4.49,3.96,37,,0,2,Rosemount:1;Chanhassen:3;Minnetonka:3;Blaine:8;Osseo:8;St. Louis Park:17
Cannachill Blueberry Indica 4pk 12oz can,Beverages,Discontinued,0,0.1,0.0,11.2,20.99,16.96,47,,0,4,
Hop Dreams Original 10mg THC 4pk 12oz can,Beverages,Bellboy Corporation,0,0.1,0.0,10.33,11.49,9.86,10,,0,3,
Minny Grown Boat Cruise Cosmo 4pk 12oz can,Beverages,Minny Grown,0,0.1,0.0,11.0,19.99,16.96,45,,0,4,
Minny Grown Highdrate Lemon Squeeze 10mg THC 4pk 12oz can,Beverages,Minny Grown,21,0.1,168.8,11.0,19.99,16.96,45,,0,4,Vadnais Heights:3;St. Louis Park:18
Pamos Spritz Margarita 10mg THC 4pk 12oz can,Beverages,Get Chai,11,0.1,176.8,9.1,17.49,9.95,48,,0,2,Rosemount:1;Plymouth:2;Blaine:4;Stillwater:4
Countdown Orange Blast 10mg THC 4pk 12oz can,Beverages,Discontinued,7,0.1,112.5,5.5,14.99,12.96,63,,0,2,Chanhassen:7
Countdown Berry Force 10mg THC 4pk 12oz can,Beverages,Discontinued,7,0.1,112.5,5.5,14.99,12.96,63,,0,2,Ramsey:2;Chanhassen:5
Pamos Spritz Bellini 10mg THC 4pk 12oz can,Beverages,Get Chai,6,0.1,64.3,9.1,17.49,9.95,48,,0,3,St. Louis Park:1;Vadnais Heights:5
Climbing Kites Pineapple Passion Fruit 10mg THC 4pk 12oz can,Beverages,Dahlheimer Beverage Monticello,29,0.1,310.7,10.75,18.99,15.96,43,,0,3,Andover:3;Plymouth:3;Blaine:8;Ramsey:15
Gentlemen Smugglers 10mg THC 3 Pack,Beverages,Get Chai,266,0.1,4275.0,5.38,8.99,7.96,40,,0,2,Minnetonka:1;Ramsey:2;Woodbury:2;St. Louis Park:3;Roseville:10;Minneapolis:95;Chanhassen:153
Ganja Life Sour Tangie 10 Pack,Edibles,Logan Fleischman,86,0.1,921.4,9.0,23.99,19.96,62,,0,3,Woodbury:2;Osseo:20;Plymouth:20;Ramsey:20;St. Louis Park:24
Element 5mg THC Gummies 10 Pack,Edibles,Small Lot MN,4,0.1,42.9,4.0,8.99,7.96,56,,0,3,Ramsey:2;Roseville:2
Flyers Cocktail Sparkling Spritz 4pk 12oz can,Beverages,Discontinued,2,0.1,21.4,12.8,11.49,7.86,-11,,0,3,Chanhassen:2
Nibbana Grapefruit Glow 4pk 12oz can,Beverages,Nibbana LLC,0,0.1,0.0,10.86,14.99,12.91,28,,0,2,
Lolli Cherry Cola 10mg THC 6pk 12oz can,Beverages,Get Chai,6,0.1,64.3,8.54,17.49,14.96,51,,0,3,Chanhassen:1;Plymouth:2;Blaine:3
1906 Chill Drops 2mg THC 25pk,Edibles,Get Chai,0,0.0,,3.28,17.49,14.96,81,,0,0,
1906 GO Drops 2mg THC 5pk,Edibles,Get Chai,0,0.0,,,4.49,3.96,,,0,0,
1906 Genius Drops 2mg THC 25pk,Edibles,Get Chai,0,0.0,,1.23,17.49,14.96,93,,0,0,
1906 Genius Drops 2mg THC 5pk,Edibles,Get Chai,0,0.0,,0.17,4.49,3.96,96,,0,0,
1906 Love Drops 2mg THC 25pk,Edibles,Get Chai,0,0.0,,0.52,17.49,14.96,97,,0,0,
1906 Love Drops 2mg THC 5pk,Edibles,Get Chai,0,0.0,,0.16,4.49,3.96,96,,0,0,
1906 Off Duty 5mg THC 10pk Snap,Edibles,Get Chai,6,0.0,,4.68,23.99,19.96,80,,0,0,Andover:2;Chanhassen:4
1906 PAIN AM 10mg THC Gummies 5 Pack,Edibles,Get Chai,0,0.0,,8.33,17.99,14.96,54,,0,0,
1906 PAIN PM 10mg THC Gummies 5 Pack,Edibles,Get Chai,22,0.0,,8.33,17.99,14.96,54,,0,0,Stillwater:22
1906 Sleep Drops 2mg THC 25pk,Edibles,Get Chai,20,0.0,,0.51,17.49,14.96,97,,0,0,Stillwater:20
1906 Sleep Drops 2mg THC 5pk,Edibles,Get Chai,43,0.0,,0.17,4.49,3.96,96,,0,0,Stillwater:43
Berserkers Old Fashioned 10mg THC 4pk 12oz can,Beverages,Discontinued,0,0.0,,13.33,23.99,19.96,44,,0,0,
Wild State Birdie Grapefruit Twist 10mg THC 4pk 12oz can,Beverages,Discontinued,3,0.0,,5.5,18.99,14.96,71,,0,0,Vadnais Heights:3
Wild State Birdie Blood Orange 10mg THC 4pk 12oz can,Beverages,Discontinued,0,0.0,,11.0,18.99,14.96,42,,0,0,
BLNCD Levitate 50mg THC 5 Pack,Beverages,,1,0.0,,7.0,37.99,31.96,82,,0,0,Vadnais Heights:1
1906 Chill Drops 2mg THC 5pk,Edibles,Get Chai,47,0.0,,0.16,4.49,3.96,96,,0,0,Stillwater:47
1906 GO Drops 2mg THC 25pk,Edibles,Get Chai,16,0.0,,0.47,17.49,14.96,97,,0,0,Stillwater:16
Smokiez Mixed Berry 10mg THC 4pk 12oz can,Beverages,Bellboy Corporation,0,0.0,,14.67,18.99,15.96,23,,0,0,
Gigli Funfetti 5mg THC 10 Pack,Edibles,Discontinued,10,0.0,321.4,7.0,24.99,,72,,0,1,Osseo:10
Royal Highness Milk Chocolate 5 Pack,Edibles,Discontinued,10,0.0,,12.0,23.99,19.96,50,,0,0,Roseville:1;Plymouth:9
Foundry Nation MN 50mg THC Gummies 10pk,Edibles,Small Lot MN,6,0.0,,4.0,8.99,7.96,56,,0,0,Ramsey:2;Stillwater:4
GRAV Pineapple Breeze 10mg THC 50ml btl,Beverages,Gravitron LLC dba GRAV,0,0.0,,1.84,4.99,4.46,63,,0,0,
Gigli Citrus Seltzer 5mg THC 4pk 12oz can,Beverages,Discontinued,16,0.0,,8.67,18.99,12.96,54,,0,0,Chanhassen:16
Sprinkle CHILL 5mg THC Mix 10 Pack,Beverages,"Sprinkle Hemp, LLC",271,0.0,,6.85,,,,,0,0,St. Louis Park:11;Roseville:12;Minneapolis:15;Plymouth:18;Chanhassen:22;Osseo:25;Woodbury:29;Vadnais Heights:30;Rosemount:52;Blaine:57
Soshel Paloma 10mg THC 4pk 12oz can,Beverages,Bellboy Corporation,47,0.0,,7.38,17.49,9.95,58,,0,0,Minneapolis:1;Roseville:2;Osseo:6;Ramsey:9;Blaine:12;St. Louis Park:17
Soshel Pinneapple Mule 10mg THC 4pk 12oz can,Beverages,Bellboy Corporation,44,0.0,1414.3,7.38,17.49,9.95,58,,0,1,Plymouth:1;Woodbury:1;Vadnais Heights:2;Chanhassen:6;Osseo:6;Ramsey:6;Blaine:7;St. Louis Park:15
1906 Boost Drops 2mg THC 5pk,Edibles,Get Chai,0,0.0,,,4.49,3.96,,,0,0,
1906 Boost Drops 2mg THC 25pk,Edibles,Get Chai,17,0.0,,0.48,17.49,14.96,97,,0,0,Stillwater:17
Flyers Cocktail Sparkling Ol' Fashioned 4pk 12oz can,Beverages,Discontinued,0,0.0,,12.8,11.49,7.86,-11,,0,0,
Flyers Cocktail Sparkling Margarita 4pk 12oz can,Beverages,Discontinued,0,0.0,,12.8,11.49,7.86,-11,,0,0,
High Spirits Grapefruit Lemon 10mg 4pk 12oz can,Beverages,Get Chai,163,0.0,,4.0,8.99,5.96,56,,0,0,Blaine:11;Ramsey:11;Osseo:29;Plymouth:53;St. Louis Park:59
High Spirits Grapefruit Lemon 5mg 4pk 12oz can,Beverages,Get Chai,69,0.0,,,,,,,0,0,Plymouth:69
Hippie Water Garden Party 5mg THC 12oz can,Beverages,Get Chai,194,0.0,,,0.01,,,,0,0,Andover:5;Plymouth:12;Woodbury:15;Roseville:16;Ramsey:17;Chanhassen:19;Osseo:19;Rosemount:22;St. Louis Park:69
Pharos Black Cherry 5mg THC 4pk 12oz can,Beverages,Get Chai,19,0.0,,10.0,17.49,9.86,43,,0,0,Chanhassen:5;Blaine:14
Piffton Layer Cake Lemonade 10mg THC 4pk 12oz can,Beverages,Libation Project,0,0.0,,16.0,20.99,17.86,24,,0,0,
High Spirits Cherry Limeade 10mg 4pk 12oz can,Beverages,Get Chai,41,0.0,,4.0,8.99,5.96,56,,0,0,Andover:2;Chanhassen:4;Plymouth:4;Stillwater:5;St. Louis Park:8;Ramsey:18
DOPE Watermelon 5mg THC 4pk 16oz can,Beverages,Discontinued,0,0.0,,11.83,14.99,4.86,21,,0,0,
Drinkin Buds THC Margarita 4pk 12oz can,Beverages,Mega Beer LLC,0,0.0,,12.08,11.49,7.86,-5,,0,0,
Surly Take Five Hop Water 4pk 12oz can,Beverages,Discontinued,8,0.0,,11.2,14.99,12.86,25,,0,0,Minneapolis:8
Superior Seltzer Transfusion 10mg THC 4pk 12oz can,Beverages,Superior Molecular,0,0.0,0.0,7.44,20.99,17.96,65,,0,1,
Sun Dogs 22 Purple Lemonade 10MG THC 4PK 12OZ Can/ D,Accessories,,10,0.0,,1.09,18.99,1.86,94,,0,0,Stillwater:10
Crooked Beverage Straw Basil 5mg 4pk 12oz can,Beverages,Discontinued,14,0.0,,8.0,14.99,12.96,47,,0,0,Chanhassen:2;Rosemount:2;Plymouth:4;Woodbury:6
Crooked Beverage Straw Basil 3mg 4pk 12oz can,Beverages,Discontinued,0,0.0,,21.89,34.99,15.96,37,,0,0,
Crooked Beverage Blood Orange 5mg 4pk 12oz can,Beverages,Discontinued,34,0.0,,8.0,14.99,12.96,47,,0,0,Stillwater:1;Blaine:4;Minnetonka:4;Plymouth:5;St. Louis Park:6;Chanhassen:7;Roseville:7
Surly Take Five Mixed Berry 4pk 12oz can,Beverages,Discontinued,0,0.0,0.0,11.2,14.99,12.86,25,,0,1,
Surly Take Five Lime 4pk 12oz can,Beverages,Discontinued,2,0.0,,11.2,14.99,7.86,25,,0,0,Minneapolis:2
Pamos Spritz Ranch Water 10mg THC 4pk 12oz can,Beverages,Get Chai,18,0.0,,9.1,17.49,9.95,48,,0,0,Rosemount:1;Ramsey:2;Vadnais Heights:3;Chanhassen:12
Pamos Spritz Ranch Water 5mg THC 4pk 12oz can,Beverages,Get Chai,12,0.0,,7.7,14.99,9.95,49,,0,0,Chanhassen:2;Plymouth:3;Vadnais Heights:7
Hectare's Soda 5mg THC 4pk 12oz can,Beverages,Hectare's,2,0.0,,9.18,18.99,9.86,52,,0,0,Blaine:2
Hectares 3mg Delta 9 2.5oz btl,Beverages,Hectare's,17,0.0,,2.0,6.99,,71,,0,0,Blaine:17
Stokt Soda Groovy Grape 10mg THC 4pk 12oz btl,Beverages,Discontinued,1,0.0,,16.0,20.99,17.86,24,,0,0,Ramsey:1
Clrty Pineapple Hibiscus 10mg THC 4pk 12oz can,Beverages,"Capitol Beverage Sales, L.P.",0,0.0,,11.24,20.99,17.96,46,,0,0,
Stokt Soda Dreamy Orange 10mg THC 4pk 12oz btl,Beverages,Discontinued,0,0.0,,12.8,17.49,14.86,27,,0,0,
Gigli Chocolate Variety 5mg THC 10 Pack,Edibles,Discontinued,2,0.0,,8.86,11.49,9.86,23,,0,0,Woodbury:2
Drinkin Buds THC Rum Punch 4pk 12oz can,Beverages,Mega Beer LLC,0,0.0,,12.08,15.99,13.86,24,,0,0,
Happi Lemon Elderflower 4pk 7.5oz can,Beverages,"Capitol Beverage Sales, L.P.",0,0.0,,8.67,9.99,8.86,13,,0,0,
Piffton Sour Tangie 10mg THC 4pk 12oz Can/ D,,Libation Project,5,0.0,160.7,16.0,31.99,14.95,50,,0,1,Minnetonka:1;Plymouth:1;Vadnais Heights:1;Ramsey:2
Smokiez Tropical Fruit 10mg THC 4pk 12oz can,Beverages,,2,0.0,64.3,14.67,18.99,15.96,23,,0,1,Rosemount:2
Sprinkle SLEEP 5mg THC Mix Single,Beverages,"Sprinkle Hemp, LLC",879,0.0,,0.87,,,,,0,0,Blaine:1;Roseville:2;Vadnais Heights:7;St. Louis Park:8;Plymouth:30;Chanhassen:48;Osseo:59;Minneapolis:103;Rosemount:113;Minnetonka:166;Woodbury:166;Ramsey:176
Sprinkle SLEEP 5mg THC Mix 10 Pack,Beverages,"Sprinkle Hemp, LLC",207,0.0,,6.85,,,,,0,0,Blaine:4;St. Louis Park:6;Andover:13;Roseville:20;Chanhassen:22;Rosemount:29;Vadnais Heights:35;Plymouth:36;Osseo:42
Sprinkle GO 5mg THC Mix Single,Beverages,"Sprinkle Hemp, LLC",800,0.0,,0.77,,,,,0,0,Vadnais Heights:8;St. Louis Park:20;Blaine:40;Minneapolis:71;Woodbury:89;Rosemount:137;Chanhassen:171;Minnetonka:264
Sprinkle CHILL 5mg THC Mix Single,Beverages,"Sprinkle Hemp, LLC",963,0.0,,0.87,,,,,0,0,Osseo:11;St. Louis Park:11;Blaine:14;Vadnais Heights:16;Minneapolis:84;Ramsey:100;Woodbury:156;Rosemount:172;Minnetonka:189;Chanhassen:210
CANN Hi'er Boy Grapefruit Rosemary 10mg THC 4pk 12oz can,Beverages,Artisan Beer,0,0.0,,12.78,20.99,17.96,39,,0,0,
Countdown Cosmic Lemonade 10mg THC 4pk 12oz can,Beverages,Discontinued,0,0.0,,5.5,14.99,12.96,63,,0,0,
Crooked Beverage Berry 5mg 4pk 12oz can,Beverages,Discontinued,31,0.0,,8.0,14.99,12.96,47,,0,0,Minnetonka:2;Blaine:5;St. Louis Park:5;Roseville:6;Woodbury:6;Ramsey:7
Crooked Beverage Berry 3mg 4pk 12oz can,Beverages,Discontinued,2,0.0,,22.96,18.99,15.96,-21,,0,0,Osseo:2
Crooked Beverage Blood Orange 10mg 4pk 12oz can,Beverages,,5,0.0,,10.13,18.99,14.96,47,,0,0,Blaine:5
Clrty CoffeePot Vanilla 10mg THC 4pk 12oz can,Beverages,"Capitol Beverage Sales, L.P.",0,0.0,,12.0,23.99,19.96,50,,0,0,
Clrty CoffeePot Mocha 10mg THC 4pk 12oz can,Beverages,"Capitol Beverage Sales, L.P.",0,0.0,,12.0,23.99,19.96,50,,0,0,
Crooked Beverage Blood Orange 3mg 4pk 12oz can,Beverages,Discontinued,2,0.0,,17.27,18.99,7.86,9,,0,0,Osseo:2
Pamos Spritz Long Island 10mg THC 4pk 12oz can,Beverages,Get Chai,22,0.0,707.1,9.1,17.49,9.95,48,,0,1,Ramsey:2;St. Louis Park:3;Rosemount:7;Plymouth:10
Pamos Spritz Mai Tai 10mg  THC 4pk 12oz can,Beverages,Get Chai,55,0.0,,9.1,17.49,9.95,48,,0,0,Plymouth:7;St. Louis Park:8;Rosemount:9;Chanhassen:10;Vadnais Heights:10;Ramsey:11
CANN Hi'er Boy Blood Orange Cardamom 10mg THC 4pk 12oz can,Beverages,Artisan Beer,0,0.0,,11.53,20.99,17.96,45,,0,0,
Cannachill Citrus Hybrid 10 Pack,Edibles,Discontinued,33,0.0,1060.7,12.0,23.99,19.96,50,,0,1,Blaine:3;Chanhassen:30
Cannachill Lemon Sativa 10 Pack,Edibles,Discontinued,0,0.0,,11.59,29.99,19.96,61,,0,0,
Cantrip Ginger Peach Seltzer 3mg THC 4pk 12oz can,Beverages,McDonald Distributing Co dba Clear River Beverage,0,0.0,,8.5,15.99,9.86,47,,0,0,
Cantrip Lemon Basil 5mg THC 4pk 12oz can,Beverages,McDonald Distributing Co dba Clear River Beverage,7,0.0,,8.5,15.99,9.86,47,,0,0,Minneapolis:7
Chill State Super Lemon Haze 10mg THC 4pk 16oz can,Beverages,Discontinued,0,0.0,,13.33,18.99,14.96,30,,0,0,
CANN Hi Boy Blood Orange Cardamom 5mg THC 4pk 12oz can,Beverages,Artisan Beer,0,0.0,,11.27,20.99,17.96,46,,0,0,
CANN Hi Boy Cranberry Sage 5mg THC,Beverages,Artisan Beer,0,0.0,,11.27,20.99,17.96,46,,0,0,
CANN Hi Boy Grapefruit Rosemary 5mg THC 4pk 12oz can,Beverages,Artisan Beer,0,0.0,,11.27,20.99,17.96,46,,0,0,
Cannachill Blueberry Indica 10 Pack,Edibles,Discontinued,5,0.0,,12.0,23.99,19.96,50,,0,0,Osseo:5
Cann Roadie Grapefruit Rosemary 2mg THC 0.5oz,Beverages,SOCALI Manufacturing Inc.,0,0.0,,1.25,3.49,2.96,64,,0,0,
CANN Variety Pack 2mg THC 12pk 8oz can,Beverages,Artisan Beer,0,0.0,,22.55,37.99,30.96,41,,0,0,
CANN Roadie Lemon Lavender 2mg THC 0.5oz,Beverages,Artisan Beer,0,0.0,,1.25,3.49,2.96,64,,0,0,
CANN Cranberry Sage 2mg THC,Beverages,Artisan Beer,0,0.0,,9.02,15.99,12.96,44,,0,0,
CANN Roadie Blood Orange Cardamom 2mg THC 0.5oz,Beverages,Artisan Beer,0,0.0,,1.25,3.49,2.96,64,,0,0,
CANN Hi'er Boy Lemon Lavender 10mg THC 4pk 12oz can,Beverages,Artisan Beer,0,0.0,,9.24,20.99,17.96,56,,0,0,
Howdy Paloma 5mg THC 4pk 12oz can,Beverages,Get Chai,10,0.0,,8.69,11.49,7.86,24,,0,0,Blaine:1;Stillwater:2;Plymouth:3;Ramsey:4
CANN Hi Boy Yuzu Elderflower 5mg THC 4pk 12oz can,Beverages,Artisan Beer,0,0.0,,11.27,20.99,17.96,46,,0,0,
CANN Hi Boy Lemon Lavender 5mg THC 4pk 12oz can,Beverages,Artisan Beer,0,0.0,,11.27,20.99,17.96,46,,0,0,
Cantrip Blackberry Lavender 5mg THC 4pk 12oz can,Beverages,McDonald Distributing Co dba Clear River Beverage,0,0.0,,8.5,15.99,9.86,47,,0,0,
Cannachill Passionfruit Sativa 4pk 12oz can,Beverages,Discontinued,0,0.0,,10.6,20.99,16.96,49,,0,0,
Cannachill Passionfruit Sativa 10 Pack,Edibles,Discontinued,0,0.0,,12.0,23.99,19.96,50,,0,0,
Nothing But Hemp Zkittles 10mg THC 1 pack,Edibles,Discontinued,52,0.0,,0.81,,,,,0,0,St. Louis Park:2;Blaine:7;Chanhassen:19;Minnetonka:24
Hippie Water Island Getaway 5mg THC 12oz can,Beverages,Get Chai,238,0.0,,,0.01,,,,0,0,Plymouth:8;Stillwater:16;Roseville:17;Osseo:19;Ramsey:19;Chanhassen:21;Woodbury:21;Rosemount:22;Minneapolis:26;St. Louis Park:69
Hippie Water Winter Groove 5mg THC 12oz can,Beverages,Get Chai,185,0.0,,,0.01,,,,0,0,Plymouth:6;Ramsey:17;Stillwater:17;Chanhassen:18;Roseville:18;Osseo:20;Rosemount:22;Vadnais Heights:22;Woodbury:22;Minnetonka:23
Hop Dreams Day Dream 10mg THC 4pk 12oz can,Beverages,Bellboy Corporation,14,0.0,450.0,10.33,18.99,15.96,46,,0,1,St. Louis Park:2;Chanhassen:3;Plymouth:4;Osseo:5
Howdy Lemonade 5mg THC 4pk 12oz can,Beverages,Get Chai,10,0.0,,8.69,11.49,7.86,24,,0,0,Blaine:1;Chanhassen:1;Ramsey:2;Roseville:2;Minnetonka:4
Nothing But Hemp Minnesnowta 10mg 5 Pack,Edibles,Logan Fleischman,4,0.0,,3.5,23.99,19.96,85,,0,0,Chanhassen:4
Inbound Satellite Blue Lemon 10mg THC 4pk 12oz can,Beverages,Lucid Brewing LLC Dba Inbound Brewco,0,0.0,,10.33,22.49,18.96,54,,0,0,
Blackstack Real Trees King Size Straw Kiwi 10mg THC 4pk 16oz can,Beverages,"Black Stack Brewing, Inc",0,0.0,0.0,12.67,22.49,18.96,44,,0,1,
Vibes Bomb Pop 10mg THC 4pk 12oz can,Beverages,Discontinued,3,0.0,,13.33,20.99,17.96,36,,0,0,Osseo:3
CANN Hi'er Boy Ginger Lemongrass 10mg THC 4pk 12oz can,Beverages,Artisan Beer,0,0.0,,12.77,20.99,17.96,39,,0,0,
Inbound DreaMN Komodo 10mg 4pk 12oz can,Beverages,Lucid Brewing LLC Dba Inbound Brewco,0,0.0,,12.5,14.24,12.36,12,,0,0,
JAZ Strawberry Daiquiri THC 50ml btl,Beverages,ET Consultants,3,0.0,,3.4,4.49,3.86,24,,0,0,Chanhassen:1;Minnetonka:2
Blackstack Real Trees Honeycrisp Apple 10mg THC 4pk 16oz can,Beverages,"Black Stack Brewing, Inc",1,0.0,,12.67,21.99,18.96,42,,0,0,Ramsey:1
Blackstack King Size Blackberry Lemonade THC 4pk 16oz can,Beverages,"Black Stack Brewing, Inc",0,0.0,,12.16,22.49,18.96,46,,0,0,
Vibes Peach 10mg THC 4pk 12oz can,Beverages,Discontinued,9,0.0,,9.7,20.99,17.96,54,,0,0,Rosemount:1;Minneapolis:8
Vibes Crisp Pear Happy 4pk 12oz/ D,Accessories,,3,0.0,96.4,13.5,,14.86,,,0,1,Stillwater:3
Leafy Coffee 10mg 8pk 12oz can,Beverages,,2,0.0,,,24.96,24.96,,,0,0,Osseo:2
Iverson 96 Nectarine 10mg THC 16oz can,Beverages,,0,0.0,0.0,2.32,5.99,,61,,0,1,
Iverson Bubba Chuck Berry 10mg THC 16oz can,Beverages,,0,0.0,,2.35,5.99,,61,,0,0,
Iverson Cran-Apple Crossover 10mg THC 16oz can,Beverages,,0,0.0,0.0,2.31,5.99,,61,,0,1,
Minny Grown Bluebeary Mojito 10mg THC 4pk 12oz can,Beverages,Minny Grown,0,0.0,,11.0,19.99,16.96,45,,0,0,
Minnesota Nice Caramels 10 Pack,Edibles,Logan Fleischman,5,0.0,,12.0,29.99,19.96,60,,0,0,Ramsey:5
Lolli Grape Soda 10mg THC 6pk 12oz can,Beverages,Get Chai,30,0.0,,8.42,17.49,14.96,52,,0,0,Chanhassen:1;Plymouth:2;Rosemount:2;Blaine:25
Lolli Orange Soda 10mg THC 6pk 12oz can,Beverages,Get Chai,15,0.0,,8.1,17.49,14.96,54,,0,0,Plymouth:1;Stillwater:3;Blaine:11
Nibbana Lychee Love Caff 5mg THC 4pk 12oz can,Beverages,Discontinued,3,0.0,,10.0,12.49,10.86,20,,0,0,Minnetonka:3
Nibbana Watermelon Wave 4pk 12oz can,Beverages,Nibbana LLC,0,0.0,,10.0,17.49,14.96,43,,0,0,
Minny Grown Holidaze 5mg THC 10 Pack,Edibles,Discontinued,2,0.0,,8.0,17.49,7.86,54,,0,0,Minnetonka:2
Modist Melt Ginger Lemon Lime 10mg THC 4pk 16oz can,Beverages,,24,0.0,771.4,1.94,15.99,13.96,88,,0,1,Andover:5;Chanhassen:6;Roseville:6;Rosemount:7
1906 Bliss Drops 2mg THC 5pk,Edibles,Get Chai,0,0.0,,0.16,4.49,3.96,96,,0,0,
1906 Bliss Drops 2mg THC 25pk,Edibles,Get Chai,18,0.0,,3.0,17.49,14.96,83,,0,0,Stillwater:18
Wyld Elderberry 10mg THC 5 Pack,Edibles,"Northwest Natural Goods, LLC",0,0.0,,6.46,17.49,14.96,63,,0,0,
Acre Peach White Tea 10mg THC 4pk 12oz can,Beverages,56 Brewing,0,0.0,,12.98,12.49,10.96,-4,,0,0,
