Store,Supplier,Item,Product Code,Store OH,WOS,Order Cases,Order Units,Unit Cost,Order $
Andover,Artisan Beer,Stigma Lemonade Tea 10mg THC 4pk 16oz can,850011431948,2,0.3,4,24,8.96,215.0
Andover,Artisan Beer,Stigma Lime Seltzer 10mg THC 4pk 16oz can,850011431986,1,0.4,2,12,10.94,131.0
Andover,Artisan Beer,Stigma Tonic Variety Pack 10mg THC 12pk 12oz can,860014678486,2,2.1,1,2,25.32,51.0
Andover,Artisan Beer,Stigma Peach Iced Tea 10mg THC 4pk 16oz can,850011431955,4,2.4,1,6,9.33,56.0
Andover,Artisan Beer,Stigma Tea Variety Pack 10mg THC 12pk 12oz can,860014678400,3,3.2,1,2,24.02,48.0
Andover,Artisan Beer,Stigma Club Soda 10mg THC 4pk 16oz can,850011431979,3,3.2,1,6,11.01,66.0
Andover,Bellboy Corporation,Minny Grown Lemon Drop-let's 4pk 12oz can,860009899346,0,0.0,1,6,11.0,66.0
Andover,Bellboy Corporation,Minny Grown Minnarita 4pk 12oz can,860009899339,0,0.0,2,12,11.0,132.0
Andover,Bellboy Corporation,Smokiez Watermelon THC 10 pack,811194034111,0,0.0,1,12,5.5,66.0
Andover,Bellboy Corporation,Minny Grown Highbernate 5mg THC 10 Pack,860009438040,0,0.0,2,24,8.0,192.0
Andover,Bellboy Corporation,Minny Grown St. Croix Sunrise 10 Pack,860009899360,1,0.6,1,12,8.0,96.0
Andover,Bellboy Corporation,Forbidden Fruit Variety Pack 10mg THC 12pk 12oz can,764333647812,1,0.9,2,4,25.0,100.0
Andover,Bellboy Corporation,Minny Grown Highbernate 2.0 10 Pack,860010532591,2,0.9,1,12,8.0,96.0
Andover,Bellboy Corporation,Brez Extra Strength 10mg THC 4pk 12oz can,860013612719,4,1.9,1,6,12.17,73.0
Andover,Bellboy Corporation,Foundry Nation Two Scoops Cherry 10mg THC 4pk 12oz can,400000025117,2,3.2,1,6,13.31,80.0
Andover,Bellboy Corporation,BLNCD Levitate 85mg THC 750ml,840006316572,6,3.2,1,6,21.17,127.0
Andover,Bent Paddle Brewing Co,Bent Paddle Hightened Mary Jane's Mule 10mg THC 4pk 12oz can,850024846630,1,0.6,1,6,9.35,56.0
Andover,Bernicks,Rythm Kush 10mg THC 4pk 12oz can,850072957074,4,2.9,1,6,11.22,67.0
Andover,Bernicks,Rythm Sativa 10mg THC 4pk 12oz can,850072957029,8,3.1,1,6,11.25,67.0
Andover,Bernicks,Senorita Ranch Water 10mg THC 4pk 12oz can,850072957234,3,3.2,1,6,11.2,67.0
Andover,Birch's on the Lake,Birch's Cherry Seltzer 10mg THC 4pk 12oz can,400000024806,-3,-0.9,3,18,8.0,144.0
Andover,Birch's on the Lake,Birch's Ginger Ale Seltzer 10mg THC 4pk 12oz can,400000024837,7,2.6,1,6,8.0,48.0
Andover,Birch's on the Lake,Birch's Blueberry 10mg THC 4pk 12oz can,400000024813,10,3.3,1,6,8.0,48.0
Andover,"Capitol Beverage Sales, L.P.",Mary Jones Berry Lemonade 10mg THC 4pk 12oz can,620221420205,0,0.0,2,12,9.96,119.0
Andover,"Capitol Beverage Sales, L.P.",Iverson 96 Nectarine 10mg THC 6pk 16oz can,850009601872,1,0.6,2,8,13.89,111.0
Andover,"Capitol Beverage Sales, L.P.",Granny's Cranberry Apple 5mg THC Gummies 10pk,850055931152,1,0.6,1,10,5.78,58.0
Andover,"Capitol Beverage Sales, L.P.",Uncle Arnie's Grape Soda 10mg THC 4pk 12oz can,850039736889,1,0.9,1,6,10.0,60.0
Andover,"Capitol Beverage Sales, L.P.",Granny's Granny Smith 5mg THC Gummies 10pk,850055931077,9,0.9,4,40,5.74,230.0
Andover,"Capitol Beverage Sales, L.P.",Uncle Arnie's Zen Green Tea 10mg THC 4pk 12oz can,850039736339,2,1.1,1,6,10.0,60.0
Andover,"Capitol Beverage Sales, L.P.",Tempter's Variety Pack 10mg THC 6pk 12oz can,850009601407,4,1.4,2,8,15.98,128.0
Andover,"Capitol Beverage Sales, L.P.",Clrty SodaPot Straw-Nana 10mg 4pk 12oz can,850048459465,1,1.4,1,6,11.14,67.0
Andover,"Capitol Beverage Sales, L.P.",Uncle Arnie's Cherry Limeade 10mg THC 4pk 12oz can,850039736346,6,1.6,2,12,10.0,120.0
Andover,"Capitol Beverage Sales, L.P.",Uncle Arnie's Tahitian Treat 10mg THC 2oz,850039736926,16,1.7,1,24,1.67,40.0
Andover,"Capitol Beverage Sales, L.P.",Sweet Justice Cherry Cola 10mg THC 4pk 12oz can,850058379067,13,1.9,3,18,12.04,217.0
Andover,"Capitol Beverage Sales, L.P.",Tempter's Blueberry 10mg THC 4pk 12oz can,850009601278,4,2.0,1,6,10.67,64.0
Andover,"Capitol Beverage Sales, L.P.",Uncle Arnie's Rasp Lemonade 10mg THC 4pk 12oz can,850039736551,9,2.3,2,12,8.11,97.0
Andover,"Capitol Beverage Sales, L.P.",Tempter's Citrus 10mg 4pk 12oz can,850009601254,10,2.3,2,12,10.67,128.0
Andover,"Capitol Beverage Sales, L.P.",Uncle Arnie's Blueberry Nightcap 10mg THC 2oz,850039736483,54,2.3,2,48,1.67,80.0
Andover,"Capitol Beverage Sales, L.P.",Uncle Arnie's Variety Pack 10mg THC 12pk 12oz can,850039736650,11,2.6,3,6,26.4,158.0
Andover,"Capitol Beverage Sales, L.P.",Clrty Variety 10mg THC 12pk 12oz can,850048459335,5,2.7,2,4,10.68,43.0
Andover,"Capitol Beverage Sales, L.P.",Uncle Arnie's Variety Pack Sugar Free 10mg THC 12pk 12oz can,850039736667,23,2.7,6,12,26.4,317.0
Andover,"Capitol Beverage Sales, L.P.",Plift Select Raspbery 83mg THC 750ml Btl,850075157501,24,2.8,2,12,11.58,139.0
Andover,"Capitol Beverage Sales, L.P.",Collective Project Orange Vanilla 10mg THC 4pk 12oz can,628719778012,6,3.2,1,6,9.33,56.0
Andover,"Capitol Beverage Sales, L.P.",Uncle Arnie's Strawberry Soda 10mg THC 4pk 12oz can,850039736902,4,3.4,1,6,9.45,57.0
Andover,"Capitol Beverage Sales, L.P.",Clrty Tangerine 10mg THC 4pk 12oz can,850048459014,4,3.4,1,6,11.49,69.0
Andover,"Capitol Beverage Sales, L.P.",Granny's Rainbow Sherbet 5mg THC Gummies 10pk,850055931053,4,3.4,1,10,5.8,58.0
Andover,Dahlheimer Beverage Monticello,Climbing Kites Variety Pack 10mg THC 6pk 12oz can,850047906380,0,0.0,1,4,14.4,58.0
Andover,Dahlheimer Beverage Monticello,Climbing Kites Mixed Berry 10mg THC 4pk 12oz can,850047906083,0,0.0,1,6,10.69,64.0
Andover,Dahlheimer Beverage Monticello,Climbing Kites Key Lime Kiwi 10mg THC 4pk 12oz can,850047906335,0,0.0,1,6,10.71,64.0
Andover,Discontinued,Tetra Crisp Apple Pear 10mg THC 4pk 12oz can,810091531013,0,0.0,2,12,12.57,151.0
Andover,Discontinued,Gigli Citrus Seltzer 10mg THC 4pk 12oz can,643459379305,19,20.4,2,12,9.79,117.0
Andover,Discontinued,Gigli Raspberry Tea 10mg THC 4pk 12oz can,198168016879,0,,6,36,9.85,355.0
Andover,Get Chai,High Rise Blood Orange 10mg THC 4pk 12oz can,850073387023,0,0.0,1,6,8.11,49.0
Andover,Get Chai,Leafy Maui Pineapple Gummies 5mg THC 10 Pack,669185409239,0,0.0,1,10,3.12,31.0
Andover,Get Chai,Leafy Georgia Peach Gummies 5mg THC 10 Pack,669185409222,0,0.0,1,10,3.13,31.0
Andover,Get Chai,Leafy Sour Blue Raspberry Gummies 5mg THC 10 Pack,669185409246,0,0.0,1,10,3.12,31.0
Andover,Get Chai,Leafy Blueberry Lemon Gummies 5mg THC 10 Pack,669185409260,0,0.0,1,10,3.13,31.0
Andover,Get Chai,Leafy Wildberry Gummies 5mg THC 10 Pack,669185409277,0,0.0,2,20,3.12,62.0
Andover,Get Chai,Leafy Sour Watermelon Gummies 5mg THC 10 Pack,669185409253,1,0.3,2,20,3.13,63.0
Andover,Get Chai,Hippie Water Island Getaway 10mg THC 4pk 12oz can,198168101940,2,1.1,1,6,10.0,60.0
Andover,Get Chai,TBD Green Tea Lemonade 10mg THC 12oz can,860009350953,48,2.7,1,24,3.19,77.0
Andover,Get Chai,oHHo 10mg Variety 8pk 12oz can,673658343036,3,3.2,1,3,20.0,60.0
Andover,Gigli MN LLC,Gigli Sativa Mixed Fruit 5mg THC 10 Pack,643459379558,0,0.0,1,12,0.32,4.0
Andover,Gigli MN LLC,Gigli 10mg THC Variety Pack 12pk 12oz can,199284006881,3,0.3,18,36,26.1,939.0
Andover,Gigli MN LLC,Gigli Sleep 5mg THC 10 Pack,643459379435,3,0.9,1,12,1.87,22.0
Andover,Gigli MN LLC,Gigli Cherry Limeade 10mg THC 4pk 12oz can,643459379725,4,1.1,2,12,10.59,127.0
Andover,Gigli MN LLC,Gigli Sour Fruit 5mg THC 10 Pack,643459379268,14,3.8,1,12,0.29,3.0
Andover,Gigli MN LLC,Gigli Blood Orange Margarita 10mg THC 4pk 12oz can,643459380028,28,5.5,2,12,9.75,117.0
Andover,Gigli MN LLC,Gigli Raspberry Ginger Mule 10mg THC 4pk 12oz can,643459379954,35,8.3,1,6,9.75,59.0
Andover,Gigli MN LLC,Gigli Mango Seltzer 10mg THC 4pk 12oz can,643459379541,4,8.6,4,24,9.78,235.0
Andover,Gigli MN LLC,Gigli Extra Gigli Variety 10mg THC 4pk 12oz can,643459380004,34,8.6,1,6,9.75,58.0
Andover,Gigli MN LLC,Gigli Blueberry Lemonade 10mg THC 4pk 12oz can,643459379992,35,10.7,1,6,9.75,58.0
Andover,Gigli MN LLC,Gigli Iced Tea Lemonade 10mg THC 4pk 12oz can,198168611401,7,15.0,4,24,9.78,235.0
Andover,Global Reserve LLC,Looner Root Beer 10mg THC Soda 4pk 12oz can,400000025056,1,0.8,1,6,11.2,67.0
Andover,Global Reserve LLC,Looner Peach Lemonade 10mg THC 4pk 12oz can,400000024998,12,1.8,3,18,11.2,202.0
Andover,Global Reserve LLC,Looner Twilight Strawberry Gummies 5mg THC 10 Pack,198715111019,6,1.8,1,10,5.0,50.0
Andover,Global Reserve LLC,Looner Cola 10mg THC 4pk 12oz can,400000024875,0,2.1,1,6,11.2,67.0
Andover,Global Reserve LLC,Looner Lemon Lime 10mg THC 4pk 12oz can,400000024950,11,2.1,2,12,11.2,134.0
Andover,Global Reserve LLC,Looner Wild Grape 10mg THC 4pk 12oz can,400000025094,14,2.3,2,12,11.2,134.0
Andover,Global Reserve LLC,Looner Pink Lemonade 10mg THC 4pk 12oz can,400000025018,9,2.6,1,6,11.2,67.0
Andover,Global Reserve LLC,Looner Diet Root Beer 10mg 4pk 12oz can,199874201535,29,2.8,3,18,11.2,202.0
Andover,Global Reserve LLC,Looner Classic Lemonade 10mg THC 4pk 12oz can,400000024851,3,3.0,1,6,11.2,67.0
Andover,Global Reserve LLC,Looner Creme 10mg THC Soda 4pk 12oz can,400000024899,17,3.4,1,6,11.2,67.0
Andover,Global Reserve LLC,Looner Diet Professor Pepper 10mg 4pk 12oz can,199874796734,47,3.4,2,12,11.2,134.0
Andover,Global Reserve LLC,Looner Sweet Orange 10mg THC Soda 4pk 12oz can,400000025070,20,3.6,1,6,11.2,67.0
Andover,Global Reserve LLC,Looner Twilight Blackberry Gummies 5mg THC 10 Pack,198168425602,16,3.8,1,10,5.0,50.0
Andover,Gravitron LLC dba GRAV,GRAV Wild Raspberry 10mg THC 50ml btl,810094772888,7,1.6,2,12,1.84,22.0
Andover,Gravitron LLC dba GRAV,GRAV Natural 10mg THC 50ml btl,810094772857,7,3.3,1,6,1.84,11.0
Andover,Gravitron LLC dba GRAV,GRAV Pink Lemonade 10mg THC 50ml btl,810094772949,16,3.4,1,6,1.84,11.0
Andover,Insight Brewing Company (D),Insight Flavor Pixels 10mg THC Variety #2 12pk 12oz can,850077712050,3,1.8,2,4,24.78,99.0
Andover,Insight Brewing Company (D),Insight Grapefruit 10mg THC 6pk 12oz can,850033550719,2,2.9,1,4,12.72,51.0
Andover,Insight Brewing Company (D),Insight Flavor Pixels Black Lemon 10mg 12pk 12oz can,850033550375,3,3.2,1,2,24.78,50.0
Andover,Insight Brewing Company (D),Insight Flavor Pixels Plus Peach Mango 10mg THC 12pk 12oz can,850077712074,3,3.2,1,2,25.45,51.0
Andover,"Jixxie, Inc.",Jixxie Peach Rhubarb 10mg THC 4pk 12oz can,198715419979,2,2.1,1,6,7.83,47.0
Andover,"Jixxie, Inc.",Jixxie Lemon Sour 10mg THC 4pk 12oz can,198715342673,3,3.2,1,6,7.83,47.0
Andover,Modist Brewing Company,Modist Tint Raspberry Lemon Iced Tea 10mg THC 4pk 12oz can,810095561979,0,0.0,1,6,6.43,39.0
Andover,NOR North Brands LLC,North Canna High Tonics Strawberry Melon 10mg THC,860011319023,0,0.0,1,6,9.67,58.0
Andover,NOR North Brands LLC,North Canna High Tonics Berry Lemonade 10mg THC,860011622017,0,0.0,1,6,9.67,58.0
Andover,NOR North Brands LLC,North Canna Higher Vibes Pineapple Orange 5mg THC,860009819023,0,0.0,1,6,8.13,49.0
Andover,NOR North Brands LLC,North Canna High Tonics Blood Orange Mango 10mg THC,860011319016,0,0.0,2,12,9.67,116.0
Andover,NOR North Brands LLC,North Canna Higher Vibes Adventure Pack 5mg THC,860011319047,1,2.1,1,3,15.0,45.0
Andover,"North Star Hemp, LLC",You Betcha Anytime 10mg THC 4pk 12oz can,051497154110,12,2.9,1,6,10.0,60.0
Andover,Nothing But Hemp LLC,Vibes Black Cherry Indica 10mg 4pk 12oz can,649696014825,0,0.0,1,6,9.84,59.0
Andover,Nothing But Hemp LLC,Vibes Pineapple Sativa 10mg THC 4pk 12oz can,649696006370,1,2.1,1,6,10.32,62.0
Andover,Phillips Wine & Spirits - St. Paul,Green Monke Blue Raspberry 10mg THC 4pk 12oz can,628634142912,0,0.0,2,12,10.83,130.0
Andover,Phillips Wine & Spirits - St. Paul,Daizy's Blueberry Lemonade 10mg THC 4pk 12oz can,850065870236,1,0.9,1,6,4.94,30.0
Andover,Phillips Wine & Spirits - St. Paul,Green Monke Tropical Citrus 10mg THC 4pk 12oz can,628634142431,1,1.1,1,6,9.57,57.0
Andover,Phillips Wine & Spirits - St. Paul,Daizy's Variety Pack 10mg THC 12pk 12oz can,85006587010,2,1.7,2,4,25.61,102.0
Andover,Phillips Wine & Spirits - St. Paul,Green Monke Orange Cream 10mg THC 4pk 12oz can,628425180475,3,2.6,1,6,8.98,54.0
Andover,Phillips Wine & Spirits - St. Paul,Green Monke Remix Variety Pack 10MG THC 12pk 12oz can,628425180635,2,2.9,1,2,29.5,59.0
Andover,Single Can,Birch's Blueberry 10mg THC 12oz can,400000024820,0,0.0,2,2,2.0,4.0
Andover,Single Can,Birch's Ginger Ale Seltzer 10mg THC 12oz can,400000024844,0,0.0,2,2,2.0,4.0
Andover,Single Can,Looner Classic Lemonade 10mg THC 12oz can,400000024868,0,0.0,2,2,2.8,6.0
Andover,Single Can,Birch's Cherry Seltzer 10mg THC 12oz can,400000024752,0,0.0,5,5,2.0,10.0
Andover,Single Can,Looner Cola 10mg THC 12oz can,400000024882,0,0.0,4,4,2.8,11.0
Andover,Single Can,Looner Creme Soda 10mg THC 12oz can,400000024905,0,0.0,4,4,2.8,11.0
Andover,Single Can,Looner Lemon Lime 10mg THC 12oz can,400000024967,0,0.0,4,4,2.8,11.0
Andover,Single Can,Looner Pink Lemonade 10mg THC 12oz can,400000025025,0,0.0,5,5,2.8,14.0
Andover,Single Can,Looner Professor Pepper 10mg THC 12oz can,400000025049,0,0.0,5,5,2.8,14.0
Andover,Single Can,Looner Sweet Orange Soda 10mg THC 12oz can,400000025087,0,0.0,5,5,2.8,14.0
Andover,Single Can,Foundry Nation Two Scoops Cherry 10mg THC 12oz can,400000025124,0,0.0,4,4,3.33,13.0
Andover,Single Can,Foundry Nation Two Scoops Orange 10mg THC 12oz can,400000025148,0,0.0,5,5,3.12,16.0
Andover,Single Can,Looner Deww 10mg THC 12oz can,400000024929,0,0.0,8,8,2.8,22.0
Andover,Single Can,Looner Peach Lemonade 10mg THC 12oz can,400000025001,0,0.0,8,8,2.8,22.0
Andover,Single Can,Foundry Nation Two Scoops Root Beer 10mg THC 12oz can,400000025162,0,0.0,8,8,2.87,23.0
Andover,Single Can,Looner Root Beer 10mg THC Soda 12oz can,400000025063,0,0.0,9,9,2.8,25.0
Andover,Single Can,Looner Wild Grape 10mg THC 12oz can,400000025100,0,0.0,11,11,2.8,31.0
Andover,Stigma,Stigma Variety Pack 10mg THC 12pk 12oz can,850011431788,0,0.0,3,6,27.83,167.0
Andover,Superior Molecular,Pappy's Gooseberry Dream Gummies 5mg THC 10 Pack,850013921065,2,0.2,1,100,2.0,200.0
Andover,Superior Molecular,Pappy's Lemonade 10mg THC 4pk 12oz can,850013921478,3,3.2,1,6,7.33,44.0
Andover,"Sweet Leaves, LLC",Sweet Leaves Passion Fruit 5mg THC 10 Pack,198715102017,2,0.3,3,36,5.12,184.0
Andover,Wild State Cider,Odder Lemon Lime Cherry 10mg THC 4pk 12oz can,850018947985,8,2.4,1,6,6.67,40.0
Andover,,IYKYK Peach Tea 10mg 12oz can,850071300222,0,0.0,1,1,2.24,2.0
Andover,,Tempter's Citrus 10mg THC 12oz can,850009601223,0,0.0,5,5,2.67,13.0
Andover,,Tempter's Strawberry 10mg THC 12oz can,850009601230,0,0.0,6,6,2.67,16.0
Andover,,Tempter's Blueberry 10mg THC 12oz can,850009601247,0,0.0,7,7,2.67,19.0
Andover,,IYKYK Strawberry Lemonade 10mg 12oz can,850071300253,0,0.0,7,7,2.25,16.0
Blaine,Artisan Beer,Stigma Peach Iced Tea 10mg THC 4pk 16oz can,850011431955,3,1.6,1,6,9.33,56.0
Blaine,Artisan Beer,Stigma Berry Tea 10mg THC 4pk 16oz can,850011431962,2,2.9,1,6,9.53,57.0
Blaine,Artisan Beer,Stigma Tea Variety Pack 10mg THC 12pk 12oz can,860014678400,4,3.4,1,2,24.02,48.0
Blaine,Bellboy Corporation,Minny Grown Highbernate 2.0 10 Pack,860010532591,-4,-0.4,4,48,8.0,384.0
Blaine,Bellboy Corporation,Minny Grown Lemon Drop-let's 4pk 12oz can,860009899346,0,0.0,1,6,11.0,66.0
Blaine,Bellboy Corporation,Minny Grown St. Croix Sunrise Yummy Gummy Bar 50mg THC,860010316481,0,0.0,1,12,6.0,72.0
Blaine,Bellboy Corporation,Minny Grown Minnarita 4pk 12oz can,860009899339,1,0.3,2,12,11.0,132.0
Blaine,Bellboy Corporation,Minny Grown Minny Apple 10 Pack,860009438088,12,1.6,2,24,8.0,192.0
Blaine,Bellboy Corporation,Foundry Nation Two Scoops Cherry 10mg THC 4pk 12oz can,400000025117,5,1.7,2,12,13.31,160.0
Blaine,Bellboy Corporation,Minny Grown Highbernate 5mg THC 10 Pack,860009438040,29,2.6,2,24,8.0,192.0
Blaine,Bellboy Corporation,Minny Grown Caramel Apple Alien Abduction Yummy Gummy Bar 50mg THC,850063284608,10,3.1,1,12,6.0,72.0
Blaine,Bellboy Corporation,Minny Grown St. Croix Sunrise 10 Pack,860009899360,18,3.4,1,12,8.0,96.0
Blaine,Bellboy Corporation,Minny Grown Watermelon 10 Pack,860006677664,21,3.5,1,12,8.0,96.0
Blaine,Bellboy Corporation,Minny Grown Peach 10 Pack,860006677695,11,3.6,1,12,8.0,96.0
Blaine,Bellboy Corporation,Minny Grown Highbernate 2.0 Yummy Gummy Bar 50mg THC,850063284615,10,3.9,1,12,6.0,72.0
Blaine,Bellboy Corporation,Minny Grown BlueBeary 10 Pack,860006677671,13,4.0,1,12,8.0,96.0
Blaine,Bent Paddle Brewing Co,Bent Paddle Muse Strawberry Watermelon 5mg THC 4pk 12oz can,850083991012,0,0.0,1,6,7.33,44.0
Blaine,Bent Paddle Brewing Co,Bent Paddle Puff Party Pack 10mg THC 12pk 12oz can,858106004268,3,1.8,2,4,22.6,90.0
Blaine,Bent Paddle Brewing Co,Bent Paddle Puff Puff Pass Variety 10mg THC 12pk 12oz can,850024846791,12,2.6,4,8,22.5,180.0
Blaine,"Capitol Beverage Sales, L.P.",Collective Project Raspberry Lemonade 5mg THC 4pk 12oz can,628719778111,-7,-2.3,3,18,8.33,150.0
Blaine,"Capitol Beverage Sales, L.P.",Collective Project Cherry Limade 5mg THC 4pk 12oz can,628719778098,-1,-0.3,3,18,8.45,152.0
Blaine,"Capitol Beverage Sales, L.P.",Uncle Arnie's Zen Green Tea 10mg THC 4pk 12oz can,850039736339,-1,-0.2,4,24,10.0,240.0
Blaine,"Capitol Beverage Sales, L.P.",Iverson Bubba Chuck Berry 10mg THC 6pk 16oz can,850009601858,0,0.0,1,4,14.08,56.0
Blaine,"Capitol Beverage Sales, L.P.",Sweet Justice Cherry Cola 10mg THC 4pk 12oz can,850058379067,0,0.0,1,6,12.04,72.0
Blaine,"Capitol Beverage Sales, L.P.",Collective Project Raspberry Vanilla 10mg THC 4pk 12oz can,628719778081,0,0.0,1,6,9.33,56.0
Blaine,"Capitol Beverage Sales, L.P.",Clrty Tangerine 10mg THC 4pk 12oz can,850048459014,0,0.0,1,6,11.49,69.0
Blaine,"Capitol Beverage Sales, L.P.",Clrty Cranberry Lime 10mg THC 4pk 12oz can,850048459328,0,0.0,1,6,11.25,68.0
Blaine,"Capitol Beverage Sales, L.P.",Uncle Arnie's Strawberry Soda 10mg THC 4pk 12oz can,850039736902,0,0.0,2,12,9.45,113.0
Blaine,"Capitol Beverage Sales, L.P.",Uncle Arnie's Grape Soda 10mg THC 4pk 12oz can,850039736889,0,0.0,3,18,10.0,180.0
Blaine,"Capitol Beverage Sales, L.P.",Uncle Arnie's Blueberry Nightcap 10mg THC 2oz,850039736483,2,0.1,4,96,1.67,160.0
Blaine,"Capitol Beverage Sales, L.P.",Fetch Variety Pack 10mg THC 6pk 12oz can,628719778227,1,0.9,1,4,12.02,48.0
Blaine,"Capitol Beverage Sales, L.P.",Uncle Arnie's Sunrise Orange 10mg THC 2oz,850039736476,38,0.9,6,144,1.67,240.0
Blaine,"Capitol Beverage Sales, L.P.",Iverson Cran-Apple Crossover 10mg THC 6pk 16oz can,850009601896,1,1.1,1,4,13.86,55.0
Blaine,"Capitol Beverage Sales, L.P.",Uncle Arnie's Magic Mango 10mg THC 2oz,850039736490,31,1.4,3,72,1.67,120.0
Blaine,"Capitol Beverage Sales, L.P.",Uncle Arnie's Strawberry Kiwi 10mg THC 2oz,850039736469,58,1.5,5,120,1.67,200.0
Blaine,"Capitol Beverage Sales, L.P.",Tempter's Strawberry 10mg THC 4pk 12oz can,850009601261,12,1.6,4,24,10.67,256.0
Blaine,"Capitol Beverage Sales, L.P.",Uncle Arnie's Cherry Limeade 10mg THC 4pk 12oz can,850039736346,11,1.7,3,18,10.0,180.0
Blaine,"Capitol Beverage Sales, L.P.",Granny's Elixir 10mg THC Variety Pack 12pk 12oz can,850055931251,2,2.1,1,2,31.74,63.0
Blaine,"Capitol Beverage Sales, L.P.",Granny's Kitty Cocktail 10mg THC 4pk 12oz can,850055931114,1,2.1,1,6,11.44,69.0
Blaine,"Capitol Beverage Sales, L.P.",Uncle Arnie's Lemon Mint 10mg THC 2oz,850039736919,34,2.2,2,48,1.67,80.0
Blaine,"Capitol Beverage Sales, L.P.",Uncle Arnie's Tahitian Treat 10mg THC 2oz,850039736926,82,2.6,2,48,1.67,80.0
Blaine,"Capitol Beverage Sales, L.P.",Uncle Arnie's Variety Pack Sugar Free 10mg THC 12pk 12oz can,850039736667,11,2.8,3,6,26.4,158.0
Blaine,"Capitol Beverage Sales, L.P.",Tempter's Variety Pack 10mg THC 6pk 12oz can,850009601407,8,2.9,1,4,15.98,64.0
Blaine,"Capitol Beverage Sales, L.P.",Fetch Lemon Lime 10mg THC 4pk 12oz can,628719778128,6,2.9,1,6,7.57,45.0
Blaine,"Capitol Beverage Sales, L.P.",Uncle Arnie's Orange Soda 10mg THC 4pk 12oz can,850039736896,7,3.0,1,6,7.99,48.0
Blaine,"Capitol Beverage Sales, L.P.",Plift Select Raspbery 83mg THC 750ml Btl,850075157501,20,3.0,2,12,11.58,139.0
Blaine,"Capitol Beverage Sales, L.P.",Uncle Arnie's Ice Tea Lemonade 10mg THC 4pk 12oz can,850039736322,8,3.1,1,6,10.0,60.0
Blaine,"Capitol Beverage Sales, L.P.",Uncle Arnie's Rasp Lemonade 10mg THC 4pk 12oz can,850039736551,11,3.1,1,6,8.11,49.0
Blaine,"Capitol Beverage Sales, L.P.",Clrty Black Cherry 5mg THC 4pk 12oz can,860008925190,8,3.4,1,6,9.34,56.0
Blaine,"Capitol Beverage Sales, L.P.",Tempter's Blueberry 10mg THC 4pk 12oz can,850009601278,17,3.6,1,6,10.67,64.0
Blaine,Clrty Company,CLRTY Watermelon 10mg THC 4pk 12oz can,850048459687,2,1.1,1,6,8.25,50.0
Blaine,Credo Brands LLC,Voltage Lavender Lemonade 10mg THC 4pk 12oz can,850007584917,-2,-1.0,2,12,8.42,101.0
Blaine,Credo Brands LLC,Voltage Half & Half 10mg THC 4pk 12oz can,850007584825,1,1.1,1,6,8.37,50.0
Blaine,Credo Brands LLC,Voltage Blueberry Lemonade 10mg THC 4pk 12oz can,784196719259,2,2.9,1,6,5.66,34.0
Blaine,Dahlheimer Beverage Monticello,Lift Bridge Fruit Cup 10mg THC 4pk 12oz can,685165385218,0,0.0,1,6,10.73,64.0
Blaine,Dahlheimer Beverage Monticello,Bubz Purple Fizz 10mg THC 4pk 12oz can,850047906625,0,0.0,1,6,9.08,55.0
Blaine,Dahlheimer Beverage Monticello,Bubz Orange Vanilla 10mg THC 4pk 12oz can,850047906649,1,0.7,1,6,8.9,53.0
Blaine,Dahlheimer Beverage Monticello,Lift Bridge Big Believer Variety Pack THC 12pk 12oz can,685165387120,5,3.6,1,2,25.77,52.0
Blaine,Discontinued,Tetra Lemon-Lime 5mg THC 4pk 12oz can,810091530252,0,0.0,1,6,10.33,62.0
Blaine,Discontinued,Tetra Raspberry-Ginger 5mg THC 4pk 12oz can,810091530368,0,0.0,1,6,10.34,62.0
Blaine,Discontinued,Gigli Citrus Seltzer 10mg THC 4pk 12oz can,643459379305,18,12.9,2,12,9.79,117.0
Blaine,Discontinued,Gigli Raspberry Tea 10mg THC 4pk 12oz can,198168016879,0,,5,30,9.85,296.0
Blaine,Get Chai,Leafy Blackberry Lemon 10mg THC 2oz btl,669185541038,-3,-0.7,1,48,1.33,64.0
Blaine,Get Chai,CQ Strawberry Lemonade 10mg THC 2oz,602573191514,4,0.4,2,48,1.66,80.0
Blaine,Gigli MN LLC,Gigli Mango Seltzer 10mg THC 4pk 12oz can,643459379541,-1,-1.4,6,36,9.78,352.0
Blaine,Gigli MN LLC,Gigli Sativa Mixed Fruit 5mg THC 10 Pack,643459379558,11,1.3,2,24,0.32,8.0
Blaine,Gigli MN LLC,Gigli Peach Rings 5mg THC 10 Pack,643459379831,5,1.4,1,12,0.68,8.0
Blaine,Gigli MN LLC,Gigli Iced Tea Lemonade 10mg THC 4pk 12oz can,198168611401,7,5.0,3,18,9.78,176.0
Blaine,Gigli MN LLC,Gigli Extra Gigli Variety 10mg THC 4pk 12oz can,643459380004,33,6.7,1,6,9.75,58.0
Blaine,Gigli MN LLC,Gigli Raspberry Ginger Mule 10mg THC 4pk 12oz can,643459379954,27,8.9,1,6,9.75,59.0
Blaine,Gigli MN LLC,Gigli Pineapple Mojito 10mg THC 4pk 12oz can,643459380035,35,15.0,1,6,9.79,59.0
Blaine,Global Reserve LLC,Looner Root Beer 10mg THC Soda 4pk 12oz can,400000025056,21,2.0,4,24,11.2,269.0
Blaine,Global Reserve LLC,Looner Sweet Orange 5mg THC 4pk 12oz can,197644401932,2,2.1,1,6,6.99,42.0
Blaine,Global Reserve LLC,Aura Lemon Basil Seltzer 10mg THC 4pk 12oz can,198715744828,7,2.5,1,6,8.5,51.0
Blaine,Global Reserve LLC,Looner Diet Root Beer 10mg 4pk 12oz can,199874201535,22,2.9,2,12,11.2,134.0
Blaine,Global Reserve LLC,Looner Wild Grape 10mg THC 4pk 12oz can,400000025094,44,2.9,3,18,11.2,202.0
Blaine,Global Reserve LLC,Looner Diet Professor Pepper 10mg 4pk 12oz can,199874796734,46,2.9,4,24,11.2,269.0
Blaine,Global Reserve LLC,Looner Twilight Strawberry Gummies 5mg THC 10 Pack,198715111019,4,2.9,1,10,5.0,50.0
Blaine,Global Reserve LLC,Looner Zenith Strawberry Gummies 5mg THC 10 Pack,198715853483,10,2.9,1,10,5.0,50.0
Blaine,Global Reserve LLC,Looner Creme 10mg THC Soda 4pk 12oz can,400000024899,17,3.0,1,6,11.2,67.0
Blaine,Global Reserve LLC,Bootlegger Mojito Mocktail 10mg THC 4pk 12oz can,198715421057,5,3.1,1,6,11.2,67.0
Blaine,Global Reserve LLC,Looner Sweet Orange 10mg THC Soda 4pk 12oz can,400000025070,36,3.1,2,12,11.2,134.0
Blaine,Global Reserve LLC,Looner Spirits Unflavored 85mg THC 750ml,884400118042,24,3.1,1,9,14.0,126.0
Blaine,Global Reserve LLC,Looner Lemon Lime 10mg THC 4pk 12oz can,400000024950,18,3.4,1,6,11.2,67.0
Blaine,Global Reserve LLC,Looner 10mg THC Sodas Variety Pack 12pk 12oz can,199284405967,47,3.5,4,8,27.5,220.0
Blaine,Gravitron LLC dba GRAV,GRAV Natural 10mg THC 50ml btl,810094772857,6,1.5,2,12,1.84,22.0
Blaine,Happy Duck LLC,Happy Duck Tangerine 10mg THC 4pk 12oz can,850056651073,0,0.0,1,6,5.92,36.0
Blaine,Happy Duck LLC,Happy Duck Bomba 10mg THC 4pk 12oz can,850056651097,0,0.0,1,6,5.83,35.0
Blaine,"Hohensteins, Inc.",Senorita Paloma 10mg THC 4pk 12oz can,850072957173,-1,-0.3,3,18,11.2,202.0
Blaine,"Hohensteins, Inc.",Senorita Mango Margarita 10mg THC 4pk 12oz can,850072957135,0,0.0,3,18,11.2,202.0
Blaine,"Hohensteins, Inc.",Rythm Kush 10mg THC 4pk 12oz can,850072957074,2,0.5,3,18,11.22,202.0
Blaine,"Hohensteins, Inc.",Senorita Lime Jalpeno Margarita 10mg THC 4pk 12oz can,850072957159,4,0.7,4,24,11.2,269.0
Blaine,"IYKYK Beverages, LLC",IYKYK Strawberry Lemonade 10mg 4pk 12oz can,850071300314,3,2.6,1,6,9.0,54.0
Blaine,Insight Brewing Company (D),Insight Flavor Pixels Cherry Lime 10mg THC 12pk 12oz can,850033550528,-1,-1.1,2,4,25.5,102.0
Blaine,Insight Brewing Company (D),Insight Flavor Pixels Plus Raspberry Pear 10mg THC 12pk 12oz can,850077712005,1,0.9,2,4,25.45,102.0
Blaine,Insight Brewing Company (D),Insight Flavor Pixels 10mg THC Variety 12pk 12oz can,850033550641,4,1.2,5,10,24.78,248.0
Blaine,Insight Brewing Company (D),Insight Flavor Pixels Plus Peach Mango 10mg THC 12pk 12oz can,850077712074,2,1.4,2,4,25.45,102.0
Blaine,Insight Brewing Company (D),Insight Flavor Pixels Orange Creamsicle 10mg THC 12pk 12oz can,850033550443,3,1.8,2,4,25.45,102.0
Blaine,Insight Brewing Company (D),Insight Flavor Pixels Black Lemon 10mg 12pk 12oz can,850033550375,1,2.1,1,2,24.78,50.0
Blaine,Insight Brewing Company (D),Jixxie 10mg Variety Pack 12pk 12oz cans,198715658699,5,3.6,1,2,20.02,40.0
Blaine,"Jixxie, Inc.",Jixxie Lemon Sour 10mg THC 4pk 12oz can,198715342673,5,1.3,2,12,7.83,94.0
Blaine,Lucid Brewing LLC Dba Inbound Brewco,Inbound Satellite Cherry Lime THC 4pk 12oz can,854249004165,0,0.0,1,6,8.67,52.0
Blaine,Modist Brewing Company,Modist Tint Raspberry Lemon Iced Tea 10mg THC 4pk 12oz can,810095561979,0,0.0,2,12,6.43,77.0
Blaine,Modist Brewing Company,Modist Tint Blackberry Lime 10mg THC 4pk 12oz can,810095561986,1,0.9,1,6,6.43,39.0
Blaine,NOR North Brands LLC,North Canna High Tonics Variety Pack 10mg THC,860011622031,-1,-0.2,7,21,16.67,350.0
Blaine,NOR North Brands LLC,North Canna High Tonics Blood Orange Mango 10mg THC,860011319016,0,0.0,1,6,9.67,58.0
Blaine,NOR North Brands LLC,North Canna High Tonics Prickly Pear Lime 10mg THC,860011319009,0,0.0,3,18,9.67,174.0
Blaine,NOR North Brands LLC,North Canna Higher Vibes Pineapple Orange 5mg THC,860009819023,2,2.1,1,6,8.13,49.0
Blaine,"North Star Hemp, LLC",You Betcha Daytime 10mg THC 4pk 12oz can,051497529079,7,2.3,1,6,10.0,60.0
Blaine,"North Star Hemp, LLC",You Betcha Nighttime 5mg THC 4pk 12oz can,810023141013,10,2.3,2,12,8.33,100.0
Blaine,Nothing But Hemp LLC,Nothing But Hemp Agent Orange 10mg 5 Pack,649696491367,7,1.9,1,24,5.52,132.0
Blaine,Nothing But Hemp LLC,Nothing But Hemp Grand Daddy 10mg 5 Pack,649696010834,11,2.0,1,24,4.5,108.0
Blaine,Nothing But Hemp LLC,Nothing But Hemp Maui Wowie 10mg THC 5 Pack,649696422354,8,3.1,1,24,6.19,148.0
Blaine,Phillips Wine & Spirits - St. Paul,Green Monke Tropical Citrus 10mg THC 4pk 12oz can,628634142431,0,0.0,1,6,9.57,57.0
Blaine,Phillips Wine & Spirits - St. Paul,Green Monke Orange Cream 10mg THC 4pk 12oz can,628425180475,0,0.0,2,12,8.98,108.0
Blaine,Phillips Wine & Spirits - St. Paul,Daizy's Variety Pack 10mg THC 12pk 12oz can,85006587010,8,0.7,19,38,25.61,973.0
Blaine,Phillips Wine & Spirits - St. Paul,Green Monke Blue Raspberry 10mg THC 4pk 12oz can,628634142912,4,0.7,3,18,10.83,195.0
Blaine,Phillips Wine & Spirits - St. Paul,Daizy's Watermelon Lime 10mg THC 4pk 12oz can,85006587009,3,1.3,2,12,10.5,126.0
Blaine,Phillips Wine & Spirits - St. Paul,Daizy's Grape 10mg THC 4pk 12oz can,85006587003,5,1.3,2,12,3.35,40.0
Blaine,Phillips Wine & Spirits - St. Paul,Green Monke Remix Variety Pack 10MG THC 12pk 12oz can,628425180635,10,1.9,6,12,29.5,354.0
Blaine,Phillips Wine & Spirits - St. Paul,Daizy's Cream Soda 10mg THC 4pk 12oz can,850065870298,12,2.6,2,12,9.34,112.0
Blaine,Phillips Wine & Spirits - St. Paul,Green Monke Lychee 10mg THC 4pk 12oz can,628425180468,4,2.9,1,6,9.69,58.0
Blaine,Single Can,Looner Half and Half 10mg THC 12oz can,400000024943,0,0.0,2,2,2.8,6.0
Blaine,Single Can,Looner Mocktail Mule 10mg THC 12oz can,400000024981,0,0.0,2,2,2.8,6.0
Blaine,Single Can,Looner Sweet Orange Soda 10mg THC 12oz can,400000025087,0,0.0,2,2,2.8,6.0
Blaine,Single Can,Looner Classic Lemonade 10mg THC 12oz can,400000024868,0,0.0,5,5,2.8,14.0
Blaine,Single Can,Looner Deww 10mg THC 12oz can,400000024929,0,0.0,4,4,2.8,11.0
Blaine,Single Can,Looner Lemon Lime 10mg THC 12oz can,400000024967,0,0.0,5,5,2.8,14.0
Blaine,Single Can,Looner Root Beer 10mg THC Soda 12oz can,400000025063,0,0.0,4,4,2.8,11.0
Blaine,Single Can,Looner Wild Grape 10mg THC 12oz can,400000025100,0,0.0,7,7,2.8,20.0
Blaine,Single Can,Foundry Nation Two Scoops Cherry 10mg THC 12oz can,400000025124,0,0.0,7,7,3.33,23.0
Blaine,Single Can,Looner Professor Pepper 10mg THC 12oz can,400000025049,0,0.0,12,12,2.8,34.0
Blaine,Sociable Cider Werks,Squoze Apple Kush 10mg THC 4pk 12oz can,859990007441,0,0.0,1,6,9.09,55.0
Blaine,"Sweet Leaves, LLC",Sweet Leaves Passion Fruit 5mg THC 10 Pack,198715102017,-1,-0.7,1,12,5.12,61.0
Blaine,"Sweet Leaves, LLC",Sweet Leaves Pink Lemon 5mg THC 10 Pack,198715463590,0,0.0,2,24,5.2,125.0
Blaine,"Sweet Leaves, LLC",Sweet Leaves Pineapple 5mg THC 10 Pack,198715344844,1,0.2,2,24,5.25,126.0
Blaine,Wild State Cider,Wild State Birdie THC Variety 9pk 12oz can,850018947541,0,0.0,7,14,19.99,280.0
Blaine,Wild State Cider,Wild State Birdie Tea + Lemon 10mg THC 4pk 12oz can,850018947879,5,3.6,1,6,11.0,66.0
Blaine,,Tempter's Strawberry 10mg THC 12oz can,850009601230,0,0.0,2,2,2.67,5.0
Blaine,,Tempter's Blueberry 10mg THC 12oz can,850009601247,0,0.0,4,4,2.67,11.0
Bloomington,Artisan Beer,Stigma Lime Seltzer 10mg THC 4pk 16oz can,850011431986,0,0.0,1,6,10.94,66.0
Bloomington,Artisan Beer,Stigma Lemonade Tea 10mg THC 4pk 16oz can,850011431948,1,1.4,1,6,8.96,54.0
Bloomington,Artisan Beer,Stigma Peach Iced Tea 10mg THC 4pk 16oz can,850011431955,2,2.1,1,6,9.33,56.0
Bloomington,Bellboy Corporation,Minny Grown Lemon Drop-let's 4pk 12oz can,860009899346,0,0.0,1,6,11.0,66.0
Bloomington,Bellboy Corporation,Minny Grown Highbernate 2.0 Yummy Gummy Bar 50mg THC,850063284615,0,0.0,1,12,6.0,72.0
Bloomington,Bellboy Corporation,Minny Grown Highbernate 2.0 10 Pack,860010532591,5,0.7,2,24,8.0,192.0
Bloomington,Bellboy Corporation,Foundry Nation Two Scoops Root Beer 10mg THC 4pk 12oz can,400000025155,1,1.6,1,6,11.49,69.0
Bloomington,Bellboy Corporation,Minny Grown Highbernate 5mg THC 10 Pack,860009438040,3,1.6,1,12,8.0,96.0
Bloomington,Bellboy Corporation,Minny Grown Peach 10 Pack,860006677695,6,2.1,1,12,8.0,96.0
Bloomington,Bellboy Corporation,Minny Grown Minny Apple 10 Pack,860009438088,5,2.4,1,12,8.0,96.0
Bloomington,Bellboy Corporation,Foundry Nation Two Scoops Cherry 10mg THC 4pk 12oz can,400000025117,5,2.5,1,6,13.31,80.0
Bloomington,Bellboy Corporation,Minny Grown St. Croix Sunrise 10 Pack,860009899360,7,3.0,1,12,8.0,96.0
Bloomington,Bellboy Corporation,Smokiez Blackberry Lemonade 4pk 12oz can,811194039611,3,3.2,1,6,13.33,80.0
Bloomington,Bent Paddle Brewing Co,Bent Paddle Hightened Mary Jane's Mule 10mg THC 4pk 12oz can,850024846630,2,2.9,1,6,9.35,56.0
Bloomington,"Capitol Beverage Sales, L.P.",Granny's 5mg THC Gummy Variety Pack 10pk,850055931084,-4,-0.5,4,40,5.85,234.0
Bloomington,"Capitol Beverage Sales, L.P.",Fetch Variety Pack 10mg THC 6pk 12oz can,628719778227,0,0.0,1,4,12.02,48.0
Bloomington,"Capitol Beverage Sales, L.P.",Fetch Lemon Lime 10mg THC 4pk 12oz can,628719778128,0,0.0,1,6,7.57,45.0
Bloomington,"Capitol Beverage Sales, L.P.",Fetch Zero Cola 10mg THC 4pk 12oz can,628719778142,0,0.0,2,12,6.7,80.0
Bloomington,"Capitol Beverage Sales, L.P.",Fetch Cream Soda 10mg THC 4pk 12oz can,628719778166,0,0.0,2,12,5.44,65.0
Bloomington,"Capitol Beverage Sales, L.P.",Uncle Arnie's Lemon Mint 10mg THC 2oz,850039736919,2,0.4,1,24,1.67,40.0
Bloomington,"Capitol Beverage Sales, L.P.",Uncle Arnie's Sunrise Orange 10mg THC 2oz,850039736476,5,0.7,1,24,1.67,40.0
Bloomington,"Capitol Beverage Sales, L.P.",Plift Select Orange 83mg THC 750ml Btl,850075157464,2,1.4,1,6,10.37,62.0
Bloomington,"Capitol Beverage Sales, L.P.",Granny's Cheddar Pretzels 50mg THC 50pk,850055931008,4,1.6,1,10,10.18,102.0
Bloomington,"Capitol Beverage Sales, L.P.",Uncle Arnie's Blueberry Nightcap 10mg THC 2oz,850039736483,16,1.6,2,48,1.67,80.0
Bloomington,"Capitol Beverage Sales, L.P.",Uncle Arnie's Grape Soda 10mg THC 4pk 12oz can,850039736889,6,2.1,1,6,10.0,60.0
Bloomington,"Capitol Beverage Sales, L.P.",Uncle Arnie's Magic Mango 10mg THC 2oz,850039736490,11,2.1,1,24,1.67,40.0
Bloomington,"Capitol Beverage Sales, L.P.",Uncle Arnie's Cherry Limeade 10mg THC 4pk 12oz can,850039736346,6,2.6,1,6,10.0,60.0
Bloomington,"Capitol Beverage Sales, L.P.",Granny's Orange Creamsicle 5mg THC Gummies 10pk,850055931060,13,3.1,1,10,5.72,57.0
Bloomington,"Capitol Beverage Sales, L.P.",Granny's Rainbow Sherbet 5mg THC Gummies 10pk,850055931053,9,3.2,1,10,5.8,58.0
Bloomington,"Capitol Beverage Sales, L.P.",Granny's Sunny-G 10mg THC 4pk 12oz can,850055931107,4,3.4,1,6,11.31,68.0
Bloomington,Get Chai,Hippie Water Garden Party 10mg THC 4pk 12oz can,198168093184,0,0.0,1,6,10.0,60.0
Bloomington,Get Chai,Hippie Water Island Getaway 10mg THC 4pk 12oz can,198168101940,0,0.0,1,6,10.0,60.0
Bloomington,Get Chai,Leafy Blueberry Lemon Gummies 5mg THC 10 Pack,669185409260,1,0.3,2,20,3.13,63.0
Bloomington,Get Chai,Leafy Georgia Peach Gummies 5mg THC 10 Pack,669185409222,7,0.8,4,40,3.13,125.0
Bloomington,Get Chai,Leafy Wildberry Gummies 5mg THC 10 Pack,669185409277,7,1.6,2,20,3.12,62.0
Bloomington,Get Chai,CQ Watermelon Lemonade 10mg THC 2oz,602573191507,9,3.0,1,24,1.66,40.0
Bloomington,Get Chai,Leafy Sunshine Peach 10mg THC 2oz btl,669185541021,12,3.4,1,48,1.33,64.0
Bloomington,Gigli MN LLC,Gigli Sativa Mixed Fruit 5mg THC 10 Pack,643459379558,2,2.9,1,12,0.32,4.0
Bloomington,Gigli MN LLC,Gigli Mango Seltzer 10mg THC 4pk 12oz can,643459379541,11,,2,12,9.78,117.0
Bloomington,Global Reserve LLC,Climbing Kites Variety Pack 10mg THC 6pk 12oz can,850047906380,0,0.0,1,4,14.4,58.0
Bloomington,Global Reserve LLC,Bubz Purple Fizz 10mg THC 4pk 12oz can,850047906625,0,0.0,1,6,9.08,55.0
Bloomington,Global Reserve LLC,Drops Orange Creative 5mg THC 10 Pack,850068508297,0,0.0,1,10,6.0,60.0
Bloomington,Global Reserve LLC,Drops Lime Balanced 5mg THC 10 Pack,850068508280,9,1.5,2,20,5.91,118.0
Bloomington,Global Reserve LLC,Looner Half and Half 10mg THC 4pk 12oz can,400000024936,1,1.9,1,6,11.2,67.0
Bloomington,Global Reserve LLC,Looner Root Beer 10mg THC Soda 4pk 12oz can,400000025056,3,2.0,1,6,11.2,67.0
Bloomington,Global Reserve LLC,Looner Mocktail Mule 10mg THC 4pk 12oz can,400000024974,2,2.1,1,6,11.2,67.0
Bloomington,Global Reserve LLC,Drops Raspberry Calm 5mg THC 10 Pack,850068508204,5,3.6,1,10,5.65,57.0
Bloomington,Global Reserve LLC,Looner Cola 10mg THC 4pk 12oz can,400000024875,1,3.8,1,6,11.2,67.0
Bloomington,Global Reserve LLC,Looner Sweet Orange 10mg THC Soda 4pk 12oz can,400000025070,2,3.9,1,6,11.2,67.0
Bloomington,Global Reserve LLC,Looner Deww 10mg THC 4pk 12oz can,400000024912,11,3.9,1,6,11.2,67.0
Bloomington,Gravitron LLC dba GRAV,GRAV Natural 10mg THC 50ml btl,810094772857,6,2.0,2,12,1.84,22.0
Bloomington,Gravitron LLC dba GRAV,GRAV Pink Lemonade 10mg THC 50ml btl,810094772949,5,2.7,1,6,1.84,11.0
Bloomington,Happy Duck LLC,Happy Duck Tangerine 5mg THC 10pk,850056651172,37,3.9,1,10,4.5,45.0
Bloomington,"Hohensteins, Inc.",Find Wunder Anytime Citrus 10mg THC 2oz btl,810035541269,-2,-4.3,1,12,4.45,53.0
Bloomington,"Hohensteins, Inc.",Rythm Sativa 10mg THC 4pk 12oz can,850072957029,0,0.0,2,12,11.25,135.0
Bloomington,Insight Brewing Company (D),Insight Flavor Pixels Plus Peach Mango 10mg THC 12pk 12oz can,850077712074,0,0.0,1,2,25.45,51.0
Bloomington,Lucid Brewing LLC Dba Inbound Brewco,Inbound Satellite Blackberry Peach 10mg THC 4pk 12oz can,854249004110,0,0.0,3,18,9.25,166.0
Bloomington,Mega Beer LLC,Acre Strawberry Tangerine 10mg THC 4pk 12oz can,615867916137,4,1.7,1,6,7.0,42.0
Bloomington,NOR North Brands LLC,North Canna High Tonics Berry Lemonade 10mg THC,860011622017,2,1.4,1,6,9.67,58.0
Bloomington,Nothing But Hemp LLC,Nothing But Hemp Maui Wowie 10mg THC 5 Pack,649696422354,4,2.9,1,24,6.19,148.0
Bloomington,Phillips Wine & Spirits - St. Paul,Daizy's Blueberry Lemonade 10mg THC 4pk 12oz can,850065870236,1,0.7,1,6,4.94,30.0
Bloomington,Phillips Wine & Spirits - St. Paul,Daizy's Grape 10mg THC 4pk 12oz can,85006587003,3,1.4,1,6,3.35,20.0
Bloomington,Single Can,Looner Cola 10mg THC 12oz can,400000024882,0,0.0,1,1,2.8,3.0
Bloomington,Single Can,Looner Peach Lemonade 10mg THC 12oz can,400000025001,0,0.0,1,1,2.8,3.0
Bloomington,Single Can,Looner Pink Lemonade 10mg THC 12oz can,400000025025,0,0.0,1,1,2.8,3.0
Bloomington,Single Can,Looner Creme Soda 10mg THC 12oz can,400000024905,0,0.0,3,3,2.8,8.0
Bloomington,Single Can,Looner Deww 10mg THC 12oz can,400000024929,0,0.0,2,2,2.8,6.0
Bloomington,Single Can,Looner Lemon Lime 10mg THC 12oz can,400000024967,0,0.0,2,2,2.8,6.0
Bloomington,Single Can,Looner Professor Pepper 10mg THC 12oz can,400000025049,0,0.0,3,3,2.8,8.0
Bloomington,Single Can,Foundry Nation Two Scoops Cherry 10mg THC 12oz can,400000025124,0,0.0,3,3,3.33,10.0
Bloomington,Single Can,Looner Root Beer 10mg THC Soda 12oz can,400000025063,0,0.0,6,6,2.8,17.0
Bloomington,Single Can,Looner Sweet Orange Soda 10mg THC 12oz can,400000025087,0,0.0,4,4,2.8,11.0
Bloomington,Single Can,Looner Wild Grape 10mg THC 12oz can,400000025100,0,0.0,6,6,2.8,17.0
Bloomington,Single Can,Foundry Nation Two Scoops Root Beer 10mg THC 12oz can,400000025162,0,0.0,6,6,2.87,17.0
Bloomington,Superior Molecular,Pappy's Black Cherry Lemonade Gummies 5mg THC 10 Pack,850013921249,19,1.5,1,100,2.0,200.0
Bloomington,"Sweet Leaves, LLC",Sweet Leaves Pink Lemon 5mg THC 10 Pack,198715463590,-1,-0.5,1,12,5.2,62.0
Bloomington,"Sweet Leaves, LLC",Sweet Leaves Passion Fruit 5mg THC 10 Pack,198715102017,0,0.0,1,12,5.12,61.0
Bloomington,Wild State Cider,Odder Variety Pack 10mg THC 9pk 12oz can,850079194045,5,3.1,1,2,14.0,28.0
Bloomington,,Tempter's Strawberry 10mg THC 12oz can,850009601230,0,0.0,1,1,2.67,3.0
Bloomington,,Tempter's Blueberry 10mg THC 12oz can,850009601247,0,0.0,1,1,2.67,3.0
Bloomington,,Stigma Relax Tonic 10mg THC 4pk 16oz can,850011431870,0,0.0,3,3,9.34,28.0
Chanhassen,Artisan Beer,Stigma Tea Variety Pack 10mg THC 12pk 12oz can,860014678400,0,0.0,1,2,24.02,48.0
Chanhassen,Artisan Beer,Stigma Club Soda 10mg THC 4pk 16oz can,850011431979,1,0.6,1,6,11.01,66.0
Chanhassen,Artisan Beer,Stigma Peach Iced Tea 10mg THC 4pk 16oz can,850011431955,2,1.1,1,6,9.33,56.0
Chanhassen,Bellboy Corporation,Minny Grown Highbernate 2.0 10 Pack,860010532591,-2,-0.1,5,60,8.0,480.0
Chanhassen,Bellboy Corporation,Smokiez Blackberry Lemonade 4pk 12oz can,811194039611,0,0.0,1,6,13.33,80.0
Chanhassen,Bellboy Corporation,Minny Grown Minnarita 4pk 12oz can,860009899339,0,0.0,1,6,11.0,66.0
Chanhassen,Bellboy Corporation,Smokiez Watermelon THC 10 pack,811194034111,0,0.0,1,12,5.5,66.0
Chanhassen,Bellboy Corporation,Two Scoops Variety Pack 12pk 12oz can,840006315834,1,0.7,3,6,31.0,186.0
Chanhassen,Bellboy Corporation,Minny Grown Peach 10 Pack,860006677695,3,1.2,1,12,8.0,96.0
Chanhassen,Bellboy Corporation,Minny Grown Highbernate 5mg THC 10 Pack,860009438040,8,1.2,2,24,8.0,192.0
Chanhassen,Bellboy Corporation,Minny Grown Watermelon 10 Pack,860006677664,3,1.6,1,12,8.0,96.0
Chanhassen,Bellboy Corporation,Forbidden Fruit Variety Pack 10mg THC 12pk 12oz can,764333647812,1,2.1,1,2,25.0,50.0
Chanhassen,Bellboy Corporation,Minny Grown St. Croix Sunrise 10 Pack,860009899360,16,2.4,1,12,8.0,96.0
Chanhassen,Bellboy Corporation,Minny Grown Mango 10 Pack,860009438057,12,3.4,1,12,8.0,96.0
Chanhassen,Bellboy Corporation,Brez Extra Strength 10mg THC 4pk 12oz can,860013612719,7,3.8,1,6,12.17,73.0
Chanhassen,"Breakthru Beverage Minnesota Beer, LLC",Utepils Happy Pack 10mg THC 12pk 12oz can,852449007429,6,2.9,2,4,25.18,101.0
Chanhassen,"Capitol Beverage Sales, L.P.",Plift Crisp Ginger 10mg THC 4pk 7.5 oz can,860008762450,-4,-0.6,5,30,9.81,294.0
Chanhassen,"Capitol Beverage Sales, L.P.",Granny's Cheddar Pretzels 50mg THC 50pk,850055931008,-1,-0.2,3,30,10.18,305.0
Chanhassen,"Capitol Beverage Sales, L.P.",Clrty Variety 10mg THC 12pk 12oz can,850048459335,0,0.0,2,4,10.68,43.0
Chanhassen,"Capitol Beverage Sales, L.P.",Fetch Variety Pack 10mg THC 6pk 12oz can,628719778227,0,0.0,1,4,12.02,48.0
Chanhassen,"Capitol Beverage Sales, L.P.",Tempter's Citrus 10mg 4pk 12oz can,850009601254,0,0.0,1,6,10.67,64.0
Chanhassen,"Capitol Beverage Sales, L.P.",Clrty Blue Raz 5mg THC 4pk 12oz can,860008925138,0,0.0,1,6,2.73,16.0
Chanhassen,"Capitol Beverage Sales, L.P.",Collective Project Raspberry Vanilla 10mg THC 4pk 12oz can,628719778081,0,0.0,1,6,9.33,56.0
Chanhassen,"Capitol Beverage Sales, L.P.",Uncle Arnie's Zen Green Tea 10mg THC 4pk 12oz can,850039736339,0,0.0,1,6,10.0,60.0
Chanhassen,"Capitol Beverage Sales, L.P.",Uncle Arnie's Orange Soda 10mg THC 4pk 12oz can,850039736896,0,0.0,1,6,7.99,48.0
Chanhassen,"Capitol Beverage Sales, L.P.",Lift Bridge Believer Dream 10mg THC 4pk 12oz can,685165387106,0,0.0,1,6,10.27,62.0
Chanhassen,"Capitol Beverage Sales, L.P.",Granny's Granny Smith 5mg THC Gummies 10pk,850055931077,1,0.2,3,30,5.74,172.0
Chanhassen,"Capitol Beverage Sales, L.P.",Fetch Lemon Lime 10mg THC 4pk 12oz can,628719778128,1,0.7,1,6,7.57,45.0
Chanhassen,"Capitol Beverage Sales, L.P.",Uncle Arnie's Cherry Limeade 10mg THC 4pk 12oz can,850039736346,2,0.7,2,12,10.0,120.0
Chanhassen,"Capitol Beverage Sales, L.P.",Uncle Arnie's Blueberry Nightcap 10mg THC 2oz,850039736483,12,0.7,3,72,1.67,120.0
Chanhassen,"Capitol Beverage Sales, L.P.",Uncle Arnie's Straw Lemonade 10mg THC 4pk 12oz can,850039736544,2,0.8,2,12,6.08,73.0
Chanhassen,"Capitol Beverage Sales, L.P.",Fetch Cream Soda 10mg THC 4pk 12oz can,628719778166,1,1.1,1,6,5.44,33.0
Chanhassen,"Capitol Beverage Sales, L.P.",Granny's Rainbow Sherbet 5mg THC Gummies 10pk,850055931053,7,1.3,2,20,5.8,116.0
Chanhassen,"Capitol Beverage Sales, L.P.",Uncle Arnie's Lemon Mint 10mg THC 2oz,850039736919,11,1.9,1,24,1.67,40.0
Chanhassen,"Capitol Beverage Sales, L.P.",Uncle Arnie's Strawberry Kiwi 10mg THC 2oz,850039736469,17,2.5,1,24,1.67,40.0
Chanhassen,"Capitol Beverage Sales, L.P.",Uncle Arnie's Magic Mango 10mg THC 2oz,850039736490,23,2.7,1,24,1.67,40.0
Chanhassen,"Capitol Beverage Sales, L.P.",Uncle Arnie's Variety Pack 10mg THC 12pk 12oz can,850039736650,2,2.9,1,2,26.4,53.0
Chanhassen,"Capitol Beverage Sales, L.P.",Plift Tart Lime 10mg THC 4pk 7.5 oz can,860008762443,4,3.4,1,6,9.89,59.0
Chanhassen,"Capitol Beverage Sales, L.P.",Uncle Arnie's Sunrise Orange 10mg THC 2oz,850039736476,52,3.4,1,24,1.67,40.0
Chanhassen,"Capitol Beverage Sales, L.P.",Plift Juicy Grapefruit 10mg THC 4pk 7.5oz can,860008762467,13,3.7,1,6,10.02,60.0
Chanhassen,Dahlheimer Beverage Monticello,Lift Bridge Fruit Cup 10mg THC 4pk 12oz can,685165385218,1,1.1,1,6,10.73,64.0
Chanhassen,Discontinued,Tetra Lemon-Lime 5mg THC 4pk 12oz can,810091530252,1,0.4,2,12,10.33,124.0
Chanhassen,Discontinued,Gigli Citrus Seltzer 10mg THC 4pk 12oz can,643459379305,1,0.5,3,18,9.79,176.0
Chanhassen,Discontinued,Gigli Raspberry Tea 10mg THC 4pk 12oz can,198168016879,8,8.6,3,18,9.85,177.0
Chanhassen,Get Chai,North Star Cherry Limeade 10mg THC 12oz can,783970682505,2,0.5,1,24,0.0,0.0
Chanhassen,Get Chai,Leafy Sour Watermelon Gummies 5mg THC 10 Pack,669185409253,6,1.0,2,20,3.13,63.0
Chanhassen,Get Chai,oHHo 5mg Variety 8pk 12oz can,673658343043,1,1.1,1,3,16.67,50.0
Chanhassen,Get Chai,Leafy Wildberry Gummies 5mg THC 10 Pack,669185409277,21,2.1,2,20,3.12,62.0
Chanhassen,Get Chai,Leafy Maui Pineapple Gummies 5mg THC 10 Pack,669185409239,15,2.8,1,10,3.12,31.0
Chanhassen,Get Chai,Hippie Water Winter Groove 10mg THC 4pk 12oz can,198168474037,7,3.0,1,6,10.0,60.0
Chanhassen,Get Chai,Leafy Georgia Peach Gummies 5mg THC 10 Pack,669185409222,15,3.1,1,10,3.13,31.0
Chanhassen,Get Chai,Leafy Blueberry Lemon Gummies 5mg THC 10 Pack,669185409260,27,3.5,1,10,3.13,31.0
Chanhassen,Get Chai,Hippie Water Island Getaway 10mg THC 4pk 12oz can,198168101940,11,3.6,1,6,10.0,60.0
Chanhassen,Gigli MN LLC,Gigli Mango Seltzer 10mg THC 4pk 12oz can,643459379541,2,0.9,3,18,9.78,176.0
Chanhassen,Gigli MN LLC,Gigli Iced Tea Lemonade 10mg THC 4pk 12oz can,198168611401,3,4.3,2,12,9.78,117.0
Chanhassen,Gigli MN LLC,Gigli Blueberry Lemonade 10mg THC 4pk 12oz can,643459379992,21,6.0,1,6,9.75,58.0
Chanhassen,Gigli MN LLC,Gigli Variety 5mg THC 4pk 12oz can,643459379909,11,7.9,1,6,8.67,52.0
Chanhassen,Gigli MN LLC,Gigli Blueberry Lemonade 5mg THC 4pk 12oz can,643459379947,16,13.7,1,6,8.7,52.0
Chanhassen,Gigli MN LLC,Gigli Raspberry Ginger Mule 10mg THC 4pk 12oz can,643459379954,23,14.1,1,6,9.75,59.0
Chanhassen,Global Reserve LLC,Climbing Kites Transfusion 10mg THC 4pk 12oz can,850047906267,0,0.0,1,6,10.69,64.0
Chanhassen,Global Reserve LLC,Climbing Kites Mixed Berry 10mg THC 4pk 12oz can,850047906083,0,0.0,1,6,10.69,64.0
Chanhassen,Global Reserve LLC,Looner Peach Lemonade 10mg THC 4pk 12oz can,400000024998,0,1.1,1,6,11.2,67.0
Chanhassen,Global Reserve LLC,Drops Black Currant Deep 5mg THC 10 Pack,850068508259,13,1.5,3,30,5.92,178.0
Chanhassen,Global Reserve LLC,Looner Wild Grape 10mg THC 4pk 12oz can,400000025094,1,1.6,1,6,11.2,67.0
Chanhassen,Global Reserve LLC,Looner Professor Pepper 10mg THC 4pk 12oz can,400000025032,6,1.7,2,12,11.2,134.0
Chanhassen,Global Reserve LLC,Drops Lemon Active 5mg THC 10 Pack,850068508266,7,1.8,1,10,6.0,60.0
Chanhassen,Global Reserve LLC,Looner Diet Root Beer 10mg 4pk 12oz can,199874201535,7,2.0,2,12,11.2,134.0
Chanhassen,Global Reserve LLC,Looner Lemon Lime 10mg THC 4pk 12oz can,400000024950,1,2.1,1,6,11.2,67.0
Chanhassen,Global Reserve LLC,Bootlegger Mojito Mocktail 10mg THC 4pk 12oz can,198715421057,2,2.1,1,6,11.2,67.0
Chanhassen,Global Reserve LLC,Looner Spirits Unflavored 85mg THC 750ml,884400118042,12,2.3,1,9,14.0,126.0
Chanhassen,Global Reserve LLC,Drops Blackberry Soothing Relaxation 5mg THC 10 Pack,850068508211,6,2.3,1,10,5.94,59.0
Chanhassen,Global Reserve LLC,Looner Diet Professor Pepper 10mg 4pk 12oz can,199874796734,14,2.4,2,12,11.2,134.0
Chanhassen,Global Reserve LLC,Looner Deww 10mg THC 4pk 12oz can,400000024912,5,2.9,1,6,11.2,67.0
Chanhassen,Global Reserve LLC,Looner Root Beer 10mg THC Soda 4pk 12oz can,400000025056,5,2.9,1,6,11.2,67.0
Chanhassen,Global Reserve LLC,Looner Root Beer 5mg THC 4pk 12oz can,197644490271,4,3.4,1,6,6.99,42.0
Chanhassen,Global Reserve LLC,Looner Pink Lemonade 10mg THC 4pk 12oz can,400000025018,5,3.6,1,6,11.2,67.0
Chanhassen,Happy Duck LLC,Happy Duck Tangerine 10mg THC 4pk 12oz can,850056651073,0,0.0,1,6,5.92,36.0
Chanhassen,"Hohensteins, Inc.",Senorita Ranch Water 10mg THC 4pk 12oz can,850072957234,0,0.0,2,12,11.2,134.0
Chanhassen,"Hohensteins, Inc.",Senorita Variety Pack 10mg THC 8pk 12oz can,850072957265,7,3.0,1,3,22.4,67.0
Chanhassen,"Hohensteins, Inc.",Senorita Lime Jalpeno Margarita 10mg THC 4pk 12oz can,850072957159,8,3.1,1,6,11.2,67.0
Chanhassen,"Hohensteins, Inc.",Senorita Paloma 10mg THC 4pk 12oz can,850072957173,7,3.3,1,6,11.2,67.0
Chanhassen,Insight Brewing Company (D),Insight Flavor Pixels 10mg THC Variety #2 12pk 12oz can,850077712050,0,0.0,3,6,24.78,149.0
Chanhassen,Insight Brewing Company (D),Jixxie 10mg Variety Pack 12pk 12oz cans,198715658699,5,2.4,2,4,20.02,80.0
Chanhassen,NOR North Brands LLC,North Canna Higher Vibes Blueberry Citrus 5mg THC,860009819009,0,0.0,1,6,8.0,48.0
Chanhassen,"North Star Hemp, LLC",You Betcha Hibiscus Mint Tea 5mg THC 4pk 12oz can,051497411770,1,0.9,1,6,8.35,50.0
Chanhassen,"North Star Hemp, LLC",You Betcha Daytime 10mg THC 4pk 12oz can,051497529079,8,3.4,1,6,10.0,60.0
Chanhassen,"Pharos Brands International, LLC",Pharos Black Cherry 10mg THC 4pk 12oz can,199874522647,-1,-1.1,1,6,7.6,46.0
Chanhassen,"Pharos Brands International, LLC",Pharos Blood Orange Lime 10mg THC 4pk 12oz can,199874558370,1,2.1,1,6,7.29,44.0
Chanhassen,Phillips Wine & Spirits - St. Paul,Daizy's Variety Pack 10mg THC 12pk 12oz can,85006587010,2,1.1,3,6,25.61,154.0
Chanhassen,Phillips Wine & Spirits - St. Paul,Daizy's Passion Fruit 10mg THC 4pk 12oz can,85006587007,1,2.1,1,6,10.52,63.0
Chanhassen,Phillips Wine & Spirits - St. Paul,Green Monke Lychee 10mg THC 4pk 12oz can,628425180468,3,3.2,1,6,9.69,58.0
Chanhassen,Phillips Wine & Spirits - St. Paul,Green Monke Remix Variety Pack 10MG THC 12pk 12oz can,628425180635,4,3.4,1,2,29.5,59.0
Chanhassen,Phillips Wine & Spirits - St. Paul,Daizy's Tropical Punch 10mg THC 4pk 12oz can,85006587005,6,3.7,1,6,9.81,59.0
Chanhassen,Single Can,Looner Peach Lemonade 10mg THC 12oz can,400000025001,0,0.0,1,1,2.8,3.0
Chanhassen,Single Can,Birch's Cherry Seltzer 10mg THC 12oz can,400000024752,0,0.0,2,2,2.0,4.0
Chanhassen,Single Can,Birch's Ginger Ale Seltzer 10mg THC 12oz can,400000024844,0,0.0,2,2,2.0,4.0
Chanhassen,Single Can,Looner Cola 10mg THC 12oz can,400000024882,0,0.0,3,3,2.8,8.0
Chanhassen,Single Can,Looner Creme Soda 10mg THC 12oz can,400000024905,0,0.0,2,2,2.8,6.0
Chanhassen,Single Can,Looner Lemon Lime 10mg THC 12oz can,400000024967,0,0.0,3,3,2.8,8.0
Chanhassen,Single Can,Looner Root Beer 10mg THC Soda 12oz can,400000025063,0,0.0,3,3,2.8,8.0
Chanhassen,Single Can,Birch's Blueberry 10mg THC 12oz can,400000024820,0,0.0,4,4,2.0,8.0
Chanhassen,Single Can,Looner Classic Lemonade 10mg THC 12oz can,400000024868,0,0.0,5,5,2.8,14.0
Chanhassen,Single Can,Looner Pink Lemonade 10mg THC 12oz can,400000025025,0,0.0,4,4,2.8,11.0
Chanhassen,Single Can,Looner Professor Pepper 10mg THC 12oz can,400000025049,0,0.0,4,4,2.8,11.0
Chanhassen,Single Can,Looner Wild Grape 10mg THC 12oz can,400000025100,0,0.0,6,6,2.8,17.0
Chanhassen,Single Can,Looner Deww 10mg THC 12oz can,400000024929,0,0.0,7,7,2.8,20.0
Chanhassen,Sociable Cider Werks,Squoze Apple Kush 10mg THC 4pk 12oz can,859990007441,-5,-3.1,2,12,9.09,109.0
Chanhassen,Superior Molecular,Pappy's Black Cherry Lemonade Gummies 5mg THC 10 Pack,850013921249,49,2.8,1,100,2.0,200.0
Chanhassen,"Sweet Leaves, LLC",Sweet Leaves Pink Lemon 5mg THC 10 Pack,198715463590,12,4.0,1,12,5.2,62.0
Chanhassen,Wild State Cider,Wild State Birdie THC Variety 9pk 12oz can,850018947541,0,0.0,1,2,19.99,40.0
Chanhassen,,Tempter's Strawberry 10mg THC 12oz can,850009601230,0,0.0,1,1,2.67,3.0
Chanhassen,,Tempter's Blueberry 10mg THC 12oz can,850009601247,0,0.0,2,2,2.67,5.0
Cottage Grove,Artisan Beer,Stigma Black Cherry 10mg THC 4pk 16oz can,860014678462,0,0.0,1,6,8.62,52.0
Cottage Grove,Artisan Beer,Stigma Lime Seltzer 10mg THC 4pk 16oz can,850011431986,0,0.0,1,6,10.94,66.0
Cottage Grove,Artisan Beer,Stigma Lemonade Tea 10mg THC 4pk 16oz can,850011431948,8,2.1,2,12,8.96,108.0
Cottage Grove,Artisan Beer,Stigma Club Soda 10mg THC 4pk 16oz can,850011431979,9,3.2,1,6,11.01,66.0
Cottage Grove,Bellboy Corporation,Minny Grown Minnarita 4pk 12oz can,860009899339,2,1.7,1,6,11.0,66.0
Cottage Grove,Bellboy Corporation,Foundry Nation Two Scoops Orange 10mg THC 4pk 12oz can,400000025131,1,2.7,1,6,12.5,75.0
Cottage Grove,"Capitol Beverage Sales, L.P.",Granny's Orange Creamsicle 5mg THC Gummies 10pk,850055931060,-4,-1.9,1,10,5.72,57.0
Cottage Grove,"Capitol Beverage Sales, L.P.",Plift Juicy Grapefruit 10mg THC 4pk 7.5oz can,860008762467,-2,-0.7,3,18,10.02,180.0
Cottage Grove,"Capitol Beverage Sales, L.P.",Granny's Fruit Tonic 10mg THC Variety Pack 12pk 12oz can,850055931268,0,0.0,1,2,32.95,66.0
Cottage Grove,"Capitol Beverage Sales, L.P.",Iverson Cran-Apple Crossover 10mg THC 6pk 16oz can,850009601896,0,0.0,1,4,13.86,55.0
Cottage Grove,"Capitol Beverage Sales, L.P.",Collective Project Variety Pack 10mg 6pk 12oz can,628719778234,0,0.0,1,4,14.9,60.0
Cottage Grove,"Capitol Beverage Sales, L.P.",Granny's Sunny-G 10mg THC 4pk 12oz can,850055931107,0,0.0,1,6,11.31,68.0
Cottage Grove,"Capitol Beverage Sales, L.P.",Uncle Arnie's Watermelon Wave 10mg THC 4pk 12oz can,850039736353,0,0.0,1,6,10.0,60.0
Cottage Grove,"Capitol Beverage Sales, L.P.",Mary Jones Orange Cream 10mg THC 4pk 12oz can,602221420034,0,0.0,1,6,11.9,71.0
Cottage Grove,"Capitol Beverage Sales, L.P.",Uncle Arnie's Rasp Lemonade 10mg THC 4pk 12oz can,850039736551,0,0.0,1,6,8.11,49.0
Cottage Grove,"Capitol Beverage Sales, L.P.",Uncle Arnie's Cherry Limeade 10mg THC 4pk 12oz can,850039736346,0,0.0,2,12,10.0,120.0
Cottage Grove,"Capitol Beverage Sales, L.P.",Granny's 5mg THC Gummy Variety Pack 10pk,850055931084,0,0.0,1,10,5.85,59.0
Cottage Grove,"Capitol Beverage Sales, L.P.",Iverson Bubba Chuck Berry 10mg THC 6pk 16oz can,850009601858,1,0.7,2,8,14.08,113.0
Cottage Grove,"Capitol Beverage Sales, L.P.",Granny's Cranberry Apple 5mg THC Gummies 10pk,850055931152,1,0.9,1,10,5.78,58.0
Cottage Grove,"Capitol Beverage Sales, L.P.",Granny's Granny Smith 5mg THC Gummies 10pk,850055931077,2,1.1,1,10,5.74,57.0
Cottage Grove,"Capitol Beverage Sales, L.P.",Tempter's Variety Pack 10mg THC 6pk 12oz can,850009601407,2,1.7,1,4,15.98,64.0
Cottage Grove,"Capitol Beverage Sales, L.P.",Granny's Blueberry Pomegranate 10mg THC 4pk 12oz can,850055931190,1,2.1,1,6,11.38,68.0
Cottage Grove,"Capitol Beverage Sales, L.P.",Granny's Kitty Cocktail 10mg THC 4pk 12oz can,850055931114,2,2.1,1,6,11.44,69.0
Cottage Grove,"Capitol Beverage Sales, L.P.",Granny's Rainbow Sherbet 5mg THC Gummies 10pk,850055931053,7,2.7,1,10,5.8,58.0
Cottage Grove,College City Beverage,Uncle Arnie's Grape Soda 10mg THC 4pk 12oz can,850039736889,1,0.7,1,6,10.0,60.0
Cottage Grove,College City Beverage,Uncle Arnie's Strawberry Kiwi 10mg THC 2oz,850039736469,39,2.6,1,24,1.67,40.0
Cottage Grove,"College City Beverage, Inc.",Uncle Arnie's Variety Pack Sugar Free 10mg THC 12pk 12oz can,850039736667,2,1.4,2,4,26.4,106.0
Cottage Grove,"College City Beverage, Inc.",Uncle Arnie's Variety Pack 10mg THC 12pk 12oz can,850039736650,5,3.1,1,2,26.4,53.0
Cottage Grove,"College City Beverage, Inc.",Uncle Arnie's Tahitian Treat 10mg THC 2oz,850039736926,48,3.6,1,24,1.67,40.0
Cottage Grove,Get Chai,Leafy White Peach Bellini 10mg THC 12oz can,669185403817,11,2.2,1,24,2.2,53.0
Cottage Grove,Get Chai,Leafy Blueberry Lemon Gummies 5mg THC 10 Pack,669185409260,9,2.6,1,10,3.13,31.0
Cottage Grove,Get Chai,TBD Green Tea Lemonade 10mg THC 12oz can,860009350953,3,2.6,1,24,3.19,77.0
Cottage Grove,Gigli MN LLC,Gigli Mango Seltzer 10mg THC 4pk 12oz can,643459379541,-1,-1.4,3,18,9.78,176.0
Cottage Grove,Global Reserve LLC,Climbing Kites Mixed Berry 10mg THC 4pk 12oz can,850047906083,0,0.0,1,6,10.69,64.0
Cottage Grove,Global Reserve LLC,Looner Diet Cola 10mg 4pk 12oz can,199874322209,2,0.9,2,12,11.2,134.0
Cottage Grove,Global Reserve LLC,Looner Deww 10mg THC 4pk 12oz can,400000024912,4,0.9,3,18,11.2,202.0
Cottage Grove,Global Reserve LLC,Looner Creme 10mg THC Soda 4pk 12oz can,400000024899,4,1.7,2,12,11.2,134.0
Cottage Grove,Global Reserve LLC,Looner Twilight Blackberry Gummies 5mg THC 10 Pack,198168425602,2,1.7,1,10,5.0,50.0
Cottage Grove,Global Reserve LLC,Looner Wild Grape 10mg THC 4pk 12oz can,400000025094,11,2.1,2,12,11.2,134.0
Cottage Grove,Global Reserve LLC,Drops Lemon Active 5mg THC 10 Pack,850068508266,3,2.1,1,10,6.0,60.0
Cottage Grove,Global Reserve LLC,Looner Professor Pepper 10mg THC 4pk 12oz can,400000025032,12,2.6,2,12,11.2,134.0
Cottage Grove,Global Reserve LLC,Looner Root Beer 10mg THC Soda 4pk 12oz can,400000025056,7,2.7,1,6,11.2,67.0
Cottage Grove,Global Reserve LLC,Looner Diet Professor Pepper 10mg 4pk 12oz can,199874796734,15,2.7,2,12,11.2,134.0
Cottage Grove,Global Reserve LLC,Looner 10mg THC Sodas Variety Pack 12pk 12oz can,199284405967,27,3.3,3,6,27.5,165.0
Cottage Grove,Global Reserve LLC,Looner Sweet Orange 10mg THC Soda 4pk 12oz can,400000025070,14,3.3,1,6,11.2,67.0
Cottage Grove,Global Reserve LLC,Looner Spirits Unflavored 85mg THC 750ml,884400118042,11,3.6,1,9,14.0,126.0
Cottage Grove,"Hohensteins, Inc.",Rythm Kush 10mg THC 4pk 12oz can,850072957074,4,1.7,1,6,11.22,67.0
Cottage Grove,"Hohensteins, Inc.",Rythm Sativa 10mg THC 4pk 12oz can,850072957029,4,2.4,1,6,11.25,67.0
Cottage Grove,"Hohensteins, Inc.",Senorita Paloma 10mg THC 4pk 12oz can,850072957173,9,2.8,1,6,11.2,67.0
Cottage Grove,"Hohensteins, Inc.",Senorita Ranch Water 10mg THC 4pk 12oz can,850072957234,4,2.9,1,6,11.2,67.0
Cottage Grove,"Hohensteins, Inc.",Senorita Mango Margarita 10mg THC 4pk 12oz can,850072957135,13,4.0,1,6,11.2,67.0
Cottage Grove,Insight Brewing Company (D),Insight Flavor Pixels Black Lemon 10mg 12pk 12oz can,850033550375,1,1.4,1,2,24.78,50.0
Cottage Grove,Insight Brewing Company (D),Jixxie Strawberry Limon 10mg THC 4pk 12oz can,198715300765,3,2.1,1,6,7.83,47.0
Cottage Grove,Modist Brewing Company,Modist Melt Hot Box THC 10mg Variety 12pk 12oz can,810095561764,0,0.0,1,2,22.0,44.0
Cottage Grove,NOR North Brands LLC,North Canna High Tonics Variety Pack 10mg THC,860011622031,-2,-4.3,1,3,16.67,50.0
Cottage Grove,NOR North Brands LLC,North Canna High Tonics Prickly Pear Lime 10mg THC,860011319009,0,0.0,1,6,9.67,58.0
Cottage Grove,NOR North Brands LLC,North Canna Higher Vibes Blueberry Citrus 5mg THC,860009819009,1,0.9,1,6,8.0,48.0
Cottage Grove,Nothing But Hemp LLC,Vibes Pineapple Sativa 10mg THC 4pk 12oz can,649696006370,0,0.0,1,6,10.32,62.0
Cottage Grove,Nothing But Hemp LLC,Nothing But Hemp Bomb Pop 10mg THC 5 Pack,649696153951,4,2.1,1,24,5.6,134.0
Cottage Grove,Phillips Wine & Spirits - St. Paul,Daizy's Variety Pack 10mg THC 12pk 12oz can,85006587010,6,1.2,7,14,25.61,359.0
Cottage Grove,Single Can,Looner Cola 10mg THC 12oz can,400000024882,0,0.0,1,1,2.8,3.0
Cottage Grove,Single Can,Looner Mocktail Mule 10mg THC 12oz can,400000024981,0,0.0,1,1,2.8,3.0
Cottage Grove,Single Can,Foundry Nation Two Scoops Cherry 10mg THC 12oz can,400000025124,0,0.0,1,1,3.33,3.0
Cottage Grove,Single Can,Birch's Ginger Ale Seltzer 10mg THC 12oz can,400000024844,0,0.0,2,2,2.0,4.0
Cottage Grove,Single Can,Looner Peach Lemonade 10mg THC 12oz can,400000025001,0,0.0,3,3,2.8,8.0
Cottage Grove,Single Can,Looner Professor Pepper 10mg THC 12oz can,400000025049,0,0.0,2,2,2.8,6.0
Cottage Grove,Single Can,Looner Creme Soda 10mg THC 12oz can,400000024905,0,0.0,5,5,2.8,14.0
Cottage Grove,Single Can,Looner Deww 10mg THC 12oz can,400000024929,0,0.0,4,4,2.8,11.0
Cottage Grove,Single Can,Looner Lemon Lime 10mg THC 12oz can,400000024967,0,0.0,6,6,2.8,17.0
Cottage Grove,Single Can,Looner Root Beer 10mg THC Soda 12oz can,400000025063,0,0.0,6,6,2.8,17.0
Cottage Grove,Single Can,Looner Sweet Orange Soda 10mg THC 12oz can,400000025087,0,0.0,6,6,2.8,17.0
Cottage Grove,Single Can,Looner Wild Grape 10mg THC 12oz can,400000025100,0,0.0,8,8,2.8,22.0
Cottage Grove,Single Can,Foundry Nation Two Scoops Orange 10mg THC 12oz can,400000025148,0,0.0,7,7,3.12,22.0
Cottage Grove,Single Can,Looner Pink Lemonade 10mg THC 12oz can,400000025025,0,0.0,11,11,2.8,31.0
Cottage Grove,Superior Molecular,Pappy's Cherry Limeade 10mg THC 4pk 12oz can,850013921461,2,2.1,1,6,7.33,44.0
Cottage Grove,Transfer,Fetch Lemon Lime 10mg THC 4pk 12oz can,628719778128,0,0.0,1,6,7.57,45.0
Cottage Grove,Transfer,Fetch Cream Soda 10mg THC 4pk 12oz can,628719778166,0,0.0,1,6,5.44,33.0
Cottage Grove,Wild State Cider,Odder Variety Pack 10mg THC 9pk 12oz can,850079194045,5,3.1,1,2,14.0,28.0
Cottage Grove,,IYKYK Lemonade 10mg 12oz can,850071300239,0,0.0,1,1,2.25,2.0
Cottage Grove,,IYKYK Lemonade Tea 10mg 12oz can,850071300246,0,0.0,1,1,2.24,2.0
Cottage Grove,,Tempter's Blueberry 10mg THC 12oz can,850009601247,0,0.0,2,2,2.67,5.0
Cottage Grove,,IYKYK Strawberry Lemonade 10mg 12oz can,850071300253,0,0.0,2,2,2.25,4.0
Cottage Grove,,Tempter's Citrus 10mg THC 12oz can,850009601223,0,0.0,8,8,2.67,21.0
Cottage Grove,,Tempter's Strawberry 10mg THC 12oz can,850009601230,0,0.0,10,10,2.67,27.0
Minneapolis,Bellboy Corporation,Smokiez Watermelon THC 10 pack,811194034111,0,0.0,1,12,5.5,66.0
Minneapolis,Bellboy Corporation,Brez Extra Strength 10mg THC 4pk 12oz can,860013612719,2,0.6,2,12,12.17,146.0
Minneapolis,Bellboy Corporation,Smokiez Jamberry THC 10 pack,811194034913,1,2.1,1,12,5.5,66.0
Minneapolis,Bellboy Corporation,Minny Grown Watermelon 10 Pack,860006677664,8,2.9,1,12,8.0,96.0
Minneapolis,Bellboy Corporation,Minny Grown Minnarita 4pk 12oz can,860009899339,0,3.2,1,6,11.0,66.0
Minneapolis,Bellboy Corporation,Minny Grown BlueBeary 10 Pack,860006677671,31,3.3,1,12,8.0,96.0
Minneapolis,Bellboy Corporation,Minny Grown CBD Chillbeary 10 Pack,860009899384,4,3.4,1,12,8.0,96.0
Minneapolis,Bent Paddle Brewing Co,Bent Paddle Puff Dragonfruit Pine 10mg THC 4pk 12oz can,858106004169,0,0.0,1,6,9.29,56.0
Minneapolis,Birch's on the Lake,Birch's Blueberry 10mg THC 4pk 12oz can,400000024813,5,3.5,1,6,8.0,48.0
Minneapolis,"Breakthru Beverage Minnesota Beer, LLC",Utepils Raspberry 10mg THC 4pk 12oz can,852449007740,1,0.9,1,6,10.54,63.0
Minneapolis,"Breakthru Beverage Minnesota Beer, LLC",Utepils Orange Seltzer 10mg THC 4pk 12oz can,852449007931,2,1.7,1,6,10.33,62.0
Minneapolis,"Capitol Beverage Sales, L.P.",Plift Variety Pack 12pk 7.5oz can 10mg THC,860012955015,0,0.0,1,2,17.06,34.0
Minneapolis,"Capitol Beverage Sales, L.P.",Mary Jones Zero Cola 10mg THC 4pk 12oz can,620221424371,0,0.0,1,6,10.91,65.0
Minneapolis,"Capitol Beverage Sales, L.P.",Collective Project Raspberry Vanilla 10mg THC 4pk 12oz can,628719778081,0,0.0,1,6,9.33,56.0
Minneapolis,"Capitol Beverage Sales, L.P.",Fetch Lemon Lime 10mg THC 4pk 12oz can,628719778128,0,0.0,1,6,7.57,45.0
Minneapolis,"Capitol Beverage Sales, L.P.",Granny's Pineapple Passionfruit 10mg THC 4pk 12oz can,850055931213,0,0.0,1,6,11.57,69.0
Minneapolis,"Capitol Beverage Sales, L.P.",Collective Project Cherry Limade 5mg THC 4pk 12oz can,628719778098,0,0.0,2,12,8.45,101.0
Minneapolis,"Capitol Beverage Sales, L.P.",Granny's 5mg THC Gummy Variety Pack 10pk,850055931084,4,0.4,4,40,5.85,234.0
Minneapolis,"Capitol Beverage Sales, L.P.",Uncle Arnie's Sunrise Orange 10mg THC 2oz,850039736476,3,0.4,2,48,1.67,80.0
Minneapolis,"Capitol Beverage Sales, L.P.",Uncle Arnie's Magic Mango 10mg THC 2oz,850039736490,15,0.6,4,96,1.67,160.0
Minneapolis,"Capitol Beverage Sales, L.P.",Tempter's Variety Pack 10mg THC 6pk 12oz can,850009601407,1,0.7,2,8,15.98,128.0
Minneapolis,"Capitol Beverage Sales, L.P.",Fetch Variety Pack 10mg THC 6pk 12oz can,628719778227,2,1.7,1,4,12.02,48.0
Minneapolis,"Capitol Beverage Sales, L.P.",Uncle Arnie's Tahitian Treat 10mg THC 2oz,850039736926,25,1.7,2,48,1.67,80.0
Minneapolis,"Capitol Beverage Sales, L.P.",Uncle Arnie's Ice Tea Lemonade 10mg THC 4pk 12oz can,850039736322,5,1.8,2,12,10.0,120.0
Minneapolis,"Capitol Beverage Sales, L.P.",Fetch Cream Soda 10mg THC 4pk 12oz can,628719778166,1,2.1,1,6,5.44,33.0
Minneapolis,"Capitol Beverage Sales, L.P.",Granny's Blast Off 10mg THC 4pk 12oz can,850055931138,1,2.1,1,6,11.41,68.0
Minneapolis,"Capitol Beverage Sales, L.P.",Tempter's Citrus 10mg 4pk 12oz can,850009601254,1,2.1,1,6,10.67,64.0
Minneapolis,"Capitol Beverage Sales, L.P.",Plift Select Orange 83mg THC 750ml Btl,850075157464,9,2.4,1,6,10.37,62.0
Minneapolis,"Capitol Beverage Sales, L.P.",Granny's Birthday Cake Pretzels 50mg THC 50pk,850055931183,4,2.4,1,10,10.07,101.0
Minneapolis,"Capitol Beverage Sales, L.P.",Uncle Arnie's Variety Pack Sugar Free 10mg THC 12pk 12oz can,850039736667,2,2.9,1,2,26.4,53.0
Minneapolis,"Capitol Beverage Sales, L.P.",Granny's Cheddar Pretzels 50mg THC 50pk,850055931008,6,2.9,1,10,10.18,102.0
Minneapolis,"Capitol Beverage Sales, L.P.",Uncle Arnie's Grape Soda 10mg THC 4pk 12oz can,850039736889,8,3.1,1,6,10.0,60.0
Minneapolis,"Capitol Beverage Sales, L.P.",Uncle Arnie's Blueberry Nightcap 10mg THC 2oz,850039736483,26,3.2,1,24,1.67,40.0
Minneapolis,"Capitol Beverage Sales, L.P.",Uncle Arnie's Straw Lemonade 10mg THC 4pk 12oz can,850039736544,7,3.3,1,6,6.08,37.0
Minneapolis,Dahlheimer Beverage Monticello,Lift Bridge Limelon 10mg THC 4pk 12oz can,685165385119,0,0.0,1,6,11.47,69.0
Minneapolis,Dahlheimer Beverage Monticello,Lift Bridge Fruit Cup 10mg THC 4pk 12oz can,685165385218,0,0.0,1,6,10.73,64.0
Minneapolis,Discontinued,Gigli Citrus Seltzer 10mg THC 4pk 12oz can,643459379305,15,64.3,1,6,9.79,59.0
Minneapolis,Discontinued,Gigli Raspberry Tea 10mg THC 4pk 12oz can,198168016879,0,,4,24,9.85,236.0
Minneapolis,Get Chai,Leafy Maui Pineapple Gummies 5mg THC 10 Pack,669185409239,-1,-0.0,10,100,3.12,312.0
Minneapolis,Get Chai,Leafy Georgia Peach Gummies 5mg THC 10 Pack,669185409222,12,1.0,4,40,3.13,125.0
Minneapolis,Get Chai,Leafy Sour Blue Raspberry Gummies 5mg THC 10 Pack,669185409246,22,1.9,3,30,3.12,94.0
Minneapolis,Get Chai,Leafy Sour Watermelon Gummies 5mg THC 10 Pack,669185409253,50,2.7,3,30,3.13,94.0
Minneapolis,Get Chai,TBD Green Tea Lemonade 10mg THC 12oz can,860009350953,16,3.4,1,24,3.19,77.0
Minneapolis,Gigli MN LLC,Gigli Extra Gigli Variety 10mg THC 4pk 12oz can,643459380004,5,0.2,15,90,9.75,877.0
Minneapolis,Gigli MN LLC,Gigli Sour Fruit 5mg THC 10 Pack,643459379268,45,0.9,13,156,0.29,45.0
Minneapolis,Gigli MN LLC,Gigli Mango Seltzer 10mg THC 4pk 12oz can,643459379541,3,1.6,4,24,9.78,235.0
Minneapolis,Gigli MN LLC,Gigli Peach Rings 5mg THC 10 Pack,643459379831,16,2.7,1,12,0.68,8.0
Minneapolis,Gigli MN LLC,Gigli Raspberry Ginger Mule 10mg THC 4pk 12oz can,643459379954,26,4.6,1,6,9.75,59.0
Minneapolis,Gigli MN LLC,Gigli Blueberry Lemonade 10mg THC 4pk 12oz can,643459379992,29,6.9,1,6,9.75,58.0
Minneapolis,Gigli MN LLC,Gigli Pineapple Mojito 10mg THC 4pk 12oz can,643459380035,20,9.5,1,6,9.79,59.0
Minneapolis,Global Reserve LLC,Climbing Kites Variety Pack 10mg THC 6pk 12oz can,850047906380,0,0.0,2,8,14.4,115.0
Minneapolis,Global Reserve LLC,Climbing Kites Mixed Berry 10mg THC 4pk 12oz can,850047906083,0,0.0,1,6,10.69,64.0
Minneapolis,Global Reserve LLC,Looner Deww 10mg THC 4pk 12oz can,400000024912,2,1.4,1,6,11.2,67.0
Minneapolis,Global Reserve LLC,Looner Spirits Unflavored 85mg THC 750ml,884400118042,14,2.3,2,18,14.0,252.0
Minneapolis,Global Reserve LLC,Looner Zenith Strawberry Gummies 5mg THC 10 Pack,198715853483,9,2.6,1,10,5.0,50.0
Minneapolis,Global Reserve LLC,Looner Professor Pepper 10mg THC 4pk 12oz can,400000025032,8,2.7,1,6,11.2,67.0
Minneapolis,Global Reserve LLC,Looner Zenith Blackberry Gummies 5mg THC 10 Pack,198715643879,9,3.0,1,10,5.0,50.0
Minneapolis,Global Reserve LLC,Looner Diet Cola 10mg 4pk 12oz can,199874322209,11,3.6,1,6,11.2,67.0
Minneapolis,Global Reserve LLC,Looner Twilight Strawberry Gummies 5mg THC 10 Pack,198715111019,27,3.6,1,10,5.0,50.0
Minneapolis,Global Reserve LLC,Looner Sweet Orange 10mg THC Soda 4pk 12oz can,400000025070,10,3.7,1,6,11.2,67.0
Minneapolis,Global Reserve LLC,Looner Peach Lemonade 10mg THC 4pk 12oz can,400000024998,2,3.9,1,6,11.2,67.0
Minneapolis,Hectare's,Hectare's Blood Orange Vanilla 10mg THC 4pk 12oz can,850012918943,3,2.6,1,6,8.83,53.0
Minneapolis,"Hohensteins, Inc.",Rythm Kush 10mg THC 4pk 12oz can,850072957074,15,1.6,4,24,11.22,269.0
Minneapolis,"Hohensteins, Inc.",Senorita Paloma 10mg THC 4pk 12oz can,850072957173,16,1.9,4,24,11.2,269.0
Minneapolis,Insight Brewing Company (D),Insight Orange  10mg 6pk 12oz can,850033550740,0,0.0,2,8,12.72,102.0
Minneapolis,Modist Brewing Company,Modist Tint Blackberry Lime 10mg THC 4pk 12oz can,810095561986,0,0.0,1,6,6.43,39.0
Minneapolis,Modist Brewing Company,Modist Tint Raspberry Lemon Iced Tea 10mg THC 4pk 12oz can,810095561979,0,0.0,2,12,6.43,77.0
Minneapolis,Modist Brewing Company,Modist Calamansi Tangerine THC 10mg 4pk 12oz can,810095561689,2,2.9,1,6,9.17,55.0
Minneapolis,NOR North Brands LLC,North Canna High Tonics Variety Pack 10mg THC,860011622031,1,2.1,1,3,16.67,50.0
Minneapolis,"North Star Hemp, LLC",You Betcha Jasmine Green Tea 10mg THC 4pk 12oz can,051497411794,2,2.9,1,6,10.0,60.0
Minneapolis,"North Star Hemp, LLC",You Betcha Nighttime 5mg THC 4pk 12oz can,810023141013,5,3.6,1,6,8.33,50.0
Minneapolis,"Pharos Brands International, LLC",Pharos Raspberry Lemonade 10mg THC 4pk 12oz can,199874532042,0,0.0,1,6,6.55,39.0
Minneapolis,Phillips Wine & Spirits - St. Paul,Daizy's Passion Fruit 10mg THC 4pk 12oz can,85006587007,1,0.3,3,18,10.52,189.0
Minneapolis,Phillips Wine & Spirits - St. Paul,Daizy's Cream Soda 10mg THC 4pk 12oz can,850065870298,4,2.1,1,6,9.34,56.0
Minneapolis,Phillips Wine & Spirits - St. Paul,Daizy's Root Beer 10mg THC 4pk 12oz can,850065870274,5,2.4,1,6,9.64,58.0
Minneapolis,Phillips Wine & Spirits - St. Paul,Daizy's Strawberry Lemonade 10mg THC 4pk 12oz can,850065870014,19,3.4,1,6,6.8,41.0
Minneapolis,Phillips Wine & Spirits - St. Paul,Daizy's Watermelon Lime 10mg THC 4pk 12oz can,85006587009,7,3.8,1,6,10.5,63.0
Minneapolis,Single Can,Birch's Cherry Seltzer 10mg THC 12oz can,400000024752,0,0.0,1,1,2.0,2.0
Minneapolis,Single Can,Birch's Ginger Ale Seltzer 10mg THC 12oz can,400000024844,0,0.0,1,1,2.0,2.0
Minneapolis,Single Can,Birch's Blueberry 10mg THC 12oz can,400000024820,0,0.0,3,3,2.0,6.0
Minneapolis,Single Can,Foundry Nation Two Scoops Cherry 10mg THC 12oz can,400000025124,0,0.0,2,2,3.33,7.0
Minneapolis,Single Can,Foundry Nation Two Scoops Orange 10mg THC 12oz can,400000025148,0,0.0,2,2,3.12,6.0
Minneapolis,Single Can,Foundry Nation Two Scoops Root Beer 10mg THC 12oz can,400000025162,0,0.0,3,3,2.87,9.0
Minneapolis,Single Can,Looner Cola 10mg THC 12oz can,400000024882,0,0.0,5,5,2.8,14.0
Minneapolis,Single Can,Looner Creme Soda 10mg THC 12oz can,400000024905,0,0.0,4,4,2.8,11.0
Minneapolis,Single Can,Looner Deww 10mg THC 12oz can,400000024929,0,0.0,4,4,2.8,11.0
Minneapolis,Single Can,Looner Half and Half 10mg THC 12oz can,400000024943,0,0.0,5,5,2.8,14.0
Minneapolis,Single Can,Looner Lemon Lime 10mg THC 12oz can,400000024967,0,0.0,5,5,2.8,14.0
Minneapolis,Single Can,Looner Peach Lemonade 10mg THC 12oz can,400000025001,0,0.0,5,5,2.8,14.0
Minneapolis,Single Can,Looner Classic Lemonade 10mg THC 12oz can,400000024868,0,0.0,8,8,2.8,22.0
Minneapolis,Single Can,Looner Mocktail Mule 10mg THC 12oz can,400000024981,0,0.0,8,8,2.8,22.0
Minneapolis,Single Can,Looner Professor Pepper 10mg THC 12oz can,400000025049,0,0.0,10,10,2.8,28.0
Minneapolis,Single Can,Looner Root Beer 10mg THC Soda 12oz can,400000025063,0,0.0,11,11,2.8,31.0
Minneapolis,Single Can,Looner Sweet Orange Soda 10mg THC 12oz can,400000025087,0,0.0,11,11,2.8,31.0
Minneapolis,Single Can,Looner Wild Grape 10mg THC 12oz can,400000025100,0,0.0,9,9,2.8,25.0
Minneapolis,Single Can,Looner Pink Lemonade 10mg THC 12oz can,400000025025,0,0.0,12,12,2.8,34.0
Minneapolis,Superior Molecular,Pappy's Black Cherry Lemonade Gummies 5mg THC 10 Pack,850013921249,2,0.1,1,100,2.0,200.0
Minneapolis,Superior Molecular,Pappy's Honeycrisp Apple Gummies 5mg THC 10 Pack,850013921058,50,2.6,1,100,2.0,200.0
Minneapolis,"Sweet Leaves, LLC",Sweet Leaves Passion Fruit 5mg THC 10 Pack,198715102017,1,0.3,2,24,5.12,123.0
Minneapolis,"Sweet Leaves, LLC",Sweet Leaves Pink Lemon 5mg THC 10 Pack,198715463590,1,0.4,1,12,5.2,62.0
Minneapolis,,IYKYK Peach Tea 10mg 12oz can,850071300222,0,0.0,2,2,2.24,4.0
Minneapolis,,IYKYK Lemonade 10mg 12oz can,850071300239,0,0.0,2,2,2.25,4.0
Minneapolis,,Tempter's Strawberry 10mg THC 12oz can,850009601230,0,0.0,4,4,2.67,11.0
Minneapolis,,Tempter's Blueberry 10mg THC 12oz can,850009601247,0,0.0,7,7,2.67,19.0
Minneapolis,,Tempter's Citrus 10mg THC 12oz can,850009601223,0,0.0,10,10,2.67,27.0
Minnetonka,Artisan Beer,Stigma Tonic Variety Pack 10mg THC 12pk 12oz can,860014678486,0,0.0,1,2,25.32,51.0
Minnetonka,Artisan Beer,Stigma Lime Seltzer 10mg THC 4pk 16oz can,850011431986,0,0.0,1,6,10.94,66.0
Minnetonka,Bellboy Corporation,Minny Grown Minnarita 4pk 12oz can,860009899339,0,0.0,1,6,11.0,66.0
Minnetonka,Bellboy Corporation,Minny Grown Lemon Drop-let's 4pk 12oz can,860009899346,0,0.0,1,6,11.0,66.0
Minnetonka,Bellboy Corporation,Brez Extra Strength 10mg THC 4pk 12oz can,860013612719,0,0.0,2,12,12.17,146.0
Minnetonka,Bellboy Corporation,Minny Grown CBG Pink Lemonade 10 Pack,850063284134,0,0.0,1,12,8.0,96.0
Minnetonka,Bellboy Corporation,Minny Grown Highbernate 2.0 10 Pack,860010532591,1,0.4,1,12,8.0,96.0
Minnetonka,Bellboy Corporation,Minny Grown CBC Watermelon Kiwi 10 Pack,850063284141,2,2.9,1,12,8.0,96.0
Minnetonka,Bellboy Corporation,Minny Grown Minny Apple 10 Pack,860009438088,6,2.9,1,12,8.0,96.0
Minnetonka,Bellboy Corporation,Minny Grown Highbernate Moon Melon 5mg THC 10mg CBD 20mg CBN 10pk,850063284776,14,3.5,1,12,7.96,96.0
Minnetonka,Bellboy Corporation,Minny Grown Highbernate 5mg THC 10 Pack,860009438040,9,3.9,1,12,8.0,96.0
Minnetonka,Bent Paddle Brewing Co,Bent Paddle Hightened Paloma Rita 10mg THC 4pk 12oz can,850024846647,0,0.0,2,12,9.25,111.0
Minnetonka,"Capitol Beverage Sales, L.P.",Tempter's Variety Pack 10mg THC 6pk 12oz can,850009601407,-1,-0.4,3,12,15.98,192.0
Minnetonka,"Capitol Beverage Sales, L.P.",Mary Jones Orange Cream 10mg THC 4pk 12oz can,602221420034,0,0.0,1,6,11.9,71.0
Minnetonka,"Capitol Beverage Sales, L.P.",Sweet Justice Cola 5mg THC 4pk 12oz can,850058379029,0,0.0,2,12,0.37,4.0
Minnetonka,"Capitol Beverage Sales, L.P.",Tempter's Blueberry 10mg THC 4pk 12oz can,850009601278,0,0.7,1,6,10.67,64.0
Minnetonka,"Capitol Beverage Sales, L.P.",Tempter's Citrus 10mg 4pk 12oz can,850009601254,2,0.8,2,12,10.67,128.0
Minnetonka,"Capitol Beverage Sales, L.P.",Granny's Granny Smith 5mg THC Gummies 10pk,850055931077,7,1.0,3,30,5.74,172.0
Minnetonka,"Capitol Beverage Sales, L.P.",Mary Jones Berry Lemonade 10mg THC 4pk 12oz can,620221420205,1,2.1,1,6,9.96,60.0
Minnetonka,"Capitol Beverage Sales, L.P.",Fetch Lemon Lime 10mg THC 4pk 12oz can,628719778128,2,2.1,1,6,7.57,45.0
Minnetonka,"Capitol Beverage Sales, L.P.",Uncle Arnie's Blueberry Nightcap 10mg THC 2oz,850039736483,2,2.1,1,24,1.67,40.0
Minnetonka,"Capitol Beverage Sales, L.P.",Granny's Fruit Tonic 10mg THC Variety Pack 12pk 12oz can,850055931268,2,2.9,1,2,32.95,66.0
Minnetonka,"Capitol Beverage Sales, L.P.",Collective Project Lemonade 5mg THC 4pk 12oz can,628719778104,2,2.9,1,6,8.68,52.0
Minnetonka,"Capitol Beverage Sales, L.P.",Mary Jones Green Apple 10mg THC 4pk 12oz can,620221420120,3,3.2,1,6,10.59,64.0
Minnetonka,"Capitol Beverage Sales, L.P.",Tempter's Strawberry 10mg THC 4pk 12oz can,850009601261,6,3.2,1,6,10.67,64.0
Minnetonka,"Capitol Beverage Sales, L.P.",Granny's 5mg THC Gummy Variety Pack 10pk,850055931084,22,3.6,1,10,5.85,59.0
Minnetonka,Discontinued,Gigli Citrus Seltzer 10mg THC 4pk 12oz can,643459379305,2,,1,6,9.79,59.0
Minnetonka,Discontinued,Gigli Raspberry Tea 10mg THC 4pk 12oz can,198168016879,4,,2,12,9.85,118.0
Minnetonka,Get Chai,Leafy  0-Calorie Italian Cherry Sparkling Beverage 10mg 12oz can,669185549218,5,0.9,1,24,2.23,53.0
Minnetonka,Get Chai,Leafy Sour Blue Raspberry Gummies 5mg THC 10 Pack,669185409246,14,2.9,1,10,3.12,31.0
Minnetonka,Get Chai,Leafy Sour Watermelon Gummies 5mg THC 10 Pack,669185409253,14,3.0,1,10,3.13,31.0
Minnetonka,Get Chai,Leafy Wildberry Gummies 5mg THC 10 Pack,669185409277,13,3.5,1,10,3.12,31.0
Minnetonka,Gigli MN LLC,Gigli Sour Fruit 5mg THC 10 Pack,643459379268,8,3.1,1,12,0.29,3.0
Minnetonka,Gigli MN LLC,Gigli Blueberry Lemonade 10mg THC 4pk 12oz can,643459379992,9,7.7,1,6,9.75,58.0
Minnetonka,Gigli MN LLC,Gigli Iced Tea Lemonade 10mg THC 4pk 12oz can,198168611401,6,12.9,1,6,9.78,59.0
Minnetonka,Gigli MN LLC,Gigli Mango Seltzer 10mg THC 4pk 12oz can,643459379541,9,12.9,1,6,9.78,59.0
Minnetonka,Global Reserve LLC,Looner Sweet Orange 10mg THC Soda 4pk 12oz can,400000025070,0,0.2,2,12,11.2,134.0
Minnetonka,Global Reserve LLC,Looner Pink Lemonade 10mg THC 4pk 12oz can,400000025018,0,0.3,2,12,11.2,134.0
Minnetonka,Global Reserve LLC,Looner Half and Half 10mg THC 4pk 12oz can,400000024936,0,1.1,1,6,11.2,67.0
Minnetonka,Global Reserve LLC,Looner Twilight Strawberry Gummies 5mg THC 10 Pack,198715111019,3,1.3,1,10,5.0,50.0
Minnetonka,Global Reserve LLC,Looner Twilight Blackberry Gummies 5mg THC 10 Pack,198168425602,3,1.6,1,10,5.0,50.0
Minnetonka,Global Reserve LLC,Looner 10mg THC Sodas Variety Pack 12pk 12oz can,199284405967,4,1.9,3,6,27.5,165.0
Minnetonka,Global Reserve LLC,Drops Watermelon Chill 5mg THC 10 Pack,850068508303,7,1.9,1,10,5.62,56.0
Minnetonka,Global Reserve LLC,Climbing Kites Transfusion 10mg THC 4pk 12oz can,850047906267,1,2.1,1,6,10.69,64.0
Minnetonka,Global Reserve LLC,Bubz Purple Fizz 10mg THC 4pk 12oz can,850047906625,1,2.1,1,6,9.08,55.0
Minnetonka,Global Reserve LLC,Looner 10mg THC Lemonade Variety Pack 12pk 12oz can,199284895157,3,2.6,1,2,27.5,55.0
Minnetonka,Global Reserve LLC,Drops Cranberry Focused 2.5mg THC 10 Pack,850068508181,4,2.9,1,10,5.84,58.0
Minnetonka,Global Reserve LLC,Looner Spirits Unflavored 85mg THC 750ml,884400118042,7,3.8,1,9,14.0,126.0
Minnetonka,Gravitron LLC dba GRAV,GRAV Pink Lemonade 10mg THC 50ml btl,810094772949,0,0.0,1,6,1.84,11.0
Minnetonka,HeadFlyer Brewing,Headflyer Maui Wowie Punch 10mg THC 4pk 12oz can,850009065827,1,2.1,1,6,11.99,72.0
Minnetonka,Hectare's,Hectare's Stone Fruit Soda 10mg THC 4pk 12oz can,850012918929,1,1.4,1,6,8.83,53.0
Minnetonka,Hectare's,Hectare's Blood Orange Vanilla 10mg THC 4pk 12oz can,850012918943,1,2.1,1,6,8.83,53.0
Minnetonka,"Hohensteins, Inc.",Senorita Ranch Water 10mg THC 4pk 12oz can,850072957234,10,1.6,3,18,11.2,202.0
Minnetonka,"Hohensteins, Inc.",Senorita Mango Margarita 10mg THC 4pk 12oz can,850072957135,8,3.8,1,6,11.2,67.0
Minnetonka,Insight Brewing Company (D),Insight Flavor Pixels 10mg THC Variety #2 12pk 12oz can,850077712050,0,0.0,2,4,24.78,99.0
Minnetonka,Insight Brewing Company (D),Insight Flavor Pixels Plus Peach Mango 10mg THC 12pk 12oz can,850077712074,1,2.1,1,2,25.45,51.0
Minnetonka,Johnson Brothers - St. Paul,Wynk Strawberry Lemonade 10mg THC 4pk 12oz can,198715139464,2,2.1,1,6,9.04,54.0
Minnetonka,Modist Brewing Company,Modist Melt Ginger Lemon Lime THC 10mg 4pk 12oz can,810095561665,0,0.0,1,6,9.33,56.0
Minnetonka,Modist Brewing Company,Modist Melt Blood Orange Raspberry Vanilla 10mg THC 4pk 12oz can,810095561672,0,0.0,1,6,8.45,51.0
Minnetonka,Modist Brewing Company,Modist Melt Pop Citrus Punch 10mg THC 4pk 12oz can,810095561535,2,1.7,1,6,8.27,50.0
Minnetonka,Modist Brewing Company,Modist Melt Pop  Sangria Ginger Ale 10mg THC 4pk 12oz can,810095561528,4,2.4,1,6,9.34,56.0
Minnetonka,Modist Brewing Company,Modist Tint Raspberry Lemon Iced Tea 10mg THC 4pk 12oz can,810095561979,2,2.9,1,6,6.43,39.0
Minnetonka,NOR North Brands LLC,North Canna Higher Vibes Pineapple Orange 5mg THC,860009819023,0,0.0,1,6,8.13,49.0
Minnetonka,NOR North Brands LLC,North Canna High Tonics Prickly Pear Lime 10mg THC,860011319009,0,0.0,1,6,9.67,58.0
Minnetonka,NOR North Brands LLC,North Canna High Tonics Strawberry Melon 10mg THC,860011319023,0,0.0,1,6,9.67,58.0
Minnetonka,"Northwest Natural Goods, LLC",Wyld Huckleberry 10mg THC 5 Pack,810109863327,0,0.0,1,10,6.46,65.0
Minnetonka,Nothing But Hemp LLC,Nothing But Hemp Grand Daddy 10mg 5 Pack,649696010834,0,0.0,1,24,4.5,108.0
Minnetonka,"Pharos Brands International, LLC",Pharos Raspberry Lemonade 10mg THC 4pk 12oz can,199874532042,0,0.0,1,6,6.55,39.0
Minnetonka,Phillips Wine & Spirits - St. Paul,Green Monke Remix Variety Pack 10MG THC 12pk 12oz can,628425180635,2,0.7,5,10,29.5,295.0
Minnetonka,Phillips Wine & Spirits - St. Paul,Daizy's Blueberry Lemonade 10mg THC 4pk 12oz can,850065870236,2,2.1,1,6,4.94,30.0
Minnetonka,Single Can,Birch's Ginger Ale Seltzer 10mg THC 12oz can,400000024844,0,0.0,1,1,2.0,2.0
Minnetonka,Single Can,Looner Deww 10mg THC 12oz can,400000024929,0,0.0,1,1,2.8,3.0
Minnetonka,Single Can,Looner Half and Half 10mg THC 12oz can,400000024943,0,0.0,1,1,2.8,3.0
Minnetonka,Single Can,Looner Professor Pepper 10mg THC 12oz can,400000025049,0,0.0,1,1,2.8,3.0
Minnetonka,Single Can,Foundry Nation Two Scoops Cherry 10mg THC 12oz can,400000025124,0,0.0,1,1,3.33,3.0
Minnetonka,Single Can,Birch's Blueberry 10mg THC 12oz can,400000024820,0,0.0,2,2,2.0,4.0
Minnetonka,Single Can,Looner Creme Soda 10mg THC 12oz can,400000024905,0,0.0,3,3,2.8,8.0
Minnetonka,Single Can,Looner Lemon Lime 10mg THC 12oz can,400000024967,0,0.0,2,2,2.8,6.0
Minnetonka,Single Can,Looner Mocktail Mule 10mg THC 12oz can,400000024981,0,0.0,2,2,2.8,6.0
Minnetonka,Single Can,Looner Peach Lemonade 10mg THC 12oz can,400000025001,0,0.0,2,2,2.8,6.0
Minnetonka,Single Can,Looner Pink Lemonade 10mg THC 12oz can,400000025025,0,0.0,2,2,2.8,6.0
Minnetonka,Single Can,Foundry Nation Two Scoops Orange 10mg THC 12oz can,400000025148,0,0.0,2,2,3.12,6.0
Minnetonka,Single Can,Foundry Nation Two Scoops Root Beer 10mg THC 12oz can,400000025162,0,0.0,2,2,2.87,6.0
Minnetonka,Single Can,Looner Cola 10mg THC 12oz can,400000024882,0,0.0,5,5,2.8,14.0
Minnetonka,Single Can,Looner Root Beer 10mg THC Soda 12oz can,400000025063,0,0.0,5,5,2.8,14.0
Minnetonka,Single Can,Looner Sweet Orange Soda 10mg THC 12oz can,400000025087,0,0.0,4,4,2.8,11.0
Minnetonka,Single Can,Looner Wild Grape 10mg THC 12oz can,400000025100,0,0.0,5,5,2.8,14.0
Minnetonka,Sociable Cider Werks,Squoze Blueberry Lift 10mg THC 4pk 12oz can,859990007380,-1,-2.1,1,6,9.41,56.0
Minnetonka,"Sweet Leaves, LLC",Sweet Leaves Passion Fruit 5mg THC 10 Pack,198715102017,4,3.4,1,12,5.12,61.0
Minnetonka,Wherehouse Beverage,Wynk Mango 5mg THC 6pk 12oz can,196852039432,0,0.0,1,4,8.38,34.0
Minnetonka,Wild State Cider,Odder Variety Pack 10mg THC 9pk 12oz can,850079194045,3,1.4,3,6,14.0,84.0
Minnetonka,,IYKYK Peach Tea 10mg 12oz can,850071300222,0,0.0,1,1,2.24,2.0
Minnetonka,,Stigma Relax Tonic 10mg THC 4pk 16oz can,850011431870,0,0.0,4,4,9.34,37.0
Osseo,56 Brewing,Acre Ginger Lime 10mg THC 4pk 12oz can,615867915949,6,3.2,1,6,7.04,42.0
Osseo,Artisan Beer,Stigma Tonic Variety Pack 10mg THC 12pk 12oz can,860014678486,0,0.0,1,2,25.32,51.0
Osseo,Artisan Beer,Stigma Lime Seltzer 10mg THC 4pk 16oz can,850011431986,2,0.5,3,18,10.94,197.0
Osseo,Bellboy Corporation,Minny Grown Lemon Drop-let's 4pk 12oz can,860009899346,0,0.0,1,6,11.0,66.0
Osseo,Bellboy Corporation,Minny Grown Minnarita 4pk 12oz can,860009899339,0,0.0,2,12,11.0,132.0
Osseo,Bellboy Corporation,Wikid Paloma 10mg THC 4pk 12oz can,850046271298,3,2.1,1,6,12.0,72.0
Osseo,Bellboy Corporation,Smokiez Sour Blue Rasp 5mg THC 10 Pack,811194035590,4,2.1,1,12,4.77,57.0
Osseo,Bellboy Corporation,Smokiez Blackberry Lemonade 4pk 12oz can,811194039611,3,3.2,1,6,13.33,80.0
Osseo,Bellboy Corporation,Minny Grown St. Croix Sunrise Yummy Gummy Bar 50mg THC,860010316481,3,3.2,1,12,6.0,72.0
Osseo,Bellboy Corporation,Foundry Nation Two Scoops Root Beer 10mg THC 4pk 12oz can,400000025155,2,3.9,1,6,11.49,69.0
Osseo,Bent Paddle Brewing Co,Bent Paddle Puff Party Pack 10mg THC 12pk 12oz can,858106004268,0,0.0,3,6,22.6,136.0
Osseo,Bent Paddle Brewing Co,Bent Paddle Puff Puff Pass Variety 10mg THC 12pk 12oz can,850024846791,4,1.9,3,6,22.5,135.0
Osseo,Birch's on the Lake,Birch's Cherry Seltzer 10mg THC 4pk 12oz can,400000024806,0,0.0,1,6,8.0,48.0
Osseo,"Capitol Beverage Sales, L.P.",Mary Jones Zero Cola 10mg THC 4pk 12oz can,620221424371,0,0.0,1,6,10.91,65.0
Osseo,"Capitol Beverage Sales, L.P.",Sweet Justice Lemon Ginger 5mg THC 4pk 12oz can,850058379043,0,0.0,1,6,10.69,64.0
Osseo,"Capitol Beverage Sales, L.P.",Fetch Lemon Lime 10mg THC 4pk 12oz can,628719778128,0,0.0,1,6,7.57,45.0
Osseo,"Capitol Beverage Sales, L.P.",Fetch Cream Soda 10mg THC 4pk 12oz can,628719778166,0,0.0,1,6,5.44,33.0
Osseo,"Capitol Beverage Sales, L.P.",Sweet Justice Lemonade Ginger Ale 10mg THC 4pk 12oz can,850058379159,0,0.0,1,6,11.61,70.0
Osseo,"Capitol Beverage Sales, L.P.",Uncle Arnie's Zen Green Tea 10mg THC 4pk 12oz can,850039736339,0,0.0,2,12,10.0,120.0
Osseo,"Capitol Beverage Sales, L.P.",Granny's Rainbow Sherbet 5mg THC Gummies 10pk,850055931053,1,0.5,1,10,5.8,58.0
Osseo,"Capitol Beverage Sales, L.P.",Granny's Granny Smith 5mg THC Gummies 10pk,850055931077,6,0.7,3,30,5.74,172.0
Osseo,"Capitol Beverage Sales, L.P.",Sweet Justice Cherry Cola 10mg THC 4pk 12oz can,850058379067,1,1.4,1,6,12.04,72.0
Osseo,"Capitol Beverage Sales, L.P.",Granny's S'mores Pretzels 50mg THC 50pk,850055931046,1,1.4,1,10,10.13,101.0
Osseo,"Capitol Beverage Sales, L.P.",Uncle Arnie's Tahitian Treat 10mg THC 2oz,850039736926,17,1.7,1,24,1.67,40.0
Osseo,"Capitol Beverage Sales, L.P.",Uncle Arnie's Variety Pack 10mg THC 12pk 12oz can,850039736650,2,2.1,1,2,26.4,53.0
Osseo,"Capitol Beverage Sales, L.P.",Mary Jones Berry Lemonade 10mg THC 4pk 12oz can,620221420205,1,2.1,1,6,9.96,60.0
Osseo,"Capitol Beverage Sales, L.P.",Granny's Grapefruit Tangerine 10mg THC 4pk 12oz can,850055931220,1,2.1,1,6,11.68,70.0
Osseo,"Capitol Beverage Sales, L.P.",Uncle Arnie's Blueberry Nightcap 10mg THC 2oz,850039736483,29,2.2,1,24,1.67,40.0
Osseo,"Capitol Beverage Sales, L.P.",Layup Lemonade Variety Pack 10mg THC 12pk 12oz can,850081233367,3,2.6,1,2,23.59,47.0
Osseo,"Capitol Beverage Sales, L.P.",Granny's Blast Off 10mg THC 4pk 12oz can,850055931138,3,2.6,1,6,11.41,68.0
Osseo,"Capitol Beverage Sales, L.P.",Uncle Arnie's Sunrise Orange 10mg THC 2oz,850039736476,32,2.6,1,24,1.67,40.0
Osseo,"Capitol Beverage Sales, L.P.",Uncle Arnie's Variety Pack Sugar Free 10mg THC 12pk 12oz can,850039736667,16,2.9,4,8,26.4,211.0
Osseo,"Capitol Beverage Sales, L.P.",Uncle Arnie's Ice Tea Lemonade 10mg THC 4pk 12oz can,850039736322,2,2.9,1,6,10.0,60.0
Osseo,"Capitol Beverage Sales, L.P.",Clrty Blue Raz 5mg THC 4pk 12oz can,860008925138,2,2.9,1,6,2.73,16.0
Osseo,"Capitol Beverage Sales, L.P.",Mary Jones Root Beer 10mg THC 4pk 12oz can,602221420089,3,3.2,1,6,10.15,61.0
Osseo,"Capitol Beverage Sales, L.P.",Uncle Arnie's Watermelon Wave 10mg THC 4pk 12oz can,850039736353,6,3.2,1,6,10.0,60.0
Osseo,"Capitol Beverage Sales, L.P.",Uncle Arnie's Magic Mango 10mg THC 2oz,850039736490,20,3.4,1,24,1.67,40.0
Osseo,"Capitol Beverage Sales, L.P.",Uncle Arnie's Strawberry Kiwi 10mg THC 2oz,850039736469,38,3.6,1,24,1.67,40.0
Osseo,"Capitol Beverage Sales, L.P.",Uncle Arnie's Cherry Limeade 10mg THC 4pk 12oz can,850039736346,13,4.0,1,6,10.0,60.0
Osseo,Clrty Company,CLRTY Watermelon 10mg THC 4pk 12oz can,850048459687,1,1.4,1,6,8.25,50.0
Osseo,Discontinued,Gigli Citrus Seltzer 10mg THC 4pk 12oz can,643459379305,6,12.9,1,6,9.79,59.0
Osseo,Discontinued,Gigli Raspberry Tea 10mg THC 4pk 12oz can,198168016879,0,,1,6,9.85,59.0
Osseo,Get Chai,Leafy Blueberry Lemon Gummies 5mg THC 10 Pack,669185409260,10,1.0,4,40,3.13,125.0
Osseo,Get Chai,Leafy Maui Pineapple Gummies 5mg THC 10 Pack,669185409239,7,1.4,2,20,3.12,62.0
Osseo,Get Chai,Leafy Sour Blue Raspberry Gummies 5mg THC 10 Pack,669185409246,40,2.4,3,30,3.12,94.0
Osseo,Get Chai,Leafy  0-Calorie Wild Strawberry Sparkling Beverage 10mg 12oz can,669185549225,8,3.1,1,24,2.23,53.0
Osseo,Get Chai,Leafy Sour Watermelon Gummies 5mg THC 10 Pack,669185409253,36,3.6,1,10,3.13,31.0
Osseo,Gigli MN LLC,Gigli Sativa Mixed Fruit 5mg THC 10 Pack,643459379558,-1,-1.1,1,12,0.32,4.0
Osseo,Gigli MN LLC,Gigli Blood Orange Margarita 5mg THC 4pk 12oz can,643459379916,5,3.1,2,12,8.8,106.0
Osseo,Gigli MN LLC,Gigli Blood Orange Margarita 10mg THC 4pk 12oz can,643459380028,11,11.8,1,6,9.75,58.0
Osseo,Gigli MN LLC,Gigli Iced Tea Lemonade 10mg THC 4pk 12oz can,198168611401,5,,1,6,9.78,59.0
Osseo,Gigli MN LLC,Gigli Mango Seltzer 10mg THC 4pk 12oz can,643459379541,11,,1,6,9.78,59.0
Osseo,Global Reserve LLC,Looner Creme 10mg THC Soda 4pk 12oz can,400000024899,4,2.4,1,6,11.2,67.0
Osseo,Global Reserve LLC,Looner Root Beer 10mg THC Soda 4pk 12oz can,400000025056,6,2.6,1,6,11.2,67.0
Osseo,Global Reserve LLC,Bootlegger Coconut Rum Mocktail 10mg THC 4pk 12oz can,198168598160,2,2.9,1,6,11.2,67.0
Osseo,Global Reserve LLC,Looner Wild Grape 10mg THC 4pk 12oz can,400000025094,11,2.9,1,6,11.2,67.0
Osseo,Global Reserve LLC,Looner Diet Professor Pepper 10mg 4pk 12oz can,199874796734,14,2.9,1,6,11.2,67.0
Osseo,Global Reserve LLC,Looner 10mg THC Sodas Variety Pack 12pk 12oz can,199284405967,12,3.2,2,4,27.5,110.0
Osseo,Global Reserve LLC,Looner Pink Lemonade 10mg THC 4pk 12oz can,400000025018,3,3.2,1,6,11.2,67.0
Osseo,Global Reserve LLC,Looner 10mg THC Lemonade Variety Pack 12pk 12oz can,199284895157,6,3.7,1,2,27.5,55.0
Osseo,Global Reserve LLC,Looner Peach Lemonade 10mg THC 4pk 12oz can,400000024998,1,3.8,1,6,11.2,67.0
Osseo,Hectare's,Hectare's Blood Orange Vanilla 10mg THC 4pk 12oz can,850012918943,1,1.4,1,6,8.83,53.0
Osseo,"Hohensteins, Inc.",Rythm Kush 10mg THC 4pk 12oz can,850072957074,0,0.0,3,18,11.22,202.0
Osseo,"Hohensteins, Inc.",Senorita Paloma 10mg THC 4pk 12oz can,850072957173,1,0.4,2,12,11.2,134.0
Osseo,"IYKYK Beverages, LLC",IYKYK Party Pack 10mg 8pk 12oz can,850071300352,0,0.0,1,3,18.0,54.0
Osseo,Insight Brewing Company (D),Insight Flavor Pixels Black Lemon 10mg 12pk 12oz can,850033550375,0,0.0,1,2,24.78,50.0
Osseo,Insight Brewing Company (D),Insight Brewing Flavor Pixels 12pk 12oz can,850033550306,2,2.9,1,2,17.41,35.0
Osseo,Insight Brewing Company (D),Insight Flavor Pixels 10mg THC Variety #2 12pk 12oz can,850077712050,4,3.4,1,2,24.78,50.0
Osseo,Mega Beer LLC,Acre Strawberry Tangerine 10mg THC 4pk 12oz can,615867916137,1,0.3,3,18,7.0,126.0
Osseo,Minny Grown,Minny Grown Highbernate Snoozeberry 2.5mg THC 5mg CBD 10mg CBN 10pk,850063284769,0,0.0,1,12,7.29,88.0
Osseo,Modist Brewing Company,Modist Tint Raspberry Lemon Iced Tea 10mg THC 4pk 12oz can,810095561979,0,0.0,1,6,6.43,39.0
Osseo,NOR North Brands LLC,North Canna High Tonics Variety Pack 10mg THC,860011622031,-1,-0.9,2,6,16.67,100.0
Osseo,NOR North Brands LLC,North Canna High Tonics Blood Orange Mango 10mg THC,860011319016,0,0.0,1,6,9.67,58.0
Osseo,NOR North Brands LLC,North Canna High Tonics Strawberry Melon 10mg THC,860011319023,0,0.0,1,6,9.67,58.0
Osseo,NOR North Brands LLC,North Canna High Tonics Berry Lemonade 10mg THC,860011622017,0,0.0,1,6,9.67,58.0
Osseo,NOR North Brands LLC,North Canna Higher Vibes Raspberry Lemon 5mg THC,860002977232,1,1.1,1,6,8.0,48.0
Osseo,NOR North Brands LLC,North Canna High Tonics Prickly Pear Lime 10mg THC,860011319009,1,2.1,1,6,9.67,58.0
Osseo,"North Star Hemp, LLC",You Betcha Anytime 10mg THC 4pk 12oz can,051497154110,5,2.7,1,6,10.0,60.0
Osseo,"North Star Hemp, LLC",You Betcha Any Time Gummies 10 Pack,051497359409,2,2.9,1,10,10.23,102.0
Osseo,"North Star Hemp, LLC",You Betcha Nighttime 5mg THC 4pk 12oz can,810023141013,5,3.1,1,6,8.33,50.0
Osseo,Nothing But Hemp LLC,Nothing But Hemp Gelato 10mg 5 Pack,649696105578,0,0.0,1,24,5.04,121.0
Osseo,Nothing But Hemp LLC,Nothing But Hemp Mimosa 10mg 5 Pack,649696494580,2,0.8,1,24,4.0,96.0
Osseo,Nothing But Hemp LLC,Nothing But Hemp Bomb Pop 10mg THC 5 Pack,649696153951,5,3.1,1,24,5.6,134.0
Osseo,Nothing But Hemp LLC,Nothing But Hemp Strawberry Cough 10mg THC 5 Pack,649696418623,4,3.4,1,24,6.3,151.0
Osseo,Phillips Wine & Spirits - St. Paul,Daizy's Grape 10mg THC 4pk 12oz can,85006587003,0,0.0,1,6,3.35,20.0
Osseo,Single Can,Birch's Blueberry 10mg THC 12oz can,400000024820,0,0.0,1,1,2.0,2.0
Osseo,Single Can,Looner Classic Lemonade 10mg THC 12oz can,400000024868,0,0.0,1,1,2.8,3.0
Osseo,Single Can,Looner Deww 10mg THC 12oz can,400000024929,0,0.0,1,1,2.8,3.0
Osseo,Single Can,Looner Lemon Lime 10mg THC 12oz can,400000024967,0,0.0,1,1,2.8,3.0
Osseo,Single Can,Looner Mocktail Mule 10mg THC 12oz can,400000024981,0,0.0,1,1,2.8,3.0
Osseo,Single Can,Looner Root Beer 10mg THC Soda 12oz can,400000025063,0,0.0,1,1,2.8,3.0
Osseo,Single Can,Looner Half and Half 10mg THC 12oz can,400000024943,0,0.0,3,3,2.8,8.0
Osseo,Single Can,Looner Peach Lemonade 10mg THC 12oz can,400000025001,0,0.0,3,3,2.8,8.0
Osseo,Single Can,Looner Professor Pepper 10mg THC 12oz can,400000025049,0,0.0,2,2,2.8,6.0
Osseo,Single Can,Looner Creme Soda 10mg THC 12oz can,400000024905,0,0.0,4,4,2.8,11.0
Osseo,Single Can,Looner Sweet Orange Soda 10mg THC 12oz can,400000025087,0,0.0,4,4,2.8,11.0
Osseo,Single Can,Looner Wild Grape 10mg THC 12oz can,400000025100,0,0.0,4,4,2.8,11.0
Osseo,Single Can,Looner Pink Lemonade 10mg THC 12oz can,400000025025,0,0.0,7,7,2.8,20.0
Osseo,Sociable Cider Werks,Squoze Raspberry Haze 10mg THC 4pk 12oz can,859990007182,1,1.1,1,6,8.72,52.0
Osseo,Superior Molecular,Pappy's Gooseberry Dream Gummies 5mg THC 10 Pack,850013921065,24,2.0,1,100,2.0,200.0
Osseo,"Sweet Leaves, LLC",Sweet Leaves Pink Lemon 5mg THC 10 Pack,198715463590,0,0.0,1,12,5.2,62.0
Osseo,"Sweet Leaves, LLC",Sweet Leaves Passion Fruit 5mg THC 10 Pack,198715102017,0,0.0,2,24,5.12,123.0
Osseo,"Sweet Leaves, LLC",Sweet Leaves Sleep 5mg THC 5mg CBN 10mg CBD 10pk,198715216912,4,1.9,1,12,5.2,62.0
Plymouth,Artisan Beer,Stigma Black Cherry 10mg THC 4pk 16oz can,860014678462,0,0.0,1,6,8.62,52.0
Plymouth,Artisan Beer,Stigma Tea Variety Pack 10mg THC 12pk 12oz can,860014678400,1,1.1,2,4,24.02,96.0
Plymouth,Artisan Beer,Stigma Lime Seltzer 10mg THC 4pk 16oz can,850011431986,4,1.6,2,12,10.94,131.0
Plymouth,Artisan Beer,Stigma Peach Iced Tea 10mg THC 4pk 16oz can,850011431955,2,2.9,1,6,9.33,56.0
Plymouth,Bellboy Corporation,Minny Grown Minnarita 4pk 12oz can,860009899339,0,0.0,1,6,11.0,66.0
Plymouth,Bellboy Corporation,Minny Grown Highbernate 2.0 Yummy Gummy Bar 50mg THC,850063284615,1,0.9,1,12,6.0,72.0
Plymouth,Bellboy Corporation,Minny Grown Peach 10 Pack,860006677695,8,0.9,3,36,8.0,288.0
Plymouth,Bellboy Corporation,BLNCD Prickly Pear Bee's Knees 10mg THC 4pk 12oz can,840006314424,2,1.7,1,6,10.99,66.0
Plymouth,Bellboy Corporation,Minny Grown St. Croix Sunrise 10 Pack,860009899360,19,1.9,2,24,8.0,192.0
Plymouth,Bellboy Corporation,Minny Grown Highbernate 2.0 10 Pack,860010532591,25,1.9,3,36,8.0,288.0
Plymouth,Bellboy Corporation,Minny Grown Highbernate Moon Melon 5mg THC 10mg CBD 20mg CBN 10pk,850063284776,29,2.0,3,36,7.96,287.0
Plymouth,Bellboy Corporation,Brez Amplify 5mg THC 4pk 12oz can,860013612733,1,2.1,1,6,11.38,68.0
Plymouth,Bellboy Corporation,Minny Grown CBN Rainbow Sherbert 10 Pack,850063284127,6,2.3,1,12,8.0,96.0
Plymouth,Bellboy Corporation,Minny Grown Mango 10 Pack,860009438057,8,2.3,1,12,8.0,96.0
Plymouth,Bellboy Corporation,Minny Grown St. Croix Sunrise Yummy Gummy Bar 50mg THC,860010316481,4,2.4,1,12,6.0,72.0
Plymouth,Bellboy Corporation,Minny Grown Highbernate 5mg THC 10 Pack,860009438040,11,2.4,1,12,8.0,96.0
Plymouth,Bellboy Corporation,Minny Grown Minny Apple 10 Pack,860009438088,11,3.1,1,12,8.0,96.0
Plymouth,Bellboy Corporation,BLNCD Fuse 85mg THC 750ml,840006316596,6,3.2,1,6,21.17,127.0
Plymouth,Bellboy Corporation,Minny Grown Berry Bliss 10 Pack,860006677688,21,3.3,1,12,8.0,96.0
Plymouth,Bellboy Corporation,Minny Grown Caramel Apple Alien Abduction Yummy Gummy Bar 50mg THC,850063284608,4,3.4,1,12,6.0,72.0
Plymouth,Bellboy Corporation,Smokiez Blackberry Lemonade 4pk 12oz can,811194039611,6,3.7,1,6,13.33,80.0
Plymouth,Bent Paddle Brewing Co,Bent Paddle Puff Prickly Pear Lemonade 10mg THC 4pk 12oz can,858106004251,-1,-1.4,1,6,10.67,64.0
Plymouth,Bent Paddle Brewing Co,Bent Paddle Muse Strawberry Watermelon 5mg THC 4pk 12oz can,850083991012,0,0.0,1,6,7.33,44.0
Plymouth,Bent Paddle Brewing Co,Bent Paddle Puff Puff Pass Variety 10mg THC 12pk 12oz can,850024846791,4,1.2,5,10,22.5,225.0
Plymouth,Bent Paddle Brewing Co,Bent Paddle Puff Tropical Soda 10mg THC 4pk 12oz can,850024846807,5,3.1,1,6,10.22,61.0
Plymouth,Birch's on the Lake,Birch's Cherry Seltzer 10mg THC 4pk 12oz can,400000024806,10,3.4,1,6,8.0,48.0
Plymouth,"Breakthru Beverage Minnesota Beer, LLC",Utepils Royal Cherry Seltzer 10mg THC 4pk 12oz can,852449007979,0,0.0,1,6,10.72,64.0
Plymouth,"Capitol Beverage Sales, L.P.",Granny's Cheddar Pretzels 50mg THC 50pk,850055931008,-1,-0.4,1,10,10.18,102.0
Plymouth,"Capitol Beverage Sales, L.P.",Granny's Elixir 10mg THC Variety Pack 12pk 12oz can,850055931251,0,0.0,2,4,31.74,127.0
Plymouth,"Capitol Beverage Sales, L.P.","Happi Variety Pack 10mg THC 6pk 12oz can
",850068123032,0,0.0,1,4,17.23,69.0
Plymouth,"Capitol Beverage Sales, L.P.",Clrty Pink Lemonade 10mg THC 4pk 12oz can,860008925152,0,0.0,1,6,11.6,70.0
Plymouth,"Capitol Beverage Sales, L.P.",Granny's Pear-Ginger 5mg THC Gummies 10pk,850055931145,0,0.0,2,20,5.41,108.0
Plymouth,"Capitol Beverage Sales, L.P.",Plift Crisp Ginger 10mg THC 4pk 7.5 oz can,860008762450,1,0.4,2,12,9.81,118.0
Plymouth,"Capitol Beverage Sales, L.P.",Collective Project Cherry Limade 5mg THC 4pk 12oz can,628719778098,1,0.9,1,6,8.45,51.0
Plymouth,"Capitol Beverage Sales, L.P.",Uncle Arnie's Ice Tea Lemonade 10mg THC 4pk 12oz can,850039736322,1,0.9,1,6,10.0,60.0
Plymouth,"Capitol Beverage Sales, L.P.",Granny's Pineapple Passionfruit 10mg THC 4pk 12oz can,850055931213,1,1.1,1,6,11.57,69.0
Plymouth,"Capitol Beverage Sales, L.P.",Granny's 5mg THC Gummy Variety Pack 10pk,850055931084,2,1.1,1,10,5.85,59.0
Plymouth,"Capitol Beverage Sales, L.P.",Uncle Arnie's Blueberry Nightcap 10mg THC 2oz,850039736483,13,1.1,2,48,1.67,80.0
Plymouth,"Capitol Beverage Sales, L.P.",Uncle Arnie's Variety Pack Sugar Free 10mg THC 12pk 12oz can,850039736667,7,1.2,9,18,26.4,475.0
Plymouth,"Capitol Beverage Sales, L.P.",Granny's Granny Smith 5mg THC Gummies 10pk,850055931077,5,1.2,2,20,5.74,115.0
Plymouth,"Capitol Beverage Sales, L.P.",Plift Zero Sugar Variety Pack 10mg THC 12pk 7.5oz can,850075157242,3,1.3,4,8,18.67,149.0
Plymouth,"Capitol Beverage Sales, L.P.",Uncle Arnie's Tahitian Treat 10mg THC 2oz,850039736926,22,2.0,1,24,1.67,40.0
Plymouth,"Capitol Beverage Sales, L.P.",Mary Jones Orange Cream 10mg THC 4pk 12oz can,602221420034,1,2.1,1,6,11.9,71.0
Plymouth,"Capitol Beverage Sales, L.P.",Uncle Arnie's Strawberry Kiwi 10mg THC 2oz,850039736469,25,2.2,1,24,1.67,40.0
Plymouth,"Capitol Beverage Sales, L.P.",Granny's S'mores Pretzels 50mg THC 50pk,850055931046,3,2.6,1,10,10.13,101.0
Plymouth,"Capitol Beverage Sales, L.P.",Granny's Blast Off 10mg THC 4pk 12oz can,850055931138,2,2.9,1,6,11.41,68.0
Plymouth,"Capitol Beverage Sales, L.P.",Sweet Justice Elderberry 5mg THC 4pk 12oz can,850058379098,3,3.2,1,6,0.97,6.0
Plymouth,"Capitol Beverage Sales, L.P.",Tempter's Blueberry 10mg THC 4pk 12oz can,850009601278,9,3.3,1,6,10.67,64.0
Plymouth,"Capitol Beverage Sales, L.P.",Uncle Arnie's Magic Mango 10mg THC 2oz,850039736490,26,3.6,1,24,1.67,40.0
Plymouth,Dahlheimer Beverage Monticello,Lift Bridge Believer Float 10mg THC 4pk 12oz can,685165387076,0,0.0,1,6,9.92,60.0
Plymouth,Dahlheimer Beverage Monticello,Climbing Kites Mixed Berry 10mg THC 4pk 12oz can,850047906083,0,0.0,1,6,10.69,64.0
Plymouth,Discontinued,Plift Fruit Punch Mini 10mg THC 2oz shot,860013591724,0,0.0,1,48,0.72,34.0
Plymouth,Discontinued,Gigli Citrus Seltzer 10mg THC 4pk 12oz can,643459379305,2,0.4,5,30,9.79,294.0
Plymouth,Discontinued,Gigli Raspberry Tea 10mg THC 4pk 12oz can,198168016879,2,4.3,4,24,9.85,236.0
Plymouth,Get Chai,Artet Strawberry Basil Spritz 5mg THC 4pk 8oz can,860005527045,0,0.0,1,6,9.35,56.0
Plymouth,Get Chai,Hippie Water Winter Groove 10mg THC 4pk 12oz can,198168474037,0,0.0,2,12,10.0,120.0
Plymouth,Get Chai,Leafy Georgia Peach Gummies 5mg THC 10 Pack,669185409222,4,0.5,3,30,3.13,94.0
Plymouth,Get Chai,Leafy Maui Pineapple Gummies 5mg THC 10 Pack,669185409239,7,0.5,6,60,3.12,187.0
Plymouth,Get Chai,Leafy Sour Blue Raspberry Gummies 5mg THC 10 Pack,669185409246,18,1.7,3,30,3.12,94.0
Plymouth,Get Chai,Leafy Wildberry Gummies 5mg THC 10 Pack,669185409277,29,2.3,3,30,3.12,94.0
Plymouth,Get Chai,Leafy Italian Roast Coffee 10mg 12oz can,669185541014,6,2.6,1,12,2.23,27.0
Plymouth,Get Chai,Leafy Blueberry Lemon Gummies 5mg THC 10 Pack,669185409260,32,3.1,1,10,3.13,31.0
Plymouth,Get Chai,OFFFIELD High Performance Sports Drink Original Lime 10mg THC 12oz can,199284035843,6,3.2,1,24,3.14,75.0
Plymouth,Get Chai,OFFFIELD High Performance Sports Drink Dragon Fruit Lemonade 10mg THC 12oz can,199284574168,4,3.4,1,24,3.14,75.0
Plymouth,Gigli MN LLC,Gigli Cherry Limeade 10mg THC 4pk 12oz can,643459379725,0,0.0,2,12,10.59,127.0
Plymouth,Gigli MN LLC,Gigli Mango Seltzer 10mg THC 4pk 12oz can,643459379541,2,0.7,4,24,9.78,235.0
Plymouth,Gigli MN LLC,Gigli Sativa Mixed Fruit 5mg THC 10 Pack,643459379558,5,3.1,1,12,0.32,4.0
Plymouth,Gigli MN LLC,Gigli Raspberry Ginger Mule 10mg THC 4pk 12oz can,643459379954,20,4.3,1,6,9.75,59.0
Plymouth,Gigli MN LLC,Gigli Extra Gigli Variety 10mg THC 4pk 12oz can,643459380004,29,6.9,1,6,9.75,58.0
Plymouth,Gigli MN LLC,Gigli Blood Orange Margarita 5mg THC 4pk 12oz can,643459379916,28,17.1,1,6,8.8,53.0
Plymouth,Gigli MN LLC,Gigli Iced Tea Lemonade 10mg THC 4pk 12oz can,198168611401,10,42.9,3,18,9.78,176.0
Plymouth,Global Reserve LLC,Looner Zenith Strawberry Gummies 5mg THC 10 Pack,198715853483,0,0.0,1,10,5.0,50.0
Plymouth,Global Reserve LLC,Bootlegger Mai Tai Mocktail 10mg THC 4pk 12oz can,198715677201,1,0.9,1,6,11.2,67.0
Plymouth,Global Reserve LLC,Looner Professor Pepper 10mg THC 4pk 12oz can,400000025032,11,2.2,2,12,11.2,134.0
Plymouth,Global Reserve LLC,Bootlegger Coconut Rum Mocktail 10mg THC 4pk 12oz can,198168598160,2,2.9,1,6,11.2,67.0
Plymouth,Global Reserve LLC,Looner Spirits Unflavored 85mg THC 750ml,884400118042,24,3.0,1,9,14.0,126.0
Plymouth,Global Reserve LLC,Looner Sweet Orange 5mg THC 4pk 12oz can,197644401932,3,3.2,1,6,6.99,42.0
Plymouth,Global Reserve LLC,Looner Wild Grape 10mg THC 4pk 12oz can,400000025094,14,3.2,1,6,11.2,67.0
Plymouth,Global Reserve LLC,Looner Root Beer 10mg THC Soda 4pk 12oz can,400000025056,11,3.4,1,6,11.2,67.0
Plymouth,Global Reserve LLC,Looner Pink Lemonade 10mg THC 4pk 12oz can,400000025018,9,3.5,1,6,11.2,67.0
Plymouth,Global Reserve LLC,Looner Peach Lemonade 10mg THC 4pk 12oz can,400000024998,3,3.8,1,6,11.2,67.0
Plymouth,Happy Duck LLC,Happy Duck Tangerine 10mg THC 4pk 12oz can,850056651073,1,1.4,1,6,5.92,36.0
Plymouth,"Hohensteins, Inc.",Rythm Kush 10mg THC 4pk 12oz can,850072957074,10,2.5,1,6,11.22,67.0
Plymouth,"Hohensteins, Inc.",Senorita Paloma 10mg THC 4pk 12oz can,850072957173,20,3.4,1,6,11.2,67.0
Plymouth,Insight Brewing Company (D),Insight Flavor Pixels Plus Peach Mango 10mg THC 12pk 12oz can,850077712074,1,1.4,1,2,25.45,51.0
Plymouth,Insight Brewing Company (D),Insight Flavor Pixels Black Lemon 10mg 12pk 12oz can,850033550375,5,2.4,2,4,24.78,99.0
Plymouth,Lucid Brewing LLC Dba Inbound Brewco,Inbound Satellite Cherry Lime THC 4pk 12oz can,854249004165,0,0.0,1,6,8.67,52.0
Plymouth,Modist Brewing Company,Modist Tint Blackberry Lime 10mg THC 4pk 12oz can,810095561986,0,0.0,1,6,6.43,39.0
Plymouth,NOR North Brands LLC,North Canna High Tonics Blood Orange Mango 10mg THC,860011319016,0,0.0,1,6,9.67,58.0
Plymouth,NOR North Brands LLC,North Canna Higher Vibes Pineapple Orange 5mg THC,860009819023,0,0.0,1,6,8.13,49.0
Plymouth,NOR North Brands LLC,North Canna High Tonics Prickly Pear Lime 10mg THC,860011319009,3,3.2,1,6,9.67,58.0
Plymouth,"North Star Hemp, LLC",You Betcha Day Time Gummies 10 Pack,051497359386,3,3.2,1,10,10.12,101.0
Plymouth,"North Star Hemp, LLC",You Betcha Daytime #2 Gummies 10 pack,051497436940,3,3.2,1,10,10.0,100.0
Plymouth,Nothing But Hemp LLC,Vibes Black Cherry Indica 10mg 4pk 12oz can,649696014825,0,0.0,1,6,9.84,59.0
Plymouth,Nothing But Hemp LLC,Nothing But Hemp Grand Daddy 10mg 5 Pack,649696010834,4,1.1,1,24,4.5,108.0
Plymouth,Phillips Wine & Spirits - St. Paul,Daizy's Orange Cream 10mg THC 4pk 12oz can,85006587025,0,0.0,2,12,3.24,39.0
Plymouth,Phillips Wine & Spirits - St. Paul,Green Monke Blue Raspberry 10mg THC 4pk 12oz can,628634142912,0,0.0,2,12,10.83,130.0
Plymouth,Phillips Wine & Spirits - St. Paul,Daizy's Grape 10mg THC 4pk 12oz can,85006587003,1,0.6,1,6,3.35,20.0
Plymouth,Phillips Wine & Spirits - St. Paul,Daizy's Variety Pack 10mg THC 12pk 12oz can,85006587010,14,3.5,1,2,25.61,51.0
Plymouth,Single Can,Looner Half and Half 10mg THC 12oz can,400000024943,0,0.0,1,1,2.8,3.0
Plymouth,Single Can,Looner Lemon Lime 10mg THC 12oz can,400000024967,0,0.0,1,1,2.8,3.0
Plymouth,Single Can,Looner Mocktail Mule 10mg THC 12oz can,400000024981,0,0.0,1,1,2.8,3.0
Plymouth,Single Can,Foundry Nation Two Scoops Root Beer 10mg THC 12oz can,400000025162,0,0.0,1,1,2.87,3.0
Plymouth,Single Can,Looner Creme Soda 10mg THC 12oz can,400000024905,0,0.0,3,3,2.8,8.0
Plymouth,Single Can,Looner Deww 10mg THC 12oz can,400000024929,0,0.0,3,3,2.8,8.0
Plymouth,Single Can,Looner Professor Pepper 10mg THC 12oz can,400000025049,0,0.0,3,3,2.8,8.0
Plymouth,Single Can,Looner Classic Lemonade 10mg THC 12oz can,400000024868,0,0.0,5,5,2.8,14.0
Plymouth,Single Can,Looner Peach Lemonade 10mg THC 12oz can,400000025001,0,0.0,4,4,2.8,11.0
Plymouth,Single Can,Looner Pink Lemonade 10mg THC 12oz can,400000025025,0,0.0,5,5,2.8,14.0
Plymouth,Single Can,Looner Root Beer 10mg THC Soda 12oz can,400000025063,0,0.0,4,4,2.8,11.0
Plymouth,Single Can,Looner Sweet Orange Soda 10mg THC 12oz can,400000025087,0,0.0,7,7,2.8,20.0
Plymouth,Single Can,Looner Wild Grape 10mg THC 12oz can,400000025100,0,0.0,7,7,2.8,20.0
Plymouth,Sociable Cider Werks,Squoze Apple Kush 10mg THC 4pk 12oz can,859990007441,3,3.2,1,6,9.09,55.0
Plymouth,Superior Molecular,Pappy's Variety Pack 10mg THC 12pk 12oz can,850013921560,2,1.4,2,4,22.0,88.0
Plymouth,Superior Molecular,Pappy's Arctic Blast Gummies 5mg THC 10 Pack,850013921089,28,2.3,1,100,2.0,200.0
Plymouth,"Sweet Leaves, LLC",Sweet Leaves Passion Fruit 5mg THC 10 Pack,198715102017,3,1.6,1,12,5.12,61.0
Plymouth,"Sweet Leaves, LLC",Sweet Leaves Pink Lemon 5mg THC 10 Pack,198715463590,9,3.0,1,12,5.2,62.0
Plymouth,Wild State Cider,Wild State Birdie THC Variety 9pk 12oz can,850018947541,3,1.1,5,10,19.99,200.0
Plymouth,Wild State Cider,Odder Berry Pineapple 10mg THC 4pk 12oz can,850079194021,3,2.1,1,6,6.67,40.0
Plymouth,,IYKYK Lemonade 10mg 12oz can,850071300239,0,0.0,1,1,2.25,2.0
Plymouth,,IYKYK Lemonade Tea 10mg 12oz can,850071300246,0,0.0,1,1,2.24,2.0
Plymouth,,IYKYK Strawberry Lemonade 10mg 12oz can,850071300253,0,0.0,1,1,2.25,2.0
Plymouth,,Tempter's Blueberry 10mg THC 12oz can,850009601247,0,0.0,3,3,2.67,8.0
Plymouth,,Tempter's Strawberry 10mg THC 12oz can,850009601230,0,0.0,4,4,2.67,11.0
Ramsey,Artisan Beer,Stigma Lemonade Tea 10mg THC 4pk 16oz can,850011431948,0,0.0,3,18,8.96,161.0
Ramsey,Artisan Beer,Stigma Club Soda 10mg THC 4pk 16oz can,850011431979,2,1.7,1,6,11.01,66.0
Ramsey,Bellboy Corporation,Minny Grown Lemon Drop-let's 4pk 12oz can,860009899346,0,0.0,2,12,11.0,132.0
Ramsey,Bellboy Corporation,Minny Grown Highbernate 2.0 10 Pack,860010532591,2,0.1,5,60,8.0,480.0
Ramsey,Bellboy Corporation,Smokiez Blackberry Lemonade 4pk 12oz can,811194039611,1,0.9,1,6,13.33,80.0
Ramsey,Bellboy Corporation,Two Scoops Variety Pack 12pk 12oz can,840006315834,1,1.4,1,2,31.0,62.0
Ramsey,Bellboy Corporation,Minny Grown Highbernate 5mg THC 10 Pack,860009438040,26,2.0,3,36,8.0,288.0
Ramsey,Bellboy Corporation,Brez Amplify 5mg THC 4pk 12oz can,860013612733,1,2.1,1,6,11.38,68.0
Ramsey,Bellboy Corporation,Minny Grown Minnarita 4pk 12oz can,860009899339,2,2.9,1,6,11.0,66.0
Ramsey,Bellboy Corporation,Minny Grown Watermelon 10 Pack,860006677664,2,2.9,1,12,8.0,96.0
Ramsey,Bellboy Corporation,Brez Extra Strength 10mg THC 4pk 12oz can,860013612719,6,3.2,1,6,12.17,73.0
Ramsey,Bent Paddle Brewing Co,Bent Paddle Muse Mango Citrus 5mg THC 4pk 12oz can,850083991005,0,0.0,1,6,7.33,44.0
Ramsey,Bernicks,Senorita Mango Margarita 5mg THC 4pk 12oz can,850072957098,0,0.0,1,6,10.5,63.0
Ramsey,Bernicks,Rythm Kush 10mg THC 4pk 12oz can,850072957074,2,1.0,2,12,11.22,135.0
Ramsey,Bernicks,Senorita Ranch Water 10mg THC 4pk 12oz can,850072957234,3,1.6,1,6,11.2,67.0
Ramsey,"Capitol Beverage Sales, L.P.",Mary Jones Variety Pack 10mg THC 12pk 12oz can,620221425903,0,0.0,1,2,29.23,58.0
Ramsey,"Capitol Beverage Sales, L.P.",Granny's Rainbow Sherbet 5mg THC Gummies 10pk,850055931053,0,0.0,1,10,5.8,58.0
Ramsey,"Capitol Beverage Sales, L.P.",Granny's Granny Smith 5mg THC Gummies 10pk,850055931077,0,0.0,2,20,5.74,115.0
Ramsey,"Capitol Beverage Sales, L.P.",Uncle Arnie's Cherry Limeade 10mg THC 4pk 12oz can,850039736346,1,0.7,1,6,10.0,60.0
Ramsey,"Capitol Beverage Sales, L.P.",Granny's Fruit Tonic 10mg THC Variety Pack 12pk 12oz can,850055931268,1,0.9,2,4,32.95,132.0
Ramsey,"Capitol Beverage Sales, L.P.",Uncle Arnie's Variety Pack 10mg THC 12pk 12oz can,850039736650,2,1.0,4,8,26.4,211.0
Ramsey,"Capitol Beverage Sales, L.P.",Tempter's Blueberry 10mg THC 4pk 12oz can,850009601278,3,1.2,2,12,10.67,128.0
Ramsey,"Capitol Beverage Sales, L.P.",Uncle Arnie's Variety Pack Sugar Free 10mg THC 12pk 12oz can,850039736667,7,1.5,6,12,26.4,317.0
Ramsey,"Capitol Beverage Sales, L.P.",Uncle Arnie's Sunrise Orange 10mg THC 2oz,850039736476,7,1.8,1,24,1.67,40.0
Ramsey,"Capitol Beverage Sales, L.P.",Tempter's Variety Pack 10mg THC 6pk 12oz can,850009601407,7,2.1,2,8,15.98,128.0
Ramsey,"Capitol Beverage Sales, L.P.",Tempter's Citrus 10mg 4pk 12oz can,850009601254,6,2.1,1,6,10.67,64.0
Ramsey,"Capitol Beverage Sales, L.P.",Uncle Arnie's Lemon Mint 10mg THC 2oz,850039736919,21,2.1,1,24,1.67,40.0
Ramsey,"Capitol Beverage Sales, L.P.",Uncle Arnie's Tahitian Treat 10mg THC 2oz,850039736926,33,3.0,1,24,1.67,40.0
Ramsey,"Capitol Beverage Sales, L.P.",Tempter's Strawberry 10mg THC 4pk 12oz can,850009601261,5,3.2,1,6,10.67,64.0
Ramsey,"Capitol Beverage Sales, L.P.",Plift Select Raspbery 83mg THC 750ml Btl,850075157501,5,3.6,1,6,11.58,69.0
Ramsey,Discontinued,Gigli Raspberry Tea 10mg THC 4pk 12oz can,198168016879,0,0.0,2,12,9.85,118.0
Ramsey,Get Chai,OFFFIELD High Performance Sports Drink Original Lime 10mg THC 12oz can,199284035843,-2,-1.4,1,24,3.14,75.0
Ramsey,Get Chai,OFFFIELD High Performance Sports Drink Dragon Fruit Lemonade 10mg THC 12oz can,199284574168,12,2.2,1,24,3.14,75.0
Ramsey,Get Chai,North Star Cherry Limeade 10mg THC 12oz can,783970682505,11,2.5,1,24,0.0,0.0
Ramsey,Get Chai,Leafy Blueberry Lemon Gummies 5mg THC 10 Pack,669185409260,9,2.8,1,10,3.13,31.0
Ramsey,Get Chai,Leafy Blackberry Lemon 10mg THC 2oz btl,669185541038,46,3.7,1,48,1.33,64.0
Ramsey,Gigli MN LLC,Gigli Iced Tea Lemonade 10mg THC 4pk 12oz can,198168611401,2,1.7,2,12,9.78,117.0
Ramsey,Gigli MN LLC,Gigli Blueberry Lemonade 10mg THC 4pk 12oz can,643459379992,4,3.4,1,6,9.75,58.0
Ramsey,Gigli MN LLC,Gigli Raspberry Ginger Mule 10mg THC 4pk 12oz can,643459379954,8,3.8,1,6,9.75,59.0
Ramsey,Gigli MN LLC,Gigli Mango Seltzer 10mg THC 4pk 12oz can,643459379541,7,,1,6,9.78,59.0
Ramsey,Global Reserve LLC,Looner Sweet Orange 10mg THC Soda 4pk 12oz can,400000025070,0,-0.6,1,6,11.2,67.0
Ramsey,Global Reserve LLC,Looner Creme 10mg THC Soda 4pk 12oz can,400000024899,11,2.9,1,6,11.2,67.0
Ramsey,Global Reserve LLC,Looner Diet Root Beer 10mg 4pk 12oz can,199874201535,7,3.0,1,6,11.2,67.0
Ramsey,Global Reserve LLC,Looner Spirits Unflavored 85mg THC 750ml,884400118042,15,3.2,1,9,14.0,126.0
Ramsey,Global Reserve LLC,Looner Root Beer 10mg THC Soda 4pk 12oz can,400000025056,14,3.3,1,6,11.2,67.0
Ramsey,"IYKYK Beverages, LLC",IYKYK Party Pack 10mg 8pk 12oz can,850071300352,0,0.0,1,3,18.0,54.0
Ramsey,Insight Brewing Company (D),Insight Flavor Pixels 10mg THC Variety #2 12pk 12oz can,850077712050,4,3.4,1,2,24.78,50.0
Ramsey,Insight Brewing Company (D),Insight Flavor Pixels 10mg THC Variety 12pk 12oz can,850033550641,5,3.6,1,2,24.78,50.0
Ramsey,Johnson Brothers - St. Paul,Wynk Lime Twist 5mg THC 6pk 12oz can,196852500505,0,0.0,1,4,8.17,33.0
Ramsey,Libation Project,Earl Giles Electric Lemonade 5mg 4pk 12oz can,723651048961,0,0.0,1,6,11.34,68.0
Ramsey,Modist Brewing Company,Modist Melt Pop Citrus Punch 10mg THC 4pk 12oz can,810095561535,0,0.0,1,6,8.27,50.0
Ramsey,Modist Brewing Company,Modist Melt Ginger Lemon Lime THC 10mg 4pk 12oz can,810095561665,0,0.0,1,6,9.33,56.0
Ramsey,Modist Brewing Company,Modist Calamansi Tangerine THC 10mg 4pk 12oz can,810095561689,0,0.0,1,6,9.17,55.0
Ramsey,NOR North Brands LLC,North Canna Higher Vibes Pineapple Orange 5mg THC,860009819023,0,0.0,1,6,8.13,49.0
Ramsey,"North Star Hemp, LLC",You Betcha Anytime 10mg THC 4pk 12oz can,051497154110,4,3.4,1,6,10.0,60.0
Ramsey,"North Star Hemp, LLC",You Betcha Nighttime 5mg THC 4pk 12oz can,810023141013,8,3.4,1,6,8.33,50.0
Ramsey,Nothing But Hemp LLC,Vibes Fruit Punch 10mg THC 4pk 12oz can,649696405449,2,2.9,1,6,10.33,62.0
Ramsey,"Pharos Brands International, LLC",Pharos Raspberry Lemonade 10mg THC 4pk 12oz can,199874532042,0,0.0,1,6,6.55,39.0
Ramsey,"Pharos Brands International, LLC",Pharos Blood Orange Lime 10mg THC 4pk 12oz can,199874558370,2,2.9,1,6,7.29,44.0
Ramsey,Phillips Wine & Spirits - St. Paul,Daizy's Strawberry Lemonade 10mg THC 4pk 12oz can,850065870014,0,0.0,1,6,6.8,41.0
Ramsey,Phillips Wine & Spirits - St. Paul,Daizy's Tropical Punch 10mg THC 4pk 12oz can,85006587005,2,1.0,2,12,9.81,118.0
Ramsey,Phillips Wine & Spirits - St. Paul,Daizy's Blueberry Lemonade 10mg THC 4pk 12oz can,850065870236,3,1.1,2,12,4.94,59.0
Ramsey,Phillips Wine & Spirits - St. Paul,Daizy's Orange Cream 10mg THC 4pk 12oz can,85006587025,3,2.1,1,6,3.24,19.0
Ramsey,Phillips Wine & Spirits - St. Paul,Daizy's Variety Pack 10mg THC 12pk 12oz can,85006587010,10,2.7,3,6,25.61,154.0
Ramsey,Phillips Wine & Spirits - St. Paul,Daizy's Root Beer 10mg THC 4pk 12oz can,850065870274,3,3.2,1,6,9.64,58.0
Ramsey,Phillips Wine & Spirits - St. Paul,Daizy's Grape 10mg THC 4pk 12oz can,85006587003,7,3.8,1,6,3.35,20.0
Ramsey,Single Can,Birch's Blueberry 10mg THC 12oz can,400000024820,0,0.0,1,1,2.0,2.0
Ramsey,Single Can,Looner Half and Half 10mg THC 12oz can,400000024943,0,0.0,1,1,2.8,3.0
Ramsey,Single Can,Foundry Nation Two Scoops Root Beer 10mg THC 12oz can,400000025162,0,0.0,1,1,2.87,3.0
Ramsey,Single Can,Looner Deww 10mg THC 12oz can,400000024929,0,0.0,2,2,2.8,6.0
Ramsey,Single Can,Looner Lemon Lime 10mg THC 12oz can,400000024967,0,0.0,3,3,2.8,8.0
Ramsey,Single Can,Looner Peach Lemonade 10mg THC 12oz can,400000025001,0,0.0,2,2,2.8,6.0
Ramsey,Single Can,Foundry Nation Two Scoops Cherry 10mg THC 12oz can,400000025124,0,0.0,2,2,3.33,7.0
Ramsey,Single Can,Birch's Ginger Ale Seltzer 10mg THC 12oz can,400000024844,0,0.0,5,5,2.0,10.0
Ramsey,Single Can,Looner Cola 10mg THC 12oz can,400000024882,0,0.0,5,5,2.8,14.0
Ramsey,Single Can,Looner Pink Lemonade 10mg THC 12oz can,400000025025,0,0.0,4,4,2.8,11.0
Ramsey,Single Can,Looner Professor Pepper 10mg THC 12oz can,400000025049,0,0.0,6,6,2.8,17.0
Ramsey,Single Can,Looner Classic Lemonade 10mg THC 12oz can,400000024868,0,0.0,11,11,2.8,31.0
Ramsey,Single Can,Looner Creme Soda 10mg THC 12oz can,400000024905,0,0.0,11,11,2.8,31.0
Ramsey,Single Can,Looner Root Beer 10mg THC Soda 12oz can,400000025063,0,0.0,11,11,2.8,31.0
Ramsey,Single Can,Looner Sweet Orange Soda 10mg THC 12oz can,400000025087,0,0.0,13,13,2.8,36.0
Ramsey,Single Can,Looner Wild Grape 10mg THC 12oz can,400000025100,0,0.0,12,12,2.8,34.0
Ramsey,Wild State Cider,Odder Lemon Lime Cherry 10mg THC 4pk 12oz can,850018947985,0,0.0,3,18,6.67,120.0
Ramsey,,Tempter's Citrus 10mg THC 12oz can,850009601223,0,0.0,3,3,2.67,8.0
Ramsey,,Tempter's Strawberry 10mg THC 12oz can,850009601230,0,0.0,2,2,2.67,5.0
Ramsey,,IYKYK Peach Tea 10mg 12oz can,850071300222,0,0.0,2,2,2.24,4.0
Ramsey,,IYKYK Lemonade 10mg 12oz can,850071300239,0,0.0,4,4,2.25,9.0
Ramsey,,IYKYK Lemonade Tea 10mg 12oz can,850071300246,0,0.0,4,4,2.24,9.0
Rosemount,Artisan Beer,Stigma Berry Tea 10mg THC 4pk 16oz can,850011431962,0,0.0,1,6,9.53,57.0
Rosemount,Artisan Beer,Stigma Club Soda 10mg THC 4pk 16oz can,850011431979,1,1.4,1,6,11.01,66.0
Rosemount,Artisan Beer,Stigma Tonic Variety Pack 10mg THC 12pk 12oz can,860014678486,2,2.1,1,2,25.32,51.0
Rosemount,Bellboy Corporation,Minny Grown Minnarita 4pk 12oz can,860009899339,0,0.0,2,12,11.0,132.0
Rosemount,Bellboy Corporation,Minny Grown Highbernate 5mg THC 10 Pack,860009438040,8,1.3,2,24,8.0,192.0
Rosemount,Bellboy Corporation,Minny Grown Minny Apple 10 Pack,860009438088,10,1.5,2,24,8.0,192.0
Rosemount,Bellboy Corporation,Minny Grown St. Croix Sunrise 10 Pack,860009899360,11,1.8,2,24,8.0,192.0
Rosemount,Bellboy Corporation,Brez Double 5mg THC 4pk 12oz can,860012187997,3,2.1,1,6,11.33,68.0
Rosemount,Bellboy Corporation,Minny Grown St. Croix Sunrise Yummy Gummy Bar 50mg THC,860010316481,1,2.1,1,12,6.0,72.0
Rosemount,Bellboy Corporation,Minny Grown Watermelon 10 Pack,860006677664,9,2.4,1,12,8.0,96.0
Rosemount,Bellboy Corporation,Minny Grown Highbernate 2.0 10 Pack,860010532591,10,2.4,1,12,8.0,96.0
Rosemount,Bellboy Corporation,BLNCD Mocktail Variety Pack 10mg 12pk 12oz can,840006315841,2,2.9,1,2,26.65,53.0
Rosemount,Bellboy Corporation,Minny Grown Peach 10 Pack,860006677695,3,3.2,1,12,8.0,96.0
Rosemount,Bellboy Corporation,Minny Grown CBD Chillbeary 10 Pack,860009899384,3,3.2,1,12,8.0,96.0
Rosemount,Bent Paddle Brewing Co,Bent Paddle Muse Mango Citrus 5mg THC 4pk 12oz can,850083991005,0,0.0,1,6,7.33,44.0
Rosemount,Bent Paddle Brewing Co,Bent Paddle Puff Puff Pass Variety 10mg THC 12pk 12oz can,850024846791,6,1.6,5,10,22.5,225.0
Rosemount,Bent Paddle Brewing Co,Bent Paddle Hightened Mary Jane's Mule 10mg THC 4pk 12oz can,850024846630,2,1.7,1,6,9.35,56.0
Rosemount,Bent Paddle Brewing Co,Bent Paddle Puff Dragonfruit Pine 10mg THC 12pk 12oz can,850024846661,1,2.1,1,2,24.07,48.0
Rosemount,Bent Paddle Brewing Co,Bent Paddle Puff Prickly Pear Lemonade 10mg THC 4pk 12oz can,858106004251,2,2.9,1,6,10.67,64.0
Rosemount,Birch's on the Lake,Birch's Ginger Ale Seltzer 10mg THC 4pk 12oz can,400000024837,7,2.8,1,6,8.0,48.0
Rosemount,"Capitol Beverage Sales, L.P.",Fetch Variety Pack 10mg THC 6pk 12oz can,628719778227,0,0.0,1,4,12.02,48.0
Rosemount,"Capitol Beverage Sales, L.P.",Granny's Birthday Cake Pretzels 50mg THC 50pk,850055931183,0,0.0,1,10,10.07,101.0
Rosemount,"Capitol Beverage Sales, L.P.",Granny's Granny Smith 5mg THC Gummies 10pk,850055931077,1,0.2,3,30,5.74,172.0
Rosemount,"Capitol Beverage Sales, L.P.",Clrty Variety 10mg THC 12pk 12oz can,850048459335,5,1.1,7,14,10.68,149.0
Rosemount,"Capitol Beverage Sales, L.P.",Granny's Pear-Ginger 5mg THC Gummies 10pk,850055931145,1,1.4,1,10,5.41,54.0
Rosemount,"Capitol Beverage Sales, L.P.",Granny's Honey Mustard 50mg THC 50pk,850055931169,1,1.4,1,10,10.1,101.0
Rosemount,"Capitol Beverage Sales, L.P.",Granny's Cranberry Apple 5mg THC Gummies 10pk,850055931152,2,1.4,1,10,5.78,58.0
Rosemount,"Capitol Beverage Sales, L.P.",Granny's Rainbow Sherbet 5mg THC Gummies 10pk,850055931053,6,2.1,1,10,5.8,58.0
Rosemount,"Capitol Beverage Sales, L.P.",Tempter's Citrus 10mg 4pk 12oz can,850009601254,6,2.9,1,6,10.67,64.0
Rosemount,College City Beverage,Mary Jones Variety Pack 10mg THC 12pk 12oz can,620221425903,0,0.0,1,2,29.23,58.0
Rosemount,College City Beverage,Lift Bridge Fruit Cup 10mg THC 4pk 12oz can,685165385218,0,0.0,1,6,10.73,64.0
Rosemount,College City Beverage,Uncle Arnie's Blueberry Nightcap 10mg THC 2oz,850039736483,51,2.4,2,48,1.67,80.0
Rosemount,College City Beverage,Uncle Arnie's Strawberry Kiwi 10mg THC 2oz,850039736469,61,2.4,2,48,1.67,80.0
Rosemount,College City Beverage,Uncle Arnie's Lemon Mint 10mg THC 2oz,850039736919,33,2.8,1,24,1.67,40.0
Rosemount,College City Beverage,Uncle Arnie's Watermelon Wave 10mg THC 4pk 12oz can,850039736353,9,3.5,1,6,10.0,60.0
Rosemount,"College City Beverage, Inc.",Lift Bridge Believer Float 10mg THC 4pk 12oz can,685165387076,0,0.0,1,6,9.92,60.0
Rosemount,"College City Beverage, Inc.",Lift Bridge Believer Dream 10mg THC 4pk 12oz can,685165387106,0,0.0,1,6,10.27,62.0
Rosemount,"College City Beverage, Inc.",Uncle Arnie's Tahitian Treat 10mg THC 2oz,850039736926,4,0.3,3,72,1.67,120.0
Rosemount,"College City Beverage, Inc.",Uncle Arnie's Variety Pack Sugar Free 10mg THC 12pk 12oz can,850039736667,28,3.5,2,4,26.4,106.0
Rosemount,"College City Beverage, Inc.",Plift Select Raspbery 83mg THC 750ml Btl,850075157501,11,3.6,1,6,11.58,69.0
Rosemount,Discontinued,Gigli Raspberry Tea 10mg THC 4pk 12oz can,198168016879,1,,4,24,9.85,236.0
Rosemount,Get Chai,CQ Watermelon Lemonade 10mg THC 2oz,602573191507,-2,-0.3,2,48,1.66,80.0
Rosemount,Get Chai,Leafy Blueberry Lemon Gummies 5mg THC 10 Pack,669185409260,5,1.6,1,10,3.13,31.0
Rosemount,Get Chai,CQ Strawberry Lemonade 10mg THC 2oz,602573191514,25,2.3,1,24,1.66,40.0
Rosemount,Get Chai,Leafy Maui Pineapple Gummies 5mg THC 10 Pack,669185409239,6,2.6,1,10,3.12,31.0
Rosemount,Get Chai,Leafy Sour Watermelon Gummies 5mg THC 10 Pack,669185409253,15,2.8,1,10,3.13,31.0
Rosemount,Gigli MN LLC,Gigli Sativa Mixed Fruit 5mg THC 10 Pack,643459379558,1,0.1,3,36,0.32,11.0
Rosemount,Gigli MN LLC,Gigli Sleep 5mg THC 10 Pack,643459379435,10,1.9,1,12,1.87,22.0
Rosemount,Gigli MN LLC,Gigli Sour Fruit 5mg THC 10 Pack,643459379268,11,2.5,1,12,0.29,3.0
Rosemount,Gigli MN LLC,Gigli Mango Seltzer 10mg THC 4pk 12oz can,643459379541,17,36.4,1,6,9.78,59.0
Rosemount,Gigli MN LLC,Gigli Iced Tea Lemonade 10mg THC 4pk 12oz can,198168611401,8,,2,12,9.78,117.0
Rosemount,Global Reserve LLC,Looner Half and Half 10mg THC 4pk 12oz can,400000024936,-1,-2.7,1,6,11.2,67.0
Rosemount,Global Reserve LLC,Looner Spirits Unflavored 85mg THC 750ml,884400118042,-8,-0.6,7,63,14.0,882.0
Rosemount,Global Reserve LLC,Looner Wild Grape 10mg THC 4pk 12oz can,400000025094,0,-0.2,2,12,11.2,134.0
Rosemount,Global Reserve LLC,Bubz Purple Fizz 10mg THC 4pk 12oz can,850047906625,0,0.0,1,6,9.08,55.0
Rosemount,Global Reserve LLC,Looner Sweet Orange 10mg THC Soda 4pk 12oz can,400000025070,2,0.7,3,18,11.2,202.0
Rosemount,Global Reserve LLC,Looner Professor Pepper 10mg THC 4pk 12oz can,400000025032,1,0.8,2,12,11.2,134.0
Rosemount,Global Reserve LLC,Looner 10mg THC Lemonade Variety Pack 12pk 12oz can,199284895157,1,1.1,2,4,27.5,110.0
Rosemount,Global Reserve LLC,Looner Creme 10mg THC Soda 4pk 12oz can,400000024899,3,1.3,2,12,11.2,134.0
Rosemount,Global Reserve LLC,Looner Deww 10mg THC 4pk 12oz can,400000024912,3,2.0,1,6,11.2,67.0
Rosemount,Global Reserve LLC,Looner Pink Lemonade 10mg THC 4pk 12oz can,400000025018,5,2.1,1,6,11.2,67.0
Rosemount,Global Reserve LLC,Aura Ginger Peach Seltzer 10mg THC 4pk 12oz can,198715843071,3,2.6,1,6,8.5,51.0
Rosemount,Global Reserve LLC,Looner Twilight Strawberry Gummies 5mg THC 10 Pack,198715111019,6,2.6,1,10,5.0,50.0
Rosemount,Global Reserve LLC,Drops Black Currant Deep 5mg THC 10 Pack,850068508259,5,2.7,1,10,5.92,59.0
Rosemount,Global Reserve LLC,Looner Lemon Lime 10mg THC 4pk 12oz can,400000024950,5,3.5,1,6,11.2,67.0
Rosemount,Global Reserve LLC,Looner 10mg THC Sodas Variety Pack 12pk 12oz can,199284405967,18,3.7,1,2,27.5,55.0
Rosemount,"Hohensteins, Inc.",Find Wunder Midnight Berry 10mg THC 2oz btl,810035541252,-3,-4.3,1,12,4.78,57.0
Rosemount,"Hohensteins, Inc.",Find Wunder Anytime Citrus 10mg THC 2oz btl,810035541269,-1,-4.3,1,12,4.45,53.0
Rosemount,"Hohensteins, Inc.",Senorita Paloma 10mg THC 4pk 12oz can,850072957173,4,1.0,2,12,11.2,134.0
Rosemount,"Hohensteins, Inc.",Senorita Lime Jalpeno Margarita 10mg THC 4pk 12oz can,850072957159,8,1.9,2,12,11.2,134.0
Rosemount,"Hohensteins, Inc.",Rythm Sativa 10mg THC 4pk 12oz can,850072957029,3,2.6,1,6,11.25,67.0
Rosemount,"Hohensteins, Inc.",Rythm Kush 10mg THC 4pk 12oz can,850072957074,14,2.6,2,12,11.22,135.0
Rosemount,"Hohensteins, Inc.",Find Wunder Variety Pack 10mg THC 8pk 12oz can,810035541368,4,3.4,1,3,24.47,73.0
Rosemount,"Hohensteins, Inc.",Senorita Mango Margarita 10mg THC 4pk 12oz can,850072957135,10,3.6,1,6,11.2,67.0
Rosemount,"IYKYK Beverages, LLC",IYKYK Strawberry Lemonade 10mg 4pk 12oz can,850071300314,0,0.3,2,12,9.0,108.0
Rosemount,"IYKYK Beverages, LLC",IYKYK Lemonade Tea 10mg 4pk 12oz can,850071300345,3,2.1,1,6,8.98,54.0
Rosemount,"IYKYK Beverages, LLC",IYKYK Lemonade 10mg 4pk 12oz can,850071300338,4,3.4,1,6,9.0,54.0
Rosemount,Insight Brewing Company (D),Insight Flavor Pixels Plus Raspberry Pear 10mg THC 12pk 12oz can,850077712005,4,2.4,2,4,25.45,102.0
Rosemount,Insight Brewing Company (D),Insight Flavor Pixels 10mg THC Variety #2 12pk 12oz can,850077712050,4,2.9,1,2,24.78,50.0
Rosemount,Insight Brewing Company (D),Insight Flavor Pixels Orange Creamsicle 10mg THC 12pk 12oz can,850033550443,8,2.9,2,4,25.45,102.0
Rosemount,Insight Brewing Company (D),Insight Flavor Pixels Black Lemon 10mg 12pk 12oz can,850033550375,11,2.9,2,4,24.78,99.0
Rosemount,Insight Brewing Company (D),Insight Flavor Pixels Plus Peach Mango 10mg THC 12pk 12oz can,850077712074,4,3.4,1,2,25.45,51.0
Rosemount,"Jixxie, Inc.",Jixxie Peach Rhubarb 10mg THC 4pk 12oz can,198715419979,9,3.2,1,6,7.83,47.0
Rosemount,Johnson Brothers - St. Paul,Wynk Black Cherry 5mg THC 6pk 12oz can,196852875160,11,2.0,3,12,8.86,106.0
Rosemount,Johnson Brothers - St. Paul,Wynk Lime Twist 5mg THC 6pk 12oz can,196852500505,2,2.9,1,4,8.17,33.0
Rosemount,Modist Brewing Company,Modist Melt Blood Orange Raspberry Vanilla 10mg THC 4pk 12oz can,810095561672,4,3.4,1,6,8.45,51.0
Rosemount,NOR North Brands LLC,North Canna Higher Vibes Adventure Pack 5mg THC,860011319047,0,0.0,1,3,15.0,45.0
Rosemount,NOR North Brands LLC,North Canna Higher Vibes Blueberry Citrus 5mg THC,860009819009,0,0.0,1,6,8.0,48.0
Rosemount,NOR North Brands LLC,North Canna High Tonics Variety Pack 10mg THC,860011622031,5,3.1,1,3,16.67,50.0
Rosemount,"North Star Hemp, LLC",You Betcha Anytime 10mg THC 4pk 12oz can,051497154110,7,2.7,1,6,10.0,60.0
Rosemount,Phillips Wine & Spirits - St. Paul,Green Monke Remix Variety Pack 10MG THC 12pk 12oz can,628425180635,2,1.0,4,8,29.5,236.0
Rosemount,Phillips Wine & Spirits - St. Paul,Daizy's Strawberry Lemonade 10mg THC 4pk 12oz can,850065870014,2,1.4,1,6,6.8,41.0
Rosemount,Phillips Wine & Spirits - St. Paul,Daizy's Grape 10mg THC 4pk 12oz can,85006587003,4,1.7,1,6,3.35,20.0
Rosemount,Phillips Wine & Spirits - St. Paul,Daizy's Blueberry Lemonade 10mg THC 4pk 12oz can,850065870236,13,2.8,1,6,4.94,30.0
Rosemount,Single Can,Looner Half and Half 10mg THC 12oz can,400000024943,0,0.0,1,1,2.8,3.0
Rosemount,Single Can,Foundry Nation Two Scoops Orange 10mg THC 12oz can,400000025148,0,0.0,1,1,3.12,3.0
Rosemount,Single Can,Looner Cola 10mg THC 12oz can,400000024882,0,0.0,2,2,2.8,6.0
Rosemount,Single Can,Looner Creme Soda 10mg THC 12oz can,400000024905,0,0.0,3,3,2.8,8.0
Rosemount,Single Can,Looner Deww 10mg THC 12oz can,400000024929,0,0.0,3,3,2.8,8.0
Rosemount,Single Can,Foundry Nation Two Scoops Root Beer 10mg THC 12oz can,400000025162,0,0.0,3,3,2.87,9.0
Rosemount,Single Can,Looner Lemon Lime 10mg THC 12oz can,400000024967,0,0.0,6,6,2.8,17.0
Rosemount,Single Can,Looner Peach Lemonade 10mg THC 12oz can,400000025001,0,0.0,4,4,2.8,11.0
Rosemount,Single Can,Looner Pink Lemonade 10mg THC 12oz can,400000025025,0,0.0,4,4,2.8,11.0
Rosemount,Single Can,Foundry Nation Two Scoops Cherry 10mg THC 12oz can,400000025124,0,0.0,4,4,3.33,13.0
Rosemount,Single Can,Looner Professor Pepper 10mg THC 12oz can,400000025049,0,0.0,7,7,2.8,20.0
Rosemount,Single Can,Looner Root Beer 10mg THC Soda 12oz can,400000025063,0,0.0,8,8,2.8,22.0
Rosemount,Single Can,Looner Sweet Orange Soda 10mg THC 12oz can,400000025087,0,0.0,8,8,2.8,22.0
Rosemount,Single Can,Looner Wild Grape 10mg THC 12oz can,400000025100,0,0.0,8,8,2.8,22.0
Rosemount,Sociable Cider Werks,Squoze Apple Kush 10mg THC 4pk 12oz can,859990007441,2,2.9,1,6,9.09,55.0
Rosemount,Superior Molecular,Pappy's Strawberry Lemonade 10mg THC 4pk 12oz can,850013921485,4,2.4,1,6,7.33,44.0
Rosemount,Superior Molecular,Pappy's Black Cherry Lemonade 10mg THC 4pk 12oz can,850013921492,4,2.4,1,6,7.33,44.0
Rosemount,Superior Molecular,Pappy's Honeycrisp Apple Gummies 5mg THC 10 Pack,850013921058,37,3.9,1,100,2.0,200.0
Rosemount,"Sweet Leaves, LLC",Sweet Leaves Passion Fruit 5mg THC 10 Pack,198715102017,2,1.1,1,12,5.12,61.0
Rosemount,"Sweet Leaves, LLC",Sweet Leaves Pink Lemon 5mg THC 10 Pack,198715463590,1,1.4,1,12,5.2,62.0
Rosemount,Wild State Cider,Odder Variety Pack 10mg THC 9pk 12oz can,850079194045,2,0.4,9,18,14.0,252.0
Rosemount,Wild State Cider,Wild State Birdie Tea + Lemon 10mg THC 4pk 12oz can,850018947879,2,2.1,1,6,11.0,66.0
Rosemount,,Tempter's Strawberry 10mg THC 12oz can,850009601230,0,0.0,1,1,2.67,3.0
Rosemount,,Granny's Elixir 10mg THC Variety Pack 12pk 12oz can,850055931251,0,0.0,1,1,31.74,32.0
Rosemount,,IYKYK Strawberry Lemonade 10mg 12oz can,850071300253,0,0.0,1,1,2.25,2.0
Rosemount,,Uncle Arnie's Strawberry Soda 10mg THC 4pk 12oz can,850039736902,0,0.0,2,2,9.45,19.0
Rosemount,,Tempter's Blueberry 10mg THC 12oz can,850009601247,0,0.0,4,4,2.67,11.0
Rosemount,,Uncle Arnie's Orange Soda 10mg THC 4pk 12oz can,850039736896,3,1.2,8,8,7.99,64.0
Roseville,Artisan Beer,Stigma Peach Iced Tea 10mg THC 4pk 16oz can,850011431955,0,0.0,1,6,9.33,56.0
Roseville,Artisan Beer,Stigma Lime Seltzer 10mg THC 4pk 16oz can,850011431986,2,1.4,1,6,10.94,66.0
Roseville,Artisan Beer,Stigma Club Soda 10mg THC 4pk 16oz can,850011431979,5,2.1,1,6,11.01,66.0
Roseville,Bellboy Corporation,Minny Grown Mango 10 Pack,860009438057,-2,-0.5,2,24,8.0,192.0
Roseville,Bellboy Corporation,Minny Grown Minnarita 4pk 12oz can,860009899339,0,0.0,3,18,11.0,198.0
Roseville,Bellboy Corporation,Smokiez Sour Watermelon THC 10 pack,811194034128,0,0.0,1,12,5.5,66.0
Roseville,Bellboy Corporation,Minny Grown Caramel Apple Alien Abduction Yummy Gummy Bar 50mg THC,850063284608,0,0.0,1,12,6.0,72.0
Roseville,Bellboy Corporation,Minny Grown BlueBeary 10 Pack,860006677671,0,0.0,1,12,8.0,96.0
Roseville,Bellboy Corporation,Minny Grown Highbernate 2.0 10 Pack,860010532591,0,0.0,6,72,8.0,576.0
Roseville,Bellboy Corporation,Minny Grown Watermelon 10 Pack,860006677664,4,1.3,1,12,8.0,96.0
Roseville,Bellboy Corporation,Minny Grown Highbernate Moon Melon 5mg THC 10mg CBD 20mg CBN 10pk,850063284776,6,1.5,1,12,7.96,96.0
Roseville,Bellboy Corporation,Brez Extra Strength 10mg THC 4pk 12oz can,860013612719,3,1.8,1,6,12.17,73.0
Roseville,Bellboy Corporation,Foundry Nation Two Scoops Root Beer 10mg THC 4pk 12oz can,400000025155,2,2.1,1,6,11.49,69.0
Roseville,Bellboy Corporation,Smokiez Jamberry THC 10 pack,811194034913,1,2.1,1,12,5.5,66.0
Roseville,Bellboy Corporation,Foundry Nation Lemon Haze 85mg 750ml,840006316169,5,2.4,1,6,19.5,117.0
Roseville,Bellboy Corporation,Minny Grown Berry Bliss 10 Pack,860006677688,12,2.6,1,12,8.0,96.0
Roseville,Bellboy Corporation,Minny Grown Peach 10 Pack,860006677695,13,2.8,1,12,8.0,96.0
Roseville,Bellboy Corporation,Smokiez Watermelon THC 10 pack,811194034111,6,2.9,1,12,5.5,66.0
Roseville,Bellboy Corporation,Minny Grown CBN Rainbow Sherbert 10 Pack,850063284127,11,3.1,1,12,8.0,96.0
Roseville,Bent Paddle Brewing Co,Bent Paddle Muse Mango Citrus 5mg THC 4pk 12oz can,850083991005,0,0.0,1,6,7.33,44.0
Roseville,Bent Paddle Brewing Co,Bent Paddle Muse Strawberry Watermelon 5mg THC 4pk 12oz can,850083991012,0,0.0,1,6,7.33,44.0
Roseville,Bent Paddle Brewing Co,Bent Paddle Hightened Paloma Rita 10mg THC 4pk 12oz can,850024846647,1,0.7,1,6,9.25,55.0
Roseville,Bent Paddle Brewing Co,Bent Paddle Puff Puff Pass Variety 10mg THC 12pk 12oz can,850024846791,6,0.8,12,24,22.5,540.0
Roseville,Bent Paddle Brewing Co,Bent Paddle Puff Party Pack 10mg THC 12pk 12oz can,858106004268,1,1.4,1,2,22.6,45.0
Roseville,Bent Paddle Brewing Co,Bent Paddle Hightened Mary Jane's Mule 10mg THC 4pk 12oz can,850024846630,2,1.7,1,6,9.35,56.0
Roseville,Bent Paddle Brewing Co,Bent Paddle Puff Tropical Soda 10mg THC 4pk 12oz can,850024846807,2,2.1,1,6,10.22,61.0
Roseville,Birch's on the Lake,Birch's Blueberry 10mg THC 4pk 12oz can,400000024813,1,1.9,1,6,8.0,48.0
Roseville,Birch's on the Lake,Birch's Ginger Ale Seltzer 10mg THC 4pk 12oz can,400000024837,10,3.5,1,6,8.0,48.0
Roseville,"Breakthru Beverage Minnesota Beer, LLC",Utepils Happy Pack 10mg THC 12pk 12oz can,852449007429,1,2.1,1,2,25.18,50.0
Roseville,"Breakthru Beverage Minnesota Beer, LLC",Utepils Royal Cherry Seltzer 10mg THC 4pk 12oz can,852449007979,7,2.3,1,6,10.72,64.0
Roseville,"Breakthru Beverage Minnesota Beer, LLC",Utepils Key Lime Seltzer 10mg THC 4pk 12oz can,852449007986,2,2.9,1,6,10.54,63.0
Roseville,"Capitol Beverage Sales, L.P.",Uncle Arnie's Variety Pack 10mg THC 12pk 12oz can,850039736650,0,0.0,10,20,26.4,528.0
Roseville,"Capitol Beverage Sales, L.P.",Clrty Pink Lemonade 10mg THC 4pk 12oz can,860008925152,0,0.0,1,6,11.6,70.0
Roseville,"Capitol Beverage Sales, L.P.",Collective Project Cherry Limade 5mg THC 4pk 12oz can,628719778098,0,0.0,1,6,8.45,51.0
Roseville,"Capitol Beverage Sales, L.P.",Tempter's Citrus 10mg 4pk 12oz can,850009601254,0,0.0,1,6,10.67,64.0
Roseville,"Capitol Beverage Sales, L.P.",Granny's Pineapple Passionfruit 10mg THC 4pk 12oz can,850055931213,0,0.0,1,6,11.57,69.0
Roseville,"Capitol Beverage Sales, L.P.",Granny's Grapefruit Tangerine 10mg THC 4pk 12oz can,850055931220,0,0.0,1,6,11.68,70.0
Roseville,"Capitol Beverage Sales, L.P.",Granny's 5mg THC Gummy Variety Pack 10pk,850055931084,0,0.0,2,20,5.85,117.0
Roseville,"Capitol Beverage Sales, L.P.",Granny's Rainbow Sherbet 5mg THC Gummies 10pk,850055931053,2,0.3,3,30,5.8,174.0
Roseville,"Capitol Beverage Sales, L.P.",Granny's Granny Smith 5mg THC Gummies 10pk,850055931077,3,0.3,4,40,5.74,230.0
Roseville,"Capitol Beverage Sales, L.P.",Uncle Arnie's Grape Soda 10mg THC 4pk 12oz can,850039736889,1,0.6,1,6,10.0,60.0
Roseville,"Capitol Beverage Sales, L.P.",Uncle Arnie's Blueberry Nightcap 10mg THC 2oz,850039736483,13,0.7,3,72,1.67,120.0
Roseville,"Capitol Beverage Sales, L.P.",Granny's Cranberry Apple 5mg THC Gummies 10pk,850055931152,3,0.8,2,20,5.78,116.0
Roseville,"Capitol Beverage Sales, L.P.",Uncle Arnie's Sunrise Orange 10mg THC 2oz,850039736476,5,0.9,1,24,1.67,40.0
Roseville,"Capitol Beverage Sales, L.P.",Uncle Arnie's Zen Green Tea 10mg THC 4pk 12oz can,850039736339,2,1.1,1,6,10.0,60.0
Roseville,"Capitol Beverage Sales, L.P.",Granny's Orange Creamsicle 5mg THC Gummies 10pk,850055931060,6,1.4,2,20,5.72,114.0
Roseville,"Capitol Beverage Sales, L.P.",Uncle Arnie's Tahitian Treat 10mg THC 2oz,850039736926,11,1.6,1,24,1.67,40.0
Roseville,"Capitol Beverage Sales, L.P.",Granny's Fruit Tonic 10mg THC Variety Pack 12pk 12oz can,850055931268,2,1.7,2,4,32.95,132.0
Roseville,"Capitol Beverage Sales, L.P.",Tempter's Blueberry 10mg THC 4pk 12oz can,850009601278,2,2.1,1,6,10.67,64.0
Roseville,"Capitol Beverage Sales, L.P.",Layup Strawberry Lemonade 10mg THC 4pk 12oz can,850081233893,4,2.1,1,6,9.17,55.0
Roseville,"Capitol Beverage Sales, L.P.",Fetch Lemon Lime 10mg THC 4pk 12oz can,628719778128,4,2.4,1,6,7.57,45.0
Roseville,"Capitol Beverage Sales, L.P.",Plift Select Peach 83mg THC 750ml Btl,850075157488,8,2.4,1,6,10.51,63.0
Roseville,"Capitol Beverage Sales, L.P.",Uncle Arnie's Magic Mango 10mg THC 2oz,850039736490,10,2.5,1,24,1.67,40.0
Roseville,"Capitol Beverage Sales, L.P.",Layup Lemonade Variety Pack 10mg THC 12pk 12oz can,850081233367,3,2.6,1,2,23.59,47.0
Roseville,"Capitol Beverage Sales, L.P.",Plift Select Raspbery 83mg THC 750ml Btl,850075157501,15,2.7,2,12,11.58,139.0
Roseville,"Capitol Beverage Sales, L.P.",Clrty Tangerine 10mg THC 4pk 12oz can,850048459014,5,3.1,1,6,11.49,69.0
Roseville,"Capitol Beverage Sales, L.P.",Plift Select Orange 83mg THC 750ml Btl,850075157464,14,3.3,1,6,10.37,62.0
Roseville,"Capitol Beverage Sales, L.P.",Plift Variety Pack 12pk 7.5oz can 10mg THC,860012955015,12,3.7,1,2,17.06,34.0
Roseville,"Capitol Beverage Sales, L.P.",Collective Project Orange Vanilla 10mg THC 4pk 12oz can,628719778012,8,3.8,1,6,9.33,56.0
Roseville,"Capitol Beverage Sales, L.P.",Tempter's Strawberry 10mg THC 4pk 12oz can,850009601261,4,3.9,1,6,10.67,64.0
Roseville,Dahlheimer Beverage Monticello,Lift Bridge Limelon 10mg THC 4pk 12oz can,685165385119,1,1.4,1,6,11.47,69.0
Roseville,Discontinued,Gigli Raspberry Tea 10mg THC 4pk 12oz can,198168016879,0,0.0,4,24,9.85,236.0
Roseville,Discontinued,Gigli Citrus Seltzer 10mg THC 4pk 12oz can,643459379305,1,0.4,3,18,9.79,176.0
Roseville,Discontinued,Tetra Rasp-Ginger 10mg THC 4pk 12oz can,810091530849,1,1.1,1,6,13.0,78.0
Roseville,Get Chai,CQ Blackberry Lemon Lime Spritzer 5mg THC 12oz can,602573191699,-1,-0.6,1,12,2.48,30.0
Roseville,Get Chai,CQ Strawberry Lemonade 10mg THC 2oz,602573191514,0,0.0,1,24,1.66,40.0
Roseville,Get Chai,Leafy Vineyard Grape 10mg THC 12oz can,400000025643,5,0.6,2,48,1.95,94.0
Roseville,Get Chai,Leafy Wildberry Gummies 5mg THC 10 Pack,669185409277,21,1.0,7,70,3.12,219.0
Roseville,Get Chai,OFFFIELD High Performance Sports Drink Dragon Fruit Lemonade 3mg THC 12oz can,199284257993,2,1.2,1,24,2.83,68.0
Roseville,Get Chai,Leafy Sour Watermelon Gummies 5mg THC 10 Pack,669185409253,29,1.6,5,50,3.13,156.0
Roseville,Get Chai,Leafy Sweet Vanilla Latte 10mg 12oz can,669185540994,9,1.8,1,12,2.23,27.0
Roseville,Get Chai,CQ Watermelon Lemonade 10mg THC 2oz,602573191507,9,1.8,1,24,1.66,40.0
Roseville,Get Chai,CQ Old Fashioned Lemonade 10mg THC 2oz,602573191545,45,2.2,2,48,1.66,80.0
Roseville,Get Chai,Leafy Maui Pineapple Gummies 5mg THC 10 Pack,669185409239,49,2.4,4,40,3.12,125.0
Roseville,Get Chai,North Star Old Fashioned Root Beer 10mg THC 12oz can,783970682529,30,2.7,1,24,0.0,0.0
Roseville,Get Chai,Leafy  0-Calorie Wild Strawberry Sparkling Beverage 10mg 12oz can,669185549225,27,3.3,1,24,2.23,53.0
Roseville,Gigli MN LLC,Gigli Sleep 5mg THC 10 Pack,643459379435,10,2.3,1,12,1.87,22.0
Roseville,Gigli MN LLC,Gigli Sativa Mixed Fruit 5mg THC 10 Pack,643459379558,13,3.5,1,12,0.32,4.0
Roseville,Gigli MN LLC,Gigli Extra Gigli Variety 10mg THC 4pk 12oz can,643459380004,26,5.3,1,6,9.75,58.0
Roseville,Gigli MN LLC,Gigli Iced Tea Lemonade 10mg THC 4pk 12oz can,198168611401,8,6.9,4,24,9.78,235.0
Roseville,Gigli MN LLC,Gigli Mango Seltzer 10mg THC 4pk 12oz can,643459379541,11,15.7,3,18,9.78,176.0
Roseville,Global Reserve LLC,Climbing Kites Variety Pack 10mg THC 6pk 12oz can,850047906380,0,0.0,2,8,14.4,115.0
Roseville,Global Reserve LLC,Bootlegger Coconut Rum Mocktail 10mg THC 4pk 12oz can,198168598160,0,0.0,1,6,11.2,67.0
Roseville,Global Reserve LLC,Bubz Purple Fizz 10mg THC 4pk 12oz can,850047906625,0,0.0,1,6,9.08,55.0
Roseville,Global Reserve LLC,Drops Cherry Dreamy 5mg THC 10 Pack,850068508273,0,0.0,1,10,5.9,59.0
Roseville,Global Reserve LLC,Looner Twilight Blackberry Gummies 5mg THC 10 Pack,198168425602,4,0.8,2,20,5.0,100.0
Roseville,Global Reserve LLC,Drops Orange Creative 5mg THC 10 Pack,850068508297,2,1.0,1,10,6.0,60.0
Roseville,Global Reserve LLC,Drops Watermelon Chill 5mg THC 10 Pack,850068508303,2,1.1,1,10,5.62,56.0
Roseville,Global Reserve LLC,Looner Spirits Unflavored 85mg THC 750ml,884400118042,16,2.4,2,18,14.0,252.0
Roseville,Global Reserve LLC,Looner Root Beer 10mg THC Soda 4pk 12oz can,400000025056,12,2.7,1,6,11.2,67.0
Roseville,Global Reserve LLC,Looner Wild Grape 10mg THC 4pk 12oz can,400000025094,9,2.8,1,6,11.2,67.0
Roseville,Global Reserve LLC,Looner Pink Lemonade 10mg THC 4pk 12oz can,400000025018,2,2.9,1,6,11.2,67.0
Roseville,Global Reserve LLC,Looner Twilight Strawberry Gummies 5mg THC 10 Pack,198715111019,18,3.4,1,10,5.0,50.0
Roseville,Global Reserve LLC,Looner Creme 10mg THC Soda 4pk 12oz can,400000024899,9,3.7,1,6,11.2,67.0
Roseville,Global Reserve LLC,Looner 10mg THC Lemonade Variety Pack 12pk 12oz can,199284895157,7,3.8,1,2,27.5,55.0
Roseville,Happy Duck LLC,Happy Duck Tangerine 10mg THC 4pk 12oz can,850056651073,2,2.1,1,6,5.92,36.0
Roseville,"Hohensteins, Inc.",Rythm Sativa 10mg THC 4pk 12oz can,850072957029,1,0.2,3,18,11.25,202.0
Roseville,"Hohensteins, Inc.",Rythm Kush 10mg THC 4pk 12oz can,850072957074,10,1.7,3,18,11.22,202.0
Roseville,"Hohensteins, Inc.",Senorita Paloma 10mg THC 4pk 12oz can,850072957173,10,2.4,2,12,11.2,134.0
Roseville,"Hohensteins, Inc.",Senorita Mango Margarita 10mg THC 4pk 12oz can,850072957135,9,2.8,1,6,11.2,67.0
Roseville,"IYKYK Beverages, LLC","IYKYK Party Pack 5mg 8pk 12oz can
",850071300123,-1,-4.3,1,3,13.67,41.0
Roseville,Insight Brewing Company (D),Insight Brewing Flavor Pixels 12pk 12oz can,850033550306,1,0.3,7,14,17.41,244.0
Roseville,Insight Brewing Company (D),Insight Flavor Pixels 10mg THC Variety #2 12pk 12oz can,850077712050,1,0.6,3,6,24.78,149.0
Roseville,Insight Brewing Company (D),Insight Flavor Pixels 10mg THC Variety 12pk 12oz can,850033550641,2,0.8,5,10,24.78,248.0
Roseville,Insight Brewing Company (D),Insight Flavor Pixels Plus Raspberry Pear 10mg THC 12pk 12oz can,850077712005,1,1.1,2,4,25.45,102.0
Roseville,Insight Brewing Company (D),Insight Flavor Pixels Plus Peach Mango 10mg THC 12pk 12oz can,850077712074,3,2.6,1,2,25.45,51.0
Roseville,Insight Brewing Company (D),Insight Flavor Pixels Orange Creamsicle 10mg THC 12pk 12oz can,850033550443,4,2.9,1,2,25.45,51.0
Roseville,Insight Brewing Company (D),Jixxie Huckleberry Sour 10mg THC 4pk 12oz can,198715275476,2,2.9,1,6,7.83,47.0
Roseville,"Jixxie, Inc.",Jixxie Peach Rhubarb 10mg THC 4pk 12oz can,198715419979,5,1.5,2,12,7.83,94.0
Roseville,"Jixxie, Inc.",Jixxie Grapefruit Rosemary 10mg THC 4pk 12oz can,198715584578,6,3.7,1,6,7.83,47.0
Roseville,Logan Fleischman,Billy Goats Microdose 25 Pack,649696490094,0,0.0,1,12,11.14,134.0
Roseville,Lucid Brewing LLC Dba Inbound Brewco,Inbound Satellite Cherry Lime THC 4pk 12oz can,854249004165,0,0.0,1,6,8.67,52.0
Roseville,Lucid Brewing LLC Dba Inbound Brewco,Inbound Satellite Blackberry Peach 10mg THC 4pk 12oz can,854249004110,3,3.2,1,6,9.25,55.0
Roseville,Modist Brewing Company,Modist Melt Ginger Lemon Lime THC 10mg 4pk 12oz can,810095561665,0,0.0,1,6,9.33,56.0
Roseville,Modist Brewing Company,Modist Tint Raspberry Lemon Iced Tea 10mg THC 4pk 12oz can,810095561979,0,0.0,1,6,6.43,39.0
Roseville,Modist Brewing Company,Modist Calamansi Tangerine THC 10mg 4pk 12oz can,810095561689,0,0.0,2,12,9.17,110.0
Roseville,Modist Brewing Company,Modist Tint Blackberry Lime 10mg THC 4pk 12oz can,810095561986,1,1.1,1,6,6.43,39.0
Roseville,Modist Brewing Company,Modist Melt Pop  Sangria Ginger Ale 10mg THC 4pk 12oz can,810095561528,2,1.4,1,6,9.34,56.0
Roseville,NOR North Brands LLC,North Canna High Tonics Variety Pack 10mg THC,860011622031,2,0.7,4,12,16.67,200.0
Roseville,"North Star Hemp, LLC",You Betcha Daytime 10mg THC 4pk 12oz can,051497529079,6,2.6,1,6,10.0,60.0
Roseville,"North Star Hemp, LLC",You Betcha Nighttime 5mg THC 4pk 12oz can,810023141013,12,2.6,2,12,8.33,100.0
Roseville,"North Star Hemp, LLC",You Betcha Day Time Gummies 10 Pack,051497359386,3,3.2,1,10,10.12,101.0
Roseville,Nothing But Hemp LLC,Nothing But Hemp Bomb Pop 10mg THC 5 Pack,649696153951,-1,-0.3,1,24,5.6,134.0
Roseville,Nothing But Hemp LLC,Nothing But Hemp Agent Orange 10mg 5 Pack,649696491367,3,1.1,1,24,5.52,132.0
Roseville,Phillips Wine & Spirits - St. Paul,Green Monke Blue Raspberry 10mg THC 4pk 12oz can,628634142912,0,0.0,1,6,10.83,65.0
Roseville,Phillips Wine & Spirits - St. Paul,Green Monke Lychee 10mg THC 4pk 12oz can,628425180468,0,0.0,1,6,9.69,58.0
Roseville,Phillips Wine & Spirits - St. Paul,Green Monke Tropical Citrus 10mg THC 4pk 12oz can,628634142431,0,0.0,2,12,9.57,115.0
Roseville,Phillips Wine & Spirits - St. Paul,Green Monke Remix Variety Pack 10MG THC 12pk 12oz can,628425180635,1,0.9,2,4,29.5,118.0
Roseville,Phillips Wine & Spirits - St. Paul,Daizy's Grape 10mg THC 4pk 12oz can,85006587003,1,0.9,1,6,3.35,20.0
Roseville,Phillips Wine & Spirits - St. Paul,Daizy's Watermelon Lime 10mg THC 4pk 12oz can,85006587009,3,1.4,1,6,10.5,63.0
Roseville,Phillips Wine & Spirits - St. Paul,Daizy's Blueberry Lemonade 10mg THC 4pk 12oz can,850065870236,3,1.4,1,6,4.94,30.0
Roseville,Phillips Wine & Spirits - St. Paul,Daizy's Cream Soda 10mg THC 4pk 12oz can,850065870298,3,1.8,1,6,9.34,56.0
Roseville,Phillips Wine & Spirits - St. Paul,Green Monke Orange Cream 10mg THC 4pk 12oz can,628425180475,2,2.9,1,6,8.98,54.0
Roseville,Single Can,Looner Half and Half 10mg THC 12oz can,400000024943,0,0.0,1,1,2.8,3.0
Roseville,Single Can,Looner Creme Soda 10mg THC 12oz can,400000024905,0,0.0,2,2,2.8,6.0
Roseville,Single Can,Foundry Nation Two Scoops Cherry 10mg THC 12oz can,400000025124,0,0.0,2,2,3.33,7.0
Roseville,Single Can,Foundry Nation Two Scoops Orange 10mg THC 12oz can,400000025148,0,0.0,2,2,3.12,6.0
Roseville,Single Can,Birch's Ginger Ale Seltzer 10mg THC 12oz can,400000024844,0,0.0,4,4,2.0,8.0
Roseville,Single Can,Looner Cola 10mg THC 12oz can,400000024882,0,0.0,5,5,2.8,14.0
Roseville,Single Can,Looner Deww 10mg THC 12oz can,400000024929,0,0.0,5,5,2.8,14.0
Roseville,Single Can,Looner Lemon Lime 10mg THC 12oz can,400000024967,0,0.0,6,6,2.8,17.0
Roseville,Single Can,Looner Root Beer 10mg THC Soda 12oz can,400000025063,0,0.0,6,6,2.8,17.0
Roseville,Single Can,Foundry Nation Two Scoops Root Beer 10mg THC 12oz can,400000025162,0,0.0,4,4,2.87,11.0
Roseville,Single Can,Looner Classic Lemonade 10mg THC 12oz can,400000024868,0,0.0,7,7,2.8,20.0
Roseville,Single Can,Looner Mocktail Mule 10mg THC 12oz can,400000024981,0,0.0,8,8,2.8,22.0
Roseville,Single Can,Looner Professor Pepper 10mg THC 12oz can,400000025049,0,0.0,8,8,2.8,22.0
Roseville,Single Can,Looner Sweet Orange Soda 10mg THC 12oz can,400000025087,0,0.0,8,8,2.8,22.0
Roseville,Single Can,Looner Peach Lemonade 10mg THC 12oz can,400000025001,0,0.0,10,10,2.8,28.0
Roseville,Single Can,Looner Pink Lemonade 10mg THC 12oz can,400000025025,0,0.0,9,9,2.8,25.0
Roseville,Single Can,Looner Wild Grape 10mg THC 12oz can,400000025100,0,0.0,14,14,2.8,39.0
Roseville,Sociable Cider Werks,Squoze Apple Kush 10mg THC 4pk 12oz can,859990007441,-1,-1.1,1,6,9.09,55.0
Roseville,Sociable Cider Werks,Squoze Cranberry Dream 10mg THC 4pk 12oz can,859990007007,0,0.0,1,6,7.19,43.0
Roseville,Superior Molecular,Pappy's Variety Pack 10mg THC 12pk 12oz can,850013921560,0,0.0,2,4,22.0,88.0
Roseville,Superior Molecular,Pappy's Black Cherry Lemonade 10mg THC 4pk 12oz can,850013921492,1,0.7,1,6,7.33,44.0
Roseville,Superior Molecular,Pappy's Strawberry Lemonade 10mg THC 4pk 12oz can,850013921485,2,1.7,1,6,7.33,44.0
Roseville,Superior Molecular,Pappy's Black Cherry Lemonade Gummies 5mg THC 10 Pack,850013921249,20,2.2,1,100,2.0,200.0
Roseville,Superior Molecular,Pappy's Cherry Limeade 10mg THC 4pk 12oz can,850013921461,2,2.9,1,6,7.33,44.0
Roseville,Superior Molecular,Pappy's Honeycrisp Apple Gummies 5mg THC 10 Pack,850013921058,29,3.0,1,100,2.0,200.0
Roseville,"Sweet Leaves, LLC",Sweet Leaves Sleep 5mg THC 5mg CBN 10mg CBD 10pk,198715216912,-1,-0.3,2,24,5.2,125.0
Roseville,"Sweet Leaves, LLC",Sweet Leaves Pink Lemon 5mg THC 10 Pack,198715463590,5,1.6,1,12,5.2,62.0
Roseville,"Sweet Leaves, LLC",Sweet Leaves Passion Fruit 5mg THC 10 Pack,198715102017,7,3.8,1,12,5.12,61.0
Roseville,Wild State Cider,Odder Berry Pineapple 10mg THC 4pk 12oz can,850079194021,6,3.2,1,6,6.67,40.0
Roseville,,IYKYK Peach Tea 10mg 12oz can,850071300222,0,0.0,1,1,2.24,2.0
Roseville,,Tempter's Blueberry 10mg THC 12oz can,850009601247,0,0.0,3,3,2.67,8.0
Roseville,,IYKYK Lemonade 10mg 12oz can,850071300239,0,0.0,3,3,2.25,7.0
Roseville,,IYKYK Lemonade Tea 10mg 12oz can,850071300246,0,0.0,2,2,2.24,4.0
Roseville,,Tempter's Citrus 10mg THC 12oz can,850009601223,0,0.0,4,4,2.67,11.0
Roseville,,Tempter's Strawberry 10mg THC 12oz can,850009601230,0,0.0,4,4,2.67,11.0
Roseville,,IYKYK Strawberry Lemonade 10mg 12oz can,850071300253,0,0.0,5,5,2.25,11.0
St. Louis Park,56 Brewing,Acre Ginger Lime 10mg THC 4pk 12oz can,615867915949,6,1.4,2,12,7.04,84.0
St. Louis Park,Artisan Beer,Stigma Lemonade Tea 10mg THC 4pk 16oz can,850011431948,1,1.4,1,6,8.96,54.0
St. Louis Park,Artisan Beer,Stigma Club Soda 10mg THC 4pk 16oz can,850011431979,6,1.7,2,12,11.01,132.0
St. Louis Park,Artisan Beer,Stigma Lime Seltzer 10mg THC 4pk 16oz can,850011431986,9,2.6,1,6,10.94,66.0
St. Louis Park,Bellboy Corporation,Minny Grown Highbernate 2.0 10 Pack,860010532591,2,0.3,3,36,8.0,288.0
St. Louis Park,Bellboy Corporation,Minny Grown Minnarita 4pk 12oz can,860009899339,1,0.9,1,6,11.0,66.0
St. Louis Park,Bellboy Corporation,Smokiez Peach 5mg THC 10 Pack,811194035644,2,1.1,1,12,5.5,66.0
St. Louis Park,Bellboy Corporation,Minny Grown Lemon Drop-let's 4pk 12oz can,860009899346,2,1.4,1,6,11.0,66.0
St. Louis Park,Bellboy Corporation,Minny Grown Highbernate 5mg THC 10 Pack,860009438040,15,1.9,2,24,8.0,192.0
St. Louis Park,Bellboy Corporation,BLNCD Cranberry Pomegrante Mule 10mg THC 4pk 12oz can,840006314448,1,2.1,1,6,7.51,45.0
St. Louis Park,Bellboy Corporation,Minny Grown St. Croix Sunrise Yummy Gummy Bar 50mg THC,860010316481,1,2.1,1,12,6.0,72.0
St. Louis Park,Bellboy Corporation,Minny Grown CBG Pink Lemonade 10 Pack,850063284134,5,2.4,1,12,8.0,96.0
St. Louis Park,Bellboy Corporation,Minny Grown Minny Apple 10 Pack,860009438088,19,2.5,1,12,8.0,96.0
St. Louis Park,Bellboy Corporation,Minny Grown Berry Bliss 10 Pack,860006677688,26,2.5,2,24,8.0,192.0
St. Louis Park,Bellboy Corporation,Minny Grown Watermelon 10 Pack,860006677664,21,2.6,1,12,8.0,96.0
St. Louis Park,Bellboy Corporation,Minny Grown Peach 10 Pack,860006677695,25,2.9,1,12,8.0,96.0
St. Louis Park,Bellboy Corporation,Two Scoops Cream Soda10mg THC 4pk 12oz can,840006314868,3,3.2,1,6,13.07,78.0
St. Louis Park,Bellboy Corporation,Smokiez Blackberry Lemonade 4pk 12oz can,811194039611,5,3.6,1,6,13.33,80.0
St. Louis Park,Bellboy Corporation,Foundry Nation Granddaddy 85mg 750ml,840006316206,5,3.6,1,6,19.5,117.0
St. Louis Park,Bellboy Corporation,Minny Grown BlueBeary 10 Pack,860006677671,16,3.8,1,12,8.0,96.0
St. Louis Park,Bent Paddle Brewing Co,Bent Paddle Puff Party Pack 10mg THC 12pk 12oz can,858106004268,0,0.0,2,4,22.6,90.0
St. Louis Park,Bent Paddle Brewing Co,Bent Paddle Muse Mango Citrus 5mg THC 4pk 12oz can,850083991005,0,0.0,1,6,7.33,44.0
St. Louis Park,Bent Paddle Brewing Co,Bent Paddle Puff Dragonfruit Pine 10mg THC 12pk 12oz can,850024846661,2,1.4,2,4,24.07,96.0
St. Louis Park,Bent Paddle Brewing Co,Bent Paddle Hightened Mary Jane's Mule 10mg THC 4pk 12oz can,850024846630,5,2.1,1,6,9.35,56.0
St. Louis Park,Birch's on the Lake,Birch's Cherry Seltzer 10mg THC 4pk 12oz can,400000024806,6,2.3,1,6,8.0,48.0
St. Louis Park,"Breakthru Beverage Minnesota Beer, LLC",Utepils Happy Pack 10mg THC 12pk 12oz can,852449007429,11,2.9,2,4,25.18,101.0
St. Louis Park,"Capitol Beverage Sales, L.P.",Plift Juicy Grapefruit 10mg THC 4pk 7.5oz can,860008762467,-6,-1.5,3,18,10.02,180.0
St. Louis Park,"Capitol Beverage Sales, L.P.",Granny's 5mg THC Gummy Variety Pack 10pk,850055931084,-2,-0.6,2,20,5.85,117.0
St. Louis Park,"Capitol Beverage Sales, L.P.",Sweet Justice Elderberry 5mg THC 4pk 12oz can,850058379098,0,0.0,1,6,0.97,6.0
St. Louis Park,"Capitol Beverage Sales, L.P.",Sweet Justice Island Punch 10mg THC 4pk 12oz can,850058379128,0,0.0,1,6,12.1,73.0
St. Louis Park,"Capitol Beverage Sales, L.P.",Uncle Arnie's Strawberry Soda 10mg THC 4pk 12oz can,850039736902,0,0.0,1,6,9.45,57.0
St. Louis Park,"Capitol Beverage Sales, L.P.",Clrty Black Cherry 5mg THC 4pk 12oz can,860008925190,0,0.0,1,6,9.34,56.0
St. Louis Park,"Capitol Beverage Sales, L.P.",Mary Jones Orange Cream 10mg THC 4pk 12oz can,602221420034,0,0.0,2,12,11.9,143.0
St. Louis Park,"Capitol Beverage Sales, L.P.",Granny's Granny Smith 5mg THC Gummies 10pk,850055931077,7,0.6,4,40,5.74,230.0
St. Louis Park,"Capitol Beverage Sales, L.P.",Clrty Blue Raz 5mg THC 4pk 12oz can,860008925138,1,0.9,1,6,2.73,16.0
St. Louis Park,"Capitol Beverage Sales, L.P.",Uncle Arnie's Magic Mango 10mg THC 2oz,850039736490,27,1.3,3,72,1.67,120.0
St. Louis Park,"Capitol Beverage Sales, L.P.",Uncle Arnie's Variety Pack Sugar Free 10mg THC 12pk 12oz can,850039736667,6,1.4,6,12,26.4,317.0
St. Louis Park,"Capitol Beverage Sales, L.P.",Uncle Arnie's Sunrise Orange 10mg THC 2oz,850039736476,24,1.4,2,48,1.67,80.0
St. Louis Park,"Capitol Beverage Sales, L.P.",Uncle Arnie's Blueberry Nightcap 10mg THC 2oz,850039736483,14,1.5,1,24,1.67,40.0
St. Louis Park,"Capitol Beverage Sales, L.P.",Layup Lemonade Variety Pack 10mg THC 12pk 12oz can,850081233367,2,1.7,2,4,23.59,94.0
St. Louis Park,"Capitol Beverage Sales, L.P.",Uncle Arnie's Lemon Mint 10mg THC 2oz,850039736919,25,1.9,2,48,1.67,80.0
St. Louis Park,"Capitol Beverage Sales, L.P.",Mary Jones Variety Pack 10mg THC 12pk 12oz can,620221425903,1,2.1,1,2,29.23,58.0
St. Louis Park,"Capitol Beverage Sales, L.P.",Mary Jones Berry Lemonade 10mg THC 4pk 12oz can,620221420205,2,2.1,1,6,9.96,60.0
St. Louis Park,"Capitol Beverage Sales, L.P.",Granny's Kitty Cocktail 10mg THC 4pk 12oz can,850055931114,4,2.1,1,6,11.44,69.0
St. Louis Park,"Capitol Beverage Sales, L.P.",Tempter's Variety Pack 10mg THC 6pk 12oz can,850009601407,19,2.2,4,16,15.98,256.0
St. Louis Park,"Capitol Beverage Sales, L.P.",Plift Select Peach 83mg THC 750ml Btl,850075157488,12,2.3,2,12,10.51,126.0
St. Louis Park,"Capitol Beverage Sales, L.P.",Tempter's Citrus 10mg 4pk 12oz can,850009601254,12,2.3,2,12,10.67,128.0
St. Louis Park,"Capitol Beverage Sales, L.P.",Uncle Arnie's Cherry Limeade 10mg THC 4pk 12oz can,850039736346,13,2.3,2,12,10.0,120.0
St. Louis Park,"Capitol Beverage Sales, L.P.",Tempter's Strawberry 10mg THC 4pk 12oz can,850009601261,13,2.3,2,12,10.67,128.0
St. Louis Park,"Capitol Beverage Sales, L.P.",Fetch Lemon Lime 10mg THC 4pk 12oz can,628719778128,3,2.6,1,6,7.57,45.0
St. Louis Park,"Capitol Beverage Sales, L.P.",Collective Project Cherry Limade 5mg THC 4pk 12oz can,628719778098,2,2.9,1,6,8.45,51.0
St. Louis Park,"Capitol Beverage Sales, L.P.",Granny's Orange Creamsicle 5mg THC Gummies 10pk,850055931060,18,3.1,1,10,5.72,57.0
St. Louis Park,"Capitol Beverage Sales, L.P.",Uncle Arnie's Straw Lemonade 10mg THC 4pk 12oz can,850039736544,6,3.2,1,6,6.08,37.0
St. Louis Park,"Capitol Beverage Sales, L.P.",Uncle Arnie's Tahitian Treat 10mg THC 2oz,850039736926,32,3.3,1,24,1.67,40.0
St. Louis Park,"Capitol Beverage Sales, L.P.",Collective Project Raspberry Lemonade 5mg THC 4pk 12oz can,628719778111,4,3.4,1,6,8.33,50.0
St. Louis Park,"Capitol Beverage Sales, L.P.",Plift Select Raspbery 83mg THC 750ml Btl,850075157501,12,3.4,1,6,11.58,69.0
St. Louis Park,"Capitol Beverage Sales, L.P.",Plift Crisp Ginger 10mg THC 4pk 7.5 oz can,860008762450,19,3.4,1,6,9.81,59.0
St. Louis Park,Dahlheimer Beverage Monticello,Lift Bridge Limelon 10mg THC 4pk 12oz can,685165385119,0,0.0,1,6,11.47,69.0
St. Louis Park,Discontinued,Tetra Rasp-Ginger 10mg THC 4pk 12oz can,810091530849,0,0.0,1,6,13.0,78.0
St. Louis Park,Discontinued,Gigli Citrus Seltzer 10mg THC 4pk 12oz can,643459379305,2,0.5,4,24,9.79,235.0
St. Louis Park,Discontinued,Tetra Crisp Apple Pear 10mg THC 4pk 12oz can,810091531013,1,1.4,1,6,12.57,75.0
St. Louis Park,Discontinued,Gigli Raspberry Tea 10mg THC 4pk 12oz can,198168016879,0,,4,24,9.85,236.0
St. Louis Park,Get Chai,oHHo 5mg Variety 8pk 12oz can,673658343043,0,0.0,1,3,16.67,50.0
St. Louis Park,Get Chai,OFFFIELD High Performance Sports Drink Dragon Fruit Lemonade 10mg THC 12oz can,199284574168,0,0.0,1,24,3.14,75.0
St. Louis Park,Get Chai,OFFFIELD High Performance Sports Drink Original Lime 10mg THC 12oz can,199284035843,0,0.0,2,48,3.14,151.0
St. Louis Park,Get Chai,OFFFIELD High Performance Sleep Honey Lavender  3mg THC 10 Pack,199284815551,1,1.4,1,25,9.8,245.0
St. Louis Park,Get Chai,Hippie Water Garden Party 10mg THC 4pk 12oz can,198168093184,6,1.8,2,12,10.0,120.0
St. Louis Park,Get Chai,Leafy Sour Blue Raspberry Gummies 5mg THC 10 Pack,669185409246,39,2.1,4,40,3.12,125.0
St. Louis Park,Get Chai,Leafy Georgia Peach Gummies 5mg THC 10 Pack,669185409222,31,2.5,2,20,3.13,63.0
St. Louis Park,Get Chai,Leafy Blueberry Lemon Gummies 5mg THC 10 Pack,669185409260,49,2.7,3,30,3.13,94.0
St. Louis Park,Get Chai,OFFFIELD High Performance Energy Gummies Watermelon Mint 3mg THC 10 Pack,198168773420,2,2.9,1,12,6.3,76.0
St. Louis Park,Get Chai,OFFFIELD High Performance Sports Drink Dragon Fruit Lemonade 3mg THC 12oz can,199284257993,4,2.9,1,24,2.83,68.0
St. Louis Park,Get Chai,Leafy Maui Pineapple Gummies 5mg THC 10 Pack,669185409239,73,3.4,2,20,3.12,62.0
St. Louis Park,Gigli MN LLC,Gigli Mango Seltzer 10mg THC 4pk 12oz can,643459379541,-3,-1.4,4,24,9.78,235.0
St. Louis Park,Gigli MN LLC,Gigli Cherry Limeade 10mg THC 4pk 12oz can,643459379725,9,2.3,2,12,10.59,127.0
St. Louis Park,Gigli MN LLC,Gigli Blood Orange Margarita 10mg THC 4pk 12oz can,643459380028,27,8.9,1,6,9.75,58.0
St. Louis Park,Gigli MN LLC,Gigli Iced Tea Lemonade 10mg THC 4pk 12oz can,198168611401,16,17.1,3,18,9.78,176.0
St. Louis Park,Global Reserve LLC,Climbing Kites Peach Prickly Pear 10mg THC 4pk 12oz can,850047906458,0,0.0,1,6,10.71,64.0
St. Louis Park,Global Reserve LLC,Climbing Kites Mixed Berry 10mg THC 4pk 12oz can,850047906083,0,0.0,1,6,10.69,64.0
St. Louis Park,Global Reserve LLC,Climbing Kites Transfusion 10mg THC 4pk 12oz can,850047906267,0,0.0,1,6,10.69,64.0
St. Louis Park,Global Reserve LLC,Drops Cherry Dreamy 5mg THC 10 Pack,850068508273,1,0.7,1,10,5.9,59.0
St. Louis Park,Global Reserve LLC,Looner Twilight Blackberry Gummies 5mg THC 10 Pack,198168425602,2,0.7,2,20,5.0,100.0
St. Louis Park,Global Reserve LLC,Looner Spirits Unflavored 85mg THC 750ml,884400118042,4,1.4,1,9,14.0,126.0
St. Louis Park,Global Reserve LLC,Looner Root Beer 10mg THC Soda 4pk 12oz can,400000025056,7,1.6,2,12,11.2,134.0
St. Louis Park,Global Reserve LLC,Looner Professor Pepper 10mg THC 4pk 12oz can,400000025032,6,1.9,2,12,11.2,134.0
St. Louis Park,Global Reserve LLC,Looner Lemon Lime 10mg THC 4pk 12oz can,400000024950,5,2.0,1,6,11.2,67.0
St. Louis Park,Global Reserve LLC,Aura Ginger Peach Seltzer 10mg THC 4pk 12oz can,198715843071,1,2.1,1,6,8.5,51.0
St. Louis Park,Global Reserve LLC,Looner Pink Lemonade 10mg THC 4pk 12oz can,400000025018,8,2.1,2,12,11.2,134.0
St. Louis Park,Global Reserve LLC,Looner Twilight Strawberry Gummies 5mg THC 10 Pack,198715111019,6,2.3,1,10,5.0,50.0
St. Louis Park,Global Reserve LLC,Looner Wild Grape 10mg THC 4pk 12oz can,400000025094,7,2.4,1,6,11.2,67.0
St. Louis Park,Global Reserve LLC,Looner Diet Root Beer 10mg 4pk 12oz can,199874201535,25,2.9,2,12,11.2,134.0
St. Louis Park,Happy Duck LLC,Happy Duck Bomba Juice 5mg THC 10pk,850056651165,2,0.9,1,10,4.5,45.0
St. Louis Park,HeadFlyer Brewing,Headflyer Blackberry Lime THC 4pk 12oz can,850009065810,0,0.0,1,6,12.07,72.0
St. Louis Park,"Hohensteins, Inc.",Senorita Ranch Water 10mg THC 4pk 12oz can,850072957234,6,1.3,3,18,11.2,202.0
St. Louis Park,"Hohensteins, Inc.",Senorita Lime Jalpeno Margarita 10mg THC 4pk 12oz can,850072957159,8,1.7,2,12,11.2,134.0
St. Louis Park,"Hohensteins, Inc.",Senorita Paloma 10mg THC 4pk 12oz can,850072957173,9,2.0,2,12,11.2,134.0
St. Louis Park,"Hohensteins, Inc.",Rythm Kush 10mg THC 4pk 12oz can,850072957074,13,2.4,2,12,11.22,135.0
St. Louis Park,"Hohensteins, Inc.",Rythm Sativa 10mg THC 4pk 12oz can,850072957029,10,3.6,1,6,11.25,67.0
St. Louis Park,Insight Brewing Company (D),Jixxie Strawberry Limon 10mg THC 4pk 12oz can,198715300765,0,0.0,1,6,7.83,47.0
St. Louis Park,Insight Brewing Company (D),Jixxie 10mg Variety Pack 12pk 12oz cans,198715658699,1,0.3,7,14,20.02,280.0
St. Louis Park,Insight Brewing Company (D),Jixxie Plum Cardamom 10mg THC 4pk 12oz can,198715113839,3,1.3,2,12,7.83,94.0
St. Louis Park,Insight Brewing Company (D),Insight Flavor Pixels 10mg THC Variety 12pk 12oz can,850033550641,7,1.9,4,8,24.78,198.0
St. Louis Park,Insight Brewing Company (D),Insight Flavor Pixels Black Lemon 10mg 12pk 12oz can,850033550375,4,2.4,2,4,24.78,99.0
St. Louis Park,Insight Brewing Company (D),Insight Mixed Berry 10mg 6pk 12oz can,850033550726,4,3.4,1,4,12.72,51.0
St. Louis Park,Insight Brewing Company (D),Insight Mango 10mg 6pk 12oz can,850033550733,4,3.4,1,4,12.83,51.0
St. Louis Park,"Jixxie, Inc.",Jixxie Grapefruit Rosemary 10mg THC 4pk 12oz can,198715584578,1,1.1,1,6,7.83,47.0
St. Louis Park,"Jixxie, Inc.",Jixxie Peach Rhubarb 10mg THC 4pk 12oz can,198715419979,6,1.6,2,12,7.83,94.0
St. Louis Park,Johnson Brothers - St. Paul,Wynk Strawberry Lemonade 10mg THC 4pk 12oz can,198715139464,0,0.0,1,6,9.04,54.0
St. Louis Park,Johnson Brothers - St. Paul,Wynk Lime Twist 5mg THC 6pk 12oz can,196852500505,8,3.8,1,4,8.17,33.0
St. Louis Park,Johnson Brothers - St. Paul,Wynk Black Cherry 5mg THC 6pk 12oz can,196852875160,8,3.8,1,4,8.86,35.0
St. Louis Park,Lucid Brewing LLC Dba Inbound Brewco,Inbound Satellite Tropical 5mg THC 4pk 12oz can,854249004059,0,0.0,1,6,6.37,38.0
St. Louis Park,Mega Beer LLC,Acre Strawberry Tangerine 10mg THC 4pk 12oz can,615867916137,5,1.9,1,6,7.0,42.0
St. Louis Park,Modist Brewing Company,Modist Calamansi Tangerine THC 10mg 4pk 12oz can,810095561689,0,0.0,1,6,9.17,55.0
St. Louis Park,NOR North Brands LLC,North Canna High Tonics Variety Pack 10mg THC,860011622031,1,2.1,1,3,16.67,50.0
St. Louis Park,"North Star Hemp, LLC",You Betcha Hibiscus Mint Tea 5mg THC 4pk 12oz can,051497411770,8,2.1,2,12,8.35,100.0
St. Louis Park,"North Star Hemp, LLC",You Betcha Nighttime 5mg THC 4pk 12oz can,810023141013,11,2.1,2,12,8.33,100.0
St. Louis Park,"North Star Hemp, LLC",You Betcha Daytime 10mg THC 4pk 12oz can,051497529079,5,2.7,1,6,10.0,60.0
St. Louis Park,"North Star Hemp, LLC",You Betcha Anytime 10mg THC 4pk 12oz can,051497154110,8,3.1,1,6,10.0,60.0
St. Louis Park,Nothing But Hemp LLC,Nothing But Hemp Maui Wowie 10mg THC 5 Pack,649696422354,0,0.0,1,24,6.19,148.0
St. Louis Park,Nothing But Hemp LLC,Nothing But Hemp Blue Dream 10mg 5 Pack,649696489111,4,1.1,1,24,5.21,125.0
St. Louis Park,"Pharos Brands International, LLC",Pharos Black Cherry 10mg THC 4pk 12oz can,199874522647,0,0.0,1,6,7.6,46.0
St. Louis Park,Phillips Wine & Spirits - St. Paul,Green Monke Lychee 10mg THC 4pk 12oz can,628425180468,1,0.7,1,6,9.69,58.0
St. Louis Park,Phillips Wine & Spirits - St. Paul,Green Monke Tropical Citrus 10mg THC 4pk 12oz can,628634142431,1,1.4,1,6,9.57,57.0
St. Louis Park,Phillips Wine & Spirits - St. Paul,Daizy's Blueberry Lemonade 10mg THC 4pk 12oz can,850065870236,6,2.1,1,6,4.94,30.0
St. Louis Park,Phillips Wine & Spirits - St. Paul,Daizy's Variety Pack 10mg THC 12pk 12oz can,85006587010,4,2.9,1,2,25.61,51.0
St. Louis Park,Single Can,Birch's Blueberry 10mg THC 12oz can,400000024820,0,0.0,1,1,2.0,2.0
St. Louis Park,Single Can,Birch's Cherry Seltzer 10mg THC 12oz can,400000024752,0,0.0,3,3,2.0,6.0
St. Louis Park,Single Can,Birch's Ginger Ale Seltzer 10mg THC 12oz can,400000024844,0,0.0,2,2,2.0,4.0
St. Louis Park,Single Can,Looner Deww 10mg THC 12oz can,400000024929,0,0.0,3,3,2.8,8.0
St. Louis Park,Single Can,Looner Peach Lemonade 10mg THC 12oz can,400000025001,0,0.0,3,3,2.8,8.0
St. Louis Park,Single Can,Looner Professor Pepper 10mg THC 12oz can,400000025049,0,0.0,2,2,2.8,6.0
St. Louis Park,Single Can,Foundry Nation Two Scoops Cherry 10mg THC 12oz can,400000025124,0,0.0,2,2,3.33,7.0
St. Louis Park,Single Can,Looner Creme Soda 10mg THC 12oz can,400000024905,0,0.0,6,6,2.8,17.0
St. Louis Park,Single Can,Looner Pink Lemonade 10mg THC 12oz can,400000025025,0,0.0,6,6,2.8,17.0
St. Louis Park,Single Can,Looner Wild Grape 10mg THC 12oz can,400000025100,0,0.0,5,5,2.8,14.0
St. Louis Park,Single Can,Looner Root Beer 10mg THC Soda 12oz can,400000025063,0,0.0,7,7,2.8,20.0
St. Louis Park,Sociable Cider Werks,Squoze Raspberry Haze 10mg THC 4pk 12oz can,859990007182,0,0.0,1,6,8.72,52.0
St. Louis Park,Superior Molecular,Pappy's Cherry Limeade 10mg THC 4pk 12oz can,850013921461,0,0.0,1,6,7.33,44.0
St. Louis Park,Superior Molecular,Pappy's Arctic Blast Gummies 5mg THC 10 Pack,850013921089,46,2.1,1,100,2.0,200.0
St. Louis Park,Superior Molecular,Pappy's Variety Pack 10mg THC 12pk 12oz can,850013921560,2,2.9,1,2,22.0,44.0
St. Louis Park,Superior Molecular,Pappy's Black Cherry Lemonade Gummies 5mg THC 10 Pack,850013921249,61,3.3,1,100,2.0,200.0
St. Louis Park,"Sweet Leaves, LLC",Sweet Leaves Pink Lemon 5mg THC 10 Pack,198715463590,0,0.0,2,24,5.2,125.0
St. Louis Park,"Sweet Leaves, LLC",Sweet Leaves Passion Fruit 5mg THC 10 Pack,198715102017,1,2.1,1,12,5.12,61.0
St. Louis Park,Wild State Cider,Odder Variety Pack 10mg THC 9pk 12oz can,850079194045,4,1.1,6,12,14.0,168.0
St. Louis Park,Wild State Cider,Wild State Birdie Berry Lemonade 5mg THC 4pk 12oz can,850018947404,4,2.4,1,6,9.0,54.0
St. Louis Park,,Tempter's Strawberry 10mg THC 12oz can,850009601230,0,0.0,1,1,2.67,3.0
St. Louis Park,,Bent Paddle Mango Tangerine 5mg THC 4pk 12oz can,850024846395,0,0.0,1,1,7.56,8.0
St. Louis Park,,IYKYK Lemonade 10mg 12oz can,850071300239,0,0.0,1,1,2.25,2.0
St. Louis Park,,Tempter's Blueberry 10mg THC 12oz can,850009601247,0,0.0,3,3,2.67,8.0
St. Louis Park,,Smokiez Sour Blue Raz 5mg THC 10 Pack,811194031547,2,1.2,5,5,4.14,21.0
St. Louis Park,,Acre Hibiscus & Berry 10mg THC 4pk 12oz can,615867915963,8,2.6,5,5,7.0,35.0
Stillwater,Artisan Beer,Stigma Lemonade Tea 10mg THC 4pk 16oz can,850011431948,-2,-1.1,2,12,8.96,108.0
Stillwater,Artisan Beer,Stigma Club Soda 10mg THC 4pk 16oz can,850011431979,3,1.0,2,12,11.01,132.0
Stillwater,Artisan Beer,Stigma Lime Seltzer 10mg THC 4pk 16oz can,850011431986,4,3.4,1,6,10.94,66.0
Stillwater,Bellboy Corporation,Minny Grown Minnarita 4pk 12oz can,860009899339,6,2.6,1,6,11.0,66.0
Stillwater,Bellboy Corporation,Brez Extra Strength 10mg THC 4pk 12oz can,860013612719,5,3.1,1,6,12.17,73.0
Stillwater,Bellboy Corporation,Brez Double 5mg THC 4pk 12oz can,860012187997,2,3.9,1,6,11.33,68.0
Stillwater,Birch's on the Lake,Birch's Ginger Ale Seltzer 10mg THC 4pk 12oz can,400000024837,5,3.4,1,6,8.0,48.0
Stillwater,Birch's on the Lake,Birch's Cherry Seltzer 10mg THC 4pk 12oz can,400000024806,5,3.6,1,6,8.0,48.0
Stillwater,"Breakthru Beverage Minnesota Beer, LLC",Utepils Happy Pack 10mg THC 12pk 12oz can,852449007429,2,1.1,3,6,25.18,151.0
Stillwater,"Capitol Beverage Sales, L.P.",Collective Project Raspberry Vanilla 10mg THC 4pk 12oz can,628719778081,0,0.0,2,12,9.33,112.0
Stillwater,"Capitol Beverage Sales, L.P.",Fetch Variety Pack 10mg THC 6pk 12oz can,628719778227,1,1.4,1,4,12.02,48.0
Stillwater,"Capitol Beverage Sales, L.P.",Clrty Cranberry Lime 10mg THC 4pk 12oz can,850048459328,2,2.1,1,6,11.25,68.0
Stillwater,"Capitol Beverage Sales, L.P.",Tempter's Variety Pack 10mg THC 6pk 12oz can,850009601407,10,3.1,1,4,15.98,64.0
Stillwater,"Capitol Beverage Sales, L.P.",Collective Project Orange Vanilla 10mg THC 4pk 12oz can,628719778012,4,3.4,1,6,9.33,56.0
Stillwater,College City Beverage,Uncle Arnie's Magic Mango 10mg THC 2oz,850039736490,45,1.7,3,72,1.67,120.0
Stillwater,College City Beverage,Uncle Arnie's Strawberry Kiwi 10mg THC 2oz,850039736469,75,1.8,4,96,1.67,160.0
Stillwater,College City Beverage,Mary Jones Variety Pack 10mg THC 12pk 12oz can,620221425903,1,2.1,1,2,29.23,58.0
Stillwater,"College City Beverage, Inc.",Plift Select Raspbery 83mg THC 750ml Btl,850075157501,0,0.0,2,12,11.58,139.0
Stillwater,"College City Beverage, Inc.",Uncle Arnie's Variety Pack Sugar Free 10mg THC 12pk 12oz can,850039736667,25,4.0,1,2,26.4,53.0
Stillwater,Discontinued,Gigli Raspberry Tea 10mg THC 4pk 12oz can,198168016879,2,8.6,2,12,9.85,118.0
Stillwater,Discontinued,Gigli Citrus Seltzer 10mg THC 4pk 12oz can,643459379305,0,,1,6,9.79,59.0
Stillwater,Get Chai,Hippie Water Garden Party 10mg THC 4pk 12oz can,198168093184,0,0.0,2,12,10.0,120.0
Stillwater,Get Chai,Leafy Caramel Macchiato Latte 10mg 12oz can,669185541007,8,3.8,1,12,2.23,27.0
Stillwater,Gigli MN LLC,Gigli Cherry Limeade 10mg THC 4pk 12oz can,643459379725,2,0.9,2,12,10.59,127.0
Stillwater,Gigli MN LLC,Gigli Extra Gigli Variety 10mg THC 4pk 12oz can,643459380004,10,4.3,1,6,9.75,58.0
Stillwater,Gigli MN LLC,Gigli Pineapple Mojito 10mg THC 4pk 12oz can,643459380035,7,5.0,1,6,9.79,59.0
Stillwater,Gigli MN LLC,Gigli Blood Orange Margarita 5mg THC 4pk 12oz can,643459379916,11,11.8,1,6,8.8,53.0
Stillwater,Gigli MN LLC,Gigli Mango Seltzer 10mg THC 4pk 12oz can,643459379541,9,38.6,1,6,9.78,59.0
Stillwater,Gigli MN LLC,Gigli Iced Tea Lemonade 10mg THC 4pk 12oz can,198168611401,1,,1,6,9.78,59.0
Stillwater,Global Reserve LLC,Looner Root Beer 10mg THC Soda 4pk 12oz can,400000025056,3,1.2,2,12,11.2,134.0
Stillwater,Global Reserve LLC,Looner Diet Cola 10mg 4pk 12oz can,199874322209,3,1.8,1,6,11.2,67.0
Stillwater,Global Reserve LLC,Looner 10mg THC Sodas Variety Pack 12pk 12oz can,199284405967,2,2.1,1,2,27.5,55.0
Stillwater,Global Reserve LLC,Climbing Kites Variety Pack 10mg THC 6pk 12oz can,850047906380,1,2.1,1,4,14.4,58.0
Stillwater,Global Reserve LLC,Looner Diet Root Beer 10mg 4pk 12oz can,199874201535,8,2.1,2,12,11.2,134.0
Stillwater,Global Reserve LLC,Looner Creme 10mg THC Soda 4pk 12oz can,400000024899,12,2.3,2,12,11.2,134.0
Stillwater,Global Reserve LLC,Looner Wild Grape 10mg THC 4pk 12oz can,400000025094,7,3.1,1,6,11.2,67.0
Stillwater,Global Reserve LLC,Looner Diet Professor Pepper 10mg 4pk 12oz can,199874796734,11,3.1,1,6,11.2,67.0
Stillwater,"Hohensteins, Inc.",Senorita Lime Jalpeno Margarita 10mg THC 4pk 12oz can,850072957159,4,0.8,3,18,11.2,202.0
Stillwater,"Hohensteins, Inc.",Senorita Mango Margarita 10mg THC 4pk 12oz can,850072957135,9,1.9,2,12,11.2,134.0
Stillwater,"Hohensteins, Inc.",Rythm Sativa 10mg THC 4pk 12oz can,850072957029,9,2.6,1,6,11.25,67.0
Stillwater,"Hohensteins, Inc.",Rythm Kush 10mg THC 4pk 12oz can,850072957074,9,2.8,1,6,11.22,67.0
Stillwater,"Hohensteins, Inc.",Senorita Paloma 10mg THC 4pk 12oz can,850072957173,10,3.1,1,6,11.2,67.0
Stillwater,"Hohensteins, Inc.",Find Wunder Blackberry Lemon 10mg THC 4pk 12oz can,810035540934,10,3.9,1,6,12.58,76.0
Stillwater,"IYKYK Beverages, LLC",IYKYK Party Pack 10mg 8pk 12oz can,850071300352,0,0.0,1,3,18.0,54.0
Stillwater,Insight Brewing Company (D),Insight Flavor Pixels 10mg THC Variety 12pk 12oz can,850033550641,-1,-0.5,4,8,24.78,198.0
Stillwater,Insight Brewing Company (D),Insight Flavor Pixels Black Lemon 10mg 12pk 12oz can,850033550375,1,0.7,3,6,24.78,149.0
Stillwater,Insight Brewing Company (D),Insight Flavor Pixels Plus Raspberry Pear 10mg THC 12pk 12oz can,850077712005,3,1.6,3,6,25.45,153.0
Stillwater,Insight Brewing Company (D),Insight Flavor Pixels 10mg THC Variety #2 12pk 12oz can,850077712050,5,1.8,4,8,24.78,198.0
Stillwater,Insight Brewing Company (D),Insight Flavor Pixels Plus Peach Mango 10mg THC 12pk 12oz can,850077712074,2,2.1,1,2,25.45,51.0
Stillwater,Insight Brewing Company (D),Insight Flavor Pixels Orange Creamsicle 10mg THC 12pk 12oz can,850033550443,2,2.9,1,2,25.45,51.0
Stillwater,Insight Brewing Company (D),Insight Flavor Pixels Cherry Lime 10mg THC 12pk 12oz can,850033550528,7,3.0,2,4,25.5,102.0
Stillwater,Johnson Brothers - St. Paul,Wynk Black Cherry 5mg THC 6pk 12oz can,196852875160,3,2.6,1,4,8.86,35.0
Stillwater,Modist Brewing Company,Modist Melt Blood Orange Raspberry Vanilla 10mg THC 4pk 12oz can,810095561672,1,2.1,1,6,8.45,51.0
Stillwater,NOR North Brands LLC,North Canna Higher Vibes Blackberry Mango 5mg THC,860009819016,0,0.0,1,6,8.22,49.0
Stillwater,NOR North Brands LLC,North Canna Higher Vibes Pineapple Orange 5mg THC,860009819023,0,0.0,1,6,8.13,49.0
Stillwater,NOR North Brands LLC,North Canna High Tonics Berry Lemonade 10mg THC,860011622017,0,0.0,1,6,9.67,58.0
Stillwater,NOR North Brands LLC,North Canna High Tonics Variety Pack 10mg THC,860011622031,2,1.7,1,3,16.67,50.0
Stillwater,"North Star Hemp, LLC",You Betcha Nighttime 5mg THC 4pk 12oz can,810023141013,8,2.9,1,6,8.33,50.0
Stillwater,"North Star Hemp, LLC",You Betcha Daytime 10mg THC 4pk 12oz can,051497529079,8,3.1,1,6,10.0,60.0
Stillwater,Nothing But Hemp LLC,Forbidden Fruit Strawberry Lemonade 10mg THC 4pk 12oz can,649696417503,0,0.0,1,6,9.75,58.0
Stillwater,Nothing But Hemp LLC,Vibes Black Cherry Indica 10mg 4pk 12oz can,649696014825,0,0.0,1,6,9.84,59.0
Stillwater,Phillips Wine & Spirits - St. Paul,Green Monke Orange Cream 10mg THC 4pk 12oz can,628425180475,0,0.0,1,6,8.98,54.0
Stillwater,Phillips Wine & Spirits - St. Paul,Daizy's Strawberry Lemonade 10mg THC 4pk 12oz can,850065870014,5,0.8,4,24,6.8,163.0
Stillwater,Phillips Wine & Spirits - St. Paul,Daizy's Grape 10mg THC 4pk 12oz can,85006587003,3,1.1,2,12,3.35,40.0
Stillwater,Phillips Wine & Spirits - St. Paul,Green Monke Remix Variety Pack 10MG THC 12pk 12oz can,628425180635,1,2.1,1,2,29.5,59.0
Stillwater,Phillips Wine & Spirits - St. Paul,Green Monke Lychee 10mg THC 4pk 12oz can,628425180468,1,2.1,1,6,9.69,58.0
Stillwater,Phillips Wine & Spirits - St. Paul,Daizy's Watermelon Lime 10mg THC 4pk 12oz can,85006587009,5,2.4,1,6,10.5,63.0
Stillwater,Single Can,Birch's Blueberry 10mg THC 12oz can,400000024820,0,0.0,1,1,2.0,2.0
Stillwater,Single Can,Looner Lemon Lime 10mg THC 12oz can,400000024967,0,0.0,1,1,2.8,3.0
Stillwater,Single Can,Looner Mocktail Mule 10mg THC 12oz can,400000024981,0,0.0,1,1,2.8,3.0
Stillwater,Single Can,Looner Peach Lemonade 10mg THC 12oz can,400000025001,0,0.0,1,1,2.8,3.0
Stillwater,Single Can,Birch's Ginger Ale Seltzer 10mg THC 12oz can,400000024844,0,0.0,2,2,2.0,4.0
Stillwater,Single Can,Looner Cola 10mg THC 12oz can,400000024882,0,0.0,2,2,2.8,6.0
Stillwater,Single Can,Looner Creme Soda 10mg THC 12oz can,400000024905,0,0.0,3,3,2.8,8.0
Stillwater,Single Can,Looner Deww 10mg THC 12oz can,400000024929,0,0.0,2,2,2.8,6.0
Stillwater,Single Can,Looner Pink Lemonade 10mg THC 12oz can,400000025025,0,0.0,2,2,2.8,6.0
Stillwater,Single Can,Looner Root Beer 10mg THC Soda 12oz can,400000025063,0,0.0,3,3,2.8,8.0
Stillwater,Single Can,Looner Sweet Orange Soda 10mg THC 12oz can,400000025087,0,0.0,3,3,2.8,8.0
Stillwater,Single Can,Birch's Cherry Seltzer 10mg THC 12oz can,400000024752,0,0.0,4,4,2.0,8.0
Stillwater,Single Can,Looner Professor Pepper 10mg THC 12oz can,400000025049,0,0.0,7,7,2.8,20.0
Stillwater,Single Can,Looner Wild Grape 10mg THC 12oz can,400000025100,0,0.0,10,10,2.8,28.0
Stillwater,Sociable Cider Werks,Squoze Raspberry Haze 10mg THC 4pk 12oz can,859990007182,0,0.0,1,6,8.72,52.0
Stillwater,Superior Molecular,Pappy's Cherry Limeade 10mg THC 4pk 12oz can,850013921461,0,0.0,1,6,7.33,44.0
Stillwater,Wild State Cider,Odder Berry Pineapple 10mg THC 4pk 12oz can,850079194021,0,0.0,3,18,6.67,120.0
Stillwater,Wild State Cider,Wild State Birdie Berry Lemonade 5mg THC 4pk 12oz can,850018947404,2,2.9,1,6,9.0,54.0
Stillwater,Wild State Cider,Odder Variety Pack 10mg THC 9pk 12oz can,850079194045,10,3.3,2,4,14.0,56.0
Stillwater,,IYKYK Lemonade Tea 10mg 12oz can,850071300246,0,0.0,2,2,2.24,4.0
Vadnais Heights,Artisan Beer,Stigma Club Soda 10mg THC 4pk 16oz can,850011431979,0,0.0,1,6,11.01,66.0
Vadnais Heights,Bellboy Corporation,Minny Grown Mango 10 Pack,860009438057,-1,-1.1,1,12,8.0,96.0
Vadnais Heights,Bellboy Corporation,Two Scoops Variety Pack 12pk 12oz can,840006315834,0,0.0,2,4,31.0,124.0
Vadnais Heights,Bellboy Corporation,Minny Grown Lemon Drop-let's 4pk 12oz can,860009899346,0,0.0,1,6,11.0,66.0
Vadnais Heights,Bellboy Corporation,Minny Grown Minnarita 4pk 12oz can,860009899339,0,0.0,2,12,11.0,132.0
Vadnais Heights,Bellboy Corporation,Minny Grown St. Croix Sunrise Yummy Gummy Bar 50mg THC,860010316481,0,0.0,1,12,6.0,72.0
Vadnais Heights,Bellboy Corporation,Smokiez Sour Watermelon THC 10 pack,811194034128,0,0.0,1,12,5.5,66.0
Vadnais Heights,Bellboy Corporation,Smokiez Watermelon THC 10 pack,811194034111,0,0.0,2,24,5.5,132.0
Vadnais Heights,Bellboy Corporation,Minny Grown Berry Bliss 10 Pack,860006677688,1,1.4,1,12,8.0,96.0
Vadnais Heights,Bellboy Corporation,Brez Double 5mg THC 4pk 12oz can,860012187997,2,1.7,1,6,11.33,68.0
Vadnais Heights,Bellboy Corporation,Minny Grown Highbernate 2.0 10 Pack,860010532591,12,2.1,1,12,8.0,96.0
Vadnais Heights,Bellboy Corporation,Foundry Nation Two Scoops Cherry 10mg THC 4pk 12oz can,400000025117,4,2.4,1,6,13.31,80.0
Vadnais Heights,Bellboy Corporation,Minny Grown Caramel Apple Alien Abduction Yummy Gummy Bar 50mg THC,850063284608,4,2.4,1,12,6.0,72.0
Vadnais Heights,Bellboy Corporation,Minny Grown Minny Apple 10 Pack,860009438088,4,2.4,1,12,8.0,96.0
Vadnais Heights,Bellboy Corporation,Brez Extra Strength 10mg THC 4pk 12oz can,860013612719,6,3.2,1,6,12.17,73.0
Vadnais Heights,Bellboy Corporation,Minny Grown Highbernate 5mg THC 10 Pack,860009438040,13,4.0,1,12,8.0,96.0
Vadnais Heights,Bent Paddle Brewing Co,Bent Paddle Puff Puff Pass Variety 10mg THC 12pk 12oz can,850024846791,2,0.3,13,26,22.5,585.0
Vadnais Heights,"Capitol Beverage Sales, L.P.",Clrty Variety 10mg THC 12pk 12oz can,850048459335,-3,-1.3,5,10,10.68,107.0
Vadnais Heights,"Capitol Beverage Sales, L.P.",Iverson Bubba Chuck Berry 10mg THC 6pk 16oz can,850009601858,0,0.0,1,4,14.08,56.0
Vadnais Heights,"Capitol Beverage Sales, L.P.",Iverson Cran-Apple Crossover 10mg THC 6pk 16oz can,850009601896,0,0.0,1,4,13.86,55.0
Vadnais Heights,"Capitol Beverage Sales, L.P.",Mary Jones Root Beer 10mg THC 4pk 12oz can,602221420089,0,0.0,1,6,10.15,61.0
Vadnais Heights,"Capitol Beverage Sales, L.P.",Mary Jones Berry Lemonade 10mg THC 4pk 12oz can,620221420205,0,0.0,1,6,9.96,60.0
Vadnais Heights,"Capitol Beverage Sales, L.P.",Uncle Arnie's Zen Green Tea 10mg THC 4pk 12oz can,850039736339,0,0.0,1,6,10.0,60.0
Vadnais Heights,"Capitol Beverage Sales, L.P.",Clrty Pink Lemonade 10mg THC 4pk 12oz can,860008925152,0,0.0,1,6,11.6,70.0
Vadnais Heights,"Capitol Beverage Sales, L.P.",Sweet Justice Lemonade Ginger Ale 10mg THC 4pk 12oz can,850058379159,0,0.0,1,6,11.61,70.0
Vadnais Heights,"Capitol Beverage Sales, L.P.",Sweet Justice Elderberry 5mg THC 4pk 12oz can,850058379098,0,0.0,2,12,0.97,12.0
Vadnais Heights,"Capitol Beverage Sales, L.P.",Granny's Granny Smith 5mg THC Gummies 10pk,850055931077,0,0.0,2,20,5.74,115.0
Vadnais Heights,"Capitol Beverage Sales, L.P.",Fetch Variety Pack 10mg THC 6pk 12oz can,628719778227,1,0.9,1,4,12.02,48.0
Vadnais Heights,"Capitol Beverage Sales, L.P.",Plift Tart Lime 10mg THC 4pk 7.5 oz can,860008762443,1,1.1,1,6,9.89,59.0
Vadnais Heights,"Capitol Beverage Sales, L.P.",Plift Variety Pack 12pk 7.5oz can 10mg THC,860012955015,4,1.9,3,6,17.06,102.0
Vadnais Heights,"Capitol Beverage Sales, L.P.",Uncle Arnie's Tahitian Treat 10mg THC 2oz,850039736926,7,1.9,1,24,1.67,40.0
Vadnais Heights,"Capitol Beverage Sales, L.P.",Uncle Arnie's Cherry Limeade 10mg THC 4pk 12oz can,850039736346,6,2.3,1,6,10.0,60.0
Vadnais Heights,"Capitol Beverage Sales, L.P.",Uncle Arnie's Lemon Mint 10mg THC 2oz,850039736919,9,2.3,1,24,1.67,40.0
Vadnais Heights,"Capitol Beverage Sales, L.P.",Uncle Arnie's Sunrise Orange 10mg THC 2oz,850039736476,40,2.3,2,48,1.67,80.0
Vadnais Heights,"Capitol Beverage Sales, L.P.",Tempter's Strawberry 10mg THC 4pk 12oz can,850009601261,3,2.5,1,6,10.67,64.0
Vadnais Heights,"Capitol Beverage Sales, L.P.",Uncle Arnie's Strawberry Kiwi 10mg THC 2oz,850039736469,29,2.6,1,24,1.67,40.0
Vadnais Heights,"Capitol Beverage Sales, L.P.",Uncle Arnie's Blueberry Nightcap 10mg THC 2oz,850039736483,39,2.6,1,24,1.67,40.0
Vadnais Heights,"Capitol Beverage Sales, L.P.",Granny's Fruit Tonic 10mg THC Variety Pack 12pk 12oz can,850055931268,2,2.9,1,2,32.95,66.0
Vadnais Heights,"Capitol Beverage Sales, L.P.",Tempter's Variety Pack 10mg THC 6pk 12oz can,850009601407,4,2.9,1,4,15.98,64.0
Vadnais Heights,"Capitol Beverage Sales, L.P.",Clrty SodaPot Straw-Nana 10mg 4pk 12oz can,850048459465,2,2.9,1,6,11.14,67.0
Vadnais Heights,"Capitol Beverage Sales, L.P.",Layup Iced Tea Variety Pack 10mg THC 12pk 12oz can,860014104077,3,3.2,1,2,24.25,48.0
Vadnais Heights,"Capitol Beverage Sales, L.P.",Uncle Arnie's Grape Soda 10mg THC 4pk 12oz can,850039736889,3,3.2,1,6,10.0,60.0
Vadnais Heights,"Capitol Beverage Sales, L.P.",Plift Select Peach 83mg THC 750ml Btl,850075157488,7,3.3,1,6,10.51,63.0
Vadnais Heights,"Capitol Beverage Sales, L.P.",Uncle Arnie's Variety Pack 10mg THC 12pk 12oz can,850039736650,8,3.4,1,2,26.4,53.0
Vadnais Heights,"Capitol Beverage Sales, L.P.",Uncle Arnie's Orange Soda 10mg THC 4pk 12oz can,850039736896,5,3.6,1,6,7.99,48.0
Vadnais Heights,Dahlheimer Beverage Monticello,Lift Bridge Fruit Cup 10mg THC 4pk 12oz can,685165385218,0,0.0,1,6,10.73,64.0
Vadnais Heights,Discontinued,Gigli Raspberry Tea 10mg THC 4pk 12oz can,198168016879,3,4.3,4,24,9.85,236.0
Vadnais Heights,Get Chai,oHHo 5mg Variety 8pk 12oz can,673658343043,0,0.0,1,3,16.67,50.0
Vadnais Heights,Get Chai,Hippie Water Garden Party 10mg THC 4pk 12oz can,198168093184,1,0.2,3,18,10.0,180.0
Vadnais Heights,Get Chai,Hippie Water Island Getaway 10mg THC 4pk 12oz can,198168101940,2,1.2,1,6,10.0,60.0
Vadnais Heights,Get Chai,CQ Old Fashioned Lemonade 10mg THC 2oz,602573191545,15,2.0,1,24,1.66,40.0
Vadnais Heights,Get Chai,Hippie Water Winter Groove 10mg THC 4pk 12oz can,198168474037,6,2.1,1,6,10.0,60.0
Vadnais Heights,Get Chai,CQ Strawberry Lemonade 10mg THC 2oz,602573191514,17,2.4,1,24,1.66,40.0
Vadnais Heights,Get Chai,Leafy Georgia Peach Gummies 5mg THC 10 Pack,669185409222,25,2.7,2,20,3.13,63.0
Vadnais Heights,Get Chai,Leafy Maui Pineapple Gummies 5mg THC 10 Pack,669185409239,25,3.1,1,10,3.12,31.0
Vadnais Heights,Get Chai,Leafy Wildberry Gummies 5mg THC 10 Pack,669185409277,29,3.7,1,10,3.12,31.0
Vadnais Heights,Get Chai,Leafy Sour Watermelon Gummies 5mg THC 10 Pack,669185409253,31,3.8,1,10,3.13,31.0
Vadnais Heights,Gigli MN LLC,Gigli Extra Gigli Variety 10mg THC 4pk 12oz can,643459380004,19,4.3,1,6,9.75,58.0
Vadnais Heights,Gigli MN LLC,Gigli Mango Seltzer 10mg THC 4pk 12oz can,643459379541,15,32.1,1,6,9.78,59.0
Vadnais Heights,Gigli MN LLC,Gigli Raspberry Ginger Mule 10mg THC 4pk 12oz can,643459379954,17,72.9,1,6,9.75,59.0
Vadnais Heights,Global Reserve LLC,Climbing Kites Variety Pack 10mg THC 6pk 12oz can,850047906380,0,0.0,1,4,14.4,58.0
Vadnais Heights,Global Reserve LLC,Climbing Kites Peach Prickly Pear 10mg THC 4pk 12oz can,850047906458,0,0.0,1,6,10.71,64.0
Vadnais Heights,Global Reserve LLC,Looner Lemon Lime 10mg THC 4pk 12oz can,400000024950,3,1.5,1,6,11.2,67.0
Vadnais Heights,Global Reserve LLC,Looner Diet Professor Pepper 10mg 4pk 12oz can,199874796734,8,1.5,3,18,11.2,202.0
Vadnais Heights,Global Reserve LLC,Drops Cherry Dreamy 5mg THC 10 Pack,850068508273,2,1.7,1,10,5.9,59.0
Vadnais Heights,Global Reserve LLC,Looner Diet Cola 10mg 4pk 12oz can,199874322209,5,2.1,1,6,11.2,67.0
Vadnais Heights,Global Reserve LLC,Looner Diet Root Beer 10mg 4pk 12oz can,199874201535,9,2.6,1,6,11.2,67.0
Vadnais Heights,Global Reserve LLC,Looner Creme 10mg THC Soda 4pk 12oz can,400000024899,4,3.0,1,6,11.2,67.0
Vadnais Heights,Global Reserve LLC,Looner Cola 10mg THC 4pk 12oz can,400000024875,1,3.2,1,6,11.2,67.0
Vadnais Heights,Global Reserve LLC,Looner Professor Pepper 10mg THC 4pk 12oz can,400000025032,10,3.2,1,6,11.2,67.0
Vadnais Heights,Global Reserve LLC,Looner Twilight Blackberry Gummies 5mg THC 10 Pack,198168425602,3,3.2,1,10,5.0,50.0
Vadnais Heights,Global Reserve LLC,Looner Zenith Strawberry Gummies 5mg THC 10 Pack,198715853483,4,3.4,1,10,5.0,50.0
Vadnais Heights,Global Reserve LLC,Looner Sweet Orange 10mg THC Soda 4pk 12oz can,400000025070,2,3.6,1,6,11.2,67.0
Vadnais Heights,"Hohensteins, Inc.",Rythm Kush 10mg THC 4pk 12oz can,850072957074,12,1.8,3,18,11.22,202.0
Vadnais Heights,"Hohensteins, Inc.",Senorita Mango Margarita 10mg THC 4pk 12oz can,850072957135,8,2.0,2,12,11.2,134.0
Vadnais Heights,"Hohensteins, Inc.",Senorita Variety Pack 10mg THC 8pk 12oz can,850072957265,5,2.4,2,6,22.4,134.0
Vadnais Heights,"Hohensteins, Inc.",Senorita Ranch Water 10mg THC 4pk 12oz can,850072957234,7,2.7,1,6,11.2,67.0
Vadnais Heights,"IYKYK Beverages, LLC",IYKYK Party Pack 10mg 8pk 12oz can,850071300352,-1,-4.3,1,3,18.0,54.0
Vadnais Heights,Insight Brewing Company (D),Jixxie 10mg Variety Pack 12pk 12oz cans,198715658699,0,0.0,2,4,20.02,80.0
Vadnais Heights,Insight Brewing Company (D),Insight Flavor Pixels 10mg THC Variety #2 12pk 12oz can,850077712050,1,1.4,1,2,24.78,50.0
Vadnais Heights,Insight Brewing Company (D),Insight Brewing Flavor Pixels 12pk 12oz can,850033550306,3,2.1,2,4,17.41,70.0
Vadnais Heights,"Jixxie, Inc.",Jixxie Lemon Sour 10mg THC 4pk 12oz can,198715342673,3,1.2,2,12,7.83,94.0
Vadnais Heights,Johnson Brothers - St. Paul,Wynk Black Cherry 5mg THC 6pk 12oz can,196852875160,-1,-1.1,1,4,8.86,35.0
Vadnais Heights,Johnson Brothers - St. Paul,Wynk Strawberry Lemonade 10mg THC 4pk 12oz can,198715139464,1,1.1,1,6,9.04,54.0
Vadnais Heights,Lucid Brewing LLC Dba Inbound Brewco,Inbound Satellite Blackberry Peach 10mg THC 4pk 12oz can,854249004110,0,0.0,1,6,9.25,55.0
Vadnais Heights,Modist Brewing Company,Modist Melt Hot Box THC 10mg Variety 12pk 12oz can,810095561764,0,0.0,1,2,22.0,44.0
Vadnais Heights,NOR North Brands LLC,North Canna High Tonics Variety Pack 10mg THC,860011622031,0,0.0,2,6,16.67,100.0
Vadnais Heights,NOR North Brands LLC,North Canna High Tonics Prickly Pear Lime 10mg THC,860011319009,0,0.0,1,6,9.67,58.0
Vadnais Heights,NOR North Brands LLC,North Canna High Tonics Strawberry Melon 10mg THC,860011319023,0,0.0,1,6,9.67,58.0
Vadnais Heights,NOR North Brands LLC,North Canna High Tonics Berry Lemonade 10mg THC,860011622017,0,0.0,1,6,9.67,58.0
Vadnais Heights,Nothing But Hemp LLC,Nothing But Hemp Runtz 10mg 5 Pack,649696029430,3,1.8,1,24,4.58,110.0
Vadnais Heights,Phillips Wine & Spirits - St. Paul,Daizy's Blueberry Lemonade 10mg THC 4pk 12oz can,850065870236,0,0.0,1,6,4.94,30.0
Vadnais Heights,Phillips Wine & Spirits - St. Paul,Daizy's Grape 10mg THC 4pk 12oz can,85006587003,0,0.0,3,18,3.35,60.0
Vadnais Heights,Phillips Wine & Spirits - St. Paul,Daizy's Orange Cream 10mg THC 4pk 12oz can,85006587025,4,1.7,1,6,3.24,19.0
Vadnais Heights,Phillips Wine & Spirits - St. Paul,Daizy's Watermelon Lime 10mg THC 4pk 12oz can,85006587009,3,3.2,1,6,10.5,63.0
Vadnais Heights,Phillips Wine & Spirits - St. Paul,Green Monke Remix Variety Pack 10MG THC 12pk 12oz can,628425180635,4,3.4,1,2,29.5,59.0
Vadnais Heights,Single Can,Birch's Ginger Ale Seltzer 10mg THC 12oz can,400000024844,0,0.0,1,1,2.0,2.0
Vadnais Heights,Single Can,Looner Sweet Orange Soda 10mg THC 12oz can,400000025087,0,0.0,1,1,2.8,3.0
Vadnais Heights,Single Can,Birch's Blueberry 10mg THC 12oz can,400000024820,0,0.0,2,2,2.0,4.0
Vadnais Heights,Single Can,Looner Cola 10mg THC 12oz can,400000024882,0,0.0,2,2,2.8,6.0
Vadnais Heights,Single Can,Looner Creme Soda 10mg THC 12oz can,400000024905,0,0.0,2,2,2.8,6.0
Vadnais Heights,Single Can,Looner Half and Half 10mg THC 12oz can,400000024943,0,0.0,2,2,2.8,6.0
Vadnais Heights,Single Can,Looner Mocktail Mule 10mg THC 12oz can,400000024981,0,0.0,2,2,2.8,6.0
Vadnais Heights,Single Can,Looner Professor Pepper 10mg THC 12oz can,400000025049,0,0.0,3,3,2.8,8.0
Vadnais Heights,Single Can,Foundry Nation Two Scoops Cherry 10mg THC 12oz can,400000025124,0,0.0,3,3,3.33,10.0
Vadnais Heights,Single Can,Looner Classic Lemonade 10mg THC 12oz can,400000024868,0,0.0,5,5,2.8,14.0
Vadnais Heights,Single Can,Looner Lemon Lime 10mg THC 12oz can,400000024967,0,0.0,5,5,2.8,14.0
Vadnais Heights,Single Can,Looner Peach Lemonade 10mg THC 12oz can,400000025001,0,0.0,5,5,2.8,14.0
Vadnais Heights,Single Can,Looner Root Beer 10mg THC Soda 12oz can,400000025063,0,0.0,4,4,2.8,11.0
Vadnais Heights,Single Can,Looner Pink Lemonade 10mg THC 12oz can,400000025025,0,0.0,7,7,2.8,20.0
Vadnais Heights,Single Can,Foundry Nation Two Scoops Orange 10mg THC 12oz can,400000025148,0,0.0,7,7,3.12,22.0
Vadnais Heights,Single Can,Foundry Nation Two Scoops Root Beer 10mg THC 12oz can,400000025162,0,0.0,7,7,2.87,20.0
Vadnais Heights,Single Can,Looner Deww 10mg THC 12oz can,400000024929,0,0.0,9,9,2.8,25.0
Vadnais Heights,Single Can,Looner Wild Grape 10mg THC 12oz can,400000025100,0,0.0,10,10,2.8,28.0
Vadnais Heights,Sociable Cider Werks,Squoze Apple Kush 10mg THC 4pk 12oz can,859990007441,1,1.4,1,6,9.09,55.0
Vadnais Heights,Sociable Cider Werks,Squoze Blueberry Lift 10mg THC 4pk 12oz can,859990007380,2,2.1,1,6,9.41,56.0
Vadnais Heights,Superior Molecular,Pappy's Black Cherry Lemonade Gummies 5mg THC 10 Pack,850013921249,7,0.4,1,100,2.0,200.0
Vadnais Heights,Superior Molecular,Pappy's Arctic Blast Gummies 5mg THC 10 Pack,850013921089,9,0.6,1,100,2.0,200.0
Vadnais Heights,Superior Molecular,Pappy's Variety Pack 10mg THC 12pk 12oz can,850013921560,2,2.1,1,2,22.0,44.0
Vadnais Heights,Superior Molecular,Pappy's Gooseberry Dream Gummies 5mg THC 10 Pack,850013921065,64,3.2,1,100,2.0,200.0
Vadnais Heights,"Sweet Leaves, LLC",Sweet Leaves Tropical Mix 5mg THC 10 Pack,198715716610,5,3.6,1,12,5.2,62.0
Vadnais Heights,Wherehouse Beverage,Wynk Mango 5mg THC 6pk 12oz can,196852039432,-1,-0.9,2,8,8.38,67.0
Vadnais Heights,Wild State Cider,Wild State Birdie THC Variety 9pk 12oz can,850018947541,0,0.0,1,2,19.99,40.0
Vadnais Heights,Wild State Cider,Wild State Birdie Tea + Lemon Variety 10mg THC 9pk 12oz can,850018947640,0,0.0,2,4,20.0,80.0
Vadnais Heights,Wild State Cider,Odder Variety Pack 10mg THC 9pk 12oz can,850079194045,10,2.7,3,6,14.0,84.0
Vadnais Heights,Wild State Cider,Odder Mango Guava 10mg THC 4pk 12oz can,850079194007,11,3.9,1,6,6.67,40.0
Vadnais Heights,,Tempter's Strawberry 10mg THC 12oz can,850009601230,0,0.0,1,1,2.67,3.0
Vadnais Heights,,IYKYK Strawberry Lemonade 10mg 12oz can,850071300253,0,0.0,1,1,2.25,2.0
Vadnais Heights,,Tempter's Citrus 10mg THC 12oz can,850009601223,0,0.0,2,2,2.67,5.0
Vadnais Heights,,Tempter's Blueberry 10mg THC 12oz can,850009601247,0,0.0,3,3,2.67,8.0
Vadnais Heights,,IYKYK Lemonade 10mg 12oz can,850071300239,0,0.0,2,2,2.25,4.0
Vadnais Heights,,IYKYK Lemonade Tea 10mg 12oz can,850071300246,0,0.0,2,2,2.24,4.0
Vadnais Heights,,IYKYK Peach Tea 10mg 12oz can,850071300222,0,0.0,4,4,2.24,9.0
Woodbury,56 Brewing,Acre Ginger Lime 10mg THC 4pk 12oz can,615867915949,1,2.1,1,6,7.04,42.0
Woodbury,Artisan Beer,Stigma Lemonade Tea 10mg THC 4pk 16oz can,850011431948,2,1.0,2,12,8.96,108.0
Woodbury,Artisan Beer,Stigma Lime Seltzer 10mg THC 4pk 16oz can,850011431986,4,2.4,1,6,10.94,66.0
Woodbury,Bellboy Corporation,Minny Grown Lemon Drop-let's 4pk 12oz can,860009899346,0,0.0,1,6,11.0,66.0
Woodbury,Bellboy Corporation,Minny Grown Caramel Apple Alien Abduction Yummy Gummy Bar 50mg THC,850063284608,0,0.0,1,12,6.0,72.0
Woodbury,Bellboy Corporation,Smokiez Sour Watermelon THC 10 pack,811194034128,0,0.0,1,12,5.5,66.0
Woodbury,Bellboy Corporation,Minny Grown St. Croix Sunrise Yummy Gummy Bar 50mg THC,860010316481,0,0.0,1,12,6.0,72.0
Woodbury,Bellboy Corporation,Smokiez Watermelon THC 10 pack,811194034111,0,0.0,1,12,5.5,66.0
Woodbury,Bellboy Corporation,Minny Grown Minnarita 4pk 12oz can,860009899339,1,0.5,2,12,11.0,132.0
Woodbury,Bellboy Corporation,Minny Grown CBG Pink Lemonade 10 Pack,850063284134,2,1.1,1,12,8.0,96.0
Woodbury,Bellboy Corporation,Minny Grown Highbernate 2.0 10 Pack,860010532591,11,1.4,2,24,8.0,192.0
Woodbury,Bellboy Corporation,Minny Grown Minny Apple 10 Pack,860009438088,5,1.6,1,12,8.0,96.0
Woodbury,Bellboy Corporation,Minny Grown Highbernate 5mg THC 10 Pack,860009438040,13,1.9,2,24,8.0,192.0
Woodbury,Bellboy Corporation,Minny Grown St. Croix Sunrise 10 Pack,860009899360,11,2.1,1,12,8.0,96.0
Woodbury,Bellboy Corporation,Minny Grown Highbernate Moon Melon 5mg THC 10mg CBD 20mg CBN 10pk,850063284776,9,2.4,1,12,7.96,96.0
Woodbury,Bellboy Corporation,Minny Grown BlueBeary 10 Pack,860006677671,11,2.8,1,12,8.0,96.0
Woodbury,Bellboy Corporation,Smokiez Blackberry Lemonade 4pk 12oz can,811194039611,4,2.9,1,6,13.33,80.0
Woodbury,Bellboy Corporation,BLNCD Fuse 85mg THC 750ml,840006316596,5,3.1,1,6,21.17,127.0
Woodbury,Bellboy Corporation,Minny Grown CBN Rainbow Sherbert 10 Pack,850063284127,3,3.2,1,12,8.0,96.0
Woodbury,Bellboy Corporation,Brez Extra Black Cherry 10mg THC 4pk 12oz can,860014148880,10,3.6,1,6,12.17,73.0
Woodbury,Bent Paddle Brewing Co,Bent Paddle Puff Puff Pass Variety 10mg THC 12pk 12oz can,850024846791,3,1.8,2,4,22.5,90.0
Woodbury,Bent Paddle Brewing Co,Bent Paddle Puff Prickly Pear Lemonade 10mg THC 4pk 12oz can,858106004251,2,2.9,1,6,10.67,64.0
Woodbury,Bent Paddle Brewing Co,Bent Paddle Puff Tropical Soda 10mg THC 4pk 12oz can,850024846807,3,3.2,1,6,10.22,61.0
Woodbury,Birch's on the Lake,Birch's Cherry Seltzer 10mg THC 4pk 12oz can,400000024806,2,1.0,2,12,8.0,96.0
Woodbury,Birch's on the Lake,Birch's Blueberry 10mg THC 4pk 12oz can,400000024813,6,2.8,1,6,8.0,48.0
Woodbury,"Breakthru Beverage Minnesota Beer, LLC",Utepils Raspberry 10mg THC 4pk 12oz can,852449007740,7,1.8,2,12,10.54,126.0
Woodbury,"Capitol Beverage Sales, L.P.",Clrty Variety 10mg THC 12pk 12oz can,850048459335,0,0.0,2,4,10.68,43.0
Woodbury,"Capitol Beverage Sales, L.P.",Collective Project Cherry Limade 5mg THC 4pk 12oz can,628719778098,0,0.0,1,6,8.45,51.0
Woodbury,"Capitol Beverage Sales, L.P.",Clrty Tangerine 10mg THC 4pk 12oz can,850048459014,0,0.0,1,6,11.49,69.0
Woodbury,"Capitol Beverage Sales, L.P.",Clrty Cranberry Lime 10mg THC 4pk 12oz can,850048459328,0,0.0,1,6,11.25,68.0
Woodbury,"Capitol Beverage Sales, L.P.",Clrty Pink Lemonade 10mg THC 4pk 12oz can,860008925152,0,0.0,1,6,11.6,70.0
Woodbury,"Capitol Beverage Sales, L.P.",Granny's Granny Smith 5mg THC Gummies 10pk,850055931077,4,1.1,2,20,5.74,115.0
Woodbury,"Capitol Beverage Sales, L.P.",Collective Project Orange Vanilla 10mg THC 4pk 12oz can,628719778012,1,2.1,1,6,9.33,56.0
Woodbury,"Capitol Beverage Sales, L.P.",Tempter's Blueberry 10mg THC 4pk 12oz can,850009601278,1,2.1,1,6,10.67,64.0
Woodbury,"Capitol Beverage Sales, L.P.",Tempter's Citrus 10mg 4pk 12oz can,850009601254,7,2.7,1,6,10.67,64.0
Woodbury,"Capitol Beverage Sales, L.P.",Collective Project Variety Pack 10mg 6pk 12oz can,628719778234,2,2.9,1,4,14.9,60.0
Woodbury,"Capitol Beverage Sales, L.P.",Tempter's Strawberry 10mg THC 4pk 12oz can,850009601261,3,3.0,1,6,10.67,64.0
Woodbury,"Capitol Beverage Sales, L.P.",Layup Lemonade Variety Pack 10mg THC 12pk 12oz can,850081233367,3,3.2,1,2,23.59,47.0
Woodbury,"Capitol Beverage Sales, L.P.",Clrty Black Cherry 5mg THC 4pk 12oz can,860008925190,3,3.2,1,6,9.34,56.0
Woodbury,"Capitol Beverage Sales, L.P.",Granny's Blueberry Pomegranate 10mg THC 4pk 12oz can,850055931190,4,3.4,1,6,11.38,68.0
Woodbury,College City Beverage,Uncle Arnie's Magic Mango 10mg THC 2oz,850039736490,26,1.2,3,72,1.67,120.0
Woodbury,College City Beverage,Uncle Arnie's Watermelon Wave 10mg THC 4pk 12oz can,850039736353,7,1.4,3,18,10.0,180.0
Woodbury,College City Beverage,Uncle Arnie's Strawberry Kiwi 10mg THC 2oz,850039736469,30,1.8,2,48,1.67,80.0
Woodbury,College City Beverage,Uncle Arnie's Zen Green Tea 10mg THC 4pk 12oz can,850039736339,50,2.1,8,48,10.0,480.0
Woodbury,College City Beverage,Uncle Arnie's Blueberry Nightcap 10mg THC 2oz,850039736483,45,3.0,1,24,1.67,40.0
Woodbury,College City Beverage,Uncle Arnie's Sunrise Orange 10mg THC 2oz,850039736476,40,3.5,1,24,1.67,40.0
Woodbury,"College City Beverage, Inc.",Lift Bridge Big Believer Variety Pack THC 12pk 12oz can,685165387120,0,0.0,2,4,25.77,103.0
Woodbury,"College City Beverage, Inc.",Plift Zero Sugar Variety Pack 10mg THC 12pk 7.5oz can,850075157242,2,2.1,1,2,18.67,37.0
Woodbury,"College City Beverage, Inc.",Uncle Arnie's Tahitian Treat 10mg THC 2oz,850039736926,44,2.7,1,24,1.67,40.0
Woodbury,"College City Beverage, Inc.",Uncle Arnie's Variety Pack Sugar Free 10mg THC 12pk 12oz can,850039736667,10,3.9,1,2,26.4,53.0
Woodbury,Credo Brands LLC,Voltage Relax Pack 12pack Variety 12oz can,784196719273,0,0.0,1,2,19.76,40.0
Woodbury,Discontinued,Tetra Rasp-Ginger 10mg THC 4pk 12oz can,810091530849,0,0.0,1,6,13.0,78.0
Woodbury,Discontinued,Gigli Citrus Seltzer 10mg THC 4pk 12oz can,643459379305,1,0.5,5,30,9.79,294.0
Woodbury,Discontinued,Gigli Strawberry Spritz  10mg THC 4pk 12oz can,643459379718,2,2.9,1,6,9.91,59.0
Woodbury,Discontinued,Gigli Raspberry Tea 10mg THC 4pk 12oz can,198168016879,15,,2,12,9.85,118.0
Woodbury,Get Chai,oHHo Empire Apple and Blackberry 10mg THC 4pk 12oz can,673658343289,0,0.0,1,6,10.0,60.0
Woodbury,Get Chai,Hippie Water Island Getaway 10mg THC 4pk 12oz can,198168101940,0,0.0,2,12,10.0,120.0
Woodbury,Get Chai,TBD Strawberry 4mg THC 10 Pack,860009350908,0,0.0,1,10,2.88,29.0
Woodbury,Get Chai,Hippie Water Garden Party 10mg THC 4pk 12oz can,198168093184,1,0.4,2,12,10.0,120.0
Woodbury,Get Chai,Leafy Blueberry Lemon Gummies 5mg THC 10 Pack,669185409260,10,0.7,5,50,3.13,156.0
Woodbury,Get Chai,Leafy Wildberry Gummies 5mg THC 10 Pack,669185409277,12,1.1,4,40,3.12,125.0
Woodbury,Get Chai,Hippie Water Winter Groove 10mg THC 4pk 12oz can,198168474037,4,1.4,2,12,10.0,120.0
Woodbury,Get Chai,Leafy Sour Watermelon Gummies 5mg THC 10 Pack,669185409253,28,1.6,5,50,3.13,156.0
Woodbury,Get Chai,CQ Strawberry Lemonade 10mg THC 2oz,602573191514,2,2.1,1,24,1.66,40.0
Woodbury,Get Chai,Leafy Maui Pineapple Gummies 5mg THC 10 Pack,669185409239,34,2.2,3,30,3.12,94.0
Woodbury,Get Chai,Leafy Georgia Peach Gummies 5mg THC 10 Pack,669185409222,33,2.7,2,20,3.13,63.0
Woodbury,Get Chai,Leafy  0-Calorie Italian Cherry Sparkling Beverage 10mg 12oz can,669185549218,26,3.8,1,24,2.23,53.0
Woodbury,Gigli MN LLC,Gigli Caramel Mocha 5mg THC 10 Pack,643459379985,0,0.0,1,12,7.25,87.0
Woodbury,Gigli MN LLC,Gigli Peach Rings 5mg THC 10 Pack,643459379831,7,1.3,2,24,0.68,16.0
Woodbury,Gigli MN LLC,Gigli 10mg THC Variety Pack 12pk 12oz can,199284006881,17,2.0,9,18,26.1,470.0
Woodbury,Gigli MN LLC,Gigli Cherry Limeade 10mg THC 4pk 12oz can,643459379725,9,2.6,1,6,10.59,64.0
Woodbury,Gigli MN LLC,Gigli Extra Gigli Variety 10mg THC 4pk 12oz can,643459380004,27,5.0,1,6,9.75,58.0
Woodbury,Gigli MN LLC,Gigli Blueberry Lemonade 10mg THC 4pk 12oz can,643459379992,23,5.2,2,12,9.75,117.0
Woodbury,Gigli MN LLC,Gigli Blood Orange Margarita 10mg THC 4pk 12oz can,643459380028,27,5.5,1,6,9.75,58.0
Woodbury,Gigli MN LLC,Gigli Mango Seltzer 10mg THC 4pk 12oz can,643459379541,12,12.9,1,6,9.78,59.0
Woodbury,Gigli MN LLC,Gigli Iced Tea Lemonade 10mg THC 4pk 12oz can,198168611401,12,51.4,2,12,9.78,117.0
Woodbury,Global Reserve LLC,Climbing Kites Variety Pack 10mg THC 6pk 12oz can,850047906380,0,0.0,1,4,14.4,58.0
Woodbury,Global Reserve LLC,Looner Wild Grape 5mg THC 4pk 12oz can,197644147694,1,1.1,1,6,6.99,42.0
Woodbury,Global Reserve LLC,Looner Cr�me 5mg THC 4pk 12oz can,197644293414,3,1.2,2,12,6.99,84.0
Woodbury,Global Reserve LLC,Looner Diet Professor Pepper 10mg 4pk 12oz can,199874796734,11,1.3,4,24,11.2,269.0
Woodbury,Global Reserve LLC,Looner Zenith Blackberry Gummies 5mg THC 10 Pack,198715643879,3,1.6,1,10,5.0,50.0
Woodbury,Global Reserve LLC,Looner Root Beer 10mg THC Soda 4pk 12oz can,400000025056,13,1.7,4,24,11.2,269.0
Woodbury,Global Reserve LLC,Looner Creme 10mg THC Soda 4pk 12oz can,400000024899,6,1.9,2,12,11.2,134.0
Woodbury,Global Reserve LLC,Bubz Purple Fizz 10mg THC 4pk 12oz can,850047906625,3,2.1,1,6,9.08,55.0
Woodbury,Global Reserve LLC,Looner Lemon Lime 10mg THC 4pk 12oz can,400000024950,6,2.4,1,6,11.2,67.0
Woodbury,Global Reserve LLC,Looner Mocktail Mule 10mg THC 4pk 12oz can,400000024974,1,2.7,1,6,11.2,67.0
Woodbury,Global Reserve LLC,Bubz Orange Vanilla 10mg THC 4pk 12oz can,850047906649,6,2.9,1,6,8.9,53.0
Woodbury,Global Reserve LLC,Drops Orange Creative 5mg THC 10 Pack,850068508297,21,3.0,1,10,6.0,60.0
Woodbury,Global Reserve LLC,Looner Zenith Strawberry Gummies 5mg THC 10 Pack,198715853483,12,3.2,1,10,5.0,50.0
Woodbury,Happy Duck LLC,Happy Duck Tangerine 10mg THC 4pk 12oz can,850056651073,2,0.8,2,12,5.92,71.0
Woodbury,"Hohensteins, Inc.",Senorita Mango Margarita 10mg THC 4pk 12oz can,850072957135,9,1.8,2,12,11.2,134.0
Woodbury,"Hohensteins, Inc.",Senorita Paloma 10mg THC 4pk 12oz can,850072957173,15,2.2,3,18,11.2,202.0
Woodbury,"Hohensteins, Inc.",Senorita Variety Pack 10mg THC 8pk 12oz can,850072957265,7,2.7,2,6,22.4,134.0
Woodbury,Insight Brewing Company (D),Insight Flavor Pixels 10mg THC Variety 12pk 12oz can,850033550641,4,1.9,3,6,24.78,149.0
Woodbury,Insight Brewing Company (D),Jixxie Huckleberry Sour 10mg THC 4pk 12oz can,198715275476,5,2.1,1,6,7.83,47.0
Woodbury,Insight Brewing Company (D),Insight Brewing Flavor Pixels 12pk 12oz can,850033550306,4,2.9,1,2,17.41,35.0
Woodbury,Insight Brewing Company (D),Jixxie Strawberry Limon 10mg THC 4pk 12oz can,198715300765,7,3.3,1,6,7.83,47.0
Woodbury,Insight Brewing Company (D),Jixxie 10mg Variety Pack 12pk 12oz cans,198715658699,4,3.4,1,2,20.02,40.0
Woodbury,Johnson Brothers - St. Paul,Wynk Strawberry Lemonade 10mg THC 4pk 12oz can,198715139464,4,3.4,1,6,9.04,54.0
Woodbury,Logan Fleischman,Billy Goats Microdose 25 Pack,649696490094,0,0.0,1,12,11.14,134.0
Woodbury,Lucid Brewing LLC Dba Inbound Brewco,Inbound Satellite Cherry Lime THC 4pk 12oz can,854249004165,0,0.0,1,6,8.67,52.0
Woodbury,Mega Beer LLC,Acre Strawberry Tangerine 10mg THC 4pk 12oz can,615867916137,2,1.0,2,12,7.0,84.0
Woodbury,Minny Grown,Minny Grown Highbernate Snoozeberry 2.5mg THC 5mg CBD 10mg CBN 10pk,850063284769,0,0.0,1,12,7.29,88.0
Woodbury,Modist Brewing Company,Modist Melt Blood Orange Raspberry Vanilla 10mg THC 4pk 12oz can,810095561672,0,0.0,1,6,8.45,51.0
Woodbury,NOR North Brands LLC,North Canna High Tonics Variety Pack 10mg THC,860011622031,0,0.0,4,12,16.67,200.0
Woodbury,NOR North Brands LLC,North Canna High Tonics Prickly Pear Lime 10mg THC,860011319009,0,0.0,1,6,9.67,58.0
Woodbury,"North Star Hemp, LLC",You Betcha Nighttime 5mg THC 4pk 12oz can,810023141013,5,3.1,1,6,8.33,50.0
Woodbury,Nothing But Hemp LLC,Vibes Pineapple Sativa 10mg THC 4pk 12oz can,649696006370,0,0.0,1,6,10.32,62.0
Woodbury,Nothing But Hemp LLC,Nothing But Hemp Gelato 10mg 5 Pack,649696105578,10,2.5,1,24,5.04,121.0
Woodbury,Nothing But Hemp LLC,Nothing But Hemp Zkittles 10mg THC 5 Pack,0420001,14,3.2,1,24,4.06,97.0
Woodbury,Phillips Wine & Spirits - St. Paul,Green Monke Tropical Citrus 10mg THC 4pk 12oz can,628634142431,0,0.0,1,6,9.57,57.0
Woodbury,Phillips Wine & Spirits - St. Paul,Daizy's Blueberry Lemonade 10mg THC 4pk 12oz can,850065870236,2,0.5,3,18,4.94,89.0
Woodbury,Phillips Wine & Spirits - St. Paul,Daizy's Tropical Punch 10mg THC 4pk 12oz can,85006587005,2,0.5,3,18,9.81,177.0
Woodbury,Phillips Wine & Spirits - St. Paul,Green Monke Lychee 10mg THC 4pk 12oz can,628425180468,3,1.4,1,6,9.69,58.0
Woodbury,Phillips Wine & Spirits - St. Paul,Daizy's Grape 10mg THC 4pk 12oz can,85006587003,7,1.4,3,18,3.35,60.0
Woodbury,Phillips Wine & Spirits - St. Paul,Green Monke Blue Raspberry 10mg THC 4pk 12oz can,628634142912,7,1.7,2,12,10.83,130.0
Woodbury,Phillips Wine & Spirits - St. Paul,Daizy's Orange Cream 10mg THC 4pk 12oz can,85006587025,8,2.6,1,6,3.24,19.0
Woodbury,Single Can,Birch's Blueberry 10mg THC 12oz can,400000024820,0,0.0,1,1,2.0,2.0
Woodbury,Single Can,Looner Classic Lemonade 10mg THC 12oz can,400000024868,0,0.0,1,1,2.8,3.0
Woodbury,Single Can,Looner Mocktail Mule 10mg THC 12oz can,400000024981,0,0.0,1,1,2.8,3.0
Woodbury,Single Can,Birch's Ginger Ale Seltzer 10mg THC 12oz can,400000024844,0,0.0,2,2,2.0,4.0
Woodbury,Single Can,Looner Deww 10mg THC 12oz can,400000024929,0,0.0,3,3,2.8,8.0
Woodbury,Single Can,Looner Half and Half 10mg THC 12oz can,400000024943,0,0.0,3,3,2.8,8.0
Woodbury,Single Can,Looner Peach Lemonade 10mg THC 12oz can,400000025001,0,0.0,3,3,2.8,8.0
Woodbury,Single Can,Looner Pink Lemonade 10mg THC 12oz can,400000025025,0,0.0,2,2,2.8,6.0
Woodbury,Single Can,Looner Professor Pepper 10mg THC 12oz can,400000025049,0,0.0,3,3,2.8,8.0
Woodbury,Single Can,Looner Creme Soda 10mg THC 12oz can,400000024905,0,0.0,6,6,2.8,17.0
Woodbury,Single Can,Looner Lemon Lime 10mg THC 12oz can,400000024967,0,0.0,5,5,2.8,14.0
Woodbury,Single Can,Looner Root Beer 10mg THC Soda 12oz can,400000025063,0,0.0,5,5,2.8,14.0
Woodbury,Single Can,Looner Sweet Orange Soda 10mg THC 12oz can,400000025087,0,0.0,5,5,2.8,14.0
Woodbury,Single Can,Looner Wild Grape 10mg THC 12oz can,400000025100,0,0.0,4,4,2.8,11.0
Woodbury,Sociable Cider Werks,Squoze Apple Kush 10mg THC 4pk 12oz can,859990007441,0,0.0,1,6,9.09,55.0
Woodbury,Stigma,Stigma Variety Pack 10mg THC 12pk 12oz can,850011431788,2,2.1,1,2,27.83,56.0
Woodbury,"Sweet Leaves, LLC",Sweet Leaves Sleep 5mg THC 5mg CBN 10mg CBD 10pk,198715216912,3,1.6,1,12,5.2,62.0
Woodbury,"Sweet Leaves, LLC",Sweet Leaves Pink Lemon 5mg THC 10 Pack,198715463590,4,2.1,1,12,5.2,62.0
Woodbury,"Sweet Leaves, LLC",Sweet Leaves Passion Fruit 5mg THC 10 Pack,198715102017,4,2.4,1,12,5.12,61.0
Woodbury,"Sweet Leaves, LLC",Sweet Leaves Pineapple 5mg THC 10 Pack,198715344844,3,3.2,1,12,5.25,63.0
Woodbury,Wild State Cider,Odder Berry Pineapple 10mg THC 4pk 12oz can,850079194021,0,0.0,2,12,6.67,80.0
Woodbury,Wild State Cider,Odder Mango Guava 10mg THC 4pk 12oz can,850079194007,3,1.1,2,12,6.67,80.0
Woodbury,,Uncle Arnie's Grape Soda 10mg THC 4pk 12oz can,850039736889,0,0.0,2,2,10.0,20.0
Woodbury,,Uncle Arnie's Orange Soda 10mg THC 4pk 12oz can,850039736896,1,0.4,9,9,7.99,72.0
Woodbury,,Uncle Arnie's Strawberry Soda 10mg THC 4pk 12oz can,850039736902,3,1.3,7,7,9.45,66.0
