Product Description,Product UPC,Department,Category,Size,Units/Case,Supplier,Distributor,Deal Description,Buy Months (if appl.),Net/Unit,Net Case,Case 1 (Retail),Retail Calc,Club Override,GM%,Buy Month Invoice,Effective Date,Notes,Non-Buy Month Invoice,REVIEW,Reorder Point,Item Number,Net Case EO,Net Cs EO/Unit,Retail Override,Avg Retail,Avg Club,Avg Sale,Buy Months,Case 1,Diff b/w Case 1,Diff b/w Net Case,Diff b/w Net Case EO,Diff Item Number,Vendor,buy month,Reorder Points,Item Classfication,Retail Price,Rank
Provisions Chardonnay 3L,848375002782,Wine,New Item,3L,4,Precept Wines,Paustis Wine Company,4 on 25,All,11.456896551724139,45.827586206896555,62,22.99,16.96,0.32447543916720883,52,,,52,,,2081,45.827586206896555,11.456896551724139,19.99,,,,,,,,,,,,,,19.99,
Provisions Rose 3L,848375005172,Wine,New Item,3L,4,Precept Wines,Paustis Wine Company,4 on 25,All,11.456896551724139,45.827586206896555,62,22.99,16.96,0.32447543916720883,52,,,52,,,2088,45.827586206896555,11.456896551724139,19.99,,,,,,,,,,,,,,19.99,
Leo Steen Peaberry Chenin,610877716265,Wine,New Item,750 ml,12,,"Bourget Imports, LLC",,All,20.145833333333332,241.75,256,31.99,28.96,0.30435658379373853,240,,"not sure, from Siri?",,,,Leo Steen Peaberry Chenin,241.75,20.145833333333332,33.99,,,,,,,,,,,,,,33.99,
Avignonesi Rosso di Montepulciano,748789700338,Wine,New Item,750,12,Classica,Maverick Wine Company,Case One,All,10.795,129.54,144,17.99,15.96,0.3236215538847118,128.04,"blaine, slp, roseville, mtka?",siri item,128.04,,,W-AV-RDM-22,129.54,10.795,18.99,,,,,,,,,,,,,,18.99,
Marguet 'Shaman' Rose Grand Cru Brut,,Wine,New Item,750 ml,6,,"Bourget Imports, LLC",,All,57.625,345.75,360,89.99,74.96,0.23125667022411947,344,,"not sure, from Siri?",,,,,345.75,57.625,89.99,,,,,,,,,,,,,,89.99,
Marguet Bouzy Grand Cru Brut,,Wine,New Item,750 ml,6,,"Bourget Imports, LLC",,All,78.95833333333333,473.75,488,121.99,102.96,0.23311642061642063,472,,"not sure, from Siri?",,,,,473.75,78.95833333333333,123.99,,,,,,,,,,,,,,123.99,
Bereche Brut Reserve,,Wine,New Item,750 ml,6,,"Bourget Imports, LLC",,All,54.958333333333336,329.75,344,85.99,70.96,0.22550263059000367,328,,"not sure, from Siri?",,,,,329.75,54.958333333333336,85.99,,,,,,,,,,,,,,85.99,
Le Capitaine Vouvray Demi-Sec,,Wine,New Item,750 ml,12,,"Bourget Imports, LLC",,All,12.145833333333334,145.75,160,19.99,18.96,0.3593969760900141,144,,"not sure, from Siri?",,,,Le Capitaine Vouvray Demi-Sec,145.75,12.145833333333334,22.49,,,,,,,,,,,,,,22.49,
Camins 2 Dreams 'Yila' Red,,Wine,New Item,750 ml,12,,"Bourget Imports, LLC",,All,18.8125,225.75,240,29.99,26.96,0.30220697329376855,224,,"not sure, from Siri?",,,,Camins 2 Dreams 'Yila' Red,225.75,18.8125,31.99,,,,,,,,,,,,,,31.99,
Crochet Sancerre Rose,,Wine,New Item,750 ml,12,,"Bourget Imports, LLC",,All,21.479166666666668,257.75,272,33.99,30.96,0.30622846683893196,256,,"not sure, from Siri?",,,,Crochet Sancerre Rose,257.75,21.479166666666668,36.99,,,,,,,,,,,,,,36.99,
Crochet Sancerre Blanc,,Wine,New Item,750 ml,12,,"Bourget Imports, LLC",,All,28.8125,345.75,360,44.99,40.96,0.29656982421875,344,,"not sure, from Siri?",,,,Crochet Sancerre Blanc,345.75,28.8125,48.99,,,,,,,,,,,,,,48.99,
Moschopolis Aiora Red,5200134860043,Wine,New Item,750 ml,12,,"Bourget Imports, LLC",,All,14.8125,177.75,192,23.99,22.96,0.3548562717770035,176,,siri,,,,Moschopolis Aiora Red,177.75,14.8125,26.99,,,,,,,,,,,,,,26.99,
Barefoot Cab 6/4pk 200ml Tetra,085000441244,Wine,New Item,200ml Tetra,6,Gallo,Johnson Brothers Liquor Co, Deep Net,All,4.8500000000000005,29.1,40,9.99,6.96,0.3031609195402298,28,,,28,,,1277359,29.1,4.8500000000000005,,,,,,,,,,,,,,,7.99,
Barefoot Chard 6/4pk 200ml Tetra,085000441251,Wine,New Item,200ml Tetra,6,Gallo,Johnson Brothers Liquor Co, Deep Net,All,4.8500000000000005,29.1,40,9.99,,0.5145145145145145,28,,,28,,,1163276,29.1,4.8500000000000005,,,,,,,,,,,,,,,,
Barefoot Moscato 6/4pk 200ml Tetra,085000441268,Wine,New Item,200ml Tetra,6,Gallo,Johnson Brothers Liquor Co, Deep Net,All,4.8500000000000005,29.1,40,9.99,,0.5145145145145145,28,,,28,,,1987757,29.1,4.8500000000000005,,,,,,,,,,,,,,,,
Barefoot Pinot Grigio 6/4pk 200ml Tetra,085000441220,Wine,New Item,200ml Tetra,6,Gallo,Johnson Brothers Liquor Co, Deep Net,All,4.8500000000000005,29.1,40,9.99,,0.5145145145145145,28,,,28,,,1753122,29.1,4.8500000000000005,,,,,,,,,,,,,,,,
Natural Origins Rose,879716002468,Wine,New Item,3 Ltr Box,6,"WISD, LLC",Paustis Wine Company,2 on 20,All,13.5,81,103,25.99,19.96,0.3236472945891784,88,,,88,,,1918,81,13.5,23.99,,,,,,,,,,,,,,23.99,
Natural Origins Sauv Blanc,879716000075,Wine,New Item,3 Ltr Box,6,"WISD, LLC",Paustis Wine Company,2 on 20,All,13.5,81,103,25.99,19.96,0.3236472945891784,88,,,88,,,1800,81,13.5,23.99,23.990000000000006,19.96,0,,,,,,,Paustis Wine,,0,,23.99,
Blossom Fury Riesling,184745000683,Wine,New Item,750 ml,12,House of Smith,Paustis Wine Company,1 on 10,All,10.386363636363637,124.63636363636364,144,17.99,15.96,0.3492253360674413,136,,,136,,,3107,124.63636363636364,10.386363636363637,18.99,,,,,,,,,,,,,,18.99,
Benoit Dehu 'Cuvee Initiation' Brut,,Wine,New Item,750 ml,12,,"Bourget Imports, LLC",,All,60.8125,729.75,744,92.99,78.96,0.22983156028368787,728,,siri,,,,,729.75,60.8125,94.99,,,,,,,,,,,,,,94.99,
Marie Courtin 'Eloquence' Brut,,Wine,New Item,750 ml,12,,"Bourget Imports, LLC",,All,79.47916666666667,953.75,968,120.99,102.96,0.22805782180782172,952,,siri,,,,,953.75,79.47916666666667,123.99,,,,,,,,,,,,,,123.99,
SERIAL CABERNET SAUVIGNON 21,853706002423,Wine,New Item,750ML,12,JAM CELLARS,Southern Wine & Spirits, ,ALL,18.066666666666666,216.8,240,29.99,26.96,0.3298714144411474,216,,siri,216,,,644640,216.8,18.066666666666666,31.99,,,,,,,,,,,,,,31.99,
SERIAL RED BLEND XXVI 21,853706002249,Wine,New Item,750ML,12,JAM CELLARS,Southern Wine & Spirits, ,ALL,16.566666666666666,198.8,216,26.99,24.96,0.33627136752136755,198,,siri,198,,,622342,198.8,16.566666666666666,29.99,,,,,,,,,,,,,,29.99,
Chateau Roumieu Sauternes,664941002884,Wine,New Item,375ml,12,CHAMPAGNE & CHATEAUX,Breakthru Beverage,Case 1,,17.595833333333335,211.15,210,25.99,25.96,0.3221944016435541,210,,siri,,,,9735321,211.15,17.595833333333335,30.99,,,,,,,,,,,,,,30.49,
Penner Ash WV Pinot Noir,857187002026,Wine,New Item,750ml,6,Penner Ash,Wine Merchants,,ALL,40.18333333333333,241.1,270,67.99,,0.40898171299700936,240,,, ,,,1575399,241.1,40.18333333333333,,,,,,,,,,,,,,,,
Alveo Zinfandel,853739000519,Wine,New Item,750 ml,12,Klinker Brick,Maverick Wine Company,1 on 5 m/m with Klinker Brick (Brickmason No Charge),All,6.958333333333333,83.5,120,14.99,10.96,0.3651155717761558,104,,"bryce email, asked siri. She did not mention this one",,,,DW-KB-AV-ZN-22,83.5,6.958333333333333,12.49,,,,,,,,,,,,,,12.49,
Mocali Maremma Toscana Ciliegiolo,No UPC,Wine,New Item,750 ml,12,,New France Wine,,All,10.875,130.5,136,16.99,16.96,0.3587853773584906,128,,siri wines. Waiting on locations from siri,128,,,MocaliCiliegiolo,130.5,10.875,19.99,,,,,,,,,,,,,,19.99,
Mocali Brunello di Montalcino,No UPC,Wine,New Item,750 ml,12,,New France Wine,,All,38.875,466.5,472,58.99,59.96,0.35165110073382255,464,,siri wines. Waiting on locations from siri,464,,,MocaliBrunello,466.5,38.875,71.99,,,,,,,,,,,,,,71.99,
Black Stal Cornerstone Chard (Low Tier),082242018104,Wine,New Item,750 ml,12,Delicato,Johnson Brothers Liquor Co,1 free case of Cornerstone Cab on 5,All,8.491666666666665,101.89999999999999,144,17.99,12.96,0.3447788065843623,136,,,,,,1779478,101.89999999999999,8.491666666666665,14.99,,,,,,,,,,,,,,14.99,
Black Stal Cornerstone Cab Sauv (Low Tier),082242018098,Wine,New Item,750 ml,12,Delicato,Johnson Brothers Liquor Co,1 free case of Cornerstone Cab on 5,All,12.313888888888888,147.76666666666665,200,24.99,18.96,0.350533286451008,176,,,,,,1866932,147.76666666666665,12.313888888888888,22.49,,,,,,,,,,,,,,22.49,
Daily's Spiked Iced Tea Lemonade 10oz,07480691886,Wine,New Item,Single,24,American Beverage,Phillips Wine & Spirits,1 on 15,September|October|November|December,1.5528645833333332,37.26875,48,2.99,,0.48064729654403576,38.58,,, ,,,1872461,37.26875,1.5528645833333332,,,,,,,,,,,,,,,,
Daily's Spiked Strawberry Lemonade 10oz,07480691885,Wine,New Item,Single,24,American Beverage,Phillips Wine & Spirits,1 on 15,September|October|November|December,1.5528645833333332,37.26875,48,2.99,,0.48064729654403576,38.58,,, ,,,1766588,37.26875,1.5528645833333332,,,,,,,,,,,,,,,,
Chloe In Bloom PG/Sauv Blanc,081308016351,Wine,New Item,750ml,12,CONSTELLATION BRANDS,Southern Wine & Spirits,,ALL,7.066666666666666,84.8,120,14.99,10.96,0.3552311435523115,84,,,96,,,697566,84.8,7.066666666666666,12.49,,,,,,,,,,,,,,12.49,
UNSHACKLED PINOT NOIR ,086003255241,Wine,New Item,750ml,12,CONSTELLATION BRANDS,Southern Wine & Spirits,,ALL,10.733333333333334,128.8,172,21.99,16.96,0.3671383647798742,160,,,160,,,559984,128.8,10.733333333333334,19.99,,,,,,,,,,,,,,19.99,
UNSHACKLED CHARDONNAY 24,086003255210,Wine,New Item,750ml,12,CONSTELLATION BRANDS,Southern Wine & Spirits,,ALL,8.733333333333333,104.8,160,19.99,13.96,0.3744030563514805,144,,,144,,,685311,104.8,8.733333333333333,15.99,,,,,,,,,,,,,,15.99,
UNSHACKLED SAUVIGNON BLANC 24,086003255173,Wine,New Item,750ml,12,CONSTELLATION BRANDS,Southern Wine & Spirits,,ALL,8.733333333333333,104.8,160,19.99,13.96,0.3744030563514805,144,,,144,,,677891,104.8,8.733333333333333,15.99,,,,,,,,,,,,,,15.99,
Mary Taylor Agenais Rose,850049187046,Wine,New Item,750 ml,12,,"Bourget Imports, LLC",,All,10.145833333333334,121.75,136,16.99,15.96,0.36429615705931495,120,,,,,,12059,121.75,10.145833333333334,18.99,,,,,,,,,,,,,,18.99,
Bernard Griffin Rose of Sangiovese 750ml,096925003042,wine,New Item,750ml,12,Barnard Griffin,Winebow (Grape Beginnings),,,8,96,132,16.99,11.96,0.33110367892976594,96,,,,,,30333372,96,8,13.99,,,,,,,,,,,,,,13.79,
Lorgeril O de Rose 750ml,3454781520955,wine,New Item,750ml,12,Lorgeril,Winebow (Grape Beginnings),,,13,156,168,20.99,19.96,0.3486973947895792,156,,,,,,30340951,156,13,23.99,,,,,,,,,,,,,,23.99,
Correggia Anthos,8032532311905,Wine,New Item,750 ml,12,,"Bourget Imports, LLC", ,All,16.145833333333332,193.75,208,25.99,22.96,0.29678426248548206,192,,, ,,,,193.75,16.145833333333332,26.99,,,,,,,,,,,,,,26.99,
Correggia Barbera,803253231162,Wine,New Item,750 ml,12,,"Bourget Imports, LLC", ,All,16.8125,201.75,216,26.99,23.96,0.29830968280467446,200,,, ,,,,201.75,16.8125,27.99,,,,,,,,,,,,,,27.99,
Contessa Annalisa Pinot Grigio,792468203016,Wine,,750 ml,12,The River Wine,,Buyer's Select,ALL,6.3133333333333335,75.76,74.76,8.99,12.96,0.5128600823045267,74.76,river wine came back with their price. Moscato OOS,56,,,cases,0222TTB,75.76,6.3133333333333335,14.99,14.990000000000004,12.960000000000006,0,ALL,66,8.760000000000005,8.760000000000005,8.760000000000005, ,Bellboy Corporation,,0,,14.99,0
Contessa Carino Grande,816805021696,Wine,,750 ml,12,The River Wine,,Buyer's Select,ALL,6.583333333333333,79,78,9.99,12.96,0.4920267489711935,78,river wine came back with their price. Moscato OOS,28,,,cases,1021TTB,79,6.583333333333333,14.99,14.589999999999998,11.960000000000004,0,ALL,83.5,-5.5,-5.5,-5.5, ,Bellboy Corporation,,0,,14.99,0
Contessa Silver Sky Rose,792468203030,Wine,,750 ml,12,The River Wine,,Buyer's Select,ALL,7.413333333333333,88.96,87.96,10.99,14.96,0.5044563279857398,87.96,river wine came back with their price. Moscato OOS,56,,,cases,1021TTC,88.96,7.413333333333333,17.99,14.990000000000004,12.960000000000006,0,ALL,84.92,3.039999999999992,3.039999999999992,3.039999999999992, ,Bellboy Corporation,,0,,17.49,0
Dacci Prosecco 750ml,816805021948,Wine,,750ml,12,The River Wine,,Buyer's Select,All,9.083333333333334,109,108,13.99,17.96,0.49424647364513735,108,river wine came back with their price. Moscato OOS,56,,,cases,1125TTD,109,9.083333333333334,20.99,23.990000000000006,19.96,0,All,123.5,-15.5,-15.5,-15.5, ,Bellboy Corporation,,0,,20.99,0
Twin Suns Cabernet 750ml,855357000872,Wine,,750ml,12,The River Wine,,Buyer's Select,All,9.083333333333334,109,108,13.99,17.96,0.49424647364513735,108,river wine came back with their price. Moscato OOS,14,,,cases,1218TTA,109,9.083333333333334,20.99,17.490000000000002,14.960000000000006,0,All,89,19,19,19, ,Bellboy Corporation,,0,,20.99,0
Twin Suns Chardonnay 750ml,855357000629,Wine,,750ml,12,The River Wine,,Buyer's Select,All,9.083333333333334,109,108,13.99,17.96,0.49424647364513735,108,river wine came back with their price. Moscato OOS,14,,,cases,1218TTC,109,9.083333333333334,20.99,16.958750000000002,13.890000000000002,0,All,90.41,17.590000000000003,17.590000000000003,17.590000000000003, ,Bellboy Corporation,,0,,20.99,0
Clos du Bois Chardonnay 200ml,085000040652,Wine,New Item,200ml,24,Gallo,Johnson Brothers Liquor Co,Deep net Plus 1 Barefoot 200ml on 5,All,1.8125,43.5,54,2.99,,0.3938127090301004,48,,,48,,,1362640,43.5,1.8125,,,,,,,,,,,,,,,,
Franciscan Cab 200ml,085000041741,Wine,New Item,200ml,24,Gallo,Johnson Brothers Liquor Co,Deep net Plus 1 Barefoot 200ml on 5,All,2.4791666666666665,59.5,72,4.99,,0.5031730126920508,64,,,64,,,1196000,59.5,2.4791666666666665,,,,,,,,,,,,,,,,
Tavernello Montepulciano,088603011500,Wine,New Item,750 ml,12,Volio,Vinocopia,1 on 10 cases NC,All,8.003787878787879,96.04545454545455,112,13.99,11.96,0.3307869666565319,104,,possible lower pricing, ,,,49282,96.04545454545455,8.003787878787879,13.99,,,,All,112,0,0,0, ,,,,,13.79,0
Tavernello Pinot Grigio,088603010954,Wine,New Item,750 ml,12,Volio,Vinocopia,1 on 10 cases NC,All,8.003787878787879,96.04545454545455,112,13.99,11.96,0.3307869666565319,104,,possible lower pricing, ,,,49252,96.04545454545455,8.003787878787879,13.99,,,,All,112,0,0,0, ,,,,,13.79,0
Tavernello Vino Bianco,088603010695,Wine,New Item,750 ml,12,Volio,Vinocopia,1 on 10 cases NC,All,6.185606060606061,74.22727272727273,88,10.99,9.96,0.37895521479858824,80,,possible lower pricing, ,,,49212,74.22727272727273,6.185606060606061,11.99,,,,All,88,0,0,0, ,,,,,11.49,0
Tavernello Vino Rosso,088603010688,Wine,New Item,750 ml,12,Volio,Vinocopia,1 on 10 cases NC,All,6.185606060606061,74.22727272727273,88,10.99,9.96,0.37895521479858824,80,,possible lower pricing, ,,,49222,74.22727272727273,6.185606060606061,11.99,,,,All,88,0,0,0, ,,,,,11.49,0
Tavernello Sangiovese,815599020717,Wine,New Item,750 ml,12,Volio,Vinocopia,1 on 10 cases NC,All,8.003787878787879,96.04545454545455,112,13.99,11.96,0.3307869666565319,104,,possible lower pricing,,,,49232,96.04545454545455,8.003787878787879,13.99,,,,,,,,,,,,,,13.79,
Alexander Valley Vineyards Cab Franc 750ml,085798049622,Wine,Deal Change,750ml,12,BANFI,Breakthru Beverage,16cs purchase in a month,"April 13th - 24th, Oct 19th - 30th",17.429166666666667,209.15,232,28.99,26.96,0.3535175568743818,208,,,232,,,9765540,209.15,17.429166666666667,31.99,31.990000000000006,26.959999999999994,0,ALL,232,0,-8,-8, ,"Breakthru Beverage Minnesota Wine & Spirits, LLC",,3,,31.99,0
Alexander Valley Vineyards Cab Sauv 750ml,085798028726,Wine,Deal Change,750ml,12,BANFI,Breakthru Beverage,16cs purchase in a month,"April 13th - 24th, Oct 19th - 30th",14.095833333333333,169.15,216,26.99,21.96,0.3581132361870067,168,,,216,,,1207349,169.15,14.095833333333333,25.99,25.990000000000006,21.959999999999997,0,ALL,216,0,-16,-16,1207349,"Breakthru Beverage Minnesota Wine & Spirits, LLC",,6,Alexander Valley Cab Sauv 750ml,25.99,0
Alexander Valley Vineyards Chardonnay 750ml,085798018727,Wine,Deal Change,750ml,12,BANFI,Breakthru Beverage,16cs purchase in a month,"April 13th - 24th, Oct 19th - 30th",10.095833333333333,121.15,168,20.99,15.96,0.3674289891395155,120,,,168,,,9789517,121.15,10.095833333333333,18.99,18.990000000000002,15.960000000000006,0,ALL,168,0,-16,-16, ,"Breakthru Beverage Minnesota Wine & Spirits, LLC",,6,,18.99,0
Alexander Valley Vineyards Gewurztraminer 750ml,085798038824,Wine,Deal Change,750ml,12,BANFI,Breakthru Beverage,16cs purchase in a month,"April 13th - 24th, Oct 19th - 30th",7.429166666666667,89.15,112,13.99,11.96,0.3788322185061316,88,,,112,,,9022130,89.15,7.429166666666667,13.79,13.789999999999994,11.960000000000004,0,ALL,112,0,-8,-8, ,"Breakthru Beverage Minnesota Wine & Spirits, LLC",,7,,13.79,0
Alexander Valley Vineyards Rose of Sangiovese 750ml,085798400720,Wine,Deal Change,750ml,12,BANFI,Breakthru Beverage,16cs purchase in a month,"April 13th - 24th, Oct 19th - 30th",11.429166666666667,137.15,160,19.99,17.96,0.3636321455085375,136,,,160,,,9770729,137.15,11.429166666666667,20.99,20.990000000000002,17.960000000000004,0,ALL,160,0,-8,-8, ,"Breakthru Beverage Minnesota Wine & Spirits, LLC",,1,,20.99,0
Duckhorn 3 Palms Merlot 50th Anniversary,669576018521,Wine,New Item,750ml,6,DUCKHORN VINEYARDS,Breakthru Beverage,12cs purchase in a month,ALL,100.19166666666666,601.15,672,167.99,154.96,0.35343529512992605,600,,,,,,9799186,601.15,100.19166666666666,185.99,,,,,,,,,,,,,,185.99,
Giesen Estate Riesling 750ml,637411002516,Wine,New Item,750ml,12,OPICI,Paustis Wine Company,,All,8.083333333333334,97,120,14.99,12.96,0.37628600823045266,96,1 kris pg on 10 or 2 kris pg on 15,holiday book,96,,,2921,97,8.083333333333334,14.99,,,,,,,,,,,,,,14.99,
Giesen Estate Sauv Blanc 750ml,637411000604,Wine,New Item,750ml,12,OPICI,Paustis Wine Company,,All,8.083333333333334,97,120,14.99,12.96,0.37628600823045266,96,1 kris pg on 10 or 2 kris pg on 15,holiday book,96,,,2924,97,8.083333333333334,14.99,,,,,,,,,,,,,,14.99,
Giesen Zero Chardonnay N/A 750ml,637411001298,Wine,New Item,750ml,12,OPICI,Paustis Wine Company,,All,9.416666666666666,113,128,15.99,14.96,0.3705436720142603,112,1 kris pg on 10 or 2 kris pg on 15,holiday book,112,,,2912,113,9.416666666666666,17.49,,,,,,,,,,,,,,17.49,
Brilla Prosecco Rose 750ml,8008863065596,Wine,New Item,750ml,12,WinesU,Paustis Wine Company,3 on 15,All,9.527777777777777,114.33333333333333,144,17.99,14.96,0.3631164587046941,136,free good can be pg or red 7 on 20,holiday book,128,,,2996,114.33333333333333,9.527777777777777,17.49,,,,,,,,,,,,,,17.49,
Cantina Zaccagnini Pinot Grigio 750ml,089475501199,Wine,New Item,750ML,12,WinesU,Paustis Wine Company,1 on 5,All,11.194444444444445,134.33333333333334,160,19.99,17.96,0.3767013115565454,160,free good can be pg or red 7 on 20,holiday book,160,,,13857,134.33333333333334,11.194444444444445,20.99,,,,,,,,,,,,,,20.99,
Jacques Chaput NV Brut Champagne 750ml,897097002020,Wine,New Item,750ml,12,,New France Wine,,All,33.541666666666664,402.5,440,54.99,59.96,0.4405992884144986,400,,"ordered 56 cases, eta in late Oct",400,,,Chaput,402.5,33.541666666666664,70.99,70.99,59.960000000000015,0,All,440,0,0,0, ,"New France Wine Co, Inc",,0,,71.99,0
Paul Jaboulet CDR Parallele 45 Blanc 750ml,084692677030,Wine,New Item,750ml,12,KOBRAND,Breakthru Beverage,"20cs intro buy, Deep 8cs pricing chained in to fill in",ALL,9.429166666666667,113.15,144,17.99,14.96,0.36970811051693403,112,can bring in when they can deliver,"siri emailed about this, she tasted the wines and liked them",,,,9726687,113.15,9.429166666666667,17.99,17.990000000000002,14.960000000000006,0,ALL,144,0,0,0, ,"Breakthru Beverage Minnesota Wine & Spirits, LLC",,0,,17.49,0
Paul Jaboulet CDR Parallele 45 Rouge 750ml,084692677009,Wine,New Item,750ml,12,KOBRAND,Breakthru Beverage,"20cs intro buy, Deep 8cs pricing chained in to fill in",ALL,9.429166666666667,113.15,144,17.99,14.96,0.36970811051693403,112,can bring in when they can deliver,"siri emailed about this, she tasted the wines and liked them",,,,9761498,113.15,9.429166666666667,17.99,17.990000000000002,14.960000000000006,0,ALL,144,0,0,0, ,"Breakthru Beverage Minnesota Wine & Spirits, LLC",,0,,17.49,0
Bogle Juggernaut Napa Cabernet 750ml,080887551123,Wine,New Item,750 ml,12,Bogle,Phillips Wine & Spirits,1 free Juggernaut SB on 8,ALL,18.624166666666664,223.48999999999998,240,29.99,26.96,0.3091926310583582,240,2026-09-01 00:00:00,,,,,1808938,223.48999999999998,18.624166666666664,31.99,31.990000000000006,26.959999999999994,0,ALL,240,0,0,0, ,Phillips Wine & Spirits - St. Paul,,3,Bogle Juggernaut 750ml,31.99,0
Luc Belaire Bleu,813497007809,Wine,Distributor Change,750 ml,6,Soveirgn Brands,Phillips Wine & Spirits,Case 1,ALL,19.436666666666664,116.61999999999999,144,35.99,,0.45994257664165983,115.52,,moving to SGWS,,,,001285480,116.61999999999999,19.436666666666664,,33.20875,28.082499999999996,0,,,,,,,,,1,,,
Luc Belaire Brut Gold,813497005706,Wine,Distributor Change,750 ml,6,Soveirgn Brands,Phillips Wine & Spirits,Case 1,ALL,19.436666666666664,116.61999999999999,144,35.99,,0.45994257664165983,115.52,,moving to SGWS,,,,000025583,116.61999999999999,19.436666666666664,,,,,,,,,,,,,,,,
Luc Belaire Gold,813497007038,Wine,Distributor Change,750 ml,6,Soveirgn Brands,Phillips Wine & Spirits,Case 1,ALL,19.436666666666664,116.61999999999999,144,35.99,,0.45994257664165983,115.52,,moving to SGWS,,,,001002449,116.61999999999999,19.436666666666664,,34.99,0,0,,,,,,,,,0,,,
Luc Belaire Luxe,813497005010,Wine,Distributor Change,750 ml,6,Soveirgn Brands,Phillips Wine & Spirits,Case 1,ALL,19.436666666666664,116.61999999999999,144,35.99,,0.45994257664165983,115.52,,moving to SGWS,,,,001558354,116.61999999999999,19.436666666666664,,34.45875,12.544375,0,,,,,,,,,0,,,
Luc Belaire Luxe Rose,813497004310,Wine,Distributor Change,750 ml,6,Soveirgn Brands,Phillips Wine & Spirits,Case 1,ALL,19.436666666666664,116.61999999999999,144,35.99,,0.45994257664165983,115.52,,moving to SGWS,,,,001703078,116.61999999999999,19.436666666666664,,34.365,1.309375,0,,,,,,,,,0,,,
Luc Belaire Rare Rose,813497005904,Wine,Distributor Change,750 ml,6,Soveirgn Brands,Phillips Wine & Spirits,Case 1,ALL,19.436666666666664,116.61999999999999,144,35.99,,0.45994257664165983,115.52,,moving to SGWS,,,,000023495,116.61999999999999,19.436666666666664,,34.3025,1.246875,0,,,,,,,,,0,,,
Pomalo Rose 750ml,3857500118752,Wine,New Item,750ml,12,,New France Wine,,All,13.541666666666666,162.5,168,20.99,19.96,0.321559786239145,160,,Wine Seminar Oct 14 (slovenia-croatia),160,,,PomaloRose,162.5,13.541666666666666,23.99,23.990000000000006,19.96,0,All,168,0,0,0, ,"New France Wine Co, Inc",,0,,23.99,0
Zlatan Hvar Posip 750ml,72776051263,Wine,New Item,750ml,12,,New France Wine,,All,18.208333333333332,218.5,224,27.99,26.96,0.3246167161226509,216,,Wine Seminar Oct 14 (slovenia-croatia),216,,,ZlatanPosip,218.5,18.208333333333332,31.99,31.990000000000006,26.959999999999994,0,All,224,0,0,0, ,"New France Wine Co, Inc",,0,,31.99,0
Scarpetta Pinot Grigio 750ml,8008863040029,Wine,New Item,750ml,12,SCARPETTA,Breakthru Beverage,2cs deal on invoice,ALL,10.762500000000001,129.15,136,16.99,15.96,0.3256578947368421,128,,Customer Request - SLP,,,,9779564,129.15,10.762500000000001,18.99,18.990000000000002,15.960000000000006,0,ALL,136,0,0,0, ,"Breakthru Beverage Minnesota Wine & Spirits, LLC",,0,,18.99,0
Royal Tokaji Dry Furmint 750ml,720815811201,Wine,New Item,750ml,12,WILSON DANIELS,Breakthru Beverage,"Purchase 2cs at $168, get 1cs Tito's 375ml for $54/cs",September,14.095833333333333,169.15,176,21.99,20.96,0.3274888676844784,168,,Customer Request - SLP,,,,9755116,169.15,14.095833333333333,24.99,24.990000000000006,20.96,0,September,176,0,0,0, ,"Breakthru Beverage Minnesota Wine & Spirits, LLC",,0,,24.99,0
"90+ Cellars Lot 245 Cab Sauv, Howell Mountain, CA 750ml",810204641370,Wine,New Item,750ml,12,,Bellboy Corporation,Buyer's Select,All,17.041666666666668,204.5,203.5,24.99,30.96,0.4495585701981051,203.5,,10 cases,,,,2994074,204.5,17.041666666666668,36.99,36.99,30.959999999999994,0,All,203.5,0,0,0, ,Bellboy Corporation,,0,,36.99,0
"90+ Cellars Lot 244 Cab Sauv, Spring Mountain, CA 750ml",810204641363,Wine,New Item,750ml,12,,Bellboy Corporation,Buyer's Select,All,17.041666666666668,204.5,203.5,24.99,30.96,0.4495585701981051,203.5,,10 cases,,,,2994084,204.5,17.041666666666668,36.99,36.99,30.959999999999994,0,All,203.5,0,0,0, ,Bellboy Corporation,,0,,36.99,0
"90+ Cellars Lot 239 Brunello di Montalcino DOCG, Italy 750ml",810204641103,Wine,New Item,750ml,12,,Bellboy Corporation,Buyer's Select,All,22.041666666666668,264.5,263.5,32.99,39.96,0.4484067400734067,263.5,,7 cases,,,,2994094,264.5,22.041666666666668,46.99,46.99,39.96,0,All,263.5,0,0,0, ,Bellboy Corporation,,0,,47.99,0
"90+ Cellars Lot 241 Chianti Classico, DOCG, Italy 750ml",810204641127,Wine,New Item,750ml,12,,Bellboy Corporation,Buyer's Select,All,8.75,105,104,12.99,17.96,0.5128062360801782,104,,20 cases,,,,2995004,105,8.75,20.99,20.990000000000002,17.960000000000004,0,All,104,0,0,0, ,Bellboy Corporation,,0,,20.99,0
Portlandia Cabernet,182442000487,Wine,Distributor Change,750 ml,12,Bronco Wine Co.,Paustis Wine Company,,All,13.416666666666666,161,176,21.99,20.96,0.3598918575063614,160,,moved from osm to paustis,160,review,,3575,161,13.416666666666666,24.99,24.990000000000006,20.96,0,All,176,0,0,0, ,Paustis Wine,,16,Portlandia 750ml,24.99,508
Portlandia Pinot Gris,182442000418,Wine,Distributor Change,750 ml,12,Bronco Wine Co.,Paustis Wine Company,,All,10.75,129,136,16.99,16.96,0.3661556603773585,128,,moved from osm to paustis,128,review,,3571,129,10.75,19.99,19.990000000000002,16.960000000000004,0,All,136,0,0,0, ,Paustis Wine,,15,Portlandia 750ml,19.99,0
Portlandia Pinot Noir,182442000401,Wine,Distributor Change,750 ml,12,Bronco Wine Co.,Paustis Wine Company,,All,13.416666666666666,161,176,21.99,20.96,0.3598918575063614,160,,moved from osm to paustis,160,review,,3576,161,13.416666666666666,24.99,24.990000000000006,20.96,0,All,176,0,0,0, ,Paustis Wine,,15,Portlandia 750ml,24.99,416
Portlandia Red Blend,182442000470,Wine,Distributor Change,750 ml,12,Bronco Wine Co.,Paustis Wine Company,,All,13.416666666666666,161,176,21.99,20.96,0.3598918575063614,160,,moved from osm to paustis,160,review,,3577,161,13.416666666666666,24.99,,,,All,176,0,0,0, ,,,,,24.99,0
Portlandia Rosē,182442000425,Wine,Distributor Change,750 ml,12,Bronco Wine Co.,Paustis Wine Company,,All,10.75,129,136,16.99,16.96,0.3661556603773585,128,,moved from osm to paustis,128,review,,3574,129,10.75,19.99,,,,All,136,0,0,0, ,,,,,19.99,0
Portlandia Sauv Blanc,182442000562,Wine,Distributor Change,750 ml,12,Bronco Wine Co.,Paustis Wine Company,,All,10.75,129,136,16.99,16.96,0.3661556603773585,128,,moved from osm to paustis,128,review,,3572,129,10.75,19.99,,,,All,136,0,0,0, ,,,,,19.99,0
Papi Pineapple 750ml,850061597083,Wine,New Item,750 ml,12,Simone International,Paustis Wine Company,Buyer's Select,All,4.486666666666667,53.84,52.84,6.99,9.96,0.5495314591700133,52.84,,,,,,2818,53.84,4.486666666666667,11.49,11.49,9.960000000000004,0,All,52.84,0,0,0, ,Paustis Wine,,0,,11.49,0
Papi Passion Fruit Sangria 750ml,893828001850,Wine,New Item,750ml,12,Simone Intl,Paustis Wine Company,Buyer's Select,All,3.9033333333333338,46.84,45.84,5.99,9.96,0.6080990629183399,45.84,,,,,,2811,46.84,3.9033333333333338,11.49,11.49,9.960000000000004,0,All,45.84,0,0,0, ,Paustis Wine,,0,,11.49,0
Martin Woods Temperance Hill Chardonnay 750ml,400000025766,Wine,New Item,750ml,12,,New France Wine,,All,44.208333333333336,530.5,536,66.99,68.96,0.35892788089713834,528,,2 cases,528,review,,MartinWoodsChardTemperance,530.5,44.208333333333336,80.99,80.99,68.96000000000001,0,All,536,0,0,0, ,"New France Wine Co, Inc",,0,,82.99,0
Martin Woods Temperance Hill Pinot Noir 750ml,400000025767,Wine,New Item,750ml,12,,New France Wine,,All,44.208333333333336,530.5,536,66.99,68.96,0.35892788089713834,528,,10 cases,528,review,,MartinWoodsPNTemperenceHill,530.5,44.208333333333336,80.99,80.99,68.96000000000001,0,All,536,0,0,0, ,"New France Wine Co, Inc",,0,,82.99,0
Martin Woods Hyland Pinot Noir 750ml,400000025768,Wine,New Item,750ml,12,,New France Wine,,All,44.208333333333336,530.5,536,66.99,68.96,0.35892788089713834,528,,5 cases,528,review,,MatineWoodsPNHyland,530.5,44.208333333333336,80.99,80.99,68.96000000000001,0,All,536,0,0,0, ,"New France Wine Co, Inc",,0,,82.99,0
Barefoot Apple Moscato,085000029022,Wine,Buy Months Change,750 ml,12,Gallo,Johnson Brothers Liquor Co,ON Month Deep Net $51.85 ( Off Month Deep Net $56),"January, April, June, August, October, Dec",4.4125000000000005,52.95,72,8.99,6.96,0.3660201149425287,51.85,2026-10-01 00:00:00,,56,,,1022934,52.95,4.4125000000000005,7.99,7.989999999999998,6.959999999999997,0,"January, April, June, August, October, December",72,0,0,0, ,Johnson Brothers - St. Paul,"January, April, June, August, October, December",5,Barefoot 750ml,7.99,690
Barefoot Blueberry Moscato,085000031780,Wine,Buy Months Change,750 ml,12,Gallo,Johnson Brothers Liquor Co,ON Month Deep Net $51.85 ( Off Month Deep Net $56),"January, April, June, August, October, Dec",4.4125000000000005,52.95,72,8.99,,0.5091768631813125,51.85,2026-10-01 00:00:00,,56,,,1644598,52.95,4.4125000000000005,,7.989999999999998,6.959999999999997,0,"January, April, June, August, October, December",72,0,0,0, ,Johnson Brothers - St. Paul,"January, April, June, August, October, December",15,Barefoot 750ml,,674
"Barefoot Bright & Breezy Pinot Grigio

",085000032879,Wine,Buy Months Change,750 ml,12,Gallo,Johnson Brothers Liquor Co,ON Month Deep Net $51.85 ( Off Month Deep Net $56),"January, April, June, August, October, Dec",4.4125000000000005,52.95,72,8.99,,0.5091768631813125,51.85,2026-10-01 00:00:00,,56,,,1540668,52.95,4.4125000000000005,,7.989999999999998,6.959999999999997,0,"January, April, June, August, October, December",72,0,0,0, ,Johnson Brothers - St. Paul,"January, April, June, August, October, December",1,Barefoot 750ml,,0
Barefoot Butter Chard,085000031926,Wine,Buy Months Change,750 ml,12,Gallo,Johnson Brothers Liquor Co,ON Month Deep Net $51.85 ( Off Month Deep Net $56),"January, April, June, August, October, Dec",4.4125000000000005,52.95,72,8.99,,0.5091768631813125,51.85,2026-10-01 00:00:00,,56,,,1298036,52.95,4.4125000000000005,,7.989999999999998,6.959999999999997,0,"January, April, June, August, October, December",72,0,0,0, ,Johnson Brothers - St. Paul,"January, April, June, August, October, December",5,Barefoot 750ml,,578
Barefoot Cab Sauv,018341751017,Wine,Buy Months Change,750 ml,12,Gallo,Johnson Brothers Liquor Co,ON Month Deep Net $51.85 ( Off Month Deep Net $56),"January, April, June, August, October, Dec",4.4125000000000005,52.95,72,8.99,,0.5091768631813125,51.85,2026-10-01 00:00:00,,56,,,10765,52.95,4.4125000000000005,,7.989999999999998,6.959999999999997,0,"January, April, June, August, October, December",72,0,0,0, ,Johnson Brothers - St. Paul,"January, April, June, August, October, December",15,Barefoot 750ml,,425
Barefoot Chardonnay,018341751055,Wine,Buy Months Change,750 ml,12,Gallo,Johnson Brothers Liquor Co,ON Month Deep Net $51.85 ( Off Month Deep Net $56),"January, April, June, August, October, Dec",4.4125000000000005,52.95,72,8.99,,0.5091768631813125,51.85,2026-10-01 00:00:00,,56,,,10766,52.95,4.4125000000000005,,7.989999999999998,6.959999999999997,0,"January, April, June, August, October, December",72,0,0,0, ,Johnson Brothers - St. Paul,"January, April, June, August, October, December",15,Barefoot 750ml,,226
Barefoot Lemonade Moscato,085000034927,Wine,Buy Months Change,750 ml,12,Gallo,Johnson Brothers Liquor Co,ON Month Deep Net $51.85 ( Off Month Deep Net $56),"January, April, June, August, October, Dec",4.4125000000000005,52.95,72,8.99,,0.5091768631813125,51.85,2026-10-01 00:00:00,,56,,,1484924,52.95,4.4125000000000005,,7.989999999999998,6.959999999999997,0,"January, April, June, August, October, December",72,0,0,0, ,Johnson Brothers - St. Paul,"January, April, June, August, October, December",0,,,0
Barefoot Mango Moscato,085000032176,Wine,Buy Months Change,750 ml,12,Gallo,Johnson Brothers Liquor Co,ON Month Deep Net $51.85 ( Off Month Deep Net $56),"January, April, June, August, October, Dec",4.4125000000000005,52.95,72,8.99,,0.5091768631813125,51.85,2026-10-01 00:00:00,,56,,,1902802,52.95,4.4125000000000005,,7.989999999999998,6.959999999999997,0,"January, April, June, August, October, December",72,0,0,0, ,Johnson Brothers - St. Paul,"January, April, June, August, October, December",3,Barefoot 750ml,,0
Barefoot Merlot,018341751109,Wine,Buy Months Change,750 ml,12,Gallo,Johnson Brothers Liquor Co,ON Month Deep Net $51.85 ( Off Month Deep Net $56),"January, April, June, August, October, Dec",4.4125000000000005,52.95,72,8.99,,0.5091768631813125,51.85,2026-10-01 00:00:00,,56,,,10764,52.95,4.4125000000000005,,7.989999999999998,6.959999999999997,0,"January, April, June, August, October, December",72,0,0,0, ,Johnson Brothers - St. Paul,"January, April, June, August, October, December",7,Barefoot 750ml,,558
Barefoot Moscato,085000016688,Wine,Buy Months Change,750 ml,12,Gallo,Johnson Brothers Liquor Co,ON Month Deep Net $51.85 ( Off Month Deep Net $56),"January, April, June, August, October, Dec",4.4125000000000005,52.95,72,8.99,,0.5091768631813125,51.85,2026-10-01 00:00:00,,56,,,14338,52.95,4.4125000000000005,,7.989999999999998,6.959999999999997,0,"January, April, June, August, October, December",72,0,0,0, ,Johnson Brothers - St. Paul,"January, April, June, August, October, December",16,Barefoot 750ml,,128
Barefoot Peach Moscato,085000029008,Wine,Buy Months Change,750 ml,12,Gallo,Johnson Brothers Liquor Co,ON Month Deep Net $51.85 ( Off Month Deep Net $56),"January, April, June, August, October, Dec",4.4125000000000005,52.95,72,8.99,,0.5091768631813125,51.85,2026-10-01 00:00:00,,56,,,1995202,52.95,4.4125000000000005,,7.989999999999998,6.959999999999997,0,"January, April, June, August, October, December",72,0,0,0, ,Johnson Brothers - St. Paul,"January, April, June, August, October, December",16,Barefoot 750ml,,321
Barefoot Pear Moscato 750ml,085000037607,Wine,Buy Months Change,750 ml,12,Gallo,Johnson Brothers Liquor Co,ON Month Deep Net $51.85 ( Off Month Deep Net $56),"January, April, June, August, October, Dec",4.4125000000000005,52.95,72,8.99,,0.5091768631813125,51.85,2026-10-01 00:00:00,,56,,,1984258,52.95,4.4125000000000005,,7.989999999999998,6.959999999999997,0,"January, April, June, August, October, December",72,0,0,0, ,Johnson Brothers - St. Paul,"January, April, June, August, October, December",5,Barefoot 750ml,,0
Barefoot Pink Moscato,085000020456,Wine,Buy Months Change,750 ml,12,Gallo,Johnson Brothers Liquor Co,ON Month Deep Net $51.85 ( Off Month Deep Net $56),"January, April, June, August, October, Dec",4.4125000000000005,52.95,72,8.99,,0.5091768631813125,51.85,2026-10-01 00:00:00,,56,,,20621,52.95,4.4125000000000005,,7.989999999999998,6.959999999999997,0,"January, April, June, August, October, December",72,0,0,0, ,Johnson Brothers - St. Paul,"January, April, June, August, October, December",16,Barefoot 750ml,,173
Barefoot Pinot Grigio,085000014448,Wine,Buy Months Change,750 ml,12,Gallo,Johnson Brothers Liquor Co,ON Month Deep Net $51.85 ( Off Month Deep Net $56),"January, April, June, August, October, Dec",4.4125000000000005,52.95,72,8.99,,0.5091768631813125,51.85,2026-10-01 00:00:00,,56,,,11876,52.95,4.4125000000000005,,7.989999999999998,6.959999999999997,0,"January, April, June, August, October, December",72,0,0,0, ,Johnson Brothers - St. Paul,"January, April, June, August, October, December",16,Barefoot 750ml,,123
Barefoot Pinot Noir,085000017074,Wine,Buy Months Change,750 ml,12,Gallo,Johnson Brothers Liquor Co,ON Month Deep Net $51.85 ( Off Month Deep Net $56),"January, April, June, August, October, Dec",4.4125000000000005,52.95,72,8.99,,0.5091768631813125,51.85,2026-10-01 00:00:00,,56,,,16508,52.95,4.4125000000000005,,7.989999999999998,6.959999999999997,0,"January, April, June, August, October, December",72,0,0,0, ,Johnson Brothers - St. Paul,"January, April, June, August, October, December",11,Barefoot 750ml,,565
Barefoot Red Moscato,085000019894,Wine,Buy Months Change,750 ml,12,Gallo,Johnson Brothers Liquor Co,ON Month Deep Net $51.85 ( Off Month Deep Net $56),"January, April, June, August, October, Dec",4.4125000000000005,52.95,72,8.99,,0.5091768631813125,51.85,2026-10-01 00:00:00,,56,,,19660,52.95,4.4125000000000005,,7.989999999999998,6.959999999999997,0,"January, April, June, August, October, December",72,0,0,0, ,Johnson Brothers - St. Paul,"January, April, June, August, October, December",16,Barefoot 750ml,,371
Barefoot Rich Red Blend,085000021088,Wine,Buy Months Change,750 ml,12,Gallo,Johnson Brothers Liquor Co,ON Month Deep Net $51.85 ( Off Month Deep Net $56),"January, April, June, August, October, Dec",4.4125000000000005,52.95,72,8.99,,0.5091768631813125,51.85,2026-10-01 00:00:00,,56,,,21555,52.95,4.4125000000000005,,7.989999999999998,6.959999999999997,0,"January, April, June, August, October, December",72,0,0,0, ,Johnson Brothers - St. Paul,"January, April, June, August, October, December",1,Barefoot 750ml,,0
Barefoot Riesling,085000015810,Wine,Buy Months Change,750 ml,12,Gallo,Johnson Brothers Liquor Co,ON Month Deep Net $51.85 ( Off Month Deep Net $56),"January, April, June, August, October, Dec",4.4125000000000005,52.95,72,8.99,,0.5091768631813125,51.85,2026-10-01 00:00:00,,56,,,14989,52.95,4.4125000000000005,,7.989999999999998,6.959999999999997,0,"January, April, June, August, October, December",72,0,0,0, ,Johnson Brothers - St. Paul,"January, April, June, August, October, December",16,Barefoot 750ml,,285
Barefoot Rose,085000025871,Wine,Buy Months Change,750 ml,12,Gallo,Johnson Brothers Liquor Co,ON Month Deep Net $51.85 ( Off Month Deep Net $56),"January, April, June, August, October, Dec",4.4125000000000005,52.95,72,8.99,,0.5091768631813125,51.85,2026-10-01 00:00:00,,56,,,1268255,52.95,4.4125000000000005,,7.989999999999998,6.959999999999997,0,"January, April, June, August, October, December",72,0,0,0, ,Johnson Brothers - St. Paul,"January, April, June, August, October, December",11,Barefoot 750ml,,0
Barefoot Sangria,085000025055,Wine,Buy Months Change,750 ml,12,Gallo,Johnson Brothers Liquor Co,ON Month Deep Net $51.85 ( Off Month Deep Net $56),"January, April, June, August, October, Dec",4.4125000000000005,52.95,72,8.99,,0.5091768631813125,51.85,2026-10-01 00:00:00,,56,,,28353,52.95,4.4125000000000005,,7.989999999999998,6.959999999999997,0,"January, April, June, August, October, December",72,0,0,0, ,Johnson Brothers - St. Paul,"January, April, June, August, October, December",2,Barefoot 750ml,,0
Barefoot Sauv Blanc,018341751024,Wine,Buy Months Change,750 ml,12,Gallo,Johnson Brothers Liquor Co,ON Month Deep Net $51.85 ( Off Month Deep Net $56),"January, April, June, August, October, Dec",4.4125000000000005,52.95,72,8.99,,0.5091768631813125,51.85,2026-10-01 00:00:00,,56,,,10763,52.95,4.4125000000000005,,7.989999999999998,6.959999999999997,0,"January, April, June, August, October, December",72,0,0,0, ,Johnson Brothers - St. Paul,"January, April, June, August, October, December",16,Barefoot 750ml,,308
Barefoot Strawberry Moscato 750ml,085000029015,Wine,Buy Months Change,750 ml,12,Gallo,Johnson Brothers Liquor Co,ON Month Deep Net $51.85 ( Off Month Deep Net $56),"January, April, June, August, October, Dec",4.4125000000000005,52.95,72,8.99,,0.5091768631813125,51.85,2026-10-01 00:00:00,,56,,,1433753,52.95,4.4125000000000005,,7.989999999999998,6.959999999999997,0,"January, April, June, August, October, December",72,0,0,0, ,Johnson Brothers - St. Paul,"January, April, June, August, October, December",16,Barefoot 750ml,,420
Barefoot Sweet Red,085000018491,Wine,Buy Months Change,750 ml,12,Gallo,Johnson Brothers Liquor Co,ON Month Deep Net $51.85 ( Off Month Deep Net $56),"January, April, June, August, October, Dec",4.4125000000000005,52.95,72,8.99,,0.5091768631813125,51.85,2026-10-01 00:00:00,,56,,,17692,52.95,4.4125000000000005,,7.989999999999998,6.959999999999997,0,"January, April, June, August, October, December",72,0,0,0, ,Johnson Brothers - St. Paul,"January, April, June, August, October, December",5,Barefoot 750ml,,570
Barefoot Watermelon Moscato,085000029923,Wine,Buy Months Change,750 ml,12,Gallo,Johnson Brothers Liquor Co,ON Month Deep Net $51.85 ( Off Month Deep Net $56),"January, April, June, August, October, Dec",4.4125000000000005,52.95,72,8.99,,0.5091768631813125,51.85,2026-10-01 00:00:00,,56,,,1794186,52.95,4.4125000000000005,,7.989999999999998,6.959999999999997,0,"January, April, June, August, October, December",72,0,0,0, ,Johnson Brothers - St. Paul,"January, April, June, August, October, December",2,Barefoot 750ml,,0
Barefoot White Zin,018341751062,Wine,Buy Months Change,750 ml,12,Gallo,Johnson Brothers Liquor Co,ON Month Deep Net $51.85 ( Off Month Deep Net $56),"January, April, June, August, October, Dec",4.4125000000000005,52.95,72,8.99,,0.5091768631813125,51.85,2026-10-01 00:00:00,,56,,,10760,52.95,4.4125000000000005,,7.989999999999998,6.959999999999997,0,"January, April, June, August, October, December",72,0,0,0, ,Johnson Brothers - St. Paul,"January, April, June, August, October, December",15,Barefoot 750ml,,650
Orin Swift 8 Years in the Desert,085000026700,Wine,Buy Months Change,750 ml,12,Gallo,Johnson Brothers Liquor Co,Deep Net Nov/Dec,Nov | Dec,32.09166666666667,385.1,480,59.99,,0.46504973051064064,384,2026-10-01 00:00:00,,400,,,1397547,385.1,32.09166666666667,,46.99,39.96,0,Nov | Dec,480,0,0,0, ,Johnson Brothers - St. Paul,,3,,,609
Orin Swift Abstract,085000025369,Wine,Buy Months Change,750 ml,12,Gallo,Johnson Brothers Liquor Co,Deep Net Nov/Dec,Nov | Dec,25.425,305.1,326,40.99,,0.3797267626250305,304,2026-10-01 00:00:00,,320,,,1911732,305.1,25.425,,43.89625,35.957499999999996,0,Nov | Dec,326,0,0,0, ,Johnson Brothers - St. Paul,,2,,,0
Orin Swift Machete,085000025352,Wine,Buy Months Change,750 ml,12,Gallo,Johnson Brothers Liquor Co,Deep Net Nov/Dec,All,40.09166666666667,481.1,526,65.99,,0.39245845330100515,480,2026-10-01 00:00:00,,520,,,001814201,481.1,40.09166666666667,,60.865,50.45687500000001,0,All,526,0,0,0, ,Johnson Brothers - St. Paul,,0,,,0
Orin Swift Palermo,5512555761,Wine,Buy Months Change,750 ml,12,Gallo,Johnson Brothers Liquor Co,Deep Net Nov/Dec,Nov | Dec,43.425000000000004,521.1,526,65.99,,0.3419457493559629,520,2026-10-01 00:00:00,,560,,,001664229,521.1,43.425000000000004,,63.9275,58.709375000000016,0,Nov | Dec,526,0,0,0, ,Johnson Brothers - St. Paul,,0,,,0
Orin Swift Papillon,55125073015,Wine,Buy Months Change,750 ml,6,Gallo,Johnson Brothers Liquor Co,Deep Net Nov/Dec,Nov | Dec,53.51666666666667,321.1,366,91.99,,0.41823386599992746,320,2026-10-01 00:00:00,,360,,,001486696,321.1,53.51666666666667,,89.99,74.96000000000001,0,Nov | Dec,366,0,0,0, ,Johnson Brothers - St. Paul,,0,,,0
Soon Hari Apple Soju 375ml,850052711283,Wine,Buy Months Change,375 ML,20,Gallo,Johnson Brothers Liquor Co,DEEP NET ,"June, September, Nov",4.404999999999999,88.1,93.4,6.99,,0.3698140200286124,87,2026-10-01 00:00:00,,93.4,,,1814248,88.1,4.404999999999999,,7.989999999999998,6.959999999999997,0,ALL,93.4,0,-6.400000000000006,-6.400000000000006, ,Johnson Brothers - St. Paul,,13,,,0
Soon Hari Apple-Mango Soju 375ml,850052711313,Wine,Buy Months Change,375 ML,20,Gallo,Johnson Brothers Liquor Co,DEEP NET ,"June, September, Nov",4.404999999999999,88.1,93.4,6.99,,0.3698140200286124,87,2026-10-01 00:00:00,,93.4,,,1501827,88.1,4.404999999999999,,7.989999999999998,6.959999999999997,0,ALL,93.4,0,-6.400000000000006,-6.400000000000006, ,Johnson Brothers - St. Paul,,1,,,0
Soon Hari Grape Soju 375ml,783495580515,Wine,Buy Months Change,375 ML,20,Gallo,Johnson Brothers Liquor Co,DEEP NET ,"June, September, Nov",4.404999999999999,88.1,93.4,6.99,,0.3698140200286124,87,2026-10-01 00:00:00,,93.4,,,1631885,88.1,4.404999999999999,,7.989999999999998,6.959999999999997,0,ALL,93.4,0,-6.400000000000006,-6.400000000000006, ,Johnson Brothers - St. Paul,,1,,,0
Soon Hari Peach Soju 375ml,850052711276,Wine,Buy Months Change,375 ML,20,Gallo,Johnson Brothers Liquor Co,DEEP NET ,"June, September, Nov",4.404999999999999,88.1,93.4,6.99,,0.3698140200286124,87,2026-10-01 00:00:00,,93.4,,,1502132,88.1,4.404999999999999,,7.989999999999998,6.959999999999997,0,ALL,93.4,0,-6.400000000000006,-6.400000000000006, ,Johnson Brothers - St. Paul,,2,,,0
Soon Hari Strawberry Soju 375ml,850052711290,Wine,Buy Months Change,375 ML,20,Gallo,Johnson Brothers Liquor Co,DEEP NET ,"June, September, Nov",4.404999999999999,88.1,93.4,6.99,,0.3698140200286124,87,2026-10-01 00:00:00,,93.4,,,1847568,88.1,4.404999999999999,,7.989999999999998,6.959999999999997,0,ALL,93.4,0,-6.400000000000006,-6.400000000000006, ,Johnson Brothers - St. Paul,,1,,,0
Soon Hari Yogurt Soju 375ml,850052711306,Wine,Buy Months Change,375 ML,20,Gallo,Johnson Brothers Liquor Co,DEEP NET ,"June, September, Nov",4.404999999999999,88.1,93.4,6.99,,0.3698140200286124,87,2026-10-01 00:00:00,,93.4,,,1637217,88.1,4.404999999999999,,7.989999999999998,6.959999999999997,0,ALL,93.4,0,-6.400000000000006,-6.400000000000006, ,Johnson Brothers - St. Paul,,14,,,0
Vibe Blackberry Lemonade 500ml,085000041765,Wine,Deal Change,500 ml,12,Gallo,Johnson Brothers Liquor Co,1 on 10 (dinkytown only),All,1.9098484848484851,22.91818181818182,40,4.99,2.96,0.35478091728091715,24,2026-10-01 00:00:00,,24,review,,1803453,22.91818181818182,1.9098484848484851,3.49,4.427500000000001,3.8975000000000004,0,All,40,0,0,0, ,Johnson Brothers - St. Paul,,1,Vibe 500ml,3.49,0
Vibe Blue Raspberry tetra,085000035795,Wine,Deal Change,500 ml,12,Gallo,Johnson Brothers Liquor Co,1 on 10 (dinkytown only),All,1.9098484848484851,22.91818181818182,40,4.99,2.96,0.35478091728091715,24,2026-10-01 00:00:00,,24,review,,1820975,22.91818181818182,1.9098484848484851,3.49,4.427500000000001,3.7081250000000003,0,All,40,0,0,0, ,Johnson Brothers - St. Paul,,1,Vibe 500ml,3.49,0
Vibe Fruit Punch tetra,085000035801,Wine,Deal Change,500 ml,12,Gallo,Johnson Brothers Liquor Co,1 on 10 (dinkytown only),All,1.9098484848484851,22.91818181818182,40,4.99,2.96,0.35478091728091715,24,2026-10-01 00:00:00,,24,review,,1684705,22.91818181818182,1.9098484848484851,3.49,4.427500000000001,3.581875,0,All,40,0,0,0, ,Johnson Brothers - St. Paul,,1,Vibe 500ml,3.49,0
Vibe Mango 500ml,085000037584,Wine,Deal Change,500ML,12,Gallo,Johnson Brothers Liquor Co,1 on 10 (dinkytown only),ALL,1.9098484848484851,22.91818181818182,32,3.99,2.96,0.35478091728091715,24,2026-10-01 00:00:00,,24,review,,1116962,22.91818181818182,1.9098484848484851,3.49,4.427500000000001,3.8975000000000004,0,ALL,32,0,0,0, ,Johnson Brothers - St. Paul,,1,Vibe 500ml,3.49,0
Vibe Margarita Tetra 500ml,085000036969,Wine,Deal Change,500 ml,12,Gallo,Johnson Brothers Liquor Co,1 on 10 (dinkytown only),All,1.9098484848484851,22.91818181818182,40,4.99,2.96,0.35478091728091715,24,2026-10-01 00:00:00,,24,review,,1403964,22.91818181818182,1.9098484848484851,3.49,4.427500000000001,3.8975000000000004,0,All,40,0,0,0, ,Johnson Brothers - St. Paul,,1,Vibe 500ml,3.49,0
Vibe Peach 500ml,085000037591,Wine,Deal Change,500ML,12,Gallo,Johnson Brothers Liquor Co,1 on 10 (dinkytown only),ALL,1.9098484848484851,22.91818181818182,32,3.99,2.96,0.35478091728091715,24,2026-10-01 00:00:00,,24,review,,1383491,22.91818181818182,1.9098484848484851,3.49,4.427500000000001,3.8975000000000004,0,ALL,32,0,0,0, ,Johnson Brothers - St. Paul,,1,Vibe 500ml,3.49,0
Vibe Pink Lemonade 500ml,085000041758,Wine,Deal Change,500 ml,12,Gallo,Johnson Brothers Liquor Co,1 on 10 (dinkytown only),All,1.9098484848484851,22.91818181818182,40,4.99,2.96,0.35478091728091715,24,2026-10-01 00:00:00,,24,review,,1468970,22.91818181818182,1.9098484848484851,3.49,4.427500000000001,3.8975000000000004,0,All,40,0,0,0, ,Johnson Brothers - St. Paul,,1,Vibe 500ml,3.49,0
Vibe Strawberry Limeade tetra,085000035818,Wine,Deal Change,500 ml,12,Gallo,Johnson Brothers Liquor Co,1 on 10 (dinkytown only),All,1.9098484848484851,22.91818181818182,40,4.99,2.96,0.35478091728091715,24,2026-10-01 00:00:00,,24,review,,1475787,22.91818181818182,1.9098484848484851,3.49,4.427500000000001,3.7718750000000005,0,All,40,0,0,0, ,Johnson Brothers - St. Paul,,13,Vibe 500ml,3.49,0
Bev Glow Sauvignon Blanc 4pk,850026120134,Wine,Price Change,4pk 250ml cn,6,Gallo,Johnson Brothers Liquor Co,NEW DEEP NETS,All,12.85,77.1,80,19.99,19.96,0.35621242484969945,76,2026-10-01 00:00:00,,76,review,,001082879,77.1,12.85,23.99,23.990000000000006,19.96,0,All,80,0,0,0, ,Johnson Brothers - St. Paul,,0,Bev 4pks 250ml,23.99,0
Soon Hari Citron Soju 375ml,643485994503,Wine,Disco,375 ML,20,Gallo,Johnson Brothers Liquor Co, ,ALL,4.725,94.5,93.4,6.99,disco,0,93.4,,,93.4,,,1150767,94.5,4.725,disco,7.989999999999998,5.86,0,,,,,,,Johnson Brothers - St. Paul,,0,,,
Soon Hari Citron Soju 375ml,643485994503,Wine,Disco,375 ML,20,Gallo,Johnson Brothers Liquor Co,DEEP NET JUNE,"June, September",4.404999999999999,88.1,93.4,6.99,disco,0,87,,,93.4,,,1150767,88.1,4.404999999999999,disco,7.989999999999998,5.86,0,,,,,,,Johnson Brothers - St. Paul,,0,,,
Josh Cellars Cabernet 375ml,031259004204,Wine,Price Change,375 ml,12,Deutsch,Johnson Brothers Liquor Co,Buy 11 Josh (all flavors and sizes) and receive 3 free Josh Cabernet (#859252),All,2.1100757575757574,25.32090909090909,68.44,8.99,5.96,0.6459604433597722,57.9,2026-10-01 00:00:00,, ,review,,1554031,25.32090909090909,2.1100757575757574,6.99,6.989999999999998,5.959999999999998,0,All,68.44,0,0,0, ,Johnson Brothers - St. Paul,,16,Josh All,6.49,440
Josh Cellars Chardonnay 375ml,031259004211,Wine,Price Change,375 ml,12,Deutsch,Johnson Brothers Liquor Co,Buy 11 Josh (all flavors and sizes) and receive 3 free Josh Cabernet (#859252),All,1.4100757575757576,16.920909090909092,57.9,6.99,5.96,0.7634101077893024,49.5,2026-10-01 00:00:00,, ,review,,001364135,16.920909090909092,1.4100757575757576,6.99,6.989999999999998,5.959999999999998,0,All,57.9,0,0,0, ,Johnson Brothers - St. Paul,,14,Josh All,6.49,0
Josh Cellars BB Cabernet 750ml,031259004327,Wine,Price Change,750ml,12,Deutsch,Johnson Brothers Liquor Co,Buy 11 Josh (all flavors and sizes) and receive 3 free Josh Cabernet (#859252),All,11.076742424242424,132.92090909090908,165.5,20.99,17.96,0.3832548761557671,165.5,2026-10-01 00:00:00,, ,review,,001964419,132.92090909090908,11.076742424242424,20.99,20.990000000000002,17.960000000000004,0,All,165.5,0,0,0, ,Johnson Brothers - St. Paul,,16,Josh All,20.99,56
Josh Cellars Cabernet Sauvignon 750ml,857744001318,Wine,Price Change,750ml,12,Deutsch,Johnson Brothers Liquor Co,Buy 11 Josh (all flavors and sizes) and receive 3 free Josh Cabernet (#859252),All,8.177321428571428,98.12785714285714,140.6,17.99,11.96,0.3162774725274726,123.49,2026-10-01 00:00:00,, ,review,,859252,98.12785714285714,8.177321428571428,13.99,13.990000000000002,11.897500000000004,0,All,140.6,0,0,0, ,Johnson Brothers - St. Paul,,16,Josh All,13.79,7
Josh Cellars Chardonnay,857744001325,Wine,Price Change,750ml,12,Deutsch,Johnson Brothers Liquor Co,Buy 11 Josh (all flavors and sizes) and receive 3 free Josh Cabernet (#859252),All,6.196742424242423,74.36090909090908,124.05,15.99,9.96,0.3778371059997568,106.94,2026-10-01 00:00:00,, ,review,,859261,74.36090909090908,6.196742424242423,11.99,11.990000000000002,10.085000000000004,0,All,124.05,0,0,0, ,Johnson Brothers - St. Paul,,16,Josh All,11.49,10
Josh Cellars Hearth Cabernet Sauvginon ,031259005317,Wine,Price Change,750ml,12,Deutsch ,Johnson Brothers Liquor Co,Buy 11 Josh (all flavors and sizes) and receive 3 free Josh Cabernet (#859252),All,8.177321428571428,98.12785714285714,140.6,17.99,12.96,0.36903384038800713,123.49,2026-10-01 00:00:00,, ,review,,1471328,98.12785714285714,8.177321428571428,14.99,14.990000000000004,12.960000000000006,0,All,140.6,0,0,0, ,Johnson Brothers - St. Paul,,16,Josh All,14.99,94
Josh Cellars Pinot Grigio,031259001456,Wine,Price Change,750ml,12,Deutsch,Johnson Brothers Liquor Co,Buy 11 Josh (all flavors and sizes) and receive 3 free Josh Cabernet (#859252),All,6.196742424242423,74.36090909090908,124.05,15.99,9.96,0.3778371059997568,106.94,2026-10-01 00:00:00,, ,review,,1122193,74.36090909090908,6.196742424242423,11.99,11.990000000000002,10.085000000000004,0,All,124.05,0,0,0, ,Johnson Brothers - St. Paul,,16,Josh All,11.49,21
Josh Cellars Legacy Red Blend,031259048024,Wine,Price Change,750ml,12,Deutsch,Johnson Brothers Liquor Co,Buy 11 Josh (all flavors and sizes) and receive 3 free Josh Cabernet (#859252),All,8.177321428571428,98.12785714285714,140.6,17.99,12.96,0.36903384038800713,123.49,2026-10-01 00:00:00,, ,review,,859249,98.12785714285714,8.177321428571428,14.99,14.990000000000004,12.835000000000004,0,All,140.6,0,0,0, ,Johnson Brothers - St. Paul,,16,Josh All,14.99,50
Josh Cellars Merlot,857744011157,Wine,Price Change,750ml,12,Deutsch,Johnson Brothers Liquor Co,Buy 11 Josh (all flavors and sizes) and receive 3 free Josh Cabernet (#859252),All,8.177321428571428,98.12785714285714,140.6,17.99,12.96,0.36903384038800713,123.49,2026-10-01 00:00:00,, ,review,,859255,98.12785714285714,8.177321428571428,14.99,14.990000000000004,12.960000000000006,0,All,140.6,0,0,0, ,Johnson Brothers - St. Paul,,16,Josh All,14.99,85
Josh Cellars Pinot Noir,031259046952,Wine,Price Change,750ml,12,Deutsch,Johnson Brothers Liquor Co,Buy 11 Josh (all flavors and sizes) and receive 3 free Josh Cabernet (#859252),All,8.177321428571428,98.12785714285714,140.6,17.99,12.96,0.36903384038800713,123.49,2026-10-01 00:00:00,, ,review,,859258,98.12785714285714,8.177321428571428,14.99,14.990000000000004,12.960000000000006,0,All,140.6,0,0,0, ,Johnson Brothers - St. Paul,,16,Josh All,14.99,70
Josh Cellars Prosecco,031259003726,Wine,Price Change,750ml,12,Deutsch,Johnson Brothers Liquor Co,Buy 11 Josh (all flavors and sizes) and receive 3 free Josh Cabernet (#859252),All,8.177321428571428,98.12785714285714,140.6,17.99,12.96,0.36903384038800713,123.49,2026-10-01 00:00:00,, ,review,,1664457,98.12785714285714,8.177321428571428,14.99,14.990000000000004,12.960000000000006,0,All,140.6,0,0,0, ,Johnson Brothers - St. Paul,,16,Josh All,14.99,91
Josh Cellars Prosecco NA 750ml,031259005669,Wine,Price Change,750ml,12,Deutsch,Johnson Brothers Liquor Co,Buy 11 Josh (all flavors and sizes) and receive 3 free Josh Cabernet (#859252),All,8.177321428571428,98.12785714285714,140.6,17.99,12.96,0.36903384038800713,123.49,2026-10-01 00:00:00,, ,review,,1832899,98.12785714285714,8.177321428571428,14.99,14.990000000000004,12.960000000000006,0,All,140.6,0,0,0, ,Johnson Brothers - St. Paul,,16,Josh All,14.99,0
Josh Cellars Prosecco Rose,031259004495,Wine,Price Change,750ml,12,Deutsch,Johnson Brothers Liquor Co,Buy 11 Josh (all flavors and sizes) and receive 3 free Josh Cabernet (#859252),All,8.177321428571428,98.12785714285714,140.6,17.99,12.96,0.36903384038800713,123.49,2026-10-01 00:00:00,, ,review,,1471731,98.12785714285714,8.177321428571428,14.99,14.990000000000004,12.960000000000006,0,All,140.6,0,0,0, ,Johnson Brothers - St. Paul,,14,Josh All,14.99,376
Josh Cellars Red Blend 750ml,031259003733,Wine,Price Change,750ml,12,Deutsch,Johnson Brothers Liquor Co,Buy 11 Josh (all flavors and sizes) and receive 3 free Josh Cabernet (#859252),All,8.177321428571428,98.12785714285714,140.6,17.99,12.96,0.36903384038800713,123.49,2026-10-01 00:00:00,, ,review,,1534598,98.12785714285714,8.177321428571428,14.99,14.990000000000004,12.960000000000006,0,All,140.6,0,0,0, ,Johnson Brothers - St. Paul,,0,Josh All,14.99,0
Josh Cellars Rose,031259001043,Wine,Price Change,750ml,12,Deutsch,Johnson Brothers Liquor Co,Buy 11 Josh (all flavors and sizes) and receive 3 free Josh Cabernet (#859252),All,6.196742424242423,74.36090909090908,124.05,15.99,9.96,0.3778371059997568,106.94,2026-10-01 00:00:00,, ,review,,27719,74.36090909090908,6.196742424242423,11.99,11.990000000000002,9.960000000000004,0,All,124.05,0,0,0, ,Johnson Brothers - St. Paul,,16,Josh All,11.49,105
"Josh Cellars RSV Bourbon Zinfandel
",031259004990,Wine,Price Change,750ml,12,Deutsch,Johnson Brothers Liquor Co,Buy 11 Josh (all flavors and sizes) and receive 3 free Josh Cabernet (#859252),All,11.076742424242424,132.92090909090908,165.5,20.99,17.96,0.3832548761557671,165.5,2026-10-01 00:00:00,, ,review,,001222521,132.92090909090908,11.076742424242424,20.99,20.990000000000002,17.960000000000004,0,All,165.5,0,0,0, ,Johnson Brothers - St. Paul,,11,Josh All,20.99,0
"Josh Cellars RSV CC Buttery Chard 

",031259004471,Wine,Price Change,750ml,12,Deutsch,Johnson Brothers Liquor Co,Buy 11 Josh (all flavors and sizes) and receive 3 free Josh Cabernet (#859252),All,9.285075757575756,111.42090909090908,144,17.99,13.96,0.3348799600590433,144,2026-10-01 00:00:00,, ,review,,1834290,111.42090909090908,9.285075757575756,15.99,15.990000000000004,13.960000000000006,0,All,144,0,0,0, ,Johnson Brothers - St. Paul,,13,Josh All,15.99,343
Josh Cellars Rsv Chardonnay,031259003030,Wine,Price Change,750ml,12,Deutsch,Johnson Brothers Liquor Co,Buy 11 Josh (all flavors and sizes) and receive 3 free Josh Cabernet (#859252),All,9.285075757575756,111.42090909090908,144,17.99,13.96,0.3348799600590433,144,2026-10-01 00:00:00,, ,review,,1946373,111.42090909090908,9.285075757575756,15.99,15.990000000000004,13.960000000000006,0,All,144,0,0,0, ,Johnson Brothers - St. Paul,,13,Josh All,15.99,562
Josh Cellars RSV NC Cabernet,031259000046,Wine,Price Change,750ml,12,Deutsch,Johnson Brothers Liquor Co,Buy 11 Josh (all flavors and sizes) and receive 3 free Josh Cabernet (#859252),All,11.076742424242424,132.92090909090908,165.5,20.99,17.96,0.3832548761557671,165.5,2026-10-01 00:00:00,, ,review,,001028921,132.92090909090908,11.076742424242424,20.99,20.990000000000002,17.960000000000004,0,All,165.5,0,0,0, ,Johnson Brothers - St. Paul,,16,Josh All,20.99,363
Josh Cellars Sauvignon Blanc,031259046976,Wine,Price Change,750ml,12,Deutsch,Johnson Brothers Liquor Co,Buy 11 Josh (all flavors and sizes) and receive 3 free Josh Cabernet (#859252),All,6.196742424242423,74.36090909090908,124.05,15.99,9.96,0.3778371059997568,106.94,2026-10-01 00:00:00,, ,review,,859264,74.36090909090908,6.196742424242423,11.99,13.490000000000002,11.460000000000004,0,All,124.05,0,0,0, ,Johnson Brothers - St. Paul,,16,Josh All,11.49,0
Josh Cellars Seaswept 750ml,031259005348,Wine,Price Change,750ml,12,Deutsch,Johnson Brothers Liquor Co,Buy 11 Josh (all flavors and sizes) and receive 3 free Josh Cabernet (#859252),All,6.196742424242423,74.36090909090908,124.05,15.99,9.96,0.3778371059997568,106.94,2026-10-01 00:00:00,, ,review,,1263957,74.36090909090908,6.196742424242423,11.99,11.990000000000002,10.085000000000004,0,All,124.05,0,0,0, ,Johnson Brothers - St. Paul,,16,Josh All,11.49,82
Josh Cellars Seaswept Sparkling 750ml,031259005706,Wine,Price Change,750ml,12,Deutsch,Johnson Brothers Liquor Co,Buy 11 Josh (all flavors and sizes) and receive 3 free Josh Cabernet (#859252),All,8.177321428571428,98.12785714285714,140.6,17.99,12.96,0.36903384038800713,123.49,2026-10-01 00:00:00,, ,review,,1639753,98.12785714285714,8.177321428571428,14.99,14.990000000000004,12.960000000000006,0,All,140.6,0,0,0, ,Johnson Brothers - St. Paul,,15,Josh All,14.99,0
Josh Cellars Zinfandel,031259049229,Wine,Price Change,750ml,12,Deutsch,Johnson Brothers Liquor Co,Buy 11 Josh (all flavors and sizes) and receive 3 free Josh Cabernet (#859252),All,8.177321428571428,98.12785714285714,140.6,17.99,12.96,0.36903384038800713,123.49,2026-10-01 00:00:00,, ,review,,1863061,98.12785714285714,8.177321428571428,14.99,14.990000000000004,12.960000000000006,0,All,140.6,0,0,0, ,Johnson Brothers - St. Paul,,15,Josh All,14.99,0
Josh Paso Robles Cabernet,031259049236,Wine,Price Change,750ml,12,Deutsch,Johnson Brothers Liquor Co,Buy 11 Josh (all flavors and sizes) and receive 3 free Josh Cabernet (#859252),All,11.076742424242424,132.92090909090908,165.5,20.99,17.96,0.3832548761557671,165.5,2026-10-01 00:00:00,, ,review,,001701333,132.92090909090908,11.076742424242424,20.99,20.990000000000002,17.960000000000004,0,All,165.5,0,0,0, ,Johnson Brothers - St. Paul,,15,Josh All,20.99,490
"Josh Reserve Lodi Cabernet
",031259003047,Wine,Price Change,750ml,12,Deutsch,Johnson Brothers Liquor Co,Buy 11 Josh (all flavors and sizes) and receive 3 free Josh Cabernet (#859252),All,11.076742424242424,132.92090909090908,165.5,20.99,17.96,0.3832548761557671,165.5,2026-10-01 00:00:00,, ,review,,001543538,132.92090909090908,11.076742424242424,20.99,,,,All,165.5,0,0,0, ,,,,,20.99,0
Josh Cellars RSV Sonoma Sauv Blanc 750ml,031259005805,Wine,New Item,750ml,12,Deutsch,Johnson Brothers Liquor Co,Buy 11 Josh (all flavors and sizes) and receive 3 free Josh Cabernet (#859252),All,7.285075757575757,87.42090909090908,144,17.99,10.96,0.3353033067905332,120,,,,,,1792147,87.42090909090908,7.285075757575757,12.49,12.490000000000002,10.960000000000004,0,All,144,0,0,0, ,Johnson Brothers - St. Paul,,16,Josh All,12.49,0
Big Salt White 750ml,086001458866,Wine,Price Change,750ml,12,Jackson Family,Oxford Street Merchants,1 free White on 5 cases M/M with Rose/Orange and Big Love,SOND,10.091666666666667,121.1,160,19.99,15.96,0.3676900584795322,144,2026-10-01 00:00:00,,,review,,1233393,121.1,10.091666666666667,18.99,18.990000000000002,15.960000000000006,0,SOND,160,0,0,0, ,Oxford Street Merchants,,3,,18.99,0
Marietta Old Vine Red,746751687137,Wine,Price Change,750 ml,12,Vintus,Oxford Street Merchants,1 free on 5 - start in September,ALL,8.980555555555556,107.76666666666667,152,18.99,13.96,0.35669372811206623,128,2026-10-01 00:00:00,,,review,,1186649,107.76666666666667,8.980555555555556,15.99,15.990000000000004,13.960000000000006,0,ALL,152,0,0,0, ,Oxford Street Merchants,,1,Marietta Old Vine Red 750ml,15.99,0
Belle Glos 25th Anniversary PN 750 ml,855622000996,Wine,Buy Months Change,750ml,12,Copper Cane,Oxford Street Merchants,"1 free Belle Gloss C&T Free Good on 3 cases M/M of Belle Gloss C&T, Dairyman, Las Alturas",May|July|October|December,22.59166666666667,271.1,440,54.99,,0.5891677274655998,360,2026-10-01 00:00:00,,400,,,1588328,271.1,22.59166666666667,,45.99,38.96,0,ALL,440,0,-104.666,-104.666, ,Oxford Street Merchants,,2,,,0
Silver Oak Alexander Valley Cabernet,785214190753,Wine ,Buy Months Change,750ml,12,Silver Oak,Oxford Street Merchants,3 case Buy within the chain - no support if not full cases,"March, May, June, September, November",53.421666666666674,641.0600000000001,719.18,89.99,,0.40635996592213935,639.96,2026-10-01 00:00:00,,674.88,,,1110851,641.0600000000001,53.421666666666674,,87.49,73.71000000000001,0,"March, May, June, September, November",719.18,0,0,0, ,Oxford Street Merchants,"March, May, June, September, November",13,,,202
Silver Oak Napa Cabernet,785214290750,Wine,Buy Months Change,750ml,12,Silver Oak,Oxford Street Merchants,3 case Buy within the chain - no support if not full cases,"March, May, June, September, November",113.425,1361.1,1520,189.99,,0.40299489446812997,1360,2026-10-01 00:00:00,,1439.88,,,1216370,1361.1,113.425,,159.98999999999995,135.96,0,"March, May, June, September, November",1520,0,0,0, ,Oxford Street Merchants,"March, May, June, September, November",0,,,0
Kobal Furmint 750ml,3830049281101,Wine,Price Change,750ml,12,,New France Wine,,All,14.208333333333334,170.5,176,21.99,21.96,0.35299028536733457,168,2026-10-01 00:00:00,,168,review,,KobalFurmint,170.5,14.208333333333334,25.99,25.990000000000006,21.959999999999997,0,All,176,0,0,0, ,"New France Wine Co, Inc",,5,,25.99,0
Kobal Wines  Bajta Haloze Belo,400000006062,Wine,Price Change,750 ml,12, ,New France Wine, ,All,16.875,202.5,208,25.99,24.96,0.3239182692307693,200,2026-10-01 00:00:00,,200,review,,KobalBajtaBelo ,202.5,16.875,28.99,,,,All,208,0,0,0, ,,,,,29.99,0
Mocali Piaggioni Rosso 750ml,400000025551,Wine,Price Change,750 ml,12,,New France Wine,,All,12.875,154.5,160,19.99,19.96,0.3549599198396794,152,2026-10-01 00:00:00,,152,review,,MocaliPaggioni,154.5,12.875,23.99,23.990000000000006,19.96,0,All,160,0,0,0, ,"New France Wine Co, Inc",,3,,23.99,0
Pikasi Pinela,7277605167244,Wine,Price Change,750 ml,12, ,New France Wine, ,All,14.875,178.5,184,22.99,21.96,0.322632058287796,176,2026-10-01 00:00:00,,176,review,,PikasiPinela20,178.5,14.875,25.99,25.990000000000006,21.959999999999997,0,All,184,0,0,0, ,"New France Wine Co, Inc",,0,,25.99,0
Rodica Malvasia Classic,3830041090015,Wine,Price Change,750 ml,12, ,New France Wine, ,All,14.875,178.5,184,22.99,21.96,0.322632058287796,176,2026-10-01 00:00:00,,176,review,,RodicaMalvClass19,178.5,14.875,25.99,,,,All,184,0,0,0, ,,,,,25.99,0
Vincent Dampt Chablis,400000006314,Wine,Price Change,750 ml,12, ,New France Wine, ,All,24.875,298.5,304,37.99,36.96,0.3269751082251082,296,2026-10-01 00:00:00,,296,review,,DamptVaillons20,298.5,24.875,43.99,43.99,36.96,0,All,304,0,0,0, ,"New France Wine Co, Inc",,0,,43.99,0
Vincent Dampt Petite Chablis,0316201610514,Wine,Price Change,750 ml,12, ,New France Wine, ,All,19.875,238.5,244,30.99,29.96,0.33661548731642194,236,2026-10-01 00:00:00,,236,review,,damptpetitchablis23,238.5,19.875,34.99,34.99,29.959999999999994,0,All,244,0,0,0, ,"New France Wine Co, Inc",,1,,35.49,0
Yamhill Valley Pinot Noir,715543111327,Wine,Price Change,750 ml,12, ,New France Wine, ,All,18.541666666666668,222.5,228,28.99,27.96,0.3368502622794468,220,2026-10-01 00:00:00,,220,review,,YamhillPinotEstate23,222.5,18.541666666666668,32.99,32.99,27.959999999999994,0,All,228,0,0,0, ,"New France Wine Co, Inc",,0,,33.49,0
Acinum Prosecco Extra Dry ,716898964415,Wine,Price Change,750 ml,12,Vias,Maverick Wine Company,Buyer's Select,All,8.791666666666666,105.5,152,18.99,14.96,0.4123217468805705,104,2026-10-01 00:00:00,,,review,,IW-VS-AC-PED,105.5,8.791666666666666,16.99,16.990000000000002,14.960000000000006,0,All,152,0,0,0, ,"Maverick Beverage Co., LLC - MN",,16,,17.49,0
Acinum Prosecco Rose Extra Dry ,716898966471,Wine,Price Change,750ml,12,Vias,Maverick Wine Company,Buyer's Select,All,8.791666666666666,105.5,152,18.99,14.96,0.4123217468805705,104,2026-10-01 00:00:00,,,review,,IW-VS-AC--PR-ED,105.5,8.791666666666666,16.99,16.990000000000002,14.960000000000006,0,All,152,0,0,0, ,"Maverick Beverage Co., LLC - MN",,16,,17.49,0
Riley's Lookout Sauvignon Blanc,9419453000313,Wine,Price Change,750 ml,12,New Wine Co,Maverick Wine Company,,All,9.458333333333334,113.5,132,16.99,14.96,0.3677584670231729,112,2026-10-01 00:00:00,,,review,,IW-VWG-NCO-RC-SB-21,113.5,9.458333333333334,17.99,17.990000000000002,14.960000000000006,0,All,132,0,0,0, ,"Maverick Beverage Co., LLC - MN",,9,,17.49,0
Inama Soave Classico,8029001000149,Wine,Price Change,750 ml,12,Vineyard Brands,The Wine Company, ,All,15.458333333333334,185.5,216,26.99,23.96,0.35482749026154703,184,2026-10-01 00:00:00,, ,review,,23516,185.5,15.458333333333334,27.99,,,,All,216,0,0,0, ,,,,,27.99,0
Kamoizumi Summer Snow Nigori,814829034814,Wine,Price Change,500 ml,12,World Sake Imports,The Wine Company, ,All,22.291666666666668,267.5,296,36.99,34.96,0.36236651411136533,266,2026-10-01 00:00:00,, ,review,,11680,267.5,22.291666666666668,40.99,40.99,34.959999999999994,0,All,296,0,0,0, ,The Wine Company,,0,,41.99,0
Kibo Junmai 180,747846001807,Wine,Price Change,180 ml,30,Sake One,The Wine Company, ,All,5.583333333333333,167.5,184,8.99,8.96,0.3768601190476191,166,2026-10-01 00:00:00,,,review,,18603,167.5,5.583333333333333,10.99,,,,All,184,0,0,0, ,,,,,9.99,0
Masumi Mirror of Truth Junmai Sake,814829022729,Wine,Price Change,720 ml,12,World Sake Imports,The Wine Company, ,All,27.291666666666668,327.5,356,44.99,41.96,0.34957896409278677,326,2026-10-01 00:00:00,, ,review,,11681,327.5,27.291666666666668,49.99,49.99,41.96,0,All,356,0,0,0, ,The Wine Company,,1,,49.99,0
Masumi Sake Matinee Ginjo,814829026727,Wine,Price Change,720 ml,12,World Sake Imports,The Wine Company, ,All,26.291666666666668,315.5,344,42.99,40.96,0.3581136067708333,314,2026-10-01 00:00:00,, ,review,,23953,315.5,26.291666666666668,47.99,,,,All,344,0,0,0, ,,,,,48.99,0
Bezel Cabernet Sauvignon 750ml,084692663750,Wine,Price Change,750ml,12,KOBRAND CORP,Breakthru Beverage,8cs purchase in a month,ALL,18.095833333333335,217.15,248,30.99,27.96,0.35279566046733424,216,2026-10-01 00:00:00,,248,review,,9749786,217.15,18.095833333333335,32.99,32.99,27.959999999999994,0,ALL,248,0,-16,-16, ,"Breakthru Beverage Minnesota Wine & Spirits, LLC",,0,,33.49,0
Bezel Chardonnay 750ml,084692663712,Wine,Price Change,750ml,12,KOBRAND CORP,Breakthru Beverage,8cs purchase in a month,ALL,14.762500000000001,177.15,208,25.99,22.96,0.35703397212543553,176,2026-10-01 00:00:00,,208,review,,9749810,177.15,14.762500000000001,26.99,26.990000000000006,22.959999999999997,0,ALL,208,0,-16,-16, ,"Breakthru Beverage Minnesota Wine & Spirits, LLC",,0,,26.99,0
Bezel Sauvignon Blanc 750ml,084692665464,Wine,Price Change,750ml,12,KOBRAND CORP,Breakthru Beverage,8cs purchase in a month,ALL,14.762500000000001,177.15,208,25.99,22.96,0.35703397212543553,176,2026-10-01 00:00:00,,208,review,,9765074,177.15,14.762500000000001,26.99,26.990000000000006,22.959999999999997,0,ALL,208,0,-16,-16, ,"Breakthru Beverage Minnesota Wine & Spirits, LLC",,0,,26.99,0
Decoy Cabernet Sauvignon,669576019269,Wine,Price Change,750 ml,12,DUCKHORN VINEYARDS,Breakthru Beverage,"12cs one store, one invoice.  50+ cs chain buy ok to split up throughout the month.  Intended for feature, ad, display, etc. ","March, April, July, August, Oct, Nov, Dec",13.429166666666667,161.15,208,25.99,17.96,0.2986729769858946,160,2026-10-01 00:00:00,,208,review,,9755505,151.15,12.595833333333333,20.99,20.990000000000002,17.960000000000004,0,"March, April, July, August, Oct, November, December",208,0,0,0, ,"Breakthru Beverage Minnesota Wine & Spirits, LLC",,16,Decoy 750ml,20.99,0
Decoy Cuvée Méthode Champenoise Brut,669576019184,Wine,Price Change,750 ml,12,DUCKHORN VINEYARDS,Breakthru Beverage,"12cs one store, one invoice.  50+ cs chain buy ok to split up throughout the month.  Intended for feature, ad, display, etc. ","March, April, July, August, Oct, Nov, Dec",11.429166666666667,137.15,168,20.99,15.96,0.3361006683375105,136,2026-10-01 00:00:00,,168,review,,9420840,127.15,10.595833333333333,18.99,18.990000000000002,15.960000000000006,0,ALL,168,0,-8,-8, ,"Breakthru Beverage Minnesota Wine & Spirits, LLC",,0,Decoy 750ml,18.99,0
Decoy Limited Alexander Valley Cabernet Sauvignon 750ml,669576020449,Wine,Price Change,750ml,12,DUCKHORN VINEYARDS,Breakthru Beverage,"12cs one store, one invoice.  50+ cs chain buy ok to split up throughout the month.  Intended for feature, ad, display, etc. ","March, April, July, August, Oct, Nov, Dec",16.095833333333335,193.15,248,30.99,22.96,0.335256968641115,192,2026-10-01 00:00:00,,248,review,,9742160,183.15,15.262500000000001,26.99,26.990000000000006,22.959999999999997,0,"March, April, July, August, Oct, November, December",248,0,0,0, ,"Breakthru Beverage Minnesota Wine & Spirits, LLC",,10,,26.99,0
Decoy Limited Sonoma Coast Pinot Noir 750ml,669576020784,Wine,Price Change,750ml,12,DUCKHORN VINEYARDS,Breakthru Beverage,"12cs one store, one invoice.  50+ cs chain buy ok to split up throughout the month.  Intended for feature, ad, display, etc. ","March, April, July, August, Oct, Nov, Dec",16.095833333333335,193.15,248,30.99,22.96,0.335256968641115,192,2026-10-01 00:00:00,,248,review,,9749689,183.15,15.262500000000001,26.99,26.990000000000006,22.959999999999997,0,"March, April, July, August, Oct, November, December",248,0,0,0, ,"Breakthru Beverage Minnesota Wine & Spirits, LLC",,3,,26.99,0
Decoy Merlot,669576019252,Wine,Price Change,750 ml,12,DUCKHORN VINEYARDS,Breakthru Beverage,"12cs one store, one invoice.  50+ cs chain buy ok to split up throughout the month.  Intended for feature, ad, display, etc. ","March, April, July, August, Oct, Nov, Dec",13.429166666666667,161.15,208,25.99,18.96,0.33566279887482425,160,2026-10-01 00:00:00,,208,review,,9780625,151.15,12.595833333333333,21.99,21.990000000000006,18.96,0,"March, April, July, August, Oct, November, December",208,0,0,0, ,"Breakthru Beverage Minnesota Wine & Spirits, LLC",,16,Decoy 750ml,22.49,0
Decoy Red Wine,669576019207,Wine,Price Change,750 ml,12,DUCKHORN VINEYARDS,Breakthru Beverage,"12cs one store, one invoice.  50+ cs chain buy ok to split up throughout the month.  Intended for feature, ad, display, etc. ","March, April, July, August, Oct, Nov, Dec",13.429166666666667,161.15,208,25.99,18.96,0.33566279887482425,160,2026-10-01 00:00:00,,208,review,,9756574,151.15,12.595833333333333,21.99,21.990000000000006,18.96,0,"March, April, July, August, Oct, November, December",208,0,0,0, ,"Breakthru Beverage Minnesota Wine & Spirits, LLC",,16,Decoy 750ml,22.49,0
Decoy Sauvignon Blanc,669576019214,Wine,Price Change,750 ml,12,DUCKHORN VINEYARDS,Breakthru Beverage,"12cs one store, one invoice.  50+ cs chain buy ok to split up throughout the month.  Intended for feature, ad, display, etc. ","March, April, July, August, Oct, Nov, Dec",11.429166666666667,137.15,168,20.99,15.96,0.3361006683375105,136,2026-10-01 00:00:00,,168,review,,9732673,127.15,10.595833333333333,18.99,18.990000000000002,15.960000000000006,0,"March, April, July, August, Oct, November, December",168,0,0,0, ,"Breakthru Beverage Minnesota Wine & Spirits, LLC",,11,Decoy 750ml,18.99,0
Decoy Sonoma Chardonnay,669576019245,Wine,Price Change,750 ml,12,DUCKHORN VINEYARDS,Breakthru Beverage,"12cs one store, one invoice.  50+ cs chain buy ok to split up throughout the month.  Intended for feature, ad, display, etc. ","March, April, July, August, Oct, Nov, Dec",11.429166666666667,137.15,168,20.99,15.96,0.3361006683375105,136,2026-10-01 00:00:00,,168,review,,9745199,127.15,10.595833333333333,18.99,18.990000000000002,15.960000000000006,0,"March, April, July, August, Oct, November, December",168,0,0,0, ,"Breakthru Beverage Minnesota Wine & Spirits, LLC",,16,Decoy 750ml,18.99,0
Decoy Sonoma Pinot Noir,669576019221,Wine,Price Change,750 ml,12,DUCKHORN VINEYARDS,Breakthru Beverage,"12cs one store, one invoice.  50+ cs chain buy ok to split up throughout the month.  Intended for feature, ad, display, etc. ","March, April, July, August, Oct, Nov, Dec",13.429166666666667,161.15,208,25.99,18.96,0.33566279887482425,160,2026-10-01 00:00:00,,208,review,,9744534,151.15,12.595833333333333,21.99,21.990000000000006,18.96,0,"March, April, July, August, Oct, November, December",208,0,0,0, ,"Breakthru Beverage Minnesota Wine & Spirits, LLC",,16,Decoy 750ml,22.49,0
Decoy Zinfandel,669576019238,Wine,Price Change,750 ml,12,DUCKHORN VINEYARDS,Breakthru Beverage,"12cs one store, one invoice.  50+ cs chain buy ok to split up throughout the month.  Intended for feature, ad, display, etc. ","March, April, July, August, Oct, Nov, Dec",13.429166666666667,161.15,208,25.99,18.96,0.33566279887482425,160,2026-10-01 00:00:00,,208,review,,9752676,151.15,12.595833333333333,21.99,21.990000000000006,18.96,0,ALL,208,0,-8,-8, ,"Breakthru Beverage Minnesota Wine & Spirits, LLC",,6,Decoy 750ml,22.49,0
Greenwing Pinot Grigio 750ml,669576040447,Wine,Price Change,750ml,12,DUCKHORN,Breakthru Beverage,Deep Pricing Chained In,ALL,10.762500000000001,129.15,160,19.99,15.96,0.3256578947368421,128,2026-10-01 00:00:00,,,review,,9784294,129.15,10.762500000000001,18.99,18.990000000000002,15.960000000000006,0,ALL,160,0,0,0, ,"Breakthru Beverage Minnesota Wine & Spirits, LLC",,5,,18.99,0
Schramsberg Blanc De Blancs,019855112004,Wine,Price Change,750 ml,12,WILSON DANIELS - WINES,Breakthru Beverage,10cs purchase in a month,All,26.7625,321.15,380,47.99,39.96,0.3302677677677678,320,2026-10-01 00:00:00,,380,review,,9766120,321.15,26.7625,46.99,46.99,39.96,0,All,380,0,-44,-44, ,"Breakthru Beverage Minnesota Wine & Spirits, LLC",,3,,47.99,0
Sonoma Cutrer Chardonnay,769611454441,Wine,Price Change,750 ml,12,DUCKHORN VINEYARDS,Breakthru Beverage,12cs purchase in a month,All,15.429166666666667,185.15,216,26.99,19.96,0.2937959251837008,184,2026-10-01 00:00:00,,216,review,,1033240,169.15,14.095833333333333,23.99,23.990000000000006,19.96,0,All,208,8,-8,-24, ,"Breakthru Beverage Minnesota Wine & Spirits, LLC",,16,Sonoma Cutrer Chardonnay 750ml,23.99,33
Daou Pessimist Red Blend,890409002794,Wine,Price Change,750 ml,12,TREASURY WINE ESTATES,Breakthru Beverage,5cs purchase in a month,All,12.095833333333333,145.15,204,25.99,17.96,0.3265126206384559,144,2026-10-01 00:00:00,,204,review,,9746216,145.15,12.095833333333333,20.99,20.990000000000002,17.960000000000004,0,All,204,0,0,0, ,"Breakthru Beverage Minnesota Wine & Spirits, LLC",,12,Daou 750ml,20.99,306
Frank Family Cabernet 750ml,894910000409,Wine,Price Change,750 ml,12,TREASURY WINE ESTATES,Breakthru Beverage,"6cs one store, one invoice.  15+ cs chain buy ok to split up throughout the month (Mixes with Stags' Leap).  Intended for feature, ad, display, etc. ","Feb, March, May, June, Aug, Sept, Nov, Dec",34.762499999999996,417.15,496,61.99,46.96,0.281037052810903,416,2026-10-01 00:00:00,,496,review,,1460245,405.15,33.762499999999996,54.99,54.99,46.96000000000001,0,"Feb, March, May, June, Aug, Sept, Nov, Dec",496,0,0,0, ,"Breakthru Beverage Minnesota Wine & Spirits, LLC",,6,Frank & Stags' 750ml,56.99,0
Frank Family Cabernet 750ml,894910000409,Wine,Price Change,750 ml,12,TREASURY WINE ESTATES,Breakthru Beverage,5cs purchase in a month,ALL,38.09583333333333,457.15,496,61.99,46.96,0.21005465644520163,456,2026-10-01 00:00:00,,496,review,,1460245,445.15,37.09583333333333,54.99,54.99,46.96000000000001,0,"Feb, March, May, June, Aug, Sept, Nov, Dec",496,0,40,40, ,"Breakthru Beverage Minnesota Wine & Spirits, LLC",,6,Frank & Stags' 750ml,56.99,0
Frank Family Carneros Chardonnay 750ml,894910000102,Wine,Price Change,750ml,12,TREASURY WINE ESTATES,Breakthru Beverage,5cs purchase in a month,ALL,24.09583333333333,289.15,320,39.99,31.96,0.277351898206091,288,2026-10-01 00:00:00,,320,review,,1461243,277.15,23.09583333333333,37.99,37.99,31.959999999999994,0,ALL,320,0,0,0, ,"Breakthru Beverage Minnesota Wine & Spirits, LLC",,6,Frank & Stags' 750ml,37.99,0
Frank Family Carneros Chardonnay 750ml,894910000102,Wine,Price Change,750ml,12,TREASURY WINE ESTATES,Breakthru Beverage,"6cs one store, one invoice.  15+ cs chain buy ok to split up throughout the month (Mixes with Stags' Leap).  Intended for feature, ad, display, etc. ","Feb, March, May, June, Aug, Sept, Nov, Dec",22.09583333333333,265.15,320,39.99,31.96,0.339930120984564,264,2026-10-01 00:00:00,,320,review,,1461243,253.15,21.095833333333335,37.99,37.99,31.959999999999994,0,ALL,320,0,-24,-23.99999999999997, ,"Breakthru Beverage Minnesota Wine & Spirits, LLC",,6,Frank & Stags' 750ml,37.99,0
Penfold's Max's Cabernet 750ml,012354001121,Wine,Price Change,750ml,12,Benvenusa,Breakthru Beverage,5cs purchase in a month,All,12.095833333333333,145.15,192,23.99,16.96,0.34576454402515727,144,2026-10-01 00:00:00,,192,review,,9781283,133.15,11.095833333333333,19.99,19.990000000000002,16.960000000000004,0,All,192,0,0,0, ,"Breakthru Beverage Minnesota Wine & Spirits, LLC",,7,Penfold's Max's 750ml,19.99,0
Menage a Trois BB Cab,099988071621,Wine,Deal Change,750 ml,12,Trinchero,Phillips Wine & Spirits,5 MAT Red on 25,ALL,7.358333333333333,88.3,134,16.99,11.96,0.3847547380156076,104,2026-10-01 00:00:00,, ,review,,001780717,88.3,7.358333333333333,13.99,13.990000000000002,11.960000000000004,0,ALL,134,0,0,0, ,Phillips Wine & Spirits - St. Paul,,0,Menage a Trois 750ml,13.79,0
Menage A Trois Cabernet Sauv,099988071140,Wine,Deal Change,750 ml,12,Trinchero,Phillips Wine & Spirits,5 MAT Red on 25,ALL,7.358333333333333,88.3,134,16.99,11.96,0.3847547380156076,104,2026-10-01 00:00:00,, ,review,,000020377,88.3,7.358333333333333,13.99,13.990000000000002,11.960000000000004,0,ALL,134,0,0,0, ,Phillips Wine & Spirits - St. Paul,,4,Menage a Trois 750ml,13.79,0
Menage a Trois Decadence Cab,099988071416,Wine,Deal Change,750 ml,12,Trinchero,Phillips Wine & Spirits,5 MAT Red on 25,ALL,5.925,71.1,134,16.99,8.96,0.33872767857142866,84,2026-10-01 00:00:00,, ,review,,001610480,71.1,5.925,10.99,10.99,8.960000000000004,0,ALL,134,0,0,0, ,Phillips Wine & Spirits - St. Paul,,4,Menage a Trois 750ml,9.99,0
Menage A Trois Dolce Red,099988071911,Wine,Deal Change,750 ml,12,Trinchero,Phillips Wine & Spirits,5 MAT Red on 25,ALL,5.925,71.1,134,16.99,8.96,0.33872767857142866,84,2026-10-01 00:00:00,, ,review,,001394174,71.1,5.925,10.99,10.99,8.960000000000004,0,ALL,134,0,0,0, ,Phillips Wine & Spirits - St. Paul,,6,Menage a Trois 750ml,9.99,0
Menage A Trois Gold,099988071393,Wine,Deal Change,750 ml,12,Trinchero,Phillips Wine & Spirits,5 MAT Red on 25,ALL,5.925,71.1,134,16.99,8.96,0.33872767857142866,84,2026-10-01 00:00:00,, ,review,,001955895,71.1,5.925,10.99,,,,ALL,134,0,0,0, ,,,,,9.99,0
Menage a Trois Lavish Merlot,099988071430,Wine,Deal Change,750 ml,12,Trinchero,Phillips Wine & Spirits,5 MAT Red on 25,ALL,5.925,71.1,134,16.99,8.96,0.33872767857142866,84,2026-10-01 00:00:00,, ,review,,001688434,71.1,5.925,10.99,10.99,8.960000000000004,0,ALL,134,0,0,0, ,Phillips Wine & Spirits - St. Paul,,0,Menage a Trois 750ml,9.99,0
Menage a Trois Light Red 750ml,196383006101,Wine,Deal Change,750 ml,12,Trinchero,Phillips Wine & Spirits,5 MAT Red on 25,ALL,5.925,71.1,134,16.99,8.96,0.33872767857142866,84,2026-10-01 00:00:00,,,review,,1520982,71.1,5.925,10.99,10.99,8.960000000000004,0,ALL,134,0,0,0, ,Phillips Wine & Spirits - St. Paul,,3,Menage a Trois 750ml,9.99,0
Menage a Trois Limelight Pinot Grigio,099988071782,Wine,Deal Change,750 ml,12,Trinchero,Phillips Wine & Spirits,5 MAT Red on 25,ALL,5.925,71.1,134,16.99,8.96,0.33872767857142866,84,2026-10-01 00:00:00,, ,review,,001517315,71.1,5.925,10.99,10.99,8.960000000000004,0,ALL,134,0,0,0, ,Phillips Wine & Spirits - St. Paul,,0,Menage a Trois 750ml,9.99,0
Menage A Trois Luscious Pinot Noir,099988071577,Wine,Deal Change,750 ml,12,Trinchero,Phillips Wine & Spirits,5 MAT Red on 25,ALL,5.925,71.1,134,16.99,8.96,0.33872767857142866,84,2026-10-01 00:00:00,, ,review,,001736458,71.1,5.925,10.99,10.99,8.960000000000004,0,ALL,134,0,0,0, ,Phillips Wine & Spirits - St. Paul,,1,Menage a Trois 750ml,9.99,0
Menage a Trois Midnight,099988071294,Wine,Deal Change,750 ml,12,Trinchero,Phillips Wine & Spirits,5 MAT Red on 25,ALL,5.925,71.1,134,16.99,8.96,0.33872767857142866,84,2026-10-01 00:00:00,, ,review,,000024208,71.1,5.925,10.99,10.99,8.960000000000004,0,ALL,134,0,0,0, ,Phillips Wine & Spirits - St. Paul,,9,Menage a Trois 750ml,9.99,0
Menage A Trois Pinot Grigio,099988071164,Wine,Deal Change,750 ml,12,Trinchero,Phillips Wine & Spirits,5 MAT Red on 25,ALL,5.925,71.1,134,16.99,8.96,0.33872767857142866,84,2026-10-01 00:00:00,, ,review,,000021777,71.1,5.925,10.99,10.99,8.960000000000004,0,ALL,134,0,0,0, ,Phillips Wine & Spirits - St. Paul,,0,Menage a Trois 750ml,9.99,0
Menage a Trois Prosecco,099988071300,Wine,Deal Change,750 ml,12,Trinchero,Phillips Wine & Spirits,5 MAT Red on 25,ALL,8.691666666666666,104.3,134,16.99,13.96,0.37738777459407835,120,2026-10-01 00:00:00,, ,review,,000024660,104.3,8.691666666666666,15.99,15.990000000000004,13.960000000000006,0,ALL,134,0,0,0, ,Phillips Wine & Spirits - St. Paul,,0,Menage a Trois 750ml,15.99,0
Menage a Trois Red,099988071096,Wine,Deal Change,750 ml,12,Trinchero,Phillips Wine & Spirits,5 MAT Red on 25,ALL,5.925,71.1,134,16.99,8.96,0.33872767857142866,84,2026-10-01 00:00:00,, ,review,,000010147,71.1,5.925,10.99,10.99,8.960000000000004,0,ALL,134,0,0,0, ,Phillips Wine & Spirits - St. Paul,,16,Menage a Trois 750ml,9.99,0
Menage a Trois Rose,099988371080,Wine,Deal Change,750 ml,12,Trinchero,Phillips Wine & Spirits,5 MAT Red on 25,ALL,5.925,71.1,134,16.99,8.96,0.33872767857142866,84,2026-10-01 00:00:00,, ,review,,000010895,71.1,5.925,10.99,,,,ALL,134,0,0,0, ,,,,,9.99,0
Menage A Trois Silk,099988071362,Wine,Deal Change,750 ml,12,Trinchero,Phillips Wine & Spirits,5 MAT Red on 25,ALL,5.925,71.1,134,16.99,8.96,0.33872767857142866,84,2026-10-01 00:00:00,, ,review,,000026617,71.1,5.925,10.99,10.99,8.960000000000004,0,ALL,134,0,0,0, ,Phillips Wine & Spirits - St. Paul,,16,Menage a Trois 750ml,9.99,0
Menage A Trois Sweet Moscato,099988071898,Wine,Deal Change,750 ml,12,Trinchero,Phillips Wine & Spirits,5 MAT Red on 25,ALL,5.925,71.1,134,16.99,8.96,0.33872767857142866,84,2026-10-01 00:00:00,, ,review,,001600545,71.1,5.925,10.99,10.99,9.897500000000004,0,ALL,134,0,0,0, ,Phillips Wine & Spirits - St. Paul,,14,Menage a Trois 750ml,9.99,0
Menage a Trois White,099988071058,Wine,Deal Change,750 ml,12,Trinchero,Phillips Wine & Spirits,5 MAT Red on 25,ALL,5.925,71.1,134,16.99,8.96,0.33872767857142866,84,2026-10-01 00:00:00,, ,review,,000010146,71.1,5.925,10.99,10.99,9.960000000000004,0,ALL,134,0,0,0, ,Phillips Wine & Spirits - St. Paul,,0,Menage a Trois 750ml,9.99,0
SeaGlass Cabernet Sauvignon,085200027613,Wine,Deal Change,750 ml,12,Trinchero,Phillips Wine & Spirits,4 PG or SB on 25,Oct-Nov,8.548333333333334,102.58,136,16.99,12.96,0.34040637860082307,116.04,2026-10-01 00:00:00,, ,review,,000023919,102.58,8.548333333333334,14.99,,,,All,136,0,17.480000000000004,17.480000000000004, ,,,,,14.99,0
SeaGlass Chardonnay,085200005772,Wine,Deal Change,750 ml,12,Trinchero,Phillips Wine & Spirits,4 PG or SB on 25,Oct-Nov,6.4049999999999985,76.85999999999999,136,16.99,9.96,0.3569277108433737,90.32,2026-10-01 00:00:00,, ,review,,000018244,76.85999999999999,6.4049999999999985,11.99,,,,All,136,0,-8.240000000000009,-8.240000000000009, ,,,,,11.49,0
SeaGlass Pinot Gris,085200005796,Wine,Deal Change,750 ml,12,Trinchero,Phillips Wine & Spirits,4 PG or SB on 25,Oct-Nov,6.4049999999999985,76.85999999999999,136,16.99,9.96,0.3569277108433737,90.32,2026-10-01 00:00:00,, ,review,,000020359,76.85999999999999,6.4049999999999985,11.99,11.990000000000002,9.960000000000004,0,Oct-Nov,136,0,0,0, ,Phillips Wine & Spirits - St. Paul,,16,SeaGlass 750ml,11.49,0
SeaGlass Pinot Noir,085200005789,Wine,Deal Change,750 ml,12,Trinchero,Phillips Wine & Spirits,4 PG or SB on 25,Oct-Nov,8.548333333333334,102.58,143,17.99,12.96,0.34040637860082307,116.04,2026-10-01 00:00:00,, ,review,,000018245,102.58,8.548333333333334,14.99,14.990000000000004,12.960000000000006,0,Oct-Nov,143,0,0,0, ,Phillips Wine & Spirits - St. Paul,,0,SeaGlass 750ml,14.99,0
SeaGlass Riesling,085200005765,Wine,Deal Change,750 ml,12,Trinchero,Phillips Wine & Spirits,4 PG or SB on 25,Oct-Nov,6.4049999999999985,76.85999999999999,136,16.99,9.96,0.3569277108433737,90.32,2026-10-01 00:00:00,, ,review,,000017351,76.85999999999999,6.4049999999999985,11.99,,,,All,136,0,-8.240000000000009,-8.240000000000009, ,,,,,11.49,0
SeaGlass Rose,085200028078,Wine,Deal Change,750 ml,12,Trinchero,Phillips Wine & Spirits,4 PG or SB on 25,Oct-Nov,6.4049999999999985,76.85999999999999,136,16.99,9.96,0.3569277108433737,90.32,2026-10-01 00:00:00,, ,review,,25790,76.85999999999999,6.4049999999999985,11.99,,,,All,136,0,-8.240000000000009,-8.240000000000009, ,,,,,11.49,0
SeaGlass Sauvignon Blanc,085200005758,Wine,Deal Change,750 ml,12,Trinchero,Phillips Wine & Spirits,4 PG or SB on 25,Oct-Nov,6.4049999999999985,76.85999999999999,136,16.99,9.96,0.3569277108433737,90.32,2026-10-01 00:00:00,, ,review,,000015244,76.85999999999999,6.4049999999999985,11.99,11.990000000000002,9.960000000000004,0,Oct-Nov,136,0,0,0, ,Phillips Wine & Spirits - St. Paul,,16,SeaGlass 750ml,11.49,0
Sutter Home Cab Sauv,08505525,Wine,Price Change,1.5 L,6,Trinchero,Phillips Wine & Spirits,"4 free 1.5L Chardonnay, Cabernet or Sauvignon Blanc on 25 cases m/m 750 & 1.5L",All,7.30977011494253,43.858620689655176,64.15,15.99,11.96,0.388815207780725,49.6,2026-10-01 00:00:00,, ,review,,000066134,43.858620689655176,7.30977011494253,13.79,11.990000000000002,0,0,All,64.15,0,-1.5270935960591103,-1.5270935960591103, ,Phillips Wine & Spirits - St. Paul,,0,,13.79,625
Sutter Home Chardonnay,08505622,Wine,Price Change,1.5 L,6,Trinchero,Phillips Wine & Spirits,"4 free 1.5L Chardonnay, Cabernet or Sauvignon Blanc on 25 cases m/m 750 & 1.5L",ALL,7.30977011494253,43.858620689655176,64.15,15.99,11.96,0.388815207780725,49.6,2026-10-01 00:00:00,, ,review,,000065995,43.858620689655176,7.30977011494253,13.79,11.990000000000002,0,0,ALL,64.15,0,-1.5270935960591103,-1.5270935960591103, ,Phillips Wine & Spirits - St. Paul,,0,,13.79,292
Sutter Home Merlot,08505428,Wine,Price Change,1.5 L,6,Trinchero,Phillips Wine & Spirits,"4 free 1.5L Chardonnay, Cabernet or Sauvignon Blanc on 25 cases m/m 750 & 1.5L",ALL,7.30977011494253,43.858620689655176,64.15,15.99,11.96,0.388815207780725,49.6,2026-10-01 00:00:00,, ,review,,000007989,43.858620689655176,7.30977011494253,13.79,11.990000000000002,0,0,ALL,64.15,0,-1.5270935960591103,-1.5270935960591103, ,Phillips Wine & Spirits - St. Paul,,0,,13.79,0
Sutter Home Moscato,08506223,Wine,Price Change,1.5 L,6,Trinchero,Phillips Wine & Spirits,"4 free 1.5L Chardonnay, Cabernet or Sauvignon Blanc on 25 cases m/m 750 & 1.5L",ALL,7.30977011494253,43.858620689655176,64.15,15.99,11.96,0.388815207780725,49.6,2026-10-01 00:00:00,, ,review,,000008003,43.858620689655176,7.30977011494253,13.79,,,,ALL,64.15,0,-1.5270935960591103,-1.5270935960591103, ,,,,,13.79,668
Sutter Home Pink Moscato,08509822,Wine,Price Change,1.5 L,6,Trinchero,Phillips Wine & Spirits,"4 free 1.5L Chardonnay, Cabernet or Sauvignon Blanc on 25 cases m/m 750 & 1.5L",ALL,7.30977011494253,43.858620689655176,64.15,15.99,11.96,0.388815207780725,49.6,2026-10-01 00:00:00,, ,review,,000019652,43.858620689655176,7.30977011494253,13.79,,,,ALL,64.15,0,-1.5270935960591103,-1.5270935960591103, ,,,,,13.79,576
Sutter Home Pinot Grigio,08506825,Wine,Price Change,1.5 L,6,Trinchero,Phillips Wine & Spirits,"4 free 1.5L Chardonnay, Cabernet or Sauvignon Blanc on 25 cases m/m 750 & 1.5L",ALL,7.30977011494253,43.858620689655176,64.15,15.99,11.96,0.388815207780725,49.6,2026-10-01 00:00:00,, ,review,,000068619,43.858620689655176,7.30977011494253,13.79,11.990000000000002,0,0,ALL,64.15,0,-1.5270935960591103,-1.5270935960591103, ,Phillips Wine & Spirits - St. Paul,,0,,13.79,464
Sutter Home Red Blend,08513320,Wine,Price Change,1.5 L,6,Trinchero,Phillips Wine & Spirits,"4 free 1.5L Chardonnay, Cabernet or Sauvignon Blanc on 25 cases m/m 750 & 1.5L",ALL,7.30977011494253,43.858620689655176,64.15,15.99,11.96,0.388815207780725,49.6,2026-10-01 00:00:00,, ,review,,000025227,43.858620689655176,7.30977011494253,13.79,11.990000000000002,0,0,ALL,64.15,0,-1.5270935960591103,-1.5270935960591103, ,Phillips Wine & Spirits - St. Paul,,0,,13.79,0
Sutter Home Red Moscato,08511827,Wine,Price Change,1.5 L,6,Trinchero,Phillips Wine & Spirits,"4 free 1.5L Chardonnay, Cabernet or Sauvignon Blanc on 25 cases m/m 750 & 1.5L",ALL,7.30977011494253,43.858620689655176,64.15,15.99,11.96,0.388815207780725,49.6,2026-10-01 00:00:00,, ,review,,000020898,43.858620689655176,7.30977011494253,13.79,,,,ALL,64.15,0,-1.5270935960591103,-1.5270935960591103, ,,,,,13.79,0
Sutter Home Riesling,08508629,Wine,Price Change,1.5 L,6,Trinchero,Phillips Wine & Spirits,"4 free 1.5L Chardonnay, Cabernet or Sauvignon Blanc on 25 cases m/m 750 & 1.5L",ALL,7.30977011494253,43.858620689655176,64.15,15.99,11.96,0.388815207780725,49.6,2026-10-01 00:00:00,, ,review,,000020111,43.858620689655176,7.30977011494253,13.79,,,,ALL,64.15,0,-1.5270935960591103,-1.5270935960591103, ,,,,,13.79,0
Sutter Home Sangria,08522221,Wine,Price Change,1.5 L,6,Trinchero,Phillips Wine & Spirits,"4 free 1.5L Chardonnay, Cabernet or Sauvignon Blanc on 25 cases m/m 750 & 1.5L",ALL,7.30977011494253,43.858620689655176,64.15,15.99,11.96,0.388815207780725,49.6,2026-10-01 00:00:00,, ,review,,000027744,43.858620689655176,7.30977011494253,13.79,,,,ALL,64.15,0,-1.5270935960591103,-1.5270935960591103, ,,,,,13.79,0
Sutter Home Sauvignon Blanc,08505729,Wine,Price Change,1.5 L,6,Trinchero,Phillips Wine & Spirits,"4 free 1.5L Chardonnay, Cabernet or Sauvignon Blanc on 25 cases m/m 750 & 1.5L",ALL,7.30977011494253,43.858620689655176,64.15,15.99,11.96,0.388815207780725,49.6,2026-10-01 00:00:00,, ,review,,000078675,43.858620689655176,7.30977011494253,13.79,11.990000000000002,0,0,ALL,64.15,0,-1.5270935960591103,-1.5270935960591103, ,Phillips Wine & Spirits - St. Paul,,0,,13.79,0
Sutter Home Sweet Red,08507620,Wine,Price Change,1.5 L,6,Trinchero,Phillips Wine & Spirits,"4 free 1.5L Chardonnay, Cabernet or Sauvignon Blanc on 25 cases m/m 750 & 1.5L",ALL,7.30977011494253,43.858620689655176,64.15,15.99,11.96,0.388815207780725,49.6,2026-10-01 00:00:00,, ,review,,000015239,43.858620689655176,7.30977011494253,13.79,11.990000000000002,0,0,ALL,64.15,0,-1.5270935960591103,-1.5270935960591103, ,Phillips Wine & Spirits - St. Paul,,0,,13.79,640
Sutter Home White Merlot,08506320,Wine,Price Change,1.5 L,6,Trinchero,Phillips Wine & Spirits,"4 free 1.5L Chardonnay, Cabernet or Sauvignon Blanc on 25 cases m/m 750 & 1.5L",ALL,7.30977011494253,43.858620689655176,64.15,15.99,11.96,0.388815207780725,49.6,2026-10-01 00:00:00,, ,review,,000015891,43.858620689655176,7.30977011494253,13.79,,,,ALL,64.15,0,-1.5270935960591103,-1.5270935960591103, ,,,,,13.79,0
Sutter Home White Zinfandel,08505923,Wine,Price Change,1.5 L,6,Trinchero,Phillips Wine & Spirits,"4 free 1.5L Chardonnay, Cabernet or Sauvignon Blanc on 25 cases m/m 750 & 1.5L",ALL,7.30977011494253,43.858620689655176,64.15,15.99,11.96,0.388815207780725,49.6,2026-10-01 00:00:00,, ,review,,000066175,43.858620689655176,7.30977011494253,13.79,11.990000000000002,0,0,ALL,64.15,0,-1.5270935960591103,-1.5270935960591103, ,Phillips Wine & Spirits - St. Paul,,0,,13.79,211
K J Avant Chardonnay,081584047674,Wine,Buy Months Change,750 ml,12,Jackson Family Estates,Phillips Wine & Spirits,5 Vintner's Chard on 100+8cs VR SB,September   ,8.880566666666667,106.5668,160,19.99,,0.5557495414373853,120.37,2026-10-01 00:00:00,, ,,,1791839,106.5668,8.880566666666667,,15.990000000000004,13.960000000000006,0,March|June|September|December,160,0,-9.171199999999999,-9.171199999999999, ,Phillips Wine & Spirits - St. Paul,"December, June, March, September",16,K J 750ml,,200
K J Grand Res Cab Sauv,081584013211,Wine,Buy Months Change,750 ml,12,Jackson Family Estates,Phillips Wine & Spirits,5 Vintner's Chard on 100+8cs VR SB,September   ,22.649733333333334,271.7968,320,39.99,,0.4336150704342753,285.6,2026-10-01 00:00:00,, ,,,1565000,271.7968,22.649733333333334,,33.99,28.959999999999994,0,March|June|September|December,320,0,-9.171199999999999,-9.171199999999999, ,Phillips Wine & Spirits - St. Paul,"December, June, March, September",0,,,0
K J Grand Res Chardonnay,081584013082,Wine,Buy Months Change,750 ml,12,Jackson Family Estates,Phillips Wine & Spirits,5 Vintner's Chard on 100+8cs VR SB,September   ,10.849733333333333,130.1968,180,22.99,,0.5280672756270842,144,2026-10-01 00:00:00,, ,,,1649514,130.1968,10.849733333333333,,20.990000000000002,17.960000000000004,0,March|June|September|December,180,0,-9.171199999999999,-9.171199999999999, ,Phillips Wine & Spirits - St. Paul,"December, June, March, September",14,K J 750ml,,324
K J Grand Res Pinot Gris,081584131649,Wine,Buy Months Change,750 ml,12,Jackson Family Estates,Phillips Wine & Spirits,5 Vintner's Chard on 100+8cs VR SB,September   ,8.880566666666667,106.5668,160,19.99,,0.5557495414373853,120.37,2026-10-01 00:00:00,, ,,,16434,106.5668,8.880566666666667,,,,,March|June|September|December,160,0,-9.171199999999999,-9.171199999999999, ,,,,,,0
K J Vintner's Chardonnay,081584013105,Wine,Buy Months Change,750 ml,12,Jackson Family Estates,Phillips Wine & Spirits,5 Vintner's Chard on 100+8cs VR SB,September   ,8.968510324483775,107.62212389380531,160,19.99,,0.5513501588552389,120.37,2026-10-01 00:00:00,, ,,,1121762,107.62212389380531,8.968510324483775,,14.052500000000002,12.335000000000004,0,March|June|September|December,160,0,-8.115971344289932,-8.115971344289932, ,Phillips Wine & Spirits - St. Paul,"December, June, March, September",16,K J 750ml,,2
K J Vintner's Merlot,081584131526,Wine,Buy Months Change,750 ml,12,Jackson Family Estates,Phillips Wine & Spirits,5 Vintner's Chard on 100+8cs VR SB,September   ,10.849733333333333,130.1968,160,19.99,,0.45724195431048853,144,2026-10-01 00:00:00,, ,,,1095706,130.1968,10.849733333333333,,18.990000000000002,15.960000000000006,0,March|June|September|December,160,0,-9.171199999999999,-9.171199999999999, ,Phillips Wine & Spirits - St. Paul,"December, June, March, September",0,K J 750ml,,0
K J Vintner's Pinot Gris,081584002154,Wine,Buy Months Change,750 ml,12,Jackson Family Estates,Phillips Wine & Spirits,5 Vintner's Chard on 100+8cs VR SB,September   ,8.880566666666667,106.5668,160,19.99,,0.5557495414373853,120.37,2026-10-01 00:00:00,, ,,,1222032,106.5668,8.880566666666667,,14.990000000000004,12.960000000000006,0,March|June|September|December,160,0,-9.171199999999999,-9.171199999999999, ,Phillips Wine & Spirits - St. Paul,"December, June, March, September",1,K J 750ml,,401
K J Vintner's Pinot Noir,081584131519,Wine,Buy Months Change,750 ml,12,Jackson Family Estates,Phillips Wine & Spirits,5 Vintner's Chard on 100+8cs VR SB,September   ,8.880566666666667,106.5668,240,29.99,,0.7038824052461932,120.37,2026-10-01 00:00:00,, ,,,1140905,106.5668,8.880566666666667,,22.990000000000006,19.96,0,March|June|September|December,240,0,-9.171199999999999,-9.171199999999999, ,Phillips Wine & Spirits - St. Paul,"December, June, March, September",11,K J 750ml,,630
K J Vintner's Reserve Cabernet,081584013174,Wine,Buy Months Change,750 ml,12,Jackson Family Estates,Phillips Wine & Spirits,5 Vintner's Chard on 100+8cs VR SB,September   ,10.849733333333333,130.1968,160,19.99,,0.45724195431048853,144,2026-10-01 00:00:00,, ,,,1209564,130.1968,10.849733333333333,,18.990000000000002,15.960000000000006,0,March|June|September|December,160,0,-9.171199999999999,-9.171199999999999, ,Phillips Wine & Spirits - St. Paul,"December, June, March, September",9,K J 750ml,,309
K J Vintner's Riesling,081584130000,Wine,Buy Months Change,750 ml,12,Jackson Family Estates,Phillips Wine & Spirits,5 Vintner's Chard on 100+8cs VR SB,September   ,8.880566666666667,106.5668,160,19.99,,0.5557495414373853,120.37,2026-10-01 00:00:00,, ,,,1676602,106.5668,8.880566666666667,,14.990000000000004,12.960000000000006,0,March|June|September|December,160,0,-9.171199999999999,-9.171199999999999, ,Phillips Wine & Spirits - St. Paul,"December, June, March, September",0,K J 750ml,,0
K J Vintners Rose,081584013297,Wine,Buy Months Change,750 ml,12,Jackson Family Estates,Phillips Wine & Spirits,5 Vintner's Chard on 100+8cs VR SB,September   ,8.880566666666667,106.5668,160,19.99,,0.5557495414373853,120.37,2026-10-01 00:00:00,, ,,,1826178,106.5668,8.880566666666667,,14.990000000000004,12.960000000000006,0,March|June|September|December,160,0,-9.171199999999999,-9.171199999999999, ,Phillips Wine & Spirits - St. Paul,"December, June, March, September",0,,,0
K J Vintner's Sauv Blanc,081584130406,Wine,Buy Months Change,750 ml,12,Jackson Family Estates,Phillips Wine & Spirits,5 Vintner's Chard on 100+8cs VR SB,September   ,8.880566666666667,106.5668,160,19.99,,0.5557495414373853,120.37,2026-10-01 00:00:00,, ,,,1439953,106.5668,8.880566666666667,,15.990000000000004,13.960000000000006,0,March|June|September|December,160,0,-9.171199999999999,-9.171199999999999, ,Phillips Wine & Spirits - St. Paul,"December, June, March, September",14,K J 750ml,,245
K J Vintner's Zinfandel,081584131403,Wine,Buy Months Change,750 ml,12,Jackson Family Estates,Phillips Wine & Spirits,5 Vintner's Chard on 100+8cs VR SB,September   ,13.083066666666667,156.9968,240,29.99,,0.5637523618984105,170.8,2026-10-01 00:00:00,, ,,,1092177,156.9968,13.083066666666667,,23.990000000000006,19.96,0,March|June|September|December,240,0,-9.171199999999999,-9.171199999999999, ,Phillips Wine & Spirits - St. Paul,"December, June, March, September",0,K J 750ml,,0
KJ Brut Cuvee 750ml,081584014805,Wine,Buy Months Change,750 ml,12,Jackson Family Estates,Phillips Wine & Spirits,5 Vintner's Chard on 100+8cs VR SB,September   ,12.183066666666667,146.1968,240,29.99,,0.5937623652328554,160,2026-10-01 00:00:00,, ,,,1079364,146.1968,12.183066666666667,,20.990000000000002,17.960000000000004,0,March|June|September|December,240,0,-9.171199999999999,-9.171199999999999, ,Phillips Wine & Spirits - St. Paul,"March, June, September, December",1,K J 750ml,,0
KJ VR Cabernet Paso Robles ,081584047780,Wine,New Item,750 ml,12,Jackson Family Estates,Phillips Wine & Spirits,5 Vintner's Chard on 100+8cs VR SB,September   ,10.849733333333333,130.1968,160,19.99,16.96,0.3602751572327045,144,,, ,,,1345698,130.1968,10.849733333333333,19.99,,,,,,,,,,,,,,19.99,
Hess MVRK Ranches Paso Cabernet,717888000113,Wine,New Item,750 ml,12,Hess,Phillips Wine & Spirits,,ALL,15.091666666666667,181.1,224.88,27.99,22.96,0.3426974448315912,180,,,,,,1199224,181.1,15.091666666666667,26.99,,,,,,,,,,,,,,26.99,
Hess MVRK Ranches Sauv Blanc,717888000144,Wine,New Item,750 ml,12,Hess,Phillips Wine & Spirits,,ALL,12.091666666666667,145.1,162,19.99,18.96,0.3622538677918425,144,,,,,,1657855,145.1,12.091666666666667,22.49,,,,,,,,,,,,,,22.49,
CHT STE MICH CABERNET SAUVIGNON ,088586601835,Wine,Price Change,750ML,12,STE MICHELLE WINE ESTATES,Southern Wine & Spirits, ,ALL,8.733333333333333,104.8,160,19.99,11.96,0.37430323299888524,104,2026-10-01 00:00:00,,104,review,,632672,89.8,7.483333333333333,13.79,13.789999999999994,11.960000000000004,0,ALL,160,0,0,0, ,Southern Glazer's Wine & Spirits of MN,,16,Chateau Ste Michelle 750ml,13.79,0
CHT STE MICH CHARDONNAY,088586603846,Wine,Price Change,750ML,12,STE MICHELLE WINE ESTATES,Southern Wine & Spirits, ,ALL,6.733333333333333,80.8,120,14.99,8.96,0.38802083333333337,80,2026-10-01 00:00:00,,80,review,,660173,65.8,5.483333333333333,9.99,9.99,8.960000000000004,0,ALL,120,0,0,0, ,Southern Glazer's Wine & Spirits of MN,,16,Chateau Ste Michelle 750ml,9.99,0
CHT STE MICH DRY RIESLING,088586642890,Wine,Price Change,750ML,12,STE MICHELLE WINE ESTATES,Southern Wine & Spirits, ,ALL,6.733333333333333,80.8,120,14.99,8.96,0.38802083333333337,80,2026-10-01 00:00:00,,80,review,,512968,65.8,5.483333333333333,9.99,9.99,8.960000000000004,0,ALL,120,0,0,0, ,Southern Glazer's Wine & Spirits of MN,,16,Chateau Ste Michelle 750ml,9.99,295
CHT STE MICH GEWURZTRAMINER,088586625848,Wine,Price Change,750ML,12,STE MICHELLE WINE ESTATES,Southern Wine & Spirits, ,ALL,6.733333333333333,80.8,120,14.99,8.96,0.38802083333333337,80,2026-10-01 00:00:00,,80,review,,995913,65.8,5.483333333333333,9.99,9.99,8.960000000000004,0,ALL,120,0,0,0, ,Southern Glazer's Wine & Spirits of MN,,16,Chateau Ste Michelle 750ml,9.99,518
CHT STE MICH MERLOT 19,088586602832,Wine,Price Change,750ML,12,STE MICHELLE WINE ESTATES,Southern Wine & Spirits, ,ALL,8.733333333333333,104.8,160,19.99,11.96,0.37430323299888524,104,2026-10-01 00:00:00,,104,review,,632656,89.8,7.483333333333333,13.79,13.789999999999994,11.960000000000004,0,ALL,160,0,0,0, ,Southern Glazer's Wine & Spirits of MN,,13,Chateau Ste Michelle 750ml,13.79,0
CHT STE MICH PINOT GRIS,088586000768,Wine,Price Change,750ML,12,STE MICHELLE WINE ESTATES,Southern Wine & Spirits, ,ALL,6.733333333333333,80.8,120,14.99,8.96,0.38802083333333337,80,2026-10-01 00:00:00,,80,review,,516784,65.8,5.483333333333333,9.99,9.99,8.960000000000004,0,ALL,120,0,0,0, ,Southern Glazer's Wine & Spirits of MN,,16,Chateau Ste Michelle 750ml,9.99,539
CHT STE MICH RIESLING,088586621840,Wine,Price Change,750ML,12,STE MICHELLE WINE ESTATES,Southern Wine & Spirits, ,ALL,6.733333333333333,80.8,120,14.99,8.96,0.38802083333333337,80,2026-10-01 00:00:00,,80,review,,55929,65.8,5.483333333333333,9.99,9.99,8.960000000000004,0,ALL,120,0,0,0, ,Southern Glazer's Wine & Spirits of MN,,16,Chateau Ste Michelle 750ml,9.99,98
CHT STE MICH RIESLING HARV SELECT,088586004162,Wine,Price Change,750ML,12,STE MICHELLE WINE ESTATES,Southern Wine & Spirits, ,ALL,6.733333333333333,80.8,120,14.99,8.96,0.38802083333333337,80,2026-10-01 00:00:00,,80,review,,516522,65.8,5.483333333333333,9.99,9.99,8.960000000000004,0,ALL,120,0,0,0, ,Southern Glazer's Wine & Spirits of MN,,16,Chateau Ste Michelle 750ml,9.99,207
CHT STE MICH ROSE,088586009327,Wine,Price Change,750ML,12,STE MICHELLE WINE ESTATES,Southern Wine & Spirits, ,ALL,6.733333333333333,80.8,120,14.99,8.96,0.38802083333333337,80,2026-10-01 00:00:00,,80,review,,655934,65.8,5.483333333333333,9.99,9.99,8.960000000000004,0,ALL,120,0,0,0, ,Southern Glazer's Wine & Spirits of MN,,16,Chateau Ste Michelle 750ml,9.99,323
CHT STE MICH SAUVIGNON BLANC,088586630989,Wine,Price Change,750ML,12,STE MICHELLE WINE ESTATES,Southern Wine & Spirits, ,ALL,6.733333333333333,80.8,120,14.99,8.96,0.38802083333333337,80,2026-10-01 00:00:00,,80,review,,512979,65.8,5.483333333333333,9.99,9.99,8.960000000000004,0,ALL,120,0,0,0, ,Southern Glazer's Wine & Spirits of MN,,16,Chateau Ste Michelle 750ml,9.99,0
GH MUMM GRAND CORDON BRUT,852832104896,Wine,Price Change,750ML,6,PERNOD RICARD USA,Southern Wine & Spirits, ,All,47.96666666666667,287.8,353,87.99,64.96,0.2615968801313628,287,2026-10-01 00:00:00,,287,review,,418031,287.8,47.96666666666667,77.99,,,,All,353,0,0,0, ,,,,,77.99,0
OYSTER BAY CHARDONNAY(SC),870661008017,Wine,Price Change,750ML,12,DELEGAT USA INC,Southern Wine & Spirits,4 on 12,ALL,8.566666666666666,102.8,160,19.99,12.96,0.3389917695473252,136,2026-10-01 00:00:00,,136,review,,177193,102.8,8.566666666666666,14.99,14.990000000000004,12.960000000000006,0,ALL,160,0,0,0, ,Southern Glazer's Wine & Spirits of MN,,0,Oyster Bay 750ml,14.99,0
OYSTER BAY MERLOT(SC),870661008147,Wine,Price Change,750ML,12,DELEGAT USA INC,Southern Wine & Spirits,4 on 12,ALL,8.566666666666666,102.8,160,19.99,12.96,0.3389917695473252,136,2026-10-01 00:00:00,,136,review,,177194,102.8,8.566666666666666,14.99,,,,ALL,160,0,0,0, ,,,,,14.99,0
OYSTER BAY PINOT GRIS(SC),870661008161,Wine,Price Change,750ML,12,DELEGAT USA INC,Southern Wine & Spirits,4 on 12,ALL,8.566666666666666,102.8,160,19.99,12.96,0.3389917695473252,136,2026-10-01 00:00:00,,136,review,,907369,102.8,8.566666666666666,14.99,14.990000000000004,12.960000000000006,0,ALL,160,0,0,0, ,Southern Glazer's Wine & Spirits of MN,,4,Oyster Bay 750ml,14.99,537
OYSTER BAY PINOT NOIR(SC),870661008093,Wine,Price Change,750ML,12,DELEGAT USA INC,Southern Wine & Spirits,4 on 12,ALL,8.955555555555554,107.46666666666665,176,21.99,13.96,0.3584845590576251,152,2026-10-01 00:00:00,,152,review,,177195,107.46666666666665,8.955555555555554,15.99,,,,ALL,176,0,0,0, ,,,,,15.99,0
OYSTER BAY ROSE(SC),870661008055,Wine,Price Change,750ML,12,DELEGAT USA INC,Southern Wine & Spirits,4 on 12,ALL,8.566666666666666,102.8,160,19.99,12.96,0.3389917695473252,136,2026-10-01 00:00:00,,136,review,,944992,102.8,8.566666666666666,14.99,,,,ALL,160,0,0,0, ,,,,,14.99,0
OYSTER BAY SAUVIGNON BLANC(SC),870661008024,Wine,Price Change,750ML,12,DELEGAT USA INC,Southern Wine & Spirits,4 on 12,ALL,8.566666666666666,102.8,160,19.99,12.96,0.3389917695473252,136,2026-10-01 00:00:00,,136,review,,127630,102.8,8.566666666666666,14.99,14.990000000000004,12.960000000000006,0,ALL,160,0,0,0, ,Southern Glazer's Wine & Spirits of MN,,16,Oyster Bay 750ml,14.99,24
Dalho Soju Original Shot 34 375ml,088004085865,Wine,New Item,375 ml,12,SAZERAC COMPANY INC,Southern Wine & Spirits, ,ALL,3.8166666666666664,45.8,60,7.99,5.96,0.3596196868008949,45,,,45,,,706406,45.8,3.8166666666666664,6.49,6.489999999999998,5.959999999999998,0,ALL,60,0,0,0, ,Southern Glazer's Wine & Spirits of MN,,1,,6.49,0
Dalho Soju Shot Lychee 34 375ml,088004085858,Wine,New Item,375 ml,12,SAZERAC COMPANY INC,Southern Wine & Spirits, ,ALL,3.8166666666666664,45.8,60,7.99,5.96,0.3596196868008949,45,,,45,,,706407,45.8,3.8166666666666664,6.49,6.489999999999998,5.959999999999998,0,ALL,60,0,0,0, ,Southern Glazer's Wine & Spirits of MN,,1,,6.49,0
Dalho Soju Shot Peach 34 375ml,088004085872,Wine,New Item,375 ml,12,SAZERAC COMPANY INC,Southern Wine & Spirits, ,ALL,3.8166666666666664,45.8,60,7.99,5.96,0.3596196868008949,45,,,45,,,704569,45.8,3.8166666666666664,6.49,6.489999999999998,5.959999999999998,0,ALL,60,0,0,0, ,Southern Glazer's Wine & Spirits of MN,,1,,6.49,0
Dalho Soju Shot Strawberry 34 375ml,088004085841,Wine,New Item,375 ml,12,SAZERAC COMPANY INC,Southern Wine & Spirits, ,ALL,3.8166666666666664,45.8,60,7.99,5.96,0.3596196868008949,45,,,45,,,704570,45.8,3.8166666666666664,6.49,6.489999999999998,5.959999999999998,0,ALL,60,0,0,0, ,Southern Glazer's Wine & Spirits of MN,,1,,6.49,0
Dalho Soju Original Shot 34 Pet 50ml,088004085193,Wine,New Item,50 ml,120,SAZERAC COMPANY INC,Southern Wine & Spirits, ,ALL,0.345,41.4,81.2,0.99,1.24,0.7217741935483871,40.6,,,40.6,,,704352,41.4,0.345,1.49,1.4899999999999995,1.2399999999999998,0,ALL,81.2,0,0,0, ,Southern Glazer's Wine & Spirits of MN,,0,,,0
Dalho Soju Shot Lychee 34 Pet 50ml,088004085216,Wine,New Item,50 ml,120,SAZERAC COMPANY INC,Southern Wine & Spirits, ,ALL,0.345,41.4,81.2,0.99,1.24,0.7217741935483871,40.6,,,40.6,,,704568,41.4,0.345,1.49,1.4899999999999995,1.2399999999999998,0,ALL,81.2,0,0,0, ,Southern Glazer's Wine & Spirits of MN,,0,,,0
Dalho Soju Shot Peach 34 Pet 50ml,088004085186,Wine,New Item,50 ml,120,SAZERAC COMPANY INC,Southern Wine & Spirits, ,ALL,0.345,41.4,81.2,0.99,1.24,0.7217741935483871,40.6,,,40.6,,,704567,41.4,0.345,1.49,1.4899999999999995,1.2399999999999998,0,ALL,81.2,0,0,0, ,Southern Glazer's Wine & Spirits of MN,,0,,,0
Dalho Soju Shot Strawberry 34 Pet 50ml,088004085209,Wine,New Item,50 ml,120,SAZERAC COMPANY INC,Southern Wine & Spirits, ,ALL,0.345,41.4,81.2,0.99,1.24,0.7217741935483871,40.6,,,40.6,,,704566,41.4,0.345,1.49,1.4899999999999995,1.2399999999999998,0,ALL,81.2,0,0,0, ,Southern Glazer's Wine & Spirits of MN,,0,,,0
Meiomi Blanc 750ml,083120016687,Wine,New Item,750ML,12,THE WINE GROUP,Southern Wine & Spirits, ,"March, June, September, December",9.859999999999998,118.31999999999998,175.92,21.99,12.96,0.30907064471879303,151.92,,,151.92,,,703158,107.45333333333332,8.954444444444443,14.99,14.990000000000004,12.960000000000006,0,"March, June, September, December",175.92,0,0,0, ,Southern Glazer's Wine & Spirits of MN,"March, June, September, December",16,Meiomi 750ml,14.99,0
Sonoma Cutrer Pinot Noir 750ml,769611500384,Wine,New Item,750ml,12,DUCKHORN VINEYARDS,Breakthru Beverage,6cs purchase in a month,ALL,16.095833333333335,193.15,216,26.99,19.96,0.19359552438209748,192,,,,,,9784325,193.15,16.095833333333335,23.99,23.990000000000006,19.96,0,ALL,216,0,0,0, ,"Breakthru Beverage Minnesota Wine & Spirits, LLC",,3,,23.99,0
Sonoma Cutrer Pinot Noir 750ml,769611500384,Wine,New Item,750ml,12,DUCKHORN VINEYARDS,Breakthru Beverage,12cs purchase in a month,ALL,15.429166666666667,185.15,216,26.99,19.96,0.22699565798263194,184,,,,,,9784325,185.15,15.429166666666667,23.99,23.990000000000006,19.96,0,ALL,216,0,-8,-8, ,"Breakthru Beverage Minnesota Wine & Spirits, LLC",,3,,23.99,0
Salentein Cab Sauv Rsv,086785750217,Wine,New Item,750ml,12,PALM BAY,Breakthru Beverage,3cs purchase in a month,ALL,17.095833333333335,205.15,216,26.99,25.96,0.35750513610683105,204,,,,,,9736512,200.15,16.679166666666667,30.49,,,,,,,,,,,,,,30.49,
Salentein Malbec Rsv,086785750200,Wine,New Item,750ml,12,PALM BAY,Breakthru Beverage,3cs purchase in a month,ALL,13.429166666666667,161.15,216,26.99,19.96,0.3480711422845691,160,,,,,,9748085,156.15,13.012500000000001,23.99,,,,,,,,,,,,,,23.99,
Banfi Chianti Classico 750ml,080516160856,Wine,New Item,750ml,12,BANFI,Breakthru Beverage,5cs purchase in a month,"SEPT, OCT, NOV, DEC",11.429166666666667,137.15,160,19.99,16.96,0.36541863207547165,136,,,,,,9793456,129.15,10.762500000000001,19.99,,,,ALL,160,0,-8,-16,9736229,,,,,19.99,0
Banfi San Angelo Pinot Grigio 750ml,080516049045,Wine,New Item,750ml,12,BANFI,Breakthru Beverage,5cs purchase in a month,"SEPT, OCT, NOV, DEC",11.429166666666667,137.15,168,20.99,16.96,0.36541863207547165,136,,,,,,9008946,129.15,10.762500000000001,19.99,,,,,,,,,,,,,,19.99,
Bottega Vinaia Pinot Grigio,086785211626,Wine,Price Change,750 ml,12,PALM BAY,Breakthru Beverage,Case 1,ALL,14.095833333333333,169.15,184,22.99,20.96,0.3592954834605598,168,2026-10-01 00:00:00,,184,review,,9229022,161.15,13.429166666666667,24.99,24.990000000000006,20.96,0,ALL,184,0,0,0, ,"Breakthru Beverage Minnesota Wine & Spirits, LLC",,7,,24.99,0
Recanati Yasmin Red 750ml,086785732046,Wine,New Item,750ml,12,,Breakthru Beverage,3cs purchase in a month,ALL,10.095833333333333,121.15,128,15.99,15.96,0.3674289891395155,120,,Kosher,,,,9736501,121.15,10.095833333333333,18.99,18.990000000000002,15.960000000000006,0,ALL,128,0,0,0, ,"Breakthru Beverage Minnesota Wine & Spirits, LLC",,1,,18.99,0
Quinta Do Soalheiro Alvarinho 750ml,5602640000645,Wine,New Item,750ml,12,,Breakthru Beverage,3cs purchase in a month,ALL,15.429166666666667,185.15,192,23.99,23.96,0.35604479688369506,184,,"""better than 90+ albarino""",,,,9738507,185.15,15.429166666666667,27.99,27.990000000000006,23.959999999999997,0,ALL,192,0,0,0, ,"Breakthru Beverage Minnesota Wine & Spirits, LLC",,0,,27.99,0
Cavit Pinot Grigio 1.5L,086785000039,Wine,Price Change,1.5L,6,PALM BAY,Breakthru Beverage,15cs purchase in a month,ALL,8.858333333333333,53.15,84,20.99,12.96,0.3164866255144034,52,2026-10-01 00:00:00,,84,review,,9735200,53.15,8.858333333333333,14.99,14.990000000000004,12.960000000000006,0,"Feb, April, June, August, October, Dec",84,0,-8,-8, ,"Breakthru Beverage Minnesota Wine & Spirits, LLC","April, August, December, February, June, October",16,Cavit 1.5L,14.99,0
Cavit Pinot Grigio 750ml,086785000084,Wine,Price Change,750 ml,12,PALM BAY,Breakthru Beverage,15cs purchase in a month,ALL,6.095833333333334,73.15,112,13.99,8.96,0.3196614583333333,72,2026-10-01 00:00:00,,112,review,,9221926,73.15,6.095833333333334,9.99,9.99,8.960000000000004,0,ALL,112,0,-16,-16, ,"Breakthru Beverage Minnesota Wine & Spirits, LLC","April, August, December, February, June, October",4,,9.99,0
Cavit Riesling 1.5L,086785212081,Wine,Price Change,1.5L,6,PALM BAY,Breakthru Beverage,15cs purchase in a month,ALL,8.858333333333333,53.15,84,20.99,12.96,0.3164866255144034,52,2026-10-01 00:00:00,,84,review,,9735468,53.15,8.858333333333333,14.99,14.990000000000004,12.960000000000006,0,ALL,84,0,-16.000000000000007,-16.000000000000007, ,"Breakthru Beverage Minnesota Wine & Spirits, LLC","April, August, December, February, June, October",1,Cavit 1.5L,14.99,0
Cavit Riesling 750ml,086785212067,Wine,Price Change,750ml,12,PALM BAY,Breakthru Beverage,15cs purchase in a month,ALL,6.095833333333334,73.15,112,13.99,8.96,0.3196614583333333,72,2026-10-01 00:00:00,,112,review,,9735744,73.15,6.095833333333334,9.99,,,,ALL,112,0,-16,-16, ,,,,,9.99,0
Roscato Bianco,086785212401,Wine,Price Change,750 ml,12,PALM BAY,Breakthru Beverage,12cs purchase in a month,ALL,8.762500000000001,105.15,136,16.99,12.96,0.3238811728395061,104,2026-10-01 00:00:00,,136,review,,9735896,105.15,8.762500000000001,14.99,14.990000000000004,12.960000000000006,0,All,136,0,-8,-8, ,"Breakthru Beverage Minnesota Wine & Spirits, LLC",,8,,14.99,0
Roscato Black Cherry,086785110790,Wine,Price Change,750 ml,12,PALM BAY,Breakthru Beverage,12cs purchase in a month,ALL,8.095833333333333,97.15,128,15.99,11.96,0.32309085841694546,96,2026-10-01 00:00:00,,128,review,,9735782,97.15,8.095833333333333,13.79,13.789999999999994,11.960000000000004,0,All,128,0,-8,-8, ,"Breakthru Beverage Minnesota Wine & Spirits, LLC",,8,,13.79,0
Roscato Blueberry,086785110820,Wine,Price Change,750 ml,12,PALM BAY,Breakthru Beverage,12cs purchase in a month,ALL,8.095833333333333,97.15,128,15.99,11.96,0.32309085841694546,96,2026-10-01 00:00:00,,128,review,,9735791,97.15,8.095833333333333,13.79,13.789999999999994,11.960000000000004,0,All,128,0,-8,-8, ,"Breakthru Beverage Minnesota Wine & Spirits, LLC",,7,,13.79,0
Roscato Peach,086785110745,Wine,Price Change,750 ml,12,PALM BAY,Breakthru Beverage,12cs purchase in a month,ALL,8.095833333333333,97.15,128,15.99,11.96,0.32309085841694546,96,2026-10-01 00:00:00,,128,review,,9735801,97.15,8.095833333333333,13.79,13.789999999999994,11.960000000000004,0,All,128,0,-8,-8, ,"Breakthru Beverage Minnesota Wine & Spirits, LLC",,6,,13.79,0
Roscato Rose Sweet Pink,086785212463,Wine,Price Change,750 ml,12,PALM BAY,Breakthru Beverage,12cs purchase in a month,ALL,8.762500000000001,105.15,136,16.99,12.96,0.3238811728395061,104,2026-10-01 00:00:00,,136,review,,9736000,105.15,8.762500000000001,14.99,14.990000000000004,12.960000000000006,0,All,136,0,-8,-8, ,"Breakthru Beverage Minnesota Wine & Spirits, LLC",,2,,14.99,0
Roscato Rosso Dolce Red,086785110738,Wine,Price Change,750 ml,12,PALM BAY,Breakthru Beverage,12cs purchase in a month,ALL,8.762500000000001,105.15,136,16.99,12.96,0.3238811728395061,104,2026-10-01 00:00:00,,136,review,,9736068,105.15,8.762500000000001,14.99,14.990000000000004,12.960000000000006,0,All,136,0,0,0, ,"Breakthru Beverage Minnesota Wine & Spirits, LLC",,16,,14.99,0
Roscato Tropical,086785110837,Wine,Price Change,750 ml,12,PALM BAY,Breakthru Beverage,12cs purchase in a month,ALL,8.095833333333333,97.15,128,15.99,11.96,0.32309085841694546,96,2026-10-01 00:00:00,,128,review,,9735806,97.15,8.095833333333333,13.79,13.789999999999994,11.960000000000004,0,All,128,0,-8,-8, ,"Breakthru Beverage Minnesota Wine & Spirits, LLC",,6,,13.79,0
Barefoot Apple Moscato 1.5L,085000029886,Wine,Buy Months Change,1.5L,6,Gallo,Johnson Brothers Liquor Co,2 FREE ON 22,"January, March, June, September, October",7.557916666666667,45.347500000000004,64,15.99,,0.527334792578695,48.27,2026-10-01 00:00:00,,52,,,1375572,45.347500000000004,7.557916666666667,,13.927500000000002,11.897500000000004,0,"January, March, June, September, October",64,0,0,0, ,Johnson Brothers - St. Paul,"January, March, June, September, October",12,Barefoot 1.5L,,0
Barefoot Blueberry Moscato 1.5L,085000031797,Wine,Buy Months Change,1.5L,6,Gallo,Johnson Brothers Liquor Co,2 FREE ON 22,"January, March, June, September, October",7.557916666666667,45.347500000000004,64,15.99,,0.527334792578695,48.27,2026-10-01 00:00:00,,52,,,1126612,45.347500000000004,7.557916666666667,,13.927500000000002,11.897500000000004,0,"January, March, June, September, October",64,0,0,0, ,Johnson Brothers - St. Paul,"January, March, June, September, October",4,Barefoot 1.5L,,0
Barefoot Butter Chard 1.5L,085000031933,Wine,Buy Months Change,1.5L,6,Gallo,Johnson Brothers Liquor Co,2 FREE ON 22,"January, March, June, September, October",7.557916666666667,45.347500000000004,64,15.99,,0.527334792578695,48.27,2026-10-01 00:00:00,,52,,,1819921,45.347500000000004,7.557916666666667,,12.990000000000002,10.960000000000004,0,"January, March, June, September, October",64,0,0,0, ,Johnson Brothers - St. Paul,"January, March, June, September, October",1,Barefoot 1.5L,,0
Barefoot Cab Sauv 1.5L,018341151015,Wine,Buy Months Change,1.5L,6,Gallo,Johnson Brothers Liquor Co,2 FREE ON 22,"January, March, June, September, October",7.557916666666667,45.347500000000004,64,15.99,,0.527334792578695,48.27,2026-10-01 00:00:00,,52,,,10767,45.347500000000004,7.557916666666667,,13.927500000000002,11.897500000000004,0,"January, March, June, September, October",64,0,0,0, ,Johnson Brothers - St. Paul,"January, March, June, September, October",16,Barefoot 1.5L,,467
Barefoot Chardonnay 1.5L,018341151053,Wine,Buy Months Change,1.5L,6,Gallo,Johnson Brothers Liquor Co,2 FREE ON 22,"January, March, June, September, October",7.557916666666667,45.347500000000004,64,15.99,,0.527334792578695,48.27,2026-10-01 00:00:00,,52,,,10768,45.347500000000004,7.557916666666667,,13.927500000000002,11.897500000000004,0,"January, March, June, September, October",64,0,0,0, ,Johnson Brothers - St. Paul,"January, March, June, September, October",15,Barefoot 1.5L,,135
Barefoot Lemonade Moscato 1.5L,085000036181,Wine,Buy Months Change,1.5L,6,Gallo,Johnson Brothers Liquor Co,2 FREE ON 22,"January, March, June, September, October",7.557916666666667,45.347500000000004,64,15.99,,0.527334792578695,48.27,2026-10-01 00:00:00,,52,,,1957749,45.347500000000004,7.557916666666667,,,,,"January, March, June, September, October",64,0,0,0, ,,,,,,0
Barefoot Mango Moscato 1.5L,085000032183,Wine,Buy Months Change,1.5L,6,Gallo,Johnson Brothers Liquor Co,2 FREE ON 22,"January, March, June, September, October",7.557916666666667,45.347500000000004,64,15.99,,0.527334792578695,48.27,2026-10-01 00:00:00,,52,,,1386474,45.347500000000004,7.557916666666667,,13.927500000000002,11.897500000000004,0,"January, March, June, September, October",64,0,0,0, ,Johnson Brothers - St. Paul,"January, March, June, September, October",4,Barefoot 1.5L,,0
Barefoot Merlot 1.5L,018341151107,Wine,Buy Months Change,1.5L,6,Gallo,Johnson Brothers Liquor Co,2 FREE ON 22,"January, March, June, September, October",7.557916666666667,45.347500000000004,64,15.99,,0.527334792578695,48.27,2026-10-01 00:00:00,,52,,,10770,45.347500000000004,7.557916666666667,,13.927500000000002,11.897500000000004,0,"January, March, June, September, October",64,0,0,0, ,Johnson Brothers - St. Paul,"January, March, June, September, October",15,Barefoot 1.5L,,452
Barefoot Moscato 1.5L,085000016671,Wine,Buy Months Change,1.5L,6,Gallo,Johnson Brothers Liquor Co,2 FREE ON 22,"January, March, June, September, October",7.557916666666667,45.347500000000004,64,15.99,,0.527334792578695,48.27,2026-10-01 00:00:00,,52,,,14339,45.347500000000004,7.557916666666667,,13.990000000000002,11.960000000000004,0,"January, March, June, September, October",64,0,0,0, ,Johnson Brothers - St. Paul,"January, March, June, September, October",16,Barefoot 1.5L,,62
Barefoot Peach Moscato 1.5L,085000029893,Wine,Buy Months Change,1.5L,6,Gallo,Johnson Brothers Liquor Co,2 FREE ON 22,"January, March, June, September, October",7.557916666666667,45.347500000000004,64,15.99,,0.527334792578695,48.27,2026-10-01 00:00:00,,52,,,1439636,45.347500000000004,7.557916666666667,,13.990000000000002,11.960000000000004,0,"January, March, June, September, October",64,0,0,0, ,Johnson Brothers - St. Paul,"January, March, June, September, October",16,Barefoot 1.5L,,488
Barefoot Pear Moscato 1.5L,085000037614,Wine,Buy Months Change,1.5L,6,Gallo,Johnson Brothers Liquor Co,2 FREE ON 22,"January, March, June, September, October",7.557916666666667,45.347500000000004,64,15.99,,0.527334792578695,48.27,2026-10-01 00:00:00,,52,,,1964920,45.347500000000004,7.557916666666667,,13.927500000000002,11.897500000000004,0,"January, March, June, September, October",64,0,0,0, ,Johnson Brothers - St. Paul,"January, March, June, September, October",5,Barefoot 1.5L,,0
Barefoot Pineapple Moscato 1.5L,085000033326,Wine,Buy Months Change,1.5L,6,Gallo,Johnson Brothers Liquor Co,2 FREE ON 22,"January, March, June, September, October",7.557916666666667,45.347500000000004,64,15.99,,0.527334792578695,48.27,2026-10-01 00:00:00,,52,,,1901621,45.347500000000004,7.557916666666667,,13.927500000000002,11.897500000000004,0,"January, March, June, September, October",64,0,0,0, ,Johnson Brothers - St. Paul,"January, March, June, September, October",4,Barefoot 1.5L,,0
Barefoot Pink Moscato 1.5L,085000020609,Wine,Buy Months Change,1.5L,6,Gallo,Johnson Brothers Liquor Co,2 FREE ON 22,"January, March, June, September, October",7.557916666666667,45.347500000000004,64,15.99,,0.527334792578695,48.27,2026-10-01 00:00:00,,52,,,20595,45.347500000000004,7.557916666666667,,13.990000000000002,11.960000000000004,0,"January, March, June, September, October",64,0,0,0, ,Johnson Brothers - St. Paul,"January, March, June, September, October",16,Barefoot 1.5L,,137
Barefoot Pinot Grigio 1.5L,085000014431,Wine,Buy Months Change,1.5L,6,Gallo,Johnson Brothers Liquor Co,2 FREE ON 22,"January, March, June, September, October",7.557916666666667,45.347500000000004,64,15.99,,0.527334792578695,48.27,2026-10-01 00:00:00,,52,,,11877,45.347500000000004,7.557916666666667,,13.990000000000002,11.960000000000004,0,"January, March, June, September, October",64,0,0,0, ,Johnson Brothers - St. Paul,"January, March, June, September, October",16,Barefoot 1.5L,,63
Barefoot Pinot Noir 1.5L,085000017364,Wine,Buy Months Change,1.5L,6,Gallo,Johnson Brothers Liquor Co,2 FREE ON 22,"January, March, June, September, October",7.557916666666667,45.347500000000004,64,15.99,,0.527334792578695,48.27,2026-10-01 00:00:00,,52,,,17079,45.347500000000004,7.557916666666667,,13.927500000000002,11.897500000000004,0,"January, March, June, September, October",64,0,0,0, ,Johnson Brothers - St. Paul,"January, March, June, September, October",1,Barefoot 1.5L,,603
Barefoot Red Moscato 1.5L,085000020289,Wine,Buy Months Change,1.5L,6,Gallo,Johnson Brothers Liquor Co,2 FREE ON 22,"January, March, June, September, October",7.557916666666667,45.347500000000004,64,15.99,,0.527334792578695,48.27,2026-10-01 00:00:00,,52,,,20167,45.347500000000004,7.557916666666667,,13.990000000000002,11.960000000000004,0,"January, March, June, September, October",64,0,0,0, ,Johnson Brothers - St. Paul,"January, March, June, September, October",16,Barefoot 1.5L,,396
Barefoot Rich Red Blend 1.5L,085000021132,Wine,Buy Months Change,1.5L,6,Gallo,Johnson Brothers Liquor Co,2 FREE ON 22,"January, March, June, September, October",7.557916666666667,45.347500000000004,64,15.99,,0.527334792578695,48.27,2026-10-01 00:00:00,,52,,,21554,45.347500000000004,7.557916666666667,,12.990000000000002,10.960000000000004,0,"January, March, June, September, October",64,0,0,0, ,Johnson Brothers - St. Paul,"January, March, June, September, October",0,Barefoot 1.5L,,0
Barefoot Riesling 1.5L,085000018132,Wine,Buy Months Change,1.5L,6,Gallo,Johnson Brothers Liquor Co,2 FREE ON 22,"January, March, June, September, October",7.557916666666667,45.347500000000004,64,15.99,,0.527334792578695,48.27,2026-10-01 00:00:00,,52,,,17078,45.347500000000004,7.557916666666667,,13.990000000000002,11.960000000000004,0,"January, March, June, September, October",64,0,0,0, ,Johnson Brothers - St. Paul,"January, March, June, September, October",15,Barefoot 1.5L,,221
Barefoot Rose 1.5L,085000026472,Wine,Buy Months Change,1.5L,6,Gallo,Johnson Brothers Liquor Co,2 FREE ON 22,"January, March, June, September, October",7.557916666666667,45.347500000000004,64,15.99,,0.527334792578695,48.27,2026-10-01 00:00:00,,52,,,1888981,45.347500000000004,7.557916666666667,,13.927500000000002,11.897500000000004,0,"January, March, June, September, October",64,0,0,0, ,Johnson Brothers - St. Paul,"January, March, June, September, October",1,Barefoot 1.5L,,0
Barefoot Sangria 1.5L,085000025062,Wine,Buy Months Change,1.5L,6,Gallo,Johnson Brothers Liquor Co,2 FREE ON 22,"January, March, June, September, October",7.557916666666667,45.347500000000004,64,15.99,,0.527334792578695,48.27,2026-10-01 00:00:00,,52,,,28354,45.347500000000004,7.557916666666667,,12.990000000000002,10.960000000000004,0,"January, March, June, September, October",64,0,0,0, ,Johnson Brothers - St. Paul,"January, March, June, September, October",0,Barefoot 1.5L,,0
Barefoot Sauv Blanc 1.5L,018341151022,Wine,Buy Months Change,1.5L,6,Gallo,Johnson Brothers Liquor Co,2 FREE ON 22,"January, March, June, September, October",7.557916666666667,45.347500000000004,64,15.99,,0.527334792578695,48.27,2026-10-01 00:00:00,,52,,,10771,45.347500000000004,7.557916666666667,,13.927500000000002,11.897500000000004,0,"January, March, June, September, October",64,0,0,0, ,Johnson Brothers - St. Paul,"January, March, June, September, October",16,Barefoot 1.5L,,204
Barefoot Strawberry Moscato 1.5L,085000029909,Wine,Buy Months Change,1.5L,6,Gallo,Johnson Brothers Liquor Co,2 FREE ON 22,"January, March, June, September, October",7.557916666666667,45.347500000000004,64,15.99,,0.527334792578695,48.27,2026-10-01 00:00:00,,52,,,1453245,45.347500000000004,7.557916666666667,,13.927500000000002,11.897500000000004,0,"January, March, June, September, October",64,0,0,0, ,Johnson Brothers - St. Paul,"January, March, June, September, October",15,Barefoot 1.5L,,750
Barefoot Sweet Red 1.5L,085000018682,Wine,Buy Months Change,1.5L,6,Gallo,Johnson Brothers Liquor Co,2 FREE ON 22,"January, March, June, September, October",7.557916666666667,45.347500000000004,64,15.99,,0.527334792578695,48.27,2026-10-01 00:00:00,,52,,,18171,45.347500000000004,7.557916666666667,,13.927500000000002,11.897500000000004,0,"January, March, June, September, October",64,0,0,0, ,Johnson Brothers - St. Paul,"January, March, June, September, October",16,Barefoot 1.5L,,385
Barefoot Watermelon Moscato 1.5L,085000029916,Wine,Buy Months Change,1.5L,6,Gallo,Johnson Brothers Liquor Co,2 FREE ON 22,"January, March, June, September, October",7.557916666666667,45.347500000000004,64,15.99,,0.527334792578695,48.27,2026-10-01 00:00:00,,52,,,1636266,45.347500000000004,7.557916666666667,,12.990000000000002,10.960000000000004,0,"January, March, June, September, October",64,0,0,0, ,Johnson Brothers - St. Paul,"January, March, June, September, October",2,Barefoot 1.5L,,0
Barefoot White Zin 1.5L,018341151060,Wine,Buy Months Change,1.5L,6,Gallo,Johnson Brothers Liquor Co,2 FREE ON 22,"January, March, June, September, October",7.557916666666667,45.347500000000004,64,15.99,,0.527334792578695,48.27,2026-10-01 00:00:00,,52,,,10774,45.347500000000004,7.557916666666667,,13.927500000000002,11.897500000000004,0,"January, March, June, September, October",64,0,0,0, ,Johnson Brothers - St. Paul,"January, March, June, September, October",14,Barefoot 1.5L,,538
Deep Down Sauvignon Blanc 750ml,9421905788007,Wine,New Item,750ml,12,,New France Wine,,All,18.208333333333332,218.5,224,27.99,27.96,0.34877205531711974,216,,bloomington wine seminar oct 7,216,,,DeepDown,218.5,18.208333333333332,33.49,33.49,27.959999999999994,0,All,224,0,0,0, ,"New France Wine Co, Inc",,0,,33.49,0
Perrini Negromaro 750ml,8032662930191,Wine,New Item,750ml,12,,New France Wine,,All,11.541666666666666,138.5,144,17.99,17.96,0.3573682256867113,136,,bloomington wine seminar oct 7,136,,,PerriniNegromaro,138.5,11.541666666666666,20.99,20.990000000000002,17.960000000000004,0,All,144,0,0,0, ,"New France Wine Co, Inc",,0,,20.99,0
Pingus PSI 750ml,8437019818784,Wine,New Item,750ml,12,,New France Wine,,All,30.875,370.5,384,47.99,47.96,0.35623436196830693,368,,bloomington wine seminar oct 7,368,,,PingusPSI,370.5,30.875,57.99,57.99,47.96000000000001,0,All,384,0,0,0, ,"New France Wine Co, Inc",,0,,57.99,0
Duckhorn Oakville Cabernet 50th Anniversary,669576018842,Wine,New Item,750ml,6,DUCKHORN VINEYARDS,Breakthru Beverage,12cs purchase in a month,ALL,53.525,321.15,328,69.99,69.96,0.23491995425957685,320,,,,,,9784307,321.15,53.525,83.99,,,,,,,,,,,,,,83.99,
Cristalino Brut Cava 750ml,745639550006,Wine,New Item,750 ml,12,CIV usa,Paustis Wine Company,1 on 10,All,6.75,81,103,12.99,10.96,0.38412408759124095,88,1 cristalino on 8 or 1 cristalino and 1 opera prima on 12,holiday book,88,,,13643,81,6.75,12.49,12.490000000000002,10.960000000000004,0,All,103,0,0,0, ,Paustis Wine,,0,,12.49,0
Opera Prima Mimosa 750ml,017619025065,Wine,New Item,750ml,12,CIV,Paustis Wine Company,,All,5.416666666666667,65,72,8.99,8.96,0.39546130952380953,64,1 cristalino on 8 or 1 cristalino and 1 opera prima on 12,holiday book,64,,,1984,65,5.416666666666667,9.99,9.99,8.960000000000004,0,All,72,0,0,0, ,Paustis Wine,,0,,9.99,0
Opera Prima Bellini 750ml,017619025072,Wine,New Item,750ml,12,CIV,Paustis Wine Company,,All,5.416666666666667,65,72,8.99,8.96,0.39546130952380953,64,1 cristalino on 8 or 1 cristalino and 1 opera prima on 12,holiday book,64,,,2710,65,5.416666666666667,9.99,9.99,8.960000000000004,0,All,72,0,0,0, ,Paustis Wine,,0,,9.99,0
Opera Prima Paloma 750ml,017619026093,Wine,New Item,750ml,12,CIV,Paustis Wine Company,,All,5.416666666666667,65,72,8.99,8.96,0.39546130952380953,64,1 cristalino on 8 or 1 cristalino and 1 opera prima on 12,holiday book,64,,,1477,65,5.416666666666667,9.99,9.99,8.960000000000004,0,All,72,0,0,0, ,Paustis Wine,,0,,9.99,0
Opera Prima Brut 750ml,017619025102,Wine,New Item,750ml,12,CIV,Paustis Wine Company,,All,5.416666666666667,65,72,8.99,8.96,0.39546130952380953,64,1 cristalino on 8 or 1 cristalino and 1 opera prima on 12,holiday book,64,,,14336,65,5.416666666666667,9.99,9.99,8.960000000000004,0,All,72,0,0,0, ,Paustis Wine,,0,,9.99,0
Opici Bianco Fish Bottle 750ml,080175583751,Wine,New Item,750ml,12,Opici,Paustis Wine Company,,All,9.083333333333334,109,120,14.99,14.96,0.392825311942959,108,1 kris pg on 10 or 2 kris pg on 15,holiday book,108,,,1875,109,9.083333333333334,17.49,17.490000000000002,14.960000000000006,0,All,120,0,0,0, ,Paustis Wine,,0,,17.49,0
Brilla Prosecco 750ml,8008863060379,Wine,New Item,750ml,12,WinesU,Paustis Wine Company,3 on 15,All,9.527777777777777,114.33333333333333,144,17.99,14.96,0.3631164587046941,136,free good can be pg or red 7 on 20,holiday book,128,,,2994,114.33333333333333,9.527777777777777,17.49,17.490000000000002,14.960000000000006,0,All,144,0,0,0, ,Paustis Wine,,16,,17.49,0
Prati by Louis Martini Cabernet Sauvignon 750ml,085000011638,Wine,Price Change,750 ml,12,Gallo,Johnson Brothers Liquor Co,DEEP NET $136 ALL,ALL,11.424999999999999,137.1,160,19.99,15.96,0.2841478696741856,136,,,136,review,,1619997,137.1,11.424999999999999,18.99,18.990000000000002,15.960000000000006,0,ALL,160,0,0,0, ,Johnson Brothers - St. Paul,"May, July, October",16,Prati by Louis Martini Cabernet Sauvignon 750ml,18.99,0
Prati by Louis Martini Cabernet Sauvignon 750ml,085000011638,Wine,Price Change,750 ml,12,Gallo,Johnson Brothers Liquor Co,DEEP NET $128,October,10.758333333333333,129.1,160,19.99,15.96,0.3259189640768589,128,,,136,review,,1619997,129.1,10.758333333333333,18.99,18.990000000000002,15.960000000000006,0,ALL,160,0,-8,-8, ,Johnson Brothers - St. Paul,"May, July, October",16,Prati by Louis Martini Cabernet Sauvignon 750ml,18.99,0
Barefoot Malbec 1.5L,085000021576,Wine,Disco,1.5L,6,Gallo,Johnson Brothers Liquor Co,2 FREE ON 22,"January, March, June, September",7.557916666666667,45.347500000000004,64,15.99,disco,0,48.27,,,52,,,22632,45.347500000000004,7.557916666666667,disco,12.990000000000002,8.86,0,,,,,,,Johnson Brothers - St. Paul,"January, March, June, September, October",0,Barefoot 1.5L,,
Barefoot Malbec 1.5L,085000021576,Wine,Disco,1.5L,6,Gallo,Johnson Brothers Liquor Co,1 on 13,All,8.230952380952381,49.385714285714286,64,15.99,disco,0,52,,,52,,,22632,49.385714285714286,8.230952380952381,disco,12.990000000000002,8.86,0,,,,,,,Johnson Brothers - St. Paul,"January, March, June, September, October",0,Barefoot 1.5L,,
Conundrum Red,017224760122,Wine,Price Change,750 ml,12,Wagner,Oxford Street Merchants,1 free Conundrum Red on solid 4 cases of Conundrum Red,ALL,12.625,151.5,207,25.99,,0.5142362447095036,188,2026-10-01 00:00:00,, ,review,,27199,151.5,12.625,,20.990000000000002,17.960000000000004,0,ALL,207,0,-19.599999999999994,-19.599999999999994, ,Oxford Street Merchants,,15,Wagner,,106
Freemark Abbey Napa Cabernet,015917026968,Wine,Price Change,750 ml,6,Jackson family,Oxford Street Merchants,1 btl on a Case - which nets to $30 a bottle,all,32.59074074074074,195.54444444444445,210,52.99,,0.38496431891412075,210,2026-10-01 00:00:00,, ,review,,1290550,195.54444444444445,32.59074074074074,,55.99,46.96000000000001,0,all,270,-60,-30.555555555555543,-30.555555555555543, ,Oxford Street Merchants,,3,,,0
La Gioiosa Prosecco DOC ,850651005110,Wine,Price Change,750 ml,12,Ethica,Oxford Street Merchants,1 free DOC Prosecco on 5 cs M/M with La Gioiosa Prosecco Asolo DOCG,all,8.424999999999999,101.1,160,19.99,,0.5785392696348174,120,2026-10-01 00:00:00,, ,review,,1428062,101.1,8.424999999999999,,18.240000000000002,16.210000000000004,0,all,160,0,-13.333333333333329,-13.333333333333329, ,Oxford Street Merchants,,1,La Gioiosa 750ml,,0
Rombauer Chardonnay,097921970109,Wine,Price Change,750 ml,12,Rombauer,Oxford Street Merchants,4 free Pine Ridge Chenin Blanc on 10 cases M/M ,All,28.43466666666667,341.216,384,47.99,,0.4074876710425783,384,2026-10-01 00:00:00,, ,review,,1752747,341.216,28.43466666666667,,44.99,37.7725,0,All,384,0,-21.339,-21.339, ,Oxford Street Merchants,,16,Rombauer 750ml,,0
Veuve Ambal Cremant De Bourgogne Brut,3299641100010,Wine,New Item,750ml,12,Prestige,Oxfordstreet Merchants,Distribution 3 bttls of Risata MDA on 1 case,ALL,13.424999999999999,161.1,160,19.99,,0.3284142071035518,160,,,,,,1064134,161.1,13.424999999999999,,,,,,,,,,,,,,,,
San Marzano Primativo,811018030299,Wine,New Item,750ml,12,Ethica,Oxfordstreet Merchants,M/M 5 cases receive 1 case Primitivo NC,ALL,6.758333333333333,81.1,112,13.99,,0.5169168453657375,96,,,,,,1961637,81.1,6.758333333333333,,,,,,,,,,,,,,,,
San Marzano Negroamaro,811018030305,WINE,New Item,750ml,12,Ethica,Oxfordstreet Merchants,M/M 5 cases receive 1 case Primitivo NC,ALL,6.758333333333333,81.1,112,13.99,,0.5169168453657375,96,,,,,,1307633,81.1,6.758333333333333,,,,,,,,,,,,,,,,
Ricasoli Antico Rosso Toscana,618109287514,Wine,New Item,750ml,12,Ethica,Oxfordstreet Merchants,1 free on 5 cases,ALL,8.424999999999999,101.1,136,16.99,,0.5041200706297823,120,,,,,,1388551,101.1,8.424999999999999,,,,,,,,,,,,,,,,
La Gioiosa Prosecco Asolo DOCG,850651005578,Wine,New Item,750ml,12,Ethica,Oxfordstreet Merchants,1 free La Gioiosa DOC Prosecco on 5 cases M/M,ALL,10.424999999999999,125.1,176,21.99,,0.5259208731241474,144,,,,,,1873442,125.1,10.424999999999999,,,,,,,,,,,,,,,,
Stoneleigh Sauvignon Blanc,082242017053,Wine,New Item,750ml,6,Delicato,Johnson Brothers Liquor Co,6btl free on 5 cases ,Add to top wine stores,19.577272727272724,117.46363636363635,152,37.99,,0.4846730000717893,128,,,128,,,1288410,117.46363636363635,19.577272727272724,,,,,All,152,0,-3.6363636363636402,-3.6363636363636402, ,,,,,,0
Matanzas Sonoma Sauv Blanc,728759222107,Wine,New Item,750ml,12,Jackson Family ,Johnson Brothers Liquor Co,Matanzas Sonoma Sauv Blanc,Add to select stores ,11.520238095238094,138.24285714285713,176,21.99,,0.47611468416379743,160,,,,,,1631994,138.24285714285713,11.520238095238094,,18.990000000000002,15.960000000000006,0,All,160,16,9.142857142857139,9.142857142857139,001631994,Johnson Brothers - St. Paul,,0,,,0
Joel Gott Cab Sauvignon,188985000137,Wine,,750 ml,15,Trinchero,Phillips Wine & Spirits,20 cases get 2 Cab Sauv N/C,ALL,8.594545454545454,128.9181818181818,180,17.99,14.96,0.42549829849295095,140.6,,15 case qty, ,,,000016456,128.9181818181818,8.594545454545454,,17.990000000000002,14.960000000000006,0,ALL,180,0,0,0, ,Phillips Wine & Spirits - St. Paul,,16,Joel Gott 750ml,17.49,34
Joel Gott Sauv Blanc,188985000113,Wine,,750 ml,15,Trinchero,Phillips Wine & Spirits,20 cases get 2 Cab Sauv N/C,ALL,6.387866666666667,95.818,180,17.99,11.96,0.46589743589743593,107.5,,15 case qty, ,,,000016453,95.818,6.387866666666667,,13.990000000000002,11.960000000000004,0,ALL,180,0,0,0, ,Phillips Wine & Spirits - St. Paul,,16,Joel Gott 750ml,13.79,79
LUC BELAIRE BLEU ED LTD,813497007809,Wine,Distributor Change,750 ml,6,SOVEREIGN BRANDS LLC,Southern Wine & Spirits, ,ALL,18.323333333333334,109.94,134.34,33.99,,0.46091987839560655,109.14,,,117.54,,,513530,109.94,18.323333333333334,,33.20875,28.082499999999996,0,,,,,,,,,1,,,
LUC BELAIRE BRUT GOLD,813497007038,Wine,Distributor Change,750 ml,6,SOVEREIGN BRANDS LLC,Southern Wine & Spirits, ,ALL,18.323333333333334,109.94,134.34,33.99,,0.46091987839560655,109.14,,,117.54,,,478070,109.94,18.323333333333334,,34.99,0,0,,,,,,,,,0,,,
LUC BELAIRE RARE LUXE,813497005010,Wine,Distributor Change,750 ml,6,SOVEREIGN BRANDS LLC,Southern Wine & Spirits, ,ALL,18.323333333333334,109.94,134.34,33.99,,0.46091987839560655,109.14,,,117.54,,,417749,109.94,18.323333333333334,,34.45875,12.544375,0,,,,,,,,,0,,,
LUC BELAIRE LUXE ROSE,813497004310,Wine,Distributor Change,750 ml,6,,Southern Wine & Spirits, ,ALL,18.323333333333334,109.94,134.34,33.99,,0.46091987839560655,109.14,,,117.54,,,918037,109.94,18.323333333333334,,34.365,1.309375,0,,,,,,,,,0,,,
LUC BELAIRE RARE ROSE SPARKLING,813497005904,Wine,Distributor Change,750 ml,6,,Southern Wine & Spirits, ,ALL,18.323333333333334,109.94,134.34,33.99,,0.46091987839560655,109.14,,,117.54,,,323966,109.94,18.323333333333334,,34.3025,1.246875,0,,,,,,,,,0,,,
