Item,Category,Supplier,Chain OH,Wk Velocity,WOS,Cost,Retail,Club Price,Margin %,Deal,30D Units,90D Units,By Store OH
Kim Crawford Sauvignon Blanc 750ml,Sauvignon Blanc,Southern Glazer's Wine & Spirits of MN,1393,323.2,4.3,10.77,14.99,12.96,28,,1302,4531,Minneapolis:18;Ramsey:19;Bloomington:23;Cottage Grove:27;Osseo:45;Vadnais Heights:47;Minnetonka:56;Woodbury:76;Stillwater:88;Rosemount:89;Plymouth:112;Blaine:126;St. Louis Park:131;Andover:146;Roseville:160;Chanhassen:230
90+ Cellars DOC Prosecco Lot 50 750ml,Sparkling,Bellboy Corporation,3093,224.1,13.8,6.86,16.99,12.96,60,,985,2772,Minnetonka:66;Osseo:69;Chanhassen:79;Vadnais Heights:97;Cottage Grove:100;Stillwater:120;Bloomington:134;Ramsey:138;Andover:140;Woodbury:232;Rosemount:246;St. Louis Park:247;Plymouth:261;Roseville:301;Blaine:324;Minneapolis:539
The Horologist Sauvignon Blanc NZ 750ml,Sauvignon Blanc,Rue 38 LLC,1544,218.5,7.1,7.62,17.49,14.96,56,,959,2707,Ramsey:39;Rosemount:64;Cottage Grove:68;Bloomington:69;Stillwater:74;Vadnais Heights:76;Woodbury:85;Minneapolis:92;Andover:98;St. Louis Park:99;Osseo:104;Minnetonka:115;Plymouth:121;Roseville:133;Chanhassen:147;Blaine:160
LaMarca Prosecco 750ml,Sparkling,Johnson Brothers - St. Paul,1356,218.2,6.2,11.82,17.49,14.96,32,,946,2757,Osseo:9;Ramsey:23;Bloomington:25;Blaine:50;Stillwater:51;Vadnais Heights:54;Rosemount:64;Andover:69;Plymouth:81;Roseville:86;Cottage Grove:106;Chanhassen:111;Woodbury:113;St. Louis Park:205;Minneapolis:312
Whitehaven Sauv Blanc 750ml,Sauvignon Blanc,Johnson Brothers - St. Paul,1098,181.4,6.1,12.09,19.99,16.96,40,,758,2421,Ramsey:11;Osseo:12;Minneapolis:13;Bloomington:17;Cottage Grove:33;Roseville:33;Blaine:38;Rosemount:45;Vadnais Heights:48;Andover:66;Woodbury:82;Stillwater:83;Plymouth:110;Chanhassen:133;Minnetonka:158;St. Louis Park:216
Josh Cellars Cabernet Sauvignon 750ml,Cabernet,Johnson Brothers - St. Paul,510,148.0,3.4,8.18,13.99,11.96,42,Buy 11 Josh (all flavors and sizes) and receive 3 free Josh Cabernet (#859252),665,1766,Roseville:4;Bloomington:12;Stillwater:16;Minnetonka:21;Woodbury:24;Osseo:25;Plymouth:26;Vadnais Heights:27;Rosemount:29;St. Louis Park:36;Minneapolis:36;Cottage Grove:46;Chanhassen:56;Andover:70;Blaine:82
Black Box Pinot Grigio 3L Box,Pinot Grigio/Gris,Johnson Brothers - St. Paul,366,121.0,3.0,12.84,19.99,16.96,36,,529,1508,Minnetonka:6;Minneapolis:7;Osseo:12;Ramsey:15;Vadnais Heights:15;Rosemount:15;Woodbury:15;Roseville:16;Stillwater:20;Bloomington:23;Cottage Grove:26;Chanhassen:29;Plymouth:37;Andover:38;Blaine:43;St. Louis Park:49
90+ Cellars DOC Prosecco Lot 50 (single) 187ml,Sparkling,Bellboy Corporation,0,120.6,0.0,2.71,5.99,4.96,55,,607,1146,
Terre di Mario Red 750ml,Other Reds,Paustis Wine,1187,107.1,11.1,6.24,15.99,12.96,61,,522,1092,Stillwater:7;Ramsey:26;Cottage Grove:27;Minnetonka:31;Vadnais Heights:33;Andover:38;Rosemount:53;St. Louis Park:72;Minneapolis:74;Woodbury:75;Chanhassen:79;Osseo:86;Roseville:92;Plymouth:99;Bloomington:103;Blaine:292
K J Vintner's Chardonnay 750ml,Chardonnay,Phillips Wine & Spirits - St. Paul,1071,106.8,10.0,9.64,14.99,12.96,36,5 Vintner's Chard on 100+8cs VR SB,447,1420,Vadnais Heights:20;Plymouth:30;Osseo:34;Minnetonka:36;Bloomington:44;Cottage Grove:48;Minneapolis:52;Stillwater:54;Rosemount:57;Chanhassen:66;Woodbury:71;Blaine:76;Ramsey:95;Andover:109;Roseville:113;St. Louis Park:166
Papi Pinot Grigio 750ml,Pinot Grigio/Gris,Paustis Wine,564,104.7,5.4,4.49,11.49,9.96,61,,463,1282,Plymouth:4;Minnetonka:7;Rosemount:7;Vadnais Heights:12;Stillwater:14;Woodbury:16;Osseo:18;Chanhassen:20;Cottage Grove:22;Roseville:36;Bloomington:40;Ramsey:53;St. Louis Park:58;Minneapolis:64;Andover:65;Blaine:128
Black Box Chardonnay 3L Box,Chardonnay,Johnson Brothers - St. Paul,309,97.8,3.2,12.84,19.99,16.96,36,,424,1235,Minneapolis:3;Ramsey:6;Woodbury:9;Minnetonka:10;Osseo:13;Roseville:13;Stillwater:17;Cottage Grove:18;Vadnais Heights:19;St. Louis Park:22;Bloomington:23;Rosemount:24;Plymouth:26;Andover:28;Chanhassen:38;Blaine:40
Black Box Cab Sauv 3L Box,Cabernet,Johnson Brothers - St. Paul,266,95.5,2.8,12.84,19.99,16.96,36,,437,1103,Bloomington:3;Minnetonka:7;Ramsey:8;Minneapolis:14;Roseville:14;Vadnais Heights:14;Stillwater:14;Osseo:16;Chanhassen:16;Woodbury:17;Cottage Grove:20;Rosemount:20;Plymouth:22;St. Louis Park:23;Andover:28;Blaine:30
90+ Cellars Rose 750ml,Rose,Bellboy Corporation,868,95.0,9.1,6.7,15.99,12.96,58,,367,1402,Cottage Grove:15;Ramsey:15;Osseo:19;Andover:19;Minnetonka:24;Stillwater:24;Rosemount:26;Vadnais Heights:29;Minneapolis:39;Woodbury:44;Blaine:50;Chanhassen:83;Plymouth:86;Roseville:112;Bloomington:131;St. Louis Park:152
90+ Cellars Sauvignon Blanc Marlborough 750ml,Sauvignon Blanc,Bellboy Corporation,873,92.5,9.4,6.57,15.99,12.96,59,,381,1259,Stillwater:5;Osseo:14;Minnetonka:16;Vadnais Heights:18;Plymouth:22;Cottage Grove:27;Rosemount:27;Ramsey:35;Woodbury:37;Andover:37;Bloomington:54;Minneapolis:60;Roseville:105;Blaine:115;St. Louis Park:136;Chanhassen:165
Black Box Sauvignon Blanc 3L Box,Sauvignon Blanc,Johnson Brothers - St. Paul,265,89.5,3.0,12.84,19.99,16.96,36,,387,1134,Bloomington:5;Minnetonka:5;Ramsey:6;Osseo:9;Cottage Grove:11;Stillwater:12;Minneapolis:13;Woodbury:14;Vadnais Heights:16;Plymouth:17;Roseville:19;Rosemount:24;Chanhassen:26;Andover:27;Blaine:27;St. Louis Park:34
Apothic Red 750ml,Red Blends,Johnson Brothers - St. Paul,324,80.7,4.0,6.76,9.99,8.96,32,,374,910,Ramsey:4;Minneapolis:8;Roseville:9;Woodbury:10;Plymouth:12;Stillwater:12;Vadnais Heights:13;St. Louis Park:15;Osseo:16;Chanhassen:18;Andover:19;Minnetonka:20;Blaine:21;Bloomington:23;Rosemount:45;Cottage Grove:79
90+ Cellars Vinho Verde 750ml,Other Whites,Bellboy Corporation,844,80.6,10.5,5.42,12.99,10.96,58,,329,1111,Stillwater:7;Osseo:11;Ramsey:18;Cottage Grove:23;Rosemount:30;Blaine:34;Minnetonka:36;Plymouth:48;Woodbury:51;Minneapolis:58;St. Louis Park:61;Vadnais Heights:62;Andover:65;Chanhassen:83;Roseville:103;Bloomington:154
Papi Cabernet Sauvignon 750ml,Cabernet,Paustis Wine,445,78.2,5.7,4.49,11.49,9.96,61,,370,850,Ramsey:4;Osseo:13;Stillwater:13;Vadnais Heights:15;Rosemount:17;Chanhassen:19;Roseville:21;Plymouth:22;Minnetonka:23;Bloomington:28;Andover:29;Minneapolis:39;Cottage Grove:40;Woodbury:43;Blaine:119
Josh Cellars Chardonnay 750ml,Chardonnay,Johnson Brothers - St. Paul,314,78.0,4.0,6.2,11.99,9.96,48,Buy 11 Josh (all flavors and sizes) and receive 3 free Josh Cabernet (#859252),301,1153,Bloomington:8;Stillwater:10;Minnetonka:12;Osseo:12;Minneapolis:13;Rosemount:14;Cottage Grove:14;Vadnais Heights:15;Woodbury:16;Ramsey:17;Blaine:18;Andover:24;Plymouth:25;Chanhassen:26;St. Louis Park:36;Roseville:54
Papi Sauvignon Blanc 750ml,Sauvignon Blanc,Paustis Wine,390,77.8,5.0,4.49,11.49,9.96,61,,328,1025,Vadnais Heights:4;Rosemount:4;Bloomington:5;Ramsey:6;Roseville:10;Osseo:11;Stillwater:11;Andover:11;Chanhassen:16;Minnetonka:17;Woodbury:17;Plymouth:23;St. Louis Park:52;Minneapolis:78;Blaine:125
Bota Box Sauvignon Blanc 3L Box,Sauvignon Blanc,Phillips Wine & Spirits - St. Paul,178,77.7,2.3,13.4,19.99,17.96,33,,332,1003,Bloomington:1;Osseo:2;Ramsey:6;Cottage Grove:7;Rosemount:8;Minnetonka:9;Roseville:9;Stillwater:11;Vadnais Heights:11;Plymouth:13;Minneapolis:13;Chanhassen:13;Andover:16;Woodbury:16;St. Louis Park:20;Blaine:23
Meiomi Pinot Noir 750ml,Pinot Noir,Southern Glazer's Wine & Spirits of MN,991,74.1,13.4,12.01,18.99,15.96,37,,333,883,Osseo:16;Minnetonka:24;Bloomington:27;Ramsey:28;Minneapolis:28;Chanhassen:36;Vadnais Heights:49;Roseville:52;Andover:62;Blaine:64;Plymouth:68;Stillwater:75;St. Louis Park:93;Woodbury:182;Rosemount:187
Matua Valley Sauv Blanc 750ml,Sauvignon Blanc,"Breakthru Beverage Minnesota Wine & Spirits, LLC",427,69.3,6.2,8.1,13.79,11.96,41,,295,899,Bloomington:3;Osseo:6;Ramsey:8;Minnetonka:10;Vadnais Heights:16;Woodbury:16;Cottage Grove:20;Minneapolis:22;Chanhassen:23;Stillwater:24;Rosemount:26;Blaine:27;Plymouth:40;Roseville:59;Andover:60;St. Louis Park:67
Underwood Bubbles 355ml,Sparkling,Oxford Street Merchants,187,66.8,2.8,3.98,6.49,5.96,39,,290,843,Ramsey:1;Andover:4;Osseo:6;Minneapolis:6;Woodbury:10;Chanhassen:10;Cottage Grove:11;Rosemount:11;Blaine:13;Vadnais Heights:13;Bloomington:13;Minnetonka:15;St. Louis Park:19;Roseville:27;Plymouth:31
Papi Pinot Noir 750ml,Pinot Noir,Paustis Wine,461,66.2,7.0,4.49,11.49,9.96,61,,307,747,Vadnais Heights:2;Rosemount:4;Stillwater:11;Woodbury:12;Ramsey:15;Chanhassen:18;Osseo:18;Cottage Grove:18;Minnetonka:21;Plymouth:24;Minneapolis:25;Andover:26;Roseville:28;St. Louis Park:42;Bloomington:70;Blaine:127
Il Valore Pinot Grigio 750ml,Pinot Grigio/Gris,Rue 38 LLC,515,65.1,7.9,7.21,15.99,13.96,55,,238,1020,Minnetonka:8;Bloomington:13;Stillwater:17;Rosemount:23;Chanhassen:23;Ramsey:25;Roseville:27;Cottage Grove:31;Vadnais Heights:32;Osseo:37;Plymouth:38;Andover:43;Minneapolis:44;St. Louis Park:45;Woodbury:47;Blaine:62
Papi Sweet Red 750ml,Flavored,Paustis Wine,241,64.2,3.8,4.49,11.49,9.96,61,,302,703,Cottage Grove:4;Roseville:5;Rosemount:6;Woodbury:7;St. Louis Park:8;Bloomington:10;Minnetonka:14;Stillwater:16;Chanhassen:17;Vadnais Heights:21;Plymouth:23;Ramsey:38;Blaine:72
Josh Cellars Sauvignon Blanc 750ml,Sauvignon Blanc,Johnson Brothers - St. Paul,176,63.3,2.8,6.2,13.99,11.96,56,Buy 11 Josh (all flavors and sizes) and receive 3 free Josh Cabernet (#859252),265,842,Ramsey:1;Minnetonka:4;Roseville:4;Bloomington:6;Minneapolis:8;Osseo:12;Blaine:12;Rosemount:12;Cottage Grove:13;Vadnais Heights:14;Andover:14;Stillwater:14;Woodbury:15;Chanhassen:15;St. Louis Park:16;Plymouth:16
One Flock Red Blend 750ml,Red Blends,Paustis Wine,563,62.2,9.1,6.57,17.49,14.96,62,,296,666,Stillwater:12;Chanhassen:17;Minnetonka:18;Andover:18;Cottage Grove:19;Osseo:20;Plymouth:21;Vadnais Heights:25;Bloomington:25;Rosemount:27;Woodbury:27;St. Louis Park:38;Roseville:43;Minneapolis:50;Ramsey:60;Blaine:143
90+ Cellars Pinot Noir California 750ml,Pinot Noir,Bellboy Corporation,707,61.6,11.5,6.58,15.99,12.96,59,,270,764,Ramsey:10;Stillwater:20;Minneapolis:22;Rosemount:25;Blaine:28;Woodbury:29;Minnetonka:30;Vadnais Heights:31;Osseo:31;St. Louis Park:49;Andover:51;Plymouth:66;Cottage Grove:75;Bloomington:77;Roseville:81;Chanhassen:82
Josh Cellars Pinot Grigio 750ml,Pinot Grigio/Gris,Johnson Brothers - St. Paul,186,60.1,3.1,6.2,11.99,9.96,48,Buy 11 Josh (all flavors and sizes) and receive 3 free Josh Cabernet (#859252),246,825,Bloomington:2;Vadnais Heights:3;Osseo:6;Chanhassen:7;Minnetonka:8;Cottage Grove:8;Roseville:9;Woodbury:10;Minneapolis:10;Plymouth:12;St. Louis Park:12;Stillwater:16;Blaine:18;Ramsey:19;Rosemount:20;Andover:26
Barefoot Pink Moscato 1.5L,Flavored,Johnson Brothers - St. Paul,121,59.7,2.0,7.56,13.99,11.96,46,2 FREE ON 22,300,568,St. Louis Park:1;Vadnais Heights:2;Chanhassen:3;Minnetonka:3;Roseville:3;Cottage Grove:3;Plymouth:4;Rosemount:4;Osseo:5;Ramsey:6;Stillwater:8;Minneapolis:79
Yes Way Rose 750ml,Rose,Johnson Brothers - St. Paul,256,58.7,4.4,7.85,13.99,12.96,44,,218,907,Cottage Grove:8;Blaine:9;Vadnais Heights:9;Bloomington:9;Minnetonka:11;Plymouth:11;Woodbury:12;Roseville:12;Ramsey:14;Minneapolis:16;Andover:18;Rosemount:19;Stillwater:19;Chanhassen:23;Osseo:30;St. Louis Park:36
La Vieille Ferme Rose 750ml,Rose,The Wine Company,207,58.2,3.6,6.97,13.99,12.96,50,,210,926,Minnetonka:2;Minneapolis:4;Cottage Grove:5;Osseo:6;Rosemount:7;Bloomington:8;Plymouth:9;Woodbury:10;Chanhassen:11;Blaine:13;Andover:13;Ramsey:14;Roseville:18;Stillwater:20;Vadnais Heights:22;St. Louis Park:45
Barefoot Moscato 1.5L,Moscato,Johnson Brothers - St. Paul,113,55.6,2.0,7.56,13.99,11.96,46,2 FREE ON 22,269,577,Rosemount:1;Chanhassen:1;Woodbury:1;Ramsey:1;Minnetonka:2;Roseville:2;Osseo:4;Andover:5;Plymouth:5;Bloomington:5;Vadnais Heights:8;St. Louis Park:9;Stillwater:16;Cottage Grove:26;Minneapolis:27
Papi Red Blend 750ml,Red Blends,Paustis Wine,318,55.3,5.8,4.49,11.49,9.96,61,,254,634,Woodbury:3;Ramsey:7;St. Louis Park:11;Rosemount:15;Stillwater:16;Roseville:16;Osseo:17;Cottage Grove:17;Minneapolis:18;Vadnais Heights:21;Minnetonka:22;Bloomington:22;Plymouth:25;Andover:28;Blaine:80
Woodbridge Chardonnay 1.5L,Chardonnay,Southern Glazer's Wine & Spirits of MN,372,54.8,6.8,7.2,12.99,10.96,45,,242,672,Minneapolis:4;Ramsey:4;Minnetonka:4;Roseville:9;Plymouth:9;Stillwater:10;Bloomington:10;Vadnais Heights:12;Woodbury:13;Osseo:13;Andover:21;Rosemount:22;Cottage Grove:24;Blaine:54;St. Louis Park:75;Chanhassen:88
Risata Moscato d'Asti 750ml,Moscato,Oxford Street Merchants,237,53.9,4.4,7.97,13.99,12.96,43,,242,643,St. Louis Park:6;Plymouth:7;Ramsey:7;Minnetonka:10;Bloomington:10;Osseo:10;Vadnais Heights:13;Stillwater:14;Rosemount:14;Chanhassen:15;Roseville:16;Cottage Grove:17;Andover:20;Woodbury:21;Blaine:27;Minneapolis:30
Black Box Chardonnay 500ml,Chardonnay,Johnson Brothers - St. Paul,172,52.8,3.3,3.43,5.49,4.96,38,,225,686,Rosemount:1;Andover:3;Roseville:4;St. Louis Park:5;Minnetonka:6;Osseo:7;Blaine:9;Bloomington:11;Vadnais Heights:12;Plymouth:12;Chanhassen:13;Stillwater:13;Minneapolis:14;Woodbury:16;Ramsey:19;Cottage Grove:27
Bota Box Pinot Grigio 3L Box,Pinot Grigio/Gris,Phillips Wine & Spirits - St. Paul,151,52.5,2.9,13.4,19.99,17.96,33,,207,756,Minnetonka:2;Woodbury:5;Bloomington:6;Cottage Grove:6;Osseo:6;Blaine:6;Stillwater:9;Ramsey:9;Vadnais Heights:9;Rosemount:10;Roseville:11;Minneapolis:11;St. Louis Park:11;Plymouth:15;Chanhassen:17;Andover:18
Papi Moscato 750ml,Moscato,Paustis Wine,131,52.4,2.5,4.49,11.49,9.96,61,,253,546,Osseo:1;Minnetonka:2;Bloomington:2;Vadnais Heights:3;Woodbury:5;Cottage Grove:6;Rosemount:9;Stillwater:9;Ramsey:9;St. Louis Park:9;Roseville:11;Minneapolis:12;Andover:13;Plymouth:14;Blaine:26
90+ Cellars Sparkling Rose 750ml,Sparkling,Bellboy Corporation,918,52.0,17.7,6.86,16.99,14.96,60,,212,717,Stillwater:14;Minnetonka:16;Andover:21;Cottage Grove:22;Osseo:24;Ramsey:26;Woodbury:30;Plymouth:40;Rosemount:43;Chanhassen:44;St. Louis Park:50;Minneapolis:73;Vadnais Heights:78;Blaine:84;Roseville:148;Bloomington:205
90+ Cellars Pinot Grigio Trentino 750ml,Pinot Grigio/Gris,Bellboy Corporation,990,50.3,19.7,6.58,15.99,12.96,59,,197,729,Stillwater:4;Osseo:21;Rosemount:26;Cottage Grove:33;Vadnais Heights:34;Woodbury:52;Minnetonka:55;Plymouth:60;Ramsey:68;Minneapolis:71;Andover:73;Chanhassen:76;Roseville:83;St. Louis Park:104;Bloomington:114;Blaine:116
Black Box Pinot Noir 3L Box,Pinot Noir,Johnson Brothers - St. Paul,194,50.0,3.9,12.84,19.99,16.96,36,,230,573,Minneapolis:4;Bloomington:5;Minnetonka:6;Ramsey:8;Roseville:8;Andover:10;Osseo:11;Woodbury:11;St. Louis Park:11;Vadnais Heights:11;Stillwater:12;Cottage Grove:13;Plymouth:13;Rosemount:16;Chanhassen:21;Blaine:34
High Valley Cabernet Sauvignon 750ml,Cabernet,Paustis Wine,640,49.7,12.9,7.7,17.49,14.96,56,,214,633,Minnetonka:16;Stillwater:16;Osseo:21;Vadnais Heights:21;Minneapolis:23;Chanhassen:28;Roseville:31;Bloomington:38;Rosemount:39;Plymouth:40;St. Louis Park:46;Woodbury:48;Andover:53;Ramsey:54;Cottage Grove:55;Blaine:111
Ironside Cabernet 750ml,Cabernet,Bellboy Corporation,807,48.6,16.6,6.08,17.99,14.96,66,,212,607,Stillwater:1;Minneapolis:14;Minnetonka:19;Rosemount:25;Woodbury:27;Osseo:29;Plymouth:33;Vadnais Heights:34;Cottage Grove:40;Andover:51;St. Louis Park:55;Ramsey:62;Roseville:74;Bloomington:81;Chanhassen:117;Blaine:145
Underwood Rose Bubbles 375ml,Sparkling,Oxford Street Merchants,220,47.7,4.6,3.98,6.49,5.96,39,,194,661,Chanhassen:3;Woodbury:4;Andover:5;Bloomington:6;Osseo:7;Ramsey:7;Stillwater:7;Plymouth:11;Cottage Grove:14;Rosemount:15;Minnetonka:15;Vadnais Heights:15;Blaine:16;Minneapolis:19;St. Louis Park:34;Roseville:42
Ecco Domani Pinot Grigio 750ml,Pinot Grigio/Gris,Johnson Brothers - St. Paul,540,47.4,11.4,8.09,13.99,12.96,42,,216,550,Woodbury:9;Osseo:9;Rosemount:11;Minneapolis:11;Minnetonka:14;Ramsey:14;Stillwater:14;Cottage Grove:15;Plymouth:16;St. Louis Park:19;Bloomington:28;Vadnais Heights:33;Andover:36;Chanhassen:83;Blaine:100;Roseville:128
Josh Cellars Pinot Noir 750ml,Pinot Noir,Johnson Brothers - St. Paul,130,45.6,2.9,8.18,14.99,12.96,45,Buy 11 Josh (all flavors and sizes) and receive 3 free Josh Cabernet (#859252),196,584,Osseo:2;Ramsey:3;Vadnais Heights:3;Minneapolis:5;Cottage Grove:6;Minnetonka:8;Rosemount:8;Stillwater:9;Blaine:10;St. Louis Park:10;Andover:11;Roseville:14;Woodbury:15;Chanhassen:26
Black Box Pinot Grigio 500ml,Pinot Grigio/Gris,Johnson Brothers - St. Paul,150,45.1,3.3,3.43,5.49,4.96,38,,196,569,Rosemount:1;Osseo:4;Andover:4;Minneapolis:6;Bloomington:8;Stillwater:8;Woodbury:10;Vadnais Heights:10;Roseville:11;Chanhassen:12;St. Louis Park:12;Blaine:14;Minnetonka:16;Cottage Grove:17;Plymouth:17
90+ Cellars Moscato d'Asti 750ml,Other Whites,Bellboy Corporation,692,44.4,15.6,6.86,16.99,13.96,60,,207,497,Bloomington:5;Roseville:9;Osseo:12;Minnetonka:12;Chanhassen:12;Stillwater:13;St. Louis Park:16;Ramsey:16;Plymouth:18;Andover:26;Vadnais Heights:38;Woodbury:38;Rosemount:46;Cottage Grove:64;Blaine:82;Minneapolis:285
Bogle Cabernet Sauvignon 750ml,Cabernet,Johnson Brothers - St. Paul,268,43.9,6.1,6.08,10.99,8.96,45,,209,471,Osseo:8;Minneapolis:11;Ramsey:11;Rosemount:11;Minnetonka:12;Cottage Grove:12;Vadnais Heights:14;Bloomington:15;Andover:15;Plymouth:15;Chanhassen:15;Roseville:16;Blaine:26;Stillwater:27;Woodbury:28;St. Louis Park:32
90+ Cellars Riesling Mosel 750ml,Other Whites,Bellboy Corporation,494,43.6,11.3,6.58,15.99,12.96,59,,200,502,Minnetonka:10;Stillwater:11;Vadnais Heights:14;Ramsey:17;Plymouth:20;Rosemount:20;Chanhassen:26;Osseo:27;Woodbury:28;St. Louis Park:30;Roseville:40;Bloomington:42;Andover:45;Blaine:47;Minneapolis:51;Cottage Grove:66
Franzia Pinot Grigio 5L Box,Pinot Grigio/Gris,Southern Glazer's Wine & Spirits of MN,100,42.5,2.4,14.2,20.99,17.96,32,,194,492,Rosemount:1;Vadnais Heights:1;Osseo:1;Bloomington:2;St. Louis Park:3;Ramsey:3;Minnetonka:4;Woodbury:4;Plymouth:4;Roseville:6;Andover:6;Cottage Grove:9;Stillwater:11;Blaine:12;Minneapolis:33
90+ Cellars Cab Sauv California Lot 225 750ml,Cabernet,Bellboy Corporation,637,41.8,15.2,6.7,15.99,12.96,58,,188,497,Stillwater:13;Minnetonka:14;Andover:14;Ramsey:19;Vadnais Heights:22;Woodbury:23;Minneapolis:28;Bloomington:33;Plymouth:34;Osseo:37;Chanhassen:38;Cottage Grove:49;Roseville:55;Rosemount:60;St. Louis Park:67;Blaine:131
Creamery Chardonnay 750ml,Chardonnay,"Breakthru Beverage Minnesota Wine & Spirits, LLC",290,41.6,7.0,7.68,17.49,14.96,56,,153,648,Woodbury:7;Vadnais Heights:9;Andover:9;Minneapolis:11;Osseo:11;Cottage Grove:12;Ramsey:14;Chanhassen:17;Roseville:18;Plymouth:20;Rosemount:21;St. Louis Park:23;Minnetonka:24;Stillwater:25;Bloomington:34;Blaine:35
Bonanza Cabernet 750ml,Cabernet,Oxford Street Merchants,481,41.1,11.7,12.09,20.99,14.96,42,,176,529,Minnetonka:16;Minneapolis:16;Blaine:20;Bloomington:22;Stillwater:22;St. Louis Park:22;Osseo:22;Ramsey:24;Chanhassen:25;Roseville:28;Plymouth:28;Andover:29;Rosemount:34;Vadnais Heights:36;Woodbury:61;Cottage Grove:76
Papi Peach 750ml,Flavored,Paustis Wine,220,40.6,5.4,4.49,11.49,9.96,61,,188,460,St. Louis Park:5;Bloomington:6;Plymouth:6;Woodbury:7;Minnetonka:8;Ramsey:10;Roseville:10;Rosemount:10;Chanhassen:11;Stillwater:11;Minneapolis:12;Osseo:13;Cottage Grove:15;Vadnais Heights:23;Andover:32;Blaine:41
Papi Pink Moscato 750ml,Flavored,Paustis Wine,45,40.4,1.1,4.49,11.49,9.96,61,,173,519,Vadnais Heights:1;Rosemount:1;Blaine:2;Cottage Grove:2;Roseville:4;Andover:8;Woodbury:13;Plymouth:14
La Crema Sonoma Chardonnay 750ml,Chardonnay,Johnson Brothers - St. Paul,367,40.1,9.1,10.73,17.99,14.96,40,,176,498,Osseo:2;Ramsey:5;Vadnais Heights:7;Plymouth:9;Andover:10;Minnetonka:11;Stillwater:12;Cottage Grove:14;Bloomington:15;Roseville:15;Blaine:18;Minneapolis:20;Rosemount:26;Woodbury:50;Chanhassen:55;St. Louis Park:98
90+ Cellars Chardonnay 750ml,Chardonnay,Bellboy Corporation,448,39.6,11.3,6.7,15.99,12.96,58,,171,502,Minneapolis:3;Minnetonka:11;Stillwater:11;Bloomington:15;Vadnais Heights:16;Rosemount:18;Osseo:20;Cottage Grove:24;Plymouth:24;Andover:31;Ramsey:36;Blaine:40;Woodbury:42;Roseville:45;St. Louis Park:52;Chanhassen:60
Les Allies Blanc de Blanc 750ml,Sparkling,"Maverick Beverage Co., LLC - MN",377,38.5,9.8,6.38,14.99,12.96,57,,166,491,Vadnais Heights:2;Stillwater:5;Chanhassen:6;Andover:7;Osseo:9;Ramsey:9;Cottage Grove:9;Rosemount:9;Minnetonka:10;Plymouth:11;Woodbury:17;Bloomington:25;St. Louis Park:31;Minneapolis:36;Roseville:66;Blaine:125
90+ Cellars Lot 210 Paso Robles Cabernet Sauvignon  750ml,Cabernet,Bellboy Corporation,474,38.5,12.3,8.57,21.99,17.96,61,,174,456,Stillwater:5;Minneapolis:8;Plymouth:8;Ramsey:12;Vadnais Heights:15;Minnetonka:17;Cottage Grove:21;Woodbury:22;Osseo:31;Roseville:31;Blaine:32;Andover:36;Rosemount:40;Chanhassen:50;Bloomington:51;St. Louis Park:95
Bota Box Redvolution 3L Box,Red Blends,Phillips Wine & Spirits - St. Paul,109,38.2,2.9,13.4,19.99,17.96,33,,174,445,Minnetonka:2;Minneapolis:2;Bloomington:3;Ramsey:3;Rosemount:3;Vadnais Heights:3;Stillwater:4;Roseville:5;Osseo:6;Chanhassen:6;Plymouth:9;Woodbury:9;Andover:10;Cottage Grove:14;Blaine:14;St. Louis Park:16
Pine Ridge Chen Blanc/Viognier 750ml,White Blends,Oxford Street Merchants,210,37.8,5.6,8.4,13.79,11.96,39,,147,552,Minnetonka:3;Osseo:5;Woodbury:7;Ramsey:8;Cottage Grove:9;Rosemount:9;Andover:11;Minneapolis:12;Stillwater:12;Chanhassen:12;Blaine:12;Vadnais Heights:12;Plymouth:16;Bloomington:20;St. Louis Park:24;Roseville:38
Barefoot Peach Moscato 1.5L,Flavored,Johnson Brothers - St. Paul,97,37.6,2.6,7.56,13.99,11.96,46,2 FREE ON 22,179,403,Roseville:1;Plymouth:2;Vadnais Heights:2;St. Louis Park:2;Chanhassen:3;Osseo:3;Blaine:3;Bloomington:4;Rosemount:4;Minnetonka:5;Cottage Grove:6;Woodbury:6;Andover:6;Stillwater:6;Ramsey:7;Minneapolis:37
Black Box Cab Sauv 500ml,Cabernet,Johnson Brothers - St. Paul,144,35.7,4.0,3.43,5.49,4.96,38,,165,404,Chanhassen:2;Minneapolis:2;Rosemount:3;Blaine:3;Ramsey:5;Osseo:7;Vadnais Heights:8;Plymouth:8;Roseville:9;Andover:11;Minnetonka:12;Woodbury:12;Bloomington:13;St. Louis Park:14;Stillwater:16;Cottage Grove:19
TOPO Tinto Red,Red Blends,"Maverick Beverage Co., LLC - MN",292,35.7,8.2,6.46,14.99,12.96,57,,155,451,Vadnais Heights:1;Woodbury:2;Chanhassen:2;Ramsey:2;Stillwater:3;Minneapolis:4;Minnetonka:8;Plymouth:11;Cottage Grove:11;Rosemount:16;Andover:18;Osseo:20;Bloomington:23;Roseville:26;St. Louis Park:69;Blaine:76
Terre di Mario Bianco 750ml,Other Whites,Paustis Wine,248,34.8,7.1,6.24,15.99,12.96,61,,163,386,Rosemount:2;Vadnais Heights:6;Woodbury:6;Plymouth:8;Minneapolis:10;Bloomington:11;Andover:13;Osseo:14;St. Louis Park:14;Blaine:15;Roseville:18;Minnetonka:19;Stillwater:22;Chanhassen:22;Cottage Grove:27;Ramsey:41
Chateau Ste Michelle Riesling 750ml,Other Whites,Southern Glazer's Wine & Spirits of MN,226,34.6,6.5,6.73,9.99,8.96,33,,162,384,Vadnais Heights:2;Chanhassen:3;Roseville:3;Osseo:7;Minnetonka:8;Plymouth:8;Rosemount:8;Woodbury:11;Stillwater:12;Cottage Grove:12;Blaine:16;St. Louis Park:16;Minneapolis:17;Bloomington:21;Andover:38;Ramsey:44
Papi Blueberry 750ml,Flavored,Paustis Wine,64,33.9,1.9,4.49,11.49,9.96,61,,151,411,Vadnais Heights:1;St. Louis Park:3;Plymouth:4;Cottage Grove:4;Rosemount:4;Bloomington:6;Minneapolis:6;Woodbury:9;Blaine:10;Ramsey:17
Papi Black 750ml,Flavored,Paustis Wine,285,33.8,8.4,4.49,11.49,9.96,61,,149,417,Osseo:2;Andover:4;Roseville:8;Minneapolis:8;Ramsey:10;Chanhassen:11;Bloomington:11;Rosemount:11;Woodbury:14;Plymouth:18;Vadnais Heights:19;Cottage Grove:20;St. Louis Park:20;Minnetonka:21;Blaine:108
Sutter Home Pinot Grigio 187ml,Pinot Grigio/Gris,Phillips Wine & Spirits - St. Paul,100,33.5,3.0,5.18,7.99,6.96,35,,141,441,Woodbury:2;Bloomington:4;Osseo:4;Vadnais Heights:4;Minnetonka:5;Andover:5;Chanhassen:6;Minneapolis:6;Roseville:6;Cottage Grove:7;Rosemount:7;St. Louis Park:8;Ramsey:13;Blaine:23
Papi Mango 750ml,Flavored,Paustis Wine,198,33.5,5.9,4.49,11.49,9.96,61,,162,349,Bloomington:8;Vadnais Heights:9;Andover:10;St. Louis Park:12;Rosemount:12;Cottage Grove:12;Ramsey:16;Roseville:16;Plymouth:18;Chanhassen:19;Osseo:21;Blaine:49
Chateau Ste Michelle Chardonnay 750ml,Chardonnay,Southern Glazer's Wine & Spirits of MN,246,32.8,7.5,6.73,9.99,8.96,33,,165,311,Stillwater:6;Minnetonka:6;Minneapolis:8;Osseo:9;Rosemount:9;Woodbury:9;Blaine:10;Cottage Grove:11;Bloomington:12;Ramsey:12;Andover:13;Vadnais Heights:16;Roseville:18;Plymouth:28;St. Louis Park:35;Chanhassen:44
Relax Riesling 750ml,Other Whites,Johnson Brothers - St. Paul,183,32.8,5.6,6.31,11.99,10.96,47,,138,434,Vadnais Heights:2;Osseo:3;Minneapolis:3;St. Louis Park:5;Plymouth:7;Stillwater:7;Ramsey:7;Minnetonka:10;Rosemount:10;Roseville:14;Bloomington:18;Andover:19;Cottage Grove:20;Blaine:22;Chanhassen:36
Franzia Chardonnay 5L Box,Chardonnay,Southern Glazer's Wine & Spirits of MN,87,32.7,2.7,14.2,20.99,17.96,32,,144,404,St. Louis Park:1;Ramsey:3;Plymouth:3;Woodbury:3;Bloomington:4;Stillwater:4;Cottage Grove:5;Minnetonka:6;Vadnais Heights:6;Roseville:6;Andover:6;Osseo:10;Blaine:14;Minneapolis:16
Barefoot Pinot Grigio 1.5L,Pinot Grigio/Gris,Johnson Brothers - St. Paul,120,32.7,3.7,7.56,13.99,11.96,46,2 FREE ON 22,147,388,Stillwater:2;Andover:3;Bloomington:3;Roseville:4;Plymouth:4;St. Louis Park:5;Woodbury:6;Osseo:6;Ramsey:6;Vadnais Heights:6;Minnetonka:7;Rosemount:8;Minneapolis:8;Chanhassen:12;Cottage Grove:12;Blaine:28
Santa Margherita Pinot Grigio 750ml,Pinot Grigio/Gris,Oxford Street Merchants,490,32.4,15.1,20.34,26.99,22.96,25,,128,467,Cottage Grove:11;Blaine:14;Osseo:15;Andover:24;Stillwater:25;Minnetonka:25;Ramsey:25;Plymouth:26;Woodbury:27;Vadnais Heights:28;Minneapolis:28;Bloomington:29;Chanhassen:36;Roseville:36;St. Louis Park:67;Rosemount:74
Bota Box Nighthawk Blk Bourbon Cabernet 3L Box,Cabernet,Phillips Wine & Spirits - St. Paul,76,31.9,2.4,13.4,19.99,17.96,33,,146,367,Roseville:1;Bloomington:2;Ramsey:2;Minneapolis:2;Osseo:3;Rosemount:3;Woodbury:3;St. Louis Park:4;Chanhassen:4;Plymouth:4;Minnetonka:5;Stillwater:6;Cottage Grove:8;Blaine:8;Vadnais Heights:10;Andover:11
Franzia Crisp White 5L Box,White Blends,Southern Glazer's Wine & Spirits of MN,41,31.4,1.3,12.02,17.99,14.96,33,,149,340,Vadnais Heights:1;Woodbury:1;Cottage Grove:2;Blaine:2;St. Louis Park:3;Rosemount:3;Bloomington:4;Minnetonka:4;Stillwater:4;Osseo:4;Andover:4;Chanhassen:5;Plymouth:5;Ramsey:6
Jinro Green Grape 375ml,Fortified,Johnson Brothers - St. Paul,284,31.3,9.1,4.05,6.99,5.96,42,,117,481,Bloomington:3;Osseo:6;Ramsey:8;Minnetonka:9;Cottage Grove:10;Woodbury:10;Chanhassen:12;Roseville:13;Stillwater:17;Andover:17;Blaine:20;Rosemount:20;St. Louis Park:20;Plymouth:20;Minneapolis:99
Oyster Bay Sauvignon Blanc 750ml,Sauvignon Blanc,Southern Glazer's Wine & Spirits of MN,181,30.9,5.9,8.57,14.99,12.96,43,4 on 12,136,382,Woodbury:3;Minnetonka:4;Vadnais Heights:4;Minneapolis:6;Andover:7;Blaine:7;Cottage Grove:8;Osseo:8;Chanhassen:9;Stillwater:11;Ramsey:13;Plymouth:13;Rosemount:14;Roseville:18;Bloomington:19;St. Louis Park:37
Franzia Sunset Blush 5L Box,Rose,Southern Glazer's Wine & Spirits of MN,81,30.1,2.7,12.02,17.99,14.96,33,,142,330,Rosemount:1;Blaine:1;Roseville:2;Vadnais Heights:2;Andover:2;Stillwater:2;Minnetonka:3;St. Louis Park:3;Chanhassen:4;Woodbury:4;Bloomington:5;Osseo:5;Plymouth:5;Ramsey:6;Minneapolis:36
Barefoot Pink Moscato 750ml,Flavored,Johnson Brothers - St. Paul,168,29.8,5.6,4.41,7.99,6.96,45,ON Month Deep Net $51.85 ( Off Month Deep Net $56),130,372,Rosemount:2;Vadnais Heights:2;Ramsey:2;Osseo:6;Woodbury:6;Chanhassen:7;Plymouth:9;Roseville:9;Minnetonka:10;Stillwater:11;Andover:11;St. Louis Park:12;Bloomington:13;Blaine:16;Cottage Grove:18;Minneapolis:34
Black Box Sauvignon Blanc 500ml Tetra 500ml,Sauvignon Blanc,Johnson Brothers - St. Paul,111,29.8,3.7,3.43,5.49,4.96,38,,130,374,Roseville:1;Minneapolis:1;Stillwater:3;Chanhassen:3;Bloomington:4;Woodbury:4;Vadnais Heights:6;Osseo:8;Cottage Grove:8;Blaine:9;Ramsey:10;St. Louis Park:11;Rosemount:12;Minnetonka:15;Plymouth:16
90+ Cellars Willamette Valley Pinot Noir Lot 137 750ml,Pinot Noir,Bellboy Corporation,522,29.7,17.6,9.42,23.99,19.96,61,,132,360,Stillwater:9;Woodbury:11;Osseo:13;Andover:17;Minnetonka:20;Vadnais Heights:21;Ramsey:22;Cottage Grove:22;Minneapolis:24;Rosemount:24;Chanhassen:31;Plymouth:32;Blaine:52;Bloomington:69;Roseville:69;St. Louis Park:86
Libretto Pinot Gris 750ml,Pinot Grigio/Gris,Paustis Wine,200,29.6,6.8,4.65,12.99,9.96,64,,86,564,Roseville:3;Bloomington:9;Plymouth:10;Osseo:13;Woodbury:13;Chanhassen:14;Rosemount:15;Ramsey:16;Stillwater:21;Minnetonka:31;Vadnais Heights:55
19 Crimes Cali Red 750ml,Red Blends,"Breakthru Beverage Minnesota Wine & Spirits, LLC",289,29.1,9.9,7.43,12.99,10.96,43,,132,340,Bloomington:5;Minnetonka:8;St. Louis Park:8;Chanhassen:9;Woodbury:10;Plymouth:11;Ramsey:12;Minneapolis:12;Stillwater:16;Vadnais Heights:16;Rosemount:16;Osseo:17;Roseville:18;Andover:25;Blaine:39;Cottage Grove:67
Chateau La Caussade Sauvignon Blanc 750ml,Sauvignon Blanc,Rue 38 LLC,470,29.0,16.2,7.67,16.99,14.96,55,,112,427,Plymouth:6;Woodbury:11;Minnetonka:11;Vadnais Heights:12;Ramsey:14;Blaine:16;Cottage Grove:18;Stillwater:21;St. Louis Park:21;Minneapolis:24;Andover:25;Rosemount:26;Osseo:34;Bloomington:37;Chanhassen:47;Roseville:147
Big Bad Bourbon Barrel Cabernet Sauvignon 750ml,Cabernet,Paustis Wine,265,28.9,9.2,6.32,14.99,12.96,58,,109,437,Chanhassen:5;Bloomington:6;Stillwater:7;Osseo:9;Roseville:11;Woodbury:12;Cottage Grove:15;Rosemount:21;Blaine:24;Minneapolis:42;St. Louis Park:55;Andover:58
Decoy Cabernet Sauvignon 750ml,Cabernet,"Breakthru Beverage Minnesota Wine & Spirits, LLC",183,28.7,6.4,13.43,20.99,17.96,36,"12cs one store, one invoice.  50+ cs chain buy ok to split up throughout the month.  Intended for feature, ad, display, etc.",119,386,Rosemount:1;Cottage Grove:4;Woodbury:8;Chanhassen:8;St. Louis Park:9;Vadnais Heights:10;Minneapolis:10;Blaine:10;Stillwater:11;Osseo:12;Minnetonka:13;Andover:13;Roseville:15;Plymouth:15;Ramsey:21;Bloomington:23
Jinro Classic Soju 20.1% 375ml,Fortified,Johnson Brothers - St. Paul,204,28.7,7.1,4.05,6.99,5.96,42,,137,307,Bloomington:4;Cottage Grove:5;Osseo:5;Plymouth:5;Chanhassen:7;Woodbury:7;Minnetonka:9;Rosemount:14;Andover:14;Blaine:17;Stillwater:19;Roseville:20;St. Louis Park:20;Vadnais Heights:22;Minneapolis:36
Bota Box Chardonnay 3L Box,Chardonnay,Phillips Wine & Spirits - St. Paul,87,28.7,3.0,13.4,19.99,17.96,33,,111,423,Minneapolis:1;Ramsey:1;Minnetonka:3;Cottage Grove:3;Osseo:3;Woodbury:3;Rosemount:3;Plymouth:3;Bloomington:4;Stillwater:5;Roseville:6;Chanhassen:8;Blaine:9;Vadnais Heights:11;Andover:12;St. Louis Park:12
Franzia Pink Moscato 5L Box,Other Whites,Southern Glazer's Wine & Spirits of MN,78,28.3,2.8,14.2,20.99,17.96,32,,151,229,Ramsey:1;St. Louis Park:1;Andover:2;Minnetonka:2;Vadnais Heights:2;Osseo:2;Bloomington:3;Chanhassen:3;Cottage Grove:3;Blaine:3;Rosemount:3;Roseville:4;Stillwater:5;Minneapolis:44
Papi Chardonnay 750ml,Chardonnay,Paustis Wine,132,28.2,4.7,4.49,11.49,9.96,61,,134,304,Rosemount:1;Stillwater:1;Plymouth:5;Osseo:6;Woodbury:7;Bloomington:8;Blaine:8;Minnetonka:9;St. Louis Park:11;Ramsey:11;Vadnais Heights:12;Andover:15;Chanhassen:17;Roseville:22
Black Box Buttery Chardonnay 3L Box,Chardonnay,Johnson Brothers - St. Paul,86,28.2,3.1,12.84,19.99,16.96,36,,127,334,Ramsey:1;Roseville:2;Osseo:3;Minneapolis:3;Rosemount:4;Stillwater:4;Bloomington:4;St. Louis Park:4;Minnetonka:5;Woodbury:6;Cottage Grove:7;Andover:7;Chanhassen:8;Vadnais Heights:8;Plymouth:8;Blaine:12
J Lohr Cabernet Sauvignon 750ml,Cabernet,"Breakthru Beverage Minnesota Wine & Spirits, LLC",289,28.1,10.3,13.43,18.99,15.96,29,,120,362,Bloomington:10;Andover:10;Chanhassen:14;Minneapolis:15;Ramsey:15;Minnetonka:15;Blaine:16;Vadnais Heights:17;Cottage Grove:18;Rosemount:18;Osseo:19;St. Louis Park:22;Stillwater:26;Woodbury:26;Plymouth:48
Barefoot Apple Moscato 1.5L,Flavored,Johnson Brothers - St. Paul,47,28.1,1.7,7.56,13.99,11.96,46,2 FREE ON 22,143,259,Ramsey:2;Rosemount:2;Vadnais Heights:2;Cottage Grove:2;Blaine:3;Osseo:4;Chanhassen:6;Plymouth:6;Andover:6;Woodbury:6;St. Louis Park:9
Bota Box Cabernet Sauvignon 3L Box,Cabernet,Phillips Wine & Spirits - St. Paul,87,27.9,3.1,13.4,19.99,17.96,33,,129,317,Minnetonka:1;Osseo:1;Ramsey:1;Roseville:1;Minneapolis:3;Plymouth:3;Andover:4;Cottage Grove:4;Vadnais Heights:4;Woodbury:4;St. Louis Park:5;Bloomington:7;Chanhassen:7;Stillwater:10;Rosemount:12;Blaine:20
Les Allies Brut 750ml,Sparkling,"Maverick Beverage Co., LLC - MN",269,27.7,9.7,5.96,14.99,12.96,60,,124,333,Chanhassen:4;St. Louis Park:4;Roseville:5;Cottage Grove:6;Vadnais Heights:6;Osseo:7;Plymouth:7;Ramsey:7;Andover:7;Minnetonka:12;Stillwater:13;Rosemount:18;Bloomington:24;Woodbury:34;Minneapolis:51;Blaine:64
90+ Cellars Montepulciano d'Abruzzo Lot 188 750ml,Other Reds,Bellboy Corporation,241,27.7,8.7,6.58,15.99,12.96,59,,139,265,Plymouth:1;Woodbury:3;Blaine:5;Rosemount:6;Bloomington:10;Roseville:10;Stillwater:13;Cottage Grove:14;Ramsey:17;Chanhassen:17;Osseo:18;Minneapolis:19;Minnetonka:22;Vadnais Heights:24;St. Louis Park:27;Andover:35
90+ Cellars Old Vine Malbec 750ml,Malbec,Bellboy Corporation,408,27.5,14.8,6.7,15.99,12.96,58,,123,330,Stillwater:5;Woodbury:12;Minneapolis:13;Ramsey:13;Rosemount:13;Cottage Grove:14;Vadnais Heights:18;Osseo:24;Plymouth:25;Minnetonka:26;Chanhassen:26;Andover:31;Bloomington:32;Roseville:35;St. Louis Park:39;Blaine:82
Whispering Angel Rose 750ml,Rose,Oxford Street Merchants,228,27.4,8.3,14.14,25.99,21.96,46,,90,475,Chanhassen:2;Cottage Grove:3;Minneapolis:3;Osseo:4;Woodbury:8;Ramsey:10;Blaine:12;Andover:12;Bloomington:13;Stillwater:14;Vadnais Heights:15;Rosemount:17;Plymouth:18;Minnetonka:20;Roseville:20;St. Louis Park:57
Elmstone Sauvignon Blanc Marlborough 750ml,Sauvignon Blanc,Rue 38 LLC,352,27.2,12.9,7.67,17.99,14.96,57,,109,385,Osseo:6;Vadnais Heights:12;St. Louis Park:15;Minnetonka:16;Ramsey:16;Stillwater:21;Rosemount:21;Bloomington:23;Minneapolis:23;Cottage Grove:24;Roseville:24;Plymouth:26;Chanhassen:27;Andover:28;Blaine:32;Woodbury:38
Black Box Tart Tangy Sauvignon Blanc 3L Box,Sauvignon Blanc,Johnson Brothers - St. Paul,113,27.0,4.2,12.84,19.99,16.96,36,,118,337,Plymouth:3;Cottage Grove:3;Minnetonka:4;Osseo:5;Ramsey:5;Blaine:5;Minneapolis:6;Bloomington:7;Andover:7;Vadnais Heights:7;Chanhassen:7;Stillwater:7;Woodbury:9;St. Louis Park:11;Roseville:11;Rosemount:16
CSM Indian Wells Cabernet 750ml,Cabernet,Southern Glazer's Wine & Spirits of MN,113,26.9,4.2,12.07,18.99,15.96,36,,141,230,Roseville:3;Minnetonka:4;Stillwater:4;Blaine:4;Osseo:6;Minneapolis:8;St. Louis Park:8;Andover:9;Plymouth:9;Chanhassen:11;Rosemount:11;Bloomington:12;Ramsey:12;Woodbury:12
90+ Cellars Sauvignon Blanc Cali 750ml,Sauvignon Blanc,Bellboy Corporation,388,26.8,14.5,6.58,15.99,12.96,59,,111,362,Minnetonka:11;Andover:13;Osseo:13;Stillwater:14;Bloomington:15;Rosemount:15;Vadnais Heights:16;Chanhassen:17;Woodbury:18;Ramsey:20;Cottage Grove:21;St. Louis Park:25;Roseville:36;Plymouth:43;Minneapolis:51;Blaine:60
Barefoot Strawberry Moscato 1.5L,Flavored,Johnson Brothers - St. Paul,74,26.7,2.8,7.56,13.99,11.96,46,2 FREE ON 22,131,269,Plymouth:2;Rosemount:2;St. Louis Park:2;Cottage Grove:2;Minnetonka:3;Andover:3;Ramsey:3;Chanhassen:5;Osseo:5;Stillwater:5;Vadnais Heights:5;Woodbury:5;Roseville:6;Blaine:6;Minneapolis:20
Barefoot Pinot Grigio 750ml,Pinot Grigio/Gris,Johnson Brothers - St. Paul,116,26.4,4.4,4.41,7.99,6.96,45,ON Month Deep Net $51.85 ( Off Month Deep Net $56),112,344,Rosemount:2;St. Louis Park:2;Vadnais Heights:2;Andover:2;Osseo:2;Minnetonka:9;Woodbury:10;Cottage Grove:11;Roseville:11;Stillwater:11;Bloomington:12;Minneapolis:13;Chanhassen:14;Plymouth:15
Jam Cellars Butter Chardonnay 750ml,Chardonnay,Southern Glazer's Wine & Spirits of MN,153,26.4,5.8,12.07,18.99,15.96,36,,99,403,Minnetonka:1;Cottage Grove:3;Chanhassen:3;Rosemount:6;Ramsey:8;Bloomington:8;Andover:9;Stillwater:10;Roseville:10;Osseo:11;Minneapolis:12;Vadnais Heights:13;Woodbury:13;Plymouth:15;Blaine:15;St. Louis Park:16
Dark Horse Pinot Grigio 750ml,Pinot Grigio/Gris,Johnson Brothers - St. Paul,228,26.3,8.7,5.43,9.99,8.96,46,,117,318,Roseville:5;Cottage Grove:6;Osseo:6;Woodbury:7;Blaine:8;Rosemount:10;Andover:10;Vadnais Heights:10;Chanhassen:11;Plymouth:11;Minneapolis:12;Ramsey:12;Bloomington:21;Minnetonka:22;St. Louis Park:77
90+ Cellars Chianti Riserva DOCG,Other Reds,Bellboy Corporation,424,26.3,16.1,6.58,15.99,12.96,59,,117,319,Vadnais Heights:8;Rosemount:13;Chanhassen:15;Minnetonka:17;Minneapolis:18;Bloomington:21;Roseville:21;Osseo:22;Ramsey:27;Stillwater:29;Plymouth:29;St. Louis Park:30;Cottage Grove:32;Woodbury:36;Blaine:38;Andover:68
Good Day Lychee Soju 375ml,Fortified,"Vinocopia, Inc",199,26.1,7.6,4.62,7.99,6.96,42,,121,293,Blaine:1;Stillwater:2;Bloomington:4;Cottage Grove:6;Minnetonka:7;Woodbury:7;Chanhassen:8;St. Louis Park:9;Andover:11;Osseo:12;Ramsey:12;Rosemount:13;Roseville:15;Plymouth:17;Vadnais Heights:19;Minneapolis:56
Bogle Chardonnay 750ml,Chardonnay,Johnson Brothers - St. Paul,204,25.7,7.9,6.08,10.99,8.96,45,,125,263,Stillwater:2;Chanhassen:5;Ramsey:5;Minneapolis:6;Woodbury:8;Vadnais Heights:8;Blaine:8;Rosemount:11;Andover:14;Cottage Grove:14;Minnetonka:15;Plymouth:15;St. Louis Park:15;Roseville:15;Osseo:63
Coppola Diamond Claret 750ml,Cabernet,Johnson Brothers - St. Paul,225,25.7,8.7,10.09,14.99,12.96,33,,108,341,St. Louis Park:2;Vadnais Heights:4;Stillwater:5;Ramsey:7;Bloomington:7;Woodbury:7;Cottage Grove:8;Minnetonka:9;Osseo:12;Minneapolis:13;Rosemount:16;Chanhassen:17;Blaine:22;Plymouth:26;Roseville:31;Andover:39
Veuve Clicquot Brut Champagne 750ml,Sparkling,Oxford Street Merchants,366,25.6,14.3,52.4,68.99,57.96,24,,113,313,Rosemount:1;Osseo:5;Ramsey:9;Vadnais Heights:11;Minnetonka:12;Cottage Grove:16;Andover:18;Minneapolis:22;Plymouth:22;Roseville:24;Stillwater:25;Bloomington:28;Woodbury:35;Chanhassen:44;St. Louis Park:46;Blaine:48
Black Box Deep Dark Cabernet 3L Box,Cabernet,Johnson Brothers - St. Paul,81,25.6,3.2,12.84,19.99,16.96,36,,120,282,Minneapolis:1;St. Louis Park:1;Vadnais Heights:1;Bloomington:2;Cottage Grove:2;Ramsey:2;Woodbury:4;Osseo:4;Rosemount:4;Minnetonka:5;Chanhassen:5;Plymouth:6;Andover:6;Roseville:6;Stillwater:8;Blaine:24
Mark West Pinot Noir 750ml,Pinot Noir,Johnson Brothers - St. Paul,196,25.4,7.7,7.42,11.99,9.96,38,,122,267,Andover:3;Rosemount:4;Bloomington:6;Minnetonka:6;Minneapolis:6;Ramsey:7;Plymouth:7;Chanhassen:7;Osseo:9;St. Louis Park:11;Cottage Grove:14;Stillwater:17;Woodbury:20;Vadnais Heights:22;Roseville:26;Blaine:31
Sutter Home Chardonnay 187ml,Chardonnay,Phillips Wine & Spirits - St. Paul,69,25.4,2.7,5.18,7.99,6.96,35,,115,298,Osseo:1;Stillwater:1;Bloomington:2;Chanhassen:3;Cottage Grove:3;Minneapolis:4;Woodbury:4;Minnetonka:5;Vadnais Heights:6;Blaine:6;Andover:11;Ramsey:25
Menage A Trois Silk 750ml,Red Blends,Phillips Wine & Spirits - St. Paul,101,25.2,4.0,5.92,10.99,8.96,46,5 MAT Red on 25,109,318,St. Louis Park:1;Chanhassen:2;Cottage Grove:2;Minnetonka:3;Plymouth:4;Bloomington:5;Stillwater:5;Andover:6;Rosemount:7;Osseo:7;Ramsey:9;Vadnais Heights:9;Blaine:9;Minneapolis:10;Roseville:11;Woodbury:11
Flying Feet Cabernet Sauvignon 750ml,Cabernet,The Wine Company,442,25.1,17.6,6.12,13.99,12.96,56,,114,293,Roseville:4;Minnetonka:11;Minneapolis:12;Woodbury:15;Plymouth:16;Bloomington:16;Osseo:18;Ramsey:21;Stillwater:22;Cottage Grove:22;Andover:23;Rosemount:23;Chanhassen:29;Vadnais Heights:56;St. Louis Park:76;Blaine:78
Bota Box Pinot Grigio 500ml,Pinot Grigio/Gris,Phillips Wine & Spirits - St. Paul,128,24.9,5.1,2.76,5.49,4.96,50,,105,327,Andover:1;Minneapolis:2;Blaine:3;Minnetonka:4;Roseville:4;Bloomington:6;Stillwater:6;Plymouth:7;Ramsey:9;Rosemount:10;Osseo:12;Chanhassen:15;Cottage Grove:16;Vadnais Heights:16;St. Louis Park:22
Papi Rose 750ml,Rose,Paustis Wine,97,24.6,3.9,4.49,11.49,9.96,61,,115,272,Osseo:1;Roseville:2;Cottage Grove:3;Woodbury:3;Minneapolis:3;Stillwater:5;Plymouth:5;Ramsey:6;Bloomington:6;St. Louis Park:7;Rosemount:8;Andover:8;Chanhassen:9;Vadnais Heights:14;Blaine:17
Sonoma Cutrer Chardonnay 750ml,Chardonnay,"Breakthru Beverage Minnesota Wine & Spirits, LLC",132,24.4,5.4,16.1,23.99,19.96,33,12cs purchase in a month,107,303,Andover:2;Minneapolis:2;Cottage Grove:2;Osseo:4;Vadnais Heights:6;Chanhassen:6;Ramsey:8;Bloomington:8;Roseville:9;Blaine:10;Rosemount:10;St. Louis Park:10;Stillwater:11;Woodbury:11;Plymouth:14;Minnetonka:19
Andre Brut 750ml,Sparkling,Johnson Brothers - St. Paul,159,24.4,6.5,4.92,7.99,7.46,38,,115,268,Osseo:2;Vadnais Heights:4;Cottage Grove:4;Plymouth:5;Andover:6;Chanhassen:9;Stillwater:9;Bloomington:9;St. Louis Park:9;Minnetonka:10;Rosemount:10;Woodbury:10;Ramsey:12;Blaine:13;Minneapolis:48
Sutter Home Sauvignon Blanc 187ml,Sauvignon Blanc,Phillips Wine & Spirits - St. Paul,73,24.2,3.0,5.18,7.99,6.96,35,,101,322,Osseo:1;Rosemount:1;Minneapolis:1;Minnetonka:2;Ramsey:2;Cottage Grove:4;Stillwater:5;Vadnais Heights:5;Bloomington:5;St. Louis Park:5;Andover:6;Plymouth:7;Chanhassen:7;Roseville:11;Blaine:11
Black Box Pinot Noir 500ml,Pinot Noir,Johnson Brothers - St. Paul,104,24.0,4.3,3.43,5.49,4.96,38,,108,287,Minneapolis:3;Ramsey:4;Stillwater:5;St. Louis Park:5;Andover:6;Bloomington:6;Osseo:8;Roseville:8;Chanhassen:8;Cottage Grove:9;Rosemount:10;Plymouth:10;Blaine:10;Woodbury:12
Cupcake Sauvignon Blanc 750ml,Sauvignon Blanc,Southern Glazer's Wine & Spirits of MN,186,24.0,7.7,5.4,9.49,7.96,43,,100,322,Roseville:4;Woodbury:4;Minneapolis:7;Osseo:9;Rosemount:9;Plymouth:10;Ramsey:10;Cottage Grove:10;Stillwater:10;Chanhassen:11;Bloomington:11;Blaine:12;St. Louis Park:12;Andover:21;Minnetonka:22;Vadnais Heights:24
Conundrum Red 750ml,Red Blends,Oxford Street Merchants,300,23.9,12.5,12.62,20.99,17.96,40,1 free Conundrum Red on solid 4 cases of Conundrum Red,92,355,Stillwater:6;Bloomington:7;Rosemount:8;Osseo:11;Minneapolis:13;Vadnais Heights:13;Woodbury:13;Ramsey:15;Plymouth:15;Cottage Grove:16;Blaine:18;Chanhassen:19;Roseville:26;St. Louis Park:33;Andover:38;Minnetonka:49
Sutter Home Cab Sauv 187ml,Cabernet,Phillips Wine & Spirits - St. Paul,80,23.8,3.4,5.18,7.99,6.96,35,,108,278,Minneapolis:1;Bloomington:1;Minnetonka:1;Osseo:2;Rosemount:3;Plymouth:4;Ramsey:4;Cottage Grove:4;Roseville:4;Vadnais Heights:5;Andover:5;Stillwater:8;Chanhassen:18;Blaine:20
Daou Cabernet Sauvignon 750ml,Cabernet,"Breakthru Beverage Minnesota Wine & Spirits, LLC",163,23.8,6.8,17.43,27.99,22.96,38,,101,311,Plymouth:5;Stillwater:5;Woodbury:6;Minneapolis:8;Osseo:8;Roseville:8;Ramsey:9;Vadnais Heights:9;Andover:10;Cottage Grove:11;Minnetonka:11;Rosemount:11;Bloomington:12;Chanhassen:14;Blaine:15;St. Louis Park:21
Papi Malbec 750ml,Malbec,Paustis Wine,222,23.6,9.4,4.49,11.49,9.96,61,,111,259,Osseo:3;Cottage Grove:5;Rosemount:6;Plymouth:8;Woodbury:8;Bloomington:9;Minnetonka:10;Stillwater:10;Minneapolis:12;Ramsey:15;Andover:15;St. Louis Park:16;Blaine:19;Roseville:23;Chanhassen:30;Vadnais Heights:33
Korbel Brut 750ml,Sparkling,Southern Glazer's Wine & Spirits of MN,159,23.5,6.8,7.56,12.99,11.96,42,,104,287,Cottage Grove:6;Vadnais Heights:6;Stillwater:6;Minnetonka:9;Roseville:10;St. Louis Park:10;Osseo:11;Blaine:11;Woodbury:12;Bloomington:12;Minneapolis:12;Plymouth:13;Rosemount:13;Chanhassen:13;Andover:15
Barefoot Moscato 750ml,Moscato,Johnson Brothers - St. Paul,161,23.3,6.9,4.41,7.99,6.96,45,ON Month Deep Net $51.85 ( Off Month Deep Net $56),103,285,Chanhassen:7;Osseo:7;Cottage Grove:8;St. Louis Park:9;Ramsey:10;Minnetonka:11;Stillwater:11;Andover:11;Rosemount:12;Woodbury:12;Vadnais Heights:12;Plymouth:17;Minneapolis:34
Stella Rosa Black 750ml,Flavored,"Breakthru Beverage Minnesota Wine & Spirits, LLC",95,23.0,4.1,8.76,12.99,10.96,33,,104,272,Rosemount:1;Ramsey:1;Minneapolis:1;Osseo:2;Bloomington:3;Blaine:3;Minnetonka:4;Plymouth:4;Woodbury:5;Andover:7;Roseville:7;Stillwater:9;Vadnais Heights:10;Chanhassen:11;St. Louis Park:12;Cottage Grove:15
Yellow Tail Chardonnay 1.5L,Chardonnay,Phillips Wine & Spirits - St. Paul,80,22.4,3.6,6.62,12.49,10.96,47,,91,312,Vadnais Heights:1;Plymouth:2;Roseville:2;Minnetonka:3;Osseo:3;Rosemount:4;Chanhassen:4;Woodbury:4;Blaine:5;Bloomington:6;Stillwater:7;Andover:8;Cottage Grove:9;St. Louis Park:10;Ramsey:12
Cavit Pinot Grigio 1.5L,Pinot Grigio/Gris,"Breakthru Beverage Minnesota Wine & Spirits, LLC",273,22.3,12.3,10.19,14.99,12.96,32,15cs purchase in a month,97,279,Bloomington:2;Roseville:3;Chanhassen:4;Minneapolis:4;Ramsey:5;Andover:5;Woodbury:6;Osseo:7;Plymouth:7;Cottage Grove:7;Minnetonka:9;St. Louis Park:48;Rosemount:62;Blaine:104
A to Z Pinot Noir 750ml,Pinot Noir,Southern Glazer's Wine & Spirits of MN,134,22.2,6.0,11.4,17.99,15.96,37,,96,283,Rosemount:1;Stillwater:1;Cottage Grove:3;Woodbury:6;Minnetonka:6;Ramsey:8;Blaine:8;Osseo:8;Minneapolis:9;Roseville:11;Chanhassen:11;Plymouth:12;Andover:12;Bloomington:19;St. Louis Park:19
High Valley Sauvignon Blanc 750ml,Sauvignon Blanc,Paustis Wine,289,21.7,13.3,6.15,14.99,12.96,59,,96,265,Stillwater:2;Roseville:8;Andover:9;Rosemount:10;Vadnais Heights:13;Bloomington:13;Minnetonka:14;Chanhassen:15;Ramsey:17;Woodbury:17;Osseo:18;Minneapolis:19;Cottage Grove:28;St. Louis Park:34;Plymouth:35;Blaine:37
La Vieille Ferme Rose 3L Box,Rose,The Wine Company,75,21.7,3.5,15.18,29.99,27.96,49,,82,329,Rosemount:1;Ramsey:1;Osseo:2;Stillwater:3;Bloomington:3;Vadnais Heights:3;Roseville:3;Minnetonka:4;Cottage Grove:4;Andover:5;Minneapolis:6;Chanhassen:6;Plymouth:7;Woodbury:8;Blaine:9;St. Louis Park:10
Bread & Butter Chardonnay 750ml,Chardonnay,Paustis Wine,212,21.6,9.8,7.02,13.99,11.96,50,,99,250,Plymouth:2;Roseville:3;Woodbury:4;Andover:5;Osseo:5;Minnetonka:6;Cottage Grove:7;Bloomington:8;Rosemount:8;Stillwater:10;Vadnais Heights:10;Minneapolis:12;Blaine:21;Chanhassen:27;St. Louis Park:84
Risata Prosecco 750ml,Sparkling,Oxford Street Merchants,156,21.0,7.4,7.25,12.99,11.96,44,,95,249,Woodbury:2;Stillwater:2;Chanhassen:3;Roseville:4;Osseo:6;St. Louis Park:6;Andover:6;Cottage Grove:6;Plymouth:8;Blaine:10;Bloomington:11;Minnetonka:11;Ramsey:11;Minneapolis:22;Vadnais Heights:23;Rosemount:25
La Crema Monterey Pinot Noir 750ml,Pinot Noir,Johnson Brothers - St. Paul,191,20.9,9.1,10.58,18.99,15.96,44,,106,196,Ramsey:3;Woodbury:3;Cottage Grove:3;Plymouth:4;Andover:5;Osseo:6;Minnetonka:8;Vadnais Heights:8;Bloomington:10;Chanhassen:11;Roseville:17;Minneapolis:18;St. Louis Park:44;Stillwater:51
Black Box Merlot 3L Box,Merlot,Johnson Brothers - St. Paul,99,20.8,4.8,12.84,19.99,16.96,36,,90,262,Osseo:2;St. Louis Park:2;Chanhassen:2;Bloomington:4;Minnetonka:4;Cottage Grove:5;Ramsey:6;Roseville:6;Minneapolis:7;Vadnais Heights:7;Plymouth:8;Andover:8;Rosemount:8;Woodbury:9;Blaine:10;Stillwater:11
Bread & Butter Cab Sauv 750ml,Cabernet,Paustis Wine,193,20.7,9.3,8.15,14.99,12.96,46,,91,257,Ramsey:2;Plymouth:4;Stillwater:6;Bloomington:7;Woodbury:9;Roseville:10;Osseo:11;Minneapolis:12;Chanhassen:12;Andover:14;Cottage Grove:15;Rosemount:16;Minnetonka:20;St. Louis Park:27;Blaine:28
90+ Cellars Zinfandel Lot 180 750ml,Zinfandel,Bellboy Corporation,362,20.7,17.5,6.71,15.99,12.96,58,,93,246,Minneapolis:8;Stillwater:10;Osseo:11;Woodbury:13;Rosemount:13;Andover:14;Minnetonka:16;Chanhassen:16;Ramsey:17;Cottage Grove:17;Vadnais Heights:21;St. Louis Park:24;Plymouth:26;Bloomington:30;Blaine:63;Roseville:63
La Crema Mont Chardonnay 750ml,Chardonnay,Johnson Brothers - St. Paul,319,20.4,15.6,10.58,17.49,14.96,40,,86,270,Osseo:2;Andover:3;Vadnais Heights:4;Rosemount:5;Minneapolis:6;Ramsey:7;Minnetonka:12;Roseville:15;Cottage Grove:15;Stillwater:15;Woodbury:16;Bloomington:20;Plymouth:20;Blaine:21;St. Louis Park:38;Chanhassen:120
Nobilo Sauv Blanc 750ml,Sauvignon Blanc,Johnson Brothers - St. Paul,94,20.4,4.6,8.09,12.99,11.96,38,,80,297,Cottage Grove:1;Plymouth:1;Blaine:1;Bloomington:2;Ramsey:5;St. Louis Park:5;Woodbury:6;Stillwater:8;Osseo:8;Rosemount:8;Minneapolis:11;Chanhassen:11;Minnetonka:13;Roseville:14
Sainte-Anne Pinot Noir 750ml,Pinot Noir,"Bourget Imports, LLC",209,20.2,10.3,6.62,14.99,12.96,56,,97,213,Vadnais Heights:1;Stillwater:6;Osseo:6;Ramsey:7;Minnetonka:10;Woodbury:14;Plymouth:17;Bloomington:18;Minneapolis:21;Chanhassen:54;Blaine:56
Chandon Brut Cuvee 750ml,Sparkling,Oxford Street Merchants,185,20.1,9.2,14.09,26.99,22.96,48,,78,295,Chanhassen:3;Plymouth:4;Andover:4;Vadnais Heights:6;Minneapolis:6;Cottage Grove:7;Roseville:9;Rosemount:11;Blaine:11;Stillwater:12;Osseo:13;Woodbury:13;Bloomington:14;Ramsey:16;Minnetonka:18;St. Louis Park:38
Soon Hari Yogurt Soju 375ml,Fortified,Johnson Brothers - St. Paul,221,20.1,11.0,4.72,7.99,6.96,41,DEEP NET,96,215,Bloomington:3;Vadnais Heights:5;Stillwater:8;Roseville:9;Ramsey:10;Plymouth:11;Minnetonka:14;Cottage Grove:17;Andover:18;Woodbury:18;St. Louis Park:20;Rosemount:21;Blaine:21;Minneapolis:46
SeaGlass Sauvignon Blanc 750ml,Sauvignon Blanc,Phillips Wine & Spirits - St. Paul,164,20.1,8.1,6.4,11.99,9.96,47,4 PG or SB on 25,87,256,Rosemount:2;Vadnais Heights:4;Cottage Grove:6;Ramsey:6;St. Louis Park:7;Chanhassen:9;Stillwater:9;Minneapolis:9;Minnetonka:10;Bloomington:10;Plymouth:11;Roseville:12;Woodbury:13;Osseo:13;Andover:19;Blaine:24
Starling Castle Riesling 750ml,Other Whites,Phillips Wine & Spirits - St. Paul,102,20.0,5.1,6.09,11.99,9.96,49,,92,229,Ramsey:1;Plymouth:1;Woodbury:4;Rosemount:4;Roseville:4;Vadnais Heights:5;Blaine:5;Osseo:5;Bloomington:9;Minnetonka:9;St. Louis Park:9;Stillwater:9;Chanhassen:11;Andover:13;Cottage Grove:13
Bogle Juggernaut Cabernet 750ml,Cabernet,Phillips Wine & Spirits - St. Paul,139,19.9,7.0,11.72,20.99,17.96,44,,88,243,Vadnais Heights:2;Plymouth:3;Cottage Grove:3;Osseo:3;Minnetonka:5;Andover:5;Minneapolis:6;Roseville:6;Blaine:7;St. Louis Park:8;Rosemount:10;Chanhassen:13;Ramsey:15;Woodbury:16;Stillwater:18;Bloomington:19
Cooks Brut 750ml,Sparkling,Southern Glazer's Wine & Spirits of MN,163,19.8,8.2,6.07,9.99,8.96,39,,94,215,Stillwater:1;Vadnais Heights:4;Blaine:5;Bloomington:6;Ramsey:7;St. Louis Park:8;Plymouth:12;Osseo:12;Minneapolis:12;Chanhassen:14;Roseville:16;Andover:21;Woodbury:22;Rosemount:23
Sainte-Anne Cabernet Sauvignon 750ml,Cabernet,"Bourget Imports, LLC",539,19.7,27.4,6.62,14.99,12.96,56,,91,223,Rosemount:3;Bloomington:9;St. Louis Park:14;Stillwater:17;Ramsey:18;Minnetonka:19;Vadnais Heights:24;Minneapolis:26;Cottage Grove:27;Osseo:28;Andover:28;Plymouth:43;Roseville:47;Chanhassen:69;Blaine:167
MD Freakshow Cab Sauv 750ml,Cabernet,Paustis Wine,139,19.7,7.0,11.42,17.99,15.96,37,,95,207,Ramsey:2;Plymouth:3;Cottage Grove:5;Minnetonka:5;Bloomington:5;Vadnais Heights:6;Woodbury:6;Chanhassen:6;Minneapolis:7;Osseo:8;Stillwater:9;Blaine:11;Roseville:15;Rosemount:15;Andover:16;St. Louis Park:20
Menage a Trois Red 750ml,Red Blends,Phillips Wine & Spirits - St. Paul,160,19.6,8.1,5.92,10.99,8.96,46,5 MAT Red on 25,83,258,Andover:3;Bloomington:4;Ramsey:5;Minnetonka:5;Chanhassen:5;Plymouth:7;Rosemount:8;Minneapolis:9;Vadnais Heights:11;Woodbury:11;Osseo:12;St. Louis Park:12;Stillwater:14;Blaine:14;Roseville:15;Cottage Grove:25
Franzia White Zinfandel 5L Box,Zinfandel,Southern Glazer's Wine & Spirits of MN,51,19.5,2.6,14.2,20.99,17.96,32,,92,212,Rosemount:1;Vadnais Heights:1;Woodbury:1;Ramsey:2;Roseville:2;St. Louis Park:2;Chanhassen:3;Bloomington:4;Cottage Grove:4;Minnetonka:4;Blaine:4;Andover:5;Minneapolis:8;Osseo:10
Daily's Strawberry RTD Frozen 10oz,Flavored,Phillips Wine & Spirits - St. Paul,202,19.4,10.4,1.55,3.99,3.46,61,,64,336,Ramsey:3;St. Louis Park:5;Bloomington:6;Osseo:6;Woodbury:7;Blaine:8;Minnetonka:10;Rosemount:10;Roseville:16;Chanhassen:18;Cottage Grove:18;Plymouth:23;Andover:23;Vadnais Heights:23;Minneapolis:26
Pacific Sound Sauvignon Blanc 750ml,Sauvignon Blanc,"Bourget Imports, LLC",161,19.4,8.3,6.15,14.99,10.96,59,,70,309,Rosemount:1;Stillwater:5;Plymouth:6;St. Louis Park:7;Minnetonka:8;Woodbury:9;Vadnais Heights:9;Roseville:9;Andover:11;Bloomington:15;Ramsey:16;Cottage Grove:17;Osseo:23;Chanhassen:25
Papi Red Original Sangria 750ml,Flavored,Paustis Wine,164,19.4,8.4,3.9,11.49,9.96,66,,79,269,Minnetonka:5;Plymouth:5;Cottage Grove:5;Vadnais Heights:5;Osseo:6;Stillwater:6;Bloomington:6;Woodbury:9;Rosemount:10;Chanhassen:11;St. Louis Park:12;Roseville:12;Ramsey:13;Minneapolis:29;Blaine:30
Josh Cellars Cabernet Sauvignon 375ml,Cabernet,Johnson Brothers - St. Paul,612,19.2,31.8,2.11,6.99,5.96,70,Buy 11 Josh (all flavors and sizes) and receive 3 free Josh Cabernet (#859252),77,272,Bloomington:9;Minnetonka:11;Vadnais Heights:13;Woodbury:16;Ramsey:22;Chanhassen:23;St. Louis Park:30;Osseo:35;Rosemount:36;Cottage Grove:38;Stillwater:40;Andover:42;Minneapolis:57;Roseville:70;Blaine:70;Plymouth:100
LaMarca Prosecco 3 Pack 187ml,Sparkling,Johnson Brothers - St. Paul,133,19.2,6.9,12.14,21.99,18.96,45,,77,272,Cottage Grove:1;Bloomington:1;Minneapolis:1;Woodbury:4;Osseo:5;Ramsey:5;Minnetonka:6;Blaine:6;Chanhassen:8;Vadnais Heights:10;Rosemount:14;Stillwater:14;St. Louis Park:15;Plymouth:18;Roseville:22
Papi White Peach Sangria 750ml,Flavored,Paustis Wine,235,19.0,12.4,3.9,11.49,9.96,66,,84,233,Rosemount:1;Plymouth:3;Bloomington:5;St. Louis Park:6;Chanhassen:11;Vadnais Heights:11;Woodbury:12;Ramsey:13;Stillwater:13;Cottage Grove:13;Andover:14;Roseville:14;Minnetonka:18;Blaine:19;Osseo:32;Minneapolis:50
Jinro Grapefruit 375ml,Fortified,Johnson Brothers - St. Paul,143,18.9,7.6,4.05,6.99,5.96,42,,81,244,Stillwater:2;Cottage Grove:4;Osseo:5;Woodbury:5;Roseville:5;Blaine:6;Vadnais Heights:7;Andover:7;Bloomington:9;Minnetonka:10;Rosemount:11;Plymouth:13;St. Louis Park:19;Chanhassen:20;Ramsey:20
Jinro Chamisul Melon 375ml,Fortified,Johnson Brothers - St. Paul,34,18.9,1.8,4.05,6.99,5.96,42,,89,206,St. Louis Park:4;Minneapolis:7;Blaine:10;Roseville:13
Bread & Butter Pinot Noir 750ml,Pinot Noir,Paustis Wine,187,18.8,10.0,8.15,14.99,12.96,46,,92,190,Rosemount:1;Cottage Grove:3;Stillwater:4;Andover:5;Chanhassen:6;Osseo:7;Roseville:7;Bloomington:9;Plymouth:10;Woodbury:11;Minnetonka:12;Minneapolis:13;Ramsey:16;St. Louis Park:19;Vadnais Heights:31;Blaine:33
SeaGlass Pinot Gris 750ml,Pinot Grigio/Gris,Phillips Wine & Spirits - St. Paul,182,18.8,9.7,6.4,11.99,9.96,47,4 PG or SB on 25,76,262,Stillwater:2;Osseo:4;Bloomington:6;Ramsey:6;Woodbury:7;Plymouth:10;Cottage Grove:11;Minneapolis:11;Andover:13;Minnetonka:13;Blaine:13;St. Louis Park:13;Vadnais Heights:15;Chanhassen:15;Roseville:15;Rosemount:28
Sainte-Anne Sauvignon Blanc 750ml,Sauvignon Blanc,"Bourget Imports, LLC",97,18.7,5.2,6.18,14.99,12.96,59,,51,371,Andover:1;Vadnais Heights:1;Woodbury:4;Minnetonka:6;Osseo:9;Rosemount:13;Chanhassen:15;Cottage Grove:23;Bloomington:25
19 Crimes Hard Chardonnay 750ml,Chardonnay,"Breakthru Beverage Minnesota Wine & Spirits, LLC",256,18.7,13.7,6.1,11.49,9.96,47,,85,220,St. Louis Park:2;Rosemount:3;Blaine:5;Minnetonka:8;Andover:10;Bloomington:11;Chanhassen:13;Vadnais Heights:14;Ramsey:14;Woodbury:15;Plymouth:16;Minneapolis:17;Roseville:28;Osseo:46;Cottage Grove:54
Erath Pinot Noir 750ml,Pinot Noir,Southern Glazer's Wine & Spirits of MN,82,18.4,4.4,10.73,17.49,14.96,39,,85,210,Minneapolis:1;Andover:1;Plymouth:1;Minnetonka:2;Ramsey:2;St. Louis Park:2;Cottage Grove:4;Chanhassen:6;Blaine:7;Roseville:8;Woodbury:10;Osseo:11;Rosemount:12;Vadnais Heights:16
90+ Cellars Big Red Blend Lot 113 750ml,Red Blends,Bellboy Corporation,323,18.4,17.5,6.7,15.99,12.96,58,,82,224,Vadnais Heights:7;Plymouth:9;Rosemount:10;Chanhassen:12;Minnetonka:14;Stillwater:14;Roseville:15;Bloomington:16;Woodbury:17;Minneapolis:19;Blaine:21;Cottage Grove:22;Andover:25;St. Louis Park:29;Ramsey:36;Osseo:57
Jinro Strawberry 375ml,Fortified,Johnson Brothers - St. Paul,64,18.1,3.5,4.05,6.99,5.96,42,,51,351,Roseville:1;Cottage Grove:2;Woodbury:5;Stillwater:8;Rosemount:9;Minnetonka:13;Chanhassen:26
Woodbridge Pinot Grigio 1.5L,Pinot Grigio/Gris,Southern Glazer's Wine & Spirits of MN,109,18.0,6.1,7.2,12.99,10.96,45,,84,199,Stillwater:3;Osseo:4;Ramsey:4;Minneapolis:4;Andover:5;St. Louis Park:5;Cottage Grove:6;Plymouth:6;Vadnais Heights:6;Bloomington:7;Roseville:7;Blaine:7;Minnetonka:8;Woodbury:18;Rosemount:19
Bota Box Redvolution 500ml,Red Blends,Phillips Wine & Spirits - St. Paul,126,18.0,7.0,2.76,5.49,4.96,50,,85,195,Woodbury:1;Osseo:4;Rosemount:4;Blaine:4;Andover:5;Ramsey:7;Minneapolis:8;Roseville:10;Vadnais Heights:11;St. Louis Park:12;Stillwater:12;Cottage Grove:15;Chanhassen:16;Minnetonka:17
Barefoot Peach Moscato 750ml,Flavored,Johnson Brothers - St. Paul,156,17.8,8.8,4.41,7.99,6.96,45,ON Month Deep Net $51.85 ( Off Month Deep Net $56),75,235,Cottage Grove:3;Blaine:4;Stillwater:5;Bloomington:5;Andover:6;Ramsey:6;Minnetonka:7;Vadnais Heights:7;Plymouth:9;Rosemount:10;Woodbury:12;St. Louis Park:15;Chanhassen:22;Minneapolis:45
Colle Corviano Pinot Grigio 750ml,Pinot Grigio/Gris,Small Lot MN,174,17.7,9.8,7.46,17.49,14.96,57,,88,172,Ramsey:3;Minneapolis:5;Andover:6;Plymouth:7;Stillwater:7;Woodbury:7;Cottage Grove:9;Roseville:10;Osseo:11;St. Louis Park:11;Minnetonka:12;Rosemount:12;Chanhassen:12;Vadnais Heights:15;Blaine:18;Bloomington:29
Bartenura Moscato 750ml,Moscato,Phillips Wine & Spirits - St. Paul,118,17.6,6.7,7.71,14.99,12.96,49,,81,201,Chanhassen:2;Plymouth:2;Minnetonka:4;Roseville:4;Woodbury:5;Ramsey:6;Minneapolis:6;Cottage Grove:7;Bloomington:8;Vadnais Heights:8;St. Louis Park:9;Stillwater:13;Andover:13;Osseo:15;Blaine:16
Josh Cellars Seaswept White Blend 750ml,White Blends,Johnson Brothers - St. Paul,147,17.6,8.3,6.2,11.99,9.96,48,Buy 11 Josh (all flavors and sizes) and receive 3 free Josh Cabernet (#859252),67,265,Osseo:3;Roseville:5;Blaine:6;Rosemount:6;Minneapolis:7;Minnetonka:8;Woodbury:9;Bloomington:9;Vadnais Heights:10;Ramsey:11;Chanhassen:11;Plymouth:12;St. Louis Park:12;Andover:12;Cottage Grove:12;Stillwater:14
Black Box Riesling 3L Box,Other Whites,Johnson Brothers - St. Paul,89,17.6,5.1,12.84,19.99,16.96,36,,77,218,Blaine:1;Rosemount:2;Vadnais Heights:2;Roseville:2;Bloomington:3;St. Louis Park:3;Minneapolis:3;Osseo:5;Minnetonka:6;Chanhassen:7;Ramsey:7;Cottage Grove:7;Andover:7;Woodbury:10;Plymouth:10;Stillwater:14
90+ Cellars RR Pinot Noir 750ml,Pinot Noir,Bellboy Corporation,360,17.5,20.6,10.36,23.99,19.96,57,,79,207,Stillwater:11;Vadnais Heights:11;Minneapolis:13;Rosemount:13;Andover:14;Osseo:16;Cottage Grove:17;Woodbury:17;Ramsey:18;Minnetonka:19;Plymouth:21;Roseville:23;Bloomington:31;Blaine:33;Chanhassen:50;St. Louis Park:53
Kono Sauvignon Blanc 750ml,Sauvignon Blanc,"Vinocopia, Inc",152,17.5,8.7,9.46,16.99,14.96,44,,66,266,Osseo:1;Ramsey:1;Minneapolis:3;Plymouth:4;Chanhassen:4;Minnetonka:6;Roseville:6;Woodbury:7;Vadnais Heights:8;Andover:10;Blaine:10;Rosemount:10;Cottage Grove:11;Stillwater:12;Bloomington:16;St. Louis Park:43
Yellow Tail Pinot Grigio 1.5L,Pinot Grigio/Gris,Phillips Wine & Spirits - St. Paul,83,17.5,4.7,6.62,12.49,10.96,47,,70,247,Woodbury:1;Blaine:2;Plymouth:2;Ramsey:2;St. Louis Park:2;Rosemount:4;Bloomington:5;Cottage Grove:5;Chanhassen:5;Vadnais Heights:5;Minneapolis:5;Andover:7;Minnetonka:10;Roseville:14;Osseo:14
Chateau Ste Michelle Dry Riesling 750ml,Other Whites,Southern Glazer's Wine & Spirits of MN,237,17.2,13.8,6.73,9.99,8.96,33,,84,176,St. Louis Park:2;Rosemount:2;Minneapolis:3;Chanhassen:3;Cottage Grove:9;Bloomington:10;Minnetonka:11;Stillwater:11;Osseo:12;Woodbury:12;Plymouth:13;Vadnais Heights:18;Blaine:19;Roseville:24;Ramsey:25;Andover:63
Roscato Rosso Dolce 750ml,Flavored,"Breakthru Beverage Minnesota Wine & Spirits, LLC",330,17.1,19.3,8.76,14.99,12.96,42,12cs purchase in a month,81,186,Roseville:5;Rosemount:5;Chanhassen:7;Bloomington:9;Plymouth:10;Minnetonka:11;Vadnais Heights:12;Minneapolis:12;Ramsey:12;Osseo:17;Andover:27;Stillwater:29;St. Louis Park:30;Woodbury:33;Cottage Grove:50;Blaine:61
Sutter Home White Zinfandel 187ml,Zinfandel,Phillips Wine & Spirits - St. Paul,112,17.0,6.6,5.18,7.99,6.96,35,,70,233,St. Louis Park:1;Chanhassen:2;Plymouth:2;Andover:2;Rosemount:2;Ramsey:4;Minneapolis:4;Minnetonka:6;Vadnais Heights:6;Roseville:9;Bloomington:10;Stillwater:11;Woodbury:13;Osseo:16;Blaine:24
Justin Cabernet Sauvignon 750ml,Cabernet,Southern Glazer's Wine & Spirits of MN,192,17.0,11.3,17.11,28.99,24.96,41,,73,217,Blaine:2;Stillwater:4;Rosemount:5;Ramsey:6;Minneapolis:6;Plymouth:8;Roseville:8;Osseo:9;Woodbury:12;Andover:13;Cottage Grove:16;St. Louis Park:16;Bloomington:21;Chanhassen:30;Minnetonka:36
The Beach Rose 750ml,Rose,Oxford Street Merchants,157,16.9,9.3,11.76,19.99,16.96,41,,70,228,Minnetonka:2;Plymouth:4;Rosemount:6;Stillwater:7;Cottage Grove:8;Minneapolis:8;Roseville:8;Ramsey:9;Blaine:10;Bloomington:11;Vadnais Heights:12;Chanhassen:13;Woodbury:14;Andover:15;St. Louis Park:30
Bogle Pinot Noir 750ml,Pinot Noir,Johnson Brothers - St. Paul,183,16.9,10.8,6.08,10.99,8.96,45,,83,170,Ramsey:1;Andover:2;Cottage Grove:5;St. Louis Park:5;Stillwater:8;Rosemount:8;Minnetonka:11;Plymouth:11;Chanhassen:11;Osseo:12;Blaine:12;Vadnais Heights:16;Roseville:22;Minneapolis:25;Woodbury:34
Joel Gott Cab Sauvignon 750ml,Cabernet,Phillips Wine & Spirits - St. Paul,115,16.8,6.8,10.74,17.99,14.96,40,20 cases get 2 Cab Sauv N/C,76,199,Minneapolis:2;Bloomington:2;Rosemount:3;St. Louis Park:3;Cottage Grove:4;Minnetonka:6;Ramsey:6;Roseville:6;Osseo:7;Plymouth:8;Stillwater:11;Chanhassen:12;Blaine:13;Andover:14;Woodbury:19
90+ Cellars Lot 175 Rioja,Other Reds,Bellboy Corporation,296,16.6,17.8,6.7,15.99,12.96,58,,76,193,Andover:1;Woodbury:6;Bloomington:7;Chanhassen:10;Cottage Grove:15;Roseville:15;Vadnais Heights:15;Minnetonka:16;Stillwater:17;Rosemount:17;Ramsey:18;Minneapolis:25;Osseo:28;Plymouth:28;Blaine:30;St. Louis Park:48
Papi Merlot 750ml,Merlot,Paustis Wine,234,16.5,14.2,4.49,11.49,9.96,61,,70,216,Woodbury:5;Minneapolis:6;Osseo:8;Stillwater:8;Vadnais Heights:9;Ramsey:10;Bloomington:11;Roseville:12;St. Louis Park:13;Andover:15;Rosemount:15;Cottage Grove:18;Minnetonka:19;Plymouth:20;Blaine:25;Chanhassen:40
Black Box Buttery Chard 500ml Tetra 500ml,Chardonnay,Johnson Brothers - St. Paul,126,16.5,7.6,3.43,5.49,4.96,38,,67,229,Stillwater:1;Blaine:1;Minneapolis:3;Plymouth:5;Andover:5;Rosemount:6;Chanhassen:7;Roseville:8;Minnetonka:9;Vadnais Heights:10;Bloomington:11;Cottage Grove:12;Woodbury:12;St. Louis Park:17;Ramsey:19
Mumm Napa Brut Prestige 750ml,Sparkling,Southern Glazer's Wine & Spirits of MN,218,16.4,13.3,13.4,23.99,19.96,44,,68,222,Andover:1;Plymouth:6;Stillwater:7;Minneapolis:9;Ramsey:10;Cottage Grove:11;Chanhassen:12;Minnetonka:12;Rosemount:13;Osseo:15;Blaine:15;Vadnais Heights:17;Woodbury:26;Roseville:32;St. Louis Park:32
Bota Box Pinot Noir 3L Box,Pinot Noir,Phillips Wine & Spirits - St. Paul,45,16.4,2.7,13.4,19.99,17.96,33,,73,198,Chanhassen:1;Ramsey:1;Rosemount:2;Minneapolis:2;Plymouth:2;Roseville:3;Bloomington:3;Vadnais Heights:3;Osseo:3;Stillwater:4;Blaine:4;Cottage Grove:4;Andover:4;St. Louis Park:4;Woodbury:5
90+ Cellars Lambrusco 750ml,Sparkling,Bellboy Corporation,248,16.4,15.2,6.57,15.99,12.96,59,,74,193,Plymouth:5;Vadnais Heights:6;Osseo:7;Ramsey:10;Stillwater:11;Rosemount:12;Cottage Grove:13;Woodbury:13;Minneapolis:14;Andover:15;Bloomington:15;Chanhassen:17;Roseville:17;St. Louis Park:24;Minnetonka:25;Blaine:44
Josh Cellars Legacy Red Blend 750ml,Red Blends,Johnson Brothers - St. Paul,91,16.4,5.5,8.18,14.99,12.96,45,Buy 11 Josh (all flavors and sizes) and receive 3 free Josh Cabernet (#859252),66,231,Bloomington:2;Ramsey:2;Woodbury:2;Andover:3;Chanhassen:5;St. Louis Park:5;Vadnais Heights:6;Blaine:7;Cottage Grove:7;Minnetonka:8;Stillwater:8;Roseville:12;Osseo:12;Rosemount:12
14 Hands Hot to Trot Red 750ml,Red Blends,Southern Glazer's Wine & Spirits of MN,166,16.3,10.2,7.4,11.49,9.96,36,,77,176,St. Louis Park:3;Osseo:4;Roseville:7;Vadnais Heights:8;Minneapolis:9;Woodbury:10;Bloomington:11;Chanhassen:11;Rosemount:11;Stillwater:12;Cottage Grove:12;Minnetonka:12;Plymouth:12;Ramsey:13;Andover:14;Blaine:17
Good Day Mango Soju 375ml,Fortified,"Vinocopia, Inc",178,16.3,10.9,4.62,7.99,6.96,42,,75,188,Chanhassen:1;Blaine:3;Plymouth:3;Minnetonka:4;Ramsey:4;Stillwater:4;Vadnais Heights:6;Cottage Grove:10;Osseo:12;Woodbury:15;Rosemount:16;Bloomington:16;Andover:18;St. Louis Park:18;Roseville:20;Minneapolis:28
Bota Box Sauvignon Blanc 500ml,Sauvignon Blanc,Phillips Wine & Spirits - St. Paul,119,16.3,7.3,2.76,5.49,4.96,50,,65,231,Andover:1;Chanhassen:2;Bloomington:2;Minnetonka:4;Stillwater:5;Roseville:7;Vadnais Heights:7;Blaine:7;St. Louis Park:8;Woodbury:9;Rosemount:10;Cottage Grove:10;Minneapolis:11;Ramsey:11;Plymouth:12;Osseo:13
Taylor Port 750ml,Fortified,Johnson Brothers - St. Paul,113,16.2,7.0,6.76,10.99,9.96,38,,73,192,Rosemount:1;Plymouth:3;Ramsey:4;Vadnais Heights:4;Chanhassen:5;St. Louis Park:5;Woodbury:5;Stillwater:6;Andover:7;Roseville:7;Osseo:8;Bloomington:8;Blaine:11;Cottage Grove:12;Minneapolis:12;Minnetonka:15
Bogle Juggernaut Sauvignon Blanc 750ml,Sauvignon Blanc,Phillips Wine & Spirits - St. Paul,194,16.1,12.0,10.53,18.99,15.96,45,,65,226,Stillwater:3;Minnetonka:3;Cottage Grove:6;Vadnais Heights:6;Woodbury:8;Chanhassen:10;Osseo:10;Rosemount:10;St. Louis Park:10;Bloomington:11;Plymouth:13;Blaine:14;Ramsey:44;Andover:46
Acinum Prosecco 750ml,Sparkling,"Maverick Beverage Co., LLC - MN",177,16.1,11.0,8.79,16.99,14.96,48,Buyer's Select,72,195,Andover:2;Rosemount:5;Woodbury:6;Osseo:7;Chanhassen:9;Plymouth:9;Roseville:9;Vadnais Heights:9;Ramsey:10;Minnetonka:11;Cottage Grove:11;Minneapolis:12;St. Louis Park:12;Blaine:14;Stillwater:24;Bloomington:27
Hess Select Chardonnay 750ml,Chardonnay,Phillips Wine & Spirits - St. Paul,117,16.1,7.3,6.97,12.49,10.96,44,,69,207,Blaine:2;Chanhassen:3;Osseo:4;Woodbury:4;Rosemount:5;Minnetonka:8;Ramsey:8;Cottage Grove:8;Andover:9;St. Louis Park:9;Bloomington:10;Vadnais Heights:10;Stillwater:11;Minneapolis:12;Plymouth:14
Mionetto Prosecco Brut 750ml,Sparkling,Southern Glazer's Wine & Spirits of MN,226,16.1,14.1,8.92,14.99,12.96,40,,60,246,Minnetonka:5;Woodbury:5;Plymouth:8;Roseville:9;Bloomington:13;Chanhassen:14;Osseo:14;Rosemount:15;Vadnais Heights:17;St. Louis Park:17;Ramsey:18;Stillwater:19;Andover:21;Blaine:21;Cottage Grove:30
Freixenet Brut 750ml,Sparkling,Southern Glazer's Wine & Spirits of MN,135,16.1,8.4,6.22,12.99,10.96,52,,67,217,Andover:2;Ramsey:3;Osseo:4;Woodbury:7;Bloomington:8;Rosemount:8;Minneapolis:8;St. Louis Park:8;Plymouth:9;Roseville:9;Chanhassen:9;Cottage Grove:11;Blaine:11;Stillwater:11;Vadnais Heights:12;Minnetonka:15
Decoy Sauvignon Blanc 750ml,Sauvignon Blanc,"Breakthru Beverage Minnesota Wine & Spirits, LLC",108,15.9,6.8,11.43,18.99,15.96,40,"12cs one store, one invoice.  50+ cs chain buy ok to split up throughout the month.  Intended for feature, ad, display, etc.",66,214,Stillwater:2;Roseville:8;Chanhassen:8;Osseo:9;Rosemount:10;Blaine:13;Woodbury:13;Minnetonka:14;St. Louis Park:14;Andover:17
Jinro Chamisul Classico Soju 20.1% 750ml,Fortified,Johnson Brothers - St. Paul,85,15.8,5.4,7.72,13.79,11.96,44,,70,194,Chanhassen:2;Cottage Grove:2;Woodbury:2;Vadnais Heights:3;Ramsey:3;Minnetonka:7;Minneapolis:7;Stillwater:8;Blaine:12;Roseville:12;Bloomington:13;Plymouth:14
Andre Extra Dry 750ml,Sparkling,Johnson Brothers - St. Paul,99,15.8,6.3,4.92,7.99,7.46,38,,70,194,Vadnais Heights:3;Bloomington:4;Ramsey:6;Blaine:6;Rosemount:7;Minnetonka:8;Osseo:9;Andover:9;Stillwater:12;Roseville:12;Minneapolis:23
Josh Cellars Prosecco 750ml,Sparkling,Johnson Brothers - St. Paul,171,15.8,10.9,8.18,14.99,12.96,45,Buy 11 Josh (all flavors and sizes) and receive 3 free Josh Cabernet (#859252),69,196,Minnetonka:1;Ramsey:2;Roseville:2;Blaine:4;Bloomington:5;Vadnais Heights:10;Chanhassen:12;Cottage Grove:12;Minneapolis:12;Osseo:13;Woodbury:14;St. Louis Park:14;Plymouth:15;Andover:16;Stillwater:16;Rosemount:23
Papi Sweet Apple 750ml,Flavored,Paustis Wine,23,15.7,1.5,4.49,11.49,9.96,61,,71,185,Cottage Grove:1;Bloomington:2;Blaine:4;Woodbury:5;Vadnais Heights:5;Rosemount:6
One Flock Sauvignon Blanc 750ml,Sauvignon Blanc,Paustis Wine,226,15.7,14.4,6.57,17.49,14.96,62,,66,207,Andover:3;Chanhassen:4;Bloomington:6;Cottage Grove:7;Osseo:9;Ramsey:9;Roseville:11;Stillwater:12;Vadnais Heights:12;Plymouth:13;Minneapolis:21;Woodbury:22;St. Louis Park:22;Minnetonka:23;Rosemount:25;Blaine:27
Angeline Pinot Noir 750ml,Pinot Noir,Oxford Street Merchants,243,15.6,15.6,6.25,13.99,11.96,55,,56,250,Cottage Grove:7;Stillwater:8;Rosemount:9;St. Louis Park:10;Bloomington:11;Minnetonka:11;Vadnais Heights:11;Minneapolis:13;Ramsey:13;Osseo:14;Plymouth:14;Blaine:21;Roseville:23;Woodbury:24;Chanhassen:26;Andover:28
Black Box Red Elegance 3L Box,Red Blends,Johnson Brothers - St. Paul,111,15.5,7.2,13.15,19.99,16.96,34,,61,224,Plymouth:3;Roseville:3;Rosemount:3;Minnetonka:5;Minneapolis:5;St. Louis Park:6;Vadnais Heights:6;Cottage Grove:6;Bloomington:7;Ramsey:7;Woodbury:7;Blaine:8;Chanhassen:9;Osseo:10;Stillwater:11;Andover:15
Bota Box NightHawk Red Blend 3L Box,Red Blends,Phillips Wine & Spirits - St. Paul,46,15.5,3.0,13.4,19.99,17.96,33,,69,188,Woodbury:1;Chanhassen:1;Andover:2;Osseo:2;Cottage Grove:2;Minneapolis:3;Minnetonka:3;Ramsey:3;Plymouth:3;Vadnais Heights:3;Bloomington:4;St. Louis Park:4;Stillwater:4;Blaine:4;Roseville:7
Chateau Ste Michelle Sauvignon Blanc 750ml,Sauvignon Blanc,Southern Glazer's Wine & Spirits of MN,115,15.5,7.4,6.73,9.99,8.96,33,,81,135,Rosemount:1;Stillwater:2;Roseville:2;Andover:3;Osseo:5;Ramsey:5;Vadnais Heights:6;Woodbury:7;St. Louis Park:9;Chanhassen:11;Cottage Grove:12;Minnetonka:12;Blaine:12;Minneapolis:13;Bloomington:15
Jinro Plum 375ml,Fortified,Johnson Brothers - St. Paul,198,15.4,12.8,4.05,6.99,5.96,42,,64,208,Ramsey:4;Andover:4;Bloomington:6;Stillwater:8;Chanhassen:8;Plymouth:14;Minnetonka:16;Cottage Grove:16;Blaine:18;Rosemount:20;St. Louis Park:20;Minneapolis:20;Osseo:21;Vadnais Heights:23
Barefoot Riesling 1.5L,Other Whites,Johnson Brothers - St. Paul,66,15.2,4.4,7.56,13.99,11.96,46,2 FREE ON 22,67,186,Blaine:1;Andover:2;Chanhassen:2;Minnetonka:2;Roseville:3;Plymouth:3;Vadnais Heights:4;Bloomington:5;Osseo:6;Stillwater:6;Cottage Grove:6;Rosemount:8;Minneapolis:8;Ramsey:10
Han Jan Apple 375ml,Fortified,"Vinocopia, Inc",139,15.2,9.2,4.01,6.49,5.96,38,,69,177,Vadnais Heights:2;Blaine:2;Roseville:4;Plymouth:5;Chanhassen:6;Osseo:9;Andover:10;Stillwater:11;St. Louis Park:11;Woodbury:12;Minneapolis:13;Minnetonka:16;Ramsey:19;Bloomington:20
Franzia Moscato 5L Box,Other Whites,Southern Glazer's Wine & Spirits of MN,48,15.1,3.2,14.2,17.99,15.96,21,,72,161,Minnetonka:1;Vadnais Heights:1;Osseo:1;Andover:1;Rosemount:2;Woodbury:2;Roseville:3;St. Louis Park:3;Plymouth:4;Ramsey:4;Bloomington:5;Stillwater:5;Minneapolis:16
Boen Tri Appellation Pinot Noir 750ml,Pinot Noir,Oxford Street Merchants,153,14.8,10.3,10.65,18.99,15.96,44,,72,153,Cottage Grove:1;Blaine:4;Osseo:5;Rosemount:6;Stillwater:6;Roseville:6;Vadnais Heights:7;Bloomington:8;Woodbury:11;Andover:11;Ramsey:12;Chanhassen:12;Minneapolis:13;Plymouth:15;Minnetonka:17;St. Louis Park:19
Bota Box Dry Rose 3L Box,Rose,Phillips Wine & Spirits - St. Paul,52,14.7,3.5,13.4,19.99,17.96,33,,65,181,Minnetonka:1;Vadnais Heights:1;Woodbury:2;Andover:2;Minneapolis:2;Stillwater:2;Plymouth:3;Rosemount:3;Osseo:3;Cottage Grove:4;Ramsey:4;Chanhassen:4;Blaine:4;Bloomington:4;Roseville:4;St. Louis Park:9
Joel Gott Sauv Blanc 750ml,Sauvignon Blanc,Phillips Wine & Spirits - St. Paul,102,14.6,7.0,7.98,13.99,11.96,43,20 cases get 2 Cab Sauv N/C,59,204,Chanhassen:1;Minnetonka:1;Woodbury:3;Osseo:4;Bloomington:5;Roseville:5;Plymouth:6;Blaine:6;Vadnais Heights:7;Minneapolis:8;Stillwater:8;Cottage Grove:8;Ramsey:9;Andover:9;Rosemount:9;St. Louis Park:13
Bota Box Nighthawk Black Lush Pinot Noir 3L Box,Pinot Noir,Phillips Wine & Spirits - St. Paul,50,14.5,3.5,13.4,19.99,17.96,33,,64,177,St. Louis Park:1;Bloomington:2;Minneapolis:2;Osseo:2;Roseville:2;Plymouth:2;Chanhassen:2;Stillwater:2;Minnetonka:3;Ramsey:3;Woodbury:3;Vadnais Heights:3;Rosemount:5;Blaine:6;Cottage Grove:6;Andover:6
Table 7 CA Cabernet Sauvignon 750ml,Cabernet,Paustis Wine,465,14.5,32.1,6.32,14.99,12.96,58,,70,150,Chanhassen:3;Woodbury:4;Roseville:5;Vadnais Heights:10;Ramsey:12;Cottage Grove:19;Osseo:19;Minneapolis:20;Minnetonka:25;St. Louis Park:26;Stillwater:27;Andover:33;Plymouth:40;Bloomington:58;Rosemount:60;Blaine:104
Chloe Sauvignon Blanc 750ml,Sauvignon Blanc,Southern Glazer's Wine & Spirits of MN,80,14.4,5.5,7.07,12.49,10.96,43,,64,176,Andover:1;Woodbury:1;Minnetonka:2;Cottage Grove:2;Rosemount:2;Blaine:3;Osseo:5;Ramsey:6;Vadnais Heights:6;Chanhassen:7;St. Louis Park:7;Bloomington:8;Stillwater:9;Roseville:10;Plymouth:11
The Great Oregon Wine Co Rascal Pinot Noir 750ml,Pinot Noir,"New France Wine Co, Inc",559,14.3,39.0,9.54,11.49,9.95,17,,63,177,Minneapolis:13;Roseville:13;St. Louis Park:14;Plymouth:18;Ramsey:27;Vadnais Heights:27;Minnetonka:28;Osseo:30;Stillwater:31;Rosemount:32;Woodbury:37;Chanhassen:40;Andover:52;Cottage Grove:53;Blaine:144
Barefoot Sauv Blanc 750ml,Sauvignon Blanc,Johnson Brothers - St. Paul,109,14.3,7.6,4.41,7.99,6.96,45,ON Month Deep Net $51.85 ( Off Month Deep Net $56),63,175,Plymouth:1;Rosemount:2;Roseville:2;Osseo:3;Woodbury:5;Stillwater:8;Minnetonka:10;Andover:11;Ramsey:12;St. Louis Park:13;Vadnais Heights:13;Minneapolis:14;Blaine:15
Joel Gott Chardonnay 750ml,Chardonnay,Phillips Wine & Spirits - St. Paul,81,14.3,5.7,7.98,13.99,11.96,43,,60,190,Plymouth:1;Cottage Grove:2;Woodbury:2;Stillwater:2;Vadnais Heights:3;Andover:4;Rosemount:6;Blaine:6;Minneapolis:7;St. Louis Park:7;Minnetonka:8;Chanhassen:10;Bloomington:11;Ramsey:12
Chloe Pinot Grigio 750ml,Pinot Grigio/Gris,Southern Glazer's Wine & Spirits of MN,142,14.3,9.9,7.07,12.49,10.96,43,,56,209,Ramsey:1;Vadnais Heights:2;Chanhassen:2;Plymouth:3;Minnetonka:4;Minneapolis:7;Osseo:7;Rosemount:7;Woodbury:10;Roseville:10;Blaine:11;St. Louis Park:12;Cottage Grove:12;Stillwater:16;Bloomington:19;Andover:19
Josh Cellars Hearth Cabernet Sauvignon 750ml,Cabernet,Johnson Brothers - St. Paul,183,14.2,12.9,8.18,14.99,12.96,45,Buy 11 Josh (all flavors and sizes) and receive 3 free Josh Cabernet (#859252),66,158,Stillwater:1;St. Louis Park:2;Cottage Grove:6;Minneapolis:8;Vadnais Heights:8;Andover:8;Ramsey:9;Plymouth:10;Osseo:10;Rosemount:11;Woodbury:11;Chanhassen:13;Minnetonka:14;Roseville:15;Blaine:57
CSM Indian Wells Chardonnay 750ml,Chardonnay,Southern Glazer's Wine & Spirits of MN,152,14.2,10.7,11.4,18.99,15.96,40,,70,141,Minneapolis:3;Minnetonka:4;Vadnais Heights:5;Blaine:5;Andover:7;Stillwater:7;Plymouth:8;Ramsey:8;Roseville:8;Bloomington:10;Cottage Grove:10;Chanhassen:11;Woodbury:12;Rosemount:12;St. Louis Park:12;Osseo:30
Black Box Rose 3L Box,Rose,Johnson Brothers - St. Paul,76,14.1,5.4,12.84,19.99,16.96,36,,58,192,Roseville:2;Minneapolis:2;Minnetonka:3;Blaine:3;Vadnais Heights:4;Andover:4;Chanhassen:4;Cottage Grove:4;Rosemount:4;Ramsey:4;Stillwater:5;Plymouth:6;Osseo:7;Bloomington:8;St. Louis Park:8;Woodbury:8
Josh Cellars Rose 750ml,Rose,Johnson Brothers - St. Paul,127,14.1,9.0,6.2,11.99,9.96,48,Buy 11 Josh (all flavors and sizes) and receive 3 free Josh Cabernet (#859252),57,198,St. Louis Park:1;Blaine:4;Stillwater:6;Minnetonka:7;Ramsey:7;Andover:8;Bloomington:9;Osseo:9;Plymouth:9;Rosemount:11;Vadnais Heights:12;Roseville:13;Chanhassen:13;Cottage Grove:18
Colle Corviano Cerasuolo Rose 750ml,Rose,Small Lot MN,140,14.1,9.9,7.46,17.99,14.96,59,,66,157,Osseo:3;Plymouth:3;Ramsey:5;Rosemount:5;Woodbury:5;Vadnais Heights:8;Blaine:9;Minnetonka:11;Cottage Grove:11;Minneapolis:13;St. Louis Park:14;Andover:16;Bloomington:18;Roseville:19
Liquid Light Sauvignon Blanc 750ml,Sauvignon Blanc,Southern Glazer's Wine & Spirits of MN,100,13.9,7.2,8.73,13.79,11.96,37,,55,198,Blaine:1;Osseo:1;Stillwater:1;Bloomington:2;Cottage Grove:4;Vadnais Heights:5;Woodbury:6;Chanhassen:7;Plymouth:7;Ramsey:9;Roseville:10;Rosemount:10;Andover:11;Minnetonka:13;St. Louis Park:13
Menage A Trois Sweet Moscato 750ml,Other Whites,Phillips Wine & Spirits - St. Paul,121,13.8,8.8,5.92,10.99,9.96,46,5 MAT Red on 25,64,155,Stillwater:1;Bloomington:2;Plymouth:2;Woodbury:3;Chanhassen:8;Osseo:8;Minneapolis:8;Blaine:9;Ramsey:10;Rosemount:11;Roseville:12;Cottage Grove:12;Andover:13;Vadnais Heights:22
Barefoot White Zin 1.5L,Zinfandel,Johnson Brothers - St. Paul,100,13.8,7.2,7.56,13.99,11.96,46,2 FREE ON 22,60,175,Plymouth:3;Bloomington:5;Andover:5;Minneapolis:5;Cottage Grove:6;Rosemount:6;Minnetonka:6;Ramsey:7;Roseville:9;Stillwater:9;Vadnais Heights:11;Osseo:12;Blaine:16
Le Tuffeau Vouvray,Other Whites,"Bourget Imports, LLC",290,13.7,21.2,8.2,18.99,15.96,57,,65,148,Rosemount:3;Cottage Grove:9;Plymouth:9;Vadnais Heights:12;Blaine:12;Woodbury:12;Stillwater:15;Minneapolis:19;Minnetonka:20;Osseo:24;St. Louis Park:67;Roseville:88
Daily's Pina Colada RTD Frozen 10oz,Flavored,Phillips Wine & Spirits - St. Paul,186,13.7,13.6,1.55,3.99,3.46,61,,43,246,Vadnais Heights:1;Minnetonka:2;Stillwater:3;Rosemount:5;St. Louis Park:6;Minneapolis:8;Andover:8;Chanhassen:10;Roseville:12;Cottage Grove:13;Bloomington:14;Woodbury:19;Blaine:20;Plymouth:21;Osseo:22;Ramsey:22
Bogle Sauvignon Blanc 750ml,Sauvignon Blanc,Johnson Brothers - St. Paul,156,13.7,11.4,6.08,10.99,8.96,45,,69,130,Rosemount:4;Stillwater:5;St. Louis Park:6;Vadnais Heights:6;Andover:7;Minnetonka:7;Blaine:7;Cottage Grove:8;Minneapolis:8;Roseville:10;Bloomington:11;Ramsey:12;Plymouth:12;Woodbury:13;Chanhassen:16;Osseo:24
Chateau Ste Michelle Pinot Gris 750ml,Pinot Grigio/Gris,Southern Glazer's Wine & Spirits of MN,148,13.6,10.9,6.73,9.99,8.96,33,,75,99,Minnetonka:1;Chanhassen:4;Bloomington:5;Cottage Grove:6;Woodbury:6;Vadnais Heights:7;Andover:7;Minneapolis:10;Ramsey:12;Plymouth:12;Blaine:12;Rosemount:12;Roseville:13;St. Louis Park:14;Stillwater:27
Les Allies Chardonnay 750ml,Chardonnay,"Maverick Beverage Co., LLC - MN",129,13.5,9.5,7.62,17.49,14.96,56,,60,165,Vadnais Heights:3;Minnetonka:5;Minneapolis:5;Woodbury:6;Rosemount:6;Roseville:9;Plymouth:10;Stillwater:10;Blaine:10;Andover:12;St. Louis Park:12;Bloomington:19;Chanhassen:22
Franzia Cab Sauv 5L Box,Cabernet,Southern Glazer's Wine & Spirits of MN,52,13.5,3.8,14.2,19.99,17.96,29,,59,170,Vadnais Heights:2;Woodbury:2;St. Louis Park:2;Cottage Grove:2;Blaine:2;Rosemount:3;Andover:3;Chanhassen:3;Minnetonka:4;Plymouth:4;Roseville:4;Ramsey:4;Bloomington:5;Stillwater:5;Minneapolis:7
Chateau Ste Michelle Cabernet Sauvignon 750ml,Cabernet,Southern Glazer's Wine & Spirits of MN,126,13.5,9.3,8.73,13.79,11.96,37,,66,137,Rosemount:1;Roseville:4;Ramsey:5;Woodbury:6;Stillwater:7;Minneapolis:8;Bloomington:10;Vadnais Heights:10;Cottage Grove:11;Andover:11;Plymouth:12;Minnetonka:12;St. Louis Park:13;Chanhassen:16
"90+ Cellars Sauvignon Blanc, IGP Val de Loire Lot 213 750ml",Sauvignon Blanc,Bellboy Corporation,244,13.5,18.0,9.42,23.99,19.96,61,,58,174,Andover:3;Osseo:4;Bloomington:10;Rosemount:10;Plymouth:10;Vadnais Heights:12;Ramsey:13;Blaine:13;Cottage Grove:15;Woodbury:15;Stillwater:15;Minneapolis:16;Minnetonka:21;St. Louis Park:21;Roseville:24;Chanhassen:42
Josh Cellars Merlot 750ml,Merlot,Johnson Brothers - St. Paul,109,13.5,8.1,8.18,14.99,12.96,45,Buy 11 Josh (all flavors and sizes) and receive 3 free Josh Cabernet (#859252),62,156,Andover:3;Rosemount:4;Roseville:4;Stillwater:4;Woodbury:5;Cottage Grove:5;Chanhassen:6;Minnetonka:6;Vadnais Heights:6;Ramsey:7;Plymouth:8;Osseo:8;Blaine:10;Bloomington:11;Minneapolis:11;St. Louis Park:11
Three Rivers Cabernet Sauvignon 750ml,Cabernet,Southern Glazer's Wine & Spirits of MN,245,13.4,18.3,6.97,18.99,15.96,63,,54,188,Minneapolis:4;Cottage Grove:5;Stillwater:6;Osseo:7;Woodbury:7;Ramsey:11;Rosemount:13;Plymouth:14;Andover:15;Minnetonka:16;Vadnais Heights:17;Chanhassen:18;Roseville:23;St. Louis Park:25;Blaine:31;Bloomington:33
Martini & Rossi Asti 750ml,Sparkling,Southern Glazer's Wine & Spirits of MN,224,13.3,16.8,7.87,12.49,10.96,37,,54,185,Chanhassen:6;Plymouth:7;Ramsey:10;Woodbury:11;Minneapolis:11;Bloomington:12;Osseo:13;Stillwater:15;Vadnais Heights:15;Minnetonka:16;St. Louis Park:16;Rosemount:20;Andover:20;Blaine:24;Roseville:28
90+ Cellars Cremant d'Alsace Lot 228 750ml,Sparkling,Bellboy Corporation,315,13.3,23.6,11.71,26.99,22.96,57,,58,168,Osseo:5;Bloomington:6;Vadnais Heights:9;Chanhassen:11;Rosemount:12;Stillwater:13;Woodbury:13;Cottage Grove:17;Roseville:23;St. Louis Park:24;Ramsey:25;Andover:26;Minneapolis:29;Blaine:30;Minnetonka:33;Plymouth:39
Dark Horse Cabernet Sauvignon 750ml,Cabernet,Johnson Brothers - St. Paul,165,13.3,12.4,5.43,9.99,8.96,46,,58,168,Ramsey:2;Stillwater:3;Roseville:4;Bloomington:9;Plymouth:10;Woodbury:10;Rosemount:11;Osseo:11;St. Louis Park:11;Minneapolis:11;Andover:11;Blaine:12;Vadnais Heights:14;Chanhassen:19;Cottage Grove:27
Daily's Jamaican RTD Frozen 10oz,Flavored,Phillips Wine & Spirits - St. Paul,210,13.2,15.9,1.55,3.99,3.46,61,,45,221,Woodbury:1;Roseville:3;Stillwater:4;Andover:7;Minneapolis:7;Minnetonka:10;Vadnais Heights:11;Rosemount:14;Osseo:14;Ramsey:15;Plymouth:17;Cottage Grove:18;Bloomington:19;Chanhassen:22;St. Louis Park:23;Blaine:25
Bogle Merlot 750ml,Merlot,Johnson Brothers - St. Paul,270,13.2,20.4,6.08,10.99,8.96,45,,69,114,Bloomington:5;Minneapolis:7;Andover:8;Blaine:9;Rosemount:10;Roseville:12;Minnetonka:13;Woodbury:15;Chanhassen:16;Ramsey:17;Cottage Grove:18;Plymouth:21;Stillwater:22;Osseo:23;Vadnais Heights:24;St. Louis Park:50
Soon Hari Peach Soju 375ml,Fortified,Johnson Brothers - St. Paul,72,13.2,5.4,4.72,7.99,6.96,41,DEEP NET,63,142,Ramsey:6;Blaine:19;Minneapolis:47
Franzia Chillable Red 5L Box,Red Blends,Southern Glazer's Wine & Spirits of MN,57,13.2,4.3,12.02,17.99,15.96,33,,57,167,Bloomington:1;Roseville:1;Andover:1;Plymouth:2;Rosemount:2;St. Louis Park:3;Chanhassen:3;Cottage Grove:3;Ramsey:3;Minnetonka:4;Woodbury:4;Stillwater:5;Vadnais Heights:5;Osseo:6;Blaine:6;Minneapolis:8
Bota Box Breeze Pinot Grigio 3L Box,Pinot Grigio/Gris,Phillips Wine & Spirits - St. Paul,52,13.1,4.0,13.4,19.99,17.96,33,,54,178,Rosemount:2;Vadnais Heights:2;Minnetonka:2;Plymouth:2;Andover:2;Ramsey:2;Osseo:3;Cottage Grove:3;Chanhassen:3;St. Louis Park:3;Bloomington:4;Blaine:4;Roseville:5;Woodbury:5;Minneapolis:5;Stillwater:5
Barefoot Blueberry Moscato 1.5L,Flavored,Johnson Brothers - St. Paul,15,13.1,1.1,7.56,13.99,11.96,46,2 FREE ON 22,63,139,Chanhassen:2;Blaine:3;Roseville:4;Cottage Grove:6
Barefoot Riesling 750ml,Other Whites,Johnson Brothers - St. Paul,95,12.9,7.3,4.41,7.99,6.96,45,ON Month Deep Net $51.85 ( Off Month Deep Net $56),64,128,Rosemount:2;Minnetonka:3;Woodbury:3;Blaine:3;Roseville:4;St. Louis Park:4;Plymouth:8;Stillwater:8;Osseo:9;Bloomington:9;Minneapolis:9;Chanhassen:10;Ramsey:10;Cottage Grove:13
Stella Rosa Red 750ml,Flavored,"Breakthru Beverage Minnesota Wine & Spirits, LLC",137,12.9,10.6,8.76,13.99,11.96,37,,58,155,Woodbury:1;Osseo:3;Minneapolis:4;Bloomington:5;Minnetonka:6;Stillwater:6;Chanhassen:6;Blaine:8;Plymouth:11;Roseville:11;Ramsey:12;St. Louis Park:12;Andover:12;Rosemount:12;Vadnais Heights:13;Cottage Grove:15
Prati by Louis Martini Cabernet Sauvignon 750ml,Cabernet,Johnson Brothers - St. Paul,177,12.9,13.7,11.42,18.99,15.96,40,DEEP NET $136 ALL,57,159,Minneapolis:1;Rosemount:4;Osseo:5;Stillwater:5;St. Louis Park:5;Woodbury:5;Cottage Grove:6;Bloomington:8;Minnetonka:9;Roseville:9;Vadnais Heights:12;Blaine:13;Andover:15;Chanhassen:18;Ramsey:29;Plymouth:33
Readers Cabernet Sauvignon 750ml,Cabernet,Bellboy Corporation,155,12.8,12.1,11.5,23.99,19.96,52,,55,163,Cottage Grove:3;Andover:3;Blaine:4;Osseo:5;Woodbury:6;Roseville:8;St. Louis Park:8;Stillwater:8;Minneapolis:9;Ramsey:11;Chanhassen:12;Minnetonka:12;Plymouth:12;Rosemount:12;Bloomington:20;Vadnais Heights:22
Sainte-Anne Chardonnay 750ml,Chardonnay,"Bourget Imports, LLC",109,12.7,8.6,6.18,14.99,12.96,59,,21,315,Stillwater:4;Cottage Grove:12;Minnetonka:17;Minneapolis:19;Roseville:22;Bloomington:35
Chateau Ste Michelle Harvest Riesling 750ml,Other Whites,Southern Glazer's Wine & Spirits of MN,146,12.7,11.5,6.73,9.99,8.96,33,,61,135,Plymouth:3;Osseo:4;St. Louis Park:4;Minneapolis:5;Stillwater:6;Blaine:6;Roseville:6;Andover:8;Minnetonka:8;Bloomington:9;Vadnais Heights:9;Ramsey:11;Rosemount:12;Cottage Grove:17;Woodbury:18;Chanhassen:20
90+ Cellars French Fusion 750ml,Red Blends,Bellboy Corporation,274,12.7,21.6,6.7,15.99,12.96,58,,55,161,Cottage Grove:3;Woodbury:3;Ramsey:6;Rosemount:6;Vadnais Heights:13;St. Louis Park:14;Blaine:18;Andover:20;Roseville:21;Minneapolis:22;Bloomington:23;Plymouth:24;Osseo:29;Chanhassen:31;Minnetonka:41
Rombauer Chardonnay 750ml,Chardonnay,Oxford Street Merchants,155,12.7,12.3,28.43,44.99,37.96,37,4 free Pine Ridge Chenin Blanc on 10 cases M/M,50,183,Osseo:2;Vadnais Heights:2;Plymouth:2;Chanhassen:3;Ramsey:4;Cottage Grove:5;Minneapolis:6;Stillwater:6;Blaine:6;Rosemount:10;St. Louis Park:10;Roseville:12;Andover:13;Woodbury:13;Bloomington:16;Minnetonka:42
Gazela Vinho Verde,Other Whites,Paustis Wine,326,12.7,25.6,5.08,9.99,8.96,49,,49,189,Osseo:8;Chanhassen:12;Cottage Grove:12;Plymouth:12;Andover:12;Ramsey:13;Minneapolis:15;Minnetonka:16;Bloomington:16;Woodbury:20;St. Louis Park:20;Stillwater:27;Roseville:28;Blaine:34;Vadnais Heights:36;Rosemount:45
Franzia Refreshing White 5L Box,White Blends,Southern Glazer's Wine & Spirits of MN,45,12.7,3.5,12.02,17.99,15.96,33,,61,134,Andover:1;Minnetonka:1;Plymouth:1;Ramsey:1;Stillwater:2;Vadnais Heights:2;Osseo:2;Bloomington:3;Chanhassen:3;Rosemount:3;Woodbury:4;Roseville:5;Minneapolis:17
90+ Cellars DOC Prosecco Lot 50 (3 pk) 187ml,Sparkling,Bellboy Corporation,1343,12.6,107.1,8.27,19.99,16.96,59,,65,111,Osseo:15;Ramsey:27;Stillwater:39;Cottage Grove:50;Andover:54;Chanhassen:66;Minneapolis:77;Bloomington:78;Minnetonka:92;Rosemount:103;Blaine:109;St. Louis Park:110;Plymouth:117;Vadnais Heights:120;Woodbury:129;Roseville:151
Woodbridge Light Oak Chardonnay 1.5L,Chardonnay,Southern Glazer's Wine & Spirits of MN,86,12.6,6.8,7.2,12.99,10.96,45,,51,175,Woodbury:1;Andover:1;Minnetonka:2;Minneapolis:4;Osseo:5;St. Louis Park:6;Chanhassen:6;Roseville:6;Stillwater:8;Plymouth:9;Rosemount:10;Vadnais Heights:11;Blaine:17
Coppola Diamond Cabernet Sauvignon 750ml,Cabernet,Johnson Brothers - St. Paul,157,12.6,12.4,8.05,13.99,12.96,42,,59,141,Vadnais Heights:2;Rosemount:5;Bloomington:6;Woodbury:6;Chanhassen:7;Osseo:8;Roseville:8;Plymouth:8;St. Louis Park:9;Ramsey:10;Cottage Grove:11;Stillwater:11;Minnetonka:12;Blaine:12;Minneapolis:20;Andover:22
Barefoot Chardonnay 1.5L,Chardonnay,Johnson Brothers - St. Paul,54,12.5,4.3,7.56,13.99,11.96,46,2 FREE ON 22,60,133,Chanhassen:2;Andover:2;St. Louis Park:2;Osseo:3;Woodbury:3;Minneapolis:3;Stillwater:4;Bloomington:5;Plymouth:5;Ramsey:6;Cottage Grove:6;Roseville:6;Vadnais Heights:7
The Little Sheep Pinot Noir 750ml,Pinot Noir,Rue 38 LLC,105,12.5,8.4,8.17,14.99,12.96,45,,59,136,Vadnais Heights:1;Rosemount:1;Ramsey:3;Minnetonka:4;Cottage Grove:6;Chanhassen:7;Plymouth:7;Osseo:8;Stillwater:8;Blaine:8;St. Louis Park:9;Woodbury:9;Bloomington:10;Andover:12;Roseville:12
Sta Maria La Palma Aragosta Vermentino,Other Whites,"Bourget Imports, LLC",62,12.5,5.0,11.48,20.99,17.96,45,,63,119,Plymouth:2;Blaine:3;Roseville:11;Chanhassen:11;St. Louis Park:11;Minnetonka:12;Minneapolis:12
Raza Vinho Verde 750ml,Other Whites,The Wine Company,126,12.4,10.2,7.46,12.99,10.96,43,,42,208,Ramsey:1;Roseville:1;Chanhassen:1;Rosemount:5;Andover:6;Bloomington:8;Minneapolis:8;Vadnais Heights:8;Blaine:9;Stillwater:9;Osseo:11;Plymouth:11;Minnetonka:13;St. Louis Park:16;Cottage Grove:19
19 Crimes Cabernet 750ml,Cabernet,"Breakthru Beverage Minnesota Wine & Spirits, LLC",187,12.4,15.1,6.1,11.49,9.96,47,,57,141,Woodbury:3;Cottage Grove:4;Minnetonka:5;Vadnais Heights:5;Roseville:7;Bloomington:8;Stillwater:10;Blaine:10;Minneapolis:11;Ramsey:12;Chanhassen:12;Rosemount:14;St. Louis Park:14;Plymouth:15;Andover:18;Osseo:39
Jinro Peach 375ml,Fortified,Johnson Brothers - St. Paul,201,12.3,16.3,4.05,6.99,5.96,42,,35,238,Bloomington:7;Andover:8;Blaine:8;Cottage Grove:12;Woodbury:20;Vadnais Heights:20;Roseville:21;St. Louis Park:22;Minnetonka:28;Minneapolis:55
Bota Box Chardonnay 500ml,Chardonnay,Phillips Wine & Spirits - St. Paul,107,12.2,8.8,2.76,5.49,4.96,50,,48,176,Blaine:1;Bloomington:3;Vadnais Heights:3;Osseo:4;Woodbury:4;Plymouth:5;Chanhassen:5;Minneapolis:8;Cottage Grove:12;Stillwater:12;Rosemount:12;Andover:12;St. Louis Park:12;Roseville:14
Barefoot Chardonnay 750ml,Chardonnay,Johnson Brothers - St. Paul,113,12.2,9.3,4.41,7.99,6.96,45,ON Month Deep Net $51.85 ( Off Month Deep Net $56),54,149,Rosemount:3;Roseville:5;Chanhassen:5;Bloomington:7;Vadnais Heights:7;St. Louis Park:7;Minneapolis:8;Blaine:9;Cottage Grove:10;Ramsey:10;Andover:10;Stillwater:12;Plymouth:20
Pizzolato Cabernet 750ml,Cabernet,Oxford Street Merchants,143,12.2,11.7,8.42,18.99,16.96,56,,58,132,Cottage Grove:3;Woodbury:3;Ramsey:4;Minnetonka:4;Minneapolis:5;Chanhassen:6;Plymouth:6;Stillwater:6;Roseville:9;St. Louis Park:10;Blaine:11;Vadnais Heights:12;Andover:14;Rosemount:16;Bloomington:17;Osseo:17
Black Box Deep Dark Cabernet 500ml,Cabernet,Johnson Brothers - St. Paul,88,12.2,7.2,3.43,5.49,4.96,38,,51,162,Chanhassen:1;Blaine:1;Minnetonka:2;Plymouth:2;Rosemount:2;Andover:3;Woodbury:4;Stillwater:5;Roseville:5;Osseo:6;Ramsey:8;Bloomington:8;Minneapolis:8;Cottage Grove:9;Vadnais Heights:10;St. Louis Park:14
Woodbridge Chardonnay 750ml,Chardonnay,Southern Glazer's Wine & Spirits of MN,94,12.1,7.8,4.07,7.99,6.96,49,,56,137,St. Louis Park:1;Blaine:1;Osseo:2;Plymouth:2;Woodbury:3;Chanhassen:4;Minnetonka:6;Roseville:6;Bloomington:6;Vadnais Heights:8;Minneapolis:10;Cottage Grove:11;Ramsey:11;Rosemount:11;Andover:12
Ecco Domani 90 Calorie Pinot Grigio 750ml,Pinot Grigio/Gris,Johnson Brothers - St. Paul,200,12.0,16.7,8.09,13.79,11.96,41,,56,133,Chanhassen:5;Minnetonka:7;St. Louis Park:7;Cottage Grove:8;Stillwater:9;Minneapolis:10;Vadnais Heights:10;Blaine:10;Rosemount:12;Roseville:12;Woodbury:15;Andover:17;Plymouth:18;Osseo:60
Fritz Muller Rose Spritzer 750ml,Sparkling,Small Lot MN,97,11.9,8.1,13.46,23.99,19.96,44,,38,212,Andover:2;Woodbury:2;Minnetonka:4;Rosemount:4;Blaine:4;Vadnais Heights:5;Plymouth:7;Roseville:12;Chanhassen:12;Bloomington:20;St. Louis Park:25
Austin Cabernet Sauvignon 750ml,Cabernet,"Grape Beginnings, Inc.",108,11.9,9.1,15.0,26.99,22.96,44,,47,171,Osseo:1;Vadnais Heights:1;Rosemount:1;Chanhassen:2;Minnetonka:4;Roseville:5;Andover:5;Blaine:7;Ramsey:9;Stillwater:10;Plymouth:10;Woodbury:12;St. Louis Park:13;Bloomington:28
Black Box Tart & Tangy Sauvignon Blanc 500ml,Sauvignon Blanc,Johnson Brothers - St. Paul,104,11.8,8.8,3.43,5.49,4.96,38,,45,176,Rosemount:2;Woodbury:3;Bloomington:4;Minnetonka:4;Cottage Grove:6;Vadnais Heights:6;Minneapolis:7;Plymouth:7;Stillwater:8;St. Louis Park:9;Ramsey:10;Chanhassen:11;Blaine:12;Roseville:15
Apothic Crush 750ml,Red Blends,Johnson Brothers - St. Paul,141,11.8,11.9,7.42,12.99,10.96,43,,53,141,Roseville:1;Minnetonka:2;Rosemount:2;Stillwater:2;Blaine:6;Chanhassen:7;Andover:8;Bloomington:9;Woodbury:10;Ramsey:11;Minneapolis:11;St. Louis Park:12;Plymouth:12;Osseo:15;Vadnais Heights:33
Barefoot Mango Moscato 1.5L,Flavored,Johnson Brothers - St. Paul,14,11.8,1.2,7.56,13.99,11.96,46,2 FREE ON 22,63,97,St. Louis Park:1;Minnetonka:2;Roseville:2;Stillwater:4;Blaine:6
Bogle Zinfandel 750ml,Zinfandel,Johnson Brothers - St. Paul,195,11.8,16.5,6.08,10.99,8.96,45,,55,132,Blaine:2;Plymouth:4;Rosemount:4;Andover:5;Chanhassen:7;St. Louis Park:7;Stillwater:7;Minnetonka:9;Roseville:9;Bloomington:10;Woodbury:13;Vadnais Heights:15;Osseo:17;Ramsey:18;Cottage Grove:25;Minneapolis:43
Stella Rosa Blueberry 750ml,Flavored,"Breakthru Beverage Minnesota Wine & Spirits, LLC",106,11.7,9.0,8.76,13.99,11.96,37,,49,157,Stillwater:1;Minneapolis:1;Roseville:4;Minnetonka:5;Andover:5;Plymouth:6;St. Louis Park:6;Osseo:6;Blaine:7;Bloomington:8;Ramsey:9;Vadnais Heights:9;Rosemount:10;Cottage Grove:13;Chanhassen:16
Robert Mondavi PS Cab Sauv BB 750ml,Cabernet,Southern Glazer's Wine & Spirits of MN,137,11.7,11.7,8.73,14.99,12.96,42,,53,138,Minneapolis:1;Cottage Grove:1;Stillwater:3;Bloomington:5;Roseville:5;Blaine:6;Andover:8;Rosemount:9;St. Louis Park:11;Vadnais Heights:11;Minnetonka:12;Osseo:12;Plymouth:14;Chanhassen:16;Woodbury:23
Barefoot Red Moscato 1.5L,Flavored,Johnson Brothers - St. Paul,54,11.7,4.6,7.56,13.99,11.96,46,2 FREE ON 22,55,129,Bloomington:1;Plymouth:1;Stillwater:1;Minnetonka:2;Vadnais Heights:3;Cottage Grove:3;Osseo:3;Woodbury:4;Rosemount:4;Blaine:4;Minneapolis:4;St. Louis Park:5;Chanhassen:6;Roseville:6;Ramsey:7
Tutela Chianti DOCG 750ml,Other Reds,Bellboy Corporation,173,11.7,14.7,8.42,18.99,15.96,56,,56,125,Chanhassen:1;Cottage Grove:1;Minneapolis:3;Ramsey:6;Andover:7;Stillwater:8;St. Louis Park:9;Rosemount:10;Vadnais Heights:12;Blaine:13;Roseville:13;Bloomington:14;Minnetonka:14;Osseo:14;Plymouth:22;Woodbury:26
Pizzolato Muse Rose 187ml,Sparkling,Oxford Street Merchants,173,11.7,14.7,3.42,7.99,6.96,57,,43,184,Rosemount:2;Vadnais Heights:3;Roseville:4;Minneapolis:4;Blaine:5;Bloomington:8;Osseo:10;Ramsey:11;Stillwater:11;Plymouth:11;Minnetonka:12;Chanhassen:13;Cottage Grove:14;Andover:20;Woodbury:22;St. Louis Park:23
Pike Road Willamette Valley Pinot Noir 750ml,Pinot Noir,"New France Wine Co, Inc",88,11.7,7.5,12.21,20.99,17.96,42,,52,141,Vadnais Heights:1;Ramsey:2;Roseville:2;Minnetonka:3;Andover:5;Chanhassen:5;Woodbury:7;Cottage Grove:8;Plymouth:9;Rosemount:10;Bloomington:11;Blaine:12;Stillwater:13
Bota Box Nighthawk GD Chardonnay 3L Box,Chardonnay,Phillips Wine & Spirits - St. Paul,49,11.6,4.2,13.4,19.99,17.96,33,,45,169,St. Louis Park:1;Chanhassen:1;Minnetonka:1;Rosemount:1;Minneapolis:2;Woodbury:2;Andover:2;Cottage Grove:2;Roseville:2;Osseo:3;Plymouth:3;Ramsey:3;Stillwater:4;Bloomington:6;Blaine:7;Vadnais Heights:9
90+ Cellars Prosecco Rose (single) 187ml,Sparkling,Bellboy Corporation,0,11.6,0.0,3.04,5.99,4.96,49,,38,201,
Barefoot Sauv Blanc 1.5L,Sauvignon Blanc,Johnson Brothers - St. Paul,84,11.6,7.2,7.56,13.99,11.96,46,2 FREE ON 22,50,149,Rosemount:1;Chanhassen:1;Vadnais Heights:1;Cottage Grove:1;Ramsey:1;Blaine:2;Osseo:2;Minnetonka:4;Roseville:5;Bloomington:6;St. Louis Park:6;Plymouth:7;Minneapolis:7;Andover:9;Woodbury:15;Stillwater:16
Chloe Prosecco 750ml,Sparkling,Southern Glazer's Wine & Spirits of MN,136,11.6,11.8,8.07,14.99,12.96,46,,51,142,Andover:1;Plymouth:3;Chanhassen:4;Ramsey:7;Roseville:7;Osseo:8;Bloomington:10;St. Louis Park:10;Blaine:11;Minnetonka:11;Woodbury:11;Cottage Grove:11;Vadnais Heights:11;Rosemount:16;Stillwater:16
Black Box Malbec 3L Box,Malbec,Johnson Brothers - St. Paul,56,11.5,4.9,12.84,19.99,16.96,36,,50,144,Stillwater:1;Bloomington:2;Minneapolis:2;Minnetonka:2;Ramsey:2;Rosemount:2;Plymouth:2;Cottage Grove:3;St. Louis Park:4;Andover:5;Blaine:5;Osseo:6;Chanhassen:6;Vadnais Heights:7;Roseville:7
Il Valore Chianti DOCG 750ml,Other Reds,Rue 38 LLC,170,11.5,14.8,7.83,17.49,14.96,55,,58,109,Plymouth:2;Andover:3;Bloomington:5;St. Louis Park:6;Ramsey:7;Woodbury:8;Vadnais Heights:10;Cottage Grove:11;Roseville:12;Chanhassen:12;Rosemount:13;Blaine:13;Minnetonka:13;Minneapolis:17;Stillwater:17;Osseo:21
XXL Strawberry 750ml,Flavored,Paustis Wine,77,11.4,6.8,6.14,12.99,11.96,53,,52,131,Blaine:1;Rosemount:1;Vadnais Heights:2;Cottage Grove:3;Andover:3;Ramsey:4;Plymouth:8;Roseville:10;Minneapolis:10;Bloomington:11;Osseo:12;Woodbury:12
Saero Soju Zero Sugar 375ml,Fortified,Johnson Brothers - St. Paul,146,11.4,12.9,4.72,7.99,6.96,41,,40,185,Andover:8;Minnetonka:8;Rosemount:9;Plymouth:12;Roseville:14;St. Louis Park:15;Bloomington:17;Blaine:20;Vadnais Heights:20;Minneapolis:23
Decoy Sonoma Chardonnay 750ml,Chardonnay,"Breakthru Beverage Minnesota Wine & Spirits, LLC",151,11.4,13.3,11.43,18.99,15.96,40,"12cs one store, one invoice.  50+ cs chain buy ok to split up throughout the month.  Intended for feature, ad, display, etc.",45,163,Minnetonka:3;Osseo:4;Vadnais Heights:4;Roseville:4;Rosemount:5;Plymouth:5;Blaine:6;Cottage Grove:7;Andover:9;Bloomington:10;Chanhassen:11;Minneapolis:12;Woodbury:13;Ramsey:16;Stillwater:20;St. Louis Park:22
Mumm Napa Brut Rose 750ml,Sparkling,Southern Glazer's Wine & Spirits of MN,197,11.4,17.3,13.4,23.99,19.96,44,,48,150,Osseo:3;Woodbury:4;Bloomington:7;Stillwater:8;Roseville:8;Plymouth:10;Vadnais Heights:11;Andover:11;Blaine:12;Cottage Grove:12;Minnetonka:14;Ramsey:15;Chanhassen:16;St. Louis Park:16;Rosemount:23;Minneapolis:27
Vina Palaciega Cava Brut 750ml,Sparkling,Bellboy Corporation,270,11.4,23.6,7.08,17.49,14.96,60,,47,156,Minneapolis:1;Andover:2;Ramsey:10;Rosemount:10;Stillwater:11;Woodbury:12;Bloomington:14;Osseo:16;Plymouth:17;Minnetonka:18;Chanhassen:19;Vadnais Heights:24;Roseville:25;St. Louis Park:25;Cottage Grove:32;Blaine:34
Martini & Rossi Prosecco 750ml,Sparkling,Southern Glazer's Wine & Spirits of MN,161,11.3,14.3,7.87,13.79,11.96,43,,46,156,Andover:3;Vadnais Heights:3;Rosemount:5;Woodbury:7;Osseo:9;Plymouth:9;Ramsey:9;Minnetonka:10;St. Louis Park:11;Minneapolis:12;Roseville:13;Chanhassen:15;Stillwater:16;Cottage Grove:17;Blaine:22
Bota Box Nighthawk Gold Sauv Blanc 3L Box,Sauvignon Blanc,Phillips Wine & Spirits - St. Paul,48,11.2,4.3,13.4,19.99,17.96,33,,49,141,Woodbury:1;Vadnais Heights:1;Chanhassen:2;Minnetonka:2;Rosemount:2;Minneapolis:2;Cottage Grove:3;Ramsey:3;Andover:3;Blaine:3;Roseville:3;Bloomington:4;Osseo:4;Plymouth:5;St. Louis Park:5;Stillwater:5
Hess Select Cab Sauv 750ml,Cabernet,Phillips Wine & Spirits - St. Paul,114,11.1,10.3,9.17,17.99,15.96,49,,52,122,Andover:2;Minneapolis:2;Plymouth:3;Minnetonka:4;Chanhassen:4;Bloomington:5;Stillwater:6;St. Louis Park:6;Osseo:8;Woodbury:8;Vadnais Heights:10;Blaine:12;Rosemount:12;Cottage Grove:12;Roseville:20
"90+ Cellars Lot 132 Reserve Rose, Provence 750ml",Rose,Bellboy Corporation,274,11.1,24.7,9.83,23.99,19.96,59,,35,199,Stillwater:7;Minneapolis:9;Bloomington:10;Vadnais Heights:11;Plymouth:12;Chanhassen:15;Andover:16;Rosemount:18;Roseville:20;Woodbury:25;Minnetonka:37;Blaine:37;St. Louis Park:57
Barefoot Moscato 3L Box,Other Whites,Johnson Brothers - St. Paul,45,11.1,4.1,14.18,22.99,18.96,38,,47,145,Roseville:1;St. Louis Park:1;Andover:2;Rosemount:2;Minnetonka:2;Cottage Grove:2;Ramsey:3;Woodbury:3;Blaine:5;Chanhassen:6;Osseo:6;Vadnais Heights:6;Plymouth:6
90+ Cellars Lot 92 Merlot 750ml,Merlot,Bellboy Corporation,284,11.1,25.6,6.57,15.99,12.96,59,,51,127,Minneapolis:6;Andover:9;Cottage Grove:12;Stillwater:12;St. Louis Park:13;Chanhassen:14;Bloomington:15;Woodbury:17;Minnetonka:17;Osseo:19;Rosemount:19;Ramsey:21;Plymouth:23;Roseville:26;Vadnais Heights:27;Blaine:34
Barefoot Pear Moscato 1.5L,Flavored,Johnson Brothers - St. Paul,36,11.1,3.2,7.56,13.99,11.96,46,2 FREE ON 22,60,88,Cottage Grove:1;Chanhassen:2;Stillwater:3;Roseville:3;Minneapolis:13;Osseo:14
Soon Hari Apple-Mango Soju 375ml,Fortified,Johnson Brothers - St. Paul,-5,11.1,-0.4,4.72,7.99,6.96,41,DEEP NET,55,110,
Silver Raven Cab Sauv 750ml,Cabernet,"Breakthru Beverage Minnesota Wine & Spirits, LLC",488,11.1,44.1,4.1,11.49,9.96,64,,25,243,Osseo:16;Minneapolis:20;Andover:22;Woodbury:23;Rosemount:24;Minnetonka:28;Vadnais Heights:28;Ramsey:36;St. Louis Park:37;Roseville:55;Stillwater:94;Blaine:105
Tutela Prosecco 750ml,Sparkling,Bellboy Corporation,265,11.0,24.2,8.08,17.49,14.96,54,,35,195,Plymouth:8;Stillwater:9;Blaine:9;Osseo:10;Ramsey:14;Woodbury:18;Chanhassen:20;Bloomington:21;Andover:21;Minnetonka:22;Cottage Grove:30;Rosemount:32;Roseville:52
Bota Box Brightside Sauv Blanc/PG 3L Box,White Blends,Phillips Wine & Spirits - St. Paul,34,10.9,3.1,13.37,19.99,17.96,33,,38,178,Plymouth:1;Ramsey:1;Chanhassen:2;Minnetonka:2;Roseville:2;Woodbury:2;Minneapolis:2;Cottage Grove:3;Osseo:3;Blaine:3;Rosemount:3;Vadnais Heights:3;Andover:3;St. Louis Park:4
J Lohr Chardonnay 750ml,Chardonnay,"Breakthru Beverage Minnesota Wine & Spirits, LLC",229,10.9,21.1,10.1,14.99,12.96,33,,36,187,Vadnais Heights:2;Minneapolis:7;Bloomington:8;Rosemount:8;Roseville:8;Cottage Grove:9;Minnetonka:9;Ramsey:9;Stillwater:10;Blaine:12;Woodbury:12;Osseo:17;Chanhassen:21;Andover:21;Plymouth:22;St. Louis Park:54
Starborough Sauvignon Blanc 750ml,Sauvignon Blanc,Johnson Brothers - St. Paul,117,10.9,10.8,8.09,14.99,12.96,46,,44,151,Stillwater:1;Minneapolis:1;Ramsey:3;Osseo:4;Bloomington:4;Plymouth:4;Vadnais Heights:7;Chanhassen:7;Rosemount:7;Blaine:9;Cottage Grove:10;St. Louis Park:10;Andover:11;Minnetonka:11;Roseville:11;Woodbury:17
True Myth Chardonnay 750ml,Chardonnay,Paustis Wine,155,10.9,14.3,8.42,19.99,16.96,58,,46,142,Roseville:1;Blaine:7;Minneapolis:7;Rosemount:7;Minnetonka:8;Plymouth:8;Chanhassen:9;Osseo:9;Stillwater:9;Ramsey:10;St. Louis Park:14;Vadnais Heights:15;Andover:16;Bloomington:16;Woodbury:19
Barefoot Chardonnay 200ml,Chardonnay,Johnson Brothers - St. Paul,125,10.8,11.6,1.21,2.99,1.96,60,,62,67,Blaine:2;Roseville:13;Minneapolis:16;Andover:16;St. Louis Park:16;Chanhassen:19;Cottage Grove:20;Vadnais Heights:23
"Laroque Chardonnay, Cite de Carcassonne 750ml",Chardonnay,Bellboy Corporation,168,10.8,15.5,8.38,17.49,14.96,52,,47,136,Plymouth:3;Stillwater:4;Minneapolis:5;Rosemount:5;Roseville:5;Bloomington:7;Woodbury:8;Ramsey:9;Cottage Grove:11;Minnetonka:11;Osseo:16;Chanhassen:16;St. Louis Park:30;Blaine:38
Clos Du Bois Chardonnay 750ml,Chardonnay,Johnson Brothers - St. Paul,180,10.8,16.6,6.76,12.99,10.96,48,,47,137,Rosemount:2;Chanhassen:5;Roseville:5;Bloomington:7;Ramsey:8;Vadnais Heights:10;Stillwater:11;Minneapolis:12;Osseo:12;Minnetonka:13;Andover:14;St. Louis Park:14;Woodbury:14;Blaine:16;Plymouth:17;Cottage Grove:20
Meiomi Red Blend 750ml,Red Blends,Southern Glazer's Wine & Spirits of MN,245,10.8,22.7,12.01,19.99,16.96,40,,47,136,Blaine:3;Plymouth:4;Bloomington:5;Cottage Grove:9;Chanhassen:10;Vadnais Heights:10;Andover:11;Woodbury:12;Ramsey:14;Minnetonka:17;Osseo:22;Rosemount:25;Roseville:29;St. Louis Park:74
Josh Cellars BB Cab 750ml,Cabernet,Johnson Brothers - St. Paul,171,10.7,16.0,11.08,20.99,17.96,47,Buy 11 Josh (all flavors and sizes) and receive 3 free Josh Cabernet (#859252),48,127,Roseville:2;Osseo:4;Plymouth:7;Ramsey:7;Bloomington:9;Minnetonka:10;Stillwater:11;Rosemount:11;Andover:11;Blaine:11;Cottage Grove:12;Woodbury:13;Minneapolis:15;Chanhassen:21;St. Louis Park:27
Kris Pinot Grigio 750ml,Pinot Grigio/Gris,Paustis Wine,151,10.7,14.2,8.49,14.99,12.96,43,,46,136,Minnetonka:1;Chanhassen:2;Andover:4;Minneapolis:5;Ramsey:5;Bloomington:8;Plymouth:8;Blaine:9;Woodbury:9;Vadnais Heights:11;Osseo:12;Stillwater:12;Roseville:17;Rosemount:20;St. Louis Park:28
Les Allies Pinot Noir 750ml,Pinot Noir,"Maverick Beverage Co., LLC - MN",101,10.6,9.5,7.62,17.49,14.96,56,,49,120,Minneapolis:1;Rosemount:2;Stillwater:3;Vadnais Heights:6;Minnetonka:8;Plymouth:8;Andover:9;Roseville:10;St. Louis Park:10;Blaine:11;Woodbury:12;Bloomington:21
Franzia Dark Red 5L Box,Red Blends,Southern Glazer's Wine & Spirits of MN,59,10.6,5.6,14.2,20.99,17.96,32,,45,139,Ramsey:1;Roseville:1;Cottage Grove:1;Chanhassen:2;Vadnais Heights:2;Bloomington:3;St. Louis Park:3;Osseo:3;Rosemount:3;Stillwater:4;Minneapolis:5;Woodbury:5;Plymouth:7;Andover:9;Blaine:10
Ironside Reserve Pinot Noir 750ml,Pinot Noir,Bellboy Corporation,283,10.6,26.6,7.74,21.99,17.96,65,,51,112,Plymouth:4;Minnetonka:8;Ramsey:12;Vadnais Heights:12;Cottage Grove:14;St. Louis Park:14;Minneapolis:17;Stillwater:19;Woodbury:19;Andover:19;Roseville:19;Bloomington:20;Blaine:21;Osseo:25;Chanhassen:27;Rosemount:33
Stella Rosa Moscato D'Asti 750ml,Sparkling,"Breakthru Beverage Minnesota Wine & Spirits, LLC",111,10.6,10.5,8.76,13.99,11.96,37,,46,133,Minneapolis:1;Vadnais Heights:2;Cottage Grove:2;Minnetonka:4;Ramsey:4;Osseo:6;St. Louis Park:6;Rosemount:6;Chanhassen:8;Woodbury:9;Bloomington:10;Roseville:10;Stillwater:10;Andover:11;Blaine:11;Plymouth:11
Pavao Vinho Verde 750ml,White Blends,The Wine Company,76,10.6,7.2,5.12,10.99,9.96,53,,39,166,Blaine:1;Stillwater:1;Woodbury:1;Ramsey:2;Osseo:4;Andover:7;Roseville:10;Vadnais Heights:15;St. Louis Park:16;Bloomington:19
"90+ Cellars Lot 193 Pinot Noir, Eola-Amity 750ml",Pinot Noir,Bellboy Corporation,50,10.5,4.8,10.25,23.99,19.96,57,,43,143,Roseville:1;Bloomington:3;Stillwater:4;St. Louis Park:4;Woodbury:5;Blaine:7;Cottage Grove:8;Plymouth:9;Vadnais Heights:9
K J Avant Chardonnay 750ml,Chardonnay,Phillips Wine & Spirits - St. Paul,233,10.5,22.2,9.64,15.99,13.96,40,5 Vintner's Chard on 100+8cs VR SB,46,131,Osseo:4;Minneapolis:8;Vadnais Heights:9;Rosemount:10;Stillwater:12;Minnetonka:13;Roseville:14;Cottage Grove:16;Andover:17;Blaine:18;Woodbury:18;Ramsey:21;Chanhassen:23;St. Louis Park:25;Plymouth:25
Bogle Essential Red 750ml,Red Blends,Johnson Brothers - St. Paul,169,10.5,16.2,6.08,10.99,8.96,45,,52,102,Blaine:3;Osseo:5;Minneapolis:6;Ramsey:7;Rosemount:8;Cottage Grove:8;Chanhassen:9;Woodbury:10;Andover:10;Plymouth:11;Bloomington:12;Minnetonka:15;Stillwater:15;Vadnais Heights:20;Roseville:30
Meiomi Cabernet Sauvignon 750ml,Cabernet,Southern Glazer's Wine & Spirits of MN,213,10.5,20.3,12.01,19.99,16.96,40,,51,108,Plymouth:5;Minneapolis:7;Bloomington:9;Cottage Grove:9;Osseo:10;Chanhassen:10;Andover:10;Minnetonka:11;Stillwater:12;Roseville:14;Vadnais Heights:15;Woodbury:16;Rosemount:18;Blaine:20;St. Louis Park:23;Ramsey:24
Woodbridge Cab Sauv 1.5L,Cabernet,Southern Glazer's Wine & Spirits of MN,109,10.4,10.5,7.2,12.99,10.96,45,,41,150,Rosemount:2;Ramsey:3;Minneapolis:4;Vadnais Heights:4;Bloomington:5;Chanhassen:5;Minnetonka:6;Woodbury:6;St. Louis Park:7;Osseo:7;Cottage Grove:7;Plymouth:8;Roseville:9;Andover:10;Stillwater:12;Blaine:14
Torre Oria Brut Cava 750ml,Sparkling,"New France Wine Co, Inc",427,10.3,41.4,8.21,14.99,12.96,45,,45,129,Minnetonka:5;Osseo:10;Rosemount:20;Stillwater:22;Bloomington:23;Cottage Grove:23;Woodbury:26;St. Louis Park:26;Minneapolis:32;Vadnais Heights:45;Plymouth:56;Roseville:65;Blaine:74
Apothic Red 200ml,Red Blends,Johnson Brothers - St. Paul,126,10.3,12.2,1.81,3.49,2.96,48,,59,66,St. Louis Park:9;Rosemount:12;Cottage Grove:14;Roseville:15;Blaine:21;Woodbury:22;Andover:33
Daily's B Hawaiian RTD Frozen 10oz,Flavored,Phillips Wine & Spirits - St. Paul,128,10.2,12.6,1.55,3.99,3.46,61,,33,179,Vadnais Heights:1;St. Louis Park:2;Woodbury:3;Bloomington:3;Minnetonka:5;Plymouth:5;Minneapolis:6;Andover:6;Roseville:6;Blaine:10;Rosemount:11;Cottage Grove:12;Chanhassen:16;Stillwater:19;Osseo:23
Ferrari Carano Fume Blanc 750ml,Sauvignon Blanc,Southern Glazer's Wine & Spirits of MN,211,10.2,20.7,10.07,17.49,14.96,42,,44,130,Woodbury:2;Minnetonka:5;Stillwater:5;Chanhassen:7;Andover:8;Cottage Grove:8;Bloomington:10;Roseville:10;Ramsey:12;Rosemount:12;Osseo:13;Vadnais Heights:14;Minneapolis:17;Plymouth:23;St. Louis Park:24;Blaine:41
Black Box Merlot 500ml,Merlot,Johnson Brothers - St. Paul,126,10.1,12.5,3.43,5.49,4.96,38,,43,130,Andover:1;Ramsey:2;Rosemount:3;Plymouth:4;Roseville:6;Minneapolis:7;Woodbury:7;Minnetonka:8;Cottage Grove:10;Osseo:10;Blaine:10;Bloomington:11;Chanhassen:11;Stillwater:12;Vadnais Heights:12;St. Louis Park:12
Daily's Bahama Mama RTD Frozen 10oz,Flavored,Phillips Wine & Spirits - St. Paul,141,10.1,14.0,1.55,3.99,3.46,61,,36,162,Plymouth:5;Osseo:5;Minnetonka:6;Bloomington:6;Roseville:10;Minneapolis:13;Cottage Grove:19;Chanhassen:24;Andover:24;Blaine:29
Barefoot Strawberry Moscato 750ml,Flavored,Johnson Brothers - St. Paul,152,10.1,15.0,4.41,7.99,6.96,45,ON Month Deep Net $51.85 ( Off Month Deep Net $56),41,141,Chanhassen:2;Minnetonka:3;Roseville:3;Vadnais Heights:4;St. Louis Park:4;Plymouth:5;Rosemount:6;Ramsey:8;Bloomington:8;Woodbury:9;Osseo:10;Andover:12;Stillwater:13;Cottage Grove:14;Blaine:21;Minneapolis:30
La Freynelle Blanc 750ml,Other Whites,Bellboy Corporation,466,10.0,46.8,10.18,23.99,19.96,58,,42,131,Cottage Grove:9;Osseo:11;Stillwater:11;Vadnais Heights:14;Rosemount:18;Minnetonka:18;Ramsey:22;Minneapolis:24;Plymouth:27;Andover:29;Woodbury:44;Chanhassen:47;St. Louis Park:47;Roseville:51;Blaine:94
Woodbridge Sauv Blanc 1.5L,Sauvignon Blanc,Southern Glazer's Wine & Spirits of MN,87,10.0,8.7,7.2,12.99,10.96,45,,48,104,Minnetonka:2;Stillwater:2;Plymouth:3;Bloomington:3;Ramsey:4;Andover:4;Minneapolis:4;Cottage Grove:5;Vadnais Heights:5;Rosemount:5;St. Louis Park:6;Roseville:6;Chanhassen:7;Woodbury:7;Osseo:9;Blaine:15
Colle Corviano Sangiovese,Other Reds,Small Lot MN,149,10.0,14.9,7.46,17.99,14.96,59,,43,127,Plymouth:3;Andover:3;St. Louis Park:4;Rosemount:4;Minneapolis:7;Ramsey:8;Blaine:8;Woodbury:9;Roseville:11;Chanhassen:12;Minnetonka:12;Vadnais Heights:12;Cottage Grove:13;Stillwater:14;Bloomington:29
Risata Moscato d'Asti 187ml,Sparkling,Oxford Street Merchants,205,9.9,20.7,2.4,5.99,4.96,60,,42,130,Woodbury:1;St. Louis Park:4;Roseville:8;Chanhassen:9;Stillwater:14;Plymouth:15;Osseo:17;Cottage Grove:17;Minneapolis:21;Rosemount:22;Andover:23;Ramsey:24;Minnetonka:30
Bota Box Breeze Sauvignon Blanc 3L Box,Sauvignon Blanc,Phillips Wine & Spirits - St. Paul,42,9.9,4.2,13.4,19.99,17.96,33,,46,112,Woodbury:1;Rosemount:1;Chanhassen:2;Cottage Grove:2;Plymouth:2;Vadnais Heights:2;Minneapolis:2;Blaine:3;Bloomington:3;Roseville:3;St. Louis Park:3;Ramsey:4;Osseo:4;Minnetonka:5;Stillwater:5
Chateau Ste Michelle Rose 750ml,Rose,Southern Glazer's Wine & Spirits of MN,154,9.8,15.7,6.73,9.99,8.96,33,,39,140,Roseville:1;Andover:8;Bloomington:8;Ramsey:8;Rosemount:8;Minnetonka:9;Blaine:9;Osseo:10;Chanhassen:12;Cottage Grove:12;Plymouth:12;Vadnais Heights:12;Woodbury:12;St. Louis Park:15;Stillwater:18
Yellow Tail Cab Sauvignon 1.5L,Cabernet,Phillips Wine & Spirits - St. Paul,65,9.8,6.6,6.62,12.49,11.96,47,,39,141,Chanhassen:1;Andover:2;Woodbury:2;St. Louis Park:3;Osseo:3;Stillwater:3;Minnetonka:4;Plymouth:4;Roseville:4;Blaine:5;Bloomington:5;Cottage Grove:5;Rosemount:5;Ramsey:6;Vadnais Heights:6;Minneapolis:7
La Crema Sonoma Ct Pinot Noir 750ml,Pinot Noir,Johnson Brothers - St. Paul,209,9.8,21.4,13.62,25.99,21.96,48,,47,103,Minneapolis:3;Ramsey:6;Blaine:6;Rosemount:7;Andover:7;Roseville:8;Osseo:8;Woodbury:9;Stillwater:12;Minnetonka:12;Cottage Grove:18;St. Louis Park:20;Vadnais Heights:25;Plymouth:34;Chanhassen:34
Sainte-Anne Syrah Rose 750ml,Rose,"Bourget Imports, LLC",20,9.8,2.0,6.08,14.99,12.96,59,,17,240,Minnetonka:1;Minneapolis:2;Cottage Grove:8;Ramsey:9
Peter Vella Moscato Sangria 5L Box,Other Whites,Johnson Brothers - St. Paul,48,9.7,4.9,10.63,18.99,15.96,44,,46,106,Plymouth:2;Stillwater:2;Vadnais Heights:2;Osseo:3;Rosemount:3;Woodbury:3;Chanhassen:4;Cottage Grove:4;Roseville:4;Bloomington:4;Ramsey:4;St. Louis Park:4;Minneapolis:4;Andover:5
Scotto Family Cellars Lodi Cabernet Sauvignon 750ml,Cabernet,Paustis Wine,124,9.7,12.7,6.32,13.79,11.96,54,,28,187,Blaine:1;Bloomington:2;Ramsey:5;Andover:5;Woodbury:7;Osseo:8;Roseville:8;Minnetonka:9;Vadnais Heights:9;Stillwater:10;Plymouth:11;Chanhassen:15;Rosemount:15;Minneapolis:19
Fre Pinot Grigio N/A 750ml,Pinot Grigio/Gris,Phillips Wine & Spirits - St. Paul,50,9.7,5.2,6.76,12.99,10.96,48,,46,104,Roseville:3;Bloomington:10;Plymouth:11;Cottage Grove:12;Blaine:14
Fit Vine Cabernet Sauvignon 750ml,Cabernet,"Breakthru Beverage Minnesota Wine & Spirits, LLC",116,9.7,12.0,8.1,13.99,11.96,42,,44,114,Blaine:2;Andover:2;Vadnais Heights:2;Rosemount:3;Minneapolis:5;Minnetonka:5;Cottage Grove:6;St. Louis Park:8;Ramsey:9;Woodbury:9;Bloomington:11;Roseville:11;Plymouth:12;Stillwater:14;Chanhassen:17
Barefoot Moscato 200ml,Moscato,Johnson Brothers - St. Paul,156,9.6,16.3,1.21,2.99,1.96,60,,55,60,Roseville:11;Andover:12;Woodbury:18;Blaine:19;St. Louis Park:21;Cottage Grove:22;Vadnais Heights:22;Minneapolis:31
Barefoot White Zin 750ml,Zinfandel,Johnson Brothers - St. Paul,97,9.5,10.3,4.41,7.99,6.96,45,ON Month Deep Net $51.85 ( Off Month Deep Net $56),42,115,Stillwater:1;Roseville:1;Chanhassen:2;Osseo:2;Minnetonka:3;Bloomington:3;Andover:3;Plymouth:4;Vadnais Heights:6;Rosemount:7;Cottage Grove:9;Woodbury:9;Ramsey:11;Minneapolis:11;Blaine:12;St. Louis Park:13
Barefoot Pinot Grigio 200ml,Pinot Grigio/Gris,Johnson Brothers - St. Paul,153,9.5,16.1,1.21,2.99,1.96,60,,54,63,St. Louis Park:12;Andover:14;Roseville:14;Minneapolis:16;Woodbury:17;Blaine:18;Chanhassen:19;Vadnais Heights:21;Cottage Grove:22
Red Quartz Pinot Noir 750ml,Pinot Noir,Paustis Wine,198,9.5,20.8,6.99,17.49,14.96,60,,44,108,Plymouth:2;Roseville:3;Minneapolis:4;Ramsey:4;Vadnais Heights:5;Woodbury:8;Andover:9;Rosemount:9;Chanhassen:11;Stillwater:12;Cottage Grove:14;St. Louis Park:17;Bloomington:18;Minnetonka:19;Blaine:20;Osseo:43
Alamos Malbec 750ml,Malbec,Johnson Brothers - St. Paul,116,9.5,12.3,8.76,14.99,12.96,42,,38,133,Andover:1;Osseo:2;Chanhassen:4;Ramsey:4;Woodbury:5;St. Louis Park:5;Minneapolis:6;Vadnais Heights:7;Blaine:11;Minnetonka:11;Rosemount:11;Plymouth:12;Cottage Grove:12;Roseville:12;Stillwater:13
Shannon Ridge Playtime Red 750ml,Red Blends,Paustis Wine,85,9.5,8.9,7.7,13.99,12.96,45,,43,112,Stillwater:1;Roseville:1;Blaine:2;Minneapolis:3;Ramsey:4;Chanhassen:5;Woodbury:5;Rosemount:6;Osseo:7;Andover:9;Cottage Grove:9;Minnetonka:9;Bloomington:10;St. Louis Park:14
Bogle Petite Sirah 750ml,Other Reds,Johnson Brothers - St. Paul,226,9.5,23.9,6.08,10.99,8.96,45,,51,75,St. Louis Park:1;Chanhassen:6;Minneapolis:8;Osseo:10;Andover:10;Vadnais Heights:11;Bloomington:16;Minnetonka:17;Cottage Grove:17;Ramsey:17;Plymouth:19;Roseville:20;Blaine:22;Woodbury:23;Rosemount:29
Cantina Zaccagnini Montepulciano d'Abruz,Other Reds,Paustis Wine,200,9.4,21.3,11.19,20.99,17.96,47,,39,126,Minneapolis:2;Minnetonka:6;Vadnais Heights:6;Bloomington:7;Andover:8;Stillwater:14;Woodbury:15;Plymouth:16;Roseville:17;Blaine:18;St. Louis Park:22;Chanhassen:23;Rosemount:46
Bota Box Nighthawk Black Cab Sauv 3L Box,Cabernet,Phillips Wine & Spirits - St. Paul,45,9.4,4.8,13.4,19.99,17.96,33,,37,136,Minneapolis:1;Cottage Grove:2;Minnetonka:2;Osseo:2;Plymouth:2;Ramsey:2;Vadnais Heights:2;Blaine:3;Woodbury:3;Bloomington:4;Stillwater:4;Andover:4;Chanhassen:4;Roseville:5;St. Louis Park:5
Chateau Ste Michelle Merlot 750ml,Merlot,Southern Glazer's Wine & Spirits of MN,88,9.4,9.4,8.73,13.79,11.96,37,,51,73,Cottage Grove:2;Chanhassen:2;Andover:3;Plymouth:4;Minneapolis:4;Woodbury:4;Bloomington:5;Stillwater:5;Vadnais Heights:7;St. Louis Park:8;Ramsey:12;Roseville:12;Blaine:20
Pullus Pinot Grigio 750ml,Pinot Grigio/Gris,"New France Wine Co, Inc",114,9.4,12.1,12.21,20.99,17.96,42,,41,118,Ramsey:1;Vadnais Heights:1;Osseo:2;Chanhassen:3;Woodbury:4;St. Louis Park:4;Minnetonka:6;Stillwater:6;Andover:7;Bloomington:9;Minneapolis:9;Plymouth:10;Blaine:11;Rosemount:14;Roseville:27
Anthony & Dominic North Coast Pinot Noir 750ml,Pinot Noir,Paustis Wine,258,9.4,27.3,8.4,18.99,15.96,56,,43,110,Chanhassen:5;Roseville:5;Osseo:6;Minnetonka:7;St. Louis Park:7;Rosemount:10;Woodbury:10;Andover:12;Minneapolis:16;Stillwater:16;Vadnais Heights:16;Cottage Grove:22;Bloomington:23;Plymouth:27;Blaine:76
Flying Feet Chardonnay 750ml,Chardonnay,The Wine Company,315,9.4,33.4,6.12,13.99,12.96,56,,44,105,Minnetonka:7;Cottage Grove:10;Woodbury:11;Plymouth:12;Ramsey:15;Stillwater:15;Roseville:17;Andover:21;Minneapolis:22;Bloomington:23;Osseo:24;St. Louis Park:27;Vadnais Heights:28;Rosemount:33;Blaine:50
Notebook Red Blend 750ml,Red Blends,Bellboy Corporation,111,9.3,12.0,7.75,17.49,14.96,56,,47,86,Osseo:1;Minnetonka:1;Cottage Grove:1;Ramsey:4;Roseville:4;Blaine:5;Stillwater:5;Woodbury:6;Plymouth:6;Minneapolis:8;St. Louis Park:9;Chanhassen:11;Rosemount:13;Vadnais Heights:15;Bloomington:22
Risata Red Moscato 750ml,Other Whites,Oxford Street Merchants,138,9.3,14.9,7.97,12.99,11.96,39,,40,118,Bloomington:3;Minnetonka:3;Vadnais Heights:4;Chanhassen:6;Minneapolis:6;Roseville:7;Woodbury:8;Osseo:9;Cottage Grove:9;Plymouth:10;Rosemount:12;Stillwater:12;Ramsey:13;Blaine:16;St. Louis Park:20
Bread & Butter Sauvignon Blanc 750ml,Sauvignon Blanc,Paustis Wine,118,9.2,12.8,7.02,13.99,11.96,50,,39,120,Rosemount:1;Andover:2;Bloomington:2;Chanhassen:3;Blaine:5;Ramsey:7;Vadnais Heights:9;Minneapolis:9;Cottage Grove:10;Osseo:11;Plymouth:12;Woodbury:12;Minnetonka:12;St. Louis Park:23
90+ Cellars Cab Sauv Rutherford/Napa 750ml,Cabernet,Bellboy Corporation,197,9.2,21.4,11.86,29.99,24.96,60,,38,125,Stillwater:1;Minneapolis:7;Osseo:7;Cottage Grove:8;Bloomington:9;Andover:10;Vadnais Heights:11;Woodbury:11;Chanhassen:12;Ramsey:12;Rosemount:13;St. Louis Park:13;Minnetonka:17;Plymouth:17;Roseville:23;Blaine:26
The Fableist Cabernet 750ml,Cabernet,"Tradition Wine & Spirits, LLC",69,9.2,7.5,15.17,26.99,22.96,44,,46,89,Minneapolis:1;Blaine:2;Stillwater:3;Andover:6;Plymouth:6;Minnetonka:8;Rosemount:9;Woodbury:10;Chanhassen:12;Roseville:12
Alberigo Pinot Grigio 750ml,Pinot Grigio/Gris,Paustis Wine,184,9.2,20.0,6.49,14.99,12.96,57,,43,102,Andover:1;Minnetonka:5;Vadnais Heights:5;Ramsey:7;St. Louis Park:7;Stillwater:10;Roseville:10;Chanhassen:10;Woodbury:11;Cottage Grove:11;Plymouth:11;Blaine:14;Minneapolis:14;Bloomington:18;Osseo:24;Rosemount:26
Daily's Hurricane RTD Frozen 10oz,Flavored,Phillips Wine & Spirits - St. Paul,118,9.1,13.0,1.55,3.99,3.46,61,,26,175,St. Louis Park:1;Vadnais Heights:1;Roseville:2;Chanhassen:3;Andover:4;Ramsey:5;Rosemount:7;Cottage Grove:7;Plymouth:12;Minneapolis:12;Bloomington:13;Osseo:14;Woodbury:16;Blaine:21
Robert Mondavi PS Cabernet 750ml,Cabernet,Southern Glazer's Wine & Spirits of MN,182,9.1,20.0,6.07,11.49,9.96,47,,45,90,Cottage Grove:2;Vadnais Heights:2;Woodbury:3;Bloomington:4;Ramsey:7;Roseville:8;Stillwater:9;Osseo:10;Plymouth:11;St. Louis Park:11;Blaine:11;Minneapolis:13;Rosemount:13;Andover:13;Minnetonka:20;Chanhassen:45
Risata Prosecco 187ml,Sparkling,Oxford Street Merchants,279,9.1,30.5,2.4,5.99,4.96,60,,26,177,Rosemount:7;Chanhassen:10;Stillwater:11;Woodbury:11;Vadnais Heights:12;Bloomington:15;Ramsey:17;Andover:18;Minnetonka:18;Minneapolis:19;Plymouth:20;Cottage Grove:21;Blaine:22;St. Louis Park:24;Roseville:25;Osseo:29
Ercole Rose DOC Liter,Rose,Libation Project,92,9.1,10.1,11.5,20.99,17.96,45,,36,131,Stillwater:1;Rosemount:2;Cottage Grove:3;Andover:4;Blaine:4;Roseville:4;Woodbury:6;St. Louis Park:10;Vadnais Heights:12;Minneapolis:12;Minnetonka:12;Bloomington:22
90+ Cellars 2021 Lot 27 Barbera d'Alba 750ml,Other Reds,Bellboy Corporation,180,9.1,19.8,9.88,23.99,19.96,59,,42,103,Andover:3;Chanhassen:3;Blaine:4;Minneapolis:5;Bloomington:6;Cottage Grove:8;Stillwater:9;Minnetonka:10;Rosemount:11;Roseville:13;Osseo:14;Vadnais Heights:15;Woodbury:15;Plymouth:20;Ramsey:22;St. Louis Park:22
Les Cardonnieres Provence Rose 750ml,Rose,Rue 38 LLC,167,9.1,18.3,9.46,16.99,14.95,44,,32,150,Woodbury:1;Stillwater:2;Blaine:2;Bloomington:4;Minnetonka:4;Roseville:5;Osseo:9;Minneapolis:13;Rosemount:13;Cottage Grove:15;Andover:20;Ramsey:27;Plymouth:52
Barefoot White Zin 200ml,Zinfandel,Johnson Brothers - St. Paul,116,9.0,12.9,1.21,2.99,1.96,60,,52,55,Roseville:14;Blaine:18;Andover:19;St. Louis Park:21;Woodbury:22;Vadnais Heights:22
Soon Hari Apple Soju 375ml,Fortified,Johnson Brothers - St. Paul,111,9.0,12.3,4.72,7.99,6.96,41,DEEP NET,41,105,Roseville:2;Vadnais Heights:2;Woodbury:2;Rosemount:2;Minneapolis:3;Ramsey:5;Blaine:12;St. Louis Park:14;Cottage Grove:16;Plymouth:17;Bloomington:18;Andover:18
Winehaven Honeywine Stinger,Flavored,Paustis Wine,110,9.0,12.3,8.08,12.99,11.96,38,,42,99,Cottage Grove:1;Chanhassen:3;Woodbury:3;Plymouth:5;Ramsey:6;Stillwater:6;Minneapolis:8;Bloomington:9;Minnetonka:11;Rosemount:12;Roseville:12;Andover:16;Blaine:18
Cooks Extra Dry 750ml,Sparkling,Southern Glazer's Wine & Spirits of MN,237,9.0,26.3,6.07,11.49,9.96,47,,42,101,Plymouth:4;Roseville:7;Bloomington:8;Vadnais Heights:8;Rosemount:8;Minnetonka:9;Woodbury:10;Chanhassen:11;Stillwater:13;Ramsey:14;Andover:18;Cottage Grove:18;Osseo:18;Minneapolis:91
"Piattelli Reserve Malbec, Mendoza 750ml",Malbec,"Vinocopia, Inc",80,9.0,8.9,8.77,15.99,13.96,45,,40,108,Osseo:1;Blaine:1;Cottage Grove:3;St. Louis Park:3;Woodbury:5;Andover:6;Roseville:7;Vadnais Heights:8;Ramsey:9;Stillwater:11;Rosemount:12;Plymouth:14
90+ Cellars Russian River Chardonnay Lot 130 750ml,Chardonnay,Bellboy Corporation,185,9.0,20.5,8.92,19.99,16.96,55,,32,146,Minnetonka:3;Minneapolis:5;Osseo:7;Ramsey:7;Blaine:9;Andover:12;Cottage Grove:12;Rosemount:12;Stillwater:12;Woodbury:12;Bloomington:14;Chanhassen:21;Roseville:24;St. Louis Park:35
Pizzolato Muse Prosecco 750ml,Sparkling,Oxford Street Merchants,101,8.9,11.4,9.63,21.99,18.96,56,,38,114,Ramsey:1;Blaine:1;Rosemount:2;Woodbury:3;Osseo:4;Andover:4;Vadnais Heights:5;Roseville:9;Chanhassen:11;St. Louis Park:11;Minnetonka:12;Plymouth:12;Stillwater:12;Bloomington:14
La Crema Sonoma Sauvignon Blanc 750ml,Sauvignon Blanc,Johnson Brothers - St. Paul,147,8.9,16.5,10.42,18.99,15.96,45,,42,98,Osseo:2;Andover:3;Minneapolis:5;Bloomington:5;Cottage Grove:6;Minnetonka:6;Vadnais Heights:9;Woodbury:10;Stillwater:13;Blaine:13;Roseville:14;Plymouth:14;Chanhassen:15;Rosemount:15;St. Louis Park:17
Han Jan Apple 750ml,Fortified,"Vinocopia, Inc",100,8.9,11.2,8.79,14.99,12.96,41,,40,106,Bloomington:3;Plymouth:3;Woodbury:5;Minnetonka:6;St. Louis Park:6;Vadnais Heights:6;Osseo:7;Rosemount:7;Roseville:7;Cottage Grove:7;Chanhassen:9;Stillwater:11;Blaine:12;Ramsey:12
Green Quartz Sauvignon Blanc 750ml,Sauvignon Blanc,Paustis Wine,221,8.9,24.8,6.99,17.49,14.96,60,,32,142,Chanhassen:6;Stillwater:6;Minneapolis:6;Ramsey:8;Vadnais Heights:9;Plymouth:12;Woodbury:13;Roseville:13;Blaine:13;Minnetonka:14;Rosemount:14;Cottage Grove:15;Osseo:16;Bloomington:19;St. Louis Park:57
Bertrand Cote des Roses Rose 750ml,Rose,Southern Glazer's Wine & Spirits of MN,119,8.9,13.4,12.73,22.49,17.96,43,,31,146,Minnetonka:1;Ramsey:2;Osseo:5;Blaine:6;Rosemount:7;Roseville:8;Vadnais Heights:8;Andover:8;Plymouth:8;St. Louis Park:8;Bloomington:9;Chanhassen:9;Cottage Grove:12;Minneapolis:13;Woodbury:15
Stella Rosa Berry 750ml,Flavored,"Breakthru Beverage Minnesota Wine & Spirits, LLC",118,8.9,13.3,8.76,13.99,11.96,37,,39,109,Ramsey:1;Bloomington:3;Minneapolis:3;St. Louis Park:6;Cottage Grove:7;Stillwater:7;Osseo:8;Plymouth:8;Rosemount:8;Andover:9;Roseville:10;Vadnais Heights:11;Chanhassen:12;Woodbury:12;Blaine:13
Barefoot Blueberry Moscato 750ml,Flavored,Johnson Brothers - St. Paul,133,8.9,14.9,4.41,7.99,6.96,45,ON Month Deep Net $51.85 ( Off Month Deep Net $56),37,121,Plymouth:2;Andover:2;Roseville:3;Chanhassen:4;St. Louis Park:5;Vadnais Heights:5;Woodbury:5;Stillwater:6;Osseo:8;Cottage Grove:10;Minnetonka:10;Ramsey:10;Blaine:11;Bloomington:12;Rosemount:14;Minneapolis:26
Three Otters Pinot Noir 750ml,Pinot Noir,Rue 38 LLC,115,8.8,13.1,13.46,25.99,21.96,48,,39,107,Minneapolis:1;Minnetonka:1;Vadnais Heights:1;Roseville:5;Cottage Grove:6;Ramsey:6;Chanhassen:7;Blaine:8;Bloomington:9;Plymouth:9;Andover:11;Osseo:12;Stillwater:12;St. Louis Park:12;Woodbury:15
Bota Box Brightside Sauv Blanc/PG 500ml,White Blends,Phillips Wine & Spirits - St. Paul,62,8.8,7.0,2.75,5.49,4.96,50,,34,131,Plymouth:2;Woodbury:2;Cottage Grove:3;Roseville:3;St. Louis Park:3;Ramsey:4;Rosemount:4;Osseo:5;Minneapolis:7;Minnetonka:9;Stillwater:9;Chanhassen:11
Les Allies Cotes du Rhone,Red Blends,"Maverick Beverage Co., LLC - MN",151,8.8,17.2,8.79,20.99,17.96,58,,41,97,Stillwater:1;Woodbury:2;Chanhassen:3;Plymouth:3;Cottage Grove:6;Ramsey:7;Blaine:8;Minnetonka:8;St. Louis Park:10;Minneapolis:13;Vadnais Heights:13;Andover:18;Bloomington:23;Roseville:36
Pizzolato Muse Moscato 750ml,Sparkling,Oxford Street Merchants,121,8.7,13.9,9.63,22.49,18.96,57,,40,99,Cottage Grove:2;St. Louis Park:2;Roseville:4;Vadnais Heights:4;Andover:4;Minnetonka:5;Stillwater:5;Ramsey:6;Osseo:8;Rosemount:8;Bloomington:10;Plymouth:10;Chanhassen:12;Blaine:12;Woodbury:13;Minneapolis:16
Dark Horse Sauvignon Blanc 750ml,Sauvignon Blanc,Johnson Brothers - St. Paul,84,8.7,9.7,5.43,9.99,8.96,46,,36,117,Minnetonka:1;Plymouth:2;Minneapolis:4;St. Louis Park:6;Woodbury:8;Blaine:10;Bloomington:12;Roseville:12;Chanhassen:14;Vadnais Heights:15
Mad Dog Bling Bling Blue Razz Pet 200ml,Flavored,Southern Glazer's Wine & Spirits of MN,60,8.7,6.9,1.53,3.99,2.96,62,,38,108,Andover:4;Minneapolis:11;Ramsey:21;Blaine:24
"Laroque Pinot Noir, Cite de Carcassonne 750ml",Pinot Noir,Bellboy Corporation,197,8.7,22.7,8.48,17.49,14.96,52,,43,86,Minnetonka:2;Osseo:5;Minneapolis:5;Roseville:7;Plymouth:8;Cottage Grove:9;Bloomington:10;Stillwater:11;Vadnais Heights:11;St. Louis Park:11;Ramsey:12;Andover:13;Woodbury:14;Rosemount:21;Chanhassen:23;Blaine:35
K J Grand Res Chardonnay 750ml,Chardonnay,Phillips Wine & Spirits - St. Paul,204,8.6,23.6,11.61,20.99,17.96,45,5 Vintner's Chard on 100+8cs VR SB,35,120,Bloomington:9;Roseville:9;Osseo:9;Minnetonka:11;Stillwater:11;Vadnais Heights:11;Chanhassen:13;Cottage Grove:13;Rosemount:14;Plymouth:17;Woodbury:17;Andover:33;Blaine:37
Bogle Pinot Grigio 750ml,Pinot Grigio/Gris,Johnson Brothers - St. Paul,140,8.5,16.5,6.08,10.99,8.96,45,,38,101,Stillwater:2;Cottage Grove:5;Osseo:6;Bloomington:7;Ramsey:8;Minnetonka:9;Woodbury:9;Vadnais Heights:11;Blaine:11;Andover:12;St. Louis Park:13;Roseville:13;Plymouth:15;Chanhassen:19
Riunite Fruitfresher Strawberry Bellini 750ml,Flavored,"Breakthru Beverage Minnesota Wine & Spirits, LLC",294,8.5,34.7,2.22,6.49,2.95,66,,45,70,Rosemount:1;Vadnais Heights:1;Cottage Grove:4;St. Louis Park:10;Ramsey:12;Roseville:18;Plymouth:19;Andover:32;Chanhassen:49;Woodbury:51;Blaine:97
Bota Box Cabernet Sauvignon 500ml,Cabernet,Phillips Wine & Spirits - St. Paul,156,8.5,18.3,2.76,5.49,4.96,50,,33,125,Rosemount:1;Cottage Grove:3;Vadnais Heights:4;Roseville:4;Bloomington:6;Stillwater:8;Woodbury:9;Minnetonka:10;St. Louis Park:11;Blaine:12;Osseo:12;Minneapolis:12;Ramsey:12;Andover:13;Chanhassen:16;Plymouth:23
J Vineyards Pinot Gris 750ml,Pinot Grigio/Gris,Johnson Brothers - St. Paul,135,8.5,15.9,10.76,18.99,15.96,43,,35,116,Cottage Grove:1;Osseo:3;Stillwater:3;Chanhassen:4;Andover:5;Bloomington:8;Plymouth:9;Minneapolis:10;Vadnais Heights:11;Rosemount:12;Woodbury:12;Roseville:16;Ramsey:20;Blaine:21
Bota Box Nighthawk Black Malbec 3L Box,Malbec,Phillips Wine & Spirits - St. Paul,51,8.5,6.0,13.4,19.99,17.96,33,,39,97,Stillwater:1;Minneapolis:2;Andover:2;Bloomington:2;Roseville:2;Cottage Grove:2;Minnetonka:3;Ramsey:3;Woodbury:3;St. Louis Park:3;Chanhassen:4;Plymouth:4;Rosemount:4;Blaine:5;Vadnais Heights:11
Han Jan Strawberry 375ml,Fortified,"Vinocopia, Inc",80,8.5,9.4,4.01,6.49,5.96,38,,43,81,Andover:1;St. Louis Park:1;Woodbury:1;Minneapolis:2;Cottage Grove:3;Osseo:4;Minnetonka:6;Blaine:6;Rosemount:7;Plymouth:7;Chanhassen:14;Bloomington:14;Ramsey:14
Hampton Water Rose 750ml,Rose,Southern Glazer's Wine & Spirits of MN,109,8.5,12.9,12.19,19.99,16.96,39,,32,128,Roseville:1;Chanhassen:1;Minnetonka:2;Vadnais Heights:4;Woodbury:5;Cottage Grove:6;St. Louis Park:9;Ramsey:10;Andover:11;Blaine:11;Osseo:12;Rosemount:12;Stillwater:12;Bloomington:13
Ch d'Astros Aventure Rose 750ml,Rose,Bellboy Corporation,96,8.5,11.3,10.25,13.99,12.95,27,,31,134,Andover:2;Vadnais Heights:5;Chanhassen:5;Minneapolis:5;Blaine:5;Cottage Grove:8;Bloomington:9;Rosemount:16;Osseo:19;Ramsey:22
Good Day Peach Soju 375ml,Fortified,"Vinocopia, Inc",234,8.4,27.8,4.29,7.99,6.96,46,,40,91,Vadnais Heights:3;Minneapolis:3;Andover:8;Blaine:11;Rosemount:12;Cottage Grove:14;Ramsey:15;Woodbury:16;Minnetonka:17;Osseo:17;Stillwater:17;St. Louis Park:18;Bloomington:19;Plymouth:19;Chanhassen:22;Roseville:23
Barefoot Sweet Red 1.5L,Flavored,Johnson Brothers - St. Paul,69,8.4,8.3,7.56,13.99,11.96,46,2 FREE ON 22,37,102,Cottage Grove:1;Minneapolis:2;Plymouth:3;Osseo:3;Vadnais Heights:3;Chanhassen:4;Ramsey:4;Andover:4;Bloomington:5;St. Louis Park:5;Roseville:5;Blaine:5;Rosemount:6;Woodbury:7;Stillwater:12
CSM Indian Wells Merlot 750ml,Merlot,Southern Glazer's Wine & Spirits of MN,84,8.4,10.0,12.07,19.99,16.96,40,,44,72,Cottage Grove:1;Minneapolis:1;Rosemount:1;Blaine:2;Plymouth:2;Woodbury:2;Minnetonka:5;Ramsey:6;Vadnais Heights:7;St. Louis Park:7;Stillwater:10;Chanhassen:12;Roseville:12;Andover:16
TopBox Cabernet Sauvignon 3L Box,Cabernet,Southern Glazer's Wine & Spirits of MN,73,8.4,8.7,9.47,17.99,15.96,47,,40,91,Chanhassen:1;Roseville:3;Plymouth:8;St. Louis Park:9;Minneapolis:10;Cottage Grove:10;Osseo:12;Ramsey:20
Grove Mill Sauvignon Blanc 750ml,Sauvignon Blanc,Southern Glazer's Wine & Spirits of MN,110,8.4,13.0,9.4,21.99,17.96,57,,35,114,Ramsey:3;Roseville:3;Blaine:4;Woodbury:4;Stillwater:6;Vadnais Heights:6;Chanhassen:7;Plymouth:8;Bloomington:8;Minneapolis:8;Osseo:10;Andover:10;Minnetonka:10;Rosemount:11;Cottage Grove:13
14 Hands Cabernet Sauvignon 750ml,Cabernet,Southern Glazer's Wine & Spirits of MN,127,8.4,15.2,7.4,11.49,9.96,36,,38,98,Woodbury:2;Ramsey:2;Roseville:2;Chanhassen:3;Minneapolis:3;Stillwater:5;Plymouth:8;Blaine:8;Osseo:9;Rosemount:10;Bloomington:11;Minnetonka:12;St. Louis Park:12;Vadnais Heights:13;Cottage Grove:13;Andover:14
Soon Hari Strawberry Soju 375ml,Fortified,Johnson Brothers - St. Paul,12,8.4,1.4,4.72,7.99,6.96,41,DEEP NET,41,86,Minneapolis:12
Barefoot Rose 750ml,Rose,Johnson Brothers - St. Paul,97,8.4,11.5,4.41,7.99,6.96,45,ON Month Deep Net $51.85 ( Off Month Deep Net $56),32,126,Rosemount:1;Roseville:1;Chanhassen:3;Osseo:4;Blaine:4;Minnetonka:6;Bloomington:7;St. Louis Park:7;Woodbury:9;Andover:9;Cottage Grove:10;Plymouth:10;Ramsey:11;Minneapolis:15
Meiomi Chardonnay 750ml,Chardonnay,Southern Glazer's Wine & Spirits of MN,257,8.4,30.5,9.86,17.99,15.96,45,,36,109,Minnetonka:6;Osseo:6;Minneapolis:7;St. Louis Park:9;Roseville:10;Rosemount:13;Stillwater:15;Chanhassen:18;Andover:23;Plymouth:23;Vadnais Heights:23;Blaine:27;Cottage Grove:28;Woodbury:49
Caymus Napa Cab Sauv 750ml,Cabernet,Oxford Street Merchants,205,8.4,24.5,55.59,82.99,69.96,33,,38,98,Minnetonka:4;Andover:6;Blaine:6;Chanhassen:10;Osseo:10;Rosemount:11;Vadnais Heights:12;St. Louis Park:13;Ramsey:16;Cottage Grove:16;Stillwater:17;Roseville:18;Plymouth:20;Minneapolis:21;Woodbury:25
Black Box Brilliant Pinot Grigio 3L Box,Pinot Grigio/Gris,Johnson Brothers - St. Paul,78,8.3,9.4,12.84,19.99,16.96,36,,37,101,Minneapolis:2;Plymouth:2;Roseville:2;St. Louis Park:2;Cottage Grove:2;Minnetonka:3;Stillwater:3;Woodbury:5;Bloomington:5;Rosemount:5;Vadnais Heights:6;Andover:6;Osseo:7;Chanhassen:8;Ramsey:8;Blaine:12
14 Hands Run Wild Red Blend 750ml,Red Blends,Southern Glazer's Wine & Spirits of MN,131,8.3,15.9,7.4,11.49,9.96,36,,39,90,Rosemount:1;Minnetonka:5;Chanhassen:6;Cottage Grove:6;Woodbury:7;Plymouth:8;Stillwater:8;Minneapolis:8;Andover:9;Osseo:9;Vadnais Heights:11;Blaine:12;Ramsey:12;St. Louis Park:13;Roseville:16
"90+ Cellars 2022 Lot 215 Orange, Abruzzo, Italy 750ml",Other Whites,Bellboy Corporation,198,8.3,23.9,8.58,18.99,15.96,55,,32,122,Woodbury:5;Bloomington:6;Minnetonka:6;Rosemount:6;Stillwater:7;Plymouth:9;Andover:10;Vadnais Heights:12;Chanhassen:14;Roseville:18;Blaine:19;St. Louis Park:28;Minneapolis:58
Daily's Margarita RTD Frozen 10oz,Flavored,Phillips Wine & Spirits - St. Paul,186,8.3,22.5,1.55,3.99,3.46,61,,26,149,Woodbury:1;Blaine:3;Minneapolis:4;Andover:5;Stillwater:6;Vadnais Heights:9;Minnetonka:12;Bloomington:12;Rosemount:18;St. Louis Park:18;Ramsey:21;Osseo:22;Cottage Grove:27;Plymouth:28
Franzia Sunset Blush 3L Box,Rose,Southern Glazer's Wine & Spirits of MN,70,8.2,8.5,7.79,14.99,12.96,48,,37,97,Chanhassen:2;Cottage Grove:2;Bloomington:3;Plymouth:3;Osseo:4;Ramsey:4;Andover:5;Blaine:5;St. Louis Park:5;Vadnais Heights:6;Woodbury:6;Stillwater:7;Rosemount:7;Minneapolis:11
Bota Box Breeze Chardonnay 3L Box,Chardonnay,Phillips Wine & Spirits - St. Paul,53,8.2,6.5,13.4,19.99,17.96,33,,33,114,Minnetonka:2;Andover:3;Minneapolis:3;Ramsey:3;St. Louis Park:3;Chanhassen:3;Rosemount:3;Vadnais Heights:3;Osseo:3;Blaine:4;Plymouth:4;Cottage Grove:4;Stillwater:4;Roseville:5;Woodbury:6
Stella Rosa Rosso 750ml,Flavored,"Breakthru Beverage Minnesota Wine & Spirits, LLC",106,8.2,12.9,8.76,13.99,11.96,37,,36,103,Woodbury:1;Ramsey:2;Bloomington:4;Vadnais Heights:4;Chanhassen:5;Minnetonka:5;Osseo:5;Blaine:5;St. Louis Park:7;Cottage Grove:7;Andover:8;Minneapolis:8;Plymouth:10;Stillwater:11;Rosemount:12;Roseville:12
Kim Crawford Sauvignon Blanc Illuminate 750ml,Sauvignon Blanc,Southern Glazer's Wine & Spirits of MN,145,8.2,17.7,10.77,14.99,12.96,28,,28,137,Rosemount:1;Stillwater:3;Andover:4;Roseville:7;Bloomington:8;Minnetonka:9;Minneapolis:9;Woodbury:9;Osseo:10;Cottage Grove:12;Plymouth:13;Blaine:16;St. Louis Park:20;Chanhassen:24
Dark Horse Buttery Chardonnay 750ml,Chardonnay,Johnson Brothers - St. Paul,117,8.2,14.2,5.43,9.99,8.96,46,,34,112,Minnetonka:4;Rosemount:6;Bloomington:7;Ramsey:7;Andover:8;St. Louis Park:10;Roseville:11;Blaine:15;Chanhassen:15;Stillwater:16;Cottage Grove:18
Gekkeikan Sake 750ml,Fortified,Southern Glazer's Wine & Spirits of MN,100,8.2,12.2,5.4,9.99,8.96,46,,37,97,Rosemount:1;Stillwater:1;Ramsey:2;Vadnais Heights:2;Woodbury:4;Minneapolis:4;Plymouth:5;Andover:8;Blaine:8;Bloomington:9;Chanhassen:11;Osseo:11;Roseville:11;St. Louis Park:11;Minnetonka:12
Barefoot Red Moscato 750ml,Flavored,Johnson Brothers - St. Paul,82,8.2,10.0,4.41,7.99,6.96,45,ON Month Deep Net $51.85 ( Off Month Deep Net $56),35,107,Andover:2;Ramsey:3;Stillwater:3;Osseo:4;Chanhassen:5;Bloomington:6;Roseville:6;Vadnais Heights:6;Blaine:6;St. Louis Park:6;Cottage Grove:7;Plymouth:9;Minneapolis:9;Woodbury:10
Avaline Rose 750ml,Rose,Southern Glazer's Wine & Spirits of MN,99,8.1,12.2,12.64,21.99,18.96,43,,30,126,Minnetonka:2;Blaine:3;Vadnais Heights:5;Andover:6;Chanhassen:7;Plymouth:11;Roseville:11;Woodbury:12;Rosemount:12;St. Louis Park:14;Bloomington:16
Ercole Monferratto Rosso Liter,Other Reds,Libation Project,72,8.1,8.9,11.5,20.99,17.96,45,,37,93,Chanhassen:2;Woodbury:2;Stillwater:3;Bloomington:4;Plymouth:4;Roseville:4;Minnetonka:6;Rosemount:6;St. Louis Park:7;Andover:11;Minneapolis:11;Blaine:12
Cupcake Still Rose 750ml,Rose,Southern Glazer's Wine & Spirits of MN,69,8.1,8.5,5.4,9.99,8.96,46,,35,102,Cottage Grove:1;Vadnais Heights:2;Blaine:5;Bloomington:5;Roseville:6;Rosemount:6;Osseo:7;Stillwater:7;Woodbury:11;St. Louis Park:19
Yellow Tail Merlot 1.5L,Merlot,Phillips Wine & Spirits - St. Paul,50,8.1,6.2,6.62,12.49,11.96,47,,37,94,Minneapolis:1;Osseo:1;Stillwater:2;Plymouth:3;Ramsey:3;Chanhassen:3;Woodbury:4;Roseville:4;Blaine:4;Vadnais Heights:4;Rosemount:5;St. Louis Park:5;Andover:5;Cottage Grove:6
Cooks Spumante 750ml,Sparkling,Southern Glazer's Wine & Spirits of MN,145,8.1,17.9,6.07,11.49,9.96,47,,39,85,Roseville:2;Vadnais Heights:2;Woodbury:5;Andover:5;Stillwater:5;Minnetonka:6;Ramsey:8;St. Louis Park:9;Osseo:10;Chanhassen:11;Cottage Grove:11;Plymouth:21;Rosemount:25;Minneapolis:25
Risata Pink Moscato 750ml,Other Whites,Oxford Street Merchants,116,8.1,14.4,7.97,12.99,11.96,39,,32,115,Minneapolis:1;Plymouth:2;Woodbury:2;Andover:3;Blaine:5;Bloomington:5;Stillwater:5;Minnetonka:7;Rosemount:7;Osseo:9;St. Louis Park:10;Ramsey:10;Vadnais Heights:10;Chanhassen:11;Roseville:11;Cottage Grove:18
Seven Daughters Moscato 750ml,Moscato,Southern Glazer's Wine & Spirits of MN,118,8.1,14.6,8.73,14.99,12.96,42,,37,93,Chanhassen:4;Andover:4;St. Louis Park:5;Roseville:6;Cottage Grove:6;Minneapolis:7;Vadnais Heights:9;Minnetonka:10;Ramsey:10;Stillwater:10;Blaine:11;Bloomington:11;Plymouth:12;Rosemount:13
Meiomi Sauvignon Blanc Calif 750ml,Sauvignon Blanc,Southern Glazer's Wine & Spirits of MN,198,8.0,24.7,9.86,16.99,14.96,42,,35,100,Osseo:2;Vadnais Heights:3;Minneapolis:6;Ramsey:8;Chanhassen:9;Minnetonka:9;Roseville:10;Bloomington:11;Rosemount:12;Plymouth:13;Stillwater:14;Woodbury:14;St. Louis Park:14;Blaine:17;Andover:18;Cottage Grove:38
Caymus California Cabernet 750ml,Cabernet,Oxford Street Merchants,106,8.0,13.2,33.59,46.99,39.96,29,,36,96,Blaine:4;Vadnais Heights:4;Rosemount:4;Minnetonka:6;Ramsey:6;Osseo:6;Woodbury:6;Andover:6;Chanhassen:7;Bloomington:7;St. Louis Park:10;Cottage Grove:12;Roseville:12;Plymouth:16
Black Box Cabernet Liter Tetra,Cabernet,Johnson Brothers - St. Paul,73,8.0,9.1,6.09,9.99,8.96,39,,34,104,Chanhassen:1;Cottage Grove:1;Ramsey:1;Woodbury:1;Rosemount:1;Stillwater:2;Roseville:2;Vadnais Heights:2;Minneapolis:3;Plymouth:5;Minnetonka:6;Osseo:8;Andover:8;St. Louis Park:10;Blaine:11;Bloomington:11
Chateau Ste Michelle Gewurztraminer 750ml,Other Whites,Southern Glazer's Wine & Spirits of MN,120,7.9,15.2,6.73,9.99,8.96,33,,37,88,Woodbury:1;Bloomington:4;Minneapolis:5;Stillwater:5;St. Louis Park:5;Minnetonka:6;Blaine:6;Rosemount:8;Andover:9;Ramsey:9;Osseo:10;Cottage Grove:12;Vadnais Heights:12;Roseville:12;Chanhassen:16
Summit Cabernet Sauvignon 3L Box,Cabernet,Southern Glazer's Wine & Spirits of MN,77,7.9,9.7,11.32,17.99,15.96,37,,34,102,Cottage Grove:2;Minnetonka:2;Rosemount:2;Minneapolis:3;Osseo:3;Plymouth:5;Ramsey:6;Roseville:6;Vadnais Heights:6;Chanhassen:6;St. Louis Park:7;Stillwater:7;Blaine:10;Andover:12
Bev Glam Sparkling Rose 4pk 250ml,Sparkling,Johnson Brothers - St. Paul,40,7.9,5.1,12.85,23.99,19.96,46,,29,124,Rosemount:1;Andover:1;Minneapolis:2;St. Louis Park:2;Chanhassen:3;Bloomington:5;Roseville:6;Blaine:6;Plymouth:14
Stella Rosa Peach 750ml,Flavored,"Breakthru Beverage Minnesota Wine & Spirits, LLC",115,7.8,14.7,8.76,13.99,11.96,37,,34,98,Chanhassen:2;Rosemount:3;Roseville:4;Bloomington:5;Stillwater:5;Woodbury:5;Cottage Grove:6;Blaine:7;Minneapolis:7;Plymouth:8;Minnetonka:9;Ramsey:9;Vadnais Heights:9;Osseo:12;St. Louis Park:12;Andover:12
Louis Jadot Beaujolais Village 750ml,Other Reds,"Breakthru Beverage Minnesota Wine & Spirits, LLC",175,7.8,22.5,8.76,15.99,13.96,45,,35,93,Roseville:2;Bloomington:3;Rosemount:3;Blaine:4;Cottage Grove:6;Osseo:6;Woodbury:6;Vadnais Heights:7;Stillwater:8;Plymouth:10;Andover:11;Minneapolis:12;St. Louis Park:15;Minnetonka:17;Ramsey:18;Chanhassen:47
Une Femme The Betty Sparkling 250ml,Sparkling,"Breakthru Beverage Minnesota Wine & Spirits, LLC",110,7.8,14.2,3.05,6.49,5.96,53,,29,119,St. Louis Park:1;Blaine:10;Stillwater:10;Minnetonka:12;Bloomington:16;Andover:17;Vadnais Heights:20;Roseville:24
Readers Sauvignon Blanc 750ml,Sauvignon Blanc,Bellboy Corporation,129,7.8,16.5,8.58,18.99,15.96,55,,36,90,Plymouth:1;Stillwater:2;Chanhassen:3;Woodbury:4;Minnetonka:5;Roseville:5;Rosemount:6;Vadnais Heights:6;St. Louis Park:9;Cottage Grove:9;Ramsey:10;Blaine:10;Andover:12;Osseo:12;Minneapolis:13;Bloomington:22
Mirabeau Forever Summer Rose 750ml,Rose,"Grape Beginnings, Inc.",191,7.8,24.6,10.0,17.49,14.96,43,,32,106,Andover:2;Cottage Grove:7;Stillwater:7;Vadnais Heights:9;Chanhassen:10;Osseo:11;Ramsey:11;Rosemount:11;Minnetonka:12;Plymouth:12;Woodbury:12;Blaine:16;Roseville:18;Minneapolis:18;St. Louis Park:35
Pizzolato Muse Prosecco 187ml,Sparkling,Oxford Street Merchants,228,7.8,29.1,3.42,7.99,6.96,57,,25,139,St. Louis Park:2;Rosemount:4;Roseville:4;Blaine:5;Chanhassen:12;Minnetonka:15;Minneapolis:15;Stillwater:16;Vadnais Heights:17;Bloomington:18;Cottage Grove:18;Osseo:19;Ramsey:19;Woodbury:20;Plymouth:21;Andover:23
Barefoot Bubbly Pink Moscato 750ml,Flavored,Johnson Brothers - St. Paul,119,7.7,15.5,7.42,11.99,9.96,38,,35,90,Woodbury:3;Plymouth:5;Stillwater:5;Rosemount:6;Ramsey:10;Osseo:11;Chanhassen:12;Cottage Grove:12;Blaine:12;Andover:13;Minnetonka:14;Roseville:16
Torresella Pinot Grigio Veneto 750ml,Pinot Grigio/Gris,Oxford Street Merchants,127,7.7,16.4,8.62,15.99,12.96,46,,32,105,Blaine:3;Roseville:3;St. Louis Park:5;Cottage Grove:8;Osseo:9;Andover:10;Ramsey:12;Woodbury:12;Plymouth:13;Chanhassen:14;Rosemount:16;Vadnais Heights:22
LaMarca Prosecco Demi Sec 750ml,Sparkling,Johnson Brothers - St. Paul,148,7.7,19.1,11.82,20.99,17.96,44,,31,109,Rosemount:1;Chanhassen:2;Stillwater:3;Ramsey:3;Minneapolis:4;Cottage Grove:6;Woodbury:6;Plymouth:9;Roseville:12;Minnetonka:13;Blaine:13;St. Louis Park:15;Osseo:17;Andover:21;Vadnais Heights:23
Conundrum White 750ml,White Blends,Oxford Street Merchants,122,7.7,15.8,8.59,14.99,12.96,43,,37,81,Plymouth:2;Ramsey:4;Roseville:5;Bloomington:7;Stillwater:7;Chanhassen:8;Blaine:9;Woodbury:9;Vadnais Heights:10;St. Louis Park:12;Rosemount:12;Andover:16;Minnetonka:21
Josh Cellars Zinfandel 750ml,Zinfandel,Johnson Brothers - St. Paul,97,7.7,12.7,8.18,14.99,12.96,45,Buy 11 Josh (all flavors and sizes) and receive 3 free Josh Cabernet (#859252),34,93,Rosemount:1;Cottage Grove:3;Plymouth:3;Roseville:3;Stillwater:4;Blaine:4;St. Louis Park:5;Bloomington:6;Woodbury:8;Chanhassen:8;Vadnais Heights:9;Andover:9;Ramsey:10;Osseo:11;Minneapolis:13
Bieler Pere Et Fils Rose 750ml,Rose,Phillips Wine & Spirits - St. Paul,41,7.7,5.4,7.09,14.99,12.96,53,,28,120,Osseo:2;Andover:4;Blaine:4;Roseville:4;Chanhassen:5;Ramsey:7;Woodbury:7;Rosemount:8
Barefoot Apple Moscato 750ml,Flavored,Johnson Brothers - St. Paul,57,7.6,7.5,4.41,7.99,6.96,45,ON Month Deep Net $51.85 ( Off Month Deep Net $56),31,105,Roseville:1;Chanhassen:2;Ramsey:2;Blaine:5;Bloomington:6;Cottage Grove:12;Minneapolis:29
19 Crimes Red Wine 750ml,Red Blends,"Breakthru Beverage Minnesota Wine & Spirits, LLC",140,7.6,18.4,6.1,9.99,8.96,39,,34,91,Ramsey:1;Andover:2;Plymouth:2;Minneapolis:6;Rosemount:9;Minnetonka:10;Woodbury:10;Vadnais Heights:10;Blaine:10;Roseville:13;St. Louis Park:13;Cottage Grove:14;Osseo:18;Chanhassen:22
Pizzolato Rosso 750ml,Other Reds,Oxford Street Merchants,112,7.6,14.8,8.42,19.99,16.96,58,,35,86,Rosemount:1;Osseo:3;Woodbury:3;Minneapolis:3;Stillwater:4;Minnetonka:5;Roseville:6;Blaine:7;Cottage Grove:7;Vadnais Heights:9;St. Louis Park:9;Plymouth:10;Andover:11;Ramsey:13;Bloomington:21
90+ Cellars Sancerre Rose Lot 196 750ml,Rose,Bellboy Corporation,171,7.6,22.4,14.75,36.99,29.96,60,,29,115,Vadnais Heights:3;Cottage Grove:5;Minnetonka:5;Woodbury:5;Rosemount:5;Minneapolis:8;Bloomington:9;Osseo:9;Roseville:9;Andover:16;Chanhassen:16;Blaine:20;Plymouth:21;St. Louis Park:40
Franzia White Zinfandel 3L Box,Zinfandel,Southern Glazer's Wine & Spirits of MN,51,7.5,6.8,9.13,16.99,14.96,46,,37,74,Ramsey:1;Roseville:1;Vadnais Heights:1;Woodbury:2;Bloomington:3;Plymouth:3;Osseo:4;Andover:4;Rosemount:4;Cottage Grove:5;Blaine:5;Chanhassen:5;Minneapolis:6;Stillwater:7
Mer Soleil Santa Lucia Chard 750ml,Chardonnay,Oxford Street Merchants,145,7.5,19.5,11.92,20.99,17.96,43,,35,82,Blaine:6;Vadnais Heights:7;Woodbury:7;Minnetonka:8;Osseo:9;Cottage Grove:10;Plymouth:12;Roseville:12;Andover:13;Chanhassen:13;Minneapolis:20;St. Louis Park:28
LaMarca Prosecco 375ml,Sparkling,Johnson Brothers - St. Paul,88,7.5,11.8,8.09,12.99,10.96,38,,31,101,Plymouth:1;Minneapolis:2;Chanhassen:3;Woodbury:3;Stillwater:4;Roseville:4;Andover:4;Bloomington:5;Minnetonka:7;Cottage Grove:9;Blaine:12;Rosemount:13;St. Louis Park:21
Josh Cellars Chardonnay 375ml,Chardonnay,Johnson Brothers - St. Paul,108,7.5,14.3,1.41,6.99,5.96,80,Buy 11 Josh (all flavors and sizes) and receive 3 free Josh Cabernet (#859252),37,76,Roseville:2;Cottage Grove:5;Plymouth:5;Chanhassen:5;Osseo:6;Andover:6;St. Louis Park:6;Bloomington:8;Rosemount:9;Ramsey:10;Vadnais Heights:10;Woodbury:12;Minneapolis:24
Fit Vine Pinot Grigio 750ml,Pinot Grigio/Gris,"Breakthru Beverage Minnesota Wine & Spirits, LLC",111,7.5,14.9,8.1,12.99,11.96,38,,36,78,Cottage Grove:1;Ramsey:3;Vadnais Heights:3;Stillwater:3;Rosemount:4;Blaine:7;Minnetonka:9;Roseville:9;Bloomington:11;Osseo:11;Chanhassen:12;St. Louis Park:12;Woodbury:12;Andover:14
Beringer Main & Vine White Zinfandel 750ml,Other Whites,Southern Glazer's Wine & Spirits of MN,113,7.4,15.3,3.57,6.49,5.96,45,,30,103,St. Louis Park:2;Woodbury:2;Chanhassen:3;Plymouth:3;Blaine:4;Minnetonka:5;Ramsey:5;Minneapolis:6;Stillwater:7;Andover:8;Roseville:9;Vadnais Heights:11;Cottage Grove:11;Osseo:12;Rosemount:12;Bloomington:13
Barefoot Pink Moscato 3L Box,Other Whites,Johnson Brothers - St. Paul,33,7.4,4.5,14.18,22.99,18.96,38,,36,76,Osseo:2;Rosemount:2;Roseville:2;Woodbury:2;Andover:2;Stillwater:3;Ramsey:3;Minneapolis:4;Blaine:6;Vadnais Heights:7
Libretto Cabernet Sauvignon 750ml,Cabernet,Paustis Wine,182,7.4,24.7,5.36,12.99,10.96,59,,27,115,St. Louis Park:1;Osseo:8;Minneapolis:13;Stillwater:16;Bloomington:17;Woodbury:22;Minnetonka:39;Plymouth:66
The Federalist Cab 750ml,Cabernet,Southern Glazer's Wine & Spirits of MN,97,7.4,13.1,10.73,19.99,16.96,46,,36,76,Minnetonka:1;Chanhassen:1;Roseville:1;Osseo:3;Ramsey:4;Rosemount:4;Blaine:4;Andover:7;Bloomington:7;Stillwater:8;Plymouth:8;Cottage Grove:9;Minneapolis:10;St. Louis Park:10;Vadnais Heights:10;Woodbury:10
Mad Dog Jungle Juice Pet 200ml,Flavored,Southern Glazer's Wine & Spirits of MN,54,7.4,7.3,1.53,3.99,2.96,62,,32,93,Andover:7;Blaine:9;Minneapolis:16;Ramsey:22
Charles Smith Kung Fu Girl Riesling 750ml,Other Whites,Southern Glazer's Wine & Spirits of MN,62,7.4,8.4,7.4,13.79,11.96,46,,31,98,Minnetonka:1;Rosemount:1;Vadnais Heights:1;Roseville:2;Stillwater:4;Andover:5;Woodbury:7;Blaine:7;Cottage Grove:7;Bloomington:9;Chanhassen:9;St. Louis Park:9
Woodbridge Red Blend 1.5L,Red Blends,Southern Glazer's Wine & Spirits of MN,97,7.3,13.2,7.2,12.99,10.96,45,,34,83,Rosemount:5;Stillwater:5;Andover:6;Minneapolis:6;Vadnais Heights:6;Woodbury:6;Plymouth:7;Roseville:7;Blaine:7;Cottage Grove:7;Minnetonka:8;Osseo:11;St. Louis Park:16
Pavette Pinot Noir 750ml,Pinot Noir,Libation Project,81,7.3,11.0,9.83,17.49,14.96,44,,38,65,Vadnais Heights:2;Woodbury:3;Minneapolis:3;Rosemount:7;Cottage Grove:7;St. Louis Park:8;Blaine:10;Bloomington:11;Minnetonka:11;Andover:19
Creamery Cabernet Sauvignon 750ml,Cabernet,"Breakthru Beverage Minnesota Wine & Spirits, LLC",130,7.3,17.8,7.68,17.49,14.96,56,,33,86,Rosemount:2;Osseo:4;Blaine:6;Vadnais Heights:6;Cottage Grove:7;Plymouth:8;Bloomington:9;Roseville:9;Ramsey:10;Andover:10;Minneapolis:10;Woodbury:10;Minnetonka:11;Chanhassen:12;Stillwater:16
Cupcake Chardonnay 750ml,Chardonnay,Southern Glazer's Wine & Spirits of MN,107,7.3,14.7,5.4,9.99,8.96,46,,29,103,Chanhassen:2;Rosemount:2;Roseville:2;Ramsey:3;Minnetonka:5;St. Louis Park:5;Bloomington:7;Plymouth:7;Vadnais Heights:7;Cottage Grove:8;Blaine:10;Minneapolis:10;Stillwater:12;Woodbury:12;Osseo:15
Les Allies Brut Sparkling Rose 750ml,Sparkling,"Maverick Beverage Co., LLC - MN",152,7.3,20.8,5.96,14.99,12.96,60,,29,104,Stillwater:1;Minnetonka:5;Ramsey:7;Plymouth:8;Andover:8;Vadnais Heights:10;Roseville:11;Cottage Grove:13;Rosemount:13;Woodbury:13;St. Louis Park:13;Osseo:15;Bloomington:17;Chanhassen:18
Underwood Pinot Gris 375ml,Pinot Grigio/Gris,Oxford Street Merchants,86,7.3,11.8,3.98,6.49,5.96,39,,24,127,Blaine:1;Cottage Grove:1;Osseo:1;Ramsey:1;Andover:2;Chanhassen:3;Vadnais Heights:3;Stillwater:7;Minneapolis:8;Roseville:8;Rosemount:12;St. Louis Park:12;Minnetonka:12;Plymouth:15
Sutter Home Moscato 187ml,Moscato,Phillips Wine & Spirits - St. Paul,48,7.3,6.6,5.18,7.99,6.96,35,,28,108,Minneapolis:1;Rosemount:1;St. Louis Park:1;Woodbury:1;Ramsey:1;Minnetonka:3;Stillwater:3;Chanhassen:3;Blaine:4;Osseo:5;Plymouth:5;Bloomington:5;Roseville:6;Andover:9
Toad Hollow Chardonnay 750ml,Chardonnay,The Wine Company,179,7.3,24.5,9.19,17.99,15.96,49,,28,109,Rosemount:1;Andover:1;Minnetonka:3;Woodbury:5;Ramsey:6;Chanhassen:7;Stillwater:7;Osseo:8;Cottage Grove:10;Bloomington:11;Roseville:12;St. Louis Park:13;Minneapolis:14;Blaine:22;Plymouth:26;Vadnais Heights:33
Barefoot Cab Sauv 1.5L,Cabernet,Johnson Brothers - St. Paul,48,7.3,6.6,7.56,13.99,11.96,46,2 FREE ON 22,33,86,Rosemount:1;Andover:2;Plymouth:2;St. Louis Park:2;Cottage Grove:2;Chanhassen:3;Stillwater:3;Osseo:3;Bloomington:4;Minneapolis:4;Blaine:4;Roseville:5;Vadnais Heights:6;Ramsey:7
Chandon Brut Classic 187ml,Sparkling,Oxford Street Merchants,307,7.2,42.6,4.66,7.99,6.96,42,,25,119,Vadnais Heights:2;Rosemount:3;Ramsey:7;Minnetonka:8;Osseo:9;Stillwater:13;Plymouth:18;Andover:20;Chanhassen:22;Roseville:25;Woodbury:25;Blaine:26;Minneapolis:26;Bloomington:29;Cottage Grove:31;St. Louis Park:43
"Laroque Cabernet Franc, Cite de Carcassonne 750ml",Cabernet,Bellboy Corporation,227,7.2,31.7,7.58,18.99,15.96,60,,36,68,Rosemount:1;Roseville:2;Chanhassen:2;Vadnais Heights:3;Bloomington:7;Woodbury:7;Andover:10;Plymouth:14;Minneapolis:15;St. Louis Park:16;Osseo:18;Minnetonka:21;Ramsey:21;Stillwater:39;Cottage Grove:51
Quilt Napa Cabernet Sauvignon 750ml,Cabernet,Oxford Street Merchants,79,7.2,10.9,31.31,44.99,37.96,30,,32,88,Andover:1;Minnetonka:1;Ramsey:2;Vadnais Heights:2;Minneapolis:3;Bloomington:5;Stillwater:6;Cottage Grove:6;Woodbury:7;Blaine:7;St. Louis Park:8;Rosemount:9;Roseville:10;Chanhassen:12
Seghesio Zinfandel 750ml,Zinfandel,Oxford Street Merchants,54,7.2,7.5,12.87,22.99,19.96,44,,30,95,Andover:1;Woodbury:1;Chanhassen:2;Vadnais Heights:3;Roseville:3;St. Louis Park:4;Ramsey:5;Blaine:6;Minnetonka:6;Plymouth:6;Cottage Grove:6;Bloomington:11
Hakutsuru Draft Sake 300ml,Fortified,The Wine Company,171,7.2,23.7,5.28,8.99,7.96,41,,31,92,Plymouth:3;Cottage Grove:3;Andover:5;Osseo:7;Stillwater:7;Rosemount:12;Chanhassen:12;Minneapolis:13;Woodbury:16;Bloomington:17;Ramsey:17;Roseville:19;Blaine:20;St. Louis Park:20
Willamette Valley Whole Clust P. Noir 750ml,Pinot Noir,Bellboy Corporation,147,7.2,20.5,14.04,25.99,22.96,46,,30,96,Ramsey:1;Osseo:4;Chanhassen:4;Roseville:8;Bloomington:9;Minnetonka:9;Woodbury:9;Stillwater:10;Blaine:11;Rosemount:11;Plymouth:11;Cottage Grove:12;Vadnais Heights:12;Andover:12;Minneapolis:12;St. Louis Park:12
90+ Cellars 2022 Lot 217 Chablis 750ml,Chardonnay,Bellboy Corporation,151,7.1,21.3,16.08,35.99,29.96,55,,31,88,Stillwater:3;Vadnais Heights:3;Cottage Grove:7;Osseo:7;Ramsey:7;Bloomington:8;Plymouth:9;Rosemount:10;St. Louis Park:10;Minneapolis:11;Minnetonka:11;Roseville:11;Woodbury:12;Chanhassen:12;Andover:13;Blaine:17
Decoy Sonoma Pinot Noir 750ml,Pinot Noir,"Breakthru Beverage Minnesota Wine & Spirits, LLC",130,7.1,18.4,13.43,21.99,18.96,39,"12cs one store, one invoice.  50+ cs chain buy ok to split up throughout the month.  Intended for feature, ad, display, etc.",24,119,Vadnais Heights:2;Roseville:3;Rosemount:4;Minnetonka:6;Andover:7;Cottage Grove:8;Minneapolis:8;Osseo:8;Plymouth:9;Bloomington:10;Blaine:11;Chanhassen:11;Ramsey:13;St. Louis Park:13;Stillwater:17
Fre Chardonnay N/A 750ml,Chardonnay,Phillips Wine & Spirits - St. Paul,107,7.1,15.1,6.76,12.99,10.96,48,,27,106,Woodbury:3;Ramsey:7;Rosemount:7;Plymouth:7;Blaine:9;Roseville:9;Bloomington:10;Minnetonka:12;Andover:13;Cottage Grove:13;Minneapolis:17
Silk & Spice Red Blend 750ml,Red Blends,Paustis Wine,186,7.1,26.3,7.75,14.99,12.96,48,,29,97,Rosemount:2;Minnetonka:6;Osseo:6;Woodbury:6;Stillwater:6;Ramsey:8;Andover:8;St. Louis Park:13;Chanhassen:14;Cottage Grove:15;Plymouth:20;Minneapolis:20;Blaine:27;Roseville:35
Colle Corviano Montepulciano d'Abruzzo,Other Reds,Small Lot MN,106,7.0,15.2,6.79,14.99,12.96,55,,29,93,Chanhassen:1;Woodbury:1;Cottage Grove:2;Minneapolis:2;Ramsey:3;Plymouth:3;Minnetonka:4;Vadnais Heights:4;Stillwater:8;Rosemount:9;Bloomington:9;Osseo:10;Andover:10;Blaine:10;St. Louis Park:11;Roseville:19
Han Jan Peach 750ml,Fortified,"Vinocopia, Inc",89,7.0,12.7,8.79,14.99,12.96,41,,29,94,Minnetonka:1;St. Louis Park:3;Roseville:5;Vadnais Heights:5;Rosemount:7;Ramsey:7;Woodbury:8;Andover:10;Bloomington:10;Blaine:10;Minneapolis:11;Plymouth:12
Pacific Sound Carmenere 750ml,Other Reds,"Bourget Imports, LLC",106,7.0,15.1,6.15,14.99,10.96,59,,26,109,Roseville:1;Plymouth:4;Rosemount:5;Minneapolis:5;St. Louis Park:7;Cottage Grove:9;Blaine:9;Minnetonka:14;Ramsey:14;Stillwater:18;Bloomington:20
90+ Cellars Lot 50 Prosecco 1.5L,Sparkling,Bellboy Corporation,133,7.0,19.1,14.39,31.99,26.96,55,,33,75,Chanhassen:2;St. Louis Park:3;Osseo:5;Andover:6;Ramsey:6;Roseville:7;Minnetonka:8;Plymouth:8;Woodbury:8;Bloomington:8;Blaine:9;Stillwater:9;Cottage Grove:9;Vadnais Heights:11;Minneapolis:12;Rosemount:22
Cupcake Moscato 750ml,Other Whites,Southern Glazer's Wine & Spirits of MN,95,7.0,13.6,5.4,9.99,8.96,46,,34,71,Minnetonka:2;Blaine:3;Cottage Grove:4;Roseville:5;Woodbury:6;Chanhassen:6;Minneapolis:6;Vadnais Heights:7;Stillwater:7;Bloomington:8;Osseo:8;Plymouth:10;Ramsey:11;Andover:12
Simi Sonoma Chardonnay 750ml,Chardonnay,Southern Glazer's Wine & Spirits of MN,165,7.0,23.5,9.4,17.99,15.96,48,,28,100,Stillwater:2;Bloomington:3;Chanhassen:4;Rosemount:7;Plymouth:7;Andover:9;Osseo:9;Roseville:10;Vadnais Heights:10;Woodbury:12;St. Louis Park:12;Blaine:14;Minnetonka:20;Cottage Grove:23;Ramsey:23
Beringer Main & Vine Pinot Grigio 750ml,Pinot Grigio/Gris,Southern Glazer's Wine & Spirits of MN,113,7.0,16.2,3.57,6.49,5.96,45,,34,71,St. Louis Park:2;Stillwater:3;Minnetonka:5;Cottage Grove:6;Bloomington:6;Blaine:7;Vadnais Heights:8;Ramsey:9;Chanhassen:10;Osseo:10;Andover:10;Woodbury:12;Rosemount:12;Plymouth:13
Ferrari Carano Chardonnay 750ml,Chardonnay,Southern Glazer's Wine & Spirits of MN,135,7.0,19.3,14.07,22.99,19.96,39,,25,112,Osseo:3;Cottage Grove:4;Andover:6;Chanhassen:6;Roseville:7;Rosemount:10;Bloomington:11;Stillwater:11;Blaine:13;Ramsey:14;Woodbury:14;Vadnais Heights:17;St. Louis Park:19
Black Box Vibrant Velvety Red Blend 3L Box,Red Blends,Johnson Brothers - St. Paul,64,7.0,9.1,13.15,19.99,16.96,34,,31,87,Stillwater:2;Woodbury:2;Andover:2;Chanhassen:2;Cottage Grove:3;Bloomington:4;Minnetonka:4;Plymouth:4;Roseville:4;Ramsey:4;Rosemount:5;Osseo:5;Vadnais Heights:6;St. Louis Park:7;Blaine:10
Franzia Fruity Red Sangria 5L Box,Flavored,Southern Glazer's Wine & Spirits of MN,30,6.9,4.3,12.02,17.99,14.96,33,,34,69,Plymouth:1;Vadnais Heights:1;Andover:1;Chanhassen:2;Ramsey:2;Rosemount:2;Blaine:2;Osseo:3;St. Louis Park:3;Woodbury:3;Roseville:4;Stillwater:4;Bloomington:5
Winehaven Strawberry Rhubarb,Flavored,Paustis Wine,133,6.9,19.3,10.75,17.99,15.96,40,,30,86,St. Louis Park:2;Osseo:6;Rosemount:6;Woodbury:6;Vadnais Heights:7;Blaine:7;Cottage Grove:7;Bloomington:8;Minnetonka:8;Chanhassen:9;Ramsey:9;Stillwater:9;Andover:11;Minneapolis:12;Plymouth:13;Roseville:13
Korbel Extra Dry 750ml,Sparkling,Southern Glazer's Wine & Spirits of MN,106,6.9,15.3,7.56,12.99,11.96,42,,29,92,Woodbury:1;Minneapolis:2;Andover:2;Minnetonka:3;Roseville:4;Blaine:5;Chanhassen:6;St. Louis Park:6;Cottage Grove:7;Osseo:7;Bloomington:12;Plymouth:12;Stillwater:12;Vadnais Heights:13;Rosemount:14
Lapis Luna Zinfandel 750ml,Zinfandel,"Vinocopia, Inc",58,6.9,8.4,8.12,14.99,12.96,46,,31,82,Minnetonka:3;Minneapolis:3;Roseville:4;Cottage Grove:5;Woodbury:7;Blaine:7;Bloomington:7;Andover:11;St. Louis Park:11
Black Box Chardonnay Liter Tetra,Chardonnay,Johnson Brothers - St. Paul,81,6.9,11.7,6.09,9.99,8.96,39,,28,97,Andover:1;Osseo:1;Ramsey:1;Roseville:1;Stillwater:1;St. Louis Park:2;Minnetonka:4;Vadnais Heights:5;Bloomington:5;Plymouth:9;Woodbury:9;Blaine:10;Cottage Grove:10;Chanhassen:11;Minneapolis:11
Chandon Rose 750ml,Sparkling,Oxford Street Merchants,111,6.8,16.3,14.09,26.99,22.96,48,,30,84,Stillwater:1;Roseville:4;Blaine:4;Andover:5;Rosemount:6;Vadnais Heights:6;Minnetonka:7;Plymouth:9;Woodbury:9;Minneapolis:9;Chanhassen:11;St. Louis Park:16;Bloomington:24
Riley's Lookout Sauvignon Blanc 750ml,Sauvignon Blanc,"Maverick Beverage Co., LLC - MN",46,6.8,6.8,9.46,17.99,14.96,47,,27,97,Andover:3;Minnetonka:3;Stillwater:3;Bloomington:5;Rosemount:5;Plymouth:5;St. Louis Park:10;Chanhassen:12
90+ Cellars Muscadet Sevre et Maine Sur Lie,Other Whites,Bellboy Corporation,232,6.8,34.1,7.58,17.99,14.96,58,,30,84,Andover:4;Vadnais Heights:5;Plymouth:6;Chanhassen:8;Stillwater:9;Blaine:11;Cottage Grove:12;Osseo:12;Woodbury:16;Rosemount:17;Minnetonka:18;Roseville:21;Ramsey:22;St. Louis Park:22;Minneapolis:24;Bloomington:25
Willamette Valley Pinot Gris 750ml,Pinot Grigio/Gris,Bellboy Corporation,137,6.8,20.2,10.54,18.99,15.96,44,,28,92,Minneapolis:2;Cottage Grove:3;Rosemount:3;Minnetonka:5;Osseo:5;Vadnais Heights:6;Roseville:7;Ramsey:8;Chanhassen:9;Bloomington:11;Plymouth:11;Woodbury:12;St. Louis Park:12;Stillwater:13;Andover:15;Blaine:15
Cocobon Red Blend 750ml,Red Blends,Southern Glazer's Wine & Spirits of MN,79,6.8,11.7,5.07,9.99,8.96,49,,29,87,Osseo:2;Andover:2;Stillwater:2;Rosemount:2;Minnetonka:4;Blaine:5;Cottage Grove:5;Ramsey:7;St. Louis Park:7;Plymouth:8;Chanhassen:8;Vadnais Heights:8;Woodbury:9;Bloomington:10
90+ Cellars Albarino Lot 174 750ml,Other Whites,Bellboy Corporation,172,6.8,25.4,10.58,23.99,19.96,56,,28,92,Minneapolis:2;Cottage Grove:3;Osseo:5;Blaine:5;Andover:9;Chanhassen:9;Minnetonka:11;Stillwater:11;Woodbury:11;Rosemount:12;St. Louis Park:12;Bloomington:13;Plymouth:13;Vadnais Heights:16;Ramsey:17;Roseville:23
Pizzolato Muse Rose 750ml,Sparkling,Oxford Street Merchants,99,6.8,14.5,9.63,22.49,18.96,57,,24,112,Andover:2;Cottage Grove:2;Ramsey:2;Minnetonka:3;Osseo:3;Rosemount:4;St. Louis Park:5;Minneapolis:6;Plymouth:6;Roseville:7;Chanhassen:7;Bloomington:9;Woodbury:9;Stillwater:11;Blaine:23
Han Jan Mandarin Orange 375ml,Fortified,"Vinocopia, Inc",145,6.7,21.6,4.01,6.49,5.96,38,,26,99,Rosemount:2;Plymouth:2;Roseville:3;Ramsey:4;Chanhassen:5;Osseo:9;Blaine:10;St. Louis Park:10;Minnetonka:12;Bloomington:15;Woodbury:17;Stillwater:18;Minneapolis:18;Cottage Grove:20
Barefoot Pinot Noir 250ml,Pinot Noir,Johnson Brothers - St. Paul,6,6.7,0.9,6.18,9.99,,38,,30,79,Cottage Grove:6
CSM Indian Wells Red Blend 750ml,Red Blends,Southern Glazer's Wine & Spirits of MN,68,6.7,10.1,12.07,18.99,15.96,36,,35,58,St. Louis Park:1;Vadnais Heights:2;Blaine:4;Minnetonka:4;Ramsey:4;Plymouth:4;Osseo:4;Bloomington:5;Roseville:5;Andover:11;Rosemount:11;Chanhassen:13
14 Hands Chardonnay 750ml,Chardonnay,Southern Glazer's Wine & Spirits of MN,136,6.7,20.2,7.4,11.49,9.96,36,,28,90,Plymouth:2;St. Louis Park:3;Stillwater:4;Cottage Grove:5;Vadnais Heights:6;Minneapolis:7;Woodbury:8;Bloomington:10;Chanhassen:10;Roseville:10;Minnetonka:11;Ramsey:11;Rosemount:12;Osseo:12;Blaine:12;Andover:13
Barefoot Merlot 1.5L,Merlot,Johnson Brothers - St. Paul,60,6.6,9.1,7.56,13.99,11.96,46,2 FREE ON 22,29,82,Andover:2;Osseo:2;Plymouth:2;Minneapolis:2;Vadnais Heights:3;Cottage Grove:5;Rosemount:6;Roseville:6;Blaine:6;Stillwater:7;Minnetonka:9;Chanhassen:10
Campo Viejo Reserva 750ml,Other Reds,Southern Glazer's Wine & Spirits of MN,122,6.6,18.5,9.48,15.99,13.96,41,,29,82,St. Louis Park:1;Minneapolis:2;Blaine:3;Cottage Grove:4;Roseville:4;Andover:8;Bloomington:8;Osseo:8;Minnetonka:9;Woodbury:9;Chanhassen:10;Stillwater:10;Ramsey:11;Plymouth:11;Rosemount:12;Vadnais Heights:12
J Vineyards Pinot Noir 750ml,Pinot Noir,Johnson Brothers - St. Paul,88,6.6,13.4,15.42,25.99,21.96,41,,27,90,Minnetonka:1;Woodbury:2;Plymouth:4;Chanhassen:4;Ramsey:5;Minneapolis:5;Cottage Grove:6;St. Louis Park:7;Stillwater:8;Osseo:8;Blaine:8;Roseville:9;Rosemount:10;Bloomington:11
Jinro Lemon Soju 375ml,Fortified,Johnson Brothers - St. Paul,88,6.6,13.4,4.05,6.99,5.96,42,,28,85,Bloomington:14;St. Louis Park:15;Roseville:17;Minneapolis:19;Blaine:23
Cupcake Prosecco 750ml,Sparkling,Southern Glazer's Wine & Spirits of MN,111,6.6,16.8,7.73,13.79,11.96,44,,29,82,Stillwater:1;Woodbury:2;Andover:2;Cottage Grove:3;St. Louis Park:3;Vadnais Heights:4;Osseo:5;Roseville:6;Blaine:7;Rosemount:8;Plymouth:10;Bloomington:10;Minnetonka:11;Chanhassen:11;Ramsey:28
JC Calvet Brut Cremant de Bordeaux 750ml,Sparkling,Bellboy Corporation,293,6.5,45.3,13.41,27.99,22.96,52,,22,109,Ramsey:5;Bloomington:9;Minneapolis:9;Blaine:13;Minnetonka:14;Rosemount:16;Vadnais Heights:16;Andover:17;Plymouth:23;Chanhassen:31;Woodbury:36;St. Louis Park:49;Roseville:55
Three Brooms Sauvignon Blanc 750ml,Sauvignon Blanc,Small Lot MN,61,6.5,9.4,13.46,25.99,21.96,48,,26,91,Minnetonka:2;Woodbury:2;Plymouth:3;Stillwater:5;St. Louis Park:5;Rosemount:6;Roseville:7;Chanhassen:9;Bloomington:11;Vadnais Heights:11
Bread & Butter Pinot Grigio 750ml,Pinot Grigio/Gris,Paustis Wine,99,6.5,15.3,7.02,13.99,11.96,50,,27,86,Minnetonka:3;Bloomington:6;Blaine:7;Chanhassen:12;St. Louis Park:12;Roseville:13;Andover:14;Minneapolis:15;Woodbury:17
Piazza Grande Lambrusco Spuman 750ml,Sparkling,Libation Project,83,6.5,12.9,9.5,17.49,14.96,46,,29,77,Bloomington:3;Roseville:3;Cottage Grove:5;Plymouth:5;Chanhassen:6;Minnetonka:7;Rosemount:9;St. Louis Park:10;Stillwater:11;Blaine:12;Woodbury:12
Natural Origins Cabernet 3L Box,Cabernet,Paustis Wine,67,6.5,10.4,13.5,23.99,19.96,44,,28,82,Osseo:2;Woodbury:2;St. Louis Park:3;Vadnais Heights:4;Bloomington:5;Andover:5;Chanhassen:6;Minnetonka:6;Rosemount:6;Stillwater:6;Blaine:6;Plymouth:7;Cottage Grove:9
Clos Du Bois Buttery Chardonnay 750ml,Chardonnay,Johnson Brothers - St. Paul,65,6.5,9.9,6.76,11.99,10.96,44,,33,62,St. Louis Park:1;Chanhassen:8;Bloomington:11;Rosemount:14;Blaine:15;Roseville:16
Han Jan Peach 375ml,Fortified,"Vinocopia, Inc",177,6.4,27.8,4.01,6.49,5.96,38,,27,83,Plymouth:1;Vadnais Heights:6;Andover:7;Ramsey:7;Rosemount:7;Cottage Grove:8;Minnetonka:10;Bloomington:12;St. Louis Park:12;Minneapolis:12;Woodbury:15;Blaine:20;Chanhassen:20;Osseo:20;Roseville:20
La Clef du Recit Menetou Salon 750ml,Sauvignon Blanc,Bellboy Corporation,240,6.4,37.7,13.48,23.99,14.95,44,,31,65,Cottage Grove:2;Plymouth:2;Chanhassen:5;Rosemount:6;Vadnais Heights:8;Minneapolis:9;Osseo:9;Andover:11;Woodbury:21;Minnetonka:24;Blaine:143
Nave Sur Verdejo Rueda,Other Whites,Oxford Street Merchants,102,6.4,16.0,5.42,12.99,10.96,58,,24,97,Andover:1;Woodbury:2;Minneapolis:2;Rosemount:3;Stillwater:8;Chanhassen:8;Vadnais Heights:9;Cottage Grove:11;Osseo:18;St. Louis Park:19;Blaine:21
AVA Grace Sauvignon Blanc 750ml,Sauvignon Blanc,Southern Glazer's Wine & Spirits of MN,41,6.4,6.4,6.4,11.49,9.96,44,,29,75,Minneapolis:2;Rosemount:5;St. Louis Park:7;Andover:8;Ramsey:9;Blaine:10
Simi Sonoma Cabernet Sauvignon 750ml,Cabernet,Southern Glazer's Wine & Spirits of MN,143,6.4,22.5,12.19,22.99,19.96,47,,27,83,Andover:1;Minneapolis:2;Plymouth:3;Cottage Grove:5;Minnetonka:6;St. Louis Park:6;Bloomington:8;Rosemount:8;Ramsey:9;Stillwater:10;Vadnais Heights:11;Blaine:14;Roseville:14;Osseo:15;Chanhassen:15;Woodbury:16
Yellow Tail Super Crisp Chard 1.5L,Chardonnay,Phillips Wine & Spirits - St. Paul,48,6.4,7.5,6.62,12.49,11.96,47,,17,130,Roseville:1;Woodbury:2;St. Louis Park:3;Bloomington:5;Blaine:6;Ramsey:6;Chanhassen:6;Vadnais Heights:19
Reciente Rioja Reserva 750ml,Other Reds,Bellboy Corporation,155,6.4,24.2,9.08,20.99,17.96,57,,28,80,Chanhassen:3;Minneapolis:4;Plymouth:5;Ramsey:5;Andover:7;St. Louis Park:7;Woodbury:7;Vadnais Heights:9;Roseville:9;Cottage Grove:10;Minnetonka:11;Osseo:13;Blaine:18;Bloomington:21;Stillwater:26
Castello del Poggio Prosecco 750ml,Sparkling,Phillips Wine & Spirits - St. Paul,77,6.4,12.0,7.42,13.99,11.96,47,,25,93,Bloomington:2;Cottage Grove:3;Chanhassen:11;Blaine:12;Andover:12;Vadnais Heights:12;Minneapolis:12;Roseville:13
Freixenet Still Pinot Grigio 750ml,Pinot Grigio/Gris,Southern Glazer's Wine & Spirits of MN,115,6.4,18.1,5.55,12.99,11.96,57,,29,74,Woodbury:7;Vadnais Heights:7;Rosemount:8;Bloomington:9;Minnetonka:9;Andover:9;Roseville:10;Stillwater:10;St. Louis Park:11;Blaine:11;Chanhassen:12;Plymouth:12
Peter Vella Cab Sauv 5L Box,Cabernet,Johnson Brothers - St. Paul,51,6.4,8.0,13.69,20.99,17.96,35,,29,74,Minnetonka:2;Ramsey:2;Cottage Grove:2;Woodbury:2;Rosemount:3;Stillwater:3;Minneapolis:3;St. Louis Park:3;Vadnais Heights:4;Blaine:4;Plymouth:4;Roseville:4;Chanhassen:5;Andover:5;Osseo:5
House Wine Rose Bubbles Can 355ml,Sparkling,Southern Glazer's Wine & Spirits of MN,140,6.3,22.4,3.57,6.49,5.96,45,,26,84,Ramsey:2;Bloomington:4;Rosemount:5;Blaine:8;Vadnais Heights:8;Cottage Grove:9;Minneapolis:9;Roseville:9;Andover:11;Minnetonka:11;Plymouth:11;Woodbury:11;Stillwater:12;St. Louis Park:14;Chanhassen:16
Mad Dog Mad Margarita Pet 200ml,Flavored,Southern Glazer's Wine & Spirits of MN,150,6.3,23.8,1.53,3.99,2.96,62,,31,63,Andover:12;Ramsey:21;Blaine:24;Minneapolis:93
Fre Brut 750ml,Sparkling,Phillips Wine & Spirits - St. Paul,89,6.3,14.1,6.76,12.49,10.96,46,,29,73,Ramsey:1;Stillwater:1;Blaine:1;Woodbury:2;Osseo:3;Roseville:4;Vadnais Heights:5;Minnetonka:6;Rosemount:6;Minneapolis:7;Plymouth:9;Andover:10;Chanhassen:10;St. Louis Park:12;Cottage Grove:12
Sutter Home Pink Moscato 187ml,Flavored,Phillips Wine & Spirits - St. Paul,60,6.3,9.6,5.18,7.99,6.96,35,,25,89,Andover:2;Chanhassen:2;Ramsey:2;St. Louis Park:2;Rosemount:2;Vadnais Heights:2;Woodbury:3;Osseo:4;Blaine:5;Minnetonka:5;Stillwater:5;Minneapolis:5;Plymouth:6;Roseville:6;Bloomington:9
Woodbridge Merlot 1.5L,Merlot,Southern Glazer's Wine & Spirits of MN,100,6.3,16.0,7.2,12.99,10.96,45,,28,75,Plymouth:1;Woodbury:2;Minneapolis:3;Ramsey:4;St. Louis Park:4;Chanhassen:6;Blaine:6;Roseville:7;Vadnais Heights:7;Rosemount:7;Minnetonka:8;Andover:11;Stillwater:13;Osseo:21
Mad Dog Purple Drip Pet 200ml,Flavored,Southern Glazer's Wine & Spirits of MN,31,6.3,4.9,1.53,3.99,2.96,62,,32,58,Minneapolis:3;Andover:5;Ramsey:23
Apothic Cabernet Sauv 750ml,Cabernet,Johnson Brothers - St. Paul,148,6.2,23.8,7.42,11.99,10.96,38,,28,74,Minneapolis:4;Blaine:4;Ramsey:5;Rosemount:7;Roseville:8;Osseo:9;St. Louis Park:9;Cottage Grove:10;Woodbury:11;Andover:11;Vadnais Heights:12;Stillwater:13;Plymouth:14;Chanhassen:31
Apothic Pinot Noir 750ml,Pinot Noir,Johnson Brothers - St. Paul,107,6.2,17.4,7.42,12.99,10.96,43,,28,72,Ramsey:1;Cottage Grove:1;Plymouth:3;Vadnais Heights:3;Minnetonka:4;Andover:5;Chanhassen:5;Blaine:6;Stillwater:6;Woodbury:8;Roseville:11;Rosemount:12;Minneapolis:12;St. Louis Park:13;Osseo:17
Maison Noir 'Sheeps Clothing' Cab Sauv 750ml,Cabernet,Small Lot MN,86,6.2,13.8,13.46,23.99,19.96,44,,26,83,Rosemount:1;Stillwater:2;Roseville:2;Chanhassen:4;Plymouth:5;Cottage Grove:7;Minnetonka:7;Vadnais Heights:7;Andover:8;Bloomington:9;Woodbury:10;Blaine:12;St. Louis Park:12
Nobilo Sauvignon Blanc 200ml,Sauvignon Blanc,Johnson Brothers - St. Paul,75,6.2,12.2,1.81,3.49,2.96,48,,34,45,Andover:6;St. Louis Park:10;Roseville:19;Blaine:19;Rosemount:21
Decoy Limited Alexander Valley Cabernet Sauvignon 750ml,Cabernet,"Breakthru Beverage Minnesota Wine & Spirits, LLC",55,6.2,8.9,16.1,26.99,22.96,40,"12cs one store, one invoice.  50+ cs chain buy ok to split up throughout the month.  Intended for feature, ad, display, etc.",28,73,Woodbury:1;Roseville:2;Blaine:5;Rosemount:5;Plymouth:6;Minnetonka:7;St. Louis Park:8;Bloomington:9;Andover:12
La Crema Monterey Pinot Gris 750ml,Pinot Grigio/Gris,Johnson Brothers - St. Paul,155,6.2,24.9,10.58,17.49,14.96,40,,30,65,Osseo:1;Rosemount:1;Stillwater:3;Woodbury:6;Andover:6;Minnetonka:9;Bloomington:10;St. Louis Park:10;Vadnais Heights:11;Chanhassen:11;Blaine:13;Ramsey:13;Plymouth:13;Minneapolis:14;Cottage Grove:15;Roseville:19
LaMarca Prosecco Rose 750ml,Sparkling,Johnson Brothers - St. Paul,188,6.2,30.4,11.82,20.99,17.96,44,,20,109,Osseo:3;Vadnais Heights:6;Ramsey:7;Rosemount:9;St. Louis Park:9;Blaine:10;Stillwater:10;Roseville:11;Chanhassen:13;Woodbury:13;Bloomington:14;Minneapolis:14;Plymouth:16;Andover:17;Cottage Grove:18;Minnetonka:18
90+ Cellars Lot 126 Sancerre 750ml,Sauvignon Blanc,Bellboy Corporation,245,6.2,39.5,20.07,48.99,39.96,59,,23,96,Stillwater:1;Woodbury:5;Andover:10;Vadnais Heights:15;Roseville:16;Minnetonka:17;Rosemount:17;Plymouth:19;Blaine:21;Bloomington:22;Osseo:26;Chanhassen:30;St. Louis Park:46
Bogle Juggernaut RRV Pinot Noir 750ml,Pinot Noir,Phillips Wine & Spirits - St. Paul,201,6.2,32.5,11.72,20.99,17.96,44,,22,100,Ramsey:1;Blaine:4;Cottage Grove:6;Bloomington:10;Rosemount:12;Minnetonka:14;Vadnais Heights:14;Andover:16;St. Louis Park:17;Stillwater:18;Woodbury:20;Chanhassen:21;Plymouth:21;Roseville:27
Woodbridge Pinot Noir 1.5L,Pinot Noir,Southern Glazer's Wine & Spirits of MN,91,6.2,14.6,7.2,12.99,10.96,45,,30,65,Ramsey:3;Vadnais Heights:3;Minneapolis:4;Cottage Grove:4;Woodbury:4;Bloomington:5;Roseville:5;Blaine:6;Chanhassen:7;St. Louis Park:7;Stillwater:7;Osseo:7;Andover:9;Plymouth:10;Rosemount:10
"Biscaye Baie Sauvignon Blanc, Cotes de Gascogne 750ml",Sauvignon Blanc,Bellboy Corporation,126,6.1,20.7,7.08,15.99,13.96,56,,26,79,Woodbury:2;Cottage Grove:3;Minnetonka:4;Stillwater:12;Ramsey:16;Chanhassen:17;Rosemount:18;Osseo:19;Roseville:35
The Prisoner Wine Co Prisoner Red Blend 750ml,Red Blends,Southern Glazer's Wine & Spirits of MN,133,6.1,21.8,33.4,45.99,34.96,27,,26,79,Andover:1;Minneapolis:3;Roseville:3;St. Louis Park:3;Osseo:8;Chanhassen:9;Woodbury:9;Rosemount:10;Stillwater:11;Blaine:12;Cottage Grove:12;Minnetonka:12;Plymouth:13;Ramsey:13;Bloomington:14
K J Vintner's Sauv Blanc 750ml,Sauvignon Blanc,Phillips Wine & Spirits - St. Paul,214,6.1,35.2,9.64,15.99,13.96,40,5 Vintner's Chard on 100+8cs VR SB,25,83,Rosemount:1;Osseo:10;St. Louis Park:10;Plymouth:12;Bloomington:15;Cottage Grove:16;Stillwater:17;Blaine:17;Chanhassen:18;Roseville:21;Andover:21;Minnetonka:23;Vadnais Heights:33
Sho Chiku Bai Sake 750ml,Fortified,Johnson Brothers - St. Paul,53,6.1,8.7,5.78,10.99,8.96,47,,28,69,Minneapolis:1;St. Louis Park:5;Andover:5;Roseville:6;Minnetonka:9;Blaine:12;Bloomington:15
Harken Chardonnay 750ml,Chardonnay,"Breakthru Beverage Minnesota Wine & Spirits, LLC",228,6.1,37.7,10.1,17.99,14.96,44,,27,73,Andover:2;Roseville:4;Rosemount:4;Stillwater:7;Bloomington:11;Woodbury:11;St. Louis Park:11;Osseo:12;Minnetonka:15;Minneapolis:16;Plymouth:22;Vadnais Heights:22;Cottage Grove:42;Chanhassen:49
Sand Point Cab Sauv 750ml,Cabernet,Paustis Wine,85,6.1,13.9,6.08,11.99,9.96,49,,28,70,Andover:2;Blaine:3;St. Louis Park:5;Stillwater:5;Roseville:5;Minnetonka:7;Plymouth:8;Woodbury:8;Chanhassen:10;Minneapolis:10;Bloomington:11;Cottage Grove:11
Fre Premium Red 750ml,Red Blends,Phillips Wine & Spirits - St. Paul,92,6.1,15.0,6.76,12.99,10.96,48,,25,84,Rosemount:1;Roseville:1;St. Louis Park:1;Chanhassen:6;Cottage Grove:7;Ramsey:7;Minneapolis:9;Andover:9;Stillwater:9;Bloomington:10;Minnetonka:10;Woodbury:10;Blaine:12
Bread & Butter Red Blend 750ml,Red Blends,Paustis Wine,142,6.0,23.5,8.15,14.99,12.96,46,,28,68,St. Louis Park:2;Plymouth:5;Andover:7;Bloomington:8;Minneapolis:8;Rosemount:8;Stillwater:9;Osseo:9;Chanhassen:11;Ramsey:12;Blaine:12;Minnetonka:12;Roseville:12;Cottage Grove:13;Vadnais Heights:14
K J Vintner's Reserve Cabernet 750ml,Cabernet,Phillips Wine & Spirits - St. Paul,108,6.0,17.9,11.61,18.99,15.96,39,5 Vintner's Chard on 100+8cs VR SB,26,77,Woodbury:1;Minnetonka:2;Bloomington:4;Roseville:4;Ramsey:6;St. Louis Park:8;Osseo:10;Cottage Grove:14;Blaine:17;Chanhassen:21;Plymouth:21
Summit Pinot Grigio 3L Box,Pinot Grigio/Gris,Southern Glazer's Wine & Spirits of MN,72,6.0,12.0,11.32,17.99,15.96,37,,25,80,Minnetonka:1;Stillwater:2;St. Louis Park:2;Ramsey:2;Bloomington:3;Woodbury:3;Chanhassen:5;Osseo:5;Rosemount:5;Vadnais Heights:5;Roseville:6;Blaine:6;Minneapolis:6;Andover:7;Cottage Grove:7;Plymouth:7
90+ Cellars Willamette Valley Pinot Gris Lot 237 750ml,Pinot Grigio/Gris,Bellboy Corporation,87,6.0,14.4,6.92,15.99,12.96,57,,28,68,Chanhassen:5;Stillwater:10;Roseville:13;Andover:13;Plymouth:15;Blaine:31
"Piattelli Reserve Malbec, Cafayate 750ml",Malbec,"Vinocopia, Inc",80,6.0,13.3,8.77,17.49,14.96,50,,23,90,Cottage Grove:1;Woodbury:3;Chanhassen:3;Ramsey:4;Osseo:5;Bloomington:8;Vadnais Heights:8;Andover:12;Blaine:12;Stillwater:12;Roseville:12
Tisdale Cab Sauv 750ml,Cabernet,Johnson Brothers - St. Paul,75,6.0,12.5,3.76,5.99,,37,,29,63,St. Louis Park:1;Roseville:2;Rosemount:3;Plymouth:4;Minneapolis:5;Chanhassen:6;Stillwater:8;Andover:10;Blaine:11;Woodbury:11;Cottage Grove:14
Risata Amare White Blend 750ml,White Blends,Oxford Street Merchants,86,5.9,14.6,6.21,9.99,8.96,38,,28,63,Minneapolis:3;St. Louis Park:4;Cottage Grove:5;Roseville:7;Vadnais Heights:9;Plymouth:9;Rosemount:9;Blaine:10;Woodbury:13;Bloomington:17
Franzia Bold and Jammy Cab 5L Box,Cabernet,Southern Glazer's Wine & Spirits of MN,46,5.9,7.7,14.2,19.99,17.96,29,,26,74,Woodbury:1;Rosemount:2;Blaine:2;Andover:3;St. Louis Park:3;Stillwater:3;Plymouth:3;Cottage Grove:4;Vadnais Heights:4;Minneapolis:4;Osseo:4;Ramsey:5;Chanhassen:8
Fre Cabernet Sauvignon N/A 750ml,Cabernet,Phillips Wine & Spirits - St. Paul,89,5.9,15.0,6.76,12.99,10.96,48,,28,65,Cottage Grove:1;Vadnais Heights:2;Minnetonka:3;St. Louis Park:3;Woodbury:3;Andover:5;Roseville:5;Blaine:5;Minneapolis:8;Rosemount:11;Stillwater:12;Plymouth:12;Chanhassen:19
XXL Blackberry 750ml,Flavored,Paustis Wine,119,5.9,20.2,6.14,12.99,11.96,53,,29,59,St. Louis Park:1;Osseo:2;Blaine:4;Plymouth:6;Stillwater:7;Andover:9;Chanhassen:9;Ramsey:9;Rosemount:9;Minnetonka:10;Roseville:10;Vadnais Heights:10;Bloomington:10;Minneapolis:10;Woodbury:13
Robert Mondavi PS Chardonnay 750ml,Chardonnay,Southern Glazer's Wine & Spirits of MN,129,5.9,21.8,6.07,11.49,9.96,47,,28,64,Cottage Grove:2;Stillwater:2;Chanhassen:2;Woodbury:3;Blaine:6;Andover:6;Rosemount:7;Bloomington:8;Vadnais Heights:8;Ramsey:9;Roseville:11;St. Louis Park:11;Osseo:14;Minnetonka:17;Plymouth:23
Cupcake Red Velvet 750ml,Red Blends,Southern Glazer's Wine & Spirits of MN,108,5.9,18.2,5.4,9.99,8.96,46,,28,65,Roseville:1;Woodbury:2;Rosemount:3;Blaine:4;Vadnais Heights:5;St. Louis Park:7;Ramsey:8;Stillwater:8;Minnetonka:9;Osseo:9;Andover:10;Cottage Grove:10;Minneapolis:10;Plymouth:11;Chanhassen:11
Daily's Blackberry Smash 10oz,Flavored,Phillips Wine & Spirits - St. Paul,132,5.9,22.3,1.55,3.99,3.46,61,,21,96,Andover:3;Roseville:4;Stillwater:4;Blaine:4;Rosemount:12;Woodbury:12;Bloomington:15;Minneapolis:16;Osseo:17;Ramsey:22;Cottage Grove:23
Three Rivers Red 750ml,Red Blends,Southern Glazer's Wine & Spirits of MN,120,5.9,20.4,6.97,17.49,14.96,60,,30,54,St. Louis Park:2;Minneapolis:2;Osseo:3;Vadnais Heights:3;Ramsey:5;Rosemount:5;Blaine:6;Plymouth:8;Andover:9;Roseville:9;Minnetonka:11;Stillwater:11;Cottage Grove:11;Chanhassen:16;Bloomington:19
Summer Water Rose 750ml,Rose,Oxford Street Merchants,73,5.9,12.4,9.84,20.99,17.96,53,,12,135,Blaine:1;Roseville:1;Vadnais Heights:1;Plymouth:2;Chanhassen:4;Stillwater:4;Minneapolis:5;Bloomington:10;Osseo:10;St. Louis Park:10;Woodbury:11;Andover:14
Bogle Phantom Red Blend 750ml,Red Blends,Phillips Wine & Spirits - St. Paul,102,5.8,17.7,11.04,19.99,16.96,45,,28,59,Ramsey:1;Roseville:2;Stillwater:4;Blaine:4;Andover:4;Rosemount:6;Chanhassen:6;Cottage Grove:7;St. Louis Park:7;Vadnais Heights:7;Osseo:7;Plymouth:8;Minneapolis:12;Woodbury:12;Minnetonka:15
Clay Shannon Napa Cabernet Sauvignon 750ml,Cabernet,Paustis Wine,75,5.8,12.8,11.62,21.99,18.96,47,,28,62,Roseville:1;Woodbury:1;Ramsey:2;Vadnais Heights:2;Minnetonka:5;Blaine:5;Chanhassen:6;Andover:8;Osseo:9;Minneapolis:11;Rosemount:11;Cottage Grove:14
Barefoot Pinot Grigio 3L Box,Pinot Grigio/Gris,Johnson Brothers - St. Paul,61,5.8,10.6,14.18,22.99,18.96,38,,28,59,Minnetonka:1;St. Louis Park:1;Andover:2;Vadnais Heights:2;Osseo:3;Roseville:3;Stillwater:4;Minneapolis:4;Plymouth:5;Rosemount:5;Cottage Grove:6;Ramsey:6;Blaine:6;Bloomington:6;Woodbury:7
Yellow Tail Pinot Grigio 750ml,Pinot Grigio/Gris,Phillips Wine & Spirits - St. Paul,100,5.8,17.2,3.96,7.99,6.96,50,,26,70,St. Louis Park:5;Chanhassen:6;Bloomington:7;Stillwater:8;Cottage Grove:9;Blaine:10;Roseville:11;Andover:12;Woodbury:15;Minneapolis:17
Line 39 Pinot Noir 750ml,Pinot Noir,"Breakthru Beverage Minnesota Wine & Spirits, LLC",104,5.8,17.8,6.1,11.99,10.96,49,,31,48,Minnetonka:1;Roseville:1;Chanhassen:2;Cottage Grove:2;Stillwater:2;Andover:7;Ramsey:7;Bloomington:8;Osseo:8;Minneapolis:9;Rosemount:10;Plymouth:11;St. Louis Park:11;Vadnais Heights:12;Woodbury:13
Chloe Chardonnay 750ml,Chardonnay,Southern Glazer's Wine & Spirits of MN,103,5.8,17.6,7.07,12.49,10.96,43,,26,71,Andover:1;Blaine:1;Osseo:2;Chanhassen:3;Rosemount:3;Cottage Grove:6;Woodbury:7;Minnetonka:8;Vadnais Heights:9;Bloomington:10;Ramsey:10;Roseville:10;St. Louis Park:10;Plymouth:11;Stillwater:12
Bonterra Rose 750ml,Rose,"Breakthru Beverage Minnesota Wine & Spirits, LLC",153,5.7,27.0,8.1,12.99,11.96,38,,24,74,Plymouth:3;Ramsey:6;Bloomington:6;Cottage Grove:7;Osseo:7;Chanhassen:7;Andover:8;Woodbury:10;Rosemount:10;Stillwater:11;Vadnais Heights:11;Minneapolis:12;Blaine:13;Roseville:14;St. Louis Park:14;Minnetonka:14
Bogle Juggernaut Red Blend 750ml,Red Blends,Phillips Wine & Spirits - St. Paul,253,5.7,44.2,11.72,20.99,17.96,44,,26,67,Minneapolis:3;Vadnais Heights:8;Ramsey:9;Andover:11;St. Louis Park:11;Osseo:12;Chanhassen:14;Minnetonka:15;Bloomington:15;Plymouth:15;Rosemount:17;Stillwater:17;Woodbury:19;Cottage Grove:19;Blaine:32;Roseville:36
Tozai Snow Maiden Junmai Nigori Cans 180ml,Fortified,"Maverick Beverage Co., LLC - MN",160,5.7,28.0,3.38,7.99,6.46,58,,25,71,Roseville:4;Rosemount:7;Minneapolis:9;Vadnais Heights:11;Woodbury:13;Plymouth:17;St. Louis Park:20;Blaine:23;Minnetonka:27;Andover:29
K J Vintner's Pinot Noir 750ml,Pinot Noir,Phillips Wine & Spirits - St. Paul,146,5.7,25.8,9.64,22.99,19.96,58,5 Vintner's Chard on 100+8cs VR SB,28,56,Cottage Grove:2;Osseo:5;Andover:5;Roseville:7;Blaine:8;Bloomington:9;Chanhassen:9;Vadnais Heights:9;Stillwater:11;Woodbury:11;Plymouth:14;St. Louis Park:22;Rosemount:34
Bartenura Brachetto 750ml,Sparkling,Phillips Wine & Spirits - St. Paul,56,5.7,9.8,7.71,14.99,12.96,49,,29,53,Minnetonka:1;Andover:1;Blaine:1;Ramsey:3;Plymouth:3;Rosemount:7;Stillwater:8;Chanhassen:10;Minneapolis:10;Woodbury:12
Starling Castle Gewurztraminer 750ml,Other Whites,Phillips Wine & Spirits - St. Paul,96,5.7,16.9,6.09,11.99,9.96,49,,28,57,Roseville:1;Plymouth:1;Rosemount:2;Vadnais Heights:4;Minneapolis:5;Osseo:5;Blaine:5;Woodbury:7;Chanhassen:8;Bloomington:11;Ramsey:11;Cottage Grove:12;Stillwater:12;Andover:12
Barefoot Pineapple Moscato 1.5L,Flavored,Johnson Brothers - St. Paul,19,5.7,3.3,7.56,13.99,11.96,46,2 FREE ON 22,29,54,Plymouth:1;Stillwater:1;Minnetonka:2;Rosemount:2;Minneapolis:2;Roseville:3;Blaine:8
90+ Cellars New Zealand Sauv Blanc 1.5L,Sauvignon Blanc,Bellboy Corporation,110,5.6,19.6,13.17,29.99,24.96,56,,26,63,Minneapolis:1;St. Louis Park:3;Stillwater:3;Andover:5;Bloomington:5;Chanhassen:6;Minnetonka:7;Osseo:7;Ramsey:7;Roseville:7;Blaine:8;Plymouth:9;Rosemount:9;Cottage Grove:10;Vadnais Heights:10;Woodbury:13
Trapiche Oak Cask Malbec 750ml,Malbec,Paustis Wine,76,5.6,13.6,6.75,12.99,11.96,48,,24,72,Andover:2;Woodbury:2;Roseville:2;Osseo:3;Cottage Grove:4;Minneapolis:4;Chanhassen:4;St. Louis Park:4;Vadnais Heights:5;Plymouth:5;Rosemount:6;Bloomington:7;Stillwater:7;Ramsey:8;Minnetonka:13
Troublemaker 750ml,Red Blends,"Grape Beginnings, Inc.",92,5.6,16.4,11.25,19.99,17.96,44,,28,54,Ramsey:1;Stillwater:1;Minnetonka:3;Blaine:3;Osseo:3;Chanhassen:4;Cottage Grove:4;Rosemount:7;Vadnais Heights:7;St. Louis Park:7;Woodbury:9;Andover:10;Minneapolis:10;Plymouth:11;Roseville:12
Peter Vella Delicious Red 5L Box,Red Blends,Johnson Brothers - St. Paul,52,5.6,9.4,10.63,18.99,15.96,44,,25,66,Plymouth:2;Rosemount:2;Blaine:2;Osseo:2;Minneapolis:2;Cottage Grove:3;Minnetonka:3;Roseville:3;Woodbury:4;St. Louis Park:4;Stillwater:4;Vadnais Heights:4;Andover:5;Ramsey:5;Chanhassen:7
Raeburn Chardonnay 750ml,Chardonnay,Oxford Street Merchants,44,5.6,7.8,10.09,19.99,15.96,50,,23,77,Chanhassen:1;Minneapolis:1;Plymouth:5;Woodbury:5;Rosemount:6;Roseville:7;Bloomington:9;Stillwater:10
Bogle Juggernaut Chardonnay 750ml,Chardonnay,Phillips Wine & Spirits - St. Paul,121,5.6,21.7,9.67,17.99,14.96,46,,24,71,Plymouth:2;Andover:8;Woodbury:10;Vadnais Heights:11;Bloomington:13;Blaine:15;Chanhassen:16;Rosemount:21;Roseville:25
14 Hands Merlot 750ml,Merlot,Southern Glazer's Wine & Spirits of MN,94,5.5,17.2,7.4,11.49,9.96,36,,27,54,Andover:1;Plymouth:1;St. Louis Park:4;Woodbury:4;Osseo:4;Cottage Grove:5;Ramsey:7;Vadnais Heights:8;Blaine:9;Chanhassen:10;Rosemount:10;Stillwater:10;Roseville:10;Minnetonka:11
Bianchi Paso Robles Cabernet Sauvignon 750ml,Cabernet,"New France Wine Co, Inc",25,5.5,4.6,13.54,23.99,19.96,44,,29,46,Roseville:1;St. Louis Park:3;Blaine:4;Chanhassen:5;Andover:5;Woodbury:7
Summit Red Blend 3L Box,Red Blends,Southern Glazer's Wine & Spirits of MN,71,5.5,12.8,11.32,17.99,15.96,37,,24,70,Cottage Grove:2;Ramsey:2;St. Louis Park:3;Minneapolis:3;Roseville:3;Andover:4;Minnetonka:4;Woodbury:4;Bloomington:5;Vadnais Heights:5;Blaine:5;Chanhassen:6;Plymouth:6;Rosemount:6;Stillwater:6;Osseo:7
Substance Cabernet Sauvignon 750ml,Cabernet,"Breakthru Beverage Minnesota Wine & Spirits, LLC",108,5.5,19.6,9.43,18.99,15.96,50,,26,60,Osseo:1;Woodbury:1;Chanhassen:2;Vadnais Heights:3;St. Louis Park:4;Minnetonka:5;Rosemount:6;Ramsey:7;Bloomington:8;Stillwater:8;Blaine:10;Roseville:11;Cottage Grove:11;Minneapolis:13;Andover:18
Barefoot Cabernet 200ml,Cabernet,Johnson Brothers - St. Paul,147,5.5,26.9,1.21,2.99,1.96,60,,29,45,Minneapolis:11;Woodbury:16;St. Louis Park:17;Blaine:18;Roseville:18;Andover:21;Chanhassen:23;Cottage Grove:23
Carlos Creek Hot Dish Red 750ml,Red Blends,Phillips Wine & Spirits - St. Paul,84,5.5,15.3,12.09,20.99,17.96,42,,20,86,Rosemount:3;St. Louis Park:3;Plymouth:5;Woodbury:6;Roseville:7;Minnetonka:8;Ramsey:8;Blaine:8;Cottage Grove:10;Bloomington:11;Andover:15
Chateau Ste Michelle Light Chardonnay  750ml,Chardonnay,Southern Glazer's Wine & Spirits of MN,103,5.5,18.9,7.4,10.99,9.96,33,,23,72,Minnetonka:3;Rosemount:3;Andover:3;Cottage Grove:5;Bloomington:5;Blaine:7;Minneapolis:7;Roseville:7;Woodbury:8;Chanhassen:10;Ramsey:10;Osseo:11;Vadnais Heights:12;Stillwater:13
Cupcake Pinot Grigio 750ml,Pinot Grigio/Gris,Southern Glazer's Wine & Spirits of MN,122,5.5,22.1,5.4,9.99,8.96,46,,21,83,Roseville:1;Plymouth:1;Rosemount:2;Woodbury:4;Andover:5;Bloomington:6;Chanhassen:6;Ramsey:8;Minnetonka:10;St. Louis Park:11;Stillwater:11;Minneapolis:16;Osseo:20;Vadnais Heights:21
Coppola Diamond Merlot 750ml,Merlot,Johnson Brothers - St. Paul,95,5.4,17.7,8.05,13.99,10.96,42,,22,74,Ramsey:2;Rosemount:2;Blaine:3;Cottage Grove:4;Bloomington:5;Plymouth:5;Minneapolis:6;Andover:7;Chanhassen:8;Roseville:8;Stillwater:10;Woodbury:11;Osseo:12;St. Louis Park:12
Sur de los Andes Malbec 750ml,Malbec,Rue 38 LLC,70,5.4,12.9,10.12,18.99,15.96,47,,24,67,Ramsey:1;Andover:1;Vadnais Heights:1;Minnetonka:2;Roseville:2;Minneapolis:3;Plymouth:3;Chanhassen:4;Osseo:5;Blaine:5;Woodbury:6;St. Louis Park:7;Bloomington:9;Rosemount:10;Cottage Grove:11
Beringer Main & Vine Cab Sauv 750ml,Cabernet,Southern Glazer's Wine & Spirits of MN,142,5.4,26.4,3.57,6.49,5.96,45,,26,56,Minneapolis:2;Ramsey:5;Cottage Grove:6;Stillwater:6;Woodbury:6;Chanhassen:8;Plymouth:8;Vadnais Heights:9;Andover:10;Bloomington:10;Roseville:10;Rosemount:11;Blaine:12;Osseo:12;Minnetonka:13;St. Louis Park:14
Bota Box Nighthawk GD Chardonnay 500ml,Chardonnay,Phillips Wine & Spirits - St. Paul,108,5.4,19.9,2.76,5.49,4.96,50,,21,80,Osseo:1;Blaine:2;Woodbury:2;Cottage Grove:3;Plymouth:3;Rosemount:3;St. Louis Park:5;Minneapolis:7;Roseville:7;Chanhassen:9;Vadnais Heights:9;Bloomington:11;Minnetonka:11;Ramsey:11;Andover:12;Stillwater:12
Pizzolato Muse Moscato 187ml,Sparkling,Oxford Street Merchants,224,5.4,41.7,3.42,7.99,6.96,57,,17,96,Andover:2;Ramsey:2;Roseville:3;Rosemount:7;Stillwater:8;Plymouth:14;Osseo:16;Bloomington:17;St. Louis Park:19;Minnetonka:20;Woodbury:22;Blaine:22;Cottage Grove:23;Minneapolis:24;Vadnais Heights:25
Avaline White 750ml,White Blends,Southern Glazer's Wine & Spirits of MN,82,5.4,15.3,12.64,20.99,17.96,40,,19,87,Minnetonka:2;Roseville:2;Stillwater:8;Rosemount:11;St. Louis Park:11;Blaine:12;Bloomington:12;Chanhassen:12;Minneapolis:12
Cepas Sauvignon Blanc 750ml,Sauvignon Blanc,"Maverick Beverage Co., LLC - MN",96,5.4,17.6,5.12,11.49,9.96,55,,22,76,Blaine:1;Minneapolis:1;Minnetonka:2;Rosemount:2;Roseville:3;Vadnais Heights:4;Andover:5;Plymouth:6;Woodbury:7;Chanhassen:10;Cottage Grove:11;Osseo:11;St. Louis Park:12;Bloomington:21
Nestore Bosco Montepulciano 750ml,Other Reds,Paustis Wine,171,5.4,31.5,7.99,18.99,15.96,58,,25,62,Vadnais Heights:6;Roseville:7;Plymouth:9;Stillwater:9;Bloomington:11;Cottage Grove:11;Minnetonka:11;Andover:14;Rosemount:15;Chanhassen:22;Blaine:27;St. Louis Park:29
La Freynelle Cabernet 750ml,Cabernet,Bellboy Corporation,289,5.4,53.7,11.33,25.99,21.96,56,,24,65,Andover:3;Vadnais Heights:6;Ramsey:9;Bloomington:10;Rosemount:10;Minnetonka:11;Stillwater:11;Woodbury:15;Plymouth:17;Chanhassen:33;Roseville:38;Blaine:48;St. Louis Park:78
Quartz Chardonnay 750ml,Chardonnay,Paustis Wine,145,5.4,27.1,6.99,17.49,14.96,60,,22,73,Stillwater:1;Roseville:3;Cottage Grove:4;Rosemount:6;Osseo:8;Plymouth:8;Ramsey:9;St. Louis Park:12;Vadnais Heights:13;Chanhassen:13;Andover:16;Minneapolis:16;Woodbury:17;Blaine:19
Andre Spumante 750ml,Sparkling,Johnson Brothers - St. Paul,130,5.4,23.9,4.92,8.99,7.96,45,,23,71,Chanhassen:2;Vadnais Heights:2;Cottage Grove:3;Andover:4;Minnetonka:4;Plymouth:5;Roseville:5;Stillwater:6;Woodbury:7;Osseo:9;Blaine:11;Bloomington:11;St. Louis Park:11;Rosemount:13;Ramsey:37
Barefoot Cab Sauv 750ml,Cabernet,Johnson Brothers - St. Paul,120,5.3,22.6,4.41,7.99,6.96,45,ON Month Deep Net $51.85 ( Off Month Deep Net $56),22,72,Andover:4;Blaine:4;Osseo:4;Woodbury:5;Minneapolis:7;Roseville:7;Stillwater:8;Ramsey:8;Chanhassen:9;Bloomington:9;Vadnais Heights:9;Cottage Grove:11;Rosemount:11;Minnetonka:12;Plymouth:12
Beringer Main & Vine Chardonnay 750ml,Chardonnay,Southern Glazer's Wine & Spirits of MN,132,5.3,25.1,3.57,6.49,5.96,45,,22,70,Ramsey:2;Osseo:5;Plymouth:6;Minneapolis:6;Vadnais Heights:7;Minnetonka:8;Roseville:8;Andover:8;Stillwater:10;Chanhassen:10;Woodbury:11;Blaine:12;Cottage Grove:12;Rosemount:13;St. Louis Park:14
Mad Dog Whipped Orange Cream Pet 200ml,Flavored,Southern Glazer's Wine & Spirits of MN,59,5.3,11.2,1.53,3.99,2.96,62,,26,53,Blaine:6;Andover:8;Ramsey:21;Minneapolis:24
Banshee Pinot Noir 750ml,Pinot Noir,Southern Glazer's Wine & Spirits of MN,87,5.3,16.5,14.07,22.99,19.96,39,,23,66,Andover:1;Osseo:1;Blaine:1;St. Louis Park:3;Chanhassen:5;Roseville:5;Cottage Grove:7;Plymouth:7;Minnetonka:8;Vadnais Heights:8;Woodbury:8;Bloomington:11;Ramsey:11;Rosemount:11
Coppola Diamond Pinot Grigio 750ml,Pinot Grigio/Gris,Johnson Brothers - St. Paul,126,5.2,24.1,5.38,13.99,11.96,62,,20,78,Chanhassen:1;Ramsey:3;Stillwater:4;Vadnais Heights:5;Plymouth:6;Cottage Grove:8;Osseo:8;Minnetonka:9;Rosemount:9;Bloomington:10;Roseville:11;Andover:13;Blaine:18;St. Louis Park:21
7 Deadly Zins 750ml,Zinfandel,Southern Glazer's Wine & Spirits of MN,84,5.2,16.2,8.73,15.99,13.96,45,,19,81,Vadnais Heights:1;Roseville:1;Plymouth:2;Woodbury:2;Minnetonka:3;Andover:4;Chanhassen:5;Minneapolis:5;Cottage Grove:6;Rosemount:6;Osseo:7;Stillwater:10;Blaine:10;Bloomington:11;St. Louis Park:11
XXL Extreme 750ml,Flavored,Paustis Wine,30,5.2,5.8,7.42,12.99,11.96,43,,23,64,Osseo:2;Blaine:2;Roseville:3;Bloomington:5;Andover:8;Minneapolis:10
Freixenet Extra Dry 750ml,Sparkling,Southern Glazer's Wine & Spirits of MN,92,5.2,17.7,6.22,12.99,10.96,52,,21,73,Vadnais Heights:1;Woodbury:1;Andover:3;Roseville:3;Stillwater:3;St. Louis Park:3;Plymouth:5;Rosemount:5;Minnetonka:6;Blaine:6;Osseo:7;Minneapolis:7;Chanhassen:8;Bloomington:8;Cottage Grove:12;Ramsey:14
Readers Chardonnay 750ml,Chardonnay,Bellboy Corporation,118,5.2,22.6,8.58,18.99,15.96,55,,23,64,Ramsey:3;Vadnais Heights:3;Cottage Grove:4;Osseo:4;Minneapolis:5;Roseville:6;Chanhassen:7;St. Louis Park:7;Minnetonka:8;Plymouth:8;Andover:9;Rosemount:10;Woodbury:12;Stillwater:14;Bloomington:18
Daily's Peach Smash 10oz,Flavored,Phillips Wine & Spirits - St. Paul,140,5.2,27.0,1.55,3.99,3.46,61,,19,81,Stillwater:6;Woodbury:6;Roseville:7;Ramsey:7;Osseo:9;Rosemount:10;Bloomington:15;Andover:16;Blaine:19;Minneapolis:20;Cottage Grove:25
Vega Douro,Red Blends,Paustis Wine,90,5.2,17.3,6.75,14.99,12.96,55,,24,59,Cottage Grove:1;Roseville:2;Blaine:2;Chanhassen:3;Rosemount:3;Osseo:5;St. Louis Park:6;Andover:7;Minneapolis:7;Minnetonka:7;Plymouth:8;Stillwater:9;Woodbury:9;Bloomington:21
Coeur de Terre Oregon Pinot Noir 750ml,Pinot Noir,Phillips Wine & Spirits - St. Paul,67,5.2,12.8,15.09,26.99,22.96,44,,20,78,St. Louis Park:2;Woodbury:4;Bloomington:5;Blaine:7;Roseville:8;Andover:10;Chanhassen:10;Minnetonka:10;Rosemount:11
Barefoot Mango Moscato 750ml,Flavored,Johnson Brothers - St. Paul,44,5.2,8.4,4.41,7.99,6.96,45,ON Month Deep Net $51.85 ( Off Month Deep Net $56),24,60,Blaine:7;Stillwater:10;Ramsey:11;Minneapolis:16
Chandon Rose 187ml,Sparkling,Oxford Street Merchants,304,5.2,58.0,4.66,7.99,6.96,42,,23,65,Woodbury:2;Roseville:5;Osseo:6;Ramsey:7;Minneapolis:11;Bloomington:14;Rosemount:18;Plymouth:20;Cottage Grove:22;Minnetonka:23;Vadnais Heights:23;Andover:23;Stillwater:24;Chanhassen:26;Blaine:30;St. Louis Park:50
Wairau River Sauvignon Blanc 750ml,Sauvignon Blanc,Southern Glazer's Wine & Spirits of MN,110,5.2,21.2,11.4,18.99,15.96,40,,18,86,Minnetonka:2;Andover:4;Plymouth:6;Rosemount:6;Vadnais Heights:6;Woodbury:6;Chanhassen:7;Ramsey:7;Cottage Grove:9;Bloomington:10;Roseville:10;Osseo:12;Stillwater:12;St. Louis Park:13
Gruvi Bubbly Rose 4pk 275ml,Sparkling,McDonald Distributing Co dba Clear River Beverage,34,5.1,6.7,10.43,12.99,,20,,22,64,Vadnais Heights:2;Chanhassen:3;Andover:4;Roseville:4;Plymouth:4;St. Louis Park:4;Cottage Grove:6;Rosemount:7
Imagery Cabernet Sauvignon 750ml,Cabernet,Southern Glazer's Wine & Spirits of MN,119,5.1,23.5,9.4,17.49,14.96,46,,24,55,Andover:2;Woodbury:5;Cottage Grove:6;St. Louis Park:6;Ramsey:8;Blaine:8;Minnetonka:9;Stillwater:9;Bloomington:10;Plymouth:10;Osseo:12;Vadnais Heights:13;Roseville:21
The Little Sheep Rose 750ml,Rose,Rue 38 LLC,72,5.1,14.0,8.17,14.99,12.96,45,,16,93,Ramsey:2;Roseville:2;Rosemount:4;Stillwater:5;Vadnais Heights:5;Andover:6;Blaine:8;Woodbury:9;St. Louis Park:11;Bloomington:20
Josh Cellars Paso Robles Cabernet 750ml,Cabernet,Johnson Brothers - St. Paul,95,5.1,18.6,11.08,20.99,17.96,47,Buy 11 Josh (all flavors and sizes) and receive 3 free Josh Cabernet (#859252),22,65,Rosemount:2;Plymouth:3;St. Louis Park:3;Vadnais Heights:3;Chanhassen:3;Ramsey:4;Stillwater:4;Andover:4;Cottage Grove:5;Minnetonka:5;Woodbury:7;Osseo:10;Blaine:11;Roseville:31
Clos Du Bois Cab Sauv 750ml,Cabernet,Johnson Brothers - St. Paul,136,5.1,26.9,6.76,12.99,10.96,48,,25,50,Vadnais Heights:1;Woodbury:3;Stillwater:4;Chanhassen:7;Blaine:8;Ramsey:8;Plymouth:8;Osseo:9;Roseville:9;Bloomington:10;Cottage Grove:13;Andover:14;Rosemount:18;St. Louis Park:24
Peter Vella Blush 5L Box,Rose,Johnson Brothers - St. Paul,48,5.1,9.3,10.63,18.99,15.96,44,,25,53,Stillwater:1;Roseville:2;St. Louis Park:2;Blaine:2;Chanhassen:3;Plymouth:3;Ramsey:3;Andover:4;Vadnais Heights:4;Osseo:4;Cottage Grove:5;Woodbury:5;Rosemount:5;Minneapolis:5
Josh Cellars RSV NC Cabernet 750ml,Cabernet,Johnson Brothers - St. Paul,119,5.1,23.4,11.08,20.99,17.96,47,Buy 11 Josh (all flavors and sizes) and receive 3 free Josh Cabernet (#859252),23,60,Chanhassen:1;Woodbury:2;Plymouth:4;Blaine:4;Rosemount:7;Vadnais Heights:7;Roseville:7;Cottage Grove:8;Osseo:9;St. Louis Park:10;Bloomington:11;Stillwater:11;Ramsey:12;Minneapolis:13;Andover:13
Peter Vella Chardonnay 5L Box,Chardonnay,Johnson Brothers - St. Paul,51,5.1,10.0,13.69,20.99,17.96,35,,22,65,Bloomington:2;Chanhassen:2;Stillwater:2;Blaine:3;Ramsey:3;Rosemount:3;Plymouth:3;St. Louis Park:3;Minneapolis:3;Minnetonka:4;Roseville:4;Woodbury:4;Cottage Grove:5;Osseo:5;Vadnais Heights:5
Barefoot Sweet Red 750ml,Flavored,Johnson Brothers - St. Paul,33,5.1,6.5,4.41,7.99,6.96,45,ON Month Deep Net $51.85 ( Off Month Deep Net $56),25,51,Minnetonka:6;Blaine:6;Andover:11;Bloomington:11
The Herdsman Cabernet Sauvignon 750ml,Cabernet,The Wine Company,43,5.0,8.6,13.46,32.99,26.95,59,,23,58,Chanhassen:1;Plymouth:4;Minnetonka:6;Osseo:6;Minneapolis:6;Bloomington:10;Stillwater:10
Cepas Cabernet Sauvignon 750ml,Cabernet,"Maverick Beverage Co., LLC - MN",102,5.0,20.6,5.12,8.99,7.96,43,,23,56,Andover:1;Vadnais Heights:2;Woodbury:3;Blaine:3;Chanhassen:4;Roseville:5;St. Louis Park:5;Stillwater:5;Osseo:6;Cottage Grove:8;Rosemount:9;Minneapolis:11;Ramsey:11;Plymouth:12;Bloomington:17
OZV Old Vine Zinfandel 750ml,Zinfandel,Oxford Street Merchants,88,5.0,17.6,8.39,14.99,12.96,44,,21,66,Stillwater:1;Chanhassen:2;Minneapolis:2;Ramsey:5;Roseville:5;Woodbury:8;Osseo:9;Rosemount:18;Blaine:18;Vadnais Heights:20
Stella Rosa Pink 750ml,Flavored,"Breakthru Beverage Minnesota Wine & Spirits, LLC",120,5.0,24.2,8.76,13.99,11.96,37,,19,74,Minnetonka:1;Osseo:2;St. Louis Park:3;Andover:4;Blaine:5;Ramsey:6;Bloomington:7;Rosemount:7;Roseville:8;Plymouth:9;Chanhassen:11;Vadnais Heights:11;Cottage Grove:11;Minneapolis:11;Stillwater:12;Woodbury:12
Hakutsuru Superior Junmai Ginjo Sake 300ml,Fortified,The Wine Company,129,5.0,25.8,7.62,13.99,11.96,46,,21,66,Minneapolis:2;Roseville:2;Bloomington:2;Chanhassen:3;Andover:4;Woodbury:4;Osseo:5;Cottage Grove:6;Ramsey:8;Rosemount:8;Minnetonka:9;Vadnais Heights:9;Stillwater:13;Plymouth:13;St. Louis Park:15;Blaine:26
Apothic Inferno 750ml,Red Blends,Johnson Brothers - St. Paul,183,5.0,36.9,8.98,14.99,12.96,40,,21,65,Osseo:3;Woodbury:3;Cottage Grove:5;Roseville:6;Stillwater:6;Vadnais Heights:6;Chanhassen:7;Bloomington:10;Plymouth:10;Blaine:10;Minneapolis:13;St. Louis Park:17;Ramsey:18;Minnetonka:22;Rosemount:47
Damso Lychee 375ml,Fortified,"Vinocopia, Inc",86,5.0,17.3,5.08,8.99,7.96,43,,24,52,St. Louis Park:2;Vadnais Heights:3;Blaine:6;Minneapolis:7;Cottage Grove:10;Stillwater:10;Bloomington:12;Andover:18;Woodbury:18
Il Soffione Prosecco DOC Brut NV 750ml,Fortified,"Maverick Beverage Co., LLC - MN",0,5.0,0.0,9.46,15.99,13.96,41,,27,38,
Angeline Chardonnay 750ml,Chardonnay,Oxford Street Merchants,71,5.0,14.2,6.25,13.79,11.96,55,,23,57,Stillwater:2;St. Louis Park:3;Chanhassen:6;Rosemount:8;Roseville:8;Andover:10;Blaine:12;Woodbury:22
Rodney Strong Sonoma Cabernet Sauvignon 750ml,Cabernet,Southern Glazer's Wine & Spirits of MN,110,5.0,22.1,12.73,21.99,19.96,42,,24,52,Minnetonka:1;Roseville:4;Chanhassen:4;Rosemount:4;Minneapolis:7;Blaine:7;Cottage Grove:8;Vadnais Heights:8;Andover:9;Ramsey:9;Plymouth:9;St. Louis Park:9;Woodbury:9;Bloomington:11;Stillwater:11
90+ Cellars Lot 162 Cotes Du Rhone 750ml,Red Blends,Bellboy Corporation,79,5.0,15.8,6.71,15.99,12.96,58,,22,62,Stillwater:5;Bloomington:11;Roseville:11;Ramsey:13;Blaine:15;St. Louis Park:24
XXL Peach 750ml,Flavored,Paustis Wine,94,5.0,18.8,6.14,12.99,11.96,53,,24,53,Blaine:2;Minneapolis:2;Plymouth:3;Bloomington:3;Cottage Grove:4;Rosemount:4;Woodbury:4;Minnetonka:5;Andover:6;St. Louis Park:7;Vadnais Heights:7;Osseo:11;Roseville:11;Chanhassen:12;Stillwater:13
Ironside Chardonnay 750ml,Chardonnay,Bellboy Corporation,195,5.0,39.2,10.78,18.99,15.96,43,,18,79,Stillwater:2;Vadnais Heights:2;Ramsey:5;Minneapolis:7;Osseo:8;Rosemount:8;Minnetonka:11;Roseville:12;Chanhassen:12;Cottage Grove:14;Plymouth:15;Woodbury:15;Blaine:17;Bloomington:17;Andover:17;St. Louis Park:33
Bonterra Sauvignon Blanc 750ml,Sauvignon Blanc,"Breakthru Beverage Minnesota Wine & Spirits, LLC",44,5.0,8.8,7.43,12.49,10.96,41,,22,62,Roseville:2;Andover:5;Plymouth:6;Blaine:7;St. Louis Park:11;Minneapolis:13
Sutter Home Merlot 187ml,Merlot,Phillips Wine & Spirits - St. Paul,95,5.0,19.1,5.18,7.99,6.96,35,,19,76,Rosemount:2;Vadnais Heights:2;Woodbury:4;Andover:4;Chanhassen:5;Cottage Grove:6;Plymouth:6;Roseville:6;St. Louis Park:6;Blaine:6;Stillwater:7;Ramsey:8;Bloomington:11;Osseo:22
Scotto Family Cellars CA Pinot Noir 750ml,Pinot Noir,Paustis Wine,91,5.0,18.1,6.32,14.99,12.96,58,,14,99,Ramsey:1;Chanhassen:2;Roseville:2;Bloomington:5;Cottage Grove:6;Woodbury:6;Rosemount:11;Stillwater:11;Vadnais Heights:14;Osseo:15;Plymouth:18
Tassajara Pinot Noir 750ml,Pinot Noir,"Maverick Beverage Co., LLC - MN",125,4.9,25.4,7.82,14.99,12.96,48,,22,59,Osseo:2;Woodbury:2;Ramsey:5;Roseville:7;Minnetonka:8;Rosemount:8;Bloomington:9;Cottage Grove:9;Vadnais Heights:9;Plymouth:9;Blaine:10;Stillwater:12;Andover:14;St. Louis Park:21
Bushido Way of the Warrior Sake 187ml,Fortified,"Maverick Beverage Co., LLC - MN",217,4.9,44.7,4.05,7.99,6.46,49,,20,66,Chanhassen:1;Osseo:3;Rosemount:5;Vadnais Heights:7;Roseville:9;St. Louis Park:10;Minneapolis:18;Bloomington:22;Plymouth:23;Andover:24;Blaine:30;Woodbury:30;Minnetonka:35
Underwood Rose 375ml,Rose,Oxford Street Merchants,99,4.9,20.4,3.98,6.49,5.96,39,,18,75,Osseo:3;Cottage Grove:4;Stillwater:5;Andover:5;Minnetonka:6;Blaine:6;St. Louis Park:6;Rosemount:7;Bloomington:10;Chanhassen:11;Woodbury:11;Minneapolis:12;Ramsey:13
Underwood Pinot Noir 355ml,Pinot Noir,Oxford Street Merchants,86,4.9,17.7,3.98,6.49,5.96,39,,23,53,Stillwater:2;Roseville:3;Andover:4;Bloomington:4;Minnetonka:4;Osseo:5;Woodbury:6;St. Louis Park:6;Minneapolis:9;Vadnais Heights:10;Cottage Grove:10;Ramsey:11;Plymouth:12
House Wine Brut Bubbles Can 375ml,Sparkling,Southern Glazer's Wine & Spirits of MN,81,4.8,17.0,3.57,6.49,5.96,45,,15,86,Blaine:1;Chanhassen:2;Minneapolis:2;Ramsey:2;Bloomington:4;Osseo:5;Plymouth:5;Woodbury:5;Minnetonka:5;Vadnais Heights:6;St. Louis Park:8;Stillwater:11;Rosemount:12;Cottage Grove:13
Bota Box Breeze Dry Rose 3L Box,Rose,Phillips Wine & Spirits - St. Paul,39,4.8,8.2,13.4,19.99,17.96,33,,19,68,Andover:1;Minneapolis:2;Osseo:2;Plymouth:2;Ramsey:2;St. Louis Park:2;Blaine:2;Cottage Grove:2;Woodbury:2;Roseville:3;Stillwater:3;Vadnais Heights:3;Chanhassen:4;Rosemount:4;Bloomington:5
Clemente VII Chianti Classico 750ml,Other Reds,Paustis Wine,151,4.8,31.6,10.49,25.99,21.96,60,,21,59,Vadnais Heights:2;Plymouth:5;Minneapolis:6;Ramsey:6;Minnetonka:7;Blaine:7;Cottage Grove:7;Woodbury:8;St. Louis Park:8;Roseville:9;Bloomington:10;Osseo:11;Stillwater:11;Chanhassen:13;Rosemount:19;Andover:22
Clos Du Bois Merlot 750ml,Merlot,Johnson Brothers - St. Paul,60,4.8,12.6,6.76,12.99,10.96,48,,26,36,Rosemount:6;Roseville:6;Vadnais Heights:9;Andover:12;Blaine:12;Stillwater:15
Avaline Red 750ml,Red Blends,Southern Glazer's Wine & Spirits of MN,61,4.8,12.6,12.64,20.99,17.96,40,,21,61,Blaine:1;Vadnais Heights:1;Chanhassen:2;Rosemount:2;Woodbury:2;Minnetonka:4;Cottage Grove:5;Roseville:6;Andover:7;Bloomington:8;Plymouth:11;St. Louis Park:12
Vibe Strawberry Limeade 500ml,Flavored,Johnson Brothers - St. Paul,71,4.8,14.8,1.91,4.49,3.96,57,1 on 10 (dinkytown only),22,55,Plymouth:1;Vadnais Heights:1;Cottage Grove:2;Osseo:2;Ramsey:2;Minneapolis:2;Andover:6;Woodbury:6;St. Louis Park:7;Minnetonka:10;Rosemount:10;Blaine:11;Stillwater:11
Coppola Diamond Chardonnay 750ml,Chardonnay,Johnson Brothers - St. Paul,144,4.8,30.0,5.38,13.99,11.96,62,,21,60,Chanhassen:2;Andover:3;Plymouth:3;Stillwater:3;Vadnais Heights:5;Bloomington:8;Osseo:8;Minnetonka:10;Roseville:11;Woodbury:11;Minneapolis:11;Rosemount:12;St. Louis Park:12;Blaine:12;Cottage Grove:13;Ramsey:20
Coppola Diamond Pinot Noir 750ml,Pinot Noir,Johnson Brothers - St. Paul,128,4.8,26.8,8.05,13.99,10.96,42,,13,95,Osseo:1;Cottage Grove:3;Roseville:3;Plymouth:5;Rosemount:7;Minnetonka:8;Vadnais Heights:8;Blaine:8;Chanhassen:11;Minneapolis:11;St. Louis Park:11;Stillwater:13;Andover:18;Woodbury:21
Franzia Sauvignon Blanc 5L Box,Sauvignon Blanc,Southern Glazer's Wine & Spirits of MN,9,4.7,1.9,14.2,20.99,17.96,32,,21,57,Blaine:1;Roseville:1;Stillwater:2;Vadnais Heights:2;Minneapolis:3
Anthony & Dominic North Coast Cabernet Sauvignon 750ml,Cabernet,Paustis Wine,211,4.7,45.4,8.4,18.99,15.96,56,,19,64,Minneapolis:5;Rosemount:7;Osseo:8;Vadnais Heights:11;Ramsey:12;Andover:14;Stillwater:14;Cottage Grove:16;Plymouth:16;Woodbury:18;Roseville:22;St. Louis Park:30;Chanhassen:38
Overstone Sauvignon Blanc 750ml,Sauvignon Blanc,Phillips Wine & Spirits - St. Paul,91,4.7,19.5,6.59,13.99,12.96,53,,20,60,Cottage Grove:3;St. Louis Park:3;Andover:5;Chanhassen:5;Stillwater:5;Roseville:6;Plymouth:9;Bloomington:10;Woodbury:10;Minnetonka:13;Minneapolis:22
Black Box Rose Tetra 500ml,Rose,Johnson Brothers - St. Paul,8,4.7,1.7,3.43,5.49,4.96,38,,21,55,Bloomington:3;St. Louis Park:5
Charles Smith Velvet Devil Merlot 750ml,Merlot,Southern Glazer's Wine & Spirits of MN,72,4.7,15.4,7.4,13.79,11.96,46,,21,56,Andover:2;Minnetonka:2;Cottage Grove:2;Woodbury:2;Roseville:2;Plymouth:3;Vadnais Heights:3;Minneapolis:7;Blaine:9;Chanhassen:9;Rosemount:10;Stillwater:10;Osseo:11
Gruet Brut 750ml,Sparkling,Southern Glazer's Wine & Spirits of MN,56,4.7,11.9,10.74,18.99,15.96,43,,21,57,Plymouth:1;St. Louis Park:3;Chanhassen:4;Vadnais Heights:4;Andover:8;Woodbury:8;Blaine:9;Roseville:9;Bloomington:10
Bread & Butter Prosecco 750ml,Sparkling,Paustis Wine,105,4.7,22.4,8.15,14.99,12.96,46,,20,61,Vadnais Heights:1;Chanhassen:2;Minnetonka:2;Bloomington:3;Ramsey:5;Stillwater:5;Woodbury:5;Andover:8;Roseville:8;Osseo:9;Plymouth:9;St. Louis Park:10;Cottage Grove:12;Blaine:12;Rosemount:14
Bread & Butter Rose 750ml,Rose,Paustis Wine,95,4.7,20.1,7.02,13.99,11.96,50,,18,71,Cottage Grove:3;St. Louis Park:6;Blaine:6;Roseville:9;Bloomington:12;Stillwater:12;Andover:14;Plymouth:15;Minneapolis:18
Hakutsuru Excellent Sake 720ml,Fortified,The Wine Company,102,4.7,21.9,9.96,17.99,14.96,45,,20,60,Ramsey:1;Stillwater:1;Chanhassen:2;Minnetonka:3;Woodbury:3;Minneapolis:6;Osseo:7;Cottage Grove:7;Roseville:7;St. Louis Park:7;Rosemount:9;Bloomington:11;Andover:12;Vadnais Heights:12;Blaine:14
XXL Apple 750ml,Flavored,Paustis Wine,82,4.6,17.7,6.14,12.99,11.96,53,,21,54,Plymouth:1;Woodbury:1;Ramsey:2;Roseville:3;St. Louis Park:3;Bloomington:5;Blaine:5;Osseo:6;Vadnais Heights:9;Rosemount:10;Cottage Grove:12;Minneapolis:12;Chanhassen:13
Freixenet Still Rose 750ml,Rose,Southern Glazer's Wine & Spirits of MN,50,4.6,10.9,5.55,12.99,11.96,57,,19,62,Chanhassen:1;Minneapolis:1;Stillwater:2;Bloomington:3;Plymouth:4;Rosemount:4;Minnetonka:8;Andover:8;Vadnais Heights:8;Woodbury:11
Gruvi Dry Secco 4pk 275ml,Sparkling,McDonald Distributing Co dba Clear River Beverage,43,4.6,9.4,10.22,13.99,,27,,21,52,Plymouth:1;Andover:2;Vadnais Heights:3;Ramsey:4;Roseville:4;Rosemount:6;Cottage Grove:7;Chanhassen:8;St. Louis Park:8
Chloe Cabernet Sauvignon 750ml,Cabernet,Southern Glazer's Wine & Spirits of MN,102,4.6,22.0,7.07,13.99,11.96,49,,18,68,Ramsey:1;Minnetonka:2;Blaine:3;Osseo:4;Rosemount:5;Cottage Grove:6;Stillwater:8;Chanhassen:8;Roseville:10;Woodbury:10;St. Louis Park:10;Vadnais Heights:11;Andover:12;Bloomington:12
Cupcake Butterkissed Chard 750ml,Chardonnay,Southern Glazer's Wine & Spirits of MN,127,4.6,27.4,5.4,9.99,8.96,46,,14,86,Plymouth:1;Blaine:2;Chanhassen:2;Cottage Grove:5;Woodbury:5;Osseo:6;Minneapolis:7;Stillwater:7;St. Louis Park:8;Rosemount:9;Minnetonka:10;Vadnais Heights:10;Bloomington:11;Andover:12;Roseville:14;Ramsey:18
Sebastiani Cabernet North Coast 750ml,Cabernet,Southern Glazer's Wine & Spirits of MN,101,4.6,22.2,11.4,20.99,17.96,46,,21,52,Chanhassen:1;Roseville:1;Cottage Grove:2;Minnetonka:5;St. Louis Park:6;Osseo:7;Bloomington:11;Plymouth:11;Rosemount:11;Vadnais Heights:11;Andover:11;Blaine:12;Woodbury:12
Castle Rock Cuvee Pinot Noir 750ml,Pinot Noir,Paustis Wine,75,4.6,16.2,6.07,9.99,8.96,39,,18,68,Minneapolis:2;Andover:3;Plymouth:4;Roseville:4;Chanhassen:5;Minnetonka:5;Blaine:6;Woodbury:7;Bloomington:8;Cottage Grove:9;Rosemount:10;Vadnais Heights:12
Menage A Trois Dolce Red 750ml,Other Reds,Phillips Wine & Spirits - St. Paul,18,4.6,3.9,5.92,10.99,8.96,46,5 MAT Red on 25,21,54,Bloomington:2;Stillwater:2;Cottage Grove:2;Minneapolis:4;Blaine:4;Minnetonka:6
Apothic Merlot 750ml,Merlot,Johnson Brothers - St. Paul,155,4.6,34.0,7.42,12.99,10.96,43,,21,52,Stillwater:6;Chanhassen:8;Minnetonka:8;Roseville:8;Ramsey:9;Minneapolis:9;Woodbury:10;Bloomington:11;St. Louis Park:11;Cottage Grove:12;Plymouth:12;Vadnais Heights:12;Blaine:12;Andover:13;Rosemount:14
Ballatore Gran Spumante 750ml,Moscato,Johnson Brothers - St. Paul,35,4.6,7.7,6.76,12.49,10.96,46,,24,39,Woodbury:2;St. Louis Park:2;Chanhassen:3;Roseville:5;Minnetonka:7;Blaine:7;Andover:9
Decoy Red Wine 750ml,Red Blends,"Breakthru Beverage Minnesota Wine & Spirits, LLC",87,4.6,19.1,13.43,21.99,18.96,39,"12cs one store, one invoice.  50+ cs chain buy ok to split up throughout the month.  Intended for feature, ad, display, etc.",17,70,Rosemount:1;Blaine:1;Plymouth:2;Ramsey:2;St. Louis Park:2;Stillwater:3;Woodbury:3;Minneapolis:4;Cottage Grove:5;Vadnais Heights:5;Andover:8;Chanhassen:8;Bloomington:10;Osseo:10;Roseville:11;Minnetonka:12
90+ Cellars RRV Rose of Pinot Noir Lot 238 750ml,Rose,Bellboy Corporation,54,4.6,11.7,9.75,23.99,19.96,59,,20,58,Andover:5;Plymouth:5;Chanhassen:6;Woodbury:6;Roseville:6;St. Louis Park:11;Blaine:15
Bota Box Merlot 3L Box,Merlot,Phillips Wine & Spirits - St. Paul,51,4.6,11.2,13.4,19.99,17.96,33,,19,61,Andover:1;Chanhassen:2;Plymouth:2;Roseville:2;Vadnais Heights:2;Woodbury:2;Osseo:3;Rosemount:3;St. Louis Park:3;Blaine:3;Cottage Grove:4;Minneapolis:4;Bloomington:5;Stillwater:6;Ramsey:9
Ozeki Ikezo Peach Sake 180ml,Fortified,Paustis Wine,124,4.5,27.6,3.37,5.49,4.96,39,,17,68,Roseville:5;Andover:9;St. Louis Park:9;Vadnais Heights:12;Plymouth:14;Woodbury:14;Bloomington:18;Blaine:20;Minneapolis:23
One of One Non-Alcoholic Sauvignon Blanc 750ml,Sauvignon Blanc,Paustis Wine,268,4.5,59.8,8.82,16.99,14.96,48,,18,63,Woodbury:5;Minnetonka:6;Plymouth:6;Bloomington:7;St. Louis Park:7;Ramsey:8;Osseo:13;Cottage Grove:16;Minneapolis:16;Vadnais Heights:22;Rosemount:24;Blaine:25;Stillwater:27;Andover:36;Chanhassen:50
Cooks Brut 1.5L,Sparkling,Southern Glazer's Wine & Spirits of MN,62,4.5,13.7,10.46,17.49,14.96,40,,20,55,Roseville:1;Plymouth:2;Stillwater:2;Osseo:3;Blaine:3;Andover:4;Bloomington:4;Chanhassen:5;Ramsey:5;Rosemount:5;Minnetonka:6;Woodbury:6;Cottage Grove:7;Vadnais Heights:9
Shadow Ridge Cabernet Sauvignon 750ml,Cabernet,"New France Wine Co, Inc",34,4.5,7.6,8.21,14.99,12.96,45,,25,32,Roseville:4;Blaine:6;Chanhassen:6;St. Louis Park:8;Woodbury:10
Cooks Extra Dry 1.5L,Sparkling,Southern Glazer's Wine & Spirits of MN,51,4.5,11.3,10.46,17.49,14.96,40,,20,55,Vadnais Heights:1;Roseville:2;Woodbury:2;Cottage Grove:2;Chanhassen:3;Ramsey:3;St. Louis Park:3;Plymouth:4;Rosemount:4;Andover:5;Stillwater:5;Blaine:5;Minnetonka:6;Osseo:6
Alexander Valley Vineyards Cab Sauv 750ml,Cabernet,"Breakthru Beverage Minnesota Wine & Spirits, LLC",38,4.5,8.5,15.43,25.99,21.96,41,16cs purchase in a month,21,49,Chanhassen:2;Plymouth:3;Andover:4;Roseville:5;Blaine:7;Stillwater:8;St. Louis Park:9
Bonterra Cabernet Sauvignon 750ml,Cabernet,"Breakthru Beverage Minnesota Wine & Spirits, LLC",125,4.5,27.7,8.76,14.99,12.96,42,,20,55,Andover:3;Woodbury:4;St. Louis Park:4;Cottage Grove:5;Ramsey:8;Vadnais Heights:8;Minneapolis:8;Osseo:9;Plymouth:10;Roseville:10;Blaine:12;Chanhassen:12;Rosemount:12;Stillwater:20
Bonterra Equinox Red 750ml,Red Blends,"Breakthru Beverage Minnesota Wine & Spirits, LLC",138,4.5,30.7,9.43,14.99,12.96,37,,19,59,Minnetonka:3;Blaine:4;Vadnais Heights:5;Chanhassen:5;Minneapolis:6;Woodbury:7;Ramsey:8;Cottage Grove:9;Osseo:10;Andover:11;St. Louis Park:13;Plymouth:13;Rosemount:13;Stillwater:15;Roseville:16
Rancho La Gloria Lime Maragrita RTD 1.5L,Flavored,Phillips Wine & Spirits - St. Paul,36,4.5,8.1,10.85,20.99,17.96,48,,17,67,Vadnais Heights:1;Stillwater:1;Bloomington:2;Cottage Grove:2;Ramsey:2;Woodbury:3;Plymouth:3;Rosemount:5;Roseville:5;Blaine:6;Chanhassen:6
Tassajara Chardonnay 750ml,Chardonnay,"Maverick Beverage Co., LLC - MN",118,4.5,26.1,7.82,13.79,11.96,43,,23,42,Andover:2;Rosemount:4;Plymouth:7;Stillwater:7;Chanhassen:10;Vadnais Heights:10;Bloomington:11;Cottage Grove:12;Roseville:13;Blaine:14;St. Louis Park:14;Woodbury:14
Barefoot Pear Moscato 750ml,Flavored,Johnson Brothers - St. Paul,59,4.5,13.0,4.41,7.99,6.96,45,ON Month Deep Net $51.85 ( Off Month Deep Net $56),19,60,Osseo:1;Rosemount:1;Chanhassen:5;Minnetonka:6;Roseville:10;Cottage Grove:11;Stillwater:11;Minneapolis:14
Austin Hope Cab Sauv 750ml,Cabernet,"Grape Beginnings, Inc.",61,4.5,13.5,46.5,64.99,54.96,28,,21,51,Cottage Grove:1;Rosemount:1;Vadnais Heights:2;Minneapolis:3;Minnetonka:3;Stillwater:4;Andover:4;Woodbury:4;Chanhassen:5;Plymouth:5;Blaine:6;St. Louis Park:11;Roseville:12
Columbia Crest Grd Cab Sauv 750ml,Cabernet,Southern Glazer's Wine & Spirits of MN,122,4.5,27.0,8.07,12.49,10.96,35,,19,60,Plymouth:2;Osseo:3;Bloomington:4;Cottage Grove:5;Rosemount:5;St. Louis Park:7;Blaine:8;Vadnais Heights:8;Woodbury:8;Chanhassen:10;Minnetonka:12;Roseville:12;Andover:14;Ramsey:24
Franzia Chillable Red 3L Box,Red Blends,Southern Glazer's Wine & Spirits of MN,33,4.4,7.4,7.79,14.99,12.96,48,,18,62,Andover:1;Blaine:1;Osseo:3;Ramsey:3;Roseville:3;Bloomington:4;Vadnais Heights:6;Cottage Grove:6;Minneapolis:6
Klinker Brick Cab Sauv 750ml,Cabernet,"Maverick Beverage Co., LLC - MN",95,4.4,21.7,11.62,20.99,17.96,45,,22,42,St. Louis Park:1;Ramsey:2;Minnetonka:3;Woodbury:4;Blaine:5;Cottage Grove:6;Stillwater:6;Chanhassen:7;Andover:8;Plymouth:9;Rosemount:9;Osseo:11;Roseville:11;Vadnais Heights:13
Monte Degli Angeli Pinot Noir 750ml,Pinot Noir,Rue 38 LLC,76,4.4,17.4,9.46,17.49,14.96,46,,18,59,Cottage Grove:1;Woodbury:1;Blaine:2;Minnetonka:2;St. Louis Park:3;Plymouth:4;Andover:7;Osseo:8;Vadnais Heights:8;Minneapolis:9;Rosemount:9;Roseville:10;Chanhassen:12
A to Z Pinot Gris 750ml,Pinot Grigio/Gris,Southern Glazer's Wine & Spirits of MN,86,4.4,19.3,10.07,16.99,14.96,41,,18,62,Blaine:1;Minnetonka:1;Roseville:3;Woodbury:3;St. Louis Park:4;Plymouth:5;Chanhassen:6;Bloomington:9;Vadnais Heights:9;Cottage Grove:10;Stillwater:11;Minneapolis:12;Rosemount:12
Franzia Rich and Buttery Chardonnay 5L Box,Chardonnay,Southern Glazer's Wine & Spirits of MN,16,4.4,3.6,14.2,20.99,17.96,32,,19,56,Stillwater:1;Blaine:1;Ramsey:4;Minneapolis:4;Andover:6
Fit Vine Sauvigon Blanc 750ml,Sauvignon Blanc,"Breakthru Beverage Minnesota Wine & Spirits, LLC",128,4.4,29.3,8.1,13.99,11.96,42,,19,55,Woodbury:1;Cottage Grove:4;Vadnais Heights:5;Rosemount:6;Osseo:7;Ramsey:7;Andover:7;Blaine:8;Roseville:9;Bloomington:10;Stillwater:11;St. Louis Park:11;Chanhassen:13;Minnetonka:14;Minneapolis:15
Yellow Tail Chardonnay 750ml,Chardonnay,Phillips Wine & Spirits - St. Paul,74,4.4,16.7,3.96,7.99,6.96,50,,19,57,Bloomington:2;Woodbury:3;Stillwater:4;St. Louis Park:5;Blaine:6;Chanhassen:7;Andover:9;Roseville:11;Cottage Grove:13;Minneapolis:14
Da Vinci Chianti,Other Reds,Johnson Brothers - St. Paul,113,4.4,25.6,9.42,15.99,13.96,41,,22,43,Minnetonka:2;Osseo:2;Stillwater:2;Cottage Grove:2;Blaine:4;Bloomington:5;Rosemount:6;Minneapolis:6;Vadnais Heights:6;Plymouth:8;Roseville:10;St. Louis Park:11;Andover:12;Ramsey:12;Woodbury:12;Chanhassen:13
Readers Riesling 750ml,Other Whites,Bellboy Corporation,150,4.4,34.1,7.75,18.99,15.96,59,,21,47,St. Louis Park:3;Roseville:3;Vadnais Heights:4;Rosemount:4;Andover:8;Bloomington:10;Stillwater:11;Blaine:11;Woodbury:12;Cottage Grove:13;Plymouth:13;Ramsey:13;Chanhassen:14;Osseo:14;Minneapolis:17
MD Petite Petit 750ml,Other Reds,Paustis Wine,97,4.4,22.0,11.42,20.99,17.96,46,,21,47,Minnetonka:2;Minneapolis:4;Rosemount:4;Roseville:5;St. Louis Park:5;Andover:5;Stillwater:6;Chanhassen:10;Plymouth:10;Blaine:11;Cottage Grove:11;Woodbury:12;Vadnais Heights:12
Murphy Goode Red Blend 750ml,Red Blends,Johnson Brothers - St. Paul,98,4.4,22.2,7.42,13.99,11.96,47,,20,52,Chanhassen:1;Ramsey:3;Vadnais Heights:3;Blaine:3;Andover:7;Osseo:7;Stillwater:8;Rosemount:9;Bloomington:11;Cottage Grove:11;Woodbury:11;Plymouth:12;St. Louis Park:12
B&G Vouvray,Other Whites,Southern Glazer's Wine & Spirits of MN,78,4.4,17.6,8.07,14.99,12.96,46,,19,57,Stillwater:4;Roseville:8;Woodbury:8;Blaine:11;Minnetonka:11;Andover:12;St. Louis Park:12;Ramsey:12
Yellow Tail Pinot Noir 750ml,Pinot Noir,Phillips Wine & Spirits - St. Paul,74,4.4,16.9,4.26,7.99,6.96,47,,19,55,Andover:3;Woodbury:3;Blaine:6;Minneapolis:6;Chanhassen:7;St. Louis Park:9;Bloomington:12;Roseville:13;Cottage Grove:15
Woolpack Sauvignon Blanc 750ml,Sauvignon Blanc,Small Lot MN,59,4.3,13.7,10.12,18.99,15.96,47,,19,53,Andover:2;St. Louis Park:2;Blaine:2;Chanhassen:5;Osseo:5;Plymouth:6;Cottage Grove:7;Bloomington:9;Minnetonka:10;Stillwater:11
90+ Cellars Prosecco Rose (3pk) 187ml,Sparkling,Bellboy Corporation,190,4.3,44.6,9.52,21.99,17.96,57,,19,52,Minnetonka:5;Andover:5;Bloomington:5;Rosemount:5;Minneapolis:6;Osseo:6;Stillwater:6;Cottage Grove:8;Plymouth:8;Ramsey:8;Woodbury:8;St. Louis Park:14;Blaine:20;Roseville:27;Chanhassen:28;Vadnais Heights:28
Villa Maria Sauvignon Blanc 750ml,Sauvignon Blanc,"Grape Beginnings, Inc.",99,4.3,22.8,10.5,18.99,15.96,45,,21,45,Blaine:1;Vadnais Heights:1;Ramsey:4;Stillwater:4;Chanhassen:6;Cottage Grove:7;Roseville:7;Woodbury:7;Osseo:8;Andover:9;St. Louis Park:10;Rosemount:11;Minnetonka:12;Plymouth:12
Imagery Pinot Noir 750ml,Pinot Noir,Southern Glazer's Wine & Spirits of MN,70,4.3,16.1,9.4,17.49,14.96,46,,21,45,Minnetonka:2;Vadnais Heights:3;Cottage Grove:3;Roseville:7;Plymouth:7;Andover:8;Bloomington:9;Blaine:10;St. Louis Park:10;Woodbury:11
Chop Shop Cabernet Sauvignon 750ml,Cabernet,Oxford Street Merchants,43,4.3,10.1,8.98,15.99,13.96,44,,18,56,Blaine:3;Chanhassen:4;Roseville:6;Rosemount:7;Bloomington:11;St. Louis Park:12
Barefoot Moscato Tetra 500ml,Moscato,Johnson Brothers - St. Paul,51,4.3,11.8,3.09,5.49,4.96,44,,19,53,Osseo:1;Ramsey:1;Bloomington:4;Minnetonka:5;Minneapolis:7;Vadnais Heights:9;Andover:12;Blaine:12
La Cacciatora Barbera D'Asti 750ml,Other Reds,Paustis Wine,172,4.3,39.9,6.49,15.99,12.96,59,,17,62,Minnetonka:5;Plymouth:6;Stillwater:6;Chanhassen:7;Blaine:8;Rosemount:8;Vadnais Heights:8;Cottage Grove:9;Minneapolis:9;Osseo:9;Andover:10;Woodbury:13;Roseville:16;Ramsey:17;St. Louis Park:20;Bloomington:21
Cline Farmhouse Red 750ml,Red Blends,Southern Glazer's Wine & Spirits of MN,53,4.3,12.3,8.07,14.99,12.96,46,,17,62,Minnetonka:4;Rosemount:4;Stillwater:5;Chanhassen:9;Blaine:9;Bloomington:11;Plymouth:11
Liberty School Cab Sauv 750ml,Cabernet,"Grape Beginnings, Inc.",85,4.3,19.7,11.25,19.99,17.96,44,,16,67,Minneapolis:1;Rosemount:2;Stillwater:2;Plymouth:3;Minnetonka:3;Blaine:5;Bloomington:6;Andover:6;Cottage Grove:7;Vadnais Heights:8;Chanhassen:8;Ramsey:11;St. Louis Park:11;Roseville:12
Line 39 Cabernet 750ml,Cabernet,"Breakthru Beverage Minnesota Wine & Spirits, LLC",146,4.3,34.3,6.1,11.99,10.96,49,,18,56,Bloomington:3;Chanhassen:5;Minnetonka:6;Ramsey:6;Vadnais Heights:6;Plymouth:7;Stillwater:8;Andover:8;St. Louis Park:10;Woodbury:11;Blaine:12;Rosemount:13;Roseville:15;Osseo:17;Cottage Grove:19
Old Soul Cabernet Sauvignon 750ml,Cabernet,Oxford Street Merchants,61,4.3,14.2,8.39,14.99,12.96,44,,22,39,St. Louis Park:2;Vadnais Heights:3;Andover:4;Woodbury:4;Plymouth:5;Blaine:6;Cottage Grove:12;Roseville:12;Chanhassen:13
Mussel Bay Sauvignon Blanc 750ml,Sauvignon Blanc,Oxford Street Merchants,92,4.3,21.4,9.18,16.99,14.96,46,,16,66,Blaine:2;Vadnais Heights:2;St. Louis Park:3;Chanhassen:4;Andover:5;Stillwater:6;Woodbury:6;Cottage Grove:7;Minneapolis:7;Minnetonka:9;Plymouth:11;Roseville:11;Rosemount:19
Risata Moscato d'Asti 1.5L,Moscato,Oxford Street Merchants,65,4.2,15.4,17.3,31.99,26.96,46,,20,46,Osseo:1;Rosemount:1;Stillwater:1;Ramsey:2;Vadnais Heights:2;Woodbury:3;St. Louis Park:4;Chanhassen:5;Cottage Grove:5;Roseville:5;Minneapolis:5;Blaine:6;Bloomington:7;Andover:7;Plymouth:11
Dreaming Tree Cabernet 750ml,Cabernet,Southern Glazer's Wine & Spirits of MN,144,4.2,34.0,9.4,17.49,14.96,46,,20,46,Vadnais Heights:3;Andover:5;Cottage Grove:6;Stillwater:7;Roseville:7;Osseo:10;Bloomington:11;Minneapolis:11;Blaine:12;Rosemount:13;Woodbury:13;Minnetonka:17;Chanhassen:29
Murphy Goode Cab Sauv 750ml,Cabernet,Johnson Brothers - St. Paul,131,4.2,31.0,7.42,14.99,12.96,51,,18,55,Osseo:2;Stillwater:2;Ramsey:3;Andover:5;Minnetonka:5;Cottage Grove:8;Blaine:8;Roseville:8;Rosemount:9;Woodbury:9;Bloomington:10;Plymouth:10;Vadnais Heights:11;St. Louis Park:13;Chanhassen:28
Portlandia Pinot Noir 750ml,Pinot Noir,Paustis Wine,133,4.2,32.0,13.42,24.99,20.96,46,,17,57,Osseo:2;Roseville:2;Stillwater:5;Minneapolis:6;Ramsey:6;Andover:6;Chanhassen:7;Plymouth:8;Bloomington:9;Cottage Grove:9;Rosemount:10;Blaine:12;Minnetonka:12;Woodbury:12;St. Louis Park:12;Vadnais Heights:15
Colosi Nero d'Avola,Other Reds,"Maverick Beverage Co., LLC - MN",69,4.2,16.4,11.46,20.99,17.96,45,,19,50,Bloomington:5;Blaine:6;Cottage Grove:6;St. Louis Park:7;Andover:7;Roseville:8;Stillwater:8;Chanhassen:11;Minnetonka:11
Pacific Rim Sweet Riesling 750ml,Other Whites,"Breakthru Beverage Minnesota Wine & Spirits, LLC",56,4.2,13.3,6.76,11.49,9.96,41,,19,50,St. Louis Park:4;Vadnais Heights:8;Rosemount:12;Blaine:14;Andover:18
Summit Chardonnay 3L Box,Chardonnay,Southern Glazer's Wine & Spirits of MN,69,4.2,16.6,11.32,17.99,15.96,37,,16,62,Cottage Grove:1;Osseo:1;Andover:2;Chanhassen:2;Ramsey:2;Minneapolis:3;Stillwater:3;Roseville:4;Minnetonka:5;Bloomington:6;Plymouth:6;St. Louis Park:6;Blaine:7;Rosemount:7;Vadnais Heights:7;Woodbury:7
The Crossings Sauvignon Blanc 750ml,Sauvignon Blanc,Phillips Wine & Spirits - St. Paul,102,4.2,24.5,7.31,14.99,12.96,51,,14,71,Blaine:3;Woodbury:5;Bloomington:6;Andover:6;Ramsey:7;Stillwater:7;Vadnais Heights:7;Rosemount:8;Osseo:8;Chanhassen:11;Minneapolis:11;Minnetonka:11;St. Louis Park:12
Rombauer Sauvignon Blanc 750ml,Sauvignon Blanc,Oxford Street Merchants,45,4.1,11.2,17.1,28.99,24.96,41,4 free Pine Ridge Chenin Blanc on 10 cases M/M,12,78,Chanhassen:0;Blaine:2;Woodbury:2;Cottage Grove:3;Minnetonka:3;Andover:3;Plymouth:6;Bloomington:10;Roseville:13
Bonterra Pinot Gris 750ml,Pinot Grigio/Gris,"Breakthru Beverage Minnesota Wine & Spirits, LLC",153,4.1,37.4,8.1,12.99,11.96,38,,15,64,Woodbury:1;Andover:2;Osseo:3;Cottage Grove:4;Stillwater:6;Plymouth:8;Bloomington:11;Chanhassen:11;Minneapolis:11;Vadnais Heights:11;St. Louis Park:12;Minnetonka:12;Blaine:13;Rosemount:15;Ramsey:16;Roseville:17
Cavit Pinot Grigio 750ml,Pinot Grigio/Gris,"Breakthru Beverage Minnesota Wine & Spirits, LLC",19,4.1,4.6,7.43,9.99,8.96,26,15cs purchase in a month,20,42,Osseo:1;Ramsey:2;Stillwater:2;Woodbury:6;Blaine:8
Summit Sauvignon Blanc 3L Box,Sauvignon Blanc,Southern Glazer's Wine & Spirits of MN,46,4.1,11.2,11.32,18.99,15.96,40,,20,42,Minnetonka:1;St. Louis Park:2;Minneapolis:2;Vadnais Heights:2;Rosemount:3;Stillwater:3;Roseville:3;Cottage Grove:4;Plymouth:5;Woodbury:5;Andover:5;Blaine:5;Chanhassen:6
Klinker Brick Old Vine Zin 750ml,Zinfandel,"Maverick Beverage Co., LLC - MN",130,4.1,31.5,11.62,22.99,19.96,49,,19,47,Roseville:1;Blaine:3;Stillwater:4;Ramsey:5;Vadnais Heights:5;Cottage Grove:5;Minneapolis:6;Osseo:7;Andover:9;Bloomington:9;Chanhassen:9;Rosemount:10;Plymouth:11;Minnetonka:13;Woodbury:14;St. Louis Park:19
Cocobon DARK Red Blend 750ml,Red Blends,Southern Glazer's Wine & Spirits of MN,89,4.1,21.5,5.07,9.99,8.96,49,,18,52,Cottage Grove:2;Ramsey:3;Andover:4;Roseville:4;St. Louis Park:4;Vadnais Heights:5;Bloomington:5;Minneapolis:5;Woodbury:6;Chanhassen:8;Plymouth:9;Rosemount:10;Osseo:11;Blaine:13
Black Box Dolce Semi-Sweet Red Blend 3L Box,Red Blends,Johnson Brothers - St. Paul,59,4.1,14.4,12.84,19.99,16.96,36,,19,46,Rosemount:1;Cottage Grove:1;Osseo:2;Roseville:2;Minneapolis:3;Woodbury:3;Andover:4;Bloomington:4;Stillwater:4;Vadnais Heights:4;Ramsey:4;Blaine:6;Chanhassen:7;Plymouth:7;St. Louis Park:7
Stolpman So Fresh Love You Bunches Rose 750ml,Rose,"Maverick Beverage Co., LLC - MN",56,4.1,13.7,11.03,18.99,17.96,42,,16,59,Chanhassen:1;Minneapolis:1;Woodbury:1;Andover:1;Minnetonka:3;Vadnais Heights:4;Roseville:4;Blaine:7;St. Louis Park:7;Osseo:10;Bloomington:17
Decoy Merlot 750ml,Merlot,"Breakthru Beverage Minnesota Wine & Spirits, LLC",123,4.1,29.7,13.43,21.99,18.96,39,"12cs one store, one invoice.  50+ cs chain buy ok to split up throughout the month.  Intended for feature, ad, display, etc.",16,61,Ramsey:1;Minneapolis:3;Rosemount:3;Andover:6;Vadnais Heights:6;Chanhassen:7;Stillwater:7;Blaine:8;Plymouth:9;Cottage Grove:10;Minnetonka:11;Osseo:12;St. Louis Park:12;Woodbury:13;Roseville:15
Franzia Chardonnay 3L Box,Chardonnay,Southern Glazer's Wine & Spirits of MN,30,4.0,7.5,9.13,16.99,14.96,46,,16,57,Rosemount:1;Bloomington:2;Ramsey:3;Roseville:3;Chanhassen:3;Stillwater:5;Vadnais Heights:6;Plymouth:7
Roscato Peach 750ml,Flavored,"Breakthru Beverage Minnesota Wine & Spirits, LLC",78,4.0,19.4,8.76,13.79,11.96,36,12cs purchase in a month,21,35,Chanhassen:1;Vadnais Heights:2;Blaine:3;Ramsey:4;Minnetonka:5;Plymouth:5;Woodbury:5;Andover:5;Rosemount:6;Roseville:10;Minneapolis:32
Rancho La Gloria Strawberry Margarita RT 1.5L,Flavored,Phillips Wine & Spirits - St. Paul,42,4.0,10.4,10.85,20.99,17.96,48,,12,76,Woodbury:1;Stillwater:3;Osseo:4;Cottage Grove:5;Ramsey:5;Roseville:5;Blaine:6;Bloomington:6;St. Louis Park:7
Bev Cal Rose 4pk 250ml,Rose,Johnson Brothers - St. Paul,29,4.0,7.3,11.52,19.99,17.96,42,,17,52,Blaine:1;Roseville:1;Andover:2;Plymouth:3;Woodbury:3;Bloomington:5;Chanhassen:6;St. Louis Park:8
Louis Jadot Macon Village 750ml,Chardonnay,"Breakthru Beverage Minnesota Wine & Spirits, LLC",62,4.0,15.4,12.76,19.99,16.96,36,,18,48,Cottage Grove:3;Woodbury:3;Roseville:4;Chanhassen:5;Minnetonka:6;Blaine:6;Minneapolis:6;Rosemount:7;Vadnais Heights:10;Andover:12
Kuranui Sauvignon Blanc 750ml,Sauvignon Blanc,Libation Project,88,4.0,21.9,8.5,14.99,12.96,43,,16,57,Chanhassen:1;Minnetonka:2;Osseo:2;Vadnais Heights:7;Roseville:7;Bloomington:9;Cottage Grove:9;Andover:11;Rosemount:12;Stillwater:12;Woodbury:16
Kim Crawford Pinot Grigio 750ml,Pinot Grigio/Gris,Southern Glazer's Wine & Spirits of MN,120,4.0,29.8,10.77,14.99,12.96,28,,19,44,Plymouth:3;Cottage Grove:4;Minnetonka:5;Osseo:6;Minneapolis:6;Blaine:7;Chanhassen:9;Ramsey:10;Roseville:11;St. Louis Park:11;Vadnais Heights:11;Andover:12;Rosemount:12;Woodbury:13
Clean Slate Riesling 750ml,Other Whites,"Grape Beginnings, Inc.",88,4.0,21.9,8.25,14.99,12.96,45,,18,48,Ramsey:1;St. Louis Park:4;Cottage Grove:4;Blaine:7;Plymouth:8;Vadnais Heights:9;Woodbury:9;Stillwater:10;Andover:12;Minneapolis:12;Roseville:12
Barefoot Pinot Noir 750ml,Pinot Noir,Johnson Brothers - St. Paul,77,4.0,19.5,4.41,7.99,6.96,45,ON Month Deep Net $51.85 ( Off Month Deep Net $56),18,46,Vadnais Heights:1;Plymouth:1;Rosemount:4;Andover:4;Woodbury:4;Roseville:5;Chanhassen:8;Ramsey:8;Osseo:12;Blaine:13;Cottage Grove:17
LaBella Pinot Grigio 750ml,Pinot Grigio/Gris,Bellboy Corporation,44,4.0,11.0,5.08,8.99,7.96,43,,18,47,Minnetonka:1;St. Louis Park:3;Roseville:5;Chanhassen:6;Minneapolis:6;Bloomington:7;Ramsey:8;Woodbury:8
Joel Gott Pinot Gris 750ml,Pinot Grigio/Gris,Phillips Wine & Spirits - St. Paul,50,4.0,12.4,7.98,13.99,11.96,43,,16,58,Andover:2;Stillwater:2;Plymouth:4;Minneapolis:5;Minnetonka:8;Chanhassen:9;Woodbury:9;St. Louis Park:11
Daily's Peach on the Beach RTD 10oz,Flavored,Phillips Wine & Spirits - St. Paul,165,4.0,41.3,1.55,3.99,3.46,61,,11,79,Andover:2;Osseo:2;Vadnais Heights:2;Cottage Grove:3;Minnetonka:3;St. Louis Park:3;Roseville:5;Chanhassen:8;Ramsey:10;Rosemount:11;Woodbury:15;Stillwater:15;Bloomington:17;Plymouth:22;Minneapolis:23;Blaine:24
Contessa Annalisa Cabernet Sauvignon 750ml,Cabernet,Bellboy Corporation,123,4.0,30.5,5.58,13.79,11.96,60,,15,62,Blaine:2;Ramsey:3;Minneapolis:4;Vadnais Heights:4;Woodbury:4;St. Louis Park:5;Minnetonka:6;Andover:13;Rosemount:14;Chanhassen:17;Cottage Grove:17;Osseo:17;Plymouth:17
XXL Mango 750ml,Flavored,Paustis Wine,97,3.9,25.1,6.14,12.99,11.96,53,,20,34,Andover:2;Plymouth:5;Rosemount:5;St. Louis Park:5;Roseville:5;Vadnais Heights:5;Cottage Grove:9;Osseo:9;Ramsey:9;Bloomington:10;Woodbury:10;Blaine:11;Minneapolis:12
Good Day Pineapple Soju 375ml,Fortified,"Vinocopia, Inc",56,3.9,14.3,4.29,7.99,6.96,46,,20,36,Woodbury:1;Cottage Grove:2;Minnetonka:2;Ramsey:3;St. Louis Park:7;Roseville:9;Bloomington:15;Minneapolis:17
Ricossa Barbera Apassamento 750ml,Other Reds,"Bourget Imports, LLC",185,3.9,47.2,12.48,28.99,24.96,57,,18,45,Rosemount:1;Stillwater:5;Roseville:6;Blaine:9;Ramsey:9;Minnetonka:10;Minneapolis:11;Andover:11;Osseo:14;Plymouth:14;Chanhassen:17;Vadnais Heights:24;St. Louis Park:54
Dow's Fine Tawny Porto 750ml,Fortified,"Maverick Beverage Co., LLC - MN",75,3.9,19.1,10.62,22.99,19.96,54,,18,45,Blaine:1;Cottage Grove:2;St. Louis Park:2;Vadnais Heights:2;Woodbury:3;Bloomington:4;Chanhassen:4;Minnetonka:4;Ramsey:4;Stillwater:4;Osseo:6;Rosemount:8;Minneapolis:9;Andover:11;Roseville:11
Our Daily Red 750ml,Red Blends,Paustis Wine,40,3.9,10.4,6.75,12.49,10.96,46,,16,52,Minnetonka:1;Woodbury:1;Vadnais Heights:3;Bloomington:4;Rosemount:10;Stillwater:10;Cottage Grove:11
Woodbridge Pinot Grigio 750ml,Pinot Grigio/Gris,Southern Glazer's Wine & Spirits of MN,106,3.9,27.0,4.07,7.99,6.96,49,,18,45,Osseo:1;St. Louis Park:1;Chanhassen:5;Andover:6;Blaine:6;Minnetonka:8;Minneapolis:9;Ramsey:10;Cottage Grove:12;Plymouth:12;Rosemount:12;Roseville:12;Bloomington:12
Cupcake Riesling 750ml,Other Whites,Southern Glazer's Wine & Spirits of MN,74,3.9,19.0,5.4,9.99,8.96,46,,16,53,Ramsey:1;Rosemount:2;Roseville:2;Cottage Grove:3;Blaine:5;Osseo:5;Vadnais Heights:5;Chanhassen:6;Minnetonka:6;Bloomington:8;St. Louis Park:8;Plymouth:11;Andover:12
Bonterra Chardonnay 750ml,Chardonnay,"Breakthru Beverage Minnesota Wine & Spirits, LLC",70,3.9,17.8,7.43,12.49,10.96,41,,17,50,Roseville:3;Stillwater:3;Blaine:6;St. Louis Park:13;Andover:14;Plymouth:15;Minneapolis:16
Roscato Black Cherry 750ml,Flavored,"Breakthru Beverage Minnesota Wine & Spirits, LLC",120,3.9,30.9,8.76,13.79,11.96,36,12cs purchase in a month,18,44,Blaine:1;Osseo:4;St. Louis Park:4;Roseville:5;Vadnais Heights:6;Chanhassen:7;Cottage Grove:7;Ramsey:9;Woodbury:9;Minnetonka:11;Andover:14;Minneapolis:43
Antigal Uno Malbec 750ml,Malbec,Southern Glazer's Wine & Spirits of MN,83,3.9,21.2,12.07,22.49,18.96,46,,18,45,Osseo:2;Woodbury:2;Chanhassen:3;Stillwater:3;Blaine:3;St. Louis Park:5;Vadnais Heights:5;Bloomington:6;Cottage Grove:7;Minneapolis:9;Minnetonka:9;Rosemount:9;Roseville:10;Andover:10
Piattelli Grand Res Malbec 750ml,Malbec,"Vinocopia, Inc",48,3.9,12.2,12.04,20.99,17.96,43,,15,59,Plymouth:1;Stillwater:1;Osseo:2;Woodbury:2;Rosemount:5;Andover:7;St. Louis Park:7;Bloomington:11;Blaine:12
Tozai Night Swim Sake Cans 180ml,Fortified,"Maverick Beverage Co., LLC - MN",199,3.9,50.6,3.38,7.99,6.46,58,,15,59,Minneapolis:3;Roseville:14;Rosemount:18;Blaine:20;St. Louis Park:20;Plymouth:21;Andover:25;Minnetonka:25;Vadnais Heights:26;Woodbury:27
Mad Dog Spiked Strawberry Pet 200ml,Flavored,Southern Glazer's Wine & Spirits of MN,28,3.8,7.3,1.53,3.99,2.96,62,,14,60,Andover:2;Blaine:2;Minneapolis:2;Ramsey:22
Joel Gott CA Pinot Grigio 750ml,Pinot Grigio/Gris,Phillips Wine & Spirits - St. Paul,25,3.8,6.5,5.95,11.49,9.96,48,,16,51,Rosemount:1;Blaine:2;Andover:2;Woodbury:8;Chanhassen:12
Yellow Tail Shiraz 1.5L,Syrah/Shiraz,Phillips Wine & Spirits - St. Paul,49,3.8,13.0,6.62,12.49,11.96,47,,16,49,Rosemount:1;St. Louis Park:2;Chanhassen:3;Blaine:4;Bloomington:5;Ramsey:6;Stillwater:6;Vadnais Heights:6;Minneapolis:8;Plymouth:8
Korbel Sweet Rose 750ml,Sparkling,Southern Glazer's Wine & Spirits of MN,53,3.8,14.0,7.56,13.79,11.96,45,,18,41,St. Louis Park:2;Minneapolis:5;Bloomington:7;Blaine:7;Rosemount:10;Roseville:10;Andover:12
Stags' Leap Cabernet Sauvignon Napa 750ml,Cabernet,"Breakthru Beverage Minnesota Wine & Spirits, LLC",60,3.8,15.6,38.76,64.99,54.96,40,,17,47,Minneapolis:1;Plymouth:1;Ramsey:1;Vadnais Heights:1;Woodbury:1;Andover:3;Osseo:3;Minnetonka:4;Stillwater:4;Chanhassen:4;Bloomington:5;Rosemount:5;St. Louis Park:6;Blaine:10;Roseville:11
McManis Cabernet Sauvignon 750ml,Cabernet,Paustis Wine,150,3.8,39.4,8.08,13.99,11.96,42,,15,55,Minnetonka:5;Roseville:5;Vadnais Heights:6;Chanhassen:7;Minneapolis:8;Stillwater:8;Bloomington:9;Ramsey:9;Rosemount:12;Woodbury:12;St. Louis Park:12;Cottage Grove:15;Blaine:18;Andover:24
Prophecy Pinot Noir 750ml,Pinot Noir,Johnson Brothers - St. Paul,43,3.8,11.2,7.42,14.99,12.96,51,,18,42,Ramsey:1;Roseville:1;Rosemount:2;Stillwater:2;Osseo:4;St. Louis Park:4;Minnetonka:9;Blaine:9;Bloomington:11
Portlandia Pinot Gris 750ml,Pinot Grigio/Gris,Paustis Wine,184,3.8,48.3,10.75,19.99,16.96,46,,15,55,Woodbury:6;Bloomington:9;Rosemount:9;Minnetonka:10;Osseo:10;Plymouth:10;Andover:12;Cottage Grove:12;Blaine:13;Vadnais Heights:13;St. Louis Park:13;Minneapolis:14;Stillwater:14;Chanhassen:16;Roseville:23
Hakutsuru Sayuri Nigori Sake 300ml,Fortified,The Wine Company,120,3.8,31.4,7.62,13.99,12.96,46,,14,60,Rosemount:1;Roseville:2;Blaine:2;Chanhassen:3;Ramsey:5;Minnetonka:6;Bloomington:7;Stillwater:7;Vadnais Heights:7;Plymouth:7;Woodbury:8;Cottage Grove:9;Andover:13;Minneapolis:13;St. Louis Park:13;Osseo:17
Woodbridge Cabernet Sauvignon 750ml,Cabernet,Southern Glazer's Wine & Spirits of MN,147,3.8,38.3,4.07,7.99,6.96,49,,15,56,Vadnais Heights:2;Blaine:4;Chanhassen:7;Minnetonka:7;Rosemount:7;Osseo:8;Roseville:10;Cottage Grove:11;Minneapolis:11;Woodbury:11;Bloomington:12;Plymouth:12;Stillwater:12;Andover:12;Ramsey:21
90+ Lot 229 Non-Alcoholic Sparkling Rose 750ml,Sparkling,Bellboy Corporation,399,3.8,106.0,7.5,13.99,12.96,46,,16,49,Minnetonka:6;Osseo:7;Ramsey:7;Chanhassen:8;Bloomington:8;Minneapolis:9;Stillwater:11;Plymouth:13;Andover:23;Vadnais Heights:26;Woodbury:31;Cottage Grove:35;St. Louis Park:43;Rosemount:47;Roseville:59;Blaine:66
Greenwing Pinot Noir 750ml,Pinot Noir,"Breakthru Beverage Minnesota Wine & Spirits, LLC",29,3.8,7.7,12.1,21.99,18.96,45,,20,31,St. Louis Park:3;Blaine:3;Roseville:7;Woodbury:7;Chanhassen:9
The Little Sheep Sauvignon Blanc 750ml,Sauvignon Blanc,Rue 38 LLC,39,3.8,10.3,8.17,14.99,12.96,45,,11,72,Woodbury:4;Roseville:4;Cottage Grove:5;St. Louis Park:5;Rosemount:10;Chanhassen:11
La Cigaliere Cotes du Rhone,Red Blends,Rue 38 LLC,155,3.8,40.7,8.12,17.49,14.96,54,,19,37,Vadnais Heights:1;Chanhassen:2;Andover:4;Rosemount:4;Ramsey:5;Osseo:6;Minneapolis:7;Cottage Grove:9;Stillwater:9;Plymouth:10;Blaine:10;Woodbury:17;St. Louis Park:17;Roseville:17;Minnetonka:18;Bloomington:19
Lapis Luna Cabernet Sauvignon 750ml,Cabernet,"Vinocopia, Inc",43,3.8,11.3,8.12,14.99,12.96,46,,18,41,Chanhassen:1;Andover:2;Woodbury:3;Rosemount:5;Bloomington:10;Roseville:10;Plymouth:12
Murphy Goode Sauv Blanc 750ml,Sauvignon Blanc,Johnson Brothers - St. Paul,123,3.8,32.7,7.42,13.99,11.96,47,,16,49,Andover:1;Minnetonka:1;Plymouth:1;Rosemount:1;Vadnais Heights:3;Roseville:5;Cottage Grove:8;Stillwater:8;Minneapolis:9;Chanhassen:9;Ramsey:10;Osseo:10;St. Louis Park:11;Bloomington:19;Blaine:27
Domaine Roche Voujeon 750ml,Other Reds,Phillips Wine & Spirits - St. Paul,125,3.8,32.5,8.03,18.99,15.96,58,,17,47,Vadnais Heights:4;Blaine:5;Stillwater:8;Osseo:9;Minnetonka:10;Cottage Grove:11;Woodbury:11;Andover:16;Roseville:22;Plymouth:29
14 Hands Stampede Red Blend 750ml,Red Blends,Southern Glazer's Wine & Spirits of MN,84,3.8,21.9,7.4,11.49,9.96,36,,19,38,Rosemount:1;Roseville:3;Stillwater:3;Minneapolis:3;Blaine:4;Ramsey:4;Andover:5;Bloomington:5;Plymouth:5;Minnetonka:6;Cottage Grove:7;Vadnais Heights:7;Osseo:7;Woodbury:12;St. Louis Park:12
Chaucer Mead 750ml,Flavored,Paustis Wine,64,3.8,16.7,12.08,20.99,17.96,42,,19,38,Stillwater:2;Roseville:3;Woodbury:5;Chanhassen:5;Minneapolis:6;Rosemount:7;Andover:7;Vadnais Heights:8;Blaine:10;St. Louis Park:11
Wente Chardonnay 750ml,Chardonnay,Paustis Wine,80,3.7,21.8,9.33,15.99,13.96,42,,14,55,Blaine:1;Minneapolis:2;Vadnais Heights:2;Andover:3;Minnetonka:4;Plymouth:6;Rosemount:6;Chanhassen:6;Roseville:7;St. Louis Park:7;Cottage Grove:11;Woodbury:12;Bloomington:13
Josh Cellars RSV CC Buttery Chard 750ml,Chardonnay,Johnson Brothers - St. Paul,94,3.7,25.2,9.29,15.99,13.96,42,Buy 11 Josh (all flavors and sizes) and receive 3 free Josh Cabernet (#859252),16,48,Osseo:2;Chanhassen:4;Plymouth:4;Ramsey:5;Rosemount:6;Roseville:7;Woodbury:7;Stillwater:8;Vadnais Heights:9;Minnetonka:10;Andover:10;Cottage Grove:11;Blaine:11
Ricossa Gavi 750ml,Other Whites,"Bourget Imports, LLC",207,3.7,55.4,12.48,25.99,21.96,52,,16,48,Rosemount:1;Cottage Grove:6;St. Louis Park:6;Plymouth:7;Minneapolis:8;Minnetonka:10;Vadnais Heights:10;Roseville:11;Ramsey:12;Stillwater:12;Osseo:13;Woodbury:21;Chanhassen:22;Blaine:23;Andover:45
Yellow Tail Big Bold Red 1.5L,Red Blends,Phillips Wine & Spirits - St. Paul,50,3.7,13.6,6.62,12.49,11.96,47,,17,42,Blaine:1;Woodbury:1;Stillwater:2;Roseville:2;Cottage Grove:3;St. Louis Park:3;Plymouth:4;Minneapolis:4;Ramsey:5;Minnetonka:6;Osseo:6;Vadnais Heights:6;Chanhassen:7
Quinta Santa Eufemia Tawny Port 750ml,Fortified,Rue 38 LLC,35,3.7,9.5,10.12,18.99,15.96,47,,20,28,Blaine:1;Osseo:1;Minneapolis:2;Bloomington:4;St. Louis Park:5;Ramsey:6;Roseville:7;Vadnais Heights:9
Sand Point Chardonnay 750ml,Chardonnay,Paustis Wine,64,3.7,17.1,6.08,11.99,9.96,49,,14,57,Minnetonka:1;Stillwater:1;St. Louis Park:1;Rosemount:3;Blaine:6;Plymouth:6;Andover:10;Roseville:12;Woodbury:12;Chanhassen:12
Murphy Goode Pinot Noir 750ml,Pinot Noir,Johnson Brothers - St. Paul,108,3.6,29.8,7.42,14.99,12.96,51,,15,49,Ramsey:4;Plymouth:5;St. Louis Park:5;Blaine:6;Bloomington:6;Vadnais Heights:6;Woodbury:6;Andover:7;Rosemount:7;Roseville:8;Chanhassen:9;Osseo:9;Cottage Grove:9;Minnetonka:10;Stillwater:11
Meiomi Pinot Noir Bright 750ml,Pinot Noir,Southern Glazer's Wine & Spirits of MN,145,3.6,40.5,12.01,19.99,16.96,40,,16,43,Minnetonka:2;Bloomington:3;Osseo:3;Andover:5;Roseville:6;Vadnais Heights:8;St. Louis Park:10;Stillwater:10;Cottage Grove:11;Woodbury:12;Plymouth:14;Ramsey:15;Rosemount:15;Chanhassen:31
Prophecy Pinot Grigio 750ml,Pinot Grigio/Gris,Johnson Brothers - St. Paul,33,3.6,9.2,7.42,13.79,11.96,46,,17,39,Blaine:2;Vadnais Heights:3;Roseville:8;Minneapolis:8;Bloomington:12
Barefoot Bubbly Brut 750ml,Sparkling,Johnson Brothers - St. Paul,114,3.6,31.3,7.42,11.99,9.96,38,,16,45,Plymouth:1;Stillwater:2;Roseville:3;Vadnais Heights:3;Minneapolis:3;St. Louis Park:4;Woodbury:8;Rosemount:9;Andover:11;Cottage Grove:11;Minnetonka:11;Blaine:11;Chanhassen:12;Osseo:12;Ramsey:13
Ten to Life Cabernet 750ml,Cabernet,Paustis Wine,108,3.6,30.1,13.42,29.99,24.96,55,,15,48,Ramsey:2;Minnetonka:3;Stillwater:3;Woodbury:3;Osseo:4;Minneapolis:4;St. Louis Park:4;Plymouth:6;Cottage Grove:7;Chanhassen:8;Roseville:9;Vadnais Heights:9;Bloomington:11;Rosemount:11;Andover:12;Blaine:12
Saldo Zinfandel 750ml,Zinfandel,Southern Glazer's Wine & Spirits of MN,80,3.6,22.5,20.07,34.99,29.96,43,,17,38,Blaine:1;Chanhassen:1;Plymouth:4;St. Louis Park:4;Woodbury:5;Andover:5;Stillwater:6;Vadnais Heights:9;Bloomington:10;Rosemount:10;Minnetonka:11;Roseville:14
Strade di Toscana IGT 750ml,Other Reds,Paustis Wine,115,3.6,31.6,8.49,19.99,16.96,58,,16,45,Stillwater:2;Plymouth:6;Chanhassen:7;St. Louis Park:8;Roseville:9;Andover:10;Minnetonka:10;Rosemount:10;Cottage Grove:11;Vadnais Heights:11;Blaine:15;Woodbury:16
Chateau Ste Michelle Light Sauvignon Blanc 750ml,Sauvignon Blanc,Southern Glazer's Wine & Spirits of MN,125,3.6,34.9,7.4,11.49,9.96,36,,14,52,St. Louis Park:3;Roseville:3;Cottage Grove:5;Minneapolis:6;Ramsey:7;Andover:8;Bloomington:9;Minnetonka:9;Osseo:9;Woodbury:9;Chanhassen:10;Plymouth:11;Blaine:12;Rosemount:12;Vadnais Heights:12
Cline Old Vine Zinfandel 750ml,Zinfandel,Southern Glazer's Wine & Spirits of MN,90,3.6,25.0,8.07,14.99,12.96,46,,15,48,Blaine:2;Minneapolis:2;St. Louis Park:3;Vadnais Heights:4;Roseville:6;Stillwater:8;Andover:10;Cottage Grove:10;Bloomington:11;Chanhassen:11;Woodbury:11;Plymouth:12
Menage a Trois Midnight 750ml,Red Blends,Phillips Wine & Spirits - St. Paul,92,3.6,25.8,5.92,10.99,8.96,46,5 MAT Red on 25,13,56,Blaine:3;Woodbury:3;Roseville:3;Minnetonka:4;Ramsey:4;Plymouth:5;Vadnais Heights:6;Rosemount:8;Andover:8;Osseo:10;Chanhassen:19;Cottage Grove:19
Readers Syrah 750ml,Syrah/Shiraz,Bellboy Corporation,85,3.6,23.9,11.5,23.99,19.96,52,,17,38,Woodbury:1;Andover:2;Minneapolis:3;Minnetonka:4;Blaine:4;Chanhassen:5;St. Louis Park:6;Osseo:7;Ramsey:7;Rosemount:10;Bloomington:11;Stillwater:12;Roseville:13
Caparzo Toscona Sangiovese,Other Reds,The Wine Company,27,3.5,7.8,10.12,18.99,15.96,47,,14,48,Andover:2;Minnetonka:6;Plymouth:8;Blaine:11
Elouan Pinot Noir 750ml,Pinot Noir,Johnson Brothers - St. Paul,254,3.5,73.2,10.09,20.99,17.96,52,,13,53,Stillwater:1;Minneapolis:4;Chanhassen:6;Plymouth:7;Andover:8;Bloomington:9;Roseville:9;Blaine:10;Vadnais Heights:10;Cottage Grove:11;Rosemount:12;St. Louis Park:14;Osseo:18;Woodbury:21;Ramsey:22;Minnetonka:92
Black Box Brilliant Chardonnay 3L Box,Chardonnay,Johnson Brothers - St. Paul,50,3.5,14.1,12.84,19.99,16.96,36,,16,42,Andover:1;Cottage Grove:1;Stillwater:1;Blaine:2;Plymouth:3;Vadnais Heights:3;Minneapolis:3;Minnetonka:4;Ramsey:4;Chanhassen:5;Osseo:5;Rosemount:5;Roseville:6;St. Louis Park:7
Dashwood Sauvignon Blanc 750ml,Sauvignon Blanc,Southern Glazer's Wine & Spirits of MN,64,3.5,18.2,9.07,17.49,14.96,48,,16,41,Blaine:1;Plymouth:1;Rosemount:1;Stillwater:2;Minnetonka:2;Vadnais Heights:6;Osseo:9;Bloomington:10;Cottage Grove:10;Woodbury:10;Andover:12
Menage a Trois Decadence Cab 750ml,Cabernet,Phillips Wine & Spirits - St. Paul,20,3.5,5.7,5.92,10.99,8.96,46,5 MAT Red on 25,19,28,Bloomington:2;Andover:3;Blaine:5;Woodbury:10
Murphy Goode Chardonnay 750ml,Chardonnay,Johnson Brothers - St. Paul,132,3.5,37.5,7.42,13.99,11.96,47,,14,50,Andover:1;Minneapolis:2;Roseville:2;Woodbury:6;Cottage Grove:7;Ramsey:7;St. Louis Park:7;Vadnais Heights:8;Bloomington:9;Blaine:9;Stillwater:9;Chanhassen:10;Plymouth:10;Minnetonka:11;Rosemount:13;Osseo:21
Z. Alexander Brown Cabernet 750ml,Cabernet,Johnson Brothers - St. Paul,57,3.5,16.3,8.62,17.49,14.96,51,,17,36,Andover:1;Blaine:6;Vadnais Heights:9;Bloomington:11;Osseo:11;Ramsey:19
Gekkeikan Sake 1.5L,Fortified,Southern Glazer's Wine & Spirits of MN,32,3.5,9.1,10.8,18.99,15.96,43,,15,46,Roseville:2;St. Louis Park:2;Woodbury:2;Bloomington:3;Chanhassen:3;Minneapolis:3;Rosemount:5;Vadnais Heights:6;Blaine:6
Klinker Brick Brickmason Red 750ml,Red Blends,"Maverick Beverage Co., LLC - MN",125,3.5,36.0,9.29,17.49,14.96,47,,17,35,Cottage Grove:2;Andover:3;Minneapolis:3;St. Louis Park:3;Ramsey:4;Blaine:7;Vadnais Heights:8;Bloomington:10;Roseville:10;Woodbury:10;Minnetonka:13;Stillwater:15;Rosemount:18;Chanhassen:19
Pacific Sound Pinot Noir 750ml,Pinot Noir,"Bourget Imports, LLC",48,3.5,13.8,6.15,14.99,10.96,59,,13,53,Woodbury:3;Osseo:6;Ramsey:8;Minnetonka:8;Rosemount:9;Bloomington:14
Yellow Tail Sangria 1.5L,Flavored,Phillips Wine & Spirits - St. Paul,27,3.5,7.7,6.62,12.49,11.96,47,,16,40,Vadnais Heights:1;Andover:2;Cottage Grove:2;Rosemount:2;Minneapolis:2;Plymouth:3;Blaine:4;Roseville:5;Woodbury:6
Smith & Hook Cabernet Sauvignon 750ml,Cabernet,Johnson Brothers - St. Paul,96,3.5,27.4,13.42,23.99,19.96,44,,13,54,Andover:4;Minnetonka:4;Ramsey:7;Cottage Grove:10;Plymouth:11;St. Louis Park:11;Roseville:12;Woodbury:12;Chanhassen:12;Blaine:13
One of One Non-Alcoholic Cabernet Sauvignon 750ml,Cabernet,Paustis Wine,341,3.5,98.6,8.82,16.99,14.96,48,,13,53,Rosemount:5;Minneapolis:9;Bloomington:11;Woodbury:11;Osseo:12;Ramsey:15;St. Louis Park:16;Vadnais Heights:18;Plymouth:22;Blaine:24;Cottage Grove:28;Roseville:28;Stillwater:31;Minnetonka:32;Andover:37;Chanhassen:42
Mark West Pinot Noir 200ml,Pinot Noir,Johnson Brothers - St. Paul,122,3.5,35.0,1.81,3.49,2.96,48,,20,22,Andover:16;St. Louis Park:17;Roseville:21;Rosemount:22;Blaine:23;Cottage Grove:23
Dacci Prosecco 750ml,Sparkling,Bellboy Corporation,83,3.5,23.6,10.38,23.99,19.96,57,Buyer's Select,14,50,Blaine:1;Cottage Grove:6;Osseo:8;Chanhassen:8;Woodbury:9;Plymouth:15;Bloomington:17;Roseville:19
Mer Soleil Unoaked Chardonnay 750ml,Chardonnay,Oxford Street Merchants,96,3.5,27.4,11.17,17.99,13.86,38,,9,72,Ramsey:4;Woodbury:6;Stillwater:7;Roseville:7;Andover:10;Bloomington:11;Minnetonka:12;Osseo:16;Rosemount:23
Apothic White 750ml,White Blends,Johnson Brothers - St. Paul,94,3.4,27.3,7.42,11.99,10.96,38,,11,61,Woodbury:1;Vadnais Heights:2;Bloomington:7;Minnetonka:11;Stillwater:11;Cottage Grove:11;Blaine:24;Andover:27
Stel + Mar Cabernet Sauvignon 750ml,Cabernet,"Maverick Beverage Co., LLC - MN",146,3.4,43.5,8.46,14.99,12.96,44,,14,45,Chanhassen:4;Andover:4;Stillwater:5;Osseo:7;Ramsey:7;Minnetonka:8;Plymouth:8;Blaine:9;Cottage Grove:9;Woodbury:11;Minneapolis:12;Rosemount:16;Bloomington:23;St. Louis Park:23
Chloe Monterey Pinot Noir 750ml,Pinot Noir,Southern Glazer's Wine & Spirits of MN,72,3.4,21.4,7.07,12.49,10.96,43,,14,45,Plymouth:1;Stillwater:2;St. Louis Park:5;Vadnais Heights:7;Minnetonka:8;Woodbury:8;Chanhassen:9;Ramsey:10;Roseville:11;Andover:11
Acrobat Pinot Noir 750ml,Pinot Noir,Southern Glazer's Wine & Spirits of MN,60,3.4,17.6,12.07,20.99,17.96,42,,17,33,Blaine:3;Roseville:4;Chanhassen:4;Bloomington:5;Andover:5;Woodbury:9;St. Louis Park:9;Vadnais Heights:9;Plymouth:12
Black Box Brilliant Cabernet 3L Box,Cabernet,Johnson Brothers - St. Paul,61,3.4,17.8,12.84,19.99,16.96,36,,14,47,Cottage Grove:1;Ramsey:1;St. Louis Park:1;Minneapolis:3;Plymouth:3;Rosemount:3;Stillwater:3;Chanhassen:3;Minnetonka:4;Blaine:4;Andover:5;Bloomington:5;Roseville:6;Woodbury:7;Osseo:12
Daily's Apple Smash 10oz,Flavored,Phillips Wine & Spirits - St. Paul,114,3.4,33.5,1.55,3.99,3.46,61,,11,60,Stillwater:2;Roseville:3;Cottage Grove:4;Ramsey:5;Blaine:5;Andover:8;Woodbury:10;Osseo:15;Bloomington:20;Minneapolis:20;Rosemount:22
MD Freakshow Zinfandel 750ml,Zinfandel,Paustis Wine,127,3.4,36.9,11.42,20.99,17.96,46,,17,34,Osseo:2;Blaine:3;Rosemount:4;Stillwater:5;Roseville:7;Vadnais Heights:7;Minneapolis:8;Plymouth:8;Andover:9;Cottage Grove:9;Chanhassen:9;Woodbury:10;Minnetonka:11;Ramsey:11;St. Louis Park:12;Bloomington:12
Hakutsuru Plum Wine 750ml,Fortified,The Wine Company,98,3.4,28.5,12.46,21.99,18.96,43,,15,43,Minneapolis:2;Bloomington:3;Osseo:3;Ramsey:3;Minnetonka:4;Rosemount:5;Roseville:5;Andover:6;Vadnais Heights:6;Woodbury:6;Chanhassen:7;St. Louis Park:7;Stillwater:9;Plymouth:10;Blaine:11;Cottage Grove:11
Chalk Hill Sonoma Chardonnay 750ml,Chardonnay,Southern Glazer's Wine & Spirits of MN,35,3.4,10.3,13.4,23.99,19.96,44,,16,37,Blaine:1;Roseville:1;Rosemount:3;Minnetonka:4;Woodbury:5;Bloomington:10;St. Louis Park:11
Chateau Malijay CDR 750ml,Red Blends,Bellboy Corporation,99,3.4,29.2,8.01,18.99,9.95,58,,16,37,Chanhassen:3;Plymouth:3;Vadnais Heights:4;Woodbury:4;Minnetonka:8;Stillwater:12;Cottage Grove:16;Blaine:49
Sweet Bitch Mango Moscato 750ml,Other Whites,"Vinocopia, Inc",89,3.4,25.9,8.12,13.79,11.96,41,,13,52,St. Louis Park:1;Ramsey:2;Minnetonka:3;Plymouth:3;Osseo:4;Roseville:5;Stillwater:5;Bloomington:6;Vadnais Heights:7;Woodbury:9;Andover:9;Blaine:11;Chanhassen:12;Cottage Grove:12
Chemistry Pinot Gris 750ml,Pinot Grigio/Gris,Johnson Brothers - St. Paul,35,3.4,10.3,10.09,17.49,14.96,42,,14,46,Ramsey:4;Minnetonka:8;Chanhassen:11;Blaine:12
Hahn Pinot Noir 750ml,Pinot Noir,Johnson Brothers - St. Paul,34,3.3,10.3,9.09,15.99,13.96,43,,13,48,Cottage Grove:1;St. Louis Park:3;Roseville:9;Blaine:10;Bloomington:11
Libretto Chardonnay 750ml,Chardonnay,Paustis Wine,60,3.3,18.1,4.65,11.49,9.96,60,,13,48,Chanhassen:1;Plymouth:5;Stillwater:5;Minnetonka:8;Andover:8;Bloomington:9;Rosemount:9;Osseo:15
Ferrari Carano Siena 750ml,Red Blends,Southern Glazer's Wine & Spirits of MN,137,3.3,41.0,15.4,26.99,22.96,43,,15,40,Woodbury:3;St. Louis Park:3;Vadnais Heights:6;Blaine:7;Minnetonka:7;Cottage Grove:9;Rosemount:9;Bloomington:11;Osseo:11;Stillwater:11;Ramsey:12;Chanhassen:12;Andover:18;Roseville:18
Franzia Wine Cocktail Margarita 5L Box,Flavored,Southern Glazer's Wine & Spirits of MN,37,3.3,11.4,14.2,21.99,18.96,35,,15,37,Osseo:1;Plymouth:1;Stillwater:1;Vadnais Heights:1;Minnetonka:2;Ramsey:2;Roseville:2;Woodbury:2;Minneapolis:2;Andover:3;St. Louis Park:3;Chanhassen:3;Rosemount:4;Blaine:5;Cottage Grove:5
Risata Moscato d'Asti 375ml,Moscato,Oxford Street Merchants,62,3.3,19.0,5.92,9.99,8.96,41,,14,42,Cottage Grove:2;Blaine:5;Andover:6;Woodbury:7;Bloomington:8;Plymouth:8;Vadnais Heights:8;Roseville:8;Rosemount:10
Natural Origins Malbec 3L Box,Malbec,Paustis Wine,34,3.3,10.3,13.5,23.99,19.96,44,,14,43,Cottage Grove:2;Blaine:3;Bloomington:3;Andover:3;Plymouth:4;St. Louis Park:5;Roseville:7;Stillwater:7
Yes Way Rose Cans 4pk 250ml,Rose,Johnson Brothers - St. Paul,58,3.3,17.8,11.52,20.99,17.96,45,,8,69,Chanhassen:1;Minneapolis:1;Minnetonka:1;Plymouth:1;Ramsey:2;Rosemount:3;Andover:4;Roseville:4;Bloomington:5;Cottage Grove:6;Osseo:6;St. Louis Park:6;Vadnais Heights:6;Woodbury:6;Blaine:6
G. D. Vajra Langhe Rosso,Other Reds,"New France Wine Co, Inc",28,3.3,8.6,12.21,19.99,17.96,39,,14,42,Andover:1;Rosemount:1;Roseville:1;St. Louis Park:1;Blaine:6;Woodbury:7;Bloomington:11
Zenato Pinot Grigio 750ml,Pinot Grigio/Gris,"Grape Beginnings, Inc.",112,3.3,34.4,9.75,18.99,15.96,49,,15,37,Minneapolis:1;St. Louis Park:2;Bloomington:4;Andover:5;Rosemount:5;Chanhassen:7;Cottage Grove:8;Vadnais Heights:8;Minnetonka:9;Osseo:10;Blaine:11;Woodbury:11;Roseville:12;Ramsey:19
90+ Lot 230 Non-Alcoholic Sparkling Brut 750ml,Sparkling,Bellboy Corporation,454,3.3,135.7,7.5,13.99,12.96,46,,15,40,Ramsey:8;Minnetonka:9;Bloomington:11;Osseo:11;Minneapolis:15;Stillwater:18;Woodbury:21;Plymouth:26;Vadnais Heights:26;Rosemount:29;Cottage Grove:29;Chanhassen:30;Andover:34;St. Louis Park:56;Blaine:59;Roseville:72
Yellow Tail Moscato 1.5L,Moscato,Phillips Wine & Spirits - St. Paul,26,3.3,7.9,6.62,12.49,11.96,47,,17,29,Ramsey:1;Plymouth:2;Blaine:3;Stillwater:4;Roseville:5;Minneapolis:5;Cottage Grove:6
Duckhorn Napa Valley Chardonnay 750ml,Chardonnay,"Breakthru Beverage Minnesota Wine & Spirits, LLC",21,3.3,6.4,23.43,35.49,29.96,34,,14,42,Roseville:3;Bloomington:4;Chanhassen:4;Andover:5;Blaine:5
Fleur de Mer Provence Rose 750ml,Rose,Johnson Brothers - St. Paul,82,3.3,24.6,12.09,20.99,17.96,42,,12,53,St. Louis Park:2;Stillwater:3;Rosemount:3;Woodbury:3;Blaine:4;Bloomington:4;Minnetonka:5;Osseo:6;Roseville:8;Cottage Grove:8;Andover:9;Minneapolis:9;Ramsey:9;Vadnais Heights:9
Quilt Napa Chardonnay 750ml,Chardonnay,Oxford Street Merchants,38,3.3,11.6,17.98,30.99,25.96,42,,16,33,Plymouth:1;Andover:2;Chanhassen:4;Minnetonka:4;Rosemount:5;Blaine:6;Ramsey:16
Yellow Tail Sauvignon Blanc 1.5L,Sauvignon Blanc,Phillips Wine & Spirits - St. Paul,39,3.3,11.7,6.62,12.49,11.96,47,,18,26,Vadnais Heights:1;Andover:3;Blaine:4;Bloomington:4;Minnetonka:4;Minneapolis:4;Stillwater:6;Roseville:6;St. Louis Park:7
Shania White 3L Box,White Blends,Oxford Street Merchants,8,3.3,2.4,12.79,21.99,18.96,42,,14,43,Rosemount:1;St. Louis Park:2;Minnetonka:5
Mas Fi Brut Cava 750ml,Sparkling,"Bourget Imports, LLC",128,3.3,39.4,10.81,18.99,15.96,43,,15,37,Plymouth:1;Minnetonka:2;Andover:5;Stillwater:5;Blaine:7;Roseville:8;Cottage Grove:9;Minneapolis:11;Woodbury:12;St. Louis Park:14;Vadnais Heights:15;Rosemount:16;Osseo:23
Matchbook The Arsonist Chardonnay 750ml,Chardonnay,The Wine Company,32,3.3,9.7,10.62,18.99,15.96,44,,13,47,Minnetonka:7;Blaine:10;Rosemount:15
Cattin Pinot Noir 750ml,Pinot Noir,Bellboy Corporation,209,3.3,63.4,9.36,17.99,14.96,48,,14,43,Vadnais Heights:4;Bloomington:5;Rosemount:5;Stillwater:10;Minneapolis:12;Osseo:12;Minnetonka:13;Cottage Grove:15;Woodbury:16;Chanhassen:21;Blaine:96
Santa Margherita Chianti Clas,Other Reds,Oxford Street Merchants,167,3.3,50.4,20.34,31.99,26.96,36,,13,48,Minnetonka:2;Stillwater:4;Woodbury:5;Roseville:7;Blaine:9;Bloomington:10;Osseo:10;Vadnais Heights:11;Plymouth:12;Andover:13;St. Louis Park:13;Minneapolis:14;Rosemount:16;Chanhassen:41
Black Box Reserve Cabernet 3L Box,Cabernet,Johnson Brothers - St. Paul,25,3.3,7.5,20.27,35.49,29.96,43,,17,31,Blaine:1;Andover:2;Plymouth:2;Chanhassen:3;Roseville:4;Rosemount:4;St. Louis Park:4;Cottage Grove:5
Peter Vella Merlot 5L Box,Merlot,Johnson Brothers - St. Paul,41,3.3,12.6,13.69,20.99,17.96,35,,16,33,St. Louis Park:1;Vadnais Heights:1;Minneapolis:2;Ramsey:2;Roseville:2;Chanhassen:3;Plymouth:3;Stillwater:3;Woodbury:3;Blaine:3;Andover:4;Rosemount:4;Cottage Grove:5;Osseo:5
Ugly Estates Cabernet Liter,Cabernet,Johnson Brothers - St. Paul,211,3.3,64.9,7.5,14.99,9.95,50,,15,37,Plymouth:1;St. Louis Park:5;Osseo:9;Andover:9;Roseville:10;Woodbury:10;Rosemount:12;Blaine:13;Vadnais Heights:19;Minnetonka:19;Chanhassen:20;Cottage Grove:20;Minneapolis:20;Ramsey:22;Stillwater:22
Portlandia Cabernet 750ml,Cabernet,Paustis Wine,147,3.3,44.2,13.42,24.99,20.96,46,,14,44,Blaine:3;Plymouth:4;Cottage Grove:4;St. Louis Park:5;Chanhassen:6;Vadnais Heights:6;Ramsey:7;Rosemount:7;Stillwater:7;Bloomington:10;Roseville:10;Andover:10;Minneapolis:11;Minnetonka:12;Osseo:13;Woodbury:32
MD Freakshow Red Blend 750ml,Red Blends,Paustis Wine,109,3.3,33.1,11.42,21.99,17.96,48,,16,34,Andover:2;Blaine:2;Cottage Grove:4;Minnetonka:5;Chanhassen:6;Osseo:6;Rosemount:6;Stillwater:6;Ramsey:9;Roseville:9;Woodbury:9;Vadnais Heights:10;Bloomington:11;St. Louis Park:11;Plymouth:13
Rombauer Zinfandel 750ml,Zinfandel,Oxford Street Merchants,54,3.2,16.9,25.1,40.99,34.96,39,4 free Pine Ridge Chenin Blanc on 10 cases M/M,16,31,Chanhassen:1;Stillwater:2;Vadnais Heights:3;Andover:4;Osseo:4;Roseville:4;Cottage Grove:5;Minnetonka:5;Plymouth:5;Rosemount:6;Woodbury:6;Bloomington:9
Intrinsic Cabernet Sauvignon 750ml,Cabernet,Southern Glazer's Wine & Spirits of MN,22,3.2,6.9,13.4,20.99,17.96,36,,17,26,Chanhassen:1;Roseville:1;Ramsey:3;Andover:3;Woodbury:4;Rosemount:5;Blaine:5
Anthony & Dominic North Coast Chardonnay 750ml,Chardonnay,Paustis Wine,313,3.2,99.1,8.4,17.49,14.96,52,,13,43,Minneapolis:6;Stillwater:12;Bloomington:17;Woodbury:21;Cottage Grove:23;Roseville:23;Rosemount:24;Vadnais Heights:25;Blaine:29;Plymouth:30;Andover:30;Chanhassen:34;St. Louis Park:39
Moet & Chandon Imperial Brut 750ml,Sparkling,Oxford Street Merchants,102,3.2,32.1,44.33,68.99,57.96,36,,12,48,Ramsey:1;Osseo:2;Stillwater:2;Woodbury:3;Cottage Grove:4;Vadnais Heights:4;Plymouth:4;Minneapolis:6;Blaine:7;Bloomington:7;Rosemount:7;Minnetonka:7;Andover:8;Roseville:9;Chanhassen:9;St. Louis Park:22
Mogen David Concord 1.5L,Other Reds,Southern Glazer's Wine & Spirits of MN,43,3.2,13.5,7.82,13.79,11.96,43,,15,35,Ramsey:1;Roseville:1;Andover:2;Vadnais Heights:2;Minneapolis:2;Rosemount:3;Bloomington:4;Osseo:4;Stillwater:6;Woodbury:6;Blaine:6;Plymouth:6
Jam Cellars Butter Cabernet Sauvignon 750ml,Cabernet,Southern Glazer's Wine & Spirits of MN,76,3.2,23.8,12.07,20.99,17.96,42,,15,35,Chanhassen:1;Rosemount:2;Woodbury:3;Minneapolis:5;Blaine:5;Stillwater:7;Osseo:8;Plymouth:9;Cottage Grove:12;Roseville:12;Andover:12
Risata Amare Pinot Grigio 750ml,Pinot Grigio/Gris,Oxford Street Merchants,106,3.2,33.1,6.21,9.99,8.96,38,,12,49,Blaine:3;Roseville:3;Cottage Grove:4;Vadnais Heights:5;Minneapolis:7;Rosemount:9;Andover:11;Plymouth:11;St. Louis Park:13;Woodbury:13;Bloomington:27
Duckhorn Napa Cab Sauvignon 750ml,Cabernet,"Breakthru Beverage Minnesota Wine & Spirits, LLC",98,3.2,30.3,40.1,59.99,49.96,33,,14,41,Blaine:1;Cottage Grove:1;Plymouth:3;Stillwater:3;Andover:4;Woodbury:5;Osseo:6;Ramsey:6;Rosemount:10;Minnetonka:11;Bloomington:12;Chanhassen:12;Roseville:12;St. Louis Park:12
Peter Vella Pink Moscato Sangria 5L Box,Other Whites,Johnson Brothers - St. Paul,36,3.2,11.3,10.63,18.99,15.96,44,,12,48,Osseo:2;St. Louis Park:2;Stillwater:2;Vadnais Heights:2;Blaine:2;Chanhassen:3;Cottage Grove:3;Plymouth:3;Roseville:3;Rosemount:4;Andover:5;Woodbury:5
"Piattelli Res Malbec + Tannat, Cafayate 750ml",Red Blends,"Vinocopia, Inc",56,3.2,17.6,8.77,15.99,13.96,45,,13,44,Chanhassen:1;Stillwater:3;Roseville:3;Plymouth:4;Woodbury:4;Bloomington:5;Vadnais Heights:6;St. Louis Park:6;Andover:7;Minnetonka:7;Blaine:10
Florio Dry Marsala 375ml,Fortified,"Vinocopia, Inc",155,3.1,50.6,6.4,11.99,9.96,47,,13,40,Blaine:1;Roseville:1;Cottage Grove:5;Minneapolis:5;Chanhassen:8;Woodbury:8;Andover:8;Plymouth:9;Ramsey:11;Osseo:13;St. Louis Park:14;Stillwater:14;Minnetonka:17;Vadnais Heights:19;Bloomington:22
Atomic Boss POG Hard Punch 500ml,Flavored,Phillips Wine & Spirits - St. Paul,15,3.1,4.9,2.75,2.49,1.96,-10,,6,72,Minneapolis:15
Tilia Malbec 750ml,Malbec,"Grape Beginnings, Inc.",87,3.1,28.1,9.0,15.99,13.96,44,,13,41,Vadnais Heights:2;Roseville:2;Andover:3;Woodbury:3;Blaine:4;Minnetonka:5;Stillwater:6;Plymouth:7;St. Louis Park:7;Minneapolis:8;Cottage Grove:9;Chanhassen:10;Rosemount:10;Bloomington:11
Failla Willamette Valley Pinot Noir 750ml,Pinot Noir,The Wine Company,43,3.1,14.0,20.96,37.99,32.96,45,,14,36,Andover:1;Plymouth:2;St. Louis Park:2;Minneapolis:3;Rosemount:5;Blaine:5;Woodbury:12;Roseville:13
Hanna Sauvignon Blanc 750ml,Sauvignon Blanc,Southern Glazer's Wine & Spirits of MN,85,3.1,27.5,12.07,20.99,17.96,42,,15,32,Plymouth:1;Rosemount:2;Ramsey:4;Vadnais Heights:4;Roseville:4;Cottage Grove:6;Stillwater:7;Chanhassen:9;Woodbury:11;Blaine:12;Minnetonka:12;St. Louis Park:13
Alexander Valley Vineyards Chardonnay 750ml,Chardonnay,"Breakthru Beverage Minnesota Wine & Spirits, LLC",50,3.1,16.2,11.43,18.99,15.96,40,16cs purchase in a month,13,41,Andover:4;Blaine:5;Osseo:9;Roseville:10;Chanhassen:11;St. Louis Park:11
Josh Cellars Prosecco Rose 750ml,Sparkling,Johnson Brothers - St. Paul,90,3.1,29.4,8.18,14.99,12.96,45,Buy 11 Josh (all flavors and sizes) and receive 3 free Josh Cabernet (#859252),13,40,Minnetonka:2;Plymouth:2;Ramsey:2;Andover:3;Rosemount:3;Stillwater:4;Chanhassen:6;Roseville:6;Woodbury:8;Bloomington:9;Blaine:10;Vadnais Heights:11;Cottage Grove:12;Osseo:12
Underwood Rose Bubbles NA 355ml,Sparkling,Oxford Street Merchants,43,3.1,13.8,3.98,6.49,5.96,39,,14,37,Bloomington:2;Roseville:3;Stillwater:4;St. Louis Park:5;Blaine:12;Vadnais Heights:17
Lapis Luna Pinot Noir 750ml,Pinot Noir,"Vinocopia, Inc",18,3.1,5.8,8.12,13.99,11.96,42,,18,18,Roseville:7;Blaine:11
Callia Bella Syrah Malbec 750ml,Red Blends,"Breakthru Beverage Minnesota Wine & Spirits, LLC",30,3.1,9.8,9.43,17.49,14.96,46,,13,40,Rosemount:1;Roseville:1;Vadnais Heights:2;Woodbury:2;Bloomington:5;Blaine:5;Minnetonka:7;Andover:7
14 Hands Buttery Chardonnay 750ml,Chardonnay,Southern Glazer's Wine & Spirits of MN,66,3.0,21.8,7.4,11.49,9.96,36,,11,48,Plymouth:1;Andover:1;Chanhassen:2;Vadnais Heights:3;Bloomington:5;Ramsey:6;Minnetonka:8;Rosemount:8;Stillwater:16;St. Louis Park:16
Franzia Merlot 5L Box,Merlot,Southern Glazer's Wine & Spirits of MN,31,3.0,10.2,14.2,19.99,17.96,29,,14,35,Stillwater:1;Cottage Grove:2;Bloomington:3;Vadnais Heights:3;Ramsey:4;Minneapolis:4;Blaine:4;Andover:5;Rosemount:5
Dr. Loosen Riesling 750ml,Other Whites,The Wine Company,90,3.0,30.1,9.79,17.49,14.96,44,,14,33,Blaine:2;Roseville:4;Ramsey:8;Bloomington:9;Andover:11;Rosemount:12;Stillwater:13;Woodbury:31
Big Red Monster Cabernet Sauvignon 750ml,Cabernet,"Vinocopia, Inc",78,3.0,26.3,11.46,20.99,17.96,45,,13,37,Cottage Grove:3;Osseo:3;Ramsey:3;Chanhassen:4;Blaine:7;Minnetonka:8;St. Louis Park:9;Andover:10;Roseville:10;Rosemount:10;Bloomington:11
Redwood Pinot Noir 750ml,Pinot Noir,Bellboy Corporation,285,3.0,94.4,2.25,8.99,7.96,75,,14,34,Minneapolis:4;Stillwater:7;Blaine:9;Rosemount:10;Osseo:13;Andover:17;Chanhassen:28;Roseville:28;Plymouth:31;Woodbury:37;St. Louis Park:48;Vadnais Heights:53
Joel Gott Light Bubbles Sauv Blanc 750ml,Sauvignon Blanc,Phillips Wine & Spirits - St. Paul,50,3.0,16.4,5.95,11.49,9.96,48,,14,35,Rosemount:7;Chanhassen:8;St. Louis Park:11;Andover:12;Blaine:12
Stolpman Love You Bunches Sangiovese 750ml,Other Reds,"Maverick Beverage Co., LLC - MN",60,3.0,20.3,15.03,25.99,24.96,42,,14,32,Andover:2;Roseville:2;Bloomington:3;Chanhassen:3;Rosemount:3;Woodbury:3;St. Louis Park:3;Minneapolis:5;Minnetonka:5;Vadnais Heights:9;Plymouth:10;Blaine:12
Summit Pinot Noir 3L Box,Pinot Noir,Southern Glazer's Wine & Spirits of MN,56,3.0,18.5,11.32,18.99,15.96,40,,11,48,St. Louis Park:2;Blaine:2;Plymouth:3;Woodbury:3;Minneapolis:4;Osseo:4;Ramsey:4;Roseville:4;Cottage Grove:5;Chanhassen:6;Rosemount:6;Andover:6;Vadnais Heights:7
Callia Alta Malbec 750ml,Malbec,"Breakthru Beverage Minnesota Wine & Spirits, LLC",57,3.0,18.7,9.43,17.49,14.96,46,,14,35,Minnetonka:3;Roseville:3;Andover:4;Blaine:4;Cottage Grove:4;Bloomington:5;Rosemount:5;St. Louis Park:5;Vadnais Heights:5;Plymouth:8;Woodbury:11
Klinker Brick Rose 750ml,Rose,"Maverick Beverage Co., LLC - MN",55,3.0,18.2,9.29,15.99,13.96,42,,10,52,Plymouth:3;Bloomington:5;Stillwater:5;Minnetonka:12;Roseville:15;St. Louis Park:15
Scotto Family Cellars Brut Sparkling 750ml,Sparkling,Paustis Wine,193,3.0,65.0,7.37,17.49,14.96,58,,13,37,Rosemount:1;Osseo:2;Woodbury:4;Vadnais Heights:5;Minnetonka:6;Stillwater:10;Andover:11;Roseville:13;Cottage Grove:15;Ramsey:18;Chanhassen:22;Plymouth:25;Blaine:26;Minneapolis:35
90+ Cellars 2019 Lot 26 Barolo 750ml,Other Reds,Bellboy Corporation,107,3.0,36.2,17.88,39.99,32.96,55,,12,41,Vadnais Heights:5;Andover:7;Blaine:8;Roseville:8;Stillwater:8;Plymouth:8;Bloomington:9;Minnetonka:12;Rosemount:12;St. Louis Park:15;Woodbury:15
19 Crimes The Uprising 750ml,Red Blends,"Breakthru Beverage Minnesota Wine & Spirits, LLC",130,3.0,43.1,6.1,11.49,9.96,47,,14,34,Plymouth:1;Stillwater:2;Chanhassen:5;Minneapolis:5;Vadnais Heights:5;Osseo:7;Blaine:8;Minnetonka:8;Cottage Grove:9;Rosemount:9;Woodbury:9;Bloomington:11;St. Louis Park:11;Roseville:12;Andover:13;Ramsey:15
Franciscan Cab Sauv 750ml,Cabernet,Johnson Brothers - St. Paul,121,2.9,41.8,9.42,18.99,16.96,50,,12,39,Chanhassen:1;Andover:1;Osseo:3;St. Louis Park:4;Woodbury:4;Plymouth:5;Vadnais Heights:5;Roseville:5;Cottage Grove:6;Stillwater:7;Blaine:10;Ramsey:12;Rosemount:12;Minneapolis:21;Minnetonka:25
XXL Cherry 750ml,Flavored,Paustis Wine,18,2.9,6.3,6.14,12.99,11.96,53,,15,25,Blaine:2;Rosemount:6;Minneapolis:10
90+ Lot 231 Napa Valley Chardonnay 750ml,Chardonnay,Bellboy Corporation,99,2.9,33.9,8.75,20.99,17.96,58,,12,40,Andover:1;Ramsey:3;Chanhassen:4;Bloomington:9;Osseo:9;Rosemount:9;Roseville:12;St. Louis Park:12;Plymouth:13;Blaine:27
Robert Mondavi PS Pinot Noir 750ml,Pinot Noir,Southern Glazer's Wine & Spirits of MN,87,2.9,30.4,6.07,11.49,9.96,47,,14,29,Roseville:2;Blaine:2;Minneapolis:3;Minnetonka:3;Plymouth:4;Chanhassen:4;Osseo:10;Bloomington:10;Cottage Grove:10;Rosemount:11;Andover:13;Stillwater:15
High Valley Zinfandel 750ml,Zinfandel,Paustis Wine,58,2.9,19.8,7.7,13.99,12.86,45,,10,49,Cottage Grove:1;Minnetonka:7;Rosemount:9;Osseo:10;Stillwater:12;Bloomington:19
One of One Non-Alcoholic Pinot Noir 750ml,Pinot Noir,Paustis Wine,580,2.9,197.3,8.82,20.99,17.96,58,,13,36,Bloomington:10;Minnetonka:15;Rosemount:18;Chanhassen:19;Stillwater:19;Ramsey:22;Minneapolis:23;Osseo:23;Plymouth:32;Cottage Grove:34;Vadnais Heights:35;Andover:43;Woodbury:52;Roseville:57;St. Louis Park:88;Blaine:90
Vulcani di Italia Etna Red 750ml,Other Reds,Paustis Wine,143,2.9,50.0,11.99,29.99,24.96,60,,12,38,Rosemount:2;Minnetonka:3;Osseo:4;Minneapolis:6;Blaine:7;Andover:8;Chanhassen:8;Cottage Grove:10;Plymouth:10;Bloomington:11;Vadnais Heights:12;Stillwater:13;Roseville:13;Woodbury:17;St. Louis Park:19
Palacio de Primavera Crianza 750ml,Other Reds,Paustis Wine,118,2.9,40.1,7.49,18.99,15.96,61,,13,36,Minnetonka:5;Roseville:5;St. Louis Park:5;Andover:6;Chanhassen:6;Blaine:8;Bloomington:8;Stillwater:9;Cottage Grove:11;Woodbury:12;Plymouth:14;Vadnais Heights:14;Rosemount:15
Shadow Ridge Chardonnay 750ml,Chardonnay,"New France Wine Co, Inc",45,2.9,15.7,8.21,14.99,12.96,45,,16,20,Roseville:6;St. Louis Park:6;Chanhassen:7;Blaine:8;Woodbury:8;Andover:10
Acolytes Pinot Noir 750ml,Pinot Noir,Oxford Street Merchants,69,2.9,23.5,15.09,26.99,22.96,44,,15,27,Roseville:2;Chanhassen:9;Andover:17;St. Louis Park:18;Blaine:23
Sand Point Pinot Grigio 750ml,Pinot Grigio/Gris,Paustis Wine,30,2.9,10.5,6.08,11.99,9.96,49,,14,29,St. Louis Park:2;Roseville:2;Andover:3;Blaine:4;Chanhassen:8;Minneapolis:11
Sangre de Toro Original 750ml,Red Blends,"Bourget Imports, LLC",146,2.9,50.7,8.15,14.99,8.95,46,,11,43,Woodbury:1;Stillwater:3;Vadnais Heights:5;Rosemount:6;Chanhassen:7;Ramsey:8;Cottage Grove:15;Minnetonka:17;Plymouth:18;St. Louis Park:66
Dom Daulny Sancerre,Sauvignon Blanc,"New France Wine Co, Inc",14,2.8,5.1,21.54,33.99,28.96,37,,11,39,Minnetonka:1;Blaine:4;St. Louis Park:4;Roseville:5
Sand Point Pinot Noir 750ml,Pinot Noir,Paustis Wine,64,2.8,23.0,6.08,11.99,9.96,49,,13,31,Minnetonka:1;Blaine:1;Stillwater:4;Chanhassen:7;Osseo:7;Roseville:7;Woodbury:7;Ramsey:9;Vadnais Heights:10;Bloomington:11
Chateau Paloumey Red 750ml,Other Reds,Phillips Wine & Spirits - St. Paul,206,2.8,73.6,12.93,29.99,24.96,57,,14,27,Andover:3;Minneapolis:4;Cottage Grove:5;Stillwater:6;Chanhassen:6;Vadnais Heights:10;Woodbury:13;Blaine:34;St. Louis Park:60;Roseville:65
Acinum Prosecco Rose 750ml,Sparkling,"Maverick Beverage Co., LLC - MN",123,2.8,44.4,8.79,16.99,14.96,48,Buyer's Select,8,53,Cottage Grove:1;Woodbury:2;Minneapolis:3;Ramsey:3;Rosemount:4;Stillwater:4;Andover:5;Chanhassen:8;Osseo:9;Plymouth:10;Roseville:10;St. Louis Park:11;Minnetonka:12;Vadnais Heights:12;Blaine:12;Bloomington:17
Justin Sauvignon Blanc 750ml,Sauvignon Blanc,Southern Glazer's Wine & Spirits of MN,13,2.8,4.6,10.29,17.99,15.96,43,,13,33,Plymouth:1;Woodbury:4;Chanhassen:4;Rosemount:4
Miraval Cotes De Provence Rose 750ml,Rose,Southern Glazer's Wine & Spirits of MN,20,2.8,7.3,15.06,26.99,22.96,44,,11,39,Bloomington:2;Roseville:3;St. Louis Park:7;Blaine:8
Klinker Brick Albarino 750ml,Other Whites,"Maverick Beverage Co., LLC - MN",30,2.8,10.9,9.29,15.99,13.96,42,,13,30,Andover:2;Minnetonka:9;St. Louis Park:19
Ricossa Barbera 750ml,Other Reds,"Bourget Imports, LLC",118,2.8,41.7,11.15,23.99,19.96,54,,14,28,Rosemount:2;Stillwater:2;Vadnais Heights:2;Ramsey:3;Cottage Grove:5;Minnetonka:6;Woodbury:10;Plymouth:11;Blaine:13;Roseville:15;Minneapolis:16;St. Louis Park:16;Andover:17
Cupcake Moscato D'Asti 750ml,Other Whites,Southern Glazer's Wine & Spirits of MN,96,2.8,34.9,7.73,13.79,11.96,44,,13,30,Chanhassen:2;Cottage Grove:2;Vadnais Heights:2;Blaine:3;St. Louis Park:4;Rosemount:6;Woodbury:7;Minneapolis:7;Ramsey:8;Osseo:9;Minnetonka:10;Plymouth:10;Andover:11;Roseville:15
Cupcake Lighthearted Pinot Grigio 750ml,Pinot Grigio/Gris,Southern Glazer's Wine & Spirits of MN,119,2.8,41.8,5.4,9.99,8.96,46,,13,33,Minneapolis:1;Roseville:2;Woodbury:2;St. Louis Park:2;Andover:5;Stillwater:5;Vadnais Heights:5;Cottage Grove:9;Plymouth:10;Bloomington:11;Chanhassen:11;Osseo:11;Rosemount:11;Ramsey:12;Minnetonka:22
Flybird Baja Lime Margarita 750ml,Flavored,Southern Glazer's Wine & Spirits of MN,43,2.8,15.4,8.07,13.79,11.96,41,,11,40,Blaine:1;Vadnais Heights:1;Cottage Grove:2;Rosemount:2;Roseville:3;Plymouth:4;Andover:5;Bloomington:7;Woodbury:7;St. Louis Park:11
Ghost Pines Cabernet Sauvignon 750ml,Cabernet,Johnson Brothers - St. Paul,52,2.8,18.4,14.09,24.99,21.96,44,,12,37,Minnetonka:2;Rosemount:4;Stillwater:6;Roseville:6;Blaine:11;St. Louis Park:11;Plymouth:12
Catena Malbec 750ml,Malbec,"Grape Beginnings, Inc.",89,2.8,31.4,16.67,30.49,25.96,45,,12,37,Blaine:1;Rosemount:2;Osseo:3;Vadnais Heights:3;Cottage Grove:5;Plymouth:5;Stillwater:5;Chanhassen:6;Minnetonka:6;Andover:11;Minneapolis:12;St. Louis Park:14;Ramsey:16
Apothic Rose 750ml,Rose,Johnson Brothers - St. Paul,40,2.8,14.3,7.42,12.49,10.96,41,,12,36,Minneapolis:1;Osseo:4;Stillwater:4;Blaine:8;Roseville:10;Bloomington:13
Tree Fort Cabernet 750ml,Cabernet,"Vinocopia, Inc",242,2.8,87.9,5.12,12.99,9.96,61,,11,39,Woodbury:4;Osseo:6;Ramsey:7;Plymouth:9;Minneapolis:10;Andover:11;Rosemount:11;Stillwater:15;Vadnais Heights:28;Cottage Grove:33;St. Louis Park:33;Chanhassen:35;Minnetonka:40
Veuve Clicquot Rose 750ml,Sparkling,Oxford Street Merchants,36,2.7,13.1,59.76,78.99,65.96,24,,14,25,St. Louis Park:2;Bloomington:3;Roseville:3;Woodbury:3;Plymouth:4;Andover:5;Blaine:5;Minnetonka:5;Chanhassen:6
Damso Strawberry 375ml,Fortified,"Vinocopia, Inc",93,2.7,34.4,5.08,8.99,7.96,43,,12,33,Cottage Grove:1;Blaine:3;Andover:6;Minneapolis:8;Woodbury:10;Bloomington:15;Vadnais Heights:15;St. Louis Park:16;Roseville:19
Cerro Anon Rioja Reserva,Other Reds,"Maverick Beverage Co., LLC - MN",96,2.7,36.1,13.12,25.99,21.96,50,,11,36,Stillwater:2;Chanhassen:3;Cottage Grove:3;Rosemount:3;St. Louis Park:3;Roseville:6;Vadnais Heights:7;Blaine:7;Andover:8;Minnetonka:10;Ramsey:10;Minneapolis:11;Woodbury:11;Plymouth:12
Sand Point Sauvignon Blanc 750ml,Sauvignon Blanc,Paustis Wine,44,2.7,16.1,6.08,11.99,9.96,49,,12,34,Woodbury:2;Vadnais Heights:3;Roseville:4;Minneapolis:5;Minnetonka:6;Blaine:7;St. Louis Park:8;Bloomington:9
Une Femme Red Blend Can 250ml,Red Blends,"Breakthru Beverage Minnesota Wine & Spirits, LLC",170,2.7,63.9,3.05,6.49,5.96,53,,11,36,St. Louis Park:3;Roseville:5;Blaine:10;Stillwater:17;Andover:18;Chanhassen:19;Plymouth:19;Vadnais Heights:19;Woodbury:19;Minnetonka:20;Bloomington:21
Robert Goulley Chablis 750ml,Other Whites,Phillips Wine & Spirits - St. Paul,117,2.7,43.7,13.28,29.99,24.96,56,,10,41,Plymouth:9;Roseville:11;Stillwater:12;Andover:20;Blaine:30;Woodbury:35
Avaline Sauvignon Blanc 750ml,Sauvignon Blanc,Southern Glazer's Wine & Spirits of MN,31,2.7,11.4,13.62,23.99,19.96,43,,13,29,Rosemount:2;Chanhassen:9;Roseville:9;St. Louis Park:11
Lapis Luna Red Blend 750ml,Red Blends,"Vinocopia, Inc",64,2.7,23.9,8.12,14.99,12.96,46,,12,32,Andover:2;Rosemount:3;Roseville:7;Cottage Grove:9;Bloomington:10;St. Louis Park:10;Woodbury:11;Blaine:12
Damso Peach 375ml,Fortified,"Vinocopia, Inc",59,2.7,21.8,5.08,8.99,7.96,43,,14,24,Woodbury:1;Blaine:7;Minneapolis:8;Roseville:12;Bloomington:12;Vadnais Heights:19
Sechey Non-Alcoholic Still Rose 750ml,Rose,Get Chai,254,2.7,93.8,11.51,23.99,17.96,52,,10,42,Minnetonka:3;Minneapolis:8;Ramsey:8;Rosemount:8;Osseo:10;Stillwater:10;Vadnais Heights:10;Bloomington:11;Chanhassen:12;Plymouth:16;Andover:21;Blaine:21;Woodbury:22;St. Louis Park:25;Cottage Grove:34;Roseville:35
XXL Pineapple 750ml,Flavored,Paustis Wine,68,2.7,25.6,6.14,12.99,11.96,53,,13,27,Osseo:1;Minneapolis:2;Ramsey:3;Roseville:3;Plymouth:4;Andover:8;Blaine:8;Cottage Grove:8;Vadnais Heights:9;Rosemount:10;St. Louis Park:12
Dreaming Tree Crush 750ml,Red Blends,Southern Glazer's Wine & Spirits of MN,108,2.7,39.4,9.4,17.49,14.96,46,,12,34,Cottage Grove:1;Woodbury:2;Vadnais Heights:3;Blaine:5;Andover:5;Minneapolis:7;Plymouth:8;Chanhassen:9;St. Louis Park:9;Stillwater:10;Ramsey:12;Roseville:12;Rosemount:25
Franzia Strawberry Margarita 5L Box,Flavored,Southern Glazer's Wine & Spirits of MN,14,2.7,5.1,14.2,24.99,20.96,43,,14,25,Cottage Grove:1;Roseville:2;Andover:3;Blaine:3;Osseo:5
Unshackled Cabernet Sauvignon 750ml,Cabernet,Southern Glazer's Wine & Spirits of MN,25,2.7,9.4,10.73,19.99,16.96,46,,13,27,Roseville:3;Blaine:4;St. Louis Park:18
Cupcake Cabernet Sauvignon 750ml,Cabernet,Southern Glazer's Wine & Spirits of MN,87,2.7,32.5,5.4,9.99,8.96,46,,12,32,Andover:1;Chanhassen:1;Minneapolis:2;Osseo:3;Woodbury:5;Stillwater:5;Plymouth:6;St. Louis Park:6;Rosemount:6;Vadnais Heights:7;Bloomington:10;Roseville:10;Cottage Grove:11;Blaine:14
Stel + Mar Red Blend 750ml,Red Blends,"Maverick Beverage Co., LLC - MN",141,2.7,53.0,8.46,14.99,12.96,44,,13,27,Andover:3;Osseo:4;St. Louis Park:6;Cottage Grove:7;Rosemount:7;Stillwater:7;Minnetonka:8;Plymouth:8;Chanhassen:9;Woodbury:11;Blaine:13;Roseville:16;Minneapolis:19;Bloomington:23
Barefoot Pinot Grigio Tetra 500ml,Pinot Grigio/Gris,Johnson Brothers - St. Paul,52,2.6,19.7,3.09,5.49,4.96,44,,10,40,Blaine:4;Bloomington:9;Cottage Grove:9;St. Louis Park:12;Ramsey:18
Franzia Pinot Noir 5L Box,Pinot Noir,Southern Glazer's Wine & Spirits of MN,10,2.6,3.9,14.2,24.99,20.96,43,,12,29,Minneapolis:1;Andover:3;Cottage Grove:3;Blaine:3
Barefoot Butter Chard 750ml,Chardonnay,Johnson Brothers - St. Paul,59,2.6,22.4,4.41,7.99,6.96,45,ON Month Deep Net $51.85 ( Off Month Deep Net $56),13,26,Plymouth:1;Ramsey:2;Andover:4;Blaine:5;Minnetonka:6;Bloomington:9;Roseville:9;Osseo:10;St. Louis Park:13
Scotto Family Cellars Brut Rose Sparkling 750ml,Sparkling,Paustis Wine,113,2.6,44.3,7.37,15.99,13.96,54,,10,37,Plymouth:3;Stillwater:3;St. Louis Park:4;Woodbury:5;Chanhassen:6;Minnetonka:9;Rosemount:10;Bloomington:11;Vadnais Heights:11;Andover:13;Roseville:17;Blaine:21
Richard's Wild Irish Rose 375ml,Flavored,,0,2.6,0.0,1.46,1.99,1.86,27,,15,15,
Contessa Moscato Gold 750ml,Sparkling,Bellboy Corporation,73,2.6,28.4,6.48,14.99,12.96,57,,9,42,Stillwater:2;Plymouth:4;Minnetonka:6;Woodbury:8;Bloomington:10;St. Louis Park:10;Chanhassen:16;Roseville:17
Gekkeikan Sake Black & Gold 750ml,Fortified,Southern Glazer's Wine & Spirits of MN,26,2.6,9.9,12.13,20.99,17.96,42,,10,39,Chanhassen:1;Roseville:2;Bloomington:4;Blaine:6;Vadnais Heights:6;St. Louis Park:7
Banshee Paso Cab 750ml,Cabernet,Southern Glazer's Wine & Spirits of MN,99,2.6,38.3,14.07,25.99,21.96,46,,12,29,Cottage Grove:2;Chanhassen:5;Woodbury:5;Roseville:7;Vadnais Heights:7;St. Louis Park:8;Andover:10;Stillwater:10;Bloomington:11;Osseo:11;Plymouth:11;Minnetonka:12
Line 39 Sauvignon Blanc 750ml,Sauvignon Blanc,"Breakthru Beverage Minnesota Wine & Spirits, LLC",140,2.6,52.9,6.76,11.99,10.96,44,,10,40,Rosemount:2;Chanhassen:3;Minneapolis:3;Bloomington:8;Minnetonka:8;Roseville:8;Vadnais Heights:8;Andover:9;Blaine:11;Woodbury:12;Ramsey:12;Cottage Grove:13;Plymouth:13;Osseo:15;Stillwater:15
Vina Palaciega Cava Brut Rose 750ml,Sparkling,Bellboy Corporation,134,2.6,52.2,7.08,17.49,14.96,60,,11,33,Chanhassen:3;Rosemount:4;Ramsey:5;Woodbury:5;Cottage Grove:6;Minnetonka:8;Roseville:9;Osseo:10;Plymouth:10;Vadnais Heights:10;Bloomington:11;Andover:23;Minneapolis:31
Prisma Sauvignon Blanc 750ml,Sauvignon Blanc,Libation Project,40,2.6,15.1,10.83,20.99,17.96,48,,12,31,Roseville:2;Andover:4;Ramsey:5;Chanhassen:6;St. Louis Park:11;Blaine:12
Routestock Cabernet Sauvignon 750ml,Cabernet,"Breakthru Beverage Minnesota Wine & Spirits, LLC",37,2.6,14.2,15.43,26.99,22.96,43,,13,25,Minnetonka:2;Blaine:2;Woodbury:4;Andover:5;Chanhassen:12;St. Louis Park:12
Folly of the Beast Pinot Noir 750ml,Pinot Noir,Oxford Street Merchants,55,2.6,21.0,9.42,15.99,13.96,41,,10,39,Andover:2;Vadnais Heights:2;St. Louis Park:3;Osseo:4;Blaine:5;Woodbury:8;Bloomington:10;Stillwater:10;Roseville:11
Roscato Tropical 750ml,Flavored,"Breakthru Beverage Minnesota Wine & Spirits, LLC",89,2.6,34.3,8.76,13.79,11.96,36,12cs purchase in a month,13,25,Osseo:3;Cottage Grove:4;Roseville:4;Blaine:5;Ramsey:7;Plymouth:8;Andover:12;Woodbury:14;Minneapolis:32
Provisions Pinot Grigio 3L Box,Pinot Grigio/Gris,Paustis Wine,20,2.6,7.8,11.46,19.99,16.96,43,,9,42,Roseville:2;Andover:3;Chanhassen:3;Blaine:4;St. Louis Park:4;Rosemount:4
Belle Glos Dairyman Pinot Noir 750ml,Pinot Noir,Oxford Street Merchants,32,2.6,12.2,31.31,41.99,34.96,25,,11,35,Blaine:3;Bloomington:4;Chanhassen:7;St. Louis Park:7;Roseville:11
Columbia Crest Grd Chardonnay 750ml,Chardonnay,Southern Glazer's Wine & Spirits of MN,86,2.6,32.7,8.07,12.49,10.96,35,,13,26,Roseville:3;Blaine:5;Rosemount:5;Minneapolis:7;Minnetonka:8;Woodbury:9;Andover:10;St. Louis Park:12;Vadnais Heights:13;Osseo:14
Roscato Blueberry 750ml,Flavored,"Breakthru Beverage Minnesota Wine & Spirits, LLC",122,2.6,46.4,8.76,13.79,11.96,36,12cs purchase in a month,11,35,Cottage Grove:1;Ramsey:1;Chanhassen:3;Osseo:3;St. Louis Park:3;Plymouth:7;Minnetonka:9;Vadnais Heights:9;Andover:10;Woodbury:13;Minneapolis:16;Roseville:18;Blaine:29
The Federalist Honest Red Blend 750ml,Red Blends,Southern Glazer's Wine & Spirits of MN,46,2.6,17.8,10.73,19.99,16.96,46,,10,38,Chanhassen:1;Cottage Grove:1;Ramsey:2;Stillwater:3;Vadnais Heights:3;Andover:4;Woodbury:8;Osseo:12;Rosemount:12
Bouchard VDF Pinot Noir Rose 750ml,Rose,"Vinocopia, Inc",64,2.6,25.1,8.79,15.99,13.96,45,,8,46,Roseville:2;Blaine:4;Minnetonka:4;Bloomington:7;Rosemount:11;St. Louis Park:12;Vadnais Heights:12;Chanhassen:12
Daou Pessimist Red Blend 750ml,Red Blends,"Breakthru Beverage Minnesota Wine & Spirits, LLC",104,2.6,40.5,12.1,20.99,17.96,42,5cs purchase in a month,11,33,Rosemount:2;Vadnais Heights:6;Osseo:6;St. Louis Park:7;Andover:8;Blaine:8;Plymouth:9;Woodbury:9;Cottage Grove:9;Bloomington:10;Roseville:14;Stillwater:16
Giesen Zero Sauv Blanc N/A 750ml,Sauvignon Blanc,Paustis Wine,137,2.5,54.0,9.42,15.99,13.96,41,,9,41,Andover:4;Blaine:4;Woodbury:6;Minneapolis:7;Bloomington:9;Rosemount:9;Cottage Grove:10;Vadnais Heights:10;Plymouth:11;Minnetonka:12;Ramsey:12;Stillwater:12;Roseville:14;St. Louis Park:17
Yellow Tail Pinot Noir 1.5L,Pinot Noir,Phillips Wine & Spirits - St. Paul,38,2.5,15.1,6.62,12.49,11.96,47,,12,27,Minneapolis:1;Vadnais Heights:1;St. Louis Park:2;Plymouth:4;Minnetonka:6;Blaine:24
Cattin Cremant D'Alsace Rose 750ml,Sparkling,Bellboy Corporation,154,2.5,62.3,10.11,23.99,14.95,58,,11,30,Chanhassen:3;Plymouth:5;Woodbury:5;Cottage Grove:5;Roseville:6;Ramsey:8;Stillwater:8;Vadnais Heights:8;Minneapolis:9;Minnetonka:10;Rosemount:11;Andover:15;Blaine:61
Josh Cellars Prosecco NA 750ml,Sparkling,Johnson Brothers - St. Paul,110,2.5,43.7,8.18,14.99,12.96,45,Buy 11 Josh (all flavors and sizes) and receive 3 free Josh Cabernet (#859252),10,36,Blaine:2;Stillwater:2;Roseville:2;Bloomington:3;Minneapolis:3;Woodbury:3;Vadnais Heights:5;Minnetonka:5;Cottage Grove:7;St. Louis Park:9;Andover:10;Osseo:10;Ramsey:10;Chanhassen:12;Plymouth:12;Rosemount:15
Winehaven Cranberry Wine,Flavored,Paustis Wine,91,2.5,36.8,10.75,15.99,,33,,11,30,Ramsey:2;Roseville:4;Cottage Grove:5;Minnetonka:5;Chanhassen:8;Bloomington:11;Minneapolis:11;Woodbury:13;Andover:14;Blaine:18
Hahn GSM 750ml,Red Blends,Johnson Brothers - St. Paul,42,2.5,17.1,9.09,15.99,13.96,43,,10,34,Stillwater:1;Osseo:2;Blaine:3;Minnetonka:3;St. Louis Park:6;Woodbury:7;Bloomington:10;Roseville:10
Allegrini Pallazzo delle Torre Veronese 750ml,Other Reds,Oxford Street Merchants,125,2.5,50.2,12.87,23.99,19.96,46,,12,26,Vadnais Heights:4;Woodbury:6;Plymouth:8;Roseville:8;Minnetonka:9;Minneapolis:10;St. Louis Park:11;Blaine:13;Chanhassen:13;Andover:20;Stillwater:24
Chronic Cellars Purple Paradise 750ml,Zinfandel,Paustis Wine,73,2.5,29.5,10.01,18.99,15.96,47,,13,21,Chanhassen:1;Roseville:4;Minnetonka:4;Woodbury:5;Rosemount:6;Vadnais Heights:6;Osseo:7;St. Louis Park:7;Blaine:7;Plymouth:8;Minneapolis:9;Cottage Grove:9
Riunite Lambrusco 1.5L,Sparkling,"Breakthru Beverage Minnesota Wine & Spirits, LLC",42,2.5,17.0,7.52,12.49,10.96,40,,9,39,Osseo:3;Andover:4;Bloomington:4;Ramsey:5;Vadnais Heights:5;Blaine:6;Cottage Grove:7;Plymouth:8
Riunite Lambrusco 750ml,Sparkling,"Breakthru Beverage Minnesota Wine & Spirits, LLC",42,2.4,17.6,5.43,8.99,7.96,40,,11,27,Andover:8;Vadnais Heights:10;Blaine:11;Woodbury:13
Domaine de Pouy Blanc,Other Whites,,34,2.4,13.9,0.7,13.79,7.86,95,,9,38,Andover:3;Cottage Grove:5;Woodbury:13;Chanhassen:14
Clemente VII Settimo Toscana 750ml,Other Reds,Paustis Wine,117,2.4,48.2,10.74,24.99,21.96,57,,12,24,Rosemount:2;St. Louis Park:3;Stillwater:3;Vadnais Heights:3;Cottage Grove:5;Andover:6;Woodbury:6;Bloomington:11;Plymouth:11;Roseville:14;Chanhassen:23;Blaine:30
Barefoot Pineapple Moscato 750ml,Flavored,Johnson Brothers - St. Paul,48,2.4,19.9,4.41,7.99,6.96,45,,9,37,Minnetonka:5;Bloomington:8;Stillwater:11;Blaine:11;Minneapolis:13
19 Crimes Banished Dark Red 750ml,Red Blends,"Breakthru Beverage Minnesota Wine & Spirits, LLC",163,2.4,66.7,6.1,11.49,9.96,47,,9,38,Andover:2;Plymouth:5;Blaine:7;Cottage Grove:9;Roseville:9;Minneapolis:9;Bloomington:11;St. Louis Park:12;Stillwater:12;Woodbury:12;Vadnais Heights:14;Rosemount:15;Osseo:17;Chanhassen:29
Ercole Bianco DOC  Liter,White Blends,Libation Project,27,2.4,11.1,11.5,20.99,17.96,45,,10,33,Bloomington:3;Roseville:3;Minnetonka:9;St. Louis Park:12
Cupcake Merlot 750ml,Merlot,Southern Glazer's Wine & Spirits of MN,87,2.4,35.6,5.4,9.99,8.96,46,,13,20,Cottage Grove:1;Blaine:1;Andover:5;Vadnais Heights:7;Roseville:9;Plymouth:10;Rosemount:10;Chanhassen:11;Osseo:11;Minneapolis:11;St. Louis Park:11
Beringer Main & Vine Merlot 750ml,Merlot,Southern Glazer's Wine & Spirits of MN,237,2.4,98.9,3.57,6.49,5.96,45,,10,32,Roseville:1;Woodbury:2;Cottage Grove:3;Stillwater:4;Minneapolis:5;Ramsey:6;Vadnais Heights:6;Chanhassen:7;Osseo:8;Minnetonka:9;Plymouth:9;Blaine:11;Rosemount:12;Andover:12;Bloomington:13;St. Louis Park:129
Cockburns Fine Tawny Porto 750ml,Fortified,Southern Glazer's Wine & Spirits of MN,87,2.4,35.9,13.4,23.99,19.96,44,,12,24,Minneapolis:2;Chanhassen:3;Cottage Grove:4;Woodbury:5;Minnetonka:8;St. Louis Park:9;Plymouth:10;Vadnais Heights:10;Andover:12;Osseo:12;Roseville:12
Villa Jolanda Moscato Straw 750ml,Other Whites,Rue 38 LLC,46,2.4,19.2,10.0,18.99,15.96,47,,10,32,Ramsey:1;Roseville:3;Vadnais Heights:4;Blaine:5;Andover:6;Cottage Grove:6;Minneapolis:9;Plymouth:12
Acrobat Pinot Gris 750ml,Pinot Grigio/Gris,Southern Glazer's Wine & Spirits of MN,125,2.4,52.2,9.57,17.49,14.96,45,,10,32,Stillwater:2;Andover:4;Chanhassen:4;Rosemount:4;Minnetonka:5;Cottage Grove:7;Blaine:8;Minneapolis:9;Vadnais Heights:10;Bloomington:11;St. Louis Park:12;Plymouth:15;Woodbury:17;Roseville:17
Monte Antico Sangiovese,Other Reds,"Maverick Beverage Co., LLC - MN",38,2.4,15.6,9.35,17.49,12.86,47,,11,29,Minnetonka:1;Osseo:3;Ramsey:5;Cottage Grove:9;St. Louis Park:10;Bloomington:10
Electra Red Muscat 750ml,Other Whites,Paustis Wine,23,2.4,9.7,10.08,17.49,14.96,42,,11,27,Woodbury:2;Andover:9;Blaine:12
St Croix Vineyards Sunset Red 750ml,Red Blends,Saint Croix Vineyards,95,2.3,41.0,11.08,19.99,16.96,45,,11,25,Ramsey:1;Chanhassen:3;Roseville:3;Plymouth:5;Rosemount:5;Cottage Grove:6;Vadnais Heights:8;Woodbury:9;Andover:10;Osseo:10;Blaine:11;St. Louis Park:11;Stillwater:13
Angeline Reserve Pinot Noir 750ml,Pinot Noir,Oxford Street Merchants,92,2.3,40.5,8.36,17.49,15.96,52,,8,37,Blaine:2;Woodbury:5;Chanhassen:6;Roseville:9;Cottage Grove:10;Andover:11;Bloomington:11;Rosemount:12;Vadnais Heights:12;Minnetonka:14
Yellow Tail Sweet Red Roo 1.5L,Red Blends,Phillips Wine & Spirits - St. Paul,7,2.3,3.0,6.62,12.49,11.96,47,,11,25,Blaine:4;Plymouth:6
Belle Glos Clark & Telephone 750ml,Pinot Noir,Oxford Street Merchants,46,2.3,19.6,31.31,41.99,34.96,25,,11,26,Rosemount:1;Minnetonka:3;St. Louis Park:8;Blaine:10;Bloomington:12;Roseville:12
Martini & Rossi Sparkling Rose 750ml,Sparkling,Southern Glazer's Wine & Spirits of MN,169,2.3,72.9,7.87,13.79,11.96,43,,11,25,Vadnais Heights:3;Rosemount:4;Cottage Grove:6;Chanhassen:10;Plymouth:10;Bloomington:11;Ramsey:12;Blaine:12;St. Louis Park:13;Stillwater:13;Minnetonka:13;Osseo:14;Andover:16;Roseville:16;Woodbury:16
Cupcake Mimosa Mango 750ml,Flavored,Southern Glazer's Wine & Spirits of MN,43,2.3,19.1,7.73,13.79,11.96,44,,9,32,Cottage Grove:4;Andover:5;Roseville:6;Blaine:7;Woodbury:10;Minneapolis:11
Cupcake Pinot Noir 750ml,Pinot Noir,Southern Glazer's Wine & Spirits of MN,92,2.3,39.2,5.4,9.99,8.96,46,,11,26,Woodbury:1;Chanhassen:1;Rosemount:2;Blaine:3;St. Louis Park:3;Minneapolis:3;Osseo:4;Stillwater:4;Andover:6;Ramsey:7;Vadnais Heights:7;Cottage Grove:9;Plymouth:9;Roseville:9;Bloomington:11;Minnetonka:13
Cockburns Fine Ruby Porto 750ml,Fortified,Southern Glazer's Wine & Spirits of MN,109,2.3,46.7,13.4,23.99,19.96,44,,10,30,Plymouth:1;Andover:4;Blaine:5;Chanhassen:5;Minneapolis:6;Stillwater:6;Rosemount:6;Ramsey:8;Woodbury:8;Minnetonka:9;Osseo:9;Vadnais Heights:9;St. Louis Park:10;Cottage Grove:11;Roseville:12
Shania Monastrell 3L Box,Other Reds,Oxford Street Merchants,14,2.3,6.1,12.79,21.99,18.96,42,,11,24,Minnetonka:1;St. Louis Park:1;Roseville:1;Cottage Grove:3;Blaine:3;Stillwater:5
Mogen David Concord 750ml,Other Reds,Southern Glazer's Wine & Spirits of MN,90,2.3,39.9,4.73,8.99,,47,,11,23,Andover:1;Ramsey:2;Roseville:5;Vadnais Heights:5;Cottage Grove:7;Rosemount:7;Blaine:9;St. Louis Park:9;Bloomington:11;Minneapolis:11;Woodbury:11;Plymouth:12
Klinker Brick Farrah Syrah 750ml,Syrah/Shiraz,"Maverick Beverage Co., LLC - MN",51,2.3,22.3,12.29,22.49,18.96,45,,11,24,Plymouth:1;Cottage Grove:3;Woodbury:3;St. Louis Park:3;Chanhassen:4;Vadnais Heights:5;Andover:8;Blaine:12;Minnetonka:12
Sweet Bitch Moscato Rose 750ml,Other Whites,"Vinocopia, Inc",74,2.3,32.6,8.12,13.79,11.96,41,,8,37,Blaine:1;Chanhassen:1;Cottage Grove:1;Plymouth:1;Minnetonka:2;Minneapolis:2;Stillwater:9;Andover:9;Ramsey:12;Rosemount:12;Vadnais Heights:12;Woodbury:12
Rivalry & Honor Cabernet Sauvignon Napa 750ml,Cabernet,Paustis Wine,36,2.3,15.5,12.08,20.99,17.96,42,,11,25,St. Louis Park:1;Roseville:5;Blaine:5;Andover:6;Woodbury:7;Chanhassen:12
XXL Guava 750ml,Flavored,Paustis Wine,15,2.3,6.6,6.14,12.99,11.96,53,,12,19,Blaine:4;Rosemount:11
Tembo Pinot Noir 750ml,Pinot Noir,Libation Project,61,2.3,26.3,10.83,19.99,16.96,46,,9,34,St. Louis Park:2;Osseo:3;Chanhassen:4;Ramsey:4;Roseville:4;Rosemount:5;Andover:9;Plymouth:9;Blaine:10;Cottage Grove:11
Yellow Tail Cab Merlot 1.5L,Merlot,Phillips Wine & Spirits - St. Paul,23,2.3,10.2,6.62,12.49,11.96,47,,11,23,Roseville:3;Minnetonka:4;Bloomington:5;Ramsey:11
Fat Bastard Chardonnay 750ml,Chardonnay,"Grape Beginnings, Inc.",14,2.3,6.2,9.0,15.99,13.96,44,,10,28,Roseville:4;Bloomington:10
Goldschmidt Stonemason Hill Cab Sauv 750ml,Cabernet,Paustis Wine,33,2.3,14.0,16.08,29.99,24.96,46,,9,35,Blaine:1;Cottage Grove:3;Rosemount:3;Plymouth:4;Roseville:6;St. Louis Park:6;Chanhassen:10
Silk & Spice Silk Route 750ml,Red Blends,Paustis Wine,116,2.3,49.7,7.75,14.99,12.96,48,,8,39,Ramsey:1;Rosemount:2;Blaine:3;Stillwater:4;Minnetonka:8;Andover:10;Chanhassen:11;Cottage Grove:11;St. Louis Park:11;Vadnais Heights:17;Plymouth:18;Roseville:20
Josh Cellars RSV Bourbon Zinfandel 750ml,Zinfandel,Johnson Brothers - St. Paul,105,2.3,45.0,11.08,20.99,17.96,47,Buy 11 Josh (all flavors and sizes) and receive 3 free Josh Cabernet (#859252),10,30,Ramsey:1;Blaine:3;Minneapolis:3;Rosemount:4;Bloomington:5;Cottage Grove:5;Woodbury:6;Osseo:8;Chanhassen:9;Andover:11;Plymouth:11;St. Louis Park:11;Vadnais Heights:11;Roseville:17
Columbia Crest H3 Cabernet 750ml,Cabernet,Southern Glazer's Wine & Spirits of MN,82,2.3,35.9,8.73,13.79,11.96,37,,11,24,Rosemount:1;Minneapolis:3;St. Louis Park:3;Woodbury:5;Andover:9;Chanhassen:9;Blaine:10;Cottage Grove:10;Plymouth:10;Roseville:10;Vadnais Heights:12
Clemente VII Chianti Riserva 750ml,Other Reds,Paustis Wine,156,2.2,70.1,11.99,29.99,24.96,60,,9,31,Stillwater:2;Minneapolis:4;Ramsey:5;Blaine:7;Osseo:8;Bloomington:10;Woodbury:10;Roseville:10;Chanhassen:11;Cottage Grove:11;Plymouth:11;Vadnais Heights:12;Andover:12;St. Louis Park:13;Minnetonka:14;Rosemount:16
Field Recordings Freddo Sangiovese 750ml,Other Reds,"Tradition Wine & Spirits, LLC",51,2.2,22.9,15.17,26.99,22.96,44,,5,49,Vadnais Heights:5;Blaine:11;Minnetonka:11;Bloomington:12;St. Louis Park:12
Andre Strawberry Mimosa 750ml,Flavored,Johnson Brothers - St. Paul,9,2.2,4.1,4.92,8.99,7.96,45,,12,17,Minneapolis:9
Donausonne Blaufrankisch,Other Reds,"Vinocopia, Inc",58,2.2,26.4,8.0,13.79,11.96,42,,11,21,Osseo:4;Plymouth:4;Ramsey:6;Roseville:7;Andover:12;Cottage Grove:12;Blaine:13
Bota Box Napa Cabernet 1.5L Box,Cabernet,Phillips Wine & Spirits - St. Paul,20,2.2,9.2,13.93,23.99,19.96,42,,12,16,Andover:3;St. Louis Park:4;Blaine:6;Roseville:7
Winehaven Raspberry Wine,Flavored,Paustis Wine,94,2.2,42.3,10.75,17.99,15.96,40,,9,31,Andover:1;Roseville:1;Cottage Grove:3;Minnetonka:6;Woodbury:7;St. Louis Park:9;Bloomington:10;Ramsey:10;Blaine:11;Osseo:12;Rosemount:12;Vadnais Heights:12
Roscato Bianco Dolce 750ml,Flavored,"Breakthru Beverage Minnesota Wine & Spirits, LLC",130,2.2,60.1,9.43,14.99,12.96,37,12cs purchase in a month,9,29,Ramsey:2;Rosemount:5;Roseville:5;Chanhassen:6;Andover:9;Blaine:9;Minnetonka:10;Minneapolis:11;Vadnais Heights:12;St. Louis Park:13;Plymouth:14;Cottage Grove:17;Woodbury:17
Barefoot Bubbly Extra Dry 750ml,Sparkling,Johnson Brothers - St. Paul,83,2.2,38.1,7.42,12.99,10.96,43,,10,25,Minnetonka:1;Roseville:1;Blaine:2;Vadnais Heights:4;St. Louis Park:5;Plymouth:8;Cottage Grove:9;Rosemount:9;Stillwater:9;Ramsey:10;Woodbury:10;Minneapolis:15
Shannon Ridge Sauvignon Blanc 750ml,Sauvignon Blanc,Paustis Wine,79,2.2,35.5,7.7,13.79,11.96,44,,11,22,Roseville:2;St. Louis Park:2;Blaine:3;Chanhassen:3;Minnetonka:3;Rosemount:3;Minneapolis:4;Vadnais Heights:5;Andover:8;Cottage Grove:8;Bloomington:11;Woodbury:12;Plymouth:15
Josh Cellars Seaswept Sparkling 750ml,Sparkling,Johnson Brothers - St. Paul,122,2.2,56.4,8.18,14.99,12.96,45,Buy 11 Josh (all flavors and sizes) and receive 3 free Josh Cabernet (#859252),9,29,Andover:1;Blaine:3;Rosemount:6;Minneapolis:6;Woodbury:7;Ramsey:8;Cottage Grove:9;Stillwater:9;Vadnais Heights:9;Minnetonka:10;Plymouth:10;St. Louis Park:10;Chanhassen:11;Osseo:11;Roseville:12
Buck Shack Bourbon Barrel Cabernet 750ml,Cabernet,Paustis Wine,47,2.2,21.4,11.62,20.99,17.96,45,,9,30,Cottage Grove:1;Roseville:2;St. Louis Park:2;Minneapolis:3;Plymouth:3;Andover:6;Blaine:6;Chanhassen:7;Minnetonka:7;Rosemount:10
Stella Rosa Tropical Mango 750ml,Flavored,"Breakthru Beverage Minnesota Wine & Spirits, LLC",8,2.2,3.7,8.76,14.99,12.96,42,,11,20,Plymouth:1;Blaine:2;Andover:2;Cottage Grove:3
Coeur de Terre Pinot Gris 750ml,Pinot Grigio/Gris,Phillips Wine & Spirits - St. Paul,54,2.2,24.1,9.92,17.99,14.96,45,,8,36,Osseo:2;Ramsey:2;Andover:3;Blaine:4;Minnetonka:4;Bloomington:8;St. Louis Park:8;Chanhassen:11;Roseville:12
Bottega Vinaia Pinot Grigio 750ml,Pinot Grigio/Gris,"Breakthru Beverage Minnesota Wine & Spirits, LLC",62,2.2,28.3,14.1,24.99,20.96,44,Case 1,5,48,Minnetonka:4;Blaine:5;Cottage Grove:5;St. Louis Park:5;Chanhassen:6;Osseo:7;Ramsey:7;Andover:11;Woodbury:12
Vina Viejas Garnacha,Other Reds,"Maverick Beverage Co., LLC - MN",106,2.2,49.0,8.12,18.99,15.96,57,,11,20,Vadnais Heights:3;Rosemount:6;Ramsey:8;Chanhassen:9;Andover:10;Plymouth:10;Minneapolis:11;Osseo:11;Blaine:12;Woodbury:12;Cottage Grove:14
Provisions Sauv Blanc Box,Sauvignon Blanc,Paustis Wine,24,2.2,10.9,11.46,19.99,16.96,43,,10,26,Rosemount:3;St. Louis Park:3;Andover:4;Blaine:4;Chanhassen:5;Roseville:5
Stella Rosa Golden Honey Peach 750ml,Flavored,"Breakthru Beverage Minnesota Wine & Spirits, LLC",72,2.2,32.4,8.76,14.99,12.96,42,,9,31,Cottage Grove:1;Vadnais Heights:2;Osseo:6;Blaine:6;Stillwater:10;Minnetonka:11;Andover:11;Rosemount:12;Woodbury:13
Tutela Valpolicella 750ml,Other Reds,Bellboy Corporation,119,2.2,53.5,8.08,18.99,15.96,57,,9,31,Ramsey:2;Minneapolis:2;Andover:3;Cottage Grove:5;Stillwater:5;Minnetonka:6;Osseo:6;Roseville:7;Vadnais Heights:7;Chanhassen:8;Woodbury:9;Blaine:10;Rosemount:11;Plymouth:16;Bloomington:22
LaMarca Prosecco 187ml,Sparkling,Johnson Brothers - St. Paul,0,2.2,0.0,4.05,6.99,5.96,42,,4,52,
Terre Dei Buth Frizzante Rosato 750ml,Sparkling,Libation Project,17,2.2,7.8,10.17,17.49,14.96,42,,10,25,Roseville:5;St. Louis Park:12
Sea Sun Chardonnay 750ml,Chardonnay,Oxford Street Merchants,149,2.1,69.4,9.76,17.99,14.96,46,,10,24,Andover:3;Vadnais Heights:5;Osseo:6;Rosemount:7;St. Louis Park:7;Roseville:8;Cottage Grove:9;Ramsey:9;Chanhassen:11;Plymouth:12;Stillwater:13;Blaine:15;Woodbury:19;Minnetonka:25
Cupcake Signature Sweet Berry 750ml,Flavored,Johnson Brothers - St. Paul,59,2.1,27.7,6.11,9.99,8.96,39,,11,19,Minneapolis:59
Emmolo Sauvignon Blanc 375ml,Sauvignon Blanc,Oxford Street Merchants,48,2.1,23.2,5.72,10.99,8.96,48,,9,26,Minnetonka:4;St. Louis Park:4;Blaine:6;Roseville:7;Woodbury:7;Chanhassen:9;Andover:11
Ricossa Moscato d'Asti 750ml,Other Whites,"Bourget Imports, LLC",158,2.1,76.9,10.81,22.99,18.96,53,,6,39,Roseville:4;Ramsey:6;Woodbury:6;Andover:7;Vadnais Heights:8;Minnetonka:10;Cottage Grove:11;Stillwater:11;Osseo:13;Rosemount:17;Plymouth:19;Blaine:22;St. Louis Park:25
MD Freakshow Chardonnay 750ml,Chardonnay,Paustis Wine,102,2.1,47.9,11.42,17.99,15.96,37,,9,28,Rosemount:1;Stillwater:2;Chanhassen:5;Vadnais Heights:6;Plymouth:8;Andover:10;St. Louis Park:10;Bloomington:11;Roseville:11;Blaine:12;Woodbury:12;Minnetonka:14
Lavendette Alpes de Haute Rose 750ml,Rose,Rue 38 LLC,33,2.1,15.8,9.5,17.49,13.46,46,,8,31,Blaine:1;Roseville:2;Minnetonka:5;Woodbury:5;Bloomington:8;St. Louis Park:12
Barefoot Merlot 750ml,Merlot,Johnson Brothers - St. Paul,74,2.1,34.5,4.41,7.99,6.96,45,ON Month Deep Net $51.85 ( Off Month Deep Net $56),8,33,Ramsey:1;Roseville:2;Stillwater:7;Cottage Grove:10;Chanhassen:11;Andover:12;Minnetonka:15;Blaine:16
Lake House Pinot Grigio 750ml,Pinot Grigio/Gris,"Bourget Imports, LLC",91,2.1,44.3,10.15,17.49,15.96,42,,8,30,Plymouth:4;Andover:4;Minneapolis:5;Minnetonka:5;Osseo:6;Roseville:7;Chanhassen:8;Ramsey:8;Vadnais Heights:8;Woodbury:11;Stillwater:12;Blaine:13
Lago Vinho Verde 750ml,Other Whites,Small Lot MN,60,2.1,29.0,6.79,11.49,9.96,41,,9,26,Vadnais Heights:8;St. Louis Park:9;Andover:10;Chanhassen:10;Roseville:11;Blaine:12
Franzia Chablis 5L Box,White Blends,Southern Glazer's Wine & Spirits of MN,1,2.1,0.5,14.2,22.99,17.96,38,,11,17,Minneapolis:1
Sea Sun Pinot Noir 750ml,Pinot Noir,Oxford Street Merchants,104,2.1,48.8,12.59,21.99,18.96,43,,9,28,Rosemount:3;Andover:4;Minnetonka:4;Osseo:4;Roseville:4;Cottage Grove:5;Chanhassen:6;Blaine:8;Ramsey:9;Plymouth:10;Stillwater:10;Woodbury:10;St. Louis Park:12;Vadnais Heights:15
Roaming Dog Red Blend 750ml,Red Blends,"Vinocopia, Inc",38,2.1,18.2,7.95,17.49,14.96,55,,10,22,Andover:1;Cottage Grove:3;Minneapolis:3;Chanhassen:3;Woodbury:4;Minnetonka:8;Ramsey:8;Stillwater:8
Chateau Mongravey Red 750ml,Other Reds,Phillips Wine & Spirits - St. Paul,115,2.1,54.8,18.03,33.49,19.95,46,,9,27,Roseville:1;Woodbury:4;Blaine:8;Chanhassen:9;Andover:15;St. Louis Park:31;Minnetonka:47
Barefoot Chardonnay 3L Box,Chardonnay,Johnson Brothers - St. Paul,31,2.1,14.4,14.18,22.99,18.96,38,,10,24,Minnetonka:1;Stillwater:2;Chanhassen:3;Vadnais Heights:3;Bloomington:4;Cottage Grove:4;Blaine:4;Andover:5;Minneapolis:5
Bread & Butter Merlot 750ml,Merlot,Paustis Wine,71,2.1,34.3,8.15,14.99,12.96,46,,9,26,Woodbury:4;Minnetonka:5;Minneapolis:6;St. Louis Park:6;Roseville:8;Andover:10;Bloomington:10;Chanhassen:10;Blaine:12
Josh Cellars Rsv Chardonnay 750ml,Chardonnay,Johnson Brothers - St. Paul,125,2.1,58.7,9.29,15.99,13.96,42,Buy 11 Josh (all flavors and sizes) and receive 3 free Josh Cabernet (#859252),9,28,Ramsey:3;Blaine:8;Chanhassen:9;Minnetonka:9;Plymouth:10;Bloomington:11;Roseville:12;St. Louis Park:12;Vadnais Heights:12;Andover:12;Woodbury:13;Rosemount:14
Ch d'Astros ABSOLU Cotes d Provence Rose 750ml,Rose,Bellboy Corporation,84,2.1,39.4,15.58,35.49,29.96,56,,11,19,Vadnais Heights:1;Plymouth:2;Stillwater:7;Roseville:9;Chanhassen:10;Andover:15;Woodbury:18;Blaine:22
Penfold's Max's Cabernet 750ml,Cabernet,"Breakthru Beverage Minnesota Wine & Spirits, LLC",80,2.1,37.5,12.1,19.99,16.96,39,5cs purchase in a month,9,28,Plymouth:3;Rosemount:9;Blaine:9;Chanhassen:10;Minnetonka:11;Woodbury:12;Roseville:13;St. Louis Park:13
Readers Merlot 750ml,Merlot,Bellboy Corporation,96,2.1,46.4,11.5,23.99,19.96,52,,7,35,St. Louis Park:3;Roseville:4;Minnetonka:5;Rosemount:5;Minneapolis:5;Blaine:6;Andover:9;Chanhassen:9;Bloomington:11;Plymouth:13;Stillwater:13;Woodbury:13
Angeline Cabernet Sauvignon 750ml,Cabernet,Oxford Street Merchants,101,2.1,49.2,6.25,13.99,12.96,55,,4,48,Andover:5;Cottage Grove:5;Ramsey:5;Stillwater:7;Rosemount:12;Woodbury:12;Roseville:13;St. Louis Park:14;Blaine:28
Fortant Altitude Viognier 750ml,Other Whites,"Vinocopia, Inc",19,2.0,9.7,7.75,13.79,9.95,44,,8,27,St. Louis Park:1;Andover:4;Cottage Grove:6;Osseo:8
Four Graces Pinot Noir 750ml,Pinot Noir,Southern Glazer's Wine & Spirits of MN,23,2.0,11.6,16.73,32.99,24.96,49,,9,23,Roseville:5;St. Louis Park:9;Blaine:9
Woodbridge Sauv Blanc 750ml,Sauvignon Blanc,Southern Glazer's Wine & Spirits of MN,59,2.0,30.1,4.07,7.99,6.96,49,,6,36,Minnetonka:1;Rosemount:1;Plymouth:2;St. Louis Park:5;Roseville:6;Chanhassen:7;Bloomington:9;Cottage Grove:9;Vadnais Heights:9;Ramsey:10
La Vieille Ferme Blanc 3L Box,White Blends,The Wine Company,7,2.0,3.5,15.18,29.99,24.96,49,,9,23,St. Louis Park:3;Bloomington:4
ChocoVine 750ml,Fortified,"Maverick Beverage Co., LLC - MN",23,2.0,11.7,8.79,15.99,13.96,45,,10,18,Andover:1;Plymouth:1;Minneapolis:2;Rosemount:4;Ramsey:7;Blaine:8
Christian Bros Dry Sherry 750ml,Fortified,Southern Glazer's Wine & Spirits of MN,54,2.0,27.1,5.23,9.99,8.96,48,,10,19,Plymouth:2;Cottage Grove:2;Minnetonka:3;Ramsey:3;Blaine:3;Minneapolis:4;Rosemount:4;Woodbury:5;Stillwater:7;Osseo:10;Bloomington:11
Faust Cabernet Sauvignon 750ml,Cabernet,Southern Glazer's Wine & Spirits of MN,54,2.0,26.9,43.4,59.99,52.96,28,,9,24,Minnetonka:2;Woodbury:2;Blaine:2;Stillwater:3;Bloomington:4;Andover:5;Plymouth:5;St. Louis Park:5;Ramsey:6;Vadnais Heights:6;Chanhassen:7;Roseville:7
Dom Menard Cuvee Marine,Other Whites,The Wine Company,46,2.0,23.1,7.12,12.49,7.95,43,,8,28,Minnetonka:1;Vadnais Heights:2;Woodbury:3;Minneapolis:5;Cottage Grove:10;Roseville:11;Andover:14
Bota Box Breeze Red Blend 3L Box,Red Blends,Phillips Wine & Spirits - St. Paul,15,2.0,7.4,13.4,19.99,17.96,33,,10,20,Minneapolis:1;Roseville:3;Blaine:3;Stillwater:4;Andover:4
Koaa Sauvignon Blanc 750ml,Sauvignon Blanc,Phillips Wine & Spirits - St. Paul,38,2.0,19.2,7.92,18.99,15.96,58,,7,32,Minnetonka:1;Woodbury:1;Ramsey:6;Osseo:8;Stillwater:10;Cottage Grove:12
Cattin Riesling 750ml,Other Whites,Bellboy Corporation,14,2.0,7.0,8.3,18.99,12.95,56,,10,19,Rosemount:1;Osseo:4;Minnetonka:5;Ramsey:6
Harvey's Bristol Cream 750ml,Fortified,Southern Glazer's Wine & Spirits of MN,37,2.0,18.6,12.73,22.49,18.96,43,,10,19,Vadnais Heights:1;Woodbury:1;Roseville:1;Plymouth:4;Bloomington:4;Andover:5;St. Louis Park:6;Blaine:15
Dark Horse Pinot Noir 750ml,Pinot Noir,Johnson Brothers - St. Paul,42,2.0,21.4,5.43,9.99,,46,,10,18,Chanhassen:1;Vadnais Heights:6;Ramsey:8;Osseo:13;Blaine:14
Barefoot Sauvignon Blanc 3L Box,Sauvignon Blanc,Johnson Brothers - St. Paul,47,2.0,23.6,14.18,23.99,19.96,41,,10,19,Rosemount:2;Andover:3;Minnetonka:3;Osseo:4;St. Louis Park:4;Roseville:5;Chanhassen:6;Plymouth:6;Woodbury:7;Blaine:7
Winehaven Deer Garden Red,Other Reds,Paustis Wine,109,2.0,55.6,15.33,22.99,,33,,8,27,Minneapolis:2;Osseo:2;Andover:4;Bloomington:5;Cottage Grove:6;Roseville:6;Chanhassen:7;Rosemount:7;Blaine:12;Woodbury:12;Vadnais Heights:12;Plymouth:13;St. Louis Park:21
Giesen Zero Rose N/A 750ml,Rose,Paustis Wine,16,2.0,8.2,9.42,14.99,12.96,37,,10,18,Roseville:2;St. Louis Park:3;Blaine:11
Kenwood Cab Sauv 750ml,Cabernet,Southern Glazer's Wine & Spirits of MN,64,2.0,31.6,8.73,14.99,12.96,42,,8,29,Andover:1;Vadnais Heights:1;Chanhassen:2;Osseo:5;Rosemount:5;Ramsey:6;Woodbury:7;Blaine:9;Cottage Grove:9;St. Louis Park:9;Roseville:10
The Federalist Lodi Zinfandel 750ml,Zinfandel,Southern Glazer's Wine & Spirits of MN,77,2.0,37.8,10.73,19.99,16.96,46,,9,25,Ramsey:2;Vadnais Heights:3;Osseo:4;Blaine:4;St. Louis Park:5;Roseville:7;Woodbury:8;Stillwater:10;Andover:11;Chanhassen:11;Cottage Grove:12
St Croix Vineyards Raspberry Infusion 375ml,Fortified,Saint Croix Vineyards,104,2.0,51.8,10.5,18.99,15.96,45,,7,33,Chanhassen:2;Roseville:2;Rosemount:4;Cottage Grove:5;Minneapolis:6;St. Louis Park:9;Andover:10;Woodbury:10;Bloomington:11;Vadnais Heights:12;Plymouth:13;Stillwater:20
Tozai Plum Blossom of the Peace 720ml,Fortified,"Maverick Beverage Co., LLC - MN",34,2.0,16.9,12.92,23.99,19.96,46,,9,24,Rosemount:3;Roseville:3;Woodbury:3;Plymouth:4;Andover:5;Minnetonka:5;Vadnais Heights:5;Blaine:6
Segura Viudas Brut 750ml,Sparkling,Southern Glazer's Wine & Spirits of MN,101,2.0,51.1,9.4,15.99,13.96,41,,7,32,Minnetonka:1;St. Louis Park:2;Cottage Grove:4;Plymouth:4;Andover:5;Chanhassen:6;Blaine:8;Stillwater:8;Rosemount:10;Roseville:10;Vadnais Heights:10;Woodbury:10;Minneapolis:11;Bloomington:12
Bonanza Vinekeeper Napa Cabernet 750ml,Cabernet,Oxford Street Merchants,53,2.0,26.2,21.59,37.99,31.96,43,,8,29,St. Louis Park:2;Andover:5;Roseville:10;Woodbury:16;Blaine:20
Antonin Rodet Bourgogne Pinot Noir 750ml,Pinot Noir,"Vinocopia, Inc",65,2.0,32.4,10.73,23.99,19.96,55,,9,24,Woodbury:1;Andover:3;Minnetonka:4;Ramsey:4;Blaine:53
1000 Stories Pinot Noir 750ml,Pinot Noir,"Breakthru Beverage Minnesota Wine & Spirits, LLC",73,2.0,36.4,10.1,17.49,14.96,42,,9,24,Rosemount:1;Blaine:1;Plymouth:3;Cottage Grove:4;Stillwater:4;Andover:5;Minneapolis:5;Osseo:6;Vadnais Heights:7;Minnetonka:8;Ramsey:9;Woodbury:9;Chanhassen:11
Flybird Strawberry Margarita 750ml,Flavored,Southern Glazer's Wine & Spirits of MN,38,2.0,18.9,8.07,13.79,11.96,41,,9,24,Andover:1;Minnetonka:2;Vadnais Heights:2;St. Louis Park:3;Ramsey:4;Roseville:6;Plymouth:8;Cottage Grove:12
Fleurs De Prairie Rose 750ml,Rose,Phillips Wine & Spirits - St. Paul,28,2.0,13.7,9.69,17.99,14.96,46,,5,43,Roseville:1;St. Louis Park:4;Bloomington:5;Plymouth:6;Blaine:12
J Friederich Zeller Schwarze 750ml,Other Whites,Paustis Wine,16,1.9,8.3,6.0,8.99,,33,,6,35,Roseville:1;Chanhassen:15
Florio Dry Marsala 750ml,Fortified,"Vinocopia, Inc",59,1.9,30.8,11.46,19.99,16.96,43,,9,21,Roseville:1;Minneapolis:3;Osseo:3;Woodbury:3;Bloomington:4;Chanhassen:4;Stillwater:4;Vadnais Heights:7;Rosemount:8;Blaine:10;Ramsey:12
Florio Sweet Marsala 375ml,Fortified,"Vinocopia, Inc",134,1.9,72.4,6.4,11.99,9.96,47,,9,19,Chanhassen:1;Rosemount:1;Andover:2;Cottage Grove:3;Vadnais Heights:5;St. Louis Park:6;Roseville:6;Minnetonka:11;Minneapolis:12;Blaine:13;Plymouth:17;Stillwater:18;Osseo:19;Ramsey:20
Vinada Sparkling Rose Mini N/A 200ml,Sparkling,"Bourget Imports, LLC",112,1.9,58.5,5.65,9.99,8.96,43,,7,30,Vadnais Heights:2;Woodbury:2;St. Louis Park:2;Roseville:7;Cottage Grove:9;Chanhassen:13;Ramsey:16;Minneapolis:17;Bloomington:22;Plymouth:22
Sella Antica Toscona IGT,Other Reds,Oxford Street Merchants,63,1.9,34.0,8.98,16.99,14.96,47,,7,28,Rosemount:1;Vadnais Heights:1;Cottage Grove:5;Chanhassen:6;Blaine:6;St. Louis Park:7;Andover:8;Plymouth:8;Minneapolis:10;Roseville:11
Contessa Silver Sky Rose 750ml,Other Whites,Bellboy Corporation,96,1.9,49.8,7.16,14.99,12.96,52,Buyer's Select,6,35,Chanhassen:4;Stillwater:4;Plymouth:5;Minnetonka:9;Woodbury:15;Bloomington:18;Rosemount:19;Roseville:22
Ruffino Prosecco 750ml,Sparkling,Southern Glazer's Wine & Spirits of MN,88,1.9,47.1,8.07,12.49,10.96,35,,8,24,Blaine:7;Stillwater:8;Bloomington:12;St. Louis Park:12;Plymouth:13;Woodbury:16;Roseville:20
Malijay Le Petit Prince 750ml,Red Blends,Phillips Wine & Spirits - St. Paul,186,1.9,98.0,7.17,17.49,14.96,59,,10,16,Osseo:4;Woodbury:6;Andover:8;Minneapolis:9;Minnetonka:11;Roseville:11;Stillwater:12;Rosemount:16;Vadnais Heights:16;Ramsey:19;Chanhassen:29;Blaine:45
Conundrum Red 375ml,Red Blends,Oxford Street Merchants,72,1.9,37.3,6.22,11.99,9.96,48,,8,26,Bloomington:4;St. Louis Park:5;Woodbury:7;Andover:8;Minnetonka:8;Blaine:17;Roseville:23
St Croix Vineyards Marquette,Other Reds,Saint Croix Vineyards,16,1.9,8.4,14.5,23.99,21.96,40,,8,25,Blaine:3;Rosemount:3;Plymouth:10
Ricossa Langhe Nebbiolo 750ml,Other Reds,"Bourget Imports, LLC",151,1.9,80.9,14.15,29.99,24.96,53,,8,24,Osseo:2;Minneapolis:3;Ramsey:4;Roseville:6;Andover:8;Minnetonka:8;Woodbury:8;Cottage Grove:10;Stillwater:11;Vadnais Heights:12;Plymouth:13;Rosemount:13;Blaine:16;St. Louis Park:18;Chanhassen:19
Three Otters Pinot Gris 750ml,Pinot Grigio/Gris,Rue 38 LLC,42,1.9,21.6,13.46,25.99,21.96,48,,9,22,Stillwater:1;Woodbury:3;Blaine:5;Roseville:5;Andover:7;Bloomington:10;St. Louis Park:11
Gruet Blanc de Noirs 750ml,Sparkling,Southern Glazer's Wine & Spirits of MN,26,1.9,13.7,10.74,18.99,15.96,43,,10,16,Roseville:1;Bloomington:5;St. Louis Park:8;Chanhassen:12
Dark Horse Chardonnay 750ml,Chardonnay,Johnson Brothers - St. Paul,56,1.9,29.0,5.43,9.99,8.96,46,,8,26,Plymouth:2;Minnetonka:4;Ramsey:5;Stillwater:8;Andover:9;Chanhassen:13;Blaine:15
MAN Vintners Chenin Blanc 750ml,White Blends,The Wine Company,40,1.9,20.6,7.79,13.79,11.96,44,,9,22,St. Louis Park:1;Ramsey:2;Blaine:3;Chanhassen:3;Osseo:4;Plymouth:6;Bloomington:9;Stillwater:12
Washington Hills Late Riesling 750ml,Other Whites,Paustis Wine,1,1.9,0.5,6.75,10.99,,39,,9,19,Stillwater:1
Columbia Crest H3 Merlot 750ml,Merlot,Southern Glazer's Wine & Spirits of MN,74,1.9,39.6,8.73,13.79,11.96,37,,8,24,Minneapolis:1;Ramsey:3;Woodbury:3;Andover:4;Chanhassen:6;Blaine:7;Osseo:8;St. Louis Park:8;Roseville:11;Rosemount:11;Cottage Grove:12
Quilt Threadcount Red Blend 750ml,Red Blends,Oxford Street Merchants,40,1.9,21.4,11.31,18.99,15.96,40,,8,24,Minnetonka:2;Stillwater:5;Cottage Grove:6;Roseville:7;Blaine:10;St. Louis Park:10
Willamette Valley Riesling 750ml,Other Whites,Bellboy Corporation,92,1.9,48.9,10.75,18.99,15.96,43,,7,29,Osseo:1;Stillwater:3;Plymouth:4;St. Louis Park:4;Cottage Grove:5;Minnetonka:6;Andover:7;Woodbury:8;Roseville:10;Bloomington:11;Chanhassen:14;Blaine:19
Frank Family Chardonnay 750ml,Chardonnay,"Breakthru Beverage Minnesota Wine & Spirits, LLC",43,1.9,22.1,24.1,37.99,31.96,37,5cs purchase in a month,9,22,Blaine:3;St. Louis Park:4;Woodbury:7;Roseville:10;Chanhassen:19
Chemistry Pinot Noir 750ml,Pinot Noir,Johnson Brothers - St. Paul,57,1.9,30.5,12.09,20.99,17.96,42,,8,24,Andover:2;Roseville:2;Minneapolis:3;Blaine:4;Bloomington:5;Stillwater:7;Minnetonka:8;Plymouth:8;St. Louis Park:9;Chanhassen:9
Shannon Ridge Wrangler Red 750ml,Red Blends,Paustis Wine,66,1.9,34.2,7.7,13.79,11.96,44,,8,26,St. Louis Park:1;Roseville:2;Chanhassen:3;Cottage Grove:4;Vadnais Heights:4;Ramsey:5;Andover:5;Blaine:6;Minneapolis:7;Rosemount:8;Woodbury:9;Plymouth:12
Gascon Malbec 750ml,Malbec,Johnson Brothers - St. Paul,34,1.9,17.5,10.09,18.99,15.96,47,,9,22,Minnetonka:1;Osseo:1;Stillwater:2;Ramsey:4;Minneapolis:4;St. Louis Park:5;Roseville:6;Vadnais Heights:11
Wildsong Sauvignon Blanc 750ml,Sauvignon Blanc,The Wine Company,36,1.8,20.5,10.12,17.99,15.96,44,,7,25,Cottage Grove:2;Minnetonka:5;Blaine:6;Vadnais Heights:6;Rosemount:8;Andover:9
Bev Glitz Sparkling Blanc 4pk 250ml,Sparkling,Johnson Brothers - St. Paul,35,1.8,19.2,12.85,23.99,19.96,46,,5,36,Minneapolis:1;Vadnais Heights:3;Chanhassen:4;St. Louis Park:4;Woodbury:5;Plymouth:6;Roseville:6;Blaine:6
Miraval Studio M Provence Rose 750ml,Rose,Southern Glazer's Wine & Spirits of MN,36,1.8,20.3,12.07,20.99,17.96,42,,8,21,Woodbury:1;Roseville:2;St. Louis Park:3;Andover:4;Chanhassen:5;Bloomington:9;Blaine:12
Andrew Paso Robles Organic Cabernet Sauvignon 750ml,Cabernet,"Maverick Beverage Co., LLC - MN",77,1.8,43.4,13.12,23.99,19.96,45,,6,30,Stillwater:1;Vadnais Heights:1;Blaine:2;Ramsey:3;St. Louis Park:6;Cottage Grove:7;Rosemount:7;Minneapolis:9;Plymouth:9;Andover:10;Bloomington:10;Roseville:12
Villa Jolanda Peach Moscato 750ml,Other Whites,Rue 38 LLC,51,1.8,28.0,10.0,18.99,15.96,47,,9,18,Plymouth:3;Andover:5;Blaine:6;Cottage Grove:6;Ramsey:6;Roseville:12;Vadnais Heights:13
Contessa Annalisa Pinot Grigio 750ml,Pinot Grigio/Gris,Bellboy Corporation,23,1.8,13.0,5.58,14.99,12.96,63,Buyer's Select,8,21,Stillwater:2;Ramsey:2;Minnetonka:5;Osseo:5;Bloomington:9
Yuki Otoko Yeti Honjozo 180ml,Fortified,"Maverick Beverage Co., LLC - MN",71,1.8,39.0,6.56,11.49,9.96,43,,9,18,St. Louis Park:14;Minneapolis:15;Bloomington:18;Roseville:24
Makku Original Makgeolli 12oz can,Fortified,"Bourget Imports, LLC",151,1.8,85.9,2.57,4.49,3.96,43,,5,34,Blaine:8;Bloomington:11;Woodbury:12;Minneapolis:14;Minnetonka:18;Roseville:20;Vadnais Heights:21;St. Louis Park:23;Cottage Grove:24
Ugly Estates Chardonnay Liter,Chardonnay,Johnson Brothers - St. Paul,214,1.8,119.6,7.5,14.99,9.95,50,,5,35,St. Louis Park:2;Roseville:3;Cottage Grove:10;Woodbury:10;Vadnais Heights:12;Minneapolis:13;Plymouth:13;Andover:15;Stillwater:15;Blaine:16;Rosemount:17;Chanhassen:21;Ramsey:21;Minnetonka:23;Osseo:23
Jam Cellars Butter Pinot Noir 750ml,Pinot Noir,Southern Glazer's Wine & Spirits of MN,94,1.8,52.1,12.07,20.99,17.96,42,,8,22,Woodbury:1;Stillwater:3;Minneapolis:4;Roseville:4;Blaine:5;Osseo:5;Vadnais Heights:5;Chanhassen:7;St. Louis Park:9;Andover:9;Cottage Grove:10;Minnetonka:10;Plymouth:11;Rosemount:11
Natural Origins Chardonnay 3L Box,Chardonnay,Paustis Wine,22,1.8,12.3,13.5,23.99,19.96,44,,7,26,Rosemount:1;St. Louis Park:2;Andover:3;Roseville:5;Blaine:5;Chanhassen:6
The Pinot Project Rose France 750ml,Rose,"Maverick Beverage Co., LLC - MN",76,1.8,41.8,9.46,17.49,14.96,46,,5,36,Minnetonka:2;Roseville:2;Andover:5;St. Louis Park:5;Blaine:7;Chanhassen:7;Plymouth:8;Woodbury:9;Rosemount:10;Stillwater:10;Minneapolis:11
Barefoot Bubbly Peach Fusion 750ml,Sparkling,Johnson Brothers - St. Paul,14,1.8,7.9,7.42,13.99,11.96,47,,8,21,Osseo:1;Minneapolis:3;Blaine:10
Frank Family Cabernet 750ml,Cabernet,"Breakthru Beverage Minnesota Wine & Spirits, LLC",26,1.8,14.4,34.76,54.99,46.96,37,"6cs one store, one invoice.  15+ cs chain buy ok to split up throughout the month (Mixes with Stags' Leap).  Intended for feature, ad, display, etc.",6,31,Andover:1;Minnetonka:2;St. Louis Park:4;Roseville:6;Woodbury:6;Blaine:7
Menage a Trois Light Red 750ml,Red Blends,Phillips Wine & Spirits - St. Paul,21,1.8,11.8,5.92,10.99,8.96,46,5 MAT Red on 25,10,12,Minneapolis:1;Cottage Grove:2;Woodbury:8;Andover:10
"Piattelli Res Torrontes, Cafayate 750ml",Other Whites,"Vinocopia, Inc",54,1.8,30.5,7.38,15.99,13.96,54,,6,30,Minnetonka:1;St. Louis Park:1;Roseville:4;Chanhassen:9;Minneapolis:10;Woodbury:14;Blaine:15
Willm Gewurztraminer Alsace,Other Whites,Rue 38 LLC,64,1.8,36.1,13.46,24.99,20.96,46,,8,21,Andover:2;Chanhassen:3;Woodbury:3;St. Louis Park:4;Vadnais Heights:5;Minnetonka:6;Blaine:7;Minneapolis:7;Rosemount:7;Plymouth:8;Roseville:12
Winehaven Just Peachy,Flavored,Paustis Wine,73,1.8,41.5,10.75,17.99,6.47,40,,7,25,Cottage Grove:2;Andover:4;Vadnais Heights:4;Chanhassen:6;Ramsey:8;St. Louis Park:11;Minnetonka:12;Roseville:12;Blaine:14
Sweet Bitch Moscato Pavie 750ml,Other Whites,"Vinocopia, Inc",48,1.8,27.1,8.12,13.79,11.96,41,,8,21,Rosemount:1;Stillwater:2;Blaine:3;Woodbury:6;Plymouth:7;Minneapolis:8;Chanhassen:9;Vadnais Heights:12
Shannon Ridge Cabernet Sauvignon 750ml,Cabernet,Paustis Wine,108,1.8,58.8,7.7,13.79,11.96,44,,8,23,Chanhassen:1;Blaine:3;Rosemount:4;Roseville:4;Andover:8;Ramsey:8;Stillwater:9;Minneapolis:10;Osseo:10;Cottage Grove:11;Woodbury:11;Vadnais Heights:12;St. Louis Park:17
Le Fou de Malijay 750ml,Red Blends,Bellboy Corporation,6,1.8,3.4,11.4,23.99,,52,,10,12,Rosemount:6
Taylor Cream Sherry 750ml,Fortified,Johnson Brothers - St. Paul,45,1.8,24.5,6.76,9.99,7.95,32,,10,14,Andover:1;Woodbury:1;Chanhassen:2;Minnetonka:6;Rosemount:6;Stillwater:6;Roseville:10;Blaine:13
La Vieille Ferme Rouge 750ml,Red Blends,The Wine Company,47,1.8,26.7,6.97,13.99,11.96,50,,7,25,Chanhassen:1;St. Louis Park:1;Minnetonka:2;Stillwater:2;Osseo:5;Ramsey:6;Bloomington:8;Blaine:10;Roseville:12
Carmenet Pinot Noir 750ml,Pinot Noir,Paustis Wine,11,1.8,6.2,8.08,8.49,2.43,5,,10,12,Stillwater:11
Gnarly Head Old Vine Zin 750ml,Zinfandel,Johnson Brothers - St. Paul,16,1.8,9.0,5.65,12.49,10.96,55,,8,21,Rosemount:2;Roseville:2;Ramsey:5;Blaine:7
Pandora's Box Malbec 3L Box,Malbec,Paustis Wine,38,1.8,21.2,13.5,23.99,19.96,44,,9,17,Rosemount:1;Cottage Grove:2;Minneapolis:2;Stillwater:2;Vadnais Heights:2;Bloomington:3;St. Louis Park:3;Woodbury:3;Andover:4;Blaine:4;Chanhassen:4;Osseo:4;Ramsey:4
Whitehall Lane Rassi Cabernet Sauvignon 750ml,Cabernet,"Maverick Beverage Co., LLC - MN",44,1.7,26.4,16.12,29.99,24.96,46,,7,22,Chanhassen:1;Minnetonka:1;Woodbury:3;St. Louis Park:7;Plymouth:9;Roseville:11;Blaine:12
Yes Way Rose 375ml,Rose,Johnson Brothers - St. Paul,53,1.7,31.5,6.76,11.49,9.96,41,,6,27,Blaine:1;Plymouth:5;Andover:7;Cottage Grove:7;Woodbury:9;Roseville:12;St. Louis Park:12
Bonny Doon Picpoul 750ml,Other Whites,"Vinocopia, Inc",15,1.7,9.0,9.46,15.99,13.96,41,,5,31,Woodbury:3;Plymouth:4;Roseville:8
Cupcake Mimosa Classic 750ml,Flavored,Southern Glazer's Wine & Spirits of MN,36,1.7,21.0,7.73,13.79,11.96,44,,8,19,Minneapolis:1;Woodbury:2;Roseville:4;Blaine:7;Andover:11;Cottage Grove:11
Provisions Pinot Noir 3L Box,Pinot Noir,Paustis Wine,18,1.7,10.3,11.46,19.99,16.96,43,,8,20,Blaine:3;Rosemount:3;Roseville:3;St. Louis Park:4;Chanhassen:5
Jam Cellars Butter Sauvignon Blanc 750ml,Sauvignon Blanc,Southern Glazer's Wine & Spirits of MN,91,1.7,52.7,12.07,20.99,17.96,42,,7,24,Chanhassen:2;Ramsey:3;Roseville:4;Plymouth:5;Woodbury:5;Blaine:6;Cottage Grove:8;Osseo:8;St. Louis Park:8;Andover:8;Minnetonka:9;Stillwater:12;Minneapolis:13
McManis Chardonnay 750ml,Chardonnay,Paustis Wine,43,1.7,25.8,8.08,13.99,11.96,42,,5,31,Stillwater:1;Vadnais Heights:1;Andover:3;Roseville:3;Blaine:4;Chanhassen:4;Minnetonka:6;Bloomington:9;St. Louis Park:12
Woodbridge Rich Red Blend 1.5L,Red Blends,Southern Glazer's Wine & Spirits of MN,10,1.7,6.0,7.2,12.99,10.96,45,,8,18,St. Louis Park:1;Andover:9
La Posta Pizzella Malbec 750ml,Malbec,"Maverick Beverage Co., LLC - MN",7,1.7,4.1,12.79,23.99,19.96,47,,8,19,St. Louis Park:1;Blaine:1;Andover:2;Minnetonka:3
Field Recordings Fiction Red 750ml,Red Blends,"Tradition Wine & Spirits, LLC",57,1.7,34.2,15.17,26.99,22.96,44,,9,13,Blaine:1;Minneapolis:1;Plymouth:2;Osseo:2;Chanhassen:3;Minnetonka:3;St. Louis Park:3;Woodbury:3;Vadnais Heights:7;Ramsey:10;Andover:11;Roseville:11
Catena Appellation Malbec Lunlunta 750ml,Malbec,"Grape Beginnings, Inc.",54,1.7,31.8,18.0,33.49,27.96,46,,7,23,Chanhassen:1;Roseville:1;Woodbury:1;Cottage Grove:2;Rosemount:2;Blaine:3;Bloomington:5;Andover:8;Stillwater:9;St. Louis Park:10;Plymouth:12
Kim Crawford Sauvignon Blanc Non Alc 750ml,Sauvignon Blanc,Southern Glazer's Wine & Spirits of MN,5,1.7,2.9,10.77,16.99,13.96,37,,7,24,Chanhassen:5
Chateau Petit Manou Red 750ml,Other Reds,Phillips Wine & Spirits - St. Paul,212,1.7,127.4,11.0,23.99,19.96,54,,7,22,Vadnais Heights:5;Roseville:8;Andover:8;Stillwater:10;Rosemount:11;Woodbury:21;Chanhassen:26;St. Louis Park:47;Blaine:76
Winehaven Cinnamead,Flavored,Paustis Wine,50,1.7,29.5,10.75,17.99,,40,,7,23,Bloomington:4;Woodbury:4;Blaine:5;Minneapolis:7;Andover:7;St. Louis Park:7;Rosemount:8;Roseville:8
Winehaven Marquette 750ml,Other Reds,Paustis Wine,23,1.7,13.8,10.75,17.99,,40,,9,13,Minneapolis:3;Andover:6;Blaine:14
"Piattelli Reserve Cabernet, Cafayete 750ml",Cabernet,"Vinocopia, Inc",53,1.7,31.8,8.77,15.99,13.96,45,,7,22,Minnetonka:4;Roseville:7;Blaine:10;Cottage Grove:10;Rosemount:10;St. Louis Park:12
Rapido Sangiovese 750ml,Other Reds,Oxford Street Merchants,301,1.7,175.9,6.82,18.99,15.96,64,,8,19,Minneapolis:2;Rosemount:4;Andover:11;Plymouth:13;Minnetonka:20;Ramsey:22;Chanhassen:23;Stillwater:23;Vadnais Heights:26;Cottage Grove:27;Woodbury:37;Blaine:43;Osseo:50
Liberty School Reserve Cab Sauv 750ml,Cabernet,"Grape Beginnings, Inc.",69,1.7,41.1,18.75,33.49,27.96,44,,6,27,Minneapolis:3;Plymouth:3;Blaine:3;Cottage Grove:4;St. Louis Park:6;Chanhassen:7;Rosemount:9;Minnetonka:10;Andover:12;Woodbury:12
Leese-Fitch Cabernet Sauvignon 750ml,Cabernet,Southern Glazer's Wine & Spirits of MN,47,1.7,27.5,8.73,14.99,12.96,42,,8,19,Plymouth:1;Roseville:4;Rosemount:5;Minnetonka:7;Chanhassen:9;Bloomington:10;St. Louis Park:11
Wycliff Brut 750ml,Sparkling,Johnson Brothers - St. Paul,12,1.7,7.0,5.76,8.99,,36,,10,10,Minneapolis:12
Bleu Blanc Thau Cotes De Thau 750ml,Other Whites,Phillips Wine & Spirits - St. Paul,67,1.7,39.9,4.8,12.49,10.96,62,,6,27,Minneapolis:1;Stillwater:4;Chanhassen:4;Ramsey:5;Vadnais Heights:6;Andover:11;Plymouth:11;Woodbury:11;Blaine:14
AVA Grace Pinot Grigio 750ml,Pinot Grigio/Gris,Southern Glazer's Wine & Spirits of MN,30,1.6,19.3,6.4,11.49,9.96,44,,6,23,Woodbury:1;Stillwater:1;Blaine:2;Plymouth:2;Roseville:2;Vadnais Heights:10;Rosemount:12
Yes Way Rose Alcohol Removed NA 750ml,Rose,Johnson Brothers - St. Paul,46,1.6,29.3,11.26,19.99,16.96,44,,7,19,St. Louis Park:1;Blaine:5;Andover:5;Cottage Grove:6;Woodbury:8;Roseville:9;Plymouth:12
Rutherford Ranch Cab Sauv 750ml,Cabernet,Johnson Brothers - St. Paul,5,1.6,3.0,15.34,34.49,28.96,56,,8,17,Minnetonka:5
1000 Stories High Alc Cabernet Sauvignon 750ml,Cabernet,"Breakthru Beverage Minnesota Wine & Spirits, LLC",42,1.6,26.0,10.1,17.49,14.96,42,,6,25,St. Louis Park:1;Stillwater:2;Plymouth:6;Ramsey:6;Blaine:7;Minnetonka:9;Rosemount:11
TopBox Red Blend 3L 3L Box,Red Blends,Southern Glazer's Wine & Spirits of MN,30,1.6,18.7,9.47,17.49,14.96,46,,7,20,Plymouth:1;St. Louis Park:3;Minnetonka:4;Bloomington:5;Cottage Grove:5;Stillwater:6;Roseville:6
Da Vinci Pinot Grigio 750ml,Pinot Grigio/Gris,Johnson Brothers - St. Paul,12,1.6,7.6,9.42,15.99,13.96,41,,6,24,Blaine:12
Contessa Carino Bianco 750ml,Other Whites,Bellboy Corporation,215,1.6,134.2,5.27,13.79,11.96,62,,7,20,Ramsey:4;Vadnais Heights:10;Stillwater:11;Osseo:13;Minneapolis:14;Rosemount:14;Blaine:19;Andover:20;St. Louis Park:21;Chanhassen:25;Roseville:26;Cottage Grove:38
"Two Dogs, A Peacock & A Horse Sauvignon Blanc 750ml",Sauvignon Blanc,"New France Wine Co, Inc",20,1.6,12.4,14.21,25.99,21.96,45,,6,25,Roseville:9;Minnetonka:11
La Cle de La Femme Rose 750ml,Sparkling,Bellboy Corporation,82,1.6,50.7,28.92,47.99,34.95,40,,8,16,Woodbury:1;Rosemount:2;Vadnais Heights:2;Andover:6;Plymouth:7;Roseville:10;St. Louis Park:16;Chanhassen:17;Blaine:21
Murphy Goode Liars Dice Zin 750ml,Zinfandel,Johnson Brothers - St. Paul,156,1.6,99.3,12.36,22.49,19.96,45,,5,28,Stillwater:2;Blaine:6;Cottage Grove:8;Minnetonka:9;Woodbury:9;Bloomington:10;Chanhassen:11;Ramsey:19;Roseville:26;St. Louis Park:56
Cusumano Nero D'Avola,Other Reds,Southern Glazer's Wine & Spirits of MN,74,1.6,45.3,12.07,20.99,17.96,42,,7,21,Blaine:3;Woodbury:3;Minneapolis:4;Cottage Grove:6;Chanhassen:8;Plymouth:9;Roseville:9;Rosemount:10;Andover:11;Vadnais Heights:11
Chemistry Chardonnay 750ml,Chardonnay,Johnson Brothers - St. Paul,18,1.6,11.2,10.09,17.49,14.96,42,,9,11,Vadnais Heights:1;St. Louis Park:1;Minnetonka:3;Andover:4;Roseville:9
Barefoot Bubbly Pinot Grigio 750ml,Sparkling,Johnson Brothers - St. Paul,36,1.6,22.5,7.42,11.99,9.96,38,,9,11,Minneapolis:3;Blaine:7;Rosemount:7;Andover:9;Ramsey:10
Acolytes Chardonnay 750ml,Chardonnay,Oxford Street Merchants,60,1.6,36.7,15.09,26.99,22.96,44,,9,12,Roseville:8;Andover:11;Blaine:20;St. Louis Park:21
Alexander Valley Vineyards Gewurztraminer 750ml,Other Whites,"Breakthru Beverage Minnesota Wine & Spirits, LLC",47,1.6,29.6,8.1,13.79,11.96,41,16cs purchase in a month,6,24,Blaine:6;Andover:7;Plymouth:8;St. Louis Park:8;Woodbury:8;Roseville:10
Sun Goddess Pinot Grigio Ramato 750ml,Pinot Grigio/Gris,"Vinocopia, Inc",43,1.6,26.8,12.88,23.99,19.96,46,,7,20,Osseo:1;Andover:1;Minneapolis:3;Minnetonka:5;Blaine:11;Cottage Grove:11;Plymouth:11
Chateau Poesia St Emilion 2020 750ml,Red Blends,Bellboy Corporation,36,1.6,22.9,27.24,36.99,19.86,26,,7,19,Chanhassen:1;Roseville:1;Plymouth:8;Rosemount:10;Blaine:16
Roaming Dog Riesling 750ml,Other Whites,"Vinocopia, Inc",24,1.6,15.3,7.95,17.49,14.96,55,,7,19,Chanhassen:1;Minneapolis:1;Osseo:1;Roseville:1;Woodbury:1;Cottage Grove:2;Minnetonka:4;Stillwater:6;Ramsey:7
Franzia Spiked Lemonade 5L Box,Flavored,Southern Glazer's Wine & Spirits of MN,38,1.6,23.7,14.2,20.99,17.96,32,,7,20,Cottage Grove:1;Plymouth:1;St. Louis Park:2;Minneapolis:2;Minnetonka:3;Ramsey:3;Roseville:3;Stillwater:3;Woodbury:3;Andover:4;Blaine:4;Chanhassen:4;Osseo:5
Tassajara Cabernet 750ml,Cabernet,"Maverick Beverage Co., LLC - MN",65,1.6,40.2,7.82,14.99,12.96,48,,6,25,Blaine:6;Stillwater:10;Roseville:12;Woodbury:16;St. Louis Park:21
Les Allies Brut 187ml 2pk,Sparkling,"Maverick Beverage Co., LLC - MN",55,1.6,33.7,6.12,11.49,9.96,47,,7,21,Cottage Grove:2;Roseville:2;Osseo:3;Stillwater:3;Andover:5;Chanhassen:6;Bloomington:7;Minnetonka:7;Rosemount:8;St. Louis Park:12
Ranga Ranga Sauvignon Blanc 750ml,Sauvignon Blanc,Small Lot MN,50,1.6,31.8,10.12,18.99,15.96,47,,5,28,Woodbury:1;Roseville:3;Blaine:5;Andover:6;Vadnais Heights:11;Minnetonka:12;St. Louis Park:12
Decoy Zinfandel 750ml,Zinfandel,"Breakthru Beverage Minnesota Wine & Spirits, LLC",47,1.6,29.9,14.1,21.99,18.96,36,"12cs one store, one invoice.  50+ cs chain buy ok to split up throughout the month.  Intended for feature, ad, display, etc.",5,28,St. Louis Park:1;Roseville:2;Minnetonka:4;Chanhassen:5;Osseo:5;Blaine:10;Bloomington:10;Ramsey:10
One of One Non-Alcoholic Sparkling Wine 750ml,Sparkling,Paustis Wine,466,1.6,282.6,9.82,18.99,15.96,48,,8,17,Minnetonka:6;Ramsey:6;Bloomington:11;Plymouth:13;Rosemount:15;Osseo:17;Minneapolis:19;Stillwater:21;St. Louis Park:22;Woodbury:35;Cottage Grove:37;Chanhassen:40;Vadnais Heights:41;Andover:52;Roseville:55;Blaine:76
Villa Jolanda Passion Fruit 750ml,Other Whites,Rue 38 LLC,48,1.6,30.6,10.0,18.99,15.96,47,,7,19,Vadnais Heights:2;Roseville:2;Ramsey:4;Andover:9;Cottage Grove:10;Minneapolis:10;Blaine:11
Cattin Gewurztraminer 750ml,Other Whites,Bellboy Corporation,133,1.6,83.8,10.42,23.99,12.95,57,,4,33,Plymouth:1;Woodbury:1;Minnetonka:2;St. Louis Park:3;Roseville:3;Chanhassen:6;Ramsey:8;Osseo:9;Cottage Grove:10;Minneapolis:10;Stillwater:19;Blaine:61
Cattin Pinot Gris 750ml,Pinot Grigio/Gris,Bellboy Corporation,119,1.6,74.3,10.58,23.99,14.95,56,,5,29,Stillwater:3;Blaine:5;St. Louis Park:5;Plymouth:6;Ramsey:7;Bloomington:10;Osseo:11;Cottage Grove:12;Andover:17;Woodbury:17;Chanhassen:26
Villa Jolanda Moscato d'Asti 750ml,Other Whites,Rue 38 LLC,75,1.6,46.8,11.46,20.99,17.96,45,,7,20,Ramsey:4;Plymouth:5;Andover:6;Blaine:6;Stillwater:7;Woodbury:7;Vadnais Heights:8;Cottage Grove:9;Roseville:11;Osseo:12
Archer Roose Bubbly 4pk 250ml,Sparkling,Southern Glazer's Wine & Spirits of MN,29,1.6,18.5,12.71,22.49,18.96,43,,7,19,Minneapolis:1;Vadnais Heights:1;Woodbury:2;Blaine:4;Bloomington:4;Minnetonka:4;St. Louis Park:4;Rosemount:9
Cupcake Black Forest 750ml,Red Blends,Southern Glazer's Wine & Spirits of MN,77,1.6,47.1,5.4,9.99,8.96,46,,9,12,Plymouth:2;Cottage Grove:2;Vadnais Heights:3;St. Louis Park:4;Bloomington:5;Roseville:6;Andover:9;Ramsey:10;Blaine:10;Rosemount:13;Woodbury:13
14 Hands Sauv Blanc 750ml,Sauvignon Blanc,Southern Glazer's Wine & Spirits of MN,30,1.6,19.1,7.4,11.49,9.96,36,,7,19,Woodbury:2;Cottage Grove:3;Blaine:7;Rosemount:7;Andover:11
Florio Sweet Marsala 750ml,Fortified,"Vinocopia, Inc",99,1.6,63.0,11.46,19.99,16.96,43,,7,19,Minneapolis:3;Cottage Grove:5;Woodbury:5;Osseo:5;Vadnais Heights:8;Chanhassen:9;St. Louis Park:9;Plymouth:10;Andover:11;Blaine:11;Rosemount:11;Roseville:12
Une Femme Chardonnay Can 250ml,Chardonnay,"Breakthru Beverage Minnesota Wine & Spirits, LLC",162,1.6,98.2,3.05,6.49,5.96,53,,8,17,St. Louis Park:3;Plymouth:14;Blaine:19;Stillwater:19;Roseville:20;Vadnais Heights:20;Bloomington:22;Woodbury:22;Minnetonka:23
Masseria Li Veli Orion Primitivo Salento,Other Reds,The Wine Company,24,1.5,15.9,12.46,22.49,18.96,45,,7,17,Blaine:1;Vadnais Heights:3;St. Louis Park:5;Minneapolis:6;Roseville:9
Fortant Altitude Malbec 750ml,Malbec,"Vinocopia, Inc",8,1.5,5.5,7.66,14.99,12.96,49,,8,11,Vadnais Heights:8
Casa Santos Red 750ml,Red Blends,Bellboy Corporation,41,1.5,27.2,6.75,11.49,9.96,41,,5,26,Ramsey:1;Rosemount:1;Vadnais Heights:1;Plymouth:7;Osseo:10;Minneapolis:10;Woodbury:11
Lapis Luna Sauvignon Blanc 750ml,Sauvignon Blanc,"Vinocopia, Inc",27,1.5,17.5,8.12,13.99,11.96,42,,9,9,St. Louis Park:5;Blaine:11;Roseville:11
Ch Campuget Costieres de Nimes Rose 750ml,Rose,The Wine Company,14,1.5,9.2,10.12,14.99,12.96,32,,6,22,St. Louis Park:1;Plymouth:3;Chanhassen:10
Bouchard VDP Pinot Noir 750ml,Pinot Noir,"Vinocopia, Inc",48,1.5,31.2,8.79,15.99,13.96,45,,5,27,Plymouth:1;Cottage Grove:4;Stillwater:7;Woodbury:7;Rosemount:9;Blaine:20
K J Vintner's Pinot Gris 750ml,Pinot Grigio/Gris,Phillips Wine & Spirits - St. Paul,36,1.5,23.9,9.64,14.99,12.96,36,5 Vintner's Chard on 100+8cs VR SB,7,17,Minnetonka:1;Blaine:35
Dom Roche Bousseau Brut 750ml,Sparkling,Phillips Wine & Spirits - St. Paul,155,1.5,103.8,8.48,18.99,15.96,55,,8,12,Rosemount:2;Woodbury:3;Stillwater:7;Ramsey:9;Blaine:9;Osseo:10;Chanhassen:16;Andover:20;Plymouth:20;Vadnais Heights:25;Minneapolis:34
The Little Sheep Chardonnay 750ml,Chardonnay,Rue 38 LLC,48,1.5,32.1,8.17,14.99,12.96,45,,6,21,Roseville:4;Cottage Grove:4;St. Louis Park:5;Rosemount:11;Chanhassen:12;Woodbury:12
Mr. Pink Rose 750ml,Rose,"Grape Beginnings, Inc.",92,1.5,60.3,13.5,23.99,19.96,44,,6,22,Minneapolis:1;Woodbury:3;Cottage Grove:4;Osseo:4;Rosemount:5;Roseville:6;St. Louis Park:11;Minnetonka:12;Andover:13;Ramsey:14;Blaine:19
7 Deadly Red 750ml,Red Blends,Southern Glazer's Wine & Spirits of MN,63,1.5,41.4,8.73,17.49,14.96,50,,6,22,Cottage Grove:1;Woodbury:1;Bloomington:2;Minnetonka:3;St. Louis Park:6;Roseville:8;Andover:10;Rosemount:10;Plymouth:10;Blaine:12
Christian Bros Cream Sherry 750ml,Fortified,Southern Glazer's Wine & Spirits of MN,60,1.5,39.4,5.23,9.99,8.96,48,,8,13,Roseville:1;Plymouth:3;Rosemount:4;Blaine:4;Andover:6;St. Louis Park:9;Woodbury:9;Cottage Grove:12;Vadnais Heights:12
The Federalist Bourbon Barrel Red 750ml,Red Blends,Southern Glazer's Wine & Spirits of MN,28,1.5,18.7,13.4,23.99,19.96,44,,8,12,St. Louis Park:1;Plymouth:2;Roseville:6;Ramsey:8;Blaine:11
One of One Non-Alcoholic Sparkling Cans 4pk 12oz can,Sparkling,Paustis Wine,168,1.5,112.5,13.07,30.49,25.96,57,,8,12,Chanhassen:7;Minnetonka:11;Vadnais Heights:11;Plymouth:14;Rosemount:15;Cottage Grove:16;Andover:21;Roseville:30;Blaine:43
Honoro Vera Monastrell Organic 750ml,Other Reds,Oxford Street Merchants,53,1.5,35.1,5.49,10.99,8.96,50,,7,17,Vadnais Heights:1;Minneapolis:2;St. Louis Park:8;Chanhassen:9;Osseo:10;Blaine:11;Andover:12
"Piattelli Reserve Cabernet, Mendoza 750ml",Cabernet,"Vinocopia, Inc",35,1.5,23.4,8.77,15.99,13.96,45,,8,12,Osseo:5;Woodbury:5;Andover:8;Chanhassen:8;Roseville:9
Tisdale Pinot Grigio 750ml,Pinot Grigio/Gris,Johnson Brothers - St. Paul,46,1.5,31.5,3.76,5.99,,37,,8,11,Andover:2;Chanhassen:4;Minneapolis:10;Minnetonka:12;Rosemount:18
Tilia Malbec Syrah 750ml,Red Blends,"Grape Beginnings, Inc.",52,1.5,33.8,9.0,15.99,13.96,44,,7,18,Andover:3;St. Louis Park:3;Plymouth:4;Chanhassen:5;Blaine:6;Roseville:11;Osseo:20
Willamette Valley Est. P. Noir 750ml,Pinot Noir,Bellboy Corporation,79,1.5,53.5,19.04,35.49,29.96,46,,7,16,Woodbury:3;Minnetonka:7;Bloomington:9;Chanhassen:10;Blaine:13;Roseville:15;St. Louis Park:22
One Flock Chardonnay 750ml,Chardonnay,Paustis Wine,53,1.5,35.9,6.57,17.49,14.96,62,,5,25,Blaine:1;Woodbury:1;Cottage Grove:2;Vadnais Heights:4;Stillwater:5;St. Louis Park:7;Minnetonka:8;Osseo:10;Bloomington:15
Barefoot Rose Tetra 500ml,Rose,Johnson Brothers - St. Paul,13,1.5,8.8,3.09,5.49,4.96,44,,7,16,St. Louis Park:1;Minneapolis:3;Osseo:3;Minnetonka:6
Juan Gil Silver Monastrell 750ml,Other Reds,Oxford Street Merchants,57,1.5,38.2,10.57,18.99,15.96,44,,8,12,Andover:3;Chanhassen:3;Minnetonka:3;Minneapolis:4;Woodbury:4;Roseville:8;St. Louis Park:10;Blaine:22
Mogen David Concord 3L,Other Reds,Southern Glazer's Wine & Spirits of MN,20,1.5,13.5,12.09,19.99,,40,,5,25,Blaine:1;Vadnais Heights:1;Andover:2;Plymouth:2;Ramsey:3;Rosemount:3;Roseville:4;St. Louis Park:4
Bartenura Pinot Grigio 750ml,Pinot Grigio/Gris,Phillips Wine & Spirits - St. Paul,53,1.5,35.5,7.71,13.79,11.96,44,,8,12,Rosemount:1;Vadnais Heights:5;Ramsey:7;Minnetonka:8;Plymouth:9;Blaine:11;Stillwater:12
Illahe Pinot Noir Willamette 750ml,Pinot Noir,"Tradition Wine & Spirits, LLC",20,1.5,13.1,21.83,38.99,32.96,44,,6,22,Andover:3;St. Louis Park:3;Minnetonka:4;Bloomington:5;Blaine:5
Tozai Living Jewel 720ml,Fortified,"Maverick Beverage Co., LLC - MN",34,1.5,22.3,11.25,23.99,19.96,53,,6,22,Minneapolis:1;Vadnais Heights:2;Andover:3;Woodbury:3;Minnetonka:4;Plymouth:4;Rosemount:5;Blaine:6;Roseville:6
Tyku Sake Junmai White 330ml,Fortified,Southern Glazer's Wine & Spirits of MN,31,1.5,21.2,7.4,12.99,10.96,43,,7,17,Minneapolis:6;Blaine:7;Roseville:7;St. Louis Park:11
Stella Rosa Green Apple 750ml,Flavored,"Breakthru Beverage Minnesota Wine & Spirits, LLC",33,1.4,23.1,8.76,14.99,12.96,42,,6,19,Blaine:3;Ramsey:5;Cottage Grove:5;Rosemount:8;Roseville:12
Dry Creek Fume Blanc 750ml,Sauvignon Blanc,"Breakthru Beverage Minnesota Wine & Spirits, LLC",23,1.4,16.6,12.1,19.99,16.96,39,,7,13,St. Louis Park:5;Blaine:7;Roseville:11
Dry Creek Heritage Zin 750ml,Zinfandel,"Breakthru Beverage Minnesota Wine & Spirits, LLC",12,1.4,8.8,18.1,26.99,22.96,33,,6,17,Minnetonka:1;Blaine:5;St. Louis Park:6
Sebastiani Chardonnay 750ml,Chardonnay,Southern Glazer's Wine & Spirits of MN,19,1.4,14.6,8.07,13.79,11.96,41,,7,12,Minnetonka:1;St. Louis Park:1;Vadnais Heights:7;Blaine:10
Fre White Zinfandel N/A 750ml,Zinfandel,Phillips Wine & Spirits - St. Paul,47,1.4,32.5,6.76,12.99,10.96,48,,5,24,Blaine:3;Andover:6;Plymouth:7;Roseville:7;Ramsey:9;Osseo:15
Bouchard VDP Chardonnay 750ml,Chardonnay,"Vinocopia, Inc",16,1.4,11.3,8.79,15.99,13.96,45,,5,23,Rosemount:1;Cottage Grove:2;Chanhassen:2;Woodbury:5;Ramsey:6
La Vieille Ferme Rouge 3L Box,Red Blends,The Wine Company,3,1.4,2.1,15.18,29.99,24.96,49,,6,19,St. Louis Park:3
Fre Merlot N/A 750ml,Merlot,Phillips Wine & Spirits - St. Paul,41,1.4,28.3,6.76,12.99,10.96,48,,7,15,Andover:1;Minneapolis:1;Cottage Grove:5;Osseo:6;Rosemount:8;Roseville:9;Plymouth:12
Shannon Ridge Petite Sirah 750ml,Other Reds,Paustis Wine,99,1.4,68.4,7.7,13.79,11.96,44,,7,15,Vadnais Heights:2;Chanhassen:6;Roseville:6;Cottage Grove:9;Osseo:9;Rosemount:10;St. Louis Park:10;Plymouth:11;Andover:11;Minneapolis:12;Blaine:13
La Fiera Montepulciano d'Abruz,Other Reds,"Bourget Imports, LLC",57,1.4,41.6,8.15,14.99,9.95,46,,6,17,Andover:1;Minnetonka:3;Bloomington:5;Stillwater:6;Chanhassen:8;Roseville:10;Blaine:12;Osseo:12
AOW The Great Wave Sauvignon Blanc 750ml,Sauvignon Blanc,Rue 38 LLC,27,1.4,18.7,10.79,19.99,16.96,46,,7,15,Roseville:1;Bloomington:4;Blaine:10;St. Louis Park:12
Elk Cove Pinot Noir Rose 750ml,Rose,"New France Wine Co, Inc",22,1.4,16.1,13.54,21.24,18.45,36,,4,26,Ramsey:5;Bloomington:8;St. Louis Park:9
Barkan Sauvignon Blanc 750ml,Sauvignon Blanc,Phillips Wine & Spirits - St. Paul,12,1.4,8.7,7.96,14.99,12.96,47,,5,22,St. Louis Park:3;Minnetonka:9
Sutter Home Sweet Red 187ml,Red Blends,Phillips Wine & Spirits - St. Paul,4,1.4,2.8,5.18,7.99,6.96,35,,7,14,Andover:4
Cakebread Cellars Cab Sauv 750ml,Cabernet,"Breakthru Beverage Minnesota Wine & Spirits, LLC",45,1.4,32.5,60.1,74.99,67.96,20,,5,22,Andover:1;Chanhassen:1;Rosemount:1;Cottage Grove:2;St. Louis Park:2;Vadnais Heights:2;Minnetonka:5;Ramsey:5;Roseville:9;Blaine:17
Orin Swift 8 Years in the Desert 750ml,Zinfandel,Johnson Brothers - St. Paul,52,1.4,36.7,32.09,46.99,39.96,32,Deep Net Nov/Dec,7,14,Blaine:1;Chanhassen:1;Woodbury:1;Roseville:2;Vadnais Heights:4;Plymouth:6;St. Louis Park:6;Andover:7;Rosemount:7;Minnetonka:8;Stillwater:9
Chateau Clos Manou Red 750ml,Other Reds,Phillips Wine & Spirits - St. Paul,73,1.4,51.6,19.14,35.49,19.95,46,,5,23,Woodbury:11;St. Louis Park:16;Blaine:23;Minnetonka:23
Vibe Pink Lemonade 500ml,Flavored,Johnson Brothers - St. Paul,4,1.4,2.9,1.91,3.49,2.96,45,1 on 10 (dinkytown only),7,13,Minneapolis:4
Roth Cabernet Sauvignon 750ml,Cabernet,Southern Glazer's Wine & Spirits of MN,64,1.4,45.2,17.4,30.49,25.96,43,,7,14,Minnetonka:4;St. Louis Park:4;Rosemount:7;Roseville:7;Andover:8;Blaine:10;Plymouth:12;Woodbury:12
Provisions Cabernet 3L Box,Cabernet,Paustis Wine,23,1.4,16.4,11.46,19.99,16.96,43,,6,18,St. Louis Park:1;Stillwater:2;Chanhassen:3;Andover:4;Blaine:4;Rosemount:4;Roseville:5
Bonanza Chardonnay 750ml,Chardonnay,Oxford Street Merchants,67,1.4,48.4,11.34,19.99,16.96,43,,5,22,Chanhassen:6;Andover:8;St. Louis Park:9;Plymouth:13;Blaine:14;Woodbury:17
Cattin Cremant D'Alsace Brut 750ml,Sparkling,Bellboy Corporation,86,1.4,59.4,10.11,23.99,14.95,58,,7,15,Rosemount:1;Minnetonka:1;Woodbury:7;Stillwater:8;Cottage Grove:11;Osseo:12;Plymouth:12;Andover:14;Roseville:20
Maison Noir 'Sheeps Clothing' Pinot Noir 750ml,Pinot Noir,Small Lot MN,62,1.4,44.3,14.79,25.99,21.96,43,,6,18,Andover:2;Stillwater:7;Chanhassen:8;Roseville:10;St. Louis Park:10;Woodbury:10;Blaine:15
Bota Box Zinfandel 3L Box,Zinfandel,Phillips Wine & Spirits - St. Paul,5,1.4,3.5,13.4,19.99,17.96,33,,6,19,Minnetonka:1;Plymouth:1;Chanhassen:3
Bota Box Riesling 3L Box,Other Whites,Phillips Wine & Spirits - St. Paul,9,1.4,6.7,13.4,19.99,17.96,33,,5,21,Chanhassen:2;Vadnais Heights:3;Cottage Grove:4
Joel Gott Pinot Noir 750ml,Pinot Noir,Phillips Wine & Spirits - St. Paul,46,1.4,32.9,10.74,17.99,14.96,40,,4,27,Cottage Grove:2;Blaine:3;Woodbury:5;Roseville:7;Minnetonka:9;Andover:10;St. Louis Park:10
Chateau Barde Haut St Emilion 2020 750ml,Red Blends,Bellboy Corporation,35,1.4,25.6,28.85,37.99,24.86,24,,4,26,St. Louis Park:2;Roseville:3;Chanhassen:4;Blaine:26
Black Box Reserve Sauv Blanc 3L Box,Sauvignon Blanc,Johnson Brothers - St. Paul,23,1.4,17.0,20.27,35.49,29.96,43,,5,21,Chanhassen:2;Rosemount:2;Roseville:2;Andover:3;Cottage Grove:3;Plymouth:3;St. Louis Park:3;Blaine:5
Yes Way Sparkling Rose 750ml,Sparkling,Johnson Brothers - St. Paul,92,1.3,72.1,9.77,17.99,14.96,46,,4,23,Blaine:1;Cottage Grove:2;Andover:3;Minneapolis:3;Chanhassen:5;Stillwater:5;Woodbury:5;Plymouth:6;Roseville:6;Rosemount:7;Vadnais Heights:9;Minnetonka:9;Osseo:10;St. Louis Park:10;Ramsey:11
Tyku Sake Junmai White 720ml,Fortified,Southern Glazer's Wine & Spirits of MN,9,1.3,6.7,12.13,22.99,18.96,47,,6,16,Minneapolis:1;Blaine:3;Roseville:5
Coppola Diamond Shimmer White Blend 750ml,White Blends,Johnson Brothers - St. Paul,20,1.3,15.0,5.38,11.99,9.96,55,,6,16,Andover:5;Cottage Grove:5;Blaine:10
Emmolo Sauvignon Blanc 750ml,Sauvignon Blanc,Oxford Street Merchants,41,1.3,32.1,11.34,19.99,16.96,43,,6,14,Blaine:6;Roseville:7;St. Louis Park:9;Andover:9;Chanhassen:10
Bread & Butter Sliced Chardonnay 750ml,Chardonnay,Paustis Wine,54,1.3,42.9,7.02,13.99,11.96,50,,5,18,Rosemount:2;Woodbury:2;St. Louis Park:4;Roseville:7;Blaine:8;Chanhassen:8;Plymouth:10;Cottage Grove:13
Bogle Phantom Chardonnay 750ml,Chardonnay,Phillips Wine & Spirits - St. Paul,63,1.3,49.4,10.53,18.99,15.96,45,,6,14,Andover:8;Bloomington:11;Rosemount:11;St. Louis Park:13;Chanhassen:20
Villa M Red Berry Moscato NV 750ml,Flavored,Small Lot MN,148,1.3,111.9,5.5,13.79,11.96,60,,5,20,Roseville:7;Stillwater:10;Blaine:39;Andover:92
Andre Mango Mimosa 750ml,Flavored,Johnson Brothers - St. Paul,4,1.3,3.2,4.92,8.99,7.96,45,,7,9,Minneapolis:4
Mark West Cabernet Sauvignon 750ml,Cabernet,Johnson Brothers - St. Paul,16,1.3,12.0,7.42,11.99,9.96,38,,6,16,Minnetonka:1;Osseo:1;Ramsey:2;Roseville:3;Blaine:9
Soon Hari Variety 6 pk 375ml,Fortified,Johnson Brothers - St. Paul,2,1.3,1.6,24.27,42.99,35.96,44,,6,14,Minneapolis:2
Manischewitz Concord 1.5L,Other Reds,Johnson Brothers - St. Paul,45,1.3,33.6,9.52,13.99,,32,,6,16,Plymouth:1;Vadnais Heights:1;Minnetonka:2;St. Louis Park:2;Blaine:3;Chanhassen:3;Stillwater:3;Andover:4;Minneapolis:4;Cottage Grove:5;Roseville:5;Osseo:6;Woodbury:6
Apothic Dark 750ml,Red Blends,Johnson Brothers - St. Paul,16,1.3,12.5,7.42,11.99,9.96,38,,6,16,Andover:0;Stillwater:3;Cottage Grove:13
J Vineyards Chardonnay 750ml,Chardonnay,Johnson Brothers - St. Paul,33,1.3,26.2,15.42,26.99,22.96,43,,5,18,Blaine:5;Ramsey:6;Roseville:8;Minnetonka:14
Vibe Blue Raspberry 500ml,Flavored,Johnson Brothers - St. Paul,17,1.3,12.7,1.91,4.49,3.96,57,1 on 10 (dinkytown only),6,16,Chanhassen:1;Cottage Grove:1;Minnetonka:2;Osseo:3;Minneapolis:10
Dry Creek Sauv Blanc 750ml,Sauvignon Blanc,"Breakthru Beverage Minnesota Wine & Spirits, LLC",55,1.3,41.1,15.43,24.99,20.96,38,,6,16,Blaine:1;St. Louis Park:3;Bloomington:5;Andover:7;Rosemount:9;Plymouth:10;Roseville:10;Woodbury:10
Cattin Orange 750ml,Other Whites,Bellboy Corporation,26,1.3,19.4,10.42,23.99,14.95,57,,6,16,Andover:4;Osseo:5;Stillwater:8;Minnetonka:9
Silk & Spice White Blend 750ml,White Blends,Paustis Wine,73,1.3,57.9,7.75,14.99,12.96,48,,5,18,Cottage Grove:2;Ramsey:3;Vadnais Heights:3;Andover:4;Chanhassen:4;Minnetonka:5;Rosemount:5;Osseo:7;Woodbury:8;Blaine:9;Minneapolis:11;Plymouth:12
Whitehall Lane Sonoma Stage Pinot Noir Petaluma Gap 750ml,Pinot Noir,"Maverick Beverage Co., LLC - MN",21,1.3,16.7,16.12,29.99,24.96,46,,5,18,Minnetonka:1;Blaine:6;Plymouth:7;Roseville:7
Whitehaven Sauv Blanc 375ml,Sauvignon Blanc,Johnson Brothers - St. Paul,22,1.3,17.0,8.09,12.99,,38,,5,19,St. Louis Park:1;Minnetonka:9;Chanhassen:12
Silver Oak Alexander Cabernet 750ml,Cabernet,Oxford Street Merchants,98,1.3,75.0,53.42,88.99,74.96,40,3 case Buy within the chain - no support if not full cases,4,24,St. Louis Park:3;Stillwater:4;Blaine:5;Bloomington:5;Plymouth:5;Vadnais Heights:5;Roseville:6;Andover:7;Minnetonka:10;Chanhassen:12;Cottage Grove:12;Rosemount:12;Woodbury:12
Pieropan Soave Classico 750ml,Other Whites,Oxford Street Merchants,66,1.3,51.9,15.34,27.99,23.96,45,,5,19,Blaine:2;Stillwater:3;Andover:5;Cottage Grove:6;Minneapolis:6;Chanhassen:7;Minnetonka:7;St. Louis Park:7;Woodbury:10;Vadnais Heights:13
Graham's 10 Yr Tawny 750ml,Fortified,Southern Glazer's Wine & Spirits of MN,29,1.3,23.0,30.8,45.99,39.96,33,,5,18,Cottage Grove:1;Ramsey:1;Woodbury:1;Rosemount:1;Blaine:2;Minnetonka:2;Plymouth:2;Roseville:2;Andover:3;Chanhassen:3;St. Louis Park:3;Stillwater:3;Bloomington:5
Acrobat Rose 750ml,Rose,Southern Glazer's Wine & Spirits of MN,61,1.3,48.4,9.57,17.49,14.96,45,,3,27,Andover:1;Minneapolis:3;Roseville:3;Chanhassen:4;St. Louis Park:7;Woodbury:7;Blaine:12;Bloomington:12;Rosemount:12
Chateau Picque Caillou White 750ml,Other Whites,Phillips Wine & Spirits - St. Paul,47,1.3,35.5,20.43,35.49,19.86,42,,5,20,Minnetonka:3;St. Louis Park:15;Blaine:29
Winehaven Lakeside Red,Other Reds,Paustis Wine,16,1.3,12.7,13.33,22.99,,42,,7,9,Blaine:1;Andover:5;Minneapolis:10
Hahn Chardonnay 750ml,Chardonnay,Johnson Brothers - St. Paul,20,1.3,15.1,9.09,15.99,13.96,43,,7,11,Cottage Grove:1;Minnetonka:1;Roseville:1;Blaine:2;Woodbury:4;Ramsey:12
Haton Brut 750ml,Sparkling,Phillips Wine & Spirits - St. Paul,2,1.3,1.5,17.81,47.99,39.96,63,,7,10,Minnetonka:1;Vadnais Heights:1
Justin Isosceles Cab Sauvignon,Cabernet,Southern Glazer's Wine & Spirits of MN,48,1.3,37.6,54.34,89.99,63.96,40,,6,14,Roseville:1;Stillwater:1;Woodbury:1;Ramsey:2;Osseo:3;St. Louis Park:3;Vadnais Heights:3;Minnetonka:4;Andover:5;Blaine:5;Chanhassen:5;Plymouth:5;Cottage Grove:10
Clos Du Bois Pinot Noir 750ml,Pinot Noir,Johnson Brothers - St. Paul,36,1.3,27.6,6.76,12.99,10.96,48,,6,15,Minnetonka:4;Stillwater:5;Osseo:6;Blaine:9;Woodbury:12
Bonny Doon LeCigare Volant Red 750ml,Red Blends,"Vinocopia, Inc",24,1.3,18.6,9.46,17.49,12.96,46,,7,10,Andover:1;St. Louis Park:2;Plymouth:4;Rosemount:4;Minneapolis:5;Ramsey:8
Saint Cosme Cote du Rhone 750ml,Red Blends,"Grape Beginnings, Inc.",37,1.3,27.7,13.5,23.99,19.96,44,,6,16,Blaine:1;Chanhassen:1;Plymouth:2;Vadnais Heights:6;Roseville:7;Woodbury:8;St. Louis Park:12
Pavette Cabernet Sauvignon 750ml,Cabernet,Libation Project,97,1.3,77.0,9.83,17.49,14.96,44,,5,18,Blaine:3;Woodbury:3;Vadnais Heights:6;Rosemount:7;Cottage Grove:8;Chanhassen:10;Ramsey:14;Andover:22;Minnetonka:24
La Plage Rose 750ml,Rose,"Maverick Beverage Co., LLC - MN",43,1.3,32.1,9.46,18.99,14.46,50,,6,16,Osseo:7;Vadnais Heights:13;Ramsey:23
Lange Rose of Pinot Noir 750ml,Rose,Oxford Street Merchants,27,1.3,20.7,13.42,23.99,19.96,44,,4,24,Woodbury:4;St. Louis Park:5;Roseville:7;Minnetonka:11
Sea Pearl Sauvignon Blanc 750ml,Sauvignon Blanc,"Maverick Beverage Co., LLC - MN",16,1.3,12.0,9.46,15.99,13.96,41,,6,16,Chanhassen:1;Stillwater:1;Vadnais Heights:1;St. Louis Park:3;Plymouth:10
Fairbanks Sherry 750ml,Fortified,Southern Glazer's Wine & Spirits of MN,27,1.3,21.2,5.66,8.99,,37,,6,14,Vadnais Heights:3;Roseville:3;Chanhassen:5;Blaine:8;St. Louis Park:8
Estreia Vinho Verde Rose 250ml can,Rose,"Bourget Imports, LLC",8,1.3,6.3,3.0,5.49,4.96,45,,5,18,Minnetonka:4;Roseville:4
Mer Soleil Rsv Chardonnay 375ml,Chardonnay,Oxford Street Merchants,97,1.2,79.9,5.64,10.99,8.96,49,,6,12,Andover:8;Woodbury:9;Bloomington:11;Minnetonka:11;Roseville:58
Gnarly Head 1924 Double Blk Cab Sauv 750ml,Cabernet,Johnson Brothers - St. Paul,55,1.2,47.1,5.96,12.49,10.96,52,,5,15,Ramsey:1;Rosemount:1;Osseo:2;Plymouth:2;St. Louis Park:10;Cottage Grove:12;Stillwater:13;Blaine:14
Barefoot Bubbly Moscato Spuman 750ml,Sparkling,Johnson Brothers - St. Paul,26,1.2,21.4,7.42,12.99,10.96,43,,6,12,Plymouth:1;Roseville:6;Blaine:9;Minneapolis:10
Barefoot Sauvignon Blanc Tetra 500ml,Sauvignon Blanc,Johnson Brothers - St. Paul,24,1.2,19.8,3.09,5.49,4.96,44,,6,12,Stillwater:1;Vadnais Heights:2;Ramsey:9;Minneapolis:12
7 Deadly Cabernet Sauvignon 750ml,Cabernet,Southern Glazer's Wine & Spirits of MN,79,1.2,66.8,8.73,17.49,14.96,50,,6,11,Andover:1;Roseville:1;St. Louis Park:3;Stillwater:4;Minneapolis:6;Plymouth:6;Ramsey:6;Rosemount:7;Chanhassen:7;Blaine:9;Cottage Grove:9;Woodbury:9;Osseo:11
Black Box Reserve Chardonnay 3L Box,Chardonnay,Johnson Brothers - St. Paul,20,1.2,16.7,20.27,35.49,29.96,43,,5,16,Blaine:2;Chanhassen:3;Plymouth:3;Roseville:3;St. Louis Park:4;Cottage Grove:5
Brilla Prosecco 750ml,Sparkling,Paustis Wine,29,1.2,24.2,9.53,17.49,14.96,46,3 on 15,7,7,Chanhassen:8;Woodbury:10;Minnetonka:11
Kobal Sauvignon Blanc 750ml,Sauvignon Blanc,"New France Wine Co, Inc",39,1.2,33.4,13.54,23.99,19.96,44,,3,24,St. Louis Park:5;Blaine:6;Woodbury:7;Bloomington:10;Roseville:11
Bota Box Pinot Noir 500ml,Pinot Noir,Phillips Wine & Spirits - St. Paul,32,1.2,26.0,2.76,5.49,4.96,50,,5,17,Blaine:2;Roseville:8;Bloomington:10;Andover:12
Boen Tri Appellation Chardonnay 750ml,Chardonnay,Oxford Street Merchants,37,1.2,30.5,10.65,18.99,15.96,44,,6,12,Andover:1;Chanhassen:1;Blaine:3;Ramsey:3;Minnetonka:4;St. Louis Park:12;Roseville:13
Bonanza Cabernet 375ml,Cabernet,Oxford Street Merchants,111,1.2,90.3,6.97,12.99,10.96,46,,5,17,Woodbury:4;Andover:8;St. Louis Park:11;Minnetonka:17;Chanhassen:20;Blaine:23;Roseville:28
Comtesse Marion Viognier 750ml,Other Whites,"Maverick Beverage Co., LLC - MN",46,1.2,37.9,9.46,17.49,14.96,46,,6,12,Roseville:1;Blaine:3;Vadnais Heights:5;Andover:6;Minnetonka:6;St. Louis Park:6;Cottage Grove:9;Chanhassen:10
La Fiera Pinot Grigio 750ml,Pinot Grigio/Gris,"Bourget Imports, LLC",67,1.2,53.8,8.15,14.99,12.96,46,,4,22,Minnetonka:3;Stillwater:4;Bloomington:5;Rosemount:5;Plymouth:6;Ramsey:8;Roseville:12;St. Louis Park:12;Woodbury:12
Albert Bichot Cremant de Bourgogne Brut 750ml,Sparkling,"Grape Beginnings, Inc.",8,1.2,6.9,17.0,30.99,25.96,45,,5,15,St. Louis Park:1;Woodbury:1;Plymouth:2;Roseville:4
Chateau Souverain Cab Sauv 750ml,Cabernet,Johnson Brothers - St. Paul,37,1.2,31.3,8.09,14.99,12.96,46,,6,11,St. Louis Park:1;Minneapolis:2;Roseville:4;Chanhassen:5;Woodbury:6;Blaine:19
Carnivor Cabernet 750ml,Cabernet,Johnson Brothers - St. Paul,1,1.2,0.9,8.76,13.99,11.96,37,,4,19,Blaine:1
Casa Santos White 750ml,White Blends,Bellboy Corporation,32,1.2,26.7,6.75,11.49,8.96,41,,5,16,Ramsey:2;Plymouth:3;Rosemount:7;Minneapolis:10;Osseo:10
La Vieille Ferme Sparkling Rose 750ml,Sparkling,The Wine Company,54,1.2,46.3,9.46,15.99,,41,,3,24,Minneapolis:2;Ramsey:3;Woodbury:4;Minnetonka:12;St. Louis Park:12;Osseo:21
Catena Appellation Paraje Altamira Malbec 750ml,Malbec,"Grape Beginnings, Inc.",44,1.2,37.7,18.0,33.49,27.96,46,,5,15,Roseville:1;Rosemount:1;Andover:5;Blaine:6;Vadnais Heights:6;Chanhassen:12;St. Louis Park:13
Caymus Napa Cabernet 375ml,Cabernet,Oxford Street Merchants,96,1.2,83.4,28.72,53.99,44.96,47,,6,10,Woodbury:9;Minnetonka:10;Chanhassen:11;Blaine:15;Roseville:51
Caymus Cabernet Sauvignon Liter,Cabernet,Oxford Street Merchants,23,1.2,20.0,65.62,93.99,79.96,30,,6,10,Bloomington:2;Blaine:3;Andover:9;St. Louis Park:9
Silk & Spice Intense Red 750ml,Red Blends,Paustis Wine,105,1.2,90.0,7.75,14.99,12.96,48,,5,15,Andover:2;Blaine:2;St. Louis Park:3;Stillwater:4;Bloomington:5;Minneapolis:6;Chanhassen:8;Plymouth:8;Woodbury:9;Cottage Grove:11;Roseville:11;Osseo:12;Ramsey:12;Rosemount:12
Dibon Cava Brut 750ml,Sparkling,"Grape Beginnings, Inc.",48,1.2,39.1,9.88,18.99,15.96,48,,5,17,St. Louis Park:2;Roseville:3;Plymouth:5;Rosemount:6;Blaine:7;Chanhassen:8;Vadnais Heights:8;Woodbury:9
Stags' Leap Chardonnay 750ml,Chardonnay,"Breakthru Beverage Minnesota Wine & Spirits, LLC",58,1.2,46.6,22.1,33.49,27.96,34,,6,13,Blaine:3;St. Louis Park:3;Bloomington:4;Woodbury:10;Chanhassen:11;Stillwater:11;Roseville:16
Stella Rosa Non-Alcoholic Peach 750ml,Other Whites,"Breakthru Beverage Minnesota Wine & Spirits, LLC",97,1.2,81.0,8.76,13.99,11.96,37,,5,16,Osseo:2;Rosemount:2;Plymouth:4;Cottage Grove:6;Vadnais Heights:6;Stillwater:8;Woodbury:8;Blaine:9;St. Louis Park:9;Andover:9;Roseville:9;Ramsey:10;Chanhassen:15
Tyku Sake Junmai Ginjo Black 720ml,Fortified,Southern Glazer's Wine & Spirits of MN,11,1.2,9.4,15.47,28.99,23.96,47,,5,15,Minneapolis:2;St. Louis Park:3;Roseville:6
Gallo Merlot 1.5L,Merlot,Johnson Brothers - St. Paul,12,1.2,10.4,7.52,13.99,8.95,46,,2,28,Andover:1;Plymouth:3;Osseo:8
10000 Hours Red Blend 750ml,Red Blends,"Vinocopia, Inc",11,1.2,9.1,16.67,29.99,24.96,44,,6,12,Roseville:11
Dom du Rin du Bois Touraine 750ml,Sauvignon Blanc,"Bourget Imports, LLC",0,1.2,0.0,10.15,17.49,14.96,42,,6,12,
Serena Mode 0.0 Sauvignon Blanc N/A 750ml,Sauvignon Blanc,The Wine Company,19,1.2,15.3,9.79,17.49,14.96,44,,6,13,Bloomington:4;Woodbury:4;St. Louis Park:4;Roseville:7
Il Tramonto Blackberry Spritz 375ml,Flavored,Johnson Brothers - St. Paul,12,1.2,10.8,6.71,11.49,9.96,42,,7,7,Minneapolis:0;Blaine:11
Cline Ancient Vines Zinfandel 750ml,Zinfandel,Southern Glazer's Wine & Spirits of MN,35,1.1,31.3,11.4,20.99,17.96,46,,6,9,Ramsey:7;St. Louis Park:7;Minneapolis:9;Roseville:12
Piper Heidsieck Brut 750ml,Sparkling,Oxford Street Merchants,11,1.1,10.1,36.08,54.99,46.96,34,,4,17,Andover:2;Blaine:3;St. Louis Park:6
Angeline Reserve Sauvignon Blanc 750ml,Sauvignon Blanc,Oxford Street Merchants,28,1.1,25.4,6.25,14.99,12.96,58,,5,13,Andover:4;Roseville:6;Vadnais Heights:7;Stillwater:11
Justin Chardonnay 750ml,Chardonnay,Southern Glazer's Wine & Spirits of MN,27,1.1,24.4,14.04,20.99,17.96,33,,3,22,Woodbury:1;Minnetonka:6;St. Louis Park:8;Chanhassen:12
Vibe Fruit Punch 500ml,Flavored,Johnson Brothers - St. Paul,13,1.1,12.3,1.91,4.49,2.96,57,1 on 10 (dinkytown only),6,7,Chanhassen:1;Cottage Grove:1;Vadnais Heights:1;Ramsey:3;Minneapolis:7
Miyashita Momo Nigori 300ml,Fortified,"Maverick Beverage Co., LLC - MN",39,1.1,34.8,12.12,20.99,17.96,42,,6,9,Minneapolis:7;St. Louis Park:9;Blaine:10;Roseville:13
Michelet Petit Chablis 750ml,Chardonnay,The Wine Company,13,1.1,11.9,16.79,26.99,21.95,38,,2,26,St. Louis Park:3;Cottage Grove:4;Vadnais Heights:6
Menage A Trois Cabernet Sauv 750ml,Cabernet,Phillips Wine & Spirits - St. Paul,35,1.1,32.1,7.36,13.99,11.96,47,5 MAT Red on 25,4,17,Chanhassen:2;Bloomington:4;Ramsey:4;Blaine:6;Andover:8;Roseville:11
Menage A Trois Luscious Pinot Noir 750ml,Pinot Noir,Phillips Wine & Spirits - St. Paul,8,1.1,7.5,5.92,10.99,8.96,46,5 MAT Red on 25,5,12,Minnetonka:1;Rosemount:1;Blaine:6
Mionetto Alcohol Removed Sparkling N/A 750ml,Sparkling,Southern Glazer's Wine & Spirits of MN,24,1.1,21.4,10.85,19.99,16.96,46,,4,18,Roseville:2;Vadnais Heights:2;Blaine:3;Andover:4;St. Louis Park:6;Bloomington:7
Penfold's Max's Shiraz/Cab 750ml,Syrah/Shiraz,"Breakthru Beverage Minnesota Wine & Spirits, LLC",24,1.1,21.4,12.19,18.99,15.96,36,,4,18,St. Louis Park:1;Bloomington:2;Woodbury:3;Minnetonka:4;Roseville:6;Blaine:8
Sechey Non-Alcoholic Pinot Noir 750ml,Pinot Noir,Get Chai,165,1.1,147.3,11.51,23.99,17.96,52,,4,18,Minnetonka:5;Roseville:6;St. Louis Park:6;Stillwater:6;Minneapolis:7;Plymouth:7;Andover:8;Vadnais Heights:9;Bloomington:10;Chanhassen:10;Ramsey:10;Woodbury:11;Rosemount:14;Blaine:26;Cottage Grove:30
Schramsberg Blanc De Blancs 750ml,Sparkling,"Breakthru Beverage Minnesota Wine & Spirits, LLC",38,1.1,35.9,30.43,46.99,39.96,35,10cs purchase in a month,2,25,Andover:5;Bloomington:8;Blaine:12;St. Louis Park:13
Barkan Cabernet Sauvignon 750ml,Cabernet,Phillips Wine & Spirits - St. Paul,39,1.1,36.3,8.98,15.99,13.96,44,,3,21,Andover:2;Minnetonka:6;Chanhassen:9;Blaine:11;St. Louis Park:11
Stella Rosa Non-Alcoholic Rose 750ml,Rose,"Breakthru Beverage Minnesota Wine & Spirits, LLC",80,1.1,73.5,8.76,13.99,11.96,37,,4,17,Vadnais Heights:2;Blaine:3;Bloomington:3;Roseville:4;St. Louis Park:4;Osseo:6;Woodbury:7;Cottage Grove:8;Stillwater:9;Chanhassen:10;Rosemount:11;Plymouth:13
Franzia Crisp White 3L Box,White Blends,Southern Glazer's Wine & Spirits of MN,6,1.1,5.5,7.79,14.99,12.96,48,,4,17,Andover:1;Blaine:5
Tyku Sake Junmai Ginjo Black 330ml,Fortified,Southern Glazer's Wine & Spirits of MN,17,1.1,16.7,10.07,18.99,15.96,47,,5,12,Minneapolis:1;St. Louis Park:2;Blaine:3;Roseville:10
Fre Sauvignon Blanc N/A 750ml,Sauvignon Blanc,Phillips Wine & Spirits - St. Paul,26,1.1,24.2,6.76,12.99,10.96,48,,5,12,St. Louis Park:2;Cottage Grove:3;Bloomington:5;Blaine:7;Andover:9
Threadcount Cali Cabernet 750ml,Cabernet,Oxford Street Merchants,11,1.1,9.8,11.31,19.99,16.96,43,,6,9,Blaine:11
Greenwing Cabernet 750ml,Cabernet,"Breakthru Beverage Minnesota Wine & Spirits, LLC",39,1.1,34.8,12.1,21.99,18.96,45,,6,9,Woodbury:9;Chanhassen:10;Roseville:10;St. Louis Park:10
Bota Box Breeze Cabernet 3L Box,Cabernet,Phillips Wine & Spirits - St. Paul,16,1.1,14.1,12.1,19.99,17.96,39,,5,14,Ramsey:1;Blaine:1;Roseville:2;Minnetonka:4;Minneapolis:8
Kobal Pinot Grigio 750ml,Pinot Grigio/Gris,"New France Wine Co, Inc",47,1.1,42.0,13.54,23.99,19.96,44,,2,27,Chanhassen:1;Minnetonka:1;Woodbury:3;St. Louis Park:8;Blaine:11;Bloomington:11;Roseville:12
William Hill NC Chardonnay 750ml,Chardonnay,Johnson Brothers - St. Paul,37,1.1,33.5,10.76,18.99,15.96,43,,5,13,Minneapolis:2;Chanhassen:4;Stillwater:4;Plymouth:6;Minnetonka:10;Blaine:11
Clay Shannon Chardonnay 750ml,Chardonnay,Paustis Wine,43,1.1,38.4,11.62,17.99,15.96,35,,6,9,Chanhassen:2;Plymouth:2;Roseville:3;Woodbury:4;Rosemount:5;St. Louis Park:5;Andover:11;Minnetonka:11
Robert Mondavi PS Pinot Grigio 750ml,Pinot Grigio/Gris,Southern Glazer's Wine & Spirits of MN,29,1.1,25.5,6.07,11.49,9.96,47,,5,14,Chanhassen:2;Blaine:3;Minneapolis:4;Roseville:9;Bloomington:11
Decoy Limited Sonoma Coast Pinot Noir 750ml,Pinot Noir,"Breakthru Beverage Minnesota Wine & Spirits, LLC",19,1.1,17.7,16.1,26.99,22.96,40,"12cs one store, one invoice.  50+ cs chain buy ok to split up throughout the month.  Intended for feature, ad, display, etc.",5,12,Blaine:2;Stillwater:5;Roseville:12
Taylor Dry Sherry 750ml,Fortified,Johnson Brothers - St. Paul,35,1.0,34.6,6.76,9.99,,32,,5,10,Osseo:2;Plymouth:3;Minnetonka:4;Stillwater:6;Blaine:20
Ariel Cabernet Sauvignon N/A 750ml,Cabernet,"Breakthru Beverage Minnesota Wine & Spirits, LLC",13,1.0,13.1,8.76,14.99,12.96,42,,4,14,Cottage Grove:13
G. D. Vajra Barolo Albe,Other Reds,"New France Wine Co, Inc",33,1.0,31.7,26.88,47.99,39.96,44,,5,11,Rosemount:1;Roseville:1;St. Louis Park:1;Chanhassen:9;Blaine:10;Minnetonka:11
Toad Hollow RRV Merlot 750ml,Merlot,The Wine Company,23,1.0,22.1,9.19,15.99,13.96,43,,5,11,Bloomington:4;Ramsey:7;Blaine:12
Matchbook Chardonnay 750ml,Chardonnay,The Wine Company,25,1.0,24.4,9.72,17.49,9.95,44,,6,6,Rosemount:6;Minnetonka:7;Cottage Grove:12
Chankaska Creekside Red 750ml,Red Blends,"Vinocopia, Inc",58,1.0,59.2,12.82,23.99,19.96,47,,5,9,Chanhassen:1;Blaine:2;Osseo:3;Roseville:3;Cottage Grove:5;Andover:5;Minnetonka:7;Stillwater:7;Rosemount:8;Woodbury:8;Plymouth:9
Lone Birch Pinot Gris 750ml,Pinot Grigio/Gris,"Bourget Imports, LLC",19,1.0,19.4,10.15,17.49,9.95,42,,5,9,Plymouth:4;Vadnais Heights:6;Osseo:9
Louis Jadot Pouilly Fuisse 750ml,Chardonnay,"Breakthru Beverage Minnesota Wine & Spirits, LLC",16,1.0,16.1,22.76,37.99,31.96,40,,4,14,Blaine:1;Ramsey:1;Stillwater:3;St. Louis Park:11
Martin Woods Jessie James Pinot Noir 750ml,Pinot Noir,"New France Wine Co, Inc",27,1.0,27.6,44.21,70.99,59.96,38,,5,9,Roseville:9;Blaine:9;Minnetonka:9
90+ Cellars Lot 226 Chinon 750ml,Other Reds,Bellboy Corporation,12,1.0,11.7,9.58,20.99,17.96,54,,6,6,St. Louis Park:12
Woodbridge Riesling 1.5L,Other Whites,Southern Glazer's Wine & Spirits of MN,18,1.0,17.3,7.2,12.99,10.96,45,,5,11,Roseville:3;Blaine:4;Cottage Grove:5;Ramsey:6
Mezzacorona Pinot Grigio 1.5L,Pinot Grigio/Gris,Southern Glazer's Wine & Spirits of MN,20,1.0,19.2,10.8,20.99,,49,,5,11,Chanhassen:1;Plymouth:3;Minnetonka:4;St. Louis Park:5;Woodbury:7
Maal Biutiful Malbec 750ml,Malbec,The Wine Company,15,1.0,14.4,15.12,24.99,16.95,39,,5,11,Roseville:1;Osseo:3;St. Louis Park:4;Minnetonka:7
Chateau Leon 750ml,Other Reds,Phillips Wine & Spirits - St. Paul,53,1.0,51.6,8.89,17.49,12.95,49,,4,15,Osseo:3;St. Louis Park:7;Minnetonka:8;Cottage Grove:10;Chanhassen:11;Plymouth:14
Fre Chardonnay N/A 187ml 4pk,Chardonnay,Phillips Wine & Spirits - St. Paul,32,1.0,30.7,7.85,13.79,11.96,43,,3,20,Ramsey:1;Stillwater:1;Woodbury:1;Roseville:1;Chanhassen:3;Cottage Grove:3;Minneapolis:3;Rosemount:3;Blaine:4;Minnetonka:6;St. Louis Park:6
Routestock Pinot Noir 750ml,Pinot Noir,"Breakthru Beverage Minnesota Wine & Spirits, LLC",43,1.0,43.2,15.1,26.99,22.96,44,,4,14,Blaine:5;Chanhassen:5;St. Louis Park:6;Minnetonka:7;Roseville:9;Woodbury:11
Bota Box Breeze Pinot Grigio 500ml,Pinot Grigio/Gris,Phillips Wine & Spirits - St. Paul,23,1.0,23.1,2.76,5.49,4.96,50,,4,14,Minnetonka:3;Bloomington:8;Blaine:12
Bonny Doon Le Cigare Orange 750ml,Other Whites,"Vinocopia, Inc",10,1.0,10.2,9.46,15.99,13.96,41,,5,9,Stillwater:2;Minneapolis:8
Rapido Pinot Grigio 750ml,Pinot Grigio/Gris,Oxford Street Merchants,21,1.0,20.8,6.82,17.49,14.96,61,,3,19,Ramsey:2;Woodbury:4;Osseo:7;Vadnais Heights:8
Roederer Estate Brut 750ml,Sparkling,Oxford Street Merchants,23,1.0,23.5,17.51,27.99,23.96,37,,5,9,Stillwater:1;Cottage Grove:2;Minnetonka:2;St. Louis Park:2;Vadnais Heights:2;Osseo:3;Woodbury:11
Scharffenberger Brut 750ml,Sparkling,Oxford Street Merchants,36,1.0,35.6,13.38,23.99,19.96,44,,5,10,Osseo:1;Ramsey:1;Plymouth:3;Blaine:4;Minnetonka:6;St. Louis Park:6;Vadnais Heights:6;Cottage Grove:9
J Laurens La Rose N7 750ml,Sparkling,"New France Wine Co, Inc",16,1.0,15.4,16.54,30.99,25.96,47,,3,20,Chanhassen:1;Woodbury:4;Plymouth:5;St. Louis Park:6
Cline Mourvedre Rose 750ml,Rose,Southern Glazer's Wine & Spirits of MN,13,1.0,12.7,9.4,17.49,14.96,46,,4,15,Blaine:2;Chanhassen:3;St. Louis Park:8
Pandora's Box Cabernet 3L Box,Cabernet,Paustis Wine,46,1.0,46.9,13.5,23.99,19.96,44,,3,18,Blaine:1;Osseo:1;Bloomington:2;Ramsey:2;Andover:3;Chanhassen:3;Cottage Grove:3;Minneapolis:3;Roseville:3;Vadnais Heights:3;St. Louis Park:4;Woodbury:4;Plymouth:4;Rosemount:5;Stillwater:5
Murphy Goode Merlot 750ml,Merlot,Johnson Brothers - St. Paul,58,1.0,55.7,7.42,13.99,11.96,47,,5,11,Chanhassen:1;Ramsey:3;Cottage Grove:4;Osseo:4;Blaine:10;Rosemount:11;Woodbury:12;Roseville:13
"Field Recordings ""NOIR"" 750ml",Pinot Noir,"Tradition Wine & Spirits, LLC",16,1.0,15.6,13.83,25.99,21.96,47,,4,15,Minnetonka:1;St. Louis Park:3;Chanhassen:4;Roseville:8
La Rioja Alta Vina Alberdi Rioja Reserva 750ml,Other Reds,"Bourget Imports, LLC",40,1.0,38.4,22.15,38.99,32.96,43,,5,11,Minneapolis:1;Andover:1;Stillwater:3;Plymouth:4;St. Louis Park:8;Blaine:11;Roseville:12
Chateau Malijay Gigondas 750ml,Red Blends,Phillips Wine & Spirits - St. Paul,79,1.0,81.9,16.21,35.49,19.95,54,,4,13,Chanhassen:4;Osseo:10;Plymouth:10;Andover:12;Rosemount:12;Minnetonka:15;Blaine:16
Woodbridge Merlot 750ml,Merlot,Southern Glazer's Wine & Spirits of MN,28,1.0,27.7,4.07,7.99,6.96,49,,5,10,Chanhassen:2;Blaine:4;Vadnais Heights:10;Minneapolis:12
Pratsch Rose 750ml,Rose,"Bourget Imports, LLC",29,1.0,28.2,12.81,23.99,19.96,47,,4,15,Minneapolis:1;Roseville:2;Stillwater:6;St. Louis Park:9;Minnetonka:11
Cooper and Thief Red Blend 750ml,Red Blends,Southern Glazer's Wine & Spirits of MN,25,1.0,24.4,17.4,29.99,24.96,42,,4,15,Ramsey:1;Blaine:5;Cottage Grove:7;Andover:12
Cooks Grd Resv 750ml,Sparkling,Southern Glazer's Wine & Spirits of MN,23,1.0,23.1,6.07,11.49,9.96,47,,4,14,Vadnais Heights:23
Quinta Santa Eufemia Ruby Port 750ml,Fortified,Rue 38 LLC,26,1.0,27.0,10.12,18.99,15.96,47,,4,13,Blaine:2;Roseville:2;Stillwater:2;Osseo:3;Ramsey:4;Bloomington:5;Cottage Grove:8
Mr Soju Strawberry Matcha 375ml,Fortified,"Breakthru Beverage Minnesota Wine & Spirits, LLC",14,1.0,13.6,4.2,7.99,6.96,47,,6,6,Minneapolis:14
Casata Monticello Barbera D'Asti,Other Reds,Rue 38 LLC,32,1.0,33.2,8.79,15.99,10.95,45,,4,13,Blaine:2;Minneapolis:2;Roseville:8;Andover:9;St. Louis Park:11
Treana Cabernet Sauvignon 750ml,Cabernet,"Grape Beginnings, Inc.",46,1.0,45.5,22.5,40.99,33.96,45,,3,19,Plymouth:1;Andover:2;Rosemount:2;Cottage Grove:3;Vadnais Heights:5;Chanhassen:9;Blaine:12;St. Louis Park:12
St Croix Vineyards Frontenac Blanc 750ml,Other Whites,Saint Croix Vineyards,46,1.0,46.2,12.08,20.99,17.96,42,,4,14,Plymouth:1;Blaine:2;Chanhassen:2;Minneapolis:2;Stillwater:8;Rosemount:9;Cottage Grove:10;St. Louis Park:12
Billecart-Salmon Brut Reserve 750ml,Sparkling,"New France Wine Co, Inc",18,1.0,17.8,55.21,85.99,71.96,36,,5,10,Roseville:2;Blaine:2;St. Louis Park:3;Stillwater:4;Andover:7
Battenfeld Spanier Gruner Sylvaner Trocken 750ml,Other Whites,"New France Wine Co, Inc",15,1.0,15.3,12.88,23.99,19.96,46,,5,9,Minnetonka:5;Roseville:10
Groundwork Grenache  2018 750ml,Other Reds,"Tradition Wine & Spirits, LLC",1,1.0,1.0,17.17,26.99,17.95,36,,5,11,Minnetonka:1
Stag's Leap WC Artemis Cab Sauv 750ml,Cabernet,Southern Glazer's Wine & Spirits of MN,13,1.0,13.5,58.8,79.99,64.96,26,,4,13,Stillwater:2;Ramsey:3;St. Louis Park:4;Blaine:4
Barone Fini Pinot Grigio 750ml,Pinot Grigio/Gris,Phillips Wine & Spirits - St. Paul,22,1.0,21.1,8.42,14.99,12.96,44,,3,20,Ramsey:3;Blaine:7;Andover:12
Barefoot Riesling 3L Box,Other Whites,Johnson Brothers - St. Paul,27,1.0,27.6,14.18,22.99,18.96,38,,3,18,Blaine:2;Cottage Grove:3;Ramsey:3;Plymouth:6;Vadnais Heights:6;Andover:7
Sur de los Andes Malbec/Cabernet 750ml,Red Blends,Rue 38 LLC,17,1.0,16.8,12.12,21.99,18.96,45,,5,10,St. Louis Park:2;Woodbury:3;Roseville:4;Vadnais Heights:8
Vibe Peach 500ml,Flavored,Johnson Brothers - St. Paul,12,1.0,11.5,1.91,4.49,3.96,57,1 on 10 (dinkytown only),5,11,Plymouth:1;Stillwater:1;Minneapolis:10
St Croix Vineyards Frontenac Gris 750ml,Other Whites,Saint Croix Vineyards,67,1.0,68.4,12.08,20.99,16.45,42,,3,18,Blaine:3;Rosemount:3;Ramsey:4;Andover:9;Bloomington:11;Vadnais Heights:11;Osseo:13;Plymouth:13
St Croix Vineyards Itasca,Other Whites,Saint Croix Vineyards,57,1.0,57.3,13.33,23.99,19.96,44,,4,14,Chanhassen:3;Rosemount:5;Minnetonka:7;St. Louis Park:7;Andover:11;Blaine:12;Woodbury:12
Hahn Cabernet Sauvignon 750ml,Cabernet,Johnson Brothers - St. Paul,26,1.0,26.1,9.09,15.99,13.96,43,,4,14,Stillwater:3;Roseville:11;St. Louis Park:12
Shannon Ridge Chardonnay 750ml,Chardonnay,Paustis Wine,47,1.0,48.0,7.7,13.79,11.96,44,,5,9,Cottage Grove:1;St. Louis Park:1;Rosemount:2;Woodbury:2;Minneapolis:3;Roseville:3;Blaine:4;Ramsey:4;Stillwater:5;Chanhassen:5;Plymouth:7;Minnetonka:10
Il Tramonto Strawberry Spritz 375ml,Flavored,Johnson Brothers - St. Paul,1,1.0,1.9,6.71,11.49,9.96,42,,6,6,Minneapolis:1
Andre Blush 750ml,Sparkling,Johnson Brothers - St. Paul,12,1.0,11.9,4.92,8.99,7.96,45,,5,10,Minneapolis:12
Mr Soju Pink Pineapple 375ml,Fortified,"Breakthru Beverage Minnesota Wine & Spirits, LLC",14,1.0,13.6,4.2,7.99,6.96,47,,6,6,Minneapolis:14
XXL Sparkling Moscato 750ml,Sparkling,Paustis Wine,23,0.9,24.6,9.42,15.99,14.96,41,,4,12,Minneapolis:3;Roseville:3;Osseo:3;Andover:4;Blaine:10
XXL Blackberry Cans 4pk 250ml,Flavored,Paustis Wine,18,0.9,21.0,8.17,12.99,11.96,37,,5,5,Vadnais Heights:3;Woodbury:3;Plymouth:3;Osseo:4;Roseville:5
Lievland�Chenin Blanc  750ml,Other Whites,The Wine Company,10,0.9,11.3,12.12,20.99,17.96,42,,3,15,Minnetonka:1;Minneapolis:2;Roseville:7
McManis Pinot Grigio 750ml,Pinot Grigio/Gris,Paustis Wine,23,0.9,24.2,8.08,13.99,11.96,42,,5,8,Chanhassen:2;Ramsey:2;St. Louis Park:2;Osseo:7;Blaine:10
Chasing Rain Red Blend 750ml,Red Blends,"Vinocopia, Inc",8,0.9,8.7,13.33,23.99,19.96,44,,5,7,Blaine:1;Roseville:7
McManis Pinot Noir 750ml,Pinot Noir,Paustis Wine,42,0.9,49.1,8.08,13.99,11.96,42,,3,14,Chanhassen:1;Osseo:2;Roseville:2;Minnetonka:4;Ramsey:4;St. Louis Park:9;Stillwater:20
Chateau Haut-Rocher St Emilion 2019,Red Blends,Bellboy Corporation,39,0.9,44.8,15.2,26.99,14.86,44,,4,10,Vadnais Heights:15;Cottage Grove:24
Niepoort Rotula Tinto Red Blend 750ml,Red Blends,"Maverick Beverage Co., LLC - MN",90,0.9,101.6,6.0,22.99,5.86,74,,5,6,Minneapolis:90
Ancient Peaks Paso Robles Cabernet 750ml,Cabernet,"Grape Beginnings, Inc.",11,0.9,12.9,13.5,23.99,19.96,44,,5,5,Chanhassen:1;Andover:2;Minnetonka:2;Osseo:3;St. Louis Park:3
Forge Cellars Riesling 750ml,Other Whites,"Grape Beginnings, Inc.",26,0.9,29.8,13.5,22.99,14.95,41,,4,10,Minnetonka:1;Vadnais Heights:2;Woodbury:3;Blaine:5;Chanhassen:7;Rosemount:8
Cupcake Lighthearted Sauvignon Blanc 750ml,Sauvignon Blanc,Southern Glazer's Wine & Spirits of MN,14,0.9,16.4,5.4,9.99,8.96,46,,1,23,Andover:1;Minneapolis:13
Janare Sannio Greco DOP,Other Whites,Rue 38 LLC,0,0.9,0.0,10.12,16.99,,40,,5,6,
Robert Mondavi PS Heritage Red 750ml,Red Blends,Southern Glazer's Wine & Spirits of MN,59,0.9,65.4,6.07,11.49,9.96,47,,4,11,Vadnais Heights:1;Woodbury:4;Cottage Grove:8;Minneapolis:8;Roseville:10;Blaine:28
Robert Mondavi PS Merlot 750ml,Merlot,Southern Glazer's Wine & Spirits of MN,28,0.9,32.1,6.07,11.49,9.96,47,,4,10,Minnetonka:3;Stillwater:4;Minneapolis:7;Ramsey:7;Andover:7
Roaming Dog Cab Sauv 750ml,Cabernet,"Vinocopia, Inc",25,0.9,28.7,7.96,14.99,12.86,47,,2,19,Ramsey:1;Osseo:3;Chanhassen:6;Minnetonka:15
Risata Dark Red Blend 750ml,Flavored,Oxford Street Merchants,26,0.9,29.8,5.71,10.99,5.95,48,,4,10,Cottage Grove:1;Ramsey:1;Minnetonka:5;Stillwater:9;Roseville:10
Quinta Santa Eufemia White Port 750ml,Fortified,Rue 38 LLC,22,0.9,24.8,10.12,18.99,15.96,47,,5,6,Stillwater:2;Andover:3;Ramsey:3;Cottage Grove:6;Roseville:8
Psagot Sinai 750ml,Red Blends,Phillips Wine & Spirits - St. Paul,24,0.9,25.3,21.43,35.49,29.96,40,,5,8,Roseville:1;St. Louis Park:2;Stillwater:5;Vadnais Heights:5;Andover:11
Le Grand Ballon Touraine?Rose 750ml,Rose,"Maverick Beverage Co., LLC - MN",35,0.9,37.5,10.12,14.99,12.96,32,,4,12,Rosemount:1;Blaine:2;St. Louis Park:7;Vadnais Heights:12;Ramsey:13
New Age White Wine 750ml,White Blends,The Wine Company,25,0.9,26.8,8.12,13.79,11.96,41,,4,12,Minnetonka:1;Plymouth:1;St. Louis Park:2;Ramsey:4;Osseo:8;Vadnais Heights:9
Clay Shannon Pinot Noir 750ml,Pinot Noir,Paustis Wine,24,0.9,27.1,11.62,20.99,17.96,45,,3,15,Stillwater:1;St. Louis Park:2;Blaine:4;Plymouth:4;Chanhassen:5;Roseville:8
Alexander Valley Vineyards Cab Franc 750ml,Cabernet,"Breakthru Beverage Minnesota Wine & Spirits, LLC",24,0.9,25.7,18.1,31.99,26.96,43,16cs purchase in a month,4,12,Roseville:6;St. Louis Park:8;Blaine:10
Cakebread Cellars Chardonnay 750ml,Chardonnay,"Breakthru Beverage Minnesota Wine & Spirits, LLC",28,0.9,30.5,32.1,49.99,41.96,36,,3,16,Stillwater:1;Roseville:1;Plymouth:2;Ramsey:2;Cottage Grove:3;Minnetonka:3;St. Louis Park:6;Blaine:10
Peter Vella Sweet Red 5L Box,Other Reds,Johnson Brothers - St. Paul,4,0.9,4.7,10.63,18.99,15.96,44,,3,14,Bloomington:2;Blaine:2
Antiche Terre Solo Passion Gold 750ml,Red Blends,Bellboy Corporation,38,0.9,42.1,6.33,8.99,7.95,30,,4,11,Cottage Grove:1;Plymouth:4;Woodbury:4;Vadnais Heights:4;Osseo:6;Chanhassen:19
Dark Horse Merlot 750ml,Merlot,Johnson Brothers - St. Paul,8,0.9,9.2,5.43,9.99,8.96,46,,4,10,Cottage Grove:1;Blaine:7
House Wine Sauvignon Blanc Can 355ml,Sauvignon Blanc,Southern Glazer's Wine & Spirits of MN,12,0.9,13.8,3.57,6.49,5.96,45,,4,10,Roseville:4;Plymouth:8
Seghesio Chardonnay 750ml,Chardonnay,Oxford Street Merchants,33,0.9,36.6,10.36,18.99,15.96,45,,4,11,Minnetonka:2;Vadnais Heights:4;Stillwater:7;Ramsey:9;Osseo:11
Il Tramonto Limoncello Spritz 375ml,Flavored,Johnson Brothers - St. Paul,18,0.9,22.2,6.71,11.49,9.96,42,,5,5,Minneapolis:1;Roseville:2;Blaine:13
Il Poggione Rosso Di Montalcino 750ml,Other Reds,Southern Glazer's Wine & Spirits of MN,32,0.9,37.4,21.4,35.49,29.96,40,,3,14,Minnetonka:5;Blaine:6;Plymouth:9;St. Louis Park:12
Big Salt White 750ml,White Blends,Oxford Street Merchants,18,0.9,19.0,10.09,18.99,15.96,47,1 free White on 5 cases M/M with Rose/Orange and Big Love,3,17,Roseville:5;St. Louis Park:6;Blaine:7
Vigilance Cimmaron Red 750ml,Red Blends,Paustis Wine,29,0.9,30.6,7.71,13.79,11.96,44,,5,8,Plymouth:4;Woodbury:9;Osseo:16
Freemark Abbey Napa Cabernet 750ml,Cabernet,Oxford Street Merchants,9,0.9,10.0,30.18,55.99,46.96,46,1 btl on a Case - which nets to $30 a bottle,4,11,Plymouth:2;St. Louis Park:3;Roseville:4
Barefoot Rich Red Blend 750ml,Red Blends,Johnson Brothers - St. Paul,9,0.9,10.2,4.41,7.99,6.96,45,ON Month Deep Net $51.85 ( Off Month Deep Net $56),5,6,Plymouth:3;Blaine:6
Graham's Six Grapes 750ml,Fortified,Southern Glazer's Wine & Spirits of MN,63,0.9,67.5,21.4,34.99,29.96,39,,4,12,Osseo:1;Plymouth:1;Cottage Grove:2;Minneapolis:3;Vadnais Heights:5;Woodbury:5;Chanhassen:6;Minnetonka:6;Roseville:6;St. Louis Park:6;Ramsey:7;Stillwater:7;Blaine:8
Dom Reverdy Ducroux Sancerre 750ml,Sauvignon Blanc,Phillips Wine & Spirits - St. Paul,17,0.9,19.2,15.63,35.49,29.96,56,,3,15,Andover:1;Stillwater:16
Two Birds One Stone Blanc 750ml,White Blends,"Maverick Beverage Co., LLC - MN",25,0.9,26.8,7.46,13.79,11.96,46,,4,12,Minnetonka:2;Ramsey:2;Andover:6;Rosemount:6;St. Louis Park:9
Maison Noir O.P.P. Pinot Noir 750ml,Pinot Noir,Small Lot MN,13,0.9,14.9,17.46,31.99,26.96,45,,4,10,St. Louis Park:1;Blaine:5;Osseo:7
Yellow Tail Riesling 1.5L,Other Whites,Phillips Wine & Spirits - St. Paul,13,0.9,14.9,6.62,12.49,11.96,47,,4,10,Blaine:6;Roseville:7
14 Hands Sweet Red Blend 750ml,Red Blends,Southern Glazer's Wine & Spirits of MN,129,0.9,143.0,7.4,11.49,9.96,36,,4,11,Vadnais Heights:3;Cottage Grove:7;Osseo:7;Chanhassen:10;Minnetonka:10;Ramsey:10;Rosemount:10;Woodbury:10;Roseville:11;Andover:12;Plymouth:12;Minneapolis:13;Blaine:14
Zenato Lugana San Benedetto,Other Whites,"Grape Beginnings, Inc.",87,0.8,109.7,15.75,29.99,16.96,47,,3,12,Andover:1;Rosemount:2;Minneapolis:4;Roseville:4;Woodbury:5;Plymouth:6;Chanhassen:8;St. Louis Park:11;Vadnais Heights:11;Blaine:35
Robert Mondavi Napa Cab 750ml,Cabernet,Southern Glazer's Wine & Spirits of MN,37,0.8,44.0,30.62,49.99,44.96,39,,4,9,Roseville:1;Stillwater:5;Blaine:7;Minnetonka:10;Plymouth:14
Lone Birch Cabernet 750ml,Cabernet,"Bourget Imports, LLC",28,0.8,33.3,10.15,18.99,14.95,47,,4,9,Minnetonka:5;Roseville:6;Rosemount:7;Osseo:10
Arona Sauvignon Blanc 750ml,Sauvignon Blanc,Small Lot MN,25,0.8,29.8,10.79,18.99,15.96,43,,4,9,Chanhassen:6;St. Louis Park:9;Minnetonka:10
Riunite Fruitfresher Black Cherry 750ml,Flavored,"Breakthru Beverage Minnesota Wine & Spirits, LLC",94,0.8,120.9,2.22,6.49,4.96,66,,2,16,Blaine:1;Andover:3;Roseville:5;Vadnais Heights:6;Ramsey:9;St. Louis Park:11;Woodbury:15;Plymouth:19;Osseo:25
Tohu Sauvignon Blanc 750ml,Sauvignon Blanc,"Vinocopia, Inc",66,0.8,80.1,11.33,19.99,16.96,43,,3,13,Minnetonka:5;St. Louis Park:5;Roseville:6;Blaine:8;Woodbury:9;Andover:10;Plymouth:11;Chanhassen:12
Cloudy Bay Sauvignon Blanc 750ml,Sauvignon Blanc,Oxford Street Merchants,35,0.8,43.3,24.76,37.99,30.96,35,,2,17,Blaine:10;St. Louis Park:12;Roseville:13
Fre Cabernet Sauvignon N/A 187ml 4pk,Cabernet,Phillips Wine & Spirits - St. Paul,32,0.8,39.6,7.85,13.79,11.96,43,,2,17,Blaine:1;Vadnais Heights:1;Plymouth:2;Woodbury:2;Cottage Grove:3;Minneapolis:3;Osseo:3;Rosemount:3;Chanhassen:6;St. Louis Park:8
Yuki Otoko Yeti Honjozo 720ml,Fortified,"Maverick Beverage Co., LLC - MN",32,0.8,38.1,18.12,33.49,27.96,46,,4,9,Roseville:3;Blaine:8;Bloomington:9;St. Louis Park:12
Fritz Muller Thurgau Secco 750ml,Sparkling,Small Lot MN,20,0.8,24.3,13.46,23.99,19.96,44,,3,13,Cottage Grove:1;Roseville:4;Minnetonka:6;St. Louis Park:9
Chasing Venus Sauvignon Blanc,Sauvignon Blanc,The Wine Company,32,0.8,38.8,12.12,20.99,17.96,42,,3,13,Chanhassen:1;Minnetonka:1;Osseo:1;St. Louis Park:2;Plymouth:3;Rosemount:3;Vadnais Heights:6;Ramsey:7;Roseville:8
Haton Brut Rose 750ml,Sparkling,Phillips Wine & Spirits - St. Paul,82,0.8,103.4,20.02,44.99,39.96,56,,3,12,Bloomington:5;Andover:6;St. Louis Park:10;Stillwater:10;Vadnais Heights:11;Plymouth:14;Roseville:26
Oyster Bay Pinot Gris 750ml,Pinot Grigio/Gris,Southern Glazer's Wine & Spirits of MN,24,0.8,29.1,8.57,14.99,12.96,43,4 on 12,3,13,Osseo:1;Blaine:6;Roseville:8;St. Louis Park:9
Albert Bichot Cremant de Bourgogne Brut Rose 750ml,Sparkling,"Grape Beginnings, Inc.",2,0.8,2.5,17.0,30.99,25.96,45,,4,8,St. Louis Park:3
Tassin Cuvee Excellence Brut 750ml,Sparkling,Bellboy Corporation,18,0.8,22.3,30.71,59.99,35.95,49,,4,8,Andover:1;Ramsey:2;Chanhassen:4;Vadnais Heights:4;Stillwater:7
Chateau Puyanche White Blend,White Blends,,25,0.8,30.9,0.0,22.99,14.86,100,,4,8,Blaine:1;Vadnais Heights:1;Cottage Grove:3;Ramsey:6;St. Louis Park:14
Storypoint Cabernet 750ml,Cabernet,Johnson Brothers - St. Paul,7,0.8,9.0,10.76,18.99,15.96,43,,4,7,St. Louis Park:7
90+ Cellars Pouilly-Fume Lot 171 750ml,Sauvignon Blanc,Bellboy Corporation,78,0.8,100.3,15.42,34.99,28.96,56,,2,16,Bloomington:3;Plymouth:3;Stillwater:8;Woodbury:9;Roseville:16;St. Louis Park:16;Blaine:23
Franzia Chianti 5L Box,Red Blends,Southern Glazer's Wine & Spirits of MN,14,0.8,18.0,14.2,20.99,17.96,32,,4,7,Rosemount:4;Andover:5;Minneapolis:5
Presquile Santa Barbara Pinot Noir 750ml,Pinot Noir,"Maverick Beverage Co., LLC - MN",15,0.8,17.9,17.45,24.99,20.95,30,,4,9,Stillwater:7;St. Louis Park:8
Canella Bellini 750ml,Flavored,Oxford Street Merchants,52,0.8,63.1,9.42,17.99,14.96,48,,3,13,Andover:1;Minneapolis:5;Woodbury:5;Blaine:6;Cottage Grove:8;Osseo:8;Ramsey:8;Roseville:11
Chalk Hill Sonoma Pinot Noir 750ml,Pinot Noir,Southern Glazer's Wine & Spirits of MN,84,0.8,103.8,14.07,25.99,21.96,46,,4,8,Minnetonka:1;Ramsey:2;Roseville:2;Cottage Grove:6;St. Louis Park:9;Woodbury:12;Blaine:52
Kenwood Chardonnay 750ml,Chardonnay,Southern Glazer's Wine & Spirits of MN,78,0.8,92.9,8.73,14.99,12.96,42,,4,9,Rosemount:1;Osseo:3;Roseville:4;Plymouth:5;Woodbury:5;Cottage Grove:8;Ramsey:9;Chanhassen:11;Vadnais Heights:11;Andover:21
Prost! Mosel Riesling 750ml,Other Whites,Small Lot MN,56,0.8,70.6,10.79,19.99,16.96,46,,3,12,Blaine:1;Ramsey:2;Woodbury:2;Minnetonka:3;Roseville:10;Andover:11;Cottage Grove:11;St. Louis Park:16
Prima Pave Blanc de Blanc N/A 750ml,Sparkling,The Wine Company,16,0.8,19.0,17.46,31.99,26.96,45,,4,9,Blaine:6;St. Louis Park:10
Quilt Napa Valley Pinot Noir 750ml,Pinot Noir,Oxford Street Merchants,33,0.8,39.3,17.98,28.99,24.96,38,,4,9,Blaine:7;St. Louis Park:8;Roseville:9;Chanhassen:9
One Stone Cabernet Sauvignon 750ml,Cabernet,"Grape Beginnings, Inc.",28,0.8,36.7,13.5,25.99,21.95,48,,3,11,Minneapolis:2;Cottage Grove:4;Osseo:9;Minnetonka:13
Sutter Home Red Moscato 187ml,Flavored,Phillips Wine & Spirits - St. Paul,5,0.8,6.1,5.18,7.99,6.96,35,,3,13,Blaine:5
14 Hands Pinot Grigio 750ml,Pinot Grigio/Gris,Southern Glazer's Wine & Spirits of MN,3,0.8,3.9,6.37,11.99,9.96,47,,4,7,Cottage Grove:1;Osseo:2
1000 Stories Sauvignon Blanc 750ml,Sauvignon Blanc,"Breakthru Beverage Minnesota Wine & Spirits, LLC",42,0.8,50.0,10.1,17.49,14.96,42,,4,9,Chanhassen:1;Woodbury:1;Minneapolis:2;Vadnais Heights:3;Rosemount:7;Minnetonka:8;Andover:9;Cottage Grove:11
Duckhorn Sauvignon Blanc 750ml,Sauvignon Blanc,"Breakthru Beverage Minnesota Wine & Spirits, LLC",16,0.8,20.2,18.76,29.99,24.96,37,,3,12,Bloomington:3;St. Louis Park:5;Blaine:8
Marques de Caceres Crianza Rio,Other Reds,The Wine Company,12,0.8,15.1,12.12,20.99,17.96,42,,3,12,Minnetonka:2;Roseville:4;Blaine:6
Joel Gott Zinfandel 750ml,Zinfandel,Phillips Wine & Spirits - St. Paul,34,0.8,44.6,10.74,17.99,14.96,40,,3,11,Cottage Grove:3;Ramsey:3;Osseo:6;Blaine:10;Minnetonka:12
Cooks Brut 187ml,Sparkling,Southern Glazer's Wine & Spirits of MN,7,0.8,8.5,8.8,14.99,12.96,41,,3,13,St. Louis Park:3;Vadnais Heights:4
St Croix Vineyards Vignoles 750ml,Other Whites,Saint Croix Vineyards,52,0.8,65.5,11.83,20.99,17.96,44,,3,12,Blaine:3;Plymouth:4;Rosemount:7;Minneapolis:8;Osseo:9;Chanhassen:10;St. Louis Park:11
Archer Roose Sauvignon Blanc 4pk 250ml,Sauvignon Blanc,Southern Glazer's Wine & Spirits of MN,20,0.7,28.0,12.71,22.49,18.96,43,,2,14,Rosemount:1;St. Louis Park:1;Bloomington:2;Cottage Grove:2;Vadnais Heights:2;Minneapolis:5;Minnetonka:7
Chateau Grand Puy Ducasse Pauillac 2020 750ml,Red Blends,Bellboy Corporation,21,0.7,29.3,32.41,50.99,42.45,36,,4,5,St. Louis Park:3;Blaine:18
J. Lassalle 1er Cru Brut Preference 750ml,Sparkling,"Grape Beginnings, Inc.",13,0.7,18.2,39.05,59.99,49.96,35,,4,5,Blaine:4;St. Louis Park:9
Wiley Wines Carignan 750ml,Other Reds,"New France Wine Co, Inc",21,0.7,32.1,16.21,27.99,23.96,42,,2,12,Roseville:10;Minnetonka:11
Boones Farm Sangria,Flavored,Johnson Brothers - St. Paul,10,0.7,13.4,4.09,5.99,,32,,4,6,Minneapolis:10
Tsiakkas Xynisteri 750ml,Other Whites,"Maverick Beverage Co., LLC - MN",19,0.7,26.0,18.12,29.99,24.96,40,,3,10,Roseville:9;St. Louis Park:10
MAN Vintners Cabernet Sauv 750ml,Cabernet,The Wine Company,12,0.7,16.1,7.79,13.79,11.96,44,,4,6,Osseo:3;Blaine:9
Longridge The Emily Rose 750ml,Rose,Libation Project,26,0.7,34.8,11.5,20.99,17.96,45,,2,15,Blaine:2;Bloomington:4;Roseville:9;St. Louis Park:11
Lopez de Haro Rioja Reserva,Other Reds,Rue 38 LLC,39,0.7,58.3,12.17,23.99,19.96,49,,3,8,Minneapolis:1;Minnetonka:2;St. Louis Park:5;Andover:9;Osseo:10;Blaine:12
Au Bon Climat Santa Barbara Pinot Noir 750ml,Pinot Noir,"Maverick Beverage Co., LLC - MN",28,0.7,41.4,17.12,30.49,25.96,44,,3,9,Minnetonka:0;Roseville:8;Stillwater:8;Plymouth:12
Liger-Belair Bourgogne Les Deux Terres 750ml,Red Blends,The Wine Company,4,0.7,5.6,24.79,43.99,36.96,44,,4,5,St. Louis Park:1;Minnetonka:3
Josh Cellars RSV Sonoma Sauv Blanc 750ml,Sauvignon Blanc,Johnson Brothers - St. Paul,32,0.7,46.8,7.29,12.49,10.96,42,Buy 11 Josh (all flavors and sizes) and receive 3 free Josh Cabernet (#859252),4,4,Andover:10;Minneapolis:11;Vadnais Heights:11
Sandy Cove Sauvignon Blanc 750ml,Sauvignon Blanc,"New France Wine Co, Inc",11,0.7,15.7,12.88,23.99,19.96,46,,3,9,St. Louis Park:11
Comtesse Marion Sauvignon Blanc 750ml,Sauvignon Blanc,"Maverick Beverage Co., LLC - MN",44,0.7,62.9,9.46,15.99,13.96,41,,3,9,Blaine:11;St. Louis Park:12;Roseville:21
Riff Pinot Grigio 750ml,Pinot Grigio/Gris,The Wine Company,6,0.7,8.4,9.46,15.99,13.96,41,,2,14,Andover:6
Libretto Red Blend 750ml,Red Blends,Paustis Wine,10,0.7,15.3,5.36,11.49,9.96,53,,0,21,Minnetonka:1;Rosemount:2;Osseo:7
Rashi Claret 750ml,Red Blends,Phillips Wine & Spirits - St. Paul,82,0.7,119.8,6.2,11.49,9.96,46,,4,4,Plymouth:1;Andover:2;Minnetonka:2;Vadnais Heights:3;Osseo:4;Cottage Grove:5;St. Louis Park:6;Chanhassen:7;Blaine:9;Stillwater:18;Woodbury:25
Brown Estate House of Brown Chardonnay 750ml,Chardonnay,"Grape Beginnings, Inc.",11,0.7,15.4,12.0,20.99,16.45,43,,4,5,Minnetonka:2;St. Louis Park:2;Rosemount:3;Blaine:4
Recanati Yasmin Red 750ml,Red Blends,"Breakthru Beverage Minnesota Wine & Spirits, LLC",8,0.7,11.7,10.1,18.99,15.96,47,3cs purchase in a month,4,4,St. Louis Park:8
Bryn Mawr WV Chardonnay 750ml,Chardonnay,Rue 38 LLC,19,0.7,26.0,14.12,23.99,19.95,41,,3,10,Andover:1;Stillwater:5;Minnetonka:13
Long Meadow Ranch Rutherford Sauv Blanc 750ml,Sauvignon Blanc,"Maverick Beverage Co., LLC - MN",6,0.7,8.2,18.12,31.99,26.96,43,,3,10,Andover:2;Vadnais Heights:2;Stillwater:2
Jacobs Creek Moscato 750ml,Moscato,Southern Glazer's Wine & Spirits of MN,30,0.7,44.9,4.73,7.99,6.96,41,,3,8,Blaine:8;Stillwater:22
Scaia Veneto Bianco 750ml,Other Whites,The Wine Company,2,0.7,2.7,10.79,14.99,,28,,3,10,St. Louis Park:2
AVA Grace Chardonnay 750ml,Chardonnay,Southern Glazer's Wine & Spirits of MN,51,0.7,76.2,6.4,11.49,9.96,44,,3,8,Plymouth:1;Rosemount:8;Stillwater:9;Blaine:9;Andover:11;Minneapolis:13
Mocali Piaggioni Rosso 750ml,Other Reds,"New France Wine Co, Inc",23,0.7,34.4,12.88,23.99,19.96,46,,3,8,St. Louis Park:5;Roseville:7;Minnetonka:11
Gia Bella Brut Rose 750ml,Sparkling,"Vinocopia, Inc",38,0.7,50.9,22.66,41.99,24.86,46,,4,6,Blaine:1;Plymouth:2;Cottage Grove:4;Minneapolis:5;Osseo:5;Andover:6;Rosemount:6;Stillwater:9
Barefoot Cabernet Tetra 500ml,Cabernet,Johnson Brothers - St. Paul,32,0.7,47.8,3.09,5.49,4.96,44,,3,8,Andover:1;Blaine:1;Ramsey:5;Vadnais Heights:5;Chanhassen:6;Minneapolis:7;Rosemount:7
Cannon River Feisty Bitch Red 750ml,Red Blends,Cannon River Winery,8,0.7,11.4,15.0,22.99,,35,,1,18,Blaine:2;Cottage Grove:2;Plymouth:2;Vadnais Heights:2
Slamzees Banana Pudding 187ml,Flavored,Southern Glazer's Wine & Spirits of MN,21,0.7,31.4,2.36,3.99,3.46,41,,3,8,Minneapolis:21
Pike Road WV Chardonnay 750ml,Chardonnay,"New France Wine Co, Inc",43,0.7,58.8,12.21,20.99,17.96,42,,3,10,Andover:1;St. Louis Park:4;Woodbury:10;Vadnais Heights:28
LATTA Kind Stranger Chardonnay 750ml,Chardonnay,Libation Project,16,0.7,22.4,12.17,22.49,18.96,46,,4,5,Chanhassen:3;St. Louis Park:3;Minnetonka:5;Vadnais Heights:5
Barefoot Bright & Breezy Chardonnay 750ml,Chardonnay,Johnson Brothers - St. Paul,9,0.7,13.5,3.71,7.99,6.96,54,,3,8,Chanhassen:2;Osseo:2;St. Louis Park:2;Ramsey:3
Franzia Chardonnay 500ml,Chardonnay,Southern Glazer's Wine & Spirits of MN,2,0.7,3.0,2.73,4.99,,45,,3,8,Vadnais Heights:1;Roseville:1
Flowers Sonoma Chardonnay 750ml,Chardonnay,Southern Glazer's Wine & Spirits of MN,32,0.7,47.8,36.73,59.99,49.96,39,,3,8,Rosemount:2;Chanhassen:3;Andover:5;Cottage Grove:5;Osseo:5;St. Louis Park:12
Cupcake Sparkling ROSE' 750ml,Sparkling,Southern Glazer's Wine & Spirits of MN,84,0.7,128.6,7.73,13.79,11.96,44,,2,12,Osseo:2;Woodbury:4;Blaine:5;Cottage Grove:7;Roseville:8;Rosemount:10;Plymouth:11;Vadnais Heights:11;Stillwater:12;Minnetonka:14
Primo Amore Moscato 750ml,Moscato,Phillips Wine & Spirits - St. Paul,8,0.7,10.7,9.42,17.49,14.96,46,,2,15,Andover:3;Blaine:5
Estreia Vinho Verde White 250ml can,White Blends,"Bourget Imports, LLC",25,0.7,38.3,3.0,5.49,4.96,45,,0,21,Minnetonka:2;Bloomington:23
Chateau Poesia St Emilion 2019 750ml,Red Blends,Bellboy Corporation,26,0.7,38.0,2.78,23.99,19.96,88,,4,4,Minnetonka:2;Plymouth:4;Rosemount:5;Blaine:15
Stella Rosa Pineapple 750ml,Flavored,"Breakthru Beverage Minnesota Wine & Spirits, LLC",5,0.7,7.1,8.76,14.99,12.96,42,,3,9,Blaine:5
Mount Tabor Chardonnay 750ml,Chardonnay,Southern Glazer's Wine & Spirits of MN,18,0.7,25.2,8.73,14.99,12.96,42,,4,5,Vadnais Heights:4;St. Louis Park:4;Plymouth:10
Gnarly Head Pinot Noir 750ml,Pinot Noir,Johnson Brothers - St. Paul,0,0.7,0.0,5.65,12.49,10.96,55,,3,10,
Leese-Fitch Merlot 750ml,Merlot,Southern Glazer's Wine & Spirits of MN,28,0.7,39.1,8.73,14.99,12.96,42,,4,5,Cottage Grove:5;Blaine:10;Osseo:13
Catena Appellation Agrelo Cabernet Sauv 750ml,Cabernet,"Grape Beginnings, Inc.",17,0.7,24.8,18.0,33.49,27.96,46,,2,13,Plymouth:1;Andover:5;Blaine:5;Woodbury:6
La Gioiosa Brut Rose 750ml,Sparkling,Oxford Street Merchants,36,0.7,52.6,10.5,17.49,14.46,40,,4,4,Ramsey:2;Vadnais Heights:4;Plymouth:12;Osseo:18
La Gioiosa Prosecco DOCG 750ml,Sparkling,Oxford Street Merchants,13,0.7,17.4,10.63,20.99,11.9,49,,4,6,Osseo:1;Ramsey:12
Hampton Water Rose Bubbly 750ml,Sparkling,Southern Glazer's Wine & Spirits of MN,27,0.7,36.2,16.8,28.99,24.96,42,,4,6,Roseville:2;St. Louis Park:2;Woodbury:3;Andover:4;Blaine:4;Chanhassen:4;Minnetonka:4;Plymouth:4
Graham Beck Brut NV 750ml,Sparkling,"Maverick Beverage Co., LLC - MN",6,0.7,8.0,14.12,25.99,21.96,46,,4,6,St. Louis Park:6
Bota Box Breeze Sauvignon Blanc 500ml,Sauvignon Blanc,Phillips Wine & Spirits - St. Paul,14,0.7,20.9,2.76,5.49,4.96,50,,3,8,Ramsey:3;Plymouth:11
Essay Chenin Blanc 750ml,Other Whites,The Wine Company,28,0.7,40.0,8.79,17.49,9.95,50,,3,9,Plymouth:1;Blaine:2;Osseo:2;Rosemount:5;Woodbury:5;Andover:6;Vadnais Heights:7
Elemental Chardonnay 750ml,Chardonnay,Oxford Street Merchants,39,0.7,55.7,6.51,11.49,7.9,43,,3,9,Blaine:16;Roseville:23
Twin Suns Chardonnay 750ml,Chardonnay,Bellboy Corporation,3,0.7,4.0,7.62,17.49,14.96,56,Buyer's Select,2,15,Minnetonka:3
Dom Perignon 750ml,Sparkling,Oxford Street Merchants,20,0.7,27.4,232.18,321.99,257.96,28,,3,10,Plymouth:1;Blaine:2;Chanhassen:2;Cottage Grove:2;St. Louis Park:2;Woodbury:2;Minnetonka:3;Roseville:6
Tsuknowa Midnight Moon Daiginjo 300ml,Fortified,"Maverick Beverage Co., LLC - MN",18,0.7,24.1,13.28,23.99,18.45,45,,4,6,St. Louis Park:1;Blaine:2;Minneapolis:15
Elk Cove Pinot Noir 750ml,Pinot Noir,"New France Wine Co, Inc",19,0.7,25.4,21.54,39.99,32.96,46,,4,6,Osseo:1;Roseville:4;St. Louis Park:14
Elk Cove Pinot Gris 750ml,Pinot Grigio/Gris,"New France Wine Co, Inc",11,0.7,15.0,13.54,23.99,19.96,44,,3,10,St. Louis Park:11
Yellow Tail Moscato 750ml,Moscato,Phillips Wine & Spirits - St. Paul,10,0.6,16.9,4.26,7.99,6.96,47,,2,10,Cottage Grove:10
Masciarelli Montepulciano D'Abruzzo 750ml,Other Reds,The Wine Company,7,0.6,11.5,9.46,14.99,12.96,37,,1,15,Andover:2;St. Louis Park:5
Barefoot Pinot Noir 1.5L,Pinot Noir,Johnson Brothers - St. Paul,3,0.6,4.9,7.56,13.99,11.96,46,2 FREE ON 22,3,6,Blaine:3
Cave du Lugny Les Charmes Chardonnay 750ml,Chardonnay,Phillips Wine & Spirits - St. Paul,22,0.6,36.3,9.59,17.49,14.96,45,,3,6,Minnetonka:7;Chanhassen:7;Osseo:8
Cavit Riesling 1.5L,Other Whites,"Breakthru Beverage Minnesota Wine & Spirits, LLC",18,0.6,28.2,11.53,14.99,12.96,23,15cs purchase in a month,1,16,Minnetonka:2;Blaine:4;Rosemount:5;Cottage Grove:7
Leitz Feinherb Riesling 750ml,Other Whites,,28,0.6,48.6,10.67,18.99,13.95,44,,3,5,Chanhassen:4;Vadnais Heights:5;Osseo:8;Ramsey:11
Tarima Mediterraneo Blanco 750ml,Other Whites,"Bourget Imports, LLC",45,0.6,70.6,10.15,18.99,15.96,47,,3,7,Roseville:3;Chanhassen:4;Plymouth:4;Andover:5;Rosemount:5;St. Louis Park:5;Vadnais Heights:9;Cottage Grove:10
Pacific Sound Chardonnay 750ml,Chardonnay,"Bourget Imports, LLC",41,0.6,64.3,4.65,11.49,9.96,60,,3,7,Woodbury:1;Andover:2;St. Louis Park:2;Stillwater:2;Osseo:3;Ramsey:9;Chanhassen:11;Rosemount:11
Orin Swift Abstract 750ml,Red Blends,Johnson Brothers - St. Paul,37,0.6,59.5,25.43,45.99,37.96,45,Deep Net Nov/Dec,2,11,Chanhassen:1;Woodbury:1;Cottage Grove:2;Andover:3;Ramsey:3;Osseo:5;Plymouth:7;Roseville:7;Stillwater:8
Antonin Rodet Chablis 750ml,Chardonnay,"Vinocopia, Inc",31,0.6,49.8,13.19,29.99,24.96,56,,2,11,Cottage Grove:1;Blaine:2;Rosemount:5;Osseo:9;Woodbury:14
Chateau Saby Bordeaux Superieur 750ml,Red Blends,Phillips Wine & Spirits - St. Paul,30,0.6,52.1,7.26,17.49,9.95,58,,3,5,Vadnais Heights:1;Minnetonka:6;Woodbury:6;Chanhassen:8;Cottage Grove:9
Lange Willamette Pinot Noir 750ml,Pinot Noir,Oxford Street Merchants,30,0.6,50.8,18.89,30.49,25.96,38,,2,10,St. Louis Park:9;Minnetonka:10;Roseville:11
Lagar De Cervara Albarino 750ml,Other Whites,"Bourget Imports, LLC",14,0.6,23.1,20.15,31.99,,37,,3,6,Minnetonka:3;St. Louis Park:5;Minneapolis:6
Caruso I Minini Frappo Rose 750ml,Rose,Rue 38 LLC,6,0.6,9.4,13.5,23.99,19.96,44,,3,7,Minnetonka:2;St. Louis Park:4
Winehaven Riesling 750ml,Other Whites,Paustis Wine,20,0.6,33.0,10.08,15.99,,37,,3,6,Chanhassen:2;Cottage Grove:2;Minneapolis:8;Blaine:8
Peju Cabernet Sauvignon 750ml,Cabernet,"Maverick Beverage Co., LLC - MN",27,0.6,46.9,43.46,70.99,58.96,39,,3,5,Roseville:8;St. Louis Park:9;Minnetonka:10
ClapBack Blue Rizzler Liter,Flavored,Paustis Wine,36,0.6,59.3,9.42,15.99,13.96,41,,3,6,Vadnais Heights:3;Blaine:7;Woodbury:8;Minneapolis:9;Osseo:9
Ch du Costis Bourdeaux 750ml,Red Blends,"Bourget Imports, LLC",3,0.6,5.2,10.81,19.99,16.96,46,,3,5,St. Louis Park:3
Giesen Zero Red Blend N/A 750ml,Red Blends,Paustis Wine,17,0.6,30.4,9.42,14.99,12.96,37,,2,9,Andover:3;Roseville:3;Blaine:5;St. Louis Park:6
St. Francis Cab 750ml,Cabernet,"Breakthru Beverage Minnesota Wine & Spirits, LLC",5,0.6,8.2,16.76,24.99,20.96,33,,3,6,Minnetonka:6
90+ Cellars Lot 219 Picpoul de Pinet 750ml,Other Whites,Bellboy Corporation,7,0.6,12.5,9.42,20.99,17.96,55,,2,9,St. Louis Park:7
Two Vines Chardonnay 750ml,Chardonnay,Southern Glazer's Wine & Spirits of MN,49,0.6,87.5,6.07,11.49,9.96,47,,2,9,Plymouth:5;Roseville:5;Minnetonka:8;Rosemount:11;Woodbury:20
Lifevine Cabernet 750ml,Cabernet,Oxford Street Merchants,36,0.6,64.3,11.42,17.99,,37,,2,9,Andover:6;Minnetonka:9;Rosemount:10;Chanhassen:11
Juan Gil Red Blend 750ml,Red Blends,Oxford Street Merchants,17,0.6,28.0,10.57,18.99,15.96,44,,3,6,Blaine:17
Roederer Estate Brut Rose 750ml,Sparkling,Oxford Street Merchants,24,0.6,39.6,23.01,36.99,30.96,38,,1,15,Blaine:1;Andover:2;Plymouth:3;St. Louis Park:3;Minnetonka:7;Osseo:8
Riunite Fruitfresher Peach 750ml,Flavored,"Breakthru Beverage Minnesota Wine & Spirits, LLC",38,0.6,66.0,2.22,6.49,5.96,66,,1,14,Andover:1;Cottage Grove:1;Rosemount:1;Vadnais Heights:1;Plymouth:2;St. Louis Park:6;Roseville:7;Woodbury:7;Ramsey:12
Ken Wright Willamette Valley Pinot Noir 750ml,Pinot Noir,"Maverick Beverage Co., LLC - MN",8,0.6,13.2,19.46,31.99,23.95,39,,3,6,St. Louis Park:8
Quilt Threadcount Sauvignon Blanc 750ml,Sauvignon Blanc,Oxford Street Merchants,39,0.6,61.1,9.98,15.99,13.96,38,,3,7,Plymouth:2;Osseo:3;Rosemount:3;Blaine:4;Cottage Grove:6;Minnetonka:6;Minneapolis:7;Ramsey:8
Clos Du Bois Pinot Grigio 750ml,Pinot Grigio/Gris,Johnson Brothers - St. Paul,42,0.6,67.5,6.76,12.99,10.96,48,,2,11,Blaine:7;Roseville:9;St. Louis Park:10;Stillwater:16
Livingston Red Rose 1.5L,Red Blends,Johnson Brothers - St. Paul,6,0.6,10.2,8.85,14.99,12.96,41,,2,10,Chanhassen:6
Libretto SGM Blend 750ml,Syrah/Shiraz,Paustis Wine,13,0.6,20.4,5.36,11.49,9.96,53,,3,7,Osseo:1;Stillwater:2;Woodbury:10
Famiglia Corsarini Toscana Sangiovese,Other Reds,Rue 38 LLC,34,0.6,59.1,8.0,17.49,13.86,54,,1,14,Ramsey:3;Chanhassen:8;Osseo:9;Rosemount:14
Barefoot Bright & Breezy Pinot Grigio 750ml,Pinot Grigio/Gris,Johnson Brothers - St. Paul,37,0.6,58.0,4.41,7.99,6.96,45,ON Month Deep Net $51.85 ( Off Month Deep Net $56),1,16,Ramsey:1;Woodbury:2;Blaine:12;Vadnais Heights:22
Menage a Trois Lavish Merlot 750ml,Merlot,Phillips Wine & Spirits - St. Paul,5,0.6,8.7,5.92,10.99,8.96,46,5 MAT Red on 25,3,5,Vadnais Heights:5
Vinada Sparkling Rose N/A 750ml,Sparkling,"Bourget Imports, LLC",33,0.6,57.3,12.79,23.99,19.96,47,,1,14,Minneapolis:1;Rosemount:1;Roseville:1;St. Louis Park:1;Blaine:2;Chanhassen:2;Woodbury:3;Minnetonka:4;Plymouth:4;Vadnais Heights:4;Andover:5;Cottage Grove:5
Prost! Rheinhessen Dry Riesling 750ml,Other Whites,Small Lot MN,16,0.6,28.6,10.79,19.99,16.96,46,,2,9,Roseville:5;St. Louis Park:11
Domaine Serene Yamhill Pinot Noir 750ml,Pinot Noir,Oxford Street Merchants,40,0.6,64.3,43.43,66.99,59.96,35,,2,11,Bloomington:4;Minnetonka:4;Blaine:5;Chanhassen:5;Minneapolis:5;Woodbury:6;St. Louis Park:11
Villa M Peach Moscato NV 750ml,Flavored,Small Lot MN,89,0.6,146.7,5.5,13.79,11.96,60,,3,6,Roseville:6;Stillwater:8;Cottage Grove:15;St. Louis Park:21;Andover:39
Kobal Furmint 750ml,Other Whites,"New France Wine Co, Inc",13,0.6,20.9,14.21,25.99,21.96,45,,2,11,Roseville:6;St. Louis Park:7
Dry Creek Dry Chenin Blanc 750ml,Other Whites,"Breakthru Beverage Minnesota Wine & Spirits, LLC",27,0.6,44.5,11.43,18.99,15.96,40,,3,6,Roseville:8;Blaine:9;St. Louis Park:10
Field Recordings Cabernet Franc 750ml,Cabernet,"Tradition Wine & Spirits, LLC",18,0.6,29.7,15.83,29.99,24.96,47,,3,6,Osseo:2;Blaine:4;Roseville:5;St. Louis Park:7
"Piattelli Grand Res Cabernet, Mendoza 750ml",Cabernet,"Vinocopia, Inc",1,0.6,1.6,12.04,20.99,17.96,43,,3,6,Rosemount:1
Cline Farmhouse White 750ml,White Blends,Southern Glazer's Wine & Spirits of MN,45,0.6,80.4,8.07,14.99,12.96,46,,2,9,Andover:1;Vadnais Heights:6;Woodbury:6;St. Louis Park:8;Cottage Grove:12;Ramsey:12
Smith & Hook Proprietary Red Blend 750ml,Red Blends,Johnson Brothers - St. Paul,20,0.6,32.1,13.42,22.99,,42,,2,11,Minnetonka:1;St. Louis Park:1;Andover:5;Blaine:5;Stillwater:8
Simi Chardonnay Brightful 750ml,Chardonnay,Southern Glazer's Wine & Spirits of MN,15,0.6,23.5,9.4,17.99,14.96,48,,3,7,St. Louis Park:1;Chanhassen:3;Blaine:11
Sechey Non-Alcoholic Sparkling Cuvee Blanc 750ml,Sparkling,Get Chai,152,0.6,244.3,11.51,23.99,17.96,52,,2,11,Minnetonka:6;Rosemount:8;St. Louis Park:10;Osseo:11;Plymouth:11;Vadnais Heights:11;Andover:12;Chanhassen:12;Woodbury:12;Blaine:18;Roseville:20;Cottage Grove:21
Black Girl Magic Bubbly Red Can 375ml,Red Blends,Southern Glazer's Wine & Spirits of MN,39,0.6,67.8,5.27,8.99,7.96,41,,1,14,Blaine:1;Osseo:11;Ramsey:11;Andover:16
Vinada Sparkling Iberian Gold Mini N/A 200ml,Sparkling,"Bourget Imports, LLC",104,0.6,185.7,5.65,8.99,7.96,37,,0,18,Plymouth:1;Woodbury:1;Vadnais Heights:3;St. Louis Park:4;Chanhassen:5;Cottage Grove:9;Minneapolis:10;Roseville:11;Stillwater:11;Ramsey:16;Rosemount:33
Fossil Point Chardonnay 750ml,Chardonnay,"New France Wine Co, Inc",31,0.6,53.9,12.21,22.49,18.96,46,,3,5,Plymouth:1;Andover:10;Chanhassen:10;Rosemount:10
Vinada Sparkling Iberian Gold N/A 750ml,Sparkling,"Bourget Imports, LLC",29,0.6,50.4,12.79,23.99,14.86,47,,3,5,Osseo:1;Rosemount:1;Ramsey:1;Minnetonka:2;Blaine:3;Plymouth:3;Roseville:3;Stillwater:4;Chanhassen:5;Vadnais Heights:6
Alvarez de Toledo Mencia,Other Reds,Rue 38 LLC,31,0.6,55.4,8.79,15.99,13.96,45,,2,9,Ramsey:1;Vadnais Heights:2;St. Louis Park:3;Roseville:5;Chanhassen:9;Blaine:11
Broc Cellars Amore Rosso 750ml,Other Reds,Libation Project,23,0.6,40.0,18.17,33.99,27.96,47,,3,5,Minnetonka:5;St. Louis Park:7;Roseville:11
J Laurens Demoiselles Brut 750ml,Sparkling,"New France Wine Co, Inc",52,0.6,88.0,18.88,34.99,28.96,46,,2,10,Blaine:2;Minnetonka:2;St. Louis Park:3;Bloomington:5;Woodbury:8;Rosemount:9;Andover:11;Roseville:12
Roscato Rose 750ml,Rose,"Breakthru Beverage Minnesota Wine & Spirits, LLC",26,0.6,41.8,9.43,14.99,12.96,37,12cs purchase in a month,2,11,Blaine:11;Andover:15
Argiolas Costera Cannonau,Other Reds,"Grape Beginnings, Inc.",14,0.6,23.1,13.49,23.99,19.96,44,,3,6,Roseville:2;Minneapolis:3;Minnetonka:9
Fullerton Five Faces Pinot Noir 750ml,Pinot Noir,Rue 38 LLC,3,0.6,5.4,20.12,35.49,29.96,43,,2,9,St. Louis Park:3
Coppola Diamond Sauv Blanc 750ml,Sauvignon Blanc,Johnson Brothers - St. Paul,1,0.6,1.7,5.38,11.99,9.96,55,,3,5,Chanhassen:1
San Antonio Cardinale Red 750ml,Red Blends,"Breakthru Beverage Minnesota Wine & Spirits, LLC",0,0.6,0.0,6.76,11.49,9.96,41,,3,6,
Bernard Diochon Moulin-a-Vent,Other Reds,"New France Wine Co, Inc",0,0.5,0.0,21.54,22.99,19.86,6,,3,4,
Stolpman So Fresh Crunchy Roast Syrah 750ml,Syrah/Shiraz,"Maverick Beverage Co., LLC - MN",13,0.5,26.1,16.12,20.99,17.95,23,,2,7,Blaine:2;Minnetonka:3;Vadnais Heights:8
Hakutsuru Awa Yuki Sparkling Sake  300ml,Fortified,The Wine Company,58,0.5,116.5,7.62,13.99,11.96,46,,2,7,Woodbury:1;Osseo:7;Cottage Grove:8;Ramsey:8;Andover:9;Vadnais Heights:9;Chanhassen:16
Billecart-Salmon Brut Sous Bois 750ml,Sparkling,"New France Wine Co, Inc",20,0.5,36.7,89.54,119.99,99.96,25,,3,4,Roseville:3;Minnetonka:4;Woodbury:5;Cottage Grove:8
Andrew Paso Robles Organic Syrah 750ml,Syrah/Shiraz,"Maverick Beverage Co., LLC - MN",34,0.5,66.2,15.79,27.99,23.96,44,,3,3,Roseville:1;Bloomington:4;Minnetonka:7;Blaine:10;St. Louis Park:12
Chateau Barde Haut 2019 750ml,Red Blends,Bellboy Corporation,58,0.5,109.7,2.8,46.99,19.86,94,,2,8,Andover:7;Chanhassen:25;Minnetonka:26
Creamery Cans 355ml,Chardonnay,"Breakthru Beverage Minnesota Wine & Spirits, LLC",22,0.5,40.4,5.43,7.99,4.95,32,,3,4,Vadnais Heights:2;Minneapolis:5;Andover:7;Chanhassen:8
Jinro Soju 24 700ml,Fortified,Johnson Brothers - St. Paul,31,0.5,62.3,7.72,13.79,11.96,44,,2,7,Cottage Grove:7;St. Louis Park:10;Minneapolis:14
Joel Gott Palisades Red 750ml,Red Blends,Phillips Wine & Spirits - St. Paul,15,0.5,27.6,7.98,11.49,9.96,31,,3,4,Rosemount:5;Blaine:10
Crafters Union Red Blend 375ml,Red Blends,Southern Glazer's Wine & Spirits of MN,54,0.5,99.2,3.67,6.99,4.86,47,,3,4,Ramsey:10;Blaine:14;Osseo:30
Walnut Block Sauvignon Blanc 750ml,Sauvignon Blanc,Libation Project,25,0.5,51.8,12.17,20.99,17.96,42,,1,11,Roseville:1;Minnetonka:5;St. Louis Park:7;Woodbury:12
By Ott Rose 750ml,Rose,Oxford Street Merchants,0,0.5,0.0,15.83,29.99,24.96,47,,2,7,
Chankaska Creekside White 750ml,White Blends,"Vinocopia, Inc",48,0.5,102.9,12.82,23.99,19.96,47,,2,6,Andover:1;St. Louis Park:5;Blaine:10;Roseville:10;Cottage Grove:11;Plymouth:11
Cupcake Signature Sweet Watermelon 750ml,Flavored,Johnson Brothers - St. Paul,182,0.5,334.3,6.11,9.99,8.96,39,,3,4,Minneapolis:182
The Little Sheep Cabernet Sauvignon 750ml,Cabernet,Rue 38 LLC,33,0.5,62.4,8.17,14.99,12.96,45,,2,8,St. Louis Park:5;Rosemount:8;Cottage Grove:9;Woodbury:11
Dalho Soju Shot Peach 34 375ml,Fortified,Southern Glazer's Wine & Spirits of MN,9,0.5,17.5,3.82,6.49,5.96,41,,3,3,Minneapolis:9
Puianello Lambrusco Amabile 750ml,Sparkling,,7,0.5,15.0,6.15,12.99,,53,,2,6,Rosemount:3;Ramsey:4
Lindemans Bin 65 Chardonnay 750ml,Chardonnay,"Breakthru Beverage Minnesota Wine & Spirits, LLC",0,0.5,0.0,5.43,9.99,8.96,46,,3,3,
McManis Merlot 750ml,Merlot,Paustis Wine,52,0.5,98.3,8.08,13.99,11.96,42,,2,8,Minneapolis:1;Vadnais Heights:3;Osseo:4;Plymouth:4;Rosemount:4;Stillwater:6;Roseville:12;Blaine:18
La Princesse de Malijay 750ml,Red Blends,Bellboy Corporation,35,0.5,66.2,8.39,18.99,9.86,56,,2,8,Andover:3;Rosemount:4;Plymouth:12;Chanhassen:16
Penfold's Max's Shiraz 750ml,Syrah/Shiraz,"Breakthru Beverage Minnesota Wine & Spirits, LLC",23,0.5,49.3,12.1,18.99,15.96,36,,2,6,Minnetonka:3;Roseville:5;St. Louis Park:5;Blaine:10
Capriccio Bubbly Sangria 750ml,Flavored,"Breakthru Beverage Minnesota Wine & Spirits, LLC",14,0.5,27.3,7.43,13.79,11.96,46,,1,12,Roseville:1;Andover:6;Ramsey:7
Belle Glos Pinot Noir Las Alturas 750ml,Pinot Noir,Oxford Street Merchants,8,0.5,15.1,31.31,41.99,34.96,25,,2,8,Rosemount:2;Andover:6
LaMarca Prosecco Rose 187ml,Sparkling,Johnson Brothers - St. Paul,23,0.5,43.5,4.05,6.99,5.96,42,,2,8,Stillwater:7;Ramsey:16
Greywacke Sauvignon Blanc 750ml,Sauvignon Blanc,Small Lot MN,6,0.5,12.9,16.79,29.99,24.96,44,,2,6,St. Louis Park:6
Barefoot Watermelon Moscato 750ml,Flavored,Johnson Brothers - St. Paul,17,0.5,34.2,4.41,7.99,6.96,45,ON Month Deep Net $51.85 ( Off Month Deep Net $56),2,7,Blaine:2;Chanhassen:4;Stillwater:11
Lange WV Chardonnay 750ml,Chardonnay,Oxford Street Merchants,47,0.5,88.9,13.42,24.99,20.96,46,,2,8,Blaine:8;Chanhassen:8;Woodbury:9;Roseville:22
Barefoot Sangria 750ml,Flavored,Johnson Brothers - St. Paul,21,0.5,39.7,4.41,7.99,6.96,45,ON Month Deep Net $51.85 ( Off Month Deep Net $56),2,8,Blaine:8;Chanhassen:13
Le Naturel Zero Zero White 750ml,White Blends,Rue 38 LLC,15,0.5,28.4,11.5,20.99,17.96,45,,2,8,Minnetonka:5;Minneapolis:10
XXL Blueberry 750ml,Flavored,Paustis Wine,12,0.5,25.7,6.14,12.99,11.96,53,,2,6,Blaine:1;Minneapolis:11
XXL Peach Cans 4pk 250ml,Flavored,Paustis Wine,17,0.5,32.1,8.17,12.99,11.96,37,,2,8,Plymouth:2;Osseo:5;Roseville:5;Woodbury:5
Carlo Rossi Sangria,Flavored,Johnson Brothers - St. Paul,1,0.5,2.2,3.43,5.99,,43,,1,10,Ramsey:1
Greenwing Pinot Grigio 750ml,Pinot Grigio/Gris,"Breakthru Beverage Minnesota Wine & Spirits, LLC",30,0.5,64.3,10.76,18.99,15.96,43,Deep Pricing Chained In,2,6,St. Louis Park:9;Chanhassen:10;Blaine:11
Albert Bichot Macon-Villages 750ml,Chardonnay,"Grape Beginnings, Inc.",13,0.5,27.9,14.0,25.99,21.96,46,,2,6,Stillwater:5;St. Louis Park:8
Duckhorn Napa Merlot 750ml,Merlot,"Breakthru Beverage Minnesota Wine & Spirits, LLC",30,0.5,64.3,35.43,55.99,45.96,37,,2,6,Blaine:3;Ramsey:4;Chanhassen:5;St. Louis Park:8;Roseville:10
Antonin Rodet Bourgogne Chardonnay 750ml,Chardonnay,"Vinocopia, Inc",67,0.5,134.6,10.47,23.99,19.96,56,,2,7,Vadnais Heights:1;Plymouth:2;Ramsey:2;Andover:4;Minneapolis:6;Osseo:19;Blaine:33
Unshackled Red Calif 750ml,Red Blends,Southern Glazer's Wine & Spirits of MN,38,0.5,71.8,10.73,19.99,16.96,46,,2,8,Blaine:7;Roseville:9;St. Louis Park:22
Taylor Port 1.5L,Fortified,Johnson Brothers - St. Paul,0,0.5,0.0,11.52,17.99,,36,,2,6,
Chateau Lynch Moussas Pauillac 2020 750ml,Red Blends,Bellboy Corporation,28,0.5,54.5,31.69,42.99,29.95,26,,3,3,St. Louis Park:4;Chanhassen:9;Blaine:15
Mumm Sparkling Cuvee M 750ml,Sparkling,Southern Glazer's Wine & Spirits of MN,39,0.5,80.9,13.4,23.99,19.96,44,,1,11,Bloomington:4;Cottage Grove:11;St. Louis Park:11;Vadnais Heights:13
Veuve Clicquot Brut Champagne 375ml,Sparkling,Oxford Street Merchants,21,0.5,40.9,32.13,59.99,49.96,46,,3,3,St. Louis Park:9;Roseville:12
Mr Soju Peach 375ml,Fortified,"Breakthru Beverage Minnesota Wine & Spirits, LLC",16,0.5,29.4,4.2,7.99,6.96,47,,3,4,Minneapolis:16
Jordan Cabernet Sauvignon Alexander Valley 750ml,Cabernet,Southern Glazer's Wine & Spirits of MN,41,0.5,79.9,43.4,67.99,55.96,36,,1,12,Plymouth:1;Bloomington:4;Andover:5;Blaine:5;Ramsey:6;St. Louis Park:6;Minnetonka:14
Pavette Sauvignon Blanc 750ml,Sauvignon Blanc,Libation Project,15,0.5,30.1,9.83,17.49,14.96,44,,2,7,St. Louis Park:2;Minnetonka:5;Roseville:8
XXL Sparkling Rose Moscato 750ml,Sparkling,Paustis Wine,15,0.5,32.1,9.42,15.99,14.96,41,,2,6,Andover:2;Roseville:4;Blaine:9
Caymus The Walking Fool 750ml,Red Blends,Oxford Street Merchants,40,0.5,80.4,22.59,38.99,29.96,42,,2,7,Blaine:2;Plymouth:2;St. Louis Park:2;Roseville:3;Minnetonka:4;Woodbury:4;Andover:5;Stillwater:8;Bloomington:10
Field Recordings Salad Days 750ml,Sparkling,"Tradition Wine & Spirits, LLC",14,0.5,27.3,12.5,17.49,14.96,29,,3,3,Vadnais Heights:5;St. Louis Park:9
Routestock Sauvignon Blanc 750ml,Sauvignon Blanc,"Breakthru Beverage Minnesota Wine & Spirits, LLC",8,0.5,15.6,13.43,23.99,19.96,44,,3,3,St. Louis Park:2;Roseville:6
Martin Woods Koosah Chardonnay 750ml,Chardonnay,"New France Wine Co, Inc",26,0.5,50.6,44.21,70.99,59.96,38,,3,3,Minnetonka:5;Blaine:10;St. Louis Park:11
Twin Suns Cabernet Sauvignon 750ml,Cabernet,Bellboy Corporation,34,0.5,64.3,7.5,17.49,14.96,57,Buyer's Select,2,8,Stillwater:1;Andover:3;Vadnais Heights:8;Cottage Grove:11;Osseo:11
XXL Strawberry Cans 4pk 250ml,Flavored,Paustis Wine,27,0.5,54.2,8.17,12.99,11.96,37,,2,7,Osseo:2;Woodbury:2;Minneapolis:3;Vadnais Heights:4;Plymouth:5;Roseville:5;Blaine:6
19 Crimes Cali Smooth Red 750ml,Red Blends,"Breakthru Beverage Minnesota Wine & Spirits, LLC",15,0.5,29.2,8.76,11.49,9.96,24,,3,3,St. Louis Park:15
Yellow Tail Shiraz/Cab Sauv 1.5L,Red Blends,Phillips Wine & Spirits - St. Paul,10,0.5,21.4,6.62,12.49,11.96,47,,2,6,Rosemount:1;Andover:3;Chanhassen:6
True Grit Petite Sirah 750ml,Other Reds,"Maverick Beverage Co., LLC - MN",40,0.5,73.5,9.44,23.99,9.86,61,,3,4,Blaine:4;Cottage Grove:7;Chanhassen:9;Ramsey:20
Frescobaldi Nipozzano Chianti Rsv,Other Reds,The Wine Company,29,0.5,53.3,14.12,25.99,21.96,46,,3,4,Chanhassen:8;Roseville:10;Blaine:11
Reynaud Lacoste 750ml,Other Reds,Phillips Wine & Spirits - St. Paul,36,0.5,77.1,4.96,12.49,10.96,60,,2,6,Osseo:1;Minnetonka:14;Chanhassen:21
Avaline Pinot Noir 750ml,Pinot Noir,Southern Glazer's Wine & Spirits of MN,18,0.5,34.0,15.62,26.99,22.96,42,,2,8,Plymouth:6;Blaine:12
J Friederich Bernkasteler Spat 750ml,Other Whites,Paustis Wine,10,0.5,21.4,7.33,12.49,10.96,41,,2,6,Roseville:10
Relax Alcohol Removed Chardonnay 750ml,Chardonnay,Johnson Brothers - St. Paul,23,0.5,46.2,7.33,9.99,8.96,27,,2,7,Blaine:3;Minneapolis:3;Osseo:3;Ramsey:3;Woodbury:4;Cottage Grove:7
Concha Y Toro Gr Rsv Cabernet 750ml,Cabernet,"Breakthru Beverage Minnesota Wine & Spirits, LLC",49,0.5,90.0,10.1,11.49,8.96,12,,3,4,Minneapolis:49
Tisdale Chardonnay 750ml,Chardonnay,Johnson Brothers - St. Paul,38,0.5,76.3,3.76,5.99,3.95,37,,2,7,Blaine:2;Stillwater:7;Minnetonka:9;Cottage Grove:20
William Hill NC Merlot 750ml,Merlot,Johnson Brothers - St. Paul,16,0.5,34.3,10.76,18.99,15.96,43,,2,6,Vadnais Heights:3;Blaine:13
Dalho Soju Shot Peach 34 Pet 50ml,Fortified,Southern Glazer's Wine & Spirits of MN,117,0.5,227.9,0.34,1.49,1.24,77,,3,3,Minneapolis:117
Canned Oregon White Bubbly 375ml,Sparkling,Johnson Brothers - St. Paul,8,0.5,17.7,3.07,7.99,,62,,1,10,Chanhassen:8
Pewsey Vale Dry Riesling 750ml,Other Whites,"Grape Beginnings, Inc.",9,0.5,19.3,15.75,27.99,23.96,44,,2,6,Minnetonka:9
Petit Bourgeois Sauvignon Blanc 750ml,Sauvignon Blanc,"Bourget Imports, LLC",6,0.5,13.3,12.81,23.99,19.96,47,,1,10,St. Louis Park:1;Woodbury:1;Chanhassen:2;Cottage Grove:2
Canella Granriviera Mimos 750ml,Flavored,Oxford Street Merchants,19,0.5,38.2,9.54,17.99,14.96,47,,2,7,Andover:9;Woodbury:10
Fit Vine Chardonnay 750ml,Chardonnay,"Breakthru Beverage Minnesota Wine & Spirits, LLC",13,0.5,28.8,10.1,12.99,11.96,22,,1,10,Woodbury:2;Andover:4;Blaine:7
Villa Cafaggio Chianti Classic,Other Reds,Oxford Street Merchants,62,0.5,117.2,18.27,31.99,26.96,43,,2,8,Chanhassen:2;Minnetonka:2;Plymouth:2;Andover:3;Rosemount:3;St. Louis Park:5;Stillwater:5;Roseville:7;Woodbury:8;Minneapolis:12;Blaine:13
Sho Chiku Bai Nigori Sake 750ml,Fortified,Johnson Brothers - St. Paul,30,0.5,56.7,4.4,7.99,6.96,45,,2,8,Blaine:3;Minneapolis:9;Rosemount:9;Vadnais Heights:9
Willm Pinot Gris Alsace Reserv 750ml,Pinot Grigio/Gris,Rue 38 LLC,6,0.5,12.9,12.79,21.99,,42,,2,6,St. Louis Park:6
Dalho Soju Shot Strawberry 34 Pet 50ml,Fortified,Southern Glazer's Wine & Spirits of MN,117,0.5,227.9,0.34,1.49,1.24,77,,3,3,Minneapolis:117
Castellare Chianti Classico DOCG,Other Reds,"Grape Beginnings, Inc.",9,0.4,21.4,18.75,30.49,25.96,39,,1,9,Bloomington:9
Bartenura Moscato Rose 750ml,Moscato,Phillips Wine & Spirits - St. Paul,15,0.4,37.1,7.82,12.49,9.95,37,,2,4,Osseo:1;Vadnais Heights:2;Roseville:6;Woodbury:6
Our Daily Cab 750ml,Cabernet,Paustis Wine,5,0.4,12.4,6.75,12.49,10.96,46,,2,4,Chanhassen:5
Clay Shannon Red Blend 750ml,Red Blends,Paustis Wine,9,0.4,20.7,11.62,20.99,17.96,45,,2,5,Blaine:4;Plymouth:5
Stella Rosa Tropical Mango 250ml,Flavored,"Breakthru Beverage Minnesota Wine & Spirits, LLC",14,0.4,39.1,4.43,7.99,6.96,45,,1,7,Roseville:3;Blaine:5;Andover:6
Stadt Krems Kremstal Gruner,Other Whites,"Grape Beginnings, Inc.",19,0.4,50.9,12.0,20.99,17.96,43,,2,3,Chanhassen:4;Rosemount:4;St. Louis Park:4;Vadnais Heights:7
La Sueca Sangria Liter,Flavored,Rue 38 LLC,20,0.4,51.4,11.67,20.99,14.95,44,,1,8,Roseville:1;Plymouth:3;Stillwater:3;Blaine:4;Cottage Grove:4;Minnetonka:5
ClapBack Where'd My Mango Liter,Flavored,Paustis Wine,33,0.4,88.4,9.42,15.99,13.96,41,,2,3,Minneapolis:6;Osseo:6;Roseville:6;Blaine:7;Vadnais Heights:8
ClapBack Slept On Strawberry Liter,Flavored,Paustis Wine,24,0.4,55.1,9.42,15.99,13.96,41,,2,5,Blaine:2;Roseville:6;Vadnais Heights:7;Woodbury:10
Pecorari Rosalba Rosato 750ml,Rose,"New France Wine Co, Inc",8,0.4,19.8,11.54,21.99,17.96,48,,2,4,St. Louis Park:8
Pax North Coast Syrah 2019 750ml,Syrah/Shiraz,"Tradition Wine & Spirits, LLC",10,0.4,26.8,20.5,34.99,21.95,41,,2,3,Blaine:1;Minnetonka:4;Plymouth:5
Baron Herzog Cab Sauvignon 750ml,Cabernet,Phillips Wine & Spirits - St. Paul,47,0.4,116.2,7.96,14.99,12.96,47,,2,4,Cottage Grove:1;Minnetonka:3;Andover:10;Blaine:12;St. Louis Park:21
Dixie & Bass Rsv Cabernet Sauvignon 750ml,Cabernet,"Vinocopia, Inc",11,0.4,30.7,11.97,22.99,19.86,48,,1,7,Cottage Grove:5;Osseo:6
Viarae Prosecco 750ml,Sparkling,Johnson Brothers - St. Paul,26,0.4,66.9,13.42,23.99,17.95,44,,1,8,Roseville:1;Woodbury:1;Chanhassen:7;Cottage Grove:8;Blaine:9
Verus Furmint 750ml,Other Whites,"Bourget Imports, LLC",13,0.4,32.1,15.62,28.99,23.96,46,,0,13,Osseo:3;Blaine:5;St. Louis Park:5
Cavit Select Red Blend 1.5L,Red Blends,,13,0.4,34.8,8.98,12.49,10.95,28,,2,3,Cottage Grove:1;Roseville:2;Minnetonka:4;Chanhassen:6
Joel Gott Red Blend 750ml,Red Blends,Phillips Wine & Spirits - St. Paul,20,0.4,45.9,7.98,11.49,9.96,31,,2,5,Vadnais Heights:1;Minnetonka:9;Blaine:10
Marietta Old Vine Red 750ml,Red Blends,Oxford Street Merchants,12,0.4,29.7,8.98,15.99,13.96,44,1 free on 5 - start in September,2,4,Minneapolis:1;Minnetonka:2;Stillwater:9
Sun Goddess Sauvignon Blanc 750ml,Sauvignon Blanc,"Vinocopia, Inc",5,0.4,13.4,12.88,23.99,19.96,46,,2,3,Ramsey:1;Minnetonka:2;Vadnais Heights:2
Field Recordings Foxie Grapefruit Rose 375ml,Rose,"Tradition Wine & Spirits, LLC",29,0.4,74.6,3.58,6.49,5.96,45,,1,8,Plymouth:4;Andover:8;Osseo:17
Roseblood d'Estoublon Provence Rose 750ml,Rose,The Wine Company,10,0.4,24.7,18.79,33.49,27.96,44,,2,4,Blaine:2;Roseville:2;Chanhassen:6
Frey Organic Sauvignon Blanc 750ml,Sauvignon Blanc,Oxford Street Merchants,10,0.4,26.8,8.65,15.99,12.96,46,,2,3,Minnetonka:4;Ramsey:6
Yamhill Valley Pinot Noir 750ml,Pinot Noir,"New France Wine Co, Inc",3,0.4,7.4,18.54,32.99,27.96,44,,2,4,Blaine:3
Chateau L'Escarelle Rumeurs Rose 750ml,Rose,"Bourget Imports, LLC",9,0.4,24.1,13.48,23.99,19.96,44,,2,3,Chanhassen:3;Roseville:6
Chateau Lalande Red 750ml,Other Reds,Phillips Wine & Spirits - St. Paul,66,0.4,176.8,18.82,35.49,29.96,47,,2,3,St. Louis Park:10;Minnetonka:19;Blaine:37
Yalumba Y Series Viognier 750ml,Other Whites,"Grape Beginnings, Inc.",2,0.4,4.6,9.0,15.99,13.96,44,,2,5,Stillwater:2
Yukikage Snow Shadow Tokubetsu Junmai 720ml,Fortified,"Maverick Beverage Co., LLC - MN",5,0.4,12.4,17.46,30.49,25.96,43,,2,4,Roseville:2;Minneapolis:3
Tamburini 'THE BOSS' Chianti DOCG,Other Reds,Small Lot MN,36,0.4,96.4,10.79,18.99,12.95,43,,2,3,Chanhassen:2;Plymouth:6;Osseo:7;Blaine:9;Ramsey:12
Mount Tabor Cabernet Sauvignon 750ml,Cabernet,Southern Glazer's Wine & Spirits of MN,24,0.4,64.3,8.73,14.99,12.96,42,,2,3,Plymouth:6;Minnetonka:8;Vadnais Heights:10
Taylor Port 375ml,Fortified,Johnson Brothers - St. Paul,10,0.4,24.7,4.0,6.99,,43,,2,4,Andover:1;Osseo:4;Roseville:5
Tattinger Brut la Francaise 750ml,Sparkling,"Breakthru Beverage Minnesota Wine & Spirits, LLC",2,0.4,5.4,49.52,80.99,66.96,39,,2,3,St. Louis Park:2
Le Naturel Zero Zero Red 750ml,Red Blends,Rue 38 LLC,19,0.4,47.0,11.5,20.99,17.96,45,,2,4,St. Louis Park:2;Minnetonka:8;Minneapolis:9
Orin Swift Mannequin 750ml,Chardonnay,Johnson Brothers - St. Paul,14,0.4,37.5,30.09,30.49,25.95,1,,2,3,Vadnais Heights:5;Andover:9
Catena Appellation Tupungato Chardonnay 750ml,Chardonnay,"Grape Beginnings, Inc.",2,0.4,5.4,12.0,13.99,12.86,14,,2,3,Vadnais Heights:2
Domaine De La Geraudrie Muscadet 750ml,Other Whites,"Maverick Beverage Co., LLC - MN",30,0.4,68.9,12.12,20.99,17.96,42,,2,5,St. Louis Park:1;Blaine:7;Chanhassen:7;Roseville:7;Woodbury:8
Winehaven Rhubarb Wine,Flavored,Paustis Wine,12,0.4,29.7,10.75,17.99,,40,,2,4,Plymouth:3;Minneapolis:4;Osseo:5
Wither Hills Sauvignon Blanc 750ml,Sauvignon Blanc,The Wine Company,21,0.4,58.7,12.12,15.99,13.96,24,,1,7,Rosemount:1;St. Louis Park:1;Minneapolis:2;Andover:6;Bloomington:11
AVA Grace Rose 750ml,Rose,Southern Glazer's Wine & Spirits of MN,30,0.4,83.9,6.4,11.49,9.96,44,,1,7,Blaine:9;Andover:10;St. Louis Park:11
Bartenura Prosecco 750ml,Sparkling,Phillips Wine & Spirits - St. Paul,3,0.4,8.0,7.82,12.49,10.96,37,,2,3,Blaine:1;Vadnais Heights:2
Dark Horse Pinot Noir 375ml,Pinot Noir,Johnson Brothers - St. Paul,1,0.4,2.7,3.76,7.99,,53,,2,3,Cottage Grove:1
Mr Brightside Gamay Blanc 750ml,Other Whites,"Tradition Wine & Spirits, LLC",3,0.4,8.0,13.83,23.99,19.96,42,,2,3,Minneapolis:3
Mr Brightside Gamay Noir 750ml,Other Reds,"Tradition Wine & Spirits, LLC",19,0.4,50.9,15.17,23.99,19.96,37,,2,3,Chanhassen:6;Rosemount:6;Minnetonka:7
Noble Vines 181 Merlot 750ml,Merlot,Johnson Brothers - St. Paul,58,0.4,155.4,5.6,14.99,9.86,63,,2,3,Woodbury:4;Ramsey:54
St Supery Sauvignon Blanc 750ml,Sauvignon Blanc,Oxford Street Merchants,4,0.4,10.7,14.76,27.99,22.96,47,,2,3,St. Louis Park:4
St Supery Rose 750ml,Rose,Oxford Street Merchants,4,0.4,9.2,12.76,23.99,19.96,47,,2,5,St. Louis Park:4
Barefoot Cab Sauv 187ml,Cabernet,Johnson Brothers - St. Paul,11,0.4,25.3,6.18,9.99,,38,,2,5,Cottage Grove:11
Gallo White Zinfandel 1.5L,Zinfandel,Johnson Brothers - St. Paul,3,0.4,7.1,7.52,13.79,11.96,45,,1,9,Ramsey:1;Blaine:2
Ch d'Astros AMOUR Cotes d Provence Rose 750ml,Rose,Bellboy Corporation,42,0.4,108.0,12.25,20.99,17.95,42,,1,8,Stillwater:2;Woodbury:2;Vadnais Heights:4;Ramsey:9;Osseo:10;Rosemount:15
Bevan Cellars Tench Cabernet Sauv 2018 750ml,Cabernet,"Bourget Imports, LLC",10,0.4,26.8,168.0,230.99,192.45,27,,2,3,St. Louis Park:10
Penfold's Shiraz Bin 28 750ml,Syrah/Shiraz,"Breakthru Beverage Minnesota Wine & Spirits, LLC",14,0.4,37.5,22.19,35.49,29.96,37,,2,3,Blaine:4;St. Louis Park:4;Minnetonka:6
XXL Mango Cans 4pk 250ml,Flavored,Paustis Wine,19,0.4,50.9,8.17,12.99,11.96,37,,2,3,Blaine:1;Minneapolis:2;Plymouth:3;Vadnais Heights:4;Woodbury:4;Roseville:5
Daou Sauvignon Blanc 750ml,Sauvignon Blanc,"Breakthru Beverage Minnesota Wine & Spirits, LLC",8,0.4,19.8,12.1,22.49,18.96,46,,2,4,Roseville:8
La Gioiosa Prosecco DOC 750ml,Sparkling,Oxford Street Merchants,25,0.4,67.0,8.42,18.99,16.96,56,1 free DOC Prosecco on 5 cs M/M with La Gioiosa Prosecco Asolo DOCG,0,12,Stillwater:1;Roseville:4;Chanhassen:9;Ramsey:11
Black Box Shiraz 3L Box,Syrah/Shiraz,Johnson Brothers - St. Paul,17,0.4,42.0,10.6,18.99,,44,,2,4,Chanhassen:1;Minneapolis:4;Osseo:6;Minnetonka:6
Vigilance Cabernet Sauvignon 750ml,Cabernet,Paustis Wine,19,0.4,50.9,7.71,11.49,9.95,33,,0,12,Andover:2;Woodbury:3;Blaine:14
Klinker Brick Old Ghost Zin 750ml,Zinfandel,"Maverick Beverage Co., LLC - MN",9,0.4,22.3,25.92,47.99,39.96,46,,2,4,Blaine:1;Roseville:1;Andover:2;St. Louis Park:2;Stillwater:3
Bleasdale Bremerview Shiraz 750ml,Syrah/Shiraz,Phillips Wine & Spirits - St. Paul,7,0.4,18.7,12.09,22.49,18.96,46,,2,3,Chanhassen:3;Roseville:4
Illahe Viognier 750ml,Other Whites,"Tradition Wine & Spirits, LLC",12,0.4,29.7,15.83,27.99,23.96,43,,2,4,Vadnais Heights:2;Minnetonka:5;Stillwater:5
Semeli Feast Agiorgitiko 750ml,Other Reds,"Maverick Beverage Co., LLC - MN",3,0.4,8.4,9.46,17.49,14.96,46,,1,7,St. Louis Park:3
William Hill  Napa Cab 750ml,Cabernet,Johnson Brothers - St. Paul,0,0.4,0.0,36.76,47.99,39.96,23,,2,3,
Pike Road Pinot Gris 750ml,Pinot Grigio/Gris,"New France Wine Co, Inc",24,0.4,61.7,11.54,19.99,16.96,42,,1,8,Ramsey:2;Plymouth:4;St. Louis Park:7;Woodbury:11
Sokol Blosser Evolution White 750ml,White Blends,Small Lot MN,26,0.4,59.7,10.12,17.49,13.46,42,,2,5,Blaine:5;Minneapolis:6;Rosemount:7;Roseville:8
William Hill NC Cabernet Sauv 750ml,Cabernet,Johnson Brothers - St. Paul,15,0.4,38.6,12.09,20.99,17.96,42,,1,8,Blaine:1;Roseville:4;Minnetonka:5;Vadnais Heights:5
Sincerite Sauvignon Blanc 750ml,Sauvignon Blanc,Oxford Street Merchants,0,0.4,0.0,10.0,17.49,14.96,43,,2,4,
Sokol Blosser Evolution Pinot Noir 750ml,Pinot Noir,Small Lot MN,14,0.4,37.5,13.46,24.99,20.96,46,,2,3,Minneapolis:1;Rosemount:4;Blaine:10
Penley 'Phoenix' Cabernet Sauvignon 750ml,Cabernet,Small Lot MN,11,0.4,25.3,13.46,17.49,14.95,23,,2,5,Woodbury:2;Rosemount:4;Ramsey:5
St. Francis Chard 750ml,Chardonnay,"Breakthru Beverage Minnesota Wine & Spirits, LLC",14,0.4,39.1,12.76,17.99,14.96,29,,1,7,St. Louis Park:2;Blaine:5;Minnetonka:7
Lolli Sweet Red 750ml,Flavored,Johnson Brothers - St. Paul,12,0.4,32.1,8.09,13.79,11.96,41,,2,3,Andover:3;Blaine:9
Il Poggione Brunello di Montalcino,Other Reds,Southern Glazer's Wine & Spirits of MN,1,0.4,2.3,66.13,89.99,74.95,27,,2,5,Blaine:1
The Fox & The Flamingo Rose 750ml,Rose,"New France Wine Co, Inc",12,0.4,28.6,14.21,25.99,21.96,45,,1,9,Minnetonka:12
The Prisoner Cabernet Sauvignon 750ml,Cabernet,Southern Glazer's Wine & Spirits of MN,5,0.4,13.4,39.4,54.99,44.96,28,,2,3,Roseville:5
Knotty Vines Pinot Noir 750ml,Pinot Noir,Southern Glazer's Wine & Spirits of MN,7,0.4,17.3,8.0,14.99,,47,,2,4,Cottage Grove:7
Kobal NV Sparkling Rose 750ml,Sparkling,"New France Wine Co, Inc",15,0.4,35.7,14.21,24.99,20.96,43,,1,9,St. Louis Park:4;Woodbury:11
Pratsch Gruner Veltliner,Other Whites,"Bourget Imports, LLC",12,0.4,32.1,13.48,24.99,20.96,46,,0,12,St. Louis Park:12
I Tre Santi Pinot Grigio 750ml,Pinot Grigio/Gris,Libation Project,29,0.4,77.7,8.17,13.79,11.96,41,,0,12,Roseville:1;Woodbury:6;Minnetonka:10;St. Louis Park:12
Cline Viognier 750ml,Other Whites,Southern Glazer's Wine & Spirits of MN,15,0.4,34.4,9.4,17.49,14.96,46,,2,5,Andover:1;Vadnais Heights:2;Roseville:12
Senor Sangria Red 750ml,Flavored,Bellboy Corporation,22,0.4,58.9,8.08,13.79,11.96,41,,0,12,Roseville:1;Blaine:10;St. Louis Park:11
Risata Blueberry 750ml,Flavored,Oxford Street Merchants,18,0.4,48.2,5.04,10.99,,54,,2,3,Vadnais Heights:3;Chanhassen:5;Minnetonka:5;St. Louis Park:5
Breaking Bread Marmalade Orange 750ml,Other Whites,"Bourget Imports, LLC",10,0.4,28.0,16.15,29.99,24.96,46,,1,7,St. Louis Park:10
Scaia Rosato 750ml,Rose,The Wine Company,16,0.4,39.6,12.12,21.99,18.96,45,,2,4,Bloomington:2;Roseville:2;St. Louis Park:12
Cupcake Lighthearted Chardonnay 750ml,Chardonnay,Southern Glazer's Wine & Spirits of MN,27,0.4,75.5,5.4,9.99,8.96,46,,1,7,Chanhassen:2;Woodbury:4;Rosemount:7;Stillwater:14
Archer Roose Rose 4pk 250ml,Rose,Southern Glazer's Wine & Spirits of MN,13,0.4,36.3,12.71,22.49,18.96,43,,1,7,Blaine:1;Minnetonka:1;Cottage Grove:2;Minneapolis:3;Woodbury:6
Long Meadow Ranch Anderson Pinot Noir 750ml,Pinot Noir,"Maverick Beverage Co., LLC - MN",37,0.4,103.4,27.12,48.99,40.96,45,,1,7,Roseville:4;Stillwater:5;Andover:6;Chanhassen:7;Minnetonka:7;Plymouth:8
Brown Estate House of Brown Red Blend 750ml,Red Blends,"Grape Beginnings, Inc.",42,0.4,112.5,12.0,20.99,14.95,43,,2,3,Woodbury:1;Chanhassen:3;Stillwater:8;Roseville:9;Rosemount:10;Vadnais Heights:11
Fontodi Chianti Classico Gran Selezione,Other Reds,,6,0.4,14.8,75.0,149.99,,50,,2,4,Plymouth:6
Sebastiani Bourbon Barrel Red 750ml,Red Blends,Southern Glazer's Wine & Spirits of MN,36,0.4,82.7,10.73,15.99,13.91,33,,2,5,Minnetonka:9;Chanhassen:13;Vadnais Heights:14
Broc Cellars Love Red 750ml,Red Blends,Libation Project,22,0.4,50.5,14.17,25.99,21.96,45,,2,5,St. Louis Park:3;Roseville:8;Minnetonka:11
Reserve Turant Sauvignon Blanc 750ml,Sauvignon Blanc,Rue 38 LLC,4,0.4,11.2,8.5,17.99,10.95,53,,1,7,Blaine:4
Remo Farina Soave Classico,Other Whites,"Bourget Imports, LLC",25,0.4,61.8,10.17,20.99,15.46,52,,2,4,Chanhassen:1;Andover:3;Minnetonka:3;Cottage Grove:4;Rosemount:5;Ramsey:9
Long Meadow Ranch Napa Cabernet Sauv 750ml,Cabernet,"Maverick Beverage Co., LLC - MN",16,0.4,36.7,33.12,59.99,49.96,45,,2,5,Chanhassen:1;Blaine:3;Minnetonka:5;St. Louis Park:7
Jaja de Jau Syrah 750ml,Syrah/Shiraz,"Bourget Imports, LLC",5,0.4,13.4,9.48,17.49,14.96,46,,2,3,Plymouth:1;Woodbury:2;Minnetonka:2
Lone Birch Chardonnay 750ml,Chardonnay,"Bourget Imports, LLC",22,0.4,50.5,10.15,17.49,10.95,42,,2,5,Rosemount:1;Osseo:9;Blaine:12
Triton Tinto de Toro,Other Reds,The Wine Company,15,0.4,40.2,14.12,25.99,,46,,2,3,Rosemount:2;Blaine:3;Andover:10
Arnoux Bourgogne Rouge 750ml,Pinot Noir,The Wine Company,30,0.4,74.2,11.72,34.99,10.97,67,,2,4,Roseville:2;Vadnais Heights:3;Rosemount:5;Minnetonka:9;Plymouth:11
Argyle Pinot Noir 750ml,Pinot Noir,The Wine Company,13,0.4,32.1,17.46,32.99,24.96,47,,2,4,Chanhassen:1;Roseville:12
Franzia Dark Red 3L Box,Red Blends,Southern Glazer's Wine & Spirits of MN,9,0.4,23.1,9.13,14.99,12.96,39,,1,8,Blaine:2;Andover:3;Plymouth:4
Bota Box Nighthawk BB Cabernet 500ml,Cabernet,Phillips Wine & Spirits - St. Paul,163,0.4,403.0,2.76,5.49,4.96,50,,2,4,Andover:22;Woodbury:141
Bota Box Nighthawk Rum Barrel Red 3L Box,Red Blends,Phillips Wine & Spirits - St. Paul,6,0.4,15.4,13.4,19.99,17.96,33,,1,8,Blaine:2;Bloomington:4
Arbor Mist Blackberry,Flavored,Johnson Brothers - St. Paul,3,0.4,8.0,6.85,9.99,,31,,2,3,Blaine:3
Craggy Range Sauvignon Blanc 750ml,Sauvignon Blanc,"Breakthru Beverage Minnesota Wine & Spirits, LLC",0,0.4,0.0,18.1,31.99,26.96,43,,0,12,
Rutherford Hill Merlot 750ml,Merlot,Southern Glazer's Wine & Spirits of MN,7,0.4,18.7,22.4,36.99,30.96,39,,2,3,Roseville:2;Blaine:5
Wallner Eisenberg Rsv Blaufrankisch,Other Reds,The Wine Company,11,0.4,29.5,17.83,34.99,19.95,49,,2,3,Woodbury:3;Chanhassen:4;St. Louis Park:4
Almare Spritz Rosa 750ml,Sparkling,The Wine Company,14,0.4,34.6,13.58,19.99,,32,,2,4,Stillwater:2;Roseville:3;Plymouth:4;Chanhassen:5
Flowers Sonoma Pinot Noir 750ml,Pinot Noir,Southern Glazer's Wine & Spirits of MN,14,0.4,39.1,40.07,59.99,49.96,33,,1,7,Roseville:1;St. Louis Park:1;Cottage Grove:2;Minnetonka:10
Borgo Maragliano Chardonnay Brut 750ml,Sparkling,,3,0.4,8.0,9.33,20.99,,56,,2,3,Chanhassen:3
Yellow Tail Pink Moscato 1.5L,Flavored,Phillips Wine & Spirits - St. Paul,8,0.4,18.4,7.94,12.49,10.86,36,,0,14,Chanhassen:1;Plymouth:1;Roseville:1;Ramsey:5
Elouan Chardonnay 750ml,Chardonnay,Johnson Brothers - St. Paul,13,0.4,34.8,10.09,17.49,14.96,42,,2,3,Andover:1;Stillwater:4;Vadnais Heights:4;Minnetonka:4
"90+ Cellars Lot 241 Chianti Classico, DOCG, Italy 750ml",Other Reds,Bellboy Corporation,34,0.3,99.4,8.75,20.99,17.96,58,Buyer's Select,2,2,Cottage Grove:11;Minneapolis:23
Zardetto Prosecco 750ml,Sparkling,"Grape Beginnings, Inc.",42,0.3,158.8,11.25,11.99,10.86,6,,1,4,Stillwater:42
49M Cremant de Loire Brut 750ml,Sparkling,"Bourget Imports, LLC",11,0.3,41.6,13.48,23.99,19.96,44,,1,4,Roseville:2;Andover:9
Chateau LaRose Trintaudon,Red Blends,Rue 38 LLC,4,0.3,11.7,20.12,34.99,,42,,2,2,Roseville:4
10000 Hours Cabernet 750ml,Cabernet,"Vinocopia, Inc",0,0.3,0.0,200.0,29.99,24.96,-567,,1,4,
Chateau Faugeres Red 750ml,Other Reds,Phillips Wine & Spirits - St. Paul,82,0.3,251.0,30.74,53.99,37.45,43,,1,6,St. Louis Park:35;Blaine:47
Matsu El Picaro Toro 750ml,Other Reds,Rue 38 LLC,11,0.3,32.1,10.83,19.99,16.96,46,,2,2,Minneapolis:1;Minnetonka:5;Roseville:5
E Geared Red Wine 375ml,Red Blends,,0,0.3,0.0,2.97,5.99,,50,,2,2,
Donnhoff Tonschiefer Riesling Trocken  750ml,Other Whites,The Wine Company,15,0.3,43.8,24.12,32.99,,27,,2,2,Minnetonka:1;Plymouth:1;Rosemount:13
Fogscape Chardonnay 750ml,Chardonnay,"New France Wine Co, Inc",20,0.3,75.6,13.54,24.99,20.96,46,,1,4,Woodbury:9;St. Louis Park:11
Whitehall Lane Sauvignon Blanc 750ml,Sauvignon Blanc,"Maverick Beverage Co., LLC - MN",6,0.3,18.4,16.12,29.99,24.96,46,,1,6,Minnetonka:6
Long Meadow Ranch Anderson Chardonnay 750ml,Chardonnay,"Maverick Beverage Co., LLC - MN",42,0.3,158.8,20.12,26.99,22.95,25,,1,4,Blaine:1;Vadnais Heights:1;Rosemount:6;Plymouth:14;Chanhassen:20
Trefethen Eshcol Chardonnay 750ml,Chardonnay,The Wine Company,59,0.3,223.1,13.12,23.99,19.96,45,,1,4,Ramsey:3;Stillwater:5;Blaine:7;Chanhassen:9;Vadnais Heights:9;Minnetonka:10;Woodbury:16
Frontera After Midnight Red 750ml,Red Blends,"Breakthru Beverage Minnesota Wine & Spirits, LLC",30,0.3,107.1,2.67,5.49,4.96,51,,0,9,Vadnais Heights:2;Chanhassen:14;Ramsey:14
Frey Natural Red NV 750ml,Red Blends,Oxford Street Merchants,66,0.3,223.3,6.15,12.99,10.96,53,,1,5,Rosemount:2;Andover:5;Stillwater:6;Plymouth:7;Minnetonka:9;Blaine:10;Vadnais Heights:12;Ramsey:15
Tisdale Merlot 750ml,Merlot,Johnson Brothers - St. Paul,16,0.3,46.8,3.76,5.99,2.48,37,,2,2,Chanhassen:7;Roseville:9
Chasing Rain Cabernet 750ml,Cabernet,"Vinocopia, Inc",2,0.3,7.6,13.33,23.99,19.96,44,,1,4,Roseville:2
Masumi Mirror of Truth Junmai Sake 720ml,Fortified,The Wine Company,17,0.3,49.7,27.29,49.99,41.96,45,,2,2,Rosemount:1;Ramsey:5;Blaine:11
Masseria Li Veli Susumaniello 750ml,Other Reds,The Wine Company,0,0.3,0.0,18.25,31.99,26.96,43,,1,4,
Gallo FV Sweet Peach Mag 1.5L,Flavored,Johnson Brothers - St. Paul,1,0.3,2.9,7.52,7.99,6.86,6,,2,2,Rosemount:1
G.D. Vajra Rosabella Rosato 750ml,Rose,"New France Wine Co, Inc",22,0.3,83.2,13.54,24.99,20.96,46,,1,4,Rosemount:10;St. Louis Park:12
J Vineyards Cuvee 750ml,Sparkling,Johnson Brothers - St. Paul,53,0.3,162.2,13.42,23.99,19.96,44,,1,6,Chanhassen:1;Roseville:1;Osseo:2;Andover:4;Cottage Grove:4;Ramsey:7;Minnetonka:9;Stillwater:11;Blaine:14
Sans Carignan no added sulfites 750ml,Other Reds,,11,0.3,32.1,12.0,19.99,,40,,2,2,Woodbury:1;Plymouth:5;Rosemount:5
Bohigas Cava Brut 750ml,Sparkling,Small Lot MN,1,0.3,2.9,11.0,12.99,11.86,15,,2,2,Minnetonka:1
Comtesse Marion Cabernet 750ml,Cabernet,"Maverick Beverage Co., LLC - MN",12,0.3,36.7,10.12,17.49,14.96,42,,1,6,Roseville:2;St. Louis Park:2;Minnetonka:8
Field Recordings Wonderwall Pinot Noir 750ml,Pinot Noir,"Tradition Wine & Spirits, LLC",0,0.3,0.0,15.17,26.99,22.96,44,,2,2,
Banshee Mordecai 750ml,Red Blends,Southern Glazer's Wine & Spirits of MN,13,0.3,49.2,14.07,23.99,19.95,41,,1,4,Plymouth:2;Blaine:11
The Gardener Anderson Valley Pinot Noir 750ml,Pinot Noir,"Tradition Wine & Spirits, LLC",0,0.3,0.0,21.83,26.49,22.45,18,,1,4,
Chandon Spritz 750ml,Sparkling,Oxford Street Merchants,3,0.3,10.2,7.52,27.99,21.96,73,,1,5,Roseville:3
Meiomi Blanc 750ml,White Blends,Southern Glazer's Wine & Spirits of MN,22,0.3,64.3,9.86,14.99,12.96,34,,2,2,Blaine:11;Roseville:11
McManis Petite Sirah 750ml,Other Reds,Paustis Wine,65,0.3,199.0,8.08,13.99,11.96,42,,1,6,Plymouth:1;Cottage Grove:3;Minneapolis:3;Bloomington:5;Ramsey:5;Blaine:8;Roseville:8;Woodbury:10;Andover:11;Stillwater:11
Mirassou Pinot Grigio 750ml,Pinot Grigio/Gris,Johnson Brothers - St. Paul,13,0.3,49.2,8.09,13.79,11.96,41,,1,4,Woodbury:13
Leviathan Red 750ml,Red Blends,Southern Glazer's Wine & Spirits of MN,15,0.3,43.8,26.73,47.99,39.96,44,,2,2,Andover:2;Minnetonka:2;Roseville:3;Plymouth:8
Les Allies Brut Rose 187ml 2pk,Sparkling,"Maverick Beverage Co., LLC - MN",13,0.3,49.2,6.12,11.49,9.96,47,,1,4,Minneapolis:3;Minnetonka:4;Osseo:6
Les Allies Brut 187ml,Sparkling,"Maverick Beverage Co., LLC - MN",3,0.3,9.6,2.86,6.49,5.96,56,,0,10,Osseo:3
Felines Jourdan Picpoul,Other Whites,"Bourget Imports, LLC",6,0.3,17.5,10.15,17.99,14.96,44,,2,2,Blaine:6
Gallo Pink Moscato,Flavored,Johnson Brothers - St. Paul,6,0.3,17.5,7.52,13.79,11.96,45,,2,2,Vadnais Heights:1;Minnetonka:5
Moet Imperial Brut 375ml,Sparkling,Oxford Street Merchants,15,0.3,45.9,26.13,48.99,40.96,47,,1,6,St. Louis Park:6;Blaine:9
Chalk Hill Estate Sauv Blanc 750ml,Sauvignon Blanc,Southern Glazer's Wine & Spirits of MN,3,0.3,10.7,16.73,29.99,24.96,44,,0,9,Minnetonka:3
Barefoot Cabernet Sauvignon 3L Box,Cabernet,Johnson Brothers - St. Paul,7,0.3,26.5,14.18,23.99,19.96,41,,1,4,Minneapolis:1;St. Louis Park:2;Blaine:4
J Lohr Paso Robles Merlot 750ml,Merlot,"Breakthru Beverage Minnesota Wine & Spirits, LLC",20,0.3,67.7,13.43,23.99,19.96,44,,1,5,Stillwater:6;Blaine:14
Boen Russian River Pinot Noir 750ml,Pinot Noir,Oxford Street Merchants,6,0.3,18.4,16.65,27.99,22.96,41,,1,6,Minnetonka:6
Jacob's Creek Shiraz Cab 750ml,Red Blends,Southern Glazer's Wine & Spirits of MN,2,0.3,7.6,4.73,7.99,6.96,41,,1,4,Vadnais Heights:2
Textbook Merlot Napa 750ml,Merlot,The Wine Company,3,0.3,11.3,17.12,30.49,25.96,44,,1,4,Chanhassen:3
Gnarly Head Chardonnay 750ml,Chardonnay,Johnson Brothers - St. Paul,30,0.3,113.4,5.65,12.49,10.96,55,,1,4,Ramsey:1;Roseville:5;Woodbury:6;Chanhassen:7;Osseo:11
Tentaka Hawk in Heavens Tokubetsu Junmai 300ml,Fortified,"Maverick Beverage Co., LLC - MN",23,0.3,87.0,12.12,22.49,18.96,46,,1,4,Minnetonka:9;St. Louis Park:14
Tassin Blanc de Blancs Brut 750ml,Sparkling,Bellboy Corporation,11,0.3,41.6,29.42,59.99,34.95,51,,1,4,Ramsey:1;Vadnais Heights:1;Rosemount:2;Cottage Grove:7
Talamonti Tavo Pinot Grigio 750ml,Pinot Grigio/Gris,Small Lot MN,18,0.3,55.1,10.12,18.99,15.96,47,,1,6,Chanhassen:2;Stillwater:6;Blaine:10
Barefoot Rose 1.5L,Rose,Johnson Brothers - St. Paul,1,0.3,3.2,7.56,13.99,11.96,46,2 FREE ON 22,0,10,Blaine:1
Barefoot Riesling Tetra 500ml,Other Whites,Johnson Brothers - St. Paul,15,0.3,56.7,3.09,5.49,4.96,44,,1,4,Stillwater:2;Chanhassen:6;Plymouth:7
Moonstone Asian Pear Sake 750ml,Fortified,The Wine Company,7,0.3,26.5,11.46,20.99,17.96,45,,1,4,St. Louis Park:1;Roseville:6
Le Colture Fagher Prosecco 750ml,Sparkling,,14,0.3,40.9,11.46,19.99,,43,,2,2,Woodbury:3;Vadnais Heights:11
Barefoot Sweet Red Blend Tetra 500ml,Flavored,Johnson Brothers - St. Paul,17,0.3,49.7,3.09,5.49,4.96,44,,2,2,Ramsey:1;Chanhassen:3;Minneapolis:3;Plymouth:10
Justin Justification,Cabernet,,8,0.3,23.4,0.0,60.99,50.96,100,,2,2,Blaine:3;St. Louis Park:5
Codorniu Limited Edition Brut Reserva 750ml,Sparkling,"Vinocopia, Inc",4,0.3,15.1,10.12,18.99,15.96,47,,1,4,Blaine:2;Minnetonka:2
Ramey RR Valley Chardonnay 750ml,Chardonnay,"Maverick Beverage Co., LLC - MN",2,0.3,7.6,30.66,44.99,16.98,32,,1,4,Vadnais Heights:2
Rin Du Bois Touraine Gamay 750ml,Pinot Noir,"Bourget Imports, LLC",10,0.3,29.2,10.81,24.99,,57,,2,2,St. Louis Park:10
Dolly Chardonnay 750ml,Chardonnay,"Vinocopia, Inc",7,0.3,26.5,10.12,18.99,15.96,47,,1,4,Roseville:1;Chanhassen:3;St. Louis Park:3
Barkan Chardonnay 750ml,Chardonnay,Phillips Wine & Spirits - St. Paul,26,0.3,98.3,8.98,15.99,13.96,44,,1,4,Plymouth:1;Roseville:3;Minnetonka:9;St. Louis Park:13
Via Alpina Sauvignon Blanc 750ml,Sauvignon Blanc,"Bourget Imports, LLC",5,0.3,16.9,14.81,24.99,20.96,41,,1,5,Minnetonka:1;St. Louis Park:4
Venge Scouts Honor Red Blend 750ml,Red Blends,"Maverick Beverage Co., LLC - MN",8,0.3,27.1,25.12,47.99,32.95,48,,1,5,Ramsey:1;Vadnais Heights:3;Roseville:4
Murai Sugidama Sake 720ml,Fortified,The Wine Company,0,0.3,0.0,20.25,37.99,31.96,47,,2,2,
Anton Bauer Gruner Veltliner Wagramterrasen 750ml,Other Whites,The Wine Company,15,0.3,45.9,11.12,19.99,16.96,44,,1,6,Stillwater:1;Rosemount:14
StoneStreet Cabernet 750ml,Cabernet,Oxford Street Merchants,14,0.3,47.4,25.18,38.99,32.96,35,,1,5,St. Louis Park:6;Plymouth:9
Stolpman Unfiltered Sauvignon Blanc 750ml,Sauvignon Blanc,"Maverick Beverage Co., LLC - MN",0,0.3,0.0,18.79,33.49,27.96,44,,1,4,
Belle Glos 25th Anniversary Pinot Noir 750ml,Pinot Noir,Oxford Street Merchants,10,0.3,29.2,31.31,45.99,38.96,32,"1 free Belle Gloss C&T Free Good on 3 cases M/M of Belle Gloss C&T, Dairyman, Las Alturas",2,2,Rosemount:10
Baudry-Dutour Sauvignon Blanc 750ml,Sauvignon Blanc,"Bourget Imports, LLC",42,0.3,150.0,10.15,17.49,14.96,42,,0,9,Andover:2;Stillwater:4;Plymouth:5;Minnetonka:6;Blaine:7;Minneapolis:9;St. Louis Park:9
Bartenura Peach 4pk 250ml can,Flavored,Phillips Wine & Spirits - St. Paul,25,0.3,84.6,7.82,14.99,9.95,48,,1,5,Cottage Grove:1;St. Louis Park:1;Osseo:7;Ramsey:8;Woodbury:8
Stella Rosa Non-Alcoholic Red 750ml,Other Reds,"Breakthru Beverage Minnesota Wine & Spirits, LLC",27,0.3,102.1,8.76,13.99,11.96,37,,1,4,Roseville:1;Vadnais Heights:1;Rosemount:3;Chanhassen:10;Andover:12
Stella Rosa Non-Alcoholic Black 750ml,Red Blends,"Breakthru Beverage Minnesota Wine & Spirits, LLC",22,0.3,67.3,8.76,13.99,11.96,37,,1,6,St. Louis Park:1;Rosemount:3;Vadnais Heights:3;Chanhassen:5;Plymouth:5;Stillwater:5
PH Crossbarn Sonoma Chardonnay 750ml,Chardonnay,"Grape Beginnings, Inc.",23,0.3,87.0,22.0,35.49,24.95,38,,1,4,Plymouth:4;Cottage Grove:7;Minneapolis:12
Adelsheim Breaking Ground Pinot Noir 750ml,Pinot Noir,Libation Project,1,0.3,2.9,35.17,34.99,29.86,-1,,2,2,Minnetonka:1
Stella Rosa Blueberry 250ml,Flavored,"Breakthru Beverage Minnesota Wine & Spirits, LLC",30,0.3,91.8,4.43,7.99,6.96,45,,1,6,Rosemount:5;Woodbury:5;Blaine:6;Roseville:6;Vadnais Heights:8
Stel + Mar Sparkling Rose 750ml,Sparkling,"Maverick Beverage Co., LLC - MN",8,0.3,28.6,10.0,17.49,12.86,43,,0,9,Minnetonka:1;Blaine:2;Roseville:5
Andre Moscato 750ml,Other Whites,Johnson Brothers - St. Paul,0,0.3,0.0,4.92,8.99,7.96,45,,2,2,
Ancient Peaks Paso Robles Merlot 750ml,Merlot,"Grape Beginnings, Inc.",13,0.3,38.0,13.0,23.99,19.96,46,,2,2,Chanhassen:2;Minnetonka:2;Blaine:9
Knotty Vines Cabernet Sauvignon 750ml,Cabernet,Southern Glazer's Wine & Spirits of MN,1,0.3,3.4,3.89,14.99,,74,,1,5,Roseville:1
Red Car Sonoma Syrah 750ml,Syrah/Shiraz,,7,0.3,20.5,26.0,41.99,14.47,38,,2,2,Rosemount:2;Vadnais Heights:5
Cline Ancient Vine Carignane 750ml,Other Reds,Southern Glazer's Wine & Spirits of MN,17,0.3,64.3,11.4,20.99,14.95,46,,1,4,Rosemount:3;Roseville:4;Bloomington:10
Sokol Blosser Kalita Vyd Pinot Noir 750ml,Pinot Noir,Oxford Street Merchants,22,0.3,67.3,30.0,41.99,35.91,29,,1,6,St. Louis Park:3;Minnetonka:19
La Cle de la Femme Brut 750ml,Sparkling,Bellboy Corporation,1,0.3,3.1,23.42,47.99,39.96,51,,1,6,Chanhassen:1
ClapBack Pushin Peach Liter,Flavored,Paustis Wine,40,0.3,116.9,9.42,15.99,13.96,41,,2,2,Roseville:2;Vadnais Heights:5;Minneapolis:6;Blaine:7;St. Louis Park:9;Osseo:11
Carlo Rossi Pineapple Sangria,Flavored,Johnson Brothers - St. Paul,8,0.3,30.3,3.43,5.99,,43,,1,4,Plymouth:8
La Posta Paulucci Malbec 750ml,Malbec,"Maverick Beverage Co., LLC - MN",4,0.3,13.5,12.79,23.99,19.96,47,,1,5,Blaine:4
Prima Pave Blanc de Blanc N/A 200ml,Sparkling,The Wine Company,20,0.3,61.2,7.4,13.79,11.96,46,,1,6,St. Louis Park:3;Blaine:17
Anna de Codorniu Brut Rose 750ml,Sparkling,"Vinocopia, Inc",18,0.3,68.1,10.12,18.99,15.96,47,,1,4,Roseville:1;Cottage Grove:2;Minnetonka:2;St. Louis Park:2;Woodbury:3;Blaine:8
Anna de Codorniu Blanc de Blancs 750ml,Sparkling,"Vinocopia, Inc",25,0.3,76.5,10.12,18.99,15.96,47,,1,6,Blaine:4;Chanhassen:7;Minnetonka:7;Woodbury:7
Honig Napa Sauvingn Blanc 750ml,Sauvignon Blanc,"Maverick Beverage Co., LLC - MN",7,0.3,26.5,13.76,24.99,20.96,45,,1,4,St. Louis Park:7
Kim Crawford Rose Illuminate 750ml,Rose,Southern Glazer's Wine & Spirits of MN,2,0.3,5.8,10.67,20.99,,49,,2,2,Cottage Grove:2
Quest Red Blend 750ml,Red Blends,"Grape Beginnings, Inc.",7,0.3,26.5,21.0,28.24,23.95,26,,1,4,Chanhassen:3;Blaine:4
Semeli Mountain Sun Rose 750ml,Rose,"Maverick Beverage Co., LLC - MN",9,0.3,34.0,14.12,25.99,21.96,46,,1,4,St. Louis Park:9
Semeli Feast Moschofilero 750ml,Other Whites,"Maverick Beverage Co., LLC - MN",3,0.3,9.2,9.46,17.49,14.96,46,,1,6,St. Louis Park:1;Roseville:2
Indian Island Wita-Pa/ D,,,0,0.3,0.0,10.76,12.99,11.86,17,,2,2,
SixSip Strawberry Lemonade 500ml,Flavored,Phillips Wine & Spirits - St. Paul,13,0.3,38.0,2.89,5.49,4.96,47,,2,2,Minneapolis:13
Heidi Schrock Furmint Spatlese 375ml,Fortified,The Wine Company,28,0.3,81.8,17.83,34.99,,49,,2,2,Cottage Grove:5;Vadnais Heights:9;Woodbury:14
Airfield Estates Chardonnay 750ml,Chardonnay,"Bourget Imports, LLC",10,0.3,29.2,12.81,23.99,19.96,47,,2,2,Cottage Grove:4;Vadnais Heights:6
Pikasi Rose 750ml,Rose,"New France Wine Co, Inc",0,0.3,0.0,12.88,24.99,20.96,48,,2,2,
Pierpaolo Pecorari Sauvignon Blanc 750ml,Sauvignon Blanc,"New France Wine Co, Inc",12,0.3,35.1,12.21,22.99,18.96,47,,0,11,St. Louis Park:12
Cline Cashmere 750ml,Red Blends,Southern Glazer's Wine & Spirits of MN,14,0.3,40.9,11.4,20.99,14.95,46,,2,2,Blaine:1;Minnetonka:1;Ramsey:6;St. Louis Park:6
Holloran Stafford Hill Pinot Noir 750ml,Pinot Noir,"Bourget Imports, LLC",11,0.3,33.7,16.15,29.99,24.96,46,,1,6,St. Louis Park:4;Roseville:7
Dalho Soju Shot Lychee 34 375ml,Fortified,Southern Glazer's Wine & Spirits of MN,10,0.3,29.2,3.82,6.49,5.96,41,,2,2,Minneapolis:10
House Wine Cktl Paloma Can 375ml,Flavored,Southern Glazer's Wine & Spirits of MN,10,0.3,37.8,3.28,6.49,5.96,49,,1,4,Blaine:1;Rosemount:1;Minnetonka:8
Honoro Vera Garnacha 750ml,Other Reds,Oxford Street Merchants,35,0.3,112.5,5.49,10.99,8.96,50,,0,10,Vadnais Heights:6;Blaine:8;Roseville:10;Cottage Grove:11
CH Lafaurie Peyraguet Sauterne '18 750ml,Red Blends,Bellboy Corporation,7,0.3,20.5,1.96,79.99,39.95,98,,2,2,Minnetonka:7
"Marcel Lapierre ""Le Beaujolais"" 750ml",Other Reds,"New France Wine Co, Inc",4,0.3,11.7,28.21,40.99,33.96,31,,2,2,St. Louis Park:4
Mamamango 750ml,Flavored,Johnson Brothers - St. Paul,8,0.3,27.1,7.08,14.99,12.96,53,,1,5,Rosemount:8
Masi Costasera Amarone Classico,Other Reds,Oxford Street Merchants,4,0.3,11.7,53.52,83.99,69.96,36,,2,2,St. Louis Park:4
Martin Woods Bednarik Vineyard Pinot Noir 750ml,Pinot Noir,"New France Wine Co, Inc",12,0.3,35.1,40.21,62.99,51.96,36,,2,2,Minnetonka:12
Marques De Caceres Verdejo,Other Whites,The Wine Company,7,0.3,26.5,8.12,14.99,,46,,1,4,Andover:7
Domaine de la Vinconniere P'tit Lolo 750ml,Rose,"New France Wine Co, Inc",3,0.3,8.8,8.0,14.99,,47,,2,2,Vadnais Heights:1;Rosemount:2
Domaine de la Solitude CDR Rose 750ml,Rose,"Maverick Beverage Co., LLC - MN",11,0.3,32.1,11.12,19.99,16.96,44,,2,2,St. Louis Park:11
19 Crimes Martha's Chard 750ml/ D,Accessories,,30,0.3,113.4,6.23,13.99,8.95,55,,1,4,Stillwater:30
Frey Organic Chardonnay 750ml,Chardonnay,Oxford Street Merchants,0,0.3,0.0,8.98,16.99,13.96,47,,2,2,
Eppa White Sangria,Flavored,"Vinocopia, Inc",7,0.3,26.5,8.79,14.99,12.96,41,,1,4,Blaine:7
Chateau Deyrem Valentin 2019 750ml,Red Blends,Bellboy Corporation,17,0.2,99.4,2.69,28.49,22.45,91,,1,1,Minnetonka:1;Blaine:16
Chateau Carlmagnus Fronsac  750ml,Red Blends,Bellboy Corporation,10,0.2,58.4,2.92,23.99,19.96,88,,1,1,Plymouth:2;Minnetonka:8
Maison Alexandrins Crozes Hermitage Roug 750ml,Syrah/Shiraz,The Wine Company,2,0.2,9.9,18.79,25.99,21.86,28,,1,2,Minnetonka:2
Mainova Verdelho 750ml,Other Whites,Mezzogiorno Wines,10,0.2,58.4,14.83,17.99,15.86,18,,1,1,Minnetonka:10
Massaya Terrasses de Baalbeck,Other Reds,"Grape Beginnings, Inc.",1,0.2,5.8,15.0,27.99,,46,,1,1,Woodbury:1
Friends Red 750ml,Red Blends,The Wine Company,11,0.2,54.4,9.46,13.49,11.91,30,,1,2,Vadnais Heights:1;Stillwater:10
Dom Gayda 'Cepage' Chardonnay 750ml,Chardonnay,Origin Wine & Spirits,18,0.2,96.4,9.38,14.99,12.96,37,,0,6,Chanhassen:1;Woodbury:1;Plymouth:7;Minnetonka:9
Twin Suns Reserve Syrah 750ml,Syrah/Shiraz,Bellboy Corporation,0,0.2,0.0,10.07,11.99,10.86,16,,1,1,
Domaine Les Pallieres Au Petit Bonhuer Rose 2022 750ml,Rose,"Maverick Beverage Co., LLC - MN",16,0.2,102.9,18.79,27.99,,33,,0,5,St. Louis Park:16
Zuccardi Series Q Malbec 750ml,Malbec,"Bourget Imports, LLC",16,0.2,93.5,17.48,25.49,21.91,31,,1,1,St. Louis Park:2;Ramsey:14
19 Crimes The Warden,Red Blends,"Breakthru Beverage Minnesota Wine & Spirits, LLC",10,0.2,49.5,10.76,18.99,15.96,43,,1,2,Stillwater:10
Luke Syrah 750ml,Syrah/Shiraz,Oxford Street Merchants,10,0.2,58.4,15.64,23.99,19.96,35,,1,1,Chanhassen:3;Blaine:7
Martin Woods The Rocks Syrah 750ml,Syrah/Shiraz,"New France Wine Co, Inc",27,0.2,133.5,44.21,70.99,59.96,38,,1,2,Roseville:5;Blaine:11;Minnetonka:11
Robert Craig Affinity Cabernet Sauvignon 750ml,Cabernet,"Grape Beginnings, Inc.",9,0.2,52.6,38.6,59.99,49.96,36,,1,1,Minnetonka:2;Vadnais Heights:2;Plymouth:5
Robert Craig Gap's Crown Chardonnay 750ml,Chardonnay,"Grape Beginnings, Inc.",2,0.2,11.7,33.29,53.99,44.95,38,,1,1,Plymouth:2
13 Rams Red Blend 750ml,Red Blends,"New France Wine Co, Inc",1,0.2,5.8,12.67,22.99,,45,,1,1,Minnetonka:1
Chateau Grand Puy Ducasse 2019 750ml,Red Blends,Bellboy Corporation,14,0.2,81.8,2.0,42.99,,95,,1,1,Plymouth:3;Rosemount:11
Manischewitz Blackberry 750ml,Flavored,Johnson Brothers - St. Paul,18,0.2,89.0,5.42,8.99,,40,,1,2,Rosemount:4;St. Louis Park:5;Minnetonka:9
Marietta Angeli Cuvee Red 750ml,Red Blends,Oxford Street Merchants,2,0.2,8.6,21.75,27.99,23.86,22,,1,3,Osseo:2
Markham Merlot 750ml,Merlot,Phillips Wine & Spirits - St. Paul,1,0.2,5.8,19.66,34.99,,44,,1,1,Chanhassen:1
90+ Cellars Lot 221 Sancerre Pinot Noir 750ml,Pinot Noir,Bellboy Corporation,21,0.2,122.7,15.58,35.49,29.96,56,,1,1,St. Louis Park:21
Esprit De Fonrozay Cuvee Bois Royal 750ml/ D,Accessories,,8,0.2,46.8,8.66,12.99,,33,,1,1,Stillwater:8
CH Lousteauneuf Cru Bourgeois '18 750ml,Red Blends,Bellboy Corporation,15,0.2,87.7,1.96,24.99,19.95,92,,1,1,Plymouth:15
Kiona Chenin Blanc 750ml,Other Whites,The Wine Company,2,0.2,11.7,11.46,19.99,16.96,43,,1,1,Stillwater:2
Kita Wines SPE'Y Red 750ml,Red Blends,"Bourget Imports, LLC",8,0.2,46.8,23.17,45.99,,50,,1,1,Blaine:8
Klinker Brick Marissa Zinfandel 750ml,Zinfandel,"Maverick Beverage Co., LLC - MN",7,0.2,30.0,16.58,29.99,24.96,45,,1,3,St. Louis Park:1;Roseville:2;Blaine:4
Vigilance Chardonnay 750ml,Chardonnay,"New France Wine Co, Inc",7,0.2,30.0,8.67,19.99,,57,,1,3,Ramsey:3;Vadnais Heights:4
Villa Pozzi Nero D'Avola,Other Reds,Johnson Brothers - St. Paul,0,0.2,0.0,7.06,10.99,,36,,1,2,
Villa San Martino Pinot Grigio 750ml,Pinot Grigio/Gris,Libation Project,45,0.2,206.6,8.83,15.99,13.96,45,,0,7,Woodbury:1;Minnetonka:6;Ramsey:11;Chanhassen:12;Stillwater:15
Villa Wolf Gewurztraminer 750ml,Other Whites,The Wine Company,9,0.2,57.9,10.46,16.99,,38,,0,5,Minnetonka:1;Plymouth:1;Chanhassen:7
House Wine Blueberry Lemonade Can 375ml,Flavored,Southern Glazer's Wine & Spirits of MN,31,0.2,181.2,3.36,6.99,,52,,1,1,Minnetonka:4;Ramsey:7;Blaine:8;Chanhassen:12
House Wine Cktl Cranberry Cosmo Can 375ml,Flavored,Southern Glazer's Wine & Spirits of MN,48,0.2,192.9,3.25,6.99,,54,,0,8,Vadnais Heights:3;Minnetonka:4;Osseo:6;Ramsey:8;Chanhassen:10;Cottage Grove:17
Bixigu Getariako Txakolina Blanco 750ml,Other Whites,"New France Wine Co, Inc",9,0.2,52.6,15.54,28.99,23.96,46,,1,1,Minnetonka:9
Akitabare Northern Skies Junma 720ml,Fortified,The Wine Company,22,0.2,108.8,21.46,40.99,29.95,48,,1,2,Rosemount:4;Ramsey:5;Vadnais Heights:5;Andover:8
Alamos Red Blend,Box Wines,,0,0.2,0.0,8.76,10.99,,20,,1,1,
Fernlands Sauvignon Blanc 750ml,Sauvignon Blanc,"Bourget Imports, LLC",17,0.2,109.3,11.48,20.99,17.96,45,,0,5,Blaine:6;St. Louis Park:11
Field Recordings BOXIE Orange Wine 3L Box,Other Whites,"Tradition Wine & Spirits, LLC",0,0.2,0.0,27.67,35.49,22.95,22,,1,2,
Ponga Sauvignon Blanc 750ml,Sauvignon Blanc,"Grape Beginnings, Inc.",10,0.2,64.3,11.25,19.99,16.96,44,,0,5,Roseville:10
Knotty Vines Red Blend 750ml,Red Blends,Southern Glazer's Wine & Spirits of MN,3,0.2,17.5,8.0,14.99,,47,,1,1,Ramsey:3
Hogue L H White Riesling 750ml,Other Whites,Johnson Brothers - St. Paul,7,0.2,45.0,7.41,12.49,10.46,41,,0,5,Vadnais Heights:1;Rosemount:2;Stillwater:4
Cline Chardonnay Sonoma Coast 750ml,Chardonnay,Southern Glazer's Wine & Spirits of MN,13,0.2,55.7,9.4,17.49,12.95,46,,1,3,Stillwater:6;Roseville:7
Penya Rose 750ml,Rose,"Bourget Imports, LLC",37,0.2,169.9,11.48,20.99,17.96,45,,0,7,Minneapolis:8;Woodbury:8;Blaine:10;Roseville:11
Peyrassol La Croix - Mediterranee/ D,Accessories,,4,0.2,23.4,13.43,17.99,,25,,1,1,Stillwater:4
Cannon River Vulcan's Revenge 750ml,Red Blends,Cannon River Winery,0,0.2,0.0,13.67,23.99,19.95,43,,1,1,
Cantina del Notaio L'Atto Aglianico 750ml,Other Reds,,2,0.2,11.7,12.43,21.99,,43,,1,1,Andover:1;Rosemount:1
Pigro Trentino Pinot Grigio,Box Wines,,2,0.2,11.7,10.0,11.99,10.86,17,,1,1,Stillwater:2
Cambria Katherine's Chard 750ml,Chardonnay,Johnson Brothers - St. Paul,13,0.2,64.3,12.09,20.99,17.96,42,,1,2,Stillwater:4;Woodbury:4;Blaine:5
Pine Ridge NC Sauvignon Blanc 750ml,Sauvignon Blanc,Oxford Street Merchants,7,0.2,30.0,15.23,30.99,25.96,51,,1,3,St. Louis Park:7
Pine Ridge Sparkling Wine 750ml,Sparkling,Oxford Street Merchants,1,0.2,5.8,10.0,18.99,,47,,1,1,Minnetonka:1
William Hill NC Sauvignon Blan 750ml,Sauvignon Blanc,Johnson Brothers - St. Paul,20,0.2,85.7,10.76,18.99,15.96,43,,1,3,Ramsey:9;Vadnais Heights:11
St Christopher Gluhwein Red Liter,Fortified,"Vinocopia, Inc",36,0.2,178.0,6.25,11.49,9.96,46,,1,2,Ramsey:2;Cottage Grove:7;Minneapolis:8;Stillwater:8;Vadnais Heights:11
Damilano Langhe Arneis,Other Whites,"Grape Beginnings, Inc.",1,0.2,5.8,18.0,31.99,26.96,44,,1,1,Minnetonka:1
"Damso Makgeolli Yuzu Rice Wine 750,l/ D",,,11,0.2,64.3,3.87,4.99,3.86,22,,1,1,Stillwater:11
Daou Reserve Cab Sauv 750ml,Cabernet,"Breakthru Beverage Minnesota Wine & Spirits, LLC",4,0.2,23.4,42.19,71.99,59.96,41,,1,1,Blaine:4
St Croix Vineyards Frontenac Port,Fortified,Saint Croix Vineyards,36,0.2,210.4,21.0,24.49,22.95,14,,1,1,Woodbury:1;Minneapolis:3;Stillwater:3;Blaine:5;Chanhassen:6;Plymouth:18
St Croix Vineyards Marquette Rose 750ml,Rose,Saint Croix Vineyards,12,0.2,70.1,11.83,20.99,17.96,44,,1,1,Osseo:3;Ramsey:3;Chanhassen:6
St. Francis Zin 750ml,Zinfandel,"Breakthru Beverage Minnesota Wine & Spirits, LLC",30,0.2,192.9,16.1,23.99,19.96,33,,0,5,Woodbury:2;Blaine:7;Minnetonka:10;St. Louis Park:11
Silver Palm Chardonnay 750ml,Chardonnay,,0,0.2,0.0,10.0,14.99,,33,,1,1,
SixSip Pineapple Passionfruit 500ml,Flavored,Phillips Wine & Spirits - St. Paul,13,0.2,64.3,2.89,5.49,4.96,47,,1,2,Minneapolis:13
Kobal Blaufrankisch 750ml,Other Reds,"New France Wine Co, Inc",0,0.2,0.0,14.88,27.99,23.96,47,,1,1,
Korbel Sweet Cuvee 750ml,Sparkling,Southern Glazer's Wine & Spirits of MN,2,0.2,11.7,7.56,13.79,11.96,45,,1,1,Rosemount:2
Presquile Santa Barbara Chardonnay 750ml,Chardonnay,"Maverick Beverage Co., LLC - MN",1,0.2,5.8,16.12,23.99,19.95,33,,1,1,Minnetonka:1
Il Palagio Message in a Bottle 750ml,Other Reds,Small Lot MN,0,0.2,0.0,14.6,24.99,,42,,1,1,
Shania Cabernet Sauvignon 3L Box,Cabernet,Oxford Street Merchants,0,0.2,0.0,12.79,21.99,18.96,42,,1,2,
Bezel Sauvignon Blanc 750ml,Sauvignon Blanc,"Breakthru Beverage Minnesota Wine & Spirits, LLC",7,0.2,30.0,16.1,26.99,22.96,40,8cs purchase in a month,1,3,St. Louis Park:7
Billecart-Salmon 2018 Independence Anniversary Cuvee 750ml,Sparkling,"New France Wine Co, Inc",3,0.2,12.9,85.41,119.0,99.96,28,,1,3,St. Louis Park:3
Dark Horse Big Red Blend 750ml,Red Blends,Johnson Brothers - St. Paul,19,0.2,111.0,5.43,9.99,,46,,1,1,Rosemount:8;Blaine:11
Hiedler 'Loss' Kamptal Gruner Veltliner,Other Whites,The Wine Company,19,0.2,94.0,14.79,22.99,,36,,1,2,Vadnais Heights:9;Woodbury:10
Highlands 41 Black Granite Red 750ml,Red Blends,"Breakthru Beverage Minnesota Wine & Spirits, LLC",22,0.2,108.8,10.76,13.79,11.95,22,,1,2,Blaine:11;Osseo:11
Highlands 41 Chardonnay 750ml,Chardonnay,Paustis Wine,1,0.2,5.8,10.1,11.99,10.86,16,,1,1,Osseo:1
Highlands 41 Pinot Noir 750ml,Pinot Noir,Paustis Wine,15,0.2,64.3,10.76,17.49,12.95,38,,1,3,Vadnais Heights:2;Chanhassen:6;Minnetonka:7
Adelsheim Staking Claim Chardonnay 750ml,Chardonnay,Libation Project,6,0.2,29.7,35.67,37.99,31.86,6,,1,2,Plymouth:6
La Vieille Ferme Blanc 750ml,Other Whites,The Wine Company,16,0.2,85.7,6.97,12.49,10.96,44,,0,6,Roseville:2;Andover:5;Osseo:9
La Vieille Ferme Rose 4pk 250ml can,Rose,The Wine Company,1,0.2,4.6,10.25,15.99,,36,,0,7,Roseville:1
Chi Fu Mi Rouge 750ml,Red Blends,"Bourget Imports, LLC",33,0.2,132.6,10.15,17.49,14.96,42,,0,8,Andover:7;St. Louis Park:12;Blaine:14
Capriccio Bubbly Sangria 375ml 4pk,Sparkling,"Breakthru Beverage Minnesota Wine & Spirits, LLC",9,0.2,36.2,10.86,19.99,16.96,46,,0,8,Chanhassen:2;Cottage Grove:3;Bloomington:4
Carlo Rossi Raspberry Sangria,Flavored,Johnson Brothers - St. Paul,0,0.2,0.0,3.43,5.99,,43,,1,2,
Carmenet Chardonnay 750ml,Chardonnay,Paustis Wine,1,0.2,5.8,8.08,10.99,,26,,1,1,Stillwater:1
Papi Pinot Noir 750ml Case,Pinot Noir,,5,0.2,29.2,,101.99,84.96,,,1,1,Blaine:5
Pavette Zinfandel 750ml,Zinfandel,Libation Project,20,0.2,85.7,9.83,17.49,14.96,44,,1,3,St. Louis Park:5;Roseville:6;Minnetonka:9
Pax Armagh Vineyard Syrah 2018 750ml,Syrah/Shiraz,"Tradition Wine & Spirits, LLC",2,0.2,8.6,36.67,59.99,39.95,39,,1,3,Plymouth:1;Roseville:1
Cline Cabernet Sauvignon 750ml,Cabernet,,12,0.2,51.4,0.07,18.99,15.96,100,,1,3,Chanhassen:2;Stillwater:10
Cantina del Pino Ovello Barbaresco,Other Reds,"New France Wine Co, Inc",0,0.2,0.0,36.88,67.99,56.96,46,,1,1,
Winter's Hill Watershed Pinot Noir 750ml,Pinot Noir,"New France Wine Co, Inc",5,0.2,29.2,18.88,33.99,17.95,44,,1,1,Minnetonka:5
Wolffer Diosa Late Harvest Chardonnay 375ml,Fortified,"Grape Beginnings, Inc.",8,0.2,46.8,26.25,47.99,39.96,45,,1,1,Blaine:8
Woodbridge Cabernet Sauvignon 3L Box,Cabernet,Southern Glazer's Wine & Spirits of MN,1,0.2,5.8,14.27,17.49,14.96,18,,1,1,Osseo:1
Acrobat Chardonnay 750ml,Chardonnay,Southern Glazer's Wine & Spirits of MN,21,0.2,122.7,9.44,17.49,14.96,46,,1,1,Minneapolis:3;Cottage Grove:5;Andover:6;Stillwater:7
St. Innocent Pinot Blanc 750ml,Other Whites,The Wine Company,6,0.2,29.7,19.12,24.99,,23,,1,2,Minnetonka:2;Rosemount:4
Hand Work Tempranillo,Other Reds,"New France Wine Co, Inc",3,0.2,17.5,9.54,17.49,14.96,45,,1,1,Minneapolis:3
Harvest Press Cabernet Sauvignon BIB 3L Box,Cabernet,Paustis Wine,0,0.2,0.0,11.99,24.99,,52,,1,1,
Statera Synergy Chardonnay 750ml,Chardonnay,,1,0.2,5.8,,25.99,,,,1,1,Andover:1
Ste Chapelle Soft Red 750ml,Flavored,Paustis Wine,15,0.2,60.3,7.42,12.99,,43,,0,8,Blaine:1;Rosemount:2;Andover:5;Vadnais Heights:7
Amayna Sauvignon Blanc 750ml,Sauvignon Blanc,"Maverick Beverage Co., LLC - MN",1,0.2,4.9,17.12,31.99,26.96,46,,1,2,St. Louis Park:1
Amity White Pinot Noir 750ml,Other Whites,Oxford Street Merchants,5,0.2,29.2,13.42,23.99,19.96,44,,1,1,Minneapolis:1;Minnetonka:4
Broadbent Rainwater Madeira 375ml,Fortified,"New France Wine Co, Inc",2,0.2,11.7,8.67,10.99,9.86,21,,1,1,Minneapolis:2
Broc Cellars Love Sparkling 750ml,Sparkling,Libation Project,14,0.2,60.0,18.17,33.99,27.96,47,,1,3,Roseville:1;Minnetonka:6;St. Louis Park:7
Ca'del Bosco Franciacorta Cuvee Prestige 750ml,Sparkling,Oxford Street Merchants,4,0.2,23.4,33.52,47.99,39.95,30,,1,1,Andover:4
Prophecy Cabernet Sauvignon 750ml,Cabernet,Johnson Brothers - St. Paul,5,0.2,24.7,4.14,12.99,,68,,1,2,Rosemount:5
Prophecy Rose 750ml,Rose,Johnson Brothers - St. Paul,2,0.2,10.7,7.42,13.79,11.96,46,,0,6,Blaine:2
Provenance PWave 750ml,Red Blends,,4,0.2,23.4,25.0,39.99,,37,,1,1,Osseo:4
Vincent Dampt Petite Chablis 750ml,Chardonnay,"New France Wine Co, Inc",0,0.2,0.0,19.88,34.99,29.96,43,,1,1,
Blandy's Verdelho Madeira 5yr 750ml,Fortified,"Grape Beginnings, Inc.",4,0.2,23.4,19.5,33.49,27.96,42,,1,1,Blaine:4
Illuminati Cerasuolo Rose 750ml,Rose,"Bourget Imports, LLC",2,0.2,11.7,13.48,23.99,19.96,44,,1,1,St. Louis Park:2
Indian Island Prairie Wind,Flavored,,9,0.2,52.6,10.04,13.99,,28,,1,1,Stillwater:9
Gulp Hablo Orange Liter,Other Whites,"New France Wine Co, Inc",13,0.2,52.2,13.54,17.49,14.95,23,,0,8,Andover:1;Roseville:12
Hahn Merlot 750ml,Merlot,Johnson Brothers - St. Paul,15,0.2,64.3,9.09,15.99,,43,,1,3,Blaine:6;Ramsey:9
PH Crossbarn Napa Cabernet Sauvignon 750ml,Cabernet,"Grape Beginnings, Inc.",4,0.2,23.4,41.25,65.99,54.96,37,,1,1,St. Louis Park:4
Paddy Borthwick Sauvignon Blanc 750ml,Sauvignon Blanc,The Wine Company,6,0.2,24.1,14.79,25.99,21.96,43,,0,8,Chanhassen:1;Plymouth:2;Stillwater:3
Palazzo Alcineo,Other Reds,,0,0.2,0.0,19.5,29.99,,35,,1,1,
Stella Rosa Pineapple 250ml,Flavored,"Breakthru Beverage Minnesota Wine & Spirits, LLC",13,0.2,64.3,4.43,7.99,6.96,45,,1,2,Cottage Grove:1;Ramsey:5;Blaine:7
Basina Tribidrag 750ml,Other Reds,"New France Wine Co, Inc",2,0.2,11.7,18.0,22.99,19.86,22,,1,1,Minnetonka:2
Beaucastel Chateauneuf du Pape 2020 750ml,Red Blends,The Wine Company,6,0.2,25.7,37.5,119.99,99.96,69,,1,3,Minnetonka:3;Roseville:3
Stella Rosa Watermelon 250ml,Flavored,"Breakthru Beverage Minnesota Wine & Spirits, LLC",19,0.2,81.4,4.43,7.99,6.96,45,,1,3,Cottage Grove:1;Blaine:8;Plymouth:10
De Wetshof Chardonnay Limestone  750ml,Chardonnay,"New France Wine Co, Inc",4,0.2,23.4,12.0,24.99,,52,,1,1,Minnetonka:4
Casanova di Neri Brunello White Label  750ml,Other Reds,The Wine Company,0,0.2,0.0,53.33,82.99,,36,,1,1,
Paolo Scavino Barolo DOCG 750ml,Other Reds,"Bourget Imports, LLC",15,0.2,87.7,44.81,70.99,59.96,37,,1,1,Blaine:3;Minnetonka:3;Woodbury:3;Roseville:6
Castellani Monsalaia,Other Reds,Rue 38 LLC,29,0.2,169.5,11.46,20.99,17.96,45,,1,1,Cottage Grove:1;Minnetonka:13;Stillwater:15
Langlois-Chateau Cremant de Loire Brut 750ml,Sparkling,The Wine Company,6,0.2,29.7,16.79,29.99,,44,,1,2,Minnetonka:6
Castle Rock Chardonnay 750ml,Chardonnay,Paustis Wine,3,0.2,12.9,6.07,7.99,6.86,24,,1,3,Ramsey:3
Castoro Cellars Sauvignon Blanc/ D,Accessories,,7,0.2,40.9,10.66,13.99,,24,,1,1,Stillwater:7
Stolpman Ballard Canyon Roussanne 750ml,Other Whites,"Maverick Beverage Co., LLC - MN",2,0.2,11.7,20.79,32.99,,37,,1,1,Andover:2
Substance Chardonnay 750ml,Chardonnay,"Breakthru Beverage Minnesota Wine & Spirits, LLC",30,0.2,148.4,8.1,15.99,12.96,49,,1,2,Blaine:1;Rosemount:1;St. Louis Park:1;Ramsey:2;Minnetonka:6;Plymouth:6;Stillwater:6;Cottage Grove:7
Domaine Amido Merlot 750ml,Merlot,"Tradition Wine & Spirits, LLC",6,0.2,35.1,5.33,12.49,4.43,57,,1,1,Stillwater:2;Chanhassen:4
Domaine Anderson Chardonnay 750ml,Chardonnay,Oxford Street Merchants,15,0.2,64.3,24.59,36.99,30.96,34,,1,3,Woodbury:1;Blaine:2;Andover:5;Chanhassen:7
Domaine Lafage Centenaire 750ml,Other Whites,"Grape Beginnings, Inc.",13,0.2,76.0,13.65,18.99,16.41,28,,1,1,Minnetonka:3;Rosemount:10
Apothic Chardonnay 750ml,Chardonnay,Johnson Brothers - St. Paul,51,0.2,273.2,6.76,12.49,10.96,46,,0,6,Rosemount:1;Stillwater:1;Osseo:3;St. Louis Park:4;Chanhassen:5;Roseville:6;Minnetonka:7;Blaine:12;Vadnais Heights:12
Opera Prima Mimosa 750ml,Flavored,Paustis Wine,11,0.2,64.3,5.42,9.99,8.96,46,,1,1,Blaine:11
Orchard Lane Rose 750ml,Rose,Small Lot MN,6,0.2,25.7,9.62,17.99,,47,,1,3,Chanhassen:1;Ramsey:5
Our Lady of Guadalupe Pinot Noir 750ml,Pinot Noir,Johnson Brothers - St. Paul,6,0.2,35.1,56.67,84.99,70.91,33,,1,1,Andover:2;Minnetonka:4
Geyser Peak Sauvignon Blanc 750ml,Sauvignon Blanc,The Wine Company,6,0.2,35.1,9.46,15.99,13.96,41,,1,1,St. Louis Park:6
Muga Reserva Seleccion Especial 2018 750ml,Other Reds,The Wine Company,1,0.2,4.9,34.12,43.99,36.95,22,,1,2,Andover:1
Centorri Moscato Di Pavia 750ml,Sparkling,The Wine Company,11,0.2,64.3,8.46,14.99,12.96,44,,1,1,Stillwater:11
Cerro Anon Gran Reserva 2015 750ml,Other Reds,"Maverick Beverage Co., LLC - MN",9,0.2,44.5,17.5,29.99,24.96,42,,1,2,Vadnais Heights:9
Newfound Rose 750ml,Rose,"New France Wine Co, Inc",3,0.2,17.5,21.21,37.99,31.96,44,,1,1,St. Louis Park:3
Baron Herzog Chenin Blanc 750ml,Other Whites,Phillips Wine & Spirits - St. Paul,37,0.2,183.0,6.62,12.49,10.96,47,,1,2,Roseville:1;Minnetonka:2;Blaine:6;Chanhassen:8;Andover:10;Woodbury:10
Santo Santorini Assyrtiko,Other Whites,The Wine Company,9,0.2,44.5,19.72,34.99,,44,,1,2,Minnetonka:2;Minneapolis:3;Woodbury:4
Contessa Carino Grande 750ml,Other Reds,Bellboy Corporation,13,0.2,69.6,7.04,13.79,11.96,49,Buyer's Select,0,6,Cottage Grove:1;Osseo:1;Woodbury:1;Vadnais Heights:2;Chanhassen:8
Riondo Prosecco 750ml,Sparkling,Southern Glazer's Wine & Spirits of MN,6,0.2,29.7,10.07,17.49,14.96,42,,1,2,Ramsey:1;Minnetonka:5
Commanderie De La Bargemone Rose 750ml,Rose,"Bourget Imports, LLC",33,0.2,163.2,16.15,27.99,24.96,42,,1,2,Osseo:3;Vadnais Heights:4;Ramsey:8;Roseville:8;St. Louis Park:10
Quilt Red Blend 750ml,Red Blends,Oxford Street Merchants,7,0.2,30.0,17.98,23.99,19.96,25,,1,3,Minnetonka:7
K J Vintner's Zinfandel 750ml,Zinfandel,Phillips Wine & Spirits - St. Paul,4,0.2,19.8,13.85,23.99,19.96,42,5 Vintner's Chard on 100+8cs VR SB,1,2,St. Louis Park:1;Roseville:3
Scarpetta Pinot Grigio 750ml,Pinot Grigio/Gris,"Breakthru Beverage Minnesota Wine & Spirits, LLC",11,0.2,64.3,10.76,18.99,15.96,43,2cs deal on invoice,1,1,St. Louis Park:11
Scharffenberger Brut Rose 750ml,Sparkling,Oxford Street Merchants,47,0.2,274.7,17.51,30.99,25.96,43,,1,1,Plymouth:1;Rosemount:4;Vadnais Heights:5;Ramsey:6;Woodbury:6;Andover:7;Osseo:7;Blaine:11
Black Girl Magic Bubbly Rose Can 375ml,Sparkling,Southern Glazer's Wine & Spirits of MN,38,0.2,152.7,5.45,8.99,7.96,39,,0,8,St. Louis Park:1;Rosemount:4;Plymouth:7;Woodbury:12;Cottage Grove:14
Blandy's Rainwater 750ml,Fortified,"Grape Beginnings, Inc.",9,0.2,52.6,13.5,23.99,19.96,44,,1,1,Minneapolis:2;Rosemount:7
Dr Konstantine Frank Rkatseteli 750ml,Other Reds,"Bourget Imports, LLC",0,0.2,0.0,14.81,26.99,22.96,45,,1,1,
Franciscan Chardonnay 750ml,Chardonnay,Johnson Brothers - St. Paul,51,0.2,273.2,8.76,12.99,11.96,33,,0,6,Andover:2;Plymouth:3;Vadnais Heights:4;Osseo:7;Minnetonka:10;Blaine:12;Chanhassen:13
Nicolas Catena Zapata Red 750ml,Red Blends,"Grape Beginnings, Inc.",0,0.2,0.0,78.5,119.99,99.96,35,,1,1,
Nielson Pinot Noir 750ml,Pinot Noir,Oxford Street Merchants,10,0.2,58.4,11.42,19.99,14.95,43,,1,1,Minnetonka:2;Rosemount:2;Cottage Grove:3;Plymouth:3
Olianas Vermentino,Other Whites,The Wine Company,-1,0.2,-5.8,10.67,19.99,,47,,1,1,
Lemelson White Pinot Noir 750ml,Pinot Noir,"Grape Beginnings, Inc.",4,0.2,23.4,17.67,29.99,24.96,41,,1,1,Minnetonka:4
Monte Rio Mission Lodi 2019 750ml,Other Reds,Libation Project,21,0.2,103.8,14.83,26.99,22.96,45,,1,2,Cottage Grove:1;Roseville:1;St. Louis Park:5;Blaine:14
Montinore Vivace Sparkling 750ml,Sparkling,"Maverick Beverage Co., LLC - MN",4,0.2,23.4,6.17,24.99,,75,,1,1,Chanhassen:1;Stillwater:3
Moonshot Sonoma Valley Red Wine 750ml,Red Blends,Libation Project,4,0.2,17.1,16.17,29.99,24.96,46,,1,3,St. Louis Park:4
Morgan Metallico Chardonnay 750ml,Chardonnay,"Bourget Imports, LLC",10,0.2,58.4,18.81,30.49,25.96,38,,1,1,Rosemount:3;Minnetonka:7
Moulin de Gassac Guilhem Rose 750ml,Rose,"Grape Beginnings, Inc.",0,0.2,0.0,6.15,11.99,,49,,1,1,
Le Mesnil Prestige 2007 750ml,Sparkling,"Bourget Imports, LLC",1,0.2,5.8,46.98,67.49,51.95,30,,1,1,Roseville:1
Barefoot Red Sangria 3L Box,Flavored,Johnson Brothers - St. Paul,1,0.2,5.8,14.18,26.99,22.96,47,,1,1,Plymouth:1
Delamotte Brut 750ml,Sparkling,The Wine Company,21,0.2,122.7,56.25,99.99,83.96,44,,1,1,Andover:3;Rosemount:3;Cottage Grove:5;Plymouth:10
Barefoot Chardonnay Tetra 500ml,Chardonnay,Johnson Brothers - St. Paul,4,0.2,19.8,3.09,5.49,4.96,44,,1,2,Osseo:1;Ramsey:1;Rosemount:2
Mirassou Pinot Noir 750ml,Pinot Noir,Johnson Brothers - St. Paul,4,0.2,17.1,8.09,13.79,11.96,41,,1,3,Rosemount:1;Vadnais Heights:3
Mocali Fossetti IGT Rosso Toscano 750ml,Other Reds,"New France Wine Co, Inc",28,0.2,163.6,10.21,18.99,15.96,46,,1,1,Roseville:9;St. Louis Park:9;Minnetonka:10
Gnarly Head 1924 BBN BRL Cab Sauv 750ml,Cabernet,Johnson Brothers - St. Paul,2,0.2,12.9,8.98,17.49,14.96,49,,0,5,Blaine:1;St. Louis Park:1
Gnarly Head 1924 Dbl Black Red 750ml,Red Blends,Johnson Brothers - St. Paul,4,0.2,17.1,5.96,12.49,10.96,52,,1,3,Chanhassen:2;Vadnais Heights:2
Terredora Dipaolo Falanghina,Other Whites,Oxford Street Merchants,5,0.2,29.2,13.39,21.99,,39,,1,1,Cottage Grove:1;Minneapolis:2;Minnetonka:2
Tessier Saveria Santa Cruz Pinot Noir 750ml,Pinot Noir,,1,0.2,5.8,30.0,49.99,16.48,40,,1,1,St. Louis Park:1
Teutonic Rose 750ml,Rose,"Tradition Wine & Spirits, LLC",6,0.2,29.7,17.17,26.99,,36,,1,2,Minnetonka:6
Barefoot Butter Chard 1.5L,Chardonnay,Johnson Brothers - St. Paul,9,0.2,36.2,7.56,12.99,10.96,42,2 FREE ON 22,0,8,Plymouth:1;Ramsey:1;Vadnais Heights:1;Blaine:6
Gallo Red Moscato,Flavored,Johnson Brothers - St. Paul,10,0.2,42.9,7.52,13.99,,46,,1,3,Chanhassen:2;Vadnais Heights:2;Blaine:6
JL Chave Mon Coeur CDR 750ml,Red Blends,"Bourget Imports, LLC",20,0.2,116.9,17.48,27.99,23.96,38,,1,1,Andover:4;Minnetonka:6;St. Louis Park:10
Jacob's Creek Pinot Grigio 750ml,Pinot Grigio/Gris,Southern Glazer's Wine & Spirits of MN,8,0.2,51.4,4.73,7.99,6.96,41,,0,5,Osseo:8
Bouchard Pere & Fils Volnay Ca,Pinot Noir,The Wine Company,15,0.2,74.2,67.43,94.99,34.98,29,,1,2,Chanhassen:3;Minnetonka:3;Plymouth:9
Bota Box Merlot 500ml,Merlot,Phillips Wine & Spirits - St. Paul,6,0.2,35.1,2.76,5.49,4.96,50,,1,1,Osseo:6
Brown Estate House of Brown Rose 750ml,Rose,"Grape Beginnings, Inc.",25,0.2,160.7,11.0,20.99,14.95,48,,0,5,Chanhassen:2;Minnetonka:7;Blaine:8;Vadnais Heights:8
Remelluri Rioja San Vicente 750ml,Other Reds,"New France Wine Co, Inc",6,0.2,29.7,21.21,31.24,26.45,32,,1,2,Minnetonka:6
Revelshine White 500ml,White Blends,Oxford Street Merchants,21,0.2,103.8,7.11,11.49,9.96,38,,1,2,St. Louis Park:10;Chanhassen:11
Jam Jar Sweet Shiraz 750ml,Syrah/Shiraz,Oxford Street Merchants,0,0.2,0.0,6.47,11.99,,46,,1,2,
Board Track Racer The Chief 750ml,Red Blends,"Grape Beginnings, Inc.",19,0.2,81.4,21.0,33.99,28.96,38,,1,3,Minneapolis:9;Rosemount:10
"Bodegas Henri Lurton ""Nebbiolo"" 750ml",Other Reds,"New France Wine Co, Inc",10,0.2,49.5,24.01,39.99,,40,,1,2,Woodbury:10
Boen Santa Maria Pinot Noir 750ml,Pinot Noir,Phillips Wine & Spirits - St. Paul,16,0.2,93.5,20.15,34.99,,42,,1,1,Ramsey:16
Ippolito 1845 Liber Pater,Other Reds,,1,0.2,5.8,10.44,17.99,,42,,1,1,Woodbury:1
Ironstone Obsession White 750ml,White Blends,The Wine Company,7,0.2,30.0,8.46,13.99,8.95,40,,1,3,Blaine:3;Cottage Grove:4
Gaston Chiquet Tradition Brut 750ml,Sparkling,The Wine Company,15,0.2,87.7,48.79,87.99,72.96,45,,1,1,Minnetonka:6;Cottage Grove:9
Momokawa G Joy Sake 300ml,Fortified,The Wine Company,28,0.2,180.0,9.12,15.99,13.96,43,,0,5,Blaine:5;Roseville:6;St. Louis Park:8;Bloomington:9
Three Wine Co. Lucchesi Carign 750ml,Other Reds,"New France Wine Co, Inc",15,0.2,74.2,17.54,25.99,,33,,1,2,Blaine:3;Andover:4;Vadnais Heights:8
Librandi Critone,Other Whites,"Grape Beginnings, Inc.",24,0.2,154.3,12.83,19.99,14.95,36,,0,5,Woodbury:3;Minnetonka:7;Blaine:14
Lievland Pinotage 750ml,Other Reds,The Wine Company,16,0.2,93.5,12.12,15.99,12.86,24,,1,1,Minnetonka:4;Andover:12
Mi Mi En Provence Rose 750ml,Rose,Rue 38 LLC,18,0.2,77.1,13.5,24.99,20.96,46,,1,3,Minnetonka:7;St. Louis Park:11
Minges Scheurebe Feinherb,Other Whites,The Wine Company,10,0.2,49.5,14.33,24.99,,43,,1,2,Rosemount:2;St. Louis Park:8
Chateau Picque Caillou Red 750ml,Other Reds,Phillips Wine & Spirits - St. Paul,47,0.2,274.7,18.73,35.49,29.96,47,,1,1,Blaine:47
Fellini Pietraluna Salentino 750ml,Other Reds,,12,0.2,70.1,8.67,10.99,9.86,21,,1,1,Andover:12
Wycliff Brut Rose' 750ml,Sparkling,Johnson Brothers - St. Paul,8,0.2,46.8,5.46,6.99,5.86,22,,1,1,Minnetonka:8
XXL Pineapple Cans 4pk 250ml,Flavored,Paustis Wine,16,0.2,93.5,8.17,12.99,11.96,37,,1,1,Roseville:1;Minneapolis:2;Plymouth:4;Woodbury:4;Vadnais Heights:5
Les Fleurs Blanc 750ml,Other Whites,"New France Wine Co, Inc",9,0.2,38.6,8.88,15.99,13.96,44,,1,3,Minnetonka:9
Matsu El Viejo Toro 750ml,Other Reds,Rue 38 LLC,8,0.2,46.8,37.67,67.99,55.96,45,,1,1,St. Louis Park:2;Minnetonka:6
Matthews Columbia Valley Cab Sauv 750ml,Cabernet,"Grape Beginnings, Inc.",19,0.2,111.0,33.33,48.99,38.41,32,,1,1,St. Louis Park:7;Minnetonka:12
Matthiasson Linda Vista Chardonnay 750ml,Chardonnay,"Tradition Wine & Spirits, LLC",7,0.2,40.9,26.61,42.99,,38,,1,1,Minnetonka:7
Champagne L Roederer Collection 750ml,Sparkling,Phillips Wine & Spirits - St. Paul,4,0.2,23.4,45.0,77.99,49.95,42,,1,1,Andover:4
Barefoot Chardonnay 250ml,Chardonnay,Johnson Brothers - St. Paul,0,0.2,0.0,6.18,9.99,,38,,1,1,
The Federalist BB Zinfandel 750ml,Zinfandel,Southern Glazer's Wine & Spirits of MN,2,0.2,9.9,13.4,23.99,19.96,44,,1,2,Blaine:2
Field Recordings Gris 750ml,Pinot Grigio/Gris,"Tradition Wine & Spirits, LLC",5,0.2,29.2,8.13,19.99,,59,,1,1,Ramsey:2;Stillwater:3
Field Recordings Wonderwall Syrah 750ml,Syrah/Shiraz,"Tradition Wine & Spirits, LLC",17,0.2,84.1,15.17,23.99,15.95,37,,1,2,Osseo:2;Vadnais Heights:3;Minnetonka:5;Ramsey:7
Jolie-Laide Shake Ridge Red Blend 750ml,Red Blends,"Tradition Wine & Spirits, LLC",9,0.2,52.6,22.42,44.99,,50,,1,1,Andover:2;Blaine:2;Plymouth:5
Cooks Sparkling Sweet Rose 750ml,Sparkling,Southern Glazer's Wine & Spirits of MN,30,0.2,128.6,6.07,11.49,9.96,47,,1,3,Andover:15;Cottage Grove:15
Compass Merlot 750ml,Merlot,Rue 38 LLC,0,0.2,0.0,7.84,14.99,,48,,1,3,
Contessa Asti 750ml,Sparkling,Bellboy Corporation,6,0.2,35.1,5.87,13.79,11.96,57,,1,1,Chanhassen:6
Bouchard P&F  Santenay,Pinot Noir,The Wine Company,6,0.2,35.1,21.08,26.99,22.86,22,,1,1,Woodbury:6
Bohigas Brut Rose Cava 750ml,Sparkling,Small Lot MN,1,0.2,5.8,12.0,20.99,,43,,1,1,Minnetonka:1
Bogle Juggernaut Napa Cabernet 750ml,Cabernet,Phillips Wine & Spirits - St. Paul,11,0.2,64.3,18.62,31.99,26.96,42,1 free Juggernaut SB on 8,1,1,St. Louis Park:11
San Pietro Kerner Alto Adige 750ml,Other Whites,,4,0.2,23.4,13.0,19.99,,35,,1,1,Andover:4
Sand Point Merlot 750ml,Merlot,Paustis Wine,15,0.2,64.3,6.08,11.99,9.96,49,,1,3,Plymouth:1;Roseville:4;Blaine:10
The Ned Pinot Gris 750ml,Pinot Grigio/Gris,"Bourget Imports, LLC",1,0.2,5.8,14.15,23.99,19.96,41,,1,1,Stillwater:1
The Paring Red 750ml,Red Blends,"New France Wine Co, Inc",2,0.2,11.7,18.21,29.99,,39,,1,1,Woodbury:2
Gallo Cabernet Sauvignon 1.5L,Cabernet,Johnson Brothers - St. Paul,4,0.2,19.8,7.52,13.79,11.96,45,,1,2,Andover:4
Chappellet Double Ranch Chardonnay 750ml,Chardonnay,Oxford Street Merchants,5,0.2,29.2,13.33,29.99,,56,,1,1,Cottage Grove:5
Chappellet Mountain Cuvee 750ml,Red Blends,Oxford Street Merchants,21,0.2,135.0,33.43,51.99,42.96,36,,0,5,Blaine:1;Plymouth:4;Chanhassen:5;Minnetonka:5;St. Louis Park:6
Chasing Rain Merlot 750ml,Merlot,"Vinocopia, Inc",8,0.2,39.6,13.33,23.99,19.96,44,,1,2,Roseville:8
Avinyo Reserva Brut 750ml,Sparkling,"New France Wine Co, Inc",22,0.2,108.8,16.88,30.49,25.96,45,,1,2,Andover:4;Blaine:7;St. Louis Park:11
Tozai Living Jewel  300ml,Fortified,"Maverick Beverage Co., LLC - MN",9,0.2,52.6,8.12,14.99,12.96,46,,1,1,Ramsey:4;Osseo:5
Tre Pile Barbera d'Alba 750ml,Other Reds,"New France Wine Co, Inc",11,0.2,64.3,16.21,27.99,23.96,42,,1,1,St. Louis Park:1;Minnetonka:10
Tsiakkas Rodinos Rose 750ml,Rose,"Maverick Beverage Co., LLC - MN",3,0.2,14.8,18.12,29.99,24.96,40,,1,2,St. Louis Park:3
Los Bermejos Rosado 750ml,Rose,"New France Wine Co, Inc",0,0.2,0.0,25.54,41.99,35.96,39,,0,6,
Roaming Dog Chardonnay 750ml,Chardonnay,"Vinocopia, Inc",51,0.2,273.2,26.8,17.49,14.96,-53,,0,6,Plymouth:1;Rosemount:2;Ramsey:3;Vadnais Heights:4;Stillwater:5;Minnetonka:6;Osseo:9;Minneapolis:10;Chanhassen:11
Wiley Wines Ribolla Gialla 750ml,Other Whites,"New France Wine Co, Inc",36,0.2,165.3,20.21,35.49,29.96,43,,0,7,St. Louis Park:5;Minnetonka:9;Blaine:11;Roseville:11
Robert Hall Orange Muscat 750ml,Fortified,"Breakthru Beverage Minnesota Wine & Spirits, LLC",0,0.2,0.0,9.1,17.99,,49,,1,1,
Rodney Strong Cali Chardonnay 750ml,Chardonnay,,5,0.2,21.4,,13.99,,,,1,3,Rosemount:5
Roederer Estate Brut 375 mnl,Sparkling,Oxford Street Merchants,37,0.2,158.6,9.9,17.49,14.96,43,,1,3,Roseville:17;St. Louis Park:20
Rombauer Merlot 750ml,Merlot,Oxford Street Merchants,5,0.2,29.2,42.18,65.99,54.96,36,,1,1,Andover:5
Rose Gold Provence Rose 750ml,Rose,"Bourget Imports, LLC",16,0.2,102.9,16.15,29.99,24.96,46,,0,5,Minnetonka:6;St. Louis Park:10
Archer Roose Bubbly Rose 4pk 250ml,Sparkling,Southern Glazer's Wine & Spirits of MN,2,0.2,9.2,12.71,22.49,18.96,43,,0,7,Minneapolis:1;Minnetonka:1
Udaca Dao Colheita Tinto 750ml,Other Reds,The Wine Company,2,0.2,11.7,6.12,11.49,9.96,47,,1,1,Minnetonka:2
Ultraviolet Sparkling Rose 750ml,Sparkling,Libation Project,6,0.2,35.1,14.17,25.99,21.96,45,,1,1,Minnetonka:6
Anthill Farms Peugh Vineyard Chardonnay 750ml,Chardonnay,"Bourget Imports, LLC",0,0.2,0.0,34.0,60.99,,44,,1,1,
Mahu Sauvignon Blanc 750ml,Sauvignon Blanc,"New France Wine Co, Inc",4,0.2,18.4,7.54,13.99,11.96,46,,0,7,St. Louis Park:4
Z. Alexander Brown Red Blend 750ml,Red Blends,Johnson Brothers - St. Paul,8,0.2,42.9,8.62,15.99,13.96,46,,0,6,Ramsey:2;Blaine:6
Zenato Ripassa,Other Reds,"Grape Beginnings, Inc.",2,0.2,11.7,22.5,42.99,35.96,48,,1,1,Andover:2
Zuccardi Series A Cabernet,Cabernet,,2,0.2,11.7,13.48,23.99,19.96,44,,1,1,Stillwater:2
Chateau Franc les Cerisiers 750ml,Red Blends,Bellboy Corporation,21,0.2,103.8,2.89,20.99,17.96,86,,1,2,Andover:1;Blaine:1;Ramsey:1;Vadnais Heights:1;Osseo:6;Minnetonka:12
10000 Hours Syrah 750ml,Syrah/Shiraz,"Vinocopia, Inc",10,0.2,42.9,16.67,29.99,24.96,44,,1,3,Roseville:4;St. Louis Park:6
Chateau La Croix de GayPomerol 2019 750ml,Red Blends,Bellboy Corporation,4,0.2,23.4,2.8,47.49,39.45,94,,1,1,Chanhassen:1;Plymouth:1;Blaine:2
Yalumba Y Series Cabernet Sauvignon 750ml,Cabernet,"Grape Beginnings, Inc.",12,0.2,59.3,9.0,15.99,13.96,44,,1,2,Stillwater:12
Elemental Pinot Noir 750ml,Pinot Noir,Oxford Street Merchants,8,0.2,39.6,11.04,14.99,12.96,26,,1,2,St. Louis Park:1;Woodbury:1;Roseville:6
"90+ Cellars Lot 239 Brunello di Montalcino DOCG, Italy 750ml",Other Reds,Bellboy Corporation,11,0.2,64.3,22.04,46.99,39.96,53,Buyer's Select,1,1,St. Louis Park:11
Esperto Pinot Grigio 750ml,Pinot Grigio/Gris,,0,0.2,0.0,7.0,12.99,,46,,1,2,
"90+ Cellars Lot 245 Cab Sauv, Howell Mountain, CA 750ml",Cabernet,Bellboy Corporation,11,0.2,64.3,17.04,36.99,30.96,54,Buyer's Select,1,1,Blaine:11
MAN Vintners Shiraz 750ml,Syrah/Shiraz,The Wine Company,24,0.2,128.6,7.79,13.79,11.96,44,,0,6,Bloomington:5;St. Louis Park:9;Blaine:10
d'Arenberg Hermit Crab White 750ml,White Blends,Small Lot MN,14,0.1,225.0,12.12,22.49,18.96,46,,0,2,Minnetonka:1;Plymouth:1;Minneapolis:3;Roseville:9
Edorado Miroglio Bio Rose 750ml,Rose,"Bourget Imports, LLC",4,0.1,32.1,13.48,23.99,19.96,44,,0,4,St. Louis Park:4
Malat 'Crazy Creatures' Gruner Veltliner,Other Whites,"New France Wine Co, Inc",13,0.1,104.5,15.17,25.99,,42,,0,4,Blaine:1;Chanhassen:5;Plymouth:7
MAN Vintners Chardonnay 750ml,Chardonnay,The Wine Company,0,0.1,0.0,7.79,13.79,11.96,44,,0,2,
Yes I Can Sparkling Riesling 375ml,Other Whites,,0,0.1,0.0,2.0,6.99,,71,,0,2,
Esteban Martin 6M 750ml,Other Reds,Paustis Wine,18,0.1,144.6,7.42,13.79,11.95,46,,0,4,Osseo:18
Estancia Pinot Noir 750ml,Pinot Noir,Johnson Brothers - St. Paul,0,0.1,0.0,9.42,14.99,,37,,0,4,
Famille Dubbard Sauvignon Blanc 750ml,Sauvignon Blanc,"Maverick Beverage Co., LLC - MN",0,0.1,0.0,10.12,18.99,15.96,47,,0,2,
Evesham Wood P.N. Le Puits Sec 750ml,Pinot Noir,The Wine Company,6,0.1,96.4,26.82,41.74,32.45,36,,0,2,Cottage Grove:2;Osseo:4
Elemental Rose 750ml,Rose,Oxford Street Merchants,4,0.1,64.3,11.04,14.99,12.96,26,,0,2,Blaine:4
Wine & Soul Pintas 750ml,Other Reds,"Grape Beginnings, Inc.",0,0.1,0.0,26.25,41.99,,37,,0,2,
William Hill Pinot Noir 750ml,Pinot Noir,Johnson Brothers - St. Paul,16,0.1,257.1,12.09,20.99,17.96,42,,0,2,Andover:4;Blaine:12
Altos las Hormigas Malbec 750ml,Malbec,"Maverick Beverage Co., LLC - MN",4,0.1,64.3,8.31,14.99,,45,,0,2,Minnetonka:4
Finca Wolffer Red 750ml,Red Blends,"Grape Beginnings, Inc.",10,0.1,160.7,12.83,19.99,,36,,0,2,Woodbury:1;Minnetonka:4;Plymouth:5
Domaine du Pere Caboche Rose 750ml,Rose,Rue 38 LLC,5,0.1,80.4,8.0,15.99,,50,,0,2,Osseo:5
Flying Cloud Sauvignon Blanc 750ml,Sauvignon Blanc,,1,0.1,16.1,11.0,17.99,,39,,0,2,Vadnais Heights:1
Alexander Valley Vineyards Rose of Sangiovese 750ml,Rose,"Breakthru Beverage Minnesota Wine & Spirits, LLC",24,0.1,192.9,12.1,20.99,17.96,42,16cs purchase in a month,0,4,Cottage Grove:2;Plymouth:2;Ramsey:8;St. Louis Park:12
Andre Peach Bellini 750ml,Flavored,Johnson Brothers - St. Paul,12,0.1,96.4,4.92,8.99,7.96,45,,0,4,Minneapolis:12
Chateau Franc Vauzelle Pomerol,Red Blends,,0,0.1,0.0,16.89,25.99,,35,,0,2,
Chateau Coutet St Emilion 2019,Red Blends,Bellboy Corporation,2,0.1,21.4,19.02,49.99,,62,,0,3,Osseo:2
Vina Sastre Ribera del Duero Crianza,Other Reds,"New France Wine Co, Inc",12,0.1,128.6,30.21,49.99,41.96,40,,0,3,Chanhassen:5;Minnetonka:7
Vina Pedrosa El Pedrosal Crianza,Other Reds,"New France Wine Co, Inc",0,0.1,0.0,18.88,16.99,14.86,-11,,0,2,
Villa Wolf Riesling Dry 750ml,Other Whites,The Wine Company,0,0.1,0.0,10.46,16.99,,38,,0,3,
Fossil Point Rose 750ml,Rose,"New France Wine Co, Inc",0,0.1,0.0,11.54,19.99,,42,,0,2,
Fortant Altitude Chardonnay 750ml,Chardonnay,"Vinocopia, Inc",60,0.1,482.1,7.82,13.79,11.96,43,,0,4,Vadnais Heights:1;Ramsey:2;Cottage Grove:4;Osseo:6;Minnetonka:47
Villa Sparina Gavi,Other Whites,Oxford Street Merchants,2,0.1,21.4,10.65,18.99,15.96,44,,0,3,Cottage Grove:2
Frank Family Carneros Pinot Noir 750ml,Pinot Noir,"Breakthru Beverage Minnesota Wine & Spirits, LLC",11,0.1,176.8,26.1,38.99,32.96,33,,0,2,Minnetonka:11
Andre Sweet Fizzy Sangria 750ml,Flavored,Johnson Brothers - St. Paul,0,0.1,0.0,,8.99,,,,0,2,
Vibe Blackberry Lemonade 500ml,Flavored,Johnson Brothers - St. Paul,0,0.1,0.0,1.91,3.49,2.96,45,1 on 10 (dinkytown only),0,3,
Veuve Olivier Brut NV 750ml,Sparkling,Libation Project,0,0.1,0.0,8.83,14.99,12.96,41,,0,2,
VVS Nivasco Brachetto 750ml,Fortified,"New France Wine Co, Inc",27,0.1,289.3,9.54,17.99,14.96,47,,0,3,Vadnais Heights:1;Cottage Grove:5;Blaine:10;Rosemount:11
Twomey Anderson Valley Pinot Noir 750ml,Pinot Noir,Oxford Street Merchants,10,0.1,160.7,37.59,67.99,55.96,45,,0,2,St. Louis Park:10
Frey Natural White 750ml,White Blends,Oxford Street Merchants,7,0.1,112.5,6.31,11.99,9.96,47,,0,2,Stillwater:7
Marcov Proprietary Blended/ D,Accessories,,4,0.1,64.3,12.27,17.99,,32,,0,2,Stillwater:4
Frey Organic Zinfandel 750ml,Zinfandel,Oxford Street Merchants,2,0.1,21.4,10.31,18.99,15.96,46,,0,3,Woodbury:2
Trenel Cremant De Bourgogne 750ml,Sparkling,Oxford Street Merchants,2,0.1,32.1,22.18,40.99,33.96,46,,0,2,St. Louis Park:2
Argyle Brut 750ml,Sparkling,The Wine Company,0,0.1,0.0,18.12,30.49,25.96,41,,0,3,
G Joy Genshu Sake 750ml,Fortified,The Wine Company,13,0.1,208.9,15.25,27.99,23.96,46,,0,2,Roseville:4;St. Louis Park:4;Bloomington:5
Fu-Ki Plum 750ml,Fortified,"Breakthru Beverage Minnesota Wine & Spirits, LLC",1,0.1,8.0,12.39,23.99,19.96,48,,0,4,Rosemount:1
Trapiche Oak Cask Cabernet 750ml,Cabernet,Paustis Wine,0,0.1,0.0,6.75,10.99,,39,,0,2,
Tozai Well of Wisdom  300ml,Fortified,"New France Wine Co, Inc",7,0.1,112.5,9.27,18.99,15.96,51,,0,2,Andover:2;Osseo:5
Tisdale Pinot Noir 750ml,Pinot Noir,Johnson Brothers - St. Paul,26,0.1,278.6,3.76,5.99,,37,,0,3,Chanhassen:3;Minnetonka:5;Blaine:6;Plymouth:12
Tilia Bonarda 750ml,Other Reds,"Grape Beginnings, Inc.",21,0.1,337.5,7.62,13.99,,46,,0,2,Blaine:1;Plymouth:1;Osseo:8;Woodbury:11
Three Wine Co. Petite Sirah 750ml,Other Reds,"New France Wine Co, Inc",13,0.1,208.9,14.88,26.99,22.96,45,,0,2,Ramsey:1;Chanhassen:12
Three Wine Co Faux Pas Refridgerator Red 750ml,Red Blends,"New France Wine Co, Inc",9,0.1,96.4,11.54,19.99,16.96,42,,0,3,Bloomington:9
Three Wine Co Established 1885 Red Blend 750ml,Red Blends,"New France Wine Co, Inc",9,0.1,96.4,31.54,51.99,43.96,39,,0,3,Bloomington:9
Three Wine Co Escapade White Blend 750ml,White Blends,"New France Wine Co, Inc",10,0.1,160.7,10.88,18.99,15.96,43,,0,2,Bloomington:10
Gallo Moscato 1.5L,Moscato,Johnson Brothers - St. Paul,3,0.1,32.1,7.52,13.79,8.95,45,,0,3,St. Louis Park:3
Three Lakes Black Cab 750ml,Cabernet,Bellboy Corporation,10,0.1,107.1,8.75,15.99,13.96,45,,0,3,Blaine:10
Three Finger Jack Cab Sauv 750ml,Cabernet,Johnson Brothers - St. Paul,2,0.1,32.1,11.42,17.99,15.46,37,,0,2,Ramsey:2
The Paring Sauvignon Blanc 750ml,Sauvignon Blanc,"New France Wine Co, Inc",8,0.1,128.6,18.21,29.99,27.96,39,,0,2,Woodbury:1;St. Louis Park:2;Minnetonka:5
Marques de Caceres Reserva,Other Reds,The Wine Company,0,0.1,0.0,15.46,23.99,19.96,36,,0,2,
Luke Red Blend 750ml,Red Blends,Oxford Street Merchants,14,0.1,225.0,14.22,23.99,17.95,41,,0,2,Ramsey:6;Blaine:8
Luc Belaire Bleu 750ml,Sparkling,,21,0.1,225.0,18.32,29.74,24.95,38,,0,3,Vadnais Heights:21
The Hilt Estate Pinot Noir 750ml,Pinot Noir,"New France Wine Co, Inc",13,0.1,208.9,33.54,41.99,34.96,20,,0,2,Andover:1;Rosemount:1;St. Louis Park:4;Minnetonka:7
Gancia Brut Rose 750ml,Sparkling,Southern Glazer's Wine & Spirits of MN,2,0.1,21.4,9.43,15.99,,41,,0,3,Blaine:1;Vadnais Heights:1
Barefoot Buttery Chardonnay 3L Box,Chardonnay,Johnson Brothers - St. Paul,21,0.1,168.8,14.18,23.99,19.96,41,,0,4,Minneapolis:1;Plymouth:2;Vadnais Heights:3;Ramsey:4;Woodbury:5;Stillwater:6
Barefoot Pinot Grigio 250ml,Pinot Grigio/Gris,Johnson Brothers - St. Paul,20,0.1,321.4,6.18,9.99,,38,,0,2,Ramsey:20
Good Day Grapefruit Soju 375ml,Fortified,"Vinocopia, Inc",29,0.1,233.0,4.51,7.99,6.96,44,,0,4,Cottage Grove:1;Roseville:1;Vadnais Heights:2;Ramsey:4;Andover:10;Minnetonka:11
Tablas Creek Patelin de Tablas Rose 750ml,Rose,The Wine Company,3,0.1,48.2,18.79,29.99,,37,,0,2,Vadnais Heights:3
Tablas Creek Cotes de Tablas Red 750ml,Red Blends,The Wine Company,16,0.1,257.1,30.12,39.99,27.95,25,,0,2,Woodbury:2;Plymouth:3;Andover:4;Vadnais Heights:7
Grayson Cellars Chardonnay 750ml,Chardonnay,"Grape Beginnings, Inc.",5,0.1,80.4,8.67,11.99,,28,,0,2,Minnetonka:5
Graham's 20 Yr Tawny Port 750ml,Fortified,Southern Glazer's Wine & Spirits of MN,5,0.1,80.4,54.13,81.99,67.96,34,,0,2,St. Louis Park:1;Woodbury:1;Blaine:3
Graham Beck Brut Rose 750ml,Sparkling,"Maverick Beverage Co., LLC - MN",12,0.1,96.4,14.12,25.99,21.96,46,,0,4,St. Louis Park:12
Graffetta Nero D'Avola 2015,Other Reds,Rue 38 LLC,1,0.1,16.1,12.12,19.99,16.96,39,,0,2,Osseo:1
Dog Point Pinot Noir 750ml,Pinot Noir,The Wine Company,2,0.1,32.1,26.67,35.49,29.95,25,,0,2,Minnetonka:2
Barefoot Watermelon Moscato 1.5L,Flavored,Johnson Brothers - St. Paul,14,0.1,150.0,7.56,12.99,10.96,42,2 FREE ON 22,0,3,Vadnais Heights:3;Woodbury:5;Rosemount:6
Stolpman La Cuadrilla 750ml,Red Blends,"Maverick Beverage Co., LLC - MN",15,0.1,120.5,16.79,26.99,22.96,38,,0,4,Stillwater:2;Minneapolis:3;Cottage Grove:4;Minnetonka:6
Long Meadow Ranch Rose of Pinot Noir 750ml,Rose,"Maverick Beverage Co., LLC - MN",8,0.1,85.7,18.79,33.49,27.96,44,,0,3,Rosemount:3;Blaine:5
Gruvi Dry Secco 275ml,Sparkling,,0,0.1,0.0,,3.99,,,,0,2,
Stoller Dundee Hills Pinot Noir 750ml,Pinot Noir,Johnson Brothers - St. Paul,12,0.1,96.4,20.09,35.49,29.96,43,,0,4,St. Louis Park:12
Stella Rosa Ruby Grapefruit 250ml,Flavored,,5,0.1,80.4,4.57,7.99,6.96,43,,0,2,Andover:1;Woodbury:1;Cottage Grove:3
Stella Rosa Red Apple 750ml,Flavored,"Breakthru Beverage Minnesota Wine & Spirits, LLC",11,0.1,117.9,8.76,14.99,12.96,42,,0,3,Blaine:1;Rosemount:2;Vadnais Heights:8
Bartenura Lychee 4pk 250ml can,Flavored,Oxford Street Merchants,16,0.1,171.4,11.71,13.79,11.96,15,,0,3,Woodbury:1;Ramsey:7;Chanhassen:8
Guy Amiot Cremant de Bourgogne Brut NV 750ml,Sparkling,"Maverick Beverage Co., LLC - MN",1,0.1,16.1,13.33,35.99,,63,,0,2,St. Louis Park:1
Bex Riesling 750ml,Other Whites,Southern Glazer's Wine & Spirits of MN,0,0.1,0.0,7.17,11.99,,40,,0,2,
Sokol Blosser Evolution Red 750ml,Red Blends,Small Lot MN,14,0.1,225.0,10.12,14.49,5.43,30,,0,2,Ramsey:1;Stillwater:13
Slamzees Fruity Cereal 187ml,Flavored,Southern Glazer's Wine & Spirits of MN,4,0.1,42.9,2.36,3.99,3.46,41,,0,3,Minneapolis:4
Skouras Zoe! Rose 750ml,Rose,The Wine Company,11,0.1,176.8,11.46,18.99,15.96,40,,0,2,Vadnais Heights:1;Blaine:3;Chanhassen:3;Roseville:4
SixSip Peach Mango 500ml,Flavored,Phillips Wine & Spirits - St. Paul,0,0.1,0.0,2.89,5.49,4.96,47,,0,2,
House Wine Old Fashioned Lemonade Can 375ml,Flavored,Southern Glazer's Wine & Spirits of MN,13,0.1,208.9,3.28,6.49,3.95,49,,0,2,Ramsey:3;Minnetonka:4;Chanhassen:6
House Wine Cktl Casa Rita Can 375ml,Flavored,Southern Glazer's Wine & Spirits of MN,14,0.1,150.0,3.28,6.49,4.95,49,,0,3,Blaine:2;Minnetonka:5;Rosemount:7
Line 39 Pinot Grigio 750ml,Pinot Grigio/Gris,"Breakthru Beverage Minnesota Wine & Spirits, LLC",3,0.1,32.1,6.76,11.49,9.96,41,,0,3,Blaine:3
Lifevine Pinot Noir 750ml,Pinot Noir,Oxford Street Merchants,14,0.1,112.5,11.42,17.99,6.97,37,,0,4,Andover:1;St. Louis Park:2;Rosemount:11
Matic Pinot Gris 750ml,Pinot Grigio/Gris,"New France Wine Co, Inc",0,0.1,0.0,14.88,27.99,22.96,47,,0,2,
Bezel Chardonnay 750ml,Chardonnay,"Breakthru Beverage Minnesota Wine & Spirits, LLC",6,0.1,96.4,16.1,26.99,22.96,40,8cs purchase in a month,0,2,St. Louis Park:6
Shania Rose 3L Box,Rose,Oxford Street Merchants,4,0.1,32.1,12.79,21.99,18.96,42,,0,4,St. Louis Park:4
Senor Sangria White 750ml,Flavored,Bellboy Corporation,37,0.1,297.3,8.08,13.79,11.96,41,,0,4,Roseville:2;Blaine:14;St. Louis Park:21
Innocent Bystander Pink Moscat 750ml,Other Whites,Small Lot MN,35,0.1,562.5,9.46,17.49,14.96,46,,0,2,Chanhassen:2;Andover:3;Cottage Grove:3;Vadnais Heights:4;Blaine:6;Plymouth:6;Rosemount:11
Indian Island Midnight Fantasy,Flavored,,6,0.1,64.3,9.54,11.99,,20,,0,3,Stillwater:6
Blandy's Malmsey Madeira 5yr 750ml,Fortified,"Grape Beginnings, Inc.",21,0.1,337.5,19.5,23.99,19.95,19,,0,2,Rosemount:1;Vadnais Heights:1;Minnetonka:8;Stillwater:11
Blackboard Red Blend 750ml,Red Blends,"Grape Beginnings, Inc.",22,0.1,353.6,13.33,23.99,14.95,44,,0,2,Andover:1;Minnetonka:4;Minneapolis:6;Rosemount:11
Bodegas Alion Ribero del Duero,Other Reds,The Wine Company,8,0.1,85.7,100.25,155.99,129.96,36,,0,3,Blaine:4;St. Louis Park:4
Jaja de Jau Sauvignon Blanc 750ml,Sauvignon Blanc,"Bourget Imports, LLC",32,0.1,514.3,9.48,17.49,14.96,46,,0,2,St. Louis Park:4;Woodbury:5;Andover:11;Blaine:12
Jaja de Jau Rose 750ml,Rose,"Bourget Imports, LLC",9,0.1,144.6,9.48,17.49,14.96,46,,0,2,Blaine:9
Jaja de Jau Cabernet Sauvignon 750ml,Cabernet,"Bourget Imports, LLC",26,0.1,208.9,9.48,17.49,10.95,46,,0,4,Plymouth:3;St. Louis Park:6;Minnetonka:7;Woodbury:10
Jacob's Creek Cab Sauv 750ml,Cabernet,Southern Glazer's Wine & Spirits of MN,5,0.1,80.4,4.73,7.99,6.96,41,,0,2,Stillwater:1;Roseville:4
McManis Zinfandel 750ml,Zinfandel,Paustis Wine,24,0.1,257.1,8.08,13.99,11.96,42,,0,3,Rosemount:2;Blaine:3;Osseo:9;Woodbury:10
McManis Viognier 750ml,Other Whites,Paustis Wine,0,0.1,0.0,8.08,13.99,11.96,42,,0,2,
Lolli Sweet Red Spiked 750ml,Flavored,Johnson Brothers - St. Paul,7,0.1,112.5,8.09,14.99,12.96,46,,0,2,Blaine:2;Cottage Grove:2;Andover:3
Ryme Rose 750ml,Rose,"Tradition Wine & Spirits, LLC",2,0.1,16.1,13.33,16.99,14.86,22,,0,4,Roseville:2
Crane Lake Sweet Red 750ml,Red Blends,Paustis Wine,0,0.1,0.0,4.75,7.99,6.96,41,,0,3,
Crafters Union Rose 375ml,Rose,Southern Glazer's Wine & Spirits of MN,8,0.1,64.3,3.67,6.99,,47,,0,4,Chanhassen:1;Cottage Grove:1;Osseo:3;Ramsey:3
Bojo Do Luar Drasloup 750ml,Other Reds,Mezzogiorno Wines,8,0.1,128.6,13.5,23.99,19.96,44,,0,2,Minnetonka:8
Ruinart Blanc de Blanc 750ml,Sparkling,Oxford Street Merchants,13,0.1,208.9,86.18,123.99,102.96,30,,0,2,Plymouth:1;Blaine:2;St. Louis Park:2;Vadnais Heights:3;Bloomington:5
Rombauer Pinot Noir 750ml,Pinot Noir,Oxford Street Merchants,28,0.1,225.0,41.52,58.99,49.96,30,4 free Pine Ridge Chenin Blanc on 10 cases M/M,0,4,Blaine:7;St. Louis Park:9;Roseville:12
Rodney Strong Sonoma Merlot 750ml,Merlot,Southern Glazer's Wine & Spirits of MN,7,0.1,112.5,14.07,23.99,19.96,41,,0,2,Ramsey:3;Minnetonka:4
Jinro Chamisul Fresh Soju 17.8% 750ml,Fortified,Johnson Brothers - St. Paul,0,0.1,0.0,7.21,13.79,11.96,48,,0,3,
Jonata Phoenix Red Blend 2016 750ml,Red Blends,"New France Wine Co, Inc",18,0.1,289.3,70.42,130.99,108.96,46,,0,2,Roseville:2;Minnetonka:4;Woodbury:12
Columbia Crest H3 Les Cheveaux 750ml,Red Blends,Southern Glazer's Wine & Spirits of MN,7,0.1,56.2,8.73,13.79,11.96,37,,0,4,Plymouth:1;Woodbury:6
Ricossa Barbaresco 750ml,Other Reds,"Bourget Imports, LLC",38,0.1,407.1,26.96,57.99,47.96,54,,0,3,Stillwater:2;Blaine:3;Plymouth:3;St. Louis Park:3;Vadnais Heights:3;Andover:6;Chanhassen:6;Roseville:6;Woodbury:6
KJ Brut Cuvee 750ml,Sparkling,Phillips Wine & Spirits - St. Paul,17,0.1,182.1,12.95,20.99,17.96,38,5 Vintner's Chard on 100+8cs VR SB,0,3,Blaine:7;Roseville:10
K J Vintner's Riesling 750ml,Other Whites,Phillips Wine & Spirits - St. Paul,0,0.1,0.0,9.64,14.99,12.96,36,5 Vintner's Chard on 100+8cs VR SB,0,4,
K J Vintner's Merlot 750ml,Merlot,Phillips Wine & Spirits - St. Paul,19,0.1,305.4,11.61,18.99,15.96,39,5 Vintner's Chard on 100+8cs VR SB,0,2,Chanhassen:1;Roseville:2;Ramsey:7;Cottage Grove:9
Liberty Creek Merlot 1.5L,Merlot,Johnson Brothers - St. Paul,9,0.1,144.6,8.18,11.99,,32,,0,2,Blaine:9
Coastline Cab Sauv Reserve 750ml,Cabernet,,0,0.1,0.0,5.58,10.99,,49,,0,2,
Quinta da Raza Lagares Red Nat 750ml,Red Blends,The Wine Company,42,0.1,450.0,13.12,23.99,19.96,45,,0,3,St. Louis Park:4;Roseville:5;Blaine:7;Plymouth:11;Rosemount:15
Buena Vista North Coast Pinot Noir 750ml,Pinot Noir,The Wine Company,1,0.1,16.1,12.0,15.99,13.95,25,,0,2,Minnetonka:1
Quilt Reserve Cabernet Sauvignon 750ml,Cabernet,Oxford Street Merchants,1,0.1,16.1,62.63,81.99,67.96,24,,0,2,Minnetonka:1
Cline Syrah 750ml,Syrah/Shiraz,Southern Glazer's Wine & Spirits of MN,15,0.1,160.7,11.4,20.99,17.96,46,,0,3,Chanhassen:6;Blaine:9
Punto Final Malbec 750ml,Malbec,Libation Project,1,0.1,16.1,11.5,20.99,17.96,45,,0,2,Blaine:1
King Estates Pinot Gris,Pinot Grigio/Gris,,0,0.1,0.0,14.25,21.99,,35,,0,3,
Pikorua Sauvignon Blanc 750ml,Sauvignon Blanc,"New France Wine Co, Inc",2,0.1,32.1,10.36,17.99,,42,,0,2,Andover:2
L'Oliveto Pinot Noir Russian River Valley 750ml,Pinot Noir,Libation Project,8,0.1,128.6,16.17,27.99,23.96,42,,0,2,Minnetonka:2;St. Louis Park:6
Kruger-Rumpf Rose Brut 750ml,Rose,The Wine Company,1,0.1,10.7,19.08,31.99,,40,,0,3,Plymouth:1
Krasno Orange Wine 750ml,Other Whites,Rue 38 LLC,29,0.1,466.1,12.12,21.99,18.96,45,,0,2,St. Louis Park:1;Minnetonka:3;Ramsey:4;Cottage Grove:10;Minneapolis:11
Kouros Dry White Wine 750ml,White Blends,Phillips Wine & Spirits - St. Paul,3,0.1,48.2,6.92,10.99,,37,,0,2,Roseville:1;St. Louis Park:2
Calcada Vinho Verde Reserva,Other Whites,Small Lot MN,6,0.1,48.2,9.33,10.99,9.86,15,,0,4,Stillwater:6
Cakebread Cellars Sauv Blanc 750ml,Sauvignon Blanc,"Breakthru Beverage Minnesota Wine & Spirits, LLC",6,0.1,64.3,23.43,35.49,29.96,34,,0,3,Blaine:6
Mionetto Organic Prosecco 750ml,Sparkling,Southern Glazer's Wine & Spirits of MN,3,0.1,48.2,11.46,20.99,17.96,45,,0,2,Minnetonka:3
Libretto Merlot 750ml,Merlot,Bellboy Corporation,2,0.1,32.1,5.6,11.49,9.96,51,,0,2,St. Louis Park:1;Stillwater:1
Piero Mancini Vermentino di Gallura 750ml,Other Whites,Mezzogiorno Wines,0,0.1,0.0,14.83,25.99,21.96,43,,0,4,
Cannon River Gunflint Red 750ml,Red Blends,Cannon River Winery,13,0.1,139.3,15.0,22.99,,35,,0,3,Woodbury:5;Minneapolis:8
Cline Pinot Gris 750ml,Pinot Grigio/Gris,Southern Glazer's Wine & Spirits of MN,8,0.1,64.3,9.4,17.49,14.96,46,,0,4,Minnetonka:4;Roseville:4
Penfold's Cab/Shiraz Bin 389 750ml,Syrah/Shiraz,"Breakthru Beverage Minnesota Wine & Spirits, LLC",7,0.1,56.2,56.19,87.99,72.96,36,,0,4,Blaine:1;St. Louis Park:6
Pax Charbono 2020 750ml,Other Reds,"Tradition Wine & Spirits, LLC",8,0.1,128.6,20.0,34.99,,43,,0,2,Roseville:8
ClapBack At Me Apple Liter,Flavored,Paustis Wine,43,0.1,345.5,9.42,15.99,13.96,41,,0,4,Blaine:4;Roseville:5;Vadnais Heights:11;Woodbury:11;Minneapolis:12
La Tremenda Monastrell,Other Reds,"Grape Beginnings, Inc.",6,0.1,96.4,9.0,16.99,,47,,0,2,Blaine:6
La Lecciaia Sassarello Toscana,Other Reds,Rue 38 LLC,13,0.1,139.3,12.79,23.99,19.96,47,,0,3,Minnetonka:1;St. Louis Park:2;Plymouth:4;Woodbury:6
Paolo Scavino Carobric 2018,Other Reds,"Bourget Imports, LLC",7,0.1,112.5,57.33,89.99,74.96,36,,0,2,Woodbury:2;Minnetonka:5
Palladio Rosso,Other Reds,"Grape Beginnings, Inc.",12,0.1,192.9,6.77,4.99,3.86,-36,,0,2,Woodbury:12
Lafage Miraflors Rose,Rose,"Grape Beginnings, Inc.",3,0.1,32.1,12.0,19.99,16.96,40,,0,3,Blaine:1;Vadnais Heights:2
Cheval Quancard Cuvee Clemence,Other Reds,"New France Wine Co, Inc",16,0.1,257.1,10.21,15.99,,36,,0,2,Blaine:3;Rosemount:6;Cottage Grove:7
Casa Silva Lingues Carmenere 750ml,Other Reds,"New France Wine Co, Inc",1,0.1,8.0,14.26,24.99,,43,,0,4,Minnetonka:1
PH Crossbarn Sonoma Cab Sauv 750ml,Cabernet,"Grape Beginnings, Inc.",1,0.1,16.1,33.75,41.99,26.95,20,,0,2,Ramsey:1
Orin Swift Palermo 750ml,Cabernet,Johnson Brothers - St. Paul,2,0.1,32.1,43.43,56.49,49.95,23,Deep Net Nov/Dec,0,2,Ramsey:2
Orchard Lane Sauvignon Blanc 750ml,Sauvignon Blanc,Small Lot MN,8,0.1,85.7,8.65,17.99,,52,,0,3,Ramsey:8
Ch d'Orignac Pineau de Charentes 750ml,Fortified,"Bourget Imports, LLC",5,0.1,80.4,28.29,43.99,21.95,36,,0,2,Vadnais Heights:2;Plymouth:3
Les Allies Brut Rose 187ml,Sparkling,"Maverick Beverage Co., LLC - MN",8,0.1,128.6,2.75,7.24,5.96,62,,0,2,Ramsey:2;Chanhassen:6
Leogate 'The Gatecrasher Balmain' Blend 750ml,Red Blends,Small Lot MN,8,0.1,128.6,9.89,17.99,,45,,0,2,Minnetonka:8
Chateau Ste Michelle Eroica Riesling 750ml,Other Whites,Southern Glazer's Wine & Spirits of MN,17,0.1,273.2,13.47,27.99,,52,,0,2,Blaine:4;Roseville:6;Vadnais Heights:7
Nielson Chardonnay 750ml,Chardonnay,Oxford Street Merchants,11,0.1,176.8,10.09,18.99,8.95,47,,0,2,Andover:3;Minnetonka:8
New Age Red Wine 750ml,Red Blends,The Wine Company,23,0.1,369.6,8.12,13.79,9.96,41,,0,2,Blaine:5;Andover:7;Stillwater:11
Moss Roxx Ancient Vine Zinfandel 750ml,Zinfandel,,9,0.1,96.4,12.29,20.99,17.96,41,,0,3,Ramsey:1;Rosemount:8
Morgan Cotes du Crows 750ml,Red Blends,"Bourget Imports, LLC",3,0.1,48.2,14.81,27.99,22.96,47,,0,2,Minnetonka:3
Momo Pinot Noir 750ml,Pinot Noir,"Maverick Beverage Co., LLC - MN",7,0.1,75.0,13.46,25.99,21.96,48,,0,3,St. Louis Park:1;Roseville:6
Moji Rose 375ml,Rose,"Bourget Imports, LLC",3,0.1,24.1,4.02,8.99,,55,,0,4,Cottage Grove:3
Moet & Chandon Rose Imperial 750ml,Sparkling,Oxford Street Merchants,18,0.1,289.3,50.31,77.99,64.96,35,,0,2,Chanhassen:1;Roseville:2;St. Louis Park:3;Stillwater:3;Minnetonka:4;Blaine:5
19 Crimes Cali Gold 750ml,Sparkling,"Breakthru Beverage Minnesota Wine & Spirits, LLC",8,0.1,128.6,8.76,11.49,9.96,24,,0,2,Osseo:8
Elk Cove Ultima White 375ml,Fortified,"New France Wine Co, Inc",1,0.0,,23.54,39.99,,41,,0,0,St. Louis Park:1
Zenato Valpolicella,Other Reds,"Grape Beginnings, Inc.",17,0.0,546.4,14.25,26.99,22.96,47,,0,1,Stillwater:17
Emiliano Falsini Feudo Pignatone Etna Rosso 2022 750ml,Other Reds,Mezzogiorno Wines,10,0.0,,36.83,57.99,47.96,36,,0,0,Minnetonka:10
Maison l'Envoye Morgon 'Cote de Py',Other Reds,Small Lot MN,2,0.0,,13.33,24.99,,47,,0,0,Vadnais Heights:2
Maison No. 9 Rose 750ml,Rose,Johnson Brothers - St. Paul,0,0.0,0.0,14.1,22.99,,39,,0,1,
Maison Drouhin Meursault Blanc 2017 750ml,Chardonnay,The Wine Company,0,0.0,,48.46,77.99,64.96,38,,0,0,
Maculan Pino & Toi,Other Whites,,2,0.0,64.3,7.46,16.99,,56,,0,1,Osseo:2
Mac Murray RussianRiver P Noir 750ml,Pinot Noir,Johnson Brothers - St. Paul,3,0.0,,27.99,36.99,30.86,24,,0,0,Osseo:3
MD Earthquake Cabernet Sauvignon 750ml,Cabernet,Paustis Wine,0,0.0,,16.08,29.99,24.96,46,,0,0,
MAN Vintners Sauvignon Blanc 750ml,Sauvignon Blanc,The Wine Company,0,0.0,,7.79,13.89,11.96,44,,0,0,
Lynch Bages 2022 750ml,Red Blends,Bellboy Corporation,11,0.0,353.6,32.56,227.99,189.96,86,,0,1,Blaine:11
Yves Cuilleron 2017 C�te-R�tie Madini�re 750ml,Syrah/Shiraz,,3,0.0,,54.37,99.99,,46,,0,0,St. Louis Park:3
Yves Cuilleron 2017 Cornas Le Village 750ml,Syrah/Shiraz,,1,0.0,,39.34,69.99,,44,,0,0,Woodbury:1
Yuki Tora Snow Tiger Nigori 720ml,Fortified,The Wine Company,2,0.0,64.3,16.25,26.99,22.96,40,,0,1,Minneapolis:2
Yorkville Hi Roller Red 750ml,Red Blends,Rue 38 LLC,1,0.0,,11.78,17.49,14.96,33,,0,0,Ramsey:1
Zanasi Sorbara Lambrusco 750ml,Sparkling,Mezzogiorno Wines,4,0.0,,14.83,25.99,21.96,43,,0,0,Minnetonka:4
E Guigal Cotes Du Rhone,Red Blends,The Wine Company,5,0.0,160.7,12.12,19.99,,39,,0,1,Minnetonka:5
Estancia Pinot Grigio 750ml,Pinot Grigio/Gris,Johnson Brothers - St. Paul,1,0.0,32.1,9.42,14.99,,37,,0,1,St. Louis Park:1
Estancia Cab Sauv 750ml,Cabernet,Johnson Brothers - St. Paul,0,0.0,,8.76,15.99,,45,,0,0,
Ch. Sociando-Mallet 750ml,Red Blends,,0,0.0,,32.25,59.99,,46,,0,0,
Ch. Guiraud Sauternes 2014 750ml,Fortified,,3,0.0,,52.25,67.99,56.86,23,,0,0,Woodbury:3
Ch de l'Oiselini?re Le Clos Muscadet,Other Whites,"New France Wine Co, Inc",10,0.0,,13.54,25.99,21.96,48,,0,0,Minnetonka:10
Ch de Chamilly Aligote,Other Whites,The Wine Company,0,0.0,,10.4,21.99,,53,,0,0,
Elk Cove Clay Court Chehalem PN 750ml,Pinot Noir,"New France Wine Co, Inc",0,0.0,,40.42,59.99,49.95,33,,0,0,
Elizabeth Spencer Rutherford Cabernet Sauvignon 2019 750ml,Cabernet,"Grape Beginnings, Inc.",5,0.0,160.7,63.75,95.99,79.95,34,,0,1,Minnetonka:5
2018 Chateau Duhart Milon Pauillac 750ml,Red Blends,Bellboy Corporation,2,0.0,,65.0,95.99,79.95,32,,0,0,St. Louis Park:2
Yellow Tail Cab Sauvignon 750ml,Cabernet,Phillips Wine & Spirits - St. Paul,0,0.0,0.0,4.26,7.99,6.96,47,,0,1,
Yarden Mount Hermon Moscato 750ml,Moscato,,13,0.0,,9.0,16.99,,47,,0,0,Rosemount:5;Vadnais Heights:8
Yalumba Shiraz Viognier 750ml,Red Blends,"Grape Beginnings, Inc.",2,0.0,,9.04,12.99,,30,,0,0,Stillwater:2
90+ Cellars Lot 209 Bourgueil Cabernet Franc 750ml,Cabernet,Bellboy Corporation,7,0.0,,10.08,20.99,17.96,52,,0,0,St. Louis Park:7
90+ Cellars Lot 167 Bourgogne Aligote 750ml,Other Whites,Bellboy Corporation,0,0.0,,11.08,25.99,21.96,57,,0,0,
90+ Cellars Lot 60 Langhe Rosso 750ml,Other Reds,Bellboy Corporation,0,0.0,,9.12,20.99,17.96,57,,0,0,
Elemental Pinot Grigio 750ml,Pinot Grigio/Gris,Oxford Street Merchants,5,0.0,,11.04,14.99,12.96,26,,0,0,Blaine:2;Woodbury:3
Eladio Pi�eiro La Ola Albarino,Other Whites,"New France Wine Co, Inc",1,0.0,,15.3,29.99,,49,,0,0,Minnetonka:1
El Nido Jumilla,Other Reds,Oxford Street Merchants,2,0.0,,97.78,145.99,121.96,33,,0,0,St. Louis Park:1;Woodbury:1
Chateau Marjosse,Red Blends,,8,0.0,257.1,,27.99,,,,0,1,Chanhassen:8
Chateau Leoville Barton 750ml,Other Reds,Phillips Wine & Spirits - St. Paul,10,0.0,,72.4,119.99,99.96,40,,0,0,St. Louis Park:10
Leo Steen Cabernet Franc Ascona Vineyard 750ml,Cabernet,"Bourget Imports, LLC",0,0.0,,31.48,37.99,31.95,17,,0,0,
Lemelson Tikkas Run Pinot Gris 750ml,Pinot Grigio/Gris,"Grape Beginnings, Inc.",3,0.0,96.4,14.67,24.99,20.96,41,,0,1,Minnetonka:3
Lemelson Thea's Pinot Noir 750ml,Pinot Noir,"Grape Beginnings, Inc.",6,0.0,,22.67,35.49,29.96,36,,0,0,St. Louis Park:1;Minnetonka:5
Leitz Zero Point Five Pinot Noir NA 750ml,Pinot Noir,,9,0.0,289.3,12.86,17.49,14.95,26,,0,1,Ramsey:2;Minneapolis:7
Leitz Sparkling Rose N/A 250ml,Sparkling,,4,0.0,,4.0,6.49,5.96,38,,0,0,Woodbury:4
Leitz Sparkling Riesling N/A 250ml,Sparkling,,24,0.0,,4.0,6.49,4.95,38,,0,0,Blaine:1;Woodbury:1;Ramsey:8;Minneapolis:14
Leitz EinsZweiZero Brut Riesling N/A 750ml,Sparkling,,0,0.0,,13.33,24.99,,47,,0,0,
Leitz Chardonnay N/A 750ml,Chardonnay,,11,0.0,,13.0,23.99,19.96,46,,0,0,Rosemount:1;Minneapolis:3;Ramsey:3;Cottage Grove:4
Mont Perat Blanc,Other Whites,,17,0.0,546.4,,25.49,9.93,,,0,1,Plymouth:1;Chanhassen:16
Monsieur Touton Sauvignon 750ml,Sauvignon Blanc,Rue 38 LLC,3,0.0,,8.79,11.99,,27,,0,0,Ramsey:3
Mondavi Private Select Chardonnay 100 750ml,Chardonnay,Southern Glazer's Wine & Spirits of MN,0,0.0,,8.73,14.99,12.96,42,,0,0,
Moji Pinot Grigio 375ml,Pinot Grigio/Gris,"Bourget Imports, LLC",11,0.0,,4.08,8.99,,55,,0,0,Chanhassen:11
Mogen David Blackberry,Flavored,Southern Glazer's Wine & Spirits of MN,8,0.0,257.1,4.73,8.99,,47,,0,1,Ramsey:8
Chacra Cincuenta y Cinco Pinot Noir  750ml,Pinot Noir,Libation Project,1,0.0,,39.0,51.99,42.95,25,,0,0,Roseville:1
Leese-Fitch Pinot Noir 750ml,Pinot Noir,Southern Glazer's Wine & Spirits of MN,19,0.0,,8.73,14.99,12.96,42,,0,0,St. Louis Park:9;Blaine:10
Le Vieux Donjon Chateauneuf-du-Pape Roug,Red Blends,Rue 38 LLC,14,0.0,450.0,45.46,77.99,64.96,42,,0,1,Chanhassen:1;Plymouth:1;St. Louis Park:2;Blaine:10
Le Mesnil Sublime Rose Brut Grand Cru NV 750ml,Sparkling,"Bourget Imports, LLC",9,0.0,289.3,45.48,70.99,58.96,36,,0,1,Minnetonka:3;Andover:6
Le Mesnil Sublime Grand Cru Brut 2015 750ml,Sparkling,"Bourget Imports, LLC",13,0.0,417.9,39.35,64.99,39.95,39,,0,1,Roseville:13
Le Mesnil Brut NV Grand Cru 750ml,Sparkling,"Bourget Imports, LLC",0,0.0,,40.15,59.99,29.95,33,,0,0,
Le Havre de Paix Gascogne,Other Whites,Libation Project,14,0.0,450.0,8.83,15.99,13.96,45,,0,1,Minnetonka:2;Rosemount:2;Vadnais Heights:3;Woodbury:7
Le Hameau Sauvignon Blanc 750ml,Sauvignon Blanc,"New France Wine Co, Inc",0,0.0,,8.21,15.99,12.96,49,,0,0,
Le Fontane Calcis Bianco Terre Siciliane 750ml,Other Whites,"New France Wine Co, Inc",9,0.0,,22.88,37.99,31.96,40,,0,0,Minnetonka:9
Moschopolis Aiora White 750ml,White Blends,"Bourget Imports, LLC",5,0.0,,18.81,23.99,20.86,22,,0,0,Minnetonka:5
Moroder Aion Rosso,Other Reds,"Bourget Imports, LLC",1,0.0,,9.85,16.99,,42,,0,0,Woodbury:1
Morgon,Other Reds,,0,0.0,0.0,,24.99,,,,0,1,
Moonstone Coconut Lemongrass Sake 750ml,Fortified,The Wine Company,15,0.0,482.1,11.46,20.99,17.96,45,,0,1,St. Louis Park:4;Roseville:11
Moo Buzz Pinot Noir 750ml,Pinot Noir,"Grape Beginnings, Inc.",0,0.0,,11.25,17.99,,37,,0,0,
Monteraponi Chianti Riserva Campitello 750ml,Other Reds,Libation Project,1,0.0,,66.0,99.99,,34,,0,0,St. Louis Park:1
Chateau Meyney St Estephe 2019 750ml,Red Blends,Bellboy Corporation,0,0.0,,2.69,29.99,24.96,91,,0,0,
Chateau Meyney Red 750ml,Other Reds,Phillips Wine & Spirits - St. Paul,46,0.0,,25.69,47.99,39.96,46,,0,0,St. Louis Park:46
Nathanson Creek Merlot 1.5L,Merlot,Johnson Brothers - St. Paul,0,0.0,,6.48,10.99,,41,,0,0,
Nathanson Creek Chard 1.5L,Chardonnay,Johnson Brothers - St. Paul,2,0.0,,7.12,10.99,,35,,0,0,Blaine:2
Murphy Goode MN Red Blend 750ml,Red Blends,"Breakthru Beverage Minnesota Wine & Spirits, LLC",0,0.0,,13.91,23.99,,42,,0,0,
Ch Sainte Eulalie Rose 750ml,Rose,"Maverick Beverage Co., LLC - MN",0,0.0,,10.19,20.99,,51,,0,0,
Ch Nozieres Cahors Malbec,Other Reds,Bellboy Corporation,2,0.0,,5.93,16.99,,65,,0,0,Ramsey:2
Ch Montelena Zinfandel 750ml,Zinfandel,The Wine Company,1,0.0,,25.33,39.99,24.95,37,,0,0,Minnetonka:1
Ch Belle-Vue La Rennaissance,Red Blends,,0,0.0,0.0,27.81,44.99,30.95,38,,0,1,
Cerejeiras Lisboa Rose 750ml,Rose,The Wine Company,6,0.0,,5.77,10.99,,47,,0,0,Osseo:3;Ramsey:3
Caymus Special Select 750ml,Cabernet,Oxford Street Merchants,0,0.0,,128.43,188.99,159.96,32,,0,0,
Caymus Grand Durif 750ml,Other Reds,Oxford Street Merchants,2,0.0,,33.43,65.99,54.96,49,,0,0,Blaine:2
Mullan Road Red 750ml,Red Blends,Southern Glazer's Wine & Spirits of MN,0,0.0,,30.0,54.99,,45,,0,0,
Mousse Fils L'Or D'Eugene Blanc de Noir 750ml,Sparkling,The Wine Company,2,0.0,,42.44,65.99,54.96,36,,0,0,Minnetonka:2
Mount Veeder Cab Sauv 750ml,Cabernet,Southern Glazer's Wine & Spirits of MN,0,0.0,,46.73,52.99,44.45,12,,0,0,
Left Coast White Pinot Noir 750ml,Pinot Noir,The Wine Company,0,0.0,,15.46,20.99,17.95,26,,0,0,
Left Coast Calis Cuvee 750ml,Pinot Noir,The Wine Company,2,0.0,64.3,18.12,31.99,26.96,43,,0,1,Minnetonka:2
Leese-Fitch Red Blend 750ml,Red Blends,Southern Glazer's Wine & Spirits of MN,6,0.0,192.9,8.73,14.99,12.96,42,,0,1,Osseo:6
Larkmead Napa Cabernet Sauvignon 750ml,Cabernet,Libation Project,2,0.0,,110.33,131.99,109.95,16,,0,0,Plymouth:2
Chateau St. Croix Cabernet Sauvignon/ D,Accessories,,3,0.0,,13.5,17.99,,25,,0,0,Stillwater:3
Chateau St. Croix Buckhunter Red/ D,Accessories,,6,0.0,,13.5,17.99,,25,,0,0,Stillwater:6
Chateau St Georges Cote Pavie 750ml,Other Reds,Phillips Wine & Spirits - St. Paul,18,0.0,,33.8,53.99,44.96,37,,0,0,St. Louis Park:18
Chateau Souverain Sauv Blanc 750ml,Sauvignon Blanc,Johnson Brothers - St. Paul,3,0.0,96.4,8.09,14.99,12.96,46,,0,1,Andover:3
No Curfew Red 750ml,Red Blends,,2,0.0,,6.79,10.99,,38,,0,0,Osseo:2
Nine Hats Red Blend 750ml,Red Blends,Small Lot MN,5,0.0,,15.46,26.99,22.96,43,,0,0,Vadnais Heights:1;St. Louis Park:4
Niepoort Drink Me Nat Cool Dao Liter,Other Reds,"Maverick Beverage Co., LLC - MN",0,0.0,,15.5,29.99,,48,,0,0,
Niepoort Drink Me Bairrada Tinto,Other Reds,"Maverick Beverage Co., LLC - MN",0,0.0,0.0,15.46,19.99,16.95,23,,0,1,
Niepoort 20 Year Tawny,Fortified,,6,0.0,,61.0,79.99,66.86,24,,0,0,Minnetonka:6
Niepoort 10 Yr Tawny Port 750ml,Fortified,,2,0.0,,36.67,55.99,45.95,35,,0,0,Minnetonka:2
Newton Unfiltered Chardonnay 750ml,Chardonnay,Oxford Street Merchants,3,0.0,,50.18,89.99,74.96,44,,0,0,Stillwater:3
New Age Rose Wine 750ml,Rose,The Wine Company,15,0.0,,8.12,9.99,8.86,19,,0,0,Stillwater:15
Cavit Select Red Blend 750ml,Red Blends,,0,0.0,,5.94,12.49,10.96,52,,0,0,
Cavit Pinot Noir,Box Wines,,3,0.0,,10.45,15.99,,35,,0,0,Stillwater:3
Neil Ellis White Hall Chardonnay 750ml,Chardonnay,"Maverick Beverage Co., LLC - MN",11,0.0,,11.57,31.99,,64,,0,0,Minnetonka:2;Stillwater:9
Ocnautic Paso Cabernet Sauvignon 750ml,Cabernet,"New France Wine Co, Inc",0,0.0,,9.54,17.49,14.96,45,,0,0,
Oberon Sauvignon Blanc 750ml,Sauvignon Blanc,Oxford Street Merchants,6,0.0,192.9,10.09,18.99,15.96,47,,0,1,St. Louis Park:6
Noval Black 750ml,Fortified,The Wine Company,7,0.0,,16.79,27.99,,40,,0,0,Minnetonka:7
Northstar Merlot 750ml,Merlot,Southern Glazer's Wine & Spirits of MN,2,0.0,,29.47,28.99,24.86,-2,,0,0,Osseo:2
Noble Vines 446 Chardonnay 750ml,Chardonnay,Johnson Brothers - St. Paul,9,0.0,,5.6,14.99,7.95,63,,0,0,Vadnais Heights:1;Cottage Grove:8
Noble Vines 337 Cabernet Sauv 750ml,Cabernet,Johnson Brothers - St. Paul,6,0.0,192.9,6.93,14.99,,54,,0,1,Chanhassen:1;Woodbury:5
Noble Vines 152 Pinot Grigio 750ml,Pinot Grigio/Gris,Johnson Brothers - St. Paul,12,0.0,385.7,5.6,14.99,,63,,0,1,Blaine:1;Cottage Grove:1;Roseville:10
Noblaie Chinon Chiens Chiens,Other Reds,"Grape Beginnings, Inc.",5,0.0,,16.16,26.99,17.95,40,,0,0,Chanhassen:1;Andover:4
Le Brun de Nueville Autolyse Brut 750ml,Sparkling,"Bourget Imports, LLC",8,0.0,,74.81,112.99,93.96,34,,0,0,Minnetonka:8
Layer Cake Sauvignon Blanc 750ml,Sauvignon Blanc,Phillips Wine & Spirits - St. Paul,1,0.0,,9.75,14.99,,35,,0,0,Minnetonka:1
Layer Cake Malbec 750ml,Malbec,"Vinocopia, Inc",0,0.0,,9.46,14.99,,37,,0,0,
Layer Cake Chardonnay 750ml,Chardonnay,"Vinocopia, Inc",1,0.0,,7.46,14.99,,50,,0,0,Rosemount:1
Layer Cake Cabernet 750ml,Cabernet,"Vinocopia, Inc",12,0.0,,9.46,14.99,12.96,37,,0,0,Andover:1;Chanhassen:11
Laurent Perrier Brut Ultra 750ml,Sparkling,"Grape Beginnings, Inc.",3,0.0,,63.0,94.99,78.96,34,,0,0,Minnetonka:1;Andover:2
Las Ninas Mapuche Carmenere Syrah 750ml,Red Blends,Origin Wine & Spirits,0,0.0,0.0,9.13,12.49,10.95,27,,0,1,
Larmandier-Bernier Extra Brut Latitude  750ml,Sparkling,"New France Wine Co, Inc",3,0.0,,53.54,95.99,79.96,44,,0,0,Minnetonka:3
Castello di Neive Barbaresco 750ml,Other Reds,"Grape Beginnings, Inc.",0,0.0,,30.25,38.99,32.95,22,,0,0,
Castello di Neive Barbaresco 'Albesani' 750ml,Other Reds,"Grape Beginnings, Inc.",1,0.0,,47.0,77.99,51.95,40,,0,0,Minnetonka:1
Chateau Prieure de Blaignan 2016,Red Blends,Bellboy Corporation,3,0.0,,9.95,11.99,10.86,17,,0,0,Minnetonka:3
Lange Three Hills Pinot Noir 750ml,Pinot Noir,Oxford Street Merchants,4,0.0,,33.78,55.99,45.96,40,,0,0,St. Louis Park:4
Langa Style Rosso,Other Reds,,6,0.0,,8.08,17.99,,55,,0,0,Vadnais Heights:6
Langa Style Barbaresco 750ml,Other Reds,,0,0.0,,22.91,44.99,,49,,0,0,
Landskroon Cape Vintage 750ml,Fortified,,1,0.0,,12.5,19.99,,37,,0,0,Ramsey:1
Landmark Overlook Pinot Noir 750ml,Pinot Noir,Oxford Street Merchants,4,0.0,,20.0,29.99,,33,,0,0,Ramsey:4
Land of Saints Chardonnay 750ml,Chardonnay,"Tradition Wine & Spirits, LLC",0,0.0,,13.78,27.99,,51,,0,0,
Laketown White 750ml,White Blends,,9,0.0,,11.5,22.99,14.95,50,,0,0,St. Louis Park:9
Laketown Sparkling Rose 750ml,Sparkling,,0,0.0,,11.88,22.99,,48,,0,0,
Laketown Red 750ml,Red Blends,,20,0.0,642.9,11.15,18.99,14.95,41,,0,1,Minneapolis:10;Ramsey:10
Castello Romeo Etna Allegracore Rosso 750ml,Other Reds,"New France Wine Co, Inc",8,0.0,,21.33,27.99,23.95,24,,0,0,Minnetonka:8
Olianas Cannonau 750ml,Other Reds,The Wine Company,0,0.0,,11.93,22.99,,48,,0,0,
Old Soul Chardonnay 750ml,Chardonnay,Oxford Street Merchants,17,0.0,546.4,8.39,14.99,12.96,44,,0,1,Rosemount:2;Osseo:3;Stillwater:12
Oddero Barbera D'Asti Nizza,Other Reds,Libation Project,1,0.0,,28.5,55.99,45.96,49,,0,0,Chanhassen:1
Ch d'Oupia Les Heretiques,Red Blends,"New France Wine Co, Inc",5,0.0,160.7,9.54,17.99,14.96,47,,0,1,St. Louis Park:5
Ch Virginie de Valandraud St Emilion 2019 750ml,Red Blends,Bellboy Corporation,27,0.0,,2.8,31.24,19.95,91,,0,0,Minnetonka:13;Plymouth:14
Mocali Suberli Morelino,Other Reds,"New France Wine Co, Inc",5,0.0,,10.21,16.99,,40,,0,0,Woodbury:5
Mister Sauvignon Blanc 750ml,Sauvignon Blanc,The Wine Company,0,0.0,,12.06,22.49,18.96,46,,0,0,
Miro Petite Sirah 750ml,Other Reds,,0,0.0,,9.05,23.99,19.95,62,,0,0,
Miro Cuvee Sasha 750ml,Red Blends,"Tradition Wine & Spirits, LLC",0,0.0,0.0,13.33,22.99,,42,,0,1,
Les Allies Chateauneuf du Pape,Red Blends,"Maverick Beverage Co., LLC - MN",0,0.0,,28.46,41.74,29.45,32,,0,0,
Les Ailes de Paloumey,Red Blends,Bellboy Corporation,55,0.0,1767.9,11.23,23.99,19.96,53,,0,1,Osseo:7;Ramsey:7;Minnetonka:8;Vadnais Heights:10;Cottage Grove:11;Plymouth:12
Leone de Castris Maiana 750ml,Other Reds,"Grape Beginnings, Inc.",0,0.0,,9.0,16.99,,47,,0,0,
Leo Steen SV Link Chardonnay 750ml,Chardonnay,"Bourget Imports, LLC",2,0.0,,26.81,39.99,26.95,33,,0,0,Woodbury:2
Leo Steen Chenin Blanc Jurassic Park 750ml,Other Whites,"Bourget Imports, LLC",6,0.0,,21.48,25.99,21.86,17,,0,0,Chanhassen:6
Chateau Pedesclaux Pauillac 2020 750ml,Red Blends,Bellboy Corporation,15,0.0,,34.66,52.99,43.95,35,,0,0,Andover:1;St. Louis Park:14
Opus One 2021 750ml,Cabernet,Johnson Brothers - St. Paul,0,0.0,,315.0,415.99,346.95,24,,0,0,
Once & Future Bedrock Zinfandel 750ml,Zinfandel,"Bourget Imports, LLC",0,0.0,,37.15,59.99,49.95,38,,0,0,
Catena Appellation San Carlos Cab Franc 750ml,Cabernet,"Grape Beginnings, Inc.",0,0.0,,18.0,33.49,27.96,46,,0,0,
Castelvecchio Chianti Colli Fiorentini 750ml,Other Reds,,10,0.0,,12.57,17.99,,30,,0,0,Stillwater:10
Casal do Ramilo Nativas Branco 750ml,White Blends,Mezzogiorno Wines,8,0.0,,16.83,29.99,24.96,44,,0,0,Minnetonka:8
Casal Garcia Vinho Verde 750ml,Other Whites,Phillips Wine & Spirits - St. Paul,6,0.0,,7.42,13.79,11.96,46,,0,0,Osseo:6
Carnivor Zinfandel 750ml,Zinfandel,Johnson Brothers - St. Paul,2,0.0,,8.76,11.49,9.96,24,,0,0,Stillwater:2
Paetra WV Riesling 750ml,Other Whites,The Wine Company,2,0.0,,15.34,24.99,,39,,0,0,Minnetonka:2
Pacificana Chardonnay 750ml,Chardonnay,Oxford Street Merchants,16,0.0,,7.95,17.49,14.96,55,,0,0,Andover:3;Cottage Grove:5;Woodbury:8
Pacifica Pinot Noir 750ml,Pinot Noir,Oxford Street Merchants,0,0.0,0.0,16.97,20.99,17.95,19,,0,1,
Pacific Redwood Pinot Noir 750ml,Pinot Noir,Oxford Street Merchants,6,0.0,,12.98,23.99,19.96,46,,0,0,Minnetonka:6
P.J. Valckenberg Dornfelder,Other Reds,,0,0.0,,9.38,15.99,,41,,0,0,
Ovis Napa Cabernet Sauvignon 750ml,Cabernet,"New France Wine Co, Inc",0,0.0,,33.33,63.99,,48,,0,0,
Overgaauw Tria Corda 750ml,Red Blends,,0,0.0,,18.12,29.99,,40,,0,0,
Ostatu Blanco 750ml,Other Whites,"New France Wine Co, Inc",0,0.0,,14.21,26.99,22.96,47,,0,0,
Orlegi de Luberri Rioja 750ml,Other Reds,"New France Wine Co, Inc",6,0.0,,12.88,24.99,20.96,48,,0,0,Minnetonka:6
Orin Swift Slander Pinot Noir 750ml,Pinot Noir,Johnson Brothers - St. Paul,0,0.0,,36.76,51.99,43.45,29,,0,0,
Orin Swift Machete 750ml,Other Reds,Johnson Brothers - St. Paul,1,0.0,,40.09,58.99,43.95,32,Deep Net Nov/Dec,0,0,Blaine:1
Orin Swift Blank Stare Sauvignon Blanc 750ml,Sauvignon Blanc,Johnson Brothers - St. Paul,1,0.0,,24.0,30.49,25.95,21,,0,0,Chanhassen:1
Ch de Beru Chablis 2017 750ml,Chardonnay,,9,0.0,,32.33,42.99,35.86,25,,0,0,Vadnais Heights:9
Casas del Bosque Carmenere 750ml,Other Reds,"Maverick Beverage Co., LLC - MN",15,0.0,,8.66,17.49,14.96,50,,0,0,Osseo:5;Ramsey:10
Casanova di Neri Brunello Tenuta Nuov 16,Other Reds,The Wine Company,1,0.0,,91.19,149.99,,39,,0,0,Blaine:1
Lafite Rothschild 2022 750ml,Red Blends,Bellboy Corporation,5,0.0,,113.19,1199.99,999.96,91,,0,0,St. Louis Park:5
Lafage Miraflors Blanc 750ml,Other Whites,"Grape Beginnings, Inc.",10,0.0,321.4,14.0,23.99,19.96,42,,0,1,Blaine:1;Rosemount:9
Ladoucette Comte Lafond Sancerre 750ml,Sauvignon Blanc,Oxford Street Merchants,4,0.0,128.6,38.09,33.99,28.86,-12,,0,1,Minnetonka:4
Chehalem 750ml,Chardonnay,"New France Wine Co, Inc",10,0.0,,13.47,20.99,,36,,0,0,Stillwater:10
Chateau de Rouanne Vinsobres 750ml,Red Blends,"Grape Beginnings, Inc.",8,0.0,,21.16,25.99,21.86,19,,0,0,Minnetonka:8
Chateau Vieux Malliet Red 750ml,Other Reds,Phillips Wine & Spirits - St. Paul,24,0.0,771.4,28.43,47.99,30.95,41,,0,1,St. Louis Park:6;Blaine:18
Chateau Valandraud St Emilion 2019 750ml,Red Blends,Bellboy Corporation,4,0.0,,2.8,184.99,153.95,98,,0,0,Blaine:4
Chateau Thivin Cote de Brouilly 750ml,Other Reds,"New France Wine Co, Inc",4,0.0,,23.0,41.99,,45,,0,0,Minnetonka:4
Chocapalha Tinto 750ml,Other Reds,"Grape Beginnings, Inc.",11,0.0,,11.55,19.99,16.96,42,,0,0,Minnetonka:11
Chimney Rock Cabernet Sauvignon 750ml,Cabernet,Southern Glazer's Wine & Spirits of MN,1,0.0,,82.13,119.99,99.96,32,,0,0,Blaine:1
Chiarli Brut De Noir Rose 750ml,Sparkling,The Wine Company,9,0.0,,14.12,24.99,20.96,43,,0,0,Plymouth:4;Chanhassen:5
Chiarli Amabile Centario 750ml,Sparkling,The Wine Company,15,0.0,,10.79,20.99,17.96,49,,0,0,Blaine:3;Chanhassen:3;Minnetonka:9
Casanova di Neri Brunello Tenuta Nuov 15,Other Reds,,0,0.0,,80.0,105.99,87.95,25,,0,0,
Casal do Ramilo Nativas Castelao 750ml,Red Blends,Mezzogiorno Wines,9,0.0,,16.83,29.99,24.96,44,,0,0,Minnetonka:9
Carlo Rossi Moscato Sangria,Flavored,Johnson Brothers - St. Paul,0,0.0,,3.43,5.99,,43,,0,0,
Capriccio Watermelon Sangria,Flavored,"Breakthru Beverage Minnesota Wine & Spirits, LLC",8,0.0,257.1,7.43,13.79,11.96,46,,0,1,Ramsey:2;Roseville:6
Canyon Road Pinot Noir 750ml,Pinot Noir,Johnson Brothers - St. Paul,0,0.0,,5.0,7.99,,37,,0,0,
Cantine Pellegrino Marsala Dry 750ml,Fortified,"Breakthru Beverage Minnesota Wine & Spirits, LLC",9,0.0,,10.36,15.99,,35,,0,0,St. Louis Park:9
La Val Albarino,Other Whites,"Bourget Imports, LLC",1,0.0,32.1,13.18,15.99,13.95,18,,0,1,Minnetonka:1
La Posta Tinto Red Blend 750ml,Red Blends,"New France Wine Co, Inc",8,0.0,,10.13,23.99,19.96,58,,0,0,Vadnais Heights:1;Woodbury:1;Minnetonka:3;Rosemount:3
La Miraja Chardonnay Cuore di Luna 750ml,Chardonnay,Libation Project,12,0.0,,14.83,24.99,,41,,0,0,Minnetonka:3;Plymouth:9
La Lastra Vernaccia 750ml,Other Whites,"Maverick Beverage Co., LLC - MN",10,0.0,,17.45,30.49,25.96,43,,0,0,St. Louis Park:10
Clay Shannon Sauvignon Blanc 750ml,Sauvignon Blanc,Paustis Wine,2,0.0,64.3,11.62,20.99,17.96,45,,0,1,St. Louis Park:2
Paolo Scavino Ravera 2018,Other Reds,"Bourget Imports, LLC",2,0.0,,57.33,89.99,,36,,0,0,Woodbury:2
Paolo Scavino Monvigliero 2018,Other Reds,"Bourget Imports, LLC",1,0.0,,57.33,89.99,,36,,0,0,Blaine:1
Paolo Scavino Dolcetto d'Alba 750ml,Other Reds,"Bourget Imports, LLC",1,0.0,32.1,16.15,17.49,14.95,8,,0,1,Plymouth:1
Paolo Scavino Bricco Ambrogio 2018 750ml,Other Reds,"Bourget Imports, LLC",1,0.0,,48.99,89.99,26.98,46,,0,0,Minnetonka:1
Pamplemousse Rose 750ml,Rose,"Bourget Imports, LLC",2,0.0,,7.33,12.99,,44,,0,0,Stillwater:2
Palladio Chianti DOCG,Other Reds,"Grape Beginnings, Inc.",6,0.0,,9.0,15.99,,44,,0,0,Minnetonka:3;Ramsey:3
Castell Del Remei Gotim Bru,Other Reds,"New France Wine Co, Inc",0,0.0,,10.67,19.99,,47,,0,0,
Parley Lake Marquette,Other Reds,,11,0.0,,17.19,24.99,,31,,0,0,Woodbury:2;Stillwater:3;Andover:6
Parley Lake Lakeview White 750ml,Other Whites,,0,0.0,,12.0,18.99,,37,,0,0,
Parley Lake Frontenac Gris 750ml,Other Whites,,2,0.0,,11.0,21.99,,50,,0,0,Andover:2
Parley Lake Dessert Frontenac 375ml,Fortified,,5,0.0,,7.59,8.99,7.86,16,,0,0,Woodbury:5
Parley Lake Apples & Vines,Flavored,,0,0.0,,9.74,17.99,,46,,0,0,
Parducci Pinot Noir 750ml,Pinot Noir,,0,0.0,,5.78,13.99,,59,,0,0,
Cirelli Montepulciano d'Abruzzo,Other Reds,Libation Project,2,0.0,,15.17,27.99,23.96,46,,0,0,Minnetonka:2
La Joya Gran Reserva Syrah 750ml,Syrah/Shiraz,,0,0.0,,7.5,9.99,,25,,0,0,
La Fiera Primitivo,Other Reds,"Bourget Imports, LLC",23,0.0,739.3,8.15,14.99,12.96,46,,0,1,Woodbury:1;Vadnais Heights:2;Chanhassen:4;Minnetonka:4;Blaine:12
La Fiera Moscato 750ml,Other Whites,"Bourget Imports, LLC",0,0.0,,8.15,14.99,12.96,46,,0,0,
Cline Sauvignon Blanc 750ml,Sauvignon Blanc,Southern Glazer's Wine & Spirits of MN,0,0.0,,9.4,17.49,14.96,46,,0,0,
Parducci Cabernet Sauv 750ml,Cabernet,,2,0.0,64.3,,12.99,,,,0,1,Stillwater:2
Papi Sauvignon Blanc 750ml Case,Sauvignon Blanc,,0,0.0,,,144.99,,,,0,0,
Carlos Serres Leco Punk,Other Reds,"Bourget Imports, LLC",10,0.0,,11.06,19.99,16.96,45,,0,0,Plymouth:10
Carlos Creek Minnescato 750ml,Moscato,Phillips Wine & Spirits - St. Paul,0,0.0,,12.84,23.99,19.96,46,,0,0,
Carlos Creek Calisota 750ml,Red Blends,Carlos Creek Winery,1,0.0,,12.0,17.99,,33,,0,0,Ramsey:1
La Cigarrera Manzanilla 375ml,Fortified,"New France Wine Co, Inc",6,0.0,,13.71,25.99,21.96,47,,0,0,St. Louis Park:6
Pendulum Red 750ml,Red Blends,Paustis Wine,8,0.0,,12.67,20.99,,40,,0,0,Ramsey:1;Osseo:2;Chanhassen:5
Peirano Estate Cab Sauvignon 750ml,Cabernet,,10,0.0,321.4,9.33,14.99,,38,,0,1,Stillwater:10
Pedroncelli Rose of Zinfandel 750ml,Rose,The Wine Company,4,0.0,,13.46,16.99,,21,,0,0,Rosemount:4
Pedroncelli Pinot Noir 750ml,Pinot Noir,The Wine Company,0,0.0,,11.06,29.99,,63,,0,0,
Pecina Rioja Crianza,Other Reds,"New France Wine Co, Inc",0,0.0,0.0,17.54,33.49,27.96,48,,0,1,
Pazo do Mar Ribeiro 750ml,Other Reds,"New France Wine Co, Inc",1,0.0,32.1,8.0,9.99,8.86,20,,0,1,Andover:1
Pax Sonoma Hillside Syrah 750ml,Syrah/Shiraz,"Tradition Wine & Spirits, LLC",1,0.0,,33.83,54.99,18.48,38,,0,0,Woodbury:1
Pax Alpine Peaks Gamay 2019 750ml,Other Reds,"Tradition Wine & Spirits, LLC",0,0.0,,20.0,34.99,21.95,43,,0,0,
"Pax ""Buddhas Dharma"" Chenin Blanc 2019 750ml",White Blends,"Tradition Wine & Spirits, LLC",1,0.0,,19.95,23.99,19.96,17,,0,0,St. Louis Park:1
Pavao Rose Vinho Verde 750ml,Rose,The Wine Company,0,0.0,,5.12,8.99,7.96,43,,0,0,
Paul Dolan Sauvignon Blanc 750ml,Sauvignon Blanc,"Maverick Beverage Co., LLC - MN",0,0.0,,13.33,25.99,21.96,49,,0,0,
Paul Dolan Organic Cabernet 750ml,Cabernet,"Maverick Beverage Co., LLC - MN",0,0.0,,11.0,26.99,22.45,59,,0,0,
Paul Bara Rose Grand Cru 750ml,Sparkling,"Grape Beginnings, Inc.",6,0.0,192.9,46.0,79.99,25.48,42,,0,1,Roseville:3;Woodbury:3
Patton Valley PTG 750ml,Red Blends,,0,0.0,0.0,18.33,27.99,9.98,35,,0,1,
Pascal Clement Bourgogne Blanc 2018 750ml,Chardonnay,Libation Project,7,0.0,,22.42,39.99,17.48,44,,0,0,Plymouth:1;Minnetonka:6
Pfl�ger Quarzit Sauvignon Blanc 750ml,Sauvignon Blanc,"Maverick Beverage Co., LLC - MN",0,0.0,0.0,16.67,29.99,,44,,0,1,
Petit Vin d�Avril Rouge  750ml,Red Blends,,16,0.0,,16.67,25.49,8.93,35,,0,0,Rosemount:16
Petit Bourgeois Loire Rose 750ml,Rose,"Bourget Imports, LLC",9,0.0,,11.03,23.99,19.96,54,,0,0,Stillwater:2;Chanhassen:7
Peter Yealands Pinot Gris 750ml,Pinot Grigio/Gris,,6,0.0,,3.88,14.99,,74,,0,0,Stillwater:6
Peter Vella White Zin 5L Box,Zinfandel,Johnson Brothers - St. Paul,2,0.0,,13.69,20.99,17.96,35,,0,0,Rosemount:2
Perrin Cotes-du-Rhone Reserve 750ml,Red Blends,The Wine Company,0,0.0,,10.12,17.49,14.96,42,,0,0,
Perrier Jouet Grand Brut 750ml,Sparkling,Southern Glazer's Wine & Spirits of MN,0,0.0,,52.72,57.99,47.95,9,,0,0,
Penya Rouge 750ml,Other Reds,"Bourget Imports, LLC",1,0.0,32.1,10.15,18.99,15.96,47,,0,1,Andover:1
Penfolds Club Port,Fortified,,0,0.0,0.0,10.0,14.99,,33,,0,1,
Cline Rock Carved Cabernet Sauvignon 750ml,Cabernet,Southern Glazer's Wine & Spirits of MN,0,0.0,,20.07,35.49,27.45,43,,0,0,
Cline Pinot Noir 750ml,Pinot Noir,Southern Glazer's Wine & Spirits of MN,0,0.0,,11.4,20.99,17.96,46,,0,0,
Cline Fog Swept Pinot Noir 750ml,Pinot Noir,Southern Glazer's Wine & Spirits of MN,5,0.0,,20.07,35.49,22.95,43,,0,0,Minnetonka:5
Cline Eight Spur Zinfandel 750ml,Zinfandel,Southern Glazer's Wine & Spirits of MN,10,0.0,,17.4,33.49,27.96,48,,0,0,St. Louis Park:10
Cline Cashmere White 750ml,White Blends,The Wine Company,3,0.0,,9.53,19.99,,52,,0,0,Rosemount:3
Cline Ancient Vines Mourvedre 750ml,Other Reds,Southern Glazer's Wine & Spirits of MN,3,0.0,,11.4,20.99,17.96,46,,0,0,Blaine:3
La Clef du Recit Sancerre 750ml,Sauvignon Blanc,Bellboy Corporation,10,0.0,321.4,16.44,33.49,19.95,51,,0,1,Minneapolis:2;Osseo:8
Picket Fence Chardonnay,Chardonnay,,2,0.0,,10.66,13.99,,24,,0,0,Stillwater:2
"Piattelli Premium Rose, Mendoza 750ml",Rose,"Vinocopia, Inc",7,0.0,,7.38,16.99,,57,,0,0,Stillwater:7
Canoe Ridge Expedition Pinot Gris 750ml,Pinot Grigio/Gris,Paustis Wine,7,0.0,,10.08,16.99,,41,,0,0,Rosemount:7
Cannonball Merlot 750ml,Merlot,,11,0.0,,10.57,12.99,11.86,19,,0,0,Osseo:11
Cannonball Chardonnay 750ml,Chardonnay,,5,0.0,,9.34,18.99,15.96,51,,0,0,Plymouth:5
Cannonball Cabernet Sauvignon 750ml,Cabernet,,0,0.0,,9.98,18.99,15.96,47,,0,0,
Cannon River Sogn Blush 750ml,Rose,Cannon River Winery,1,0.0,32.1,14.0,23.99,19.95,42,,0,1,Woodbury:1
Cannon River Marquette,Other Reds,Cannon River Winery,0,0.0,,15.0,22.99,,35,,0,0,
Canned Oregon Still Rose 375ml,Rose,Johnson Brothers - St. Paul,0,0.0,,3.41,7.99,,57,,0,0,
Canned Oregon Pinot Noir 375ml,Pinot Noir,Johnson Brothers - St. Paul,0,0.0,,3.49,7.99,,56,,0,0,
Canned Oregon Pinot Gris 375ml,Pinot Grigio/Gris,Johnson Brothers - St. Paul,0,0.0,,2.93,7.99,,63,,0,0,
Canned Oregon Pink Rose Bubbly 375ml,Sparkling,Johnson Brothers - St. Paul,0,0.0,,3.49,7.99,,56,,0,0,
Piaggia Pietranera Toscana 2019 750ml,Other Reds,,8,0.0,,16.67,20.99,17.86,21,,0,0,Vadnais Heights:8
Phillipe Girard Sancerre 750ml,Sauvignon Blanc,The Wine Company,0,0.0,,23.46,41.99,34.96,44,,0,0,
Phelps Creek Pinot Noir Le Petit 750ml,Pinot Noir,Rue 38 LLC,6,0.0,,15.12,26.99,22.96,44,,0,0,Minnetonka:6
Phelps Creek Chardonnay Columbia Gorge 750ml,Chardonnay,Rue 38 LLC,9,0.0,,20.12,34.99,29.96,42,,0,0,Minnetonka:9
Cakebread Chardonnay Rsv 750ml,Chardonnay,Southern Glazer's Wine & Spirits of MN,0,0.0,,52.21,77.99,64.96,33,,0,0,
Chateau Moulin de Gassiot/ D,Accessories,,0,0.0,,9.33,13.99,,33,,0,0,
Chateau Meyney St Estephe 2020 750ml,Red Blends,Bellboy Corporation,19,0.0,610.7,27.18,47.99,34.95,43,,0,1,St. Louis Park:19
Mirassou Moscato 750ml,Other Whites,Johnson Brothers - St. Paul,4,0.0,,6.11,13.79,11.96,56,,0,0,Vadnais Heights:4
Mirassou Merlot 750ml,Merlot,Johnson Brothers - St. Paul,0,0.0,,5.81,12.99,,55,,0,0,
"Mionetto ""IL"" Prosecco 750ml",Sparkling,Southern Glazer's Wine & Spirits of MN,0,0.0,,9.9,17.49,14.96,43,,0,0,
Minuty M Rose 750ml,Rose,Oxford Street Merchants,9,0.0,289.3,15.26,28.99,23.96,47,,0,1,St. Louis Park:9
Migration Sonoma Coast Chardonnay 750ml,Chardonnay,The Wine Company,0,0.0,,21.33,41.99,,49,,0,0,
Michael David Zero Gravity Cabernet 750ml,Cabernet,Paustis Wine,11,0.0,,13.42,23.99,19.96,44,,0,0,Blaine:1;Roseville:1;Plymouth:9
Michael David Lodi Red 750ml,Red Blends,Paustis Wine,1,0.0,,9.42,16.99,,45,,0,0,Stillwater:1
Mestres Cava 1312 750ml,Sparkling,"New France Wine Co, Inc",0,0.0,,17.54,33.49,27.96,48,,0,0,
Merry Edwards Sauvignon Blanc 750ml,Sauvignon Blanc,Oxford Street Merchants,1,0.0,32.1,35.43,60.99,50.96,42,,0,1,St. Louis Park:1
Merry Edwards SC Pinot Noir 750ml,Pinot Noir,Oxford Street Merchants,7,0.0,,47.34,69.99,58.96,32,,0,0,Chanhassen:1;Minnetonka:2;Andover:4
Liberty Creek White Zinfandel 1.5L,Zinfandel,Johnson Brothers - St. Paul,0,0.0,,8.18,11.99,,32,,0,0,
Liberty Creek Pinot Grigio 1.5L,Pinot Grigio/Gris,Johnson Brothers - St. Paul,0,0.0,0.0,8.18,11.99,,32,,0,1,
Pikasi Pinela,Other Whites,"New France Wine Co, Inc",6,0.0,,14.88,25.99,21.96,43,,0,0,Minneapolis:2;Minnetonka:4
Can Blau Montsant,Red Blends,Oxford Street Merchants,4,0.0,,10.57,18.99,15.96,44,,0,0,Chanhassen:4
Cambria Tepusquet Vineyard 750ml,Syrah/Shiraz,,1,0.0,,15.33,22.99,,33,,0,0,Andover:1
Cambria Julia's Vineyard PN 750ml,Pinot Noir,Johnson Brothers - St. Paul,2,0.0,,16.76,29.99,24.96,44,,0,0,Stillwater:2
La Chaussynette 750ml,Other Reds,,0,0.0,0.0,8.52,12.99,,34,,0,1,
La Bastide Blanche Bandol Rouge 750ml,Other Reds,Libation Project,7,0.0,,23.83,39.99,,40,,0,0,Minnetonka:7
LJ Loiregon Blanc 750ml,Other Whites,"New France Wine Co, Inc",1,0.0,,31.54,52.99,43.95,40,,0,0,Vadnais Heights:1
LJ Cabernet Franc 750ml,Cabernet,"New France Wine Co, Inc",0,0.0,,14.73,31.99,,54,,0,0,
LATTA Roussane 750ml,Other Whites,Libation Project,5,0.0,,25.17,30.99,25.86,19,,0,0,Woodbury:5
L.A. Cetto Sparkling Brut 750ml,Sparkling,"New France Wine Co, Inc",4,0.0,,13.21,23.99,19.96,45,,0,0,Vadnais Heights:4
L'Ecole Semillon 750ml,Other Whites,"Grape Beginnings, Inc.",8,0.0,257.1,12.5,22.49,18.96,44,,0,1,St. Louis Park:8
L'Ecole Merlot 750ml,Merlot,"Bourget Imports, LLC",0,0.0,,14.4,31.99,,55,,0,0,
Kruger-Rumpf Pitterberg Riesling 750ml,Other Whites,The Wine Company,12,0.0,385.7,17.58,21.99,18.86,20,,0,1,Chanhassen:12
Krasno Goriska Brda Rdece Red,Other Reds,Rue 38 LLC,4,0.0,128.6,12.12,21.99,18.96,45,,0,1,Stillwater:4
Kourtaki Mavrodaphne of Patras 750ml,Fortified,Phillips Wine & Spirits - St. Paul,0,0.0,,9.59,15.99,13.96,40,,0,0,
Calvet Limited Release Sauv Blanc 750ml,Sauvignon Blanc,Bellboy Corporation,0,0.0,,6.5,15.99,,59,,0,0,
Calvet Celebration Blanc Brut 750ml,Sparkling,Bellboy Corporation,0,0.0,,7.17,17.99,,60,,0,0,
Porto Reccua White Port 750ml,Fortified,Rue 38 LLC,5,0.0,,10.0,19.99,,50,,0,0,Ramsey:5
Porto Reccua Tawny Port 750ml,Fortified,Rue 38 LLC,0,0.0,,10.0,19.99,,50,,0,0,
Porto Reccua Ruby Port 750ml,Fortified,Rue 38 LLC,1,0.0,,10.0,19.99,,50,,0,0,Minnetonka:1
Porto Cruz Ruby,Fortified,,3,0.0,,11.75,13.99,12.86,16,,0,0,Stillwater:3
Populis Sauvignon Blanc 750ml,Sauvignon Blanc,"New France Wine Co, Inc",3,0.0,96.4,12.7,14.99,12.96,15,,0,1,Andover:1;Vadnais Heights:2
Poggio Costa Rose Prosecco Brut 750ml,Sparkling,"New France Wine Co, Inc",6,0.0,,10.88,19.99,16.96,46,,0,0,Minnetonka:6
Poggio Antico Rosso di Montalcino 750ml,Other Reds,Rue 38 LLC,0,0.0,,30.12,29.99,24.95,0,,0,0,
Poggio Antico Lemartine 750ml,Other Reds,Rue 38 LLC,16,0.0,,31.96,53.99,34.95,41,,0,0,Rosemount:7;Blaine:9
Poema Brut Rose 750ml,Sparkling,"Breakthru Beverage Minnesota Wine & Spirits, LLC",15,0.0,,10.76,14.49,12.41,26,,0,0,Chanhassen:15
Poema Brut Cava 750ml,Sparkling,"Breakthru Beverage Minnesota Wine & Spirits, LLC",8,0.0,,10.76,18.99,15.96,43,,0,0,Stillwater:8
Poderi La Collina Dolcetto,Other Reds,,0,0.0,,7.97,17.99,,56,,0,0,
Plungerhead Lodi Unoaked Chardonnay 750ml,Chardonnay,"Grape Beginnings, Inc.",1,0.0,,9.0,16.99,,47,,0,0,Rosemount:1
Ployez Jacquemart Champagne Rose 750ml,Sparkling,"New France Wine Co, Inc",0,0.0,,48.54,71.99,59.95,33,,0,0,
Plan Pegau,Other Reds,"Bourget Imports, LLC",2,0.0,,15.67,29.99,,48,,0,0,Woodbury:2
Pintupi 9 The Red Blend 750ml,Red Blends,,0,0.0,,10.0,15.99,,37,,0,0,
Pine Ridge Napa Cabernet 750ml,Cabernet,Oxford Street Merchants,2,0.0,64.3,33.52,84.99,59.96,61,,0,1,Ramsey:2
CH Pedesclaux Pauillac 2019 750ml,Red Blends,Bellboy Corporation,7,0.0,,2.31,54.99,24.95,96,,0,0,Andover:1;Minnetonka:6
CH Lagrange St Julien '18 750ml,Red Blends,Bellboy Corporation,4,0.0,,2.14,65.99,39.95,97,,0,0,Plymouth:4
CH Lafaurie Peyraguet Sauterne '18 375ml,Red Blends,Bellboy Corporation,42,0.0,,0.98,44.99,24.95,98,,0,0,Blaine:4;Cottage Grove:8;Minnetonka:11;Andover:19
Prima Pave Rose Brut N/A 750ml,Sparkling,The Wine Company,4,0.0,,17.46,31.99,23.45,45,,0,0,St. Louis Park:4
Prima Pave Rose Brut N/A 200ml,Sparkling,The Wine Company,18,0.0,,7.4,13.79,11.96,46,,0,0,Blaine:18
Kopke Tawny Port 750ml,Fortified,Oxford Street Merchants,0,0.0,,12.09,19.99,,40,,0,0,
Kopke 10yr Tawny Port 750ml,Fortified,,0,0.0,,23.06,38.99,29.95,41,,0,0,
Konteki Pearls Of Simplicity Junmai Daiginjo 300ml,Fortified,"Maverick Beverage Co., LLC - MN",8,0.0,257.1,14.79,26.99,22.96,45,,0,1,Minnetonka:4;St. Louis Park:4
Koehler Ruprecht Pinot Blanc 750ml,Other Whites,"New France Wine Co, Inc",1,0.0,32.1,12.34,15.99,13.86,23,,0,1,Chanhassen:1
Kobal Wines  Bajta Haloze Belo,Other Whites,"New France Wine Co, Inc",8,0.0,,15.0,24.99,,40,,0,0,Minneapolis:4;Minnetonka:4
Kobal Roots Sauvignon Blanc 750ml,Sauvignon Blanc,"New France Wine Co, Inc",7,0.0,225.0,14.88,27.99,23.96,47,,0,1,St. Louis Park:7
Kobal Bajta Pet Nat Rose 750ml,Sparkling,"New France Wine Co, Inc",0,0.0,,17.54,31.99,26.96,45,,0,0,
Knudsen Throughline Pinot Noir 750ml,Pinot Noir,Libation Project,2,0.0,,50.33,65.99,54.95,24,,0,0,Roseville:2
Prat & Symington Post Scriptum,Other Reds,,0,0.0,,18.14,23.99,19.95,24,,0,0,
Pozzan Zinfandel 750ml,Zinfandel,"Bourget Imports, LLC",7,0.0,,12.66,20.99,,40,,0,0,Stillwater:7
Portuga Vinho Tinto,Other Reds,"New France Wine Co, Inc",0,0.0,,6.21,11.49,9.96,46,,0,0,
Cahors Le Gouleyant Malbec,Other Reds,"New France Wine Co, Inc",5,0.0,,10.88,10.99,9.86,1,,0,0,Minnetonka:5
Cabriz Colheita Selecionada,Red Blends,Bellboy Corporation,1,0.0,,7.42,12.49,10.96,41,,0,0,Stillwater:1
CYT Marques de Casa Cab Sauv 750ml,Cabernet,,0,0.0,0.0,7.62,23.99,,68,,0,1,
Klinker Brick 1850 Red Blend 750ml,Red Blends,"Maverick Beverage Co., LLC - MN",4,0.0,128.6,16.58,29.99,24.96,45,,0,1,Blaine:4
Kita Wines T'AYA White 750ml,White Blends,"Bourget Imports, LLC",1,0.0,,16.33,20.99,17.95,22,,0,0,Woodbury:1
Kirinzan Classic Sake 180ml bottle/ D,Accessories,,0,0.0,,5.42,9.99,,46,,0,0,
Kiona Lemberger Red 750ml,Other Reds,The Wine Company,10,0.0,321.4,11.46,19.99,16.96,43,,0,1,Woodbury:4;Vadnais Heights:6
Kinsen Plum Wine 750ml,Fortified,Johnson Brothers - St. Paul,0,0.0,,6.34,8.99,,29,,0,0,
Clos Saron Home Vineyard 750ml,Pinot Noir,,0,0.0,,40.0,59.99,,33,,0,0,
Clos LaChance Merlot,Merlot,,7,0.0,225.0,,18.99,,,,0,1,Stillwater:7
Clos Figueras Serras del Priorat Tinto 750ml,Other Reds,"Bourget Imports, LLC",0,0.0,,26.96,41.99,34.96,36,,0,0,
Clos Du Val Napa Cabernet 750ml,Cabernet,Small Lot MN,0,0.0,,41.86,79.99,59.96,48,,0,0,
Clos Du Bois Sauv Blanc 750ml,Sauvignon Blanc,Johnson Brothers - St. Paul,2,0.0,64.3,6.76,12.99,10.96,48,,0,1,Osseo:2
CYT Casillero Carmenere 750ml,Other Reds,"Breakthru Beverage Minnesota Wine & Spirits, LLC",0,0.0,,6.76,8.99,7.96,25,,0,0,
CH Roc de Segur '19 750ml,Red Blends,Bellboy Corporation,0,0.0,,5.66,19.99,,72,,0,0,
CH Poesia St Emilion '18 750ml,Red Blends,Bellboy Corporation,0,0.0,,2.14,69.99,24.95,97,,0,0,
Quilceda Creek Cabernet 2015 750ml,Cabernet,Oxford Street Merchants,1,0.0,,133.33,176.99,146.95,25,,0,0,Blaine:1
Quilceda Creek Cabernet 2014 750ml,Cabernet,,3,0.0,,,184.99,153.95,,,0,0,Blaine:3
Quilceda Creek Cabernet 2013 750ml,Cabernet,,0,0.0,,,158.99,131.95,,,0,0,
Quilceda Creek CVR Red 2017 750ml,Red Blends,Oxford Street Merchants,1,0.0,,,71.99,59.96,,,0,0,Blaine:1
Querciabella Mongrana,Other Reds,Oxford Street Merchants,0,0.0,,17.09,27.99,22.96,39,,0,0,
Quadrum White 3L Box,White Blends,The Wine Company,0,0.0,0.0,20.38,30.49,25.96,33,,0,1,
Quadrum Rose 3L Box,Rose,The Wine Company,5,0.0,160.7,20.38,30.49,25.96,33,,0,1,Stillwater:5
Quadrum Red 3L Box,Red Blends,The Wine Company,3,0.0,,20.38,30.49,25.96,33,,0,0,Minnetonka:3
Purple Heart Red Blend 750ml,Red Blends,Southern Glazer's Wine & Spirits of MN,0,0.0,,14.73,21.99,,33,,0,0,
Punto Final Cabernet Sauv 750ml,Cabernet,,0,0.0,,11.0,21.99,,50,,0,0,
Pullus Pinot Noir 750ml,Pinot Noir,"New France Wine Co, Inc",0,0.0,,12.21,20.99,17.96,42,,0,0,
Prophecy Sauvignon Blanc 750ml,Sauvignon Blanc,Johnson Brothers - St. Paul,11,0.0,,7.42,13.79,11.96,46,,0,0,Osseo:1;Ramsey:4;Minnetonka:6
Prophecy Buttery Chardonnay 750ml,Chardonnay,Johnson Brothers - St. Paul,8,0.0,,7.42,13.79,11.96,46,,0,0,Stillwater:8
Proper Maufoux Bourgogne Chardonnay 2020 (750 ml)/ D,Accessories,,3,0.0,,7.5,19.99,,62,,0,0,Stillwater:3
Prima Pave Rose Dolce N/A 750ml,Sparkling,The Wine Company,2,0.0,,17.46,33.99,28.96,49,,0,0,Blaine:2
Prima Pave Rose Dolce N/A 200ml,Sparkling,The Wine Company,20,0.0,642.9,7.4,12.64,10.96,41,,0,1,St. Louis Park:7;Blaine:13
Bush Camp Our Daily Red 750ml,Red Blends,,0,0.0,,6.16,10.99,,44,,0,0,
Buehler Chardonnay 750ml,Chardonnay,Oxford Street Merchants,0,0.0,,14.09,25.99,21.96,46,,0,0,
Buehler Cab Sauv 750ml,Cabernet,Oxford Street Merchants,11,0.0,353.6,25.09,42.99,35.96,42,,0,1,Minnetonka:11
Quinta Da Romaneira Vintage 07 750ml,Fortified,,4,0.0,128.6,36.67,47.99,39.95,24,,0,1,Chanhassen:4
Clos De Los Siete Red Blend 750ml,Red Blends,Johnson Brothers - St. Paul,0,0.0,,13.83,21.99,,37,,0,0,
Clos  de Luz 1945 Massal Carmenere 750ml,Other Reds,"Bourget Imports, LLC",0,0.0,,18.0,33.49,27.96,46,,0,0,
Clos  LaChance Red Blend,Red Blends,,2,0.0,,13.99,18.99,,26,,0,0,Stillwater:2
Kim Crawford Rose 2 pk 250ml,Rose,Southern Glazer's Wine & Spirits of MN,5,0.0,,7.57,9.99,8.86,24,,0,0,Osseo:5
Kim Crawford Prosecco Extra Dry 750ml,Sparkling,Southern Glazer's Wine & Spirits of MN,11,0.0,,10.77,14.99,12.96,28,,0,0,Chanhassen:11
Keush Vayots Dzor Origins Brut 750ml,Sparkling,"New France Wine Co, Inc",8,0.0,,18.21,30.99,27.96,41,,0,0,Minnetonka:2;St. Louis Park:6
Kenwood Sonoma Sauv Blanc 750ml,Sauvignon Blanc,Southern Glazer's Wine & Spirits of MN,12,0.0,,8.73,14.99,12.96,42,,0,0,Blaine:12
Keenan Spring Mt District Chardonnay 750ml,Chardonnay,"New France Wine Co, Inc",11,0.0,,33.54,32.99,27.86,-2,,0,0,Minnetonka:11
Keenan Napa Valley Merlot 750ml,Merlot,"New France Wine Co, Inc",3,0.0,,42.88,71.99,59.96,40,,0,0,Woodbury:3
Kathryn Hall Napa Cabernet 750ml,Cabernet,Southern Glazer's Wine & Spirits of MN,0,0.0,,158.13,172.99,143.95,9,,0,0,
Quilceda Creek Cabernet 2017 750ml,Cabernet,Oxford Street Merchants,5,0.0,,133.33,179.99,149.96,26,,0,0,Blaine:5
Quilceda Creek Cabernet 2016 750ml,Cabernet,Oxford Street Merchants,0,0.0,,133.33,176.99,146.95,25,,0,0,
Ravenswood Zen of Zin 750ml,Zinfandel,Johnson Brothers - St. Paul,4,0.0,,7.34,13.99,,48,,0,0,Ramsey:4
Ramos Pinto Tawny 750ml,Fortified,Oxford Street Merchants,6,0.0,,14.18,25.99,21.96,45,,0,0,Vadnais Heights:1;Minnetonka:5
Ramos Pinto Ruby 750ml,Fortified,Oxford Street Merchants,3,0.0,96.4,13.18,23.99,19.96,45,,0,1,Osseo:3
Ramey Hyde Chard 750ml,Chardonnay,Oxford Street Merchants,0,0.0,,5.0,65.99,54.96,92,,0,0,
Radio Boca Tempranillo,Other Reds,Phillips Wine & Spirits - St. Paul,0,0.0,,6.97,11.99,,42,,0,0,
Quivira Dry Creek Zinfandel 750ml,Zinfandel,"Bourget Imports, LLC",0,0.0,,20.15,32.99,27.96,39,,0,0,
Quinta Seara d'Ordens Tawny 750ml,Fortified,,1,0.0,,9.03,16.99,,47,,0,0,Ramsey:1
CH La Vieille Cure Fronsac '18 750ml,Red Blends,Bellboy Corporation,0,0.0,0.0,2.14,38.99,32.95,95,,0,1,
CH La Rose Perriere Lussac '18 750ml,Red Blends,Bellboy Corporation,4,0.0,128.6,4.29,34.49,28.95,88,,0,1,Plymouth:4
CH Haut Bages Liberal Pauillac 2019 750ml,Red Blends,Bellboy Corporation,5,0.0,160.7,2.8,33.49,27.95,92,,0,1,Blaine:5
CH Haut Bages Liberal Pauillac 2018 750ml,Red Blends,Bellboy Corporation,0,0.0,,2.14,52.99,43.95,96,,0,0,
CH Gruaud Larose St Julien '18 750ml,Red Blends,Bellboy Corporation,5,0.0,,4.29,107.99,74.95,96,,0,0,Blaine:2;St. Louis Park:3
CH Giscours Margaux '18 750ml,Red Blends,Bellboy Corporation,9,0.0,289.3,2.14,118.99,74.95,98,,0,1,Plymouth:9
CH  de Braude Haut Medoc '18 750ml,Red Blends,Bellboy Corporation,0,0.0,,1.96,23.99,19.96,92,,0,0,
Bussola TB Ripasso Valpolicella Superior,Other Reds,"New France Wine Co, Inc",3,0.0,,41.54,76.99,63.96,46,,0,0,Andover:1;Cottage Grove:2
Bussola Amarone Classico 750ml,Other Reds,"New France Wine Co, Inc",2,0.0,,64.88,93.99,77.96,31,,0,0,Minnetonka:2
Liberty Creek Moscato 1.5L,Moscato,Johnson Brothers - St. Paul,2,0.0,,8.18,11.99,,32,,0,0,Chanhassen:2
Liberty Creek Chardonnay 1.5L,Chardonnay,Johnson Brothers - St. Paul,0,0.0,,8.18,11.99,,32,,0,0,
Liberty Creek Chard Tetrapack 500ml,Chardonnay,Johnson Brothers - St. Paul,0,0.0,,2.76,3.99,,31,,0,0,
Lewis Cellars Napa Cabernet Sauvignon 750ml,Cabernet,"Grape Beginnings, Inc.",7,0.0,,89.25,119.99,99.96,26,,0,0,Minnetonka:7
Lewis Cellars Mason's Cab750ml,Cabernet,"Grape Beginnings, Inc.",3,0.0,96.4,49.83,77.99,64.96,36,,0,1,Minnetonka:3
Lewis Cellars Alec's Blend 2019 750ml,Red Blends,"Grape Beginnings, Inc.",28,0.0,900.0,42.95,77.99,64.96,45,,0,1,Roseville:5;Blaine:23
Lewis Cellars Alec's Blend 2018 750ml,Red Blends,"Grape Beginnings, Inc.",0,0.0,,46.67,74.99,,38,,0,0,
Merry Edwards RR Pinot Noir 750ml,Pinot Noir,Oxford Street Merchants,12,0.0,,50.34,87.99,72.96,43,,0,0,Andover:4;St. Louis Park:8
Mer Soleil Pinot Noir Santa Lucia 750ml,Pinot Noir,Oxford Street Merchants,0,0.0,0.0,18.75,31.99,,41,,0,1,
Menage a Trois Limelight Pinot Grigio 750ml,Pinot Grigio/Gris,Phillips Wine & Spirits - St. Paul,2,0.0,,5.92,10.99,8.96,46,5 MAT Red on 25,0,0,Plymouth:2
Menage A Trois Pinot Grigio 750ml,Pinot Grigio/Gris,Phillips Wine & Spirits - St. Paul,0,0.0,,5.92,10.99,8.96,46,5 MAT Red on 25,0,0,
Chanson Beaune 1er Cru Clos de Feves 750ml,Pinot Noir,The Wine Company,3,0.0,96.4,93.58,136.99,,32,,0,1,Roseville:3
Chankaska Petite COLLINE 750ml,White Blends,"Vinocopia, Inc",0,0.0,,9.46,23.99,14.96,61,,0,0,
Chankaska Marquette,Other Reds,,0,0.0,,12.17,21.99,,45,,0,0,
Chandon Sweet Star 750ml,Sparkling,Oxford Street Merchants,0,0.0,,12.48,32.99,,62,,0,0,
Coastal Vines White Zinfandel 750ml,Other Whites,Paustis Wine,0,0.0,,4.75,5.99,,21,,0,0,
Bryn Mawr Estate Chardonnay 750ml,Chardonnay,Rue 38 LLC,1,0.0,,22.12,35.49,27.45,38,,0,0,Chanhassen:1
Bruno Paillard Rose Premier Cuvee Champagne NV 750ml,Sparkling,Rue 38 LLC,10,0.0,,67.0,100.99,83.96,34,,0,0,Minnetonka:5;St. Louis Park:5
Bruno Paillard Premier Cuvee Extra Brut Champagne NV 750ml,Sparkling,Rue 38 LLC,5,0.0,,54.33,81.99,67.96,34,,0,0,Minnetonka:2;St. Louis Park:3
Brokenwood Semillon 750ml,Sauvignon Blanc,Small Lot MN,6,0.0,,14.12,21.49,17.95,34,,0,0,Vadnais Heights:6
Breton Vouvray Brut �La Dilettante� NV 750ml,Sparkling,"New France Wine Co, Inc",7,0.0,,23.54,20.99,17.95,-12,,0,0,Plymouth:7
Red Tree Pinot Noir 750ml,Pinot Noir,"Breakthru Beverage Minnesota Wine & Spirits, LLC",2,0.0,,6.76,12.49,10.96,46,,0,0,Osseo:2
Red Diamond Pinot Noir 750ml,Pinot Noir,Southern Glazer's Wine & Spirits of MN,12,0.0,,7.4,10.99,,33,,0,0,Osseo:12
Raza Rose 750ml,Rose,The Wine Company,0,0.0,,7.46,11.49,9.96,35,,0,0,
Kanbara Bride of the Fox 300ml,Fortified,"New France Wine Co, Inc",8,0.0,257.1,12.57,25.99,21.96,52,,0,1,Rosemount:3;Minneapolis:5
Kaapzicht Kaleidoscope Red 750ml,Red Blends,,0,0.0,,6.67,12.99,,49,,0,0,
K Vintners River Rock Syrah 750ml,Syrah/Shiraz,Oxford Street Merchants,0,0.0,,40.58,53.99,44.95,25,,0,0,
Juvé & Camps Brut Gran Reserva 1.5L,Sparkling,The Wine Company,2,0.0,,29.58,52.99,43.96,44,,0,0,Roseville:2
Juve & Camps Brut Rose 750ml,Sparkling,The Wine Company,0,0.0,,14.12,22.99,,39,,0,0,
Coeur de Terre Heritage Pinot Noir 750ml,Pinot Noir,Phillips Wine & Spirits - St. Paul,9,0.0,,20.76,35.49,29.96,42,,0,0,St. Louis Park:9
Coeur de Terre Estate Syrah 750ml,Syrah/Shiraz,Phillips Wine & Spirits - St. Paul,6,0.0,,,34.99,29.86,,,0,0,Andover:6
Coeur De Terre Renelle's Block Reserve Pinot Noir 750ml,Pinot Noir,Phillips Wine & Spirits - St. Paul,7,0.0,,41.76,65.99,54.96,37,,0,0,Minnetonka:7
Coastal Vines White Zinfandel 1.5L,Other Whites,"Breakthru Beverage Minnesota Wine & Spirits, LLC",0,0.0,,6.5,11.99,,46,,0,0,
Cloudline Pinot Noir 750ml,Pinot Noir,The Wine Company,0,0.0,,14.67,24.99,20.95,41,,0,0,
Clos des Papes CDP CLOS '12,Red Blends,,1,0.0,,94.34,149.99,,37,,0,0,Chanhassen:1
Clos de Roilette Fleurie 750ml,Other Reds,"New France Wine Co, Inc",0,0.0,,18.21,26.49,22.45,31,,0,0,
Juan Gil Blue Label Red Wine,Other Reds,Oxford Street Merchants,0,0.0,,22.97,37.99,31.96,40,,0,0,
Columbia Crest Grd Merlot 750ml,Merlot,Southern Glazer's Wine & Spirits of MN,2,0.0,,8.07,12.49,10.96,35,,0,0,Osseo:2
Colognole Chianti Rufina,Other Reds,"Bourget Imports, LLC",7,0.0,,12.78,24.99,,49,,0,0,Vadnais Heights:7
Colli di Lapio Greco di Tufo DOCG 750ml,Other Whites,"Maverick Beverage Co., LLC - MN",45,0.0,1446.4,6.0,26.99,19.96,78,,0,1,St. Louis Park:45
Collestefano Verdicchio di Matelica 750ml,Other Whites,Libation Project,2,0.0,,12.0,13.99,12.86,14,,0,0,Minnetonka:2
Cogno Barolo Bricco Pernice,Other Reds,"Breakthru Beverage Minnesota Wine & Spirits, LLC",0,0.0,0.0,63.78,124.99,,49,,0,1,
Reyneke Vinehugger White 750ml,Other Whites,The Wine Company,0,0.0,,11.46,19.99,,43,,0,0,
Revelshine Rose 500ml,Rose,Oxford Street Merchants,22,0.0,707.1,7.11,10.24,8.91,31,,0,1,St. Louis Park:8;Chanhassen:14
Revelshine Red 500ml,Red Blends,Oxford Street Merchants,21,0.0,675.0,7.11,11.49,9.96,38,,0,1,St. Louis Park:9;Chanhassen:12
Requiem Cabernet Sauvignon 750ml,Cabernet,Libation Project,0,0.0,,16.17,29.99,24.96,46,,0,0,
Bryn Mawr WV Pinot Noir 750ml,Pinot Noir,Rue 38 LLC,0,0.0,,14.12,29.99,24.96,53,,0,0,
Bryn Mawr Estate Pinot Noir 750ml,Pinot Noir,Rue 38 LLC,0,0.0,,22.12,47.99,39.96,54,,0,0,
Conde de Herv�as Trinidad Rioja 750ml,Other Reds,"New France Wine Co, Inc",3,0.0,96.4,23.75,42.99,23.95,45,,0,1,Minnetonka:3
Concannon Petite Sirah 750ml,Other Reds,Phillips Wine & Spirits - St. Paul,0,0.0,,9.39,14.99,,37,,0,0,
Columbia Crest H3 Sauv Blanc 750ml,Sauvignon Blanc,Southern Glazer's Wine & Spirits of MN,1,0.0,,8.73,13.79,11.96,37,,0,0,Chanhassen:1
Joseph Drouhin Macon-Villages,Chardonnay,The Wine Company,2,0.0,,15.58,23.49,19.95,34,,0,0,Minneapolis:2
Jos? Zuccardi Malbec Valle de Uco 750ml,Malbec,"Bourget Imports, LLC",2,0.0,,,54.99,,,,0,0,Minnetonka:2
Copper Ridge Wt. Zin 750ml,Other Whites,Johnson Brothers - St. Paul,0,0.0,,4.58,6.99,,34,,0,0,
Copain Tous Chardonnay 750ml,Chardonnay,,0,0.0,,16.99,26.99,9.97,37,,0,0,
Bouchard Cabernet Sauvignon Lot 121 750ml,Cabernet,"Maverick Beverage Co., LLC - MN",22,0.0,707.1,13.55,26.99,17.95,50,,0,1,Minnetonka:3;Ramsey:5;Osseo:14
Bottex Vin du Bugey-Cerdon 750ml,Sparkling,"New France Wine Co, Inc",7,0.0,225.0,19.54,33.99,19.95,43,,0,1,Minnetonka:7
Bota Box Shiraz 3L Box,Syrah/Shiraz,Southern Glazer's Wine & Spirits of MN,1,0.0,,14.51,24.99,,42,,0,0,Osseo:1
Bota Box Rose 500ml,Rose,Phillips Wine & Spirits - St. Paul,0,0.0,,2.76,5.49,4.96,50,,0,0,
Ridge Three Valleys Red 750ml,Red Blends,The Wine Company,2,0.0,,26.12,30.49,25.95,14,,0,0,Minnetonka:2
Ridge Lytton Springs 750ml,Red Blends,The Wine Company,3,0.0,,39.46,43.99,36.86,10,,0,0,Vadnais Heights:3
Ridge Geyserville 750ml,Red Blends,The Wine Company,3,0.0,,39.46,59.99,34.95,34,,0,0,Vadnais Heights:3
Brancaia Tre Rosso 750ml,Other Reds,Oxford Street Merchants,3,0.0,96.4,12.75,23.99,19.96,47,,0,1,Stillwater:3
Bouchard Savigny-Les-Beaune,Pinot Noir,The Wine Company,5,0.0,,28.26,36.99,30.86,24,,0,0,Woodbury:5
Robert Craig Howell Mt Cabernet 750ml,Cabernet,"Grape Beginnings, Inc.",1,0.0,,80.58,106.99,88.95,25,,0,0,Woodbury:1
Robert Craig Black Sears Howel Mt Zinfan 750ml,Zinfandel,"Grape Beginnings, Inc.",1,0.0,,39.54,61.99,51.45,36,,0,0,St. Louis Park:1
Jordan Chardonnay 750ml,Chardonnay,Southern Glazer's Wine & Spirits of MN,3,0.0,,26.67,47.99,39.96,44,,0,0,Vadnais Heights:3
Jordan Chardonnay 2018 750ml,Chardonnay,Southern Glazer's Wine & Spirits of MN,8,0.0,,26.73,26.99,22.86,1,,0,0,Ramsey:8
Jonata Todos Red Blend 750ml,Red Blends,"New France Wine Co, Inc",8,0.0,257.1,26.33,54.99,,52,,0,1,Plymouth:8
Jolie-Laide Trousseau Gris 2019 750ml,Other Whites,"Tradition Wine & Spirits, LLC",0,0.0,,20.0,34.99,,43,,0,0,
Jolie-Laide TPGV Blend 750ml,Other Reds,"Tradition Wine & Spirits, LLC",14,0.0,450.0,21.33,26.99,22.91,21,,0,1,Blaine:1;Andover:13
Jolie Laide Sonoma Gamay 2021 750ml,Other Reds,"Tradition Wine & Spirits, LLC",1,0.0,,25.0,44.99,,44,,0,0,Minnetonka:1
John Duval Entity Shiraz 750ml,Syrah/Shiraz,Small Lot MN,0,0.0,,30.25,47.99,,37,,0,0,
Risata Scarlet 750ml,Flavored,Oxford Street Merchants,0,0.0,,10.31,19.99,,48,,0,0,
Risata Peach 750ml,Flavored,Oxford Street Merchants,0,0.0,0.0,4.28,10.99,4.95,61,,0,1,
Bota Box Moscato 3L Box,Other Whites,Southern Glazer's Wine & Spirits of MN,0,0.0,0.0,14.0,24.99,,44,,0,1,
Bouchard Pere & Fils Chambolle,Pinot Noir,The Wine Company,3,0.0,,47.5,61.99,51.86,23,,0,0,Woodbury:3
Bouchard P&F Monthelie,Pinot Noir,The Wine Company,0,0.0,,32.0,48.99,34.95,35,,0,0,
Contesa Montepulciano d'Abruzzo 750ml,Other Reds,,0,0.0,,12.02,21.99,,45,,0,0,
Conterno Nervi Gattinara 2015,Other Reds,"New France Wine Co, Inc",5,0.0,,32.0,49.99,,36,,0,0,Vadnais Heights:1;Blaine:4
Crafters Union Pinot Grigio 375ml,Pinot Grigio/Gris,Southern Glazer's Wine & Spirits of MN,0,0.0,,3.67,6.99,,47,,0,0,
Crafters Union Brut 375ml,Sparkling,Southern Glazer's Wine & Spirits of MN,1,0.0,32.1,3.67,6.99,,47,,0,1,Ramsey:1
Costes de Ferete Lambert Bordeaux Superi,Red Blends,Bellboy Corporation,1,0.0,,7.04,17.99,,61,,0,0,Osseo:1
Corison Napa Cabernet Sauvignon 750ml,Cabernet,"Tradition Wine & Spirits, LLC",1,0.0,,91.0,53.99,44.95,-69,,0,0,Minnetonka:1
Cora Cerasuolo d'Abruzzo Rose 750ml,Rose,"New France Wine Co, Inc",5,0.0,160.7,9.54,17.49,14.96,45,,0,1,Minnetonka:5
Coppola Directors Cut Zin 750ml,Zinfandel,Southern Glazer's Wine & Spirits of MN,0,0.0,,16.75,22.99,,27,,0,0,
Coppola Diamond Collection Low-Cal Pinot Grigio 750ml,Pinot Grigio/Gris,Johnson Brothers - St. Paul,0,0.0,,5.38,11.99,9.96,55,,0,0,
Cruisin Red Wine Round Lake / D,,,0,0.0,,14.25,21.36,,33,,0,0,
Cruess Bennet Valley Roussane 750ml,Other Whites,,8,0.0,,16.67,29.99,,44,,0,0,Vadnais Heights:8
Croix Estate Narrow Gauge PN 750ml,Pinot Noir,"Maverick Beverage Co., LLC - MN",2,0.0,,47.0,74.99,25.98,37,,0,0,Andover:2
Rodica Malvazija Col Fondo 750ml,Sparkling,"New France Wine Co, Inc",4,0.0,128.6,17.88,19.99,16.95,11,,0,1,Plymouth:4
Rocca delle Macie Rubizzo 750ml,Other Reds,,0,0.0,,7.57,13.99,,46,,0,0,
Robert Mondavi PVT Sel Barrel Merlot 750ml,Merlot,Southern Glazer's Wine & Spirits of MN,1,0.0,32.1,8.73,14.99,12.96,42,,0,1,Blaine:1
Robert Mondavi Oakville Cab 750ml,Cabernet,Southern Glazer's Wine & Spirits of MN,1,0.0,32.1,63.46,89.99,64.95,29,,0,1,Chanhassen:1
Robert Mondavi Maestro 750ml,Red Blends,Southern Glazer's Wine & Spirits of MN,1,0.0,,34.47,45.99,37.95,25,,0,0,Plymouth:1
Robert Craig Spring Mt Cabernet 750ml,Cabernet,"Grape Beginnings, Inc.",5,0.0,,69.77,94.49,78.45,26,,0,0,Plymouth:2;Minnetonka:3
Root 1 Sauvignon Blanc 750ml,Sauvignon Blanc,"Grape Beginnings, Inc.",0,0.0,,8.25,14.99,12.96,45,,0,0,
Root 1 Heritage Red 750ml,Red Blends,"Grape Beginnings, Inc.",7,0.0,225.0,8.25,11.99,10.41,31,,0,1,Ramsey:2;Stillwater:5
Ronco del Gnemiz Chardonnay  750ml,Chardonnay,Libation Project,0,0.0,,37.67,59.99,,37,,0,0,
Boston Bual Madeira 750ml,Fortified,"New France Wine Co, Inc",4,0.0,,38.67,47.99,42.95,19,,0,0,Minnetonka:4
Borghi Ad Est Friuli Pinot Grigio 750ml,Pinot Grigio/Gris,The Wine Company,0,0.0,,10.12,16.99,,40,,0,0,
Bordiga Extra Dry Vermouth 375ml,Box Wines,The Wine Company,2,0.0,64.3,21.25,18.99,16.86,-12,,0,1,Vadnais Heights:2
Bordelet Sidre Brut Tendre 750ml,Box Wines,"New France Wine Co, Inc",3,0.0,,12.21,21.99,17.96,44,,0,0,St. Louis Park:3
Boones Farm Strawberry Hill,Flavored,Johnson Brothers - St. Paul,0,0.0,0.0,4.09,5.99,,32,,0,1,
Boomtown Sauvignon Blanc 750ml,Sauvignon Blanc,"Maverick Beverage Co., LLC - MN",10,0.0,,9.22,17.99,14.96,49,,0,0,St. Louis Park:10
Bookwalter Protagonist Cabernet 750ml,Cabernet,Bellboy Corporation,0,0.0,,33.5,43.99,36.95,24,,0,0,
Bookwalter Conflict Red 750ml,Red Blends,Bellboy Corporation,0,0.0,,33.5,59.99,49.96,44,,0,0,
Roederer Estate Ermitage Brut 750ml,Sparkling,Oxford Street Merchants,4,0.0,,59.68,87.99,74.96,32,,0,0,Minnetonka:4
Rodney Strong Sonoma Chardonnay 750ml,Chardonnay,Southern Glazer's Wine & Spirits of MN,9,0.0,289.3,10.73,18.99,15.96,43,,0,1,Stillwater:9
Rodney Strong Charlottes Sauv Blanc 750ml,Sauvignon Blanc,Southern Glazer's Wine & Spirits of MN,7,0.0,225.0,10.73,18.99,15.96,43,,0,1,Stillwater:3;Osseo:4
Rodica Refosk,Other Reds,"New France Wine Co, Inc",4,0.0,,14.21,26.99,22.96,47,,0,0,Woodbury:4
Jean Teillier Menetou-Salon,Sauvignon Blanc,"Bourget Imports, LLC",9,0.0,,16.15,29.99,24.96,46,,0,0,Woodbury:3;St. Louis Park:6
Januik Cab Franc 750ml,Cabernet,"Grape Beginnings, Inc.",11,0.0,,28.67,47.99,37.45,40,,0,0,Minnetonka:3;St. Louis Park:8
Januick Chardonnay 750ml,Chardonnay,"Grape Beginnings, Inc.",10,0.0,,24.75,41.99,34.96,41,,0,0,Minnetonka:10
Bonhomme Telquel,Red Blends,"New France Wine Co, Inc",5,0.0,160.7,17.54,28.99,24.96,39,,0,1,Minnetonka:5
Boneshaker Zinfandel/ D,Accessories,,0,0.0,0.0,11.42,16.99,,33,,0,1,
Bollinger Special Cuvee Brut 750ml,Sparkling,The Wine Company,0,0.0,,59.25,65.99,54.95,10,,0,0,
Runquist 1448 750ml,Red Blends,"New France Wine Co, Inc",2,0.0,,12.21,19.99,,39,,0,0,Blaine:1;Chanhassen:1
Ruffino Lumina Pinot Grigio 750ml,Pinot Grigio/Gris,Southern Glazer's Wine & Spirits of MN,0,0.0,,8.07,13.79,11.96,41,,0,0,
Ruby Red Sparkling Grapefruit 750ml,Sparkling,,0,0.0,,9.33,14.99,,38,,0,0,
Ruby Red Rose Grapefruit,Rose,,0,0.0,,7.46,10.99,,32,,0,0,
Routestock Chardonnay 750ml,Chardonnay,"Breakthru Beverage Minnesota Wine & Spirits, LLC",46,0.0,1478.6,13.43,23.99,19.96,44,,0,1,Minnetonka:7;Blaine:9;St. Louis Park:9;Roseville:10;Chanhassen:11
Round Pond Kith & Kin 750ml,Cabernet,Oxford Street Merchants,3,0.0,,26.09,47.99,39.96,46,,0,0,Minnetonka:3
Round Lake Cruisin White Blend,Other Whites,,1,0.0,,12.0,17.99,,33,,0,0,Stillwater:1
Roserock Zephirine PN 750ml,Pinot Noir,The Wine Company,0,0.0,,50.25,69.99,22.48,28,,0,0,
Rosenblum Zin Cuv?e MM 750ml,Zinfandel,,3,0.0,,7.91,9.99,8.86,21,,0,0,Ramsey:3
Rosemount Pinot Noir 750ml,Pinot Noir,Johnson Brothers - St. Paul,1,0.0,,4.75,9.99,,52,,0,0,Ramsey:1
Rosatello Rosso 750ml,Flavored,Southern Glazer's Wine & Spirits of MN,20,0.0,,6.67,7.99,6.86,17,,0,0,Rosemount:20
J Vineyards RR Valley Chardonnay 750ml,Chardonnay,Johnson Brothers - St. Paul,4,0.0,128.6,25.43,29.99,24.95,15,,0,1,Osseo:4
Sanctum Lisica Pinot Noir 750ml,Pinot Noir,"New France Wine Co, Inc",1,0.0,,16.88,31.99,26.96,47,,0,0,Minnetonka:1
Saladini Pilastri Rosso Piceno,Other Reds,The Wine Company,0,0.0,,8.79,14.99,12.96,41,,0,0,
Saint Clair Sauvignon Blanc 750ml,Sauvignon Blanc,Oxford Street Merchants,2,0.0,,14.41,25.99,21.96,45,,0,0,Stillwater:2
SMSF BulletProof Picasso Sauv 750ml,Sauvignon Blanc,Johnson Brothers - St. Paul,4,0.0,128.6,5.09,10.99,,54,,0,1,Ramsey:4
Rutherford RR Napa Cab 2012 750ml,Cabernet,,0,0.0,,65.0,99.99,,35,,0,0,
Ruth Boaz Zero Cuvee Carignan 750ml,Red Blends,,0,0.0,,21.05,39.99,22.95,47,,0,0,
Croix Estate 1904 Zinfandel 750ml,Zinfandel,"Maverick Beverage Co., LLC - MN",0,0.0,,38.0,49.99,41.95,24,,0,0,
Croft Vintage Port 07 750ml,Fortified,,0,0.0,,53.33,70.99,58.95,25,,0,0,
Cristom Mt. Jefferson Pinot Noir 750ml,Pinot Noir,"Grape Beginnings, Inc.",13,0.0,,36.0,58.99,49.96,39,,0,0,St. Louis Park:6;Minnetonka:7
Cristom Chardonnay 750ml,Chardonnay,"Grape Beginnings, Inc.",11,0.0,,32.0,40.99,34.86,22,,0,0,Minnetonka:11
Crane Lake Shiraz 750ml,Syrah/Shiraz,Paustis Wine,0,0.0,,4.75,7.99,6.96,41,,0,0,
Crane Lake Red Blend 750ml,Red Blends,Paustis Wine,0,0.0,,4.75,7.99,6.96,41,,0,0,
Jean Louis Ice Blanc de Blancs 750ml,Sparkling,"Vinocopia, Inc",7,0.0,225.0,3.96,14.99,,74,,0,1,Vadnais Heights:1;Ramsey:2;Minnetonka:4
Jaume Serra Cristalino 750ml,Sparkling,,4,0.0,,6.75,6.99,5.86,3,,0,0,Chanhassen:4
Jasci Pecorino Terre di Chieti 750ml,Other Whites,Libation Project,7,0.0,,11.5,11.99,10.86,4,,0,0,Minnetonka:7
Jaboulet Parallele 45 CDR Blanc,Other Whites,,0,0.0,,10.0,16.99,,41,,0,0,
Chandon Blanc De Noir 750ml,Sparkling,Oxford Street Merchants,0,0.0,,14.09,23.99,19.95,41,,0,0,
Champagne Monthuys Pere et Fils 750ml,Sparkling,"Bourget Imports, LLC",3,0.0,,29.62,46.99,39.96,37,,0,0,Minnetonka:3
Chamisal Pinot Noir 750ml,Pinot Noir,Oxford Street Merchants,1,0.0,32.1,14.58,19.99,16.95,27,,0,1,Chanhassen:1
Chalk Hill Sonoma Red 750ml,Red Blends,Southern Glazer's Wine & Spirits of MN,14,0.0,450.0,14.73,25.99,21.96,43,,0,1,Ramsey:6;Vadnais Heights:8
Meier's Sparkling Wild Berry N/A 750ml,Sparkling,"Breakthru Beverage Minnesota Wine & Spirits, LLC",0,0.0,,3.76,6.49,5.96,42,,0,0,
Meier's Sparkling Apple Juice 750ml,Sparkling,"Breakthru Beverage Minnesota Wine & Spirits, LLC",0,0.0,,3.76,6.49,5.96,42,,0,0,
Meier's Cold Duck N/A 750ml,Sparkling,"Breakthru Beverage Minnesota Wine & Spirits, LLC",0,0.0,,3.76,6.49,5.96,42,,0,0,
Meerlust Rubicon 750ml,Red Blends,Oxford Street Merchants,12,0.0,,29.09,36.99,30.86,21,,0,0,Minnetonka:12
Meeker Roller Coaster Red,Box Wines,,0,0.0,,7.73,11.99,,36,,0,0,
Lolli Sweet Twist 750ml,Flavored,Johnson Brothers - St. Paul,2,0.0,,8.09,14.99,12.96,46,,0,0,Andover:2
Locations F 750ml,Other Reds,,0,0.0,,11.17,19.99,,44,,0,0,
Locations CA White Blend 750ml,White Blends,,0,0.0,,10.0,19.99,,50,,0,0,
Locations CA Red Blend 750ml,Red Blends,Johnson Brothers - St. Paul,7,0.0,225.0,13.42,20.99,17.96,36,,0,1,Stillwater:1;Chanhassen:3;Rosemount:3
JJ Muller Riesling 750ml,Other Whites,Phillips Wine & Spirits - St. Paul,0,0.0,,6.48,10.99,,41,,0,0,
JCB 69 750ml,Sparkling,"Vinocopia, Inc",6,0.0,,22.12,36.99,18.95,40,,0,0,Andover:6
J Laurens Les Graimous Brut 750ml,Sparkling,"New France Wine Co, Inc",1,0.0,,14.88,15.99,13.95,7,,0,0,Vadnais Heights:1
"Ironside Reserve Chard, CA 750ml",Chardonnay,Bellboy Corporation,2,0.0,,10.27,24.99,,59,,0,0,Andover:1;Osseo:1
Ironside BB Red Blend 750ml,Red Blends,Bellboy Corporation,3,0.0,96.4,8.18,21.99,,63,,0,1,Vadnais Heights:3
Cupcake Malbec 750ml,Malbec,Southern Glazer's Wine & Spirits of MN,7,0.0,,5.55,11.99,,54,,0,0,Ramsey:7
Cupcake Lighthearted Rose,Rose,,3,0.0,,5.4,9.99,7.96,46,,0,0,Stillwater:3
Boen SLH Pinot Noir 750ml,Pinot Noir,Phillips Wine & Spirits - St. Paul,0,0.0,,19.41,34.99,,45,,0,0,
Boekenhoutskloof Semillon  750ml,Other Whites,The Wine Company,0,0.0,,33.33,43.99,36.95,24,,0,0,
Bodkin Sparkling Sauvignon Blanc 750ml,Sparkling,,0,0.0,,13.33,20.99,,36,,0,0,
Bodegas Valdespino Deliciosa Manzanilla 375ml,Fortified,"Bourget Imports, LLC",2,0.0,64.3,10.15,17.99,14.96,44,,0,1,Blaine:2
Bodegas Olivares Jumilla Rosado 750ml,Rose,"New France Wine Co, Inc",0,0.0,,8.88,13.99,,37,,0,0,
Bodegas Itxas Harri Roxa Rose 750ml,Rose,"New France Wine Co, Inc",1,0.0,,10.67,17.99,,41,,0,0,Minnetonka:1
Bodegas Breca Breca,Other Reds,The Wine Company,4,0.0,,11.55,20.99,17.96,45,,0,0,Cottage Grove:4
Blue Nun Riesling 750ml,Other Whites,Southern Glazer's Wine & Spirits of MN,0,0.0,,10.07,17.49,14.96,42,,0,0,
Blue Nun Qualitatswein 1.5L,Sparkling,Southern Glazer's Wine & Spirits of MN,2,0.0,,15.47,26.99,22.96,43,,0,0,Ramsey:2
Santa Tresa Rina Lanco Grillo Viognier 750ml,Other Whites,"Maverick Beverage Co., LLC - MN",10,0.0,321.4,13.46,23.99,19.96,44,,0,1,St. Louis Park:10
Santa Di Terrossa Pinot Grigio 750ml,Pinot Grigio/Gris,The Wine Company,0,0.0,,7.79,12.99,,40,,0,0,
Blackbird Arise 750ml,Red Blends,"Grape Beginnings, Inc.",14,0.0,450.0,34.0,46.99,38.95,28,,0,1,Blaine:1;Cottage Grove:3;Minnetonka:4;Andover:6
Black Stallion Napa Cab 750ml,Cabernet,Johnson Brothers - St. Paul,0,0.0,,21.16,36.99,30.96,43,,0,0,
Secco Bertani Verona Rosso,Other Reds,Southern Glazer's Wine & Spirits of MN,2,0.0,,13.14,19.99,,34,,0,0,Cottage Grove:2
Sebastien Riffault Quarterons Sancerre 750ml,Sauvignon Blanc,,0,0.0,,22.37,39.99,,44,,0,0,
Sebastiani Sauvignon Blanc 750ml,Sauvignon Blanc,Southern Glazer's Wine & Spirits of MN,0,0.0,,5.16,15.99,,68,,0,0,
SeaGlass Pinot Noir 750ml,Pinot Noir,Phillips Wine & Spirits - St. Paul,0,0.0,,8.55,14.99,12.96,43,4 PG or SB on 25,0,0,
Scribe Carneros Pinot Noir 750ml,Pinot Noir,Libation Project,3,0.0,,36.83,62.99,51.96,42,,0,0,Minnetonka:3
Schaller Chablis,Chardonnay,"Bourget Imports, LLC",1,0.0,,19.15,20.99,17.86,9,,0,0,Plymouth:1
Scarpetta Rosato 750ml,Rose,"Maverick Beverage Co., LLC - MN",0,0.0,,8.33,12.99,,36,,0,0,
Scarpetta Brut Ros� Timido  750ml,Sparkling,"Maverick Beverage Co., LLC - MN",13,0.0,,7.5,18.99,,61,,0,0,Plymouth:2;Stillwater:11
"Savigny ""Aux Clous"" Pinot Noir",Other Reds,"Bourget Imports, LLC",6,0.0,,30.6,39.99,33.86,23,,0,0,Woodbury:6
Saracco Moscato d' Asti 750ml,Sparkling,Paustis Wine,10,0.0,321.4,11.42,16.99,,33,,0,1,Vadnais Heights:3;Ramsey:7
Boen Tri Appelation Pinot Noir  1.5L,Pinot Noir,Phillips Wine & Spirits - St. Paul,0,0.0,,,35.99,,,,0,0,
J Moreau & Fils Chablis 750ml,Chardonnay,"Vinocopia, Inc",3,0.0,,20.73,32.74,27.45,37,,0,0,Minnetonka:3
J Lohr White Riesling 750ml,Other Whites,"Breakthru Beverage Minnesota Wine & Spirits, LLC",0,0.0,,8.76,14.99,12.96,42,,0,0,
J Lohr Sauv Blanc 750ml,Sauvignon Blanc,"Breakthru Beverage Minnesota Wine & Spirits, LLC",9,0.0,289.3,9.43,14.99,12.96,37,,0,1,Stillwater:9
Serafino Maglieri La Brusco  750ml,Sparkling,Small Lot MN,0,0.0,,11.46,16.99,,33,,0,0,
Serafino Black Label Shiraz 2016 750ml,Syrah/Shiraz,Small Lot MN,0,0.0,,16.79,29.99,,44,,0,0,
Selvapiana Chianti Rufina Res 750ml,Other Reds,The Wine Company,5,0.0,,29.58,37.99,31.86,22,,0,0,Minnetonka:5
Bleasdale Mulberry Tree Cabernet Sauv 750ml,Cabernet,Origin Wine & Spirits,7,0.0,,6.0,18.99,15.96,68,,0,0,Woodbury:1;Chanhassen:6
Bleasdale Broadside Red Blend 750ml,Red Blends,Origin Wine & Spirits,5,0.0,160.7,10.7,18.99,15.96,44,,0,1,Chanhassen:5
Intrinsic Red Blend 750ml,Red Blends,Southern Glazer's Wine & Spirits of MN,32,0.0,1028.6,13.4,23.99,19.96,44,,0,1,St. Louis Park:5;Andover:6;Minnetonka:8;Blaine:13
Inglenook Cabernet Sauvignon 750ml,Cabernet,The Wine Company,0,0.0,,67.92,82.99,68.95,18,,0,0,
Inches Cabernet Sauvignon 750ml,Cabernet,"Vinocopia, Inc",3,0.0,96.4,6.63,14.99,12.96,56,,0,1,Osseo:1;Minneapolis:2
Illahe Cap Fizz 750ml,Sparkling,"Tradition Wine & Spirits, LLC",9,0.0,289.3,17.17,17.49,14.95,2,,0,1,Minnetonka:1;Plymouth:8
Illahe Cap Fizz 187ml,Sparkling,"Tradition Wine & Spirits, LLC",8,0.0,,5.25,8.99,3.95,42,,0,0,Stillwater:3;Minnetonka:5
Cyrus Alexander Valley Red Blend 2015 750ml/ D,Box Wines,The Wine Company,1,0.0,,20.0,74.99,34.95,73,,0,0,Stillwater:1
Cuvee de mon Aieul Chateauneuf Du Pape,Red Blends,,1,0.0,32.1,74.83,109.99,,32,,0,1,Chanhassen:1
Cuvee Mousseux Blanc de Bleu 750ml,Sparkling,Southern Glazer's Wine & Spirits of MN,0,0.0,,11.7,22.99,,49,,0,0,
Cuvee Jean Paul Rose 750ml,Rose,The Wine Company,1,0.0,32.1,8.79,14.99,12.96,41,,0,1,St. Louis Park:1
Blandy's Sercial Madeira 5yr 750ml,Fortified,"Grape Beginnings, Inc.",12,0.0,385.7,19.5,29.99,24.95,35,,0,1,Minnetonka:4;Chanhassen:8
Blanchet Pouilly Fume Silice 750ml,Sauvignon Blanc,The Wine Company,2,0.0,,18.12,17.99,15.86,-1,,0,0,Plymouth:2
Billecart-Salmon Brut Rose 750ml,Sparkling,"New France Wine Co, Inc",8,0.0,257.1,88.54,118.99,99.96,26,,0,1,Blaine:1;Woodbury:3;St. Louis Park:4
Shafer TD-9 750ml,Red Blends,The Wine Company,6,0.0,,63.46,87.99,72.95,28,,0,0,St. Louis Park:2;Minnetonka:4
Shafer Relentless Syrah 2016 2018 750ml,Syrah/Shiraz,,5,0.0,,37.27,119.99,99.96,69,,0,0,Minnetonka:2;Andover:3
Shafer One Point Five 750ml,Cabernet,The Wine Company,2,0.0,,85.12,119.99,99.96,29,,0,0,Minnetonka:2
Shafer Hillside Select Cab 750ml,Cabernet,The Wine Company,0,0.0,,293.83,193.99,160.95,-51,,0,0,
Shafer Hillside Select Cab 2017 750ml,Cabernet,The Wine Company,0,0.0,,220.0,299.99,249.96,27,,0,0,
Black Box Sonoma Merlot 3L Box,Merlot,Oxford Street Merchants,5,0.0,160.7,,18.99,15.96,,,0,1,Chanhassen:5
Il Mostro Rosato 2020 750ml,Sparkling,Libation Project,12,0.0,,16.17,18.99,16.86,15,,0,0,Chanhassen:12
Il Mostro Bianco 2020 750ml,Sparkling,Libation Project,6,0.0,192.9,16.5,30.49,25.96,46,,0,1,Blaine:2;Andover:4
Il Fauno di Arcanum Toscana 750ml,Red Blends,Oxford Street Merchants,10,0.0,321.4,27.09,48.99,40.96,45,,0,1,Roseville:5;St. Louis Park:5
"Idlewild ""The Bird"" Red Blend 750ml",Other Reds,"Tradition Wine & Spirits, LLC",4,0.0,128.6,16.17,29.99,24.96,46,,0,1,Plymouth:4
I Clivi Friulano San Pietro 2023 750ml,Other Whites,Mezzogiorno Wines,11,0.0,,21.5,26.99,22.86,20,,0,0,Minnetonka:11
House Wine Rose Can 355ml,Rose,Southern Glazer's Wine & Spirits of MN,10,0.0,,3.57,6.49,5.96,45,,0,0,Cottage Grove:5;Osseo:5
Damilano Cannubi Barolo 750ml,Other Reds,"Grape Beginnings, Inc.",1,0.0,32.1,66.67,101.99,72.95,35,,0,1,Minnetonka:1
Black Box Sangria 500ml,Flavored,Johnson Brothers - St. Paul,0,0.0,,3.33,6.99,,52,,0,0,
Setzer 'Symphoniker' Roter Veltiner,Other Reds,The Wine Company,10,0.0,321.4,15.83,27.99,,43,,0,1,Vadnais Heights:10
Llenca Plana Montsant,Other Reds,"Grape Beginnings, Inc.",11,0.0,,12.0,21.99,,45,,0,0,Blaine:3;Plymouth:8
Livingston Merlot 1.5L,Merlot,Johnson Brothers - St. Paul,0,0.0,,8.85,14.99,12.96,41,,0,0,
Livingston Burgundy 1.5L,Red Blends,,3,0.0,,5.5,8.99,,39,,0,0,Chanhassen:3
Line 39 Red Blend/ D,Accessories,"Breakthru Beverage Minnesota Wine & Spirits, LLC",1,0.0,,6.76,12.99,,48,,0,0,Stillwater:1
Maxime Magnon Corbieres Rouge Demarrante 2021 750ml,Red Blends,"Maverick Beverage Co., LLC - MN",7,0.0,225.0,22.12,32.99,,33,,0,1,St. Louis Park:7
Matua Sauvignon Blanc Cooler 4pk 250ml,Sauvignon Blanc,"Breakthru Beverage Minnesota Wine & Spirits, LLC",6,0.0,,8.86,14.99,12.96,41,,0,0,Woodbury:6
Matthieu Barret Petit Ours 750ml,Syrah/Shiraz,"New France Wine Co, Inc",0,0.0,,21.54,37.99,31.96,43,,0,0,
Matthiason Rose 750ml,Rose,"New France Wine Co, Inc",0,0.0,,21.88,38.99,32.96,44,,0,0,
Matsu El Recio Toro 750ml,Other Reds,Rue 38 LLC,10,0.0,321.4,15.5,29.99,24.96,48,,0,1,Minnetonka:10
Matson Rose Pet Nat 750ml,Rose,"New France Wine Co, Inc",0,0.0,,8.0,14.99,12.96,47,,0,0,
Matchbook The Arsonist Red Blend 750ml,Red Blends,The Wine Company,0,0.0,,12.62,22.49,18.96,44,,0,0,
Chateau Bertin St. Georges St. Emilion,Red Blends,Bellboy Corporation,1,0.0,,2.89,23.99,19.96,88,,0,0,Minnetonka:1
Charles Smith Vino Pinot Gris 750ml,Pinot Grigio/Gris,Phillips Wine & Spirits - St. Paul,5,0.0,,8.42,14.99,,44,,0,0,Minnetonka:5
Hoppenot Fleurie Origines 750ml,Other Reds,"Bourget Imports, LLC",4,0.0,128.6,17.48,30.49,25.96,43,,0,1,St. Louis Park:4
Honoro Vera Rioja,Other Reds,Oxford Street Merchants,7,0.0,,5.49,10.99,8.96,50,,0,0,Vadnais Heights:7
Honoro Vera Monastrell,Other Reds,Oxford Street Merchants,0,0.0,,5.49,10.99,8.96,50,,0,0,
Slamzees Cherry Limeade 187ml,Flavored,Southern Glazer's Wine & Spirits of MN,3,0.0,96.4,2.36,3.99,3.46,41,,0,1,Minneapolis:3
Skouras St George Nemea,Other Reds,The Wine Company,10,0.0,,13.46,21.99,,39,,0,0,Chanhassen:4;Andover:6
Skouras Salto Moscofilero,Other Whites,The Wine Company,12,0.0,,17.46,27.99,23.96,38,,0,0,Plymouth:3;Chanhassen:4;Vadnais Heights:5
Skouras Moscofilero,Other Whites,The Wine Company,24,0.0,771.4,14.79,23.99,19.96,38,,0,1,Plymouth:5;Stillwater:7;Minnetonka:12
SixSip Raspberry Rita 500ml,Flavored,Phillips Wine & Spirits - St. Paul,6,0.0,192.9,2.89,5.49,4.96,47,,0,1,Minneapolis:6
Sincerely Sauvignon Blanc 750ml,Sauvignon Blanc,"Maverick Beverage Co., LLC - MN",0,0.0,,9.79,17.49,14.96,44,,0,0,
Silvan Ridge Pinot Gris 750ml,Pinot Grigio/Gris,,3,0.0,96.4,9.85,11.99,10.86,18,,0,1,Osseo:3
Silkman Semillon 750ml,Other Whites,"Bourget Imports, LLC",8,0.0,,16.15,27.99,23.96,42,,0,0,St. Louis Park:8
"Sileni Rsv ""Plateau"" Pinot Noir 750ml",Pinot Noir,Johnson Brothers - St. Paul,4,0.0,,12.22,20.99,,42,,0,0,Osseo:4
Shoofly Shiraz 750ml,Syrah/Shiraz,Small Lot MN,0,0.0,,7.75,19.99,,61,,0,0,
Sheffield Dry Sherry 1.5L,Fortified,Southern Glazer's Wine & Spirits of MN,2,0.0,,12.03,20.99,,43,,0,0,Rosemount:2
Sharecropper Chardonnay Wa 750ml,Chardonnay,"Maverick Beverage Co., LLC - MN",0,0.0,0.0,12.33,24.99,,51,,0,1,
"Bisson ""Glera"" Vino Frizzante 2019 750ml",Sparkling,Libation Project,0,0.0,,17.83,29.99,24.96,41,,0,0,
Biscaris Frappato,Other Reds,"New France Wine Co, Inc",5,0.0,,20.21,35.49,29.96,43,,0,0,Minnetonka:5
Dal Forno Romano Valpolicella 2012,Other Reds,"Breakthru Beverage Minnesota Wine & Spirits, LLC",0,0.0,,70.0,119.99,,42,,0,0,
House Wine Malbec 3L Box,Malbec,Southern Glazer's Wine & Spirits of MN,1,0.0,,15.53,17.49,14.96,11,,0,0,Minnetonka:1
Sokol Blosser Pinot Gris 750ml,Pinot Grigio/Gris,Oxford Street Merchants,6,0.0,192.9,14.33,21.99,,35,,0,1,Minnetonka:6
Sokol Blosser Evolution Riesling 750ml,Other Whites,Small Lot MN,15,0.0,,10.12,14.49,4.93,30,,0,0,Osseo:1;Chanhassen:14
Hirsch San Andreas Fault Pinot Noir 750ml,Pinot Noir,,4,0.0,,43.33,56.99,47.86,24,,0,0,Minnetonka:4
Highlands 41 Cabernet 750ml,Cabernet,Paustis Wine,7,0.0,,10.76,17.49,14.96,38,,0,0,Minnetonka:7
Hexamer Quarzit Riesling 750ml,Other Whites,The Wine Company,3,0.0,,16.79,29.99,24.96,44,,0,0,Vadnais Heights:3
Hess Select Pinot Noir 750ml,Pinot Noir,Phillips Wine & Spirits - St. Paul,1,0.0,32.1,9.17,17.99,,49,,0,1,Chanhassen:1
Herzog Lineage Malbec 750ml,Malbec,Phillips Wine & Spirits - St. Paul,1,0.0,,15.42,27.99,22.96,45,,0,0,Minnetonka:1
Herman Story Bolt Cutter 750ml,Red Blends,,0,0.0,,32.0,48.99,,35,,0,0,
"Henschke, Barossa Henry's Seven 2017 750ml",Red Blends,"Grape Beginnings, Inc.",0,0.0,,33.5,36.99,30.95,9,,0,0,
Dark Horse Brut Bubbles 375ml,Sparkling,Johnson Brothers - St. Paul,9,0.0,,3.76,9.99,,62,,0,0,Andover:9
Daou Soul of a Lion 750ml,Red Blends,Johnson Brothers - St. Paul,0,0.0,,118.52,169.99,129.96,30,,0,0,
Sokol Blosser Evolution Lucky No. 9 White Blend 1.5L Box,White Blends,Oxford Street Merchants,2,0.0,,10.57,19.99,,47,,0,0,Andover:2
Sokol Blosser Dundee Pinot Noir 750ml,Pinot Noir,Oxford Street Merchants,8,0.0,,30.0,53.99,44.96,44,,0,0,Minnetonka:8
Smoking Loon Red Blend,Red Blends,,3,0.0,,7.4,12.49,10.96,41,,0,0,Stillwater:3
Smashberry Red Blend,Red Blends,,0,0.0,,9.26,13.99,,34,,0,0,
Slamzees Cookies & Cream 187ml,Flavored,Southern Glazer's Wine & Spirits of MN,0,0.0,,2.36,3.99,3.46,41,,0,0,
Soon Hari Citron Soju 375ml,Fortified,Johnson Brothers - St. Paul,20,0.0,,4.35,7.99,5.86,46,,0,0,Minneapolis:20
Sonoroso Sweet White Wine/ D,,,0,0.0,,10.16,15.24,,33,,0,0,
Bezel Cabernet Sauvignon 750ml,Cabernet,"Breakthru Beverage Minnesota Wine & Spirits, LLC",1,0.0,32.1,19.43,32.99,27.96,41,8cs purchase in a month,0,1,St. Louis Park:1
Bevan Dry Sack Sauvignon Blanc 750ml,Sauvignon Blanc,"Bourget Imports, LLC",8,0.0,,32.81,48.99,,33,,0,0,St. Louis Park:8
Bevan Cellars Tench EE Red 2018 750ml,Red Blends,"Bourget Imports, LLC",0,0.0,,168.0,239.99,199.96,30,,0,0,
Bevan Cellars Tench Cabernet Sauv 2019 750ml,Cabernet,"Bourget Imports, LLC",8,0.0,,169.48,221.99,184.95,24,,0,0,Roseville:8
Bevan Cellars Sugarloaf Red Blend 2018 750ml,Red Blends,"Bourget Imports, LLC",0,0.0,,168.0,221.99,184.95,24,,0,0,
Bevan Cellars Ontogeny 2022 750ml,Red Blends,"Bourget Imports, LLC",21,0.0,,86.81,119.99,99.96,28,,0,0,Minnetonka:21
Bevan Cellars Ontogeny 2019 750ml,Red Blends,"Bourget Imports, LLC",21,0.0,,84.0,143.99,119.96,42,,0,0,Roseville:21
Bev Cal Sauvignon Blanc 4pk 250ml,Sauvignon Blanc,Johnson Brothers - St. Paul,0,0.0,,11.52,18.99,15.96,39,,0,0,
Bev Cal Pride 4pk 250ml,Sparkling,Johnson Brothers - St. Paul,2,0.0,,11.66,17.99,,35,,0,0,Cottage Grove:1;Minneapolis:1
Bev Cal Pinot Grigio 4pk 250ml,Pinot Grigio/Gris,Johnson Brothers - St. Paul,0,0.0,,11.52,20.99,17.96,45,,0,0,
Betz Family Clos de Betz 750ml,Red Blends,"Bourget Imports, LLC",0,0.0,,34.33,59.99,,43,,0,0,
Sono Montenidoli Toscano Rosso 750ml,Other Reds,"New France Wine Co, Inc",0,0.0,,17.21,30.49,25.96,44,,0,0,
Sono Montenidoli San Gimignano Carato 750ml,Other Reds,"New France Wine Co, Inc",9,0.0,289.3,40.21,30.49,25.95,-32,,0,1,Andover:9
Sokol Blosser Pinot Noir Rose 750ml,Rose,Oxford Street Merchants,12,0.0,385.7,14.33,21.99,,35,,0,1,Minnetonka:12
Daou Chardonnay 750ml,Chardonnay,"Breakthru Beverage Minnesota Wine & Spirits, LLC",0,0.0,,12.76,23.99,19.96,47,,0,0,
Damso Makgeolli Peach Rice Wine 750ml/ D,,,10,0.0,,3.87,5.8,,33,,0,0,Stillwater:10
Damso Makgeolli Original/ D,,,8,0.0,,3.87,5.8,,33,,0,0,Stillwater:8
Damilano Moscato Di Asti 750ml,Moscato,"Grape Beginnings, Inc.",0,0.0,,13.58,23.99,19.96,43,,0,0,
Henriques & Henriques 10 Year Sercial  750ml,Fortified,Libation Project,2,0.0,,36.67,59.99,49.96,39,,0,0,Minnetonka:2
Henri Bourgeois Les Baronnes Sancerre 750ml,Sauvignon Blanc,"Bourget Imports, LLC",3,0.0,,26.81,47.99,39.96,44,,0,0,Minnetonka:3
Henri Bailly Sancerre,Sauvignon Blanc,Small Lot MN,12,0.0,,26.79,39.99,24.95,33,,0,0,St. Louis Park:12
Heiwa Shuzou Nigori 720ml,Fortified,Libation Project,9,0.0,,22.83,27.99,23.86,18,,0,0,Minnetonka:9
Hebrart Cuvee de Reserve Brut 750ml,Sparkling,The Wine Company,1,0.0,,46.79,83.99,69.96,44,,0,0,Rosemount:1
Hazlitt White Cat Finger Lakes 750ml,Other Whites,Bellboy Corporation,0,0.0,,6.02,9.99,,40,,0,0,
Hayes Valley Meritage 750ml,Red Blends,,2,0.0,,10.0,14.99,,33,,0,0,Stillwater:2
St Agrestis Spritz Can 4pk,Flavored,,43,0.0,,7.93,16.99,12.95,53,,0,0,Chanhassen:1;Blaine:42
Spy Valley Sauvignon Blanc 750ml,Sauvignon Blanc,"New France Wine Co, Inc",1,0.0,,12.47,24.99,,50,,0,0,Minnetonka:1
Spottswoode Cabernet 2022 750ml,Cabernet,Paustis Wine,0,0.0,,200.17,287.99,239.96,30,,0,0,
Sourcd Amazing Australia Box 750ml,Box Wines,Small Lot MN,0,0.0,0.0,30.0,44.99,,33,,0,1,
Soter North Valley Pinot Noir,Pinot Noir,,3,0.0,,25.5,39.99,,36,,0,0,Minnetonka:3
Beringer White Merlot 1.5L,Merlot,Southern Glazer's Wine & Spirits of MN,6,0.0,,7.13,12.49,10.96,43,,0,0,Chanhassen:6
Bera Brachetto 375ml,Fortified,"Grape Beginnings, Inc.",6,0.0,,6.5,14.99,,57,,0,0,Osseo:2;Roseville:4
Harvest Press Sauvignon Blanc BIB 3L Box,Sauvignon Blanc,Paustis Wine,8,0.0,,11.92,24.99,,52,,0,0,Osseo:4;Vadnais Heights:4
Hanjan Apple Wine 375ML BTL/ D,,,0,0.0,,4.0,,,,,0,0,
Hall Cabernet Sauvignon 750ml,Cabernet,Southern Glazer's Wine & Spirits of MN,0,0.0,,45.4,56.99,46.95,20,,0,0,
Dashe LET Heart Arrow Zin 750ml,Zinfandel,"Bourget Imports, LLC",0,0.0,,18.33,29.99,,39,,0,0,
Darnaud Crozes-Hermitage,Syrah/Shiraz,The Wine Company,7,0.0,,21.34,26.99,22.86,21,,0,0,Chanhassen:7
Dark Horse Sauv Blanc 375ml,Sauvignon Blanc,Johnson Brothers - St. Paul,7,0.0,,3.76,7.99,,53,,0,0,Ramsey:7
Dark Horse Pinot Grigio 375ml,Pinot Grigio/Gris,Johnson Brothers - St. Paul,0,0.0,0.0,3.76,4.49,3.96,16,,0,1,
Dark Horse Double Down Red Bl 750ml,Red Blends,Johnson Brothers - St. Paul,2,0.0,,5.43,9.99,8.96,46,,0,0,Vadnais Heights:2
Dark Horse Chardonnay 3L 3L Box,Chardonnay,Johnson Brothers - St. Paul,0,0.0,,16.67,28.99,,43,,0,0,
Benvolio Pinot Grigio,Box Wines,,0,0.0,0.0,8.0,8.99,,11,,0,1,
Belle Glos Pinot Noir Blanc 750ml,Rose,Oxford Street Merchants,12,0.0,385.7,12.65,23.99,19.96,47,,0,1,Andover:1;Blaine:11
St. Christopher Gluhwein White Grape Wine 1L/ D,,,9,0.0,,7.49,11.23,,33,,0,0,Stillwater:9
St Supery Napa Cabernet Sauvignon 750ml,Cabernet,,7,0.0,225.0,38.0,49.99,41.86,24,,0,1,Minnetonka:7
St Gabriel Riesling 1.5L,Other Whites,Johnson Brothers - St. Paul,1,0.0,,9.25,14.99,,38,,0,0,Ramsey:1
Haden Fig Pinot Noir Willamette Valley 750ml,Pinot Noir,The Wine Company,3,0.0,,17.52,29.99,,42,,0,0,Minnetonka:3
Hacienda Lopez de Haro Rioja Crianza 750ml,Other Reds,Rue 38 LLC,5,0.0,,9.5,17.49,14.96,46,,0,0,Minnetonka:5
Gusbourne Brut Reserve 750ml,Sparkling,"New France Wine Co, Inc",5,0.0,,42.67,84.99,,50,,0,0,Vadnais Heights:1;Minnetonka:2;Plymouth:2
Gulp Hablo Verdejo Liter,Other Whites,"New France Wine Co, Inc",6,0.0,,10.88,19.99,16.96,46,,0,0,Minnetonka:6
Gulp Hablo Garnacha Liter,Other Reds,"New France Wine Co, Inc",3,0.0,96.4,10.88,19.99,16.96,46,,0,1,Minnetonka:3
Gulp Hablo Fresco Chillable Red Liter,Red Blends,"New France Wine Co, Inc",5,0.0,,11.54,20.99,17.96,45,,0,0,Minnetonka:5
Guild Red Blend 750ml,Red Blends,"Bourget Imports, LLC",0,0.0,,11.33,19.99,,43,,0,0,
Decibel Sauvignon Blanc 750ml,Sauvignon Blanc,Origin Wine & Spirits,11,0.0,,12.0,19.99,16.96,40,,0,0,Plymouth:5;Chanhassen:6
Ste Chapelle Soft Huckleberry,Flavored,Paustis Wine,10,0.0,,8.0,12.99,,38,,0,0,Vadnais Heights:1;Rosemount:9
"Statera WV ""Est"" Pinot Noir 750ml",Pinot Noir,,0,0.0,0.0,21.67,35.99,23.95,40,,0,1,
Statera Johan Vineyard Chardonnay 2017 750ml,Chardonnay,,0,0.0,,24.33,39.99,,39,,0,0,
Starling Castle Sweet Red 750ml,Flavored,Phillips Wine & Spirits - St. Paul,8,0.0,,5.46,11.99,,54,,0,0,St. Louis Park:1;Chanhassen:7
Stags' Leap Merlot 750ml,Merlot,"Breakthru Beverage Minnesota Wine & Spirits, LLC",11,0.0,353.6,23.07,28.99,24.86,20,,0,1,Osseo:11
Staglin Estate Chardonnay 750ml,Chardonnay,,0,0.0,,59.33,71.99,59.95,18,,0,0,
Bertrand Cigalus Rouge,Other Reds,Southern Glazer's Wine & Spirits of MN,4,0.0,128.6,34.8,54.99,,37,,0,1,Blaine:4
Bernard Moreau Chassagne Montrachet,Chardonnay,"Maverick Beverage Co., LLC - MN",0,0.0,,67.98,89.99,74.95,24,,0,0,
Groundwork Counoise 750ml,Other Reds,"Tradition Wine & Spirits, LLC",0,0.0,0.0,15.17,26.99,,44,,0,1,
Groth Cabernet Sauvignon 750ml,Cabernet,,2,0.0,,0.0,75.99,59.96,100,,0,0,Minnetonka:2
Gris Marin Rose 750ml,Rose,The Wine Company,0,0.0,,8.79,14.99,12.96,41,,0,0,
Stoller Swing Rose Bubbles 250ML Can/ D,Accessories,,6,0.0,,,,,,,0,0,Stillwater:6
Stirm Santa Cruz Pinot Noir  750ml,Pinot Noir,Libation Project,5,0.0,,27.83,44.99,,38,,0,0,Plymouth:1;Cottage Grove:4
Stephane Ogier CDR Blanc le Temps Estate Venu 750ml,White Blends,"Maverick Beverage Co., LLC - MN",4,0.0,,13.46,23.99,19.96,44,,0,0,St. Louis Park:4
Stella Rosa Watermelon 750ml,Flavored,"Breakthru Beverage Minnesota Wine & Spirits, LLC",4,0.0,128.6,8.76,14.99,12.96,42,,0,1,Blaine:1;Roseville:3
Stella Rosa Tropical Splash Variety 250ml 6pk,Flavored,Paustis Wine,0,0.0,,13.33,21.99,,39,,0,0,
Stella Rosa Platinum 750ml,Sparkling,"Breakthru Beverage Minnesota Wine & Spirits, LLC",32,0.0,,8.54,14.99,12.96,43,,0,0,Osseo:12;Vadnais Heights:20
Bellavita Sweet Red 750ml,Flavored,Rue 38 LLC,0,0.0,0.0,8.12,14.99,12.96,46,,0,1,
Bella Sera Pinot Grigio 1.5L,Pinot Grigio/Gris,Johnson Brothers - St. Paul,6,0.0,,10.18,11.99,10.86,15,,0,0,Ramsey:6
Bedrock Cabernet 750ml,Cabernet,"Bourget Imports, LLC",4,0.0,128.6,28.81,37.99,31.86,24,,0,1,Minnetonka:4
Baumard Cremant Brut Carte Turquoise 750ml,Sparkling,The Wine Company,10,0.0,321.4,18.12,31.99,26.96,43,,0,1,Minnetonka:10
Dark Horse Brut Rose Bubbles 375ml,Sparkling,Johnson Brothers - St. Paul,3,0.0,96.4,3.76,9.99,,62,,0,1,Andover:3
Hahn SLH Pinot Noir 750ml,Pinot Noir,Johnson Brothers - St. Paul,4,0.0,128.6,16.39,20.99,17.86,22,,0,1,Rosemount:4
Hahn Pinot Gris 750ml,Pinot Grigio/Gris,Johnson Brothers - St. Paul,9,0.0,289.3,9.09,15.99,,43,,0,1,Stillwater:9
Chappellet Signature Cabernet 750ml,Cabernet,Oxford Street Merchants,2,0.0,64.3,66.76,85.49,70.95,22,,0,1,St. Louis Park:2
Chante Cigale Cicada Rouge,Red Blends,Origin Wine & Spirits,5,0.0,,6.67,7.99,6.86,17,,0,0,Woodbury:5
Matchbook Cabernet Sauvignon 750ml,Cabernet,The Wine Company,0,0.0,,9.99,15.64,13.46,36,,0,0,
Matanzas Creek Sauv Blanc 750ml,Sauvignon Blanc,Johnson Brothers - St. Paul,16,0.0,514.3,11.52,18.99,15.96,39,6 bottles free on 3,0,1,Osseo:8;Stillwater:8
Matane Primitivo 750ml,Other Reds,"Maverick Beverage Co., LLC - MN",8,0.0,257.1,10.12,15.99,13.96,37,,0,1,Minnetonka:8
Massican Sauvignon Blanc 750ml,Sauvignon Blanc,Oxford Street Merchants,11,0.0,,20.09,36.99,30.96,46,,0,0,St. Louis Park:11
Lopez de Heredia Vina Cubillo,Other Reds,"New France Wine Co, Inc",0,0.0,,21.54,39.99,32.96,46,,0,0,
Lopez Heredia Vina Bosconia,Other Reds,"New France Wine Co, Inc",2,0.0,,33.54,61.99,51.96,46,,0,0,Minnetonka:2
Loosen Dr Lo Alcohol Removed Riesling N/A 750ml,Other Whites,The Wine Company,6,0.0,192.9,13.03,23.99,19.96,46,,0,1,St. Louis Park:2;Blaine:4
Long Meadow Ranch Rutherford Cabernet 750ml,Cabernet,"Maverick Beverage Co., LLC - MN",2,0.0,,56.92,68.99,56.95,17,,0,0,Plymouth:2
Lone Birch Rose 750ml,Rose,"Bourget Imports, LLC",1,0.0,32.1,10.15,5.99,4.86,-69,,0,1,Stillwater:1
Mas Fi Cava Zero N/A 750ml,Sparkling,"Bourget Imports, LLC",35,0.0,,12.15,21.99,18.96,45,,0,0,St. Louis Park:5;Rosemount:7;Vadnais Heights:11;Woodbury:12
Martin Codax Albarino 750ml,Other Whites,Johnson Brothers - St. Paul,11,0.0,353.6,12.09,17.99,,33,,0,1,Rosemount:11
David Finlayson Chardonnay 750ml,Chardonnay,Small Lot MN,0,0.0,,13.46,23.99,19.96,44,,0,0,
Gruvi Bubbly Rose 275ml,Sparkling,,0,0.0,,,3.99,,,,0,0,
Groundwork Syrah 2019 750ml,Syrah/Shiraz,"Tradition Wine & Spirits, LLC",0,0.0,,15.83,24.99,,37,,0,0,
Gran Moraine Brut Rose 750ml,Sparkling,Oxford Street Merchants,4,0.0,,45.18,46.99,39.86,4,,0,0,Minnetonka:4
Graham's Vintage Porto 2016 750ml,Fortified,Southern Glazer's Wine & Spirits of MN,3,0.0,96.4,80.0,119.99,99.96,33,,0,1,Plymouth:3
Gradis Ciutta Friulano,Other Whites,The Wine Company,0,0.0,,15.33,24.99,,39,,0,0,
Dog Point Sauvignon Blanc 750ml,Sauvignon Blanc,The Wine Company,0,0.0,,20.12,35.49,29.96,43,,0,0,
Do Ferreiro Albarino 750ml,Other Whites,"New France Wine Co, Inc",8,0.0,,26.21,48.99,40.96,46,,0,0,Minnetonka:8
Barista Pinotage 750ml,Other Reds,Bellboy Corporation,0,0.0,,8.71,15.99,13.96,46,,0,0,
Stony Hill Chardonnay Napa 750ml,Chardonnay,"Maverick Beverage Co., LLC - MN",4,0.0,128.6,41.66,79.99,,48,,0,1,Vadnais Heights:4
Stonestreet Chardonnay EC 750ml,Chardonnay,Oxford Street Merchants,2,0.0,65.6,21.02,31.99,26.96,34,,0,1,Andover:0;Minnetonka:2
Stone Cap Syrah 750ml,Syrah/Shiraz,Paustis Wine,1,0.0,,6.04,13.99,,57,,0,0,Chanhassen:1
Stolpman Combe Trousseau 2020 750ml,Other Reds,"Maverick Beverage Co., LLC - MN",0,0.0,,20.12,31.99,21.95,37,,0,0,
Decero Owl and Dust Devil Red 750ml,Red Blends,The Wine Company,0,0.0,,21.0,34.99,,40,,0,0,
De la Costa White Sangria,Flavored,Oxford Street Merchants,1,0.0,,4.25,5.99,,29,,0,0,Chanhassen:1
De la Costa Red Sangria,Flavored,Oxford Street Merchants,2,0.0,,0.8,5.99,,87,,0,0,Chanhassen:2
Daylis Saint Emillion 750ml,Red Blends,,0,0.0,,20.0,29.99,,33,,0,0,
Charles Smith Chateau Smith 750ml,Cabernet,Southern Glazer's Wine & Spirits of MN,21,0.0,,9.4,17.49,14.96,46,,0,0,Ramsey:3;Blaine:18
Charles Roux Blanc de Blanc 750ml,Sparkling,Oxford Street Merchants,9,0.0,,8.09,15.99,12.96,49,,0,0,St. Louis Park:9
Tablas Creek Patelin de Tablas Blanc 750ml,White Blends,The Wine Company,6,0.0,,18.79,22.49,18.95,16,,0,0,Plymouth:2;Vadnais Heights:4
Syncline Subduction Red Blend 750ml,Red Blends,"Bourget Imports, LLC",0,0.0,,16.81,20.99,17.96,20,,0,0,
Sutter Home White Merlot 187ml,Merlot,Phillips Wine & Spirits - St. Paul,0,0.0,0.0,4.0,8.49,,53,,0,1,
Sutter Home Rose 187ml,Rose,Phillips Wine & Spirits - St. Paul,0,0.0,,3.9,7.99,,51,,0,0,
Sutter Home Pinot Noir 1.5L,Pinot Noir,Phillips Wine & Spirits - St. Paul,0,0.0,,6.83,11.99,,43,,0,0,
Barefoot Spritzer Rose 750ml,Rose,Johnson Brothers - St. Paul,0,0.0,,3.51,6.99,,50,,0,0,
Barefoot Shiraz 1.5L,Syrah/Shiraz,Johnson Brothers - St. Paul,0,0.0,,6.05,12.49,10.96,52,,0,0,
Barefoot Sangria 1.5L,Flavored,Johnson Brothers - St. Paul,0,0.0,,7.56,12.99,10.96,42,2 FREE ON 22,0,0,
Barefoot Rose 3L Box,Rose,Johnson Brothers - St. Paul,5,0.0,160.7,14.18,26.99,22.96,47,,0,1,Stillwater:2;Minnetonka:3
Sutter Home Chardonnay 1.5L,Chardonnay,Phillips Wine & Spirits - St. Paul,0,0.0,,7.31,11.99,,39,"4 free 1.5L Chardonnay, Cabernet or Sauvignon Blanc on 25 cases m/m 750 & 1.5L",0,0,
Baron Herzog Merlot 750ml,Merlot,Johnson Brothers - St. Paul,0,0.0,,8.88,15.99,,44,,0,0,
Baron Herzog Chardonnay 750ml,Chardonnay,Phillips Wine & Spirits - St. Paul,19,0.0,,7.96,14.99,12.96,47,,0,0,St. Louis Park:8;Minnetonka:11
Barnard Griffen Cabernet Sauvignon 750ml,Cabernet,"Grape Beginnings, Inc.",3,0.0,,13.0,23.99,19.96,46,,0,0,St. Louis Park:1;Minnetonka:2
Barkan Pinot Noir 750ml,Pinot Noir,Phillips Wine & Spirits - St. Paul,0,0.0,,8.98,15.99,13.96,44,,0,0,St. Louis Park:0
Grattamacco Bogheri Rosso,Other Reds,"Grape Beginnings, Inc.",7,0.0,225.0,23.25,27.99,23.86,17,,0,1,Minnetonka:7
Gran Moraine Estate Pinot Noir 750ml,Pinot Noir,,0,0.0,,36.85,51.99,43.96,29,,0,0,
Tablas Creek Vineyard Patelin Rouge 750ml,Red Blends,The Wine Company,1,0.0,,18.79,29.99,,37,,0,0,Plymouth:1
Dixie & Bass Cabernet Sauvignon Columbia Valley 750ml,Cabernet,"Vinocopia, Inc",0,0.0,,5.06,23.99,19.96,79,,0,0,
Division�Gamay �Cru� Methven Vineyard 750ml,Other Reds,"Tradition Wine & Spirits, LLC",0,0.0,0.0,13.33,29.99,,56,,0,1,
Disco'd Guenoc Claret 750ml,Red Blends,Oxford Street Merchants,0,0.0,0.0,7.52,13.99,,46,,0,1,
Diamantakis Vidiano 750ml,Other Reds,"Bourget Imports, LLC",1,0.0,,14.96,27.99,22.96,47,,0,0,Minnetonka:1
Diamantakis Assyrtiko 750ml,Other Whites,"Bourget Imports, LLC",1,0.0,,18.96,31.99,26.96,41,,0,0,Minnetonka:1
Di Majo Norante Ramitello 750ml,Other Reds,,1,0.0,,11.33,16.99,,33,,0,0,Blaine:1
Dewatsuru Sakura Emaki 360ml,Fortified,"Grape Beginnings, Inc.",0,0.0,,12.0,19.99,,40,,0,0,
Dewasansan Sake Green Ridge/ D,Accessories,,5,0.0,,11.46,32.99,,65,,0,0,Stillwater:5
Devil's Corner Pinot Noir  750ml,Pinot Noir,Small Lot MN,0,0.0,,18.25,30.99,26.96,41,,0,0,
Godelia Bierzo 750ml,Other Reds,Southern Glazer's Wine & Spirits of MN,3,0.0,,12.66,18.99,,33,,0,0,Blaine:3
Goats Do Roam Rose 750ml,Rose,The Wine Company,20,0.0,,10.12,13.24,11.41,24,,0,0,Osseo:20
Gnarly Head Merlot 750ml,Merlot,Southern Glazer's Wine & Spirits of MN,3,0.0,,7.0,9.99,8.96,30,,0,0,Osseo:3
Barefoot Rich Red Blend 1.5L,Merlot,Johnson Brothers - St. Paul,0,0.0,,7.56,12.99,10.96,42,2 FREE ON 22,0,0,
Barefoot Red Moscato 250ml,Flavored,Johnson Brothers - St. Paul,8,0.0,257.1,6.18,9.99,,38,,0,1,Ramsey:8
Barefoot Pinot Noir 3L Box,Pinot Noir,Johnson Brothers - St. Paul,6,0.0,192.9,14.18,26.99,22.96,47,,0,1,Rosemount:1;Vadnais Heights:1;Cottage Grove:2;St. Louis Park:2
Barefoot Malbec 750ml,Malbec,Johnson Brothers - St. Paul,1,0.0,,3.76,7.99,,53,,0,0,Rosemount:1
Barefoot Malbec 1.5L,Malbec,Johnson Brothers - St. Paul,1,0.0,,6.98,12.99,8.86,46,,0,0,Vadnais Heights:1
Barefoot Hard Seltzer Pineapple & Passio 250ml,Flavored,Johnson Brothers - St. Paul,0,0.0,,4.86,8.99,,46,,0,0,
Barefoot Hard Seltzer Cherry & Cranberry 250ml,Flavored,Johnson Brothers - St. Paul,0,0.0,,5.33,8.99,,41,,0,0,
Terra d'Oro Zinfandel Port 750ml,Fortified,Phillips Wine & Spirits - St. Paul,2,0.0,,18.85,29.99,,37,,0,0,Osseo:2
Terra d'Oro Zinfandel 750ml,Zinfandel,Phillips Wine & Spirits - St. Paul,1,0.0,,12.09,14.99,,19,,0,0,Ramsey:1
Terlato Pinot Grigio 750ml,Pinot Grigio/Gris,,5,0.0,,16.07,28.99,,45,,0,0,Stillwater:5
Tenuta Sant'Antonio Amarone 750ml,Other Reds,The Wine Company,4,0.0,128.6,35.33,68.99,56.96,49,,0,1,Blaine:4
Tedorigawa Silver Mt Yamahai Junmai 720ml,Fortified,The Wine Company,10,0.0,321.4,25.12,47.99,39.96,48,,0,1,Andover:1;Osseo:4;Rosemount:5
Taylor Cream Sherry 1.5L,Fortified,Johnson Brothers - St. Paul,11,0.0,,11.52,17.99,,36,,0,0,Chanhassen:3;Roseville:3;Minnetonka:5
Tavernello Vino Rosso,Box Wines,,0,0.0,,6.19,6.99,,11,1 on 10 cases NC,0,0,
Tarlant Brut Nature Zero 750ml,Sparkling,"New France Wine Co, Inc",5,0.0,,55.88,100.99,83.96,45,,0,0,Minnetonka:5
Tamagawa Red Label Heirloom Yamahai 720ml,Fortified,The Wine Company,0,0.0,0.0,26.12,49.99,41.96,48,,0,1,
Talbott Kali Hart Pinot Noir 750ml,Pinot Noir,Johnson Brothers - St. Paul,3,0.0,,15.42,19.99,16.95,23,,0,0,Minnetonka:3
Talamonti Moda,Other Reds,Small Lot MN,0,0.0,0.0,7.33,14.99,,51,,0,1,
Tait The Ball Buster 750ml,Red Blends,Small Lot MN,7,0.0,,15.46,26.99,22.96,43,,0,0,St. Louis Park:7
Textbook Chardonnay Napa 750ml,Chardonnay,The Wine Company,0,0.0,,14.12,18.99,15.95,26,,0,0,
Textbook Cabernet Sauvignon Paso Robles 750ml,Cabernet,The Wine Company,2,0.0,,18.79,33.49,27.96,44,,0,0,Osseo:2
Textbook Cabernet Sauvignon Napa 750ml,Cabernet,The Wine Company,6,0.0,,28.12,37.99,,26,,0,0,Minnetonka:6
Teutonic Wine Company Cutthroat Trout Blanc 750ml/ D,Box Wines,"Tradition Wine & Spirits, LLC",0,0.0,0.0,19.17,27.99,,32,,0,1,
Terredora Dipaolo Aglianico,Other Reds,Oxford Street Merchants,10,0.0,321.4,14.0,18.99,15.95,26,,0,1,Blaine:5;Minnetonka:5
Barefoot Moscato 250ml,Moscato,Johnson Brothers - St. Paul,0,0.0,,6.18,9.99,,38,,0,0,
Gnarly Head Cabernet Sauvignon 750ml,Cabernet,Johnson Brothers - St. Paul,17,0.0,,5.65,14.99,,62,,0,0,Andover:7;Woodbury:10
Gnarly Head Authentic Black 750ml,Red Blends,Southern Glazer's Wine & Spirits of MN,3,0.0,,2.19,9.99,8.96,78,,0,0,Vadnais Heights:3
Giant Steps Terraford Chardonnay 750ml,Chardonnay,Oxford Street Merchants,1,0.0,,33.33,43.99,36.95,24,,0,0,Roseville:1
Giant Steps Primavera Pinot Noir 750ml,Pinot Noir,Oxford Street Merchants,1,0.0,,37.5,48.99,40.95,23,,0,0,Roseville:1
Geyser Peak Sauv Blanc 750ml,Sauvignon Blanc,Bellboy Corporation,0,0.0,,6.75,11.99,,44,,0,0,
Gerard Bertrand Tautavel,Other Reds,Southern Glazer's Wine & Spirits of MN,3,0.0,96.4,13.4,23.99,19.96,44,,0,1,Blaine:3
Gerard Bertrand Cremant Rose De Limoux 750ml,Sparkling,Southern Glazer's Wine & Spirits of MN,1,0.0,,16.13,27.99,,42,,0,0,Vadnais Heights:1
Gerard Bertrand Cremant Brut De Limoux 750ml,Sparkling,Southern Glazer's Wine & Spirits of MN,0,0.0,,14.8,25.99,9.98,43,,0,0,
Georges Descombes Regnie 750ml,Other Reds,"New France Wine Co, Inc",1,0.0,,21.54,31.99,,33,,0,0,St. Louis Park:1
Barefoot Merlot 250ml,Merlot,Johnson Brothers - St. Paul,10,0.0,,6.18,9.99,,38,,0,0,Vadnais Heights:1;Ramsey:3;Minneapolis:6
The Fableist Chardonnay 750ml,Chardonnay,"Tradition Wine & Spirits, LLC",0,0.0,,15.17,14.99,12.95,-1,,0,0,
George Lignier 2015 GC Les Combottes  750ml,Pinot Noir,,0,0.0,,105.35,184.99,,43,,0,0,
Geisen Pinot Gris 750ml,Pinot Grigio/Gris,,0,0.0,,7.96,11.99,,34,,0,0,
Gateway Vinho Verde/ D,Accessories,,17,0.0,546.4,8.81,10.99,,20,,0,1,Stillwater:17
Gancia Prosecco 750ml,Sparkling,Southern Glazer's Wine & Spirits of MN,4,0.0,,5.78,15.99,,64,,0,0,Blaine:4
Gancia Moscato D'Asti 750ml,Other Whites,Southern Glazer's Wine & Spirits of MN,2,0.0,,6.48,15.99,,59,,0,0,Roseville:2
Ganbei Baljiu 750ML/ D,Accessories,,0,0.0,0.0,28.67,37.99,,25,,0,1,
Gamling & McDuck Cabernet Franc 750ml,Cabernet,The Wine Company,0,0.0,0.0,26.3,52.99,28.95,50,,0,1,
Gamine Syrah 750ml,Syrah/Shiraz,,0,0.0,,24.0,35.99,,33,,0,0,
Galodoro Tinto/ D,Accessories,,46,0.0,,8.12,6.99,5.86,-16,,0,0,Stillwater:46
Gallo Sweet Red,Flavored,Johnson Brothers - St. Paul,0,0.0,,7.52,13.79,11.96,45,,0,0,
Gallo Pinot Noir 1.5L,Pinot Noir,Johnson Brothers - St. Paul,0,0.0,,7.52,13.79,11.96,45,,0,0,
Gallo Pinot Grigio 1.5L,Pinot Grigio/Gris,Johnson Brothers - St. Paul,1,0.0,,7.52,13.99,,46,,0,0,Ramsey:1
The Expedition Merlot 750ml,Merlot,,10,0.0,321.4,10.52,15.99,,34,,0,1,Osseo:10
The Crusher Petite Sirah 750ml,Other Reds,Paustis Wine,0,0.0,,5.48,11.99,,54,,0,0,
The Calling Cabernet Sauvignon 750ml,Cabernet,Johnson Brothers - St. Paul,4,0.0,,19.13,33.99,25.45,44,,0,0,Andover:4
Martha Stoumen Post-Flirtation White 750ml,White Blends,,1,0.0,,18.23,30.99,,41,,0,0,Blaine:1
Martha Stoumen Post Flirtation Red 750ml,Red Blends,,0,0.0,,18.84,29.99,,37,,0,0,
Martha Stoumen Mendocino Benchlands 750ml,Red Blends,,6,0.0,192.9,21.0,35.99,11.47,42,,0,1,Blaine:6
Lustau East India Solera Oloroso 750ml,Fortified,,0,0.0,,19.0,28.99,,34,,0,0,
Lustau Dry Amontillado Los Arcos 375ml,Fortified,The Wine Company,4,0.0,128.6,9.12,13.99,,35,,0,1,Minnetonka:4
Luna Asylum Zinfandel 750ml,Zinfandel,Phillips Wine & Spirits - St. Paul,0,0.0,,7.44,17.99,,59,,0,0,
Luke Cabernet Sauvignon 750ml,Cabernet,Oxford Street Merchants,7,0.0,225.0,16.0,23.99,19.96,33,,0,1,Minnetonka:2;Ramsey:2;Osseo:3
Luigi Baudana Serralunga Barolo,Other Reds,"New France Wine Co, Inc",1,0.0,,37.33,48.99,40.95,24,,0,0,Cottage Grove:1
Luc Belaire Luxe 750ml,Sparkling,,0,0.0,,18.32,29.99,10.47,39,,0,0,
Louis Roederer Cristal 2013 750ml,Sparkling,Oxford Street Merchants,4,0.0,,295.18,442.99,368.96,33,,0,0,Plymouth:4
Louis Martini Napa Cab Sauv 750ml,Cabernet,Johnson Brothers - St. Paul,13,0.0,417.9,36.76,51.99,44.96,29,,0,1,Roseville:2;Chanhassen:3;Osseo:8
Louis Martini Alex Valley Cab 750ml,Cabernet,Johnson Brothers - St. Paul,15,0.0,482.1,24.2,31.99,26.86,24,,0,1,Osseo:15
Bardos Vinedos de Altura Ribera del Duero 750ml,Other Reds,Rue 38 LLC,7,0.0,225.0,13.5,23.99,19.96,44,,0,1,St. Louis Park:2;Minnetonka:5
Baracchi O'lillo! 750ml,Other Reds,"Vinocopia, Inc",0,0.0,,12.95,21.99,,41,,0,0,
The Hilt Estate Chardonnay 750ml,Chardonnay,"New France Wine Co, Inc",9,0.0,,36.21,66.99,55.96,46,,0,0,St. Louis Park:1;Roseville:8
The Hilt Estate Bentrock  Chardonnay 18 750ml,Chardonnay,"New France Wine Co, Inc",10,0.0,,35.21,62.99,51.95,44,,0,0,St. Louis Park:1;Minnetonka:9
Gaja Promis,Other Reds,Oxford Street Merchants,2,0.0,,2.43,55.99,45.95,96,,0,0,Minnetonka:2
Gaja Pieve Santa Restituta Brunello 750ml,Other Reds,"Breakthru Beverage Minnesota Wine & Spirits, LLC",4,0.0,128.6,80.19,119.99,99.96,33,,0,1,St. Louis Park:4
Gaja Ca Marcanda Promis 2020 750ml,Other Reds,Southern Glazer's Wine & Spirits of MN,0,0.0,,34.33,45.99,37.95,25,,0,0,
Gaja Ca Marcanda Magari 750ml,Other Reds,"Breakthru Beverage Minnesota Wine & Spirits, LLC",5,0.0,,73.52,110.99,91.96,34,,0,0,St. Louis Park:5
Gaja Ca Marcanda Magari 2020 750ml,Other Reds,Southern Glazer's Wine & Spirits of MN,2,0.0,,56.0,84.99,,34,,0,0,St. Louis Park:2
Gail Two Creek Farm Chenin Blanc 750ml,Other Whites,Libation Project,0,0.0,,30.17,44.99,,33,,0,0,
G.D. Vajra Vino Spumante 750ml,Sparkling,"New France Wine Co, Inc",2,0.0,64.3,23.75,27.99,23.86,15,,0,1,Minnetonka:2
"The Withers ""Ruben"" Mourvedre Blend 750ml",Red Blends,"Maverick Beverage Co., LLC - MN",23,0.0,,22.0,27.99,23.86,21,,0,0,Blaine:23
The Show Malbec 750ml,Malbec,Phillips Wine & Spirits - St. Paul,0,0.0,,8.76,14.99,12.96,42,,0,0,
The Prisoner Wine Co Deranged 750ml,Red Blends,Southern Glazer's Wine & Spirits of MN,0,0.0,0.0,69.0,102.99,89.96,33,,0,1,
The Naked Grape Malbec 750ml,Malbec,Johnson Brothers - St. Paul,8,0.0,,4.7,5.99,4.86,22,,0,0,Ramsey:8
The Loop Sauvignon Blanc 750ml,Sauvignon Blanc,Small Lot MN,0,0.0,0.0,10.79,19.99,16.96,46,,0,1,
Barefoot Bubbly Brut 250ml,Sparkling,Johnson Brothers - St. Paul,6,0.0,,9.52,14.99,,36,,0,0,Rosemount:6
Barefoot Bright & Breezy Rose 750ml,Rose,Johnson Brothers - St. Paul,1,0.0,,4.67,7.99,6.96,42,,0,0,Blaine:1
Bardos Vinedos de Altura Verdejo 750ml,Other Whites,Rue 38 LLC,11,0.0,353.6,10.17,18.99,15.96,46,,0,1,St. Louis Park:5;Minnetonka:6
Martha Stoumen Venturi Zinfandel? 750ml,Zinfandel,,3,0.0,,27.67,44.99,14.97,38,,0,0,St. Louis Park:3
Tilia Merlot 750ml,Merlot,"Grape Beginnings, Inc.",0,0.0,,6.33,13.99,,55,,0,0,
Tilia Chardonnay 750ml,Chardonnay,"Grape Beginnings, Inc.",8,0.0,257.1,9.0,15.99,13.96,44,,0,1,Vadnais Heights:2;Osseo:6
Tilia Cabernet Sauvignon 750ml,Cabernet,"Grape Beginnings, Inc.",6,0.0,,9.0,15.99,13.96,44,,0,0,Blaine:6
AxeBridge Mill City Red 750ml,Red Blends,,12,0.0,,13.2,24.99,,47,,0,0,Minnetonka:1;Osseo:11
AxeBridge Itasca,Other Whites,,12,0.0,,13.17,24.99,,47,,0,0,Ramsey:3;Osseo:9
Avinyo Rose Reserva Brut Cava 750ml,Sparkling,"New France Wine Co, Inc",7,0.0,225.0,19.54,33.99,28.96,43,,0,1,Minnetonka:7
Avia Pinot Grigio Cans 250ml,Pinot Grigio/Gris,Rue 38 LLC,0,0.0,0.0,8.27,17.99,,54,,0,1,
August Kesseler R Riesling 750ml,Other Whites,The Wine Company,0,0.0,,12.46,17.99,,31,,0,0,
Three Wine Co. Mataro 750ml,Other Reds,"New France Wine Co, Inc",4,0.0,128.6,13.33,27.99,,52,,0,1,Plymouth:4
Three Wine Co Red Blend 750ml,Red Blends,"New France Wine Co, Inc",0,0.0,,13.54,23.99,19.96,44,,0,0,
Three Wine Co Gather Red Blend 750ml,Red Blends,"New France Wine Co, Inc",1,0.0,,10.88,18.99,15.96,43,,0,0,Woodbury:1
Three Wine Co Contra Zinfandel 750ml,Zinfandel,"New France Wine Co, Inc",0,0.0,,10.88,18.99,15.96,43,,0,0,
Three Muskateers 750ml,Red Blends,,6,0.0,192.9,6.67,7.99,6.86,17,,0,1,Osseo:6
Gallo FV Sweet Grapefruit Rose,Flavored,Johnson Brothers - St. Paul,0,0.0,,7.52,13.79,11.96,45,,0,0,
Gallo FV Sweet Berry,Flavored,Johnson Brothers - St. Paul,0,0.0,,5.89,10.99,,46,,0,0,
Gallo Cafe Zinfandel 1.5L,Zinfandel,Johnson Brothers - St. Paul,20,0.0,,7.52,10.99,,32,,0,0,Chanhassen:20
Tre Pile Barolo 750ml,Other Reds,"New France Wine Co, Inc",15,0.0,482.1,38.21,63.99,52.96,40,,0,1,St. Louis Park:6;Minnetonka:9
Tramin Sauvignon Blanc 750ml,Sauvignon Blanc,"Grape Beginnings, Inc.",0,0.0,0.0,13.5,23.99,19.96,44,,0,1,
Tramin Pinot Grigio 750ml,Pinot Grigio/Gris,"Grape Beginnings, Inc.",10,0.0,321.4,12.75,17.99,,29,,0,1,Woodbury:10
Tozai Typhoon 1.8L,Fortified,"New France Wine Co, Inc",4,0.0,128.6,21.33,41.99,34.96,49,,0,1,Minnetonka:1;Osseo:3
Tozai Snow Maiden Nigori 300ml,Fortified,"Maverick Beverage Co., LLC - MN",0,0.0,,8.12,14.99,12.96,46,,0,0,
Tozai Nigori Snow Maiden 5 Pack 180ml,Fortified,"New France Wine Co, Inc",0,0.0,,18.61,29.99,,38,,0,0,
Tozai Nigori Snow Maiden 180ml,Fortified,"New France Wine Co, Inc",1,0.0,,3.69,5.99,,38,,0,0,Rosemount:1
Torres Salmos Priorat,Other Reds,"Breakthru Beverage Minnesota Wine & Spirits, LLC",1,0.0,,28.88,50.99,,43,,0,0,Plymouth:1
Torre Zambra Madia Montelciano d'Abruzzo 2017 750ml,Other Reds,"Lompian Wines, LLC",3,0.0,,9.34,10.99,9.86,15,,0,0,Minnetonka:3
Tommasi Amarone Classico 750ml,Other Reds,The Wine Company,2,0.0,,53.58,70.99,58.95,25,,0,0,Andover:2
Toasted Head Chardonnay 750ml,Chardonnay,Johnson Brothers - St. Paul,19,0.0,610.7,6.76,12.49,10.96,46,,0,1,Osseo:19
Tisdale Sweet Red 750ml,Red Blends,Johnson Brothers - St. Paul,1,0.0,,3.55,5.99,,41,,0,0,Rosemount:1
Tisdale Shiraz 750ml,Syrah/Shiraz,Johnson Brothers - St. Paul,5,0.0,,2.92,5.99,,51,,0,0,Chanhassen:5
Tisdale Moscato 750ml,Moscato,Johnson Brothers - St. Paul,21,0.0,,3.0,5.99,,50,,0,0,Minnetonka:21
Tinto Rey Tempranillo 750ml,Other Reds,The Wine Company,0,0.0,,10.12,16.99,,40,,0,0,
Tintero Rosato 750ml,Rose,"New France Wine Co, Inc",10,0.0,321.4,8.88,11.49,3.93,23,,0,1,Ramsey:2;Osseo:8
Astoria Prosecco 750ml,Sparkling,Oxford Street Merchants,0,0.0,,5.36,16.99,,68,,0,0,
Astoria Pinot Grigio 750ml,Pinot Grigio/Gris,Oxford Street Merchants,4,0.0,,4.51,15.99,,72,,0,0,Minnetonka:4
Ariel Chardonnay N/A 750ml,Chardonnay,"Breakthru Beverage Minnesota Wine & Spirits, LLC",11,0.0,,8.76,14.99,12.96,42,,0,0,Roseville:11
Treana White 750ml,White Blends,"Grape Beginnings, Inc.",4,0.0,,14.22,24.49,20.45,42,,0,0,St. Louis Park:1;Minnetonka:3
Treana Chardonnay 750ml,Chardonnay,"Grape Beginnings, Inc.",2,0.0,,10.2,22.99,,56,,0,0,Minnetonka:1;Rosemount:1
G. D. Vajra Nebbiolo,Other Reds,"New France Wine Co, Inc",0,0.0,,16.88,20.99,17.95,20,,0,0,
G. D. Vajra Dolcetto D'Alba,Other Reds,"New France Wine Co, Inc",0,0.0,,13.54,23.99,19.96,44,,0,0,
G. D. Vajra Clare J.C. 750ml,Other Reds,"New France Wine Co, Inc",0,0.0,,17.21,26.99,,36,,0,0,
G. D. Vajra Barbera D'Alba Superiore,Other Reds,"New France Wine Co, Inc",5,0.0,,28.54,43.99,12.97,35,,0,0,Ramsey:5
G Duboeuf Beaujolais Nouveau,Other Reds,Paustis Wine,9,0.0,289.3,12.12,19.99,,39,,0,1,Cottage Grove:1;Osseo:1;Ramsey:3;Vadnais Heights:4
Fukucho Seaside Sparkling Sake 300ml,Fortified,"Maverick Beverage Co., LLC - MN",11,0.0,,22.92,42.99,35.96,47,,0,0,Minnetonka:3;St. Louis Park:8
Frontera Chardonnay 1.5L,Chardonnay,"Breakthru Beverage Minnesota Wine & Spirits, LLC",0,0.0,,6.86,12.49,10.96,45,,0,0,
Frog's Leap Sauvignon Blanc 750ml,Sauvignon Blanc,The Wine Company,0,0.0,,20.12,35.49,29.96,43,,0,0,
Fritzz Elderflower & Lime 750ml,Flavored,Rue 38 LLC,15,0.0,,9.46,14.99,,37,,0,0,Stillwater:5;Blaine:10
Dom de  la Cote L'Ange CDP Blanc '12,Red Blends,,3,0.0,,30.25,45.99,,34,,0,0,Chanhassen:3
Tre Pile Langhe Nebbiolo Carlin 750ml,Other Reds,"New France Wine Co, Inc",19,0.0,610.7,18.88,33.49,27.96,44,,0,1,Minnetonka:19
Dom Gaudets Beaujolais Blanc,Other Whites,The Wine Company,0,0.0,,10.79,18.99,15.96,43,,0,0,
Dom Dugois Arbois Chardonnay 750ml,Chardonnay,,0,0.0,,16.0,24.99,,36,,0,0,
Dom Des Lauriers Picpoul De Pinet,Other Whites,The Wine Company,1,0.0,,9.12,15.99,13.96,43,,0,0,Chanhassen:1
Dom De l'A 750ml,Europe,,0,0.0,,45.0,67.99,,34,,0,0,
Turley Dusi Zinfandel 2018 750ml,Zinfandel,"Grape Beginnings, Inc.",0,0.0,,38.34,59.99,42.95,36,,0,0,
Turley Cinsault 750ml,Other Reds,"Grape Beginnings, Inc.",3,0.0,96.4,24.0,35.99,,33,,0,1,Andover:3
Tua Rita Rosa Dei Notri 750ml,Other Reds,"Grape Beginnings, Inc.",2,0.0,,15.75,23.99,20.86,34,,0,0,Blaine:2
Tua Rita Perlato Del Bosco 750ml,Other Reds,"Grape Beginnings, Inc.",11,0.0,,27.75,36.99,30.86,25,,0,0,Minnetonka:11
Triga Alicante 750ml,Other Reds,The Wine Company,1,0.0,,22.0,44.99,,51,,0,0,Blaine:1
Triennes Sainte Fleur 2018/ D,Box Wines,"Maverick Beverage Co., LLC - MN",7,0.0,,14.12,19.99,,29,,0,0,Stillwater:7
Trefethen Eshcol Red 750ml,Red Blends,The Wine Company,5,0.0,,18.29,30.49,25.96,40,,0,0,Vadnais Heights:5
Atomic Boss Tropical Fusion 500ml,Flavored,Phillips Wine & Spirits - St. Paul,0,0.0,,2.75,2.49,1.96,-10,,0,0,
Atomic Boss Blue Rizz 500ml,Flavored,Phillips Wine & Spirits - St. Paul,0,0.0,,2.75,2.49,1.96,-10,,0,0,
Atomic Boss Berry Blast 500ml,Flavored,Phillips Wine & Spirits - St. Paul,0,0.0,,2.75,2.49,1.96,-10,,0,0,
Atance Bobal,Other Reds,Libation Project,6,0.0,,11.17,19.99,16.96,44,,0,0,Plymouth:6
Astoria Spago Prosecco 750ml,Sparkling,Oxford Street Merchants,1,0.0,32.1,2.42,15.99,,85,,0,1,Stillwater:1
Arbor Mist Raspberry Pink Moscato,Flavored,Johnson Brothers - St. Paul,0,0.0,,6.85,9.99,,31,,0,0,
Arbor Mist Exotic Fruits 1.5L,Flavored,Johnson Brothers - St. Paul,0,0.0,,6.85,9.99,,31,,0,0,
Arbor Mist Exotic Fruits,Flavored,Johnson Brothers - St. Paul,23,0.0,739.3,4.76,4.99,,5,,0,1,Cottage Grove:23
Arbo Malbec,Other Reds,,0,0.0,,,19.99,,,,0,0,
Two Birds One Stone Rose 750ml,Rose,"Maverick Beverage Co., LLC - MN",0,0.0,0.0,7.46,13.79,11.96,46,,0,1,
Twin Suns Res Cab Sauv 750ml,Cabernet,Bellboy Corporation,6,0.0,,10.07,19.99,,50,,0,0,Chanhassen:6
Turley Ueberroth Zinfandel 2020 750ml,Zinfandel,"Grape Beginnings, Inc.",4,0.0,,585.0,74.99,,-680,,0,0,Minnetonka:4
Turley Old Vine Zinfandel 750ml,Zinfandel,"Grape Beginnings, Inc.",0,0.0,,24.0,34.99,31.96,31,,0,0,
Turley Kirschenman Zinfandel 750ml,Zinfandel,"Grape Beginnings, Inc.",0,0.0,,30.0,38.99,32.95,23,,0,0,
Turley Judge Bell Zinfandel 2020 750ml,Zinfandel,"Grape Beginnings, Inc.",0,0.0,,30.0,44.99,,33,,0,0,
Turley Hayne Petite Syrah 2020 750ml,Other Reds,"Grape Beginnings, Inc.",1,0.0,,63.75,95.99,,34,,0,0,St. Louis Park:1
Dom Roche-Guillon Beaujolais 750ml,Other Reds,The Wine Company,1,0.0,,10.79,17.99,,40,,0,0,Minnetonka:1
Dom Raspail-Ay Gigondas 750ml,Red Blends,"Maverick Beverage Co., LLC - MN",4,0.0,,33.45,59.99,36.95,44,,0,0,Minnetonka:4
Dom Janasse VDP Rose 750ml,Rose,,0,0.0,,7.33,14.99,,51,,0,0,
Dom Gueguen Saint Bris 750ml,Other Whites,"Lompian Wines, LLC",6,0.0,192.9,14.48,17.99,15.86,20,,0,1,Vadnais Heights:6
Dom Gayda 'Cepage' Syrah,Syrah/Shiraz,Origin Wine & Spirits,8,0.0,,9.08,14.99,12.96,39,,0,0,Chanhassen:8
Domaine Les Pallieres Gigondas Terrasse du Diable 2020 750ml,Red Blends,"Maverick Beverage Co., LLC - MN",3,0.0,,32.12,47.99,,33,,0,0,St. Louis Park:3
Louis Jadot Beaujolais 750ml,Other Reds,Southern Glazer's Wine & Spirits of MN,8,0.0,,0.38,12.99,,97,,0,0,Roseville:1;Rosemount:7
Lost Slough Cortese 2019/ D,,,2,0.0,,13.49,20.23,,33,,0,0,Stillwater:2
Los Conejos Malditos White 750ml,Other Whites,Libation Project,0,0.0,,10.5,18.99,15.96,45,,0,0,
Mark West Black Pinot Noir 750ml,Pinot Noir,Johnson Brothers - St. Paul,24,0.0,771.4,10.76,17.99,,40,,0,1,Woodbury:2;Plymouth:5;Minnetonka:7;Ramsey:10
Mark Ryan 216 Miles To Go Cab Sauv 750ml,Cabernet,"Grape Beginnings, Inc.",9,0.0,289.3,26.6,45.99,37.96,42,,0,1,St. Louis Park:9
Marguet Ambonnay Grand Cru Brut 750ml,Sparkling,"Bourget Imports, LLC",3,0.0,,78.96,118.99,98.96,34,,0,0,Minnetonka:3
Manischewitz Elderberry,Flavored,Johnson Brothers - St. Paul,2,0.0,,5.42,6.99,5.86,22,,0,0,Stillwater:2
Manciat Macon -Charnay Franclieu 750ml,Chardonnay,"New France Wine Co, Inc",2,0.0,,14.22,29.99,,53,,0,0,Minnetonka:2
"Mamete Prevostini ""Monrose"" Rosato 750ml",Rose,"Bourget Imports, LLC",2,0.0,,16.81,26.99,,38,,0,0,Andover:2
"Mamete Prevostini ""Botonero"" Nebbiolo",Other Reds,"Bourget Imports, LLC",0,0.0,,20.15,30.49,25.96,34,,0,0,
Malvira Birbet Brachetto 750ml,Fortified,,0,0.0,,14.5,22.99,,37,,0,0,
Chateau Latour Martillac Pessac-Leognan 2019,Red Blends,Bellboy Corporation,0,0.0,,2.8,26.99,22.45,90,,0,0,
Chateau Lagrange Les Tours 750ml,Other Reds,Phillips Wine & Spirits - St. Paul,31,0.0,,44.29,71.99,48.95,38,,0,0,St. Louis Park:31
Chateau La Croix de Gay Pomerol 2020 750ml,Red Blends,Bellboy Corporation,41,0.0,1317.9,33.84,43.99,36.95,23,,0,1,Chanhassen:8;St. Louis Park:13;Blaine:20
Chateau Kirwan Margaux 2020 750ml,Red Blends,Bellboy Corporation,18,0.0,578.6,42.42,55.99,45.95,24,,0,1,St. Louis Park:2;Blaine:16
Dom des Homs L'Armandier 750ml,Other Reds,"New France Wine Co, Inc",5,0.0,160.7,11.54,17.99,,36,,0,1,Blaine:5
Franzia Merlot 3L Box,Merlot,Southern Glazer's Wine & Spirits of MN,7,0.0,,9.13,14.99,12.96,39,,0,0,Woodbury:1;Plymouth:6
Anthill Farms Sonoma Coast Pinot Noir 750ml,Pinot Noir,"Bourget Imports, LLC",1,0.0,,27.33,49.99,,45,,0,0,Minnetonka:1
Ultraviolet Cabernet Sauv 750ml,Cabernet,Libation Project,2,0.0,64.3,12.17,20.99,17.96,42,,0,1,Minnetonka:2
Two Vines Red Blend 750ml,Red Blends,Southern Glazer's Wine & Spirits of MN,0,0.0,,6.07,11.49,9.96,47,,0,0,
Two Princes Riesling,Other Whites,,5,0.0,,7.0,18.99,,63,,0,0,Stillwater:5
Two Mountain Riesling 750ml,Other Whites,Small Lot MN,7,0.0,,9.0,17.99,,50,,0,0,Stillwater:7
Two Mountain Merlot 750ml,Merlot,Small Lot MN,7,0.0,,16.0,25.99,,38,,0,0,Vadnais Heights:7
Arbor Mist Strawberry 750ml,Flavored,Johnson Brothers - St. Paul,0,0.0,,4.76,4.99,,5,,0,0,
Frey Organic Cabernet Sauvignon 750ml,Cabernet,Oxford Street Merchants,0,0.0,,10.98,19.99,16.96,45,,0,0,
Frei Brothers Alexander Cab 750ml,Cabernet,Johnson Brothers - St. Paul,0,0.0,,16.76,27.99,,40,,0,0,
Fre Rose N/A 750ml,Rose,Phillips Wine & Spirits - St. Paul,0,0.0,,6.76,12.99,10.96,48,,0,0,
Fre Moscato 750ml,Other Whites,Phillips Wine & Spirits - St. Paul,2,0.0,64.3,6.76,12.99,10.96,48,,0,1,Plymouth:2
Domaine Matrot Monthelie 2019,Pinot Noir,The Wine Company,5,0.0,,35.38,48.99,19.98,28,,0,0,Woodbury:1;Chanhassen:4
Domaine Long Depaquit Chablis 750ml,Chardonnay,Oxford Street Merchants,12,0.0,,20.56,39.99,32.96,49,,0,0,St. Louis Park:1;Minnetonka:3;Blaine:8
Domaine Lionnet 2017 Cornas Terre Brul?e 750ml,Syrah/Shiraz,,0,0.0,,47.93,84.99,,44,,0,0,
Valentina Passalacqua Calcarius Bianco  750ml,Other Whites,Libation Project,0,0.0,,17.5,31.99,26.96,45,,0,0,
VVS La Passione Sweet Red 750ml,Flavored,"New France Wine Co, Inc",8,0.0,,5.37,10.99,,51,,0,0,Rosemount:8
Urogallo Fanferria Red,Other Reds,,0,0.0,,,19.99,,,,0,0,
Union Sacre Sylvaner 750ml,Other Whites,"Tradition Wine & Spirits, LLC",16,0.0,,17.17,20.99,17.86,18,,0,0,Plymouth:16
Union Sacre Pinot Noir 750ml,Pinot Noir,"Tradition Wine & Spirits, LLC",0,0.0,,17.17,29.99,24.96,43,,0,0,
Union Sacre Pinot Blanc 750ml,Other Whites,"Tradition Wine & Spirits, LLC",0,0.0,,15.17,19.99,16.95,24,,0,0,
Union Sacre Cabernet Franc 750ml,Cabernet,"Tradition Wine & Spirits, LLC",12,0.0,385.7,17.17,19.99,16.95,14,,0,1,Plymouth:1;Stillwater:2;St. Louis Park:9
"Union Sacre ""Orange Riesling"" 750ml",Other Whites,"Tradition Wine & Spirits, LLC",0,0.0,,17.17,29.99,24.96,43,,0,0,
Underwood Nouveau Pinot Noir 375ml,Pinot Noir,Oxford Street Merchants,1,0.0,,4.17,6.49,5.96,36,,0,0,Cottage Grove:1
Underwood Cellars Pinot Noir 750ml,Pinot Noir,Oxford Street Merchants,0,0.0,,8.58,14.99,12.96,43,,0,0,
Antigal Cabernet Sauvignon 750ml,Cabernet,Southern Glazer's Wine & Spirits of MN,5,0.0,,11.78,20.99,17.96,44,,0,0,Vadnais Heights:5
Domaine La Cabotte Massif d'Uchaux Cotes du Rhone Villages 750ml,Red Blends,"New France Wine Co, Inc",2,0.0,,17.88,31.99,26.96,44,,0,0,Minnetonka:2
Domaine Dujac Chambolle Musigny 2019,Pinot Noir,"Maverick Beverage Co., LLC - MN",2,0.0,,89.77,159.99,,44,,0,0,Roseville:2
Domaine Dozon Chinon?Rose 750ml,Rose,"Maverick Beverage Co., LLC - MN",2,0.0,64.3,14.66,29.99,,51,,0,1,Plymouth:2
Domaine De Bel-Air Les Granits 750ml,Other Reds,"Lompian Wines, LLC",1,0.0,,,16.99,,,,0,0,Stillwater:1
Domaine Anderson Pinot Noir 750ml,Pinot Noir,Oxford Street Merchants,10,0.0,,35.09,60.99,50.96,42,,0,0,Chanhassen:3;Blaine:7
"Angelo Negro Roero ""Pracchiosso""",Other Reds,Libation Project,0,0.0,,23.5,30.49,25.95,23,,0,0,
Angeline Reserve Cabernet 750ml,Cabernet,Oxford Street Merchants,0,0.0,0.0,8.71,17.99,12.96,52,,0,1,
Andre Pineapple Mimosa 750ml,Flavored,Johnson Brothers - St. Paul,0,0.0,,4.92,8.99,7.96,45,,0,0,
Vibe Margarita 500ml,Flavored,Johnson Brothers - St. Paul,0,0.0,0.0,1.91,3.49,2.96,45,1 on 10 (dinkytown only),0,1,
Vibe Mango 500ml,Flavored,Johnson Brothers - St. Paul,3,0.0,,1.91,3.49,2.96,45,1 on 10 (dinkytown only),0,0,Minneapolis:3
Veuve Clicquot Reserve Rose Vintage 750ml,Sparkling,Oxford Street Merchants,3,0.0,,90.18,155.99,129.96,42,,0,0,Blaine:3
Veuve Clicquot La Grande Dame 750ml,Sparkling,Oxford Street Merchants,1,0.0,,165.18,239.99,199.96,31,,0,0,Blaine:1
Verus Sauvignon Blanc 750ml,Sauvignon Blanc,"Bourget Imports, LLC",2,0.0,,15.62,28.99,23.96,46,,0,0,Osseo:2
Verus Pinot Gris,Pinot Grigio/Gris,,7,0.0,225.0,12.29,6.99,5.86,-76,,0,1,Stillwater:7
Versante Nord Nerello Mascalese  750ml,Other Reds,"New France Wine Co, Inc",7,0.0,,24.0,34.99,,31,,0,0,Minnetonka:7
Venge Silencieux Cabernet 750ml,Cabernet,"Maverick Beverage Co., LLC - MN",0,0.0,,56.25,59.99,49.95,6,,0,0,
Venge Brown Ranch Chardonnay 750ml,Chardonnay,"Maverick Beverage Co., LLC - MN",2,0.0,,36.5,59.99,,39,,0,0,Chanhassen:1;Minnetonka:1
Vendange White Zin 1.5L,Zinfandel,Johnson Brothers - St. Paul,1,0.0,32.1,8.85,9.99,,11,,0,1,Ramsey:1
Vendange Merlot 1.5L,Merlot,Johnson Brothers - St. Paul,0,0.0,,8.85,9.99,,11,,0,0,
Velenosi Pecorino 750ml,Other Whites,"Maverick Beverage Co., LLC - MN",0,0.0,,15.46,26.99,22.96,43,,0,0,
Valserano Graciano Rioja 750ml,Other Reds,Rue 38 LLC,3,0.0,,27.67,47.99,39.96,42,,0,0,Minnetonka:3
Vigin Moscato d' Asti 750ml,Sparkling,,1,0.0,,11.0,16.99,,35,,0,0,Vadnais Heights:1
Vieux Telegraphe CDP 16,Red Blends,"Grape Beginnings, Inc.",12,0.0,,58.5,95.99,79.96,39,,0,0,Minnetonka:12
Vietti Moscato d'Asti 750ml,Sparkling,The Wine Company,0,0.0,,13.12,23.99,19.96,45,,0,0,
Anselmi San Vincenzo Veneto,Other Reds,,0,0.0,,10.0,9.99,,0,,0,0,
Domaine de la Solitude CDR Blanc 750ml,White Blends,"Maverick Beverage Co., LLC - MN",0,0.0,,11.12,19.99,16.96,44,,0,0,
Domaine de L'Idylle Savoie Cruet,Other Whites,"New France Wine Co, Inc",1,0.0,,12.88,23.99,19.96,46,,0,0,Minnetonka:1
Domaine de Carteresses Tavel 750ml,Rose,The Wine Company,6,0.0,192.9,11.46,18.99,,40,,0,1,Osseo:2;Ramsey:4
Domaine Ste Mich Brut 750ml,Sparkling,Southern Glazer's Wine & Spirits of MN,0,0.0,,10.73,15.99,,33,,0,0,
Domaine Serene Evenstad Chardonnay 750ml,Chardonnay,Oxford Street Merchants,4,0.0,,56.85,71.99,59.96,21,,0,0,Minnetonka:4
Domaine Serene ER Pinot Noir 750ml,Pinot Noir,Oxford Street Merchants,13,0.0,417.9,66.85,98.99,83.96,32,,0,1,Woodbury:1;St. Louis Park:12
Domaine Saint-Sernin Mirliflor 750ml,Rose,,2,0.0,,6.13,11.99,,49,,0,0,Osseo:2
Domaine Romanin Pouilly Fuisse,Chardonnay,"New France Wine Co, Inc",0,0.0,,22.21,38.99,32.96,43,,0,0,
Domaine Roger Perrin CDP,Red Blends,"New France Wine Co, Inc",0,0.0,,35.21,65.99,54.96,47,,0,0,
Domaine Pont Briand Pays de Vaucluse,Red Blends,The Wine Company,0,0.0,,5.78,14.99,,61,,0,0,
Domaine Petroni Corse Rouge,Other Reds,,0,0.0,,4.62,15.99,,71,,0,0,
Franciscan Sauvignon Blanc 750ml,Sauvignon Blanc,Johnson Brothers - St. Paul,11,0.0,,8.76,15.99,13.96,45,,0,0,Stillwater:11
Ameztoi Txakolina 750ml,Other Whites,"New France Wine Co, Inc",7,0.0,,18.88,35.49,29.96,47,,0,0,Minnetonka:2;Minneapolis:5
Amami Shochu Kokuto Shochu Selephant 750ML/ D,,,0,0.0,0.0,43.0,64.5,,33,,0,1,
Vina Vik Red Blend 2021 750ml,Red Blends,"Breakthru Beverage Minnesota Wine & Spirits, LLC",0,0.0,,116.19,173.99,117.15,33,,0,0,
Vina Skaramuca Plavac 750ml,Other Reds,"New France Wine Co, Inc",7,0.0,,13.54,24.99,20.96,46,,0,0,Blaine:7
Fowler Wine Meritage Red Blend/ D,,,0,0.0,0.0,16.5,24.73,,33,,0,1,
Fowler Wine Cabernet Sauvignon / D,Accessories,,0,0.0,,16.0,20.99,,24,,0,0,
Four Virtues Bourbon Barrel Zinfandel 750ml,Zinfandel,Johnson Brothers - St. Paul,0,0.0,,12.75,19.99,,36,,0,0,
Four Graces Pinot Blanc 750ml,Other Whites,Southern Glazer's Wine & Spirits of MN,5,0.0,160.7,13.4,23.99,19.96,44,,0,1,Rosemount:5
Fossil Point Edna Valley Pinot Noir 750ml,Pinot Noir,"New France Wine Co, Inc",2,0.0,64.3,14.88,26.99,22.96,45,,0,1,Minnetonka:2
Fortant Grenache Rose 750ml,Rose,"Vinocopia, Inc",0,0.0,0.0,7.35,13.99,,47,,0,1,
Fortant Altitude Cabernet 750ml,Cabernet,"Vinocopia, Inc",0,0.0,,8.15,13.79,11.96,41,,0,0,
Forge Cellars Pinot Noir 750ml,Pinot Noir,"Grape Beginnings, Inc.",4,0.0,128.6,22.5,32.74,27.45,31,,0,1,Blaine:4
Forest Glen White Merlot 750ml,Merlot,"Breakthru Beverage Minnesota Wine & Spirits, LLC",0,0.0,0.0,0.08,9.99,,99,,0,1,
Villa Jolanda Moscato Coconut 750ml,Other Whites,Rue 38 LLC,0,0.0,0.0,10.0,18.99,15.96,47,,0,1,
Villa Jolanda I love you Prosecco 187ml,Sparkling,Rue 38 LLC,6,0.0,192.9,4.0,6.49,5.96,38,,0,1,Ramsey:6
Villa Jolanda I Love You Spark 750ml,Sparkling,Rue 38 LLC,0,0.0,,8.67,18.99,15.96,54,,0,0,
Chateau Kirwan Margaux 2019 750ml,Red Blends,Bellboy Corporation,6,0.0,,5.32,59.99,49.96,91,,0,0,Minnetonka:6
"Chateau Haut Colombier, Blaye Bordeaux 750ml",Red Blends,Bellboy Corporation,1,0.0,,10.71,23.99,19.96,55,,0,0,Vadnais Heights:1
Chateau Gruaud Larose St Julien 750ml,Other Reds,Phillips Wine & Spirits - St. Paul,11,0.0,,73.51,119.99,99.96,39,,0,0,Blaine:11
Chateau Grand Puy Ducasse Red 750ml,Other Reds,Phillips Wine & Spirits - St. Paul,116,0.0,,33.2,59.99,44.95,45,,0,0,St. Louis Park:57;Blaine:59
Lyeth Red Meritage 750ml,Red Blends,The Wine Company,5,0.0,,8.79,13.99,12.86,37,,0,0,Ramsey:5
Lustau Fino Jarana Solera Familiar 375ml,Fortified,The Wine Company,2,0.0,,9.12,10.99,9.86,17,,0,0,Minneapolis:2
Chateau Gloria St Julien 2020 750ml,Red Blends,Bellboy Corporation,0,0.0,,34.66,59.99,52.96,42,,0,0,
Chateau Gloria Red 750ml,Other Reds,Phillips Wine & Spirits - St. Paul,43,0.0,,34.9,59.99,34.95,42,,0,0,Blaine:11;Minnetonka:11;St. Louis Park:21
Chateau Ferriere Margaux 2019 750ml,Red Blends,Bellboy Corporation,9,0.0,,2.69,38.99,32.86,93,,0,0,Minnetonka:9
Chateau De La Cour D'Argent 750ml,Red Blends,Bellboy Corporation,0,0.0,,2.89,14.99,12.96,81,,0,0,
Chateau De Carles 2019 750ml,Red Blends,Bellboy Corporation,30,0.0,964.3,5.32,23.99,10.95,78,,0,1,Chanhassen:2;Minnetonka:28
Chateau Croisille CocoriCot 750ml,Red Blends,"Bourget Imports, LLC",16,0.0,,12.81,23.99,19.96,47,,0,0,Minnetonka:8;St. Louis Park:8
Chateau Clos l'Eglise Pomerol 2020 750ml,Red Blends,Bellboy Corporation,8,0.0,,71.03,149.99,129.96,53,,0,0,St. Louis Park:2;Blaine:6
Chateau Cantemerle 2019 750ml,Red Blends,Bellboy Corporation,12,0.0,385.7,2.69,40.49,29.95,93,,0,1,St. Louis Park:4;Minnetonka:8
Andezon Cote Du Rhone 750ml,Red Blends,,0,0.0,,9.92,13.99,,29,,0,0,
Ancient Peaks Paso Robles Sauv Blanc 750ml,Sauvignon Blanc,"Grape Beginnings, Inc.",3,0.0,,11.25,19.99,16.96,44,,0,0,Minnetonka:3
Almare Spritz Classico 750ml,Sparkling,The Wine Company,10,0.0,321.4,13.58,19.99,,32,,0,1,Chanhassen:10
Alma Negra Brut Nature Rose 750ml,Sparkling,The Wine Company,0,0.0,,15.46,24.99,,38,,0,0,
Alice Verdeca 750ml,Other Whites,"Bourget Imports, LLC",4,0.0,,12.81,22.49,18.96,43,,0,0,Stillwater:1;Minnetonka:3
Alfredo Maestro Vina Almate Tempranillo 750ml,Other Reds,"Maverick Beverage Co., LLC - MN",2,0.0,,16.66,29.99,,44,,0,0,Blaine:2
Alexis Bailly Voyageur 750ml,Red Blends,The Wine Company,5,0.0,,20.0,31.99,,37,,0,0,Rosemount:5
William Fevre Chablis  Montmai 750ml,Chardonnay,The Wine Company,0,0.0,,40.64,65.99,54.96,38,,0,0,
Wiley Wines Grenache 750ml,Other Reds,"New France Wine Co, Inc",21,0.0,675.0,16.21,27.99,23.96,42,,0,1,Roseville:10;Blaine:11
Wild Vines Blackberry Red Blend 1.5L,Flavored,Johnson Brothers - St. Paul,0,0.0,,6.44,9.99,,36,,0,0,
Whiplash Red Wine 750ml,Red Blends,,2,0.0,,8.0,10.99,,27,,0,0,Osseo:2
West 32 Soju Classic 750ml,Fortified,Libation Project,0,0.0,,15.11,19.99,16.95,24,,0,0,
Warre's White Port 750ml,Fortified,The Wine Company,0,0.0,,16.12,27.99,23.96,42,,0,0,
W&L Graham's Fine Ruby Porto 750ML/ D,Accessories,,0,0.0,,16.73,20.99,,20,,0,0,
Vom Boden Peter Lauer Barrel X 750ml,Other Whites,,3,0.0,96.4,18.0,27.99,,36,,0,1,Chanhassen:3
Vom Boden Julian Haart 750ml,Other Whites,,1,0.0,32.1,16.0,24.99,,36,,0,1,Chanhassen:1
Vitiano Bianco,Other Whites,"Grape Beginnings, Inc.",0,0.0,,9.33,15.99,,42,,0,0,
Andre Brut Rose Can 375ml,Sparkling,Johnson Brothers - St. Paul,0,0.0,,2.46,5.99,,59,,0,0,
Dunham Cellars Three Legged Red/ D,Accessories,,7,0.0,,12.75,17.99,,29,,0,0,Stillwater:7
Dow's Vale Do Bomfim Douro,Red Blends,"Maverick Beverage Co., LLC - MN",0,0.0,,7.62,13.79,11.96,45,,0,0,
Dow's Quinta do Vesuvio 2019 750ml,Fortified,,6,0.0,,58.33,71.99,59.95,19,,0,0,St. Louis Park:6
Dow's Fine Ruby Porto 750ml,Fortified,"Maverick Beverage Co., LLC - MN",2,0.0,64.3,10.62,19.99,,47,,0,1,Ramsey:2
Douloufakis Dafnios Vidiano,Other Reds,The Wine Company,3,0.0,,12.79,13.99,12.86,9,,0,0,Plymouth:3
Douloufakis Dafnios Liatiko 750ml,Red Blends,The Wine Company,23,0.0,,12.79,23.99,19.96,47,,0,0,Woodbury:7;Blaine:8;Vadnais Heights:8
Dona Paula Los Cardos Cab 750ml,Cabernet,Phillips Wine & Spirits - St. Paul,6,0.0,,6.36,9.99,,36,,0,0,Ramsey:6
Dona Paula Estate Red Blend 750ml,Red Blends,Phillips Wine & Spirits - St. Paul,0,0.0,,8.36,16.99,,51,,0,0,
Don Rodolfo Cabernet Sauvignon 750ml,Cabernet,The Wine Company,0,0.0,,,12.99,,,,0,0,
Domaine des Baumard Savennieres 750ml,Other Whites,The Wine Company,0,0.0,,28.79,51.99,42.96,45,,0,0,
Folk Machine White Light 750ml,Other Whites,"New France Wine Co, Inc",4,0.0,,11.54,17.99,,36,,0,0,Minnetonka:4
Flybird Blood Orange 750ml,Flavored,Southern Glazer's Wine & Spirits of MN,0,0.0,,8.07,13.79,11.96,41,,0,0,
Altano Douro Organic Red,Other Reds,The Wine Company,1,0.0,,16.92,24.99,,32,,0,0,Minnetonka:1
Alta Mora Etna Rosso 750ml,Other Reds,Southern Glazer's Wine & Spirits of MN,0,0.0,,18.05,19.99,,10,,0,0,
Alpha Estate Xinomavro Hedgehog Vineyard,Other Reds,The Wine Company,31,0.0,996.4,16.79,27.99,,40,,0,1,Blaine:5;Plymouth:7;Andover:9;Woodbury:10
Almare Spritz Hugo 750ml,Sparkling,The Wine Company,2,0.0,,13.58,19.99,,32,,0,0,Chanhassen:2
Field Recordings Chenin Blanc 750ml,Other Whites,"Tradition Wine & Spirits, LLC",5,0.0,,15.83,22.49,18.95,30,,0,0,Vadnais Heights:2;Stillwater:3
Field Recordings Cabernet Franc Petnat 750ml,Sparkling,"Tradition Wine & Spirits, LLC",12,0.0,385.7,15.17,23.99,19.96,37,,0,1,Chanhassen:2;Woodbury:4;Plymouth:6
Field Recordings Acqua Pazza 750ml,Sparkling,"Tradition Wine & Spirits, LLC",9,0.0,289.3,12.5,23.99,19.96,48,,0,1,Woodbury:1;St. Louis Park:3;Cottage Grove:5
"Field Recordings ""Rose"" 750ml",Rose,"Tradition Wine & Spirits, LLC",3,0.0,,0.5,11.99,10.86,96,,0,0,Chanhassen:3
Fetzer AH Pinot Grigio 1.5L,Pinot Grigio/Gris,"Breakthru Beverage Minnesota Wine & Spirits, LLC",1,0.0,,0.53,15.99,,97,,0,0,Woodbury:1
Fetzer AH Cabernet Sauvignon 1.5L,Cabernet,"Breakthru Beverage Minnesota Wine & Spirits, LLC",3,0.0,,8.19,13.79,11.96,41,,0,0,Woodbury:3
Ferraton Hermitage Rouge Le Meal  750ml,Syrah/Shiraz,"New France Wine Co, Inc",0,0.0,,68.0,144.99,,53,,0,0,
Alain Voge Cornas Les Vieilles Vignes,Other Reds,,0,0.0,0.0,68.33,119.99,74.95,43,,0,1,
Aix Cellar - Coteaux D'Aix-En-Provence/ D,,,0,0.0,,12.0,15.99,6.47,25,,0,0,
Airfield Estates Merlot 750ml,Merlot,"Bourget Imports, LLC",6,0.0,,12.81,23.99,12.95,47,,0,0,Blaine:1;Osseo:1;Plymouth:1;St. Louis Park:1;Cottage Grove:2
Airfield Estates Cabernet Sauvignon 750ml,Cabernet,"Bourget Imports, LLC",6,0.0,,12.81,23.99,12.95,47,,0,0,Osseo:6
Flechas De Los Andes Gran Malbec 750ml,Malbec,Phillips Wine & Spirits - St. Paul,0,0.0,,21.52,37.99,31.96,43,,0,0,
Figgins Family Estate Red 750ml,Red Blends,The Wine Company,1,0.0,32.1,70.67,92.99,77.86,24,,0,1,Plymouth:1
Figgins Family Estate Red 2012 750ml,Red Blends,The Wine Company,4,0.0,,66.67,119.99,72.95,44,,0,0,Blaine:4
Duseigneur Minha Terra Rouge,Other Reds,"Bourget Imports, LLC",8,0.0,,12.67,24.99,,49,,0,0,Woodbury:8
Dupeuble Beaujolais Village,Other Reds,"New France Wine Co, Inc",0,0.0,,14.54,23.99,,39,,0,0,
Woodbridge Red Blend 750ml,Red Blends,Southern Glazer's Wine & Spirits of MN,0,0.0,,4.07,7.99,6.96,49,,0,0,
Woodbridge Pinot Noir 750ml,Pinot Noir,Southern Glazer's Wine & Spirits of MN,6,0.0,,4.07,7.99,6.96,49,,0,0,Vadnais Heights:6
Woodbridge Pinot Noir 3L Box,Pinot Noir,Southern Glazer's Wine & Spirits of MN,0,0.0,,12.32,21.99,,44,,0,0,
Woodbridge Merlot 4pk 187ml,Merlot,Southern Glazer's Wine & Spirits of MN,2,0.0,,5.47,9.99,,45,,0,0,Stillwater:2
Agostina Pierri Rosso di Montalcino 750ml,Other Reds,"New France Wine Co, Inc",1,0.0,,17.33,29.99,,42,,0,0,Minnetonka:1
Adelsheim Willamette Valley Chardonnay 750ml,Chardonnay,Libation Project,4,0.0,128.6,23.5,38.99,32.96,40,,0,1,Roseville:4
Ace Armand De Brignac 750ml,Sparkling,Southern Glazer's Wine & Spirits of MN,3,0.0,,225.12,318.99,269.96,29,,0,0,Minnetonka:3
Abadia de San Quirce M9,Other Reds,Bellboy Corporation,0,0.0,,25.17,59.99,,58,,0,0,
Woodbridge Chardonnay 4pk 187ml,Chardonnay,Southern Glazer's Wine & Spirits of MN,9,0.0,,5.47,9.99,,45,,0,0,Plymouth:2;Roseville:2;Chanhassen:5
Woodbridge Cab Sauv 4pk 187ml,Cabernet,Southern Glazer's Wine & Spirits of MN,2,0.0,,5.47,9.99,,45,,0,0,Stillwater:2
Alexander Valley Sin Zin 750ml,Zinfandel,,6,0.0,,10.62,24.99,,58,,0,0,Stillwater:6
Alexander Valley Merlot 750ml,Merlot,,0,0.0,,12.63,15.99,13.95,21,,0,0,
Alexander Valley Homestead Red 750ml,Red Blends,,5,0.0,,12.32,15.99,13.95,23,,0,0,Ramsey:5
Dry Sack Medium Dry Sherry 750ml,Fortified,Bellboy Corporation,2,0.0,,13.33,19.99,,33,,0,0,Rosemount:2
Dry Creek The Mariner Meritage 750ml,Red Blends,"Breakthru Beverage Minnesota Wine & Spirits, LLC",2,0.0,,30.19,44.99,37.96,33,,0,0,Woodbury:2
Drew The Suitcase Pinot Noir 750ml,Pinot Noir,"Tradition Wine & Spirits, LLC",0,0.0,,19.17,24.99,,23,,0,0,
"90+ Cellars Lot 223 Cab Sauv, Stags Leap 750ml",Cabernet,Bellboy Corporation,0,0.0,,24.54,53.99,44.96,55,,0,0,
90+ Cellars Organic Prosecco 750ml,Sparkling,Bellboy Corporation,0,0.0,,7.74,19.99,,61,,0,0,
A&P De Villaine Le Clous Amie Blanc 750ml,Chardonnay,"New France Wine Co, Inc",3,0.0,,32.33,59.99,49.96,46,,0,0,Minnetonka:3
A Tribute to Grace Rose 750ml,Rose,"Tradition Wine & Spirits, LLC",9,0.0,,18.0,22.99,19.86,22,,0,0,Chanhassen:9
Famiglia Castellani Toscana Sangiovese 750 ml/ D,Accessories,,0,0.0,,12.66,16.99,,25,,0,0,
Fairbanks Port 750ml,Fortified,Johnson Brothers - St. Paul,0,0.0,,5.66,7.99,,29,,0,0,
Fairbanks Cream Sherry 750ml,Fortified,Southern Glazer's Wine & Spirits of MN,0,0.0,,5.66,8.99,,37,,0,0,
Eyrie SPARK Rose 750ml,Rose,The Wine Company,12,0.0,,20.0,33.49,27.96,40,,0,0,Minnetonka:12
Exhib Rose 750ml,Rose,Rue 38 LLC,0,0.0,,8.67,15.99,,46,,0,0,
Eugene Muller Basalt Riesling Kabinett 750ml,Other Whites,The Wine Company,4,0.0,128.6,12.42,21.99,,44,,0,1,St. Louis Park:1;Chanhassen:3
Esterhazy Zweigelt,Other Reds,Libation Project,0,0.0,,15.0,24.99,,40,,0,0,
Elio Perrone Sourgal Moscato d Asti 750ml,Sparkling,"New France Wine Co, Inc",3,0.0,,11.95,22.99,,48,,0,0,St. Louis Park:3
Elio Perrone Bigaro Rose 750ml,Fortified,"New France Wine Co, Inc",3,0.0,,14.54,25.99,21.96,44,,0,0,Vadnais Heights:3
A Tribute to Grace Grenache 750ml,Other Reds,"Tradition Wine & Spirits, LLC",7,0.0,,20.0,30.99,23.95,35,,0,0,Chanhassen:7
90+ Collector Fort Ross Pinot Noir '20 750ml,Pinot Noir,Bellboy Corporation,1,0.0,,16.53,35.49,29.96,53,,0,0,Ramsey:1
Woodbridge Rose 1.5L,Rose,Southern Glazer's Wine & Spirits of MN,0,0.0,,7.2,12.99,10.96,45,,0,0,
Emmolo Merlot 750ml,Merlot,Oxford Street Merchants,0,0.0,,37.64,49.99,41.96,25,,0,0,
Elk Cove Pinot Blanc 750ml,Other Whites,"New France Wine Co, Inc",0,0.0,,13.54,22.99,,41,,0,0,
2018 Ch de Rayne Vigneau Sauternes 750ml,Red Blends,Bellboy Corporation,2,0.0,,24.78,74.99,,67,,0,0,Andover:2
2018 Ch de Rayne Vigneau Sauternes 375ml,Red Blends,Bellboy Corporation,0,0.0,,9.59,44.99,,79,,0,0,
2017 Chateau Meyney Saint-Estephe 750ml,Red Blends,Bellboy Corporation,0,0.0,,24.14,49.99,,52,,0,0,
2017 Chateau Grand Puy Ducasse Pauillac 750ml,Red Blends,Bellboy Corporation,0,0.0,,38.55,59.99,54.96,36,,0,0,
19 Crimes The Punishment,Pinot Noir,,0,0.0,,7.14,8.99,7.96,21,,0,0,
Elisabetta Prosecco 750ml,Sparkling,Libation Project,0,0.0,,9.33,15.99,,42,,0,0,
d'Arenberg The Footbolt Shiraz 750ml,Syrah/Shiraz,Small Lot MN,4,0.0,,14.79,24.99,21.96,41,,0,0,Minnetonka:4
d'Arenberg Laughing Magpie Shiraz-Viognier 750ml,Syrah/Shiraz,Small Lot MN,0,0.0,,18.4,29.99,,39,,0,0,
Zuccardi Series A Torrontes 750ml,Other Whites,"Bourget Imports, LLC",5,0.0,,13.48,12.99,11.86,-4,,0,0,Stillwater:5
Zonin Moscato 750ml,Moscato,Phillips Wine & Spirits - St. Paul,0,0.0,,6.92,14.99,,54,,0,0,
"Zlatan, Crljenak",Other Reds,"New France Wine Co, Inc",1,0.0,,27.71,49.99,,45,,0,0,Plymouth:1
Zlatan Posip,Other Whites,"New France Wine Co, Inc",0,0.0,,13.46,22.99,,41,,0,0,
ZD Reserve Chardonnay 750ml,Chardonnay,Paustis Wine,0,0.0,,54.17,81.99,,34,,0,0,
Eden Ciders Brut Rose 12oz can,Box Wines,"Bourget Imports, LLC",26,0.0,851.8,3.33,5.99,4.96,44,,0,1,Blaine:26
El Nido Clio Jumilla,Other Reds,Oxford Street Merchants,2,0.0,,33.52,58.99,48.96,43,,0,0,St. Louis Park:2
Eira Dos Mouros Tinto,Other Reds,"New France Wine Co, Inc",1,0.0,,9.94,17.99,,45,,0,0,Rosemount:1
Yobo K Town Yuzu & Elderflower Soju 750ml,Fortified,"Vinocopia, Inc",0,0.0,,19.58,25.99,21.95,25,,0,0,
Yobo K Town Peach & Chili Soju 750ml,Fortified,"Vinocopia, Inc",0,0.0,,19.58,24.99,20.95,22,,0,0,
Yellow Tail Shiraz 750ml,Syrah/Shiraz,Phillips Wine & Spirits - St. Paul,0,0.0,,4.26,7.99,6.96,47,,0,0,
Yellow Tail Sangria Blanco 1.5L,Flavored,Phillips Wine & Spirits - St. Paul,0,0.0,,7.98,12.99,,39,,0,0,
Yellow Tail Rose 1.5L,Rose,Phillips Wine & Spirits - St. Paul,5,0.0,160.7,8.27,12.99,,36,,0,1,Ramsey:2;Chanhassen:3
"90+ Cellars Cab Sauv Oakville, CA Lot 232 750ml",Cabernet,Bellboy Corporation,1,0.0,,15.46,35.49,27.86,56,,0,0,Chanhassen:1
"90+ Cellars Cab Sauv Oakville, CA Lot 200 750ml",Cabernet,Bellboy Corporation,0,0.0,,24.44,53.99,43.86,55,,0,0,
4 Vents Cotes Du Rhone,Red Blends,"Bourget Imports, LLC",1,0.0,32.1,5.31,12.99,,59,,0,1,Minnetonka:1
2018 Chateau Lalande Saint Julien  750ml,Red Blends,Bellboy Corporation,0,0.0,,15.46,44.99,,66,,0,0,
Eric Bordelet Sidre Argellette   750ml,Box Wines,"New France Wine Co, Inc",2,0.0,,14.21,17.99,,21,,0,0,St. Louis Park:2
Ercole Moscato d'Asti 750ml,Other Whites,Libation Project,1,0.0,,13.5,23.99,19.96,44,,0,0,Ramsey:1
Erath Pinot Gris 750ml,Pinot Grigio/Gris,Southern Glazer's Wine & Spirits of MN,0,0.0,0.0,9.4,14.99,12.96,37,,0,1,
Eppa Red Sangria,Flavored,"Vinocopia, Inc",13,0.0,417.9,8.79,14.99,12.96,41,,0,1,Stillwater:1;Rosemount:2;Blaine:10
Envinate Benje Tinto 750ml,Red Blends,"Maverick Beverage Co., LLC - MN",9,0.0,,19.5,23.99,20.86,19,,0,0,Plymouth:9
