Store,Supplier,Item,Product Code,Store OH,WOS,Order Cases,Order Units,Unit Cost,Order $
Andover,Bellboy Corporation,Notebook Red Blend 750ml,080960330027,0,0.0,1,12,7.53,90.0
Andover,Bellboy Corporation,Cattin Riesling 750ml,860008882417,0,0.0,1,12,7.71,92.0
Andover,Bellboy Corporation,"90+ Cellars Lot 193 Pinot Noir, Eola-Amity 750ml",810879021958,0,0.0,1,12,10.17,122.0
Andover,Bellboy Corporation,90+ Cellars Lot 210 Paso Robles Cabernet Sauvignon  750ml,810879020838,0,0.0,2,24,8.58,206.0
Andover,Bellboy Corporation,90+ Cellars Prosecco Rose (single) 187ml,810879023372,0,0.0,1,24,2.98,71.0
Andover,Bellboy Corporation,90+ Cellars DOC Prosecco Lot 50 (single) 187ml,810879020630,0,0.0,1,24,2.71,65.0
Andover,Bellboy Corporation,90+ Cellars Willamette Valley Pinot Gris Lot 237 750ml,810204640885,1,0.2,2,24,6.83,164.0
Andover,Bellboy Corporation,90+ Cellars Montepulciano d'Abruzzo Lot 188 750ml,810879021903,2,0.3,3,36,6.48,233.0
Andover,Bellboy Corporation,90+ Cellars Big Red Blend Lot 113 750ml,810879020104,1,0.4,1,12,6.53,78.0
Andover,Bellboy Corporation,90+ Cellars Zinfandel Lot 180 750ml,810879020586,2,1.2,1,12,6.61,79.0
Andover,Bellboy Corporation,Ironside Cabernet 750ml,810879020135,8,1.2,2,24,6.08,146.0
Andover,Bellboy Corporation,Tutela Chianti DOCG 750ml,763955572588,8,1.6,2,24,8.33,200.0
Andover,Bellboy Corporation,90+ Lot 231 Napa Valley Chardonnay 750ml,810879028605,1,2.1,1,12,8.67,104.0
Andover,Bellboy Corporation,90+ Cellars 2021 Lot 27 Barbera d'Alba 750ml,894655001457,3,2.1,1,12,8.99,108.0
Andover,Bellboy Corporation,90+ Cellars Cab Sauv California Lot 225 750ml,894655001716,5,2.7,1,12,6.6,79.0
Andover,Bellboy Corporation,90+ Cellars Rose 750ml,894655001518,11,2.8,1,12,6.61,79.0
Andover,Bellboy Corporation,90+ Cellars Chianti Riserva DOCG,810879020883,20,2.9,1,12,6.46,78.0
Andover,Bellboy Corporation,90+ Cellars Riesling Mosel 750ml,894655001860,21,3.0,1,12,6.48,78.0
Andover,Bellboy Corporation,90+ Cellars Old Vine Malbec 750ml,894655001426,8,3.1,1,12,6.57,79.0
Andover,Bellboy Corporation,90+ Cellars French Fusion 750ml,894655001396,8,3.8,1,12,6.54,78.0
Andover,"Bourget Imports, LLC",Sainte-Anne Sauvignon Blanc 750ml,638729001024,1,0.3,1,12,6.05,73.0
Andover,"Breakthru Beverage Minnesota Wine & Spirits, LLC",Ariel Cabernet Sauvignon N/A 750ml,089121850022,0,0.0,1,12,8.49,102.0
Andover,"Breakthru Beverage Minnesota Wine & Spirits, LLC",Creamery Chardonnay 750ml,847159002024,11,2.2,1,12,7.58,91.0
Andover,"Breakthru Beverage Minnesota Wine & Spirits, LLC",Fit Vine Cabernet Sauvignon 750ml,853086008008,3,3.2,1,12,7.61,91.0
Andover,"Grape Beginnings, Inc.",Albert Bichot Cremant de Bourgogne Brut Rose 750ml,087113112950,0,0.0,1,6,16.5,99.0
Andover,Johnson Brothers - St. Paul,Peter Vella Chardonnay 5L Box,085000006795,0,0.0,1,4,7.53,30.0
Andover,Johnson Brothers - St. Paul,LaMarca Prosecco 3 Pack 187ml,085000322437,0,0.0,1,8,9.83,79.0
Andover,Johnson Brothers - St. Paul,Barefoot Merlot 750ml,018341751109,0,0.0,1,12,4.42,53.0
Andover,Johnson Brothers - St. Paul,Nobilo Sauv Blanc 750ml,081434315304,0,0.0,1,12,8.0,96.0
Andover,Johnson Brothers - St. Paul,Barefoot Pink Moscato 750ml,085000020456,0,0.0,1,12,4.32,52.0
Andover,Johnson Brothers - St. Paul,Black Box Sauvignon Blanc 500ml Tetra 500ml,085000033395,0,0.0,1,12,3.33,40.0
Andover,Johnson Brothers - St. Paul,Barefoot Riesling 750ml,085000015810,0,0.0,2,24,4.33,104.0
Andover,Johnson Brothers - St. Paul,Josh Cellars Seaswept White Blend 750ml,031259005348,1,0.6,1,12,8.91,107.0
Andover,Johnson Brothers - St. Paul,Apothic Red 750ml,085000017746,6,0.6,3,36,4.83,174.0
Andover,Johnson Brothers - St. Paul,Z. Alexander Brown Cabernet 750ml,082242013925,1,0.7,1,12,7.9,95.0
Andover,Johnson Brothers - St. Paul,Barefoot Pinot Grigio 750ml,085000014448,2,0.7,1,12,4.32,52.0
Andover,Johnson Brothers - St. Paul,Barefoot Pink Moscato 1.5L,085000020609,1,0.9,1,6,8.67,52.0
Andover,Johnson Brothers - St. Paul,Josh Cellars Sauvignon Blanc 750ml,031259046976,3,1.0,1,12,8.58,103.0
Andover,Johnson Brothers - St. Paul,Bev Glam Sparkling Rose 4pk 250ml,850026120011,2,1.1,1,6,12.46,75.0
Andover,Johnson Brothers - St. Paul,Prati by Louis Martini Cabernet Sauvignon 750ml,085000011638,3,1.1,1,12,11.89,143.0
Andover,Johnson Brothers - St. Paul,Black Box Merlot 500ml,081434000316,2,1.2,1,12,3.33,40.0
Andover,Johnson Brothers - St. Paul,La Crema Mont Chardonnay 750ml,049331021094,3,1.2,1,12,8.61,103.0
Andover,Johnson Brothers - St. Paul,Barefoot Pinot Grigio Tetra 500ml,085000028414,1,1.4,1,12,3.0,36.0
Andover,Johnson Brothers - St. Paul,Josh Cellars Pinot Grigio 750ml,031259001456,19,1.5,3,36,8.91,321.0
Andover,Johnson Brothers - St. Paul,Barefoot Pink Moscato 3L Box,085000031346,2,1.7,1,6,14.0,84.0
Andover,Johnson Brothers - St. Paul,Barefoot Butter Chard 750ml,085000031926,5,1.9,1,12,4.34,52.0
Andover,Johnson Brothers - St. Paul,Murphy Goode Chardonnay 750ml,083722880020,1,2.1,1,12,7.99,96.0
Andover,Johnson Brothers - St. Paul,Murphy Goode Sauv Blanc 750ml,083722880068,1,2.1,1,12,6.73,81.0
Andover,Johnson Brothers - St. Paul,Alamos Malbec 750ml,085000018194,1,2.1,1,12,8.67,104.0
Andover,Johnson Brothers - St. Paul,Barefoot Blueberry Moscato 750ml,085000031780,2,2.1,1,12,4.22,51.0
Andover,Johnson Brothers - St. Paul,Barefoot White Zin 750ml,018341751062,3,2.1,1,12,4.35,52.0
Andover,Johnson Brothers - St. Paul,Black Box Deep Dark Cabernet 500ml,085000037683,3,2.1,1,12,3.33,40.0
Andover,Johnson Brothers - St. Paul,Relax Riesling 750ml,088474022407,22,2.1,2,24,6.68,160.0
Andover,Johnson Brothers - St. Paul,Nobilo Sauvignon Blanc 200ml,085000041796,7,2.1,1,24,2.0,48.0
Andover,Johnson Brothers - St. Paul,Peter Vella Moscato Sangria 5L Box,085000024225,9,2.4,2,8,11.31,90.0
Andover,Johnson Brothers - St. Paul,La Crema Monterey Pinot Noir 750ml,049331010968,5,2.4,1,12,10.25,123.0
Andover,Johnson Brothers - St. Paul,Mark West Pinot Noir 750ml,851718000338,5,2.4,1,12,7.34,88.0
Andover,Johnson Brothers - St. Paul,Black Box Pinot Grigio 3L Box,081434000224,44,2.8,4,24,15.26,366.0
Andover,Johnson Brothers - St. Paul,Black Box Vibrant Velvety Red Blend 3L Box,085000034545,2,2.9,1,6,13.37,80.0
Andover,Johnson Brothers - St. Paul,Black Box Buttery Chardonnay 3L Box,085000033371,10,2.9,1,6,14.48,87.0
Andover,Johnson Brothers - St. Paul,Jinro Chamisul Classico Soju 20.1% 750ml,795652200518,2,2.9,1,12,8.96,108.0
Andover,Johnson Brothers - St. Paul,Black Box Riesling 3L Box,082100738359,7,3.0,1,6,18.31,110.0
Andover,Johnson Brothers - St. Paul,Black Box Pinot Grigio 500ml,081434700209,12,3.4,1,12,3.33,40.0
Andover,Johnson Brothers - St. Paul,Black Box Sauvignon Blanc 3L Box,082100738397,30,3.5,1,6,15.96,96.0
Andover,Johnson Brothers - St. Paul,Black Box Chardonnay 3L Box,081434000040,34,3.5,1,6,10.42,63.0
Andover,Johnson Brothers - St. Paul,Black Box Pinot Noir 3L Box,081434710017,17,3.6,1,6,4.77,29.0
Andover,Johnson Brothers - St. Paul,LaMarca Prosecco 375ml,085000031094,5,3.6,1,12,8.0,96.0
Andover,Johnson Brothers - St. Paul,LaMarca Prosecco 750ml,085000017739,74,3.7,1,12,9.94,119.0
Andover,Johnson Brothers - St. Paul,Josh Cellars Pinot Noir 750ml,031259046952,14,3.8,1,12,9.65,116.0
Andover,Johnson Brothers - St. Paul,La Crema Sonoma Chardonnay 750ml,049331002222,11,3.9,1,12,10.42,125.0
Andover,"Maverick Beverage Co., LLC - MN",Sea Pearl Sauvignon Blanc 750ml,089832700012,0,0.0,1,12,9.21,111.0
Andover,"Maverick Beverage Co., LLC - MN",Cepas Cabernet Sauvignon 750ml,7791843016145,1,1.1,1,12,5.0,60.0
Andover,"Maverick Beverage Co., LLC - MN",Stolpman So Fresh Love You Bunches Rose 750ml,890095000630,2,2.1,1,12,9.94,119.0
Andover,"Maverick Beverage Co., LLC - MN",Stolpman Love You Bunches Sangiovese 750ml,890095000159,2,2.9,1,12,13.6,163.0
Andover,"Maverick Beverage Co., LLC - MN",Les Allies Pinot Noir 750ml,763955412297,10,2.9,1,12,7.51,90.0
Andover,"New France Wine Co, Inc",Shadow Ridge Cabernet Sauvignon 750ml,089417002500,0,0.0,1,12,8.0,96.0
Andover,"New France Wine Co, Inc",Bianchi Paso Robles Cabernet Sauvignon 750ml,089417001411,5,3.1,1,12,13.33,160.0
Andover,Oxford Street Merchants,Freemark Abbey Napa Cabernet 750ml,015917026968,0,0.0,1,6,120.0,720.0
Andover,Oxford Street Merchants,Dom Perignon 750ml,081753811020,0,0.0,1,6,224.3,1346.0
Andover,Oxford Street Merchants,Disco'd Guenoc Claret 750ml,081633185449,0,0.0,1,12,7.52,90.0
Andover,Oxford Street Merchants,Whispering Angel Rose 750ml,081753833916,0,0.0,1,12,9.91,119.0
Andover,Oxford Street Merchants,Risata Red Moscato 750ml,084279999951,0,0.0,1,12,11.03,132.0
Andover,Oxford Street Merchants,Chop Shop Cabernet Sauvignon 750ml,812949023459,1,2.1,1,12,7.77,93.0
Andover,Oxford Street Merchants,Pizzolato Muse Moscato 750ml,185554000963,5,2.7,1,12,9.54,114.0
Andover,Oxford Street Merchants,Risata Pink Moscato 750ml,084279988108,4,2.9,1,12,11.02,132.0
Andover,Paustis Wine,Libretto Pinot Gris 750ml,400000014296,0,0.0,1,12,4.57,55.0
Andover,Paustis Wine,Papi Sweet Apple 750ml,850061597106,0,0.0,1,12,4.4,53.0
Andover,Paustis Wine,Papi Sweet Red 750ml,850061597120,0,0.0,3,36,4.4,159.0
Andover,Paustis Wine,Papi Blueberry 750ml,850061597021,1,0.4,1,12,4.4,53.0
Andover,Paustis Wine,Papi Black 750ml,850061597007,6,2.3,1,12,4.4,53.0
Andover,Paustis Wine,Papi Red Original Sangria 750ml,893828001867,3,2.6,1,12,3.82,46.0
Andover,Paustis Wine,Papi Cabernet Sauvignon 750ml,893828001003,32,2.7,2,24,4.41,106.0
Andover,Paustis Wine,Wente Chardonnay 750ml,089636190002,3,3.2,1,12,9.25,111.0
Andover,Paustis Wine,Terre di Mario Bianco 750ml,8052049651592,12,3.4,1,12,6.13,74.0
Andover,Paustis Wine,Winehaven Lakeside Red,052392122372,5,3.6,1,12,13.25,159.0
Andover,Paustis Wine,Bread & Butter Pinot Noir 750ml,850832004277,5,3.6,1,12,7.73,93.0
Andover,Phillips Wine & Spirits - St. Paul,Bota Box Breeze Pinot Grigio 3L Box,082242016780,0,0.0,2,6,14.67,88.0
Andover,Phillips Wine & Spirits - St. Paul,Yellow Tail Big Bold Red 1.5L,839743001490,0,0.0,1,6,7.78,47.0
Andover,Phillips Wine & Spirits - St. Paul,Fleurs De Prairie Rose 750ml,031259002583,0,0.0,1,12,10.67,128.0
Andover,Phillips Wine & Spirits - St. Paul,Yellow Tail Pinot Grigio 750ml,031259009711,0,0.0,1,12,3.73,45.0
Andover,Phillips Wine & Spirits - St. Paul,Menage A Trois Dolce Red 750ml,099988071911,0,0.0,1,12,7.0,84.0
Andover,Phillips Wine & Spirits - St. Paul,Sutter Home Chardonnay 187ml,08500627,1,0.2,3,18,4.86,88.0
Andover,Phillips Wine & Spirits - St. Paul,Bota Box Pinot Grigio 500ml,082242013314,1,0.4,1,12,0.91,11.0
Andover,Phillips Wine & Spirits - St. Paul,Bota Box Nighthawk Black Cab Sauv 3L Box,082242014380,1,0.7,2,6,14.67,88.0
Andover,Phillips Wine & Spirits - St. Paul,Sutter Home Moscato 187ml,08501626,3,1.0,2,12,4.94,59.0
Andover,Phillips Wine & Spirits - St. Paul,Joel Gott Cab Sauvignon 750ml,188985000137,3,1.0,1,12,6.81,82.0
Andover,Phillips Wine & Spirits - St. Paul,Bota Box Chardonnay 500ml,082242011013,1,1.1,1,12,3.33,40.0
Andover,Phillips Wine & Spirits - St. Paul,Bartenura Brachetto 750ml,087752014875,1,1.4,1,12,11.61,139.0
Andover,Phillips Wine & Spirits - St. Paul,Bota Box Brightside Sauv Blanc/PG 3L Box,082242018685,2,1.7,1,3,14.67,44.0
Andover,Phillips Wine & Spirits - St. Paul,Menage A Trois Silk 750ml,099988071362,6,1.8,1,12,6.88,83.0
Andover,Phillips Wine & Spirits - St. Paul,Sutter Home Pinot Grigio 187ml,08501422,6,2.0,2,12,4.95,59.0
Andover,Phillips Wine & Spirits - St. Paul,Bota Box Breeze Red Blend 3L Box,082242016797,1,2.1,1,3,14.67,44.0
Andover,Phillips Wine & Spirits - St. Paul,Bota Box Breeze Sauvignon Blanc 3L Box,082242016827,3,2.1,1,3,14.67,44.0
Andover,Phillips Wine & Spirits - St. Paul,Bota Box Cabernet Sauvignon 500ml,082242010412,1,2.1,1,12,0.72,9.0
Andover,Phillips Wine & Spirits - St. Paul,Bota Box Nighthawk Blk Bourbon Cabernet 3L Box,082242016063,15,2.2,5,15,14.67,220.0
Andover,Phillips Wine & Spirits - St. Paul,Bota Box Pinot Noir 3L Box,082242012362,4,2.4,1,3,14.67,44.0
Andover,Phillips Wine & Spirits - St. Paul,Sutter Home Cab Sauv 187ml,08500520,7,2.5,1,6,4.91,29.0
Andover,Phillips Wine & Spirits - St. Paul,Bota Box Nighthawk GD Chardonnay 3L Box,082242015691,3,2.6,1,3,14.52,44.0
Andover,Phillips Wine & Spirits - St. Paul,Yellow Tail Merlot 1.5L,031259009230,6,2.6,1,6,7.56,45.0
Andover,Phillips Wine & Spirits - St. Paul,Joel Gott CA Pinot Grigio 750ml,196383006217,3,2.6,1,12,5.17,62.0
Andover,Phillips Wine & Spirits - St. Paul,Bota Box Chardonnay 3L Box,082242011051,11,2.9,2,6,14.67,88.0
Andover,Phillips Wine & Spirits - St. Paul,Yellow Tail Chardonnay 1.5L,031259008936,8,2.9,1,6,5.78,35.0
Andover,Phillips Wine & Spirits - St. Paul,Barkan Cabernet Sauvignon 750ml,087752006108,2,2.9,1,12,9.75,117.0
Andover,Phillips Wine & Spirits - St. Paul,Bota Box Nighthawk Gold Sauv Blanc 3L Box,082242016049,3,3.2,1,3,14.67,44.0
Andover,Phillips Wine & Spirits - St. Paul,Joel Gott Pinot Gris 750ml,188985000281,3,3.2,1,12,8.08,97.0
Andover,Phillips Wine & Spirits - St. Paul,Bota Box Redvolution 3L Box,082242016056,11,3.4,1,3,18.77,56.0
Andover,Phillips Wine & Spirits - St. Paul,Bota Box Pinot Grigio 3L Box,082242013253,12,3.7,1,3,20.51,62.0
Andover,Rue 38 LLC,Janare Sannio Greco DOP,8010145030062,0,0.0,1,12,9.33,112.0
Andover,Rue 38 LLC,Il Valore Pinot Grigio 750ml,015643744785,11,1.0,3,36,7.08,255.0
Andover,Rue 38 LLC,Sur de los Andes Malbec 750ml,015643521287,1,2.1,1,12,9.97,120.0
Andover,Rue 38 LLC,Bryn Mawr WV Chardonnay 750ml,850004656044,1,2.1,1,12,14.0,168.0
Andover,Rue 38 LLC,Il Valore Chianti DOCG 750ml,015643875687,3,2.1,1,12,7.14,86.0
Andover,Rue 38 LLC,The Horologist Sauvignon Blanc NZ 750ml,5060152093300,46,3.7,1,12,7.5,90.0
Andover,Saint Croix Vineyards,St Croix Vineyards Marquette,669835224144,0,0.0,1,12,14.05,169.0
Andover,Small Lot MN,Il Palagio Message in a Bottle 750ml,858527002300,0,0.0,1,12,14.6,175.0
Andover,Small Lot MN,Colle Corviano Sangiovese,181856000052,5,1.3,1,12,6.43,77.0
Andover,Southern Glazer's Wine & Spirits of MN,TopBox Cabernet Sauvignon 3L Box,088586010750,0,0.0,1,6,7.97,48.0
Andover,Southern Glazer's Wine & Spirits of MN,Robert Mondavi PS Heritage Red 750ml,086003904064,0,0.0,1,12,6.01,72.0
Andover,Southern Glazer's Wine & Spirits of MN,Woodbridge Chardonnay 750ml,086003000087,0,0.0,3,36,4.0,144.0
Andover,Southern Glazer's Wine & Spirits of MN,A to Z Pinot Gris 750ml,892931000149,1,0.5,1,12,10.23,123.0
Andover,Southern Glazer's Wine & Spirits of MN,Erath Pinot Noir 750ml,084687001017,1,0.6,1,12,10.85,130.0
Andover,Southern Glazer's Wine & Spirits of MN,Mad Dog Spiked Strawberry Pet 200ml,085904015596,2,1.0,1,24,0.11,3.0
Andover,Southern Glazer's Wine & Spirits of MN,Chateau Ste Michelle Merlot 750ml,088586602832,3,1.2,1,12,10.08,121.0
Andover,Southern Glazer's Wine & Spirits of MN,Intrinsic Cabernet Sauvignon 750ml,088586007859,3,1.8,1,12,13.33,160.0
Andover,Southern Glazer's Wine & Spirits of MN,Chateau Ste Michelle Light Chardonnay  750ml,088586013348,3,1.8,1,12,7.32,88.0
Andover,Southern Glazer's Wine & Spirits of MN,14 Hands Merlot 750ml,088586001772,1,2.1,1,12,7.12,85.0
Andover,Southern Glazer's Wine & Spirits of MN,Seven Daughters Moscato 750ml,086891080031,4,2.4,1,12,8.67,104.0
Andover,Southern Glazer's Wine & Spirits of MN,Mad Dog Purple Drip Pet 200ml,085904016166,5,2.4,1,24,0.23,5.0
Andover,Southern Glazer's Wine & Spirits of MN,Chateau Ste Michelle Sauvignon Blanc 750ml,088586630989,3,2.6,1,12,7.96,96.0
Andover,Southern Glazer's Wine & Spirits of MN,Chateau Ste Michelle Chardonnay 750ml,088586603846,15,2.7,1,12,5.92,71.0
Andover,Southern Glazer's Wine & Spirits of MN,Jam Cellars Butter Chardonnay 750ml,853706002034,9,2.8,1,12,9.68,116.0
Andover,Southern Glazer's Wine & Spirits of MN,14 Hands Cabernet Sauvignon 750ml,088586001895,2,2.9,1,12,7.29,88.0
Andover,Southern Glazer's Wine & Spirits of MN,Woodbridge Cab Sauv 1.5L,086003813854,5,3.1,1,6,11.31,68.0
Andover,Southern Glazer's Wine & Spirits of MN,Woodbridge Sauv Blanc 1.5L,086003863866,6,3.2,1,6,7.48,45.0
Andover,Southern Glazer's Wine & Spirits of MN,CSM Indian Wells Cabernet 750ml,088586001864,10,3.9,1,12,11.93,143.0
Andover,The Wine Company,MAN Vintners Chenin Blanc 750ml,089419151039,0,0.0,1,12,7.66,92.0
Andover,The Wine Company,Caparzo Toscona Sangiovese,089419002102,4,2.1,1,12,9.95,119.0
Andover,The Wine Company,Toad Hollow Chardonnay 750ml,711408713651,2,2.9,1,12,10.78,129.0
Andover,"Vinocopia, Inc",Florio Dry Marsala 750ml,8004730005108,0,0.0,1,12,10.0,120.0
Andover,"Vinocopia, Inc",Han Jan Apple 750ml,795044286021,0,0.0,1,12,8.67,104.0
Andover,"Vinocopia, Inc",Sun Goddess Pinot Grigio Ramato 750ml,606179210471,2,2.9,1,12,14.56,175.0
Andover,"Vinocopia, Inc",Han Jan Apple 375ml,8809018211529,10,3.9,1,20,4.09,82.0
Andover,,Le Colture Fagher Prosecco 750ml,8026489100057,0,0.0,1,1,11.46,11.0
Andover,,Borgo Maragliano Chardonnay Brut 750ml,8033765920032,0,0.0,2,2,9.33,19.0
Blaine,Bellboy Corporation,Readers Chardonnay 750ml,080960000074,-1,-0.5,1,12,6.96,83.0
Blaine,Bellboy Corporation,90+ Cellars Old Vine Malbec 750ml,894655001426,-3,-0.4,3,36,6.57,236.0
Blaine,Bellboy Corporation,90+ Cellars Sauvignon Blanc Cali 750ml,894655001822,0,0.0,3,36,6.48,233.0
Blaine,Bellboy Corporation,90+ Cellars Prosecco Rose (single) 187ml,810879023372,0,0.0,1,24,2.98,71.0
Blaine,Bellboy Corporation,90+ Cellars DOC Prosecco Lot 50 (single) 187ml,810879020630,0,0.0,2,48,2.71,130.0
Blaine,Bellboy Corporation,"90+ Cellars Lot 132 Reserve Rose, Provence 750ml",810879020340,1,0.4,1,12,9.61,115.0
Blaine,Bellboy Corporation,90+ Cellars Chianti Riserva DOCG,810879020883,2,0.5,2,24,6.46,155.0
Blaine,Bellboy Corporation,90+ Cellars Cab Sauv Rutherford/Napa 750ml,894655001259,3,1.4,1,12,13.1,157.0
Blaine,Bellboy Corporation,Ch d'Astros Aventure Rose 750ml,860008268600,5,1.5,1,12,9.29,111.0
Blaine,Bellboy Corporation,Tutela Prosecco 750ml,763955572168,9,2.1,1,12,8.0,96.0
Blaine,Bellboy Corporation,90+ Cellars Montepulciano d'Abruzzo Lot 188 750ml,810879021903,9,2.1,1,12,6.48,78.0
Blaine,Bellboy Corporation,Readers Cabernet Sauvignon 750ml,080960100644,5,2.4,1,12,11.42,137.0
Blaine,Bellboy Corporation,90+ Lot 231 Napa Valley Chardonnay 750ml,810879028605,3,2.6,1,12,8.67,104.0
Blaine,Bellboy Corporation,90+ Cellars Sauvignon Blanc Marlborough 750ml,894655001037,34,2.8,2,24,6.49,156.0
Blaine,Bellboy Corporation,Contessa Annalisa Cabernet Sauvignon 750ml,855357000032,2,2.9,1,12,5.5,66.0
Blaine,Bellboy Corporation,Readers Syrah 750ml,080960100668,4,2.9,1,12,11.35,136.0
Blaine,Bellboy Corporation,Readers Sauvignon Blanc 750ml,080960100675,10,2.9,1,12,8.5,102.0
Blaine,Bellboy Corporation,Notebook Red Blend 750ml,080960330027,5,3.6,1,12,7.53,90.0
Blaine,"Bourget Imports, LLC",Pacific Sound Sauvignon Blanc 750ml,7801222923602,0,0.0,1,12,5.68,68.0
Blaine,"Breakthru Beverage Minnesota Wine & Spirits, LLC",Decoy Red Wine 750ml,669576019207,-1,-0.9,1,12,14.76,177.0
Blaine,"Breakthru Beverage Minnesota Wine & Spirits, LLC",Harken Chardonnay 750ml,847159001812,0,0.0,1,12,5.74,69.0
Blaine,"Breakthru Beverage Minnesota Wine & Spirits, LLC",1000 Stories Pinot Noir 750ml,082896003655,1,0.7,1,12,10.0,120.0
Blaine,"Breakthru Beverage Minnesota Wine & Spirits, LLC",Greenwing Pinot Noir 750ml,669576040430,3,1.8,1,12,12.0,144.0
Blaine,"Breakthru Beverage Minnesota Wine & Spirits, LLC",Decoy Cabernet Sauvignon 750ml,669576019269,10,1.9,1,12,13.84,166.0
Blaine,"Breakthru Beverage Minnesota Wine & Spirits, LLC",Routestock Cabernet Sauvignon 750ml,720815042230,2,2.9,1,12,15.33,184.0
Blaine,"Breakthru Beverage Minnesota Wine & Spirits, LLC",Line 39 Pinot Noir 750ml,898756001477,3,3.2,1,12,6.26,75.0
Blaine,"Breakthru Beverage Minnesota Wine & Spirits, LLC",Decoy Limited Alexander Valley Cabernet Sauvignon 750ml,669576020449,5,3.6,1,12,16.0,192.0
Blaine,Cannon River Winery,Cannon River Vulcan's Revenge 750ml,896054001243,0,0.0,1,12,13.67,164.0
Blaine,"Grape Beginnings, Inc.",Forge Cellars Riesling 750ml,019962410536,-1,-2.1,1,12,13.5,162.0
Blaine,"Grape Beginnings, Inc.",Albert Bichot Cremant de Bourgogne Brut 750ml,087113112998,0,0.0,1,6,16.05,96.0
Blaine,"Grape Beginnings, Inc.",Pewsey Vale Dry Riesling 750ml,089208300549,0,0.0,1,12,12.83,154.0
Blaine,"Grape Beginnings, Inc.",Catena Malbec 750ml,098709088580,1,1.4,1,12,16.32,196.0
Blaine,"Grape Beginnings, Inc.",Troublemaker 750ml,657891702423,4,2.9,1,12,10.63,128.0
Blaine,"Grape Beginnings, Inc.",Austin Cabernet Sauvignon 750ml,657891720915,7,3.8,1,12,15.01,180.0
Blaine,Johnson Brothers - St. Paul,Jinro Classic Soju 20.1% 375ml,795652200501,-3,-0.7,1,20,3.94,79.0
Blaine,Johnson Brothers - St. Paul,Josh Cellars Chardonnay 375ml,031259004211,-1,-0.6,1,12,4.32,52.0
Blaine,Johnson Brothers - St. Paul,Peter Vella Sweet Red 5L Box,085000028582,0,0.0,1,4,11.48,46.0
Blaine,Johnson Brothers - St. Paul,Taylor Port 1.5L,088940000021,0,0.0,1,6,11.2,67.0
Blaine,Johnson Brothers - St. Paul,Barefoot Pinot Grigio 1.5L,085000014431,0,0.0,3,18,7.13,128.0
Blaine,Johnson Brothers - St. Paul,Il Tramonto Strawberry Spritz 375ml,084279009308,0,-0.0,1,12,4.73,57.0
Blaine,Johnson Brothers - St. Paul,Mirassou Pinot Grigio 750ml,085000016633,0,0.0,1,12,6.11,73.0
Blaine,Johnson Brothers - St. Paul,Whitehaven Sauv Blanc 375ml,085000028698,0,0.0,1,12,8.0,96.0
Blaine,Johnson Brothers - St. Paul,Gascon Malbec 750ml,085000016145,0,0.0,1,12,9.93,119.0
Blaine,Johnson Brothers - St. Paul,Dark Horse Cabernet Sauvignon 750ml,085000020302,0,0.0,1,12,5.17,62.0
Blaine,Johnson Brothers - St. Paul,Dark Horse Pinot Noir 375ml,085000028728,0,0.0,1,12,3.41,41.0
Blaine,Johnson Brothers - St. Paul,Jinro Chamisul Classico Soju 20.1% 750ml,795652200518,0,0.0,1,12,8.96,108.0
Blaine,Johnson Brothers - St. Paul,Black Box Merlot 500ml,081434000316,0,0.0,1,12,3.33,40.0
Blaine,Johnson Brothers - St. Paul,Barefoot White Zin 750ml,018341751062,0,0.0,1,12,4.35,52.0
Blaine,Johnson Brothers - St. Paul,Barefoot Pinot Grigio 750ml,085000014448,0,0.0,2,24,4.32,104.0
Blaine,Johnson Brothers - St. Paul,LaMarca Prosecco 187ml,085000022436,0,0.0,1,24,3.24,78.0
Blaine,Johnson Brothers - St. Paul,Barefoot Moscato 750ml,085000016688,1,0.2,2,24,4.32,104.0
Blaine,Johnson Brothers - St. Paul,Barefoot Pink Moscato 1.5L,085000020609,1,0.4,2,12,8.67,104.0
Blaine,Johnson Brothers - St. Paul,Josh Cellars Sauvignon Blanc 750ml,031259046976,3,0.4,3,36,8.58,309.0
Blaine,Johnson Brothers - St. Paul,La Crema Monterey Pinot Noir 750ml,049331010968,2,0.5,2,24,10.25,246.0
Blaine,Johnson Brothers - St. Paul,Black Box Pinot Noir 500ml,081434710055,4,0.6,2,24,3.33,80.0
Blaine,Johnson Brothers - St. Paul,Jinro Strawberry 375ml,605779976251,1,0.6,1,20,3.66,73.0
Blaine,Johnson Brothers - St. Paul,Barefoot Chardonnay 200ml,085000041253,3,0.6,1,24,1.17,28.0
Blaine,Johnson Brothers - St. Paul,Barefoot Moscato 1.5L,085000016671,2,0.7,2,12,4.72,57.0
Blaine,Johnson Brothers - St. Paul,Relax Riesling 750ml,088474022407,10,0.9,3,36,6.68,240.0
Blaine,Johnson Brothers - St. Paul,Prophecy Pinot Grigio 750ml,085000024492,2,1.1,1,12,7.39,89.0
Blaine,Johnson Brothers - St. Paul,Black Box Buttery Chard 500ml Tetra 500ml,085000033388,2,1.1,1,12,3.33,40.0
Blaine,Johnson Brothers - St. Paul,Black Box Cab Sauv 500ml,081434000293,7,1.1,2,24,3.33,80.0
Blaine,Johnson Brothers - St. Paul,Black Box Pinot Grigio 500ml,081434700209,7,1.3,2,24,3.33,80.0
Blaine,Johnson Brothers - St. Paul,Peter Vella Moscato Sangria 5L Box,085000024225,2,1.4,1,4,11.31,45.0
Blaine,Johnson Brothers - St. Paul,Bev Cal Rose 4pk 250ml,860129002107,1,1.4,1,6,11.33,68.0
Blaine,Johnson Brothers - St. Paul,Black Box Deep Dark Cabernet 500ml,085000037683,1,1.4,1,12,3.33,40.0
Blaine,Johnson Brothers - St. Paul,Barefoot Riesling 750ml,085000015810,3,1.4,1,12,4.33,52.0
Blaine,Johnson Brothers - St. Paul,Barefoot Rose 750ml,085000025871,4,1.6,1,12,4.39,53.0
Blaine,Johnson Brothers - St. Paul,Jinro Chamisul Melon 375ml,197644942299,12,1.6,1,20,3.49,70.0
Blaine,Johnson Brothers - St. Paul,Peter Vella Blush 5L Box,085000001257,2,1.7,1,4,11.32,45.0
Blaine,Johnson Brothers - St. Paul,Barefoot Riesling 1.5L,085000018132,2,1.7,1,6,8.89,53.0
Blaine,Johnson Brothers - St. Paul,Josh Cellars Pinot Grigio 750ml,031259001456,15,1.8,2,24,8.91,214.0
Blaine,Johnson Brothers - St. Paul,Josh Cellars Prosecco 750ml,031259003726,4,1.9,1,12,5.08,61.0
Blaine,Johnson Brothers - St. Paul,Josh Cellars Zinfandel 750ml,031259049229,4,1.9,1,12,10.29,123.0
Blaine,Johnson Brothers - St. Paul,Apothic Cabernet Sauv 750ml,085000030967,4,1.9,1,12,7.12,85.0
Blaine,Johnson Brothers - St. Paul,Black Box Buttery Chardonnay 3L Box,085000033371,11,2.0,2,12,14.48,174.0
Blaine,Johnson Brothers - St. Paul,Barefoot Blueberry Moscato 1.5L,085000031797,3,2.1,1,6,4.29,26.0
Blaine,Johnson Brothers - St. Paul,Barefoot Red Moscato 1.5L,085000020289,4,2.1,1,6,7.72,46.0
Blaine,Johnson Brothers - St. Paul,Barefoot Peach Moscato 1.5L,085000029893,4,2.1,1,6,8.18,49.0
Blaine,Johnson Brothers - St. Paul,Black Box Pinot Noir 3L Box,081434710017,25,2.1,4,24,4.77,115.0
Blaine,Johnson Brothers - St. Paul,Gnarly Head Pinot Noir 750ml,082242293433,1,2.1,1,12,6.67,80.0
Blaine,Johnson Brothers - St. Paul,Josh Cellars Rose 750ml,031259001043,4,2.1,1,12,8.45,101.0
Blaine,Johnson Brothers - St. Paul,Barefoot Cab Sauv 1.5L,018341151015,6,2.3,1,6,8.09,49.0
Blaine,Johnson Brothers - St. Paul,Black Box Riesling 3L Box,082100738359,6,2.3,1,6,18.31,110.0
Blaine,Johnson Brothers - St. Paul,Black Box Malbec 3L Box,082100738465,7,2.3,1,6,14.2,85.0
Blaine,Johnson Brothers - St. Paul,Black Box Merlot 3L Box,081434000026,12,2.3,2,12,12.83,154.0
Blaine,Johnson Brothers - St. Paul,Barefoot Chardonnay 3L Box,085000026090,4,2.4,1,6,13.82,83.0
Blaine,Johnson Brothers - St. Paul,Barefoot Sweet Red 1.5L,085000018682,5,2.4,1,6,8.1,49.0
Blaine,Johnson Brothers - St. Paul,Black Box Red Elegance 3L Box,081434700193,9,2.4,1,6,15.3,92.0
Blaine,Johnson Brothers - St. Paul,Black Box Cab Sauv 3L Box,081434000033,42,2.4,5,30,13.58,407.0
Blaine,Johnson Brothers - St. Paul,Barefoot White Zin 1.5L,018341151060,15,2.5,2,12,7.81,94.0
Blaine,Johnson Brothers - St. Paul,Barefoot Chardonnay 1.5L,018341151053,3,2.6,1,6,8.12,49.0
Blaine,Johnson Brothers - St. Paul,Black Box Chardonnay 3L Box,081434000040,29,2.6,3,18,10.42,188.0
Blaine,Johnson Brothers - St. Paul,Black Box Deep Dark Cabernet 3L Box,085000034552,20,2.7,2,12,14.02,168.0
Blaine,Johnson Brothers - St. Paul,LaMarca Prosecco 3 Pack 187ml,085000322437,6,2.9,1,8,9.83,79.0
Blaine,Johnson Brothers - St. Paul,Murphy Goode Red Blend 750ml,083722028392,4,2.9,1,12,8.0,96.0
Blaine,Johnson Brothers - St. Paul,Barefoot Sweet Red 750ml,085000018491,6,2.9,1,12,4.3,52.0
Blaine,Johnson Brothers - St. Paul,Black Box Pinot Grigio 3L Box,081434000224,52,3.0,3,18,15.26,275.0
Blaine,Johnson Brothers - St. Paul,Josh Cellars Chardonnay 750ml,857744001325,20,3.0,1,12,8.74,105.0
Blaine,Johnson Brothers - St. Paul,Black Box Rose 3L Box,081434710147,3,3.2,1,6,13.7,82.0
Blaine,Johnson Brothers - St. Paul,Barefoot Moscato 3L Box,085000026083,9,3.2,1,6,14.85,89.0
Blaine,Johnson Brothers - St. Paul,Josh Cellars Cabernet Sauvignon 750ml,857744001318,94,3.2,2,24,10.36,249.0
Blaine,Johnson Brothers - St. Paul,Jinro Grapefruit 375ml,712166833278,6,3.2,1,20,3.87,77.0
Blaine,Johnson Brothers - St. Paul,Black Box Sauvignon Blanc 3L Box,082100738397,28,3.3,1,6,15.96,96.0
Blaine,Johnson Brothers - St. Paul,Apothic Red 750ml,085000017746,26,3.3,1,12,4.83,58.0
Blaine,Johnson Brothers - St. Paul,Black Box Tart Tangy Sauvignon Blanc 3L Box,085000034569,8,3.4,1,6,12.32,74.0
Blaine,Johnson Brothers - St. Paul,Josh Cellars Seaswept White Blend 750ml,031259005348,6,3.7,1,12,8.91,107.0
Blaine,Johnson Brothers - St. Paul,Apothic Crush 750ml,085000023488,6,3.7,1,12,6.2,74.0
Blaine,Johnson Brothers - St. Paul,LaMarca Prosecco 750ml,085000017739,55,3.7,1,12,9.94,119.0
Blaine,Johnson Brothers - St. Paul,Nobilo Sauv Blanc 750ml,081434315304,7,3.8,1,12,8.0,96.0
Blaine,Libation Project,Kuranui Sauvignon Blanc 750ml,604331008386,0,0.0,1,12,8.13,98.0
Blaine,"Maverick Beverage Co., LLC - MN",Les Allies Brut Sparkling Rose 750ml,763955408108,0,0.0,1,12,5.83,70.0
Blaine,"Maverick Beverage Co., LLC - MN",Les Allies Chardonnay 750ml,763955412280,11,1.6,2,24,7.5,180.0
Blaine,"Maverick Beverage Co., LLC - MN",Le Grand Ballon Touraine?Rose 750ml,035143177715,2,2.9,1,12,8.33,100.0
Blaine,"Maverick Beverage Co., LLC - MN",Acinum Prosecco 750ml,716898964415,15,2.9,1,12,7.0,84.0
Blaine,"New France Wine Co, Inc",G. D. Vajra Langhe Rosso,695798115328,6,3.2,1,12,11.76,141.0
Blaine,"New France Wine Co, Inc",Bianchi Paso Robles Cabernet Sauvignon 750ml,089417001411,4,3.4,1,12,13.33,160.0
Blaine,Oxford Street Merchants,Risata Moscato d'Asti 187ml,084279002507,-1,-1.1,1,24,2.85,68.0
Blaine,Oxford Street Merchants,Rombauer Zinfandel 750ml,097921978105,0,0.0,1,12,29.85,358.0
Blaine,Oxford Street Merchants,Whispering Angel Rose 750ml,081753833916,0,0.0,1,12,9.91,119.0
Blaine,Oxford Street Merchants,Raeburn Chardonnay 750ml,851718000970,0,0.0,1,12,11.73,141.0
Blaine,Oxford Street Merchants,Pizzolato Muse Prosecco 750ml,185554000987,1,1.4,1,12,9.54,114.0
Blaine,Oxford Street Merchants,Underwood Pinot Gris 375ml,856036001067,1,1.4,1,12,4.39,53.0
Blaine,Oxford Street Merchants,Risata Moscato d'Asti 750ml,084279977638,20,1.9,2,24,2.74,66.0
Blaine,Oxford Street Merchants,Boen Tri Appellation Pinot Noir 750ml,856184006112,13,2.8,1,12,5.25,63.0
Blaine,Oxford Street Merchants,Angeline Reserve Pinot Noir 750ml,729722700257,2,2.9,1,12,10.55,127.0
Blaine,Oxford Street Merchants,Chandon Rose 750ml,085155000402,4,3.4,1,12,18.67,224.0
Blaine,Paustis Wine,XXL Peach Cans 4pk 250ml,763955000401,0,0.0,1,6,9.33,56.0
Blaine,Paustis Wine,Trapiche Oak Cask Malbec 750ml,089744402547,0,0.0,1,12,6.69,80.0
Blaine,Paustis Wine,Our Daily Red 750ml,791784901736,0,0.0,1,12,5.19,62.0
Blaine,Paustis Wine,Anthony & Dominic North Coast Cabernet Sauvignon 750ml,684586980736,0,0.0,2,24,8.32,200.0
Blaine,Paustis Wine,Libretto Pinot Gris 750ml,400000014296,0,0.0,4,48,4.57,219.0
Blaine,Paustis Wine,Scotto Family Cellars Lodi Cabernet Sauvignon 750ml,684586905128,1,0.9,1,12,6.24,75.0
Blaine,Paustis Wine,Goldschmidt Stonemason Hill Cab Sauv 750ml,832095009138,1,1.4,1,12,18.0,216.0
Blaine,Paustis Wine,Papi Chardonnay 750ml,853936007687,11,1.6,2,24,4.4,106.0
Blaine,Paustis Wine,Papi Sweet Apple 750ml,850061597106,6,1.8,1,12,4.4,53.0
Blaine,Paustis Wine,Wente Chardonnay 750ml,089636190002,1,2.1,1,12,9.25,111.0
Blaine,Paustis Wine,Papi Blueberry 750ml,850061597021,10,3.3,1,12,4.4,53.0
Blaine,Paustis Wine,MD Freakshow Cab Sauv 750ml,652935100333,11,3.4,1,12,12.0,144.0
Blaine,Paustis Wine,Papi Malbec 750ml,853936007441,19,3.4,1,12,4.4,53.0
Blaine,Paustis Wine,Papi Sweet Red 750ml,850061597120,80,3.7,1,12,4.4,53.0
Blaine,Paustis Wine,Papi Red Blend 750ml,853936007700,92,4.0,1,12,4.4,53.0
Blaine,Phillips Wine & Spirits - St. Paul,Yellow Tail Sangria 1.5L,839743001582,-2,-2.9,1,6,7.72,46.0
Blaine,Phillips Wine & Spirits - St. Paul,Yellow Tail Merlot 1.5L,031259009230,-1,-1.1,1,6,7.56,45.0
Blaine,Phillips Wine & Spirits - St. Paul,Sutter Home Sauvignon Blanc 187ml,085200718740,0,0.0,5,30,4.99,150.0
Blaine,Phillips Wine & Spirits - St. Paul,Bartenura Moscato Rose 750ml,087752013854,0,0.0,1,12,13.05,157.0
Blaine,Phillips Wine & Spirits - St. Paul,Menage a Trois Lavish Merlot 750ml,099988071430,0,0.0,1,12,6.95,83.0
Blaine,Phillips Wine & Spirits - St. Paul,Bota Box Breeze Pinot Grigio 500ml,082242017978,0,0.0,1,12,3.24,39.0
Blaine,Phillips Wine & Spirits - St. Paul,Joel Gott Pinot Gris 750ml,188985000281,0,0.0,1,12,8.08,97.0
Blaine,Phillips Wine & Spirits - St. Paul,Haton Brut Rose 750ml,3480200313013,0,0.0,1,12,19.93,239.0
Blaine,Phillips Wine & Spirits - St. Paul,Overstone Sauvignon Blanc 750ml,084279978567,0,0.0,1,12,7.58,91.0
Blaine,Phillips Wine & Spirits - St. Paul,Bota Box Brightside Sauv Blanc/PG 500ml,082242018692,0,0.0,1,12,3.33,40.0
Blaine,Phillips Wine & Spirits - St. Paul,Bartenura Brachetto 750ml,087752014875,1,0.4,1,12,11.61,139.0
Blaine,Phillips Wine & Spirits - St. Paul,Sutter Home Pinot Grigio 187ml,08501422,7,0.6,7,42,4.95,208.0
Blaine,Phillips Wine & Spirits - St. Paul,Bota Box Breeze Red Blend 3L Box,082242016797,1,0.9,2,6,14.67,88.0
Blaine,Phillips Wine & Spirits - St. Paul,Sutter Home Cab Sauv 187ml,08500520,7,0.9,5,30,4.91,147.0
Blaine,Phillips Wine & Spirits - St. Paul,Menage a Trois Red 750ml,099988071096,3,0.9,1,12,4.5,54.0
Blaine,Phillips Wine & Spirits - St. Paul,Sutter Home Chardonnay 187ml,08500627,6,1.1,3,18,4.86,88.0
Blaine,Phillips Wine & Spirits - St. Paul,Fre Brut 750ml,08510527,3,1.4,1,12,6.63,80.0
Blaine,Phillips Wine & Spirits - St. Paul,Daily's Blackberry Smash 10oz,074806918975,4,1.6,1,24,1.61,39.0
Blaine,Phillips Wine & Spirits - St. Paul,Bota Box Nighthawk Blk Bourbon Cabernet 3L Box,082242016063,9,1.7,5,15,14.67,220.0
Blaine,Phillips Wine & Spirits - St. Paul,Bota Box Pinot Grigio 3L Box,082242013253,7,1.8,3,9,20.51,185.0
Blaine,Phillips Wine & Spirits - St. Paul,Yellow Tail Chardonnay 1.5L,031259008936,8,1.8,2,12,5.78,69.0
Blaine,Phillips Wine & Spirits - St. Paul,Bota Box Nighthawk Gold Sauv Blanc 3L Box,082242016049,3,2.1,1,3,14.67,44.0
Blaine,Phillips Wine & Spirits - St. Paul,Bota Box Nighthawk GD Chardonnay 3L Box,082242015691,6,2.3,2,6,14.52,87.0
Blaine,Phillips Wine & Spirits - St. Paul,Bota Box Cabernet Sauvignon 3L Box,082242010450,17,2.4,4,12,42.76,513.0
Blaine,Phillips Wine & Spirits - St. Paul,Bota Box Redvolution 500ml,082242010832,4,2.4,1,12,3.33,40.0
Blaine,Phillips Wine & Spirits - St. Paul,Menage A Trois Dolce Red 750ml,099988071911,4,2.4,1,12,7.0,84.0
Blaine,Phillips Wine & Spirits - St. Paul,Bota Box Sauvignon Blanc 3L Box,082242012935,24,2.6,5,15,14.67,220.0
Blaine,Phillips Wine & Spirits - St. Paul,Starling Castle Riesling 750ml,084279973944,9,2.6,1,12,5.73,69.0
Blaine,Phillips Wine & Spirits - St. Paul,Menage A Trois Silk 750ml,099988071362,11,2.6,1,12,6.88,83.0
Blaine,Phillips Wine & Spirits - St. Paul,Bota Box Redvolution 3L Box,082242016056,19,2.7,3,9,18.77,169.0
Blaine,Phillips Wine & Spirits - St. Paul,Fre Cabernet Sauvignon N/A 750ml,08516123,5,2.7,1,12,5.5,66.0
Blaine,Phillips Wine & Spirits - St. Paul,Fre Pinot Grigio N/A 750ml,08572624,14,2.7,1,12,6.49,78.0
Blaine,Phillips Wine & Spirits - St. Paul,Bota Box Breeze Dry Rose 3L Box,082242016773,2,2.9,1,3,14.67,44.0
Blaine,Phillips Wine & Spirits - St. Paul,Bota Box Brightside Sauv Blanc/PG 3L Box,082242018685,2,2.9,1,3,14.67,44.0
Blaine,Phillips Wine & Spirits - St. Paul,Bota Box NightHawk Red Blend 3L Box,082242013741,6,2.9,1,3,14.67,44.0
Blaine,Phillips Wine & Spirits - St. Paul,Bota Box Sauvignon Blanc 500ml,082242014311,8,3.4,1,12,3.33,40.0
Blaine,Phillips Wine & Spirits - St. Paul,Daily's Strawberry RTD Frozen 10oz,074806184202,8,3.4,1,24,1.43,34.0
Blaine,Phillips Wine & Spirits - St. Paul,Bota Box Merlot 3L Box,082242017558,5,3.6,1,3,14.67,44.0
Blaine,Phillips Wine & Spirits - St. Paul,Bota Box Dry Rose 3L Box,082242014373,7,3.8,1,3,14.67,44.0
Blaine,Rue 38 LLC,Les Cardonnieres Provence Rose 750ml,3342512142104,2,1.0,1,12,9.33,112.0
Blaine,Rue 38 LLC,Il Valore Chianti DOCG 750ml,015643875687,1,2.1,1,12,7.14,86.0
Blaine,Rue 38 LLC,Il Valore Pinot Grigio 750ml,015643744785,27,2.4,2,24,7.08,170.0
Blaine,Rue 38 LLC,Elmstone Sauvignon Blanc Marlborough 750ml,5060152096998,9,2.6,1,12,7.5,90.0
Blaine,Rue 38 LLC,The Horologist Sauvignon Blanc NZ 750ml,5060152093300,111,3.2,3,36,7.5,270.0
Blaine,Rue 38 LLC,Three Otters Pinot Noir 750ml,040232243646,8,3.4,1,12,13.33,160.0
Blaine,Saint Croix Vineyards,St Croix Vineyards Itasca,669835222416,0,0.0,1,12,13.33,160.0
Blaine,Saint Croix Vineyards,St Croix Vineyards Sunset Red 750ml,669835225219,0,0.0,1,12,11.1,133.0
Blaine,Small Lot MN,Prost! Rheinhessen Dry Riesling 750ml,756029464018,0,0.0,1,12,10.55,127.0
Blaine,Small Lot MN,Three Brooms Sauvignon Blanc 750ml,857098003020,0,0.0,1,12,13.33,160.0
Blaine,Small Lot MN,Colle Corviano Pinot Grigio 750ml,181856000250,12,1.4,2,24,7.33,176.0
Blaine,Small Lot MN,Colle Corviano Cerasuolo Rose 750ml,181856000892,9,2.6,1,12,7.01,84.0
Blaine,Small Lot MN,Woolpack Sauvignon Blanc 750ml,8570988003068,3,3.2,1,12,9.83,118.0
Blaine,Southern Glazer's Wine & Spirits of MN,Woodbridge Merlot 1.5L,086003000506,0,0.0,1,6,7.48,45.0
Blaine,Southern Glazer's Wine & Spirits of MN,Woodbridge Pinot Noir 1.5L,086003003408,0,0.0,1,6,5.83,35.0
Blaine,Southern Glazer's Wine & Spirits of MN,Tyku Sake Junmai Ginjo Black 720ml,736040520962,0,0.0,1,6,15.21,91.0
Blaine,Southern Glazer's Wine & Spirits of MN,Woodbridge Rich Red Blend 1.5L,086003003651,0,0.0,1,6,5.38,32.0
Blaine,Southern Glazer's Wine & Spirits of MN,TopBox Cabernet Sauvignon 3L Box,088586010750,0,0.0,1,6,7.97,48.0
Blaine,Southern Glazer's Wine & Spirits of MN,Woodbridge Light Oak Chardonnay 1.5L,086003903920,0,0.0,3,18,7.81,141.0
Blaine,Southern Glazer's Wine & Spirits of MN,Kenwood Chardonnay 750ml,010986007634,0,0.0,1,12,8.6,103.0
Blaine,Southern Glazer's Wine & Spirits of MN,Meiomi Pinot Noir Bright 750ml,086003251359,0,0.0,1,12,14.29,171.0
Blaine,Southern Glazer's Wine & Spirits of MN,Woodbridge Sauv Blanc 750ml,086003861862,0,0.0,1,12,4.07,49.0
Blaine,Southern Glazer's Wine & Spirits of MN,Cockburns Fine Tawny Porto 750ml,094799120131,0,0.0,1,12,12.28,147.0
Blaine,Southern Glazer's Wine & Spirits of MN,Banshee Paso Cab 750ml,853868006345,0,0.0,1,12,13.97,168.0
Blaine,Southern Glazer's Wine & Spirits of MN,Cooks Grd Resv 750ml,083804047150,0,0.0,1,12,6.0,72.0
Blaine,Southern Glazer's Wine & Spirits of MN,Wairau River Sauvignon Blanc 750ml,086891068008,0,0.0,1,12,11.33,136.0
Blaine,Southern Glazer's Wine & Spirits of MN,Cooks Extra Dry 750ml,083804047235,0,0.0,1,12,6.0,72.0
Blaine,Southern Glazer's Wine & Spirits of MN,Chateau Ste Michelle Cabernet Sauvignon 750ml,088586601835,0,0.0,2,24,10.21,245.0
Blaine,Southern Glazer's Wine & Spirits of MN,Mad Dog Purple Drip Pet 200ml,085904016166,0,0.0,1,24,0.23,5.0
Blaine,Southern Glazer's Wine & Spirits of MN,Woodbridge Pinot Grigio 1.5L,086003001657,2,0.8,2,12,8.58,103.0
Blaine,Southern Glazer's Wine & Spirits of MN,Cooks Spumante 750ml,083804047198,2,0.8,1,12,5.99,72.0
Blaine,Southern Glazer's Wine & Spirits of MN,Woodbridge Red Blend 1.5L,086003820449,1,0.9,1,6,7.91,47.0
Blaine,Southern Glazer's Wine & Spirits of MN,CSM Indian Wells Cabernet 750ml,088586001864,4,0.9,2,24,11.93,286.0
Blaine,Southern Glazer's Wine & Spirits of MN,Woodbridge Chardonnay 750ml,086003000087,1,1.1,1,12,4.0,48.0
Blaine,Southern Glazer's Wine & Spirits of MN,Cooks Brut 750ml,083804047211,5,1.6,1,12,6.0,72.0
Blaine,Southern Glazer's Wine & Spirits of MN,Robert Mondavi PS Pinot Noir 750ml,086003091931,3,1.8,1,12,6.0,72.0
Blaine,Southern Glazer's Wine & Spirits of MN,The Federalist Honest Red Blend 750ml,086891086132,1,2.1,1,12,11.01,132.0
Blaine,Southern Glazer's Wine & Spirits of MN,Antigal Uno Malbec 750ml,874390001035,3,2.1,1,12,11.84,142.0
Blaine,Southern Glazer's Wine & Spirits of MN,Mad Dog Spiked Strawberry Pet 200ml,085904015596,2,2.1,1,24,0.11,3.0
Blaine,Southern Glazer's Wine & Spirits of MN,Chateau Ste Michelle Chardonnay 750ml,088586603846,12,2.3,1,12,5.92,71.0
Blaine,Southern Glazer's Wine & Spirits of MN,Faust Cabernet Sauvignon 750ml,859369001254,2,2.9,1,12,43.33,520.0
Blaine,Southern Glazer's Wine & Spirits of MN,The Federalist Cab 750ml,086891083186,4,2.9,1,12,11.04,132.0
Blaine,Southern Glazer's Wine & Spirits of MN,Summit Red Blend 3L Box,083120015437,5,3.1,1,6,11.19,67.0
Blaine,Southern Glazer's Wine & Spirits of MN,Summit Sauvignon Blanc 3L Box,083120016403,5,3.1,1,6,11.19,67.0
Blaine,Southern Glazer's Wine & Spirits of MN,Cooks Extra Dry 1.5L,083804043169,8,3.1,1,6,10.33,62.0
Blaine,Southern Glazer's Wine & Spirits of MN,CSM Indian Wells Chardonnay 750ml,088586659935,5,3.1,1,12,11.63,140.0
Blaine,Southern Glazer's Wine & Spirits of MN,Cooks Brut 1.5L,083804043152,3,3.2,1,6,10.33,62.0
Blaine,Southern Glazer's Wine & Spirits of MN,Woodbridge Chardonnay 1.5L,086003873889,20,3.2,1,6,6.26,38.0
Blaine,Southern Glazer's Wine & Spirits of MN,Christian Bros Dry Sherry 750ml,086036124590,3,3.2,1,12,5.17,62.0
Blaine,Southern Glazer's Wine & Spirits of MN,Chateau Ste Michelle Riesling 750ml,088586621840,14,3.3,1,12,4.04,48.0
Blaine,Southern Glazer's Wine & Spirits of MN,Beringer Main & Vine White Zinfandel 750ml,089819006526,4,3.4,1,12,3.5,42.0
Blaine,Southern Glazer's Wine & Spirits of MN,Chateau Ste Michelle Sauvignon Blanc 750ml,088586630989,13,4.0,1,12,7.96,96.0
Blaine,The Wine Company,Matchbook Chardonnay 750ml,859551001000,0,0.0,1,12,8.64,104.0
Blaine,The Wine Company,La Vieille Ferme Rose 3L Box,089419000160,7,1.5,2,12,18.67,224.0
Blaine,The Wine Company,Failla Willamette Valley Pinot Noir 750ml,400000024370,5,3.6,1,12,20.76,249.0
Blaine,"Vinocopia, Inc",Han Jan Peach 750ml,795044286038,-1,-4.3,1,12,8.67,104.0
Blaine,"Vinocopia, Inc",Lapis Luna Zinfandel 750ml,860115002449,-4,-3.4,1,12,8.0,96.0
Blaine,"Vinocopia, Inc",Tree Fort Cabernet 750ml,810034600134,0,0.0,1,12,4.65,56.0
Blaine,"Vinocopia, Inc",Han Jan Apple 750ml,795044286021,0,0.0,1,12,8.67,104.0
Blaine,"Vinocopia, Inc",Lapis Luna Red Blend 750ml,860115002418,0,0.0,1,12,8.0,96.0
Blaine,"Vinocopia, Inc",Good Day Lychee Soju 375ml,8801100130978,1,0.4,1,20,4.83,97.0
Blaine,"Vinocopia, Inc",Donausonne Blaufrankisch,022916573089,1,1.1,1,12,8.33,100.0
Blaine,"Vinocopia, Inc",Lapis Luna Cabernet Sauvignon 750ml,860115002425,2,1.2,1,12,8.0,96.0
Blaine,"Vinocopia, Inc","Piattelli Reserve Malbec, Mendoza 750ml",875752000390,1,1.4,1,12,9.22,111.0
Blaine,"Vinocopia, Inc",Han Jan Apple 375ml,8809018211529,2,2.9,1,20,4.09,82.0
Blaine,"Vinocopia, Inc",Good Day Mango Soju 375ml,8801100130961,3,3.2,1,20,4.73,95.0
Blaine,,E Geared Red Wine 375ml,854909007000,0,0.0,2,2,2.97,6.0
Blaine,,Domaine de Pouy Blanc,335988019042,0,0.0,11,11,0.7,8.0
Blaine,,Chateau Puyanche White Blend,3511061977882,1,2.1,1,1,0.0,0.0
Bloomington,Bellboy Corporation,90+ Cellars Prosecco Rose (single) 187ml,810879023372,0,0.0,1,24,2.98,71.0
Bloomington,Bellboy Corporation,90+ Cellars DOC Prosecco Lot 50 (single) 187ml,810879020630,0,0.0,1,24,2.71,65.0
Bloomington,Bellboy Corporation,"90+ Cellars Lot 193 Pinot Noir, Eola-Amity 750ml",810879021958,3,3.2,1,12,10.17,122.0
Bloomington,Bellboy Corporation,90+ Cellars Sauvignon Blanc Marlborough 750ml,894655001037,20,3.4,1,12,6.49,78.0
Bloomington,Bellboy Corporation,90+ Cellars DOC Prosecco Lot 50 (3 pk) 187ml,810879020647,6,3.7,1,8,8.14,65.0
Bloomington,"Bourget Imports, LLC",Sainte-Anne Pinot Noir 750ml,638729001017,20,3.4,1,12,6.47,78.0
Bloomington,"Breakthru Beverage Minnesota Wine & Spirits, LLC",Decoy Sauvignon Blanc 750ml,669576019214,0,0.0,1,12,10.76,129.0
Bloomington,"Breakthru Beverage Minnesota Wine & Spirits, LLC",Matua Valley Sauv Blanc 750ml,089819158027,4,1.9,1,12,7.85,94.0
Bloomington,"Breakthru Beverage Minnesota Wine & Spirits, LLC",Line 39 Cabernet 750ml,898756001057,3,2.6,1,12,6.26,75.0
Bloomington,Johnson Brothers - St. Paul,Peter Vella Cab Sauv 5L Box,085000003091,0,0.0,1,4,11.87,47.0
Bloomington,Johnson Brothers - St. Paul,Barefoot Moscato 750ml,085000016688,0,0.0,1,12,4.32,52.0
Bloomington,Johnson Brothers - St. Paul,Barefoot Sauv Blanc 750ml,018341751024,0,0.0,1,12,4.32,52.0
Bloomington,Johnson Brothers - St. Paul,Jinro Strawberry 375ml,605779976251,0,0.0,1,20,3.66,73.0
Bloomington,Johnson Brothers - St. Paul,LaMarca Prosecco 3 Pack 187ml,085000322437,1,1.1,1,8,9.83,79.0
Bloomington,Johnson Brothers - St. Paul,Jinro Chamisul Classico Soju 20.1% 750ml,795652200518,1,1.1,1,12,8.96,108.0
Bloomington,Johnson Brothers - St. Paul,Jinro Green Grape 375ml,605779976084,3,1.3,1,20,4.83,97.0
Bloomington,Johnson Brothers - St. Paul,Black Box Chardonnay 500ml,081434000309,2,1.7,1,12,3.33,40.0
Bloomington,Johnson Brothers - St. Paul,Josh Cellars Pinot Grigio 750ml,031259001456,5,2.1,1,12,8.91,107.0
Bloomington,Johnson Brothers - St. Paul,Black Box Chardonnay 3L Box,081434000040,21,2.3,3,18,10.42,188.0
Bloomington,Johnson Brothers - St. Paul,Yes Way Rose 750ml,084279002156,9,2.8,1,12,10.08,121.0
Bloomington,Johnson Brothers - St. Paul,Josh Cellars Legacy Red Blend 750ml,031259048024,2,2.9,1,12,10.29,123.0
Bloomington,Johnson Brothers - St. Paul,Barefoot Moscato 1.5L,085000016671,7,3.0,1,6,4.72,28.0
Bloomington,Johnson Brothers - St. Paul,Josh Cellars Sauvignon Blanc 750ml,031259046976,7,3.0,1,12,8.58,103.0
Bloomington,Johnson Brothers - St. Paul,Black Box Cab Sauv 3L Box,081434000033,5,3.1,1,6,13.58,81.0
Bloomington,Johnson Brothers - St. Paul,Black Box Pinot Noir 500ml,081434710055,8,3.1,1,12,3.33,40.0
Bloomington,Johnson Brothers - St. Paul,Black Box Rose Tetra 500ml,081434710161,3,3.2,1,12,3.33,40.0
Bloomington,Johnson Brothers - St. Paul,Black Box Sauvignon Blanc 500ml Tetra 500ml,085000033395,4,3.4,1,12,3.33,40.0
Bloomington,Johnson Brothers - St. Paul,Black Box Pinot Noir 3L Box,081434710017,5,3.6,1,6,4.77,29.0
Bloomington,Johnson Brothers - St. Paul,Black Box Chardonnay Liter Tetra,085000037539,5,3.6,1,12,6.0,72.0
Bloomington,Johnson Brothers - St. Paul,Black Box Buttery Chardonnay 3L Box,085000033371,6,3.7,1,6,14.48,87.0
Bloomington,Johnson Brothers - St. Paul,Black Box Pinot Grigio 3L Box,081434000224,27,4.0,1,6,15.26,92.0
Bloomington,Oxford Street Merchants,OZV Old Vine Zinfandel 750ml,082544009046,0,0.0,1,12,9.23,111.0
Bloomington,Oxford Street Merchants,Underwood Bubbles 355ml,856036001098,19,3.9,1,12,4.63,56.0
Bloomington,Paustis Wine,Papi Pink Moscato 750ml,858962004860,0,0.0,1,12,4.4,53.0
Bloomington,Paustis Wine,Papi Moscato 750ml,858962004242,2,0.6,1,12,4.4,53.0
Bloomington,Paustis Wine,Scotto Family Cellars Lodi Cabernet Sauvignon 750ml,684586905128,2,1.2,1,12,6.24,75.0
Bloomington,Paustis Wine,Papi Sweet Apple 750ml,850061597106,2,2.1,1,12,4.4,53.0
Bloomington,Paustis Wine,Libretto Pinot Gris 750ml,400000014296,12,2.7,1,12,4.57,55.0
Bloomington,Paustis Wine,Papi Sauvignon Blanc 750ml,893828001010,5,3.1,1,12,4.4,53.0
Bloomington,Paustis Wine,Papi Red Original Sangria 750ml,893828001867,6,3.2,1,12,3.82,46.0
Bloomington,Paustis Wine,Gazela Vinho Verde,739949010404,4,3.4,1,12,4.79,58.0
Bloomington,Paustis Wine,Papi Sweet Red 750ml,850061597120,10,3.9,1,12,4.4,53.0
Bloomington,Phillips Wine & Spirits - St. Paul,Bota Box Breeze Sauvignon Blanc 3L Box,082242016827,0,0.0,1,3,14.67,44.0
Bloomington,Phillips Wine & Spirits - St. Paul,Bota Box Dry Rose 3L Box,082242014373,2,0.7,4,12,14.67,176.0
Bloomington,Phillips Wine & Spirits - St. Paul,Sutter Home Cab Sauv 187ml,08500520,1,1.4,1,6,4.91,29.0
Bloomington,Phillips Wine & Spirits - St. Paul,Joel Gott Cab Sauvignon 750ml,188985000137,2,1.4,1,12,6.81,82.0
Bloomington,Phillips Wine & Spirits - St. Paul,Bota Box Sauvignon Blanc 3L Box,082242012935,6,2.3,2,6,14.67,88.0
Bloomington,Southern Glazer's Wine & Spirits of MN,Erath Pinot Noir 750ml,084687001017,0,0.0,1,12,10.85,130.0
Bloomington,Southern Glazer's Wine & Spirits of MN,Beringer Main & Vine White Zinfandel 750ml,089819006526,1,1.4,1,12,3.5,42.0
Bloomington,Southern Glazer's Wine & Spirits of MN,Kim Crawford Sauvignon Blanc 750ml,689352009611,12,1.6,2,24,10.7,257.0
Bloomington,Southern Glazer's Wine & Spirits of MN,Liquid Light Sauvignon Blanc 750ml,088586010149,3,2.6,1,12,8.64,104.0
Bloomington,Southern Glazer's Wine & Spirits of MN,Chateau Ste Michelle Gewurztraminer 750ml,088586625848,4,3.4,1,12,7.31,88.0
Bloomington,Southern Glazer's Wine & Spirits of MN,House Wine Rose Bubbles Can 355ml,848375004991,4,3.4,1,12,3.5,42.0
Bloomington,The Wine Company,Hakutsuru Superior Junmai Ginjo Sake 300ml,747846010021,4,2.9,1,12,6.58,79.0
Bloomington,"Vinocopia, Inc",Han Jan Apple 375ml,8809018211529,0,0.0,1,20,4.09,82.0
Chanhassen,Bellboy Corporation,Chateau Franc les Cerisiers 750ml,873964002232,-1,-4.3,1,12,2.9,35.0
Chanhassen,Bellboy Corporation,Cattin Gewurztraminer 750ml,860008882431,-1,-2.1,1,12,9.92,119.0
Chanhassen,Bellboy Corporation,CH Lafaurie Peyraguet Sauterne '18 750ml,873964003949,-1,-2.1,1,12,1.96,24.0
Chanhassen,Bellboy Corporation,Le Fou de Malijay 750ml,3760190893239,0,0.0,2,12,11.24,135.0
Chanhassen,Bellboy Corporation,90+ Cellars 2019 Lot 26 Barolo 750ml,894655001440,0,0.0,1,12,17.44,209.0
Chanhassen,Bellboy Corporation,Ironside Chardonnay 750ml,810879024911,0,0.0,1,12,7.75,93.0
Chanhassen,Bellboy Corporation,"90+ Cellars Lot 193 Pinot Noir, Eola-Amity 750ml",810879021958,0,0.0,1,12,10.17,122.0
Chanhassen,Bellboy Corporation,90+ Cellars DOC Prosecco Lot 50 (single) 187ml,810879020630,0,0.0,2,48,2.71,130.0
Chanhassen,Bellboy Corporation,90+ Cellars RR Pinot Noir 750ml,894655001945,2,0.5,2,24,10.28,247.0
Chanhassen,Bellboy Corporation,90+ Cellars Rose 750ml,894655001518,14,0.7,6,72,6.61,476.0
Chanhassen,Bellboy Corporation,Tutela Chianti DOCG 750ml,763955572588,1,2.1,1,12,8.33,100.0
Chanhassen,Bellboy Corporation,La Cle de la Femme Brut 750ml,810879020470,1,2.1,1,12,23.33,280.0
Chanhassen,Bellboy Corporation,90+ Cellars 2021 Lot 27 Barbera d'Alba 750ml,894655001457,3,2.1,1,12,8.99,108.0
Chanhassen,Bellboy Corporation,90+ Cellars Lot 210 Paso Robles Cabernet Sauvignon  750ml,810879020838,18,2.3,2,24,8.58,206.0
Chanhassen,Bellboy Corporation,90+ Cellars Sauvignon Blanc Marlborough 750ml,894655001037,66,2.9,3,36,6.49,233.0
Chanhassen,Bellboy Corporation,Readers Sauvignon Blanc 750ml,080960100675,3,3.2,1,12,8.5,102.0
Chanhassen,Bellboy Corporation,90+ Cellars 2022 Lot 217 Chablis 750ml,810879025734,13,3.7,1,12,15.43,185.0
Chanhassen,"Bourget Imports, LLC",Sainte-Anne Syrah Rose 750ml,638729001031,2,0.3,3,36,5.93,213.0
Chanhassen,"Breakthru Beverage Minnesota Wine & Spirits, LLC",Decoy Limited Alexander Valley Cabernet Sauvignon 750ml,669576020449,0,0.0,1,12,16.0,192.0
Chanhassen,"Breakthru Beverage Minnesota Wine & Spirits, LLC",Decoy Sauvignon Blanc 750ml,669576019214,9,1.7,2,24,10.76,258.0
Chanhassen,"Breakthru Beverage Minnesota Wine & Spirits, LLC",Sonoma Cutrer Chardonnay 750ml,769611454441,9,1.8,1,12,15.41,185.0
Chanhassen,"Breakthru Beverage Minnesota Wine & Spirits, LLC",Decoy Cabernet Sauvignon 750ml,669576019269,11,2.6,1,12,13.84,166.0
Chanhassen,"Breakthru Beverage Minnesota Wine & Spirits, LLC",Substance Cabernet Sauvignon 750ml,184745003004,4,2.9,1,12,10.13,122.0
Chanhassen,"Breakthru Beverage Minnesota Wine & Spirits, LLC",Creamery Chardonnay 750ml,847159002024,19,3.1,1,12,7.58,91.0
Chanhassen,"Grape Beginnings, Inc.",Albert Bichot Cremant de Bourgogne Brut 750ml,087113112998,-1,-4.3,1,6,16.05,96.0
Chanhassen,"Grape Beginnings, Inc.",Albert Bichot Cremant de Bourgogne Brut Rose 750ml,087113112950,0,0.0,1,6,16.5,99.0
Chanhassen,"Grape Beginnings, Inc.",Catena Appellation Malbec Lunlunta 750ml,098709099050,1,1.1,1,12,17.18,206.0
Chanhassen,"Grape Beginnings, Inc.",Saint Cosme Cote du Rhone 750ml,3483812150007,1,2.1,1,12,13.36,160.0
Chanhassen,"Grape Beginnings, Inc.",Austin Cabernet Sauvignon 750ml,657891720915,3,2.6,1,12,15.01,180.0
Chanhassen,Johnson Brothers - St. Paul,Gnarly Head Old Vine Zin 750ml,082242294935,0,0.0,1,12,6.67,80.0
Chanhassen,Johnson Brothers - St. Paul,Carnivor Cabernet 750ml,085000020425,0,0.0,1,12,6.0,72.0
Chanhassen,Johnson Brothers - St. Paul,Carlo Rossi Raspberry Sangria,085000029749,0,0.0,1,12,3.33,40.0
Chanhassen,Johnson Brothers - St. Paul,Barefoot Sauv Blanc 750ml,018341751024,0,0.0,1,12,4.32,52.0
Chanhassen,Johnson Brothers - St. Paul,Franciscan Cab Sauv 750ml,083085200220,1,1.1,1,12,11.65,140.0
Chanhassen,Johnson Brothers - St. Paul,Black Box Cab Sauv 500ml,081434000293,4,1.3,1,12,3.33,40.0
Chanhassen,Johnson Brothers - St. Paul,Barefoot Sauv Blanc 1.5L,018341151022,1,1.4,1,6,11.06,66.0
Chanhassen,Johnson Brothers - St. Paul,Barefoot Moscato 1.5L,085000016671,1,1.4,1,6,4.72,28.0
Chanhassen,Johnson Brothers - St. Paul,Black Box Sauvignon Blanc 500ml Tetra 500ml,085000033395,5,1.5,1,12,3.33,40.0
Chanhassen,Johnson Brothers - St. Paul,Josh Cellars Sauvignon Blanc 750ml,031259046976,11,1.5,2,24,8.58,206.0
Chanhassen,Johnson Brothers - St. Paul,Josh Cellars Pinot Noir 750ml,031259046952,29,1.7,4,48,9.65,463.0
Chanhassen,Johnson Brothers - St. Paul,Apothic Red 750ml,085000017746,7,2.0,1,12,4.83,58.0
Chanhassen,Johnson Brothers - St. Paul,Josh Cellars Chardonnay 750ml,857744001325,19,2.0,2,24,8.74,210.0
Chanhassen,Johnson Brothers - St. Paul,Barefoot Strawberry Moscato 750ml,085000029015,2,2.1,1,12,4.34,52.0
Chanhassen,Johnson Brothers - St. Paul,J Vineyards Pinot Gris 750ml,724624116090,4,2.1,1,12,12.68,152.0
Chanhassen,Johnson Brothers - St. Paul,Black Box Sauvignon Blanc 3L Box,082100738397,34,2.5,4,24,15.96,383.0
Chanhassen,Johnson Brothers - St. Paul,Black Box Chardonnay 3L Box,081434000040,32,2.7,3,18,10.42,188.0
Chanhassen,Johnson Brothers - St. Paul,Chemistry Pinot Gris 750ml,640656000131,11,2.9,1,12,10.0,120.0
Chanhassen,Johnson Brothers - St. Paul,Black Box Merlot 3L Box,081434000026,3,3.2,1,6,12.83,77.0
Chanhassen,Johnson Brothers - St. Paul,Barefoot Merlot 1.5L,018341151107,12,3.2,1,6,8.81,53.0
Chanhassen,Johnson Brothers - St. Paul,Black Box Pinot Grigio 3L Box,081434000224,31,3.8,1,6,15.26,92.0
Chanhassen,Libation Project,Ercole Rose DOC Liter,678113000172,0,0.0,1,12,11.19,134.0
Chanhassen,Libation Project,Pavette Pinot Noir 750ml,853868006680,0,0.0,1,12,9.57,115.0
Chanhassen,Libation Project,Kuranui Sauvignon Blanc 750ml,604331008386,1,2.1,1,12,8.13,98.0
Chanhassen,"Maverick Beverage Co., LLC - MN",Tassajara Pinot Noir 750ml,859481003693,0,0.0,1,12,9.08,109.0
Chanhassen,"Maverick Beverage Co., LLC - MN",Les Allies Pinot Noir 750ml,763955412297,0,0.0,1,12,7.51,90.0
Chanhassen,"Maverick Beverage Co., LLC - MN",TOPO Tinto Red,5604424367401,2,2.1,1,12,6.33,76.0
Chanhassen,Oxford Street Merchants,Angeline Cabernet Sauvignon 750ml,729722700103,1,0.4,1,12,7.92,95.0
Chanhassen,Oxford Street Merchants,Whispering Angel Rose 750ml,081753833916,3,0.9,1,12,9.91,119.0
Chanhassen,Oxford Street Merchants,Rombauer Sauvignon Blanc 750ml,097921877101,0,1.0,1,12,13.86,166.0
Chanhassen,Oxford Street Merchants,Boen Tri Appellation Chardonnay 750ml,856184006310,1,2.1,1,12,12.23,147.0
Chanhassen,Oxford Street Merchants,Underwood Bubbles 355ml,856036001098,10,2.4,1,12,4.63,56.0
Chanhassen,Oxford Street Merchants,Underwood Rose Bubbles 375ml,856036001197,3,3.2,1,12,1.71,21.0
Chanhassen,Paustis Wine,Winehaven Raspberry Wine,052392122761,0,0.0,1,12,10.67,128.0
Chanhassen,Paustis Wine,Libretto Chardonnay 750ml,400000014289,1,2.1,1,12,4.57,55.0
Chanhassen,Paustis Wine,MD Freakshow Cab Sauv 750ml,652935100333,11,3.6,1,12,12.0,144.0
Chanhassen,Paustis Wine,Terre di Mario Red 750ml,8052049650533,83,3.7,1,12,6.13,74.0
Chanhassen,Phillips Wine & Spirits - St. Paul,Menage A Trois Dolce Red 750ml,099988071911,-1,-4.3,1,12,7.0,84.0
Chanhassen,Phillips Wine & Spirits - St. Paul,Bartenura Pinot Grigio 750ml,087752003435,0,0.0,1,12,11.58,139.0
Chanhassen,Phillips Wine & Spirits - St. Paul,Hess Select Chardonnay 750ml,717888520024,3,1.0,1,12,6.87,82.0
Chanhassen,Phillips Wine & Spirits - St. Paul,Joel Gott Sauv Blanc 750ml,188985000113,1,1.4,1,12,8.83,106.0
Chanhassen,Phillips Wine & Spirits - St. Paul,Menage a Trois Red 750ml,099988071096,6,1.7,1,12,4.5,54.0
Chanhassen,Phillips Wine & Spirits - St. Paul,Bota Box Nighthawk Black Lush Pinot Noir 3L Box,082242016094,3,1.8,2,6,14.67,88.0
Chanhassen,Phillips Wine & Spirits - St. Paul,Yellow Tail Shiraz 1.5L,031259008950,4,1.9,1,6,7.81,47.0
Chanhassen,Phillips Wine & Spirits - St. Paul,Yellow Tail Chardonnay 1.5L,031259008936,5,1.9,1,6,5.78,35.0
Chanhassen,Phillips Wine & Spirits - St. Paul,Bota Box Redvolution 3L Box,082242016056,6,2.3,2,6,18.77,113.0
Chanhassen,Phillips Wine & Spirits - St. Paul,Bota Box Nighthawk Blk Bourbon Cabernet 3L Box,082242016063,5,2.4,2,6,14.67,88.0
Chanhassen,Phillips Wine & Spirits - St. Paul,Bota Box Sauvignon Blanc 3L Box,082242012935,20,2.4,5,15,14.67,220.0
Chanhassen,Phillips Wine & Spirits - St. Paul,Bota Box Pinot Grigio 3L Box,082242013253,19,2.5,4,12,20.51,246.0
Chanhassen,Phillips Wine & Spirits - St. Paul,Bota Box NightHawk Red Blend 3L Box,082242013741,3,2.6,1,3,14.67,44.0
Chanhassen,Phillips Wine & Spirits - St. Paul,Bota Box Breeze Pinot Grigio 3L Box,082242016780,3,2.6,1,3,14.67,44.0
Chanhassen,Phillips Wine & Spirits - St. Paul,Sutter Home Sauvignon Blanc 187ml,085200718740,9,2.8,1,6,4.99,30.0
Chanhassen,Phillips Wine & Spirits - St. Paul,Yellow Tail Cab Sauvignon 1.5L,031259009469,2,2.9,1,6,1.56,9.0
Chanhassen,Phillips Wine & Spirits - St. Paul,Bota Box Cabernet Sauvignon 3L Box,082242010450,10,3.3,1,3,42.76,128.0
Chanhassen,Phillips Wine & Spirits - St. Paul,Bota Box Chardonnay 3L Box,082242011051,8,3.4,1,3,14.67,44.0
Chanhassen,Phillips Wine & Spirits - St. Paul,Yellow Tail Merlot 1.5L,031259009230,5,3.6,1,6,7.56,45.0
Chanhassen,Phillips Wine & Spirits - St. Paul,Yellow Tail Pinot Grigio 1.5L,031259009728,6,3.7,1,6,6.18,37.0
Chanhassen,Rue 38 LLC,Compass Merlot 750ml,083663441038,0,0.0,1,12,7.84,94.0
Chanhassen,Rue 38 LLC,Les Cardonnieres Provence Rose 750ml,3342512142104,0,0.0,1,12,9.33,112.0
Chanhassen,Rue 38 LLC,The Little Sheep Rose 750ml,015643607554,0,0.0,1,12,8.07,97.0
Chanhassen,Rue 38 LLC,Chateau La Caussade Sauvignon Blanc 750ml,015643682193,18,2.6,1,12,7.39,89.0
Chanhassen,Small Lot MN,Colle Corviano Cerasuolo Rose 750ml,181856000892,0,0.0,1,12,7.01,84.0
Chanhassen,Small Lot MN,Maison Noir O.P.P. Pinot Noir 750ml,851665002874,0,0.0,1,12,16.91,203.0
Chanhassen,Southern Glazer's Wine & Spirits of MN,Woodbridge Red Blend 1.5L,086003820449,-1,-0.9,1,6,7.91,47.0
Chanhassen,Southern Glazer's Wine & Spirits of MN,Woodbridge Light Oak Chardonnay 1.5L,086003903920,0,0.0,1,6,7.81,47.0
Chanhassen,Southern Glazer's Wine & Spirits of MN,Robert Mondavi Napa Cab 750ml,086003051843,0,0.0,1,12,36.15,434.0
Chanhassen,Southern Glazer's Wine & Spirits of MN,Christian Bros Dry Sherry 750ml,086036124590,0,0.0,1,12,5.17,62.0
Chanhassen,Southern Glazer's Wine & Spirits of MN,Flybird Strawberry Margarita 750ml,833302009170,0,0.0,1,12,7.57,91.0
Chanhassen,Southern Glazer's Wine & Spirits of MN,Meiomi Pinot Noir 750ml,855165005076,0,0.0,2,24,10.94,263.0
Chanhassen,Southern Glazer's Wine & Spirits of MN,Woodbridge Chardonnay 1.5L,086003873889,14,0.7,12,72,6.26,451.0
Chanhassen,Southern Glazer's Wine & Spirits of MN,The Federalist Cab 750ml,086891083186,1,1.1,1,12,11.04,132.0
Chanhassen,Southern Glazer's Wine & Spirits of MN,Robert Mondavi PS Chardonnay 750ml,086003461925,2,1.2,1,12,6.02,72.0
Chanhassen,Southern Glazer's Wine & Spirits of MN,Chateau Ste Michelle Merlot 750ml,088586602832,2,1.2,1,12,10.08,121.0
Chanhassen,Southern Glazer's Wine & Spirits of MN,Chateau Ste Michelle Pinot Gris 750ml,088586000768,5,1.2,1,12,7.33,88.0
Chanhassen,Southern Glazer's Wine & Spirits of MN,Gekkeikan Sake Black & Gold 750ml,728817199600,1,1.4,1,6,12.0,72.0
Chanhassen,Southern Glazer's Wine & Spirits of MN,Jam Cellars Butter Chardonnay 750ml,853706002034,3,1.4,1,12,9.68,116.0
Chanhassen,Southern Glazer's Wine & Spirits of MN,Hampton Water Rose 750ml,812147021004,1,2.1,1,12,12.12,145.0
Chanhassen,Southern Glazer's Wine & Spirits of MN,Chateau Ste Michelle Dry Riesling 750ml,088586642890,3,2.1,1,12,7.55,91.0
Chanhassen,Southern Glazer's Wine & Spirits of MN,Ferrari Carano Fume Blanc 750ml,742651123102,8,2.1,1,12,9.99,120.0
Chanhassen,Southern Glazer's Wine & Spirits of MN,Acrobat Pinot Noir 750ml,768675085929,4,2.4,1,12,12.18,146.0
Chanhassen,Southern Glazer's Wine & Spirits of MN,Simi Sonoma Cabernet Sauvignon 750ml,088415780557,3,2.6,1,12,12.71,152.0
Chanhassen,Southern Glazer's Wine & Spirits of MN,A to Z Pinot Noir 750ml,892931000347,15,3.1,1,12,11.33,136.0
Chanhassen,The Wine Company,MAN Vintners Cabernet Sauv 750ml,089419149036,0,0.0,1,12,7.67,92.0
Chanhassen,The Wine Company,Pavao Vinho Verde 750ml,787202000174,0,0.0,1,12,5.32,64.0
Chanhassen,The Wine Company,Raza Vinho Verde 750ml,5600379041236,2,0.5,2,24,5.75,138.0
Chanhassen,The Wine Company,The Herdsman Cabernet Sauvignon 750ml,859551001666,1,0.9,1,12,13.34,160.0
Chanhassen,"Vinocopia, Inc",Piattelli Grand Res Malbec 750ml,855708006638,1,0.7,1,12,12.67,152.0
Chanhassen,"Vinocopia, Inc",Good Day Mango Soju 375ml,8801100130961,1,2.1,1,20,4.73,95.0
Chanhassen,"Vinocopia, Inc","Piattelli Reserve Malbec, Cafayate 750ml",855708006645,3,2.6,1,12,9.22,111.0
Chanhassen,,Palazzo Alcineo,695345,0,0.0,1,1,19.5,20.0
Cottage Grove,Bellboy Corporation,Redwood Pinot Noir 750ml,081054614443,0,0.0,1,12,2.17,26.0
Cottage Grove,Bellboy Corporation,LaBella Pinot Grigio 750ml,632974001648,0,0.0,1,12,5.0,60.0
Cottage Grove,Bellboy Corporation,Cattin Riesling 750ml,860008882417,0,0.0,1,12,7.71,92.0
Cottage Grove,Bellboy Corporation,90+ Cellars Chardonnay 750ml,810879020302,0,0.0,1,12,6.61,79.0
Cottage Grove,Bellboy Corporation,90+ Cellars DOC Prosecco Lot 50 (single) 187ml,810879020630,0,0.0,2,48,2.71,130.0
Cottage Grove,Bellboy Corporation,90+ Cellars Riesling Mosel 750ml,894655001860,6,0.8,3,36,6.48,233.0
Cottage Grove,Bellboy Corporation,Tutela Chianti DOCG 750ml,763955572588,1,0.9,1,12,8.33,100.0
Cottage Grove,Bellboy Corporation,90+ Cellars Lot 50 Prosecco 1.5L,810879020708,3,1.4,1,6,14.01,84.0
Cottage Grove,Bellboy Corporation,Notebook Red Blend 750ml,080960330027,6,2.9,1,12,7.53,90.0
Cottage Grove,"Bourget Imports, LLC",Felines Jourdan Picpoul,810998010031,-1,-2.1,1,12,7.91,95.0
Cottage Grove,"Bourget Imports, LLC",Lake House Pinot Grigio 750ml,875359002698,0,0.0,1,12,9.74,117.0
Cottage Grove,"Bourget Imports, LLC",Pacific Sound Pinot Noir 750ml,7801222923879,0,0.0,1,12,6.0,72.0
Cottage Grove,"Breakthru Beverage Minnesota Wine & Spirits, LLC",1000 Stories High Alc Cabernet Sauvignon 750ml,082896004171,0,0.0,1,12,10.0,120.0
Cottage Grove,"Breakthru Beverage Minnesota Wine & Spirits, LLC",Stags' Leap Cabernet Sauvignon Napa 750ml,089819042401,0,0.0,1,12,39.72,477.0
Cottage Grove,"Breakthru Beverage Minnesota Wine & Spirits, LLC",Sonoma Cutrer Chardonnay 750ml,769611454441,2,1.0,1,12,15.41,185.0
Cottage Grove,"Breakthru Beverage Minnesota Wine & Spirits, LLC",Decoy Cabernet Sauvignon 750ml,669576019269,7,3.0,1,12,13.84,166.0
Cottage Grove,Johnson Brothers - St. Paul,Josh Cellars Seaswept White Blend 750ml,031259005348,-2,-0.7,1,12,8.91,107.0
Cottage Grove,Johnson Brothers - St. Paul,Villa Pozzi Nero D'Avola,031259027029,0,0.0,1,12,7.06,85.0
Cottage Grove,Johnson Brothers - St. Paul,Barefoot Sauv Blanc 750ml,018341751024,0,0.0,1,12,4.32,52.0
Cottage Grove,Johnson Brothers - St. Paul,Josh Cellars Chardonnay 750ml,857744001325,3,0.5,2,24,8.74,210.0
Cottage Grove,Johnson Brothers - St. Paul,LaMarca Prosecco 3 Pack 187ml,085000322437,1,0.6,1,8,9.83,79.0
Cottage Grove,Johnson Brothers - St. Paul,Barefoot Sauv Blanc 1.5L,018341151022,1,0.9,1,6,11.06,66.0
Cottage Grove,Johnson Brothers - St. Paul,Barefoot Moscato 3L Box,085000026083,2,1.1,1,6,14.85,89.0
Cottage Grove,Johnson Brothers - St. Paul,Barefoot Pinot Noir 250ml,08556006,6,1.1,3,18,6.0,108.0
Cottage Grove,Johnson Brothers - St. Paul,La Crema Monterey Pinot Noir 750ml,049331010968,3,1.1,1,12,10.25,123.0
Cottage Grove,Johnson Brothers - St. Paul,Barefoot Riesling 1.5L,085000018132,6,1.2,3,18,8.89,160.0
Cottage Grove,Johnson Brothers - St. Paul,Jinro Chamisul Classico Soju 20.1% 750ml,795652200518,2,1.2,1,12,8.96,108.0
Cottage Grove,Johnson Brothers - St. Paul,Jinro Strawberry 375ml,605779976251,1,1.4,1,20,3.66,73.0
Cottage Grove,Johnson Brothers - St. Paul,Apothic Pinot Noir 750ml,085000032336,3,1.6,1,12,7.07,85.0
Cottage Grove,Johnson Brothers - St. Paul,Black Box Pinot Grigio 500ml,081434700209,8,1.6,1,12,3.33,40.0
Cottage Grove,Johnson Brothers - St. Paul,Barefoot Strawberry Moscato 1.5L,085000029909,2,1.7,1,6,8.19,49.0
Cottage Grove,Johnson Brothers - St. Paul,Nobilo Sauv Blanc 750ml,081434315304,1,2.1,1,12,8.0,96.0
Cottage Grove,Johnson Brothers - St. Paul,Da Vinci Chianti,085000012178,2,2.1,1,12,9.32,112.0
Cottage Grove,Johnson Brothers - St. Paul,Josh Cellars Cabernet Sauvignon 750ml,857744001318,52,2.5,3,36,10.36,373.0
Cottage Grove,Johnson Brothers - St. Paul,Black Box Vibrant Velvety Red Blend 3L Box,085000034545,3,2.6,1,6,13.37,80.0
Cottage Grove,Johnson Brothers - St. Paul,Barefoot Peach Moscato 750ml,085000029008,3,2.6,1,12,2.93,35.0
Cottage Grove,Johnson Brothers - St. Paul,Black Box Merlot 3L Box,081434000026,5,2.7,1,6,12.83,77.0
Cottage Grove,Johnson Brothers - St. Paul,Barefoot Pinot Grigio 1.5L,085000014431,15,2.7,2,12,7.13,86.0
Cottage Grove,Johnson Brothers - St. Paul,Black Box Cab Sauv 3L Box,081434000033,18,2.8,2,12,13.58,163.0
Cottage Grove,Johnson Brothers - St. Paul,Barefoot Sweet Red 1.5L,085000018682,2,2.9,1,6,8.1,49.0
Cottage Grove,Johnson Brothers - St. Paul,Black Box Brilliant Pinot Grigio 3L Box,085000034507,2,2.9,1,6,12.67,76.0
Cottage Grove,Johnson Brothers - St. Paul,Andre Brut 750ml,085000007433,7,3.0,1,12,5.08,61.0
Cottage Grove,Johnson Brothers - St. Paul,Josh Cellars Merlot 750ml,857744011157,5,3.1,1,12,10.29,123.0
Cottage Grove,Johnson Brothers - St. Paul,Black Box Chardonnay 500ml,081434000309,29,3.1,1,12,3.33,40.0
Cottage Grove,Johnson Brothers - St. Paul,Josh Cellars Pinot Grigio 750ml,031259001456,12,3.2,1,12,8.91,107.0
Cottage Grove,Johnson Brothers - St. Paul,Black Box Sauvignon Blanc 3L Box,082100738397,14,3.3,1,6,15.96,96.0
Cottage Grove,Johnson Brothers - St. Paul,Black Box Chardonnay 3L Box,081434000040,20,3.3,1,6,10.42,63.0
Cottage Grove,Johnson Brothers - St. Paul,Josh Cellars Hearth Cabernet Sauvignon 750ml,031259005317,8,3.4,1,12,3.46,42.0
Cottage Grove,Johnson Brothers - St. Paul,Barefoot Pink Moscato 1.5L,085000020609,5,3.6,1,6,8.67,52.0
Cottage Grove,Johnson Brothers - St. Paul,Black Box Deep Dark Cabernet 500ml,085000037683,9,3.9,1,12,3.33,40.0
Cottage Grove,"Maverick Beverage Co., LLC - MN",Acinum Prosecco Rose 750ml,716898966471,1,2.1,1,12,7.0,84.0
Cottage Grove,"New France Wine Co, Inc",Pullus Pinot Grigio 750ml,3830000654395,0,0.0,1,12,11.98,144.0
Cottage Grove,"New France Wine Co, Inc",Cantina del Pino Ovello Barbaresco,400000006017,0,0.0,1,12,28.89,347.0
Cottage Grove,Oxford Street Merchants,Allegrini Pallazzo delle Torre Veronese 750ml,812643020006,-1,-4.3,1,12,13.42,161.0
Cottage Grove,Oxford Street Merchants,OZV Old Vine Zinfandel 750ml,082544009046,0,0.0,1,12,9.23,111.0
Cottage Grove,Oxford Street Merchants,Chandon Rose 750ml,085155000402,0,0.0,1,12,18.67,224.0
Cottage Grove,Oxford Street Merchants,Pizzolato Muse Prosecco 750ml,185554000987,0,0.0,1,12,9.54,114.0
Cottage Grove,Oxford Street Merchants,Boen Tri Appellation Pinot Noir 750ml,856184006112,1,1.4,1,12,5.25,63.0
Cottage Grove,Oxford Street Merchants,Risata Prosecco 750ml,084279992464,7,2.3,1,12,9.37,112.0
Cottage Grove,Oxford Street Merchants,Risata Moscato d'Asti 750ml,084279977638,21,3.2,1,12,2.74,33.0
Cottage Grove,Paustis Wine,Papi Sauvignon Blanc 750ml,893828001010,-8,-0.7,5,60,4.4,264.0
Cottage Grove,Paustis Wine,Libretto Pinot Gris 750ml,400000014296,0,0.0,1,12,4.57,55.0
Cottage Grove,Paustis Wine,Scotto Family Cellars Lodi Cabernet Sauvignon 750ml,684586905128,0,0.0,1,12,6.24,75.0
Cottage Grove,Paustis Wine,True Myth Chardonnay 750ml,730429950012,0,0.0,1,12,7.5,90.0
Cottage Grove,Paustis Wine,Papi Chardonnay 750ml,853936007687,1,0.3,2,24,4.4,106.0
Cottage Grove,Paustis Wine,Papi Rose 750ml,853936007427,3,1.6,1,12,4.4,53.0
Cottage Grove,Paustis Wine,Electra Red Muscat 750ml,013022000262,1,2.1,1,12,10.0,120.0
Cottage Grove,Paustis Wine,Winehaven Honeywine Stinger,052392122945,1,2.1,1,12,3.91,47.0
Cottage Grove,Paustis Wine,Papi Pink Moscato 750ml,858962004860,3,2.6,1,12,4.4,53.0
Cottage Grove,Paustis Wine,Papi Malbec 750ml,853936007441,5,2.7,1,12,4.4,53.0
Cottage Grove,Paustis Wine,Papi Sweet Red 750ml,850061597120,5,3.1,1,12,4.4,53.0
Cottage Grove,Phillips Wine & Spirits - St. Paul,Bieler Pere Et Fils Rose 750ml,856622001013,0,0.0,1,12,8.25,99.0
Cottage Grove,Phillips Wine & Spirits - St. Paul,Fre Chardonnay N/A 750ml,08510129,1,0.3,2,24,6.67,160.0
Cottage Grove,Phillips Wine & Spirits - St. Paul,Menage A Trois Silk 750ml,099988071362,2,0.5,2,24,6.88,165.0
Cottage Grove,Phillips Wine & Spirits - St. Paul,Sutter Home Pink Moscato 187ml,08509929,1,0.7,1,6,4.96,30.0
Cottage Grove,Phillips Wine & Spirits - St. Paul,Menage A Trois Dolce Red 750ml,099988071911,2,1.1,1,12,7.0,84.0
Cottage Grove,Phillips Wine & Spirits - St. Paul,Fre Cabernet Sauvignon N/A 750ml,08516123,1,1.4,1,12,5.5,66.0
Cottage Grove,Phillips Wine & Spirits - St. Paul,Bota Box Pinot Grigio 3L Box,082242013253,5,1.9,2,6,20.51,123.0
Cottage Grove,Phillips Wine & Spirits - St. Paul,Joel Gott Sauv Blanc 750ml,188985000113,9,1.9,1,12,8.83,106.0
Cottage Grove,Phillips Wine & Spirits - St. Paul,Bota Box NightHawk Red Blend 3L Box,082242013741,2,2.1,1,3,14.67,44.0
Cottage Grove,Phillips Wine & Spirits - St. Paul,Bota Box Nighthawk GD Chardonnay 3L Box,082242015691,2,2.1,1,3,14.52,44.0
Cottage Grove,Phillips Wine & Spirits - St. Paul,Bota Box Breeze Dry Rose 3L Box,082242016773,2,2.1,1,3,14.67,44.0
Cottage Grove,Phillips Wine & Spirits - St. Paul,Bota Box Nighthawk Black Malbec 3L Box,082242017657,3,2.1,1,3,14.67,44.0
Cottage Grove,Phillips Wine & Spirits - St. Paul,Bota Box Nighthawk Blk Bourbon Cabernet 3L Box,082242016063,11,2.8,2,6,14.67,88.0
Cottage Grove,Phillips Wine & Spirits - St. Paul,Rancho La Gloria Lime Maragrita RTD 1.5L,861518002647,2,2.9,1,6,10.67,64.0
Cottage Grove,Phillips Wine & Spirits - St. Paul,Starling Castle Riesling 750ml,084279973944,13,2.9,1,12,5.73,69.0
Cottage Grove,Phillips Wine & Spirits - St. Paul,Bota Box Redvolution 3L Box,082242016056,11,3.4,1,3,18.77,56.0
Cottage Grove,Phillips Wine & Spirits - St. Paul,Sutter Home Cab Sauv 187ml,08500520,5,3.6,1,6,4.91,29.0
Cottage Grove,Rue 38 LLC,The Little Sheep Rose 750ml,015643607554,0,0.0,1,12,8.07,97.0
Cottage Grove,Southern Glazer's Wine & Spirits of MN,Woodbridge Light Oak Chardonnay 1.5L,086003903920,-1,-0.7,1,6,7.81,47.0
Cottage Grove,Southern Glazer's Wine & Spirits of MN,Woodbridge Merlot 1.5L,086003000506,0,0.0,1,6,7.48,45.0
Cottage Grove,Southern Glazer's Wine & Spirits of MN,Gekkeikan Sake 750ml,728817199129,0,0.0,1,12,5.38,65.0
Cottage Grove,Southern Glazer's Wine & Spirits of MN,CSM Indian Wells Red Blend 750ml,088586004971,0,0.0,1,12,11.96,144.0
Cottage Grove,Southern Glazer's Wine & Spirits of MN,CSM Indian Wells Cabernet 750ml,088586001864,0,0.0,1,12,11.93,143.0
Cottage Grove,Southern Glazer's Wine & Spirits of MN,Cooks Brut 750ml,083804047211,0,0.0,1,12,6.0,72.0
Cottage Grove,Southern Glazer's Wine & Spirits of MN,Meiomi Pinot Noir 750ml,855165005076,0,0.0,2,24,10.94,263.0
Cottage Grove,Southern Glazer's Wine & Spirits of MN,Robert Mondavi PS Cab Sauv BB 750ml,086003780217,1,1.4,1,12,8.68,104.0
Cottage Grove,Southern Glazer's Wine & Spirits of MN,Jam Cellars Butter Chardonnay 750ml,853706002034,3,1.4,1,12,9.68,116.0
Cottage Grove,Southern Glazer's Wine & Spirits of MN,Seven Daughters Moscato 750ml,086891080031,6,2.0,1,12,8.67,104.0
Cottage Grove,Southern Glazer's Wine & Spirits of MN,Franzia Strawberry Margarita 5L Box,083120016144,1,2.1,1,4,14.0,56.0
Cottage Grove,Southern Glazer's Wine & Spirits of MN,Graham's 10 Yr Tawny 750ml,094799010081,1,2.1,1,6,41.42,249.0
Cottage Grove,Southern Glazer's Wine & Spirits of MN,Dreaming Tree Crush 750ml,083120014935,1,2.1,1,12,9.27,111.0
Cottage Grove,Southern Glazer's Wine & Spirits of MN,Kim Crawford Sauvignon Blanc 750ml,689352009611,33,2.8,2,24,10.7,257.0
Cottage Grove,Southern Glazer's Wine & Spirits of MN,Woodbridge Pinot Noir 1.5L,086003003408,4,2.9,1,6,5.83,35.0
Cottage Grove,Southern Glazer's Wine & Spirits of MN,Chateau Ste Michelle Merlot 750ml,088586602832,3,3.2,1,12,10.08,121.0
Cottage Grove,Southern Glazer's Wine & Spirits of MN,Woodbridge Cab Sauv 1.5L,086003813854,10,3.3,1,6,11.31,68.0
Cottage Grove,Southern Glazer's Wine & Spirits of MN,Three Rivers Cabernet Sauvignon 750ml,682417072001,5,3.6,1,12,6.91,83.0
Cottage Grove,The Wine Company,Langlois-Chateau Cremant de Loire Brut 750ml,086891075792,0,0.0,1,12,15.33,184.0
Cottage Grove,"Vinocopia, Inc",Han Jan Peach 750ml,795044286038,0,0.0,1,12,8.67,104.0
Cottage Grove,"Vinocopia, Inc",Han Jan Apple 375ml,8809018211529,0,0.0,1,20,4.09,82.0
Minneapolis,Bellboy Corporation,Tutela Prosecco 750ml,763955572168,-1,-0.4,1,12,8.0,96.0
Minneapolis,Bellboy Corporation,90+ Cellars Lot 50 Prosecco 1.5L,810879020708,0,0.0,2,12,14.01,168.0
Minneapolis,Bellboy Corporation,Contessa Silver Sky Rose 750ml,792468203030,0,0.0,1,12,6.83,82.0
Minneapolis,Bellboy Corporation,Cattin Orange 750ml,860010232057,0,0.0,1,12,10.34,124.0
Minneapolis,Bellboy Corporation,90+ Cellars Moscato d'Asti 750ml,894655001976,0,0.0,10,120,6.77,812.0
Minneapolis,Bellboy Corporation,90+ Cellars Prosecco Rose (single) 187ml,810879023372,0,0.0,1,24,2.98,71.0
Minneapolis,Bellboy Corporation,90+ Cellars DOC Prosecco Lot 50 (single) 187ml,810879020630,0,0.0,2,48,2.71,130.0
Minneapolis,Bellboy Corporation,90+ Cellars DOC Prosecco Lot 50 750ml,894655001686,14,0.3,14,168,6.78,1138.0
Minneapolis,Bellboy Corporation,90+ Cellars Chardonnay 750ml,810879020302,3,1.3,1,12,6.61,79.0
Minneapolis,Bellboy Corporation,90+ Cellars Rose 750ml,894655001518,4,1.3,1,12,6.61,79.0
Minneapolis,Bellboy Corporation,90+ Cellars Sauvignon Blanc Cali 750ml,894655001822,4,1.4,1,12,6.48,78.0
Minneapolis,Bellboy Corporation,90+ Cellars Lot 92 Merlot 750ml,894655001228,7,2.3,1,12,6.48,78.0
Minneapolis,Bellboy Corporation,"90+ Cellars Sauvignon Blanc, IGP Val de Loire Lot 213 750ml",810879023969,4,2.4,1,12,9.31,112.0
Minneapolis,Bellboy Corporation,90+ Cellars Sauvignon Blanc Marlborough 750ml,894655001037,15,2.6,1,12,6.49,78.0
Minneapolis,Bellboy Corporation,90+ Cellars Lambrusco 750ml,810879021477,5,2.7,1,12,6.43,77.0
Minneapolis,Bellboy Corporation,90+ Cellars Vinho Verde 750ml,810879022320,34,3.3,1,12,5.33,64.0
Minneapolis,Bellboy Corporation,90+ Cellars Riesling Mosel 750ml,894655001860,35,3.7,1,12,6.48,78.0
Minneapolis,"Bourget Imports, LLC",Ricossa Moscato d'Asti 750ml,851241002946,0,0.0,1,12,9.71,116.0
Minneapolis,"Breakthru Beverage Minnesota Wine & Spirits, LLC",Fit Vine Pinot Grigio 750ml,853086008077,-1,-2.1,1,12,8.82,106.0
Minneapolis,"Breakthru Beverage Minnesota Wine & Spirits, LLC",Duckhorn Napa Cab Sauvignon 750ml,669576019344,0,0.0,1,12,40.12,481.0
Minneapolis,"Breakthru Beverage Minnesota Wine & Spirits, LLC",Pacific Rim Sweet Riesling 750ml,899552102276,0,0.0,1,12,6.2,74.0
Minneapolis,"Breakthru Beverage Minnesota Wine & Spirits, LLC",19 Crimes Red Wine 750ml,012354000995,7,3.8,1,12,6.06,73.0
Minneapolis,Johnson Brothers - St. Paul,Barefoot Chardonnay 250ml,08553601,-1,-4.3,1,6,4.76,29.0
Minneapolis,Johnson Brothers - St. Paul,Barefoot White Zin 200ml,085000041840,-3,-0.5,2,48,1.17,56.0
Minneapolis,Johnson Brothers - St. Paul,Soon Hari Apple-Mango Soju 375ml,850052711313,-4,-0.3,4,80,4.67,374.0
Minneapolis,Johnson Brothers - St. Paul,Peter Vella Moscato Sangria 5L Box,085000024225,0,0.0,2,8,11.31,90.0
Minneapolis,Johnson Brothers - St. Paul,Dark Horse Merlot 750ml,085000022870,0,0.0,1,12,5.62,67.0
Minneapolis,Johnson Brothers - St. Paul,Whitehaven Sauv Blanc 375ml,085000028698,0,0.0,1,12,8.0,96.0
Minneapolis,Johnson Brothers - St. Paul,Andre Blush 750ml,085000007495,0,0.0,1,12,4.62,55.0
Minneapolis,Johnson Brothers - St. Paul,Andre Spumante 750ml,085000002827,0,0.0,1,12,5.22,63.0
Minneapolis,Johnson Brothers - St. Paul,Wycliff Brut 750ml,085000003311,0,0.0,1,12,5.15,62.0
Minneapolis,Johnson Brothers - St. Paul,Barefoot Sweet Red 750ml,085000018491,0,0.0,1,12,4.3,52.0
Minneapolis,Johnson Brothers - St. Paul,Jinro Chamisul Classico Soju 20.1% 750ml,795652200518,0,0.0,2,24,8.96,215.0
Minneapolis,Johnson Brothers - St. Paul,Andre Extra Dry 750ml,085000007488,0,0.0,2,24,5.16,124.0
Minneapolis,Johnson Brothers - St. Paul,Andre Brut 750ml,085000007433,0,0.0,6,72,5.08,366.0
Minneapolis,Johnson Brothers - St. Paul,Jinro Lemon Soju 375ml,605779976527,0,0.0,1,20,3.63,73.0
Minneapolis,Johnson Brothers - St. Paul,Jinro Strawberry 375ml,605779976251,0,0.0,2,40,3.66,146.0
Minneapolis,Johnson Brothers - St. Paul,Jinro Grapefruit 375ml,712166833278,0,0.0,4,80,3.87,309.0
Minneapolis,Johnson Brothers - St. Paul,Jinro Classic Soju 20.1% 375ml,795652200501,0,0.0,4,80,3.94,315.0
Minneapolis,Johnson Brothers - St. Paul,LaMarca Prosecco 750ml,085000017739,4,0.1,15,180,9.94,1789.0
Minneapolis,Johnson Brothers - St. Paul,Jinro Green Grape 375ml,605779976084,1,0.1,4,80,4.83,387.0
Minneapolis,Johnson Brothers - St. Paul,Barefoot Pink Moscato 3L Box,085000031346,1,0.2,3,18,14.0,252.0
Minneapolis,Johnson Brothers - St. Paul,Barefoot Bubbly Pink Moscato 750ml,085000019658,1,0.2,2,24,7.33,176.0
Minneapolis,Johnson Brothers - St. Paul,Jinro Plum 375ml,605779976206,1,0.2,2,40,4.6,184.0
Minneapolis,Johnson Brothers - St. Paul,Josh Cellars Prosecco 750ml,031259003726,1,0.3,2,24,5.08,122.0
Minneapolis,Johnson Brothers - St. Paul,Soon Hari Apple Soju 375ml,850052711283,3,0.4,2,40,4.6,184.0
Minneapolis,Johnson Brothers - St. Paul,Peter Vella Blush 5L Box,085000001257,1,0.5,2,8,11.32,91.0
Minneapolis,Johnson Brothers - St. Paul,Barefoot Pink Moscato 1.5L,085000020609,28,0.5,31,186,8.67,1613.0
Minneapolis,Johnson Brothers - St. Paul,Black Box Sauvignon Blanc 500ml Tetra 500ml,085000033395,1,0.5,1,12,3.33,40.0
Minneapolis,Johnson Brothers - St. Paul,Black Box Cab Sauv 500ml,081434000293,2,0.6,1,12,3.33,40.0
Minneapolis,Johnson Brothers - St. Paul,Barefoot Sweet Red 1.5L,085000018682,2,0.7,2,12,8.1,97.0
Minneapolis,Johnson Brothers - St. Paul,Starborough Sauvignon Blanc 750ml,085000016602,1,0.7,1,12,8.61,103.0
Minneapolis,Johnson Brothers - St. Paul,Josh Cellars Rose 750ml,031259001043,2,0.7,1,12,8.45,101.0
Minneapolis,Johnson Brothers - St. Paul,Vibe Strawberry Limeade 500ml,085000035818,2,0.7,1,12,2.0,24.0
Minneapolis,Johnson Brothers - St. Paul,Taylor Port 750ml,088940000014,5,0.7,2,24,6.66,160.0
Minneapolis,Johnson Brothers - St. Paul,Barefoot Pinot Grigio 1.5L,085000014431,9,0.8,6,36,7.13,257.0
Minneapolis,Johnson Brothers - St. Paul,Barefoot Mango Moscato 1.5L,085000032183,11,0.9,7,42,8.18,344.0
Minneapolis,Johnson Brothers - St. Paul,Sho Chiku Bai Sake 750ml,086395095005,2,0.9,1,12,5.62,67.0
Minneapolis,Johnson Brothers - St. Paul,Soon Hari Variety 6 pk 375ml,850052711993,2,1.1,2,8,24.0,192.0
Minneapolis,Johnson Brothers - St. Paul,Barefoot Pineapple Moscato 1.5L,085000033326,6,1.1,3,18,7.78,140.0
Minneapolis,Johnson Brothers - St. Paul,Barefoot Blueberry Moscato 1.5L,085000031797,12,1.1,5,30,4.29,129.0
Minneapolis,Johnson Brothers - St. Paul,Josh Cellars Legacy Red Blend 750ml,031259048024,2,1.1,1,12,10.29,123.0
Minneapolis,Johnson Brothers - St. Paul,Barefoot Sauv Blanc 1.5L,018341151022,7,1.2,3,18,11.06,199.0
Minneapolis,Johnson Brothers - St. Paul,Barefoot Apple Moscato 1.5L,085000029886,30,1.2,12,72,5.18,373.0
Minneapolis,Johnson Brothers - St. Paul,Black Box Deep Dark Cabernet 3L Box,085000034552,1,1.4,1,6,14.02,84.0
Minneapolis,Johnson Brothers - St. Paul,Barefoot Moscato 3L Box,085000026083,3,1.4,1,6,14.85,89.0
Minneapolis,Johnson Brothers - St. Paul,Barefoot Moscato 1.5L,085000016671,50,1.4,16,96,4.72,453.0
Minneapolis,Johnson Brothers - St. Paul,Barefoot Peach Moscato 1.5L,085000029893,51,1.4,15,90,8.18,736.0
Minneapolis,Johnson Brothers - St. Paul,Il Tramonto Blackberry Spritz 375ml,084279009346,0,1.4,1,12,5.57,67.0
Minneapolis,Johnson Brothers - St. Paul,Apothic Rose 750ml,085000021545,1,1.4,1,12,7.18,86.0
Minneapolis,Johnson Brothers - St. Paul,Soon Hari Strawberry Soju 375ml,850052711290,14,1.4,2,40,4.35,174.0
Minneapolis,Johnson Brothers - St. Paul,Barefoot Strawberry Moscato 1.5L,085000029909,40,1.5,11,66,8.19,541.0
Minneapolis,Johnson Brothers - St. Paul,Black Box Pinot Grigio 3L Box,081434000224,9,1.6,3,18,15.26,275.0
Minneapolis,Johnson Brothers - St. Paul,Barefoot Bubbly Pinot Grigio 750ml,085000016046,3,1.6,1,12,7.04,84.0
Minneapolis,Johnson Brothers - St. Paul,Soon Hari Peach Soju 375ml,850052711276,27,1.6,2,40,4.36,174.0
Minneapolis,Johnson Brothers - St. Paul,Barefoot Merlot 1.5L,018341151107,2,1.7,1,6,8.81,53.0
Minneapolis,Johnson Brothers - St. Paul,Relax Riesling 750ml,088474022407,4,1.7,1,12,6.68,80.0
Minneapolis,Johnson Brothers - St. Paul,Jinro Chamisul Melon 375ml,197644942299,14,1.7,1,20,3.49,70.0
Minneapolis,Johnson Brothers - St. Paul,Dark Horse Sauvignon Blanc 750ml,085000022924,7,1.8,1,12,5.56,67.0
Minneapolis,Johnson Brothers - St. Paul,Barefoot Pear Moscato 1.5L,085000037614,19,1.9,4,24,8.18,196.0
Minneapolis,Johnson Brothers - St. Paul,LaMarca Prosecco 375ml,085000031094,4,1.9,1,12,8.0,96.0
Minneapolis,Johnson Brothers - St. Paul,Apothic Red 750ml,085000017746,13,1.9,2,24,4.83,116.0
Minneapolis,Johnson Brothers - St. Paul,Soon Hari Yogurt Soju 375ml,850052711306,30,1.9,2,40,4.5,180.0
Minneapolis,Johnson Brothers - St. Paul,Peter Vella Cab Sauv 5L Box,085000003091,3,2.1,1,4,11.87,47.0
Minneapolis,Johnson Brothers - St. Paul,Black Box Rose 3L Box,081434710147,4,2.1,1,6,13.7,82.0
Minneapolis,Johnson Brothers - St. Paul,Black Box Riesling 3L Box,082100738359,4,2.1,1,6,18.31,110.0
Minneapolis,Johnson Brothers - St. Paul,Barefoot Red Moscato 1.5L,085000020289,8,2.1,2,12,7.72,93.0
Minneapolis,Johnson Brothers - St. Paul,Barefoot Riesling 1.5L,085000018132,9,2.1,2,12,8.89,107.0
Minneapolis,Johnson Brothers - St. Paul,Vibe Pink Lemonade 500ml,085000041758,4,2.1,1,12,2.0,24.0
Minneapolis,Johnson Brothers - St. Paul,Josh Cellars Pinot Grigio 750ml,031259001456,10,2.4,1,12,8.91,107.0
Minneapolis,Johnson Brothers - St. Paul,Black Box Sauvignon Blanc 3L Box,082100738397,14,2.5,2,12,15.96,192.0
Minneapolis,Johnson Brothers - St. Paul,Peter Vella Delicious Red 5L Box,085000007686,3,2.6,1,4,11.31,45.0
Minneapolis,Johnson Brothers - St. Paul,Black Box Chardonnay 3L Box,081434000040,3,2.6,1,6,10.42,63.0
Minneapolis,Johnson Brothers - St. Paul,Barefoot Chardonnay 1.5L,018341151053,9,2.6,1,6,8.12,49.0
Minneapolis,Johnson Brothers - St. Paul,Barefoot Riesling 750ml,085000015810,11,2.6,1,12,4.33,52.0
Minneapolis,Johnson Brothers - St. Paul,Barefoot Pinot Grigio 3L Box,085000022955,5,2.7,1,6,13.99,84.0
Minneapolis,Johnson Brothers - St. Paul,Josh Cellars Pinot Noir 750ml,031259046952,5,2.7,1,12,9.65,116.0
Minneapolis,Johnson Brothers - St. Paul,Josh Cellars Sauvignon Blanc 750ml,031259046976,20,2.9,1,12,8.58,103.0
Minneapolis,Johnson Brothers - St. Paul,Barefoot Cab Sauv 1.5L,018341151015,5,3.1,1,6,8.09,49.0
Minneapolis,Johnson Brothers - St. Paul,Barefoot White Zin 1.5L,018341151060,5,3.1,1,6,7.81,47.0
Minneapolis,Johnson Brothers - St. Paul,Andre Mango Mimosa 750ml,085000036976,5,3.1,1,12,5.33,64.0
Minneapolis,Johnson Brothers - St. Paul,Barefoot Pinot Grigio 750ml,085000014448,18,3.1,1,12,4.32,52.0
Minneapolis,Johnson Brothers - St. Paul,Black Box Tart Tangy Sauvignon Blanc 3L Box,085000034569,6,3.2,1,6,12.32,74.0
Minneapolis,Johnson Brothers - St. Paul,Josh Cellars Seaswept White Blend 750ml,031259005348,7,3.3,1,12,8.91,107.0
Minneapolis,Johnson Brothers - St. Paul,Black Box Pinot Grigio 500ml,081434700209,7,3.3,1,12,3.33,40.0
Minneapolis,Johnson Brothers - St. Paul,Peter Vella Chardonnay 5L Box,085000006795,4,3.4,1,4,7.53,30.0
Minneapolis,Johnson Brothers - St. Paul,Black Box Pinot Noir 3L Box,081434710017,4,3.4,1,6,4.77,29.0
Minneapolis,Johnson Brothers - St. Paul,Barefoot Moscato 750ml,085000016688,39,3.4,1,12,4.32,52.0
Minneapolis,Johnson Brothers - St. Paul,Barefoot Sauv Blanc 750ml,018341751024,19,3.5,1,12,4.32,52.0
Minneapolis,Johnson Brothers - St. Paul,Barefoot Red Moscato 750ml,085000019894,10,3.6,1,12,4.36,52.0
Minneapolis,Johnson Brothers - St. Paul,Andre Strawberry Mimosa 750ml,085000036990,10,3.6,1,12,4.83,58.0
Minneapolis,Johnson Brothers - St. Paul,Josh Cellars Cabernet Sauvignon 750ml,857744001318,41,3.7,1,12,10.36,124.0
Minneapolis,Johnson Brothers - St. Paul,Barefoot Pear Moscato 750ml,085000037607,19,3.9,1,12,4.32,52.0
Minneapolis,Johnson Brothers - St. Paul,Barefoot Mango Moscato 750ml,085000032176,20,3.9,1,12,4.32,52.0
Minneapolis,Johnson Brothers - St. Paul,Yes Way Rose 750ml,084279002156,21,3.9,1,12,0.0,0.0
Minneapolis,Libation Project,Pavette Pinot Noir 750ml,853868006680,3,2.6,1,12,9.57,115.0
Minneapolis,"Maverick Beverage Co., LLC - MN",Yuki Otoko Yeti Honjozo 720ml,844650000108,0,0.0,1,12,18.0,216.0
Minneapolis,"Maverick Beverage Co., LLC - MN",Il Soffione Prosecco DOC Brut NV 750ml,8026489100965,0,0.0,3,36,5.0,180.0
Minneapolis,"Maverick Beverage Co., LLC - MN",Cepas Sauvignon Blanc 750ml,7791843021385,1,0.4,1,12,5.0,60.0
Minneapolis,"Maverick Beverage Co., LLC - MN",Les Allies Brut Sparkling Rose 750ml,763955408108,1,1.4,1,12,5.83,70.0
Minneapolis,"Maverick Beverage Co., LLC - MN",Tozai Night Swim Sake Cans 180ml,835603007091,3,1.8,1,30,3.33,100.0
Minneapolis,"Maverick Beverage Co., LLC - MN",Acinum Prosecco 750ml,716898964415,4,2.1,1,12,7.0,84.0
Minneapolis,"Maverick Beverage Co., LLC - MN",TOPO Tinto Red,5604424367401,5,2.4,1,12,6.33,76.0
Minneapolis,"New France Wine Co, Inc",Pike Road Willamette Valley Pinot Noir 750ml,083648000182,0,0.0,1,12,12.44,149.0
Minneapolis,Oxford Street Merchants,Pizzolato Muse Prosecco 750ml,185554000987,-1,-0.6,1,12,9.54,114.0
Minneapolis,Oxford Street Merchants,Risata Moscato d'Asti 375ml,084279009391,0,0.0,1,12,7.0,84.0
Minneapolis,Oxford Street Merchants,Risata Prosecco 750ml,084279992464,0,0.0,4,48,9.37,450.0
Minneapolis,Oxford Street Merchants,Pizzolato Muse Rose 187ml,185554000727,4,1.1,1,24,3.38,81.0
Minneapolis,Oxford Street Merchants,Risata Amare White Blend 750ml,084279009315,4,1.3,1,12,7.26,87.0
Minneapolis,Oxford Street Merchants,Nave Sur Verdejo Rueda,8414219019807,3,1.4,1,12,5.33,64.0
Minneapolis,Oxford Street Merchants,Pizzolato Rosso 750ml,185554000529,3,1.6,1,12,9.35,112.0
Minneapolis,Oxford Street Merchants,Raeburn Chardonnay 750ml,851718000970,1,2.1,1,12,11.73,141.0
Minneapolis,Oxford Street Merchants,Risata Moscato d'Asti 750ml,084279977638,40,4.0,1,12,2.74,33.0
Minneapolis,Paustis Wine,ClapBack Slept On Strawberry Liter,793150669202,-1,-2.1,1,12,9.33,112.0
Minneapolis,Paustis Wine,Papi Mango 750ml,850061597045,-4,-0.2,8,96,4.4,423.0
Minneapolis,Paustis Wine,Winehaven Just Peachy,052392122211,0,0.0,1,12,10.66,128.0
Minneapolis,Paustis Wine,Crane Lake Sweet Red 750ml,081054394512,0,0.0,1,12,3.08,37.0
Minneapolis,Paustis Wine,Scotto Family Cellars CA Pinot Noir 750ml,684586010020,0,0.0,1,12,6.24,75.0
Minneapolis,Paustis Wine,Bread & Butter Prosecco 750ml,818051022298,0,0.0,1,12,10.18,122.0
Minneapolis,Paustis Wine,Libretto Pinot Gris 750ml,400000014296,0,0.0,2,24,4.57,110.0
Minneapolis,Paustis Wine,Papi Sweet Apple 750ml,850061597106,0,0.0,2,24,4.4,106.0
Minneapolis,Paustis Wine,Papi Sweet Red 750ml,850061597120,0,0.0,9,108,4.4,476.0
Minneapolis,Paustis Wine,Papi Pink Moscato 750ml,858962004860,2,0.0,14,168,4.4,740.0
Minneapolis,Paustis Wine,Papi Rose 750ml,853936007427,4,0.4,4,48,4.4,211.0
Minneapolis,Paustis Wine,Papi Chardonnay 750ml,853936007687,4,0.5,3,36,4.4,159.0
Minneapolis,Paustis Wine,Papi Blueberry 750ml,850061597021,21,0.7,9,108,4.4,476.0
Minneapolis,Paustis Wine,Papi Peach 750ml,850061597069,26,1.0,7,84,4.4,370.0
Minneapolis,Paustis Wine,Papi Moscato 750ml,858962004242,37,1.0,10,120,4.4,528.0
Minneapolis,Paustis Wine,Papi Black 750ml,850061597007,9,1.3,2,24,4.4,106.0
Minneapolis,Paustis Wine,Winehaven Honeywine Stinger,052392122945,8,2.1,1,12,3.91,47.0
Minneapolis,Paustis Wine,Papi Pinot Grigio 750ml,858962004099,71,2.4,5,60,4.4,264.0
Minneapolis,Paustis Wine,Gazela Vinho Verde,739949010404,3,2.6,1,12,4.79,58.0
Minneapolis,Paustis Wine,Papi Merlot 750ml,895469002425,6,3.2,1,12,4.05,49.0
Minneapolis,Paustis Wine,Terre di Mario Bianco 750ml,8052049651592,12,3.2,1,12,6.13,74.0
Minneapolis,Paustis Wine,Papi Red Original Sangria 750ml,893828001867,33,3.5,1,12,3.82,46.0
Minneapolis,Phillips Wine & Spirits - St. Paul,Bota Box Brightside Sauv Blanc/PG 3L Box,082242018685,0,0.0,2,6,14.67,88.0
Minneapolis,Phillips Wine & Spirits - St. Paul,Yellow Tail Chardonnay 1.5L,031259008936,0,0.0,1,6,5.78,35.0
Minneapolis,Phillips Wine & Spirits - St. Paul,Fre White Zinfandel N/A 750ml,08510022,0,0.0,1,12,6.29,76.0
Minneapolis,Phillips Wine & Spirits - St. Paul,Bieler Pere Et Fils Rose 750ml,856622001013,0,0.0,1,12,8.25,99.0
Minneapolis,Phillips Wine & Spirits - St. Paul,Bogle Juggernaut Sauvignon Blanc 750ml,080887551086,0,0.0,1,12,10.39,125.0
Minneapolis,Phillips Wine & Spirits - St. Paul,Starling Castle Riesling 750ml,084279973944,0,0.0,1,12,5.73,69.0
Minneapolis,Phillips Wine & Spirits - St. Paul,SeaGlass Pinot Gris 750ml,085200005796,0,0.0,1,12,7.48,90.0
Minneapolis,Phillips Wine & Spirits - St. Paul,Castello del Poggio Prosecco 750ml,876153004093,0,0.0,2,24,7.14,171.0
Minneapolis,Phillips Wine & Spirits - St. Paul,Bota Box Chardonnay 3L Box,082242011051,1,0.9,2,6,14.67,88.0
Minneapolis,Phillips Wine & Spirits - St. Paul,Sutter Home Sauvignon Blanc 187ml,085200718740,1,0.9,1,6,4.99,30.0
Minneapolis,Phillips Wine & Spirits - St. Paul,Bartenura Moscato 750ml,087752005644,7,1.2,2,24,6.81,163.0
Minneapolis,Phillips Wine & Spirits - St. Paul,Sutter Home Cab Sauv 187ml,08500520,1,1.4,1,6,4.91,29.0
Minneapolis,Phillips Wine & Spirits - St. Paul,Bota Box Sauvignon Blanc 3L Box,082242012935,19,2.1,6,18,14.67,264.0
Minneapolis,Phillips Wine & Spirits - St. Paul,Yellow Tail Pinot Grigio 1.5L,031259009728,6,2.1,1,6,6.18,37.0
Minneapolis,Phillips Wine & Spirits - St. Paul,Bota Box Pinot Grigio 3L Box,082242013253,12,2.6,3,9,20.51,185.0
Minneapolis,Phillips Wine & Spirits - St. Paul,Bota Box Pinot Grigio 500ml,082242013314,2,2.9,1,12,0.91,11.0
Minneapolis,Phillips Wine & Spirits - St. Paul,Yellow Tail Moscato 1.5L,031259032863,7,3.0,1,6,7.8,47.0
Minneapolis,Phillips Wine & Spirits - St. Paul,Yellow Tail Sauvignon Blanc 1.5L,9322214011537,5,3.1,1,6,7.78,47.0
Minneapolis,Phillips Wine & Spirits - St. Paul,Bota Box Pinot Noir 3L Box,082242012362,3,3.2,1,3,14.67,44.0
Minneapolis,Phillips Wine & Spirits - St. Paul,Bota Box Nighthawk Gold Sauv Blanc 3L Box,082242016049,3,3.2,1,3,14.67,44.0
Minneapolis,Phillips Wine & Spirits - St. Paul,Sutter Home Chardonnay 187ml,08500627,4,3.4,1,6,4.86,29.0
Minneapolis,Phillips Wine & Spirits - St. Paul,SeaGlass Sauvignon Blanc 750ml,085200005758,11,3.6,1,12,6.35,76.0
Minneapolis,Phillips Wine & Spirits - St. Paul,Yellow Tail Pinot Noir 750ml,031259018492,6,3.7,1,12,5.34,64.0
Minneapolis,Phillips Wine & Spirits - St. Paul,Yellow Tail Cab Sauvignon 1.5L,031259009469,7,3.8,1,6,1.56,9.0
Minneapolis,Phillips Wine & Spirits - St. Paul,Menage a Trois Red 750ml,099988071096,9,3.9,1,12,4.5,54.0
Minneapolis,Rue 38 LLC,Villa Jolanda Peach Moscato 750ml,015643257896,0,0.0,1,12,8.23,99.0
Minneapolis,Rue 38 LLC,The Little Sheep Rose 750ml,015643607554,0,0.0,1,12,8.07,97.0
Minneapolis,Rue 38 LLC,Il Valore Pinot Grigio 750ml,015643744785,9,2.6,1,12,7.08,85.0
Minneapolis,Rue 38 LLC,The Horologist Sauvignon Blanc NZ 750ml,5060152093300,40,3.3,1,12,7.5,90.0
Minneapolis,Southern Glazer's Wine & Spirits of MN,Franzia Strawberry Margarita 5L Box,083120016144,0,0.0,2,8,14.0,112.0
Minneapolis,Southern Glazer's Wine & Spirits of MN,Cooks Brut 1.5L,083804043152,0,0.0,1,6,10.33,62.0
Minneapolis,Southern Glazer's Wine & Spirits of MN,Cooks Extra Dry 1.5L,083804043169,0,0.0,1,6,10.33,62.0
Minneapolis,Southern Glazer's Wine & Spirits of MN,Woodbridge Pinot Grigio 1.5L,086003001657,0,0.0,1,6,8.58,51.0
Minneapolis,Southern Glazer's Wine & Spirits of MN,Gekkeikan Sake Black & Gold 750ml,728817199600,0,0.0,1,6,12.0,72.0
Minneapolis,Southern Glazer's Wine & Spirits of MN,Woodbridge Sauv Blanc 1.5L,086003863866,0,0.0,2,12,7.48,90.0
Minneapolis,Southern Glazer's Wine & Spirits of MN,Martini & Rossi Prosecco 750ml,011034501005,0,0.0,1,12,7.65,92.0
Minneapolis,Southern Glazer's Wine & Spirits of MN,Liquid Light Sauvignon Blanc 750ml,088586010149,0,0.0,1,12,8.64,104.0
Minneapolis,Southern Glazer's Wine & Spirits of MN,Beringer Main & Vine Pinot Grigio 750ml,089819760091,0,0.0,2,24,3.5,84.0
Minneapolis,Southern Glazer's Wine & Spirits of MN,Hampton Water Rose 750ml,812147021004,0,0.0,1,12,12.12,145.0
Minneapolis,Southern Glazer's Wine & Spirits of MN,Mionetto Prosecco Brut 750ml,727760501638,1,0.2,2,24,2.72,65.0
Minneapolis,Southern Glazer's Wine & Spirits of MN,Cooks Brut 750ml,083804047211,4,0.7,2,24,6.0,144.0
Minneapolis,Southern Glazer's Wine & Spirits of MN,Beringer Main & Vine Cab Sauv 750ml,089819068227,2,0.9,1,12,3.5,42.0
Minneapolis,Southern Glazer's Wine & Spirits of MN,Mad Dog Spiked Strawberry Pet 200ml,085904015596,2,1.0,1,24,0.11,3.0
Minneapolis,Southern Glazer's Wine & Spirits of MN,Mad Dog Purple Drip Pet 200ml,085904016166,5,1.0,1,24,0.23,5.0
Minneapolis,Southern Glazer's Wine & Spirits of MN,Kim Crawford Sauvignon Blanc 750ml,689352009611,31,1.4,5,60,10.7,642.0
Minneapolis,Southern Glazer's Wine & Spirits of MN,Gekkeikan Sake 750ml,728817199129,4,1.7,1,12,5.38,65.0
Minneapolis,Southern Glazer's Wine & Spirits of MN,Mad Dog Bling Bling Blue Razz Pet 200ml,085904015602,14,1.9,1,24,1.17,28.0
Minneapolis,Southern Glazer's Wine & Spirits of MN,Franzia Wine Cocktail Margarita 5L Box,083120015239,2,2.1,1,4,14.0,56.0
Minneapolis,Southern Glazer's Wine & Spirits of MN,Archer Roose Bubbly 4pk 250ml,853451008039,1,2.1,1,6,12.33,74.0
Minneapolis,Southern Glazer's Wine & Spirits of MN,Cupcake Mimosa Classic 750ml,081308015507,1,2.1,1,12,7.67,92.0
Minneapolis,Southern Glazer's Wine & Spirits of MN,CSM Indian Wells Merlot 750ml,088586607912,1,2.1,1,12,12.04,145.0
Minneapolis,Southern Glazer's Wine & Spirits of MN,14 Hands Merlot 750ml,088586001772,2,2.1,1,12,7.12,85.0
Minneapolis,Southern Glazer's Wine & Spirits of MN,Campo Viejo Reserva 750ml,852832104810,2,2.1,1,12,9.42,113.0
Minneapolis,Southern Glazer's Wine & Spirits of MN,Oyster Bay Sauvignon Blanc 750ml,870661008024,9,2.4,1,12,10.0,120.0
Minneapolis,Southern Glazer's Wine & Spirits of MN,Chateau Ste Michelle Rose 750ml,088586009327,3,2.6,1,12,7.42,89.0
Minneapolis,Southern Glazer's Wine & Spirits of MN,Chateau Ste Michelle Dry Riesling 750ml,088586642890,3,2.6,1,12,7.55,91.0
Minneapolis,Southern Glazer's Wine & Spirits of MN,Mad Dog Jungle Juice Pet 200ml,085904016173,16,2.6,1,24,1.5,36.0
Minneapolis,Southern Glazer's Wine & Spirits of MN,Franzia Spiked Lemonade 5L Box,083120014690,2,2.9,1,4,14.0,56.0
Minneapolis,Southern Glazer's Wine & Spirits of MN,Gekkeikan Sake 1.5L,728817199112,4,2.9,1,6,10.59,64.0
Minneapolis,Southern Glazer's Wine & Spirits of MN,Meiomi Pinot Noir 750ml,855165005076,6,2.9,1,12,10.94,131.0
Minneapolis,The Wine Company,Chasing Venus Sauvignon Blanc,859551001130,0,0.0,1,12,12.0,144.0
Minneapolis,The Wine Company,Hakutsuru Plum Wine 750ml,747846030029,2,1.2,1,12,11.93,143.0
Minneapolis,The Wine Company,La Vieille Ferme Rose 750ml,089419000177,7,2.3,1,12,6.89,83.0
Minneapolis,"Vinocopia, Inc","Piattelli Reserve Malbec, Mendoza 750ml",875752000390,0,0.0,1,12,9.22,111.0
Minneapolis,"Vinocopia, Inc",Sweet Bitch Mango Moscato 750ml,607054190215,1,0.5,1,12,7.81,94.0
Minneapolis,"Vinocopia, Inc",Good Day Peach Soju 375ml,8801100130510,3,0.8,1,24,5.12,123.0
Minneapolis,"Vinocopia, Inc",Good Day Mango Soju 375ml,8801100130961,9,0.9,2,40,4.73,189.0
Minneapolis,"Vinocopia, Inc",Han Jan Strawberry 375ml,8809018211796,5,1.0,1,20,3.82,76.0
Minneapolis,"Vinocopia, Inc",Good Day Lychee Soju 375ml,8801100130978,18,1.0,3,60,4.83,290.0
Minneapolis,"Vinocopia, Inc",Han Jan Apple 750ml,795044286021,4,2.1,1,12,8.67,104.0
Minneapolis,"Vinocopia, Inc",Damso Lychee 375ml,8809018212120,7,2.3,1,20,4.95,99.0
Minneapolis,"Vinocopia, Inc",Sweet Bitch Moscato Rose 750ml,607054492609,3,2.6,1,12,7.92,95.0
Minneapolis,"Vinocopia, Inc",Han Jan Apple 375ml,8809018211529,15,2.6,1,20,4.09,82.0
Minnetonka,Bellboy Corporation,Ch d'Astros ABSOLU Cotes d Provence Rose 750ml,860008268624,0,0.0,1,12,15.5,186.0
Minnetonka,Bellboy Corporation,Ch d'Astros Aventure Rose 750ml,860008268600,0,0.0,1,12,9.29,111.0
Minnetonka,Bellboy Corporation,90+ Cellars Prosecco Rose (single) 187ml,810879023372,0,0.0,1,24,2.98,71.0
Minnetonka,Bellboy Corporation,90+ Cellars DOC Prosecco Lot 50 (single) 187ml,810879020630,0,0.0,2,48,2.71,130.0
Minnetonka,Bellboy Corporation,90+ Cellars Vinho Verde 750ml,810879022320,1,0.2,2,24,5.33,128.0
Minnetonka,Bellboy Corporation,90+ Cellars Lambrusco 750ml,810879021477,1,0.4,1,12,6.43,77.0
Minnetonka,Bellboy Corporation,Notebook Red Blend 750ml,080960330027,1,2.1,1,12,7.53,90.0
Minnetonka,Bellboy Corporation,Cattin Cremant D'Alsace Brut 750ml,860008268693,1,2.1,1,12,8.63,104.0
Minnetonka,"Bourget Imports, LLC",Dr Konstantine Frank Rkatseteli 750ml,723388000126,-1,-4.3,1,12,12.0,144.0
Minnetonka,"Bourget Imports, LLC",Petit Bourgeois Sauvignon Blanc 750ml,336591009154,0,0.0,1,12,10.44,125.0
Minnetonka,"Bourget Imports, LLC",Mas Fi Brut Cava 750ml,089832920014,2,1.4,1,12,8.83,106.0
Minnetonka,"Breakthru Beverage Minnesota Wine & Spirits, LLC",Decoy Cabernet Sauvignon 750ml,669576019269,2,2.1,1,12,13.84,166.0
Minnetonka,"Breakthru Beverage Minnesota Wine & Spirits, LLC",Matua Valley Sauv Blanc 750ml,089819158027,10,2.9,1,12,7.85,94.0
Minnetonka,"Grape Beginnings, Inc.",PH Crossbarn Sonoma Chardonnay 750ml,897941000110,0,0.0,1,12,19.59,235.0
Minnetonka,Johnson Brothers - St. Paul,Apothic Dark 750ml,085000022863,0,0.0,1,12,7.39,89.0
Minnetonka,Johnson Brothers - St. Paul,Carnivor Cabernet 750ml,085000020425,0,0.0,1,12,6.0,72.0
Minnetonka,Johnson Brothers - St. Paul,LaMarca Prosecco 750ml,085000017739,8,0.7,4,48,9.94,477.0
Minnetonka,Johnson Brothers - St. Paul,Murphy Goode Sauv Blanc 750ml,083722880068,1,0.9,1,12,6.73,81.0
Minnetonka,Johnson Brothers - St. Paul,Barefoot Moscato 3L Box,085000026083,2,2.1,1,6,14.85,89.0
Minnetonka,Johnson Brothers - St. Paul,J Vineyards Pinot Noir 750ml,724624001006,1,2.1,1,12,15.3,184.0
Minnetonka,Johnson Brothers - St. Paul,Josh Cellars Sauvignon Blanc 750ml,031259046976,4,2.1,1,12,8.58,103.0
Minnetonka,Johnson Brothers - St. Paul,Barefoot Moscato 1.5L,085000016671,2,2.9,1,6,4.72,28.0
Minnetonka,Johnson Brothers - St. Paul,Black Box Cab Sauv 3L Box,081434000033,7,3.3,1,6,13.58,81.0
Minnetonka,Johnson Brothers - St. Paul,Josh Cellars Cabernet Sauvignon 750ml,857744001318,22,3.6,1,12,10.36,124.0
Minnetonka,Libation Project,Adelsheim Breaking Ground Pinot Noir 750ml,011668140014,1,2.1,1,6,27.68,166.0
Minnetonka,"Maverick Beverage Co., LLC - MN",Cepas Cabernet Sauvignon 750ml,7791843016145,0,0.0,1,12,5.0,60.0
Minnetonka,"Maverick Beverage Co., LLC - MN",Au Bon Climat Santa Barbara Pinot Noir 750ml,850755000042,0,1.4,1,12,17.0,204.0
Minnetonka,"Maverick Beverage Co., LLC - MN",Stolpman So Fresh Love You Bunches Rose 750ml,890095000630,3,3.2,1,12,9.94,119.0
Minnetonka,"New France Wine Co, Inc",Kobal Blaufrankisch 750ml,3830049280005,0,0.0,1,12,13.17,158.0
Minnetonka,"New France Wine Co, Inc",Pikasi Rose 750ml,7277605174006,0,0.0,1,12,12.67,152.0
Minnetonka,"New France Wine Co, Inc",Bernard Diochon Moulin-a-Vent,761503232168,0,0.0,1,12,17.76,213.0
Minnetonka,"New France Wine Co, Inc",Torre Oria Brut Cava 750ml,664486040020,5,1.8,1,12,8.0,96.0
Minnetonka,Oxford Street Merchants,Shania White 3L Box,851115002447,4,1.9,2,6,12.69,76.0
Minnetonka,Oxford Street Merchants,The Beach Rose 750ml,081753833909,2,2.9,1,12,13.08,157.0
Minnetonka,Paustis Wine,Big Bad Bourbon Barrel Cabernet Sauvignon 750ml,684586922941,0,0.0,1,12,6.24,75.0
Minnetonka,Paustis Wine,Kris Pinot Grigio 750ml,810022274200,1,1.4,1,12,7.48,90.0
Minnetonka,Phillips Wine & Spirits - St. Paul,Sutter Home Merlot 187ml,08500229,0,0.0,1,6,4.47,27.0
Minnetonka,Phillips Wine & Spirits - St. Paul,Yellow Tail Sweet Red Roo 1.5L,031259044101,0,0.0,1,6,7.72,46.0
Minnetonka,Phillips Wine & Spirits - St. Paul,Bieler Pere Et Fils Rose 750ml,856622001013,0,0.0,1,12,8.25,99.0
Minnetonka,Phillips Wine & Spirits - St. Paul,Castello del Poggio Prosecco 750ml,876153004093,0,0.0,1,12,7.14,86.0
Minnetonka,Phillips Wine & Spirits - St. Paul,Joel Gott Chardonnay 750ml,188985000038,0,0.0,1,12,15.57,187.0
Minnetonka,Phillips Wine & Spirits - St. Paul,Sutter Home Cab Sauv 187ml,08500520,1,1.4,1,6,4.91,29.0
Minnetonka,Phillips Wine & Spirits - St. Paul,Bogle Juggernaut Sauvignon Blanc 750ml,080887551086,3,1.8,1,12,10.39,125.0
Minnetonka,Phillips Wine & Spirits - St. Paul,Bota Box Nighthawk GD Chardonnay 3L Box,082242015691,1,2.1,1,3,14.52,44.0
Minnetonka,Phillips Wine & Spirits - St. Paul,Joel Gott Sauv Blanc 750ml,188985000113,2,2.1,1,12,8.83,106.0
Minnetonka,Small Lot MN,Bohigas Cava Brut 750ml,817473000044,1,2.1,1,12,11.0,132.0
Minnetonka,Southern Glazer's Wine & Spirits of MN,TopBox Cabernet Sauvignon 3L Box,088586010750,0,0.0,1,6,7.97,48.0
Minnetonka,Southern Glazer's Wine & Spirits of MN,Ferrari Carano Chardonnay 750ml,742651107195,0,0.0,1,12,13.8,166.0
Minnetonka,Southern Glazer's Wine & Spirits of MN,Cooks Brut 750ml,083804047211,0,0.0,1,12,6.0,72.0
Minnetonka,Southern Glazer's Wine & Spirits of MN,Jam Cellars Butter Chardonnay 750ml,853706002034,1,0.6,1,12,9.68,116.0
Minnetonka,Southern Glazer's Wine & Spirits of MN,Summit Pinot Grigio 3L Box,083120015444,1,1.1,1,6,11.19,67.0
Minnetonka,Southern Glazer's Wine & Spirits of MN,Liquid Light Sauvignon Blanc 750ml,088586010149,1,1.4,1,12,8.64,104.0
Minnetonka,Southern Glazer's Wine & Spirits of MN,Bertrand Cote des Roses Rose 750ml,812147020083,2,1.4,1,12,12.56,151.0
Minnetonka,Southern Glazer's Wine & Spirits of MN,Chateau Ste Michelle Pinot Gris 750ml,088586000768,1,2.1,1,12,7.33,88.0
Minnetonka,Southern Glazer's Wine & Spirits of MN,CSM Indian Wells Chardonnay 750ml,088586659935,4,2.1,1,12,11.63,140.0
Minnetonka,Southern Glazer's Wine & Spirits of MN,Woodbridge Sauv Blanc 1.5L,086003863866,2,2.9,1,6,7.48,45.0
Minnetonka,Southern Glazer's Wine & Spirits of MN,Woodbridge Light Oak Chardonnay 1.5L,086003903920,2,2.9,1,6,7.81,47.0
Minnetonka,Southern Glazer's Wine & Spirits of MN,House Wine Brut Bubbles Can 375ml,848375005141,5,3.1,1,12,3.41,41.0
Minnetonka,"Tradition Wine & Spirits, LLC",Pax Armagh Vineyard Syrah 2018 750ml,400000015583,0,0.0,1,12,36.67,440.0
Minnetonka,"Tradition Wine & Spirits, LLC",The Gardener Anderson Valley Pinot Noir 750ml,705105609461,0,0.0,1,12,20.0,240.0
Minnetonka,"Tradition Wine & Spirits, LLC",Mr Brightside Gamay Blanc 750ml,400000021591,0,0.0,1,12,13.34,160.0
Minnetonka,"Tradition Wine & Spirits, LLC",Field Recordings Wonderwall Pinot Noir 750ml,799665809782,0,0.0,1,12,13.76,165.0
Minnetonka,"Tradition Wine & Spirits, LLC",Groundwork Grenache  2018 750ml,603803686534,2,1.7,1,12,13.33,160.0
Minnetonka,"Vinocopia, Inc",Piattelli Grand Res Malbec 750ml,855708006638,0,0.0,1,12,12.67,152.0
Minnetonka,"Vinocopia, Inc",Han Jan Peach 750ml,795044286038,1,2.1,1,12,8.67,104.0
Osseo,Bellboy Corporation,Twin Suns Chardonnay 750ml,855357000629,0,0.0,1,12,7.54,90.0
Osseo,Bellboy Corporation,90+ Cellars Prosecco Rose (single) 187ml,810879023372,0,0.0,1,24,2.98,71.0
Osseo,Bellboy Corporation,90+ Cellars DOC Prosecco Lot 50 (single) 187ml,810879020630,0,0.0,1,24,2.71,65.0
Osseo,Bellboy Corporation,90+ Cellars Lot 210 Paso Robles Cabernet Sauvignon  750ml,810879020838,7,3.0,1,12,8.58,103.0
Osseo,Bellboy Corporation,90+ Cellars French Fusion 750ml,894655001396,5,3.1,1,12,6.54,78.0
Osseo,"Bourget Imports, LLC",Sangre de Toro Original 750ml,088586006319,0,0.0,1,12,8.0,96.0
Osseo,"Bourget Imports, LLC",Sainte-Anne Pinot Noir 750ml,638729001017,6,3.2,1,12,6.47,78.0
Osseo,"Breakthru Beverage Minnesota Wine & Spirits, LLC",Harken Chardonnay 750ml,847159001812,0,0.0,1,12,5.74,69.0
Osseo,"Breakthru Beverage Minnesota Wine & Spirits, LLC",Creamery Cabernet Sauvignon 750ml,847159003588,4,2.4,1,12,7.58,91.0
Osseo,"Grape Beginnings, Inc.",Troublemaker 750ml,657891702423,3,2.1,1,12,10.63,128.0
Osseo,Johnson Brothers - St. Paul,Barefoot Pinot Noir 1.5L,085000017364,0,0.0,1,6,7.8,47.0
Osseo,Johnson Brothers - St. Paul,Ghost Pines Cabernet Sauvignon 750ml,085000016237,0,0.0,1,12,14.06,169.0
Osseo,Johnson Brothers - St. Paul,Barefoot Peach Moscato 750ml,085000029008,0,0.0,1,12,2.93,35.0
Osseo,Johnson Brothers - St. Paul,Sho Chiku Bai Sake 750ml,086395095005,0,0.0,1,12,5.62,67.0
Osseo,Johnson Brothers - St. Paul,Black Box Buttery Chard 500ml Tetra 500ml,085000033388,0,0.0,1,12,3.33,40.0
Osseo,Johnson Brothers - St. Paul,Josh Cellars Sauvignon Blanc 750ml,031259046976,0,0.0,1,12,8.58,103.0
Osseo,Johnson Brothers - St. Paul,Barefoot Pinot Grigio 750ml,085000014448,2,0.8,1,12,4.32,52.0
Osseo,Johnson Brothers - St. Paul,La Crema Sonoma Chardonnay 750ml,049331002222,3,0.8,1,12,10.42,125.0
Osseo,Johnson Brothers - St. Paul,Barefoot Pinot Grigio 1.5L,085000014431,1,0.9,1,6,7.13,43.0
Osseo,Johnson Brothers - St. Paul,La Crema Monterey Pinot Gris 750ml,049331003120,1,1.1,1,12,10.54,126.0
Osseo,Johnson Brothers - St. Paul,Dark Horse Pinot Noir 750ml,085000023792,1,1.4,1,12,5.73,69.0
Osseo,Johnson Brothers - St. Paul,Barefoot Red Moscato 1.5L,085000020289,3,2.1,1,6,7.72,46.0
Osseo,Johnson Brothers - St. Paul,Black Box Deep Dark Cabernet 3L Box,085000034552,4,2.1,1,6,14.02,84.0
Osseo,Johnson Brothers - St. Paul,Gascon Malbec 750ml,085000016145,1,2.1,1,12,9.93,119.0
Osseo,Johnson Brothers - St. Paul,Black Box Chardonnay Liter Tetra,085000037539,1,2.1,1,12,6.0,72.0
Osseo,Johnson Brothers - St. Paul,Jinro Plum 375ml,605779976206,1,2.1,1,20,4.6,92.0
Osseo,Johnson Brothers - St. Paul,Barefoot Pink Moscato 1.5L,085000020609,5,2.4,1,6,8.67,52.0
Osseo,Johnson Brothers - St. Paul,Black Box Chardonnay 3L Box,081434000040,7,2.7,1,6,10.42,63.0
Osseo,Johnson Brothers - St. Paul,Josh Cellars Pinot Noir 750ml,031259046952,2,2.9,1,12,9.65,116.0
Osseo,Johnson Brothers - St. Paul,Barefoot Peach Moscato 1.5L,085000029893,3,3.2,1,6,8.18,49.0
Osseo,Johnson Brothers - St. Paul,La Crema Monterey Pinot Noir 750ml,049331010968,6,3.2,1,12,10.25,123.0
Osseo,Johnson Brothers - St. Paul,Black Box Pinot Grigio 3L Box,081434000224,13,3.3,1,6,15.26,92.0
Osseo,Johnson Brothers - St. Paul,LaMarca Prosecco 750ml,085000017739,13,3.5,1,12,9.94,119.0
Osseo,Johnson Brothers - St. Paul,Barefoot Moscato 1.5L,085000016671,5,3.6,1,6,4.72,28.0
Osseo,Johnson Brothers - St. Paul,Ecco Domani Pinot Grigio 750ml,085000008430,13,3.7,1,12,8.0,96.0
Osseo,Johnson Brothers - St. Paul,Black Box Riesling 3L Box,082100738359,7,3.8,1,6,18.31,110.0
Osseo,"Maverick Beverage Co., LLC - MN",Klinker Brick Brickmason Red 750ml,853739000212,0,0.0,1,12,4.72,57.0
Osseo,"New France Wine Co, Inc",Pike Road Willamette Valley Pinot Noir 750ml,083648000182,0,0.0,1,12,12.44,149.0
Osseo,Oxford Street Merchants,Quilt Napa Cabernet Sauvignon 750ml,859889006005,1,1.1,1,12,33.49,402.0
Osseo,Paustis Wine,Winehaven Riesling 750ml,052392122051,0,0.0,1,12,9.94,119.0
Osseo,Paustis Wine,Papi Rose 750ml,853936007427,1,0.7,1,12,4.4,53.0
Osseo,Paustis Wine,Papi Moscato 750ml,858962004242,1,1.4,1,12,4.4,53.0
Osseo,Paustis Wine,Papi Sweet Red 750ml,850061597120,3,2.1,1,12,4.4,53.0
Osseo,Phillips Wine & Spirits - St. Paul,Bota Box Breeze Red Blend 3L Box,082242016797,0,0.0,1,3,14.67,44.0
Osseo,Phillips Wine & Spirits - St. Paul,Bota Box Breeze Cabernet 3L Box,082242018074,0,0.0,1,3,14.66,44.0
Osseo,Phillips Wine & Spirits - St. Paul,SeaGlass Sauvignon Blanc 750ml,085200005758,1,0.5,1,12,6.35,76.0
Osseo,Phillips Wine & Spirits - St. Paul,Bota Box Breeze Sauvignon Blanc 3L Box,082242016827,1,0.9,2,6,14.67,88.0
Osseo,Phillips Wine & Spirits - St. Paul,Bota Box Breeze Chardonnay 3L Box,082242017633,1,1.4,1,3,14.67,44.0
Osseo,Phillips Wine & Spirits - St. Paul,Bota Box Cabernet Sauvignon 3L Box,082242010450,2,1.4,2,6,42.76,257.0
Osseo,Phillips Wine & Spirits - St. Paul,Bota Box Nighthawk Gold Sauv Blanc 3L Box,082242016049,1,2.1,1,3,14.67,44.0
Osseo,Phillips Wine & Spirits - St. Paul,Bota Box Pinot Grigio 3L Box,082242013253,7,2.5,2,6,20.51,123.0
Osseo,Phillips Wine & Spirits - St. Paul,Bota Box Pinot Noir 3L Box,082242012362,3,2.6,1,3,14.67,44.0
Osseo,Phillips Wine & Spirits - St. Paul,Bota Box Nighthawk Black Lush Pinot Noir 3L Box,082242016094,2,2.9,1,3,14.67,44.0
Osseo,Phillips Wine & Spirits - St. Paul,Yellow Tail Pinot Grigio 1.5L,031259009728,18,3.0,2,12,6.18,74.0
Osseo,Phillips Wine & Spirits - St. Paul,Bota Box Pinot Grigio 500ml,082242013314,3,3.2,1,12,0.91,11.0
Osseo,Phillips Wine & Spirits - St. Paul,Bota Box Sauvignon Blanc 3L Box,082242012935,5,3.6,1,3,14.67,44.0
Osseo,Rue 38 LLC,The Horologist Sauvignon Blanc NZ 750ml,5060152093300,59,2.5,4,48,7.5,360.0
Osseo,Southern Glazer's Wine & Spirits of MN,Chateau Ste Michelle Cabernet Sauvignon 750ml,088586601835,0,0.0,1,12,10.21,123.0
Osseo,Southern Glazer's Wine & Spirits of MN,Woodbridge Chardonnay 1.5L,086003873889,3,1.6,1,6,6.26,38.0
Osseo,Southern Glazer's Wine & Spirits of MN,Woodbridge Pinot Noir 1.5L,086003003408,1,2.1,1,6,5.83,35.0
Osseo,Southern Glazer's Wine & Spirits of MN,CSM Indian Wells Red Blend 750ml,088586004971,4,2.9,1,12,11.96,144.0
Osseo,Southern Glazer's Wine & Spirits of MN,Chateau Ste Michelle Harvest Riesling 750ml,088586004162,4,3.4,1,12,7.46,90.0
Osseo,Southern Glazer's Wine & Spirits of MN,14 Hands Hot to Trot Red 750ml,088586004483,4,3.4,1,12,7.32,88.0
Osseo,Southern Glazer's Wine & Spirits of MN,CSM Indian Wells Cabernet 750ml,088586001864,6,3.7,1,12,11.93,143.0
Osseo,"Tradition Wine & Spirits, LLC",Field Recordings Freddo Sangiovese 750ml,637405073270,0,0.0,1,12,14.51,174.0
Osseo,"Tradition Wine & Spirits, LLC",Field Recordings Fiction Red 750ml,799665809850,2,2.9,1,12,13.65,164.0
Osseo,,Esperto Pinot Grigio 750ml,816253010167,0,0.0,1,1,7.0,7.0
Plymouth,Bellboy Corporation,90+ Cellars Russian River Chardonnay Lot 130 750ml,810879020593,0,0.0,1,12,8.69,104.0
Plymouth,Bellboy Corporation,90+ Cellars French Fusion 750ml,894655001396,0,0.0,1,12,6.54,78.0
Plymouth,Bellboy Corporation,90+ Cellars Vinho Verde 750ml,810879022320,0,0.0,2,24,5.33,128.0
Plymouth,Bellboy Corporation,90+ Cellars DOC Prosecco Lot 50 (single) 187ml,810879020630,0,0.0,3,72,2.71,195.0
Plymouth,Bellboy Corporation,90+ Cellars DOC Prosecco Lot 50 (3 pk) 187ml,810879020647,1,0.4,2,16,8.14,130.0
Plymouth,Bellboy Corporation,90+ Cellars Montepulciano d'Abruzzo Lot 188 750ml,810879021903,1,0.4,1,12,6.48,78.0
Plymouth,Bellboy Corporation,90+ Cellars Albarino Lot 174 750ml,810879021514,1,0.7,1,12,10.5,126.0
Plymouth,Bellboy Corporation,90+ Cellars Sauvignon Blanc Cali 750ml,894655001822,8,1.9,1,12,6.48,78.0
Plymouth,Bellboy Corporation,90+ Cellars Rose 750ml,894655001518,26,2.1,2,24,6.61,159.0
Plymouth,Bellboy Corporation,90+ Cellars Pinot Grigio Trentino 750ml,894655001600,13,3.7,1,12,6.48,78.0
Plymouth,"Bourget Imports, LLC",Sainte-Anne Sauvignon Blanc 750ml,638729001024,0,0.0,1,12,6.05,73.0
Plymouth,"Bourget Imports, LLC",Sainte-Anne Chardonnay 750ml,638729001000,0,0.0,1,12,6.04,73.0
Plymouth,"Breakthru Beverage Minnesota Wine & Spirits, LLC",Fit Vine Pinot Grigio 750ml,853086008077,0,0.0,1,12,8.82,106.0
Plymouth,"Breakthru Beverage Minnesota Wine & Spirits, LLC",Decoy Sauvignon Blanc 750ml,669576019214,0,0.0,1,12,10.76,129.0
Plymouth,"Breakthru Beverage Minnesota Wine & Spirits, LLC",Une Femme The Betty Sparkling 250ml,860002633039,0,0.0,1,24,3.0,72.0
Plymouth,"Breakthru Beverage Minnesota Wine & Spirits, LLC",Fit Vine Cabernet Sauvignon 750ml,853086008008,2,0.9,1,12,7.61,91.0
Plymouth,"Breakthru Beverage Minnesota Wine & Spirits, LLC",Creamery Chardonnay 750ml,847159002024,10,2.3,1,12,7.58,91.0
Plymouth,"Breakthru Beverage Minnesota Wine & Spirits, LLC",19 Crimes Red Wine 750ml,012354000995,2,2.9,1,12,6.06,73.0
Plymouth,"Breakthru Beverage Minnesota Wine & Spirits, LLC",Decoy Cabernet Sauvignon 750ml,669576019269,6,2.9,1,12,13.84,166.0
Plymouth,"Grape Beginnings, Inc.",Albert Bichot Cremant de Bourgogne Brut Rose 750ml,087113112950,-1,-4.3,1,6,16.5,99.0
Plymouth,"Grape Beginnings, Inc.",Brown Estate House of Brown Chardonnay 750ml,855690005336,0,0.0,1,12,11.91,143.0
Plymouth,Johnson Brothers - St. Paul,Gascon Malbec 750ml,085000016145,0,0.0,1,12,9.93,119.0
Plymouth,Johnson Brothers - St. Paul,Apothic Dark 750ml,085000022863,0,0.0,1,12,7.39,89.0
Plymouth,Johnson Brothers - St. Paul,Carlo Rossi Sangria,085000025017,0,0.0,1,12,2.96,35.0
Plymouth,Johnson Brothers - St. Paul,Smith & Hook Proprietary Red Blend 750ml,086788060177,0,0.0,1,12,13.65,164.0
Plymouth,Johnson Brothers - St. Paul,Taylor Cream Sherry 750ml,088940000175,0,0.0,1,12,6.52,78.0
Plymouth,Johnson Brothers - St. Paul,Josh Cellars Legacy Red Blend 750ml,031259048024,0,0.0,1,12,10.29,123.0
Plymouth,Johnson Brothers - St. Paul,Barefoot Sauvignon Blanc Tetra 500ml,085000029961,0,0.0,1,12,2.96,36.0
Plymouth,Johnson Brothers - St. Paul,Andre Extra Dry 750ml,085000007488,0,0.0,1,12,5.16,62.0
Plymouth,Johnson Brothers - St. Paul,Josh Cellars Pinot Noir 750ml,031259046952,0,0.0,1,12,9.65,116.0
Plymouth,Johnson Brothers - St. Paul,Apothic Crush 750ml,085000023488,0,0.0,2,24,6.2,149.0
Plymouth,Johnson Brothers - St. Paul,Jinro Strawberry 375ml,605779976251,0,0.0,1,20,3.66,73.0
Plymouth,Johnson Brothers - St. Paul,Jinro Green Grape 375ml,605779976084,0,0.0,1,20,4.83,97.0
Plymouth,Johnson Brothers - St. Paul,Barefoot Sauv Blanc 750ml,018341751024,1,0.3,2,24,4.32,104.0
Plymouth,Johnson Brothers - St. Paul,Barefoot Pinot Grigio 750ml,085000014448,3,0.6,2,24,4.32,104.0
Plymouth,Johnson Brothers - St. Paul,Nobilo Sauv Blanc 750ml,081434315304,1,0.7,1,12,8.0,96.0
Plymouth,Johnson Brothers - St. Paul,Josh Cellars Sauvignon Blanc 750ml,031259046976,5,0.9,2,24,8.58,206.0
Plymouth,Johnson Brothers - St. Paul,Black Box Sauvignon Blanc 500ml Tetra 500ml,085000033395,8,1.2,2,24,3.33,80.0
Plymouth,Johnson Brothers - St. Paul,Barefoot Pinot Noir 750ml,085000017074,1,1.4,1,12,4.32,52.0
Plymouth,Johnson Brothers - St. Paul,Black Box Pinot Grigio 500ml,081434700209,9,1.7,2,24,3.33,80.0
Plymouth,Johnson Brothers - St. Paul,Barefoot Moscato 1.5L,085000016671,5,2.1,1,6,4.72,28.0
Plymouth,Johnson Brothers - St. Paul,Murphy Goode Sauv Blanc 750ml,083722880068,1,2.1,1,12,6.73,81.0
Plymouth,Johnson Brothers - St. Paul,Barefoot Blueberry Moscato 750ml,085000031780,2,2.1,1,12,4.22,51.0
Plymouth,Johnson Brothers - St. Paul,Yes Way Rose 750ml,084279002156,16,2.1,2,24,10.08,242.0
Plymouth,Johnson Brothers - St. Paul,Black Box Merlot 500ml,081434000316,4,2.4,1,12,3.33,40.0
Plymouth,Johnson Brothers - St. Paul,Black Box Chardonnay 500ml,081434000309,12,2.4,1,12,3.33,40.0
Plymouth,Johnson Brothers - St. Paul,Black Box Buttery Chardonnay 3L Box,085000033371,9,2.6,1,6,14.48,87.0
Plymouth,Johnson Brothers - St. Paul,Black Box Cab Sauv 3L Box,081434000033,19,2.7,2,12,13.58,163.0
Plymouth,Johnson Brothers - St. Paul,Bev Glam Sparkling Rose 4pk 250ml,850026120011,17,3.3,1,6,12.46,75.0
Plymouth,Johnson Brothers - St. Paul,Apothic Red 750ml,085000017746,12,3.4,1,12,4.83,58.0
Plymouth,Johnson Brothers - St. Paul,Black Box Cab Sauv 500ml,081434000293,9,3.5,1,12,3.33,40.0
Plymouth,Johnson Brothers - St. Paul,Andre Brut 750ml,085000007433,5,3.6,1,12,5.08,61.0
Plymouth,Johnson Brothers - St. Paul,Barefoot Pinot Grigio 1.5L,085000014431,6,3.7,1,6,7.13,43.0
Plymouth,"Maverick Beverage Co., LLC - MN",Riley's Lookout Sauvignon Blanc 750ml,9419453000313,6,1.2,2,24,8.67,208.0
Plymouth,"Maverick Beverage Co., LLC - MN",Klinker Brick Farrah Syrah 750ml,853739000038,1,2.1,1,12,13.84,166.0
Plymouth,McDonald Distributing Co dba Clear River Beverage,Gruvi Dry Secco 4pk 275ml,628504959060,3,1.4,1,6,10.23,61.0
Plymouth,"New France Wine Co, Inc",Matic Pinot Gris 750ml,897523421463,0,0.0,1,12,11.25,135.0
Plymouth,Oxford Street Merchants,Seghesio Chardonnay 750ml,088254000007,0,0.0,1,12,10.81,130.0
Plymouth,Oxford Street Merchants,Chop Shop Cabernet Sauvignon 750ml,812949023459,0,0.0,1,12,7.77,93.0
Plymouth,Oxford Street Merchants,Nave Sur Verdejo Rueda,8414219019807,0,0.0,1,12,5.33,64.0
Plymouth,Oxford Street Merchants,Underwood Rose Bubbles NA 355ml,856036001692,0,0.0,1,12,4.4,53.0
Plymouth,Oxford Street Merchants,Underwood Bubbles 355ml,856036001098,33,1.4,6,72,4.63,333.0
Plymouth,Oxford Street Merchants,Risata Pink Moscato 750ml,084279988108,2,2.1,1,12,11.02,132.0
Plymouth,Oxford Street Merchants,Whispering Angel Rose 750ml,081753833916,6,2.3,1,12,9.91,119.0
Plymouth,Oxford Street Merchants,Risata Moscato d'Asti 750ml,084279977638,7,2.7,1,12,2.74,33.0
Plymouth,Paustis Wine,Pandora's Box Malbec 3L Box,858822006409,0,0.0,1,4,13.25,53.0
Plymouth,Paustis Wine,Gazela Vinho Verde,739949010404,0,0.0,1,12,4.79,58.0
Plymouth,Paustis Wine,Big Bad Bourbon Barrel Cabernet Sauvignon 750ml,684586922941,1,0.5,1,12,6.24,75.0
Plymouth,Paustis Wine,Bread & Butter Chardonnay 750ml,850832004260,2,2.1,1,12,8.5,102.0
Plymouth,Paustis Wine,Papi Pinot Grigio 750ml,858962004099,4,2.1,1,12,4.4,53.0
Plymouth,Phillips Wine & Spirits - St. Paul,Bota Box Dry Rose 3L Box,082242014373,0,0.0,1,3,14.67,44.0
Plymouth,Phillips Wine & Spirits - St. Paul,Yellow Tail Riesling 1.5L,031259018690,0,0.0,1,6,7.72,46.0
Plymouth,Phillips Wine & Spirits - St. Paul,Rancho La Gloria Strawberry Margarita RT 1.5L,861518002654,0,0.0,1,6,10.67,64.0
Plymouth,Phillips Wine & Spirits - St. Paul,Barone Fini Pinot Grigio 750ml,031259021911,0,0.0,1,12,8.32,100.0
Plymouth,Phillips Wine & Spirits - St. Paul,The Crossings Sauvignon Blanc 750ml,831869000012,0,0.0,1,12,8.47,102.0
Plymouth,Phillips Wine & Spirits - St. Paul,Starling Castle Riesling 750ml,084279973944,1,0.4,1,12,5.73,69.0
Plymouth,Phillips Wine & Spirits - St. Paul,Bota Box Nighthawk Blk Bourbon Cabernet 3L Box,082242016063,1,0.6,2,6,14.67,88.0
Plymouth,Phillips Wine & Spirits - St. Paul,Sutter Home Pinot Grigio 187ml,08501422,1,0.7,1,6,4.95,30.0
Plymouth,Phillips Wine & Spirits - St. Paul,Bota Box Pinot Grigio 3L Box,082242013253,5,0.9,7,21,20.51,431.0
Plymouth,Phillips Wine & Spirits - St. Paul,Starling Castle Gewurztraminer 750ml,084279978727,1,1.1,1,12,5.57,67.0
Plymouth,Phillips Wine & Spirits - St. Paul,Bota Box Pinot Noir 3L Box,082242012362,3,1.4,2,6,14.67,88.0
Plymouth,Phillips Wine & Spirits - St. Paul,Bartenura Brachetto 750ml,087752014875,3,1.4,1,12,11.61,139.0
Plymouth,Phillips Wine & Spirits - St. Paul,Bota Box Chardonnay 3L Box,082242011051,5,1.9,2,6,14.67,88.0
Plymouth,Phillips Wine & Spirits - St. Paul,Bota Box Sauvignon Blanc 3L Box,082242012935,10,2.0,4,12,14.67,176.0
Plymouth,Phillips Wine & Spirits - St. Paul,Bota Box Nighthawk Gold Sauv Blanc 3L Box,082242016049,5,2.7,1,3,14.67,44.0
Plymouth,Phillips Wine & Spirits - St. Paul,Bota Box Cabernet Sauvignon 3L Box,082242010450,3,3.2,1,3,42.76,128.0
Plymouth,Phillips Wine & Spirits - St. Paul,Bota Box NightHawk Red Blend 3L Box,082242013741,3,3.2,1,3,14.67,44.0
Plymouth,Phillips Wine & Spirits - St. Paul,Bota Box Nighthawk GD Chardonnay 500ml,082242016148,3,3.2,1,12,3.33,40.0
Plymouth,Phillips Wine & Spirits - St. Paul,Joel Gott Chardonnay 750ml,188985000038,4,3.4,1,12,15.57,187.0
Plymouth,Phillips Wine & Spirits - St. Paul,Hess Select Chardonnay 750ml,717888520024,14,3.8,1,12,6.87,82.0
Plymouth,Rue 38 LLC,Il Valore Chianti DOCG 750ml,015643875687,2,1.7,1,12,7.14,86.0
Plymouth,Small Lot MN,Three Brooms Sauvignon Blanc 750ml,857098003020,3,1.8,1,12,13.33,160.0
Plymouth,Small Lot MN,Colle Corviano Cerasuolo Rose 750ml,181856000892,3,3.2,1,12,7.01,84.0
Plymouth,Southern Glazer's Wine & Spirits of MN,Chateau Ste Michelle Light Chardonnay  750ml,088586013348,0,0.0,1,12,7.32,88.0
Plymouth,Southern Glazer's Wine & Spirits of MN,Chateau Ste Michelle Gewurztraminer 750ml,088586625848,0,0.0,1,12,7.31,88.0
Plymouth,Southern Glazer's Wine & Spirits of MN,Columbia Crest Grd Chardonnay 750ml,088586498954,0,0.0,1,12,7.55,91.0
Plymouth,Southern Glazer's Wine & Spirits of MN,Hampton Water Rose 750ml,812147021004,0,0.0,1,12,12.12,145.0
Plymouth,Southern Glazer's Wine & Spirits of MN,Chateau Ste Michelle Sauvignon Blanc 750ml,088586630989,0,0.0,1,12,7.96,96.0
Plymouth,Southern Glazer's Wine & Spirits of MN,Antigal Uno Malbec 750ml,874390001035,0,0.0,1,12,11.84,142.0
Plymouth,Southern Glazer's Wine & Spirits of MN,Oyster Bay Sauvignon Blanc 750ml,870661008024,1,0.2,2,24,10.0,240.0
Plymouth,Southern Glazer's Wine & Spirits of MN,Erath Pinot Noir 750ml,084687001017,1,0.4,1,12,10.85,130.0
Plymouth,Southern Glazer's Wine & Spirits of MN,Mumm Napa Brut Rose 750ml,852832000174,10,2.5,1,12,13.34,160.0
Plymouth,Southern Glazer's Wine & Spirits of MN,Chateau Ste Michelle Harvest Riesling 750ml,088586004162,3,2.6,1,12,7.46,90.0
Plymouth,Southern Glazer's Wine & Spirits of MN,14 Hands Merlot 750ml,088586001772,3,3.2,1,12,7.12,85.0
Plymouth,Southern Glazer's Wine & Spirits of MN,CSM Indian Wells Cabernet 750ml,088586001864,10,3.3,1,12,11.93,143.0
Plymouth,Southern Glazer's Wine & Spirits of MN,Beringer Main & Vine White Zinfandel 750ml,089819006526,5,3.6,1,12,3.5,42.0
Plymouth,Southern Glazer's Wine & Spirits of MN,Woodbridge Chardonnay 1.5L,086003873889,9,3.9,1,6,6.26,38.0
Plymouth,Southern Glazer's Wine & Spirits of MN,Chateau Ste Michelle Chardonnay 750ml,088586603846,28,3.9,1,12,5.92,71.0
Plymouth,The Wine Company,Masciarelli Montepulciano D'Abruzzo 750ml,852165006362,0,0.0,1,12,7.09,85.0
Plymouth,The Wine Company,La Vieille Ferme Rose 3L Box,089419000160,10,3.9,1,6,18.67,112.0
Plymouth,The Wine Company,La Vieille Ferme Rose 750ml,089419000177,9,3.9,1,12,6.89,83.0
Plymouth,"Vinocopia, Inc",Florio Dry Marsala 750ml,8004730005108,0,0.0,1,12,10.0,120.0
Plymouth,"Vinocopia, Inc",Big Red Monster Cabernet Sauvignon 750ml,860001359855,0,0.0,1,12,26.72,321.0
Plymouth,"Vinocopia, Inc","Piattelli Reserve Malbec, Cafayate 750ml",855708006645,0,0.0,1,12,9.22,111.0
Plymouth,"Vinocopia, Inc",Han Jan Mandarin Orange 375ml,8809018211758,2,2.9,1,20,4.29,86.0
Plymouth,"Vinocopia, Inc",Good Day Mango Soju 375ml,8801100130961,3,3.2,1,20,4.73,95.0
Plymouth,,Morgon,3760211650018,0,0.0,1,1,0.0,0.0
Ramsey,Bellboy Corporation,Chateau Haut-Rocher St Emilion 2019,873964004472,0,0.0,1,12,15.11,181.0
Ramsey,Bellboy Corporation,90+ Cellars Lot 210 Paso Robles Cabernet Sauvignon  750ml,810879020838,0,0.0,1,12,8.58,103.0
Ramsey,Bellboy Corporation,90+ Cellars Chardonnay 750ml,810879020302,0,0.0,2,24,6.61,159.0
Ramsey,Bellboy Corporation,90+ Cellars DOC Prosecco Lot 50 (single) 187ml,810879020630,0,0.0,1,24,2.71,65.0
Ramsey,Bellboy Corporation,Ironside Cabernet 750ml,810879020135,2,0.9,1,12,6.08,73.0
Ramsey,Bellboy Corporation,90+ Cellars Rose 750ml,894655001518,4,1.4,1,12,6.61,79.0
Ramsey,Bellboy Corporation,Contessa Annalisa Pinot Grigio 750ml,792468203016,2,1.7,1,12,5.43,65.0
Ramsey,Bellboy Corporation,90+ Cellars Sauvignon Blanc Marlborough 750ml,894655001037,13,3.1,1,12,6.49,78.0
Ramsey,"Bourget Imports, LLC",Sainte-Anne Sauvignon Blanc 750ml,638729001024,0,0.0,1,12,6.05,73.0
Ramsey,"Bourget Imports, LLC",Sainte-Anne Chardonnay 750ml,638729001000,0,0.0,2,24,6.04,145.0
Ramsey,"Bourget Imports, LLC",Vinada Sparkling Iberian Gold N/A 750ml,860007770210,1,2.1,1,6,12.5,75.0
Ramsey,"Breakthru Beverage Minnesota Wine & Spirits, LLC",Fit Vine Chardonnay 750ml,683318626225,0,0.0,1,12,7.31,88.0
Ramsey,"Breakthru Beverage Minnesota Wine & Spirits, LLC",Lindemans Bin 65 Chardonnay 750ml,012354081840,1,2.1,1,12,0.0,0.0
Ramsey,"Breakthru Beverage Minnesota Wine & Spirits, LLC",Decoy Merlot 750ml,669576019252,1,2.1,1,12,13.34,160.0
Ramsey,Johnson Brothers - St. Paul,Gallo Red Moscato,085000020470,0,0.0,1,6,7.07,42.0
Ramsey,Johnson Brothers - St. Paul,Dark Horse Merlot 750ml,085000022870,0,0.0,1,12,5.62,67.0
Ramsey,Johnson Brothers - St. Paul,Dark Horse Sauvignon Blanc 750ml,085000022924,0,0.0,1,12,5.56,67.0
Ramsey,Johnson Brothers - St. Paul,Black Box Pinot Grigio 500ml,081434700209,0,0.0,1,12,3.33,40.0
Ramsey,Johnson Brothers - St. Paul,Barefoot Pinot Grigio 750ml,085000014448,0,0.0,1,12,4.32,52.0
Ramsey,Johnson Brothers - St. Paul,Saero Soju Zero Sugar 375ml,850052711030,0,0.0,1,20,4.38,88.0
Ramsey,Johnson Brothers - St. Paul,Barefoot Pink Moscato 750ml,085000020456,2,0.8,1,12,4.32,52.0
Ramsey,Johnson Brothers - St. Paul,Barefoot Sweet Red 750ml,085000018491,2,1.4,1,12,4.3,52.0
Ramsey,Johnson Brothers - St. Paul,Jinro Chamisul Classico Soju 20.1% 750ml,795652200518,3,1.4,1,12,8.96,108.0
Ramsey,Johnson Brothers - St. Paul,Josh Cellars Pinot Noir 750ml,031259046952,3,1.6,1,12,9.65,116.0
Ramsey,Johnson Brothers - St. Paul,Barefoot Pink Moscato 3L Box,085000031346,3,1.8,1,6,14.0,84.0
Ramsey,Johnson Brothers - St. Paul,Josh Cellars Cabernet Sauvignon 750ml,857744001318,6,1.8,1,12,10.36,124.0
Ramsey,Johnson Brothers - St. Paul,Black Box Cab Sauv 3L Box,081434000033,9,2.1,2,12,13.58,163.0
Ramsey,Johnson Brothers - St. Paul,Barefoot Merlot 750ml,018341751109,1,2.1,1,12,4.42,53.0
Ramsey,Johnson Brothers - St. Paul,Josh Cellars Sauvignon Blanc 750ml,031259046976,1,2.1,1,12,8.58,103.0
Ramsey,Johnson Brothers - St. Paul,Black Box Chardonnay 3L Box,081434000040,11,2.4,2,12,10.42,125.0
Ramsey,Johnson Brothers - St. Paul,Barefoot Moscato 1.5L,085000016671,3,2.6,1,6,4.72,28.0
Ramsey,Johnson Brothers - St. Paul,Alamos Malbec 750ml,085000018194,6,2.6,1,12,8.67,104.0
Ramsey,Johnson Brothers - St. Paul,Black Box Sauvignon Blanc 3L Box,082100738397,8,2.9,1,6,15.96,96.0
Ramsey,Johnson Brothers - St. Paul,Black Box Rose 3L Box,081434710147,5,3.1,1,6,13.7,82.0
Ramsey,Johnson Brothers - St. Paul,Barefoot Sauv Blanc 1.5L,018341151022,3,3.2,1,6,11.06,66.0
Ramsey,Johnson Brothers - St. Paul,Barefoot Strawberry Moscato 1.5L,085000029909,3,3.2,1,6,8.19,49.0
Ramsey,Johnson Brothers - St. Paul,Black Box Deep Dark Cabernet 3L Box,085000034552,3,3.2,1,6,14.02,84.0
Ramsey,Johnson Brothers - St. Paul,Apothic Red 750ml,085000017746,10,3.3,1,12,4.83,58.0
Ramsey,Johnson Brothers - St. Paul,Murphy Goode Pinot Noir 750ml,083722023489,4,3.4,1,12,7.71,93.0
Ramsey,Johnson Brothers - St. Paul,Black Box Pinot Noir 3L Box,081434710017,9,3.9,1,6,4.77,29.0
Ramsey,Oxford Street Merchants,Pine Ridge Chen Blanc/Viognier 750ml,000579000098,10,3.6,1,12,6.54,78.0
Ramsey,Paustis Wine,Portlandia Pinot Gris 750ml,182442000418,0,0.0,1,12,8.7,104.0
Ramsey,Paustis Wine,Bread & Butter Chardonnay 750ml,850832004260,0,0.0,1,12,8.5,102.0
Ramsey,Paustis Wine,Papi Pink Moscato 750ml,858962004860,0,0.0,1,12,4.4,53.0
Ramsey,Paustis Wine,Big Bad Bourbon Barrel Cabernet Sauvignon 750ml,684586922941,1,0.4,1,12,6.24,75.0
Ramsey,Paustis Wine,Papi Sweet Apple 750ml,850061597106,1,1.1,1,12,4.4,53.0
Ramsey,Paustis Wine,Papi Black 750ml,850061597007,10,1.9,1,12,4.4,53.0
Ramsey,Paustis Wine,Papi Cabernet Sauvignon 750ml,893828001003,5,3.1,1,12,4.41,53.0
Ramsey,Paustis Wine,Papi Red Blend 750ml,853936007700,7,3.3,1,12,4.4,53.0
Ramsey,Phillips Wine & Spirits - St. Paul,Menage A Trois Dolce Red 750ml,099988071911,-1,-4.3,1,12,7.0,84.0
Ramsey,Phillips Wine & Spirits - St. Paul,Bota Box Chardonnay 500ml,082242011013,0,0.0,1,12,3.33,40.0
Ramsey,Phillips Wine & Spirits - St. Paul,Sutter Home Moscato 187ml,08501626,1,0.9,1,6,4.94,30.0
Ramsey,Phillips Wine & Spirits - St. Paul,Sutter Home Sauvignon Blanc 187ml,085200718740,2,1.1,1,6,4.99,30.0
Ramsey,Phillips Wine & Spirits - St. Paul,Bota Box Brightside Sauv Blanc/PG 3L Box,082242018685,1,2.1,1,3,14.67,44.0
Ramsey,Phillips Wine & Spirits - St. Paul,Bota Box Cabernet Sauvignon 3L Box,082242010450,2,2.9,1,3,42.76,128.0
Ramsey,Phillips Wine & Spirits - St. Paul,Bota Box Nighthawk Black Cab Sauv 3L Box,082242014380,2,2.9,1,3,14.67,44.0
Ramsey,Phillips Wine & Spirits - St. Paul,Bota Box Breeze Pinot Grigio 3L Box,082242016780,4,2.9,1,3,14.67,44.0
Ramsey,Phillips Wine & Spirits - St. Paul,Rancho La Gloria Lime Maragrita RTD 1.5L,861518002647,2,2.9,1,6,10.67,64.0
Ramsey,Southern Glazer's Wine & Spirits of MN,Robert Mondavi PS Cab Sauv BB 750ml,086003780217,0,0.0,1,12,8.68,104.0
Ramsey,Southern Glazer's Wine & Spirits of MN,B&G Vouvray,087000102705,0,0.0,1,12,8.0,96.0
Ramsey,Southern Glazer's Wine & Spirits of MN,Summit Red Blend 3L Box,083120015437,2,1.4,1,6,11.19,67.0
Ramsey,Southern Glazer's Wine & Spirits of MN,Chateau Ste Michelle Sauvignon Blanc 750ml,088586630989,5,3.6,1,12,7.96,96.0
Ramsey,The Wine Company,La Vieille Ferme Rose 3L Box,089419000160,2,1.2,1,6,18.67,112.0
Ramsey,The Wine Company,Toad Hollow Chardonnay 750ml,711408713651,6,2.3,1,12,10.78,129.0
Ramsey,,Richard's Wild Irish Rose 375ml,08228312,0,0.0,14,14,1.46,20.0
Rosemount,Bellboy Corporation,Tassin Cuvee Excellence Brut 750ml,850052364113,0,0.0,1,6,28.0,168.0
Rosemount,Bellboy Corporation,LaBella Pinot Grigio 750ml,632974001648,0,0.0,1,12,5.0,60.0
Rosemount,Bellboy Corporation,90+ Cellars DOC Prosecco Lot 50 (single) 187ml,810879020630,0,0.0,2,48,2.71,130.0
Rosemount,Bellboy Corporation,90+ Cellars Old Vine Malbec 750ml,894655001426,2,1.4,1,12,6.57,79.0
Rosemount,Bellboy Corporation,90+ Cellars Lot 210 Paso Robles Cabernet Sauvignon  750ml,810879020838,5,1.6,1,12,8.58,103.0
Rosemount,Bellboy Corporation,90+ Cellars Sauvignon Blanc Cali 750ml,894655001822,3,1.8,1,12,6.48,78.0
Rosemount,Bellboy Corporation,90+ Cellars Vinho Verde 750ml,810879022320,6,2.0,1,12,5.33,64.0
Rosemount,Bellboy Corporation,90+ Cellars Sauvignon Blanc Marlborough 750ml,894655001037,8,2.1,1,12,6.49,78.0
Rosemount,Bellboy Corporation,90+ Cellars Riesling Mosel 750ml,894655001860,9,3.0,1,12,6.48,78.0
Rosemount,Bellboy Corporation,90+ Cellars Sancerre Rose Lot 196 750ml,810879022108,5,3.1,1,12,14.56,175.0
Rosemount,"Bourget Imports, LLC",Sainte-Anne Chardonnay 750ml,638729001000,0,0.0,1,12,6.04,73.0
Rosemount,"Bourget Imports, LLC",Lake House Pinot Grigio 750ml,875359002698,0,0.0,1,12,9.74,117.0
Rosemount,"Bourget Imports, LLC",Sainte-Anne Pinot Noir 750ml,638729001017,0,0.0,1,12,6.47,78.0
Rosemount,"Bourget Imports, LLC",Ricossa Barbera Apassamento 750ml,851241002847,1,0.5,1,12,11.96,144.0
Rosemount,"Bourget Imports, LLC",Pacific Sound Sauvignon Blanc 750ml,7801222923602,1,0.6,1,12,5.68,68.0
Rosemount,"Bourget Imports, LLC",Ricossa Gavi 750ml,851241003042,1,2.1,1,12,12.16,146.0
Rosemount,"Bourget Imports, LLC",Sainte-Anne Cabernet Sauvignon 750ml,638729001338,4,2.4,1,12,6.48,78.0
Rosemount,"Breakthru Beverage Minnesota Wine & Spirits, LLC",Decoy Cabernet Sauvignon 750ml,669576019269,2,1.2,1,12,13.84,166.0
Rosemount,"Breakthru Beverage Minnesota Wine & Spirits, LLC",Fit Vine Cabernet Sauvignon 750ml,853086008008,3,1.4,1,12,7.61,91.0
Rosemount,"Breakthru Beverage Minnesota Wine & Spirits, LLC",Fit Vine Pinot Grigio 750ml,853086008077,4,1.9,1,12,8.82,106.0
Rosemount,"Breakthru Beverage Minnesota Wine & Spirits, LLC",Decoy Red Wine 750ml,669576019207,1,2.1,1,12,14.76,177.0
Rosemount,"Grape Beginnings, Inc.",Catena Appellation Paraje Altamira Malbec 750ml,098709099159,1,1.1,1,12,17.41,209.0
Rosemount,"Grape Beginnings, Inc.",Austin Hope Cab Sauv 750ml,657891715591,1,1.1,1,12,47.01,564.0
Rosemount,"Grape Beginnings, Inc.",Austin Cabernet Sauvignon 750ml,657891720915,3,1.6,1,12,15.01,180.0
Rosemount,Johnson Brothers - St. Paul,Barefoot Chardonnay 1.5L,018341151053,0,0.0,2,12,8.12,97.0
Rosemount,Johnson Brothers - St. Paul,Carnivor Cabernet 750ml,085000020425,0,0.0,1,12,6.0,72.0
Rosemount,Johnson Brothers - St. Paul,Boones Farm Sangria,08551205,0,0.0,1,12,4.0,48.0
Rosemount,Johnson Brothers - St. Paul,Hahn Chardonnay 750ml,086788555901,0,0.0,1,12,9.0,108.0
Rosemount,Johnson Brothers - St. Paul,La Crema Monterey Pinot Noir 750ml,049331010968,0,0.0,1,12,10.25,123.0
Rosemount,Johnson Brothers - St. Paul,Jinro Green Grape 375ml,605779976084,0,0.0,1,20,4.83,97.0
Rosemount,Johnson Brothers - St. Paul,LaMarca Prosecco 187ml,085000022436,0,0.0,1,24,3.24,78.0
Rosemount,Johnson Brothers - St. Paul,Josh Cellars Zinfandel 750ml,031259049229,1,0.6,1,12,10.29,123.0
Rosemount,Johnson Brothers - St. Paul,Barefoot Pinot Grigio 1.5L,085000014431,2,0.9,2,12,7.13,86.0
Rosemount,Johnson Brothers - St. Paul,LaMarca Prosecco Demi Sec 750ml,085000040669,1,0.9,1,12,12.42,149.0
Rosemount,Johnson Brothers - St. Paul,Black Box Pinot Grigio 500ml,081434700209,2,0.9,1,12,3.33,40.0
Rosemount,Johnson Brothers - St. Paul,La Crema Monterey Pinot Gris 750ml,049331003120,1,1.1,1,12,10.54,126.0
Rosemount,Johnson Brothers - St. Paul,Black Box Chardonnay 3L Box,081434000040,15,1.3,6,36,10.42,375.0
Rosemount,Johnson Brothers - St. Paul,Barefoot Sauv Blanc 1.5L,018341151022,1,1.4,1,6,11.06,66.0
Rosemount,Johnson Brothers - St. Paul,Murphy Goode Sauv Blanc 750ml,083722880068,1,1.4,1,12,6.73,81.0
Rosemount,Johnson Brothers - St. Paul,Black Box Chardonnay 500ml,081434000309,2,1.4,1,12,3.33,40.0
Rosemount,Johnson Brothers - St. Paul,Barefoot Pink Moscato 750ml,085000020456,2,1.4,1,12,4.32,52.0
Rosemount,Johnson Brothers - St. Paul,Black Box Tart & Tangy Sauvignon Blanc 500ml,085000037690,3,1.4,1,12,3.33,40.0
Rosemount,Johnson Brothers - St. Paul,Black Box Deep Dark Cabernet 500ml,085000037683,2,1.7,1,12,3.33,40.0
Rosemount,Johnson Brothers - St. Paul,Prati by Louis Martini Cabernet Sauvignon 750ml,085000011638,6,2.0,1,12,11.89,143.0
Rosemount,Johnson Brothers - St. Paul,Barefoot Moscato 1.5L,085000016671,1,2.1,1,6,4.72,28.0
Rosemount,Johnson Brothers - St. Paul,Gallo FV Sweet Peach Mag 1.5L,085000025611,1,2.1,1,6,6.66,40.0
Rosemount,Johnson Brothers - St. Paul,Black Box Tart Tangy Sauvignon Blanc 3L Box,085000034569,14,2.1,3,18,12.32,222.0
Rosemount,Johnson Brothers - St. Paul,Apothic Crush 750ml,085000023488,2,2.1,1,12,6.2,74.0
Rosemount,Johnson Brothers - St. Paul,Black Box Cab Sauv 500ml,081434000293,4,2.4,1,12,3.33,40.0
Rosemount,Johnson Brothers - St. Paul,Josh Cellars Sauvignon Blanc 750ml,031259046976,18,2.6,1,12,8.58,103.0
Rosemount,Johnson Brothers - St. Paul,Black Box Pinot Grigio 3L Box,081434000224,20,2.8,2,12,15.26,183.0
Rosemount,Johnson Brothers - St. Paul,Black Box Cab Sauv 3L Box,081434000033,25,2.8,2,12,13.58,163.0
Rosemount,Johnson Brothers - St. Paul,Black Box Red Elegance 3L Box,081434700193,4,2.9,1,6,15.3,92.0
Rosemount,Johnson Brothers - St. Paul,Josh Cellars Paso Robles Cabernet 750ml,031259049236,2,2.9,1,12,8.77,105.0
Rosemount,Johnson Brothers - St. Paul,Coppola Diamond Merlot 750ml,739958974100,2,2.9,1,12,11.26,135.0
Rosemount,Johnson Brothers - St. Paul,Soon Hari Apple Soju 375ml,850052711283,2,2.9,1,20,4.6,92.0
Rosemount,Johnson Brothers - St. Paul,Black Box Deep Dark Cabernet 3L Box,085000034552,7,3.3,1,6,14.02,84.0
Rosemount,Johnson Brothers - St. Paul,Barefoot Pink Moscato 1.5L,085000020609,4,3.4,1,6,8.67,52.0
Rosemount,Johnson Brothers - St. Paul,Barefoot Peach Moscato 1.5L,085000029893,4,3.4,1,6,8.18,49.0
Rosemount,Johnson Brothers - St. Paul,Black Box Merlot 3L Box,081434000026,9,3.5,1,6,12.83,77.0
Rosemount,"Maverick Beverage Co., LLC - MN",La Plage Rose 750ml,3309200102116,0,0.0,1,12,7.26,87.0
Rosemount,"Maverick Beverage Co., LLC - MN",Stolpman So Fresh Love You Bunches Rose 750ml,890095000630,0,0.0,1,12,9.94,119.0
Rosemount,"Maverick Beverage Co., LLC - MN",TOPO Tinto Red,5604424367401,5,1.6,1,12,6.33,76.0
Rosemount,"Maverick Beverage Co., LLC - MN",Les Allies Pinot Noir 750ml,763955412297,2,2.9,1,12,7.51,90.0
Rosemount,"Maverick Beverage Co., LLC - MN",Les Allies Chardonnay 750ml,763955412280,6,3.7,1,12,7.5,90.0
Rosemount,Oxford Street Merchants,Seghesio Zinfandel 750ml,088254758724,0,0.0,1,12,14.06,169.0
Rosemount,Oxford Street Merchants,Old Soul Cabernet Sauvignon 750ml,082544990528,0,0.0,1,12,7.52,90.0
Rosemount,Oxford Street Merchants,Summer Water Rose 750ml,812949021806,0,0.0,1,12,11.73,141.0
Rosemount,Oxford Street Merchants,Boen Russian River Pinot Noir 750ml,856184006211,0,0.0,1,12,21.33,256.0
Rosemount,Oxford Street Merchants,Conundrum White 750ml,017224750123,0,0.0,1,12,10.0,120.0
Rosemount,Oxford Street Merchants,Underwood Pinot Noir 355ml,856036001043,0,0.0,1,12,4.39,53.0
Rosemount,Oxford Street Merchants,Pizzolato Muse Prosecco 750ml,185554000987,3,1.4,1,12,9.54,114.0
Rosemount,Oxford Street Merchants,Quilt Napa Chardonnay 750ml,859889006210,5,1.6,1,12,21.43,257.0
Rosemount,Oxford Street Merchants,Pizzolato Rosso 750ml,185554000529,1,2.1,1,12,9.35,112.0
Rosemount,Oxford Street Merchants,Belle Glos Clark & Telephone 750ml,855622000118,1,2.1,1,12,32.12,385.0
Rosemount,Oxford Street Merchants,Risata Moscato d'Asti 750ml,084279977638,6,2.3,1,12,2.74,33.0
Rosemount,Oxford Street Merchants,Conundrum Red 750ml,017224760122,12,2.3,1,12,7.64,92.0
Rosemount,Oxford Street Merchants,Caymus California Cabernet 750ml,017224713104,4,2.9,1,12,34.68,416.0
Rosemount,Oxford Street Merchants,Pizzolato Muse Rose 187ml,185554000727,2,2.9,1,24,3.38,81.0
Rosemount,Oxford Street Merchants,Veuve Clicquot Brut Champagne 750ml,081753050207,7,3.8,1,12,52.8,634.0
Rosemount,Paustis Wine,Libretto Cabernet Sauvignon 750ml,400000005942,0,0.0,1,12,5.28,63.0
Rosemount,Paustis Wine,Papi Pink Moscato 750ml,858962004860,1,1.4,1,12,4.4,53.0
Rosemount,Paustis Wine,Papi Sauvignon Blanc 750ml,893828001010,6,1.5,1,12,4.4,53.0
Rosemount,Paustis Wine,Clemente VII Settimo Toscana 750ml,766181601671,2,1.7,1,12,10.6,127.0
Rosemount,Paustis Wine,MD Freakshow Chardonnay 750ml,652935100531,1,2.1,1,12,11.73,141.0
Rosemount,Paustis Wine,Papi White Peach Sangria 750ml,853936007984,1,2.1,1,12,3.71,45.0
Rosemount,Paustis Wine,Papi Pinot Grigio 750ml,858962004099,12,2.1,1,12,4.4,53.0
Rosemount,Paustis Wine,Papi Pinot Noir 750ml,858962004136,6,2.6,1,12,4.4,53.0
Rosemount,Paustis Wine,Papi Malbec 750ml,853936007441,6,2.9,1,12,4.4,53.0
Rosemount,Paustis Wine,Kris Pinot Grigio 750ml,810022274200,8,2.9,1,12,7.48,90.0
Rosemount,Paustis Wine,Provisions Pinot Noir 3L Box,848375003932,3,3.2,1,4,13.0,52.0
Rosemount,Paustis Wine,Papi Sweet Red 750ml,850061597120,7,3.3,1,12,4.4,53.0
Rosemount,Phillips Wine & Spirits - St. Paul,Sutter Home Chardonnay 187ml,08500627,0,0.0,1,6,4.86,29.0
Rosemount,Phillips Wine & Spirits - St. Paul,Rancho La Gloria Strawberry Margarita RT 1.5L,861518002654,0,0.0,1,6,10.67,64.0
Rosemount,Phillips Wine & Spirits - St. Paul,Yellow Tail Big Bold Red 1.5L,839743001490,0,0.0,2,12,7.78,93.0
Rosemount,Phillips Wine & Spirits - St. Paul,Bota Box Merlot 500ml,082242017510,0,0.0,1,12,3.0,36.0
Rosemount,Phillips Wine & Spirits - St. Paul,Bartenura Moscato Rose 750ml,087752013854,0,0.0,1,12,13.05,157.0
Rosemount,Phillips Wine & Spirits - St. Paul,Bota Box Breeze Pinot Grigio 500ml,082242017978,0,0.0,1,12,3.24,39.0
Rosemount,Phillips Wine & Spirits - St. Paul,Bartenura Moscato 750ml,087752005644,0,0.0,1,12,6.81,82.0
Rosemount,Phillips Wine & Spirits - St. Paul,Bota Box Chardonnay 500ml,082242011013,0,0.0,1,12,3.33,40.0
Rosemount,Phillips Wine & Spirits - St. Paul,Sutter Home Cab Sauv 187ml,08500520,5,1.1,3,18,4.91,88.0
Rosemount,Phillips Wine & Spirits - St. Paul,Bota Box Nighthawk GD Chardonnay 3L Box,082242015691,1,1.4,1,3,14.52,44.0
Rosemount,Phillips Wine & Spirits - St. Paul,Bota Box NightHawk Red Blend 3L Box,082242013741,3,1.4,2,6,14.67,88.0
Rosemount,Phillips Wine & Spirits - St. Paul,Sutter Home Moscato 187ml,08501626,1,1.4,1,6,4.94,30.0
Rosemount,Phillips Wine & Spirits - St. Paul,Bota Box Cabernet Sauvignon 500ml,082242010412,1,1.4,1,12,0.72,9.0
Rosemount,Phillips Wine & Spirits - St. Paul,SeaGlass Sauvignon Blanc 750ml,085200005758,3,1.4,1,12,6.35,76.0
Rosemount,Phillips Wine & Spirits - St. Paul,Sutter Home Merlot 187ml,08500229,2,2.1,1,6,4.47,27.0
Rosemount,Phillips Wine & Spirits - St. Paul,Joel Gott CA Pinot Grigio 750ml,196383006217,1,2.1,1,12,5.17,62.0
Rosemount,Phillips Wine & Spirits - St. Paul,Bota Box Nighthawk Blk Bourbon Cabernet 3L Box,082242016063,5,2.4,2,6,14.67,88.0
Rosemount,Phillips Wine & Spirits - St. Paul,Starling Castle Riesling 750ml,084279973944,5,2.4,1,12,5.73,69.0
Rosemount,Phillips Wine & Spirits - St. Paul,Yellow Tail Shiraz 1.5L,031259008950,2,2.9,1,6,7.81,47.0
Rosemount,Phillips Wine & Spirits - St. Paul,Sutter Home Pink Moscato 187ml,08509929,2,2.9,1,6,4.96,30.0
Rosemount,Phillips Wine & Spirits - St. Paul,Hess Select Chardonnay 750ml,717888520024,5,3.1,1,12,6.87,82.0
Rosemount,Phillips Wine & Spirits - St. Paul,Bota Box Pinot Grigio 3L Box,082242013253,8,3.8,1,3,20.51,62.0
Rosemount,Rue 38 LLC,Three Otters Pinot Noir 750ml,040232243646,0,0.0,1,12,13.33,160.0
Rosemount,Saint Croix Vineyards,St Croix Vineyards Marquette,669835224144,3,2.6,1,12,14.05,169.0
Rosemount,Small Lot MN,Woolpack Sauvignon Blanc 750ml,8570988003068,0,0.0,1,12,9.83,118.0
Rosemount,Small Lot MN,Maison Noir 'Sheeps Clothing' Cab Sauv 750ml,856782007252,3,3.2,1,12,13.33,160.0
Rosemount,Southern Glazer's Wine & Spirits of MN,Kim Crawford Sauvignon Blanc Non Alc 750ml,689352010327,0,0.0,1,12,10.7,128.0
Rosemount,Southern Glazer's Wine & Spirits of MN,Hampton Water Rose 750ml,812147021004,0,0.0,1,12,12.12,145.0
Rosemount,Southern Glazer's Wine & Spirits of MN,Cockburns Fine Tawny Porto 750ml,094799120131,0,0.0,1,12,12.28,147.0
Rosemount,Southern Glazer's Wine & Spirits of MN,Chateau Ste Michelle Cabernet Sauvignon 750ml,088586601835,1,0.4,1,12,10.21,123.0
Rosemount,Southern Glazer's Wine & Spirits of MN,CSM Indian Wells Merlot 750ml,088586607912,1,0.5,1,12,12.04,145.0
Rosemount,Southern Glazer's Wine & Spirits of MN,Chateau Ste Michelle Sauvignon Blanc 750ml,088586630989,1,0.6,1,12,7.96,96.0
Rosemount,Southern Glazer's Wine & Spirits of MN,TopBox Cabernet Sauvignon 3L Box,088586010750,1,0.7,1,6,7.97,48.0
Rosemount,Southern Glazer's Wine & Spirits of MN,Oyster Bay Sauvignon Blanc 750ml,870661008024,2,0.7,1,12,10.0,120.0
Rosemount,Southern Glazer's Wine & Spirits of MN,14 Hands Run Wild Red Blend 750ml,088586009198,1,0.9,1,12,6.89,83.0
Rosemount,Southern Glazer's Wine & Spirits of MN,Liquid Light Sauvignon Blanc 750ml,088586010149,2,0.9,1,12,8.64,104.0
Rosemount,Southern Glazer's Wine & Spirits of MN,Chateau Ste Michelle Dry Riesling 750ml,088586642890,2,1.1,1,12,7.55,91.0
Rosemount,Southern Glazer's Wine & Spirits of MN,Summit Cabernet Sauvignon 3L Box,083120015413,3,1.4,1,6,11.19,67.0
Rosemount,Southern Glazer's Wine & Spirits of MN,Chateau Ste Michelle Harvest Riesling 750ml,088586004162,3,1.6,1,12,7.46,90.0
Rosemount,Southern Glazer's Wine & Spirits of MN,Avaline Sauvignon Blanc 750ml,051497382094,2,1.7,1,12,15.99,192.0
Rosemount,Southern Glazer's Wine & Spirits of MN,Chateau Ste Michelle Riesling 750ml,088586621840,6,1.7,1,12,4.04,48.0
Rosemount,Southern Glazer's Wine & Spirits of MN,Graham's 10 Yr Tawny 750ml,094799010081,1,2.1,1,6,41.42,249.0
Rosemount,Southern Glazer's Wine & Spirits of MN,14 Hands Stampede Red Blend 750ml,088586007682,1,2.1,1,12,7.13,86.0
Rosemount,Southern Glazer's Wine & Spirits of MN,Kim Crawford Sauvignon Blanc 750ml,689352009611,86,2.1,7,84,10.7,899.0
Rosemount,Southern Glazer's Wine & Spirits of MN,CSM Indian Wells Cabernet 750ml,088586001864,11,2.8,1,12,11.93,143.0
Rosemount,Southern Glazer's Wine & Spirits of MN,Woodbridge Cab Sauv 1.5L,086003813854,2,2.9,1,6,11.31,68.0
Rosemount,Southern Glazer's Wine & Spirits of MN,Woodbridge Light Oak Chardonnay 1.5L,086003903920,6,2.9,1,6,7.81,47.0
Rosemount,Southern Glazer's Wine & Spirits of MN,A to Z Pinot Noir 750ml,892931000347,2,2.9,1,12,11.33,136.0
Rosemount,Southern Glazer's Wine & Spirits of MN,Jam Cellars Butter Chardonnay 750ml,853706002034,9,3.0,1,12,9.68,116.0
Rosemount,Southern Glazer's Wine & Spirits of MN,Chateau Ste Michelle Rose 750ml,088586009327,8,3.1,1,12,7.42,89.0
Rosemount,Southern Glazer's Wine & Spirits of MN,14 Hands Cabernet Sauvignon 750ml,088586001895,10,3.9,1,12,7.29,88.0
Rosemount,Southern Glazer's Wine & Spirits of MN,Chateau Ste Michelle Chardonnay 750ml,088586603846,10,3.9,1,12,5.92,71.0
Rosemount,The Wine Company,The Herdsman Cabernet Sauvignon 750ml,859551001666,0,0.0,1,12,13.34,160.0
Rosemount,"Tradition Wine & Spirits, LLC",Field Recordings BOXIE Orange Wine 3L Box,742779421982,0,0.0,1,6,21.03,126.0
Rosemount,"Vinocopia, Inc",Han Jan Apple 375ml,8809018211529,-1,-2.1,1,20,4.09,82.0
Rosemount,"Vinocopia, Inc","Piattelli Reserve Malbec, Mendoza 750ml",875752000390,-1,-0.5,1,12,9.22,111.0
Rosemount,"Vinocopia, Inc",Donausonne Blaufrankisch,022916573089,0,0.0,1,12,8.33,100.0
Rosemount,"Vinocopia, Inc",Sweet Bitch Moscato Pavie 750ml,607054492500,1,1.1,1,12,7.59,91.0
Rosemount,"Vinocopia, Inc","Piattelli Grand Res Cabernet, Mendoza 750ml",875752000239,1,1.1,1,12,12.67,152.0
Rosemount,"Vinocopia, Inc",Han Jan Mandarin Orange 375ml,8809018211758,2,2.9,1,20,4.29,86.0
Roseville,Bellboy Corporation,Contessa Annalisa Cabernet Sauvignon 750ml,855357000032,0,0.0,1,12,5.5,66.0
Roseville,Bellboy Corporation,Twin Suns Reserve Syrah 750ml,855357000230,0,0.0,1,12,10.07,121.0
Roseville,Bellboy Corporation,Ch d'Astros Aventure Rose 750ml,860008268600,0,0.0,1,12,9.29,111.0
Roseville,Bellboy Corporation,90+ Cellars Russian River Chardonnay Lot 130 750ml,810879020593,0,0.0,1,12,8.69,104.0
Roseville,Bellboy Corporation,90+ Lot 231 Napa Valley Chardonnay 750ml,810879028605,0,0.0,1,12,8.67,104.0
Roseville,Bellboy Corporation,90+ Cellars RR Pinot Noir 750ml,894655001945,0,0.0,1,12,10.28,123.0
Roseville,Bellboy Corporation,90+ Cellars Cab Sauv Rutherford/Napa 750ml,894655001259,0,0.0,1,12,13.1,157.0
Roseville,Bellboy Corporation,90+ Cellars Sauvignon Blanc Cali 750ml,894655001822,0,0.0,2,24,6.48,156.0
Roseville,Bellboy Corporation,90+ Cellars Prosecco Rose (single) 187ml,810879023372,0,0.0,1,24,2.98,71.0
Roseville,Bellboy Corporation,90+ Cellars DOC Prosecco Lot 50 (single) 187ml,810879020630,0,0.0,3,72,2.71,195.0
Roseville,Bellboy Corporation,"90+ Cellars Lot 193 Pinot Noir, Eola-Amity 750ml",810879021958,1,0.3,2,24,10.17,244.0
Roseville,Bellboy Corporation,"90+ Cellars Sauvignon Blanc, IGP Val de Loire Lot 213 750ml",810879023969,1,0.3,2,24,9.31,223.0
Roseville,Bellboy Corporation,90+ Cellars Willamette Valley Pinot Gris Lot 237 750ml,810204640885,1,0.4,1,12,6.83,82.0
Roseville,Bellboy Corporation,90+ Cellars Pinot Noir California 750ml,894655001099,15,1.6,2,24,6.5,156.0
Roseville,Bellboy Corporation,90+ Cellars Big Red Blend Lot 113 750ml,810879020104,3,2.1,1,12,6.53,78.0
Roseville,Bellboy Corporation,Notebook Red Blend 750ml,080960330027,5,2.1,1,12,7.53,90.0
Roseville,Bellboy Corporation,Readers Riesling 750ml,080960100682,4,2.4,1,12,7.61,91.0
Roseville,Bellboy Corporation,90+ Cellars 2021 Lot 27 Barbera d'Alba 750ml,894655001457,2,2.9,1,12,8.99,108.0
Roseville,Bellboy Corporation,90+ Cellars Riesling Mosel 750ml,894655001860,18,2.9,1,12,6.48,78.0
Roseville,Bellboy Corporation,90+ Cellars Rose 750ml,894655001518,42,3.0,2,24,6.61,159.0
Roseville,Bellboy Corporation,90+ Cellars Sauvignon Blanc Marlborough 750ml,894655001037,47,3.0,2,24,6.49,156.0
Roseville,Bellboy Corporation,90+ Cellars Prosecco Rose (3pk) 187ml,810879023655,3,3.2,1,8,8.93,71.0
Roseville,Bellboy Corporation,90+ Cellars Willamette Valley Pinot Noir Lot 137 750ml,810879020777,21,3.3,1,12,9.34,112.0
Roseville,"Bourget Imports, LLC",Sainte-Anne Sauvignon Blanc 750ml,638729001024,0,0.0,1,12,6.05,73.0
Roseville,"Bourget Imports, LLC",Fernlands Sauvignon Blanc 750ml,853076003006,0,0.0,1,12,10.28,123.0
Roseville,"Bourget Imports, LLC",Pacific Sound Carmenere 750ml,7801222923626,1,0.2,2,24,5.94,143.0
Roseville,"Bourget Imports, LLC",Pacific Sound Sauvignon Blanc 750ml,7801222923602,9,3.0,1,12,5.68,68.0
Roseville,"Breakthru Beverage Minnesota Wine & Spirits, LLC",Riunite Lambrusco 1.5L,089744765505,0,0.0,1,6,7.24,43.0
Roseville,"Breakthru Beverage Minnesota Wine & Spirits, LLC",1000 Stories High Alc Cabernet Sauvignon 750ml,082896004171,0,0.0,1,12,10.0,120.0
Roseville,"Breakthru Beverage Minnesota Wine & Spirits, LLC",Substance Cabernet Sauvignon 750ml,184745003004,0,0.0,1,12,10.13,122.0
Roseville,"Breakthru Beverage Minnesota Wine & Spirits, LLC",Duckhorn Napa Cab Sauvignon 750ml,669576019344,0,0.0,1,12,40.12,481.0
Roseville,"Breakthru Beverage Minnesota Wine & Spirits, LLC",Line 39 Pinot Noir 750ml,898756001477,1,0.4,1,12,6.26,75.0
Roseville,"Breakthru Beverage Minnesota Wine & Spirits, LLC",Decoy Cabernet Sauvignon 750ml,669576019269,4,2.1,1,12,13.84,166.0
Roseville,"Breakthru Beverage Minnesota Wine & Spirits, LLC",J Lohr Cabernet Sauvignon 750ml,089121288122,10,2.7,1,12,13.08,157.0
Roseville,"Grape Beginnings, Inc.",Pewsey Vale Dry Riesling 750ml,089208300549,0,0.0,1,12,12.83,154.0
Roseville,"Grape Beginnings, Inc.",Fat Bastard Chardonnay 750ml,695235000019,4,1.7,1,12,9.0,108.0
Roseville,Johnson Brothers - St. Paul,Andre Brut 750ml,085000007433,-1,-0.9,1,12,5.08,61.0
Roseville,Johnson Brothers - St. Paul,Jinro Strawberry 375ml,605779976251,-1,-0.5,1,20,3.66,73.0
Roseville,Johnson Brothers - St. Paul,Barefoot Peach Moscato 750ml,085000029008,0,0.0,1,12,2.93,35.0
Roseville,Johnson Brothers - St. Paul,Z. Alexander Brown Cabernet 750ml,082242013925,0,0.0,1,12,7.9,95.0
Roseville,Johnson Brothers - St. Paul,Barefoot Moscato 750ml,085000016688,0,0.0,1,12,4.32,52.0
Roseville,Johnson Brothers - St. Paul,Barefoot Rose Tetra 500ml,085000028407,0,0.0,1,12,3.0,36.0
Roseville,Johnson Brothers - St. Paul,Murphy Goode Red Blend 750ml,083722028392,0,0.0,1,12,8.0,96.0
Roseville,Johnson Brothers - St. Paul,Jinro Classic Soju 20.1% 375ml,795652200501,0,0.0,1,20,3.94,79.0
Roseville,Johnson Brothers - St. Paul,Jinro Plum 375ml,605779976206,0,0.0,1,20,4.6,92.0
Roseville,Johnson Brothers - St. Paul,Jinro Peach 375ml,605779976459,1,0.5,1,20,4.8,96.0
Roseville,Johnson Brothers - St. Paul,Bev Cal Rose 4pk 250ml,860129002107,1,0.9,1,6,11.33,68.0
Roseville,Johnson Brothers - St. Paul,Josh Cellars Pinot Noir 750ml,031259046952,2,0.9,1,12,9.65,116.0
Roseville,Johnson Brothers - St. Paul,Prophecy Pinot Noir 750ml,085000023105,2,0.9,1,12,7.31,88.0
Roseville,Johnson Brothers - St. Paul,Jinro Chamisul Classico Soju 20.1% 750ml,795652200518,2,1.0,1,12,8.96,108.0
Roseville,Johnson Brothers - St. Paul,Barefoot White Zin 750ml,018341751062,1,1.1,1,12,4.35,52.0
Roseville,Johnson Brothers - St. Paul,Barefoot Peach Moscato 1.5L,085000029893,1,1.4,1,6,8.18,49.0
Roseville,Johnson Brothers - St. Paul,Black Box Sauvignon Blanc 500ml Tetra 500ml,085000033395,1,1.4,1,12,3.33,40.0
Roseville,Johnson Brothers - St. Paul,Apothic Crush 750ml,085000023488,2,1.4,1,12,6.2,74.0
Roseville,Johnson Brothers - St. Paul,Josh Cellars Sauvignon Blanc 750ml,031259046976,8,1.5,2,24,8.58,206.0
Roseville,Johnson Brothers - St. Paul,Josh Cellars Cabernet Sauvignon 750ml,857744001318,9,1.5,2,24,10.36,249.0
Roseville,Johnson Brothers - St. Paul,Black Box Deep Dark Cabernet 500ml,085000037683,5,1.6,1,12,3.33,40.0
Roseville,Johnson Brothers - St. Paul,Whitehaven Sauv Blanc 750ml,085000012017,24,1.6,3,36,10.98,395.0
Roseville,Johnson Brothers - St. Paul,Gnarly Head Old Vine Zin 750ml,082242294935,2,1.7,1,12,6.67,80.0
Roseville,Johnson Brothers - St. Paul,Black Box Red Elegance 3L Box,081434700193,3,1.8,1,6,15.3,92.0
Roseville,Johnson Brothers - St. Paul,Black Box Chardonnay 3L Box,081434000040,16,1.8,4,24,10.42,250.0
Roseville,Johnson Brothers - St. Paul,Josh Cellars Chardonnay 375ml,031259004211,3,1.8,1,12,4.32,52.0
Roseville,Johnson Brothers - St. Paul,Black Box Riesling 3L Box,082100738359,2,2.1,1,6,18.31,110.0
Roseville,Johnson Brothers - St. Paul,Black Box Tart Tangy Sauvignon Blanc 3L Box,085000034569,8,2.1,2,12,12.32,148.0
Roseville,Johnson Brothers - St. Paul,Black Box Pinot Noir 3L Box,081434710017,10,2.1,2,12,4.77,57.0
Roseville,Johnson Brothers - St. Paul,Barefoot Rose 750ml,085000025871,1,2.1,1,12,4.39,53.0
Roseville,Johnson Brothers - St. Paul,Barefoot Apple Moscato 750ml,085000029022,1,2.1,1,12,4.34,52.0
Roseville,Johnson Brothers - St. Paul,Josh Cellars Prosecco 750ml,031259003726,2,2.1,1,12,5.08,61.0
Roseville,Johnson Brothers - St. Paul,Black Box Cabernet Liter Tetra,085000037522,2,2.1,1,12,6.0,72.0
Roseville,Johnson Brothers - St. Paul,Black Box Chardonnay 500ml,081434000309,13,2.1,2,24,3.33,80.0
Roseville,Johnson Brothers - St. Paul,Barefoot Moscato 1.5L,085000016671,4,2.4,1,6,4.72,28.0
Roseville,Johnson Brothers - St. Paul,Black Box Cab Sauv 3L Box,081434000033,16,2.7,2,12,13.58,163.0
Roseville,Johnson Brothers - St. Paul,Barefoot Pinot Grigio 1.5L,085000014431,4,2.9,1,6,7.13,43.0
Roseville,Johnson Brothers - St. Paul,Black Box Merlot 3L Box,081434000026,6,2.9,1,6,12.83,77.0
Roseville,Johnson Brothers - St. Paul,Black Box Deep Dark Cabernet 3L Box,085000034552,6,2.9,1,6,14.02,84.0
Roseville,Johnson Brothers - St. Paul,Black Box Sauvignon Blanc 3L Box,082100738397,22,2.9,2,12,15.96,192.0
Roseville,Johnson Brothers - St. Paul,Taylor Port 750ml,088940000014,7,3.0,1,12,6.66,80.0
Roseville,Johnson Brothers - St. Paul,Dark Horse Cabernet Sauvignon 750ml,085000020302,5,3.1,1,12,5.17,62.0
Roseville,Johnson Brothers - St. Paul,Josh Cellars Merlot 750ml,857744011157,4,3.4,1,12,10.29,123.0
Roseville,Johnson Brothers - St. Paul,Apothic Red 750ml,085000017746,16,3.4,1,12,4.83,58.0
Roseville,Johnson Brothers - St. Paul,Josh Cellars Pinot Grigio 750ml,031259001456,9,3.9,1,12,8.91,107.0
Roseville,Libation Project,Pavette Pinot Noir 750ml,853868006680,0,0.0,1,12,9.57,115.0
Roseville,Libation Project,Prisma Sauvignon Blanc 750ml,837571004454,2,1.2,1,12,10.49,126.0
Roseville,Libation Project,Piazza Grande Lambrusco Spuman 750ml,854657002937,3,2.1,1,12,9.31,112.0
Roseville,Libation Project,Ercole Monferratto Rosso Liter,678113000165,4,2.9,1,12,11.33,136.0
Roseville,"Maverick Beverage Co., LLC - MN",Riley's Lookout Sauvignon Blanc 750ml,9419453000313,0,0.0,1,12,8.67,104.0
Roseville,"Maverick Beverage Co., LLC - MN",Klinker Brick Farrah Syrah 750ml,853739000038,0,0.0,1,12,13.84,166.0
Roseville,"Maverick Beverage Co., LLC - MN",Vina Viejas Garnacha,8410451009446,0,0.0,1,12,7.89,95.0
Roseville,"Maverick Beverage Co., LLC - MN",Klinker Brick Old Vine Zin 750ml,853739000021,1,1.4,1,12,13.27,159.0
Roseville,"Maverick Beverage Co., LLC - MN",Stolpman Love You Bunches Sangiovese 750ml,890095000159,2,1.4,1,12,13.6,163.0
Roseville,"Maverick Beverage Co., LLC - MN",TOPO Tinto Red,5604424367401,15,1.6,2,24,6.33,152.0
Roseville,"Maverick Beverage Co., LLC - MN",Cepas Sauvignon Blanc 750ml,7791843021385,3,2.1,1,12,5.0,60.0
Roseville,"Maverick Beverage Co., LLC - MN",Stolpman So Fresh Love You Bunches Rose 750ml,890095000630,4,2.9,1,12,9.94,119.0
Roseville,"Maverick Beverage Co., LLC - MN",Les Allies Brut 750ml,763955409204,5,3.1,1,12,7.03,84.0
Roseville,"Maverick Beverage Co., LLC - MN",Stel + Mar Red Blend 750ml,628176930039,4,3.4,1,12,8.74,105.0
Roseville,McDonald Distributing Co dba Clear River Beverage,Gruvi Dry Secco 4pk 275ml,628504959060,0,0.0,1,6,10.23,61.0
Roseville,"New France Wine Co, Inc",Martin Woods Bednarik Vineyard Pinot Noir 750ml,400000025180,-1,-4.3,1,12,40.0,480.0
Roseville,"New France Wine Co, Inc",Pike Road Willamette Valley Pinot Noir 750ml,083648000182,3,1.4,1,12,12.44,149.0
Roseville,"New France Wine Co, Inc",G. D. Vajra Barolo Albe,695798111023,1,2.1,1,12,26.67,320.0
Roseville,"New France Wine Co, Inc",Bianchi Paso Robles Cabernet Sauvignon 750ml,089417001411,3,2.1,1,12,13.33,160.0
Roseville,Oxford Street Merchants,Ca'del Bosco Franciacorta Cuvee Prestige 750ml,896383000016,0,0.0,1,6,31.0,186.0
Roseville,Oxford Street Merchants,Nave Sur Verdejo Rueda,8414219019807,0,0.0,1,12,5.33,64.0
Roseville,Oxford Street Merchants,Threadcount Cali Cabernet 750ml,860009046122,1,1.1,1,12,13.33,160.0
Roseville,Oxford Street Merchants,Seghesio Chardonnay 750ml,088254000007,1,1.4,1,12,10.81,130.0
Roseville,Oxford Street Merchants,Rombauer Chardonnay 750ml,097921970109,4,1.6,1,12,31.26,375.0
Roseville,Oxford Street Merchants,Shania Monastrell 3L Box,851115002324,2,1.7,1,3,10.89,33.0
Roseville,Oxford Street Merchants,Seghesio Zinfandel 750ml,088254758724,3,1.8,1,12,14.06,169.0
Roseville,Oxford Street Merchants,Summer Water Rose 750ml,812949021806,1,2.1,1,12,11.73,141.0
Roseville,Oxford Street Merchants,Acolytes Pinot Noir 750ml,860011941828,3,2.1,1,12,13.61,163.0
Roseville,Oxford Street Merchants,Pine Ridge Chen Blanc/Viognier 750ml,000579000098,33,2.4,2,24,6.54,157.0
Roseville,Oxford Street Merchants,Boen Tri Appellation Pinot Noir 750ml,856184006112,6,2.9,1,12,5.25,63.0
Roseville,Oxford Street Merchants,Underwood Pinot Gris 375ml,856036001067,10,2.9,1,12,4.39,53.0
Roseville,Oxford Street Merchants,Underwood Rose Bubbles NA 355ml,856036001692,3,3.2,1,12,4.4,53.0
Roseville,Oxford Street Merchants,Chop Shop Cabernet Sauvignon 750ml,812949023459,6,3.2,1,12,7.77,93.0
Roseville,Oxford Street Merchants,Risata Prosecco 750ml,084279992464,4,3.4,1,12,9.37,112.0
Roseville,Oxford Street Merchants,Pizzolato Muse Rose 187ml,185554000727,4,3.4,1,24,3.38,81.0
Roseville,Oxford Street Merchants,Underwood Bubbles 355ml,856036001098,28,3.9,1,12,4.63,56.0
Roseville,Paustis Wine,Pandora's Box Malbec 3L Box,858822006409,0,0.0,1,4,13.25,53.0
Roseville,Paustis Wine,ClapBack Blue Rizzler Liter,793150669189,0,0.0,1,12,9.33,112.0
Roseville,Paustis Wine,One of One Non-Alcoholic Sauvignon Blanc 750ml,684586246115,0,0.0,1,12,8.74,105.0
Roseville,Paustis Wine,Our Daily Red 750ml,791784901736,0,0.0,1,12,5.19,62.0
Roseville,Paustis Wine,Papi Blueberry 750ml,850061597021,0,0.0,1,12,4.4,53.0
Roseville,Paustis Wine,Papi Sweet Apple 750ml,850061597106,0,0.0,1,12,4.4,53.0
Roseville,Paustis Wine,J Friederich Zeller Schwarze 750ml,086929800020,1,0.9,1,12,5.92,71.0
Roseville,Paustis Wine,True Myth Chardonnay 750ml,730429950012,1,1.1,1,12,7.5,90.0
Roseville,Paustis Wine,Scotto Family Cellars CA Pinot Noir 750ml,684586010020,2,1.2,1,12,6.24,75.0
Roseville,Paustis Wine,Bread & Butter Sauvignon Blanc 750ml,818051021956,2,1.2,1,12,9.43,113.0
Roseville,Paustis Wine,Bread & Butter Chardonnay 750ml,850832004260,3,1.8,1,12,8.5,102.0
Roseville,Paustis Wine,Libretto Pinot Gris 750ml,400000014296,5,1.8,1,12,4.57,55.0
Roseville,Paustis Wine,Papi Red Blend 750ml,853936007700,17,1.8,2,24,4.4,106.0
Roseville,Paustis Wine,Papi Sweet Red 750ml,850061597120,5,1.9,1,12,4.4,53.0
Roseville,Paustis Wine,Natural Origins Cabernet 3L Box,879716002024,2,2.1,1,6,14.42,87.0
Roseville,Paustis Wine,Castle Rock Cuvee Pinot Noir 750ml,083837006261,4,2.4,1,12,6.14,74.0
Roseville,Paustis Wine,Trapiche Oak Cask Malbec 750ml,089744402547,2,2.9,1,12,6.69,80.0
Roseville,Paustis Wine,Papi Cabernet Sauvignon 750ml,893828001003,22,2.9,1,12,4.41,53.0
Roseville,Paustis Wine,Papi Rose 750ml,853936007427,3,3.2,1,12,4.4,53.0
Roseville,Paustis Wine,Gazela Vinho Verde,739949010404,4,3.4,1,12,4.79,58.0
Roseville,Paustis Wine,Papi Moscato 750ml,858962004242,11,3.6,1,12,4.4,53.0
Roseville,Phillips Wine & Spirits - St. Paul,Bota Box Nighthawk Black Lush Pinot Noir 3L Box,082242016094,0,0.0,1,3,14.67,44.0
Roseville,Phillips Wine & Spirits - St. Paul,Bota Box Breeze Sauvignon Blanc 3L Box,082242016827,0,0.0,1,3,14.67,44.0
Roseville,Phillips Wine & Spirits - St. Paul,Rashi Claret 750ml,087752008454,0,0.0,1,12,7.62,91.0
Roseville,Phillips Wine & Spirits - St. Paul,The Crossings Sauvignon Blanc 750ml,831869000012,0,0.0,1,12,8.47,102.0
Roseville,Phillips Wine & Spirits - St. Paul,Hess Select Chardonnay 750ml,717888520024,0,0.0,1,12,6.87,82.0
Roseville,Phillips Wine & Spirits - St. Paul,Daily's Margarita RTD Frozen 10oz,074806184103,0,0.0,1,24,1.56,37.0
Roseville,Phillips Wine & Spirits - St. Paul,Bota Box Redvolution 500ml,082242010832,1,0.3,2,24,3.33,80.0
Roseville,Phillips Wine & Spirits - St. Paul,Sutter Home Pinot Grigio 187ml,08501422,2,0.5,3,18,4.95,89.0
Roseville,Phillips Wine & Spirits - St. Paul,Daily's Jamaican RTD Frozen 10oz,074806189405,3,1.1,1,24,1.55,37.0
Roseville,Phillips Wine & Spirits - St. Paul,Yellow Tail Cab Merlot 1.5L,031259014050,3,1.2,2,12,8.15,98.0
Roseville,Phillips Wine & Spirits - St. Paul,SeaGlass Pinot Gris 750ml,085200005796,4,1.4,1,12,7.48,90.0
Roseville,Phillips Wine & Spirits - St. Paul,Bota Box Nighthawk GD Chardonnay 3L Box,082242015691,2,1.7,1,3,14.52,44.0
Roseville,Phillips Wine & Spirits - St. Paul,Bota Box Chardonnay 3L Box,082242011051,6,1.7,3,9,14.67,132.0
Roseville,Phillips Wine & Spirits - St. Paul,Bota Box NightHawk Red Blend 3L Box,082242013741,7,1.7,4,12,14.67,176.0
Roseville,Phillips Wine & Spirits - St. Paul,Sutter Home Cab Sauv 187ml,08500520,4,1.7,1,6,4.91,29.0
Roseville,Phillips Wine & Spirits - St. Paul,Bota Box Nighthawk Gold Sauv Blanc 3L Box,082242016049,3,1.8,2,6,14.67,88.0
Roseville,Phillips Wine & Spirits - St. Paul,Bota Box Pinot Grigio 500ml,082242013314,6,1.8,1,12,0.91,11.0
Roseville,Phillips Wine & Spirits - St. Paul,Bota Box Nighthawk Black Malbec 3L Box,082242017657,2,2.1,1,3,14.67,44.0
Roseville,Phillips Wine & Spirits - St. Paul,Bota Box Nighthawk Blk Bourbon Cabernet 3L Box,082242016063,3,2.1,1,3,14.67,44.0
Roseville,Phillips Wine & Spirits - St. Paul,Fre Chardonnay N/A 187ml 4pk,196383001946,1,2.1,1,6,7.67,46.0
Roseville,Phillips Wine & Spirits - St. Paul,Yellow Tail Big Bold Red 1.5L,839743001490,2,2.1,1,6,7.78,47.0
Roseville,Phillips Wine & Spirits - St. Paul,Sutter Home White Zinfandel 187ml,08500928,9,2.3,2,12,4.94,59.0
Roseville,Phillips Wine & Spirits - St. Paul,Bota Box Sauvignon Blanc 3L Box,082242012935,15,2.6,3,9,14.67,132.0
Roseville,Phillips Wine & Spirits - St. Paul,Sutter Home Chardonnay 187ml,08500627,3,2.6,1,6,4.86,29.0
Roseville,Phillips Wine & Spirits - St. Paul,Bota Box Nighthawk Black Cab Sauv 3L Box,082242014380,2,2.9,1,3,14.67,44.0
Roseville,Phillips Wine & Spirits - St. Paul,Bota Box Dry Rose 3L Box,082242014373,6,2.9,1,3,14.67,44.0
Roseville,Phillips Wine & Spirits - St. Paul,Bogle Juggernaut Sauvignon Blanc 750ml,080887551086,2,2.9,1,12,10.39,125.0
Roseville,Phillips Wine & Spirits - St. Paul,Starling Castle Riesling 750ml,084279973944,6,2.9,1,12,5.73,69.0
Roseville,Phillips Wine & Spirits - St. Paul,Fre Pinot Grigio N/A 750ml,08572624,3,3.2,1,12,6.49,78.0
Roseville,Phillips Wine & Spirits - St. Paul,Sutter Home Sauvignon Blanc 187ml,085200718740,17,3.5,1,6,4.99,30.0
Roseville,Phillips Wine & Spirits - St. Paul,Bota Box Cabernet Sauvignon 3L Box,082242010450,5,3.6,1,3,42.76,128.0
Roseville,Rue 38 LLC,Bryn Mawr WV Chardonnay 750ml,850004656044,0,0.0,1,12,14.0,168.0
Roseville,Rue 38 LLC,Lopez de Haro Rioja Reserva,8437007162196,0,0.0,1,12,11.76,141.0
Roseville,Rue 38 LLC,Les Cardonnieres Provence Rose 750ml,3342512142104,5,2.7,1,12,9.33,112.0
Roseville,Rue 38 LLC,Three Otters Pinot Noir 750ml,040232243646,6,3.2,1,12,13.33,160.0
Roseville,Rue 38 LLC,The Little Sheep Sauvignon Blanc 750ml,015643699252,5,3.6,1,12,8.26,99.0
Roseville,Small Lot MN,Woolpack Sauvignon Blanc 750ml,8570988003068,0,0.0,1,12,9.83,118.0
Roseville,Small Lot MN,Maison Noir 'Sheeps Clothing' Cab Sauv 750ml,856782007252,2,2.1,1,12,13.33,160.0
Roseville,Small Lot MN,Colle Corviano Pinot Grigio 750ml,181856000250,11,2.8,1,12,7.33,88.0
Roseville,Southern Glazer's Wine & Spirits of MN,Woodbridge Sauv Blanc 1.5L,086003863866,0,0.0,2,12,7.48,90.0
Roseville,Southern Glazer's Wine & Spirits of MN,The Federalist Honest Red Blend 750ml,086891086132,0,0.0,1,12,11.01,132.0
Roseville,Southern Glazer's Wine & Spirits of MN,Dashwood Sauvignon Blanc 750ml,722358360109,0,0.0,1,12,8.99,108.0
Roseville,Southern Glazer's Wine & Spirits of MN,Chateau Ste Michelle Sauvignon Blanc 750ml,088586630989,2,0.6,1,12,7.96,96.0
Roseville,Southern Glazer's Wine & Spirits of MN,The Federalist Cab 750ml,086891083186,1,0.7,1,12,11.04,132.0
Roseville,Southern Glazer's Wine & Spirits of MN,Beringer Main & Vine Pinot Grigio 750ml,089819760091,1,0.7,1,12,3.5,42.0
Roseville,Southern Glazer's Wine & Spirits of MN,Charles Smith Kung Fu Girl Riesling 750ml,083120015048,2,0.9,1,12,7.53,90.0
Roseville,Southern Glazer's Wine & Spirits of MN,Cooks Brut 1.5L,083804043152,1,1.1,1,6,10.33,62.0
Roseville,Southern Glazer's Wine & Spirits of MN,Chateau Ste Michelle Rose 750ml,088586009327,1,1.1,1,12,7.42,89.0
Roseville,Southern Glazer's Wine & Spirits of MN,CSM Indian Wells Chardonnay 750ml,088586659935,1,1.1,1,12,11.63,140.0
Roseville,Southern Glazer's Wine & Spirits of MN,Beringer Main & Vine Merlot 750ml,089819068241,1,1.1,1,12,3.51,42.0
Roseville,Southern Glazer's Wine & Spirits of MN,CSM Indian Wells Cabernet 750ml,088586001864,3,1.1,1,12,11.93,143.0
Roseville,Southern Glazer's Wine & Spirits of MN,14 Hands Cabernet Sauvignon 750ml,088586001895,2,1.7,1,12,7.29,88.0
Roseville,Southern Glazer's Wine & Spirits of MN,Woodbridge Cab Sauv 1.5L,086003813854,3,2.1,1,6,11.31,68.0
Roseville,Southern Glazer's Wine & Spirits of MN,Chalk Hill Sonoma Chardonnay 750ml,016236000028,1,2.1,1,12,13.33,160.0
Roseville,Southern Glazer's Wine & Spirits of MN,Gruet Blanc de Noirs 750ml,701253003007,1,2.1,1,12,10.77,129.0
Roseville,Southern Glazer's Wine & Spirits of MN,Harvey's Bristol Cream 750ml,8569500008043,2,2.1,1,12,10.36,124.0
Roseville,Southern Glazer's Wine & Spirits of MN,Chateau Ste Michelle Riesling 750ml,088586621840,4,2.4,1,12,4.04,48.0
Roseville,Southern Glazer's Wine & Spirits of MN,Banshee Pinot Noir 750ml,853868006024,5,2.7,1,12,13.53,162.0
Roseville,Southern Glazer's Wine & Spirits of MN,Chalk Hill Sonoma Pinot Noir 750ml,016236000042,2,2.9,1,12,11.39,137.0
Roseville,Southern Glazer's Wine & Spirits of MN,Rutherford Hill Merlot 750ml,086891028927,2,2.9,1,12,22.58,271.0
Roseville,Southern Glazer's Wine & Spirits of MN,Campo Viejo Reserva 750ml,852832104810,4,3.4,1,12,9.42,113.0
Roseville,Southern Glazer's Wine & Spirits of MN,Chateau Ste Michelle Cabernet Sauvignon 750ml,088586601835,7,3.8,1,12,10.21,123.0
Roseville,Southern Glazer's Wine & Spirits of MN,Chateau Ste Michelle Merlot 750ml,088586602832,12,4.0,1,12,10.08,121.0
Roseville,Southern Glazer's Wine & Spirits of MN,CSM Indian Wells Merlot 750ml,088586607912,12,4.0,1,12,12.04,145.0
Roseville,The Wine Company,Raza Vinho Verde 750ml,5600379041236,1,0.5,1,12,5.75,69.0
Roseville,The Wine Company,Flying Feet Cabernet Sauvignon 750ml,859551001772,5,1.1,2,24,6.0,144.0
Roseville,The Wine Company,La Vieille Ferme Rose 3L Box,089419000160,3,1.6,1,6,18.67,112.0
Roseville,The Wine Company,Hakutsuru Superior Junmai Ginjo Sake 300ml,747846010021,2,1.7,1,12,6.58,79.0
Roseville,The Wine Company,La Vieille Ferme Rose 750ml,089419000177,23,2.8,1,12,6.89,83.0
Roseville,"Tradition Wine & Spirits, LLC",Field Recordings Freddo Sangiovese 750ml,637405073270,1,2.1,1,12,14.51,174.0
Roseville,"Vinocopia, Inc",Bouchard VDP Chardonnay 750ml,011699007126,0,0.0,1,12,8.53,102.0
Roseville,"Vinocopia, Inc",Bouchard VDP Pinot Noir 750ml,011699014933,0,0.0,1,12,8.3,100.0
Roseville,"Vinocopia, Inc",Florio Dry Marsala 750ml,8004730005108,1,2.1,1,12,10.0,120.0
Roseville,"Vinocopia, Inc",Han Jan Mandarin Orange 375ml,8809018211758,3,2.6,1,20,4.29,86.0
Roseville,"Vinocopia, Inc",Lapis Luna Zinfandel 750ml,860115002449,4,2.9,1,12,8.0,96.0
Roseville,,Patton Valley PTG 750ml,400000000794,0,0.0,1,1,18.33,18.0
St. Louis Park,Bellboy Corporation,Contessa Asti 750ml,8003030878122,-1,-4.3,1,12,5.82,70.0
St. Louis Park,Bellboy Corporation,90+ Cellars Lot 210 Paso Robles Cabernet Sauvignon  750ml,810879020838,-1,-0.1,4,48,8.58,412.0
St. Louis Park,Bellboy Corporation,Vina Palaciega Cava Brut Rose 750ml,763955703722,0,0.0,1,12,7.0,84.0
St. Louis Park,Bellboy Corporation,Ch d'Astros ABSOLU Cotes d Provence Rose 750ml,860008268624,0,0.0,1,12,15.5,186.0
St. Louis Park,Bellboy Corporation,Chateau Poesia St Emilion 2020 750ml,400000023847,0,0.0,1,12,5.5,66.0
St. Louis Park,Bellboy Corporation,La Clef du Recit Menetou Salon 750ml,3760057930039,0,0.0,1,12,13.14,158.0
St. Louis Park,Bellboy Corporation,90+ Cellars Lambrusco 750ml,810879021477,0,0.0,2,24,6.43,154.0
St. Louis Park,Bellboy Corporation,90+ Cellars DOC Prosecco Lot 50 (single) 187ml,810879020630,0,0.0,4,96,2.71,261.0
St. Louis Park,Bellboy Corporation,90+ Cellars Rose 750ml,894655001518,12,0.6,6,72,6.61,476.0
St. Louis Park,Bellboy Corporation,90+ Cellars Russian River Chardonnay Lot 130 750ml,810879020593,2,0.7,1,12,8.69,104.0
St. Louis Park,Bellboy Corporation,90+ Cellars Lot 162 Cotes Du Rhone 750ml,894655001488,2,1.0,1,12,6.51,78.0
St. Louis Park,Bellboy Corporation,"90+ Cellars 2022 Lot 215 Orange, Abruzzo, Italy 750ml",810879024898,6,1.6,1,12,8.44,101.0
St. Louis Park,Bellboy Corporation,90+ Cellars Big Red Blend Lot 113 750ml,810879020104,7,1.9,1,12,6.53,78.0
St. Louis Park,Bellboy Corporation,90+ Cellars Cab Sauv Rutherford/Napa 750ml,894655001259,1,2.1,1,12,13.1,157.0
St. Louis Park,Bellboy Corporation,90+ Cellars Chianti Riserva DOCG,810879020883,10,2.3,1,12,6.46,78.0
St. Louis Park,Bellboy Corporation,"90+ Cellars Sauvignon Blanc, IGP Val de Loire Lot 213 750ml",810879023969,10,2.5,1,12,9.31,112.0
St. Louis Park,Bellboy Corporation,90+ Cellars RR Pinot Noir 750ml,894655001945,20,2.6,1,12,10.28,123.0
St. Louis Park,Bellboy Corporation,90+ Cellars Chardonnay 750ml,810879020302,16,2.7,1,12,6.61,79.0
St. Louis Park,Bellboy Corporation,"90+ Cellars Lot 193 Pinot Noir, Eola-Amity 750ml",810879021958,5,3.1,1,12,10.17,122.0
St. Louis Park,Bellboy Corporation,90+ Cellars Lot 126 Sancerre 750ml,810879020357,10,3.1,1,12,19.78,237.0
St. Louis Park,Bellboy Corporation,90+ Cellars Lot 175 Rioja,810879021538,13,3.1,1,12,6.58,79.0
St. Louis Park,Bellboy Corporation,Chateau Grand Puy Ducasse Pauillac 2020 750ml,400000023748,3,3.2,1,12,32.33,388.0
St. Louis Park,Bellboy Corporation,90+ Cellars Old Vine Malbec 750ml,894655001426,15,3.6,1,12,6.57,79.0
St. Louis Park,Bellboy Corporation,90+ Cellars Sauvignon Blanc Marlborough 750ml,894655001037,56,3.6,1,12,6.49,78.0
St. Louis Park,Bellboy Corporation,90+ Cellars RRV Rose of Pinot Noir Lot 238 750ml,810204640892,11,3.9,1,12,9.67,116.0
St. Louis Park,Bellboy Corporation,90+ Cellars Cab Sauv California Lot 225 750ml,894655001716,23,3.9,1,12,6.6,79.0
St. Louis Park,"Bourget Imports, LLC",Sainte-Anne Pinot Noir 750ml,638729001017,-1,-1.1,1,12,6.47,78.0
St. Louis Park,"Bourget Imports, LLC",Pacific Sound Pinot Noir 750ml,7801222923879,0,0.0,1,12,6.0,72.0
St. Louis Park,"Bourget Imports, LLC",Lone Birch Chardonnay 750ml,891240001588,0,0.0,1,12,8.95,107.0
St. Louis Park,"Bourget Imports, LLC",Dom du Rin du Bois Touraine 750ml,670541779309,1,0.7,1,12,5.25,63.0
St. Louis Park,"Bourget Imports, LLC",Sta Maria La Palma Aragosta Vermentino,8001487001100,12,1.0,4,48,11.06,531.0
St. Louis Park,"Bourget Imports, LLC",Pacific Sound Sauvignon Blanc 750ml,7801222923602,10,1.8,2,24,5.68,136.0
St. Louis Park,"Bourget Imports, LLC",Vinada Sparkling Rose Mini N/A 200ml,860007770234,2,2.1,1,24,4.44,106.0
St. Louis Park,"Bourget Imports, LLC",Sainte-Anne Cabernet Sauvignon 750ml,638729001338,14,3.8,1,12,6.48,78.0
St. Louis Park,"Breakthru Beverage Minnesota Wine & Spirits, LLC",Creamery Cabernet Sauvignon 750ml,847159003588,0,0.0,1,12,7.58,91.0
St. Louis Park,"Breakthru Beverage Minnesota Wine & Spirits, LLC",Une Femme The Betty Sparkling 250ml,860002633039,1,0.5,1,24,3.0,72.0
St. Louis Park,"Breakthru Beverage Minnesota Wine & Spirits, LLC",Duckhorn Napa Valley Chardonnay 750ml,669576020548,1,0.6,1,12,23.38,281.0
St. Louis Park,"Breakthru Beverage Minnesota Wine & Spirits, LLC",Sonoma Cutrer Chardonnay 750ml,769611454441,15,1.4,3,36,15.41,555.0
St. Louis Park,"Breakthru Beverage Minnesota Wine & Spirits, LLC",Une Femme Chardonnay Can 250ml,850040686166,3,1.8,1,24,3.0,72.0
St. Louis Park,"Breakthru Beverage Minnesota Wine & Spirits, LLC",Substance Cabernet Sauvignon 750ml,184745003004,4,1.9,1,12,10.13,122.0
St. Louis Park,"Breakthru Beverage Minnesota Wine & Spirits, LLC",Une Femme Red Blend Can 250ml,850040686029,3,3.2,1,24,3.0,72.0
St. Louis Park,"Breakthru Beverage Minnesota Wine & Spirits, LLC",Greenwing Pinot Noir 750ml,669576040430,4,3.4,1,12,12.0,144.0
St. Louis Park,"Breakthru Beverage Minnesota Wine & Spirits, LLC",Frank Family Chardonnay 750ml,894910000102,5,3.6,1,12,11.19,134.0
St. Louis Park,"Grape Beginnings, Inc.",Zenato Pinot Grigio 750ml,098709434004,2,2.9,1,12,9.53,114.0
St. Louis Park,"Grape Beginnings, Inc.",Brown Estate House of Brown Chardonnay 750ml,855690005336,2,2.9,1,12,11.91,143.0
St. Louis Park,"Grape Beginnings, Inc.",Austin Cabernet Sauvignon 750ml,657891720915,13,3.5,1,12,15.01,180.0
St. Louis Park,Johnson Brothers - St. Paul,Jinro Strawberry 375ml,605779976251,-1,-0.5,1,20,3.66,73.0
St. Louis Park,Johnson Brothers - St. Paul,Barefoot Pink Moscato 3L Box,085000031346,0,0.0,1,6,14.0,84.0
St. Louis Park,Johnson Brothers - St. Paul,Barefoot Pear Moscato 1.5L,085000037614,0,0.0,1,6,8.18,49.0
St. Louis Park,Johnson Brothers - St. Paul,Barefoot Pineapple Moscato 750ml,085000033319,0,0.0,1,12,4.35,52.0
St. Louis Park,Johnson Brothers - St. Paul,Taylor Cream Sherry 750ml,088940000175,0,0.0,1,12,6.52,78.0
St. Louis Park,Johnson Brothers - St. Paul,J Vineyards Chardonnay 750ml,724624001075,0,0.0,1,12,15.05,181.0
St. Louis Park,Johnson Brothers - St. Paul,Coppola Diamond Shimmer White Blend 750ml,082242018340,0,0.0,1,12,8.67,104.0
St. Louis Park,Johnson Brothers - St. Paul,Jinro Grapefruit 375ml,712166833278,0,0.0,1,20,3.87,77.0
St. Louis Park,Johnson Brothers - St. Paul,Jinro Green Grape 375ml,605779976084,0,0.0,1,20,4.83,97.0
St. Louis Park,Johnson Brothers - St. Paul,Jinro Classic Soju 20.1% 375ml,795652200501,0,0.0,1,20,3.94,79.0
St. Louis Park,Johnson Brothers - St. Paul,LaMarca Prosecco 187ml,085000022436,0,0.0,1,24,3.24,78.0
St. Louis Park,Johnson Brothers - St. Paul,Jinro Plum 375ml,605779976206,1,0.3,1,20,4.6,92.0
St. Louis Park,Johnson Brothers - St. Paul,Jinro Chamisul Classico Soju 20.1% 750ml,795652200518,1,0.6,1,12,8.96,108.0
St. Louis Park,Johnson Brothers - St. Paul,Black Box Chardonnay 500ml,081434000309,8,0.6,4,48,3.33,160.0
St. Louis Park,Johnson Brothers - St. Paul,Josh Cellars Rose 750ml,031259001043,1,0.7,1,12,8.45,101.0
St. Louis Park,Johnson Brothers - St. Paul,Ballatore Gran Spumante 750ml,085000007570,2,0.7,1,12,6.67,80.0
St. Louis Park,Johnson Brothers - St. Paul,Clos Du Bois Buttery Chardonnay 750ml,085000034149,1,0.9,1,12,7.33,88.0
St. Louis Park,Johnson Brothers - St. Paul,Black Box Buttery Chard 500ml Tetra 500ml,085000033388,5,1.0,2,24,3.33,80.0
St. Louis Park,Johnson Brothers - St. Paul,Jinro Chamisul Melon 375ml,197644942299,4,1.0,1,20,3.49,70.0
St. Louis Park,Johnson Brothers - St. Paul,Black Box Cab Sauv 500ml,081434000293,5,1.1,2,24,3.33,80.0
St. Louis Park,Johnson Brothers - St. Paul,Apothic Red 750ml,085000017746,12,1.3,3,36,4.83,174.0
St. Louis Park,Johnson Brothers - St. Paul,Peter Vella Merlot 5L Box,085000003015,1,1.4,1,4,13.06,52.0
St. Louis Park,Johnson Brothers - St. Paul,Barefoot Pinot Grigio 3L Box,085000022955,1,1.4,1,6,13.99,84.0
St. Louis Park,Johnson Brothers - St. Paul,Black Box Deep Dark Cabernet 3L Box,085000034552,2,1.4,1,6,14.02,84.0
St. Louis Park,Johnson Brothers - St. Paul,J Vineyards Pinot Gris 750ml,724624116090,1,1.4,1,12,12.68,152.0
St. Louis Park,Johnson Brothers - St. Paul,Nobilo Sauv Blanc 750ml,081434315304,7,1.6,1,12,8.0,96.0
St. Louis Park,Johnson Brothers - St. Paul,Barefoot Pinot Grigio 750ml,085000014448,2,1.7,1,12,4.32,52.0
St. Louis Park,Johnson Brothers - St. Paul,Black Box Sauvignon Blanc 3L Box,082100738397,29,2.0,5,30,15.96,479.0
St. Louis Park,Johnson Brothers - St. Paul,Barefoot Chardonnay 1.5L,018341151053,2,2.1,1,6,8.12,49.0
St. Louis Park,Johnson Brothers - St. Paul,Bev Glam Sparkling Rose 4pk 250ml,850026120011,2,2.1,1,6,12.46,75.0
St. Louis Park,Johnson Brothers - St. Paul,Barefoot Sauvignon Blanc 3L Box,085000031001,4,2.1,1,6,14.0,84.0
St. Louis Park,Johnson Brothers - St. Paul,Whitehaven Sauv Blanc 375ml,085000028698,1,2.1,1,12,8.0,96.0
St. Louis Park,Johnson Brothers - St. Paul,Chemistry Chardonnay 750ml,640656000674,1,2.1,1,12,10.04,120.0
St. Louis Park,Johnson Brothers - St. Paul,Black Box Cab Sauv 3L Box,081434000033,26,2.3,4,24,13.58,326.0
St. Louis Park,Johnson Brothers - St. Paul,Black Box Pinot Noir 500ml,081434710055,6,2.3,1,12,3.33,40.0
St. Louis Park,Johnson Brothers - St. Paul,Black Box Pinot Noir 3L Box,081434710017,12,2.7,1,6,4.77,29.0
St. Louis Park,Johnson Brothers - St. Paul,Black Box Tart Tangy Sauvignon Blanc 3L Box,085000034569,11,2.9,1,6,12.32,74.0
St. Louis Park,Johnson Brothers - St. Paul,Prophecy Pinot Noir 750ml,085000023105,4,2.9,1,12,7.31,88.0
St. Louis Park,Johnson Brothers - St. Paul,Josh Cellars Pinot Grigio 750ml,031259001456,12,2.9,1,12,8.91,107.0
St. Louis Park,Johnson Brothers - St. Paul,Black Box Sauvignon Blanc 500ml Tetra 500ml,085000033395,13,2.9,1,12,3.33,40.0
St. Louis Park,Johnson Brothers - St. Paul,LaMarca Prosecco 3 Pack 187ml,085000322437,15,3.1,1,8,9.83,79.0
St. Louis Park,Johnson Brothers - St. Paul,Josh Cellars Legacy Red Blend 750ml,031259048024,5,3.1,1,12,10.29,123.0
St. Louis Park,Johnson Brothers - St. Paul,Black Box Rose Tetra 500ml,081434710161,5,3.1,1,12,3.33,40.0
St. Louis Park,Johnson Brothers - St. Paul,Alamos Malbec 750ml,085000018194,5,3.1,1,12,8.67,104.0
St. Louis Park,Johnson Brothers - St. Paul,Coppola Diamond Claret 750ml,739958974001,5,3.1,1,12,4.75,57.0
St. Louis Park,Johnson Brothers - St. Paul,Black Box Pinot Grigio 500ml,081434700209,15,3.1,1,12,3.33,40.0
St. Louis Park,Johnson Brothers - St. Paul,Black Box Reserve Sauv Blanc 3L Box,085000042403,3,3.2,1,4,20.0,80.0
St. Louis Park,Johnson Brothers - St. Paul,Black Box Riesling 3L Box,082100738359,3,3.2,1,6,18.31,110.0
St. Louis Park,Johnson Brothers - St. Paul,Black Box Chardonnay 3L Box,081434000040,27,3.2,2,12,10.42,125.0
St. Louis Park,Johnson Brothers - St. Paul,Hahn Pinot Noir 750ml,086788888023,3,3.2,1,12,9.0,108.0
St. Louis Park,Johnson Brothers - St. Paul,Josh Cellars Pinot Noir 750ml,031259046952,10,3.3,1,12,9.65,116.0
St. Louis Park,Johnson Brothers - St. Paul,Barefoot Riesling 750ml,085000015810,4,3.4,1,12,4.33,52.0
St. Louis Park,Johnson Brothers - St. Paul,J Vineyards Pinot Noir 750ml,724624001006,8,3.4,1,12,15.3,184.0
St. Louis Park,Johnson Brothers - St. Paul,Nobilo Sauvignon Blanc 200ml,085000041796,10,3.6,1,24,2.0,48.0
St. Louis Park,Johnson Brothers - St. Paul,Apothic Red 200ml,085000043127,11,3.6,1,24,2.0,48.0
St. Louis Park,Johnson Brothers - St. Paul,Black Box Buttery Chardonnay 3L Box,085000033371,7,3.8,1,6,14.48,87.0
St. Louis Park,Johnson Brothers - St. Paul,Yes Way Rose 750ml,084279002156,40,3.8,1,12,10.08,121.0
St. Louis Park,Johnson Brothers - St. Paul,Starborough Sauvignon Blanc 750ml,085000016602,10,3.9,1,12,8.61,103.0
St. Louis Park,Johnson Brothers - St. Paul,Barefoot Chardonnay 750ml,018341751055,11,3.9,1,12,4.4,53.0
St. Louis Park,Libation Project,Pavette Cabernet Sauvignon 750ml,853868006703,0,0.0,1,12,9.28,111.0
St. Louis Park,Libation Project,Tembo Pinot Noir 750ml,860001082616,2,2.1,1,12,10.45,125.0
St. Louis Park,Libation Project,Ercole Monferratto Rosso Liter,678113000165,8,2.1,1,12,11.33,136.0
St. Louis Park,Libation Project,Ercole Rose DOC Liter,678113000172,11,2.9,1,12,11.19,134.0
St. Louis Park,"Maverick Beverage Co., LLC - MN",Andrew Paso Robles Organic Syrah 750ml,628176930053,-1,-4.3,1,12,17.33,208.0
St. Louis Park,"Maverick Beverage Co., LLC - MN",Whitehall Lane Sonoma Stage Pinot Noir Petaluma Gap 750ml,011628610052,0,0.0,1,12,16.0,192.0
St. Louis Park,"Maverick Beverage Co., LLC - MN",Vina Viejas Garnacha,8410451009446,0,0.0,1,12,7.89,95.0
St. Louis Park,"Maverick Beverage Co., LLC - MN",Stolpman Unfiltered Sauvignon Blanc 750ml,890095000913,0,0.0,1,12,18.67,224.0
St. Louis Park,"Maverick Beverage Co., LLC - MN",Klinker Brick Cab Sauv 750ml,853739000175,1,0.3,2,24,13.28,319.0
St. Louis Park,"Maverick Beverage Co., LLC - MN",Les Allies Brut 750ml,763955409204,6,1.2,2,24,7.03,169.0
St. Louis Park,"Maverick Beverage Co., LLC - MN",Semeli Feast Moschofilero 750ml,5201299505510,1,2.1,1,12,8.0,96.0
St. Louis Park,"Maverick Beverage Co., LLC - MN",Cerro Anon Rioja Reserva,8411423031113,3,2.6,1,12,12.97,156.0
St. Louis Park,"Maverick Beverage Co., LLC - MN",Klinker Brick Farrah Syrah 750ml,853739000038,3,2.6,1,12,13.84,166.0
St. Louis Park,"Maverick Beverage Co., LLC - MN",Stolpman Love You Bunches Sangiovese 750ml,890095000159,3,2.6,1,12,13.6,163.0
St. Louis Park,"Maverick Beverage Co., LLC - MN",Acinum Prosecco 750ml,716898964415,14,3.2,1,12,7.0,84.0
St. Louis Park,"Maverick Beverage Co., LLC - MN",Klinker Brick Brickmason Red 750ml,853739000212,7,3.3,1,12,4.72,57.0
St. Louis Park,"New France Wine Co, Inc",Remelluri Rioja San Vicente 750ml,664841014048,0,0.0,1,12,20.55,247.0
St. Louis Park,"New France Wine Co, Inc",Bixigu Getariako Txakolina Blanco 750ml,8500218236106,0,0.0,1,12,14.0,168.0
St. Louis Park,"New France Wine Co, Inc","Two Dogs, A Peacock & A Horse Sauvignon Blanc 750ml",700083319661,0,0.0,1,12,13.14,158.0
St. Louis Park,"New France Wine Co, Inc",Pike Road Willamette Valley Pinot Noir 750ml,083648000182,0,0.0,2,24,12.44,299.0
St. Louis Park,"New France Wine Co, Inc",G. D. Vajra Barolo Albe,695798111023,1,1.1,1,12,26.67,320.0
St. Louis Park,"New France Wine Co, Inc",Wiley Wines Carignan 750ml,400000025607,1,1.4,1,12,16.0,192.0
St. Louis Park,"New France Wine Co, Inc",G. D. Vajra Langhe Rosso,695798115328,3,2.1,1,12,11.76,141.0
St. Louis Park,"New France Wine Co, Inc",Pullus Pinot Grigio 750ml,3830000654395,4,2.4,1,12,11.98,144.0
St. Louis Park,"New France Wine Co, Inc",Dom Daulny Sancerre,815102000526,4,3.4,1,12,21.19,254.0
St. Louis Park,Oxford Street Merchants,Mer Soleil Rsv Chardonnay 375ml,710909510103,-3,-2.1,1,12,8.25,99.0
St. Louis Park,Oxford Street Merchants,Shania Cabernet Sauvignon 3L Box,851115002874,0,0.0,1,3,8.17,24.0
St. Louis Park,Oxford Street Merchants,By Ott Rose 750ml,734599240058,0,0.0,1,12,16.5,198.0
St. Louis Park,Oxford Street Merchants,Rombauer Zinfandel 750ml,097921978105,0,0.0,1,12,29.85,358.0
St. Louis Park,Oxford Street Merchants,Raeburn Chardonnay 750ml,851718000970,0,0.0,1,12,11.73,141.0
St. Louis Park,Oxford Street Merchants,Caymus Napa Cabernet 375ml,017224510109,1,0.9,1,12,30.0,360.0
St. Louis Park,Oxford Street Merchants,Pine Ridge Chen Blanc/Viognier 750ml,000579000098,15,1.5,3,36,6.54,235.0
St. Louis Park,Oxford Street Merchants,Angeline Chardonnay 750ml,729722700271,3,1.8,1,12,8.01,96.0
St. Louis Park,Oxford Street Merchants,Underwood Bubbles 355ml,856036001098,22,1.9,3,36,4.63,167.0
St. Louis Park,Oxford Street Merchants,Whispering Angel Rose 750ml,081753833916,22,2.1,2,24,9.91,238.0
St. Louis Park,Oxford Street Merchants,Seghesio Zinfandel 750ml,088254758724,4,2.4,1,12,14.06,169.0
St. Louis Park,Oxford Street Merchants,Angeline Pinot Noir 750ml,729722700127,10,2.7,1,12,5.48,66.0
St. Louis Park,Oxford Street Merchants,Bonanza Vinekeeper Napa Cabernet 750ml,017224710219,2,2.9,1,12,22.65,272.0
St. Louis Park,Oxford Street Merchants,Old Soul Cabernet Sauvignon 750ml,082544990528,2,2.9,1,12,7.52,90.0
St. Louis Park,Oxford Street Merchants,Underwood Rose Bubbles 375ml,856036001197,38,2.9,2,24,1.71,41.0
St. Louis Park,Oxford Street Merchants,Belle Glos Dairyman Pinot Noir 750ml,855622000811,7,3.3,1,12,31.87,382.0
St. Louis Park,Oxford Street Merchants,Chandon Rose 750ml,085155000402,8,3.4,1,12,18.67,224.0
St. Louis Park,Oxford Street Merchants,Pizzolato Muse Rose 750ml,185554000062,5,3.6,1,12,9.54,114.0
St. Louis Park,Oxford Street Merchants,Emmolo Sauvignon Blanc 375ml,831526000638,5,3.6,1,12,7.0,84.0
St. Louis Park,Oxford Street Merchants,Chandon Brut Cuvee 750ml,085155000013,46,3.6,1,12,13.72,165.0
St. Louis Park,Oxford Street Merchants,Rombauer Sauvignon Blanc 750ml,097921877101,6,3.7,1,12,13.86,166.0
St. Louis Park,Oxford Street Merchants,The Beach Rose 750ml,081753833909,32,3.7,1,12,13.08,157.0
St. Louis Park,Oxford Street Merchants,Pizzolato Cabernet 750ml,185554000352,11,3.9,1,12,3.99,48.0
St. Louis Park,Paustis Wine,Winehaven Cranberry Wine,052392122075,0,0.0,1,12,10.65,128.0
St. Louis Park,Paustis Wine,Papi Sweet Apple 750ml,850061597106,0,0.0,1,12,4.4,53.0
St. Louis Park,Paustis Wine,Papi Pink Moscato 750ml,858962004860,0,0.0,1,12,4.4,53.0
St. Louis Park,Paustis Wine,Libretto Pinot Gris 750ml,400000014296,0,0.0,1,12,4.57,55.0
St. Louis Park,Paustis Wine,Papi Cabernet Sauvignon 750ml,893828001003,0,0.0,2,24,4.41,106.0
St. Louis Park,Paustis Wine,Rivalry & Honor Cabernet Sauvignon Napa 750ml,818051024216,1,1.4,1,12,12.0,144.0
St. Louis Park,Paustis Wine,Libretto Cabernet Sauvignon 750ml,400000005942,1,2.1,1,12,5.28,63.0
St. Louis Park,Paustis Wine,Papi Peach 750ml,850061597069,5,2.1,1,12,4.4,53.0
St. Louis Park,Paustis Wine,Papi Red Blend 750ml,853936007700,12,2.1,1,12,4.4,53.0
St. Louis Park,Paustis Wine,True Myth Chardonnay 750ml,730429950012,15,3.8,1,12,7.5,90.0
St. Louis Park,Phillips Wine & Spirits - St. Paul,Bota Box Breeze Sauvignon Blanc 3L Box,082242016827,0,0.0,2,6,14.67,88.0
St. Louis Park,Phillips Wine & Spirits - St. Paul,Sutter Home Chardonnay 187ml,08500627,0,0.0,3,18,4.86,88.0
St. Louis Park,Phillips Wine & Spirits - St. Paul,Bartenura Prosecco 750ml,087752008126,0,0.0,1,12,12.53,150.0
St. Louis Park,Phillips Wine & Spirits - St. Paul,K J Vintner's Pinot Gris 750ml,081584002154,0,0.0,1,12,10.03,120.0
St. Louis Park,Phillips Wine & Spirits - St. Paul,Bota Box Redvolution 500ml,082242010832,0,0.0,1,12,3.33,40.0
St. Louis Park,Phillips Wine & Spirits - St. Paul,Joel Gott CA Pinot Grigio 750ml,196383006217,0,0.0,1,12,5.17,62.0
St. Louis Park,Phillips Wine & Spirits - St. Paul,Bieler Pere Et Fils Rose 750ml,856622001013,1,0.4,1,12,8.25,99.0
St. Louis Park,Phillips Wine & Spirits - St. Paul,Bogle Juggernaut Sauvignon Blanc 750ml,080887551086,3,0.7,2,24,10.39,249.0
St. Louis Park,Phillips Wine & Spirits - St. Paul,Bota Box Nighthawk Black Cab Sauv 3L Box,082242014380,2,0.8,3,9,14.67,132.0
St. Louis Park,Phillips Wine & Spirits - St. Paul,Menage A Trois Silk 750ml,099988071362,1,0.9,1,12,6.88,83.0
St. Louis Park,Phillips Wine & Spirits - St. Paul,Sutter Home Cab Sauv 187ml,08500520,2,1.1,1,6,4.91,29.0
St. Louis Park,Phillips Wine & Spirits - St. Paul,Bota Box Nighthawk Black Lush Pinot Noir 3L Box,082242016094,2,1.2,2,6,14.67,88.0
St. Louis Park,Phillips Wine & Spirits - St. Paul,Sutter Home Pinot Grigio 187ml,08501422,4,1.2,2,12,4.95,59.0
St. Louis Park,Phillips Wine & Spirits - St. Paul,Coeur de Terre Oregon Pinot Noir 750ml,850315003001,4,1.3,1,12,13.33,160.0
St. Louis Park,Phillips Wine & Spirits - St. Paul,Bota Box NightHawk Red Blend 3L Box,082242013741,1,1.4,1,3,14.67,44.0
St. Louis Park,Phillips Wine & Spirits - St. Paul,Daily's B Hawaiian RTD Frozen 10oz,074806186107,2,1.4,1,24,1.61,39.0
St. Louis Park,Phillips Wine & Spirits - St. Paul,Bota Box Cabernet Sauvignon 3L Box,082242010450,5,1.6,3,9,42.76,385.0
St. Louis Park,Phillips Wine & Spirits - St. Paul,Bota Box Pinot Noir 3L Box,082242012362,7,1.9,3,9,14.67,132.0
St. Louis Park,Phillips Wine & Spirits - St. Paul,Joel Gott Chardonnay 750ml,188985000038,9,1.9,1,12,15.57,187.0
St. Louis Park,Phillips Wine & Spirits - St. Paul,Bota Box Chardonnay 3L Box,082242011051,10,2.0,4,12,14.67,176.0
St. Louis Park,Phillips Wine & Spirits - St. Paul,Bota Box Breeze Pinot Grigio 3L Box,082242016780,5,2.1,2,6,14.67,88.0
St. Louis Park,Phillips Wine & Spirits - St. Paul,Bota Box Pinot Grigio 3L Box,082242013253,10,2.1,3,9,20.51,185.0
St. Louis Park,Phillips Wine & Spirits - St. Paul,Bota Box Sauvignon Blanc 3L Box,082242012935,25,2.1,8,24,14.67,352.0
St. Louis Park,Phillips Wine & Spirits - St. Paul,Psagot Sinai 750ml,087752019207,2,2.1,1,12,20.19,242.0
St. Louis Park,Phillips Wine & Spirits - St. Paul,K J Grand Res Chardonnay 750ml,081584013082,4,2.1,1,12,12.0,144.0
St. Louis Park,Phillips Wine & Spirits - St. Paul,Joel Gott Cab Sauvignon 750ml,188985000137,4,2.1,1,12,6.81,82.0
St. Louis Park,Phillips Wine & Spirits - St. Paul,Daily's Hurricane RTD Frozen 10oz,074806186206,1,2.1,1,24,1.46,35.0
St. Louis Park,Phillips Wine & Spirits - St. Paul,Bota Box Dry Rose 3L Box,082242014373,9,2.4,2,6,14.67,88.0
St. Louis Park,Phillips Wine & Spirits - St. Paul,Bota Box Brightside Sauv Blanc/PG 3L Box,082242018685,3,2.6,1,3,14.67,44.0
St. Louis Park,Phillips Wine & Spirits - St. Paul,Bota Box Redvolution 3L Box,082242016056,17,2.6,4,12,18.77,225.0
St. Louis Park,Phillips Wine & Spirits - St. Paul,Barkan Sauvignon Blanc 750ml,087752008850,3,2.6,1,12,10.0,120.0
St. Louis Park,Phillips Wine & Spirits - St. Paul,Hess Select Cab Sauv 750ml,717888510025,6,2.6,1,12,9.08,109.0
St. Louis Park,Phillips Wine & Spirits - St. Paul,Bota Box Nighthawk Gold Sauv Blanc 3L Box,082242016049,5,2.7,1,3,14.67,44.0
St. Louis Park,Phillips Wine & Spirits - St. Paul,Yellow Tail Pinot Grigio 1.5L,031259009728,2,2.9,1,6,6.18,37.0
St. Louis Park,Phillips Wine & Spirits - St. Paul,Yellow Tail Super Crisp Chard 1.5L,031259032641,3,3.2,1,6,7.72,46.0
St. Louis Park,Phillips Wine & Spirits - St. Paul,Bota Box Brightside Sauv Blanc/PG 500ml,082242018692,4,3.4,1,12,3.33,40.0
St. Louis Park,Phillips Wine & Spirits - St. Paul,Hess Select Chardonnay 750ml,717888520024,11,3.4,1,12,6.87,82.0
St. Louis Park,Phillips Wine & Spirits - St. Paul,Bartenura Moscato 750ml,087752005644,11,3.6,1,12,6.81,82.0
St. Louis Park,Rue 38 LLC,Il Valore Pinot Grigio 750ml,015643744785,9,1.8,1,12,7.08,85.0
St. Louis Park,Rue 38 LLC,Il Valore Chianti DOCG 750ml,015643875687,11,2.0,1,12,7.14,86.0
St. Louis Park,Rue 38 LLC,Monte Degli Angeli Pinot Noir 750ml,648348080003,4,3.4,1,12,9.22,111.0
St. Louis Park,Small Lot MN,Three Brooms Sauvignon Blanc 750ml,857098003020,6,2.6,1,12,13.33,160.0
St. Louis Park,Small Lot MN,Colle Corviano Cerasuolo Rose 750ml,181856000892,15,3.8,1,12,7.01,84.0
St. Louis Park,Small Lot MN,Fritz Muller Rose Spritzer 750ml,767946628643,31,3.8,1,12,13.32,160.0
St. Louis Park,Southern Glazer's Wine & Spirits of MN,Grove Mill Sauvignon Blanc 750ml,836575000066,-1,-0.5,1,12,9.33,112.0
St. Louis Park,Southern Glazer's Wine & Spirits of MN,Il Poggione Brunello di Montalcino,086891076676,0,0.0,1,6,64.66,388.0
St. Louis Park,Southern Glazer's Wine & Spirits of MN,Cooks Brut 1.5L,083804043152,0,0.0,1,6,10.33,62.0
St. Louis Park,Southern Glazer's Wine & Spirits of MN,Woodbridge Sauv Blanc 1.5L,086003863866,0,0.0,1,6,7.48,45.0
St. Louis Park,Southern Glazer's Wine & Spirits of MN,Mionetto Alcohol Removed Sparkling N/A 750ml,816253012628,0,0.0,1,6,10.71,64.0
St. Louis Park,Southern Glazer's Wine & Spirits of MN,Woodbridge Pinot Grigio 1.5L,086003001657,0,0.0,1,6,8.58,51.0
St. Louis Park,Southern Glazer's Wine & Spirits of MN,Kim Crawford Sauvignon Blanc Non Alc 750ml,689352010327,0,0.0,1,12,10.7,128.0
St. Louis Park,Southern Glazer's Wine & Spirits of MN,Chateau Ste Michelle Light Chardonnay  750ml,088586013348,0,0.0,1,12,7.32,88.0
St. Louis Park,Southern Glazer's Wine & Spirits of MN,Dashwood Sauvignon Blanc 750ml,722358360109,0,0.0,1,12,8.99,108.0
St. Louis Park,Southern Glazer's Wine & Spirits of MN,Dreaming Tree Cabernet 750ml,083120014928,0,0.0,1,12,9.28,111.0
St. Louis Park,Southern Glazer's Wine & Spirits of MN,Cooks Extra Dry 750ml,083804047235,0,0.0,1,12,6.0,72.0
St. Louis Park,Southern Glazer's Wine & Spirits of MN,Ferrari Carano Fume Blanc 750ml,742651123102,0,0.0,2,24,9.99,240.0
St. Louis Park,Southern Glazer's Wine & Spirits of MN,Woodbridge Chardonnay 1.5L,086003873889,9,0.6,9,54,6.26,338.0
St. Louis Park,Southern Glazer's Wine & Spirits of MN,Gruet Brut 750ml,701253002000,3,0.7,2,24,10.67,256.0
St. Louis Park,Southern Glazer's Wine & Spirits of MN,Erath Pinot Noir 750ml,084687001017,2,1.1,1,12,10.85,130.0
St. Louis Park,Southern Glazer's Wine & Spirits of MN,CSM Indian Wells Chardonnay 750ml,088586659935,9,1.5,2,24,11.63,279.0
St. Louis Park,Southern Glazer's Wine & Spirits of MN,Summit Pinot Grigio 3L Box,083120015444,2,1.7,1,6,11.19,67.0
St. Louis Park,Southern Glazer's Wine & Spirits of MN,Campo Viejo Reserva 750ml,852832104810,3,1.8,1,12,9.42,113.0
St. Louis Park,Southern Glazer's Wine & Spirits of MN,Kim Crawford Sauvignon Blanc 750ml,689352009611,129,1.8,13,156,10.7,1669.0
St. Louis Park,Southern Glazer's Wine & Spirits of MN,Banshee Pinot Noir 750ml,853868006024,4,1.9,1,12,13.53,162.0
St. Louis Park,Southern Glazer's Wine & Spirits of MN,Woodbridge Red Blend 1.5L,086003820449,10,2.1,2,12,7.91,95.0
St. Louis Park,Southern Glazer's Wine & Spirits of MN,CSM Indian Wells Red Blend 750ml,088586004971,2,2.1,1,12,11.96,144.0
St. Louis Park,Southern Glazer's Wine & Spirits of MN,The Prisoner Wine Co Prisoner Red Blend 750ml,086003255067,3,2.1,1,12,31.81,382.0
St. Louis Park,Southern Glazer's Wine & Spirits of MN,14 Hands Hot to Trot Red 750ml,088586004483,4,2.1,1,12,7.32,88.0
St. Louis Park,Southern Glazer's Wine & Spirits of MN,Jam Cellars Butter Chardonnay 750ml,853706002034,16,2.4,1,12,9.68,116.0
St. Louis Park,Southern Glazer's Wine & Spirits of MN,Oyster Bay Sauvignon Blanc 750ml,870661008024,27,2.5,2,24,10.0,240.0
St. Louis Park,Southern Glazer's Wine & Spirits of MN,Chateau Ste Michelle Harvest Riesling 750ml,088586004162,4,2.9,1,12,7.46,90.0
St. Louis Park,Southern Glazer's Wine & Spirits of MN,Miraval Cotes De Provence Rose 750ml,089419235111,8,3.1,1,12,15.08,181.0
St. Louis Park,Southern Glazer's Wine & Spirits of MN,Miraval Studio M Provence Rose 750ml,631470008342,3,3.2,1,12,12.0,144.0
St. Louis Park,Southern Glazer's Wine & Spirits of MN,A to Z Pinot Noir 750ml,892931000347,23,3.3,1,12,11.33,136.0
St. Louis Park,Southern Glazer's Wine & Spirits of MN,Archer Roose Bubbly 4pk 250ml,853451008039,4,3.4,1,6,12.33,74.0
St. Louis Park,Southern Glazer's Wine & Spirits of MN,Meiomi Cabernet Sauvignon 750ml,086003251274,12,3.7,1,12,13.57,163.0
St. Louis Park,The Wine Company,Masseria Li Veli Susumaniello 750ml,748789700499,0,0.0,1,6,16.91,101.0
St. Louis Park,The Wine Company,Lievland�Chenin Blanc  750ml,089419631555,0,0.0,1,12,12.0,144.0
St. Louis Park,The Wine Company,Argyle Brut 750ml,721675970022,0,0.0,1,12,16.07,193.0
St. Louis Park,The Wine Company,Caparzo Toscona Sangiovese,089419002102,0,0.0,1,12,9.95,119.0
St. Louis Park,The Wine Company,Wildsong Sauvignon Blanc 750ml,850432002758,0,0.0,1,12,8.33,100.0
St. Louis Park,The Wine Company,Matchbook The Arsonist Chardonnay 750ml,859551001291,0,0.0,1,12,10.5,126.0
St. Louis Park,The Wine Company,The Herdsman Cabernet Sauvignon 750ml,859551001666,0,0.0,1,12,13.34,160.0
St. Louis Park,The Wine Company,La Vieille Ferme Rouge 750ml,089419000108,1,0.9,1,12,7.36,88.0
St. Louis Park,The Wine Company,Liger-Belair Bourgogne Les Deux Terres 750ml,551254114,1,0.9,1,12,21.67,260.0
St. Louis Park,The Wine Company,Ch Campuget Costieres de Nimes Rose 750ml,012086986611,2,1.1,1,12,10.0,120.0
St. Louis Park,The Wine Company,La Vieille Ferme Rose 3L Box,089419000160,7,1.8,2,12,18.67,224.0
St. Louis Park,The Wine Company,La Vieille Ferme Rose 750ml,089419000177,45,2.0,4,48,6.89,331.0
St. Louis Park,The Wine Company,Scaia Veneto Bianco 750ml,850080994511,2,2.1,1,12,10.67,128.0
St. Louis Park,The Wine Company,Pavao Vinho Verde 750ml,787202000174,18,3.1,1,12,5.32,64.0
St. Louis Park,The Wine Company,La Vieille Ferme Blanc 3L Box,089419000351,5,3.6,1,6,18.67,112.0
St. Louis Park,"Tradition Wine & Spirits, LLC",The Fableist Cabernet 750ml,616806661071,4,0.6,2,24,14.67,352.0
St. Louis Park,"Tradition Wine & Spirits, LLC","Field Recordings ""NOIR"" 750ml",742779422125,3,3.2,1,12,13.33,160.0
St. Louis Park,"Vinocopia, Inc",Bouchard VDP Chardonnay 750ml,011699007126,0,0.0,1,12,8.53,102.0
St. Louis Park,"Vinocopia, Inc",Bouchard VDP Pinot Noir 750ml,011699014933,0,0.0,1,12,8.3,100.0
St. Louis Park,"Vinocopia, Inc",Lapis Luna Cabernet Sauvignon 750ml,860115002425,0,0.0,1,12,8.0,96.0
St. Louis Park,"Vinocopia, Inc",Lapis Luna Pinot Noir 750ml,860115002463,0,0.0,1,12,8.14,98.0
St. Louis Park,"Vinocopia, Inc",Bonny Doon LeCigare Volant Red 750ml,769434103281,2,1.1,1,12,9.55,115.0
St. Louis Park,"Vinocopia, Inc","Piattelli Reserve Malbec, Mendoza 750ml",875752000390,3,1.2,1,12,9.22,111.0
St. Louis Park,"Vinocopia, Inc",Sweet Bitch Mango Moscato 750ml,607054190215,1,2.1,1,12,7.81,94.0
St. Louis Park,"Vinocopia, Inc","Piattelli Res Torrontes, Cafayate 750ml",855708006591,1,2.1,1,12,8.3,100.0
Stillwater,Bellboy Corporation,La Cle de la Femme Brut 750ml,810879020470,0,0.0,1,12,23.33,280.0
Stillwater,Bellboy Corporation,Dacci Prosecco 750ml,816805021948,0,0.0,1,12,10.29,124.0
Stillwater,Bellboy Corporation,90+ Cellars Sancerre Rose Lot 196 750ml,810879022108,0,0.0,1,12,14.56,175.0
Stillwater,Bellboy Corporation,90+ Cellars DOC Prosecco Lot 50 (single) 187ml,810879020630,0,0.0,1,24,2.71,65.0
Stillwater,Bellboy Corporation,90+ Cellars Cab Sauv Rutherford/Napa 750ml,894655001259,1,1.1,1,12,13.1,157.0
Stillwater,Bellboy Corporation,Ironside Cabernet 750ml,810879020135,1,1.4,1,12,6.08,73.0
Stillwater,Bellboy Corporation,90+ Cellars Lot 210 Paso Robles Cabernet Sauvignon  750ml,810879020838,5,3.1,1,12,8.58,103.0
Stillwater,Bellboy Corporation,90+ Cellars Lot 162 Cotes Du Rhone 750ml,894655001488,5,3.1,1,12,6.51,78.0
Stillwater,Bellboy Corporation,Readers Cabernet Sauvignon 750ml,080960100644,8,3.1,1,12,11.42,137.0
Stillwater,"Bourget Imports, LLC",Sainte-Anne Sauvignon Blanc 750ml,638729001024,0,0.0,1,12,6.05,73.0
Stillwater,"Breakthru Beverage Minnesota Wine & Spirits, LLC",Riunite Lambrusco 1.5L,089744765505,0,0.0,1,6,7.24,43.0
Stillwater,"Breakthru Beverage Minnesota Wine & Spirits, LLC",Cakebread Cellars Cab Sauv 750ml,084692479146,0,0.0,1,12,60.0,720.0
Stillwater,"Breakthru Beverage Minnesota Wine & Spirits, LLC",Line 39 Pinot Grigio 750ml,898756001569,0,0.0,1,12,6.13,74.0
Stillwater,"Breakthru Beverage Minnesota Wine & Spirits, LLC",19 Crimes Red Wine 750ml,012354000995,0,0.0,1,12,6.06,73.0
Stillwater,"Breakthru Beverage Minnesota Wine & Spirits, LLC",Decoy Sauvignon Blanc 750ml,669576019214,2,0.9,1,12,10.76,129.0
Stillwater,Johnson Brothers - St. Paul,Smith & Hook Cabernet Sauvignon 750ml,086788000906,0,0.0,1,12,16.42,197.0
Stillwater,Johnson Brothers - St. Paul,Andre Moscato 750ml,085000022269,0,0.0,1,12,5.28,63.0
Stillwater,Johnson Brothers - St. Paul,Barefoot Pinot Grigio 750ml,085000014448,0,0.0,2,24,4.32,104.0
Stillwater,Johnson Brothers - St. Paul,Soon Hari Apple Soju 375ml,850052711283,0,0.0,1,20,4.6,92.0
Stillwater,Johnson Brothers - St. Paul,Apothic Red 750ml,085000017746,1,0.2,2,24,4.83,116.0
Stillwater,Johnson Brothers - St. Paul,Josh Cellars Hearth Cabernet Sauvignon 750ml,031259005317,1,0.6,1,12,3.46,42.0
Stillwater,Johnson Brothers - St. Paul,Black Box Rose Tetra 500ml,081434710161,2,0.9,1,12,3.33,40.0
Stillwater,Johnson Brothers - St. Paul,Josh Cellars Pinot Grigio 750ml,031259001456,4,0.9,2,24,8.91,214.0
Stillwater,Johnson Brothers - St. Paul,Apothic Crush 750ml,085000023488,2,1.2,1,12,6.2,74.0
Stillwater,Johnson Brothers - St. Paul,Barefoot White Zin 750ml,018341751062,1,1.4,1,12,4.35,52.0
Stillwater,Johnson Brothers - St. Paul,Josh Cellars Sauvignon Blanc 750ml,031259046976,7,1.7,1,12,8.58,103.0
Stillwater,Johnson Brothers - St. Paul,Peter Vella Blush 5L Box,085000001257,1,2.1,1,4,11.32,45.0
Stillwater,Johnson Brothers - St. Paul,Hahn GSM 750ml,086788000470,1,2.1,1,12,9.09,109.0
Stillwater,Johnson Brothers - St. Paul,Murphy Goode Cab Sauv 750ml,083722870045,2,2.1,1,12,5.22,63.0
Stillwater,Johnson Brothers - St. Paul,Black Box Chardonnay Liter Tetra,085000037539,2,2.1,1,12,6.0,72.0
Stillwater,Johnson Brothers - St. Paul,Black Box Pinot Grigio 500ml,081434700209,9,2.1,1,12,3.33,40.0
Stillwater,Johnson Brothers - St. Paul,Black Box Pinot Noir 3L Box,081434710017,7,2.3,1,6,4.77,29.0
Stillwater,Johnson Brothers - St. Paul,Hahn Cabernet Sauvignon 750ml,086788666881,3,2.6,1,12,9.0,108.0
Stillwater,Johnson Brothers - St. Paul,Josh Cellars Cabernet Sauvignon 750ml,857744001318,19,3.1,1,12,10.36,124.0
Stillwater,Johnson Brothers - St. Paul,Barefoot Pinot Grigio 1.5L,085000014431,3,3.2,1,6,7.13,43.0
Stillwater,Johnson Brothers - St. Paul,Black Box Pinot Grigio 3L Box,081434000224,26,3.3,1,6,15.26,92.0
Stillwater,Johnson Brothers - St. Paul,Josh Cellars Merlot 750ml,857744011157,4,3.4,1,12,10.29,123.0
Stillwater,Johnson Brothers - St. Paul,Black Box Sauvignon Blanc 3L Box,082100738397,21,3.8,1,6,15.96,96.0
Stillwater,Johnson Brothers - St. Paul,Yes Way Rose 750ml,084279002156,22,3.8,1,12,10.08,121.0
Stillwater,Libation Project,Ercole Rose DOC Liter,678113000172,1,2.1,1,12,11.19,134.0
Stillwater,"Maverick Beverage Co., LLC - MN",Les Allies Cotes du Rhone,763955412501,1,2.1,1,12,9.26,111.0
Stillwater,"Maverick Beverage Co., LLC - MN",TOPO Tinto Red,5604424367401,8,3.8,1,12,6.33,76.0
Stillwater,Oxford Street Merchants,Seghesio Zinfandel 750ml,088254758724,0,0.0,1,12,14.06,169.0
Stillwater,Oxford Street Merchants,Scharffenberger Brut 750ml,097546002001,0,0.0,1,12,17.31,208.0
Stillwater,Oxford Street Merchants,Caymus California Cabernet 750ml,017224713104,0,0.0,1,12,34.68,416.0
Stillwater,Oxford Street Merchants,Underwood Bubbles 355ml,856036001098,3,0.7,2,24,4.63,111.0
Stillwater,Oxford Street Merchants,Veuve Clicquot Rose 750ml,081753802479,1,1.4,1,12,59.69,716.0
Stillwater,Oxford Street Merchants,Underwood Rose Bubbles 375ml,856036001197,8,1.4,2,24,1.71,41.0
Stillwater,Oxford Street Merchants,Roederer Estate Brut 750ml,097546102008,1,2.1,1,12,18.85,226.0
Stillwater,Oxford Street Merchants,Rombauer Zinfandel 750ml,097921978105,2,2.1,1,12,29.85,358.0
Stillwater,Oxford Street Merchants,Risata Prosecco 750ml,084279992464,2,2.9,1,12,9.37,112.0
Stillwater,Oxford Street Merchants,Conundrum Red 750ml,017224760122,6,3.2,1,12,7.64,92.0
Stillwater,Paustis Wine,Bread & Butter Sauvignon Blanc 750ml,818051021956,0,0.0,1,12,9.43,113.0
Stillwater,Paustis Wine,Papi Chardonnay 750ml,853936007687,1,0.6,1,12,4.4,53.0
Stillwater,Paustis Wine,Gazela Vinho Verde,739949010404,3,2.1,1,12,4.79,58.0
Stillwater,Phillips Wine & Spirits - St. Paul,Bota Box Nighthawk Black Lush Pinot Noir 3L Box,082242016094,0,0.0,2,6,14.67,88.0
Stillwater,Phillips Wine & Spirits - St. Paul,Yellow Tail Pinot Grigio 1.5L,031259009728,0,0.0,1,6,6.18,37.0
Stillwater,Phillips Wine & Spirits - St. Paul,Bota Box Chardonnay 500ml,082242011013,0,0.0,1,12,3.33,40.0
Stillwater,Phillips Wine & Spirits - St. Paul,Fre Merlot N/A 750ml,08510828,0,0.0,1,12,6.3,76.0
Stillwater,Phillips Wine & Spirits - St. Paul,Fre Chardonnay N/A 750ml,08510129,0,0.0,1,12,6.67,80.0
Stillwater,Phillips Wine & Spirits - St. Paul,Bieler Pere Et Fils Rose 750ml,856622001013,1,0.7,1,12,8.25,99.0
Stillwater,Phillips Wine & Spirits - St. Paul,Joel Gott Chardonnay 750ml,188985000038,2,0.7,1,12,15.57,187.0
Stillwater,Phillips Wine & Spirits - St. Paul,Sutter Home Pinot Grigio 187ml,08501422,1,1.1,1,6,4.95,30.0
Stillwater,Phillips Wine & Spirits - St. Paul,Rancho La Gloria Lime Maragrita RTD 1.5L,861518002647,1,1.4,1,6,10.67,64.0
Stillwater,Phillips Wine & Spirits - St. Paul,Sutter Home Chardonnay 187ml,08500627,2,1.4,1,6,4.86,29.0
Stillwater,Phillips Wine & Spirits - St. Paul,Joel Gott Pinot Gris 750ml,188985000281,2,1.4,1,12,8.08,97.0
Stillwater,Phillips Wine & Spirits - St. Paul,Daily's Pina Colada RTD Frozen 10oz,074806184400,3,1.6,1,24,1.5,36.0
Stillwater,Phillips Wine & Spirits - St. Paul,Yellow Tail Cab Sauvignon 1.5L,031259009469,3,1.8,1,6,1.56,9.0
Stillwater,Phillips Wine & Spirits - St. Paul,Yellow Tail Merlot 1.5L,031259009230,2,2.1,1,6,7.56,45.0
Stillwater,Phillips Wine & Spirits - St. Paul,Menage A Trois Silk 750ml,099988071362,6,2.6,1,12,6.88,83.0
Stillwater,Phillips Wine & Spirits - St. Paul,Bota Box Nighthawk Black Malbec 3L Box,082242017657,2,2.9,1,3,14.67,44.0
Stillwater,Phillips Wine & Spirits - St. Paul,Bota Box Dry Rose 3L Box,082242014373,3,3.2,1,3,14.67,44.0
Stillwater,Phillips Wine & Spirits - St. Paul,Bota Box Brightside Sauv Blanc/PG 3L Box,082242018685,3,3.2,1,3,14.67,44.0
Stillwater,Phillips Wine & Spirits - St. Paul,Bota Box NightHawk Red Blend 3L Box,082242013741,4,3.4,1,3,14.67,44.0
Stillwater,Phillips Wine & Spirits - St. Paul,Bota Box Sauvignon Blanc 500ml,082242014311,6,3.7,1,12,3.33,40.0
Stillwater,Phillips Wine & Spirits - St. Paul,Bota Box Pinot Grigio 500ml,082242013314,7,3.8,1,12,0.91,11.0
Stillwater,Small Lot MN,Colle Corviano Cerasuolo Rose 750ml,181856000892,0,0.0,1,12,7.01,84.0
Stillwater,Small Lot MN,Maison Noir 'Sheeps Clothing' Cab Sauv 750ml,856782007252,2,2.9,1,12,13.33,160.0
Stillwater,Southern Glazer's Wine & Spirits of MN,Erath Pinot Noir 750ml,084687001017,-1,-0.2,2,24,10.85,261.0
Stillwater,Southern Glazer's Wine & Spirits of MN,TopBox Cabernet Sauvignon 3L Box,088586010750,0,0.0,1,6,7.97,48.0
Stillwater,Southern Glazer's Wine & Spirits of MN,Bertrand Cote des Roses Rose 750ml,812147020083,0,0.0,1,12,12.56,151.0
Stillwater,Southern Glazer's Wine & Spirits of MN,Meiomi Red Blend 750ml,086003251311,0,0.0,1,12,14.28,171.0
Stillwater,Southern Glazer's Wine & Spirits of MN,The Prisoner Cabernet Sauvignon 750ml,086003255142,0,0.0,1,12,43.5,522.0
Stillwater,Southern Glazer's Wine & Spirits of MN,Kim Crawford Pinot Grigio 750ml,689352010310,0,0.0,1,12,10.7,128.0
Stillwater,Southern Glazer's Wine & Spirits of MN,Cooks Brut 750ml,083804047211,1,0.7,1,12,6.0,72.0
Stillwater,Southern Glazer's Wine & Spirits of MN,Woodbridge Merlot 1.5L,086003000506,2,1.0,2,12,7.48,90.0
Stillwater,Southern Glazer's Wine & Spirits of MN,A to Z Pinot Noir 750ml,892931000347,1,1.4,1,12,11.33,136.0
Stillwater,Southern Glazer's Wine & Spirits of MN,Liquid Light Sauvignon Blanc 750ml,088586010149,2,1.7,1,12,8.64,104.0
Stillwater,Southern Glazer's Wine & Spirits of MN,Cooks Brut 1.5L,083804043152,2,2.1,1,6,10.33,62.0
Stillwater,Southern Glazer's Wine & Spirits of MN,Gekkeikan Sake 750ml,728817199129,1,2.1,1,12,5.38,65.0
Stillwater,Southern Glazer's Wine & Spirits of MN,Kim Crawford Sauvignon Blanc Illuminate 750ml,689352010082,5,2.4,1,12,10.7,128.0
Stillwater,Southern Glazer's Wine & Spirits of MN,Woodbridge Pinot Grigio 1.5L,086003001657,3,2.6,1,6,8.58,51.0
Stillwater,Southern Glazer's Wine & Spirits of MN,Chateau Ste Michelle Rose 750ml,088586009327,6,2.9,1,12,7.42,89.0
Stillwater,Southern Glazer's Wine & Spirits of MN,Cooks Spumante 750ml,083804047198,5,3.6,1,12,5.99,72.0
Stillwater,"Tradition Wine & Spirits, LLC",Domaine Amido Merlot 750ml,400000020952,-1,-4.3,1,12,8.0,96.0
Stillwater,"Tradition Wine & Spirits, LLC",The Fableist Cabernet 750ml,616806661071,3,3.2,1,12,14.67,176.0
Stillwater,"Vinocopia, Inc",Sun Goddess Pinot Grigio Ramato 750ml,606179210471,0,0.0,1,12,14.56,175.0
Stillwater,"Vinocopia, Inc",Bonny Doon Le Cigare Orange 750ml,850038053000,2,2.1,1,12,9.33,112.0
Stillwater,,Alamos Red Blend,085000019450,0,0.0,1,1,6.52,7.0
Stillwater,,Indian Island Wita-Pa/ D,855057002145,0,0.0,2,2,10.76,22.0
Vadnais Heights,Bellboy Corporation,Cattin Riesling 750ml,860008882417,0,0.0,1,12,7.71,92.0
Vadnais Heights,Bellboy Corporation,90+ Cellars Russian River Chardonnay Lot 130 750ml,810879020593,0,0.0,1,12,8.69,104.0
Vadnais Heights,Bellboy Corporation,Cattin Orange 750ml,860010232057,0,0.0,1,12,10.34,124.0
Vadnais Heights,Bellboy Corporation,Tutela Prosecco 750ml,763955572168,0,0.0,1,12,8.0,96.0
Vadnais Heights,Bellboy Corporation,90+ Cellars DOC Prosecco Lot 50 (single) 187ml,810879020630,0,0.0,3,72,2.71,195.0
Vadnais Heights,Bellboy Corporation,Ironside Reserve Pinot Noir 750ml,810879020876,1,0.4,1,12,8.19,98.0
Vadnais Heights,Bellboy Corporation,90+ Cellars Vinho Verde 750ml,810879022320,6,0.7,3,36,5.33,192.0
Vadnais Heights,Bellboy Corporation,90+ Cellars Montepulciano d'Abruzzo Lot 188 750ml,810879021903,2,1.2,1,12,6.48,78.0
Vadnais Heights,Bellboy Corporation,90+ Cellars Chardonnay 750ml,810879020302,5,2.7,1,12,6.61,79.0
Vadnais Heights,"Bourget Imports, LLC",Sainte-Anne Pinot Noir 750ml,638729001017,1,0.4,1,12,6.47,78.0
Vadnais Heights,"Bourget Imports, LLC",Sainte-Anne Sauvignon Blanc 750ml,638729001024,3,1.6,1,12,6.05,73.0
Vadnais Heights,"Breakthru Beverage Minnesota Wine & Spirits, LLC",Duckhorn Napa Cab Sauvignon 750ml,669576019344,0,0.0,1,12,40.12,481.0
Vadnais Heights,"Breakthru Beverage Minnesota Wine & Spirits, LLC",Fit Vine Cabernet Sauvignon 750ml,853086008008,2,1.2,1,12,7.61,91.0
Vadnais Heights,"Grape Beginnings, Inc.",One Stone Cabernet Sauvignon 750ml,897114001609,0,0.0,1,12,6.86,82.0
Vadnais Heights,"Grape Beginnings, Inc.",Austin Cabernet Sauvignon 750ml,657891720915,1,2.1,1,12,15.01,180.0
Vadnais Heights,Johnson Brothers - St. Paul,Black Box Pinot Noir 500ml,081434710055,-1,-0.9,1,12,3.33,40.0
Vadnais Heights,Johnson Brothers - St. Paul,Black Box Brilliant Cabernet 3L Box,085000034514,0,0.0,1,6,13.12,79.0
Vadnais Heights,Johnson Brothers - St. Paul,Bev Glam Sparkling Rose 4pk 250ml,850026120011,0,0.0,1,6,12.46,75.0
Vadnais Heights,Johnson Brothers - St. Paul,Josh Cellars BB Cab 750ml,031259004327,0,0.0,1,12,8.36,100.0
Vadnais Heights,Johnson Brothers - St. Paul,Nobilo Sauv Blanc 750ml,081434315304,0,0.0,1,12,8.0,96.0
Vadnais Heights,Johnson Brothers - St. Paul,Barefoot Riesling 750ml,085000015810,0,0.0,1,12,4.33,52.0
Vadnais Heights,Johnson Brothers - St. Paul,Jinro Green Grape 375ml,605779976084,0,0.0,1,20,4.83,97.0
Vadnais Heights,Johnson Brothers - St. Paul,Jinro Strawberry 375ml,605779976251,0,0.0,1,20,3.66,73.0
Vadnais Heights,Johnson Brothers - St. Paul,Jinro Peach 375ml,605779976459,0,0.0,1,20,4.8,96.0
Vadnais Heights,Johnson Brothers - St. Paul,Barefoot Pink Moscato 1.5L,085000020609,2,1.0,2,12,8.67,104.0
Vadnais Heights,Johnson Brothers - St. Paul,Barefoot Moscato 1.5L,085000016671,3,1.0,2,12,4.72,57.0
Vadnais Heights,Johnson Brothers - St. Paul,Barefoot Pinot Grigio 750ml,085000014448,2,1.0,1,12,4.32,52.0
Vadnais Heights,Johnson Brothers - St. Paul,Jinro Plum 375ml,605779976206,3,1.2,1,20,4.6,92.0
Vadnais Heights,Johnson Brothers - St. Paul,Barefoot Sauv Blanc 1.5L,018341151022,1,1.4,1,6,11.06,66.0
Vadnais Heights,Johnson Brothers - St. Paul,Coppola Diamond Merlot 750ml,739958974100,3,1.4,1,12,11.26,135.0
Vadnais Heights,Johnson Brothers - St. Paul,Barefoot Pink Moscato 750ml,085000020456,3,1.8,1,12,4.32,52.0
Vadnais Heights,Johnson Brothers - St. Paul,Peter Vella Merlot 5L Box,085000003015,1,2.1,1,4,13.06,52.0
Vadnais Heights,Johnson Brothers - St. Paul,Black Box Deep Dark Cabernet 3L Box,085000034552,6,2.1,1,6,14.02,84.0
Vadnais Heights,Johnson Brothers - St. Paul,Black Box Cabernet Liter Tetra,085000037522,2,2.1,1,12,6.0,72.0
Vadnais Heights,Johnson Brothers - St. Paul,Jinro Chamisul Classico Soju 20.1% 750ml,795652200518,3,2.1,1,12,8.96,108.0
Vadnais Heights,Johnson Brothers - St. Paul,La Crema Sonoma Chardonnay 750ml,049331002222,7,2.3,1,12,10.42,125.0
Vadnais Heights,Johnson Brothers - St. Paul,Josh Cellars Pinot Grigio 750ml,031259001456,5,2.4,1,12,8.91,107.0
Vadnais Heights,Johnson Brothers - St. Paul,Black Box Cab Sauv 500ml,081434000293,8,3.1,1,12,3.33,40.0
Vadnais Heights,Johnson Brothers - St. Paul,Black Box Pinot Grigio 3L Box,081434000224,19,3.3,1,6,15.26,92.0
Vadnais Heights,Johnson Brothers - St. Paul,Barefoot Chardonnay 750ml,018341751055,8,3.4,1,12,4.4,53.0
Vadnais Heights,Johnson Brothers - St. Paul,La Crema Monterey Pinot Noir 750ml,049331010968,8,3.4,1,12,10.25,123.0
Vadnais Heights,Johnson Brothers - St. Paul,Black Box Buttery Chardonnay 3L Box,085000033371,9,3.5,1,6,14.48,87.0
Vadnais Heights,Johnson Brothers - St. Paul,Barefoot White Zin 1.5L,018341151060,11,3.6,1,6,7.81,47.0
Vadnais Heights,Johnson Brothers - St. Paul,Josh Cellars Chardonnay 750ml,857744001325,15,3.6,1,12,8.74,105.0
Vadnais Heights,Johnson Brothers - St. Paul,Black Box Pinot Noir 3L Box,081434710017,13,3.7,1,6,4.77,29.0
Vadnais Heights,Johnson Brothers - St. Paul,Black Box Cab Sauv 3L Box,081434000033,20,3.7,1,6,13.58,81.0
Vadnais Heights,"Maverick Beverage Co., LLC - MN",Les Allies Blanc de Blanc 750ml,763955409105,2,1.1,1,12,6.25,75.0
Vadnais Heights,"Maverick Beverage Co., LLC - MN",Les Allies Chardonnay 750ml,763955412280,3,2.6,1,12,7.5,90.0
Vadnais Heights,McDonald Distributing Co dba Clear River Beverage,Gruvi Bubbly Rose 4pk 275ml,628504959091,2,2.9,1,6,10.44,63.0
Vadnais Heights,"New France Wine Co, Inc",Pullus Pinot Grigio 750ml,3830000654395,1,1.4,1,12,11.98,144.0
Vadnais Heights,Oxford Street Merchants,Pizzolato Muse Rose 750ml,185554000062,0,0.0,1,12,9.54,114.0
Vadnais Heights,Oxford Street Merchants,Angeline Chardonnay 750ml,729722700271,0,0.0,1,12,8.01,96.0
Vadnais Heights,Oxford Street Merchants,Underwood Bubbles 355ml,856036001098,6,1.3,2,24,4.63,111.0
Vadnais Heights,Oxford Street Merchants,Rombauer Chardonnay 750ml,097921970109,2,2.9,1,12,31.26,375.0
Vadnais Heights,Oxford Street Merchants,Mussel Bay Sauvignon Blanc 750ml,763955990023,2,2.9,1,12,9.8,118.0
Vadnais Heights,Oxford Street Merchants,Risata Moscato d'Asti 750ml,084279977638,13,3.7,1,12,2.74,33.0
Vadnais Heights,Paustis Wine,Vega Douro,5600312190854,0,0.0,1,12,6.69,80.0
Vadnais Heights,Paustis Wine,Big Bad Bourbon Barrel Cabernet Sauvignon 750ml,684586922941,0,0.0,1,12,6.24,75.0
Vadnais Heights,Paustis Wine,Bread & Butter Cab Sauv 750ml,818051020744,0,0.0,1,12,4.44,53.0
Vadnais Heights,Paustis Wine,Gazela Vinho Verde,739949010404,0,0.0,1,12,4.79,58.0
Vadnais Heights,Paustis Wine,Electra Red Muscat 750ml,013022000262,1,1.1,1,12,10.0,120.0
Vadnais Heights,Paustis Wine,Papi Moscato 750ml,858962004242,3,1.3,1,12,4.4,53.0
Vadnais Heights,Paustis Wine,Papi Blueberry 750ml,850061597021,1,1.4,1,12,4.4,53.0
Vadnais Heights,Paustis Wine,True Myth Chardonnay 750ml,730429950012,3,1.8,1,12,7.5,90.0
Vadnais Heights,Paustis Wine,Bread & Butter Prosecco 750ml,818051022298,1,2.1,1,12,10.18,122.0
Vadnais Heights,Paustis Wine,Papi Red Original Sangria 750ml,893828001867,5,2.4,1,12,3.82,46.0
Vadnais Heights,Phillips Wine & Spirits - St. Paul,Bota Box Nighthawk Gold Sauv Blanc 3L Box,082242016049,0,0.0,2,6,14.67,88.0
Vadnais Heights,Phillips Wine & Spirits - St. Paul,Rancho La Gloria Strawberry Margarita RT 1.5L,861518002654,0,0.0,1,6,10.67,64.0
Vadnais Heights,Phillips Wine & Spirits - St. Paul,Sutter Home Moscato 187ml,08501626,0,0.0,1,6,4.94,30.0
Vadnais Heights,Phillips Wine & Spirits - St. Paul,Chateau Leon 750ml,834129005116,0,0.0,1,12,7.66,92.0
Vadnais Heights,Phillips Wine & Spirits - St. Paul,Overstone Sauvignon Blanc 750ml,084279978567,0,0.0,1,12,7.58,91.0
Vadnais Heights,Phillips Wine & Spirits - St. Paul,Fre Chardonnay N/A 750ml,08510129,0,0.0,1,12,6.67,80.0
Vadnais Heights,Phillips Wine & Spirits - St. Paul,Joel Gott Cab Sauvignon 750ml,188985000137,0,0.0,1,12,6.81,82.0
Vadnais Heights,Phillips Wine & Spirits - St. Paul,Haton Brut 750ml,3480200311019,1,0.7,1,12,11.82,142.0
Vadnais Heights,Phillips Wine & Spirits - St. Paul,Menage A Trois Sweet Moscato 750ml,099988071898,10,1.1,3,36,7.0,252.0
Vadnais Heights,Phillips Wine & Spirits - St. Paul,Bota Box Nighthawk Black Lush Pinot Noir 3L Box,082242016094,1,1.4,1,3,14.67,44.0
Vadnais Heights,Phillips Wine & Spirits - St. Paul,Yellow Tail Sauvignon Blanc 1.5L,9322214011537,1,1.4,1,6,7.78,47.0
Vadnais Heights,Phillips Wine & Spirits - St. Paul,Yellow Tail Merlot 1.5L,031259009230,4,1.9,1,6,7.56,45.0
Vadnais Heights,Phillips Wine & Spirits - St. Paul,Bota Box Brightside Sauv Blanc/PG 3L Box,082242018685,1,2.1,1,3,14.67,44.0
Vadnais Heights,Phillips Wine & Spirits - St. Paul,Yellow Tail Chardonnay 1.5L,031259008936,1,2.1,1,6,5.78,35.0
Vadnais Heights,Phillips Wine & Spirits - St. Paul,Daily's Hurricane RTD Frozen 10oz,074806186206,1,2.1,1,24,1.46,35.0
Vadnais Heights,Phillips Wine & Spirits - St. Paul,Bota Box Nighthawk Blk Bourbon Cabernet 3L Box,082242016063,5,2.7,1,3,14.67,44.0
Vadnais Heights,Phillips Wine & Spirits - St. Paul,Bota Box Chardonnay 3L Box,082242011051,10,2.7,2,6,14.67,88.0
Vadnais Heights,Phillips Wine & Spirits - St. Paul,Yellow Tail Sangria 1.5L,839743001582,2,2.9,1,6,7.72,46.0
Vadnais Heights,Phillips Wine & Spirits - St. Paul,Bota Box Redvolution 3L Box,082242016056,3,3.2,1,3,18.77,56.0
Vadnais Heights,Phillips Wine & Spirits - St. Paul,Yellow Tail Pinot Noir 1.5L,031259032658,3,3.2,1,6,7.88,47.0
Vadnais Heights,Phillips Wine & Spirits - St. Paul,Sutter Home Pink Moscato 187ml,08509929,3,3.2,1,6,4.96,30.0
Vadnais Heights,Phillips Wine & Spirits - St. Paul,Yellow Tail Pinot Grigio 1.5L,031259009728,6,3.2,1,6,6.18,37.0
Vadnais Heights,Phillips Wine & Spirits - St. Paul,Menage A Trois Silk 750ml,099988071362,9,3.2,1,12,6.88,83.0
Vadnais Heights,Phillips Wine & Spirits - St. Paul,Bota Box Sauvignon Blanc 3L Box,082242012935,12,3.7,1,3,14.67,44.0
Vadnais Heights,Phillips Wine & Spirits - St. Paul,Bota Box Nighthawk GD Chardonnay 3L Box,082242015691,7,3.8,1,3,14.52,44.0
Vadnais Heights,Rue 38 LLC,Lavendette Alpes de Haute Rose 750ml,015643422669,0,0.0,1,12,9.33,112.0
Vadnais Heights,Rue 38 LLC,Sur de los Andes Malbec 750ml,015643521287,1,1.1,1,12,9.97,120.0
Vadnais Heights,Rue 38 LLC,The Little Sheep Pinot Noir 750ml,015643565380,1,1.4,1,12,8.06,97.0
Vadnais Heights,Rue 38 LLC,Quinta Santa Eufemia Tawny Port 750ml,5603616110054,9,2.1,1,12,10.0,120.0
Vadnais Heights,Small Lot MN,Woolpack Sauvignon Blanc 750ml,8570988003068,0,0.0,1,12,9.83,118.0
Vadnais Heights,Southern Glazer's Wine & Spirits of MN,CSM Indian Wells Cabernet 750ml,088586001864,0,0.0,1,12,11.93,143.0
Vadnais Heights,Southern Glazer's Wine & Spirits of MN,The Prisoner Wine Co Prisoner Red Blend 750ml,086003255067,0,0.0,1,12,31.81,382.0
Vadnais Heights,Southern Glazer's Wine & Spirits of MN,House Wine Cktl Paloma Can 375ml,848375007756,0,0.0,1,24,3.44,83.0
Vadnais Heights,Southern Glazer's Wine & Spirits of MN,Chateau Ste Michelle Riesling 750ml,088586621840,2,0.6,1,12,4.04,48.0
Vadnais Heights,Southern Glazer's Wine & Spirits of MN,CSM Indian Wells Red Blend 750ml,088586004971,2,0.9,1,12,11.96,144.0
Vadnais Heights,Southern Glazer's Wine & Spirits of MN,Erath Pinot Noir 750ml,084687001017,4,1.7,1,12,10.85,130.0
Vadnais Heights,Southern Glazer's Wine & Spirits of MN,Cooks Spumante 750ml,083804047198,1,2.1,1,12,5.99,72.0
Vadnais Heights,Southern Glazer's Wine & Spirits of MN,Jam Cellars Butter Cabernet Sauvignon 750ml,853706002522,1,2.1,1,12,12.14,146.0
Vadnais Heights,Southern Glazer's Wine & Spirits of MN,Jacob's Creek Shiraz Cab 750ml,080432344071,2,2.1,1,12,3.66,44.0
Vadnais Heights,Southern Glazer's Wine & Spirits of MN,Gekkeikan Sake 750ml,728817199129,2,2.1,1,12,5.38,65.0
Vadnais Heights,Southern Glazer's Wine & Spirits of MN,Mionetto Prosecco Brut 750ml,727760501638,5,3.6,1,12,2.72,33.0
Vadnais Heights,The Wine Company,Matchbook Chardonnay 750ml,859551001000,1,1.1,1,12,8.64,104.0
Vadnais Heights,"Vinocopia, Inc",Big Red Monster Cabernet Sauvignon 750ml,860001359855,0,0.0,1,12,26.72,321.0
Vadnais Heights,"Vinocopia, Inc",Lapis Luna Cabernet Sauvignon 750ml,860115002425,0,0.0,1,12,8.0,96.0
Vadnais Heights,"Vinocopia, Inc",Han Jan Mandarin Orange 375ml,8809018211758,0,0.0,1,20,4.29,86.0
Woodbury,Bellboy Corporation,Cattin Riesling 750ml,860008882417,0,0.0,1,12,7.71,92.0
Woodbury,Bellboy Corporation,Cattin Orange 750ml,860010232057,0,0.0,1,12,10.34,124.0
Woodbury,Bellboy Corporation,90+ Cellars DOC Prosecco Lot 50 (single) 187ml,810879020630,0,0.0,3,72,2.71,195.0
Woodbury,Bellboy Corporation,90+ Cellars Chianti Riserva DOCG,810879020883,1,0.4,1,12,6.46,78.0
Woodbury,Bellboy Corporation,90+ Cellars Rose 750ml,894655001518,2,0.4,2,24,6.61,159.0
Woodbury,Bellboy Corporation,90+ Cellars Vinho Verde 750ml,810879022320,5,0.7,2,24,5.33,128.0
Woodbury,Bellboy Corporation,90+ Cellars Cab Sauv Rutherford/Napa 750ml,894655001259,1,0.9,1,12,13.1,157.0
Woodbury,Bellboy Corporation,90+ Cellars Riesling Mosel 750ml,894655001860,4,1.2,1,12,6.48,78.0
Woodbury,Bellboy Corporation,Readers Syrah 750ml,080960100668,1,1.4,1,12,11.35,136.0
Woodbury,Bellboy Corporation,"90+ Cellars Lot 132 Reserve Rose, Provence 750ml",810879020340,1,1.4,1,12,9.61,115.0
Woodbury,Bellboy Corporation,90+ Cellars Montepulciano d'Abruzzo Lot 188 750ml,810879021903,4,2.1,1,12,6.48,78.0
Woodbury,Bellboy Corporation,90+ Cellars Big Red Blend Lot 113 750ml,810879020104,7,2.3,1,12,6.53,78.0
Woodbury,Bellboy Corporation,90+ Cellars Chardonnay 750ml,810879020302,10,2.7,1,12,6.61,79.0
Woodbury,Bellboy Corporation,Ironside Cabernet 750ml,810879020135,7,3.0,1,12,6.08,73.0
Woodbury,Bellboy Corporation,90+ Cellars Sauvignon Blanc Marlborough 750ml,894655001037,13,3.5,1,12,6.49,78.0
Woodbury,Bellboy Corporation,90+ Cellars RR Pinot Noir 750ml,894655001945,6,3.7,1,12,10.28,123.0
Woodbury,"Bourget Imports, LLC",Sta Maria La Palma Aragosta Vermentino,8001487001100,0,0.0,1,12,11.06,133.0
Woodbury,"Breakthru Beverage Minnesota Wine & Spirits, LLC",Robert Hall Orange Muscat 750ml,830949000188,0,0.0,1,12,9.1,109.0
Woodbury,"Breakthru Beverage Minnesota Wine & Spirits, LLC",Cakebread Cellars Cab Sauv 750ml,084692479146,0,0.0,1,12,60.0,720.0
Woodbury,"Breakthru Beverage Minnesota Wine & Spirits, LLC",Decoy Sonoma Pinot Noir 750ml,669576019221,0,0.0,1,12,12.92,155.0
Woodbury,"Breakthru Beverage Minnesota Wine & Spirits, LLC",Decoy Cabernet Sauvignon 750ml,669576019269,8,3.1,1,12,13.84,166.0
Woodbury,"Breakthru Beverage Minnesota Wine & Spirits, LLC",Creamery Chardonnay 750ml,847159002024,8,3.8,1,12,7.58,91.0
Woodbury,"Grape Beginnings, Inc.",Nicolas Catena Zapata Red 750ml,098709088627,0,0.0,1,6,70.62,424.0
Woodbury,"Grape Beginnings, Inc.",Moulin de Gassac Guilhem Rose 750ml,898981000054,0,0.0,1,12,6.15,74.0
Woodbury,"Grape Beginnings, Inc.",Mirabeau Forever Summer Rose 750ml,3760010532744,0,0.0,1,12,10.0,120.0
Woodbury,"Grape Beginnings, Inc.",Liberty School Reserve Cab Sauv 750ml,657891720205,0,0.0,1,12,18.43,221.0
Woodbury,"Grape Beginnings, Inc.",Austin Cabernet Sauvignon 750ml,657891720915,0,0.0,1,12,15.01,180.0
Woodbury,Johnson Brothers - St. Paul,Andre Extra Dry 750ml,085000007488,-1,-1.4,1,12,5.16,62.0
Woodbury,Johnson Brothers - St. Paul,Black Box Brilliant Chardonnay 3L Box,085000034521,0,0.0,1,6,13.71,82.0
Woodbury,Johnson Brothers - St. Paul,Barefoot Cab Sauv 1.5L,018341151015,0,0.0,1,6,8.09,49.0
Woodbury,Johnson Brothers - St. Paul,Barefoot White Zin 1.5L,018341151060,0,0.0,1,6,7.81,47.0
Woodbury,Johnson Brothers - St. Paul,Barefoot Merlot 1.5L,018341151107,0,0.0,1,6,8.81,53.0
Woodbury,Johnson Brothers - St. Paul,Black Box Malbec 3L Box,082100738465,0,0.0,1,6,14.2,85.0
Woodbury,Johnson Brothers - St. Paul,Barefoot Sauvignon Blanc Tetra 500ml,085000029961,0,0.0,1,12,2.96,36.0
Woodbury,Johnson Brothers - St. Paul,Murphy Goode Sauv Blanc 750ml,083722880068,0,0.0,1,12,6.73,81.0
Woodbury,Johnson Brothers - St. Paul,Barefoot Chardonnay 750ml,018341751055,0,0.0,1,12,4.4,53.0
Woodbury,Johnson Brothers - St. Paul,Josh Cellars Rose 750ml,031259001043,0,0.0,1,12,8.45,101.0
Woodbury,Johnson Brothers - St. Paul,Jinro Plum 375ml,605779976206,0,0.0,1,20,4.6,92.0
Woodbury,Johnson Brothers - St. Paul,Jinro Peach 375ml,605779976459,0,0.0,1,20,4.8,96.0
Woodbury,Johnson Brothers - St. Paul,Apothic Red 750ml,085000017746,5,0.5,4,48,4.83,232.0
Woodbury,Johnson Brothers - St. Paul,Saero Soju Zero Sugar 375ml,850052711030,1,0.5,1,20,4.38,88.0
Woodbury,Johnson Brothers - St. Paul,Barefoot Pink Moscato 1.5L,085000020609,1,0.9,1,6,8.67,52.0
Woodbury,Johnson Brothers - St. Paul,Black Box Sauvignon Blanc 3L Box,082100738397,9,1.5,3,18,15.96,287.0
Woodbury,Johnson Brothers - St. Paul,Jinro Chamisul Classico Soju 20.1% 750ml,795652200518,3,1.8,1,12,8.96,108.0
Woodbury,Johnson Brothers - St. Paul,Josh Cellars Chardonnay 750ml,857744001325,11,2.0,1,12,8.74,105.0
Woodbury,Johnson Brothers - St. Paul,Peter Vella Cab Sauv 5L Box,085000003091,2,2.1,1,4,11.87,47.0
Woodbury,Johnson Brothers - St. Paul,Josh Cellars Legacy Red Blend 750ml,031259048024,2,2.1,1,12,10.29,123.0
Woodbury,Johnson Brothers - St. Paul,Josh Cellars Sauvignon Blanc 750ml,031259046976,5,2.1,1,12,8.58,103.0
Woodbury,Johnson Brothers - St. Paul,Jinro Strawberry 375ml,605779976251,5,2.4,1,20,3.66,73.0
Woodbury,Johnson Brothers - St. Paul,Apothic Inferno 750ml,085000024904,3,2.6,1,12,8.42,101.0
Woodbury,Johnson Brothers - St. Paul,Jinro Classic Soju 20.1% 375ml,795652200501,8,2.6,1,20,3.94,79.0
Woodbury,Johnson Brothers - St. Paul,Josh Cellars Pinot Noir 750ml,031259046952,5,2.7,1,12,9.65,116.0
Woodbury,Johnson Brothers - St. Paul,Barefoot Moscato 1.5L,085000016671,2,2.9,1,6,4.72,28.0
Woodbury,Johnson Brothers - St. Paul,Relax Riesling 750ml,088474022407,2,2.9,1,12,6.68,80.0
Woodbury,Johnson Brothers - St. Paul,J Vineyards Pinot Noir 750ml,724624001006,2,2.9,1,12,15.3,184.0
Woodbury,Johnson Brothers - St. Paul,Black Box Sauvignon Blanc 500ml Tetra 500ml,085000033395,5,3.1,1,12,3.33,40.0
Woodbury,Johnson Brothers - St. Paul,Bev Cal Rose 4pk 250ml,860129002107,3,3.2,1,6,11.33,68.0
Woodbury,Johnson Brothers - St. Paul,Black Box Buttery Chardonnay 3L Box,085000033371,7,3.3,1,6,14.48,87.0
Woodbury,Johnson Brothers - St. Paul,Black Box Pinot Grigio 3L Box,081434000224,23,3.3,1,6,15.26,92.0
Woodbury,Johnson Brothers - St. Paul,Black Box Chardonnay 3L Box,081434000040,12,3.4,1,6,10.42,63.0
Woodbury,Johnson Brothers - St. Paul,Tisdale Cab Sauv 750ml,085000011423,11,3.6,1,12,3.48,42.0
Woodbury,Johnson Brothers - St. Paul,Josh Cellars Cabernet Sauvignon 750ml,857744001318,26,3.7,1,12,10.36,124.0
Woodbury,Johnson Brothers - St. Paul,Prati by Louis Martini Cabernet Sauvignon 750ml,085000011638,7,3.8,1,12,11.89,143.0
Woodbury,"Maverick Beverage Co., LLC - MN",Comtesse Marion Viognier 750ml,747736145703,0,0.0,1,12,9.33,112.0
Woodbury,"Maverick Beverage Co., LLC - MN",Whitehall Lane Sonoma Stage Pinot Noir Petaluma Gap 750ml,011628610052,0,0.0,1,12,16.0,192.0
Woodbury,"Maverick Beverage Co., LLC - MN",La Plage Rose 750ml,3309200102116,0,0.0,1,12,7.26,87.0
Woodbury,"Maverick Beverage Co., LLC - MN",Les Allies Cotes du Rhone,763955412501,2,2.9,1,12,9.26,111.0
Woodbury,McDonald Distributing Co dba Clear River Beverage,Gruvi Bubbly Rose 4pk 275ml,628504959091,0,0.0,1,6,10.44,63.0
Woodbury,Oxford Street Merchants,Freemark Abbey Napa Cabernet 750ml,015917026968,0,0.0,1,6,120.0,720.0
Woodbury,Oxford Street Merchants,Boen Tri Appellation Chardonnay 750ml,856184006310,0,0.0,1,12,12.23,147.0
Woodbury,Oxford Street Merchants,Frey Organic Chardonnay 750ml,721512000721,0,0.0,1,12,10.61,127.0
Woodbury,Oxford Street Merchants,Risata Prosecco 750ml,084279992464,2,1.7,1,12,9.37,112.0
Woodbury,Oxford Street Merchants,Whispering Angel Rose 750ml,081753833916,9,2.0,1,12,9.91,119.0
Woodbury,Oxford Street Merchants,Risata Pink Moscato 750ml,084279988108,2,2.1,1,12,11.02,132.0
Woodbury,Oxford Street Merchants,Risata Moscato d'Asti 187ml,084279002507,2,2.1,1,24,2.85,68.0
Woodbury,Oxford Street Merchants,Underwood Rose Bubbles 375ml,856036001197,6,3.2,1,12,1.71,21.0
Woodbury,Paustis Wine,Bread & Butter Pinot Noir 750ml,850832004277,-2,-0.9,1,12,7.73,93.0
Woodbury,Paustis Wine,Natural Origins Malbec 3L Box,879716002000,0,0.0,1,6,14.67,88.0
Woodbury,Paustis Wine,Nestore Bosco Montepulciano 750ml,8017193004007,0,0.0,1,12,7.76,93.0
Woodbury,Paustis Wine,Washington Hills Late Riesling 750ml,080438192942,1,0.5,1,12,6.67,80.0
Woodbury,Paustis Wine,Papi Red Blend 750ml,853936007700,3,0.9,1,12,4.4,53.0
Woodbury,Paustis Wine,Papi Rose 750ml,853936007427,3,1.2,1,12,4.4,53.0
Woodbury,Paustis Wine,Natural Origins Cabernet 3L Box,879716002024,2,1.7,1,6,14.42,87.0
Woodbury,Paustis Wine,Papi Moscato 750ml,858962004242,5,1.9,1,12,4.4,53.0
Woodbury,Paustis Wine,Papi Pinot Noir 750ml,858962004136,12,2.2,1,12,4.4,53.0
Woodbury,Paustis Wine,Cantina Zaccagnini Montepulciano d'Abruz,089475501014,3,2.6,1,12,11.33,136.0
Woodbury,Paustis Wine,Papi Pinot Grigio 750ml,858962004099,16,3.0,1,12,4.4,53.0
Woodbury,Paustis Wine,Papi Merlot 750ml,895469002425,5,3.6,1,12,4.05,49.0
Woodbury,Paustis Wine,Terre di Mario Bianco 750ml,8052049651592,15,3.6,1,12,6.13,74.0
Woodbury,Phillips Wine & Spirits - St. Paul,Sutter Home Sauvignon Blanc 187ml,085200718740,-2,-1.1,2,12,4.99,60.0
Woodbury,Phillips Wine & Spirits - St. Paul,Bota Box Nighthawk GD Chardonnay 3L Box,082242015691,0,0.0,1,3,14.52,44.0
Woodbury,Phillips Wine & Spirits - St. Paul,Bota Box Nighthawk Black Lush Pinot Noir 3L Box,082242016094,0,0.0,1,3,14.67,44.0
Woodbury,Phillips Wine & Spirits - St. Paul,Yellow Tail Sweet Red Roo 1.5L,031259044101,0,0.0,1,6,7.72,46.0
Woodbury,Phillips Wine & Spirits - St. Paul,K J Vintner's Sauv Blanc 750ml,081584130406,0,0.0,1,12,5.08,61.0
Woodbury,Phillips Wine & Spirits - St. Paul,Bota Box Pinot Grigio 500ml,082242013314,1,0.6,1,12,0.91,11.0
Woodbury,Phillips Wine & Spirits - St. Paul,Bota Box Redvolution 500ml,082242010832,1,0.9,1,12,3.33,40.0
Woodbury,Phillips Wine & Spirits - St. Paul,Bota Box Chardonnay 3L Box,082242011051,1,1.1,1,3,14.67,44.0
Woodbury,Phillips Wine & Spirits - St. Paul,Bota Box Breeze Chardonnay 3L Box,082242017633,3,1.1,3,9,14.67,132.0
Woodbury,Phillips Wine & Spirits - St. Paul,Bota Box Breeze Sauvignon Blanc 3L Box,082242016827,1,1.4,1,3,14.67,44.0
Woodbury,Phillips Wine & Spirits - St. Paul,Bota Box Pinot Noir 3L Box,082242012362,3,1.6,2,6,14.67,88.0
Woodbury,Phillips Wine & Spirits - St. Paul,Sutter Home Pinot Grigio 187ml,08501422,3,1.6,1,6,4.95,30.0
Woodbury,Phillips Wine & Spirits - St. Paul,Bota Box Chardonnay 500ml,082242011013,4,1.6,1,12,3.33,40.0
Woodbury,Phillips Wine & Spirits - St. Paul,Yellow Tail Chardonnay 1.5L,031259008936,4,1.7,1,6,5.78,35.0
Woodbury,Phillips Wine & Spirits - St. Paul,Bota Box Nighthawk Blk Bourbon Cabernet 3L Box,082242016063,4,1.9,2,6,14.67,88.0
Woodbury,Phillips Wine & Spirits - St. Paul,Bota Box NightHawk Red Blend 3L Box,082242013741,2,2.1,1,3,14.67,44.0
Woodbury,Phillips Wine & Spirits - St. Paul,Sutter Home White Zinfandel 187ml,08500928,7,2.1,2,12,4.94,59.0
Woodbury,Phillips Wine & Spirits - St. Paul,K J Vintner's Reserve Cabernet 750ml,081584013174,1,2.1,1,12,12.53,150.0
Woodbury,Phillips Wine & Spirits - St. Paul,Sutter Home Chardonnay 187ml,08500627,5,2.4,1,6,4.86,29.0
Woodbury,Phillips Wine & Spirits - St. Paul,Yellow Tail Pinot Grigio 1.5L,031259009728,3,2.6,1,6,6.18,37.0
Woodbury,Phillips Wine & Spirits - St. Paul,Menage A Trois Sweet Moscato 750ml,099988071898,3,3.2,1,12,7.0,84.0
Woodbury,Phillips Wine & Spirits - St. Paul,Joel Gott Sauv Blanc 750ml,188985000113,3,3.2,1,12,8.83,106.0
Woodbury,Phillips Wine & Spirits - St. Paul,Bota Box Sauvignon Blanc 500ml,082242014311,9,3.2,1,12,3.33,40.0
Woodbury,Phillips Wine & Spirits - St. Paul,Bota Box Redvolution 3L Box,082242016056,8,3.4,1,3,18.77,56.0
Woodbury,Phillips Wine & Spirits - St. Paul,Bota Box Cabernet Sauvignon 3L Box,082242010450,5,3.6,1,3,42.76,128.0
Woodbury,Phillips Wine & Spirits - St. Paul,Bota Box Sauvignon Blanc 3L Box,082242012935,15,3.8,1,3,14.67,44.0
Woodbury,Rue 38 LLC,Monte Degli Angeli Pinot Noir 750ml,648348080003,1,1.4,1,12,9.22,111.0
Woodbury,Rue 38 LLC,Il Valore Pinot Grigio 750ml,015643744785,19,1.9,2,24,7.08,170.0
Woodbury,Rue 38 LLC,Les Cardonnieres Provence Rose 750ml,3342512142104,1,2.1,1,12,9.33,112.0
Woodbury,Saint Croix Vineyards,St Croix Vineyards Frontenac Blanc 750ml,669835222294,0,0.0,1,12,11.95,143.0
Woodbury,Small Lot MN,Colle Corviano Montepulciano d'Abruzzo,181856000229,1,0.9,1,12,6.59,79.0
Woodbury,Small Lot MN,Colle Corviano Pinot Grigio 750ml,181856000250,7,3.3,1,12,7.33,88.0
Woodbury,Southern Glazer's Wine & Spirits of MN,Archer Roose Bubbly Rose 4pk 250ml,853451008275,0,0.0,1,6,11.99,72.0
Woodbury,Southern Glazer's Wine & Spirits of MN,TopBox Cabernet Sauvignon 3L Box,088586010750,0,0.0,1,6,7.97,48.0
Woodbury,Southern Glazer's Wine & Spirits of MN,14 Hands Buttery Chardonnay 750ml,088586013324,0,0.0,1,12,6.87,82.0
Woodbury,Southern Glazer's Wine & Spirits of MN,Kim Crawford Sauvignon Blanc Non Alc 750ml,689352010327,0,0.0,1,12,10.7,128.0
Woodbury,Southern Glazer's Wine & Spirits of MN,CSM Indian Wells Red Blend 750ml,088586004971,0,0.0,1,12,11.96,144.0
Woodbury,Southern Glazer's Wine & Spirits of MN,Summit Cabernet Sauvignon 3L Box,083120015413,1,0.5,2,12,11.19,134.0
Woodbury,Southern Glazer's Wine & Spirits of MN,Ferrari Carano Chardonnay 750ml,742651107195,2,0.8,1,12,13.8,166.0
Woodbury,Southern Glazer's Wine & Spirits of MN,Woodbridge Sauv Blanc 1.5L,086003863866,1,1.4,1,6,7.48,45.0
Woodbury,Southern Glazer's Wine & Spirits of MN,Woodbridge Pinot Grigio 1.5L,086003001657,12,1.6,4,24,8.58,206.0
Woodbury,Southern Glazer's Wine & Spirits of MN,Chateau Ste Michelle Pinot Gris 750ml,088586000768,6,1.7,1,12,7.33,88.0
Woodbury,Southern Glazer's Wine & Spirits of MN,Oyster Bay Sauvignon Blanc 750ml,870661008024,4,1.9,1,12,10.0,120.0
Woodbury,Southern Glazer's Wine & Spirits of MN,Kim Crawford Sauvignon Blanc 750ml,689352009611,61,2.5,4,48,10.7,514.0
Woodbury,Southern Glazer's Wine & Spirits of MN,Chateau Ste Michelle Chardonnay 750ml,088586603846,10,2.7,1,12,5.92,71.0
Woodbury,Southern Glazer's Wine & Spirits of MN,Chateau Ste Michelle Riesling 750ml,088586621840,11,2.8,1,12,4.04,48.0
Woodbury,Southern Glazer's Wine & Spirits of MN,CSM Indian Wells Merlot 750ml,088586607912,2,2.9,1,12,12.04,145.0
Woodbury,Southern Glazer's Wine & Spirits of MN,Beringer Main & Vine White Zinfandel 750ml,089819006526,4,2.9,1,12,3.5,42.0
Woodbury,Southern Glazer's Wine & Spirits of MN,Woodbridge Chardonnay 750ml,086003000087,5,3.1,1,12,4.0,48.0
Woodbury,Southern Glazer's Wine & Spirits of MN,Summit Pinot Noir 3L Box,083120016397,3,3.2,1,6,11.19,67.0
Woodbury,The Wine Company,Pavao Vinho Verde 750ml,787202000174,1,1.1,1,12,5.32,64.0
Woodbury,The Wine Company,La Vieille Ferme Rose 3L Box,089419000160,3,2.6,1,6,18.67,112.0
Woodbury,"Vinocopia, Inc",Florio Sweet Marsala 375ml,8004730005061,0,0.0,1,24,5.71,137.0
Woodbury,"Vinocopia, Inc",Good Day Lychee Soju 375ml,8801100130978,7,2.5,1,20,4.83,97.0
